"","query","significant","p_value","term_size","query_size","intersection_size","precision","recall","term_id","source","term_name","effective_domain_size","source_order"
"1","cyan",TRUE,1.72289816046899e-11,74,77,17,0.220779220779221,0.22972972972973,"CORUM:306","CORUM","Ribosome, cytoplasmic",3383,183
"2","cyan",TRUE,7.15871366301506e-08,43,77,11,0.142857142857143,0.255813953488372,"CORUM:308","CORUM","60S ribosomal subunit, cytoplasmic",3383,184
"3","cyan",TRUE,2.91062428034421e-07,78,77,13,0.168831168831169,0.166666666666667,"CORUM:320","CORUM","55S ribosome, mitochondrial",3383,191
"4","cyan",TRUE,2.91062428034421e-07,93,77,14,0.181818181818182,0.150537634408602,"CORUM:3055","CORUM","Nop56p-associated pre-rRNA complex",3383,1362
"5","cyan",TRUE,4.71801016024241e-06,21,77,7,0.0909090909090909,0.333333333333333,"CORUM:5380","CORUM","TRBP containing complex (DICER, RPL7A, EIF6, MOV10 and subunits of the 60S ribosomal particle)",3383,1658
"6","cyan",TRUE,1.51955595494802e-05,48,77,9,0.116883116883117,0.1875,"CORUM:324","CORUM","39S ribosomal subunit, mitochondrial",3383,193
"7","cyan",TRUE,7.10886585943493e-05,44,77,8,0.103896103896104,0.181818181818182,"CORUM:178","CORUM","Respiratory chain complex I (holoenzyme), mitochondrial",3383,90
"8","cyan",TRUE,0.000487573466304937,29,77,6,0.0779220779220779,0.206896551724138,"CORUM:338","CORUM","40S ribosomal subunit, cytoplasmic",3383,199
"9","cyan",TRUE,0.000647854368542783,31,77,6,0.0779220779220779,0.193548387096774,"CORUM:305","CORUM","40S ribosomal subunit, cytoplasmic",3383,182
"10","cyan",TRUE,0.00399990605870131,16,77,4,0.051948051948052,0.25,"CORUM:2920","CORUM","Respiratory chain complex I (lambda subunit) mitochondrial",3383,1290
"11","cyan",TRUE,0.0120188322897161,10,77,3,0.038961038961039,0.3,"CORUM:104","CORUM","RNA polymerase II core complex",3383,55
"12","cyan",TRUE,0.0149015481878453,11,77,3,0.038961038961039,0.272727272727273,"CORUM:2686","CORUM","BRCA1-core RNA polymerase II complex",3383,1128
"13","cyan",TRUE,0.0288862794859933,14,77,3,0.038961038961039,0.214285714285714,"CORUM:2685","CORUM","RNA polymerase II (RNAPII)",3383,1127
"14","cyan",TRUE,0.0337836968870839,30,77,4,0.051948051948052,0.133333333333333,"CORUM:315","CORUM","28S ribosomal subunit, mitochondrial",3383,190
"15","cyan",TRUE,0.0372735375533155,16,77,3,0.038961038961039,0.1875,"CORUM:2914","CORUM","Respiratory chain complex I (beta subunit) mitochondrial",3383,1286
"16","cyan",TRUE,2.48367595752199e-19,727,205,44,0.214634146341463,0.0605226960110041,"GO:0006412","GO:BP","translation",21026,2162
"17","cyan",TRUE,8.21587591551839e-16,165,205,22,0.107317073170732,0.133333333333333,"GO:0002181","GO:BP","cytoplasmic translation",21026,727
"18","cyan",TRUE,1.36584099116284e-10,130,205,16,0.0780487804878049,0.123076923076923,"GO:0032543","GO:BP","mitochondrial translation",21026,7580
"19","cyan",TRUE,4.56410339589849e-10,168,205,17,0.0829268292682927,0.101190476190476,"GO:0140053","GO:BP","mitochondrial gene expression",21026,19392
"20","cyan",TRUE,5.44731860706301e-10,435,205,25,0.121951219512195,0.0574712643678161,"GO:0007005","GO:BP","mitochondrion organization",21026,2604
"21","cyan",TRUE,6.14413163965691e-09,122,205,14,0.0682926829268293,0.114754098360656,"GO:0033108","GO:BP","mitochondrial respiratory chain complex assembly",21026,7985
"22","cyan",TRUE,2.229047010984e-06,1776,205,44,0.214634146341463,0.0247747747747748,"GO:0044281","GO:BP","small molecule metabolic process",21026,10850
"23","cyan",TRUE,2.6945829964062e-06,63,205,9,0.0439024390243902,0.142857142857143,"GO:0010257","GO:BP","NADH dehydrogenase complex assembly",21026,4015
"24","cyan",TRUE,2.6945829964062e-06,63,205,9,0.0439024390243902,0.142857142857143,"GO:0032981","GO:BP","mitochondrial respiratory chain complex I assembly",21026,7906
"25","cyan",TRUE,3.85119234364258e-06,242,205,15,0.0731707317073171,0.0619834710743802,"GO:0045333","GO:BP","cellular respiration",21026,11198
"26","cyan",TRUE,3.85119234364258e-06,67,205,9,0.0439024390243902,0.134328358208955,"GO:0042776","GO:BP","proton motive force-driven mitochondrial ATP synthesis",21026,10268
"27","cyan",TRUE,9.69230704567851e-06,430,205,19,0.0926829268292683,0.0441860465116279,"GO:0006163","GO:BP","purine nucleotide metabolic process",21026,1993
"28","cyan",TRUE,1.07878748958031e-05,161,205,12,0.0585365853658537,0.0745341614906832,"GO:0009152","GO:BP","purine ribonucleotide biosynthetic process",21026,3305
"29","cyan",TRUE,1.07878748958031e-05,102,205,10,0.0487804878048781,0.0980392156862745,"GO:0006754","GO:BP","ATP biosynthetic process",21026,2443
"30","cyan",TRUE,1.09818413071242e-05,78,205,9,0.0439024390243902,0.115384615384615,"GO:0015986","GO:BP","proton motive force-driven ATP synthesis",21026,5038
"31","cyan",TRUE,1.28451529822907e-05,493,205,20,0.0975609756097561,0.0405679513184584,"GO:0009117","GO:BP","nucleotide metabolic process",21026,3272
"32","cyan",TRUE,2.11394865088872e-05,176,205,12,0.0585365853658537,0.0681818181818182,"GO:0009260","GO:BP","ribonucleotide biosynthetic process",21026,3411
"33","cyan",TRUE,2.11394865088872e-05,113,205,10,0.0487804878048781,0.0884955752212389,"GO:0009206","GO:BP","purine ribonucleoside triphosphate biosynthetic process",21026,3358
"34","cyan",TRUE,2.11394865088872e-05,563,205,21,0.102439024390244,0.0373001776198934,"GO:0072521","GO:BP","purine-containing compound metabolic process",21026,17189
"35","cyan",TRUE,2.12596449537119e-05,114,205,10,0.0487804878048781,0.087719298245614,"GO:0009145","GO:BP","purine nucleoside triphosphate biosynthetic process",21026,3298
"36","cyan",TRUE,2.31428179831475e-05,146,205,11,0.0536585365853659,0.0753424657534247,"GO:0006119","GO:BP","oxidative phosphorylation",21026,1972
"37","cyan",TRUE,2.65513065716261e-05,478,205,19,0.0926829268292683,0.0397489539748954,"GO:0006091","GO:BP","generation of precursor metabolites and energy",21026,1950
"38","cyan",TRUE,2.65513065716261e-05,183,205,12,0.0585365853658537,0.0655737704918033,"GO:0046390","GO:BP","ribose phosphate biosynthetic process",21026,11953
"39","cyan",TRUE,2.65513065716261e-05,119,205,10,0.0487804878048781,0.0840336134453782,"GO:0009201","GO:BP","ribonucleoside triphosphate biosynthetic process",21026,3353
"40","cyan",TRUE,2.81080288136439e-05,345,205,16,0.0780487804878049,0.0463768115942029,"GO:0015980","GO:BP","energy derivation by oxidation of organic compounds",21026,5036
"41","cyan",TRUE,2.81080288136439e-05,4721,205,78,0.380487804878049,0.0165219233213302,"GO:0019538","GO:BP","protein metabolic process",21026,5841
"42","cyan",TRUE,3.44948959058262e-05,646,205,22,0.107317073170732,0.0340557275541796,"GO:0006753","GO:BP","nucleoside phosphate metabolic process",21026,2442
"43","cyan",TRUE,3.88575005305864e-05,193,205,12,0.0585365853658537,0.0621761658031088,"GO:0006164","GO:BP","purine nucleotide biosynthetic process",21026,1994
"44","cyan",TRUE,4.03698308099224e-05,127,205,10,0.0487804878048781,0.078740157480315,"GO:0009142","GO:BP","nucleoside triphosphate biosynthetic process",21026,3295
"45","cyan",TRUE,6.16409364887735e-05,673,205,22,0.107317073170732,0.0326894502228826,"GO:0055086","GO:BP","nucleobase-containing small molecule metabolic process",21026,14030
"46","cyan",TRUE,0.000136934767911934,260,205,13,0.0634146341463415,0.05,"GO:0009144","GO:BP","purine nucleoside triphosphate metabolic process",21026,3297
"47","cyan",TRUE,0.000145184980271287,115,205,9,0.0439024390243902,0.0782608695652174,"GO:0022904","GO:BP","respiratory electron transport chain",21026,6598
"48","cyan",TRUE,0.000145184980271287,351,205,15,0.0731707317073171,0.0427350427350427,"GO:0009150","GO:BP","purine ribonucleotide metabolic process",21026,3303
"49","cyan",TRUE,0.000147229328833723,116,205,9,0.0439024390243902,0.0775862068965517,"GO:0007006","GO:BP","mitochondrial membrane organization",21026,2605
"50","cyan",TRUE,0.000183296283733096,229,205,12,0.0585365853658537,0.0524017467248908,"GO:0009165","GO:BP","nucleotide biosynthetic process",21026,3317
"51","cyan",TRUE,0.000183296283733096,229,205,12,0.0585365853658537,0.0524017467248908,"GO:0046034","GO:BP","ATP metabolic process",21026,11649
"52","cyan",TRUE,0.000221579387133198,276,205,13,0.0634146341463415,0.0471014492753623,"GO:0009141","GO:BP","nucleoside triphosphate metabolic process",21026,3294
"53","cyan",TRUE,0.000226410650568239,14136,205,167,0.814634146341463,0.0118138087153367,"GO:0008152","GO:BP","metabolic process",21026,3111
"54","cyan",TRUE,0.000248571332291786,372,205,15,0.0731707317073171,0.0403225806451613,"GO:0009259","GO:BP","ribonucleotide metabolic process",21026,3410
"55","cyan",TRUE,0.000248571332291786,126,205,9,0.0439024390243902,0.0714285714285714,"GO:0022900","GO:BP","electron transport chain",21026,6597
"56","cyan",TRUE,0.000253473671578014,199,205,11,0.0536585365853659,0.0552763819095477,"GO:0009060","GO:BP","aerobic respiration",21026,3222
"57","cyan",TRUE,0.000272805742808942,45,205,6,0.0292682926829268,0.133333333333333,"GO:0007007","GO:BP","inner mitochondrial membrane organization",21026,2606
"58","cyan",TRUE,0.00029303380153401,380,205,15,0.0731707317073171,0.0394736842105263,"GO:0019693","GO:BP","ribose phosphate metabolic process",21026,5978
"59","cyan",TRUE,0.000416147787431103,253,205,12,0.0585365853658537,0.0474308300395257,"GO:0009205","GO:BP","purine ribonucleoside triphosphate metabolic process",21026,3357
"60","cyan",TRUE,0.000433104769716285,104,205,8,0.0390243902439024,0.0769230769230769,"GO:0006626","GO:BP","protein targeting to mitochondrion",21026,2332
"61","cyan",TRUE,0.000433104769716285,14,205,4,0.0195121951219512,0.285714285714286,"GO:0016075","GO:BP","rRNA catabolic process",21026,5077
"62","cyan",TRUE,0.000456495401281864,257,205,12,0.0585365853658537,0.0466926070038911,"GO:0072522","GO:BP","purine-containing compound biosynthetic process",21026,17190
"63","cyan",TRUE,0.000498737276894788,178,205,10,0.0487804878048781,0.0561797752808989,"GO:0006839","GO:BP","mitochondrial transport",21026,2500
"64","cyan",TRUE,0.000498737276894788,260,205,12,0.0585365853658537,0.0461538461538462,"GO:0009199","GO:BP","ribonucleoside triphosphate metabolic process",21026,3351
"65","cyan",TRUE,0.000498737276894788,12342,205,150,0.731707317073171,0.0121536217792902,"GO:0044238","GO:BP","primary metabolic process",21026,10839
"66","cyan",TRUE,0.000623723035251362,80,205,7,0.0341463414634146,0.0875,"GO:0006414","GO:BP","translational elongation",21026,2164
"67","cyan",TRUE,0.000851896288246394,323,205,13,0.0634146341463415,0.0402476780185759,"GO:0042254","GO:BP","ribosome biogenesis",21026,9967
"68","cyan",TRUE,0.00128361898759993,123,205,8,0.0390243902439024,0.0650406504065041,"GO:0072655","GO:BP","establishment of protein localization to mitochondrion",21026,17242
"69","cyan",TRUE,0.00137125148482727,91,205,7,0.0341463414634146,0.0769230769230769,"GO:0019646","GO:BP","aerobic electron transport chain",21026,5935
"70","cyan",TRUE,0.00205257564150428,132,205,8,0.0390243902439024,0.0606060606060606,"GO:0070585","GO:BP","protein localization to mitochondrion",21026,15962
"71","cyan",TRUE,0.00223756901659289,99,205,7,0.0341463414634146,0.0707070707070707,"GO:0042773","GO:BP","ATP synthesis coupled electron transport",21026,10265
"72","cyan",TRUE,0.00223756901659289,99,205,7,0.0341463414634146,0.0707070707070707,"GO:0042775","GO:BP","mitochondrial ATP synthesis coupled electron transport",21026,10267
"73","cyan",TRUE,0.00261512071431385,314,205,12,0.0585365853658537,0.0382165605095541,"GO:1901293","GO:BP","nucleoside phosphate biosynthetic process",21026,21093
"74","cyan",TRUE,0.00261512071431385,266,205,11,0.0536585365853659,0.0413533834586466,"GO:0016072","GO:BP","rRNA metabolic process",21026,5074
"75","cyan",TRUE,0.00420126754327823,10,205,3,0.0146341463414634,0.3,"GO:0016559","GO:BP","peroxisome fission",21026,5225
"76","cyan",TRUE,0.00454421374641762,2639,205,45,0.219512195121951,0.0170519136036377,"GO:0009056","GO:BP","catabolic process",21026,3218
"77","cyan",TRUE,0.00534146265427335,51,205,5,0.024390243902439,0.0980392156862745,"GO:0006120","GO:BP","mitochondrial electron transport, NADH to ubiquinone",21026,1973
"78","cyan",TRUE,0.0053621190169687,1077,205,24,0.117073170731707,0.0222841225626741,"GO:0019637","GO:BP","organophosphate metabolic process",21026,5929
"79","cyan",TRUE,0.00587925928107168,246,205,10,0.0487804878048781,0.040650406504065,"GO:0016054","GO:BP","organic acid catabolic process",21026,5062
"80","cyan",TRUE,0.00587925928107168,246,205,10,0.0487804878048781,0.040650406504065,"GO:0046395","GO:BP","carboxylic acid catabolic process",21026,11957
"81","cyan",TRUE,0.00589832003746747,400,205,13,0.0634146341463415,0.0325,"GO:0006631","GO:BP","fatty acid metabolic process",21026,2335
"82","cyan",TRUE,0.00595544886360389,887,205,21,0.102439024390244,0.0236753100338219,"GO:0019752","GO:BP","carboxylic acid metabolic process",21026,6004
"83","cyan",TRUE,0.00799064840568632,31,205,4,0.0195121951219512,0.129032258064516,"GO:0006304","GO:BP","DNA modification",21026,2103
"84","cyan",TRUE,0.00806292042556608,909,205,21,0.102439024390244,0.0231023102310231,"GO:0043436","GO:BP","oxoacid metabolic process",21026,10596
"85","cyan",TRUE,0.00828073554297906,126,205,7,0.0341463414634146,0.0555555555555556,"GO:0072329","GO:BP","monocarboxylic acid catabolic process",21026,17118
"86","cyan",TRUE,0.00828073554297906,13,205,3,0.0146341463414634,0.230769230769231,"GO:0045039","GO:BP","protein insertion into mitochondrial inner membrane",21026,11088
"87","cyan",TRUE,0.00838393504860587,983,205,22,0.107317073170732,0.0223804679552391,"GO:1901135","GO:BP","carbohydrate derivative metabolic process",21026,20969
"88","cyan",TRUE,0.00838393504860587,915,205,21,0.102439024390244,0.0229508196721311,"GO:0006082","GO:BP","organic acid metabolic process",21026,1943
"89","cyan",TRUE,0.00967560761298308,371,205,12,0.0585365853658537,0.032345013477089,"GO:0044282","GO:BP","small molecule catabolic process",21026,10851
"90","cyan",TRUE,0.00967560761298308,3594,205,55,0.268292682926829,0.0153032832498609,"GO:0006996","GO:BP","organelle organization",21026,2598
"91","cyan",TRUE,0.0102995941764531,34,205,4,0.0195121951219512,0.117647058823529,"GO:0090151","GO:BP","establishment of protein localization to mitochondrial membrane",21026,17825
"92","cyan",TRUE,0.0117236597077744,616,205,16,0.0780487804878049,0.025974025974026,"GO:0032787","GO:BP","monocarboxylic acid metabolic process",21026,7765
"93","cyan",TRUE,0.0117268854064025,225,205,9,0.0439024390243902,0.04,"GO:0006364","GO:BP","rRNA processing",21026,2132
"94","cyan",TRUE,0.0142608669262409,16,205,3,0.0146341463414634,0.1875,"GO:0099116","GO:BP","tRNA 5'-end processing",21026,18796
"95","cyan",TRUE,0.0164997994645222,104,205,6,0.0292682926829268,0.0576923076923077,"GO:0042274","GO:BP","ribosomal small subunit biogenesis",21026,9978
"96","cyan",TRUE,0.0164997994645222,39,205,4,0.0195121951219512,0.102564102564103,"GO:0007031","GO:BP","peroxisome organization",21026,2623
"97","cyan",TRUE,0.0165294176228277,4,205,2,0.00975609756097561,0.5,"GO:0045905","GO:BP","positive regulation of translational termination",21026,11539
"98","cyan",TRUE,0.0185737963888408,107,205,6,0.0292682926829268,0.0560747663551402,"GO:0009062","GO:BP","fatty acid catabolic process",21026,3224
"99","cyan",TRUE,0.0190670839540806,41,205,4,0.0195121951219512,0.0975609756097561,"GO:0045454","GO:BP","cell redox homeostasis",21026,11222
"100","cyan",TRUE,0.0190670839540806,18,205,3,0.0146341463414634,0.166666666666667,"GO:0000028","GO:BP","ribosomal small subunit assembly",21026,13
"101","cyan",TRUE,0.020739291627756,110,205,6,0.0292682926829268,0.0545454545454545,"GO:0019395","GO:BP","fatty acid oxidation",21026,5722
"102","cyan",TRUE,0.0210642864645497,594,205,15,0.0731707317073171,0.0252525252525253,"GO:1901137","GO:BP","carbohydrate derivative biosynthetic process",21026,20971
"103","cyan",TRUE,0.0243128010942959,76,205,5,0.024390243902439,0.0657894736842105,"GO:0006635","GO:BP","fatty acid beta-oxidation",21026,2338
"104","cyan",TRUE,0.0264581168965064,116,205,6,0.0292682926829268,0.0517241379310345,"GO:0034440","GO:BP","lipid oxidation",21026,8570
"105","cyan",TRUE,0.0307779792967136,619,205,15,0.0731707317073171,0.024232633279483,"GO:0090407","GO:BP","organophosphate biosynthetic process",21026,18037
"106","cyan",TRUE,0.0324497183709473,48,205,4,0.0195121951219512,0.0833333333333333,"GO:0042168","GO:BP","heme metabolic process",21026,9909
"107","cyan",TRUE,0.0359691450127212,6,205,2,0.00975609756097561,0.333333333333333,"GO:0046054","GO:BP","dGMP metabolic process",21026,11669
"108","cyan",TRUE,0.0359691450127212,6,205,2,0.00975609756097561,0.333333333333333,"GO:0002182","GO:BP","cytoplasmic translational elongation",21026,728
"109","cyan",TRUE,0.036621701050113,50,205,4,0.0195121951219512,0.08,"GO:0170036","GO:BP","import into the mitochondrion",21026,20023
"110","cyan",TRUE,0.0404698962049845,24,205,3,0.0146341463414634,0.125,"GO:0009162","GO:BP","deoxyribonucleoside monophosphate metabolic process",21026,3314
"111","cyan",TRUE,0.0484701062751224,7,205,2,0.00975609756097561,0.285714285714286,"GO:0006549","GO:BP","isoleucine metabolic process",21026,2261
"112","cyan",TRUE,1.14515631731526e-33,187,216,36,0.166666666666667,0.192513368983957,"GO:0044391","GO:CC","ribosomal subunit",22149,2038
"113","cyan",TRUE,2.66231663330127e-24,514,216,42,0.194444444444444,0.0817120622568093,"GO:0005743","GO:CC","mitochondrial inner membrane",22149,309
"114","cyan",TRUE,2.66231663330127e-24,1844,216,73,0.337962962962963,0.039587852494577,"GO:0005739","GO:CC","mitochondrion",22149,305
"115","cyan",TRUE,2.15313605531417e-23,114,216,24,0.111111111111111,0.210526315789474,"GO:0015934","GO:CC","large ribosomal subunit",22149,688
"116","cyan",TRUE,6.7295958910965e-23,571,216,42,0.194444444444444,0.0735551663747811,"GO:0019866","GO:CC","organelle inner membrane",22149,800
"117","cyan",TRUE,5.40679514451133e-20,840,216,46,0.212962962962963,0.0547619047619048,"GO:0005740","GO:CC","mitochondrial envelope",22149,306
"118","cyan",TRUE,2.15098266442012e-19,790,216,44,0.203703703703704,0.0556962025316456,"GO:0031966","GO:CC","mitochondrial membrane",22149,1186
"119","cyan",TRUE,1.39974932223298e-18,525,216,36,0.166666666666667,0.0685714285714286,"GO:0005840","GO:CC","ribosome",22149,376
"120","cyan",TRUE,5.76007207650965e-18,12527,216,184,0.851851851851852,0.014688273329608,"GO:0005737","GO:CC","cytoplasm",22149,304
"121","cyan",TRUE,5.7791106912695e-18,115,216,20,0.0925925925925926,0.173913043478261,"GO:0022626","GO:CC","cytosolic ribosome",22149,833
"122","cyan",TRUE,2.87626528202098e-16,183,216,22,0.101851851851852,0.120218579234973,"GO:0098798","GO:CC","mitochondrial protein-containing complex",22149,3190
"123","cyan",TRUE,5.617866521418e-16,1329,216,51,0.236111111111111,0.0383747178329571,"GO:0031967","GO:CC","organelle envelope",22149,1187
"124","cyan",TRUE,1.16034408286886e-14,89,216,16,0.0740740740740741,0.179775280898876,"GO:0000313","GO:CC","organellar ribosome",22149,46
"125","cyan",TRUE,1.16034408286886e-14,89,216,16,0.0740740740740741,0.179775280898876,"GO:0005761","GO:CC","mitochondrial ribosome",22149,316
"126","cyan",TRUE,2.94820985797752e-14,14727,216,194,0.898148148148148,0.0131730834521627,"GO:0043231","GO:CC","intracellular membrane-bounded organelle",22149,1845
"127","cyan",TRUE,1.02944792290773e-13,514,216,30,0.138888888888889,0.0583657587548638,"GO:0005759","GO:CC","mitochondrial matrix",22149,314
"128","cyan",TRUE,1.34693587682699e-13,55,216,13,0.0601851851851852,0.236363636363636,"GO:0022625","GO:CC","cytosolic large ribosomal subunit",22149,832
"129","cyan",TRUE,1.89031938695158e-13,16147,216,202,0.935185185185185,0.0125100637889391,"GO:0043229","GO:CC","intracellular organelle",22149,1843
"130","cyan",TRUE,5.346775983728e-13,15780,216,199,0.921296296296296,0.0126108998732573,"GO:0043227","GO:CC","membrane-bounded organelle",22149,1841
"131","cyan",TRUE,3.23742173209289e-12,16936,216,205,0.949074074074074,0.012104393008975,"GO:0043226","GO:CC","organelle",22149,1840
"132","cyan",TRUE,7.87659286323608e-12,17944,216,210,0.972222222222222,0.0117030762371823,"GO:0005622","GO:CC","intracellular anatomical structure",22149,232
"133","cyan",TRUE,9.46888041504479e-11,55,216,11,0.0509259259259259,0.2,"GO:0005762","GO:CC","mitochondrial large ribosomal subunit",22149,317
"134","cyan",TRUE,9.46888041504479e-11,55,216,11,0.0509259259259259,0.2,"GO:0000315","GO:CC","organellar large ribosomal subunit",22149,48
"135","cyan",TRUE,1.53493528604611e-10,6695,216,113,0.523148148148148,0.0168782673637043,"GO:0043233","GO:CC","organelle lumen",22149,1847
"136","cyan",TRUE,1.53493528604611e-10,6695,216,113,0.523148148148148,0.0168782673637043,"GO:0070013","GO:CC","intracellular organelle lumen",22149,2334
"137","cyan",TRUE,1.53493528604611e-10,6695,216,113,0.523148148148148,0.0168782673637043,"GO:0031974","GO:CC","membrane-enclosed lumen",22149,1193
"138","cyan",TRUE,1.63111503620071e-10,76,216,12,0.0555555555555556,0.157894736842105,"GO:0015935","GO:CC","small ribosomal subunit",22149,689
"139","cyan",TRUE,1.76658141111824e-07,45,216,8,0.037037037037037,0.177777777777778,"GO:0045271","GO:CC","respiratory chain complex I",22149,2115
"140","cyan",TRUE,1.76658141111824e-07,45,216,8,0.037037037037037,0.177777777777778,"GO:0030964","GO:CC","NADH dehydrogenase complex",22149,986
"141","cyan",TRUE,3.06058555725022e-07,3842,216,71,0.328703703703704,0.0184799583550234,"GO:0031090","GO:CC","organelle membrane",22149,1017
"142","cyan",TRUE,3.34573801720197e-07,5534,216,91,0.421296296296296,0.0164438019515721,"GO:0005829","GO:CC","cytosol",22149,367
"143","cyan",TRUE,2.16589552882087e-06,42,216,7,0.0324074074074074,0.166666666666667,"GO:0022627","GO:CC","cytosolic small ribosomal subunit",22149,834
"144","cyan",TRUE,3.77090141846645e-06,7956,216,114,0.527777777777778,0.0143288084464555,"GO:0032991","GO:CC","protein-containing complex",22149,1311
"145","cyan",TRUE,7.50929781976833e-06,4255,216,72,0.333333333333333,0.0169212690951821,"GO:0005654","GO:CC","nucleoplasm",22149,247
"146","cyan",TRUE,9.09369928190317e-06,102,216,9,0.0416666666666667,0.0882352941176471,"GO:0098803","GO:CC","respiratory chain complex",22149,3194
"147","cyan",TRUE,2.35056353958736e-05,147,216,10,0.0462962962962963,0.0680272108843537,"GO:1990204","GO:CC","oxidoreductase complex",22149,3789
"148","cyan",TRUE,0.000102555316937891,5540,216,83,0.384259259259259,0.0149819494584838,"GO:0031981","GO:CC","nuclear lumen",22149,1198
"149","cyan",TRUE,0.000215214415351642,34,216,5,0.0231481481481481,0.147058823529412,"GO:0000314","GO:CC","organellar small ribosomal subunit",22149,47
"150","cyan",TRUE,0.000215214415351642,34,216,5,0.0231481481481481,0.147058823529412,"GO:0005763","GO:CC","mitochondrial small ribosomal subunit",22149,318
"151","cyan",TRUE,0.000712723293529889,2725,216,47,0.217592592592593,0.0172477064220183,"GO:1990904","GO:CC","ribonucleoprotein complex",22149,4008
"152","cyan",TRUE,0.000894399138461571,426,216,14,0.0648148148148148,0.0328638497652582,"GO:0005925","GO:CC","focal adhesion",22149,438
"153","cyan",TRUE,0.00111499114595455,436,216,14,0.0648148148148148,0.0321100917431193,"GO:0030055","GO:CC","cell-substrate junction",22149,845
"154","cyan",TRUE,0.00124151020249792,1779,216,34,0.157407407407407,0.0191118605958404,"GO:1902494","GO:CC","catalytic complex",22149,3602
"155","cyan",TRUE,0.00315224876317996,14,216,3,0.0138888888888889,0.214285714285714,"GO:0000177","GO:CC","cytoplasmic exosome (RNase complex)",22149,30
"156","cyan",TRUE,0.00382509510541225,15,216,3,0.0138888888888889,0.2,"GO:0005665","GO:CC","RNA polymerase II, core complex",22149,255
"157","cyan",TRUE,0.00490878029664835,38,216,4,0.0185185185185185,0.105263157894737,"GO:1902555","GO:CC","endoribonuclease complex",22149,3614
"158","cyan",TRUE,0.00773254547092519,43,216,4,0.0185185185185185,0.0930232558139535,"GO:1905348","GO:CC","endonuclease complex",22149,3685
"159","cyan",TRUE,0.00872419512883345,5,216,2,0.00925925925925926,0.4,"GO:0097255","GO:CC","R2TP complex",22149,2896
"160","cyan",TRUE,0.0113060175689152,22,216,3,0.0138888888888889,0.136363636363636,"GO:0000178","GO:CC","exosome (RNase complex)",22149,31
"161","cyan",TRUE,0.0124821024580352,6,216,2,0.00925925925925926,0.333333333333333,"GO:0071986","GO:CC","Ragulator complex",22149,2729
"162","cyan",TRUE,0.0155726869060062,25,216,3,0.0138888888888889,0.12,"GO:0005732","GO:CC","sno(s)RNA-containing ribonucleoprotein complex",22149,302
"163","cyan",TRUE,0.0155726869060062,53,216,4,0.0185185185185185,0.0754716981132075,"GO:0098800","GO:CC","inner mitochondrial membrane protein complex",22149,3192
"164","cyan",TRUE,0.0163799280880878,7,216,2,0.00925925925925926,0.285714285714286,"GO:0120115","GO:CC","Lsm2-8 complex",22149,3392
"165","cyan",TRUE,0.0187995688584878,27,216,3,0.0138888888888889,0.111111111111111,"GO:1905354","GO:CC","exoribonuclease complex",22149,3686
"166","cyan",TRUE,0.0196022026398579,946,216,19,0.087962962962963,0.0200845665961945,"GO:0140535","GO:CC","intracellular protein-containing complex",22149,3498
"167","cyan",TRUE,0.0309277633140479,10,216,2,0.00925925925925926,0.2,"GO:1990877","GO:CC","FNIP-folliculin RagC/D GAP",22149,4003
"168","cyan",TRUE,0.0309277633140479,10,216,2,0.00925925925925926,0.2,"GO:0072546","GO:CC","EMC complex",22149,2742
"169","cyan",TRUE,0.0309277633140479,9953,216,117,0.541666666666667,0.0117552496734653,"GO:0016020","GO:CC","membrane",22149,699
"170","cyan",TRUE,0.0309277633140479,10,216,2,0.00925925925925926,0.2,"GO:0101019","GO:CC","nucleolar exosome (RNase complex)",22149,3315
"171","cyan",TRUE,0.035741264061086,1393,216,24,0.111111111111111,0.0172290021536253,"GO:0098796","GO:CC","membrane protein complex",22149,3188
"172","cyan",TRUE,0.035741264061086,11,216,2,0.00925925925925926,0.181818181818182,"GO:0000172","GO:CC","ribonuclease MRP complex",22149,28
"173","cyan",TRUE,0.035741264061086,11,216,2,0.00925925925925926,0.181818181818182,"GO:1902773","GO:CC","GTPase activator complex",22149,3636
"174","cyan",TRUE,0.040548815148112,73,216,4,0.0185185185185185,0.0547945205479452,"GO:0032040","GO:CC","small-subunit processome",22149,1210
"175","cyan",TRUE,0.0412834496623259,12,216,2,0.00925925925925926,0.166666666666667,"GO:1990062","GO:CC","RPAP3/R2TP/prefoldin-like complex",22149,3734
"176","cyan",TRUE,0.0463070531928218,13,216,2,0.00925925925925926,0.153846153846154,"GO:0140275","GO:CC","MIB complex",22149,3477
"177","cyan",TRUE,0.0463070531928218,13,216,2,0.00925925925925926,0.153846153846154,"GO:0000812","GO:CC","Swr1 complex",22149,108
"178","cyan",TRUE,0.0463070531928218,13,216,2,0.00925925925925926,0.153846153846154,"GO:0001401","GO:CC","SAM complex",22149,135
"179","cyan",TRUE,0.049234306869601,41,216,3,0.0138888888888889,0.0731707317073171,"GO:0101031","GO:CC","protein folding chaperone complex",22149,3316
"180","cyan",TRUE,8.26584099488647e-15,449,215,32,0.148837209302326,0.0712694877505568,"GO:0003735","GO:MF","structural constituent of ribosome",20246,340
"181","cyan",TRUE,1.89082983906454e-06,1106,215,35,0.162790697674419,0.0316455696202532,"GO:0005198","GO:MF","structural molecule activity",20246,1318
"182","cyan",TRUE,3.3293636357784e-05,15123,215,191,0.888372093023256,0.0126297692256827,"GO:0005515","GO:MF","protein binding",20246,1462
"183","cyan",TRUE,0.0030766103765017,759,215,22,0.102325581395349,0.0289855072463768,"GO:0016491","GO:MF","oxidoreductase activity",20246,2753
"184","cyan",TRUE,0.00407889702373699,58,215,6,0.027906976744186,0.103448275862069,"GO:0016655","GO:MF","oxidoreductase activity, acting on NAD(P)H, quinone or similar compound as acceptor",20246,2820
"185","cyan",TRUE,0.00609488465823331,41,215,5,0.0232558139534884,0.121951219512195,"GO:0008137","GO:MF","NADH dehydrogenase (ubiquinone) activity",20246,1543
"186","cyan",TRUE,0.00609488465823331,66,215,6,0.027906976744186,0.0909090909090909,"GO:0015453","GO:MF","oxidoreduction-driven active transmembrane transporter activity",20246,2505
"187","cyan",TRUE,0.00662912151292553,23,215,4,0.0186046511627907,0.173913043478261,"GO:0003746","GO:MF","translation elongation factor activity",20246,342
"188","cyan",TRUE,0.00662912151292553,44,215,5,0.0232558139534884,0.113636363636364,"GO:0003954","GO:MF","NADH dehydrogenase activity",20246,455
"189","cyan",TRUE,0.00800749763452659,10,215,3,0.013953488372093,0.3,"GO:0001094","GO:MF","TFIID-class transcription factor complex binding",20246,150
"190","cyan",TRUE,0.0118001639725031,114,215,7,0.0325581395348837,0.0614035087719298,"GO:0009055","GO:MF","electron transfer activity",20246,2091
"191","cyan",TRUE,0.0135768672876155,84,215,6,0.027906976744186,0.0714285714285714,"GO:0051117","GO:MF","ATPase binding",20246,7391
"192","cyan",TRUE,0.0235751578228547,645,215,17,0.0790697674418605,0.0263565891472868,"GO:0140640","GO:MF","catalytic activity, acting on a nucleic acid",20246,9450
"193","cyan",TRUE,0.0235751578228547,95,215,6,0.027906976744186,0.0631578947368421,"GO:0016651","GO:MF","oxidoreductase activity, acting on NAD(P)H",20246,2817
"194","cyan",TRUE,0.0247793148633123,4,215,2,0.00930232558139535,0.5,"GO:0033743","GO:MF","peptide-methionine (R)-S-oxide reductase activity",20246,4400
"195","cyan",TRUE,0.0247793148633123,4,215,2,0.00930232558139535,0.5,"GO:0047066","GO:MF","phospholipid-hydroperoxide glutathione peroxidase activity",20246,5820
"196","cyan",TRUE,0.0274129686985337,68,215,5,0.0232558139534884,0.0735294117647059,"GO:0019843","GO:MF","rRNA binding",20246,3478
"197","cyan",TRUE,0.034534451370542,5,215,2,0.00930232558139535,0.4,"GO:0004045","GO:MF","peptidyl-tRNA hydrolase activity",20246,520
"198","cyan",TRUE,0.034534451370542,5,215,2,0.00930232558139535,0.4,"GO:0016744","GO:MF","transketolase or transaldolase activity",20246,2883
"199","cyan",TRUE,0.0389452920133617,18498,215,208,0.967441860465116,0.0112444588604173,"GO:0005488","GO:MF","binding",20246,1450
"200","cyan",TRUE,0.0389452920133617,77,215,5,0.0232558139534884,0.0649350649350649,"GO:0048029","GO:MF","monosaccharide binding",20246,6703
"201","cyan",TRUE,0.0445772284824065,118,215,6,0.027906976744186,0.0508474576271186,"GO:0022853","GO:MF","active monoatomic ion transmembrane transporter activity",20246,3552
"202","cyan",TRUE,3.46343017404371e-07,106,63,13,0.206349206349206,0.122641509433962,"HP:0002490","HP","Increased CSF lactate",5080,1795
"203","cyan",TRUE,3.46343017404371e-07,106,63,13,0.206349206349206,0.122641509433962,"HP:0030085","HP","Abnormal CSF lactate concentration",5080,10364
"204","cyan",TRUE,9.2479831220929e-07,143,63,14,0.222222222222222,0.0979020979020979,"HP:0008972","HP","Decreased activity of mitochondrial respiratory chain",5080,5563
"205","cyan",TRUE,1.00188974915497e-06,147,63,14,0.222222222222222,0.0952380952380952,"HP:0011922","HP","Abnormal activity of mitochondrial respiratory chain",5080,8282
"206","cyan",TRUE,1.35094373872918e-06,211,63,16,0.253968253968254,0.0758293838862559,"HP:0003287","HP","Abnormality of mitochondrial metabolism",5080,2367
"207","cyan",TRUE,1.46831833662518e-06,435,63,22,0.349206349206349,0.0505747126436782,"HP:0004360","HP","Abnormality of acid-base homeostasis",5080,3039
"208","cyan",TRUE,2.06297949432735e-06,405,63,21,0.333333333333333,0.0518518518518519,"HP:0001941","HP","Acidosis",5080,1403
"209","cyan",TRUE,3.15921462390399e-06,231,63,16,0.253968253968254,0.0692640692640693,"HP:0012103","HP","Abnormality of the mitochondrion",5080,8462
"210","cyan",TRUE,5.43881141472708e-06,98,63,11,0.174603174603175,0.112244897959184,"HP:0011923","HP","Decreased activity of mitochondrial complex I",5080,8283
"211","cyan",TRUE,6.37945432849392e-06,42,63,8,0.126984126984127,0.19047619047619,"HP:0012747","HP","Abnormal brainstem MRI signal intensity",5080,9093
"212","cyan",TRUE,6.37945432849392e-06,183,63,14,0.222222222222222,0.0765027322404372,"HP:0003128","HP","Lactic acidosis",5080,2245
"213","cyan",TRUE,8.89874837754766e-06,159,63,13,0.206349206349206,0.0817610062893082,"HP:0025454","HP","Abnormal CSF metabolite concentration",5080,9905
"214","cyan",TRUE,9.69189680209122e-06,63,63,9,0.142857142857143,0.142857142857143,"HP:0001138","HP","Optic neuropathy",5080,888
"215","cyan",TRUE,2.21407055755796e-05,34,63,7,0.111111111111111,0.205882352941176,"HP:0012748","HP","Focal T2 hyperintense brainstem lesion",5080,9094
"216","cyan",TRUE,3.18756650267297e-05,213,63,14,0.222222222222222,0.0657276995305164,"HP:0002151","HP","Increased circulating lactate concentration",5080,1573
"217","cyan",TRUE,0.000219271908292977,764,63,25,0.396825396825397,0.0327225130890052,"HP:0430071","HP","Abnormal circulating organic compound concentration",5080,17058
"218","cyan",TRUE,0.000332690316602232,51,63,7,0.111111111111111,0.137254901960784,"HP:0000114","HP","Proximal tubulopathy",5080,100
"219","cyan",TRUE,0.000386207404452212,390,63,17,0.26984126984127,0.0435897435897436,"HP:0004354","HP","Abnormal circulating carboxylic acid concentration",5080,3034
"220","cyan",TRUE,0.000442270038287139,54,63,7,0.111111111111111,0.12962962962963,"HP:0003542","HP","Increased circulating pyruvate concentration",5080,2534
"221","cyan",TRUE,0.000643111317884877,38,63,6,0.0952380952380952,0.157894736842105,"HP:0007704","HP","Paroxysmal involuntary eye movements",5080,4896
"222","cyan",TRUE,0.000643111317884877,280,63,14,0.222222222222222,0.05,"HP:0001639","HP","Hypertrophic cardiomyopathy",5080,1185
"223","cyan",TRUE,0.00071851616312603,39,63,6,0.0952380952380952,0.153846153846154,"HP:0008316","HP","Abnormal mitochondria in muscle tissue",5080,5230
"224","cyan",TRUE,0.00279493910305136,73,63,7,0.111111111111111,0.0958904109589041,"HP:0033108","HP","Abnormal circulating proteinogenic amino acid derivative concentration",5080,13232
"225","cyan",TRUE,0.00282234631003683,101,63,8,0.126984126984127,0.0792079207920792,"HP:0002415","HP","Leukodystrophy",5080,1757
"226","cyan",TRUE,0.0034931133047505,247,63,12,0.19047619047619,0.048582995951417,"HP:0001254","HP","Lethargy",5080,949
"227","cyan",TRUE,0.0034931133047505,331,63,14,0.222222222222222,0.0422960725075529,"HP:0011015","HP","Abnormal blood glucose concentration",5080,7397
"228","cyan",TRUE,0.00400937706477693,54,63,6,0.0952380952380952,0.111111111111111,"HP:0003737","HP","Mitochondrial myopathy",5080,2636
"229","cyan",TRUE,0.00511427723257059,112,63,8,0.126984126984127,0.0714285714285714,"HP:0000817","HP","Reduced eye contact",5080,633
"230","cyan",TRUE,0.00526270047241943,113,63,8,0.126984126984127,0.0707964601769911,"HP:0034435","HP","Abnormal eye contact",5080,14545
"231","cyan",TRUE,0.00649214929327925,267,63,12,0.19047619047619,0.0449438202247191,"HP:0001943","HP","Hypoglycemia",5080,1405
"232","cyan",TRUE,0.00670807478185352,119,63,8,0.126984126984127,0.0672268907563025,"HP:0000758","HP","Abnormal nonverbal communicative behavior",5080,590
"233","cyan",TRUE,0.00670807478185352,229,63,11,0.174603174603175,0.0480349344978166,"HP:0002352","HP","Leukoencephalopathy",5080,1718
"234","cyan",TRUE,0.00670807478185352,88,63,7,0.111111111111111,0.0795454545454545,"HP:0003800","HP","Muscle abnormality related to mitochondrial dysfunction",5080,2674
"235","cyan",TRUE,0.00819293949784529,64,63,6,0.0952380952380952,0.09375,"HP:0003348","HP","Hyperalaninemia",5080,2410
"236","cyan",TRUE,0.00819293949784529,65,63,6,0.0952380952380952,0.0923076923076923,"HP:0010915","HP","Abnormal circulating pyruvate family amino acid concentration",5080,7305
"237","cyan",TRUE,0.00819293949784529,65,63,6,0.0952380952380952,0.0923076923076923,"HP:0010916","HP","Abnormal circulating alanine concentration",5080,7306
"238","cyan",TRUE,0.00819293949784529,124,63,8,0.126984126984127,0.0645161290322581,"HP:0010996","HP","Abnormal circulating monocarboxylic acid concentration",5080,7379
"239","cyan",TRUE,0.00819293949784529,65,63,6,0.0952380952380952,0.0923076923076923,"HP:0025116","HP","Fetal distress",5080,9592
"240","cyan",TRUE,0.00869682387868216,66,63,6,0.0952380952380952,0.0909090909090909,"HP:0001790","HP","Nonimmune hydrops fetalis",5080,1293
"241","cyan",TRUE,0.00976527713986951,43,63,5,0.0793650793650794,0.116279069767442,"HP:0040273","HP","Adenocarcinoma of the intestines",5080,15371
"242","cyan",TRUE,0.0142132169085252,26,63,4,0.0634920634920635,0.153846153846154,"HP:0031640","HP","Abnormal radial artery morphology",5080,11827
"243","cyan",TRUE,0.0142132169085252,26,63,4,0.0634920634920635,0.153846153846154,"HP:0020118","HP","Radial artery aplasia",5080,9316
"244","cyan",TRUE,0.0142132169085252,26,63,4,0.0634920634920635,0.153846153846154,"HP:0030270","HP","Elevated red cell adenosine deaminase activity",5080,10539
"245","cyan",TRUE,0.0159431312530838,27,63,4,0.0634920634920635,0.148148148148148,"HP:4000209","HP","Abnormal erythrocyte adenosine deaminase activity",5080,17634
"246","cyan",TRUE,0.0159431312530838,1365,63,30,0.476190476190476,0.021978021978022,"HP:0040195","HP","Decreased head circumference",5080,15298
"247","cyan",TRUE,0.0159431312530838,49,63,5,0.0793650793650794,0.102040816326531,"HP:0030272","HP","Abnormal erythrocyte enzyme concentration or activity",5080,10541
"248","cyan",TRUE,0.0174813516663334,28,63,4,0.0634920634920635,0.142857142857143,"HP:0005532","HP","Macrocytic dyserythropoietic anemia",5080,3723
"249","cyan",TRUE,0.0224890416477183,30,63,4,0.0634920634920635,0.133333333333333,"HP:0012410","HP","Pure red cell aplasia",5080,8760
"250","cyan",TRUE,0.023463987221364,115,63,7,0.111111111111111,0.0608695652173913,"HP:0000124","HP","Renal tubular dysfunction",5080,107
"251","cyan",TRUE,0.0245588697822176,31,63,4,0.0634920634920635,0.129032258064516,"HP:0012133","HP","Erythroid hypoplasia",5080,8492
"252","cyan",TRUE,0.0251438855162839,642,63,18,0.285714285714286,0.0280373831775701,"HP:0011017","HP","Abnormal cellular physiology",5080,7398
"253","cyan",TRUE,0.0261212770427615,237,63,10,0.158730158730159,0.0421940928270042,"HP:0002421","HP","Poor head control",5080,1761
"254","cyan",TRUE,0.0291358024896627,1352,63,29,0.46031746031746,0.0214497041420118,"HP:0000252","HP","Microcephaly",5080,211
"255","cyan",TRUE,0.0291358024896627,597,63,17,0.26984126984127,0.0284757118927973,"HP:0001637","HP","Abnormal myocardium morphology",5080,1183
"256","cyan",TRUE,0.0291358024896627,2671,63,46,0.73015873015873,0.0172220142268813,"HP:0001939","HP","Abnormality of metabolism/homeostasis",5080,1402
"257","cyan",TRUE,0.0345429123025584,35,63,4,0.0634920634920635,0.114285714285714,"HP:0040276","HP","Adenocarcinoma of the colon",5080,15374
"258","cyan",TRUE,0.0345429123025584,35,63,4,0.0634920634920635,0.114285714285714,"HP:0001227","HP","Abnormality of the thenar eminence",5080,934
"259","cyan",TRUE,0.0356305249274695,1445,63,30,0.476190476190476,0.0207612456747405,"HP:0032180","HP","Abnormal circulating metabolite concentration",5080,12334
"260","cyan",TRUE,0.0356305249274695,127,63,7,0.111111111111111,0.0551181102362205,"HP:0001789","HP","Hydrops fetalis",5080,1292
"261","cyan",TRUE,0.0365770433732827,36,63,4,0.0634920634920635,0.111111111111111,"HP:0006758","HP","Malignant genitourinary tract tumor",5080,4398
"262","cyan",TRUE,0.0386745241399576,678,63,18,0.285714285714286,0.0265486725663717,"HP:0025354","HP","Abnormal cellular phenotype",5080,9815
"263","cyan",TRUE,0.0386745241399576,37,63,4,0.0634920634920635,0.108108108108108,"HP:0002669","HP","Osteosarcoma",5080,1928
"264","cyan",TRUE,0.0386745241399576,37,63,4,0.0634920634920635,0.108108108108108,"HP:0011904","HP","Persistence of hemoglobin F",5080,8264
"265","cyan",TRUE,0.0386745241399576,37,63,4,0.0634920634920635,0.108108108108108,"HP:0001896","HP","Reticulocytopenia",5080,1370
"266","cyan",TRUE,0.0397343954849813,1053,63,24,0.380952380952381,0.0227920227920228,"HP:0001324","HP","Muscle weakness",5080,996
"267","cyan",TRUE,0.0409865218397204,568,63,16,0.253968253968254,0.028169014084507,"HP:0001638","HP","Cardiomyopathy",5080,1184
"268","cyan",TRUE,0.0438295414096332,39,63,4,0.0634920634920635,0.102564102564103,"HP:0001895","HP","Normochromic anemia",5080,1369
"269","cyan",TRUE,0.0438295414096332,39,63,4,0.0634920634920635,0.102564102564103,"HP:0040275","HP","Adenocarcinoma of the large intestine",5080,15373
"270","cyan",TRUE,0.0448373853727376,67,63,5,0.0793650793650794,0.0746268656716418,"HP:0012705","HP","Abnormal metabolic brain imaging by MRS",5080,9051
"271","cyan",TRUE,0.0448373853727376,176,63,8,0.126984126984127,0.0454545454545455,"HP:0003112","HP","Abnormal circulating amino acid concentration",5080,2234
"272","cyan",TRUE,3.80600825569182e-12,3744,159,102,0.641509433962264,0.0272435897435897,"HPA:0290402","HPA","Liver; hepatocytes[≥Medium]",10995,441
"273","cyan",TRUE,4.5531461066934e-12,5296,159,123,0.773584905660377,0.0232250755287009,"HPA:0350472","HPA","Pancreas; exocrine glandular cells[≥Medium]",10995,516
"274","cyan",TRUE,4.5531461066934e-12,7643,159,149,0.937106918238994,0.0194949627109774,"HPA:0220000","HPA","Gallbladder",10995,360
"275","cyan",TRUE,4.5531461066934e-12,6339,159,136,0.855345911949686,0.021454488089604,"HPA:0540052","HPA","Stomach 1; glandular cells[≥Medium]",10995,799
"276","cyan",TRUE,4.5531461066934e-12,7643,159,149,0.937106918238994,0.0194949627109774,"HPA:0220051","HPA","Gallbladder; glandular cells[≥Low]",10995,361
"277","cyan",TRUE,1.50762358200115e-11,6911,159,141,0.886792452830189,0.0204022572710172,"HPA:0630000","HPA","Cervix",10995,201
"278","cyan",TRUE,1.90223074940825e-11,7862,159,150,0.943396226415094,0.0190791147290766,"HPA:0480000","HPA","Small intestine",10995,740
"279","cyan",TRUE,2.38884128150864e-11,7884,159,150,0.943396226415094,0.0190258751902588,"HPA:0150000","HPA","Duodenum",10995,256
"280","cyan",TRUE,2.46570624614996e-11,6271,159,133,0.836477987421384,0.0212087386381757,"HPA:0550052","HPA","Stomach 2; glandular cells[≥Medium]",10995,803
"281","cyan",TRUE,2.46570624614996e-11,6888,159,140,0.880503144654088,0.0203252032520325,"HPA:0420051","HPA","Salivary gland; glandular cells[≥Low]",10995,615
"282","cyan",TRUE,2.46570624614996e-11,6712,159,138,0.867924528301887,0.0205601907032181,"HPA:0170051","HPA","Endometrium 2; glandular cells[≥Low]",10995,317
"283","cyan",TRUE,2.46570624614996e-11,6888,159,140,0.880503144654088,0.0203252032520325,"HPA:0420000","HPA","Salivary gland",10995,614
"284","cyan",TRUE,2.46570624614996e-11,4866,159,115,0.723270440251572,0.0236333744348541,"HPA:0420052","HPA","Salivary gland; glandular cells[≥Medium]",10995,616
"285","cyan",TRUE,4.02407805977025e-11,5738,159,126,0.792452830188679,0.0219588706866504,"HPA:0290401","HPA","Liver; hepatocytes[≥Low]",10995,440
"286","cyan",TRUE,4.02407805977025e-11,6666,159,137,0.861635220125786,0.0205520552055206,"HPA:0190000","HPA","Esophagus",10995,324
"287","cyan",TRUE,4.02407805977025e-11,6666,159,137,0.861635220125786,0.0205520552055206,"HPA:0190221","HPA","Esophagus; squamous epithelial cells[≥Low]",10995,325
"288","cyan",TRUE,8.30567647324405e-11,6806,159,138,0.867924528301887,0.0202762268586541,"HPA:0160051","HPA","Endometrium 1; glandular cells[≥Low]",10995,310
"289","cyan",TRUE,1.26148627596677e-10,4033,159,101,0.635220125786163,0.0250433920158691,"HPA:0630052","HPA","Cervix; glandular cells[≥Medium]",10995,203
"290","cyan",TRUE,1.26148627596677e-10,6929,159,139,0.874213836477987,0.0200606148073315,"HPA:0350471","HPA","Pancreas; exocrine glandular cells[≥Low]",10995,515
"291","cyan",TRUE,1.26148627596677e-10,5991,159,128,0.805031446540881,0.0213653814054415,"HPA:0620000","HPA","Vagina",10995,871
"292","cyan",TRUE,1.26148627596677e-10,5991,159,128,0.805031446540881,0.0213653814054415,"HPA:0620221","HPA","Vagina; squamous epithelial cells[≥Low]",10995,872
"293","cyan",TRUE,1.36918833711371e-10,5683,159,124,0.779874213836478,0.0218194615519972,"HPA:0630051","HPA","Cervix; glandular cells[≥Low]",10995,202
"294","cyan",TRUE,1.55152101425443e-10,7957,159,149,0.937106918238994,0.0187256503707427,"HPA:0400000","HPA","Rectum",10995,558
"295","cyan",TRUE,1.55152101425443e-10,6601,159,135,0.849056603773585,0.0204514467504924,"HPA:0220052","HPA","Gallbladder; glandular cells[≥Medium]",10995,362
"296","cyan",TRUE,1.58956536756872e-10,4671,159,110,0.691823899371069,0.0235495611218155,"HPA:0210052","HPA","Fallopian tube; glandular cells[≥Medium]",10995,355
"297","cyan",TRUE,1.58956536756872e-10,7647,159,146,0.918238993710692,0.0190924545573428,"HPA:0540000","HPA","Stomach 1",10995,797
"298","cyan",TRUE,1.58956536756872e-10,7647,159,146,0.918238993710692,0.0190924545573428,"HPA:0540051","HPA","Stomach 1; glandular cells[≥Low]",10995,798
"299","cyan",TRUE,2.30961131642962e-10,6905,159,138,0.867924528301887,0.0199855177407676,"HPA:0170000","HPA","Endometrium 2",10995,313
"300","cyan",TRUE,2.46913389521461e-10,7286,159,142,0.893081761006289,0.0194894317869887,"HPA:0610831","HPA","Urinary bladder; urothelial cells[≥Low]",10995,868
"301","cyan",TRUE,2.46913389521461e-10,7286,159,142,0.893081761006289,0.0194894317869887,"HPA:0610000","HPA","Urinary bladder",10995,867
"302","cyan",TRUE,2.79674473029681e-10,7397,159,143,0.89937106918239,0.0193321616871705,"HPA:0020051","HPA","Adrenal gland; glandular cells[≥Low]",10995,16
"303","cyan",TRUE,2.79674473029681e-10,7111,159,140,0.880503144654088,0.0196878076219941,"HPA:0590000","HPA","Thyroid gland",10995,853
"304","cyan",TRUE,2.79674473029681e-10,7111,159,140,0.880503144654088,0.0196878076219941,"HPA:0590051","HPA","Thyroid gland; glandular cells[≥Low]",10995,854
"305","cyan",TRUE,3.01851083636564e-10,7404,159,143,0.89937106918239,0.0193138843868179,"HPA:0020000","HPA","Adrenal gland",10995,6
"306","cyan",TRUE,3.74982894306759e-10,7043,159,139,0.874213836477987,0.0197359079937527,"HPA:0160000","HPA","Endometrium 1",10995,306
"307","cyan",TRUE,4.97963232004692e-10,6284,159,130,0.817610062893082,0.0206874602164227,"HPA:0290000","HPA","Liver",10995,436
"308","cyan",TRUE,4.97963232004692e-10,4905,159,112,0.70440251572327,0.0228338430173293,"HPA:0060102","HPA","Bronchus; respiratory epithelial cells[≥Medium]",10995,84
"309","cyan",TRUE,6.39251485207408e-10,6058,159,127,0.79874213836478,0.0209640145262463,"HPA:0480052","HPA","Small intestine; glandular cells[≥Medium]",10995,754
"310","cyan",TRUE,7.33620585381908e-10,4044,159,99,0.622641509433962,0.0244807121661721,"HPA:0620222","HPA","Vagina; squamous epithelial cells[≥Medium]",10995,873
"311","cyan",TRUE,7.52743423559033e-10,5227,159,116,0.729559748427673,0.0221924622154199,"HPA:0430052","HPA","Seminal vesicle; glandular cells[≥Medium]",10995,620
"312","cyan",TRUE,8.72748149753264e-10,7391,159,142,0.893081761006289,0.0192125558111216,"HPA:0350000","HPA","Pancreas",10995,514
"313","cyan",TRUE,9.20923929665972e-10,7592,159,144,0.905660377358491,0.0189673340358272,"HPA:0550051","HPA","Stomach 2; glandular cells[≥Low]",10995,802
"314","cyan",TRUE,9.20923929665972e-10,7592,159,144,0.905660377358491,0.0189673340358272,"HPA:0550000","HPA","Stomach 2",10995,801
"315","cyan",TRUE,9.52803558743599e-10,6095,159,127,0.79874213836478,0.020836751435603,"HPA:0150052","HPA","Duodenum; glandular cells[≥Medium]",10995,273
"316","cyan",TRUE,1.07970464146508e-09,6518,159,132,0.830188679245283,0.0202516109235962,"HPA:0310000","HPA","Lymph node",10995,459
"317","cyan",TRUE,1.07970464146508e-09,5947,159,125,0.786163522012579,0.0210190011770641,"HPA:0610832","HPA","Urinary bladder; urothelial cells[≥Medium]",10995,869
"318","cyan",TRUE,1.44560363788555e-09,5734,159,122,0.767295597484277,0.0212765957446809,"HPA:0210051","HPA","Fallopian tube; glandular cells[≥Low]",10995,354
"319","cyan",TRUE,1.61982565931533e-09,5590,159,120,0.754716981132076,0.0214669051878354,"HPA:0590052","HPA","Thyroid gland; glandular cells[≥Medium]",10995,855
"320","cyan",TRUE,1.6614918608227e-09,5147,159,114,0.716981132075472,0.0221488245579949,"HPA:0160052","HPA","Endometrium 1; glandular cells[≥Medium]",10995,311
"321","cyan",TRUE,1.80376592873127e-09,7454,159,142,0.893081761006289,0.0190501744030051,"HPA:0210000","HPA","Fallopian tube",10995,341
"322","cyan",TRUE,2.13529396932907e-09,7187,159,139,0.874213836477987,0.0193404758591902,"HPA:0320000","HPA","Nasopharynx",10995,466
"323","cyan",TRUE,2.52538837542509e-09,6095,159,126,0.792452830188679,0.0206726825266612,"HPA:0400052","HPA","Rectum; glandular cells[≥Medium]",10995,578
"324","cyan",TRUE,2.52538837542509e-09,7774,159,145,0.911949685534591,0.0186519166452277,"HPA:0600000","HPA","Tonsil",10995,857
"325","cyan",TRUE,3.00262254938097e-09,5049,159,112,0.70440251572327,0.0221826104179045,"HPA:0190222","HPA","Esophagus; squamous epithelial cells[≥Medium]",10995,326
"326","cyan",TRUE,3.44761507193628e-09,5884,159,123,0.773584905660377,0.0209041468388851,"HPA:0360000","HPA","Parathyroid gland",10995,521
"327","cyan",TRUE,3.44761507193628e-09,5884,159,123,0.773584905660377,0.0209041468388851,"HPA:0360051","HPA","Parathyroid gland; glandular cells[≥Low]",10995,522
"328","cyan",TRUE,5.01100023671096e-09,6814,159,134,0.842767295597484,0.0196653947754623,"HPA:0430000","HPA","Seminal vesicle",10995,618
"329","cyan",TRUE,5.01100023671096e-09,5757,159,121,0.761006289308176,0.0210178912628105,"HPA:0320101","HPA","Nasopharynx; respiratory epithelial cells[≥Low]",10995,485
"330","cyan",TRUE,5.01100023671096e-09,6814,159,134,0.842767295597484,0.0196653947754623,"HPA:0430051","HPA","Seminal vesicle; glandular cells[≥Low]",10995,619
"331","cyan",TRUE,7.56232759588243e-09,4354,159,101,0.635220125786163,0.0231970601745521,"HPA:0330222","HPA","Oral mucosa; squamous epithelial cells[≥Medium]",10995,490
"332","cyan",TRUE,1.13221530266686e-08,5975,159,123,0.773584905660377,0.0205857740585774,"HPA:0130052","HPA","Colon; glandular cells[≥Medium]",10995,232
"333","cyan",TRUE,1.2701947080602e-08,6799,159,133,0.836477987421384,0.0195617002500368,"HPA:0050051","HPA","Breast; glandular cells[≥Low]",10995,58
"334","cyan",TRUE,1.40727509890116e-08,4882,159,108,0.679245283018868,0.0221220811142974,"HPA:0170052","HPA","Endometrium 2; glandular cells[≥Medium]",10995,318
"335","cyan",TRUE,1.61540417668432e-08,6487,159,129,0.811320754716981,0.0198859256975489,"HPA:0040081","HPA","Bone marrow; hematopoietic cells[≥Low]",10995,51
"336","cyan",TRUE,1.61540417668432e-08,6246,159,126,0.792452830188679,0.0201729106628242,"HPA:0330221","HPA","Oral mucosa; squamous epithelial cells[≥Low]",10995,489
"337","cyan",TRUE,1.61540417668432e-08,1960,159,60,0.377358490566038,0.0306122448979592,"HPA:0350473","HPA","Pancreas; exocrine glandular cells[High]",10995,517
"338","cyan",TRUE,1.61540417668432e-08,6246,159,126,0.792452830188679,0.0201729106628242,"HPA:0330000","HPA","Oral mucosa",10995,488
"339","cyan",TRUE,1.61540417668432e-08,6487,159,129,0.811320754716981,0.0198859256975489,"HPA:0040000","HPA","Bone marrow",10995,50
"340","cyan",TRUE,1.73387469871948e-08,6662,159,131,0.823899371069182,0.0196637646352447,"HPA:0390000","HPA","Prostate",10995,554
"341","cyan",TRUE,1.73387469871948e-08,6662,159,131,0.823899371069182,0.0196637646352447,"HPA:0390051","HPA","Prostate; glandular cells[≥Low]",10995,555
"342","cyan",TRUE,1.98160553696088e-08,4098,159,96,0.60377358490566,0.0234260614934114,"HPA:0600432","HPA","Tonsil; germinal center cells[≥Medium]",10995,859
"343","cyan",TRUE,2.04547198519477e-08,6348,159,127,0.79874213836478,0.0200063011972275,"HPA:0380521","HPA","Placenta; trophoblastic cells[≥Low]",10995,551
"344","cyan",TRUE,2.09887102002189e-08,7020,159,135,0.849056603773585,0.0192307692307692,"HPA:0470000","HPA","Skin 2",10995,691
"345","cyan",TRUE,2.43290981687289e-08,3727,159,90,0.566037735849057,0.0241481083981755,"HPA:0630222","HPA","Cervix; squamous epithelial cells[≥Medium]",10995,206
"346","cyan",TRUE,2.87714687760514e-08,5981,159,122,0.767295597484277,0.020397926768099,"HPA:0600431","HPA","Tonsil; germinal center cells[≥Low]",10995,858
"347","cyan",TRUE,3.033168395261e-08,5680,159,118,0.742138364779874,0.0207746478873239,"HPA:0180052","HPA","Epididymis; glandular cells[≥Medium]",10995,322
"348","cyan",TRUE,3.23585411447418e-08,7322,159,138,0.867924528301887,0.0188473094782846,"HPA:0180051","HPA","Epididymis; glandular cells[≥Low]",10995,321
"349","cyan",TRUE,3.23585411447418e-08,7322,159,138,0.867924528301887,0.0188473094782846,"HPA:0180000","HPA","Epididymis",10995,320
"350","cyan",TRUE,3.3528211128089e-08,6637,159,130,0.817610062893082,0.0195871628747928,"HPA:0600221","HPA","Tonsil; squamous epithelial cells[≥Low]",10995,864
"351","cyan",TRUE,3.54519591183274e-08,7421,159,139,0.874213836477987,0.0187306292952432,"HPA:0060000","HPA","Bronchus",10995,64
"352","cyan",TRUE,4.77312039228469e-08,7817,159,143,0.89937106918239,0.018293462965332,"HPA:0030000","HPA","Appendix",10995,22
"353","cyan",TRUE,9.86379467454489e-08,6005,159,121,0.761006289308176,0.0201498751040799,"HPA:0020052","HPA","Adrenal gland; glandular cells[≥Medium]",10995,17
"354","cyan",TRUE,9.86379467454489e-08,7500,159,139,0.874213836477987,0.0185333333333333,"HPA:0380000","HPA","Placenta",10995,532
"355","cyan",TRUE,1.08518907469675e-07,6983,159,133,0.836477987421384,0.0190462551911786,"HPA:0130051","HPA","Colon; glandular cells[≥Low]",10995,231
"356","cyan",TRUE,1.17641551666982e-07,5493,159,114,0.716981132075472,0.0207536865101038,"HPA:0030052","HPA","Appendix; glandular cells[≥Medium]",10995,39
"357","cyan",TRUE,1.29282078795291e-07,7170,159,135,0.849056603773585,0.0188284518828452,"HPA:0050000","HPA","Breast",10995,54
"358","cyan",TRUE,1.72891564846682e-07,6054,159,121,0.761006289308176,0.0199867855963,"HPA:0310441","HPA","Lymph node; non-germinal center cells[≥Low]",10995,463
"359","cyan",TRUE,1.72891564846682e-07,4740,159,103,0.647798742138365,0.0217299578059072,"HPA:0320102","HPA","Nasopharynx; respiratory epithelial cells[≥Medium]",10995,486
"360","cyan",TRUE,1.72891564846682e-07,5901,159,119,0.748427672955975,0.0201660735468565,"HPA:0060101","HPA","Bronchus; respiratory epithelial cells[≥Low]",10995,83
"361","cyan",TRUE,1.77366484159222e-07,8216,159,146,0.918238993710692,0.0177702044790652,"HPA:0270000","HPA","Kidney",10995,407
"362","cyan",TRUE,1.82775117583229e-07,5098,159,108,0.679245283018868,0.0211847783444488,"HPA:0050052","HPA","Breast; glandular cells[≥Medium]",10995,59
"363","cyan",TRUE,2.33127275836154e-07,7050,159,133,0.836477987421384,0.0188652482269504,"HPA:0400051","HPA","Rectum; glandular cells[≥Low]",10995,577
"364","cyan",TRUE,2.78578900369203e-07,7065,159,133,0.836477987421384,0.018825194621373,"HPA:0480051","HPA","Small intestine; glandular cells[≥Low]",10995,753
"365","cyan",TRUE,2.98247166623616e-07,5427,159,112,0.70440251572327,0.0206375529758614,"HPA:0340000","HPA","Ovary",10995,492
"366","cyan",TRUE,3.36844321925298e-07,4937,159,105,0.660377358490566,0.0212679765039498,"HPA:0600222","HPA","Tonsil; squamous epithelial cells[≥Medium]",10995,865
"367","cyan",TRUE,3.70723262048008e-07,5446,159,112,0.70440251572327,0.0205655526992288,"HPA:0630221","HPA","Cervix; squamous epithelial cells[≥Low]",10995,205
"368","cyan",TRUE,3.79054536456691e-07,7093,159,133,0.836477987421384,0.01875088115043,"HPA:0150051","HPA","Duodenum; glandular cells[≥Low]",10995,272
"369","cyan",TRUE,4.72252173761903e-07,5614,159,114,0.716981132075472,0.0203063769148557,"HPA:0351181","HPA","Pancreas; pancreatic endocrine cells[≥Low]",10995,518
"370","cyan",TRUE,4.88960213418736e-07,5040,159,106,0.666666666666667,0.021031746031746,"HPA:0380522","HPA","Placenta; trophoblastic cells[≥Medium]",10995,552
"371","cyan",TRUE,5.36625261902399e-07,3582,159,84,0.528301886792453,0.0234505862646566,"HPA:0380512","HPA","Placenta; decidual cells[≥Medium]",10995,537
"372","cyan",TRUE,5.79832360844757e-07,2452,159,65,0.408805031446541,0.0265089722675367,"HPA:0540053","HPA","Stomach 1; glandular cells[High]",10995,800
"373","cyan",TRUE,5.98245787615981e-07,7134,159,133,0.836477987421384,0.0186431174656574,"HPA:0570731","HPA","Testis; Leydig cells[≥Low]",10995,819
"374","cyan",TRUE,6.27809120292373e-07,8322,159,146,0.918238993710692,0.0175438596491228,"HPA:0130000","HPA","Colon",10995,212
"375","cyan",TRUE,7.73377003442957e-07,4801,159,102,0.641509433962264,0.0212455738387836,"HPA:0390052","HPA","Prostate; glandular cells[≥Medium]",10995,556
"376","cyan",TRUE,1.15295980924709e-06,4834,159,102,0.641509433962264,0.0211005378568473,"HPA:0380511","HPA","Placenta; decidual cells[≥Low]",10995,536
"377","cyan",TRUE,1.25033364630831e-06,8088,159,143,0.89937106918239,0.0176805143422354,"HPA:0100000","HPA","Cerebral cortex",10995,182
"378","cyan",TRUE,1.25544116329216e-06,870,159,33,0.207547169811321,0.0379310344827586,"HPA:0471411","HPA","Skin 2; cells in spinous layer[≥Low]",10995,704
"379","cyan",TRUE,1.29431910650107e-06,6952,159,130,0.817610062893082,0.0186996547756041,"HPA:0080000","HPA","Caudate",10995,90
"380","cyan",TRUE,1.37736798808407e-06,5564,159,112,0.70440251572327,0.0201294033069734,"HPA:0090161","HPA","Cerebellum; Purkinje cells[≥Low]",10995,116
"381","cyan",TRUE,1.59099889128802e-06,880,159,33,0.207547169811321,0.0375,"HPA:0461391","HPA","Skin 1; cells in basal layer[≥Low]",10995,643
"382","cyan",TRUE,1.63235030577629e-06,5362,159,109,0.685534591194969,0.0203282357329355,"HPA:0570732","HPA","Testis; Leydig cells[≥Medium]",10995,820
"383","cyan",TRUE,1.72779076094504e-06,6816,159,128,0.805031446540881,0.0187793427230047,"HPA:0250000","HPA","Hippocampus",10995,381
"384","cyan",TRUE,1.76979415816291e-06,6738,159,127,0.79874213836478,0.0188483229444939,"HPA:0030051","HPA","Appendix; glandular cells[≥Low]",10995,38
"385","cyan",TRUE,2.3780186793375e-06,1830,159,52,0.327044025157233,0.0284153005464481,"HPA:0060103","HPA","Bronchus; respiratory epithelial cells[High]",10995,85
"386","cyan",TRUE,2.78392849047213e-06,6152,159,119,0.748427672955975,0.0193433029908973,"HPA:0080131","HPA","Caudate; neuronal cells[≥Low]",10995,94
"387","cyan",TRUE,4.83085752756875e-06,2427,159,62,0.389937106918239,0.0255459414915534,"HPA:0550053","HPA","Stomach 2; glandular cells[High]",10995,804
"388","cyan",TRUE,4.94083319847021e-06,2719,159,67,0.421383647798742,0.0246414122839279,"HPA:0530722","HPA","Spleen; cells in white pulp[≥Medium]",10995,795
"389","cyan",TRUE,5.36355833994674e-06,754,159,29,0.182389937106918,0.0384615384615385,"HPA:0471392","HPA","Skin 2; cells in basal layer[≥Medium]",10995,696
"390","cyan",TRUE,5.89247076278914e-06,4982,159,102,0.641509433962264,0.0204737053392212,"HPA:0100132","HPA","Cerebral cortex; neuronal cells[≥Medium]",10995,190
"391","cyan",TRUE,7.87875132626569e-06,5651,159,111,0.69811320754717,0.0196425411431605,"HPA:0050091","HPA","Breast; myoepithelial cells[≥Low]",10995,61
"392","cyan",TRUE,8.79134000808292e-06,4403,159,93,0.584905660377358,0.0211219622984329,"HPA:0360052","HPA","Parathyroid gland; glandular cells[≥Medium]",10995,523
"393","cyan",TRUE,9.50904756655206e-06,6115,159,117,0.735849056603774,0.0191332788225675,"HPA:0600441","HPA","Tonsil; non-germinal center cells[≥Low]",10995,861
"394","cyan",TRUE,1.03554766965844e-05,961,159,33,0.207547169811321,0.0343392299687825,"HPA:0471391","HPA","Skin 2; cells in basal layer[≥Low]",10995,695
"395","cyan",TRUE,1.24250287721573e-05,788,159,29,0.182389937106918,0.0368020304568528,"HPA:0471461","HPA","Skin 2; langerhans cells[≥Low]",10995,725
"396","cyan",TRUE,1.42309729122334e-05,3985,159,86,0.540880503144654,0.0215809284818068,"HPA:0310442","HPA","Lymph node; non-germinal center cells[≥Medium]",10995,464
"397","cyan",TRUE,1.46635364814679e-05,6697,159,124,0.779874213836478,0.0185157533223832,"HPA:0100131","HPA","Cerebral cortex; neuronal cells[≥Low]",10995,189
"398","cyan",TRUE,1.55039730104761e-05,1472,159,43,0.270440251572327,0.0292119565217391,"HPA:0430053","HPA","Seminal vesicle; glandular cells[High]",10995,621
"399","cyan",TRUE,1.82108721651556e-05,4338,159,91,0.572327044025157,0.0209774089442139,"HPA:0530721","HPA","Spleen; cells in white pulp[≥Low]",10995,794
"400","cyan",TRUE,1.91058295452008e-05,2415,159,60,0.377358490566038,0.0248447204968944,"HPA:0130053","HPA","Colon; glandular cells[High]",10995,233
"401","cyan",TRUE,1.92029654484602e-05,4888,159,99,0.622641509433962,0.020253682487725,"HPA:0300412","HPA","Lung; macrophages[≥Medium]",10995,457
"402","cyan",TRUE,1.92029654484602e-05,288,159,16,0.10062893081761,0.0555555555555556,"HPA:0271143","HPA","Kidney; proximal tubules (cell body)[High]",10995,425
"403","cyan",TRUE,1.96479411608896e-05,5891,159,113,0.710691823899371,0.0191818027499576,"HPA:0530000","HPA","Spleen",10995,790
"404","cyan",TRUE,2.07528815991233e-05,723,159,27,0.169811320754717,0.037344398340249,"HPA:0470671","HPA","Skin 2; melanocytes[≥Low]",10995,731
"405","cyan",TRUE,2.19110977616918e-05,682,159,26,0.163522012578616,0.0381231671554252,"HPA:0471412","HPA","Skin 2; cells in spinous layer[≥Medium]",10995,705
"406","cyan",TRUE,2.19906160314182e-05,2603,159,63,0.39622641509434,0.0242028428736074,"HPA:0150053","HPA","Duodenum; glandular cells[High]",10995,274
"407","cyan",TRUE,2.25812184218157e-05,2547,159,62,0.389937106918239,0.0243423635649784,"HPA:0480053","HPA","Small intestine; glandular cells[High]",10995,755
"408","cyan",TRUE,2.29873235971595e-05,1656,159,46,0.289308176100629,0.0277777777777778,"HPA:0210053","HPA","Fallopian tube; glandular cells[High]",10995,356
"409","cyan",TRUE,2.31359656108368e-05,5049,159,101,0.635220125786163,0.0200039611804318,"HPA:0310431","HPA","Lymph node; germinal center cells[≥Low]",10995,460
"410","cyan",TRUE,2.40959111976739e-05,6214,159,117,0.735849056603774,0.0188284518828452,"HPA:0250131","HPA","Hippocampus; neuronal cells[≥Low]",10995,385
"411","cyan",TRUE,3.14601976191132e-05,2574,159,62,0.389937106918239,0.0240870240870241,"HPA:0400053","HPA","Rectum; glandular cells[High]",10995,579
"412","cyan",TRUE,3.44721625513448e-05,269,159,15,0.0943396226415094,0.0557620817843866,"HPA:0271111","HPA","Kidney; bowman's capsule[≥Low]",10995,408
"413","cyan",TRUE,3.62530685946047e-05,884,159,30,0.188679245283019,0.0339366515837104,"HPA:0461441","HPA","Skin 1; fibrohistiocytic cells[≥Low]",10995,667
"414","cyan",TRUE,3.7687689342842e-05,840,159,29,0.182389937106918,0.0345238095238095,"HPA:0460201","HPA","Skin 1; endothelial cells[≥Low]",10995,658
"415","cyan",TRUE,3.97947583891186e-05,5894,159,112,0.70440251572327,0.0190023752969121,"HPA:0440341","HPA","Skeletal muscle; myocytes[≥Low]",10995,623
"416","cyan",TRUE,3.97947583891186e-05,5894,159,112,0.70440251572327,0.0190023752969121,"HPA:0440000","HPA","Skeletal muscle",10995,622
"417","cyan",TRUE,4.01079792134621e-05,4222,159,88,0.553459119496855,0.0208432022738039,"HPA:0250132","HPA","Hippocampus; neuronal cells[≥Medium]",10995,386
"418","cyan",TRUE,4.49775655906257e-05,849,159,29,0.182389937106918,0.0341578327444052,"HPA:0530723","HPA","Spleen; cells in white pulp[High]",10995,796
"419","cyan",TRUE,4.56223630541508e-05,759,159,27,0.169811320754717,0.0355731225296443,"HPA:0461411","HPA","Skin 1; cells in spinous layer[≥Low]",10995,652
"420","cyan",TRUE,4.6837827881809e-05,1652,159,45,0.283018867924528,0.0272397094430993,"HPA:0190223","HPA","Esophagus; squamous epithelial cells[High]",10995,327
"421","cyan",TRUE,4.82110200274908e-05,5197,159,102,0.641509433962264,0.01962670771599,"HPA:0510000","HPA","Soft tissue 2",10995,776
"422","cyan",TRUE,4.91305096781141e-05,7228,159,129,0.811320754716981,0.017847260653016,"HPA:0460000","HPA","Skin 1",10995,636
"423","cyan",TRUE,5.34638650243057e-05,9012,159,149,0.937106918238994,0.0165335108743897,"HPA:0570000","HPA","Testis",10995,818
"424","cyan",TRUE,5.98610714331289e-05,639,159,24,0.150943396226415,0.0375586854460094,"HPA:0470672","HPA","Skin 2; melanocytes[≥Medium]",10995,732
"425","cyan",TRUE,6.19776828935853e-05,6317,159,117,0.735849056603774,0.018521450055406,"HPA:0240000","HPA","Heart muscle",10995,377
"426","cyan",TRUE,6.19776828935853e-05,6317,159,117,0.735849056603774,0.018521450055406,"HPA:0241101","HPA","Heart muscle; cardiomyocytes[≥Low]",10995,378
"427","cyan",TRUE,6.77393600299569e-05,7182,159,128,0.805031446540881,0.0178223336118073,"HPA:0090000","HPA","Cerebellum",10995,103
"428","cyan",TRUE,7.18535706488673e-05,5814,159,110,0.691823899371069,0.0189198486412109,"HPA:0270362","HPA","Kidney; cells in tubules[≥Medium]",10995,415
"429","cyan",TRUE,7.68126682899967e-05,1020,159,32,0.20125786163522,0.0313725490196078,"HPA:0471441","HPA","Skin 2; fibrohistiocytic cells[≥Low]",10995,719
"430","cyan",TRUE,7.68126682899967e-05,7358,159,130,0.817610062893082,0.0176678445229682,"HPA:0300000","HPA","Lung",10995,443
"431","cyan",TRUE,8.21962682006632e-05,567,159,22,0.138364779874214,0.0388007054673721,"HPA:0271142","HPA","Kidney; proximal tubules (cell body)[≥Medium]",10995,424
"432","cyan",TRUE,8.53616987036267e-05,4369,159,89,0.559748427672956,0.0203707942320897,"HPA:0241102","HPA","Heart muscle; cardiomyocytes[≥Medium]",10995,379
"433","cyan",TRUE,9.20596245476157e-05,1229,159,36,0.226415094339623,0.0292921074043938,"HPA:0600433","HPA","Tonsil; germinal center cells[High]",10995,860
"434","cyan",TRUE,9.26616353470285e-05,887,159,29,0.182389937106918,0.0326944757609921,"HPA:0470201","HPA","Skin 2; endothelial cells[≥Low]",10995,710
"435","cyan",TRUE,9.73302279387837e-05,661,159,24,0.150943396226415,0.0363086232980333,"HPA:0471462","HPA","Skin 2; langerhans cells[≥Medium]",10995,726
"436","cyan",TRUE,0.000107233268505069,801,159,27,0.169811320754717,0.0337078651685393,"HPA:0471471","HPA","Skin 2; lymphocytes[≥Low]",10995,728
"437","cyan",TRUE,0.000109897541875097,1880,159,48,0.30188679245283,0.025531914893617,"HPA:0030053","HPA","Appendix; glandular cells[High]",10995,40
"438","cyan",TRUE,0.000109897541875097,3298,159,72,0.452830188679245,0.0218314129775622,"HPA:0310432","HPA","Lymph node; germinal center cells[≥Medium]",10995,461
"439","cyan",TRUE,0.000111462502104322,5292,159,102,0.641509433962264,0.0192743764172336,"HPA:0460671","HPA","Skin 1; melanocytes[≥Low]",10995,682
"440","cyan",TRUE,0.000114791896970472,3303,159,72,0.452830188679245,0.0217983651226158,"HPA:0340451","HPA","Ovary; follicle cells[≥Low]",10995,499
"441","cyan",TRUE,0.00013633327312964,1786,159,46,0.289308176100629,0.0257558790593505,"HPA:0320103","HPA","Nasopharynx; respiratory epithelial cells[High]",10995,487
"442","cyan",TRUE,0.000139433407977321,3702,159,78,0.490566037735849,0.0210696920583468,"HPA:0460672","HPA","Skin 1; melanocytes[≥Medium]",10995,683
"443","cyan",TRUE,0.000151991659154024,637,159,23,0.144654088050314,0.0361067503924647,"HPA:0461392","HPA","Skin 1; cells in basal layer[≥Medium]",10995,644
"444","cyan",TRUE,0.000156929409995598,868,159,28,0.176100628930818,0.032258064516129,"HPA:0290403","HPA","Liver; hepatocytes[High]",10995,442
"445","cyan",TRUE,0.00017221476798274,3983,159,82,0.515723270440252,0.0205874968616621,"HPA:0340461","HPA","Ovary; ovarian stroma cells[≥Low]",10995,508
"446","cyan",TRUE,0.000195722664083028,832,159,27,0.169811320754717,0.0324519230769231,"HPA:0471442","HPA","Skin 2; fibrohistiocytic cells[≥Medium]",10995,720
"447","cyan",TRUE,0.000198489778844066,5357,159,102,0.641509433962264,0.0190405077468732,"HPA:0500000","HPA","Soft tissue 1",10995,766
"448","cyan",TRUE,0.000209454568399409,2868,159,64,0.40251572327044,0.0223152022315202,"HPA:0220053","HPA","Gallbladder; glandular cells[High]",10995,363
"449","cyan",TRUE,0.000219719800659279,6768,159,121,0.761006289308176,0.0178782505910165,"HPA:0300411","HPA","Lung; macrophages[≥Low]",10995,456
"450","cyan",TRUE,0.000219719800659279,5441,159,103,0.647798742138365,0.0189303436868223,"HPA:0490691","HPA","Smooth muscle; smooth muscle cells[≥Low]",10995,763
"451","cyan",TRUE,0.000219719800659279,5441,159,103,0.647798742138365,0.0189303436868223,"HPA:0490000","HPA","Smooth muscle",10995,762
"452","cyan",TRUE,0.000247488152073092,252,159,13,0.0817610062893082,0.0515873015873016,"HPA:0151352","HPA","Duodenum; paneth cells[≥Medium]",10995,279
"453","cyan",TRUE,0.000252132259339046,2233,159,53,0.333333333333333,0.0237348858038513,"HPA:0160252","HPA","Endometrium 1; cells in endometrial stroma[≥Medium]",10995,308
"454","cyan",TRUE,0.000264875452371993,3771,159,78,0.490566037735849,0.020684168655529,"HPA:0050092","HPA","Breast; myoepithelial cells[≥Medium]",10995,62
"455","cyan",TRUE,0.000302512608706847,715,159,24,0.150943396226415,0.0335664335664336,"HPA:0461461","HPA","Skin 1; langerhans cells[≥Low]",10995,676
"456","cyan",TRUE,0.00030398672718549,4112,159,83,0.522012578616352,0.0201848249027237,"HPA:0080132","HPA","Caudate; neuronal cells[≥Medium]",10995,95
"457","cyan",TRUE,0.000317347837206804,4117,159,83,0.522012578616352,0.0201603109059995,"HPA:0090162","HPA","Cerebellum; Purkinje cells[≥Medium]",10995,117
"458","cyan",TRUE,0.000350886442862271,160,159,10,0.0628930817610063,0.0625,"HPA:0471452","HPA","Skin 2; hair follicles[≥Medium]",10995,723
"459","cyan",TRUE,0.000364819520587522,2036,159,49,0.308176100628931,0.0240667976424362,"HPA:0610833","HPA","Urinary bladder; urothelial cells[High]",10995,870
"460","cyan",TRUE,0.000364819520587522,3937,159,80,0.50314465408805,0.0203200406400813,"HPA:0010011","HPA","Adipose tissue; adipocytes[≥Low]",10995,3
"461","cyan",TRUE,0.000364819520587522,3937,159,80,0.50314465408805,0.0203200406400813,"HPA:0010000","HPA","Adipose tissue",10995,2
"462","cyan",TRUE,0.000381361049095229,591,159,21,0.132075471698113,0.0355329949238579,"HPA:0461412","HPA","Skin 1; cells in spinous layer[≥Medium]",10995,653
"463","cyan",TRUE,0.000386949319846064,462,159,18,0.113207547169811,0.038961038961039,"HPA:0271122","HPA","Kidney; collecting ducts[≥Medium]",10995,418
"464","cyan",TRUE,0.000395362470352923,5161,159,98,0.616352201257862,0.018988568106956,"HPA:0270351","HPA","Kidney; cells in glomeruli[≥Low]",10995,411
"465","cyan",TRUE,0.000427377238449764,1880,159,46,0.289308176100629,0.024468085106383,"HPA:0590053","HPA","Thyroid gland; glandular cells[High]",10995,856
"466","cyan",TRUE,0.00043821468911385,1550,159,40,0.251572327044025,0.0258064516129032,"HPA:0360053","HPA","Parathyroid gland; glandular cells[High]",10995,524
"467","cyan",TRUE,0.000448636679344653,4627,159,90,0.566037735849057,0.019451048195375,"HPA:0100201","HPA","Cerebral cortex; endothelial cells[≥Low]",10995,183
"468","cyan",TRUE,0.00047878679387081,309,159,14,0.0880503144654088,0.0453074433656958,"HPA:0271133","HPA","Kidney; distal tubules[High]",10995,422
"469","cyan",TRUE,0.000505533439709322,273,159,13,0.0817610062893082,0.0476190476190476,"HPA:0271123","HPA","Kidney; collecting ducts[High]",10995,419
"470","cyan",TRUE,0.000554708715112364,2248,159,52,0.327044025157233,0.0231316725978648,"HPA:0340452","HPA","Ovary; follicle cells[≥Medium]",10995,500
"471","cyan",TRUE,0.000598630903542775,278,159,13,0.0817610062893082,0.0467625899280576,"HPA:0151351","HPA","Duodenum; paneth cells[≥Low]",10995,278
"472","cyan",TRUE,0.000652527185000631,1472,159,38,0.238993710691824,0.0258152173913043,"HPA:0160053","HPA","Endometrium 1; glandular cells[High]",10995,312
"473","cyan",TRUE,0.000665653416263045,4007,159,80,0.50314465408805,0.0199650611429998,"HPA:0470682","HPA","Skin 2; epidermal cells[≥Medium]",10995,714
"474","cyan",TRUE,0.000685970933115506,712,159,23,0.144654088050314,0.0323033707865169,"HPA:0461471","HPA","Skin 1; lymphocytes[≥Low]",10995,679
"475","cyan",TRUE,0.000729448189858671,577,159,20,0.125786163522013,0.0346620450606586,"HPA:0461462","HPA","Skin 1; langerhans cells[≥Medium]",10995,677
"476","cyan",TRUE,0.000777465668772292,3960,159,79,0.49685534591195,0.0199494949494949,"HPA:0291161","HPA","Liver; cholangiocytes[≥Low]",10995,437
"477","cyan",TRUE,0.00077880296345754,719,159,23,0.144654088050314,0.0319888734353268,"HPA:0470181","HPA","Skin 2; cells in granular layer[≥Low]",10995,701
"478","cyan",TRUE,0.00080468533583646,2284,159,52,0.327044025157233,0.0227670753064799,"HPA:0020053","HPA","Adrenal gland; glandular cells[High]",10995,18
"479","cyan",TRUE,0.000853268133635152,1771,159,43,0.270440251572327,0.0242800677583286,"HPA:0570733","HPA","Testis; Leydig cells[High]",10995,821
"480","cyan",TRUE,0.000917832854220555,728,159,23,0.144654088050314,0.0315934065934066,"HPA:0271141","HPA","Kidney; proximal tubules (cell body)[≥Low]",10995,423
"481","cyan",TRUE,0.00103073363554138,2789,159,60,0.377358490566038,0.0215130871280029,"HPA:0090192","HPA","Cerebellum; cells in molecular layer[≥Medium]",10995,135
"482","cyan",TRUE,0.00108616028570263,4198,159,82,0.515723270440252,0.0195331110052406,"HPA:0600442","HPA","Tonsil; non-germinal center cells[≥Medium]",10995,862
"483","cyan",TRUE,0.00109051990361726,1139,159,31,0.19496855345912,0.0272168568920105,"HPA:0620223","HPA","Vagina; squamous epithelial cells[High]",10995,874
"484","cyan",TRUE,0.00109051990361726,597,159,20,0.125786163522013,0.033500837520938,"HPA:0271121","HPA","Kidney; collecting ducts[≥Low]",10995,417
"485","cyan",TRUE,0.00111421904567256,260,159,12,0.0754716981132075,0.0461538461538462,"HPA:0481351","HPA","Small intestine; paneth cells[≥Low]",10995,759
"486","cyan",TRUE,0.00111519994278811,553,159,19,0.119496855345912,0.0343580470162749,"HPA:0271132","HPA","Kidney; distal tubules[≥Medium]",10995,421
"487","cyan",TRUE,0.00123829768433385,226,159,11,0.0691823899371069,0.0486725663716814,"HPA:0481352","HPA","Small intestine; paneth cells[≥Medium]",10995,760
"488","cyan",TRUE,0.00140977423115447,3514,159,71,0.446540880503145,0.0202048947068867,"HPA:0170251","HPA","Endometrium 2; cells in endometrial stroma[≥Low]",10995,314
"489","cyan",TRUE,0.00161374536396161,197,159,10,0.0628930817610063,0.050761421319797,"HPA:0471451","HPA","Skin 2; hair follicles[≥Low]",10995,722
"490","cyan",TRUE,0.0017574219809736,1173,159,31,0.19496855345912,0.0264279624893436,"HPA:0241103","HPA","Heart muscle; cardiomyocytes[High]",10995,380
"491","cyan",TRUE,0.00196698475453245,167,159,9,0.0566037735849057,0.0538922155688623,"HPA:0151353","HPA","Duodenum; paneth cells[High]",10995,280
"492","cyan",TRUE,0.00200000160364612,4076,159,79,0.49685534591195,0.0193817468105986,"HPA:0160251","HPA","Endometrium 1; cells in endometrial stroma[≥Low]",10995,307
"493","cyan",TRUE,0.00200082058635279,203,159,10,0.0628930817610063,0.0492610837438424,"HPA:0271112","HPA","Kidney; bowman's capsule[≥Medium]",10995,409
"494","cyan",TRUE,0.00202449807020538,3622,159,72,0.452830188679245,0.0198785201546107,"HPA:0351182","HPA","Pancreas; pancreatic endocrine cells[≥Medium]",10995,519
"495","cyan",TRUE,0.00204212034041122,1456,159,36,0.226415094339623,0.0247252747252747,"HPA:0040083","HPA","Bone marrow; hematopoietic cells[High]",10995,53
"496","cyan",TRUE,0.00265832392740058,7007,159,120,0.754716981132076,0.0171257314114457,"HPA:0270361","HPA","Kidney; cells in tubules[≥Low]",10995,414
"497","cyan",TRUE,0.00275797404103957,1481,159,36,0.226415094339623,0.0243079000675219,"HPA:0420053","HPA","Salivary gland; glandular cells[High]",10995,617
"498","cyan",TRUE,0.00275797404103957,646,159,20,0.125786163522013,0.0309597523219814,"HPA:0471472","HPA","Skin 2; lymphocytes[≥Medium]",10995,729
"499","cyan",TRUE,0.0028681225378509,4256,159,81,0.509433962264151,0.019031954887218,"HPA:0040082","HPA","Bone marrow; hematopoietic cells[≥Medium]",10995,52
"500","cyan",TRUE,0.00325339907754576,704,159,21,0.132075471698113,0.0298295454545455,"HPA:0271131","HPA","Kidney; distal tubules[≥Low]",10995,420
"501","cyan",TRUE,0.00345236626351295,1842,159,42,0.264150943396226,0.0228013029315961,"HPA:0180053","HPA","Epididymis; glandular cells[High]",10995,323
"502","cyan",TRUE,0.00358567943409552,710,159,21,0.132075471698113,0.0295774647887324,"HPA:0460181","HPA","Skin 1; cells in granular layer[≥Low]",10995,649
"503","cyan",TRUE,0.00383906641627074,1180,159,30,0.188679245283019,0.0254237288135593,"HPA:0630053","HPA","Cervix; glandular cells[High]",10995,204
"504","cyan",TRUE,0.00392153333811863,150,159,8,0.050314465408805,0.0533333333333333,"HPA:0481353","HPA","Small intestine; paneth cells[High]",10995,761
"505","cyan",TRUE,0.0041165215724222,1802,159,41,0.257861635220126,0.0227524972253052,"HPA:0170252","HPA","Endometrium 2; cells in endometrial stroma[≥Medium]",10995,315
"506","cyan",TRUE,0.00421089423391866,5332,159,96,0.60377358490566,0.0180045011252813,"HPA:0530711","HPA","Spleen; cells in red pulp[≥Low]",10995,791
"507","cyan",TRUE,0.00449410088090265,4995,159,91,0.572327044025157,0.0182182182182182,"HPA:0100211","HPA","Cerebral cortex; neuropil[≥Low]",10995,195
"508","cyan",TRUE,0.00462435767952027,4122,159,78,0.490566037735849,0.0189228529839884,"HPA:0510651","HPA","Soft tissue 2; fibroblasts[≥Low]",10995,780
"509","cyan",TRUE,0.00465654921257235,441,159,15,0.0943396226415094,0.0340136054421769,"HPA:0481302","HPA","Small intestine; enterocytes[≥Medium]",10995,745
"510","cyan",TRUE,0.00532474987975276,2792,159,57,0.358490566037736,0.0204154727793696,"HPA:0500701","HPA","Soft tissue 1; peripheral nerve[≥Low]",10995,773
"511","cyan",TRUE,0.00539878710940665,234,159,10,0.0628930817610063,0.0427350427350427,"HPA:0151303","HPA","Duodenum; enterocytes[High]",10995,262
"512","cyan",TRUE,0.00542078506356318,942,159,25,0.157232704402516,0.0265392781316348,"HPA:0310433","HPA","Lymph node; germinal center cells[High]",10995,462
"513","cyan",TRUE,0.00597944979779397,2316,159,49,0.308176100628931,0.0211571675302245,"HPA:0080122","HPA","Caudate; glial cells[≥Medium]",10995,92
"514","cyan",TRUE,0.00605297811114898,5667,159,100,0.628930817610063,0.0176460208223046,"HPA:0130201","HPA","Colon; endothelial cells[≥Low]",10995,216
"515","cyan",TRUE,0.00619210912508977,4231,159,79,0.49685534591195,0.0186717088158828,"HPA:0500651","HPA","Soft tissue 1; fibroblasts[≥Low]",10995,770
"516","cyan",TRUE,0.00619210912508977,410,159,14,0.0880503144654088,0.0341463414634146,"HPA:0480891","HPA","Small intestine; goblet cells[≥Low]",10995,756
"517","cyan",TRUE,0.00633908155337122,1334,159,32,0.20125786163522,0.0239880059970015,"HPA:0170053","HPA","Endometrium 2; glandular cells[High]",10995,319
"518","cyan",TRUE,0.00635996788893196,698,159,20,0.125786163522013,0.0286532951289398,"HPA:0461442","HPA","Skin 1; fibrohistiocytic cells[≥Medium]",10995,668
"519","cyan",TRUE,0.00657108077127885,459,159,15,0.0943396226415094,0.0326797385620915,"HPA:0481292","HPA","Small intestine; endocrine cells[≥Medium]",10995,742
"520","cyan",TRUE,0.00676143443540311,3783,159,72,0.452830188679245,0.0190325138778747,"HPA:0440342","HPA","Skeletal muscle; myocytes[≥Medium]",10995,624
"521","cyan",TRUE,0.00700961915012389,1233,159,30,0.188679245283019,0.024330900243309,"HPA:0301372","HPA","Lung; alveolar cells type II[≥Medium]",10995,451
"522","cyan",TRUE,0.00749565876082903,1350,159,32,0.20125786163522,0.0237037037037037,"HPA:0050053","HPA","Breast; glandular cells[High]",10995,60
"523","cyan",TRUE,0.00760906432557428,562,159,17,0.106918238993711,0.0302491103202847,"HPA:0470182","HPA","Skin 2; cells in granular layer[≥Medium]",10995,702
"524","cyan",TRUE,0.00768342494471267,1637,159,37,0.232704402515723,0.0226023213194869,"HPA:0570752","HPA","Testis; elongated or late spermatids[≥Medium]",10995,826
"525","cyan",TRUE,0.00858609799346052,1533,159,35,0.220125786163522,0.0228310502283105,"HPA:0301371","HPA","Lung; alveolar cells type II[≥Low]",10995,450
"526","cyan",TRUE,0.00883595571361201,1035,159,26,0.163522012578616,0.0251207729468599,"HPA:0630223","HPA","Cervix; squamous epithelial cells[High]",10995,207
"527","cyan",TRUE,0.00941870664304665,341,159,12,0.0754716981132075,0.0351906158357771,"HPA:0480892","HPA","Small intestine; goblet cells[≥Medium]",10995,757
"528","cyan",TRUE,0.00992922135627321,177,159,8,0.050314465408805,0.0451977401129944,"HPA:0401333","HPA","Rectum; mucosal lymphoid cells[High]",10995,585
"529","cyan",TRUE,0.0100125802173859,4573,159,83,0.522012578616352,0.0181500109337415,"HPA:0080121","HPA","Caudate; glial cells[≥Low]",10995,91
"530","cyan",TRUE,0.0100576616487186,1900,159,41,0.257861635220126,0.0215789473684211,"HPA:0570781","HPA","Testis; preleptotene spermatocytes[≥Low]",10995,834
"531","cyan",TRUE,0.0101612619715644,1324,159,31,0.19496855345912,0.0234138972809668,"HPA:0600443","HPA","Tonsil; non-germinal center cells[High]",10995,863
"532","cyan",TRUE,0.0101612619715644,2568,159,52,0.327044025157233,0.0202492211838006,"HPA:0570812","HPA","Testis; spermatogonia cells[≥Medium]",10995,844
"533","cyan",TRUE,0.0120945165413594,493,159,15,0.0943396226415094,0.0304259634888438,"HPA:0481291","HPA","Small intestine; endocrine cells[≥Low]",10995,741
"534","cyan",TRUE,0.0134455984128117,404,159,13,0.0817610062893082,0.0321782178217822,"HPA:0150891","HPA","Duodenum; goblet cells[≥Low]",10995,275
"535","cyan",TRUE,0.0135587973646783,5030,159,89,0.559748427672956,0.0176938369781312,"HPA:0130241","HPA","Colon; peripheral nerve/ganglion[≥Low]",10995,240
"536","cyan",TRUE,0.0143830534157132,455,159,14,0.0880503144654088,0.0307692307692308,"HPA:0471473","HPA","Skin 2; lymphocytes[High]",10995,730
"537","cyan",TRUE,0.0148288230605256,2065,159,43,0.270440251572327,0.0208232445520581,"HPA:0340462","HPA","Ovary; ovarian stroma cells[≥Medium]",10995,509
"538","cyan",TRUE,0.0166874066379645,4451,159,80,0.50314465408805,0.0179734891035722,"HPA:0090191","HPA","Cerebellum; cells in molecular layer[≥Low]",10995,134
"539","cyan",TRUE,0.0170021739848112,821,159,21,0.132075471698113,0.02557856272838,"HPA:0530713","HPA","Spleen; cells in red pulp[High]",10995,793
"540","cyan",TRUE,0.0172388002981863,1549,159,34,0.213836477987421,0.0219496449322143,"HPA:0090163","HPA","Cerebellum; Purkinje cells[High]",10995,118
"541","cyan",TRUE,0.018022644294681,1210,159,28,0.176100628930818,0.0231404958677686,"HPA:0310443","HPA","Lymph node; non-germinal center cells[High]",10995,465
"542","cyan",TRUE,0.0190390460917437,4072,159,74,0.465408805031447,0.0181728880157171,"HPA:0460651","HPA","Skin 1; fibroblasts[≥Low]",10995,664
"543","cyan",TRUE,0.0203053177498009,427,159,13,0.0817610062893082,0.0304449648711944,"HPA:0151302","HPA","Duodenum; enterocytes[≥Medium]",10995,261
"544","cyan",TRUE,0.020711037041452,245,159,9,0.0566037735849057,0.036734693877551,"HPA:0481303","HPA","Small intestine; enterocytes[High]",10995,746
"545","cyan",TRUE,0.0208131180829398,203,159,8,0.050314465408805,0.0394088669950739,"HPA:0151342","HPA","Duodenum; glands of Brunner[≥Medium]",10995,270
"546","cyan",TRUE,0.0209138230706906,335,159,11,0.0691823899371069,0.0328358208955224,"HPA:0150892","HPA","Duodenum; goblet cells[≥Medium]",10995,276
"547","cyan",TRUE,0.0219721700033415,1934,159,40,0.251572327044025,0.0206825232678387,"HPA:0380523","HPA","Placenta; trophoblastic cells[High]",10995,553
"548","cyan",TRUE,0.0228464881527772,3123,159,59,0.371069182389937,0.0188920909382004,"HPA:0490692","HPA","Smooth muscle; smooth muscle cells[≥Medium]",10995,764
"549","cyan",TRUE,0.0229168398986229,207,159,8,0.050314465408805,0.0386473429951691,"HPA:0150893","HPA","Duodenum; goblet cells[High]",10995,277
"550","cyan",TRUE,0.0229205172914425,2680,159,52,0.327044025157233,0.0194029850746269,"HPA:0100122","HPA","Cerebral cortex; glial cells[≥Medium]",10995,187
"551","cyan",TRUE,0.0229410164357055,636,159,17,0.106918238993711,0.0267295597484277,"HPA:0470202","HPA","Skin 2; endothelial cells[≥Medium]",10995,711
"552","cyan",TRUE,0.024722213878979,539,159,15,0.0943396226415094,0.0278293135435993,"HPA:0151301","HPA","Duodenum; enterocytes[≥Low]",10995,260
"553","cyan",TRUE,0.0253324857646955,802,159,20,0.125786163522013,0.0249376558603491,"HPA:0351183","HPA","Pancreas; pancreatic endocrine cells[High]",10995,520
"554","cyan",TRUE,0.025828676378198,492,159,14,0.0880503144654088,0.0284552845528455,"HPA:0151291","HPA","Duodenum; endocrine cells[≥Low]",10995,257
"555","cyan",TRUE,0.0264614082948294,132,159,6,0.0377358490566038,0.0454545454545455,"HPA:0471481","HPA","Skin 2; sebaceous glands[≥Low]",10995,734
"556","cyan",TRUE,0.0266688693376729,1961,159,40,0.251572327044025,0.0203977562468129,"HPA:0291162","HPA","Liver; cholangiocytes[≥Medium]",10995,438
"557","cyan",TRUE,0.0280523637222893,448,159,13,0.0817610062893082,0.0290178571428571,"HPA:0151292","HPA","Duodenum; endocrine cells[≥Medium]",10995,258
"558","cyan",TRUE,0.0288210254919094,450,159,13,0.0817610062893082,0.0288888888888889,"HPA:0401291","HPA","Rectum; endocrine cells[≥Low]",10995,559
"559","cyan",TRUE,0.0288210254919094,217,159,8,0.050314465408805,0.0368663594470046,"HPA:0131303","HPA","Colon; enterocytes[High]",10995,221
"560","cyan",TRUE,0.0305918064281603,2536,159,49,0.308176100628931,0.0193217665615142,"HPA:0570801","HPA","Testis; sertoli cells[≥Low]",10995,840
"561","cyan",TRUE,0.0336167051386216,5678,159,96,0.60377358490566,0.016907361747094,"HPA:0470681","HPA","Skin 2; epidermal cells[≥Low]",10995,713
"562","cyan",TRUE,0.034160995551643,3061,159,57,0.358490566037736,0.0186213655668082,"HPA:0570811","HPA","Testis; spermatogonia cells[≥Low]",10995,843
"563","cyan",TRUE,0.0354850791729393,226,159,8,0.050314465408805,0.0353982300884956,"HPA:0030432","HPA","Appendix; germinal center cells[≥Medium]",10995,36
"564","cyan",TRUE,0.0365499602971147,620,159,16,0.10062893081761,0.0258064516129032,"HPA:0340453","HPA","Ovary; follicle cells[High]",10995,501
"565","cyan",TRUE,0.0365897309605048,367,159,11,0.0691823899371069,0.0299727520435967,"HPA:0461451","HPA","Skin 1; hair follicles[≥Low]",10995,670
"566","cyan",TRUE,0.0375633154350604,2631,159,50,0.314465408805031,0.0190041809198024,"HPA:0460642","HPA","Skin 1; Langerhans[≥Medium]",10995,638
"567","cyan",TRUE,0.0378942483796107,571,159,15,0.0943396226415094,0.0262697022767075,"HPA:0481301","HPA","Small intestine; enterocytes[≥Low]",10995,744
"568","cyan",TRUE,0.0394383898555685,2325,159,45,0.283018867924528,0.0193548387096774,"HPA:0570791","HPA","Testis; round or early spermatids[≥Low]",10995,837
"569","cyan",TRUE,0.0403673678677597,4141,159,73,0.459119496855346,0.0176285921275054,"HPA:0250121","HPA","Hippocampus; glial cells[≥Low]",10995,382
"570","cyan",TRUE,0.0412992397900449,108,159,5,0.0314465408805031,0.0462962962962963,"HPA:0400652","HPA","Rectum; fibroblasts[≥Medium]",10995,575
"571","cyan",TRUE,0.0414657365387356,72,159,4,0.0251572327044025,0.0555555555555556,"HPA:0471422","HPA","Skin 2; eccrine glands[≥Medium]",10995,708
"572","cyan",TRUE,0.0438769065311262,1848,159,37,0.232704402515723,0.020021645021645,"HPA:0100133","HPA","Cerebral cortex; neuronal cells[High]",10995,191
"573","cyan",TRUE,0.0445972235920256,1371,159,29,0.182389937106918,0.0211524434719183,"HPA:0300413","HPA","Lung; macrophages[High]",10995,458
"574","cyan",TRUE,0.0446602963040779,2159,159,42,0.264150943396226,0.0194534506716072,"HPA:0270363","HPA","Kidney; cells in tubules[High]",10995,416
"575","cyan",TRUE,0.0446602963040779,1490,159,31,0.19496855345912,0.0208053691275168,"HPA:0570782","HPA","Testis; preleptotene spermatocytes[≥Medium]",10995,835
"576","cyan",TRUE,0.046450649016031,286,159,9,0.0566037735849057,0.0314685314685315,"HPA:0030431","HPA","Appendix; germinal center cells[≥Low]",10995,35
"577","cyan",TRUE,0.0464702861738429,75,159,4,0.0251572327044025,0.0533333333333333,"HPA:0471381","HPA","Skin 2; arrector pili muscle cells[≥Low]",10995,692
"578","cyan",TRUE,0.0470714402167888,287,159,9,0.0566037735849057,0.0313588850174216,"HPA:0481293","HPA","Small intestine; endocrine cells[High]",10995,743
"579","cyan",TRUE,0.0473626271019447,4919,159,84,0.528301886792453,0.0170766415938199,"HPA:0100121","HPA","Cerebral cortex; glial cells[≥Low]",10995,186
"580","cyan",TRUE,0.0473786584664173,435,159,12,0.0754716981132075,0.0275862068965517,"HPA:0160253","HPA","Endometrium 1; cells in endometrial stroma[High]",10995,309
"581","cyan",TRUE,0.0473786584664173,3710,159,66,0.415094339622642,0.0177897574123989,"HPA:0130202","HPA","Colon; endothelial cells[≥Medium]",10995,217
"582","cyan",TRUE,0.0494577954565422,2364,159,45,0.283018867924528,0.0190355329949239,"HPA:0570761","HPA","Testis; pachytene spermatocytes[≥Low]",10995,828
"583","cyan",TRUE,3.02733413572804e-20,153,111,26,0.234234234234234,0.169934640522876,"KEGG:03010","KEGG","Ribosome",8484,208
"584","cyan",TRUE,8.95291584156576e-10,231,111,20,0.18018018018018,0.0865800865800866,"KEGG:05171","KEGG","Coronavirus disease - COVID-19",8484,452
"585","cyan",TRUE,0.00041761488100634,305,111,15,0.135135135135135,0.0491803278688525,"KEGG:05016","KEGG","Huntington disease",8484,414
"586","cyan",TRUE,0.00205798910583535,134,111,9,0.0810810810810811,0.0671641791044776,"KEGG:00190","KEGG","Oxidative phosphorylation",8484,18
"587","cyan",TRUE,0.00480524740082229,154,111,9,0.0810810810810811,0.0584415584415584,"KEGG:04932","KEGG","Non-alcoholic fatty liver disease",8484,389
"588","cyan",TRUE,0.0133747872360278,221,111,10,0.0900900900900901,0.0452488687782805,"KEGG:05208","KEGG","Chemical carcinogenesis - reactive oxygen species",8484,460
"589","cyan",TRUE,0.0133747872360278,148,111,8,0.0720720720720721,0.0540540540540541,"KEGG:04723","KEGG","Retrograde endocannabinoid signaling",8484,353
"590","cyan",TRUE,0.015056328283004,232,111,10,0.0900900900900901,0.0431034482758621,"KEGG:04714","KEGG","Thermogenesis",8484,349
"591","cyan",TRUE,0.0193102196121693,202,111,9,0.0810810810810811,0.0445544554455446,"KEGG:05415","KEGG","Diabetic cardiomyopathy",8484,492
"592","cyan",TRUE,0.032607583940528,265,111,10,0.0900900900900901,0.0377358490566038,"KEGG:05012","KEGG","Parkinson disease",8484,412
"593","cyan",TRUE,0.0348755666210313,271,111,10,0.0900900900900901,0.03690036900369,"KEGG:05020","KEGG","Prion disease",8484,416
"594","cyan",TRUE,5.43157545253988e-27,292,147,40,0.272108843537415,0.136986301369863,"REAC:R-HSA-72766","REAC","Translation",11004,2583
"595","cyan",TRUE,6.49966864024586e-18,94,147,21,0.142857142857143,0.223404255319149,"REAC:R-HSA-156842","REAC","Eukaryotic Translation Elongation",11004,877
"596","cyan",TRUE,2.06531763354374e-17,102,147,21,0.142857142857143,0.205882352941176,"REAC:R-HSA-72689","REAC","Formation of a pool of free 40S subunits",11004,961
"597","cyan",TRUE,2.06531763354374e-17,133,147,23,0.156462585034014,0.172932330827068,"REAC:R-HSA-168273","REAC","Influenza Viral RNA Transcription and Replication",11004,1199
"598","cyan",TRUE,2.06531763354374e-17,90,147,20,0.136054421768707,0.222222222222222,"REAC:R-HSA-156902","REAC","Peptide chain elongation",11004,1736
"599","cyan",TRUE,2.06531763354374e-17,90,147,20,0.136054421768707,0.222222222222222,"REAC:R-HSA-192823","REAC","Viral mRNA Translation",11004,2668
"600","cyan",TRUE,3.92665997146974e-17,94,147,20,0.136054421768707,0.212765957446809,"REAC:R-HSA-2408557","REAC","Selenocysteine synthesis",11004,2205
"601","cyan",TRUE,3.92665997146974e-17,94,147,20,0.136054421768707,0.212765957446809,"REAC:R-HSA-72764","REAC","Eukaryotic Translation Termination",11004,879
"602","cyan",TRUE,5.46171844659198e-17,96,147,20,0.136054421768707,0.208333333333333,"REAC:R-HSA-975956","REAC","Nonsense Mediated Decay (NMD) independent of the Exon Junction Complex (EJC)",11004,1619
"603","cyan",TRUE,6.3947025148383e-17,112,147,21,0.142857142857143,0.1875,"REAC:R-HSA-156827","REAC","L13a-mediated translational silencing of Ceruloplasmin expression",11004,1306
"604","cyan",TRUE,6.47321301363016e-17,113,147,21,0.142857142857143,0.185840707964602,"REAC:R-HSA-72706","REAC","GTP hydrolysis and joining of the 60S ribosomal subunit",11004,1040
"605","cyan",TRUE,6.47321301363016e-17,113,147,21,0.142857142857143,0.185840707964602,"REAC:R-HSA-1799339","REAC","SRP-dependent cotranslational protein targeting to membrane",11004,2173
"606","cyan",TRUE,1.36016143256797e-16,102,147,20,0.136054421768707,0.196078431372549,"REAC:R-HSA-9633012","REAC","Response of EIF2AK4 (GCN2) to amino acid deficiency",11004,2103
"607","cyan",TRUE,1.79523850108595e-16,120,147,21,0.142857142857143,0.175,"REAC:R-HSA-72737","REAC","Cap-dependent Translation Initiation",11004,306
"608","cyan",TRUE,1.79523850108595e-16,154,147,23,0.156462585034014,0.149350649350649,"REAC:R-HSA-168255","REAC","Influenza Infection",11004,1198
"609","cyan",TRUE,1.79523850108595e-16,120,147,21,0.142857142857143,0.175,"REAC:R-HSA-72613","REAC","Eukaryotic Translation Initiation",11004,878
"610","cyan",TRUE,5.1643382981305e-16,202,147,25,0.170068027210884,0.123762376237624,"REAC:R-HSA-72312","REAC","rRNA processing",11004,2750
"611","cyan",TRUE,1.34716886325941e-15,116,147,20,0.136054421768707,0.172413793103448,"REAC:R-HSA-975957","REAC","Nonsense Mediated Decay (NMD) enhanced by the Exon Junction Complex (EJC)",11004,1618
"612","cyan",TRUE,1.34716886325941e-15,116,147,20,0.136054421768707,0.172413793103448,"REAC:R-HSA-927802","REAC","Nonsense-Mediated Decay (NMD)",11004,1620
"613","cyan",TRUE,1.52659153713432e-15,117,147,20,0.136054421768707,0.170940170940171,"REAC:R-HSA-2408522","REAC","Selenoamino acid metabolism",11004,2204
"614","cyan",TRUE,1.56357869729837e-15,192,147,24,0.163265306122449,0.125,"REAC:R-HSA-8868773","REAC","rRNA processing in the nucleus and cytosol",11004,2752
"615","cyan",TRUE,2.80125710588944e-15,157,147,22,0.149659863945578,0.140127388535032,"REAC:R-HSA-9711097","REAC","Cellular response to starvation",11004,339
"616","cyan",TRUE,1.71550454831092e-14,171,147,22,0.149659863945578,0.128654970760234,"REAC:R-HSA-9010553","REAC","Regulation of expression of SLITs and ROBOs",11004,2047
"617","cyan",TRUE,6.27151555897189e-14,182,147,22,0.149659863945578,0.120879120879121,"REAC:R-HSA-6791226","REAC","Major pathway of rRNA processing in the nucleolus and cytosol",11004,1402
"618","cyan",TRUE,1.05890217099508e-13,363,147,29,0.197278911564626,0.0798898071625344,"REAC:R-HSA-71291","REAC","Metabolism of amino acids and derivatives",11004,1434
"619","cyan",TRUE,5.19234337954376e-13,87,147,16,0.108843537414966,0.183908045977011,"REAC:R-HSA-5368286","REAC","Mitochondrial translation initiation",11004,1488
"620","cyan",TRUE,5.19234337954376e-13,87,147,16,0.108843537414966,0.183908045977011,"REAC:R-HSA-5389840","REAC","Mitochondrial translation elongation",11004,1487
"621","cyan",TRUE,5.19234337954376e-13,87,147,16,0.108843537414966,0.183908045977011,"REAC:R-HSA-5419276","REAC","Mitochondrial translation termination",11004,1489
"622","cyan",TRUE,1.50590327253551e-12,93,147,16,0.108843537414966,0.172043010752688,"REAC:R-HSA-5368287","REAC","Mitochondrial translation",11004,1486
"623","cyan",TRUE,2.03516927529712e-12,217,147,22,0.149659863945578,0.101382488479263,"REAC:R-HSA-376176","REAC","Signaling by ROBO receptors",11004,2318
"624","cyan",TRUE,3.32463870826312e-11,710,147,36,0.244897959183673,0.0507042253521127,"REAC:R-HSA-8953854","REAC","Metabolism of RNA",11004,1432
"625","cyan",TRUE,1.37361805566642e-10,2100,147,64,0.435374149659864,0.0304761904761905,"REAC:R-HSA-1430728","REAC","Metabolism",11004,1430
"626","cyan",TRUE,8.57456321002763e-10,796,147,36,0.244897959183673,0.0452261306532663,"REAC:R-HSA-2262752","REAC","Cellular responses to stress",11004,342
"627","cyan",TRUE,1.36425315599678e-09,810,147,36,0.244897959183673,0.0444444444444444,"REAC:R-HSA-8953897","REAC","Cellular responses to stimuli",11004,341
"628","cyan",TRUE,4.85265188895093e-08,112,147,13,0.0884353741496599,0.116071428571429,"REAC:R-HSA-611105","REAC","Respiratory electron transport",11004,2097
"629","cyan",TRUE,5.73114240523562e-08,57,147,10,0.0680272108843537,0.175438596491228,"REAC:R-HSA-6799198","REAC","Complex I biogenesis",11004,393
"630","cyan",TRUE,8.14417134425774e-07,543,147,25,0.170068027210884,0.0460405156537753,"REAC:R-HSA-422475","REAC","Axon guidance",11004,196
"631","cyan",TRUE,1.19166969168502e-06,2064,147,55,0.374149659863946,0.0266472868217054,"REAC:R-HSA-392499","REAC","Metabolism of proteins",11004,1448
"632","cyan",TRUE,1.84781175837332e-06,568,147,25,0.170068027210884,0.0440140845070423,"REAC:R-HSA-9675108","REAC","Nervous system development",11004,1596
"633","cyan",TRUE,5.88952735322095e-06,52,147,8,0.054421768707483,0.153846153846154,"REAC:R-HSA-72695","REAC","Formation of the ternary complex, and subsequently, the 43S complex",11004,986
"634","cyan",TRUE,7.25302339619096e-06,37,147,7,0.0476190476190476,0.189189189189189,"REAC:R-HSA-9735869","REAC","SARS-CoV-1 modulates host translation machinery",11004,2132
"635","cyan",TRUE,1.08490690903225e-05,209,147,14,0.0952380952380952,0.0669856459330144,"REAC:R-HSA-1428517","REAC","Aerobic respiration and respiratory electron transport",11004,128
"636","cyan",TRUE,1.45805654318159e-05,59,147,8,0.054421768707483,0.135593220338983,"REAC:R-HSA-72649","REAC","Translation initiation complex formation",11004,2584
"637","cyan",TRUE,1.45805654318159e-05,59,147,8,0.054421768707483,0.135593220338983,"REAC:R-HSA-72702","REAC","Ribosomal scanning and start codon recognition",11004,2122
"638","cyan",TRUE,1.62656750461159e-05,60,147,8,0.054421768707483,0.133333333333333,"REAC:R-HSA-72662","REAC","Activation of the mRNA upon binding of the cap-binding complex and eIFs, and subsequent binding to 43S",11004,106
"639","cyan",TRUE,6.21826500516147e-05,51,147,7,0.0476190476190476,0.137254901960784,"REAC:R-HSA-9754678","REAC","SARS-CoV-2 modulates host translation machinery",11004,2141
"640","cyan",TRUE,0.000141011200809103,873,147,28,0.19047619047619,0.0320733104238259,"REAC:R-HSA-9824446","REAC","Viral Infection Pathways",11004,2665
"641","cyan",TRUE,0.00348712297148191,95,147,7,0.0476190476190476,0.0736842105263158,"REAC:R-HSA-9692914","REAC","SARS-CoV-1-host interactions",11004,2135
"642","cyan",TRUE,0.00422478047115823,1062,147,28,0.19047619047619,0.0263653483992467,"REAC:R-HSA-5663205","REAC","Infectious disease",11004,1196
"643","cyan",TRUE,0.00696170914927144,140,147,8,0.054421768707483,0.0571428571428571,"REAC:R-HSA-9678108","REAC","SARS-CoV-1 Infection",11004,2130
"644","cyan",TRUE,0.00754975728285021,30,147,4,0.0272108843537415,0.133333333333333,"REAC:R-HSA-167243","REAC","Tat-mediated HIV elongation arrest and recovery",11004,2501
"645","cyan",TRUE,0.00754975728285021,30,147,4,0.0272108843537415,0.133333333333333,"REAC:R-HSA-167238","REAC","Pausing and recovery of Tat-mediated HIV elongation",11004,1733
"646","cyan",TRUE,0.00813078685681318,111,147,7,0.0476190476190476,0.0630630630630631,"REAC:R-HSA-157579","REAC","Telomere Maintenance",11004,2506
"647","cyan",TRUE,0.00917432473750011,32,147,4,0.0272108843537415,0.125,"REAC:R-HSA-167287","REAC","HIV elongation arrest and recovery",11004,1119
"648","cyan",TRUE,0.00917432473750011,32,147,4,0.0272108843537415,0.125,"REAC:R-HSA-167290","REAC","Pausing and recovery of HIV elongation",11004,1732
"649","cyan",TRUE,0.0103573700926802,15,147,3,0.0204081632653061,0.2,"REAC:R-HSA-1614558","REAC","Degradation of cysteine and homocysteine",11004,729
"650","cyan",TRUE,0.0177209894803779,18,147,3,0.0204081632653061,0.166666666666667,"REAC:R-HSA-8851708","REAC","Signaling by FGFR2 IIIa TM",11004,2262
"651","cyan",TRUE,0.020857285330957,98,147,6,0.0408163265306122,0.0612244897959184,"REAC:R-HSA-9837999","REAC","Mitochondrial protein degradation",11004,1480
"652","cyan",TRUE,0.0232217766201648,42,147,4,0.0272108843537415,0.0952380952380952,"REAC:R-HSA-167169","REAC","HIV Transcription Elongation",11004,1117
"653","cyan",TRUE,0.0232217766201648,42,147,4,0.0272108843537415,0.0952380952380952,"REAC:R-HSA-167246","REAC","Tat-mediated elongation of the HIV-1 transcript",11004,2502
"654","cyan",TRUE,0.0232217766201648,42,147,4,0.0272108843537415,0.0952380952380952,"REAC:R-HSA-167200","REAC","Formation of HIV-1 elongation complex containing HIV-1 Tat",11004,955
"655","cyan",TRUE,0.0246118074560345,138,147,7,0.0476190476190476,0.0507246376811594,"REAC:R-HSA-73886","REAC","Chromosome Maintenance",11004,359
"656","cyan",TRUE,0.0246252942797307,6,147,2,0.0136054421768707,0.333333333333333,"REAC:R-HSA-1614517","REAC","Sulfide oxidation to sulfate",11004,2374
"657","cyan",TRUE,0.0246252942797307,6,147,2,0.0136054421768707,0.333333333333333,"REAC:R-HSA-2142770","REAC","Synthesis of 15-eicosatetraenoic acid derivatives",11004,2389
"658","cyan",TRUE,0.0258918354336796,44,147,4,0.0272108843537415,0.0909090909090909,"REAC:R-HSA-167152","REAC","Formation of HIV elongation complex in the absence of HIV Tat",11004,954
"659","cyan",TRUE,0.0277767713871359,22,147,3,0.0204081632653061,0.136363636363636,"REAC:R-HSA-167242","REAC","Abortive elongation of HIV-1 transcript in the absence of Tat",11004,52
"660","cyan",TRUE,0.0311611487232639,23,147,3,0.0204081632653061,0.130434782608696,"REAC:R-HSA-203927","REAC","MicroRNA (miRNA) biogenesis",11004,1462
"661","cyan",TRUE,0.0316974059387739,7,147,2,0.0136054421768707,0.285714285714286,"REAC:R-HSA-2142712","REAC","Synthesis of 12-eicosatetraenoic acid derivatives",11004,2388
"662","cyan",TRUE,0.0316974059387739,7,147,2,0.0136054421768707,0.285714285714286,"REAC:R-HSA-110357","REAC","Displacement of DNA glycosylase by APEX1",11004,786
"663","cyan",TRUE,0.0330723066538404,48,147,4,0.0272108843537415,0.0833333333333333,"REAC:R-HSA-72165","REAC","mRNA Splicing - Minor Pathway",11004,2726
"664","cyan",TRUE,0.0374521413068105,25,147,3,0.0204081632653061,0.12,"REAC:R-HSA-6803529","REAC","FGFR2 alternative splicing",11004,913
"665","cyan",TRUE,0.0397984625727401,1384,147,30,0.204081632653061,0.0216763005780347,"REAC:R-HSA-1266738","REAC","Developmental Biology",11004,741
"666","cyan",TRUE,0.0402273619135777,26,147,3,0.0204081632653061,0.115384615384615,"REAC:R-HSA-77075","REAC","RNA Pol II CTD phosphorylation and interaction with CE",11004,1895
"667","cyan",TRUE,0.0402273619135777,26,147,3,0.0204081632653061,0.115384615384615,"REAC:R-HSA-167160","REAC","RNA Pol II CTD phosphorylation and interaction with CE during HIV infection",11004,1896
"668","cyan",TRUE,0.0444444860043225,159,147,7,0.0476190476190476,0.0440251572327044,"REAC:R-HSA-9609507","REAC","Protein localization",11004,1831
"669","cyan",TRUE,0.0460516192619905,1843,147,37,0.251700680272109,0.0200759631036354,"REAC:R-HSA-1643685","REAC","Disease",11004,754
"670","cyan",TRUE,0.0460516192619905,9,147,2,0.0136054421768707,0.222222222222222,"REAC:R-HSA-2142688","REAC","Synthesis of 5-eicosatetraenoic acids",11004,2390
"671","cyan",TRUE,0.0460516192619905,28,147,3,0.0204081632653061,0.107142857142857,"REAC:R-HSA-72086","REAC","mRNA Capping",11004,2720
"672","cyan",TRUE,0.0460516192619905,28,147,3,0.0204081632653061,0.107142857142857,"REAC:R-HSA-1614635","REAC","Sulfur amino acid metabolism",11004,2375
"673","cyan",TRUE,0.0460516192619905,28,147,3,0.0204081632653061,0.107142857142857,"REAC:R-HSA-5601884","REAC","PIWI-interacting RNA (piRNA) biogenesis",11004,1698
"674","cyan",TRUE,0.0495529006066138,56,147,4,0.0272108843537415,0.0714285714285714,"REAC:R-HSA-429914","REAC","Deadenylation-dependent mRNA decay",11004,456
"675","cyan",TRUE,0.0495529006066138,29,147,3,0.0204081632653061,0.103448275862069,"REAC:R-HSA-1839126","REAC","FGFR2 mutant receptor activation",11004,915
"676","cyan",TRUE,1.39104108829284e-14,15421,224,218,0.973214285714286,0.0141365670190001,"TF:M08526_1","TF","Factor: E2F-3:HES-7; motif: NNNSGCGCSNNNNNCRCGYGNN; match class: 1",20092,1521
"677","cyan",TRUE,2.34355151106122e-14,14532,224,212,0.946428571428571,0.0145884943572805,"TF:M00716_1","TF","Factor: ZF5; motif: GSGCGCGR; match class: 1",20092,9475
"678","cyan",TRUE,4.59716253349693e-14,11136,224,184,0.821428571428571,0.0165229885057471,"TF:M11430","TF","Factor: PEA3; motif: NACCGGAAGTN",20092,6702
"679","cyan",TRUE,3.55703454207719e-13,13560,224,203,0.90625,0.0149705014749263,"TF:M11603_1","TF","Factor: TCF-1; motif: ACATCGRGRCGCTGW; match class: 1",20092,8633
"680","cyan",TRUE,1.3002304595095e-12,5507,224,118,0.526785714285714,0.0214272743780643,"TF:M09901","TF","Factor: nerf; motif: NNNCCGGAAGTGN",20092,5658
"681","cyan",TRUE,5.04765330535882e-12,8369,224,151,0.674107142857143,0.0180427769148046,"TF:M11424","TF","Factor: Erm; motif: NNSCGGAWGYN",20092,2110
"682","cyan",TRUE,5.04765330535882e-12,7740,224,144,0.642857142857143,0.0186046511627907,"TF:M01078","TF","Factor: c-Ets-1; motif: NNNRCCGGAWRYNNNN",20092,836
"683","cyan",TRUE,7.25995071855917e-12,6451,224,128,0.571428571428571,0.019841884979073,"TF:M09606","TF","Factor: nerf; motif: NRRNSCGGAAGNRNNNN",20092,1776
"684","cyan",TRUE,7.95494900676369e-12,8883,224,156,0.696428571428571,0.0175616345829112,"TF:M12600","TF","Factor: ELF1; motif: NNNASCCGGAAGTGGNNNN",20092,1764
"685","cyan",TRUE,1.35837327360988e-11,16523,224,220,0.982142857142857,0.0133147733462446,"TF:M00716","TF","Factor: ZF5; motif: GSGCGCGR",20092,9474
"686","cyan",TRUE,2.34338436825952e-11,3269,224,83,0.370535714285714,0.0253900275313552,"TF:M12600_1","TF","Factor: ELF1; motif: NNNASCCGGAAGTGGNNNN; match class: 1",20092,1765
"687","cyan",TRUE,2.5816898535256e-11,7076,224,134,0.598214285714286,0.0189372526851328,"TF:M11451","TF","Factor: Elf-1; motif: NANCCGGAAGTN",20092,1758
"688","cyan",TRUE,2.64262920598559e-11,10864,224,175,0.78125,0.0161082474226804,"TF:M11427","TF","Factor: PEA3; motif: NACCGGAAGTN",20092,6696
"689","cyan",TRUE,3.51457535760384e-11,15301,224,212,0.946428571428571,0.0138553035749297,"TF:M10438_1","TF","Factor: ZF5; motif: GGSGCGCGS; match class: 1",20092,9479
"690","cyan",TRUE,3.91907475969862e-11,2746,224,74,0.330357142857143,0.0269482884195193,"TF:M09611","TF","Factor: ER81; motif: NNNGRCMGGAAGYRNNNNNNNS",20092,2006
"691","cyan",TRUE,3.91907475969862e-11,16106,224,217,0.96875,0.013473239786415,"TF:M12599_1","TF","Factor: E2F4; motif: YCCCGCCNCNNSSNNSNN; match class: 1",20092,1555
"692","cyan",TRUE,3.91907475969862e-11,10321,224,169,0.754464285714286,0.0163743823272939,"TF:M02052","TF","Factor: EHF; motif: CSCGGAARTN",20092,1716
"693","cyan",TRUE,4.12803180230965e-11,8450,224,149,0.665178571428571,0.0176331360946746,"TF:M11434","TF","Factor: Elk-1; motif: NRSCGGAAGNN",20092,1902
"694","cyan",TRUE,4.12803180230965e-11,8364,224,148,0.660714285714286,0.0176948828311813,"TF:M09904","TF","Factor: Elk-1; motif: RCCGGAAGTGN",20092,1896
"695","cyan",TRUE,4.53926456185147e-11,14924,224,209,0.933035714285714,0.0140042883945323,"TF:M11529_1","TF","Factor: E2F-2; motif: GCGCGCGCNCS; match class: 1",20092,1507
"696","cyan",TRUE,5.63621053615213e-11,5889,224,118,0.526785714285714,0.0200373577857022,"TF:M11435_1","TF","Factor: Elk-1; motif: NNCCGGAAGTN; match class: 1",20092,1905
"697","cyan",TRUE,5.63621053615213e-11,9413,224,159,0.709821428571429,0.0168915329862955,"TF:M01783","TF","Factor: SP2; motif: GGGCGGGAC",20092,8074
"698","cyan",TRUE,6.3014308395475e-11,15697,224,214,0.955357142857143,0.0136331783143276,"TF:M08525_1","TF","Factor: E2F-1:HES-7; motif: GGCRCGTGSYNNWNGGCGCSM; match class: 1",20092,1471
"699","cyan",TRUE,6.7935067897414e-11,8518,224,149,0.665178571428571,0.0174923691007279,"TF:M08759","TF","Factor: c-Ets-2; motif: NCCGGAAGTG",20092,2234
"700","cyan",TRUE,8.00510673293101e-11,7919,224,142,0.633928571428571,0.0179315570147746,"TF:M11447","TF","Factor: Elf-1; motif: NAMCCGGAAGTN",20092,1750
"701","cyan",TRUE,8.00510673293101e-11,13104,224,194,0.866071428571429,0.0148046398046398,"TF:M08441_1","TF","Factor: AP-2gamma:Elk-1; motif: NGCCKNRGGSGRCGGAAGTG; match class: 1",20092,8815
"702","cyan",TRUE,8.00510673293101e-11,8010,224,143,0.638392857142857,0.017852684144819,"TF:M04714","TF","Factor: Elf-1; motif: ACTTCCGGG",20092,1736
"703","cyan",TRUE,8.84641767223156e-11,7589,224,138,0.616071428571429,0.0181842139939386,"TF:M11425","TF","Factor: PEA3; motif: NACCGGAAGTN",20092,6694
"704","cyan",TRUE,9.64644620916787e-11,11058,224,175,0.78125,0.0158256465907036,"TF:M13031","TF","Factor: ETV4; motif: ACCGGAAGTN",20092,2346
"705","cyan",TRUE,1.06932131711402e-10,5809,224,116,0.517857142857143,0.0199690135995868,"TF:M12601","TF","Factor: ELF4; motif: NCCACTTCCGGNNNN",20092,1824
"706","cyan",TRUE,1.14181355772981e-10,8951,224,153,0.683035714285714,0.0170930622276841,"TF:M12666","TF","Factor: SP1; motif: GGCCCCGCCCCCN",20092,8060
"707","cyan",TRUE,1.30594156374318e-10,5987,224,118,0.526785714285714,0.0197093703023217,"TF:M02073","TF","Factor: Fli-1; motif: ACCGGAAGYN",20092,2520
"708","cyan",TRUE,1.85886236375822e-10,16651,224,219,0.977678571428571,0.0131523632214281,"TF:M10438","TF","Factor: ZF5; motif: GGSGCGCGS",20092,9478
"709","cyan",TRUE,2.03677699052095e-10,4157,224,93,0.415178571428571,0.0223719028145297,"TF:M02052_1","TF","Factor: EHF; motif: CSCGGAARTN; match class: 1",20092,1717
"710","cyan",TRUE,2.03677699052095e-10,5255,224,108,0.482142857142857,0.0205518553758325,"TF:M01660_1","TF","Factor: GABP-alpha; motif: CTTCCK; match class: 1",20092,2993
"711","cyan",TRUE,2.36228946777472e-10,11370,224,177,0.790178571428571,0.0155672823218997,"TF:M01660","TF","Factor: GABP-alpha; motif: CTTCCK",20092,2992
"712","cyan",TRUE,2.41640558374329e-10,7191,224,132,0.589285714285714,0.0183562786816854,"TF:M02065_1","TF","Factor: ER81; motif: RCCGGAARYN; match class: 1",20092,2005
"713","cyan",TRUE,3.50928870418031e-10,14371,224,203,0.90625,0.014125669751583,"TF:M09894_1","TF","Factor: E2F-4; motif: SNGGGCGGGAANN; match class: 1",20092,1551
"714","cyan",TRUE,4.78460801978711e-10,7340,224,133,0.59375,0.0181198910081744,"TF:M11428","TF","Factor: PEA3; motif: NACCGGAAGTN",20092,6698
"715","cyan",TRUE,5.89884057564586e-10,10757,224,170,0.758928571428571,0.0158036627312448,"TF:M08205_1","TF","Factor: E2F-1:Elk-1; motif: SGCGCSNNAMCGGAAGT; match class: 1",20092,1465
"716","cyan",TRUE,6.34992449576808e-10,7800,224,138,0.616071428571429,0.0176923076923077,"TF:M11448","TF","Factor: Elf-1; motif: NANGCGGAAGTN",20092,1752
"717","cyan",TRUE,6.34992449576808e-10,12006,224,182,0.8125,0.0151590871231051,"TF:M11435","TF","Factor: Elk-1; motif: NNCCGGAAGTN",20092,1904
"718","cyan",TRUE,6.43604550085537e-10,13582,224,196,0.875,0.0144308643793256,"TF:M00803","TF","Factor: E2F; motif: GGCGSG",20092,1590
"719","cyan",TRUE,8.2367392160553e-10,2911,224,73,0.325892857142857,0.0250772930264514,"TF:M11424_1","TF","Factor: Erm; motif: NNSCGGAWGYN; match class: 1",20092,2111
"720","cyan",TRUE,8.88929499811975e-10,14603,224,204,0.910714285714286,0.0139697322467986,"TF:M00986","TF","Factor: Churchill; motif: CGGGNN",20092,854
"721","cyan",TRUE,9.78327297311687e-10,9658,224,158,0.705357142857143,0.0163594947194036,"TF:M02059","TF","Factor: ELK-1; motif: ACCGGAAGTN",20092,1890
"722","cyan",TRUE,9.78327297311687e-10,7000,224,128,0.571428571428571,0.0182857142857143,"TF:M03982","TF","Factor: ETV4; motif: ACCGGAAGTN",20092,2342
"723","cyan",TRUE,1.03833002926427e-09,6433,224,121,0.540178571428571,0.0188092647287424,"TF:M11452","TF","Factor: Elf-1; motif: NANGCGGAAGTR",20092,1760
"724","cyan",TRUE,1.12168537194712e-09,7780,224,137,0.611607142857143,0.0176092544987147,"TF:M02063","TF","Factor: c-ets-1; motif: ACCGGAWGTN",20092,838
"725","cyan",TRUE,1.20736482152689e-09,6208,224,118,0.526785714285714,0.0190077319587629,"TF:M11419","TF","Factor: ER81; motif: NNCCGGAWGYN",20092,2012
"726","cyan",TRUE,1.35159503007037e-09,8504,224,145,0.647321428571429,0.0170507996237065,"TF:M09905","TF","Factor: SAP-1; motif: NNCCGGAAGTGN",20092,1932
"727","cyan",TRUE,1.35315169849491e-09,2951,224,73,0.325892857142857,0.0247373771602846,"TF:M12152_1","TF","Factor: Sp1; motif: NWRGCCACGCCCMCN; match class: 1",20092,8059
"728","cyan",TRUE,1.40993180289063e-09,13100,224,191,0.852678571428571,0.0145801526717557,"TF:M02065","TF","Factor: ER81; motif: RCCGGAARYN",20092,2004
"729","cyan",TRUE,1.43847547929755e-09,8249,224,142,0.633928571428571,0.0172142077827615,"TF:M02062","TF","Factor: Erg; motif: ACCGGAAGTN",20092,2072
"730","cyan",TRUE,1.49961463639616e-09,11183,224,173,0.772321428571429,0.0154699096843423,"TF:M02064","TF","Factor: c-ets-2; motif: ACCGGAWRTN",20092,842
"731","cyan",TRUE,1.61728313422087e-09,5380,224,107,0.477678571428571,0.0198884758364312,"TF:M03990","TF","Factor: GABPA; motif: ACCGGAAGTN",20092,2976
"732","cyan",TRUE,1.8118106433403e-09,16718,224,218,0.973214285714286,0.0130398373011126,"TF:M11603","TF","Factor: TCF-1; motif: ACATCGRGRCGCTGW",20092,8632
"733","cyan",TRUE,1.89410235832209e-09,11416,224,175,0.78125,0.0153293622985284,"TF:M11601_1","TF","Factor: TCF-1; motif: ACATCGRGRCGCTGW; match class: 1",20092,8629
"734","cyan",TRUE,1.94972445855326e-09,7251,224,130,0.580357142857143,0.0179285615777134,"TF:M12603","TF","Factor: ERM; motif: NNCACTTCCGGNN",20092,2112
"735","cyan",TRUE,2.34652461446464e-09,9674,224,157,0.700892857142857,0.0162290676038867,"TF:M01752","TF","Factor: ERG; motif: ACCGGAART",20092,2070
"736","cyan",TRUE,2.48503342828907e-09,14860,224,205,0.915178571428571,0.0137954239569314,"TF:M08205","TF","Factor: E2F-1:Elk-1; motif: SGCGCSNNAMCGGAAGT",20092,1464
"737","cyan",TRUE,2.58808939700159e-09,14996,224,206,0.919642857142857,0.0137369965324086,"TF:M07206","TF","Factor: E2F-1; motif: NGGGCGGGARV",20092,1476
"738","cyan",TRUE,3.08422805924714e-09,3014,224,73,0.325892857142857,0.0242203052422031,"TF:M11434_1","TF","Factor: Elk-1; motif: NRSCGGAAGNN; match class: 1",20092,1903
"739","cyan",TRUE,3.39067970776467e-09,3626,224,82,0.366071428571429,0.0226144511858798,"TF:M13032_1","TF","Factor: ETV5; motif: ACCGGAAGTN; match class: 1",20092,2383
"740","cyan",TRUE,3.53340224702608e-09,8531,224,144,0.642857142857143,0.0168796155198687,"TF:M08913","TF","Factor: FLI-1; motif: NAYTTCCGGT",20092,2528
"741","cyan",TRUE,3.8826138560401e-09,3846,224,85,0.379464285714286,0.0221008840353614,"TF:M02059_1","TF","Factor: ELK-1; motif: ACCGGAAGTN; match class: 1",20092,1891
"742","cyan",TRUE,4.88131244734656e-09,2659,224,67,0.299107142857143,0.0251974426476119,"TF:M11447_1","TF","Factor: Elf-1; motif: NAMCCGGAAGTN; match class: 1",20092,1751
"743","cyan",TRUE,5.60323168122389e-09,2732,224,68,0.303571428571429,0.0248901903367496,"TF:M04714_1","TF","Factor: Elf-1; motif: ACTTCCGGG; match class: 1",20092,1737
"744","cyan",TRUE,5.82682748743794e-09,5350,224,105,0.46875,0.0196261682242991,"TF:M09900","TF","Factor: Elf-1; motif: NNANCCGGAAGTGS",20092,1744
"745","cyan",TRUE,6.41727865418275e-09,4904,224,99,0.441964285714286,0.0201876019575856,"TF:M03970","TF","Factor: ELK1; motif: ACCGGAAGTN",20092,1892
"746","cyan",TRUE,6.97756071817517e-09,15644,224,210,0.9375,0.0134236768090003,"TF:M04826_1","TF","Factor: p300; motif: ACNTCCG; match class: 1",20092,1995
"747","cyan",TRUE,7.30170452156648e-09,4992,224,100,0.446428571428571,0.0200320512820513,"TF:M02070_1","TF","Factor: TEL1; motif: CNCGGAANNN; match class: 1",20092,8775
"748","cyan",TRUE,7.68618687091522e-09,7063,224,126,0.5625,0.0178394449950446,"TF:M02069","TF","Factor: Erm; motif: ACCGGAAGTN",20092,2102
"749","cyan",TRUE,9.10604302725417e-09,16718,224,217,0.96875,0.0129800215336763,"TF:M11529","TF","Factor: E2F-2; motif: GCGCGCGCNCS",20092,1506
"750","cyan",TRUE,1.20090119709737e-08,17263,224,220,0.982142857142857,0.0127440190001738,"TF:M08526","TF","Factor: E2F-3:HES-7; motif: NNNSGCGCSNNNNNCRCGYGNN",20092,1520
"751","cyan",TRUE,1.5699206594163e-08,13047,224,188,0.839285714285714,0.0144094427837817,"TF:M08309","TF","Factor: GCMa:Elk-1; motif: RTGNGGGCGGAAGNN",20092,3152
"752","cyan",TRUE,1.59521511821623e-08,4104,224,87,0.388392857142857,0.0211988304093567,"TF:M03975_1","TF","Factor: ERG; motif: ACCGGAARTN; match class: 1",20092,2075
"753","cyan",TRUE,1.61381896037149e-08,3003,224,71,0.316964285714286,0.0236430236430236,"TF:M03988_1","TF","Factor: FLI1; motif: ACCGGAARTN; match class: 1",20092,2523
"754","cyan",TRUE,1.61831659748703e-08,4543,224,93,0.415178571428571,0.0204710543693595,"TF:M09935","TF","Factor: GABP-alpha; motif: NNNRCCGGAAGTGN",20092,2984
"755","cyan",TRUE,2.0384567903737e-08,5012,224,99,0.441964285714286,0.0197525937749401,"TF:M13031_1","TF","Factor: ETV4; motif: ACCGGAAGTN; match class: 1",20092,2347
"756","cyan",TRUE,2.0384567903737e-08,7334,224,128,0.571428571428571,0.0174529588219253,"TF:M00144_1","TF","Factor: Pax-5; motif: RRMSWGANWYCTNRAGCGKRACSRYNSM; match class: 1",20092,6571
"757","cyan",TRUE,2.04114791472228e-08,4713,224,95,0.424107142857143,0.0201570125185657,"TF:M11427_1","TF","Factor: PEA3; motif: NACCGGAAGTN; match class: 1",20092,6697
"758","cyan",TRUE,2.23430826473266e-08,15500,224,208,0.928571428571429,0.0134193548387097,"TF:M00333","TF","Factor: ZF5; motif: NRNGNGCGCGCWN",20092,9486
"759","cyan",TRUE,2.27658494300774e-08,1557,224,47,0.209821428571429,0.0301862556197816,"TF:M12601_1","TF","Factor: ELF4; motif: NCCACTTCCGGNNNN; match class: 1",20092,1825
"760","cyan",TRUE,2.34625950944777e-08,2771,224,67,0.299107142857143,0.0241789967520751,"TF:M02062_1","TF","Factor: Erg; motif: ACCGGAAGTN; match class: 1",20092,2073
"761","cyan",TRUE,2.3536718992734e-08,3787,224,82,0.366071428571429,0.0216530235014523,"TF:M01752_1","TF","Factor: ERG; motif: ACCGGAART; match class: 1",20092,2071
"762","cyan",TRUE,2.38815264410416e-08,2329,224,60,0.267857142857143,0.025762129669386,"TF:M02066_1","TF","Factor: PEA3; motif: RCCGGAAGYN; match class: 1",20092,6691
"763","cyan",TRUE,2.55947116038164e-08,15000,224,204,0.910714285714286,0.0136,"TF:M11530","TF","Factor: E2F-2; motif: NWTTTGGCGCCAWWNN",20092,1508
"764","cyan",TRUE,2.55947116038164e-08,4590,224,93,0.415178571428571,0.0202614379084967,"TF:M02071_1","TF","Factor: ETV7; motif: NCCGGAANNN; match class: 1",20092,2391
"765","cyan",TRUE,2.63879849546967e-08,10540,224,163,0.727678571428571,0.0154648956356736,"TF:M00803_1","TF","Factor: E2F; motif: GGCGSG; match class: 1",20092,1591
"766","cyan",TRUE,2.92683857694506e-08,4678,224,94,0.419642857142857,0.0200940572894399,"TF:M02064_1","TF","Factor: c-ets-2; motif: ACCGGAWRTN; match class: 1",20092,843
"767","cyan",TRUE,2.92683857694506e-08,2220,224,58,0.258928571428571,0.0261261261261261,"TF:M03922_1","TF","Factor: SP4; motif: NWRGCCACGCCCMCTYN; match class: 1",20092,8109
"768","cyan",TRUE,2.96686169045884e-08,7729,224,132,0.589285714285714,0.0170785353862078,"TF:M02055","TF","Factor: ESE-1; motif: NSMGGAARTN",20092,2130
"769","cyan",TRUE,2.96686169045884e-08,7729,224,132,0.589285714285714,0.0170785353862078,"TF:M01214","TF","Factor: ESE-1; motif: NSMGGAARTN",20092,2134
"770","cyan",TRUE,2.96686169045884e-08,3057,224,71,0.316964285714286,0.0232253843637553,"TF:M09905_1","TF","Factor: SAP-1; motif: NNCCGGAAGTGN; match class: 1",20092,1933
"771","cyan",TRUE,3.0380434946705e-08,2349,224,60,0.267857142857143,0.0255427841634738,"TF:M10436_1","TF","Factor: YY1; motif: CAANATGGCGGC; match class: 1",20092,9269
"772","cyan",TRUE,3.06435062023628e-08,4538,224,92,0.410714285714286,0.0202732481269282,"TF:M12666_1","TF","Factor: SP1; motif: GGCCCCGCCCCCN; match class: 1",20092,8061
"773","cyan",TRUE,3.18134327895718e-08,2998,224,70,0.3125,0.0233488992661775,"TF:M08759_1","TF","Factor: c-Ets-2; motif: NCCGGAAGTG; match class: 1",20092,2235
"774","cyan",TRUE,3.18134327895718e-08,10570,224,163,0.727678571428571,0.0154210028382214,"TF:M11382","TF","Factor: ESE-1; motif: NWTRCGGAWGCN",20092,1802
"775","cyan",TRUE,3.34623387683472e-08,11774,224,175,0.78125,0.0148632580261593,"TF:M11066","TF","Factor: HES-7; motif: GNCACGYGNN",20092,3492
"776","cyan",TRUE,3.83859803711668e-08,5941,224,110,0.491071428571429,0.0185154014475678,"TF:M09605","TF","Factor: Elf-1; motif: NAANCMGGAAGTGN",20092,1742
"777","cyan",TRUE,4.13989432349441e-08,8381,224,139,0.620535714285714,0.0165851330390168,"TF:M10436","TF","Factor: YY1; motif: CAANATGGCGGC",20092,9268
"778","cyan",TRUE,4.15904809719122e-08,5018,224,98,0.4375,0.0195296931048226,"TF:M11430_1","TF","Factor: PEA3; motif: NACCGGAAGTN; match class: 1",20092,6703
"779","cyan",TRUE,4.32104960023524e-08,9382,224,150,0.669642857142857,0.0159880622468557,"TF:M12186","TF","Factor: BTEB4; motif: NCCACGCCCM",20092,4714
"780","cyan",TRUE,4.32104960023524e-08,4796,224,95,0.424107142857143,0.0198081734778982,"TF:M03977_1","TF","Factor: ETS1; motif: ACCGGAARYN; match class: 1",20092,2225
"781","cyan",TRUE,4.32104960023524e-08,2957,224,69,0.308035714285714,0.0233344606019614,"TF:M09913","TF","Factor: ER81; motif: NNCCGGAAGYG",20092,2008
"782","cyan",TRUE,4.56049562221892e-08,15206,224,205,0.915178571428571,0.013481520452453,"TF:M11601","TF","Factor: TCF-1; motif: ACATCGRGRCGCTGW",20092,8628
"783","cyan",TRUE,4.56049562221892e-08,2443,224,61,0.272321428571429,0.0249693000409333,"TF:M07415_1","TF","Factor: Elf-1; motif: AWCCCGGAAGTN; match class: 1",20092,1741
"784","cyan",TRUE,4.70602739282608e-08,10336,224,160,0.714285714285714,0.0154798761609907,"TF:M03924","TF","Factor: YY1; motif: NNCGCCATTNN",20092,9256
"785","cyan",TRUE,4.70602739282608e-08,9673,224,153,0.683035714285714,0.015817223198594,"TF:M13032","TF","Factor: ETV5; motif: ACCGGAAGTN",20092,2382
"786","cyan",TRUE,4.70602739282608e-08,3788,224,81,0.361607142857143,0.0213833157338965,"TF:M03924_1","TF","Factor: YY1; motif: NNCGCCATTNN; match class: 1",20092,9257
"787","cyan",TRUE,4.93433594258324e-08,2388,224,60,0.267857142857143,0.0251256281407035,"TF:M11425_1","TF","Factor: PEA3; motif: NACCGGAAGTN; match class: 1",20092,6695
"788","cyan",TRUE,4.93433594258324e-08,2388,224,60,0.267857142857143,0.0251256281407035,"TF:M11448_1","TF","Factor: Elf-1; motif: NANGCGGAAGTN; match class: 1",20092,1753
"789","cyan",TRUE,5.13312070117245e-08,17616,224,221,0.986607142857143,0.0125454132606721,"TF:M12599","TF","Factor: E2F4; motif: YCCCGCCNCNNSSNNSNN",20092,1554
"790","cyan",TRUE,5.33826177745636e-08,8957,224,145,0.647321428571429,0.0161884559562353,"TF:M11404","TF","Factor: Fli-1; motif: NACCGGAARTN",20092,2544
"791","cyan",TRUE,5.60048231950142e-08,13676,224,192,0.857142857142857,0.0140391927464171,"TF:M11531","TF","Factor: E2F-2; motif: GCGCGCGCGYW",20092,1510
"792","cyan",TRUE,5.90485927334738e-08,6075,224,111,0.495535714285714,0.0182716049382716,"TF:M02067","TF","Factor: ER71; motif: ACCGGAARYN",20092,1996
"793","cyan",TRUE,6.07509677407035e-08,1564,224,46,0.205357142857143,0.0294117647058824,"TF:M11432_1","TF","Factor: Elk-1; motif: NACMGGAAGTN; match class: 1",20092,1899
"794","cyan",TRUE,6.34774843782499e-08,6325,224,114,0.508928571428571,0.0180237154150198,"TF:M09817_1","TF","Factor: PAX5; motif: RNGCGTGACCNN; match class: 1",20092,6583
"795","cyan",TRUE,6.36223182448208e-08,11763,224,174,0.776785714285714,0.0147921448610048,"TF:M11882_1","TF","Factor: pax-6; motif: NYACGCNYSANYGMNCN; match class: 1",20092,6597
"796","cyan",TRUE,6.36223182448208e-08,12811,224,184,0.821428571428571,0.0143626570915619,"TF:M11052","TF","Factor: Hey2; motif: NNCACGYGNN",20092,3516
"797","cyan",TRUE,6.57488121253575e-08,10192,224,158,0.705357142857143,0.0155023547880691,"TF:M12597_1","TF","Factor: E2F1; motif: GSGCGGGAAN; match class: 1",20092,1483
"798","cyan",TRUE,6.93613632270199e-08,8902,224,144,0.642857142857143,0.016176140193215,"TF:M11392","TF","Factor: Erg; motif: NACCGGAARYN",20092,2086
"799","cyan",TRUE,7.27368558458782e-08,16645,224,215,0.959821428571429,0.0129167918293782,"TF:M09894","TF","Factor: E2F-4; motif: SNGGGCGGGAANN",20092,1550
"800","cyan",TRUE,7.32708053561532e-08,13827,224,193,0.861607142857143,0.0139581977290808,"TF:M11530_1","TF","Factor: E2F-2; motif: NWTTTGGCGCCAWWNN; match class: 1",20092,1509
"801","cyan",TRUE,7.45194231752934e-08,13603,224,191,0.852678571428571,0.0140410203631552,"TF:M01240_1","TF","Factor: BEN; motif: CAGCGRNV; match class: 1",20092,513
"802","cyan",TRUE,7.64243569375779e-08,4489,224,90,0.401785714285714,0.0200490086879038,"TF:M01783_1","TF","Factor: SP2; motif: GGGCGGGAC; match class: 1",20092,8075
"803","cyan",TRUE,7.70040261945881e-08,2173,224,56,0.25,0.0257708237459733,"TF:M07052","TF","Factor: NRF-1; motif: GCGCMTGCGCN",20092,6224
"804","cyan",TRUE,7.71237726946738e-08,1753,224,49,0.21875,0.0279520821448945,"TF:M09606_1","TF","Factor: nerf; motif: NRRNSCGGAAGNRNNNN; match class: 1",20092,1777
"805","cyan",TRUE,8.11893185615722e-08,2239,224,57,0.254464285714286,0.025457793657883,"TF:M13367","TF","Factor: ZBTB11; motif: CACTTCCGG",20092,9330
"806","cyan",TRUE,8.34443562843206e-08,6280,224,113,0.504464285714286,0.0179936305732484,"TF:M11432","TF","Factor: Elk-1; motif: NACMGGAAGTN",20092,1898
"807","cyan",TRUE,8.75213700567998e-08,14434,224,198,0.883928571428571,0.0137176111957877,"TF:M12597","TF","Factor: E2F1; motif: GSGCGGGAAN",20092,1482
"808","cyan",TRUE,9.01433958757409e-08,2824,224,66,0.294642857142857,0.023371104815864,"TF:M09904_1","TF","Factor: Elk-1; motif: RCCGGAAGTGN; match class: 1",20092,1897
"809","cyan",TRUE,9.11259647863397e-08,16674,224,215,0.959821428571429,0.0128943264963416,"TF:M09636","TF","Factor: MAZ; motif: GGGMGGGGSSGGGGGGGGGGGG",20092,5146
"810","cyan",TRUE,9.27617625833049e-08,2502,224,61,0.272321428571429,0.0243804956035172,"TF:M01078_1","TF","Factor: c-Ets-1; motif: NNNRCCGGAWRYNNNN; match class: 1",20092,837
"811","cyan",TRUE,9.38196234325742e-08,5736,224,106,0.473214285714286,0.0184797768479777,"TF:M11450","TF","Factor: Elf-1; motif: NANSCGGAAGTR",20092,1756
"812","cyan",TRUE,9.72967406353748e-08,2506,224,61,0.272321428571429,0.024341580207502,"TF:M13138_1","TF","Factor: ETV4; motif: NNCCGGAAGYNNN; match class: 1",20092,2349
"813","cyan",TRUE,9.90106230683624e-08,8417,224,138,0.616071428571429,0.016395390281573,"TF:M00341","TF","Factor: GABP; motif: VCCGGAAGNGCR",20092,3000
"814","cyan",TRUE,1.00944844261565e-07,2010,224,53,0.236607142857143,0.0263681592039801,"TF:M12603_1","TF","Factor: ERM; motif: NNCACTTCCGGNN; match class: 1",20092,2113
"815","cyan",TRUE,1.02002304065399e-07,3239,224,72,0.321428571428571,0.0222290830503242,"TF:M11404_1","TF","Factor: Fli-1; motif: NACCGGAARTN; match class: 1",20092,2545
"816","cyan",TRUE,1.02591882401487e-07,7985,224,133,0.59375,0.0166562304320601,"TF:M00032","TF","Factor: c-Ets-1(p54); motif: NCMGGAWGYN",20092,832
"817","cyan",TRUE,1.06522402929909e-07,11037,224,166,0.741071428571429,0.0150403189272447,"TF:M11396","TF","Factor: Erg; motif: NACCGGAARTN",20092,2094
"818","cyan",TRUE,1.06672547549461e-07,2199,224,56,0.25,0.0254661209640746,"TF:M11428_1","TF","Factor: PEA3; motif: NACCGGAAGTN; match class: 1",20092,6699
"819","cyan",TRUE,1.2100675485469e-07,3050,224,69,0.308035714285714,0.0226229508196721,"TF:M03791","TF","Factor: GABPalpha_GABPbeta; motif: CTTCCKGY",20092,2972
"820","cyan",TRUE,1.21998566722845e-07,17527,224,220,0.982142857142857,0.0125520625320933,"TF:M08525","TF","Factor: E2F-1:HES-7; motif: GGCRCGTGSYNNWNGGCGCSM",20092,1470
"821","cyan",TRUE,1.21998566722845e-07,7237,224,124,0.553571428571429,0.0171341716180738,"TF:M02066","TF","Factor: PEA3; motif: RCCGGAAGYN",20092,6690
"822","cyan",TRUE,1.24685502623514e-07,3326,224,73,0.325892857142857,0.0219482862297054,"TF:M09641","TF","Factor: NRF-1; motif: SYGCGCMTGCGCRNNGSN",20092,6220
"823","cyan",TRUE,1.30252144718165e-07,2990,224,68,0.303571428571429,0.022742474916388,"TF:M11414","TF","Factor: GABP-alpha; motif: NACCGGAAGTN",20092,2986
"824","cyan",TRUE,1.43240817788555e-07,13250,224,187,0.834821428571429,0.0141132075471698,"TF:M11399","TF","Factor: Fli-1; motif: NACCGGAWWTCCGGTY",20092,2536
"825","cyan",TRUE,1.46295306951712e-07,5867,224,107,0.477678571428571,0.0182376001363559,"TF:M13119","TF","Factor: ZBTB11; motif: RCTTCCGGNNSNNNN",20092,9328
"826","cyan",TRUE,1.48082629012786e-07,11579,224,171,0.763392857142857,0.0147681146903878,"TF:M04869","TF","Factor: Egr-1; motif: GCGCATGCG",20092,1650
"827","cyan",TRUE,1.51018243820488e-07,12719,224,182,0.8125,0.0143093010456797,"TF:M11531_1","TF","Factor: E2F-2; motif: GCGCGCGCGYW; match class: 1",20092,1511
"828","cyan",TRUE,1.57818446517075e-07,7953,224,132,0.589285714285714,0.016597510373444,"TF:M11883_1","TF","Factor: pax-6; motif: NYACGCNTSRNYGCNYN; match class: 1",20092,6599
"829","cyan",TRUE,1.68556943353596e-07,2169,224,55,0.245535714285714,0.0253573075149839,"TF:M11451_1","TF","Factor: Elf-1; motif: NANCCGGAAGTN; match class: 1",20092,1759
"830","cyan",TRUE,1.82385078740964e-07,16755,224,215,0.959821428571429,0.0128319904506118,"TF:M08441","TF","Factor: AP-2gamma:Elk-1; motif: NGCCKNRGGSGRCGGAAGTG",20092,8814
"831","cyan",TRUE,2.0432100333812e-07,2628,224,62,0.276785714285714,0.0235920852359209,"TF:M12151_1","TF","Factor: Sp1; motif: NWRGCCMCGCCCMCN; match class: 1",20092,8057
"832","cyan",TRUE,2.12467915004462e-07,1470,224,43,0.191964285714286,0.0292517006802721,"TF:M13119_1","TF","Factor: ZBTB11; motif: RCTTCCGGNNSNNNN; match class: 1",20092,9329
"833","cyan",TRUE,2.14305818211802e-07,8516,224,138,0.616071428571429,0.0162047909816815,"TF:M03988","TF","Factor: FLI1; motif: ACCGGAARTN",20092,2522
"834","cyan",TRUE,2.15879476625283e-07,10071,224,155,0.691964285714286,0.0153907258464899,"TF:M02036","TF","Factor: WT1; motif: CGCCCCCNCN",20092,9224
"835","cyan",TRUE,2.34551017842859e-07,16348,224,212,0.946428571428571,0.0129679471494984,"TF:M11018_1","TF","Factor: IRX-1; motif: NACRYNNNNNNNNRYGNN; match class: 1",20092,4529
"836","cyan",TRUE,2.44923822285798e-07,4536,224,89,0.397321428571429,0.019620811287478,"TF:M00025_1","TF","Factor: Elk-1; motif: NNNNCCGGAARTNN; match class: 1",20092,1885
"837","cyan",TRUE,2.45231524778803e-07,10277,224,157,0.700892857142857,0.0152768317602413,"TF:M00025","TF","Factor: Elk-1; motif: NNNNCCGGAARTNN",20092,1884
"838","cyan",TRUE,2.5299125315251e-07,10858,224,163,0.727678571428571,0.0150119727389943,"TF:M10072","TF","Factor: sp4; motif: NNGNARGRGGCGGRGCNNRR",20092,8110
"839","cyan",TRUE,2.76297417664717e-07,14702,224,199,0.888392857142857,0.0135355733913753,"TF:M08266","TF","Factor: ER71:Pax-5; motif: ACCGGAACYACGCWTSANTG",20092,2306
"840","cyan",TRUE,2.76297417664717e-07,3120,224,69,0.308035714285714,0.0221153846153846,"TF:M08913_1","TF","Factor: FLI-1; motif: NAYTTCCGGT; match class: 1",20092,2529
"841","cyan",TRUE,2.86941624859827e-07,7854,224,130,0.580357142857143,0.0165520753756048,"TF:M11433","TF","Factor: Elk-1; motif: NRCCGGAAGTN",20092,1900
"842","cyan",TRUE,2.86941624859827e-07,12073,224,175,0.78125,0.014495154476932,"TF:M11401_1","TF","Factor: Fli-1; motif: NACCGGATATCCGGTN; match class: 1",20092,2541
"843","cyan",TRUE,2.95600961414052e-07,7515,224,126,0.5625,0.0167664670658683,"TF:M03920","TF","Factor: SP1; motif: RCCMCRCCCMC",20092,8044
"844","cyan",TRUE,3.36981368452202e-07,10993,224,164,0.732142857142857,0.014918584553807,"TF:M07395","TF","Factor: Sp1; motif: NGGGGCGGGGN",20092,8064
"845","cyan",TRUE,3.55080061442087e-07,1615,224,45,0.200892857142857,0.0278637770897833,"TF:M03966_1","TF","Factor: ELF1; motif: AACCCGGAAGTR; match class: 1",20092,1735
"846","cyan",TRUE,3.62530861574776e-07,12103,224,175,0.78125,0.0144592249855408,"TF:M11058","TF","Factor: Hey1; motif: NGCRCGYGYN",20092,3508
"847","cyan",TRUE,4.04550436568319e-07,1507,224,43,0.191964285714286,0.0285335102853351,"TF:M02073_1","TF","Factor: Fli-1; motif: ACCGGAAGYN; match class: 1",20092,2521
"848","cyan",TRUE,4.07883113151842e-07,11116,224,165,0.736607142857143,0.0148434688736956,"TF:M02070","TF","Factor: TEL1; motif: CNCGGAANNN",20092,8774
"849","cyan",TRUE,4.30912866379023e-07,12228,224,176,0.785714285714286,0.0143931959437357,"TF:M11401","TF","Factor: Fli-1; motif: NACCGGATATCCGGTN",20092,2540
"850","cyan",TRUE,4.52483246729106e-07,15883,224,208,0.928571428571429,0.0130957627652207,"TF:M08207_1","TF","Factor: E2F-3:TBR2; motif: ANGTGYKANGGCGCSTTNNCRNNT; match class: 1",20092,1515
"851","cyan",TRUE,4.69762835476651e-07,4085,224,82,0.366071428571429,0.0200734394124847,"TF:M01588_1","TF","Factor: GKLF; motif: GCCMCRCCCNNN; match class: 1",20092,3285
"852","cyan",TRUE,4.92110509016664e-07,3307,224,71,0.316964285714286,0.021469609918355,"TF:M11392_1","TF","Factor: Erg; motif: NACCGGAARYN; match class: 1",20092,2087
"853","cyan",TRUE,5.06912876312455e-07,11342,224,167,0.745535714285714,0.0147240345618057,"TF:M12590","TF","Factor: CP2; motif: NRRRCCGGCYNRARCCGGNN",20092,8888
"854","cyan",TRUE,5.77349487905906e-07,10199,224,155,0.691964285714286,0.0151975683890578,"TF:M11400","TF","Factor: Fli-1; motif: NACCGGAARTN",20092,2538
"855","cyan",TRUE,5.87690320989656e-07,7258,224,122,0.544642857142857,0.0168090383025627,"TF:M08309_1","TF","Factor: GCMa:Elk-1; motif: RTGNGGGCGGAAGNN; match class: 1",20092,3153
"856","cyan",TRUE,5.97118176551773e-07,2846,224,64,0.285714285714286,0.022487702037948,"TF:M11437","TF","Factor: SAP-1; motif: NRCCGGAWGYN",20092,1936
"857","cyan",TRUE,6.18851346851767e-07,5164,224,96,0.428571428571429,0.0185902401239349,"TF:M08377_1","TF","Factor: meis1:Elf-1; motif: NTGCCGGAAGTN; match class: 1",20092,5249
"858","cyan",TRUE,6.30200593687572e-07,2012,224,51,0.227678571428571,0.0253479125248509,"TF:M03967_1","TF","Factor: ELF3; motif: WACCCGGAAGTAN; match class: 1",20092,1795
"859","cyan",TRUE,6.32579080723442e-07,3123,224,68,0.303571428571429,0.0217739353186039,"TF:M02054","TF","Factor: ELF2; motif: CCCGGAARYN",20092,1772
"860","cyan",TRUE,6.32579080723442e-07,9932,224,152,0.678571428571429,0.0153040676600886,"TF:M08313_1","TF","Factor: GCMa:PEA3; motif: ATRCGGGCGGAAGTR; match class: 1",20092,3163
"861","cyan",TRUE,6.46183973125696e-07,10790,224,161,0.71875,0.0149212233549583,"TF:M03977","TF","Factor: ETS1; motif: ACCGGAARYN",20092,2224
"862","cyan",TRUE,6.46183973125696e-07,6771,224,116,0.517857142857143,0.017131885984345,"TF:M03966","TF","Factor: ELF1; motif: AACCCGGAAGTR",20092,1734
"863","cyan",TRUE,7.20346424350819e-07,17373,224,218,0.973214285714286,0.0125482069878547,"TF:M11018","TF","Factor: IRX-1; motif: NACRYNNNNNNNNRYGNN",20092,4528
"864","cyan",TRUE,7.7044106395057e-07,4730,224,90,0.401785714285714,0.0190274841437632,"TF:M12155","TF","Factor: Sp2; motif: NTWAGTCCCGCCCMCTT",20092,8088
"865","cyan",TRUE,7.7643057052164e-07,4807,224,91,0.40625,0.0189307260245475,"TF:M09607","TF","Factor: SAP-1; motif: ACCGGAAGTNN",20092,1930
"866","cyan",TRUE,7.92344661076916e-07,7213,224,121,0.540178571428571,0.0167752668792458,"TF:M11880_1","TF","Factor: pax-6; motif: NYACGCWTSANYGMNCN; match class: 1",20092,6593
"867","cyan",TRUE,8.05818390819006e-07,8159,224,132,0.589285714285714,0.0161784532418189,"TF:M07415","TF","Factor: Elf-1; motif: AWCCCGGAAGTN",20092,1740
"868","cyan",TRUE,8.33968042943282e-07,3286,224,70,0.3125,0.0213024954351795,"TF:M04698","TF","Factor: GABP-alpha; motif: CACTTCCGG",20092,2978
"869","cyan",TRUE,9.68103649101534e-07,4157,224,82,0.366071428571429,0.0197257637719509,"TF:M09967","TF","Factor: AP-2rep; motif: NGGGGCGGGGC",20092,152
"870","cyan",TRUE,1.04422031388631e-06,9719,224,149,0.665178571428571,0.0153307953493158,"TF:M08229","TF","Factor: Elk-1:SREBP-2; motif: RTCACGTGACCGGAAGN",20092,1876
"871","cyan",TRUE,1.0727780908814e-06,4389,224,85,0.379464285714286,0.0193665983139667,"TF:M11449","TF","Factor: Elf-1; motif: NANCCGGAAGTN",20092,1754
"872","cyan",TRUE,1.08674546241945e-06,7336,224,122,0.544642857142857,0.0166303162486369,"TF:M11881_1","TF","Factor: pax-6; motif: NYACGCNTSANYGCNYN; match class: 1",20092,6595
"873","cyan",TRUE,1.1976392588947e-06,1342,224,39,0.174107142857143,0.0290611028315946,"TF:M09605_1","TF","Factor: Elf-1; motif: NAANCMGGAAGTGN; match class: 1",20092,1743
"874","cyan",TRUE,1.2490406258198e-06,10304,224,155,0.691964285714286,0.015042701863354,"TF:M12173","TF","Factor: GKLF; motif: NNCCMCRCCCN",20092,4738
"875","cyan",TRUE,1.26478384625833e-06,4707,224,89,0.397321428571429,0.0189080093477799,"TF:M02074","TF","Factor: GABPalpha; motif: RCCGGAWRYN",20092,2974
"876","cyan",TRUE,1.26478384625833e-06,2061,224,51,0.227678571428571,0.024745269286754,"TF:M03982_1","TF","Factor: ETV4; motif: ACCGGAAGTN; match class: 1",20092,2343
"877","cyan",TRUE,1.3039267374899e-06,2382,224,56,0.25,0.0235096557514694,"TF:M03981","TF","Factor: ETV3; motif: ACCGGAAGTN",20092,2332
"878","cyan",TRUE,1.33965311930913e-06,11376,224,166,0.741071428571429,0.014592123769339,"TF:M13147","TF","Factor: ZNF253; motif: SNGNSCGNGGNGCKGNN",20092,10040
"879","cyan",TRUE,1.38278531638254e-06,8404,224,134,0.598214285714286,0.0159447881960971,"TF:M13138","TF","Factor: ETV4; motif: NNCCGGAAGYNNN",20092,2348
"880","cyan",TRUE,1.40810835799268e-06,5728,224,102,0.455357142857143,0.0178072625698324,"TF:M12728","TF","Factor: THAP7; motif: GNCGCCATSTTGRGNGKGGC",20092,8980
"881","cyan",TRUE,1.52035601086e-06,9221,224,143,0.638392857142857,0.0155080793840147,"TF:M08266_1","TF","Factor: ER71:Pax-5; motif: ACCGGAACYACGCWTSANTG; match class: 1",20092,2307
"882","cyan",TRUE,1.52408615037363e-06,17454,224,218,0.973214285714286,0.0124899736450097,"TF:M08207","TF","Factor: E2F-3:TBR2; motif: ANGTGYKANGGCGCSTTNNCRNNT",20092,1514
"883","cyan",TRUE,1.52734157229326e-06,8330,224,133,0.59375,0.0159663865546218,"TF:M08623_1","TF","Factor: rfx3:SRF; motif: TRGCAACNNNNNCCNWATANGGN; match class: 1",20092,7425
"884","cyan",TRUE,1.54070967452883e-06,3342,224,70,0.3125,0.0209455415918612,"TF:M11415","TF","Factor: GABP-alpha; motif: NRCCGGAAGTN",20092,2988
"885","cyan",TRUE,1.56857242022946e-06,13137,224,183,0.816964285714286,0.0139301210321991,"TF:M04823","TF","Factor: E2F-4; motif: NNTTCCCGCCNN",20092,1546
"886","cyan",TRUE,1.85911276975694e-06,5760,224,102,0.455357142857143,0.0177083333333333,"TF:M13135","TF","Factor: SP4; motif: GGCCCCGCCCCCN",20092,8114
"887","cyan",TRUE,2.00974209026712e-06,3295,224,69,0.308035714285714,0.0209408194233687,"TF:M11420","TF","Factor: ER81; motif: NACCGGAAGTN",20092,2014
"888","cyan",TRUE,2.03406429315255e-06,2159,224,52,0.232142857142857,0.0240852246410375,"TF:M11413","TF","Factor: ER71; motif: NACCGGAARTN",20092,2328
"889","cyan",TRUE,2.03784084582454e-06,4759,224,89,0.397321428571429,0.0187014078587939,"TF:M03925","TF","Factor: YY2; motif: NCCGCCATNTY",20092,9286
"890","cyan",TRUE,2.06477108335921e-06,10375,224,155,0.691964285714286,0.0149397590361446,"TF:M00008","TF","Factor: Sp1; motif: GGGGCGGGGT",20092,8038
"891","cyan",TRUE,2.14045953121161e-06,4239,224,82,0.366071428571429,0.0193441849492805,"TF:M11382_1","TF","Factor: ESE-1; motif: NWTRCGGAWGCN; match class: 1",20092,1803
"892","cyan",TRUE,2.14469223590094e-06,5072,224,93,0.415178571428571,0.0183359621451104,"TF:M11396_1","TF","Factor: Erg; motif: NACCGGAARTN; match class: 1",20092,2095
"893","cyan",TRUE,2.17292300975666e-06,4540,224,86,0.383928571428571,0.018942731277533,"TF:M12557","TF","Factor: ETV5; motif: NNACTTCCGNN",20092,2380
"894","cyan",TRUE,2.2117745154637e-06,4467,224,85,0.379464285714286,0.0190284307141258,"TF:M12156","TF","Factor: Sp2; motif: NTAAGYCCCGCCCMCTN",20092,8090
"895","cyan",TRUE,2.2412938657731e-06,10388,224,155,0.691964285714286,0.0149210627647285,"TF:M02071","TF","Factor: ETV7; motif: NCCGGAANNN",20092,2390
"896","cyan",TRUE,2.27798239191692e-06,2759,224,61,0.272321428571429,0.022109459949257,"TF:M08917","TF","Factor: GABP-ALPHA; motif: RCCGGAARTNN",20092,2982
"897","cyan",TRUE,2.31690209602496e-06,3171,224,67,0.299107142857143,0.0211289813938821,"TF:M08229_1","TF","Factor: Elk-1:SREBP-2; motif: RTCACGTGACCGGAAGN; match class: 1",20092,1877
"898","cyan",TRUE,2.41849533859179e-06,1500,224,41,0.183035714285714,0.0273333333333333,"TF:M04059","TF","Factor: NRF-1; motif: YGCGCATGCGCN",20092,6216
"899","cyan",TRUE,2.53474949030105e-06,10217,224,153,0.683035714285714,0.0149750415973378,"TF:M03975","TF","Factor: ERG; motif: ACCGGAARTN",20092,2074
"900","cyan",TRUE,2.54873464080911e-06,9386,224,144,0.642857142857143,0.0153419987215001,"TF:M08911","TF","Factor: CTCF; motif: NCCRSTAGGGGGCGC",20092,1162
"901","cyan",TRUE,2.54873464080911e-06,4786,224,89,0.397321428571429,0.0185959047221061,"TF:M11422","TF","Factor: Erm; motif: NRCMGGAAGTN",20092,2106
"902","cyan",TRUE,2.66335516311761e-06,8231,224,131,0.584821428571429,0.0159154416231321,"TF:M08225_1","TF","Factor: Elk-1:Pax-5; motif: ACCGGAACYACGCWTSANYG; match class: 1",20092,1869
"903","cyan",TRUE,2.68128754042136e-06,1868,224,47,0.209821428571429,0.0251605995717345,"TF:M10018","TF","Factor: NRF-1; motif: CNSTGCGCATGCGCNNS",20092,6222
"904","cyan",TRUE,2.68490141043405e-06,2640,224,59,0.263392857142857,0.0223484848484849,"TF:M02061","TF","Factor: ERF; motif: ACCGGAARYN",20092,2066
"905","cyan",TRUE,2.80623940015818e-06,2445,224,56,0.25,0.0229038854805726,"TF:M02063_1","TF","Factor: c-ets-1; motif: ACCGGAWGTN; match class: 1",20092,839
"906","cyan",TRUE,2.83320289952828e-06,2446,224,56,0.25,0.0228945216680294,"TF:M02072","TF","Factor: Pet-1; motif: ACCGGAWRTN",20092,6722
"907","cyan",TRUE,2.96286468330373e-06,6467,224,110,0.491071428571429,0.0170094325034792,"TF:M10072_1","TF","Factor: sp4; motif: NNGNARGRGGCGGRGCNNRR; match class: 1",20092,8111
"908","cyan",TRUE,2.98161926614414e-06,5981,224,104,0.464285714285714,0.0173883965891991,"TF:M08223_1","TF","Factor: Elk-1:OC-2; motif: RCCGGAASCGATCGATNN; match class: 1",20092,1865
"909","cyan",TRUE,3.0570531435886e-06,2129,224,51,0.227678571428571,0.0239549084077031,"TF:M12172","TF","Factor: LKLF; motif: NRCCACRCCCN",20092,4922
"910","cyan",TRUE,3.0570531435886e-06,1342,224,38,0.169642857142857,0.0283159463487332,"TF:M03987","TF","Factor: FEV; motif: ACCGGAAGTN",20092,2464
"911","cyan",TRUE,3.0919545384305e-06,6392,224,109,0.486607142857143,0.0170525657071339,"TF:M12153","TF","Factor: Sp3; motif: NGCCACGCCCMCN",20092,8100
"912","cyan",TRUE,3.0919545384305e-06,1230,224,36,0.160714285714286,0.0292682926829268,"TF:M03990_1","TF","Factor: GABPA; motif: ACCGGAAGTN; match class: 1",20092,2977
"913","cyan",TRUE,3.11047407441193e-06,1401,224,39,0.174107142857143,0.0278372591006424,"TF:M09901_1","TF","Factor: nerf; motif: NNNCCGGAAGTGN; match class: 1",20092,5659
"914","cyan",TRUE,3.70574245786722e-06,1587,224,42,0.1875,0.0264650283553875,"TF:M04694","TF","Factor: NRF-1; motif: CNCTGCGCATGCGC",20092,6218
"915","cyan",TRUE,3.72829317182298e-06,13581,224,186,0.830357142857143,0.0136956041528606,"TF:M02089","TF","Factor: E2F-3; motif: GGCGGGN",20092,1536
"916","cyan",TRUE,3.72829317182298e-06,12022,224,171,0.763392857142857,0.014223922808185,"TF:M11397_1","TF","Factor: Erg; motif: NACCGGATATCCGGTN; match class: 1",20092,2097
"917","cyan",TRUE,3.93435240532505e-06,18475,224,223,0.995535714285714,0.0120703653585927,"TF:M04934","TF","Factor: TR4; motif: ACCCCGS",20092,6122
"918","cyan",TRUE,4.00255854434308e-06,10568,224,156,0.696428571428571,0.0147615442846329,"TF:M04869_1","TF","Factor: Egr-1; motif: GCGCATGCG; match class: 1",20092,1651
"919","cyan",TRUE,4.11137602864333e-06,2088,224,50,0.223214285714286,0.0239463601532567,"TF:M02102","TF","Factor: NRF-1; motif: YGCGCMTGCGC",20092,6228
"920","cyan",TRUE,4.20223131422264e-06,1081,224,33,0.147321428571429,0.030527289546716,"TF:M09935_1","TF","Factor: GABP-alpha; motif: NNNRCCGGAAGTGN; match class: 1",20092,2985
"921","cyan",TRUE,4.4486277569029e-06,10583,224,156,0.696428571428571,0.0147406217518662,"TF:M00196","TF","Factor: Sp1; motif: NGGGGGCGGGGYN",20092,8070
"922","cyan",TRUE,4.76552699895013e-06,2292,224,53,0.236607142857143,0.0231239092495637,"TF:M13135_1","TF","Factor: SP4; motif: GGCCCCGCCCCCN; match class: 1",20092,8115
"923","cyan",TRUE,4.84747573637629e-06,13943,224,189,0.84375,0.0135551889837194,"TF:M09892","TF","Factor: E2F-1; motif: NNNNGGCGGGAARN",20092,1478
"924","cyan",TRUE,5.03924347133606e-06,2627,224,58,0.258928571428571,0.0220784164446136,"TF:M11439","TF","Factor: Net; motif: NRCCGGAAGTN",20092,1912
"925","cyan",TRUE,5.45687050675025e-06,329,224,17,0.0758928571428571,0.0516717325227964,"TF:M09611_1","TF","Factor: ER81; motif: NNNGRCMGGAAGYRNNNNNNNS; match class: 1",20092,2007
"926","cyan",TRUE,5.52882525252114e-06,12791,224,178,0.794642857142857,0.0139160347119068,"TF:M09817","TF","Factor: PAX5; motif: RNGCGTGACCNN",20092,6582
"927","cyan",TRUE,5.58246851426855e-06,9589,224,145,0.647321428571429,0.0151214933778288,"TF:M10426","TF","Factor: ctcf; motif: CCRSCAGGGGGCGCN",20092,1172
"928","cyan",TRUE,5.86767873781707e-06,7561,224,122,0.544642857142857,0.0161354318211877,"TF:M12152","TF","Factor: Sp1; motif: NWRGCCACGCCCMCN",20092,8058
"929","cyan",TRUE,5.87632370821527e-06,2309,224,53,0.236607142857143,0.0229536595928974,"TF:M11433_1","TF","Factor: Elk-1; motif: NRCCGGAAGTN; match class: 1",20092,1901
"930","cyan",TRUE,5.91271775536001e-06,11988,224,170,0.758928571428571,0.0141808475141808,"TF:M09826","TF","Factor: BTEB3; motif: CCNNSCCNSCCCCKCCCCC",20092,642
"931","cyan",TRUE,6.00278212105582e-06,12804,224,178,0.794642857142857,0.013901905654483,"TF:M00333_1","TF","Factor: ZF5; motif: NRNGNGCGCGCWN; match class: 1",20092,9487
"932","cyan",TRUE,6.22525713874438e-06,12298,224,173,0.772321428571429,0.0140673280208164,"TF:M11397","TF","Factor: Erg; motif: NACCGGATATCCGGTN",20092,2096
"933","cyan",TRUE,6.22525713874438e-06,2918,224,62,0.276785714285714,0.0212474297464016,"TF:M01258","TF","Factor: GABP; motif: CACTTCCGGNNN",20092,3002
"934","cyan",TRUE,6.30189693309075e-06,11799,224,168,0.75,0.0142384947876939,"TF:M11399_1","TF","Factor: Fli-1; motif: NACCGGAWWTCCGGTY; match class: 1",20092,2537
"935","cyan",TRUE,6.46919864916596e-06,7491,224,121,0.540178571428571,0.0161527165932452,"TF:M10045","TF","Factor: RAR-gamma; motif: RGGTCANNNTGNCCNNNN",20092,7284
"936","cyan",TRUE,6.46919864916596e-06,8888,224,137,0.611607142857143,0.0154140414041404,"TF:M09876","TF","Factor: DEC1; motif: NGCACGTGAS",20092,1246
"937","cyan",TRUE,7.0498130554052e-06,7759,224,124,0.553571428571429,0.0159814409073334,"TF:M09746_1","TF","Factor: HNRPUL1; motif: NCNCAGN; match class: 1",20092,3783
"938","cyan",TRUE,7.13075072270865e-06,12318,224,173,0.772321428571429,0.0140444877415165,"TF:M08226","TF","Factor: Elk-1:Pax-9; motif: ACCGGAACYACGCWYSANTG",20092,1870
"939","cyan",TRUE,7.27971636448399e-06,3930,224,76,0.339285714285714,0.0193384223918575,"TF:M08298_1","TF","Factor: FOXO1A:Elk-1; motif: RCCGGAWGTTNTN; match class: 1",20092,2815
"940","cyan",TRUE,7.27971636448399e-06,4301,224,81,0.361607142857143,0.0188328295745176,"TF:M11400_1","TF","Factor: Fli-1; motif: NACCGGAARTN; match class: 1",20092,2539
"941","cyan",TRUE,7.45644223550696e-06,9178,224,140,0.625,0.0152538679450861,"TF:M01588","TF","Factor: GKLF; motif: GCCMCRCCCNNN",20092,3284
"942","cyan",TRUE,7.58758317500334e-06,2397,224,54,0.241071428571429,0.0225281602002503,"TF:M11421","TF","Factor: ER81; motif: NACCGGAAGTN",20092,2016
"943","cyan",TRUE,7.99323894473507e-06,10292,224,152,0.678571428571429,0.0147687524290711,"TF:M04148","TF","Factor: TFAP2A; motif: NGCCCYNNGGGCN",20092,8782
"944","cyan",TRUE,8.17518407520677e-06,2014,224,48,0.214285714285714,0.0238331678252234,"TF:M01167","TF","Factor: SAP-1a; motif: NACCGGAAGTV",20092,7644
"945","cyan",TRUE,8.68711738905251e-06,1465,224,39,0.174107142857143,0.0266211604095563,"TF:M11436","TF","Factor: SAP-1; motif: NRNCGGAWRYN",20092,1934
"946","cyan",TRUE,9.17135446851953e-06,1236,224,35,0.15625,0.0283171521035599,"TF:M03972","TF","Factor: ELK3; motif: ACCGGAAGTN",20092,1910
"947","cyan",TRUE,1.03179155693001e-05,1656,224,42,0.1875,0.0253623188405797,"TF:M02067_1","TF","Factor: ER71; motif: ACCGGAARYN; match class: 1",20092,1997
"948","cyan",TRUE,1.05111911761388e-05,9316,224,141,0.629464285714286,0.0151352511807643,"TF:M08307","TF","Factor: GCMa:Elf-1; motif: NRCCCGCACGGAAGTN",20092,3150
"949","cyan",TRUE,1.06432489640969e-05,2227,224,51,0.227678571428571,0.0229007633587786,"TF:M00032_1","TF","Factor: c-Ets-1(p54); motif: NCMGGAWGYN; match class: 1",20092,833
"950","cyan",TRUE,1.0643483897692e-05,6142,224,104,0.464285714285714,0.0169325952458483,"TF:M00196_1","TF","Factor: Sp1; motif: NGGGGGCGGGGYN; match class: 1",20092,8071
"951","cyan",TRUE,1.11511199528445e-05,309,224,16,0.0714285714285714,0.0517799352750809,"TF:M10169_1","TF","Factor: ZNF76; motif: RNNGCMTKCTGGGARNTGTAGT; match class: 1",20092,11587
"952","cyan",TRUE,1.1663958244123e-05,11397,224,163,0.727678571428571,0.0143020093006932,"TF:M12227","TF","Factor: ZIC4; motif: NNCCNCCCRYNGYGN",20092,9632
"953","cyan",TRUE,1.18034947907922e-05,11205,224,161,0.71875,0.0143685854529228,"TF:M07206_1","TF","Factor: E2F-1; motif: NGGGCGGGARV; match class: 1",20092,1477
"954","cyan",TRUE,1.25461670958361e-05,13118,224,180,0.803571428571429,0.013721603903034,"TF:M13124","TF","Factor: ZNF670; motif: SNGGGCRGRG",20092,11252
"955","cyan",TRUE,1.26738627469623e-05,5681,224,98,0.4375,0.017250484069706,"TF:M09971","TF","Factor: GKLF; motif: WGGGYGKGGC",20092,3286
"956","cyan",TRUE,1.27878317934188e-05,7928,224,125,0.558035714285714,0.0157669021190716,"TF:M04696","TF","Factor: YY1; motif: GCCGCCATNTTGNNNNNGGNCN",20092,9258
"957","cyan",TRUE,1.31866859584639e-05,5369,224,94,0.419642857142857,0.0175079158130006,"TF:M07409","TF","Factor: BTEB2; motif: GCCCCRCCCH",20092,4744
"958","cyan",TRUE,1.37419981958959e-05,44,224,7,0.03125,0.159090909090909,"TF:M12092_1","TF","Factor: ZNF787; motif: TGCCTCAGTTTMCCN; match class: 1",20092,11685
"959","cyan",TRUE,1.37419981958959e-05,3132,224,64,0.285714285714286,0.0204342273307791,"TF:M03920_1","TF","Factor: SP1; motif: RCCMCRCCCMC; match class: 1",20092,8045
"960","cyan",TRUE,1.40917529100002e-05,2056,224,48,0.214285714285714,0.0233463035019455,"TF:M11442","TF","Factor: Net; motif: NACCGGAAGTN",20092,1918
"961","cyan",TRUE,1.40917529100002e-05,1437,224,38,0.169642857142857,0.0264439805149617,"TF:M03834","TF","Factor: N-Myc; motif: GSSCACGYGS",20092,6078
"962","cyan",TRUE,1.56683387044913e-05,15829,224,204,0.910714285714286,0.0128877376966328,"TF:M04934_1","TF","Factor: TR4; motif: ACCCCGS; match class: 1",20092,6123
"963","cyan",TRUE,1.63846872278209e-05,4091,224,77,0.34375,0.018821803959912,"TF:M12186_1","TF","Factor: BTEB4; motif: NCCACGCCCM; match class: 1",20092,4715
"964","cyan",TRUE,1.64599612276344e-05,6775,224,111,0.495535714285714,0.0163837638376384,"TF:M08231","TF","Factor: Elk-1:T-bet; motif: TCACACCGGAAGNN",20092,1878
"965","cyan",TRUE,1.67004307677248e-05,14010,224,188,0.839285714285714,0.0134189864382584,"TF:M09746","TF","Factor: HNRPUL1; motif: NCNCAGN",20092,3782
"966","cyan",TRUE,1.68882317882018e-05,10308,224,151,0.674107142857143,0.0146488164532402,"TF:M04744","TF","Factor: ATF-3; motif: GGCGCSSNSNGRTSACGTSA",20092,302
"967","cyan",TRUE,1.82201901305604e-05,3230,224,65,0.290178571428571,0.0201238390092879,"TF:M03983","TF","Factor: ETV5; motif: NCCGGAWGYN",20092,2378
"968","cyan",TRUE,1.85442940666384e-05,13385,224,182,0.8125,0.0135973104221143,"TF:M07380","TF","Factor: E2F-4; motif: NTTTCSCGCC",20092,1556
"969","cyan",TRUE,1.91866913026898e-05,3094,224,63,0.28125,0.0203619909502262,"TF:M08307_1","TF","Factor: GCMa:Elf-1; motif: NRCCCGCACGGAAGTN; match class: 1",20092,3151
"970","cyan",TRUE,2.012623185732e-05,6225,224,104,0.464285714285714,0.0167068273092369,"TF:M03922","TF","Factor: SP4; motif: NWRGCCACGCCCMCTYN",20092,8108
"971","cyan",TRUE,2.21691722039107e-05,6483,224,107,0.477678571428571,0.0165047046120623,"TF:M07129","TF","Factor: Sp2; motif: GYCCCGCCYCYNNNN",20092,8082
"972","cyan",TRUE,2.27439959018636e-05,1007,224,30,0.133928571428571,0.0297914597815293,"TF:M09607_1","TF","Factor: SAP-1; motif: ACCGGAAGTNN; match class: 1",20092,1931
"973","cyan",TRUE,2.2951974883183e-05,794,224,26,0.116071428571429,0.0327455919395466,"TF:M03925_1","TF","Factor: YY2; motif: NCCGCCATNTY; match class: 1",20092,9287
"974","cyan",TRUE,2.34634061242672e-05,7927,224,124,0.553571428571429,0.015642740002523,"TF:M01165","TF","Factor: Elk-1; motif: RACCGGAAGTR",20092,1888
"975","cyan",TRUE,2.4312060353159e-05,11216,224,160,0.714285714285714,0.014265335235378,"TF:M12354","TF","Factor: ZNF37A; motif: CCYYGGCTCCNTSCCMN",20092,10394
"976","cyan",TRUE,2.51212873523188e-05,16908,224,212,0.946428571428571,0.0125384433404306,"TF:M01240","TF","Factor: BEN; motif: CAGCGRNV",20092,512
"977","cyan",TRUE,2.52482566771099e-05,2233,224,50,0.223214285714286,0.0223914017017465,"TF:M01214_1","TF","Factor: ESE-1; motif: NSMGGAARTN; match class: 1",20092,2135
"978","cyan",TRUE,2.52482566771099e-05,2233,224,50,0.223214285714286,0.0223914017017465,"TF:M02055_1","TF","Factor: ESE-1; motif: NSMGGAARTN; match class: 1",20092,2131
"979","cyan",TRUE,2.6850123506616e-05,7774,224,122,0.544642857142857,0.0156933367635709,"TF:M03967","TF","Factor: ELF3; motif: WACCCGGAAGTAN",20092,1794
"980","cyan",TRUE,2.72389783678629e-05,255,224,14,0.0625,0.0549019607843137,"TF:M12554_1","TF","Factor: YY2; motif: NNATGGCGGCN; match class: 1",20092,9293
"981","cyan",TRUE,2.76660400117904e-05,7607,224,120,0.535714285714286,0.0157749441304062,"TF:M09602","TF","Factor: ctcf; motif: NNNCCASYAGRKGGCRSYNN",20092,1164
"982","cyan",TRUE,2.78930415266853e-05,1981,224,46,0.205357142857143,0.0232205956587582,"TF:M04696_1","TF","Factor: YY1; motif: GCCGCCATNTTGNNNNNGGNCN; match class: 1",20092,9259
"983","cyan",TRUE,2.90220459031378e-05,1190,224,33,0.147321428571429,0.0277310924369748,"TF:M09900_1","TF","Factor: Elf-1; motif: NNANCCGGAAGTGS; match class: 1",20092,1745
"984","cyan",TRUE,2.93928669535852e-05,2718,224,57,0.254464285714286,0.0209713024282561,"TF:M12554","TF","Factor: YY2; motif: NNATGGCGGCN",20092,9292
"985","cyan",TRUE,2.93928669535852e-05,859,224,27,0.120535714285714,0.0314318975552969,"TF:M02058","TF","Factor: SAP1A; motif: NCCGGAARYN",20092,7646
"986","cyan",TRUE,3.03118807113629e-05,655,224,23,0.102678571428571,0.0351145038167939,"TF:M03913","TF","Factor: KLF14; motif: NRCCACGCCCMCYN",20092,4690
"987","cyan",TRUE,3.13654732911666e-05,9753,224,144,0.642857142857143,0.0147646877883728,"TF:M11052_1","TF","Factor: Hey2; motif: NNCACGYGNN; match class: 1",20092,3517
"988","cyan",TRUE,3.34352875380901e-05,1741,224,42,0.1875,0.0241240666283745,"TF:M11452_1","TF","Factor: Elf-1; motif: NANGCGGAAGTR; match class: 1",20092,1761
"989","cyan",TRUE,3.50267237057666e-05,14444,224,191,0.852678571428571,0.0132234837995015,"TF:M04710","TF","Factor: CHD2; motif: TCTCGCGAG",20092,856
"990","cyan",TRUE,3.72718563454522e-05,8963,224,135,0.602678571428571,0.0150619212317304,"TF:M11533_1","TF","Factor: E2F-1; motif: NTTTTGGCGCCAWWWN; match class: 1",20092,1481
"991","cyan",TRUE,3.88666440528849e-05,8702,224,132,0.589285714285714,0.015168926683521,"TF:M03807","TF","Factor: SP2; motif: GNNGGGGGCGGGGSN",20092,8096
"992","cyan",TRUE,3.90666394094106e-05,14026,224,187,0.834821428571429,0.0133323827178098,"TF:M07039_1","TF","Factor: ETF; motif: CCCCGCCCCYN; match class: 1",20092,2223
"993","cyan",TRUE,3.90666394094106e-05,10623,224,153,0.683035714285714,0.0144027110985597,"TF:M00931","TF","Factor: Sp1; motif: GGGGCGGGGC",20092,8072
"994","cyan",TRUE,3.90666394094106e-05,1628,224,40,0.178571428571429,0.0245700245700246,"TF:M11419_1","TF","Factor: ER81; motif: NNCCGGAWGYN; match class: 1",20092,2013
"995","cyan",TRUE,4.10413744283636e-05,2012,224,46,0.205357142857143,0.0228628230616302,"TF:M02069_1","TF","Factor: Erm; motif: ACCGGAAGTN; match class: 1",20092,2103
"996","cyan",TRUE,4.41593884546834e-05,4355,224,79,0.352678571428571,0.0181400688863375,"TF:M03807_1","TF","Factor: SP2; motif: GNNGGGGGCGGGGSN; match class: 1",20092,8097
"997","cyan",TRUE,4.65058605275019e-05,2419,224,52,0.232142857142857,0.0214964861513022,"TF:M08760","TF","Factor: ETV7; motif: NNSCGGAAGTR",20092,2392
"998","cyan",TRUE,4.70565251596945e-05,5135,224,89,0.397321428571429,0.017332035053554,"TF:M12173_1","TF","Factor: GKLF; motif: NNCCMCRCCCN; match class: 1",20092,4739
"999","cyan",TRUE,4.70565251596945e-05,11222,224,159,0.709821428571429,0.0141685973979683,"TF:M04950","TF","Factor: Egr-1; motif: NGCGTGCGY",20092,1654
"1000","cyan",TRUE,4.75106815589739e-05,3766,224,71,0.316964285714286,0.0188528943175783,"TF:M12188","TF","Factor: KLF17; motif: NGMCMCRCCCTN",20092,4720
"1001","cyan",TRUE,4.75106815589739e-05,10279,224,149,0.665178571428571,0.0144955734993676,"TF:M09896","TF","Factor: E2F-7; motif: GRGGCGGGAANNN",20092,1570
"1002","cyan",TRUE,4.75106815589739e-05,8557,224,130,0.580357142857143,0.0151922402711231,"TF:M03893","TF","Factor: WT1; motif: GNGGGGGCGGGG",20092,9226
"1003","cyan",TRUE,4.77513130134283e-05,2222,224,49,0.21875,0.0220522052205221,"TF:M01165_1","TF","Factor: Elk-1; motif: RACCGGAAGTR; match class: 1",20092,1889
"1004","cyan",TRUE,4.94035419098931e-05,3048,224,61,0.272321428571429,0.0200131233595801,"TF:M12164","TF","Factor: BTEB2; motif: NMCACGCCCN",20092,634
"1005","cyan",TRUE,5.09535191422299e-05,3554,224,68,0.303571428571429,0.0191333708497468,"TF:M02068","TF","Factor: etv3; motif: ACCGGAAGYN",20092,2330
"1006","cyan",TRUE,5.14810332753904e-05,7871,224,122,0.544642857142857,0.0154999364756702,"TF:M10491_1","TF","Factor: ZNF586; motif: CAGGCCYRGAGG; match class: 1",20092,11035
"1007","cyan",TRUE,5.23852887942278e-05,9741,224,143,0.638392857142857,0.0146802176367929,"TF:M09910","TF","Factor: ER-beta; motif: RGGTCASCNTGMCCY",20092,2166
"1008","cyan",TRUE,5.29141254212628e-05,10766,224,154,0.6875,0.0143042912873862,"TF:M00932","TF","Factor: Sp1; motif: NNGGGGCGGGGNN",20092,8068
"1009","cyan",TRUE,5.3411757687842e-05,9562,224,141,0.629464285714286,0.0147458690650492,"TF:M12591_1","TF","Factor: CREB1; motif: NNNNSSGGCGCSSNNNNRTGACGTCAC; match class: 1",20092,1009
"1010","cyan",TRUE,5.46511294471633e-05,15879,224,203,0.90625,0.0127841803640028,"TF:M11882","TF","Factor: pax-6; motif: NYACGCNYSANYGMNCN",20092,6596
"1011","cyan",TRUE,5.58704305505558e-05,8760,224,132,0.589285714285714,0.0150684931506849,"TF:M12230","TF","Factor: LRF; motif: RCGACCACCNN",20092,9442
"1012","cyan",TRUE,5.6549805789115e-05,8851,224,133,0.59375,0.0150265506722404,"TF:M12593","TF","Factor: CTCF; motif: NNRSYGCCMCCTGSTGGCCN",20092,1174
"1013","cyan",TRUE,5.7184139707205e-05,787,224,25,0.111607142857143,0.0317662007623888,"TF:M11407","TF","Factor: Pet-1; motif: NACCGGAAGTN",20092,2468
"1014","cyan",TRUE,5.96590437253578e-05,4091,224,75,0.334821428571429,0.0183329259349792,"TF:M08911_1","TF","Factor: CTCF; motif: NCCRSTAGGGGGCGC; match class: 1",20092,1163
"1015","cyan",TRUE,5.97129768059629e-05,11552,224,162,0.723214285714286,0.0140235457063712,"TF:M08377","TF","Factor: meis1:Elf-1; motif: NTGCCGGAAGTN",20092,5248
"1016","cyan",TRUE,6.13728671493476e-05,5729,224,96,0.428571428571429,0.0167568511083959,"TF:M12647","TF","Factor: P53; motif: NNNGRCATGCCCAGRCATGYCY",20092,6476
"1017","cyan",TRUE,6.19719858991902e-05,13779,224,184,0.821428571428571,0.0133536541113288,"TF:M11883","TF","Factor: pax-6; motif: NYACGCNTSRNYGCNYN",20092,6598
"1018","cyan",TRUE,6.19719858991902e-05,2449,224,52,0.232142857142857,0.0212331563903634,"TF:M00122","TF","Factor: USF; motif: NNRNCACGTGNYNN",20092,9134
"1019","cyan",TRUE,6.19719858991902e-05,5651,224,95,0.424107142857143,0.0168111838612635,"TF:M11541_1","TF","Factor: Foxn2; motif: NNGCGTCNNNNNGACGCNN; match class: 1",20092,2801
"1020","cyan",TRUE,6.19719858991902e-05,7388,224,116,0.517857142857143,0.0157011369788847,"TF:M09918_1","TF","Factor: Pet-1; motif: GCNGGAAGYG; match class: 1",20092,6725
"1021","cyan",TRUE,6.19719858991902e-05,2449,224,52,0.232142857142857,0.0212331563903634,"TF:M00122_1","TF","Factor: USF; motif: NNRNCACGTGNYNN; match class: 1",20092,9135
"1022","cyan",TRUE,6.19719858991902e-05,2517,224,53,0.236607142857143,0.021056813667064,"TF:M11061_1","TF","Factor: HES-1; motif: GGCRCGTGNC; match class: 1",20092,3469
"1023","cyan",TRUE,6.19719858991902e-05,7048,224,112,0.5,0.0158910329171396,"TF:M12151","TF","Factor: Sp1; motif: NWRGCCMCGCCCMCN",20092,8056
"1024","cyan",TRUE,6.31333004570675e-05,5021,224,87,0.388392857142857,0.0173272256522605,"TF:M12165","TF","Factor: BTEB2; motif: NCCACRCCCN",20092,636
"1025","cyan",TRUE,6.31333004570675e-05,2588,224,54,0.241071428571429,0.0208655332302937,"TF:M05386_1","TF","Factor: KLF17; motif: NGGGCGG; match class: 1",20092,4717
"1026","cyan",TRUE,6.31333004570675e-05,2588,224,54,0.241071428571429,0.0208655332302937,"TF:M05499_1","TF","Factor: LKLF; motif: NGGGCGG; match class: 1",20092,4919
"1027","cyan",TRUE,6.31333004570675e-05,8783,224,132,0.589285714285714,0.0150290333598998,"TF:M10071","TF","Factor: Sp1; motif: NGGGGGCGGGGCCNGGGGGGGG",20092,8052
"1028","cyan",TRUE,6.37795026077212e-05,3730,224,70,0.3125,0.0187667560321716,"TF:M12157","TF","Factor: KLF15; motif: RCCACGCCCCCC",20092,4698
"1029","cyan",TRUE,6.38188893893062e-05,9143,224,136,0.607142857142857,0.0148747675817565,"TF:M10477_1","TF","Factor: ZNF436; motif: TCCTCCAGGAAGCCY; match class: 1",20092,10553
"1030","cyan",TRUE,6.42881012500914e-05,2386,224,51,0.227678571428571,0.0213746856663873,"TF:M00341_1","TF","Factor: GABP; motif: VCCGGAAGNGCR; match class: 1",20092,3001
"1031","cyan",TRUE,6.65621648934686e-05,13376,224,180,0.803571428571429,0.0134569377990431,"TF:M11880","TF","Factor: pax-6; motif: NYACGCWTSANYGMNCN",20092,6592
"1032","cyan",TRUE,6.87449198246215e-05,13485,224,181,0.808035714285714,0.0134223210975158,"TF:M11533","TF","Factor: E2F-1; motif: NTTTTGGCGCCAWWWN",20092,1480
"1033","cyan",TRUE,6.87449198246215e-05,6899,224,110,0.491071428571429,0.0159443397593854,"TF:M11482","TF","Factor: AP-2gamma; motif: NSCCYNNRGSN",20092,8838
"1034","cyan",TRUE,6.92622110956825e-05,11196,224,158,0.705357142857143,0.0141121829224723,"TF:M11535","TF","Factor: E2F-4; motif: TTTTGGCGCCAWWN",20092,1552
"1035","cyan",TRUE,6.92622110956825e-05,8358,224,127,0.566964285714286,0.0151950227327112,"TF:M12351_1","TF","Factor: TIEG1; motif: NCCCNSNCCCCGCCCCC; match class: 1",20092,9013
"1036","cyan",TRUE,7.14436200267504e-05,14232,224,188,0.839285714285714,0.0132096683530073,"TF:M12591","TF","Factor: CREB1; motif: NNNNSSGGCGCSSNNNNRTGACGTCAC",20092,1008
"1037","cyan",TRUE,7.50838849864629e-05,14347,224,189,0.84375,0.013173485746149,"TF:M08225","TF","Factor: Elk-1:Pax-5; motif: ACCGGAACYACGCWTSANYG",20092,1868
"1038","cyan",TRUE,7.77179152400463e-05,8463,224,128,0.571428571428571,0.0151246602859506,"TF:M10530","TF","Factor: sp4; motif: NNNGCYCCGCCCCCY",20092,8112
"1039","cyan",TRUE,7.8068057513739e-05,8114,224,124,0.553571428571429,0.0152822282474735,"TF:M00450_1","TF","Factor: Zic3; motif: NGGGKGGTC; match class: 1",20092,9619
"1040","cyan",TRUE,7.99370983672824e-05,16800,224,210,0.9375,0.0125,"TF:M07039","TF","Factor: ETF; motif: CCCCGCCCCYN",20092,2222
"1041","cyan",TRUE,8.09661517415723e-05,1258,224,33,0.147321428571429,0.0262321144674086,"TF:M02044_1","TF","Factor: YY1; motif: GCCGCCATTTTG; match class: 1",20092,9255
"1042","cyan",TRUE,8.31250090496817e-05,3910,224,72,0.321428571428571,0.0184143222506394,"TF:M09970_1","TF","Factor: KLF3; motif: NNNNNNGGGCGGGGCNNGN; match class: 1",20092,4725
"1043","cyan",TRUE,8.96915959266232e-05,2148,224,47,0.209821428571429,0.0218808193668529,"TF:M12180","TF","Factor: BTEB3; motif: NRCCACGCCCMCN",20092,646
"1044","cyan",TRUE,9.03540997941751e-05,12609,224,172,0.767857142857143,0.0136410500436196,"TF:M12351","TF","Factor: TIEG1; motif: NCCCNSNCCCCGCCCCC",20092,9012
"1045","cyan",TRUE,9.06993946707273e-05,7024,224,111,0.495535714285714,0.0158029612756264,"TF:M00327_1","TF","Factor: Pax-3; motif: NNNNNNCGTCACGSTYNNNNN; match class: 1",20092,6541
"1046","cyan",TRUE,9.14763759690116e-05,8139,224,124,0.553571428571429,0.0152352868902814,"TF:M05386","TF","Factor: KLF17; motif: NGGGCGG",20092,4716
"1047","cyan",TRUE,9.14763759690116e-05,8139,224,124,0.553571428571429,0.0152352868902814,"TF:M05499","TF","Factor: LKLF; motif: NGGGCGG",20092,4918
"1048","cyan",TRUE,9.23180040501663e-05,10580,224,151,0.674107142857143,0.0142722117202268,"TF:M01104","TF","Factor: MOVO-B; motif: GNGGGGG",20092,5404
"1049","cyan",TRUE,9.23180040501663e-05,13018,224,176,0.785714285714286,0.0135197418958365,"TF:M00646","TF","Factor: LF-A1; motif: GGGSTCWR",20092,4826
"1050","cyan",TRUE,9.28360240029833e-05,8669,224,130,0.580357142857143,0.014995962625447,"TF:M09890","TF","Factor: ctcf; motif: YGGCCACCAGRKGGCRSYN",20092,1170
"1051","cyan",TRUE,9.41240571472828e-05,11729,224,163,0.727678571428571,0.0138971779350328,"TF:M04516","TF","Factor: E2F-1; motif: TTTGGCGCCAAA",20092,1474
"1052","cyan",TRUE,9.54355145272348e-05,7714,224,119,0.53125,0.015426497277677,"TF:M09765","TF","Factor: SP1; motif: NRGKGGGCGGGGCN",20092,8050
"1053","cyan",TRUE,0.000101570723858826,13967,224,185,0.825892857142857,0.0132455072671297,"TF:M11393_1","TF","Factor: Erg; motif: NACCGGATATCCGGTN; match class: 1",20092,2089
"1054","cyan",TRUE,0.000101849694498704,9490,224,139,0.620535714285714,0.0146469968387777,"TF:M03895","TF","Factor: CTCF; motif: WGCGCCMYCTAGYGGYN",20092,1154
"1055","cyan",TRUE,0.000104369491288613,1396,224,35,0.15625,0.0250716332378223,"TF:M00652","TF","Factor: NRF-1; motif: CGCATGCGCR",20092,6226
"1056","cyan",TRUE,0.00010786863648168,4704,224,82,0.366071428571429,0.0174319727891156,"TF:M01770_1","TF","Factor: XBP-1; motif: WNNGMCACGTC; match class: 1",20092,9229
"1057","cyan",TRUE,0.000108629162325286,19042,224,224,1,0.011763470223716,"TF:M01822_1","TF","Factor: CPBP; motif: SNCCCNN; match class: 1",20092,973
"1058","cyan",TRUE,0.000114603562491647,14521,224,190,0.848214285714286,0.0130844983127884,"TF:M09636_1","TF","Factor: MAZ; motif: GGGMGGGGSSGGGGGGGGGGGG; match class: 1",20092,5147
"1059","cyan",TRUE,0.000120527098077075,2722,224,55,0.245535714285714,0.0202057310800882,"TF:M12230_1","TF","Factor: LRF; motif: RCGACCACCNN; match class: 1",20092,9443
"1060","cyan",TRUE,0.000122062428249237,6402,224,103,0.459821428571429,0.0160887222742893,"TF:M08213","TF","Factor: Elk-1:TBR2; motif: TNRCACCGGAAGN",20092,1846
"1061","cyan",TRUE,0.000123112254945309,1052,224,29,0.129464285714286,0.0275665399239544,"TF:M04059_1","TF","Factor: NRF-1; motif: YGCGCATGCGCN; match class: 1",20092,6217
"1062","cyan",TRUE,0.000123112254945309,10721,224,152,0.678571428571429,0.014177781923328,"TF:M00986_1","TF","Factor: Churchill; motif: CGGGNN; match class: 1",20092,855
"1063","cyan",TRUE,0.00012324527425619,2795,224,56,0.25,0.0200357781753131,"TF:M03820","TF","Factor: ER-alpha; motif: GGNNNNNNTGACCYN",20092,2024
"1064","cyan",TRUE,0.000124918989601843,14427,224,189,0.84375,0.0131004366812227,"TF:M11393","TF","Factor: Erg; motif: NACCGGATATCCGGTN",20092,2088
"1065","cyan",TRUE,0.000127820177642237,428,224,17,0.0758928571428571,0.0397196261682243,"TF:M09913_1","TF","Factor: ER81; motif: NNCCGGAAGYG; match class: 1",20092,2009
"1066","cyan",TRUE,0.000128673542283424,6411,224,103,0.459821428571429,0.0160661363281859,"TF:M11061","TF","Factor: HES-1; motif: GGCRCGTGNC",20092,3468
"1067","cyan",TRUE,0.000132662729461983,6581,224,105,0.46875,0.0159550220331257,"TF:M00051","TF","Factor: NF-kappaB; motif: GGGGATYCCC",20092,5874
"1068","cyan",TRUE,0.000132681242340806,10923,224,154,0.6875,0.014098690835851,"TF:M11796","TF","Factor: NR1B1; motif: NRGGNCRTGACCTN",20092,7258
"1069","cyan",TRUE,0.000134456428595205,13490,224,180,0.803571428571429,0.0133432171979244,"TF:M11881","TF","Factor: pax-6; motif: NYACGCNTSANYGCNYN",20092,6594
"1070","cyan",TRUE,0.00013823225993425,6175,224,100,0.446428571428571,0.0161943319838057,"TF:M02053","TF","Factor: ELF1; motif: NCCGGAARTN",20092,1842
"1071","cyan",TRUE,0.000139753707363558,5770,224,95,0.424107142857143,0.0164644714038128,"TF:M08226_1","TF","Factor: Elk-1:Pax-9; motif: ACCGGAACYACGCWYSANTG; match class: 1",20092,1871
"1072","cyan",TRUE,0.000139753707363558,6590,224,105,0.46875,0.0159332321699545,"TF:M07395_1","TF","Factor: Sp1; motif: NGGGGCGGGGN; match class: 1",20092,8065
"1073","cyan",TRUE,0.000139753707363558,7517,224,116,0.517857142857143,0.0154316881734735,"TF:M00938","TF","Factor: E2F-1; motif: TTGGCGCGRAANNGNM",20092,1486
"1074","cyan",TRUE,0.000140931683269853,7949,224,121,0.540178571428571,0.01522204050824,"TF:M10435","TF","Factor: Sp2; motif: GGGGCGGGG",20092,8086
"1075","cyan",TRUE,0.000144465982094022,12890,224,174,0.776785714285714,0.0134988363072149,"TF:M08208","TF","Factor: E2F-3:FOXI1; motif: NGACACCGCGCCCAC",20092,1516
"1076","cyan",TRUE,0.000145292156551224,7524,224,116,0.517857142857143,0.0154173312068049,"TF:M08872","TF","Factor: DEC; motif: NNNSCACSTGAS",20092,1258
"1077","cyan",TRUE,0.000145292156551224,7524,224,116,0.517857142857143,0.0154173312068049,"TF:M00245","TF","Factor: Egr-3; motif: NTGCGTGGGCGK",20092,1692
"1078","cyan",TRUE,0.000146574851691726,1800,224,41,0.183035714285714,0.0227777777777778,"TF:M12182","TF","Factor: BTEB3; motif: NRCCACGCCCMCN",20092,650
"1079","cyan",TRUE,0.000146976667944999,9102,224,134,0.598214285714286,0.014722039112283,"TF:M08224","TF","Factor: Elk-1:Pax-1; motif: ACCGGAACTACGCWTSANTG",20092,1866
"1080","cyan",TRUE,0.000147178847583847,4058,224,73,0.325892857142857,0.0179891572203056,"TF:M07042","TF","Factor: HES-1; motif: NNCKYGTGNNN",20092,3472
"1081","cyan",TRUE,0.000147178847583847,3758,224,69,0.308035714285714,0.0183608302288451,"TF:M03567_1","TF","Factor: Sp2; motif: NYSGCCCCGCCCCCY; match class: 1",20092,8095
"1082","cyan",TRUE,0.000149446236179378,2959,224,58,0.258928571428571,0.0196012166272389,"TF:M00322_1","TF","Factor: c-Myc:Max; motif: GCCAYGYGSN; match class: 1",20092,5555
"1083","cyan",TRUE,0.000149994923887766,4907,224,84,0.375,0.0171184022824536,"TF:M11528_1","TF","Factor: E2F-2; motif: NTTTTGGCGCCAWWWN; match class: 1",20092,1505
"1084","cyan",TRUE,0.00015171290668407,6939,224,109,0.486607142857143,0.0157083153192103,"TF:M12590_1","TF","Factor: CP2; motif: NRRRCCGGCYNRARCCGGNN; match class: 1",20092,8889
"1085","cyan",TRUE,0.000153125252203107,580,224,20,0.0892857142857143,0.0344827586206897,"TF:M02060","TF","Factor: Net; motif: ACCGGAARTN",20092,5662
"1086","cyan",TRUE,0.000157564357932872,9475,224,138,0.616071428571429,0.0145646437994723,"TF:M09892_1","TF","Factor: E2F-1; motif: NNNNGGCGGGAARN; match class: 1",20092,1479
"1087","cyan",TRUE,0.000160738039564544,900,224,26,0.116071428571429,0.0288888888888889,"TF:M09613_1","TF","Factor: Fli-1; motif: RCMGGAAGYGNNN; match class: 1",20092,2531
"1088","cyan",TRUE,0.000161439902018451,10771,224,152,0.678571428571429,0.0141119673196546,"TF:M04691_1","TF","Factor: Kaiso; motif: TCTCGCGAG; match class: 1",20092,9367
"1089","cyan",TRUE,0.000168695773557732,13530,224,180,0.803571428571429,0.0133037694013304,"TF:M00144","TF","Factor: Pax-5; motif: RRMSWGANWYCTNRAGCGKRACSRYNSM",20092,6570
"1090","cyan",TRUE,0.000169054834841169,9851,224,142,0.633928571428571,0.0144147802253578,"TF:M04148_1","TF","Factor: TFAP2A; motif: NGCCCYNNGGGCN; match class: 1",20092,8783
"1091","cyan",TRUE,0.000175395602226931,586,224,20,0.0892857142857143,0.0341296928327645,"TF:M12188_1","TF","Factor: KLF17; motif: NGMCMCRCCCTN; match class: 1",20092,4721
"1092","cyan",TRUE,0.00018359777380295,8167,224,123,0.549107142857143,0.0150606097710298,"TF:M07354","TF","Factor: Egr-1; motif: GCGGGGGCGG",20092,1672
"1093","cyan",TRUE,0.000183912989542336,964,224,27,0.120535714285714,0.0280082987551867,"TF:M12165_1","TF","Factor: BTEB2; motif: NCCACRCCCN; match class: 1",20092,637
"1094","cyan",TRUE,0.000190444314447263,8173,224,123,0.549107142857143,0.0150495534075615,"TF:M11075_1","TF","Factor: Sohlh2; motif: NNCACGTGNN; match class: 1",20092,7869
"1095","cyan",TRUE,0.000200259072047019,7920,224,120,0.535714285714286,0.0151515151515152,"TF:M13366","TF","Factor: ZBED4; motif: CCCGCYCCGC",20092,9310
"1096","cyan",TRUE,0.000203353142587679,7237,224,112,0.5,0.015476025977615,"TF:M08982","TF","Factor: YY1; motif: NAANATGGCGNNN",20092,9264
"1097","cyan",TRUE,0.000207316509204049,1145,224,30,0.133928571428571,0.0262008733624454,"TF:M07209","TF","Factor: ELK4; motif: NCRCTTCCGGN",20092,1928
"1098","cyan",TRUE,0.000209491700682766,1029,224,28,0.125,0.0272108843537415,"TF:M12156_1","TF","Factor: Sp2; motif: NTAAGYCCCGCCCMCTN; match class: 1",20092,8091
"1099","cyan",TRUE,0.00020971825299838,8364,224,125,0.558035714285714,0.0149450023912004,"TF:M11066_1","TF","Factor: HES-7; motif: GNCACGYGNN; match class: 1",20092,3493
"1100","cyan",TRUE,0.00020971825299838,6905,224,108,0.482142857142857,0.0156408399710355,"TF:M07249","TF","Factor: ctcf; motif: CCNCNAGRKGGCRSTN",20092,1180
"1101","cyan",TRUE,0.000216992164127396,3435,224,64,0.285714285714286,0.0186317321688501,"TF:M12593_1","TF","Factor: CTCF; motif: NNRSYGCCMCCTGSTGGCCN; match class: 1",20092,1175
"1102","cyan",TRUE,0.000216992164127396,5918,224,96,0.428571428571429,0.0162216965190943,"TF:M11541","TF","Factor: Foxn2; motif: NNGCGTCNNNNNGACGCNN",20092,2800
"1103","cyan",TRUE,0.000220024722520219,10171,224,145,0.647321428571429,0.0142562186608986,"TF:M11058_1","TF","Factor: Hey1; motif: NGCRCGYGYN; match class: 1",20092,3509
"1104","cyan",TRUE,0.000226648407895472,7340,224,113,0.504464285714286,0.0153950953678474,"TF:M08208_1","TF","Factor: E2F-3:FOXI1; motif: NGACACCGCGCCCAC; match class: 1",20092,1517
"1105","cyan",TRUE,0.000227483129210907,5281,224,88,0.392857142857143,0.0166635106987313,"TF:M09613","TF","Factor: Fli-1; motif: RCMGGAAGYGNNN",20092,2530
"1106","cyan",TRUE,0.00022900528486871,11304,224,157,0.700892857142857,0.0138888888888889,"TF:M11081","TF","Factor: SREBP-1; motif: RTCRCGTGAY",20092,8206
"1107","cyan",TRUE,0.00022900528486871,2935,224,57,0.254464285714286,0.0194207836456559,"TF:M01243","TF","Factor: MTF-1; motif: TGCGCAC",20092,5480
"1108","cyan",TRUE,0.000231293770171808,5284,224,88,0.392857142857143,0.0166540499621499,"TF:M12231_1","TF","Factor: LRF; motif: NCGACCACCGN; match class: 1",20092,9445
"1109","cyan",TRUE,0.000232534992656213,1647,224,38,0.169642857142857,0.0230722525804493,"TF:M12181","TF","Factor: BTEB3; motif: NRCCACGCCCMCN",20092,648
"1110","cyan",TRUE,0.000234671513969275,1037,224,28,0.125,0.0270009643201543,"TF:M03979","TF","Factor: ETV1; motif: ACCGGAAGTN",20092,2252
"1111","cyan",TRUE,0.000243157611589768,4047,224,72,0.321428571428571,0.0177909562638992,"TF:M11418","TF","Factor: ER81; motif: NRCMGGAWGNN",20092,2010
"1112","cyan",TRUE,0.000245227988157833,8479,224,126,0.5625,0.0148602429531784,"TF:M00069","TF","Factor: YY1; motif: NNNCGGCCATCTTGNCTSNW",20092,9252
"1113","cyan",TRUE,0.000245427753317567,3673,224,67,0.299107142857143,0.0182412197114076,"TF:M00797","TF","Factor: HIF1; motif: GNNKACGTGCGGNN",20092,3554
"1114","cyan",TRUE,0.000249227659380234,8045,224,121,0.540178571428571,0.0150403977625855,"TF:M00322","TF","Factor: c-Myc:Max; motif: GCCAYGYGSN",20092,5554
"1115","cyan",TRUE,0.000249393529458228,18197,224,219,0.977678571428571,0.0120349508160686,"TF:M04826","TF","Factor: p300; motif: ACNTCCG",20092,1994
"1116","cyan",TRUE,0.000249696598302263,1279,224,32,0.142857142857143,0.0250195465207193,"TF:M12728_1","TF","Factor: THAP7; motif: GNCGCCATSTTGRGNGKGGC; match class: 1",20092,8981
"1117","cyan",TRUE,0.000253442127856462,4746,224,81,0.361607142857143,0.0170670037926675,"TF:M09969","TF","Factor: EKLF; motif: NGGGYGKGGCNNGG",20092,1728
"1118","cyan",TRUE,0.000255946831997441,2595,224,52,0.232142857142857,0.0200385356454721,"TF:M12184","TF","Factor: KLF14; motif: NRCCACGCCCMCN",20092,4694
"1119","cyan",TRUE,0.000264211069247809,710,224,22,0.0982142857142857,0.0309859154929577,"TF:M03973","TF","Factor: ELK4; motif: ACCGGAARTN",20092,1926
"1120","cyan",TRUE,0.000264898918176134,1163,224,30,0.133928571428571,0.0257953568357696,"TF:M03985","TF","Factor: ETV6; motif: NSCGGAAGTR",20092,2386
"1121","cyan",TRUE,0.000267369700838712,8583,224,127,0.566964285714286,0.0147966911336363,"TF:M08451","TF","Factor: Elk-1:HOXA1; motif: ACCGGAAGTAATTA",20092,1856
"1122","cyan",TRUE,0.000270669738319505,7973,224,120,0.535714285714286,0.0150507964379782,"TF:M08767","TF","Factor: HES-1; motif: GNCACGTGNC",20092,3466
"1123","cyan",TRUE,0.000275426909155976,459,224,17,0.0758928571428571,0.037037037037037,"TF:M09966_1","TF","Factor: Kaiso; motif: SARNYCTCGCGAGAN; match class: 1",20092,9373
"1124","cyan",TRUE,0.000281713168798084,7123,224,110,0.491071428571429,0.0154429313491506,"TF:M11477_1","TF","Factor: AP-2beta; motif: NSCCYNRGGSN; match class: 1",20092,8803
"1125","cyan",TRUE,0.000287416101648018,879,224,25,0.111607142857143,0.0284414106939704,"TF:M12557_1","TF","Factor: ETV5; motif: NNACTTCCGNN; match class: 1",20092,2381
"1126","cyan",TRUE,0.000287416101648018,1475,224,35,0.15625,0.023728813559322,"TF:M12159","TF","Factor: KLF15; motif: GCCACGCCCMCN",20092,4702
"1127","cyan",TRUE,0.000305393412645026,133,224,9,0.0401785714285714,0.0676691729323308,"TF:M12179_1","TF","Factor: BTEB3; motif: NRCCACGCCCMCN; match class: 1",20092,645
"1128","cyan",TRUE,0.000315663734054648,2408,224,49,0.21875,0.0203488372093023,"TF:M09966","TF","Factor: Kaiso; motif: SARNYCTCGCGAGAN",20092,9372
"1129","cyan",TRUE,0.000318926070174504,2548,224,51,0.227678571428571,0.0200156985871272,"TF:M12147","TF","Factor: SP8; motif: RNCACGCCCMCN",20092,8130
"1130","cyan",TRUE,0.000321744081335776,11556,224,159,0.709821428571429,0.0137590861889927,"TF:M03971","TF","Factor: ELK1; motif: NACTTCCGSCGGAAGYN",20092,1894
"1131","cyan",TRUE,0.000323293060544584,9690,224,139,0.620535714285714,0.0143446852425181,"TF:M02089_1","TF","Factor: E2F-3; motif: GGCGGGN; match class: 1",20092,1537
"1132","cyan",TRUE,0.000324139446074386,205,224,11,0.0491071428571429,0.0536585365853659,"TF:M12182_1","TF","Factor: BTEB3; motif: NRCCACGCCCMCN; match class: 1",20092,651
"1133","cyan",TRUE,0.00033402223249598,10338,224,146,0.651785714285714,0.0141226542851615,"TF:M11391","TF","Factor: Erg; motif: NACCGGATATCCGGTN",20092,2084
"1134","cyan",TRUE,0.000334733341232974,8533,224,126,0.5625,0.014766201804758,"TF:M00981","TF","Factor: CREB,; motif: NTGACGTNA",20092,1078
"1135","cyan",TRUE,0.000338009252919738,8800,224,129,0.575892857142857,0.0146590909090909,"TF:M04863_1","TF","Factor: TF3C-beta; motif: CCNGGAGGGCTTCCTGGAGGAG; match class: 1",20092,3427
"1136","cyan",TRUE,0.00034204209003669,11281,224,156,0.696428571428571,0.0138285612977573,"TF:M01770","TF","Factor: XBP-1; motif: WNNGMCACGTC",20092,9228
"1137","cyan",TRUE,0.00034452452524316,5264,224,87,0.388392857142857,0.0165273556231003,"TF:M04797","TF","Factor: Egr-1; motif: CCGCCCMCG",20092,1648
"1138","cyan",TRUE,0.000345099531544455,3717,224,67,0.299107142857143,0.0180252892117299,"TF:M11479_1","TF","Factor: AP-2alpha; motif: NGCCTNAGGCN; match class: 1",20092,8791
"1139","cyan",TRUE,0.000346778656281035,8540,224,126,0.5625,0.0147540983606557,"TF:M07226","TF","Factor: SP1; motif: NCCCCKCCCCC",20092,8048
"1140","cyan",TRUE,0.000350867963243702,2351,224,48,0.214285714285714,0.0204168438962144,"TF:M01001","TF","Factor: DEAF1; motif: NCGNNYTCGGGNRTTTCCGDARNNN",20092,1242
"1141","cyan",TRUE,0.000353988091572566,4328,224,75,0.334821428571429,0.0173290203327172,"TF:M07277_1","TF","Factor: BTEB2; motif: RGGGNGKGGN; match class: 1",20092,641
"1142","cyan",TRUE,0.000354255464224506,949,224,26,0.116071428571429,0.0273972602739726,"TF:M11422_1","TF","Factor: Erm; motif: NRCMGGAAGTN; match class: 1",20092,2107
"1143","cyan",TRUE,0.000354255464224506,9077,224,132,0.589285714285714,0.0145422496419522,"TF:M03811","TF","Factor: AP-2gamma; motif: GCCYNCRGSN",20092,148
"1144","cyan",TRUE,0.000361540217466531,13972,224,183,0.816964285714286,0.0130976238190667,"TF:M04863","TF","Factor: TF3C-beta; motif: CCNGGAGGGCTTCCTGGAGGAG",20092,3426
"1145","cyan",TRUE,0.000371138022922288,13056,224,174,0.776785714285714,0.0133272058823529,"TF:M07486","TF","Factor: ZNF300; motif: SWGGGGGSN",20092,10192
"1146","cyan",TRUE,0.000371138022922288,1371,224,33,0.147321428571429,0.0240700218818381,"TF:M12166","TF","Factor: CPBP; motif: NGCCACGCCCN",20092,968
"1147","cyan",TRUE,0.000372536071021766,839,224,24,0.107142857142857,0.0286054827175209,"TF:M12157_1","TF","Factor: KLF15; motif: RCCACGCCCCCC; match class: 1",20092,4699
"1148","cyan",TRUE,0.000375323200045885,2708,224,53,0.236607142857143,0.0195716395864106,"TF:M12174","TF","Factor: GKLF; motif: NNCCACRCCCN",20092,4740
"1149","cyan",TRUE,0.000376757778841592,2638,224,52,0.232142857142857,0.0197119029567854,"TF:M08451_1","TF","Factor: Elk-1:HOXA1; motif: ACCGGAAGTAATTA; match class: 1",20092,1857
"1150","cyan",TRUE,0.000378674152054008,4805,224,81,0.361607142857143,0.0168574401664932,"TF:M11481_1","TF","Factor: AP-2gamma; motif: NSCCYNRGGSN; match class: 1",20092,8837
"1151","cyan",TRUE,0.000383040670754395,5603,224,91,0.40625,0.0162412993039443,"TF:M08417","TF","Factor: TEF-3:Elk-1; motif: RGAATSCGGAAGYN",20092,8676
"1152","cyan",TRUE,0.00038315577745582,1627,224,37,0.165178571428571,0.0227412415488629,"TF:M08231_1","TF","Factor: Elk-1:T-bet; motif: TCACACCGGAAGNN; match class: 1",20092,1879
"1153","cyan",TRUE,0.000390645900191281,3660,224,66,0.294642857142857,0.0180327868852459,"TF:M12724","TF","Factor: ZNF416; motif: GGGRNGCCSAGRN",20092,10476
"1154","cyan",TRUE,0.000390645900191281,2158,224,45,0.200892857142857,0.020852641334569,"TF:M09868_1","TF","Factor: ATF-3; motif: GGTSACGTGAN; match class: 1",20092,305
"1155","cyan",TRUE,0.000390746915810512,7865,224,118,0.526785714285714,0.0150031786395423,"TF:M08767_1","TF","Factor: HES-1; motif: GNCACGTGNC; match class: 1",20092,3467
"1156","cyan",TRUE,0.000398505348394393,1440,224,34,0.151785714285714,0.0236111111111111,"TF:M09967_1","TF","Factor: AP-2rep; motif: NGGGGCGGGGC; match class: 1",20092,153
"1157","cyan",TRUE,0.000398505348394393,16066,224,202,0.901785714285714,0.0125731358147641,"TF:M11381","TF","Factor: ESE-1; motif: SATKGCGGATGCN",20092,1800
"1158","cyan",TRUE,0.0004026900264301,1016,224,27,0.120535714285714,0.0265748031496063,"TF:M09641_1","TF","Factor: NRF-1; motif: SYGCGCMTGCGCRNNGSN; match class: 1",20092,6221
"1159","cyan",TRUE,0.000405919252066489,13074,224,174,0.776785714285714,0.0133088572739789,"TF:M03976","TF","Factor: ERG; motif: ACCGGAWATCCGGT",20092,2076
"1160","cyan",TRUE,0.000413662623488324,10288,224,145,0.647321428571429,0.0140940902021773,"TF:M08453","TF","Factor: ERF:SREBP-2; motif: NSCGGAARTCACGTGAT",20092,2062
"1161","cyan",TRUE,0.000415260749055546,337,224,14,0.0625,0.0415430267062315,"TF:M12185_1","TF","Factor: BTEB4; motif: RCCACGCCCC; match class: 1",20092,4713
"1162","cyan",TRUE,0.000420628828279386,3447,224,63,0.28125,0.0182767624020888,"TF:M09765_1","TF","Factor: SP1; motif: NRGKGGGCGGGGCN; match class: 1",20092,8051
"1163","cyan",TRUE,0.000423876994430462,4746,224,80,0.357142857142857,0.0168563000421408,"TF:M07056","TF","Factor: Pitx2; motif: WNTAAWCCCA",20092,6790
"1164","cyan",TRUE,0.000423876994430462,4746,224,80,0.357142857142857,0.0168563000421408,"TF:M02114","TF","Factor: pitx2; motif: NNTAAWCCCA",20092,6792
"1165","cyan",TRUE,0.000423876994430462,4981,224,83,0.370535714285714,0.0166633206183497,"TF:M04744_1","TF","Factor: ATF-3; motif: GGCGCSSNSNGRTSACGTSA; match class: 1",20092,303
"1166","cyan",TRUE,0.000423876994430462,7968,224,119,0.53125,0.0149347389558233,"TF:M09970","TF","Factor: KLF3; motif: NNNNNNGGGCGGGGCNNGN",20092,4724
"1167","cyan",TRUE,0.000423876994430462,10019,224,142,0.633928571428571,0.0141730711647869,"TF:M00933","TF","Factor: Sp1; motif: CCCCGCCCCN",20092,8062
"1168","cyan",TRUE,0.000423876994430462,6274,224,99,0.441964285714286,0.015779407076825,"TF:M00932_1","TF","Factor: Sp1; motif: NNGGGGCGGGGNN; match class: 1",20092,8069
"1169","cyan",TRUE,0.000423876994430462,430,224,16,0.0714285714285714,0.0372093023255814,"TF:M12350","TF","Factor: zbtb2; motif: NTTTCCGGTAAN",20092,9360
"1170","cyan",TRUE,0.000423876994430462,5541,224,90,0.401785714285714,0.0162425554953979,"TF:M01972","TF","Factor: EGR-1; motif: TGCGTGGGCGK",20092,1644
"1171","cyan",TRUE,0.000446556300902314,6366,224,100,0.446428571428571,0.0157084511467169,"TF:M01145","TF","Factor: c-Myc; motif: RACCACGTGCTC",20092,926
"1172","cyan",TRUE,0.000447013724731371,9754,224,139,0.620535714285714,0.0142505638712323,"TF:M11022","TF","Factor: IRX2a; motif: ACRYGNNNNACRYGT",20092,4538
"1173","cyan",TRUE,0.000467639305378687,4216,224,73,0.325892857142857,0.017314990512334,"TF:M08993_1","TF","Factor: ZNF777; motif: GTCCGYCCCGTCSAACAAT; match class: 1",20092,11639
"1174","cyan",TRUE,0.000474090223161321,1392,224,33,0.147321428571429,0.0237068965517241,"TF:M12179","TF","Factor: BTEB3; motif: NRCCACGCCCMCN",20092,644
"1175","cyan",TRUE,0.000494379046245869,1715,224,38,0.169642857142857,0.0221574344023324,"TF:M00075_1","TF","Factor: GATA-1; motif: SNNGATNNNN; match class: 1",20092,3007
"1176","cyan",TRUE,0.000495654256405704,5403,224,88,0.392857142857143,0.0162872478252823,"TF:M11877_1","TF","Factor: pax-2; motif: NCGTCACGCNYSRNYGCNYN; match class: 1",20092,6517
"1177","cyan",TRUE,0.000517127859458415,5010,224,83,0.370535714285714,0.0165668662674651,"TF:M11481","TF","Factor: AP-2gamma; motif: NSCCYNRGGSN",20092,8836
"1178","cyan",TRUE,0.000524459192825185,13729,224,180,0.803571428571429,0.0131109330614029,"TF:M04515","TF","Factor: E2F-1; motif: WWTGGCGCCAAA",20092,1472
"1179","cyan",TRUE,0.000530606523021776,14145,224,184,0.821428571428571,0.0130081300813008,"TF:M10491","TF","Factor: ZNF586; motif: CAGGCCYRGAGG",20092,11034
"1180","cyan",TRUE,0.000533044652564527,9332,224,134,0.598214285714286,0.0143591941705958,"TF:M11391_1","TF","Factor: Erg; motif: NACCGGATATCCGGTN; match class: 1",20092,2085
"1181","cyan",TRUE,0.000539201437485321,6313,224,99,0.441964285714286,0.0156819261840646,"TF:M02044","TF","Factor: YY1; motif: GCCGCCATTTTG",20092,9254
"1182","cyan",TRUE,0.000541828295635563,643,224,20,0.0892857142857143,0.031104199066874,"TF:M12682_1","TF","Factor: USF2; motif: NNNSSYCACGTGACNNNNNNNNNSCN; match class: 1",20092,9125
"1183","cyan",TRUE,0.000569693822094639,182,224,10,0.0446428571428571,0.0549450549450549,"TF:M12181_1","TF","Factor: BTEB3; motif: NRCCACGCCCMCN; match class: 1",20092,649
"1184","cyan",TRUE,0.000571789273667309,304,224,13,0.0580357142857143,0.0427631578947368,"TF:M13367_1","TF","Factor: ZBTB11; motif: CACTTCCGG; match class: 1",20092,9331
"1185","cyan",TRUE,0.000575259291513319,5994,224,95,0.424107142857143,0.0158491825158492,"TF:M07597","TF","Factor: Egr-1; motif: GCGTGGGCGT",20092,1658
"1186","cyan",TRUE,0.000582490574684064,4791,224,80,0.357142857142857,0.0166979753704863,"TF:M10071_1","TF","Factor: Sp1; motif: NGGGGGCGGGGCCNGGGGGGGG; match class: 1",20092,8053
"1187","cyan",TRUE,0.00058500652013927,3941,224,69,0.308035714285714,0.0175082466379092,"TF:M08423","TF","Factor: TEF-3:ER81; motif: ACCGGAAATRCC",20092,8688
"1188","cyan",TRUE,0.00058500652013927,983,224,26,0.116071428571429,0.0264496439471007,"TF:M03974","TF","Factor: ERF; motif: ACCGGAAGTR",20092,2068
"1189","cyan",TRUE,0.00060224315156392,1865,224,40,0.178571428571429,0.0214477211796247,"TF:M12086","TF","Factor: ZNF501; motif: NNGCGACGCGAACAN",20092,10736
"1190","cyan",TRUE,0.000604942664276136,12550,224,168,0.75,0.0133864541832669,"TF:M04515_1","TF","Factor: E2F-1; motif: WWTGGCGCCAAA; match class: 1",20092,1473
"1191","cyan",TRUE,0.000604942664276136,3794,224,67,0.299107142857143,0.0176594623089088,"TF:M11479","TF","Factor: AP-2alpha; motif: NGCCTNAGGCN",20092,8790
"1192","cyan",TRUE,0.000609676817119377,2482,224,49,0.21875,0.0197421434327156,"TF:M08870_1","TF","Factor: DEC1; motif: NCNCACRTGNSC; match class: 1",20092,1251
"1193","cyan",TRUE,0.00061427581323143,11775,224,160,0.714285714285714,0.013588110403397,"TF:M04710_1","TF","Factor: CHD2; motif: TCTCGCGAG; match class: 1",20092,857
"1194","cyan",TRUE,0.00063918648597954,6842,224,105,0.46875,0.0153463899444607,"TF:M10002","TF","Factor: NF-1C; motif: NYTGGCNNYNNGCCARN",20092,5728
"1195","cyan",TRUE,0.000674905800098783,3808,224,67,0.299107142857143,0.0175945378151261,"TF:M00187","TF","Factor: USF; motif: GYCACGTGNC",20092,9138
"1196","cyan",TRUE,0.000680704394650256,5131,224,84,0.375,0.0163710777626194,"TF:M00008_1","TF","Factor: Sp1; motif: GGGGCGGGGT; match class: 1",20092,8039
"1197","cyan",TRUE,0.00069116987314537,2425,224,48,0.214285714285714,0.0197938144329897,"TF:M12150","TF","Factor: SP9; motif: NCCACGCCCMCN",20092,8138
"1198","cyan",TRUE,0.000696565252243338,8228,224,121,0.540178571428571,0.0147058823529412,"TF:M01652","TF","Factor: p53; motif: RGRCWWGYCYNGRCWWGYYY",20092,6470
"1199","cyan",TRUE,0.000696565252243338,5375,224,87,0.388392857142857,0.0161860465116279,"TF:M00678","TF","Factor: Tel-2; motif: YTACTTCCTG",20092,8776
"1200","cyan",TRUE,0.000709724475161762,8144,224,120,0.535714285714286,0.0147347740667976,"TF:M11395_1","TF","Factor: Erg; motif: NACCGGAWWTCCGGTN; match class: 1",20092,2093
"1201","cyan",TRUE,0.000716257354916141,5460,224,88,0.392857142857143,0.0161172161172161,"TF:M02056","TF","Factor: ELF4; motif: NCCGGAARTN",20092,1812
"1202","cyan",TRUE,0.00072802009584892,6529,224,101,0.450892857142857,0.0154694440189922,"TF:M00237","TF","Factor: AhR:Arnt; motif: GRGKATYGCGTGMCWNSCC",20092,14
"1203","cyan",TRUE,0.00072802009584892,5382,224,87,0.388392857142857,0.016164994425864,"TF:M01163","TF","Factor: Elk-1; motif: AACCGGAAGTR",20092,1886
"1204","cyan",TRUE,0.000749090604094462,8769,224,127,0.566964285714286,0.0144828372676474,"TF:M07277","TF","Factor: BTEB2; motif: RGGGNGKGGN",20092,640
"1205","cyan",TRUE,0.000749090604094462,14310,224,185,0.825892857142857,0.0129280223619846,"TF:M00450","TF","Factor: Zic3; motif: NGGGKGGTC",20092,9618
"1206","cyan",TRUE,0.000752292056693275,10677,224,148,0.660714285714286,0.0138615716025101,"TF:M03989","TF","Factor: FLI1; motif: ACCGGAAATCCGGT",20092,2524
"1207","cyan",TRUE,0.000754229794718392,6369,224,99,0.441964285714286,0.0155440414507772,"TF:M09876_1","TF","Factor: DEC1; motif: NGCACGTGAS; match class: 1",20092,1247
"1208","cyan",TRUE,0.000758017335391572,2577,224,50,0.223214285714286,0.0194024058983314,"TF:M12183_1","TF","Factor: KLF14; motif: NRCCACRCCCMCN; match class: 1",20092,4693
"1209","cyan",TRUE,0.000758017335391572,10679,224,148,0.660714285714286,0.0138589755595093,"TF:M11528","TF","Factor: E2F-2; motif: NTTTTGGCGCCAWWWN",20092,1504
"1210","cyan",TRUE,0.000759808889995314,1755,224,38,0.169642857142857,0.0216524216524217,"TF:M04154_1","TF","Factor: TFAP2C; motif: NGCCTNAGGCN; match class: 1",20092,8831
"1211","cyan",TRUE,0.000782226525588993,5718,224,91,0.40625,0.0159146554739419,"TF:M12660","TF","Factor: SATB2; motif: GSCGCTGTCCNNGGTGCTGN",20092,7658
"1212","cyan",TRUE,0.000785465407244162,15499,224,196,0.875,0.0126459771598168,"TF:M04691","TF","Factor: Kaiso; motif: TCTCGCGAG",20092,9366
"1213","cyan",TRUE,0.000796606894007178,13097,224,173,0.772321428571429,0.0132091318622585,"TF:M12160","TF","Factor: KLF15; motif: RCCMCRCCCMCN",20092,4704
"1214","cyan",TRUE,0.000796606894007178,272,224,12,0.0535714285714286,0.0441176470588235,"TF:M12154_1","TF","Factor: Sp3; motif: NGCCACGCCCMCN; match class: 1",20092,8103
"1215","cyan",TRUE,0.000819397499542122,15728,224,198,0.883928571428571,0.012589013224822,"TF:M08313","TF","Factor: GCMa:PEA3; motif: ATRCGGGCGGAAGTR",20092,3162
"1216","cyan",TRUE,0.000825406562997389,7739,224,115,0.513392857142857,0.0148598010078822,"TF:M08878","TF","Factor: EGR; motif: CGCCCCCGCNN",20092,1712
"1217","cyan",TRUE,0.000855305310695235,9330,224,133,0.59375,0.0142550911039657,"TF:M01721","TF","Factor: PUR1; motif: GGGNCAGNN",20092,7234
"1218","cyan",TRUE,0.000855305310695235,8354,224,122,0.544642857142857,0.0146037826191046,"TF:M09608","TF","Factor: Erg; motif: NNACCGGAARTSN",20092,2078
"1219","cyan",TRUE,0.000855305310695235,892,224,24,0.107142857142857,0.0269058295964126,"TF:M09962_1","TF","Factor: ITF-2; motif: NGCAGSTGKS; match class: 1",20092,4579
"1220","cyan",TRUE,0.00087376890737351,2452,224,48,0.214285714285714,0.0195758564437194,"TF:M12149","TF","Factor: SP9; motif: RCCACGCCCMCY",20092,8136
"1221","cyan",TRUE,0.000881835453017871,1380,224,32,0.142857142857143,0.0231884057971014,"TF:M09971_1","TF","Factor: GKLF; motif: WGGGYGKGGC; match class: 1",20092,3287
"1222","cyan",TRUE,0.000882222168600709,2524,224,49,0.21875,0.0194136291600634,"TF:M00121_1","TF","Factor: USF; motif: NNRYCACGTGRYNN; match class: 1",20092,9133
"1223","cyan",TRUE,0.000882222168600709,2524,224,49,0.21875,0.0194136291600634,"TF:M00121","TF","Factor: USF; motif: NNRYCACGTGRYNN",20092,9132
"1224","cyan",TRUE,0.000888682614526788,3101,224,57,0.254464285714286,0.018381167365366,"TF:M13363","TF","Factor: EPAS1; motif: CGCACGTAS",20092,3562
"1225","cyan",TRUE,0.000899612736971714,5987,224,94,0.419642857142857,0.0157006848171037,"TF:M07601","TF","Factor: C-Myc; motif: NGCCACGTGNN",20092,930
"1226","cyan",TRUE,0.000913587260216123,8808,224,127,0.566964285714286,0.0144187102633969,"TF:M05361","TF","Factor: Sp6; motif: WGGGCGG",20092,8124
"1227","cyan",TRUE,0.000913587260216123,8808,224,127,0.566964285714286,0.0144187102633969,"TF:M05444","TF","Factor: CPBP; motif: NGGGCGG",20092,964
"1228","cyan",TRUE,0.000913587260216123,8808,224,127,0.566964285714286,0.0144187102633969,"TF:M05332","TF","Factor: Sp2; motif: WGGGCGG",20092,8078
"1229","cyan",TRUE,0.000923617408724817,6322,224,98,0.4375,0.0155014236001265,"TF:M12969","TF","Factor: PAX2; motif: NCANTSRAGCGTGACGR",20092,6518
"1230","cyan",TRUE,0.000936965578741533,2251,224,45,0.200892857142857,0.0199911150599733,"TF:M12154","TF","Factor: Sp3; motif: NGCCACGCCCMCN",20092,8102
"1231","cyan",TRUE,0.00096092388692224,8464,224,123,0.549107142857143,0.0145321361058601,"TF:M11477","TF","Factor: AP-2beta; motif: NSCCYNRGGSN",20092,8802
"1232","cyan",TRUE,0.000963595480759058,11195,224,153,0.683035714285714,0.013666815542653,"TF:M00448","TF","Factor: Zic1; motif: KGGGTGGTC",20092,9606
"1233","cyan",TRUE,0.000963595480759058,1325,224,31,0.138392857142857,0.0233962264150943,"TF:M11406","TF","Factor: Pet-1; motif: NACCGGAAGTN",20092,2466
"1234","cyan",TRUE,0.000963595480759058,8907,224,128,0.571428571428571,0.0143707196586954,"TF:M11395","TF","Factor: Erg; motif: NACCGGAWWTCCGGTN",20092,2092
"1235","cyan",TRUE,0.000995318853156027,2051,224,42,0.1875,0.0204778156996587,"TF:M04147_1","TF","Factor: TFAP2A; motif: NGCCYSAGGCN; match class: 1",20092,8781
"1236","cyan",TRUE,0.000995513619034242,3412,224,61,0.272321428571429,0.0178780773739742,"TF:M01273","TF","Factor: SP4; motif: SCCCCGCCCCS",20092,8118
"1237","cyan",TRUE,0.000996271018790004,3487,224,62,0.276785714285714,0.0177803269285919,"TF:M03914","TF","Factor: KLF16; motif: GMCACGCCCCC",20092,4710
"1238","cyan",TRUE,0.0010083565481093,468,224,16,0.0714285714285714,0.0341880341880342,"TF:M04694_1","TF","Factor: NRF-1; motif: CNCTGCGCATGCGC; match class: 1",20092,6219
"1239","cyan",TRUE,0.00102016913356006,2973,224,55,0.245535714285714,0.0184998318197107,"TF:M12148","TF","Factor: SP8; motif: NCCACGCCCMCN",20092,8132
"1240","cyan",TRUE,0.00102951081579882,10926,224,150,0.669642857142857,0.013728720483251,"TF:M00189","TF","Factor: AP-2; motif: MKCCCSCNGGCG",20092,158
"1241","cyan",TRUE,0.00104211451847866,1988,224,41,0.183035714285714,0.0206237424547284,"TF:M12153_1","TF","Factor: Sp3; motif: NGCCACGCCCMCN; match class: 1",20092,8101
"1242","cyan",TRUE,0.00105541492801127,7613,224,113,0.504464285714286,0.0148430316563772,"TF:M08523_1","TF","Factor: E2F-1:TBR2; motif: NGGTGNNANGGCGCNNTNNCRNNN; match class: 1",20092,1467
"1243","cyan",TRUE,0.00105551929182438,792,224,22,0.0982142857142857,0.0277777777777778,"TF:M09820_1","TF","Factor: USF2; motif: NNNGGTCACGTGRYNN; match class: 1",20092,9117
"1244","cyan",TRUE,0.00105551929182438,7959,224,117,0.522321428571429,0.0147003392385978,"TF:M03567","TF","Factor: Sp2; motif: NYSGCCCCGCCCCCY",20092,8094
"1245","cyan",TRUE,0.00107440230833905,6851,224,104,0.464285714285714,0.015180265654649,"TF:M00119_1","TF","Factor: Max; motif: NNANCACGTGNTNN; match class: 1",20092,5119
"1246","cyan",TRUE,0.00107440230833905,6851,224,104,0.464285714285714,0.015180265654649,"TF:M00119","TF","Factor: Max; motif: NNANCACGTGNTNN",20092,5118
"1247","cyan",TRUE,0.00107949542062132,6852,224,104,0.464285714285714,0.0151780502043199,"TF:M03572","TF","Factor: DEC1; motif: CNCACRTGASC",20092,1248
"1248","cyan",TRUE,0.00109663505314909,523,224,17,0.0758928571428571,0.0325047801147228,"TF:M12735","TF","Factor: ZNF257; motif: NNGAGGCRAGRG",20092,10064
"1249","cyan",TRUE,0.00113010666691451,162,224,9,0.0401785714285714,0.0555555555555556,"TF:M12166_1","TF","Factor: CPBP; motif: NGCCACGCCCN; match class: 1",20092,969
"1250","cyan",TRUE,0.00113104832851353,10665,224,147,0.65625,0.0137834036568214,"TF:M08298","TF","Factor: FOXO1A:Elk-1; motif: RCCGGAWGTTNTN",20092,2814
"1251","cyan",TRUE,0.00116363516496569,3063,224,56,0.25,0.0182827293503102,"TF:M09632","TF","Factor: Kaiso; motif: GNTCTCGCGAGRNNNNGGN",20092,9370
"1252","cyan",TRUE,0.00122027566978162,4827,224,79,0.352678571428571,0.0163662730474415,"TF:M03558","TF","Factor: P73; motif: GNNNRRRCNTGCMNNTSASN",20092,6494
"1253","cyan",TRUE,0.00123322307590812,8248,224,120,0.535714285714286,0.01454898157129,"TF:M07380_1","TF","Factor: E2F-4; motif: NTTTCSCGCC; match class: 1",20092,1557
"1254","cyan",TRUE,0.00126160787346365,6127,224,95,0.424107142857143,0.0155051411783907,"TF:M00931_1","TF","Factor: Sp1; motif: GGGGCGGGGC; match class: 1",20092,8073
"1255","cyan",TRUE,0.0012748594106599,1412,224,32,0.142857142857143,0.0226628895184136,"TF:M10169","TF","Factor: ZNF76; motif: RNNGCMTKCTGGGARNTGTAGT",20092,11586
"1256","cyan",TRUE,0.00130596985663786,6051,224,94,0.419642857142857,0.0155346223764667,"TF:M08950","TF","Factor: MAX; motif: CACGTG",20092,5128
"1257","cyan",TRUE,0.00130596985663786,6051,224,94,0.419642857142857,0.0155346223764667,"TF:M00726","TF","Factor: USF2; motif: CASGYG",20092,9128
"1258","cyan",TRUE,0.00130596985663786,6051,224,94,0.419642857142857,0.0155346223764667,"TF:M00726_1","TF","Factor: USF2; motif: CASGYG; match class: 1",20092,9129
"1259","cyan",TRUE,0.00130596985663786,6051,224,94,0.419642857142857,0.0155346223764667,"TF:M08950_1","TF","Factor: MAX; motif: CACGTG; match class: 1",20092,5129
"1260","cyan",TRUE,0.0013073821600546,863,224,23,0.102678571428571,0.0266512166859791,"TF:M09670_1","TF","Factor: USF2; motif: NGGTCACGTGNNSNNNNNN; match class: 1",20092,9115
"1261","cyan",TRUE,0.00132790326007753,2360,224,46,0.205357142857143,0.0194915254237288,"TF:M12185","TF","Factor: BTEB4; motif: RCCACGCCCC",20092,4712
"1262","cyan",TRUE,0.00133446086783305,12603,224,167,0.745535714285714,0.013250813298421,"TF:M13127","TF","Factor: HA95; motif: CCSNSSCCNSCNCCWSCCNS",20092,3432
"1263","cyan",TRUE,0.00133446086783305,6721,224,102,0.455357142857143,0.0151763130486535,"TF:M11535_1","TF","Factor: E2F-4; motif: TTTTGGCGCCAWWN; match class: 1",20092,1553
"1264","cyan",TRUE,0.00133446086783305,2361,224,46,0.205357142857143,0.0194832698009318,"TF:M11805","TF","Factor: RAR-gamma; motif: RAGGTCRTGACCTY",20092,7288
"1265","cyan",TRUE,0.00133731160304196,5728,224,90,0.401785714285714,0.0157122905027933,"TF:M05327","TF","Factor: WT1; motif: NGCGGGGGGGTSMMCYN",20092,9216
"1266","cyan",TRUE,0.00133922760621845,865,224,23,0.102678571428571,0.0265895953757225,"TF:M10018_1","TF","Factor: NRF-1; motif: CNSTGCGCATGCGCNNS; match class: 1",20092,6223
"1267","cyan",TRUE,0.00135606734686437,247,224,11,0.0491071428571429,0.0445344129554656,"TF:M12180_1","TF","Factor: BTEB3; motif: NRCCACGCCCMCN; match class: 1",20092,647
"1268","cyan",TRUE,0.00136346157241749,6308,224,97,0.433035714285714,0.0153772986683576,"TF:M11090","TF","Factor: TFEA; motif: YRCACGTGACN",20092,8898
"1269","cyan",TRUE,0.00136974128256926,2435,224,47,0.209821428571429,0.0193018480492813,"TF:M09608_1","TF","Factor: Erg; motif: NNACCGGAARTSN; match class: 1",20092,2079
"1270","cyan",TRUE,0.00140961157229272,14324,224,184,0.821428571428571,0.0128455738620497,"TF:M08487","TF","Factor: GCMa:Erg; motif: ATGCGGGCGGAARKG",20092,3158
"1271","cyan",TRUE,0.00140961157229272,9070,224,129,0.575892857142857,0.0142227122381477,"TF:M08487_1","TF","Factor: GCMa:Erg; motif: ATGCGGGCGGAARKG; match class: 1",20092,3159
"1272","cyan",TRUE,0.0014224037903996,4225,224,71,0.316964285714286,0.0168047337278107,"TF:M04154","TF","Factor: TFAP2C; motif: NGCCTNAGGCN",20092,8830
"1273","cyan",TRUE,0.00142318223793684,338,224,13,0.0580357142857143,0.0384615384615385,"TF:M08760_1","TF","Factor: ETV7; motif: NNSCGGAAGTR; match class: 1",20092,2393
"1274","cyan",TRUE,0.00143678212539026,755,224,21,0.09375,0.0278145695364238,"TF:M12730_1","TF","Factor: ZBTB4; motif: NNGTSACKYSAYCTNN; match class: 1",20092,9431
"1275","cyan",TRUE,0.00144029999777455,644,224,19,0.0848214285714286,0.0295031055900621,"TF:M12092","TF","Factor: ZNF787; motif: TGCCTCAGTTTMCCN",20092,11684
"1276","cyan",TRUE,0.00147491198159466,13617,224,177,0.790178571428571,0.0129984578100903,"TF:M00327","TF","Factor: Pax-3; motif: NNNNNNCGTCACGSTYNNNNN",20092,6540
"1277","cyan",TRUE,0.00150203842657752,3620,224,63,0.28125,0.0174033149171271,"TF:M03895_1","TF","Factor: CTCF; motif: WGCGCCMYCTAGYGGYN; match class: 1",20092,1155
"1278","cyan",TRUE,0.00150203842657752,8639,224,124,0.553571428571429,0.0143535131380947,"TF:M04106_1","TF","Factor: RUNX2; motif: NRACCGCAAACCGCAN; match class: 1",20092,7561
"1279","cyan",TRUE,0.00150890006163261,437,224,15,0.0669642857142857,0.034324942791762,"TF:M01258_1","TF","Factor: GABP; motif: CACTTCCGGNNN; match class: 1",20092,3003
"1280","cyan",TRUE,0.00155326887647477,8032,224,117,0.522321428571429,0.0145667330677291,"TF:M08209_1","TF","Factor: E2F-3:FOXO6; motif: NAATGACACGCGCCCMC; match class: 1",20092,1519
"1281","cyan",TRUE,0.00155326887647477,3930,224,67,0.299107142857143,0.0170483460559796,"TF:M10530_1","TF","Factor: sp4; motif: NNNGCYCCGCCCCCY; match class: 1",20092,8113
"1282","cyan",TRUE,0.00155326887647477,2169,224,43,0.191964285714286,0.0198248040571692,"TF:M08885_1","TF","Factor: HAIRYLIKE; motif: NNNNCANGTG; match class: 1",20092,3435
"1283","cyan",TRUE,0.0015616454652244,2380,224,46,0.205357142857143,0.019327731092437,"TF:M10115_1","TF","Factor: LRF; motif: NRGGGKCKY; match class: 1",20092,9441
"1284","cyan",TRUE,0.00159020174749644,1965,224,40,0.178571428571429,0.0203562340966921,"TF:M10045_1","TF","Factor: RAR-gamma; motif: RGGTCANNNTGNCCNNNN; match class: 1",20092,7285
"1285","cyan",TRUE,0.00159020174749644,3179,224,57,0.254464285714286,0.0179301667190941,"TF:M07067","TF","Factor: USF1; motif: NNNNGTCACGTGGN",20092,9106
"1286","cyan",TRUE,0.00159427363698466,650,224,19,0.0848214285714286,0.0292307692307692,"TF:M13115","TF","Factor: MBD1; motif: RCTCCAKCYTS",20092,5160
"1287","cyan",TRUE,0.00159934732736089,12348,224,164,0.732142857142857,0.0132815030774214,"TF:M03978","TF","Factor: ETS1; motif: GCCGGAWGTACTTCCGGN",20092,2226
"1288","cyan",TRUE,0.00160105849073699,5516,224,87,0.388392857142857,0.0157722987672226,"TF:M00243","TF","Factor: Egr-1; motif: WTGCGTGGGCGK",20092,1642
"1289","cyan",TRUE,0.00160576155743586,6841,224,103,0.459821428571429,0.0150562783218828,"TF:M13117","TF","Factor: SKIL; motif: NNCTGNCCYTKNCCCNN",20092,7764
"1290","cyan",TRUE,0.00160689660292202,10551,224,145,0.647321428571429,0.0137427731968534,"TF:M04516_1","TF","Factor: E2F-1; motif: TTTGGCGCCAAA; match class: 1",20092,1475
"1291","cyan",TRUE,0.00164828479665297,5359,224,85,0.379464285714286,0.0158611681283822,"TF:M01652_1","TF","Factor: p53; motif: RGRCWWGYCYNGRCWWGYYY; match class: 1",20092,6471
"1292","cyan",TRUE,0.00170190082332956,5526,224,87,0.388392857142857,0.0157437567861021,"TF:M11844","TF","Factor: ER-alpha; motif: NAGGTCACSGYGACCTN",20092,2154
"1293","cyan",TRUE,0.00179515001912689,496,224,16,0.0714285714285714,0.032258064516129,"TF:M10129","TF","Factor: Staf; motif: NGCMTKCTGGGARWTGTAGTYY",20092,8298
"1294","cyan",TRUE,0.00180898968884672,3420,224,60,0.267857142857143,0.0175438596491228,"TF:M03969","TF","Factor: ELF5; motif: ANSMGGAAGTN",20092,1830
"1295","cyan",TRUE,0.00183856403444629,11797,224,158,0.705357142857143,0.0133932355683648,"TF:M11877","TF","Factor: pax-2; motif: NCGTCACGCNYSRNYGCNYN",20092,6516
"1296","cyan",TRUE,0.00185438051771981,7035,224,105,0.46875,0.0149253731343284,"TF:M07615","TF","Factor: Sp3; motif: GGGGCGGGGSNN",20092,8106
"1297","cyan",TRUE,0.00187424282627591,2401,224,46,0.205357142857143,0.019158683881716,"TF:M09670","TF","Factor: USF2; motif: NGGTCACGTGNNSNNNNNN",20092,9114
"1298","cyan",TRUE,0.00188785427475994,9486,224,133,0.59375,0.0140206620282522,"TF:M09972","TF","Factor: BTEB2; motif: WGGGTGKGGCNGGN",20092,632
"1299","cyan",TRUE,0.00191570246579972,138,224,8,0.0357142857142857,0.0579710144927536,"TF:M12162_1","TF","Factor: KLF3; motif: GRCCACGCCCN; match class: 1",20092,4729
"1300","cyan",TRUE,0.00191985071853945,6286,224,96,0.428571428571429,0.015272033089405,"TF:M12273","TF","Factor: YY1; motif: GGCSGCCATTTTGN",20092,9270
"1301","cyan",TRUE,0.00192909527289828,2983,224,54,0.241071428571429,0.0181025812939993,"TF:M09890_1","TF","Factor: ctcf; motif: YGGCCACCAGRKGGCRSYN; match class: 1",20092,1171
"1302","cyan",TRUE,0.00192909527289828,3205,224,57,0.254464285714286,0.0177847113884555,"TF:M07210","TF","Factor: ESR2; motif: AGGTCASNNTGNCCY",20092,2162
"1303","cyan",TRUE,0.00194817771319431,11714,224,157,0.700892857142857,0.01340276592112,"TF:M12231","TF","Factor: LRF; motif: NCGACCACCGN",20092,9444
"1304","cyan",TRUE,0.00196075092626697,1716,224,36,0.160714285714286,0.020979020979021,"TF:M10002_1","TF","Factor: NF-1C; motif: NYTGGCNNYNNGCCARN; match class: 1",20092,5729
"1305","cyan",TRUE,0.00197539841218944,3966,224,67,0.299107142857143,0.0168935955622794,"TF:M11402","TF","Factor: Fli-1; motif: NACCGGAARTN",20092,2542
"1306","cyan",TRUE,0.00198542338391511,6376,224,97,0.433035714285714,0.0152132998745295,"TF:M01208","TF","Factor: FLI-1; motif: CMGGAWGTSAN",20092,2548
"1307","cyan",TRUE,0.00200194798091837,2198,224,43,0.191964285714286,0.0195632393084622,"TF:M09602_1","TF","Factor: ctcf; motif: NNNCCASYAGRKGGCRSYNN; match class: 1",20092,1165
"1308","cyan",TRUE,0.00203322203584653,401,224,14,0.0625,0.0349127182044888,"TF:M12164_1","TF","Factor: BTEB2; motif: NMCACGCCCN; match class: 1",20092,635
"1309","cyan",TRUE,0.002043001091414,7395,224,109,0.486607142857143,0.0147396889790399,"TF:M11814_1","TF","Factor: T3R-beta; motif: NRGGTCAAAGGTCRN; match class: 1",20092,8991
"1310","cyan",TRUE,0.00205871686274701,2413,224,46,0.205357142857143,0.0190634065478657,"TF:M00796","TF","Factor: USF; motif: NRCCACGTGASN",20092,9140
"1311","cyan",TRUE,0.00205871686274701,3819,224,65,0.290178571428571,0.0170201623461639,"TF:M00965","TF","Factor: LXR,; motif: YGAMCTNNASTRACCYN",20092,1404
"1312","cyan",TRUE,0.00205904565224777,8879,224,126,0.5625,0.0141907872508165,"TF:M05439","TF","Factor: RREB-1; motif: GGGWCSA",20092,7548
"1313","cyan",TRUE,0.00208522400353314,4599,224,75,0.334821428571429,0.0163078930202218,"TF:M00793","TF","Factor: YY1; motif: GCCATNTTN",20092,9278
"1314","cyan",TRUE,0.00210555848987509,262,224,11,0.0491071428571429,0.0419847328244275,"TF:M11794_1","TF","Factor: NR1B1; motif: NRAGGTCANG; match class: 1",20092,7255
"1315","cyan",TRUE,0.00211775392352049,667,224,19,0.0848214285714286,0.0284857571214393,"TF:M02102_1","TF","Factor: NRF-1; motif: YGCGCMTGCGC; match class: 1",20092,6229
"1316","cyan",TRUE,0.0021253971526615,6473,224,98,0.4375,0.0151398115247953,"TF:M07063","TF","Factor: Sp1; motif: GGGGCGGGGC",20092,8066
"1317","cyan",TRUE,0.0021253971526615,1460,224,32,0.142857142857143,0.0219178082191781,"TF:M07347","TF","Factor: AhR; motif: NNNKNGCGTGNSNNNNN",20092,24
"1318","cyan",TRUE,0.00214696555955598,454,224,15,0.0669642857142857,0.0330396475770925,"TF:M11440","TF","Factor: Net; motif: NRCCGGAAGTN",20092,1914
"1319","cyan",TRUE,0.00215239274395711,1930,224,39,0.174107142857143,0.0202072538860104,"TF:M10119","TF","Factor: REX-1; motif: GGCMGCCATTTT",20092,7382
"1320","cyan",TRUE,0.00215239274395711,4369,224,72,0.321428571428571,0.0164797436484321,"TF:M02011","TF","Factor: HES-1; motif: GSCACGMGMC",20092,3476
"1321","cyan",TRUE,0.00215494861251937,559,224,17,0.0758928571428571,0.0304114490161002,"TF:M11415_1","TF","Factor: GABP-alpha; motif: NRCCGGAAGTN; match class: 1",20092,2989
"1322","cyan",TRUE,0.00218308324945567,10337,224,142,0.633928571428571,0.0137370610428558,"TF:M09723","TF","Factor: BTEB1; motif: GGGGGCGGGGCNGSGGGNGS",20092,628
"1323","cyan",TRUE,0.00218308324945567,1463,224,32,0.142857142857143,0.0218728639781271,"TF:M12660_1","TF","Factor: SATB2; motif: GSCGCTGTCCNNGGTGCTGN; match class: 1",20092,7659
"1324","cyan",TRUE,0.00218346260824683,12509,224,165,0.736607142857143,0.0131905028379567,"TF:M08523","TF","Factor: E2F-1:TBR2; motif: NGGTGNNANGGCGCNNTNNCRNNN",20092,1466
"1325","cyan",TRUE,0.00219344605806851,1021,224,25,0.111607142857143,0.0244857982370225,"TF:M02074_1","TF","Factor: GABPalpha; motif: RCCGGAWRYN; match class: 1",20092,2975
"1326","cyan",TRUE,0.00225020173899519,3757,224,64,0.285714285714286,0.0170348682459409,"TF:M02174_1","TF","Factor: MYC:MAX; motif: RASCACGTGGT; match class: 1",20092,5553
"1327","cyan",TRUE,0.00226853970332754,4535,224,74,0.330357142857143,0.0163175303197354,"TF:M13137_1","TF","Factor: AP2BETA; motif: SCCYCAGGSNN; match class: 1",20092,8807
"1328","cyan",TRUE,0.00230175034476941,181,224,9,0.0401785714285714,0.0497237569060773,"TF:M12159_1","TF","Factor: KLF15; motif: GCCACGCCCMCN; match class: 1",20092,4703
"1329","cyan",TRUE,0.00232789543457606,3762,224,64,0.285714285714286,0.0170122275385433,"TF:M11800","TF","Factor: NR1B2; motif: RAGGTCRTGACCTY",20092,7270
"1330","cyan",TRUE,0.00236856729347429,6410,224,97,0.433035714285714,0.0151326053042122,"TF:M08875","TF","Factor: E2F; motif: NNTTTCGCGCN",20092,1602
"1331","cyan",TRUE,0.00244172332918247,6000,224,92,0.410714285714286,0.0153333333333333,"TF:M04726","TF","Factor: REST; motif: GGACAGCKC",20092,7358
"1332","cyan",TRUE,0.00245037141743462,9903,224,137,0.611607142857143,0.0138341916590932,"TF:M08955","TF","Factor: FXR:RXR-ALPHA; motif: NRGGTCANRGGKN",20092,2962
"1333","cyan",TRUE,0.00249709631823443,4158,224,69,0.308035714285714,0.0165945165945166,"TF:M09910_1","TF","Factor: ER-beta; motif: RGGTCASCNTGMCCY; match class: 1",20092,2167
"1334","cyan",TRUE,0.00250389471338937,10181,224,140,0.625,0.0137511049995089,"TF:M08289","TF","Factor: Fli-1:Max; motif: NCCGGAAACACGTGN",20092,2516
"1335","cyan",TRUE,0.0025419683326872,8568,224,122,0.544642857142857,0.0142390289449113,"TF:M03582","TF","Factor: TWIST; motif: CACCTGG",20092,9086
"1336","cyan",TRUE,0.00258849250632522,1611,224,34,0.151785714285714,0.021104903786468,"TF:M03902","TF","Factor: GLI2; motif: GCGACCACMCTR",20092,3306
"1337","cyan",TRUE,0.00258849250632522,569,224,17,0.0758928571428571,0.0298769771528998,"TF:M11418_1","TF","Factor: ER81; motif: NRCMGGAWGNN; match class: 1",20092,2011
"1338","cyan",TRUE,0.00261327440346404,4010,224,67,0.299107142857143,0.0167082294264339,"TF:M00976","TF","Factor: AhR,; motif: NRCGTGNGN",20092,16
"1339","cyan",TRUE,0.00264072040073595,1035,224,25,0.111607142857143,0.0241545893719807,"TF:M12155_1","TF","Factor: Sp2; motif: NTWAGTCCCGCCCMCTT; match class: 1",20092,8089
"1340","cyan",TRUE,0.00267770975747129,5443,224,85,0.379464285714286,0.0156163880213118,"TF:M07231","TF","Factor: TFAP2A; motif: NNNNGCCYSAGGGCA",20092,8786
"1341","cyan",TRUE,0.00268268814880939,13937,224,179,0.799107142857143,0.0128435100810791,"TF:M09918","TF","Factor: Pet-1; motif: GCNGGAAGYG",20092,6724
"1342","cyan",TRUE,0.00268609889282976,626,224,18,0.0803571428571429,0.0287539936102236,"TF:M02068_1","TF","Factor: etv3; motif: ACCGGAAGYN; match class: 1",20092,2331
"1343","cyan",TRUE,0.00271080879939088,5122,224,81,0.361607142857143,0.0158141351034752,"TF:M00193","TF","Factor: NF-1; motif: NNTTGGCNNNNNNCCNNN",20092,5738
"1344","cyan",TRUE,0.00275919588049901,4252,224,70,0.3125,0.0164628410159925,"TF:M07601_1","TF","Factor: C-Myc; motif: NGCCACGTGNN; match class: 1",20092,931
"1345","cyan",TRUE,0.00277235431028364,4097,224,68,0.303571428571429,0.016597510373444,"TF:M10121","TF","Factor: ZFX; motif: SNAGGCCNCR",20092,9600
"1346","cyan",TRUE,0.00279606603594642,6025,224,92,0.410714285714286,0.0152697095435685,"TF:M00975","TF","Factor: RFX; motif: SHGTTGCSN",20092,7476
"1347","cyan",TRUE,0.00279870276476742,10113,224,139,0.620535714285714,0.0137446850588352,"TF:M00738","TF","Factor: E2F-4:DP-1; motif: TTTSGCGC",20092,1538
"1348","cyan",TRUE,0.00285894951877395,9844,224,136,0.607142857142857,0.0138155221454693,"TF:M02111","TF","Factor: NR1B2; motif: NTGACCY",20092,6100
"1349","cyan",TRUE,0.00299144338759981,419,224,14,0.0625,0.0334128878281623,"TF:M03923_1","TF","Factor: SP8; motif: RCCACGCCCMCY; match class: 1",20092,8127
"1350","cyan",TRUE,0.0030302411504413,10403,224,142,0.633928571428571,0.0136499086801884,"TF:M04065","TF","Factor: Pax-6; motif: TTTCACGCWTGANTGMNYN",20092,6590
"1351","cyan",TRUE,0.0031125326819616,3499,224,60,0.267857142857143,0.0171477565018577,"TF:M12686","TF","Factor: ZBTB10; motif: TGGGGTGCNS",20092,9320
"1352","cyan",TRUE,0.00311411624249911,7050,224,104,0.464285714285714,0.0147517730496454,"TF:M12963","TF","Factor: CTCF; motif: CTGCANTNCCNNNNNNNNCCASNAGRKGGCRSNN",20092,1176
"1353","cyan",TRUE,0.00313562313381711,2828,224,51,0.227678571428571,0.018033946251768,"TF:M09640","TF","Factor: NF-1C; motif: NYYTGGCWNNNNKCCMN",20092,5724
"1354","cyan",TRUE,0.00318684164041617,3655,224,62,0.276785714285714,0.0169630642954856,"TF:M10435_1","TF","Factor: Sp2; motif: GGGGCGGGG; match class: 1",20092,8087
"1355","cyan",TRUE,0.00319073902214532,10783,224,146,0.651785714285714,0.0135398312158027,"TF:M12158","TF","Factor: KLF15; motif: NCCMCGCCCMCN",20092,4700
"1356","cyan",TRUE,0.00320744639126009,3428,224,59,0.263392857142857,0.0172112018669778,"TF:M10027","TF","Factor: Pax-5; motif: SCNNGGGCARCNRAGCGWGAC",20092,6584
"1357","cyan",TRUE,0.00321714600771224,12393,224,163,0.727678571428571,0.0131525861373356,"TF:M11595","TF","Factor: GCMa; motif: RTGCGGGTN",20092,3200
"1358","cyan",TRUE,0.00321714600771224,10971,224,148,0.660714285714286,0.0134901102907666,"TF:M12694","TF","Factor: ZFP14; motif: SCNNYCCNGNNSCTSCNC",20092,9498
"1359","cyan",TRUE,0.0032213638758594,2397,224,45,0.200892857142857,0.0187734668335419,"TF:M12682","TF","Factor: USF2; motif: NNNSSYCACGTGACNNNNNNNNNSCN",20092,9124
"1360","cyan",TRUE,0.00322700120027648,7058,224,104,0.464285714285714,0.0147350524227827,"TF:M07329","TF","Factor: Osx; motif: CCNCCCCCNNN",20092,6400
"1361","cyan",TRUE,0.00324011332482186,1906,224,38,0.169642857142857,0.0199370409233998,"TF:M07409_1","TF","Factor: BTEB2; motif: GCCCCRCCCH; match class: 1",20092,4745
"1362","cyan",TRUE,0.00324906431041582,8795,224,124,0.553571428571429,0.0140989198408186,"TF:M13142","TF","Factor: ZBTB33; motif: GGYGCTG",20092,9376
"1363","cyan",TRUE,0.00325617950804034,191,224,9,0.0401785714285714,0.0471204188481675,"TF:M01167_1","TF","Factor: SAP-1a; motif: NACCGGAAGTV; match class: 1",20092,7645
"1364","cyan",TRUE,0.00326830001331655,638,224,18,0.0803571428571429,0.0282131661442006,"TF:M01744","TF","Factor: REX1; motif: AANATGGCKGCN",20092,7378
"1365","cyan",TRUE,0.00328987125650078,12787,224,167,0.745535714285714,0.0130601392038789,"TF:M07041","TF","Factor: HDAC1; motif: KGCARGGTC",20092,3446
"1366","cyan",TRUE,0.00341182825919605,10337,224,141,0.629464285714286,0.0136403211763568,"TF:M08867","TF","Factor: AP2; motif: GCCYGSGGSN",20092,156
"1367","cyan",TRUE,0.00342756671160763,8103,224,116,0.517857142857143,0.0143156855485623,"TF:M04823_1","TF","Factor: E2F-4; motif: NNTTCCCGCCNN; match class: 1",20092,1547
"1368","cyan",TRUE,0.00351078087219384,12315,224,162,0.723214285714286,0.0131546894031669,"TF:M02090","TF","Factor: E2F-4; motif: GCGGGAAANA",20092,1558
"1369","cyan",TRUE,0.00351333936965974,2124,224,41,0.183035714285714,0.0193032015065913,"TF:M09820","TF","Factor: USF2; motif: NNNGGTCACGTGRYNN",20092,9116
"1370","cyan",TRUE,0.00364280841152517,3907,224,65,0.290178571428571,0.0166368057332992,"TF:M11085","TF","Factor: SREBP-2; motif: ATCACGTGAY",20092,8216
"1371","cyan",TRUE,0.00364280841152517,1315,224,29,0.129464285714286,0.0220532319391635,"TF:M01208_1","TF","Factor: FLI-1; motif: CMGGAWGTSAN; match class: 1",20092,2549
"1372","cyan",TRUE,0.00370036743680984,10722,224,145,0.647321428571429,0.0135235963439657,"TF:M08412","TF","Factor: rfx3:SREBP-2; motif: ATGGYAACRTCACGTGAY",20092,7422
"1373","cyan",TRUE,0.00375295647386454,9900,224,136,0.607142857142857,0.0137373737373737,"TF:M00915","TF","Factor: AP-2; motif: SNNNCCNCAGGCN",20092,160
"1374","cyan",TRUE,0.00380381981588576,5751,224,88,0.392857142857143,0.015301686663189,"TF:M02174","TF","Factor: MYC:MAX; motif: RASCACGTGGT",20092,5552
"1375","cyan",TRUE,0.00380495776858429,14006,224,179,0.799107142857143,0.012780237041268,"TF:M08209","TF","Factor: E2F-3:FOXO6; motif: NAATGACACGCGCCCMC",20092,1518
"1376","cyan",TRUE,0.00381193935713119,9452,224,131,0.584821428571429,0.0138595006347863,"TF:M01857","TF","Factor: AP-2alpha; motif: NGCCYSNNGSN",20092,138
"1377","cyan",TRUE,0.0038209556656156,14931,224,188,0.839285714285714,0.0125912530975822,"TF:M08623","TF","Factor: rfx3:SRF; motif: TRGCAACNNNNNCCNWATANGGN",20092,7424
"1378","cyan",TRUE,0.00391661154134642,15040,224,189,0.84375,0.0125664893617021,"TF:M10477","TF","Factor: ZNF436; motif: TCCTCCAGGAAGCCY",20092,10552
"1379","cyan",TRUE,0.00392544374107223,1453,224,31,0.138392857142857,0.0213351686166552,"TF:M08213_1","TF","Factor: Elk-1:TBR2; motif: TNRCACCGGAAGN; match class: 1",20092,1847
"1380","cyan",TRUE,0.00403936897534784,1132,224,26,0.116071428571429,0.0229681978798587,"TF:M03970_1","TF","Factor: ELK1; motif: ACCGGAAGTN; match class: 1",20092,1893
"1381","cyan",TRUE,0.00405096831713021,6343,224,95,0.424107142857143,0.014977140154501,"TF:M01973","TF","Factor: PLAG1; motif: CCCCCKWNNNGGSCCC",20092,6826
"1382","cyan",TRUE,0.00419140181055085,7795,224,112,0.5,0.0143681847338037,"TF:M08222","TF","Factor: Elk-1:HOXB13; motif: ACCGGAAGTNGTAAAN",20092,1862
"1383","cyan",TRUE,0.004220985162497,888,224,22,0.0982142857142857,0.0247747747747748,"TF:M02378","TF","Factor: HIF1A:ARNT; motif: VNACGTGN",20092,3542
"1384","cyan",TRUE,0.004220985162497,5361,224,83,0.370535714285714,0.0154821861592986,"TF:M00178","TF","Factor: CREB; motif: NSTGACGTMANN",20092,1096
"1385","cyan",TRUE,0.00423428802958771,436,224,14,0.0625,0.0321100917431193,"TF:M03791_1","TF","Factor: GABPalpha_GABPbeta; motif: CTTCCKGY; match class: 1",20092,2973
"1386","cyan",TRUE,0.00432159720792173,6355,224,95,0.424107142857143,0.014948859166011,"TF:M00244","TF","Factor: NGFI-C; motif: WTGCGTGGGYGG",20092,5940
"1387","cyan",TRUE,0.00438647683794469,5777,224,88,0.392857142857143,0.0152328198026657,"TF:M04918","TF","Factor: Egr-1; motif: ACCGCCC",20092,1652
"1388","cyan",TRUE,0.00444244746399704,10026,224,137,0.611607142857143,0.0136644723718332,"TF:M11381_1","TF","Factor: ESE-1; motif: SATKGCGGATGCN; match class: 1",20092,1801
"1389","cyan",TRUE,0.00450201263949155,6447,224,96,0.428571428571429,0.0148906468124709,"TF:M01820","TF","Factor: CREM; motif: TGACGTCASYN",20092,1114
"1390","cyan",TRUE,0.00450201263949155,5210,224,81,0.361607142857143,0.0155470249520154,"TF:M08868","TF","Factor: ARNTLIKE; motif: NNNSCACGTG",20092,206
"1391","cyan",TRUE,0.00450201263949155,893,224,22,0.0982142857142857,0.0246360582306831,"TF:M09974","TF","Factor: BTEB1; motif: GNRGKGGGCGTGGCC",20092,630
"1392","cyan",TRUE,0.00450201263949155,4018,224,66,0.294642857142857,0.0164260826281732,"TF:M01202","TF","Factor: VDR:RXR; motif: GGGTCAWNGRGTTCA",20092,9162
"1393","cyan",TRUE,0.0045604891675613,894,224,22,0.0982142857142857,0.0246085011185682,"TF:M07067_1","TF","Factor: USF1; motif: NNNNGTCACGTGGN; match class: 1",20092,9107
"1394","cyan",TRUE,0.00458325289438918,291,224,11,0.0491071428571429,0.0378006872852234,"TF:M12150_1","TF","Factor: SP9; motif: NCCACGCCCMCN; match class: 1",20092,8139
"1395","cyan",TRUE,0.00460068408556014,7384,224,107,0.477678571428571,0.0144907908992416,"TF:M03830","TF","Factor: MafB; motif: CRCTGACNANN",20092,5024
"1396","cyan",TRUE,0.00473787019946726,8081,224,115,0.513392857142857,0.0142309120158396,"TF:M11081_1","TF","Factor: SREBP-1; motif: RTCRCGTGAY; match class: 1",20092,8207
"1397","cyan",TRUE,0.00482946989047704,5795,224,88,0.392857142857143,0.0151855047454702,"TF:M10014","TF","Factor: FXR; motif: NRGGKCANTGRCCNNNNGG",20092,2968
"1398","cyan",TRUE,0.00490037466830719,2522,224,46,0.205357142857143,0.0182394924662966,"TF:M07129_1","TF","Factor: Sp2; motif: GYCCCGCCYCYNNNN; match class: 1",20092,8083
"1399","cyan",TRUE,0.00492498764937579,392,224,13,0.0580357142857143,0.0331632653061225,"TF:M10102","TF","Factor: THAP11; motif: KGCMTKCTGGGARTTGTAGTYY",20092,8970
"1400","cyan",TRUE,0.00492498764937579,4984,224,78,0.348214285714286,0.0156500802568218,"TF:M11796_1","TF","Factor: NR1B1; motif: NRGGNCRTGACCTN; match class: 1",20092,7259
"1401","cyan",TRUE,0.00493321194066909,5390,224,83,0.370535714285714,0.0153988868274583,"TF:M01299","TF","Factor: MECP2; motif: CCGGNNTTWA",20092,5168
"1402","cyan",TRUE,0.00493321194066909,294,224,11,0.0491071428571429,0.0374149659863946,"TF:M12149_1","TF","Factor: SP9; motif: RCCACGCCCMCY; match class: 1",20092,8137
"1403","cyan",TRUE,0.00493321194066909,294,224,11,0.0491071428571429,0.0374149659863946,"TF:M12249","TF","Factor: LIN28B; motif: CGCGATANNACNGCG",20092,4914
"1404","cyan",TRUE,0.00494139606496134,11343,224,151,0.674107142857143,0.0133121749096359,"TF:M08390","TF","Factor: A-Myb:Elf-1; motif: NMCCGGAACCGTTA",20092,5496
"1405","cyan",TRUE,0.00494163561099935,6634,224,98,0.4375,0.0147723846849563,"TF:M04107_1","TF","Factor: RUNX2; motif: WRACCGCANWAACCGCAN; match class: 1",20092,7563
"1406","cyan",TRUE,0.00499296837608003,5556,224,85,0.379464285714286,0.0152987760979122,"TF:M12140","TF","Factor: Egr-1; motif: NNCRCCCMCGCNN",20092,1668
"1407","cyan",TRUE,0.0050058670147136,8007,224,114,0.508928571428571,0.0142375421506182,"TF:M03976_1","TF","Factor: ERG; motif: ACCGGAWATCCGGT; match class: 1",20092,2077
"1408","cyan",TRUE,0.0050058670147136,6806,224,100,0.446428571428571,0.0146929180135175,"TF:M00615_1","TF","Factor: c-Myc:Max; motif: NNNNNNNCACGTGNNNNNNN; match class: 1",20092,5551
"1409","cyan",TRUE,0.0050058670147136,6806,224,100,0.446428571428571,0.0146929180135175,"TF:M00615","TF","Factor: c-Myc:Max; motif: NNNNNNNCACGTGNNNNNNN",20092,5550
"1410","cyan",TRUE,0.0050636721576907,4195,224,68,0.303571428571429,0.0162097735399285,"TF:M13041_1","TF","Factor: TFE3; motif: GTCACGTGAC; match class: 1",20092,8901
"1411","cyan",TRUE,0.00507422096529778,1546,224,32,0.142857142857143,0.0206985769728331,"TF:M00187_1","TF","Factor: USF; motif: GYCACGTGNC; match class: 1",20092,9139
"1412","cyan",TRUE,0.00507765376655975,14370,224,182,0.8125,0.0126652748782185,"TF:M11417_1","TF","Factor: c-Ets-2; motif: NACCGGAAGYRCTTCCGGTN; match class: 1",20092,2239
"1413","cyan",TRUE,0.00508189023362615,5807,224,88,0.392857142857143,0.0151541243327019,"TF:M12354_1","TF","Factor: ZNF37A; motif: CCYYGGCTCCNTSCCMN; match class: 1",20092,10395
"1414","cyan",TRUE,0.00509525113143755,8449,224,119,0.53125,0.0140845070422535,"TF:M13124_1","TF","Factor: ZNF670; motif: SNGGGCRGRG; match class: 1",20092,11253
"1415","cyan",TRUE,0.00509525113143755,5235,224,81,0.361607142857143,0.0154727793696275,"TF:M04147","TF","Factor: TFAP2A; motif: NGCCYSAGGCN",20092,8780
"1416","cyan",TRUE,0.00512815958012973,3731,224,62,0.276785714285714,0.0166175288126508,"TF:M00428_1","TF","Factor: E2F-1; motif: NKTSSCGC; match class: 1",20092,1485
"1417","cyan",TRUE,0.00525974017222338,10892,224,146,0.651785714285714,0.0134043334557473,"TF:M12722","TF","Factor: ZXDL; motif: GSGSCNNGGGMRGCNCCGGGS",20092,11990
"1418","cyan",TRUE,0.00527023053579479,6480,224,96,0.428571428571429,0.0148148148148148,"TF:M00646_1","TF","Factor: LF-A1; motif: GGGSTCWR; match class: 1",20092,4827
"1419","cyan",TRUE,0.00527023053579479,7072,224,103,0.459821428571429,0.0145644796380091,"TF:M12183","TF","Factor: KLF14; motif: NRCCACRCCCMCN",20092,4692
"1420","cyan",TRUE,0.00529805388484452,1551,224,32,0.142857142857143,0.0206318504190845,"TF:M01249","TF","Factor: HIF2alpha; motif: NNACGTGCNN",20092,3558
"1421","cyan",TRUE,0.00538293595481594,3816,224,63,0.28125,0.0165094339622642,"TF:M03860","TF","Factor: USF2; motif: NNNCCACGTGACN",20092,9130
"1422","cyan",TRUE,0.00545714722536974,4287,224,69,0.308035714285714,0.0160951714485654,"TF:M01593","TF","Factor: Zfx; motif: SNSCAGGCCKCGSCSS",20092,9596
"1423","cyan",TRUE,0.00573350556074015,6664,224,98,0.4375,0.0147058823529412,"TF:M03795","TF","Factor: LXR;; motif: NTGACCKNNAGTRACCYNN",20092,4996
"1424","cyan",TRUE,0.00574154378150171,12133,224,159,0.709821428571429,0.0131047556251545,"TF:M11075","TF","Factor: Sohlh2; motif: NNCACGTGNN",20092,7868
"1425","cyan",TRUE,0.00576774764314327,4613,224,73,0.325892857142857,0.015824842835465,"TF:M00220","TF","Factor: SREBP-1; motif: NATCACGTGAY",20092,8220
"1426","cyan",TRUE,0.00582357582927006,1101,224,25,0.111607142857143,0.0227066303360581,"TF:M01163_1","TF","Factor: Elk-1; motif: AACCGGAAGTR; match class: 1",20092,1887
"1427","cyan",TRUE,0.00582980537451938,4456,224,71,0.316964285714286,0.0159335727109515,"TF:M00448_1","TF","Factor: Zic1; motif: KGGGTGGTC; match class: 1",20092,9607
"1428","cyan",TRUE,0.00596048347623333,351,224,12,0.0535714285714286,0.0341880341880342,"TF:M12184_1","TF","Factor: KLF14; motif: NRCCACGCCCMCN; match class: 1",20092,4695
"1429","cyan",TRUE,0.00596618988926795,6420,224,95,0.424107142857143,0.014797507788162,"TF:M01045","TF","Factor: AP-2alphaA; motif: ANNGCCTNAGGSNNT",20092,132
"1430","cyan",TRUE,0.00615637730987401,169,224,8,0.0357142857142857,0.0473372781065089,"TF:M04158_1","TF","Factor: ARNTL; motif: GTCACGTGAC; match class: 1",20092,211
"1431","cyan",TRUE,0.00615637730987401,169,224,8,0.0357142857142857,0.0473372781065089,"TF:M04166","TF","Factor: BHLHE41; motif: RTCACGTGAC",20092,570
"1432","cyan",TRUE,0.00615637730987401,169,224,8,0.0357142857142857,0.0473372781065089,"TF:M04166_1","TF","Factor: BHLHE41; motif: RTCACGTGAC; match class: 1",20092,571
"1433","cyan",TRUE,0.00615637730987401,169,224,8,0.0357142857142857,0.0473372781065089,"TF:M11071","TF","Factor: DEC2; motif: GTCACGTGAC",20092,572
"1434","cyan",TRUE,0.00615637730987401,169,224,8,0.0357142857142857,0.0473372781065089,"TF:M11072","TF","Factor: DEC2; motif: GTCACGTGAC",20092,574
"1435","cyan",TRUE,0.00615637730987401,169,224,8,0.0357142857142857,0.0473372781065089,"TF:M11072_1","TF","Factor: DEC2; motif: GTCACGTGAC; match class: 1",20092,575
"1436","cyan",TRUE,0.00615637730987401,169,224,8,0.0357142857142857,0.0473372781065089,"TF:M04158","TF","Factor: ARNTL; motif: GTCACGTGAC",20092,210
"1437","cyan",TRUE,0.00625434194448441,5847,224,88,0.392857142857143,0.0150504532238755,"TF:M01104_1","TF","Factor: MOVO-B; motif: GNGGGGG; match class: 1",20092,5405
"1438","cyan",TRUE,0.0062693415054285,3532,224,59,0.263392857142857,0.0167044167610419,"TF:M02377","TF","Factor: ESR2; motif: NNRGGTCANNNTGMCCTN",20092,2160
"1439","cyan",TRUE,0.00626997579206603,12249,224,160,0.714285714285714,0.0130622907992489,"TF:M00426","TF","Factor: E2F; motif: TTTSGCGS",20092,1596
"1440","cyan",TRUE,0.00632866207312336,6433,224,95,0.424107142857143,0.0147676045390953,"TF:M11022_1","TF","Factor: IRX2a; motif: ACRYGNNNNACRYGT; match class: 1",20092,4539
"1441","cyan",TRUE,0.00632866207312336,5357,224,82,0.366071428571429,0.0153070748553295,"TF:M08418_1","TF","Factor: TEF-3:Elk-1; motif: RMATWCCGGAWGT; match class: 1",20092,8679
"1442","cyan",TRUE,0.00634980789367769,5195,224,80,0.357142857142857,0.0153994225216554,"TF:M13368","TF","Factor: ZBTB24; motif: CCCAGGACCC",20092,9350
"1443","cyan",TRUE,0.0064266191447975,1916,224,37,0.165178571428571,0.0193110647181628,"TF:M12711","TF","Factor: ZNF576; motif: NCCASCAGGKGGCGMCAGNG",20092,10986
"1444","cyan",TRUE,0.00662608205948034,1507,224,31,0.138392857142857,0.0205706702057067,"TF:M09762_1","TF","Factor: NF1B; motif: CYTGGCNYNCWGCCAN; match class: 1",20092,5715
"1445","cyan",TRUE,0.00662608205948034,8770,224,122,0.544642857142857,0.0139110604332953,"TF:M01199","TF","Factor: RNF96; motif: BCCCGCRGCC",20092,7494
"1446","cyan",TRUE,0.0067179632194332,6277,224,93,0.415178571428571,0.0148159949020233,"TF:M08341","TF","Factor: HOXB2:Elk-1; motif: TAATKRCCGGAAGTN",20092,3960
"1447","cyan",TRUE,0.00675443732642687,6783,224,99,0.441964285714286,0.0145953118089341,"TF:M02012","TF","Factor: HIF-1alpha; motif: NCACGT",20092,3552
"1448","cyan",TRUE,0.00680538135466148,6700,224,98,0.4375,0.0146268656716418,"TF:M04727","TF","Factor: CTCF; motif: ACCAGGKGGC",20092,1158
"1449","cyan",TRUE,0.0068130395897498,5699,224,86,0.383928571428571,0.0150903667310054,"TF:M07223","TF","Factor: Pax-5; motif: NNRNKCAGYSRAGCRTGAC",20092,6578
"1450","cyan",TRUE,0.00684125574749643,2351,224,43,0.191964285714286,0.018290089323692,"TF:M01045_1","TF","Factor: AP-2alphaA; motif: ANNGCCTNAGGSNNT; match class: 1",20092,133
"1451","cyan",TRUE,0.00684125574749643,2351,224,43,0.191964285714286,0.018290089323692,"TF:M12661","TF","Factor: SF1; motif: NTGRCCTTGAMCT",20092,7688
"1452","cyan",TRUE,0.00690765100437065,1995,224,38,0.169642857142857,0.019047619047619,"TF:M11094","TF","Factor: USF1; motif: NNCACGTGACN",20092,9102
"1453","cyan",TRUE,0.00694576979002635,1580,224,32,0.142857142857143,0.020253164556962,"TF:M11096","TF","Factor: USF2; motif: NNCACGTGACN",20092,9120
"1454","cyan",TRUE,0.00695458607235074,463,224,14,0.0625,0.0302375809935205,"TF:M01768_1","TF","Factor: TFEB; motif: RTCACGTGAY; match class: 1",20092,8909
"1455","cyan",TRUE,0.00695458607235074,463,224,14,0.0625,0.0302375809935205,"TF:M01768","TF","Factor: TFEB; motif: RTCACGTGAY",20092,8908
"1456","cyan",TRUE,0.00705806224832613,5460,224,83,0.370535714285714,0.0152014652014652,"TF:M09658","TF","Factor: Sp2; motif: GGSNNGGGGGCGGGGCCNGNGS",20092,8084
"1457","cyan",TRUE,0.00708320650335095,464,224,14,0.0625,0.0301724137931034,"TF:M11437_1","TF","Factor: SAP-1; motif: NRCCGGAWGYN; match class: 1",20092,1937
"1458","cyan",TRUE,0.0071180145311739,5626,224,85,0.379464285714286,0.0151084251688589,"TF:M11385_1","TF","Factor: ESE-1; motif: NTGTGCGGATGCN; match class: 1",20092,1809
"1459","cyan",TRUE,0.00717990615583394,1185,224,26,0.116071428571429,0.0219409282700422,"TF:M00272_1","TF","Factor: p53; motif: NGRCWTGYCY; match class: 1",20092,6467
"1460","cyan",TRUE,0.00720063216893015,4257,224,68,0.303571428571429,0.015973690392295,"TF:M13041","TF","Factor: TFE3; motif: GTCACGTGAC",20092,8900
"1461","cyan",TRUE,0.00727956536413102,8089,224,114,0.508928571428571,0.0140932130053159,"TF:M00982","TF","Factor: KROX; motif: CCCGCCCCCRCCCC",20092,4766
"1462","cyan",TRUE,0.00731971163679035,8265,224,116,0.517857142857143,0.0140350877192982,"TF:M11478_1","TF","Factor: AP-2beta; motif: NSCCNNNGGSN; match class: 1",20092,8805
"1463","cyan",TRUE,0.0073503388324799,413,224,13,0.0580357142857143,0.0314769975786925,"TF:M12148_1","TF","Factor: SP8; motif: NCCACGCCCMCN; match class: 1",20092,8133
"1464","cyan",TRUE,0.00735681621332722,3636,224,60,0.267857142857143,0.0165016501650165,"TF:M01704","TF","Factor: gli3; motif: GACCACCCANG",20092,3320
"1465","cyan",TRUE,0.00736035419990106,751,224,19,0.0848214285714286,0.0252996005326232,"TF:M07052_1","TF","Factor: NRF-1; motif: GCGCMTGCGCN; match class: 1",20092,6225
"1466","cyan",TRUE,0.00736035419990106,2654,224,47,0.209821428571429,0.0177091183119819,"TF:M09645","TF","Factor: Pax-5; motif: NNNNRNKCAGCNRAGCGTGAC",20092,6580
"1467","cyan",TRUE,0.00737204696466524,1319,224,28,0.125,0.0212282031842305,"TF:M11751","TF","Factor: EAR2; motif: NRGGTCAAAGGTCRN",20092,6176
"1468","cyan",TRUE,0.00737204696466524,8093,224,114,0.508928571428571,0.0140862473742741,"TF:M08870","TF","Factor: DEC1; motif: NCNCACRTGNSC",20092,1250
"1469","cyan",TRUE,0.00741001233288783,6720,224,98,0.4375,0.0145833333333333,"TF:M00114","TF","Factor: Tax/CREB; motif: GGGGGTTGACGYANA",20092,8416
"1470","cyan",TRUE,0.00748512102161479,578,224,16,0.0714285714285714,0.027681660899654,"TF:M00985_1","TF","Factor: Stra13; motif: NYSTCACGTGABNN; match class: 1",20092,8373
"1471","cyan",TRUE,0.00755700076886183,4825,224,75,0.334821428571429,0.0155440414507772,"TF:M13362","TF","Factor: BCL11A; motif: CTGACCA",20092,482
"1472","cyan",TRUE,0.00755700076886183,3952,224,64,0.285714285714286,0.0161943319838057,"TF:M11074_1","TF","Factor: DEC1; motif: GTCACGTGAC; match class: 1",20092,567
"1473","cyan",TRUE,0.00758906135666552,4426,224,70,0.3125,0.0158156348847718,"TF:M04738","TF","Factor: ER-alpha; motif: AGGTCANMNTGACC",20092,2142
"1474","cyan",TRUE,0.00761890135218615,8188,224,115,0.513392857142857,0.0140449438202247,"TF:M01303","TF","Factor: SP1; motif: GGGGYGGGGNS",20092,8040
"1475","cyan",TRUE,0.00763402496821403,38,224,4,0.0178571428571429,0.105263157894737,"TF:M05573","TF","Factor: ZNF213; motif: NATGCCTRCMGM",20092,9904
"1476","cyan",TRUE,0.00763988107472099,7067,224,102,0.455357142857143,0.0144332814489883,"TF:M00118_1","TF","Factor: c-Myc:Max; motif: NNACCACGTGGTNN; match class: 1",20092,5547
"1477","cyan",TRUE,0.00763988107472099,7067,224,102,0.455357142857143,0.0144332814489883,"TF:M00118","TF","Factor: c-Myc:Max; motif: NNACCACGTGGTNN",20092,5546
"1478","cyan",TRUE,0.00773248420987253,1193,224,26,0.116071428571429,0.0217937971500419,"TF:M12005","TF","Factor: GMEB-1; motif: KNACGTNRNNACGTAN",20092,3356
"1479","cyan",TRUE,0.00779361484362397,1325,224,28,0.125,0.0211320754716981,"TF:M02056_1","TF","Factor: ELF4; motif: NCCGGAARTN; match class: 1",20092,1813
"1480","cyan",TRUE,0.00779573431554159,5977,224,89,0.397321428571429,0.0148904132507947,"TF:M02242","TF","Factor: CTCF; motif: YNRCCASYAGRKGGCRSYN",20092,1152
"1481","cyan",TRUE,0.00780862850510073,525,224,15,0.0669642857142857,0.0285714285714286,"TF:M04194_1","TF","Factor: TFEB; motif: RNCACGTGAC; match class: 1",20092,8911
"1482","cyan",TRUE,0.00793551199306275,3650,224,60,0.267857142857143,0.0164383561643836,"TF:M00982_1","TF","Factor: KROX; motif: CCCGCCCCCRCCCC; match class: 1",20092,4767
"1483","cyan",TRUE,0.00805963134341862,6150,224,91,0.40625,0.0147967479674797,"TF:M08885","TF","Factor: HAIRYLIKE; motif: NNNNCANGTG",20092,3434
"1484","cyan",TRUE,0.00838200895023533,2673,224,47,0.209821428571429,0.017583239805462,"TF:M00938_1","TF","Factor: E2F-1; motif: TTGGCGCGRAANNGNM; match class: 1",20092,1487
"1485","cyan",TRUE,0.00842886959227846,5414,224,82,0.366071428571429,0.0151459179903953,"TF:M01154","TF","Factor: c-Myc; motif: KACCACGTGSYY",20092,928
"1486","cyan",TRUE,0.00846834661495382,5497,224,83,0.370535714285714,0.0150991449881754,"TF:M02036_1","TF","Factor: WT1; motif: CGCCCCCNCN; match class: 1",20092,9225
"1487","cyan",TRUE,0.00851769039356298,1881,224,36,0.160714285714286,0.0191387559808612,"TF:M08351_1","TF","Factor: HOXB2:Pax-5; motif: NCGTCACGCNYCATTRN; match class: 1",20092,3983
"1488","cyan",TRUE,0.00852197052836426,11189,224,148,0.660714285714286,0.0132272767897042,"TF:M04765","TF","Factor: Pasx-5; motif: GTCACGSTT",20092,6576
"1489","cyan",TRUE,0.00853147498627542,5746,224,86,0.383928571428571,0.0149669335189697,"TF:M07612","TF","Factor: PSF; motif: KWATCCGN",20092,7220
"1490","cyan",TRUE,0.00866236609137508,3433,224,57,0.254464285714286,0.0166035537430819,"TF:M05444_1","TF","Factor: CPBP; motif: NGGGCGG; match class: 1",20092,965
"1491","cyan",TRUE,0.00866236609137508,3433,224,57,0.254464285714286,0.0166035537430819,"TF:M05361_1","TF","Factor: Sp6; motif: WGGGCGG; match class: 1",20092,8125
"1492","cyan",TRUE,0.00866236609137508,3433,224,57,0.254464285714286,0.0166035537430819,"TF:M05332_1","TF","Factor: Sp2; motif: WGGGCGG; match class: 1",20092,8079
"1493","cyan",TRUE,0.00876693605883238,1337,224,28,0.125,0.0209424083769634,"TF:M11450_1","TF","Factor: Elf-1; motif: NANSCGGAAGTR; match class: 1",20092,1757
"1494","cyan",TRUE,0.00876693605883238,68,224,5,0.0223214285714286,0.0735294117647059,"TF:M06769","TF","Factor: ZNF391; motif: NGGGCSAGCMGA",20092,10420
"1495","cyan",TRUE,0.00876693605883238,4057,224,65,0.290178571428571,0.0160216909046093,"TF:M11842","TF","Factor: ER-alpha; motif: NAGGTCAYSGYGACCTN",20092,2150
"1496","cyan",TRUE,0.00885600449725136,6505,224,95,0.424107142857143,0.0146041506533436,"TF:M01875","TF","Factor: ER-beta; motif: GTCANASTGRCCYNR",20092,2026
"1497","cyan",TRUE,0.00898136973226727,590,224,16,0.0714285714285714,0.0271186440677966,"TF:M04571_1","TF","Factor: TFEC; motif: RNCACRTGAY; match class: 1",20092,8917
"1498","cyan",TRUE,0.00900081814945406,7102,224,102,0.455357142857143,0.0143621515066179,"TF:M12275","TF","Factor: YY1; motif: NGCCGCCATYTTGN",20092,9272
"1499","cyan",TRUE,0.00905487416870243,12815,224,165,0.736607142857143,0.0128755364806867,"TF:M12598","TF","Factor: E2F3; motif: NNRGMKGGAR",20092,1534
"1500","cyan",TRUE,0.00912479120754359,5760,224,86,0.383928571428571,0.0149305555555556,"TF:M09762","TF","Factor: NF1B; motif: CYTGGCNYNCWGCCAN",20092,5714
"1501","cyan",TRUE,0.00914902270807679,6512,224,95,0.424107142857143,0.0145884520884521,"TF:M09868","TF","Factor: ATF-3; motif: GGTSACGTGAN",20092,304
"1502","cyan",TRUE,0.00926160805752694,9833,224,133,0.59375,0.013525882233296,"TF:M00979","TF","Factor: Pax-6; motif: CTGACCTGGAACTM",20092,6600
"1503","cyan",TRUE,0.0093445966569423,1546,224,31,0.138392857142857,0.0200517464424321,"TF:M09969_1","TF","Factor: EKLF; motif: NGGGYGKGGCNNGG; match class: 1",20092,1729
"1504","cyan",TRUE,0.00940536003476006,651,224,17,0.0758928571428571,0.0261136712749616,"TF:M03921_1","TF","Factor: SP3; motif: NCCACGCCCMC; match class: 1",20092,8099
"1505","cyan",TRUE,0.00947037647405106,893,224,21,0.09375,0.0235162374020157,"TF:M00678_1","TF","Factor: Tel-2; motif: YTACTTCCTG; match class: 1",20092,8777
"1506","cyan",TRUE,0.00949964209407518,1895,224,36,0.160714285714286,0.0189973614775726,"TF:M03572_1","TF","Factor: DEC1; motif: CNCACRTGASC; match class: 1",20092,1249
"1507","cyan",TRUE,0.0095724551100015,6945,224,100,0.446428571428571,0.0143988480921526,"TF:M01873","TF","Factor: Egr-1; motif: GCGGGGGCGG",20092,1674
"1508","cyan",TRUE,0.00959779773923871,275,224,10,0.0446428571428571,0.0363636363636364,"TF:M08212","TF","Factor: Elk-1:TBR2; motif: RCCGGAAGTRGGTGNNA",20092,1844
"1509","cyan",TRUE,0.0100072093763247,597,224,16,0.0714285714285714,0.0268006700167504,"TF:M04698_1","TF","Factor: GABP-alpha; motif: CACTTCCGG; match class: 1",20092,2979
"1510","cyan",TRUE,0.0100636986620188,6955,224,100,0.446428571428571,0.0143781452192667,"TF:M09909","TF","Factor: ER-alpha; motif: AGGTCASMNTGACCY",20092,2148
"1511","cyan",TRUE,0.0101012167745175,2850,224,49,0.21875,0.0171929824561404,"TF:M12642","TF","Factor: NFYA; motif: NNRGCCAATSRGMRSSNNSN",20092,5914
"1512","cyan",TRUE,0.0101979860758167,5948,224,88,0.392857142857143,0.0147948890383322,"TF:M09610","TF","Factor: ER-beta; motif: NRGGTCANKSTGACCTNN",20092,2164
"1513","cyan",TRUE,0.0102211158071388,716,224,18,0.0803571428571429,0.0251396648044693,"TF:M11449_1","TF","Factor: Elf-1; motif: NANCCGGAAGTN; match class: 1",20092,1755
"1514","cyan",TRUE,0.0102211158071388,1220,224,26,0.116071428571429,0.0213114754098361,"TF:M13141_1","TF","Factor: MAD5; motif: SSNSSSNSSSSGCCACGTGC; match class: 1",20092,5337
"1515","cyan",TRUE,0.0102466609239461,1625,224,32,0.142857142857143,0.0196923076923077,"TF:M00114_1","TF","Factor: Tax/CREB; motif: GGGGGTTGACGYANA; match class: 1",20092,8417
"1516","cyan",TRUE,0.0106352504772692,42,224,4,0.0178571428571429,0.0952380952380952,"TF:M10129_1","TF","Factor: Staf; motif: NGCMTKCTGGGARWTGTAGTYY; match class: 1",20092,8299
"1517","cyan",TRUE,0.0106441491484061,2933,224,50,0.223214285714286,0.0170473917490624,"TF:M08868_1","TF","Factor: ARNTLIKE; motif: NNNSCACGTG; match class: 1",20092,207
"1518","cyan",TRUE,0.0106865326007198,329,224,11,0.0491071428571429,0.033434650455927,"TF:M12147_1","TF","Factor: SP8; motif: RNCACGCCCMCN; match class: 1",20092,8131
"1519","cyan",TRUE,0.010795278846764,4331,224,68,0.303571428571429,0.0157007619487416,"TF:M09763_1","TF","Factor: NF1C; motif: WGCCARR; match class: 1",20092,5727
"1520","cyan",TRUE,0.0108090153375408,280,224,10,0.0446428571428571,0.0357142857142857,"TF:M11096_1","TF","Factor: USF2; motif: NNCACGTGACN; match class: 1",20092,9121
"1521","cyan",TRUE,0.0108090153375408,1095,224,24,0.107142857142857,0.0219178082191781,"TF:M03907","TF","Factor: HINFP; motif: CNRCGTCCGCNN",20092,3566
"1522","cyan",TRUE,0.0108090153375408,2197,224,40,0.178571428571429,0.0182066454255803,"TF:M01876","TF","Factor: GABP-beta; motif: ASMGGAAGKGN",20092,2998
"1523","cyan",TRUE,0.0108757900063604,2712,224,47,0.209821428571429,0.017330383480826,"TF:M00940_1","TF","Factor: E2F-1; motif: NTTTCGCGCS; match class: 1",20092,1497
"1524","cyan",TRUE,0.0109074884357634,11715,224,153,0.683035714285714,0.0130601792573624,"TF:M13149","TF","Factor: ZNF219; motif: SNNCAGCACCNNGGNCAGCGSC",20092,9922
"1525","cyan",TRUE,0.0109074884357634,15459,224,191,0.852678571428571,0.0123552623067469,"TF:M08568_1","TF","Factor: ER71:E2A; motif: CASSTGNACCGGAWRYN; match class: 1",20092,2321
"1526","cyan",TRUE,0.0113274131274679,7928,224,111,0.495535714285714,0.0140010090817356,"TF:M09826_1","TF","Factor: BTEB3; motif: CCNNSCCNSCCCCKCCCCC; match class: 1",20092,643
"1527","cyan",TRUE,0.0113274131274679,14141,224,178,0.794642857142857,0.012587511491408,"TF:M04106","TF","Factor: RUNX2; motif: NRACCGCAAACCGCAN",20092,7560
"1528","cyan",TRUE,0.0113274131274679,189,224,8,0.0357142857142857,0.0423280423280423,"TF:M11049_1","TF","Factor: BMAL1; motif: RTCACGTGNN; match class: 1",20092,215
"1529","cyan",TRUE,0.0113664709820807,5722,224,85,0.379464285714286,0.0148549458231388,"TF:M04950_1","TF","Factor: Egr-1; motif: NGCGTGCGY; match class: 1",20092,1655
"1530","cyan",TRUE,0.0116487027910543,385,224,12,0.0535714285714286,0.0311688311688312,"TF:M12631","TF","Factor: MAX; motif: SCACGTGSNCNSSSSSN",20092,5140
"1531","cyan",TRUE,0.0120647315004852,3410,224,56,0.25,0.0164222873900293,"TF:M02111_1","TF","Factor: NR1B2; motif: NTGACCY; match class: 1",20092,6101
"1532","cyan",TRUE,0.0121405355339287,335,224,11,0.0491071428571429,0.0328358208955224,"TF:M09640_1","TF","Factor: NF-1C; motif: NYYTGGCWNNNNKCCMN; match class: 1",20092,5725
"1533","cyan",TRUE,0.0121856301535046,4194,224,66,0.294642857142857,0.0157367668097282,"TF:M11074","TF","Factor: DEC1; motif: GTCACGTGAC",20092,566
"1534","cyan",TRUE,0.0121962751630995,729,224,18,0.0803571428571429,0.0246913580246914,"TF:M00985","TF","Factor: Stra13; motif: NYSTCACGTGABNN",20092,8372
"1535","cyan",TRUE,0.0122306850755199,6069,224,89,0.397321428571429,0.0146646894051738,"TF:M09887","TF","Factor: CREB1; motif: NRRTGACGTMA",20092,988
"1536","cyan",TRUE,0.0125349779566663,2072,224,38,0.169642857142857,0.0183397683397683,"TF:M03543","TF","Factor: COUP-TF2; motif: GNCARAGGTCANRRN",20092,950
"1537","cyan",TRUE,0.0126667204016805,14667,224,183,0.816964285714286,0.0124769891593373,"TF:M11417","TF","Factor: c-Ets-2; motif: NACCGGAAGYRCTTCCGGTN",20092,2238
"1538","cyan",TRUE,0.0128881469458992,3888,224,62,0.276785714285714,0.0159465020576132,"TF:M09744","TF","Factor: CTCF; motif: NNYGCCCYCTRSTGGN",20092,1166
"1539","cyan",TRUE,0.0128902430016218,5996,224,88,0.392857142857143,0.0146764509673115,"TF:M11480_1","TF","Factor: AP-2alpha; motif: NGCCTSAGGCN; match class: 1",20092,8793
"1540","cyan",TRUE,0.0130736193714174,4286,224,67,0.299107142857143,0.015632291180588,"TF:M05467","TF","Factor: Sall1; motif: NGGTCCKRGKRA",20092,7630
"1541","cyan",TRUE,0.0131530640960474,7787,224,109,0.486607142857143,0.0139976884551175,"TF:M01100","TF","Factor: LRF; motif: GGGGKYNNB",20092,4952
"1542","cyan",TRUE,0.0132828135292537,558,224,15,0.0669642857142857,0.0268817204301075,"TF:M07140","TF","Factor: Kaiso; motif: NTCTCGCGAGANYTN",20092,9368
"1543","cyan",TRUE,0.0134849457956193,617,224,16,0.0714285714285714,0.0259319286871961,"TF:M11049","TF","Factor: BMAL1; motif: RTCACGTGNN",20092,214
"1544","cyan",TRUE,0.0135262591171705,6006,224,88,0.392857142857143,0.0146520146520147,"TF:M00916","TF","Factor: CREB; motif: NNTKACGTCANNNS",20092,1092
"1545","cyan",TRUE,0.0135262591171705,13002,224,166,0.741071428571429,0.0127672665743732,"TF:M08223","TF","Factor: Elk-1:OC-2; motif: RCCGGAASCGATCGATNN",20092,1864
"1546","cyan",TRUE,0.013580569256744,9381,224,127,0.566964285714286,0.0135380023451658,"TF:M00800","TF","Factor: AP-2; motif: GSCCSCRGGCNRNRNN",20092,154
"1547","cyan",TRUE,0.0135936028772718,76,224,5,0.0223214285714286,0.0657894736842105,"TF:M09846_1","TF","Factor: MITF; motif: NRTCACRTGRYNN; match class: 1",20092,5345
"1548","cyan",TRUE,0.0136401029761545,503,224,14,0.0625,0.0278330019880716,"TF:M11420_1","TF","Factor: ER81; motif: NACCGGAAGTN; match class: 1",20092,2015
"1549","cyan",TRUE,0.0136899195009132,1589,224,31,0.138392857142857,0.0195091252359975,"TF:M02053_1","TF","Factor: ELF1; motif: NCCGGAARTN; match class: 1",20092,1843
"1550","cyan",TRUE,0.013761402687482,1729,224,33,0.147321428571429,0.0190861769809138,"TF:M12534","TF","Factor: USF2; motif: NNGTCATGTGACNN",20092,9122
"1551","cyan",TRUE,0.0137862971810982,6346,224,92,0.410714285714286,0.0144973211471793,"TF:M11480","TF","Factor: AP-2alpha; motif: NGCCTSAGGCN",20092,8792
"1552","cyan",TRUE,0.0140567306778929,3205,224,53,0.236607142857143,0.0165366614664587,"TF:M09866","TF","Factor: ATF-1; motif: NNRTGACGYMA",20092,276
"1553","cyan",TRUE,0.0142197199436234,1253,224,26,0.116071428571429,0.0207501995211492,"TF:M09889","TF","Factor: CTCFL; motif: NCCNSCAGGGGGCGCYN",20092,1144
"1554","cyan",TRUE,0.014245515388439,5355,224,80,0.357142857142857,0.0149393090569561,"TF:M07387","TF","Factor: LRF; motif: NGKGGGTSNCN",20092,4954
"1555","cyan",TRUE,0.0142645264446152,4543,224,70,0.3125,0.0154083204930663,"TF:M00807","TF","Factor: Egr; motif: GTGGGSGCRRS",20092,1714
"1556","cyan",TRUE,0.0142962352586185,46,224,4,0.0178571428571429,0.0869565217391304,"TF:M12348_1","TF","Factor: HIC-1; motif: NRTGCCMMCN; match class: 1",20092,3539
"1557","cyan",TRUE,0.0143663872043354,1122,224,24,0.107142857142857,0.0213903743315508,"TF:M03860_1","TF","Factor: USF2; motif: NNNCCACGTGACN; match class: 1",20092,9131
"1558","cyan",TRUE,0.0144312717794872,1322,224,27,0.120535714285714,0.0204236006051437,"TF:M00262","TF","Factor: Staf; motif: NTTWCCCANMATGCAYYRCGNY",20092,8290
"1559","cyan",TRUE,0.0144312717794872,6021,224,88,0.392857142857143,0.0146155123733599,"TF:M10514_1","TF","Factor: GLI4; motif: RGGCCTTGAATGCCANGCYMA; match class: 1",20092,3335
"1560","cyan",TRUE,0.014515825961847,2606,224,45,0.200892857142857,0.0172678434382195,"TF:M03582_1","TF","Factor: TWIST; motif: CACCTGG; match class: 1",20092,9087
"1561","cyan",TRUE,0.0146183156911388,5774,224,85,0.379464285714286,0.014721163837894,"TF:M03989_1","TF","Factor: FLI1; motif: ACCGGAAATCCGGT; match class: 1",20092,2525
"1562","cyan",TRUE,0.0148323119907034,5364,224,80,0.357142857142857,0.0149142431021626,"TF:M00933_1","TF","Factor: Sp1; motif: CCCCGCCCCN; match class: 1",20092,8063
"1563","cyan",TRUE,0.0148323119907034,2023,224,37,0.165178571428571,0.0182896688086999,"TF:M08662","TF","Factor: AP-2gamma:HES-7; motif: NNCACGYGNNNNNNSCCNNNGGS",20092,8818
"1564","cyan",TRUE,0.0150158059628206,1394,224,28,0.125,0.0200860832137733,"TF:M04896_1","TF","Factor: AP-2alpha; motif: NNNGSCCTGRGGSN; match class: 1",20092,8785
"1565","cyan",TRUE,0.0150158059628206,10401,224,138,0.616071428571429,0.0132679550043265,"TF:M13129","TF","Factor: RERE; motif: CNGCNSCNNGSRCRGSGSS",20092,7348
"1566","cyan",TRUE,0.0153503818954089,9143,224,124,0.553571428571429,0.0135622880892486,"TF:M06948","TF","Factor: Sp2; motif: TGGGCGCGCCCA",20092,8080
"1567","cyan",TRUE,0.0155630739027095,247,224,9,0.0401785714285714,0.0364372469635627,"TF:M12172_1","TF","Factor: LKLF; motif: NRCCACRCCCN; match class: 1",20092,4923
"1568","cyan",TRUE,0.0156285226918537,2102,224,38,0.169642857142857,0.0180780209324453,"TF:M08222_1","TF","Factor: Elk-1:HOXB13; motif: ACCGGAAGTNGTAAAN; match class: 1",20092,1863
"1569","cyan",TRUE,0.0157283840942432,11055,224,145,0.647321428571429,0.013116236996834,"TF:M07250","TF","Factor: E2F-1; motif: NNNSSCGCSAANN",20092,1490
"1570","cyan",TRUE,0.0160647361939496,2472,224,43,0.191964285714286,0.0173948220064725,"TF:M08871","TF","Factor: DEC2; motif: NNTCACNTGSNGN",20092,1254
"1571","cyan",TRUE,0.0161612784667568,2252,224,40,0.178571428571429,0.0177619893428064,"TF:M00236","TF","Factor: Arnt; motif: NDDNNCACGTGNNNNN",20092,218
"1572","cyan",TRUE,0.0162418401313378,6805,224,97,0.433035714285714,0.0142542248346804,"TF:M00539_1","TF","Factor: Arnt; motif: NNNNNRTCACGTGAYNNNNN; match class: 1",20092,221
"1573","cyan",TRUE,0.0162418401313378,6805,224,97,0.433035714285714,0.0142542248346804,"TF:M00539","TF","Factor: Arnt; motif: NNNNNRTCACGTGAYNNNNN",20092,220
"1574","cyan",TRUE,0.0163300595886492,6383,224,92,0.410714285714286,0.014413285289049,"TF:M06948_1","TF","Factor: Sp2; motif: TGGGCGCGCCCA; match class: 1",20092,8081
"1575","cyan",TRUE,0.016491955266383,6133,224,89,0.397321428571429,0.0145116582422958,"TF:M10104","TF","Factor: YY1; motif: CAARATGGCGGC",20092,9266
"1576","cyan",TRUE,0.0164984948928157,299,224,10,0.0446428571428571,0.0334448160535117,"TF:M12238_1","TF","Factor: DREF; motif: MTRTCGCGAYAK; match class: 1",20092,1411
"1577","cyan",TRUE,0.0165018647308257,11067,224,145,0.647321428571429,0.0131020149995482,"TF:M09763","TF","Factor: NF1C; motif: WGCCARR",20092,5726
"1578","cyan",TRUE,0.0166181509072037,6303,224,91,0.40625,0.0144375694113914,"TF:M03896","TF","Factor: EGR1; motif: NACGCCCACGCANW",20092,1646
"1579","cyan",TRUE,0.0168284940095938,3390,224,55,0.245535714285714,0.0162241887905605,"TF:M08289_1","TF","Factor: Fli-1:Max; motif: NCCGGAAACACGTGN; match class: 1",20092,2517
"1580","cyan",TRUE,0.0168284940095938,9703,224,130,0.580357142857143,0.0133979181696383,"TF:M13144","TF","Factor: ZNF138; motif: GCAGCRSCNSGSNCMGSGCS",20092,9758
"1581","cyan",TRUE,0.0169234425215997,8723,224,119,0.53125,0.0136420956093087,"TF:M12085","TF","Factor: ZNF501; motif: NNNCSACGCGAACAC",20092,10734
"1582","cyan",TRUE,0.0169677181938431,575,224,15,0.0669642857142857,0.0260869565217391,"TF:M00797_1","TF","Factor: HIF1; motif: GNNKACGTGCGGNN; match class: 1",20092,3555
"1583","cyan",TRUE,0.0169888836107718,4417,224,68,0.303571428571429,0.0153950645234322,"TF:M08412_1","TF","Factor: rfx3:SREBP-2; motif: ATGGYAACRTCACGTGAY; match class: 1",20092,7423
"1584","cyan",TRUE,0.0170600563378269,6817,224,97,0.433035714285714,0.0142291330497286,"TF:M13147_1","TF","Factor: ZNF253; motif: SNGNSCGNGGNGCKGNN; match class: 1",20092,10041
"1585","cyan",TRUE,0.0170756971418212,118,224,6,0.0267857142857143,0.0508474576271186,"TF:M11835_1","TF","Factor: ERR1; motif: NNCAAGGTCAN; match class: 1",20092,2187
"1586","cyan",TRUE,0.0175020355926736,1076,224,23,0.102678571428571,0.0213754646840149,"TF:M11410","TF","Factor: etv3; motif: NNCGGAARTGSCAYTTCCGNT",20092,2338
"1587","cyan",TRUE,0.0175278536554845,4423,224,68,0.303571428571429,0.0153741804205291,"TF:M13141","TF","Factor: MAD5; motif: SSNSSSNSSSSGCCACGTGC",20092,5336
"1588","cyan",TRUE,0.0175927406297061,6654,224,95,0.424107142857143,0.0142771265404268,"TF:M11073","TF","Factor: DEC1; motif: GTCACGTGAC",20092,564
"1589","cyan",TRUE,0.0176003110319013,2119,224,38,0.169642857142857,0.0179329872581406,"TF:M08392","TF","Factor: A-Myb:TBR2; motif: NNGTGNNNAACGG",20092,5498
"1590","cyan",TRUE,0.0180007603299226,1763,224,33,0.147321428571429,0.0187180941576858,"TF:M07056_1","TF","Factor: Pitx2; motif: WNTAAWCCCA; match class: 1",20092,6791
"1591","cyan",TRUE,0.0180007603299226,1763,224,33,0.147321428571429,0.0187180941576858,"TF:M02114_1","TF","Factor: pitx2; motif: NNTAAWCCCA; match class: 1",20092,6793
"1592","cyan",TRUE,0.0182389302430938,9813,224,131,0.584821428571429,0.0133496382349944,"TF:M00427","TF","Factor: E2F; motif: TTTSGCGS",20092,1604
"1593","cyan",TRUE,0.018276325929876,3874,224,61,0.272321428571429,0.0157459989674755,"TF:M01703","TF","Factor: Gli2; motif: GACCACCCANG",20092,3302
"1594","cyan",TRUE,0.0186066340245609,2644,224,45,0.200892857142857,0.0170196671709531,"TF:M07063_1","TF","Factor: Sp1; motif: GGGGCGGGGC; match class: 1",20092,8067
"1595","cyan",TRUE,0.0188031286861199,524,224,14,0.0625,0.0267175572519084,"TF:M08705","TF","Factor: GCMa:HEN1; motif: GCAGCTGNGNNNNNRTGCGGG",20092,3180
"1596","cyan",TRUE,0.0188031286861199,702,224,17,0.0758928571428571,0.0242165242165242,"TF:M09632_1","TF","Factor: Kaiso; motif: GNTCTCGCGAGRNNNNGGN; match class: 1",20092,9371
"1597","cyan",TRUE,0.0188031286861199,702,224,17,0.0758928571428571,0.0242165242165242,"TF:M04193_1","TF","Factor: TFE3; motif: NNCACGTGAY; match class: 1",20092,8895
"1598","cyan",TRUE,0.0188358845624442,4357,224,67,0.299107142857143,0.0153775533624053,"TF:M00806","TF","Factor: NF-1; motif: NTGGNNNNNNGCCAANN",20092,5740
"1599","cyan",TRUE,0.0188524702087354,2497,224,43,0.191964285714286,0.0172206647977573,"TF:M11844_1","TF","Factor: ER-alpha; motif: NAGGTCACSGYGACCTN; match class: 1",20092,2155
"1600","cyan",TRUE,0.0189114736028058,7700,224,107,0.477678571428571,0.0138961038961039,"TF:M00004","TF","Factor: c-Myb; motif: NCNRNNGRCNGTTGGKGG",20092,922
"1601","cyan",TRUE,0.0195866763210425,585,224,15,0.0669642857142857,0.0256410256410256,"TF:M05961","TF","Factor: ZNF407; motif: CAACATGGA",20092,10458
"1602","cyan",TRUE,0.0198480564849723,3968,224,62,0.276785714285714,0.015625,"TF:M09828","TF","Factor: CTCF; motif: RSYGCCMYCTRSTGGN",20092,1168
"1603","cyan",TRUE,0.019853207398372,5425,224,80,0.357142857142857,0.0147465437788018,"TF:M11815","TF","Factor: T3R-beta; motif: NNRGGTCRTGACCYNN",20092,8992
"1604","cyan",TRUE,0.0199325532299529,3811,224,60,0.267857142857143,0.0157438992390449,"TF:M11845","TF","Factor: ER-alpha; motif: NAGGTCANSNTGACCYN",20092,2156
"1605","cyan",TRUE,0.0201275672296882,1223,224,25,0.111607142857143,0.0204415372035977,"TF:M12658","TF","Factor: REST; motif: NGGCGCTGTCCRTGGTGCTGAA",20092,7366
"1606","cyan",TRUE,0.0202608993071843,5512,224,81,0.361607142857143,0.0146952104499274,"TF:M00425_1","TF","Factor: E2F; motif: TTTCGCGC; match class: 1",20092,1593
"1607","cyan",TRUE,0.0202827003819855,1025,224,22,0.0982142857142857,0.0214634146341463,"TF:M09833_1","TF","Factor: RXRALPHA; motif: CNNTGRCCTYTNN; match class: 1",20092,7593
"1608","cyan",TRUE,0.0204642854603798,6434,224,92,0.410714285714286,0.0142990363692882,"TF:M01861","TF","Factor: ATF-1; motif: TNACGTCAN",20092,282
"1609","cyan",TRUE,0.0205378196617118,5350,224,79,0.352678571428571,0.0147663551401869,"TF:M09812_1","TF","Factor: MYC; motif: NNCCACGTGCNN; match class: 1",20092,5563
"1610","cyan",TRUE,0.0218671637178465,9228,224,124,0.553571428571429,0.0134373645426961,"TF:M00428","TF","Factor: E2F-1; motif: NKTSSCGC",20092,1484
"1611","cyan",TRUE,0.0220986380755601,3908,224,61,0.272321428571429,0.0156090071647902,"TF:M11079","TF","Factor: SREBP-1; motif: RTCAGGTGAT",20092,8202
"1612","cyan",TRUE,0.0221792406688491,2822,224,47,0.209821428571429,0.0166548547129695,"TF:M08224_1","TF","Factor: Elk-1:Pax-1; motif: ACCGGAACTACGCWTSANTG; match class: 1",20092,1867
"1613","cyan",TRUE,0.0222448058999692,421,224,12,0.0535714285714286,0.0285035629453682,"TF:M00466_1","TF","Factor: HIF1; motif: NGTACGTGCNGB; match class: 1",20092,3557
"1614","cyan",TRUE,0.0224258758451217,4794,224,72,0.321428571428571,0.0150187734668335,"TF:M08826_1","TF","Factor: NF-E4; motif: GTGAGGS; match class: 1",20092,5853
"1615","cyan",TRUE,0.0227240048380779,3055,224,50,0.223214285714286,0.016366612111293,"TF:M00466","TF","Factor: HIF1; motif: NGTACGTGCNGB",20092,3556
"1616","cyan",TRUE,0.0227321959434706,7655,224,106,0.473214285714286,0.013847158719791,"TF:M01241","TF","Factor: BEN; motif: CWGCGAYA",20092,514
"1617","cyan",TRUE,0.0228000081977631,656,224,16,0.0714285714285714,0.024390243902439,"TF:M07482","TF","Factor: CXXC1; motif: NMNMNMNAAAAMNANNNNMCG",20092,850
"1618","cyan",TRUE,0.0228000081977631,6205,224,89,0.397321428571429,0.0143432715551974,"TF:M00179","TF","Factor: ATF2; motif: VGTGACGTMACN",20092,1084
"1619","cyan",TRUE,0.0228000081977631,2155,224,38,0.169642857142857,0.0176334106728538,"TF:M08891","TF","Factor: NFKAPPAB; motif: NNGGGANTTCCCN",20092,5888
"1620","cyan",TRUE,0.0228000081977631,6205,224,89,0.397321428571429,0.0143432715551974,"TF:M09723_1","TF","Factor: BTEB1; motif: GGGGGCGGGGCNGSGGGNGS; match class: 1",20092,629
"1621","cyan",TRUE,0.0228000081977631,479,224,13,0.0580357142857143,0.0271398747390397,"TF:M11217_1","TF","Factor: CREB1; motif: NRTGACGYN; match class: 1",20092,993
"1622","cyan",TRUE,0.0231808240532353,10234,224,135,0.602678571428571,0.0131913230408442,"TF:M11478","TF","Factor: AP-2beta; motif: NSCCNNNGGSN",20092,8804
"1623","cyan",TRUE,0.0239186842620803,3141,224,51,0.227678571428571,0.0162368672397326,"TF:M03806","TF","Factor: ZBTB7C; motif: GKCCCGGGCKG",20092,9454
"1624","cyan",TRUE,0.0239186842620803,9519,224,127,0.566964285714286,0.0133417375774766,"TF:M08415","TF","Factor: TEF-3:Elf-1; motif: RGAATGCGGAAGTN",20092,8674
"1625","cyan",TRUE,0.023948341239282,6300,224,90,0.401785714285714,0.0142857142857143,"TF:M08232","TF","Factor: Elk-1:TEF; motif: RCCGGAAGTTACGTAAN",20092,1880
"1626","cyan",TRUE,0.023948341239282,54,224,4,0.0178571428571429,0.0740740740740741,"TF:M06161","TF","Factor: ZNF117; motif: NGGGGAGGACGM",20092,9698
"1627","cyan",TRUE,0.0241680870943004,2090,224,37,0.165178571428571,0.0177033492822967,"TF:M09609","TF","Factor: ER-alpha; motif: NNAGGTCANNNTGNCCN",20092,2146
"1628","cyan",TRUE,0.0244956361063751,3300,224,53,0.236607142857143,0.0160606060606061,"TF:M00076","TF","Factor: GATA-2; motif: NNNGATRNNN",20092,3026
"1629","cyan",TRUE,0.0245430115369619,12381,224,158,0.705357142857143,0.012761489378887,"TF:M08457","TF","Factor: ER71:SREBP-2; motif: NTSACGTGACGGAARY",20092,2316
"1630","cyan",TRUE,0.0246875470051101,6307,224,90,0.401785714285714,0.014269858886951,"TF:M08877","TF","Factor: EGR3; motif: NCMCRCCCACTNMN",20092,1704
"1631","cyan",TRUE,0.0247953400576084,89,224,5,0.0223214285714286,0.0561797752808989,"TF:M12163_1","TF","Factor: KLF3; motif: GRCCRCGCCCN; match class: 1",20092,4731
"1632","cyan",TRUE,0.0250249092161668,2242,224,39,0.174107142857143,0.0173951828724353,"TF:M00069_1","TF","Factor: YY1; motif: NNNCGGCCATCTTGNCTSNW; match class: 1",20092,9253
"1633","cyan",TRUE,0.0252646042412613,5976,224,86,0.383928571428571,0.0143908969210174,"TF:M01035","TF","Factor: YY1; motif: NYNKCCATNTT",20092,9280
"1634","cyan",TRUE,0.0253138468210142,1113,224,23,0.102678571428571,0.0206648697214735,"TF:M12542","TF","Factor: MITF; motif: NNNNRTCACGTGAYNNNN",20092,5348
"1635","cyan",TRUE,0.0253138468210142,1113,224,23,0.102678571428571,0.0206648697214735,"TF:M12542_1","TF","Factor: MITF; motif: NNNNRTCACGTGAYNNNN; match class: 1",20092,5349
"1636","cyan",TRUE,0.0253898367363031,5727,224,83,0.370535714285714,0.0144927536231884,"TF:M09944","TF","Factor: HIF-1alpha; motif: GNACGTGM",20092,3546
"1637","cyan",TRUE,0.0258802291437935,2848,224,47,0.209821428571429,0.016502808988764,"TF:M01100_1","TF","Factor: LRF; motif: GGGGKYNNB; match class: 1",20092,4953
"1638","cyan",TRUE,0.0259694356769919,11737,224,151,0.674107142857143,0.0128652977762631,"TF:M08529","TF","Factor: E2F-3:T-bet; motif: AGGTGTNANGGCGCST",20092,1524
"1639","cyan",TRUE,0.0260055008086532,546,224,14,0.0625,0.0256410256410256,"TF:M03983_1","TF","Factor: ETV5; motif: NCCGGAWGYN; match class: 1",20092,2379
"1640","cyan",TRUE,0.0260055008086532,1668,224,31,0.138392857142857,0.0185851318944844,"TF:M04571","TF","Factor: TFEC; motif: RNCACRTGAY",20092,8916
"1641","cyan",TRUE,0.0261072156920438,4502,224,68,0.303571428571429,0.0151043980453132,"TF:M11083","TF","Factor: SREBP-2; motif: ATCAGGTGAT",20092,8212
"1642","cyan",TRUE,0.0264223868700535,920,224,20,0.0892857142857143,0.0217391304347826,"TF:M01843_1","TF","Factor: DEC2; motif: SNTCACGTGS; match class: 1",20092,1253
"1643","cyan",TRUE,0.0264470956455086,2474,224,42,0.1875,0.0169765561843169,"TF:M09773","TF","Factor: HIF1A; motif: NNACGTGCNN",20092,3544
"1644","cyan",TRUE,0.0264946633377507,1118,224,23,0.102678571428571,0.0205724508050089,"TF:M00007_1","TF","Factor: Elk-1; motif: NAAACMGGAAGTNCVH; match class: 1",20092,1883
"1645","cyan",TRUE,0.0265186885633414,8042,224,110,0.491071428571429,0.0136781895050982,"TF:M00940","TF","Factor: E2F-1; motif: NTTTCGCGCS",20092,1496
"1646","cyan",TRUE,0.0266416224281448,323,224,10,0.0446428571428571,0.0309597523219814,"TF:M07233_1","TF","Factor: USF1; motif: NNCAYGTGACC; match class: 1",20092,9097
"1647","cyan",TRUE,0.0269628799760081,9193,224,123,0.549107142857143,0.013379745458501,"TF:M00997","TF","Factor: DEC; motif: SCCCAMGTGAAGN",20092,1256
"1648","cyan",TRUE,0.0270655225932082,858,224,19,0.0848214285714286,0.0221445221445221,"TF:M09769","TF","Factor: CTCFL; motif: CNSCAGGGGGCRSN",20092,1142
"1649","cyan",TRUE,0.0271027586357346,1054,224,22,0.0982142857142857,0.0208728652751423,"TF:M01273_1","TF","Factor: SP4; motif: SCCCCGCCCCS; match class: 1",20092,8119
"1650","cyan",TRUE,0.0271027586357346,609,224,15,0.0669642857142857,0.0246305418719212,"TF:M11402_1","TF","Factor: Fli-1; motif: NACCGGAARTN; match class: 1",20092,2543
"1651","cyan",TRUE,0.0271912775642369,3320,224,53,0.236607142857143,0.0159638554216867,"TF:M05439_1","TF","Factor: RREB-1; motif: GGGWCSA; match class: 1",20092,7549
"1652","cyan",TRUE,0.0273737303010864,8313,224,113,0.504464285714286,0.013593167328281,"TF:M12160_1","TF","Factor: KLF15; motif: RCCMCRCCCMCN; match class: 1",20092,4705
"1653","cyan",TRUE,0.0274386465944908,4111,224,63,0.28125,0.0153247385064461,"TF:M08443_1","TF","Factor: AP-4:ER81; motif: RSCGGAAGCAGSTGNN; match class: 1",20092,8851
"1654","cyan",TRUE,0.027513424720526,5414,224,79,0.352678571428571,0.0145917990395272,"TF:M09600","TF","Factor: CREB1; motif: TKACGTCAYNN",20092,982
"1655","cyan",TRUE,0.0275456732562898,1056,224,22,0.0982142857142857,0.0208333333333333,"TF:M03927","TF","Factor: ZBTB7A; motif: NGCGACCACCNN",20092,9438
"1656","cyan",TRUE,0.0275456732562898,379,224,11,0.0491071428571429,0.029023746701847,"TF:M11095_1","TF","Factor: USF2; motif: RNCAYGTGACN; match class: 1",20092,9119
"1657","cyan",TRUE,0.0275595265410129,11475,224,148,0.660714285714286,0.0128976034858388,"TF:M11818_1","TF","Factor: T3R-beta; motif: NTGACCTYRNYRAGGTCAN; match class: 1",20092,8999
"1658","cyan",TRUE,0.0275994480934274,435,224,12,0.0535714285714286,0.0275862068965517,"TF:M11048_1","TF","Factor: BMAL1; motif: RTCAYGTGMN; match class: 1",20092,213
"1659","cyan",TRUE,0.0277438299268686,1191,224,24,0.107142857142857,0.0201511335012594,"TF:M12162","TF","Factor: KLF3; motif: GRCCACGCCCN",20092,4728
"1660","cyan",TRUE,0.0278082560033886,5252,224,77,0.34375,0.0146610814927647,"TF:M08957_1","TF","Factor: NURR1:RXR-ALPHA; motif: NRGGTCRTTGACCYN; match class: 1",20092,6203
"1661","cyan",TRUE,0.0278415743723883,2710,224,45,0.200892857142857,0.0166051660516605,"TF:M11325","TF","Factor: C/EBPgamma; motif: NNTTGCGYAANN",20092,814
"1662","cyan",TRUE,0.028332775962823,4359,224,66,0.294642857142857,0.0151410874053682,"TF:M07248","TF","Factor: CREB1; motif: NNNNTGACGTNANNN",20092,1010
"1663","cyan",TRUE,0.0283983924916168,553,224,14,0.0625,0.0253164556962025,"TF:M12171","TF","Factor: LKLF; motif: NRCCMCRCCCN",20092,4920
"1664","cyan",TRUE,0.0284394168092987,5922,224,85,0.379464285714286,0.0143532590341101,"TF:M00007","TF","Factor: Elk-1; motif: NAAACMGGAAGTNCVH",20092,1882
"1665","cyan",TRUE,0.0285914280084117,1470,224,28,0.125,0.019047619047619,"TF:M00775","TF","Factor: NF-Y; motif: NNNNRRCCAATSR",20092,5938
"1666","cyan",TRUE,0.0285914280084117,10564,224,138,0.616071428571429,0.0130632336236274,"TF:M00444","TF","Factor: VDR; motif: GGGKNARNRRGGWSA",20092,9172
"1667","cyan",TRUE,0.0286007854507283,275,224,9,0.0401785714285714,0.0327272727272727,"TF:M07455_1","TF","Factor: Gli2; motif: NTGGGTGGTCNN; match class: 1",20092,3315
"1668","cyan",TRUE,0.0286007854507283,737,224,17,0.0758928571428571,0.0230664857530529,"TF:M12163","TF","Factor: KLF3; motif: GRCCRCGCCCN",20092,4730
"1669","cyan",TRUE,0.0286146833097536,3409,224,54,0.241071428571429,0.0158404224112643,"TF:M01801","TF","Factor: ER-alpha; motif: AGGTCACNGTGACCT",20092,2018
"1670","cyan",TRUE,0.0289532971153001,10751,224,140,0.625,0.0130220444609804,"TF:M00695","TF","Factor: ETF; motif: GVGGMGG",20092,2220
"1671","cyan",TRUE,0.0289532971153001,1333,224,26,0.116071428571429,0.0195048762190548,"TF:M11389","TF","Factor: elf5; motif: GAMCCGGAAGTN",20092,1840
"1672","cyan",TRUE,0.028956401574253,1472,224,28,0.125,0.0190217391304348,"TF:M11972","TF","Factor: rfx5; motif: NYRGCAACSGTTRCYAN",20092,7464
"1673","cyan",TRUE,0.0290001507731828,9933,224,131,0.584821428571429,0.0131883620255713,"TF:M00966","TF","Factor: VDR,; motif: RRTGNMCYTNNTGAMCCNYNT",20092,1402
"1674","cyan",TRUE,0.0290734108142499,7030,224,98,0.4375,0.0139402560455192,"TF:M01219","TF","Factor: SP1:SP3; motif: CCSCCCCCYCC",20092,8036
"1675","cyan",TRUE,0.0292774552432477,8597,224,116,0.517857142857143,0.0134930789810399,"TF:M09591","TF","Factor: AP-2gamma; motif: NTGSCCTGRGGSNN",20092,8834
"1676","cyan",TRUE,0.0292774552432477,4936,224,73,0.325892857142857,0.0147893030794165,"TF:M04743","TF","Factor: c-Myc; motif: NSCACGTGGN",20092,5560
"1677","cyan",TRUE,0.0293259899869677,3967,224,61,0.272321428571429,0.0153768590874716,"TF:M03921","TF","Factor: SP3; motif: NCCACGCCCMC",20092,8098
"1678","cyan",TRUE,0.0294686349226709,740,224,17,0.0758928571428571,0.022972972972973,"TF:M03914_1","TF","Factor: KLF16; motif: GMCACGCCCCC; match class: 1",20092,4711
"1679","cyan",TRUE,0.0295055545595377,1405,224,27,0.120535714285714,0.0192170818505338,"TF:M09989","TF","Factor: MITF; motif: TCACGTGACC",20092,5346
"1680","cyan",TRUE,0.0298285719436263,94,224,5,0.0223214285714286,0.0531914893617021,"TF:M11839_1","TF","Factor: ERR3; motif: NNSAAGGTCAN; match class: 1",20092,2203
"1681","cyan",TRUE,0.0299033673405771,3812,224,59,0.263392857142857,0.0154774396642183,"TF:M00139","TF","Factor: AhR; motif: CCYCNRRSTNGCGTGASA",20092,18
"1682","cyan",TRUE,0.029954120745748,6104,224,87,0.388392857142857,0.0142529488859764,"TF:M07234","TF","Factor: YY1; motif: CAARATGGCNGC",20092,9262
"1683","cyan",TRUE,0.029954120745748,1407,224,27,0.120535714285714,0.0191897654584222,"TF:M00220_1","TF","Factor: SREBP-1; motif: NATCACGTGAY; match class: 1",20092,8221
"1684","cyan",TRUE,0.0299545415987186,4697,224,70,0.3125,0.014903129657228,"TF:M09896_1","TF","Factor: E2F-7; motif: GRGGCGGGAANNN; match class: 1",20092,1571
"1685","cyan",TRUE,0.0299776178011515,5686,224,82,0.366071428571429,0.014421385860007,"TF:M00917","TF","Factor: CREB; motif: CNNTGACGTMA",20092,1098
"1686","cyan",TRUE,0.0302329349416709,870,224,19,0.0848214285714286,0.0218390804597701,"TF:M04196_1","TF","Factor: USF1; motif: RNCACGTGAY; match class: 1",20092,9095
"1687","cyan",TRUE,0.0302678245730498,11410,224,147,0.65625,0.0128834355828221,"TF:M00425","TF","Factor: E2F; motif: TTTCGCGC",20092,1592
"1688","cyan",TRUE,0.0307654730739278,3818,224,59,0.263392857142857,0.0154531168150864,"TF:M01154_1","TF","Factor: c-Myc; motif: KACCACGTGSYY; match class: 1",20092,929
"1689","cyan",TRUE,0.030895782506658,95,224,5,0.0223214285714286,0.0526315789473684,"TF:M12324","TF","Factor: ZBTB12; motif: TGGCCTGNCGTCGY",20092,9336
"1690","cyan",TRUE,0.030895782506658,59,224,4,0.0178571428571429,0.0677966101694915,"TF:M01002_1","TF","Factor: DEAF1; motif: RNNNRTTCGGGNRTTTCCGGRRNKN; match class: 1",20092,1245
"1691","cyan",TRUE,0.030895782506658,9,224,2,0.00892857142857143,0.222222222222222,"TF:M04204_1","TF","Factor: CEBPG; motif: ATTRCGCAAY; match class: 1",20092,805
"1692","cyan",TRUE,0.0310994979005579,229,224,8,0.0357142857142857,0.0349344978165939,"TF:M00647_1","TF","Factor: LXR; motif: TGGGGTYACTNGCGGTCA; match class: 1",20092,4995
"1693","cyan",TRUE,0.0311309170417091,13791,224,172,0.767857142857143,0.0124719019650497,"TF:M07260","TF","Factor: Ikaros; motif: TGGGAGN",20092,4380
"1694","cyan",TRUE,0.03123075867197,2429,224,41,0.183035714285714,0.0168793742280774,"TF:M01702","TF","Factor: GLI1; motif: GACCACCCAMG",20092,3294
"1695","cyan",TRUE,0.0312671777166815,5613,224,81,0.361607142857143,0.014430785676109,"TF:M09812","TF","Factor: MYC; motif: NNCCACGTGCNN",20092,5562
"1696","cyan",TRUE,0.0314234889589608,1840,224,33,0.147321428571429,0.0179347826086957,"TF:M09650","TF","Factor: REST; motif: TTCAGCACCAYGGACAGCKCCN",20092,7362
"1697","cyan",TRUE,0.0317682896360521,6035,224,86,0.383928571428571,0.0142502071251036,"TF:M12313","TF","Factor: ZNF460; motif: NNACNCCCCCCNN",20092,10648
"1698","cyan",TRUE,0.0317682896360521,445,224,12,0.0535714285714286,0.0269662921348315,"TF:M12310","TF","Factor: ZNF597; motif: NGCCGCCATTTTGN",20092,11068
"1699","cyan",TRUE,0.0320213104742644,389,224,11,0.0491071428571429,0.0282776349614396,"TF:M11439_1","TF","Factor: Net; motif: NRCCGGAAGTN; match class: 1",20092,1913
"1700","cyan",TRUE,0.0322871070032437,10874,224,141,0.629464285714286,0.0129667095824903,"TF:M08993","TF","Factor: ZNF777; motif: GTCCGYCCCGTCSAACAAT",20092,11638
"1701","cyan",TRUE,0.0323465178528503,942,224,20,0.0892857142857143,0.0212314225053079,"TF:M03832","TF","Factor: Net; motif: CACTTCCKGK",20092,5664
"1702","cyan",TRUE,0.0324066993788388,2968,224,48,0.214285714285714,0.0161725067385445,"TF:M03923","TF","Factor: SP8; motif: RCCACGCCCMCY",20092,8126
"1703","cyan",TRUE,0.032646768648855,505,224,13,0.0580357142857143,0.0257425742574257,"TF:M00796_1","TF","Factor: USF; motif: NRCCACGTGASN; match class: 1",20092,9141
"1704","cyan",TRUE,0.0327057938140459,7492,224,103,0.459821428571429,0.0137479978643887,"TF:M00431","TF","Factor: E2F-1; motif: TTTSGCGS",20092,1494
"1705","cyan",TRUE,0.0328595698635869,565,224,14,0.0625,0.0247787610619469,"TF:M10027_1","TF","Factor: Pax-5; motif: SCNNGGGCARCNRAGCGWGAC; match class: 1",20092,6585
"1706","cyan",TRUE,0.0329344862088859,4964,224,73,0.325892857142857,0.0147058823529412,"TF:M08529_1","TF","Factor: E2F-3:T-bet; motif: AGGTGTNANGGCGCST; match class: 1",20092,1525
"1707","cyan",TRUE,0.0330340826022162,336,224,10,0.0446428571428571,0.0297619047619048,"TF:M12174_1","TF","Factor: GKLF; motif: NNCCACRCCCN; match class: 1",20092,4741
"1708","cyan",TRUE,0.0334741392634968,689,224,16,0.0714285714285714,0.02322206095791,"TF:M04679_1","TF","Factor: USF2; motif: GTCACGTGA; match class: 1",20092,9109
"1709","cyan",TRUE,0.0336393412444721,1634,224,30,0.133928571428571,0.018359853121175,"TF:M03830_1","TF","Factor: MafB; motif: CRCTGACNANN; match class: 1",20092,5025
"1710","cyan",TRUE,0.0337655159969836,139,224,6,0.0267857142857143,0.0431654676258993,"TF:M00775_1","TF","Factor: NF-Y; motif: NNNNRRCCAATSR; match class: 1",20092,5939
"1711","cyan",TRUE,0.0341472832481701,61,224,4,0.0178571428571429,0.0655737704918033,"TF:M03913_1","TF","Factor: KLF14; motif: NRCCACGCCCMCYN; match class: 1",20092,4691
"1712","cyan",TRUE,0.0342533348531341,338,224,10,0.0446428571428571,0.029585798816568,"TF:M10105_1","TF","Factor: USF1; motif: NGTCACGTGRNS; match class: 1",20092,9099
"1713","cyan",TRUE,0.0344851007763225,285,224,9,0.0401785714285714,0.0315789473684211,"TF:M12534_1","TF","Factor: USF2; motif: NNGTCATGTGACNN; match class: 1",20092,9123
"1714","cyan",TRUE,0.0346324280436189,31,224,3,0.0133928571428571,0.0967741935483871,"TF:M10662_1","TF","Factor: LBX2; motif: CTCRTTAA; match class: 1",20092,4789
"1715","cyan",TRUE,0.0346324280436189,31,224,3,0.0133928571428571,0.0967741935483871,"TF:M12003","TF","Factor: gmeb2; motif: NNACGTNNCKTACGTNN",20092,3368
"1716","cyan",TRUE,0.0346324280436189,451,224,12,0.0535714285714286,0.0266075388026608,"TF:M01863_1","TF","Factor: ATF-3; motif: RTKRCGTCANN; match class: 1",20092,319
"1717","cyan",TRUE,0.0346324280436189,31,224,3,0.0133928571428571,0.0967741935483871,"TF:M10665_1","TF","Factor: LBX2; motif: CTYRTTAA; match class: 1",20092,4795
"1718","cyan",TRUE,0.0346324280436189,451,224,12,0.0535714285714286,0.0266075388026608,"TF:M11414_1","TF","Factor: GABP-alpha; motif: NACCGGAAGTN; match class: 1",20092,2987
"1719","cyan",TRUE,0.0346324280436189,4324,224,65,0.290178571428571,0.0150323774283071,"TF:M07034","TF","Factor: ATF-1; motif: NNNTGACGTNNN",20092,278
"1720","cyan",TRUE,0.0352561208380363,4734,224,70,0.3125,0.0147866497676384,"TF:M07469","TF","Factor: Tal; motif: GWSNNCABCTGC",20092,8412
"1721","cyan",TRUE,0.0353360866738888,5726,224,82,0.366071428571429,0.0143206426825009,"TF:M08457_1","TF","Factor: ER71:SREBP-2; motif: NTSACGTGACGGAARY; match class: 1",20092,2317
"1722","cyan",TRUE,0.0354783213088813,2831,224,46,0.205357142857143,0.0162486753797245,"TF:M11217","TF","Factor: CREB1; motif: NRTGACGYN",20092,992
"1723","cyan",TRUE,0.0357246288130764,287,224,9,0.0401785714285714,0.0313588850174216,"TF:M09989_1","TF","Factor: MITF; motif: TCACGTGACC; match class: 1",20092,5347
"1724","cyan",TRUE,0.0363035814536488,2081,224,36,0.160714285714286,0.0172993753003364,"TF:M07454","TF","Factor: Gli1; motif: TGGGTGGTCN",20092,3300
"1725","cyan",TRUE,0.0363093140819621,1362,224,26,0.116071428571429,0.0190895741556534,"TF:M07597_1","TF","Factor: Egr-1; motif: GCGTGGGCGT; match class: 1",20092,1659
"1726","cyan",TRUE,0.03649391635517,7781,224,106,0.473214285714286,0.0136229276442617,"TF:M10115","TF","Factor: LRF; motif: NRGGGKCKY",20092,9440
"1727","cyan",TRUE,0.0376113115178134,3150,224,50,0.223214285714286,0.0158730158730159,"TF:M04743_1","TF","Factor: c-Myc; motif: NSCACGTGGN; match class: 1",20092,5561
"1728","cyan",TRUE,0.0376337485930877,4180,224,63,0.28125,0.0150717703349282,"TF:M03544","TF","Factor: CREB1; motif: NNNNACGTCANN",20092,1012
"1729","cyan",TRUE,0.0378923836287897,4101,224,62,0.276785714285714,0.0151182638380883,"TF:M11394","TF","Factor: Erg; motif: NACMGGAARTN",20092,2090
"1730","cyan",TRUE,0.0379501992627853,2613,224,43,0.191964285714286,0.0164561806352851,"TF:M07329_1","TF","Factor: Osx; motif: CCNCCCCCNNN; match class: 1",20092,6401
"1731","cyan",TRUE,0.0385220048383248,10647,224,138,0.616071428571429,0.0129613975767822,"TF:M08980","TF","Factor: VDR:RXR-ALPHA; motif: NRGGTCANNNGGTTCNN",20092,9160
"1732","cyan",TRUE,0.0386602299978951,1943,224,34,0.151785714285714,0.0174987133299022,"TF:M01042","TF","Factor: GLI1; motif: GACCACCCAV",20092,3296
"1733","cyan",TRUE,0.0386603908445328,291,224,9,0.0401785714285714,0.0309278350515464,"TF:M11443","TF","Factor: Net; motif: ACCGGAAGTN",20092,1920
"1734","cyan",TRUE,0.0391194602393824,6001,224,85,0.379464285714286,0.0141643059490085,"TF:M00426_1","TF","Factor: E2F; motif: TTTSGCGS; match class: 1",20092,1597
"1735","cyan",TRUE,0.0393956902915432,240,224,8,0.0357142857142857,0.0333333333333333,"TF:M09645_1","TF","Factor: Pax-5; motif: NNNNRNKCAGCNRAGCGTGAC; match class: 1",20092,6581
"1736","cyan",TRUE,0.0400669548865078,403,224,11,0.0491071428571429,0.0272952853598015,"TF:M12724_1","TF","Factor: ZNF416; motif: GGGRNGCCSAGRN; match class: 1",20092,10477
"1737","cyan",TRUE,0.040069206241982,768,224,17,0.0758928571428571,0.0221354166666667,"TF:M11888","TF","Factor: Pax-4a; motif: NTYACGCWTSANYGCNYN",20092,6558
"1738","cyan",TRUE,0.0404973242092637,9395,224,124,0.553571428571429,0.0131985098456626,"TF:M03876_1","TF","Factor: Kaiso; motif: GCMGGGRGCRGS; match class: 1",20092,4679
"1739","cyan",TRUE,0.0408523697962134,462,224,12,0.0535714285714286,0.025974025974026,"TF:M02054_1","TF","Factor: ELF2; motif: CCCGGAARYN; match class: 1",20092,1773
"1740","cyan",TRUE,0.041556859168434,65,224,4,0.0178571428571429,0.0615384615384615,"TF:M03810_1","TF","Factor: RXR:PXR; motif: NNNTGAMCTYNNNTGAMCYN; match class: 1",20092,7621
"1741","cyan",TRUE,0.041556859168434,65,224,4,0.0178571428571429,0.0615384615384615,"TF:M11809_1","TF","Factor: RAR-gamma; motif: NAGGTCANG; match class: 1",20092,7297
"1742","cyan",TRUE,0.041556859168434,2781,224,45,0.200892857142857,0.0161812297734628,"TF:M13004_1","TF","Factor: USF2; motif: NRTCACGTGAYN; match class: 1",20092,9127
"1743","cyan",TRUE,0.0416697812812045,5099,224,74,0.330357142857143,0.0145126495391253,"TF:M00799","TF","Factor: Myc; motif: CACGTGS",20092,5566
"1744","cyan",TRUE,0.0417245616409962,1808,224,32,0.142857142857143,0.0176991150442478,"TF:M02220","TF","Factor: HNF4A; motif: RGGNCAAAGKYCA",20092,3702
"1745","cyan",TRUE,0.0419720431475104,243,224,8,0.0357142857142857,0.0329218106995885,"TF:M07139_1","TF","Factor: USF2; motif: RYCAYGTGACY; match class: 1",20092,9113
"1746","cyan",TRUE,0.0424882361908955,3017,224,48,0.214285714285714,0.0159098442161087,"TF:M07615_1","TF","Factor: Sp3; motif: GGGGCGGGGSNN; match class: 1",20092,8107
"1747","cyan",TRUE,0.0426387806812494,11133,224,143,0.638392857142857,0.0128446959489805,"TF:M00056","TF","Factor: myogenin; motif: CRSCTGTTBNNTTTGGCACGSNGCCARCH",20092,5634
"1748","cyan",TRUE,0.0428699750058307,244,224,8,0.0357142857142857,0.0327868852459016,"TF:M01001_1","TF","Factor: DEAF1; motif: NCGNNYTCGGGNRTTTCCGDARNNN; match class: 1",20092,1243
"1749","cyan",TRUE,0.0429404911386218,18259,224,214,0.955357142857143,0.0117202475491538,"TF:M00378","TF","Factor: Pax-4; motif: NNNNNYCACCCB",20092,6542
"1750","cyan",TRUE,0.043423384731124,3729,224,57,0.254464285714286,0.0152855993563958,"TF:M13125","TF","Factor: ARID4B; motif: NNYCAGCACCNNGGNCAGCGSC",20092,200
"1751","cyan",TRUE,0.0438395772956792,195,224,7,0.03125,0.0358974358974359,"TF:M07140_1","TF","Factor: Kaiso; motif: NTCTCGCGAGANYTN; match class: 1",20092,9369
"1752","cyan",TRUE,0.0438509971691978,148,224,6,0.0267857142857143,0.0405405405405405,"TF:M12669","TF","Factor: SRF; motif: TTNCCTTATWTGGNC",20092,8262
"1753","cyan",TRUE,0.0441466671519124,11327,224,145,0.647321428571429,0.0128012712986669,"TF:M07602","TF","Factor: CP2; motif: NNNNCCAGNCNN",20092,960
"1754","cyan",TRUE,0.0453963644584062,1319,224,25,0.111607142857143,0.0189537528430629,"TF:M00243_1","TF","Factor: Egr-1; motif: WTGCGTGGGCGK; match class: 1",20092,1643
"1755","cyan",TRUE,0.046748373115199,3190,224,50,0.223214285714286,0.0156739811912226,"TF:M10043","TF","Factor: PTF1; motif: SCAGCTGNYNNNNYYCNN",20092,7222
"1756","cyan",TRUE,0.046748373115199,847,224,18,0.0803571428571429,0.0212514757969303,"TF:M09775","TF","Factor: MXI1; motif: NNNCCACGTGSNN",20092,5492
"1757","cyan",TRUE,0.046748373115199,6297,224,88,0.392857142857143,0.0139749086866762,"TF:M04617","TF","Factor: LRF; motif: NGNAGNGGGTYN",20092,4956
"1758","cyan",TRUE,0.046748373115199,356,224,10,0.0446428571428571,0.0280898876404494,"TF:M12238","TF","Factor: DREF; motif: MTRTCGCGAYAK",20092,1410
"1759","cyan",TRUE,0.047233532845565,472,224,12,0.0535714285714286,0.0254237288135593,"TF:M12005_1","TF","Factor: GMEB-1; motif: KNACGTNRNNACGTAN; match class: 1",20092,3357
"1760","cyan",TRUE,0.0481884451793231,6559,224,91,0.40625,0.0138740661686233,"TF:M03821","TF","Factor: ER-beta; motif: ANNSTGACCYRGNN",20092,2028
"1761","cyan",TRUE,0.0481884451793231,6474,224,90,0.401785714285714,0.0139017608897127,"TF:M12485","TF","Factor: TFAP2A; motif: NNNGCCTCAGGCNN",20092,8794
"1762","cyan",TRUE,0.0482861994388679,4232,224,63,0.28125,0.0148865784499055,"TF:M05432","TF","Factor: ZSCAN18; motif: TRRCGRCGNMCC",20092,11950
"1763","cyan",TRUE,0.0485561086298535,2502,224,41,0.183035714285714,0.0163868904876099,"TF:M09671_1","TF","Factor: VDR; motif: RRGGTCANNGRGKTCA; match class: 1",20092,9169
"1764","cyan",TRUE,0.0487206160321732,1830,224,32,0.142857142857143,0.0174863387978142,"TF:M04196","TF","Factor: USF1; motif: RNCACGTGAY",20092,9094
"1765","cyan",TRUE,0.0491836417775386,4236,224,63,0.28125,0.0148725212464589,"TF:M01073","TF","Factor: HIC1; motif: NNNGGKTGCCCSNNNNNN",20092,3534
"1766","cyan",TRUE,1.68848003187815e-17,88,117,20,0.170940170940171,0.227272727272727,"WP:WP477","WP","Cytoplasmic ribosomal proteins",8752,529
"1767","cyan",TRUE,6.23727596834338e-05,56,117,8,0.0683760683760684,0.142857142857143,"WP:WP4324","WP","Mitochondrial complex I assembly model OXPHOS system",8752,417
"1768","cyan",TRUE,0.000591950537875845,104,117,9,0.0769230769230769,0.0865384615384615,"WP:WP111","WP","Electron transport chain OXPHOS system in mitochondria",8752,5
"1769","cyan",TRUE,0.00652205658671326,60,117,6,0.0512820512820513,0.1,"WP:WP623","WP","Oxidative phosphorylation",8752,915
"1770","cyan",TRUE,0.00745823984432301,153,117,9,0.0769230769230769,0.0588235294117647,"WP:WP4396","WP","Nonalcoholic fatty liver disease",8752,429
"1771","cyan",TRUE,0.0119673833548722,47,117,5,0.0427350427350427,0.106382978723404,"WP:WP28","WP","Selenium metabolism and selenoproteins",8752,156
