"","query","significant","p_value","term_size","query_size","intersection_size","precision","recall","term_id","source","term_name","effective_domain_size","source_order"
"1","darkturquoise",TRUE,2.34802885879094e-05,4721,286,107,0.374125874125874,0.0226646896843889,"GO:0019538","GO:BP","protein metabolic process",21026,5841
"2","darkturquoise",TRUE,5.61189253330243e-05,3993,286,93,0.325174825174825,0.0232907588279489,"GO:0048583","GO:BP","regulation of response to stimulus",21026,12687
"3","darkturquoise",TRUE,0.000295183021016354,3034,286,74,0.258741258741259,0.024390243902439,"GO:0009966","GO:BP","regulation of signal transduction",21026,3789
"4","darkturquoise",TRUE,0.000299082640774846,3486,286,81,0.283216783216783,0.0232358003442341,"GO:0010646","GO:BP","regulation of cell communication",21026,4275
"5","darkturquoise",TRUE,0.000299082640774846,3478,286,81,0.283216783216783,0.023289246693502,"GO:0023051","GO:BP","regulation of signaling",21026,6606
"6","darkturquoise",TRUE,0.000619460733055951,3030,286,72,0.251748251748252,0.0237623762376238,"GO:0043412","GO:BP","macromolecule modification",21026,10582
"7","darkturquoise",TRUE,0.000813518696531516,543,286,23,0.0804195804195804,0.0423572744014733,"GO:0010498","GO:BP","proteasomal protein catabolic process",21026,4161
"8","darkturquoise",TRUE,0.000813518696531516,1030,286,34,0.118881118881119,0.0330097087378641,"GO:0030163","GO:BP","protein catabolic process",21026,6658
"9","darkturquoise",TRUE,0.000903565680790839,1486,286,43,0.15034965034965,0.0289367429340511,"GO:0006508","GO:BP","proteolysis",21026,2225
"10","darkturquoise",TRUE,0.00152269933056404,9,286,4,0.013986013986014,0.444444444444444,"GO:1901030","GO:BP","positive regulation of mitochondrial outer membrane permeabilization involved in apoptotic signaling pathway",21026,20878
"11","darkturquoise",TRUE,0.00192507182208784,12342,286,204,0.713286713286713,0.0165289256198347,"GO:0044238","GO:BP","primary metabolic process",21026,10839
"12","darkturquoise",TRUE,0.0021052925633483,2331,286,57,0.199300699300699,0.0244530244530245,"GO:0048584","GO:BP","positive regulation of response to stimulus",21026,12688
"13","darkturquoise",TRUE,0.0021052925633483,6264,286,120,0.41958041958042,0.0191570881226054,"GO:0048518","GO:BP","positive regulation of biological process",21026,12634
"14","darkturquoise",TRUE,0.0021052925633483,2846,286,66,0.230769230769231,0.0231904427266339,"GO:0036211","GO:BP","protein modification process",21026,9413
"15","darkturquoise",TRUE,0.00278106826264791,5920,286,114,0.398601398601399,0.0192567567567568,"GO:0048522","GO:BP","positive regulation of cellular process",21026,12638
"16","darkturquoise",TRUE,0.00278106826264791,5390,286,106,0.370629370629371,0.0196660482374768,"GO:0080090","GO:BP","regulation of primary metabolic process",21026,17565
"17","darkturquoise",TRUE,0.00366871139129168,414,286,18,0.0629370629370629,0.0434782608695652,"GO:0043161","GO:BP","proteasome-mediated ubiquitin-dependent protein catabolic process",21026,10465
"18","darkturquoise",TRUE,0.00420084765610475,2639,286,61,0.213286713286713,0.0231148162182645,"GO:0009056","GO:BP","catabolic process",21026,3218
"19","darkturquoise",TRUE,0.00590355158861626,786,286,26,0.0909090909090909,0.0330788804071247,"GO:0051603","GO:BP","proteolysis involved in protein catabolic process",21026,13630
"20","darkturquoise",TRUE,0.00779718828462002,1953,286,48,0.167832167832168,0.0245775729646697,"GO:1902531","GO:BP","regulation of intracellular signal transduction",21026,22041
"21","darkturquoise",TRUE,0.00813126035291729,908,286,28,0.0979020979020979,0.0308370044052863,"GO:0006974","GO:BP","DNA damage response",21026,2590
"22","darkturquoise",TRUE,0.00813126035291729,2965,286,65,0.227272727272727,0.0219224283305228,"GO:0035556","GO:BP","intracellular signal transduction",21026,9022
"23","darkturquoise",TRUE,0.00813126035291729,218,286,12,0.041958041958042,0.055045871559633,"GO:0045862","GO:BP","positive regulation of proteolysis",21026,11512
"24","darkturquoise",TRUE,0.00813126035291729,628,286,22,0.0769230769230769,0.035031847133758,"GO:0006511","GO:BP","ubiquitin-dependent protein catabolic process",21026,2227
"25","darkturquoise",TRUE,0.00813126035291729,1855,286,46,0.160839160839161,0.0247978436657682,"GO:0051246","GO:BP","regulation of protein metabolic process",21026,13411
"26","darkturquoise",TRUE,0.00985612211954791,638,286,22,0.0769230769230769,0.0344827586206897,"GO:0019941","GO:BP","modification-dependent protein catabolic process",21026,6040
"27","darkturquoise",TRUE,0.00991546883649159,643,286,22,0.0769230769230769,0.0342146189735614,"GO:0043632","GO:BP","modification-dependent macromolecule catabolic process",21026,10715
"28","darkturquoise",TRUE,0.00991546883649159,304,286,14,0.048951048951049,0.0460526315789474,"GO:0010563","GO:BP","negative regulation of phosphorus metabolic process",21026,4199
"29","darkturquoise",TRUE,0.00991546883649159,304,286,14,0.048951048951049,0.0460526315789474,"GO:0045936","GO:BP","negative regulation of phosphate metabolic process",21026,11568
"30","darkturquoise",TRUE,0.00991546883649159,33,286,5,0.0174825174825175,0.151515151515152,"GO:0006921","GO:BP","cellular component disassembly involved in execution phase of apoptosis",21026,2554
"31","darkturquoise",TRUE,0.0111121491569928,34,286,5,0.0174825174825175,0.147058823529412,"GO:0097345","GO:BP","mitochondrial outer membrane permeabilization",21026,18375
"32","darkturquoise",TRUE,0.0124651993469713,1417,286,37,0.129370629370629,0.0261115031757234,"GO:0009057","GO:BP","macromolecule catabolic process",21026,3219
"33","darkturquoise",TRUE,0.0141301901996157,957,286,28,0.0979020979020979,0.0292580982236155,"GO:0051174","GO:BP","regulation of phosphorus metabolic process",21026,13374
"34","darkturquoise",TRUE,0.0171547690686862,677,286,22,0.0769230769230769,0.0324963072378139,"GO:0051248","GO:BP","negative regulation of protein metabolic process",21026,13413
"35","darkturquoise",TRUE,0.0171547690686862,38,286,5,0.0174825174825175,0.131578947368421,"GO:1902110","GO:BP","positive regulation of mitochondrial membrane permeability involved in apoptotic process",21026,21736
"36","darkturquoise",TRUE,0.0194830181939964,2,286,2,0.00699300699300699,1,"GO:0000349","GO:BP","generation of catalytic spliceosome for first transesterification step",21026,97
"37","darkturquoise",TRUE,0.0205980355910541,40,286,5,0.0174825174825175,0.125,"GO:1902686","GO:BP","mitochondrial outer membrane permeabilization involved in programmed cell death",21026,22136
"38","darkturquoise",TRUE,0.0213747785560173,118,286,8,0.027972027972028,0.0677966101694915,"GO:0006368","GO:BP","transcription elongation by RNA polymerase II",21026,2135
"39","darkturquoise",TRUE,0.0221162270647342,1923,286,45,0.157342657342657,0.0234009360374415,"GO:0006915","GO:BP","apoptotic process",21026,2553
"40","darkturquoise",TRUE,0.0225821056151922,1049,286,29,0.101398601398601,0.0276453765490944,"GO:0031399","GO:BP","regulation of protein modification process",21026,7116
"41","darkturquoise",TRUE,0.0225821056151922,1987,286,46,0.160839160839161,0.0231504781077,"GO:0012501","GO:BP","programmed cell death",21026,4551
"42","darkturquoise",TRUE,0.0225821056151922,1991,286,46,0.160839160839161,0.0231039678553491,"GO:0008219","GO:BP","cell death",21026,3132
"43","darkturquoise",TRUE,0.0225821056151922,42,286,5,0.0174825174825175,0.119047619047619,"GO:0035794","GO:BP","positive regulation of mitochondrial membrane permeability",21026,9178
"44","darkturquoise",TRUE,0.0246610671157145,956,286,27,0.0944055944055944,0.0282426778242678,"GO:0019220","GO:BP","regulation of phosphate metabolic process",21026,5567
"45","darkturquoise",TRUE,0.0254430791105568,349,286,14,0.048951048951049,0.0401146131805158,"GO:0031400","GO:BP","negative regulation of protein modification process",21026,7117
"46","darkturquoise",TRUE,0.0254430791105568,1387,286,35,0.122377622377622,0.0252343186733958,"GO:0080134","GO:BP","regulation of response to stress",21026,17581
"47","darkturquoise",TRUE,0.0254430791105568,662,286,21,0.0734265734265734,0.0317220543806647,"GO:1902532","GO:BP","negative regulation of intracellular signal transduction",21026,22042
"48","darkturquoise",TRUE,0.0254430791105568,308,286,13,0.0454545454545455,0.0422077922077922,"GO:0007249","GO:BP","canonical NF-kappaB signal transduction",21026,2770
"49","darkturquoise",TRUE,0.0254430791105568,44,286,5,0.0174825174825175,0.113636363636364,"GO:1902108","GO:BP","regulation of mitochondrial membrane permeability involved in apoptotic process",21026,21734
"50","darkturquoise",TRUE,0.0257505177629282,25,286,4,0.013986013986014,0.16,"GO:1901028","GO:BP","regulation of mitochondrial outer membrane permeabilization involved in apoptotic signaling pathway",21026,20876
"51","darkturquoise",TRUE,0.0262013330165678,69,286,6,0.020979020979021,0.0869565217391304,"GO:0090559","GO:BP","regulation of membrane permeability",21026,18114
"52","darkturquoise",TRUE,0.0263341101999934,3990,286,78,0.272727272727273,0.0195488721804511,"GO:0019219","GO:BP","regulation of nucleobase-containing compound metabolic process",21026,5566
"53","darkturquoise",TRUE,0.0267161092341999,1680,286,40,0.13986013986014,0.0238095238095238,"GO:0048585","GO:BP","negative regulation of response to stimulus",21026,12689
"54","darkturquoise",TRUE,0.02701025760634,46,286,5,0.0174825174825175,0.108695652173913,"GO:1905710","GO:BP","positive regulation of membrane permeability",21026,24428
"55","darkturquoise",TRUE,0.02701025760634,1027,286,28,0.0979020979020979,0.0272638753651412,"GO:0043687","GO:BP","post-translational protein modification",21026,10741
"56","darkturquoise",TRUE,0.0305181383621395,103,286,7,0.0244755244755245,0.0679611650485437,"GO:0008637","GO:BP","apoptotic mitochondrial changes",21026,3206
"57","darkturquoise",TRUE,0.0305181383621395,320,286,13,0.0454545454545455,0.040625,"GO:0062012","GO:BP","regulation of small molecule metabolic process",21026,15559
"58","darkturquoise",TRUE,0.0305181383621395,14136,286,218,0.762237762237762,0.0154216185625354,"GO:0008152","GO:BP","metabolic process",21026,3111
"59","darkturquoise",TRUE,0.0305181383621395,74,286,6,0.020979020979021,0.0810810810810811,"GO:1903578","GO:BP","regulation of ATP metabolic process",21026,22790
"60","darkturquoise",TRUE,0.0305181383621395,2407,286,52,0.181818181818182,0.0216036560033236,"GO:0006796","GO:BP","phosphate-containing compound metabolic process",21026,2474
"61","darkturquoise",TRUE,0.0305181383621395,406,286,15,0.0524475524475524,0.0369458128078818,"GO:0001558","GO:BP","regulation of cell growth",21026,346
"62","darkturquoise",TRUE,0.0305181383621395,134,286,8,0.027972027972028,0.0597014925373134,"GO:0006354","GO:BP","DNA-templated transcription elongation",21026,2123
"63","darkturquoise",TRUE,0.0305181383621395,406,286,15,0.0524475524475524,0.0369458128078818,"GO:0030162","GO:BP","regulation of proteolysis",21026,6657
"64","darkturquoise",TRUE,0.0305181383621395,2410,286,52,0.181818181818182,0.0215767634854772,"GO:0006793","GO:BP","phosphorus metabolic process",21026,2471
"65","darkturquoise",TRUE,0.0305181383621395,1040,286,28,0.0979020979020979,0.0269230769230769,"GO:0009894","GO:BP","regulation of catabolic process",21026,3739
"66","darkturquoise",TRUE,0.0318126681133929,245,286,11,0.0384615384615385,0.0448979591836735,"GO:0001933","GO:BP","negative regulation of protein phosphorylation",21026,545
"67","darkturquoise",TRUE,0.0318126681133929,1830,286,42,0.146853146853147,0.0229508196721311,"GO:0033554","GO:BP","cellular response to stress",21026,8226
"68","darkturquoise",TRUE,0.0335247227749563,209,286,10,0.034965034965035,0.0478468899521531,"GO:0045732","GO:BP","positive regulation of protein catabolic process",21026,11411
"69","darkturquoise",TRUE,0.0335247227749563,287,286,12,0.041958041958042,0.0418118466898955,"GO:0043122","GO:BP","regulation of canonical NF-kappaB signal transduction",21026,10445
"70","darkturquoise",TRUE,0.0341506697095901,2433,286,52,0.181818181818182,0.0213727907932593,"GO:0051128","GO:BP","regulation of cellular component organization",21026,13332
"71","darkturquoise",TRUE,0.0365962417229442,1227,286,31,0.108391608391608,0.0252648736756316,"GO:0006468","GO:BP","protein phosphorylation",21026,2199
"72","darkturquoise",TRUE,0.0457277827983387,975,286,26,0.0909090909090909,0.0266666666666667,"GO:0070647","GO:BP","protein modification by small protein conjugation or removal",21026,16003
"73","darkturquoise",TRUE,0.0463295576776713,55,286,5,0.0174825174825175,0.0909090909090909,"GO:0046902","GO:BP","regulation of mitochondrial membrane permeability",21026,12262
"74","darkturquoise",TRUE,0.0463295576776713,260,286,11,0.0384615384615385,0.0423076923076923,"GO:0042326","GO:BP","negative regulation of phosphorylation",21026,10001
"75","darkturquoise",TRUE,0.0463295576776713,113,286,7,0.0244755244755245,0.0619469026548673,"GO:1901800","GO:BP","positive regulation of proteasomal protein catabolic process",21026,21462
"76","darkturquoise",TRUE,0.0496655343005842,15,286,3,0.0104895104895105,0.2,"GO:1900226","GO:BP","negative regulation of NLRP3 inflammasome complex assembly",21026,20234
"77","darkturquoise",TRUE,0.0496655343005842,84,286,6,0.020979020979021,0.0714285714285714,"GO:1900542","GO:BP","regulation of purine nucleotide metabolic process",21026,20457
"78","darkturquoise",TRUE,7.38828468095348e-10,12527,306,232,0.758169934640523,0.0185199968068971,"GO:0005737","GO:CC","cytoplasm",22149,304
"79","darkturquoise",TRUE,0.000450216606854166,4255,306,92,0.300653594771242,0.0216216216216216,"GO:0005654","GO:CC","nucleoplasm",22149,247
"80","darkturquoise",TRUE,0.000450216606854166,5534,306,113,0.369281045751634,0.0204192265992049,"GO:0005829","GO:CC","cytosol",22149,367
"81","darkturquoise",TRUE,0.000450216606854166,1844,306,50,0.163398692810458,0.027114967462039,"GO:0005739","GO:CC","mitochondrion",22149,305
"82","darkturquoise",TRUE,0.00168756964751246,17944,306,275,0.898692810457516,0.0153254569772626,"GO:0005622","GO:CC","intracellular anatomical structure",22149,232
"83","darkturquoise",TRUE,0.00196644724932133,25,306,5,0.0163398692810458,0.2,"GO:0030686","GO:CC","90S preribosome",22149,943
"84","darkturquoise",TRUE,0.00620249099351042,6695,306,123,0.401960784313726,0.0183719193427931,"GO:0031974","GO:CC","membrane-enclosed lumen",22149,1193
"85","darkturquoise",TRUE,0.00620249099351042,1329,306,36,0.117647058823529,0.0270880361173815,"GO:0031967","GO:CC","organelle envelope",22149,1187
"86","darkturquoise",TRUE,0.00620249099351042,6695,306,123,0.401960784313726,0.0183719193427931,"GO:0043233","GO:CC","organelle lumen",22149,1847
"87","darkturquoise",TRUE,0.00620249099351042,790,306,25,0.0816993464052288,0.0316455696202532,"GO:0031966","GO:CC","mitochondrial membrane",22149,1186
"88","darkturquoise",TRUE,0.00620249099351042,6695,306,123,0.401960784313726,0.0183719193427931,"GO:0070013","GO:CC","intracellular organelle lumen",22149,2334
"89","darkturquoise",TRUE,0.0108767625323708,14727,306,232,0.758169934640523,0.0157533781489781,"GO:0043231","GO:CC","intracellular membrane-bounded organelle",22149,1845
"90","darkturquoise",TRUE,0.0125276833361144,840,306,25,0.0816993464052288,0.0297619047619048,"GO:0005740","GO:CC","mitochondrial envelope",22149,306
"91","darkturquoise",TRUE,0.0135201141411466,3842,306,77,0.251633986928105,0.0200416449765747,"GO:0031090","GO:CC","organelle membrane",22149,1017
"92","darkturquoise",TRUE,0.015830920953086,15780,306,244,0.797385620915033,0.0154626108998733,"GO:0043227","GO:CC","membrane-bounded organelle",22149,1841
"93","darkturquoise",TRUE,0.0187232514141901,12,306,3,0.00980392156862745,0.25,"GO:0038201","GO:CC","TOR complex",22149,1702
"94","darkturquoise",TRUE,0.0190286718117015,3,306,2,0.0065359477124183,0.666666666666667,"GO:0030689","GO:CC","Noc complex",22149,946
"95","darkturquoise",TRUE,0.0197371744062478,886,306,25,0.0816993464052288,0.0282167042889391,"GO:0005815","GO:CC","microtubule organizing center",22149,355
"96","darkturquoise",TRUE,0.0214874852886249,946,306,26,0.0849673202614379,0.0274841437632135,"GO:0140535","GO:CC","intracellular protein-containing complex",22149,3498
"97","darkturquoise",TRUE,0.022780173425381,1436,306,35,0.11437908496732,0.0243732590529248,"GO:0015630","GO:CC","microtubule cytoskeleton",22149,687
"98","darkturquoise",TRUE,0.0231237522686711,14,306,3,0.00980392156862745,0.214285714285714,"GO:0005652","GO:CC","nuclear lamina",22149,246
"99","darkturquoise",TRUE,0.0231861902520381,179,306,9,0.0294117647058824,0.0502793296089385,"GO:0043197","GO:CC","dendritic spine",22149,1829
"100","darkturquoise",TRUE,0.0256424410208493,183,306,9,0.0294117647058824,0.0491803278688525,"GO:0044309","GO:CC","neuron spine",22149,2024
"101","darkturquoise",TRUE,0.0256424410208493,4,306,2,0.0065359477124183,0.5,"GO:0043625","GO:CC","delta DNA polymerase complex",22149,1896
"102","darkturquoise",TRUE,0.0256424410208493,4,306,2,0.0065359477124183,0.5,"GO:0032021","GO:CC","NELF complex",22149,1208
"103","darkturquoise",TRUE,0.0321928324091994,5540,306,100,0.326797385620915,0.0180505415162455,"GO:0031981","GO:CC","nuclear lumen",22149,1198
"104","darkturquoise",TRUE,0.0392103613576414,5,306,2,0.0065359477124183,0.4,"GO:0005638","GO:CC","lamin filament",22149,241
"105","darkturquoise",TRUE,0.0430387054944898,4872,306,89,0.290849673202614,0.0182676518883415,"GO:0012505","GO:CC","endomembrane system",22149,666
"106","darkturquoise",TRUE,0.0458543959342741,1083,306,27,0.0882352941176471,0.0249307479224377,"GO:0005768","GO:CC","endosome",22149,323
"107","darkturquoise",TRUE,1.61905020763539e-08,15123,310,278,0.896774193548387,0.0183825960457581,"GO:0005515","GO:MF","protein binding",20246,1462
"108","darkturquoise",TRUE,0.0137872987654323,18498,310,301,0.970967741935484,0.0162720294085847,"GO:0005488","GO:MF","binding",20246,1450
"109","darkturquoise",TRUE,8.23450036798806e-13,6284,206,171,0.830097087378641,0.0272119669000637,"HPA:0290000","HPA","Liver",10995,436
"110","darkturquoise",TRUE,2.41136794911869e-12,6983,206,180,0.87378640776699,0.0257768867249033,"HPA:0130051","HPA","Colon; glandular cells[≥Low]",10995,231
"111","darkturquoise",TRUE,2.93898468127716e-11,8216,206,194,0.941747572815534,0.0236124634858812,"HPA:0270000","HPA","Kidney",10995,407
"112","darkturquoise",TRUE,3.85966435785927e-11,6058,206,163,0.79126213592233,0.0269065698250248,"HPA:0480052","HPA","Small intestine; glandular cells[≥Medium]",10995,754
"113","darkturquoise",TRUE,3.85966435785927e-11,7093,206,179,0.868932038834951,0.0252361483152404,"HPA:0150051","HPA","Duodenum; glandular cells[≥Low]",10995,272
"114","darkturquoise",TRUE,4.27164159374929e-11,7286,206,181,0.878640776699029,0.0248421630524293,"HPA:0610831","HPA","Urinary bladder; urothelial cells[≥Low]",10995,868
"115","darkturquoise",TRUE,4.27164159374929e-11,7286,206,181,0.878640776699029,0.0248421630524293,"HPA:0610000","HPA","Urinary bladder",10995,867
"116","darkturquoise",TRUE,4.27164159374929e-11,7643,206,186,0.902912621359223,0.0243359937197436,"HPA:0220051","HPA","Gallbladder; glandular cells[≥Low]",10995,361
"117","darkturquoise",TRUE,4.27164159374929e-11,5738,206,157,0.762135922330097,0.0273614499825723,"HPA:0290401","HPA","Liver; hepatocytes[≥Low]",10995,440
"118","darkturquoise",TRUE,4.27164159374929e-11,7643,206,186,0.902912621359223,0.0243359937197436,"HPA:0220000","HPA","Gallbladder",10995,360
"119","darkturquoise",TRUE,8.24617072376193e-11,7050,206,177,0.859223300970874,0.0251063829787234,"HPA:0400051","HPA","Rectum; glandular cells[≥Low]",10995,577
"120","darkturquoise",TRUE,8.80578236469493e-11,6095,206,162,0.786407766990291,0.0265791632485644,"HPA:0150052","HPA","Duodenum; glandular cells[≥Medium]",10995,273
"121","darkturquoise",TRUE,8.80578236469493e-11,6601,206,170,0.825242718446602,0.0257536736858052,"HPA:0220052","HPA","Gallbladder; glandular cells[≥Medium]",10995,362
"122","darkturquoise",TRUE,8.80578236469493e-11,7065,206,177,0.859223300970874,0.0250530785562633,"HPA:0480051","HPA","Small intestine; glandular cells[≥Low]",10995,753
"123","darkturquoise",TRUE,1.70347302598235e-10,7111,206,177,0.859223300970874,0.0248910139220925,"HPA:0590000","HPA","Thyroid gland",10995,853
"124","darkturquoise",TRUE,1.70347302598235e-10,7111,206,177,0.859223300970874,0.0248910139220925,"HPA:0590051","HPA","Thyroid gland; glandular cells[≥Low]",10995,854
"125","darkturquoise",TRUE,1.95844181188257e-10,8322,206,193,0.936893203883495,0.0231915404950733,"HPA:0130000","HPA","Colon",10995,212
"126","darkturquoise",TRUE,1.95844181188257e-10,6095,206,161,0.781553398058252,0.0264150943396226,"HPA:0400052","HPA","Rectum; glandular cells[≥Medium]",10995,578
"127","darkturquoise",TRUE,2.8088921318074e-10,7647,206,184,0.893203883495146,0.0240617235517196,"HPA:0540000","HPA","Stomach 1",10995,797
"128","darkturquoise",TRUE,2.8088921318074e-10,7647,206,184,0.893203883495146,0.0240617235517196,"HPA:0540051","HPA","Stomach 1; glandular cells[≥Low]",10995,798
"129","darkturquoise",TRUE,3.38131318117027e-10,7884,206,187,0.907766990291262,0.0237189244038559,"HPA:0150000","HPA","Duodenum",10995,256
"130","darkturquoise",TRUE,6.33959400477348e-10,5814,206,155,0.752427184466019,0.0266597867217062,"HPA:0270362","HPA","Kidney; cells in tubules[≥Medium]",10995,415
"131","darkturquoise",TRUE,8.01867128102645e-10,7862,206,186,0.902912621359223,0.0236581022640549,"HPA:0480000","HPA","Small intestine",10995,740
"132","darkturquoise",TRUE,1.07914265432761e-09,6271,206,162,0.786407766990291,0.0258332004464998,"HPA:0550052","HPA","Stomach 2; glandular cells[≥Medium]",10995,803
"133","darkturquoise",TRUE,1.65729115992186e-09,6738,206,169,0.820388349514563,0.0250816265954289,"HPA:0030051","HPA","Appendix; glandular cells[≥Low]",10995,38
"134","darkturquoise",TRUE,1.84083480725767e-09,7007,206,173,0.839805825242718,0.0246895961181675,"HPA:0270361","HPA","Kidney; cells in tubules[≥Low]",10995,414
"135","darkturquoise",TRUE,2.91507976363743e-09,5975,206,156,0.757281553398058,0.0261087866108787,"HPA:0130052","HPA","Colon; glandular cells[≥Medium]",10995,232
"136","darkturquoise",TRUE,3.39068018635698e-09,7322,206,177,0.859223300970874,0.0241737230264955,"HPA:0180000","HPA","Epididymis",10995,320
"137","darkturquoise",TRUE,3.39068018635698e-09,7322,206,177,0.859223300970874,0.0241737230264955,"HPA:0180051","HPA","Epididymis; glandular cells[≥Low]",10995,321
"138","darkturquoise",TRUE,3.39068018635698e-09,7957,206,186,0.902912621359223,0.0233756440869675,"HPA:0400000","HPA","Rectum",10995,558
"139","darkturquoise",TRUE,3.39068018635698e-09,7187,206,175,0.849514563106796,0.0243495199666064,"HPA:0320000","HPA","Nasopharynx",10995,466
"140","darkturquoise",TRUE,3.87188965596771e-09,7404,206,178,0.864077669902913,0.0240410588870881,"HPA:0020000","HPA","Adrenal gland",10995,6
"141","darkturquoise",TRUE,3.87188965596771e-09,6246,206,160,0.776699029126214,0.0256163944924752,"HPA:0330000","HPA","Oral mucosa",10995,488
"142","darkturquoise",TRUE,3.87188965596771e-09,6246,206,160,0.776699029126214,0.0256163944924752,"HPA:0330221","HPA","Oral mucosa; squamous epithelial cells[≥Low]",10995,489
"143","darkturquoise",TRUE,5.47214706249295e-09,5678,206,150,0.728155339805825,0.0264177527298344,"HPA:0470681","HPA","Skin 2; epidermal cells[≥Low]",10995,713
"144","darkturquoise",TRUE,6.63618421292441e-09,7170,206,174,0.844660194174757,0.0242677824267782,"HPA:0050000","HPA","Breast",10995,54
"145","darkturquoise",TRUE,7.71619226665431e-09,6666,206,166,0.805825242718447,0.0249024902490249,"HPA:0190000","HPA","Esophagus",10995,324
"146","darkturquoise",TRUE,7.71619226665431e-09,6666,206,166,0.805825242718447,0.0249024902490249,"HPA:0190221","HPA","Esophagus; squamous epithelial cells[≥Low]",10995,325
"147","darkturquoise",TRUE,9.28679997039667e-09,7397,206,177,0.859223300970874,0.0239286197106935,"HPA:0020051","HPA","Adrenal gland; glandular cells[≥Low]",10995,16
"148","darkturquoise",TRUE,1.18822759211788e-08,6888,206,169,0.820388349514563,0.0245354239256678,"HPA:0420051","HPA","Salivary gland; glandular cells[≥Low]",10995,615
"149","darkturquoise",TRUE,1.18822759211788e-08,6888,206,169,0.820388349514563,0.0245354239256678,"HPA:0420000","HPA","Salivary gland",10995,614
"150","darkturquoise",TRUE,1.61676211439951e-08,6348,206,160,0.776699029126214,0.0252047889098929,"HPA:0380521","HPA","Placenta; trophoblastic cells[≥Low]",10995,551
"151","darkturquoise",TRUE,2.17286291785926e-08,6929,206,169,0.820388349514563,0.024390243902439,"HPA:0350471","HPA","Pancreas; exocrine glandular cells[≥Low]",10995,515
"152","darkturquoise",TRUE,2.1845610882527e-08,5493,206,145,0.703883495145631,0.0263972328417987,"HPA:0030052","HPA","Appendix; glandular cells[≥Medium]",10995,39
"153","darkturquoise",TRUE,2.64605710324045e-08,7817,206,182,0.883495145631068,0.0232825892286043,"HPA:0030000","HPA","Appendix",10995,22
"154","darkturquoise",TRUE,5.18160552153534e-08,6799,206,166,0.805825242718447,0.024415355199294,"HPA:0050051","HPA","Breast; glandular cells[≥Low]",10995,58
"155","darkturquoise",TRUE,5.97304175022084e-08,7391,206,175,0.849514563106796,0.0236774455418753,"HPA:0350000","HPA","Pancreas",10995,514
"156","darkturquoise",TRUE,7.23866079129314e-08,6637,206,163,0.79126213592233,0.0245592888353172,"HPA:0600221","HPA","Tonsil; squamous epithelial cells[≥Low]",10995,864
"157","darkturquoise",TRUE,7.66183432771099e-08,7020,206,169,0.820388349514563,0.0240740740740741,"HPA:0470000","HPA","Skin 2",10995,691
"158","darkturquoise",TRUE,7.66183432771099e-08,6339,206,158,0.766990291262136,0.0249250670452753,"HPA:0540052","HPA","Stomach 1; glandular cells[≥Medium]",10995,799
"159","darkturquoise",TRUE,8.0187056366093e-08,5757,206,148,0.718446601941748,0.0257078339412889,"HPA:0320101","HPA","Nasopharynx; respiratory epithelial cells[≥Low]",10995,485
"160","darkturquoise",TRUE,9.67842908229142e-08,6911,206,167,0.810679611650485,0.0241643756330488,"HPA:0630000","HPA","Cervix",10995,201
"161","darkturquoise",TRUE,9.9270469077549e-08,6005,206,152,0.737864077669903,0.0253122398001665,"HPA:0020052","HPA","Adrenal gland; glandular cells[≥Medium]",10995,17
"162","darkturquoise",TRUE,9.9766156791433e-08,7500,206,176,0.854368932038835,0.0234666666666667,"HPA:0380000","HPA","Placenta",10995,532
"163","darkturquoise",TRUE,1.34387967579896e-07,7454,206,175,0.849514563106796,0.0234773276093373,"HPA:0210000","HPA","Fallopian tube",10995,341
"164","darkturquoise",TRUE,1.64084829850529e-07,8088,206,184,0.893203883495146,0.0227497527200791,"HPA:0100000","HPA","Cerebral cortex",10995,182
"165","darkturquoise",TRUE,1.77320771938298e-07,5590,206,144,0.699029126213592,0.0257602862254025,"HPA:0590052","HPA","Thyroid gland; glandular cells[≥Medium]",10995,855
"166","darkturquoise",TRUE,1.84021720047648e-07,6712,206,163,0.79126213592233,0.024284862932062,"HPA:0170051","HPA","Endometrium 2; glandular cells[≥Low]",10995,317
"167","darkturquoise",TRUE,1.99359256529772e-07,6905,206,166,0.805825242718447,0.0240405503258508,"HPA:0170000","HPA","Endometrium 2",10995,313
"168","darkturquoise",TRUE,2.0796770123333e-07,5947,206,150,0.728155339805825,0.0252228014124769,"HPA:0610832","HPA","Urinary bladder; urothelial cells[≥Medium]",10995,869
"169","darkturquoise",TRUE,2.56201783351691e-07,7774,206,179,0.868932038834951,0.0230254695137638,"HPA:0600000","HPA","Tonsil",10995,857
"170","darkturquoise",TRUE,2.56201783351691e-07,5564,206,143,0.694174757281553,0.0257009345794393,"HPA:0090161","HPA","Cerebellum; Purkinje cells[≥Low]",10995,116
"171","darkturquoise",TRUE,2.7164445926704e-07,6806,206,164,0.796116504854369,0.0240963855421687,"HPA:0160051","HPA","Endometrium 1; glandular cells[≥Low]",10995,310
"172","darkturquoise",TRUE,3.32315504560315e-07,7592,206,176,0.854368932038835,0.0231822971548999,"HPA:0550051","HPA","Stomach 2; glandular cells[≥Low]",10995,802
"173","darkturquoise",TRUE,3.32315504560315e-07,7592,206,176,0.854368932038835,0.0231822971548999,"HPA:0550000","HPA","Stomach 2",10995,801
"174","darkturquoise",TRUE,3.4805111516414e-07,5147,206,135,0.655339805825243,0.0262288711870993,"HPA:0460661","HPA","Skin 1; keratinocytes[≥Low]",10995,673
"175","darkturquoise",TRUE,4.38755638497284e-07,6662,206,161,0.781553398058252,0.0241669168417893,"HPA:0390000","HPA","Prostate",10995,554
"176","darkturquoise",TRUE,4.38755638497284e-07,6662,206,161,0.781553398058252,0.0241669168417893,"HPA:0390051","HPA","Prostate; glandular cells[≥Low]",10995,555
"177","darkturquoise",TRUE,4.38755638497284e-07,5894,206,148,0.718446601941748,0.0251102816423482,"HPA:0440341","HPA","Skeletal muscle; myocytes[≥Low]",10995,623
"178","darkturquoise",TRUE,4.38755638497284e-07,5894,206,148,0.718446601941748,0.0251102816423482,"HPA:0440000","HPA","Skeletal muscle",10995,622
"179","darkturquoise",TRUE,6.38791029251185e-07,5981,206,149,0.723300970873786,0.0249122220364488,"HPA:0600431","HPA","Tonsil; germinal center cells[≥Low]",10995,858
"180","darkturquoise",TRUE,6.38791029251185e-07,6814,206,163,0.79126213592233,0.0239213384208981,"HPA:0430000","HPA","Seminal vesicle",10995,618
"181","darkturquoise",TRUE,6.38791029251185e-07,6814,206,163,0.79126213592233,0.0239213384208981,"HPA:0430051","HPA","Seminal vesicle; glandular cells[≥Low]",10995,619
"182","darkturquoise",TRUE,1.07852810622696e-06,5734,206,144,0.699029126213592,0.0251133589117544,"HPA:0210051","HPA","Fallopian tube; glandular cells[≥Low]",10995,354
"183","darkturquoise",TRUE,1.08724741158178e-06,7421,206,172,0.83495145631068,0.0231774693437542,"HPA:0060000","HPA","Bronchus",10995,64
"184","darkturquoise",TRUE,1.20870803896812e-06,4866,206,128,0.621359223300971,0.0263049732840115,"HPA:0420052","HPA","Salivary gland; glandular cells[≥Medium]",10995,616
"185","darkturquoise",TRUE,1.34074861376476e-06,5362,206,137,0.66504854368932,0.025550167847818,"HPA:0570732","HPA","Testis; Leydig cells[≥Medium]",10995,820
"186","darkturquoise",TRUE,1.68749118280328e-06,4627,206,123,0.597087378640777,0.0265830992003458,"HPA:0100201","HPA","Cerebral cortex; endothelial cells[≥Low]",10995,183
"187","darkturquoise",TRUE,2.34979654415401e-06,5683,206,142,0.689320388349515,0.024986802745029,"HPA:0630051","HPA","Cervix; glandular cells[≥Low]",10995,202
"188","darkturquoise",TRUE,2.42327317362608e-06,7228,206,168,0.815533980582524,0.0232429441062535,"HPA:0460000","HPA","Skin 1",10995,636
"189","darkturquoise",TRUE,2.47655653579483e-06,7043,206,165,0.800970873786408,0.0234275166832316,"HPA:0160000","HPA","Endometrium 1",10995,306
"190","darkturquoise",TRUE,3.15190407759327e-06,4728,206,124,0.601941747572815,0.0262267343485618,"HPA:0030071","HPA","Appendix; lymphoid tissue[≥Low]",10995,44
"191","darkturquoise",TRUE,3.66842669043425e-06,6768,206,160,0.776699029126214,0.0236406619385343,"HPA:0300411","HPA","Lung; macrophages[≥Low]",10995,456
"192","darkturquoise",TRUE,3.77563009517039e-06,5667,206,141,0.684466019417476,0.0248808893594494,"HPA:0130201","HPA","Colon; endothelial cells[≥Low]",10995,216
"193","darkturquoise",TRUE,3.79887233468342e-06,5446,206,137,0.66504854368932,0.0251560778553066,"HPA:0630221","HPA","Cervix; squamous epithelial cells[≥Low]",10995,205
"194","darkturquoise",TRUE,3.83157056137968e-06,5614,206,140,0.679611650485437,0.0249376558603491,"HPA:0351181","HPA","Pancreas; pancreatic endocrine cells[≥Low]",10995,518
"195","darkturquoise",TRUE,4.07140642022226e-06,5901,206,145,0.703883495145631,0.0245721064226402,"HPA:0060101","HPA","Bronchus; respiratory epithelial cells[≥Low]",10995,83
"196","darkturquoise",TRUE,6.1244979438116e-06,5991,206,146,0.70873786407767,0.0243698881655817,"HPA:0620000","HPA","Vagina",10995,871
"197","darkturquoise",TRUE,6.1244979438116e-06,5991,206,146,0.70873786407767,0.0243698881655817,"HPA:0620221","HPA","Vagina; squamous epithelial cells[≥Low]",10995,872
"198","darkturquoise",TRUE,7.37347569434827e-06,5227,206,132,0.640776699029126,0.0252534914865123,"HPA:0430052","HPA","Seminal vesicle; glandular cells[≥Medium]",10995,620
"199","darkturquoise",TRUE,1.09175248595591e-05,3702,206,102,0.495145631067961,0.0275526742301459,"HPA:0460672","HPA","Skin 1; melanocytes[≥Medium]",10995,683
"200","darkturquoise",TRUE,1.22319695770828e-05,4112,206,110,0.533980582524272,0.0267509727626459,"HPA:0080132","HPA","Caudate; neuronal cells[≥Medium]",10995,95
"201","darkturquoise",TRUE,1.29784297194701e-05,5884,206,143,0.694174757281553,0.0243031951053705,"HPA:0360000","HPA","Parathyroid gland",10995,521
"202","darkturquoise",TRUE,1.29784297194701e-05,5884,206,143,0.694174757281553,0.0243031951053705,"HPA:0360051","HPA","Parathyroid gland; glandular cells[≥Low]",10995,522
"203","darkturquoise",TRUE,1.50027017039145e-05,9012,206,192,0.932038834951456,0.0213049267643142,"HPA:0570000","HPA","Testis",10995,818
"204","darkturquoise",TRUE,1.54549680551854e-05,7134,206,164,0.796116504854369,0.0229885057471264,"HPA:0570731","HPA","Testis; Leydig cells[≥Low]",10995,819
"205","darkturquoise",TRUE,1.76444331591802e-05,6487,206,153,0.742718446601942,0.0235856328040697,"HPA:0040081","HPA","Bone marrow; hematopoietic cells[≥Low]",10995,51
"206","darkturquoise",TRUE,1.76444331591802e-05,6487,206,153,0.742718446601942,0.0235856328040697,"HPA:0040000","HPA","Bone marrow",10995,50
"207","darkturquoise",TRUE,1.83293625887461e-05,6317,206,150,0.728155339805825,0.0237454487889821,"HPA:0240000","HPA","Heart muscle",10995,377
"208","darkturquoise",TRUE,1.83293625887461e-05,6317,206,150,0.728155339805825,0.0237454487889821,"HPA:0241101","HPA","Heart muscle; cardiomyocytes[≥Low]",10995,378
"209","darkturquoise",TRUE,2.03023526577631e-05,2792,206,82,0.398058252427184,0.0293696275071633,"HPA:0500701","HPA","Soft tissue 1; peripheral nerve[≥Low]",10995,773
"210","darkturquoise",TRUE,2.35066810759584e-05,7358,206,167,0.810679611650485,0.0226963848871976,"HPA:0300000","HPA","Lung",10995,443
"211","darkturquoise",TRUE,2.35066810759584e-05,4740,206,121,0.587378640776699,0.0255274261603376,"HPA:0320102","HPA","Nasopharynx; respiratory epithelial cells[≥Medium]",10995,486
"212","darkturquoise",TRUE,2.43315305459145e-05,6518,206,153,0.742718446601942,0.0234734581159865,"HPA:0310000","HPA","Lymph node",10995,459
"213","darkturquoise",TRUE,2.57473181696751e-05,7182,206,164,0.796116504854369,0.0228348649401281,"HPA:0090000","HPA","Cerebellum",10995,103
"214","darkturquoise",TRUE,3.36176548860089e-05,4354,206,113,0.548543689320388,0.0259531465319247,"HPA:0330222","HPA","Oral mucosa; squamous epithelial cells[≥Medium]",10995,490
"215","darkturquoise",TRUE,3.4449445399682e-05,5147,206,128,0.621359223300971,0.0248688556440645,"HPA:0160052","HPA","Endometrium 1; glandular cells[≥Medium]",10995,311
"216","darkturquoise",TRUE,3.51287752086479e-05,4882,206,123,0.597087378640777,0.0251945923801721,"HPA:0170052","HPA","Endometrium 2; glandular cells[≥Medium]",10995,318
"217","darkturquoise",TRUE,3.74841304434035e-05,5427,206,133,0.645631067961165,0.0245070941588355,"HPA:0340000","HPA","Ovary",10995,492
"218","darkturquoise",TRUE,3.75725868856529e-05,5049,206,126,0.611650485436893,0.0249554367201426,"HPA:0310431","HPA","Lymph node; germinal center cells[≥Low]",10995,460
"219","darkturquoise",TRUE,3.81267963056877e-05,3960,206,105,0.509708737864078,0.0265151515151515,"HPA:0291161","HPA","Liver; cholangiocytes[≥Low]",10995,437
"220","darkturquoise",TRUE,3.89786797215782e-05,5161,206,128,0.621359223300971,0.0248013950784732,"HPA:0270351","HPA","Kidney; cells in glomeruli[≥Low]",10995,411
"221","darkturquoise",TRUE,4.6878601336781e-05,6697,206,155,0.752427184466019,0.0231446916529789,"HPA:0100131","HPA","Cerebral cortex; neuronal cells[≥Low]",10995,189
"222","darkturquoise",TRUE,6.17591911179431e-05,5040,206,125,0.606796116504854,0.0248015873015873,"HPA:0380522","HPA","Placenta; trophoblastic cells[≥Medium]",10995,552
"223","darkturquoise",TRUE,7.11665028526942e-05,5651,206,136,0.660194174757282,0.0240665368961246,"HPA:0050091","HPA","Breast; myoepithelial cells[≥Low]",10995,61
"224","darkturquoise",TRUE,7.17755017412134e-05,6214,206,146,0.70873786407767,0.0234953331187641,"HPA:0250131","HPA","Hippocampus; neuronal cells[≥Low]",10995,385
"225","darkturquoise",TRUE,9.22439831132109e-05,5292,206,129,0.62621359223301,0.0243764172335601,"HPA:0460671","HPA","Skin 1; melanocytes[≥Low]",10995,682
"226","darkturquoise",TRUE,9.90827443124315e-05,5030,206,124,0.601941747572815,0.0246520874751491,"HPA:0130241","HPA","Colon; peripheral nerve/ganglion[≥Low]",10995,240
"227","darkturquoise",TRUE,0.000102557724470722,5357,206,130,0.631067961165049,0.0242673137950345,"HPA:0500000","HPA","Soft tissue 1",10995,766
"228","darkturquoise",TRUE,0.000115051104221321,5098,206,125,0.606796116504854,0.0245194193801491,"HPA:0050052","HPA","Breast; glandular cells[≥Medium]",10995,59
"229","darkturquoise",TRUE,0.000118341040323777,4888,206,121,0.587378640776699,0.0247545008183306,"HPA:0300412","HPA","Lung; macrophages[≥Medium]",10995,457
"230","darkturquoise",TRUE,0.000170177516713255,6816,206,155,0.752427184466019,0.0227406103286385,"HPA:0250000","HPA","Hippocampus",10995,381
"231","darkturquoise",TRUE,0.000170968682334572,2489,206,72,0.349514563106796,0.0289272800321414,"HPA:0100202","HPA","Cerebral cortex; endothelial cells[≥Medium]",10995,184
"232","darkturquoise",TRUE,0.000195817341681235,4671,206,116,0.563106796116505,0.0248340826375508,"HPA:0210052","HPA","Fallopian tube; glandular cells[≥Medium]",10995,355
"233","darkturquoise",TRUE,0.000223598018247247,6152,206,143,0.694174757281553,0.0232444733420026,"HPA:0080131","HPA","Caudate; neuronal cells[≥Low]",10995,94
"234","darkturquoise",TRUE,0.000242504118242861,4072,206,104,0.504854368932039,0.0255402750491159,"HPA:0460651","HPA","Skin 1; fibroblasts[≥Low]",10995,664
"235","darkturquoise",TRUE,0.000257360576023186,4231,206,107,0.519417475728155,0.0252895296620184,"HPA:0500651","HPA","Soft tissue 1; fibroblasts[≥Low]",10995,770
"236","darkturquoise",TRUE,0.000300789275008995,5680,206,134,0.650485436893204,0.0235915492957746,"HPA:0180052","HPA","Epididymis; glandular cells[≥Medium]",10995,322
"237","darkturquoise",TRUE,0.000315363409491819,3744,206,97,0.470873786407767,0.0259081196581197,"HPA:0290402","HPA","Liver; hepatocytes[≥Medium]",10995,441
"238","darkturquoise",TRUE,0.000338919208074626,3952,206,101,0.490291262135922,0.0255566801619433,"HPA:0460641","HPA","Skin 1; Langerhans[≥Low]",10995,637
"239","darkturquoise",TRUE,0.000367417496574473,6952,206,156,0.757281553398058,0.022439585730725,"HPA:0080000","HPA","Caudate",10995,90
"240","darkturquoise",TRUE,0.000420316721885186,3622,206,94,0.456310679611651,0.0259525124240751,"HPA:0351182","HPA","Pancreas; pancreatic endocrine cells[≥Medium]",10995,519
"241","darkturquoise",TRUE,0.000420316721885186,4905,206,119,0.577669902912621,0.0242609582059123,"HPA:0060102","HPA","Bronchus; respiratory epithelial cells[≥Medium]",10995,84
"242","darkturquoise",TRUE,0.000423344264320383,4801,206,117,0.567961165048544,0.0243699229327223,"HPA:0390052","HPA","Prostate; glandular cells[≥Medium]",10995,556
"243","darkturquoise",TRUE,0.000438469739272775,6054,206,140,0.679611650485437,0.0231252064750578,"HPA:0310441","HPA","Lymph node; non-germinal center cells[≥Low]",10995,463
"244","darkturquoise",TRUE,0.000459248492504913,3582,206,93,0.451456310679612,0.025963149078727,"HPA:0380512","HPA","Placenta; decidual cells[≥Medium]",10995,537
"245","darkturquoise",TRUE,0.000530834686273029,5197,206,124,0.601941747572815,0.0238599191841447,"HPA:0510000","HPA","Soft tissue 2",10995,776
"246","darkturquoise",TRUE,0.000565392995169518,4937,206,119,0.577669902912621,0.0241037067044764,"HPA:0600222","HPA","Tonsil; squamous epithelial cells[≥Medium]",10995,865
"247","darkturquoise",TRUE,0.000618865308886806,3710,206,95,0.461165048543689,0.0256064690026954,"HPA:0130202","HPA","Colon; endothelial cells[≥Medium]",10995,217
"248","darkturquoise",TRUE,0.000634293930019635,4117,206,103,0.5,0.025018217148409,"HPA:0090162","HPA","Cerebellum; Purkinje cells[≥Medium]",10995,117
"249","darkturquoise",TRUE,0.000683100664102029,5441,206,128,0.621359223300971,0.0235250873001287,"HPA:0490000","HPA","Smooth muscle",10995,762
"250","darkturquoise",TRUE,0.000683100664102029,5441,206,128,0.621359223300971,0.0235250873001287,"HPA:0490691","HPA","Smooth muscle; smooth muscle cells[≥Low]",10995,763
"251","darkturquoise",TRUE,0.000702704260549525,3426,206,89,0.432038834951456,0.0259778166958552,"HPA:0130242","HPA","Colon; peripheral nerve/ganglion[≥Medium]",10995,241
"252","darkturquoise",TRUE,0.000738972360140275,3089,206,82,0.398058252427184,0.0265458077047588,"HPA:0570741","HPA","Testis; cells in seminiferous ducts[≥Low]",10995,822
"253","darkturquoise",TRUE,0.000741504504856712,4033,206,101,0.490291262135922,0.0250433920158691,"HPA:0630052","HPA","Cervix; glandular cells[≥Medium]",10995,203
"254","darkturquoise",TRUE,0.00081863833673583,2574,206,71,0.344660194174757,0.0275835275835276,"HPA:0400053","HPA","Rectum; glandular cells[High]",10995,579
"255","darkturquoise",TRUE,0.000822174153176654,4044,206,101,0.490291262135922,0.024975272007913,"HPA:0620222","HPA","Vagina; squamous epithelial cells[≥Medium]",10995,873
"256","darkturquoise",TRUE,0.000944937248888559,4007,206,100,0.485436893203884,0.0249563264287497,"HPA:0470682","HPA","Skin 2; epidermal cells[≥Medium]",10995,714
"257","darkturquoise",TRUE,0.000953853251634159,5049,206,120,0.58252427184466,0.023767082590612,"HPA:0190222","HPA","Esophagus; squamous epithelial cells[≥Medium]",10995,326
"258","darkturquoise",TRUE,0.00112599723670735,4076,206,101,0.490291262135922,0.0247791952894995,"HPA:0160251","HPA","Endometrium 1; cells in endometrial stroma[≥Low]",10995,307
"259","darkturquoise",TRUE,0.00119703686290423,3282,206,85,0.412621359223301,0.0258988421694089,"HPA:0460662","HPA","Skin 1; keratinocytes[≥Medium]",10995,674
"260","darkturquoise",TRUE,0.00134482243598046,4403,206,107,0.519417475728155,0.0243016125369067,"HPA:0360052","HPA","Parathyroid gland; glandular cells[≥Medium]",10995,523
"261","darkturquoise",TRUE,0.00144394944763742,4256,206,104,0.504854368932039,0.0244360902255639,"HPA:0040082","HPA","Bone marrow; hematopoietic cells[≥Medium]",10995,52
"262","darkturquoise",TRUE,0.00174891679648018,4122,206,101,0.490291262135922,0.0245026686074721,"HPA:0510651","HPA","Soft tissue 2; fibroblasts[≥Low]",10995,780
"263","darkturquoise",TRUE,0.00192014000673115,2415,206,66,0.320388349514563,0.0273291925465838,"HPA:0130053","HPA","Colon; glandular cells[High]",10995,233
"264","darkturquoise",TRUE,0.00192014000673115,3727,206,93,0.451456310679612,0.0249530453447813,"HPA:0630222","HPA","Cervix; squamous epithelial cells[≥Medium]",10995,206
"265","darkturquoise",TRUE,0.00221531739099474,4982,206,117,0.567961165048544,0.0234845443596949,"HPA:0100132","HPA","Cerebral cortex; neuronal cells[≥Medium]",10995,190
"266","darkturquoise",TRUE,0.00275925865831829,3514,206,88,0.427184466019417,0.0250426863972681,"HPA:0170251","HPA","Endometrium 2; cells in endometrial stroma[≥Low]",10995,314
"267","darkturquoise",TRUE,0.0030539160295815,2838,206,74,0.359223300970874,0.0260747004933051,"HPA:0460652","HPA","Skin 1; fibroblasts[≥Medium]",10995,665
"268","darkturquoise",TRUE,0.00306052440827974,4338,206,104,0.504854368932039,0.0239741816505302,"HPA:0530721","HPA","Spleen; cells in white pulp[≥Low]",10995,794
"269","darkturquoise",TRUE,0.0031581855390364,3983,206,97,0.470873786407767,0.0243535023851368,"HPA:0340461","HPA","Ovary; ovarian stroma cells[≥Low]",10995,508
"270","darkturquoise",TRUE,0.00323135123327291,5891,206,133,0.645631067961165,0.0225768120862332,"HPA:0530000","HPA","Spleen",10995,790
"271","darkturquoise",TRUE,0.00329051837031852,5296,206,122,0.592233009708738,0.023036253776435,"HPA:0350472","HPA","Pancreas; exocrine glandular cells[≥Medium]",10995,516
"272","darkturquoise",TRUE,0.00477686990754984,2547,206,67,0.325242718446602,0.0263054574008638,"HPA:0480053","HPA","Small intestine; glandular cells[High]",10995,755
"273","darkturquoise",TRUE,0.00508933944496576,3783,206,92,0.446601941747573,0.0243193232883955,"HPA:0440342","HPA","Skeletal muscle; myocytes[≥Medium]",10995,624
"274","darkturquoise",TRUE,0.00508933944496576,3086,206,78,0.378640776699029,0.0252754374594945,"HPA:0270352","HPA","Kidney; cells in glomeruli[≥Medium]",10995,412
"275","darkturquoise",TRUE,0.00512478147515488,2603,206,68,0.330097087378641,0.0261237034191318,"HPA:0150053","HPA","Duodenum; glandular cells[High]",10995,274
"276","darkturquoise",TRUE,0.00591293171355366,4834,206,112,0.543689320388349,0.0231692180388912,"HPA:0380511","HPA","Placenta; decidual cells[≥Low]",10995,536
"277","darkturquoise",TRUE,0.00678302712473444,2631,206,68,0.330097087378641,0.0258456860509312,"HPA:0460642","HPA","Skin 1; Langerhans[≥Medium]",10995,638
"278","darkturquoise",TRUE,0.00793679777661243,3937,206,94,0.456310679611651,0.0238760477520955,"HPA:0010000","HPA","Adipose tissue",10995,2
"279","darkturquoise",TRUE,0.00793679777661243,3937,206,94,0.456310679611651,0.0238760477520955,"HPA:0010011","HPA","Adipose tissue; adipocytes[≥Low]",10995,3
"280","darkturquoise",TRUE,0.00800133793110756,3484,206,85,0.412621359223301,0.0243972445464983,"HPA:0301171","HPA","Lung; alveolar cells[≥Low]",10995,444
"281","darkturquoise",TRUE,0.0119888991300418,2355,206,61,0.296116504854369,0.0259023354564756,"HPA:0570742","HPA","Testis; cells in seminiferous ducts[≥Medium]",10995,823
"282","darkturquoise",TRUE,0.0119888991300418,4451,206,103,0.5,0.0231408672208492,"HPA:0090191","HPA","Cerebellum; cells in molecular layer[≥Low]",10995,134
"283","darkturquoise",TRUE,0.0124327521428108,6115,206,134,0.650485436893204,0.0219133278822567,"HPA:0600441","HPA","Tonsil; non-germinal center cells[≥Low]",10995,861
"284","darkturquoise",TRUE,0.0125586086304128,293,206,13,0.0631067961165049,0.0443686006825939,"HPA:0300203","HPA","Lung; endothelial cells[High]",10995,455
"285","darkturquoise",TRUE,0.0137508692277487,3298,206,80,0.388349514563107,0.0242571255306246,"HPA:0310432","HPA","Lymph node; germinal center cells[≥Medium]",10995,461
"286","darkturquoise",TRUE,0.0144715949738804,2186,206,57,0.276699029126214,0.0260750228728271,"HPA:0500111","HPA","Soft tissue 1; chondrocytes[≥Low]",10995,767
"287","darkturquoise",TRUE,0.014821291146543,2427,206,62,0.300970873786408,0.0255459414915534,"HPA:0550053","HPA","Stomach 2; glandular cells[High]",10995,804
"288","darkturquoise",TRUE,0.016404094722766,2777,206,69,0.33495145631068,0.0248469571480014,"HPA:0050011","HPA","Breast; adipocytes[≥Low]",10995,55
"289","darkturquoise",TRUE,0.0169646912314175,4919,206,111,0.538834951456311,0.0225655621061191,"HPA:0100121","HPA","Cerebral cortex; glial cells[≥Low]",10995,186
"290","darkturquoise",TRUE,0.0220176516454136,4222,206,97,0.470873786407767,0.0229748934154429,"HPA:0250132","HPA","Hippocampus; neuronal cells[≥Medium]",10995,386
"291","darkturquoise",TRUE,0.0226939262761857,5332,206,118,0.572815533980582,0.0221305326331583,"HPA:0530711","HPA","Spleen; cells in red pulp[≥Low]",10995,791
"292","darkturquoise",TRUE,0.0226939262761857,4539,206,103,0.5,0.0226922229565984,"HPA:0090181","HPA","Cerebellum; cells in granular layer[≥Low]",10995,131
"293","darkturquoise",TRUE,0.0235275385091699,3771,206,88,0.427184466019417,0.0233359851498276,"HPA:0050092","HPA","Breast; myoepithelial cells[≥Medium]",10995,62
"294","darkturquoise",TRUE,0.02461105460364,3123,206,75,0.364077669902913,0.0240153698366955,"HPA:0490692","HPA","Smooth muscle; smooth muscle cells[≥Medium]",10995,764
"295","darkturquoise",TRUE,0.0302102293119099,724,206,23,0.111650485436893,0.031767955801105,"HPA:0570771","HPA","Testis; peritubular cells[≥Low]",10995,831
"296","darkturquoise",TRUE,0.0307428364349261,1656,206,44,0.213592233009709,0.0265700483091787,"HPA:0210053","HPA","Fallopian tube; glandular cells[High]",10995,356
"297","darkturquoise",TRUE,0.033222190735578,526,206,18,0.087378640776699,0.0342205323193916,"HPA:0570772","HPA","Testis; peritubular cells[≥Medium]",10995,832
"298","darkturquoise",TRUE,0.0352782329160081,2724,206,66,0.320388349514563,0.0242290748898678,"HPA:0500652","HPA","Soft tissue 1; fibroblasts[≥Medium]",10995,771
"299","darkturquoise",TRUE,0.038852186956496,4098,206,93,0.451456310679612,0.0226939970717423,"HPA:0600432","HPA","Tonsil; germinal center cells[≥Medium]",10995,859
"300","darkturquoise",TRUE,0.0400306894301866,2988,206,71,0.344660194174757,0.0237617135207497,"HPA:0030072","HPA","Appendix; lymphoid tissue[≥Medium]",10995,45
"301","darkturquoise",TRUE,0.0446460606561876,3303,206,77,0.37378640776699,0.023312140478353,"HPA:0340451","HPA","Ovary; follicle cells[≥Low]",10995,499
"302","darkturquoise",TRUE,0.046543246423775,506,206,17,0.0825242718446602,0.033596837944664,"HPA:0301363","HPA","Lung; alveolar cells type I[High]",10995,449
"303","darkturquoise",TRUE,0.0399069228184702,21,120,4,0.0333333333333333,0.19047619047619,"KEGG:00532","KEGG","Glycosaminoglycan biosynthesis - chondroitin sulfate / dermatan sulfate",8484,76
"304","darkturquoise",TRUE,0.0005911913596419,499,273,25,0.0915750915750916,0.0501002004008016,"MIRNA:hsa-mir-3180-3p","MIRNA","hsa-mir-3180-3p",16638,1293
"305","darkturquoise",TRUE,0.0005911913596419,499,273,25,0.0915750915750916,0.0501002004008016,"MIRNA:hsa-mir-3180","MIRNA","hsa-mir-3180",16638,2963
"306","darkturquoise",TRUE,0.0005911913596419,500,273,25,0.0915750915750916,0.05,"MIRNA:hsa-mir-3196","MIRNA","hsa-mir-3196",16638,783
"307","darkturquoise",TRUE,0.000753899886728688,703,273,30,0.10989010989011,0.042674253200569,"MIRNA:hsa-mir-1908","MIRNA","hsa-mir-1908",16638,3025
"308","darkturquoise",TRUE,0.000753899886728688,703,273,30,0.10989010989011,0.042674253200569,"MIRNA:hsa-mir-663","MIRNA","hsa-mir-663",16638,810
"309","darkturquoise",TRUE,0.00213402973723889,913,273,34,0.124542124542125,0.0372398685651698,"MIRNA:hsa-mir-4697-5p","MIRNA","hsa-mir-4697-5p",16638,663
"310","darkturquoise",TRUE,0.00213402973723889,913,273,34,0.124542124542125,0.0372398685651698,"MIRNA:hsa-mir-4488","MIRNA","hsa-mir-4488",16638,1316
"311","darkturquoise",TRUE,0.00236995017306348,83,273,9,0.032967032967033,0.108433734939759,"MIRNA:hsa-mir-3195","MIRNA","hsa-mir-3195",16638,2343
"312","darkturquoise",TRUE,0.00442693001038954,833,273,31,0.113553113553114,0.0372148859543818,"MIRNA:hsa-mir-296-5p","MIRNA","hsa-mir-296-5p",16638,869
"313","darkturquoise",TRUE,0.00536718489425848,389,273,19,0.0695970695970696,0.0488431876606684,"MIRNA:hsa-mir-4749-5p","MIRNA","hsa-mir-4749-5p",16638,1363
"314","darkturquoise",TRUE,0.00542184148562843,392,273,19,0.0695970695970696,0.048469387755102,"MIRNA:hsa-mir-4706","MIRNA","hsa-mir-4706",16638,671
"315","darkturquoise",TRUE,1.85662366606955e-36,6142,321,213,0.663551401869159,0.0346792575708238,"TF:M00196_1","TF","Factor: Sp1; motif: NGGGGGCGGGGYN; match class: 1",20092,8071
"316","darkturquoise",TRUE,1.94765715905946e-35,5135,321,192,0.598130841121495,0.0373904576436222,"TF:M12173_1","TF","Factor: GKLF; motif: NNCCMCRCCCN; match class: 1",20092,4739
"317","darkturquoise",TRUE,5.12054603752171e-35,4538,321,179,0.557632398753894,0.0394446892904363,"TF:M12666_1","TF","Factor: SP1; motif: GGCCCCGCCCCCN; match class: 1",20092,8061
"318","darkturquoise",TRUE,1.32034740881385e-33,4085,321,167,0.520249221183801,0.0408812729498164,"TF:M01588_1","TF","Factor: GKLF; motif: GCCMCRCCCNNN; match class: 1",20092,3285
"319","darkturquoise",TRUE,2.1978372681481e-33,4489,321,175,0.545171339563863,0.0389841835598129,"TF:M01783_1","TF","Factor: SP2; motif: GGGCGGGAC; match class: 1",20092,8075
"320","darkturquoise",TRUE,2.1978372681481e-33,6590,321,215,0.669781931464174,0.0326251896813354,"TF:M07395_1","TF","Factor: Sp1; motif: NGGGGCGGGGN; match class: 1",20092,8065
"321","darkturquoise",TRUE,1.38017689285292e-31,5760,321,197,0.613707165109034,0.0342013888888889,"TF:M13135","TF","Factor: SP4; motif: GGCCCCGCCCCCN",20092,8114
"322","darkturquoise",TRUE,2.50575389427527e-31,6225,321,205,0.638629283489097,0.0329317269076305,"TF:M03922","TF","Factor: SP4; motif: NWRGCCACGCCCMCTYN",20092,8108
"323","darkturquoise",TRUE,7.72697372005098e-31,7561,321,227,0.707165109034268,0.0300224837984394,"TF:M12152","TF","Factor: Sp1; motif: NWRGCCACGCCCMCN",20092,8058
"324","darkturquoise",TRUE,1.56673977032789e-30,8951,321,248,0.772585669781931,0.0277064015193833,"TF:M12666","TF","Factor: SP1; motif: GGCCCCGCCCCCN",20092,8060
"325","darkturquoise",TRUE,3.05730067230375e-30,2951,321,135,0.420560747663551,0.0457472043375127,"TF:M12152_1","TF","Factor: Sp1; motif: NWRGCCACGCCCMCN; match class: 1",20092,8059
"326","darkturquoise",TRUE,3.05730067230375e-30,4091,321,161,0.501557632398754,0.0393546810070887,"TF:M12186_1","TF","Factor: BTEB4; motif: NCCACGCCCM; match class: 1",20092,4715
"327","darkturquoise",TRUE,3.38489430246206e-30,9413,321,254,0.791277258566978,0.0269839583554658,"TF:M01783","TF","Factor: SP2; motif: GGGCGGGAC",20092,8074
"328","darkturquoise",TRUE,7.59555691938978e-30,6274,321,203,0.632398753894081,0.0323557539050048,"TF:M00932_1","TF","Factor: Sp1; motif: NNGGGGCGGGGNN; match class: 1",20092,8069
"329","darkturquoise",TRUE,1.35139545022316e-29,7959,321,231,0.719626168224299,0.029023746701847,"TF:M03567","TF","Factor: Sp2; motif: NYSGCCCCGCCCCCY",20092,8094
"330","darkturquoise",TRUE,1.42761194932707e-29,2292,321,117,0.364485981308411,0.0510471204188482,"TF:M13135_1","TF","Factor: SP4; motif: GGCCCCGCCCCCN; match class: 1",20092,8115
"331","darkturquoise",TRUE,1.45423475048859e-29,7968,321,231,0.719626168224299,0.0289909638554217,"TF:M09970","TF","Factor: KLF3; motif: NNNNNNGGGCGGGGCNNGN",20092,4724
"332","darkturquoise",TRUE,3.63970712248842e-29,6127,321,199,0.61993769470405,0.0324791904684185,"TF:M00931_1","TF","Factor: Sp1; motif: GGGGCGGGGC; match class: 1",20092,8073
"333","darkturquoise",TRUE,4.31973686928379e-29,7048,321,215,0.669781931464174,0.0305051078320091,"TF:M12151","TF","Factor: Sp1; motif: NWRGCCMCGCCCMCN",20092,8056
"334","darkturquoise",TRUE,5.48594844629891e-29,13560,321,302,0.940809968847352,0.0222713864306785,"TF:M11603_1","TF","Factor: TCF-1; motif: ACATCGRGRCGCTGW; match class: 1",20092,8633
"335","darkturquoise",TRUE,6.93242517998989e-29,10993,321,273,0.850467289719626,0.0248339852633494,"TF:M07395","TF","Factor: Sp1; motif: NGGGGCGGGGN",20092,8064
"336","darkturquoise",TRUE,5.66893385713318e-28,7714,321,224,0.697819314641745,0.029038112522686,"TF:M09765","TF","Factor: SP1; motif: NRGKGGGCGGGGCN",20092,8050
"337","darkturquoise",TRUE,5.66893385713318e-28,2628,321,123,0.383177570093458,0.0468036529680365,"TF:M12151_1","TF","Factor: Sp1; motif: NWRGCCMCGCCCMCN; match class: 1",20092,8057
"338","darkturquoise",TRUE,1.03908480136392e-27,4126,321,157,0.489096573208723,0.0380513814832768,"TF:M03893_1","TF","Factor: WT1; motif: GNGGGGGCGGGG; match class: 1",20092,9227
"339","darkturquoise",TRUE,1.10930254371181e-27,10304,321,262,0.81619937694704,0.0254270186335404,"TF:M12173","TF","Factor: GKLF; motif: NNCCMCRCCCN",20092,4738
"340","darkturquoise",TRUE,2.1712963064006e-27,6483,321,202,0.629283489096573,0.0311584143143606,"TF:M07129","TF","Factor: Sp2; motif: GYCCCGCCYCYNNNN",20092,8082
"341","darkturquoise",TRUE,2.22885921392233e-27,4157,321,157,0.489096573208723,0.0377676208804426,"TF:M09967","TF","Factor: AP-2rep; motif: NGGGGCGGGGC",20092,152
"342","darkturquoise",TRUE,3.33205679255146e-27,4754,321,169,0.526479750778816,0.0355490113588557,"TF:M01857_1","TF","Factor: AP-2alpha; motif: NGCCYSNNGSN; match class: 1",20092,139
"343","darkturquoise",TRUE,4.30028547255362e-27,9452,321,249,0.775700934579439,0.0263436309775709,"TF:M01857","TF","Factor: AP-2alpha; motif: NGCCYSNNGSN",20092,138
"344","darkturquoise",TRUE,7.40819778118298e-27,9690,321,252,0.785046728971963,0.0260061919504644,"TF:M02089_1","TF","Factor: E2F-3; motif: GGCGGGN; match class: 1",20092,1537
"345","darkturquoise",TRUE,7.92929976371917e-27,4791,321,169,0.526479750778816,0.0352744729701524,"TF:M10071_1","TF","Factor: Sp1; motif: NGGGGGCGGGGCCNGGGGGGGG; match class: 1",20092,8053
"346","darkturquoise",TRUE,8.69891481039564e-27,10721,321,266,0.828660436137072,0.0248111183658241,"TF:M00986_1","TF","Factor: Churchill; motif: CGGGNN; match class: 1",20092,855
"347","darkturquoise",TRUE,1.07345218469481e-26,10583,321,264,0.822429906542056,0.0249456675800813,"TF:M00196","TF","Factor: Sp1; motif: NGGGGGCGGGGYN",20092,8070
"348","darkturquoise",TRUE,1.11264429394685e-26,5369,321,180,0.560747663551402,0.0335257962376606,"TF:M07409","TF","Factor: BTEB2; motif: GCCCCRCCCH",20092,4744
"349","darkturquoise",TRUE,1.12281850295513e-26,8702,321,237,0.738317757009346,0.0272351183635946,"TF:M03807","TF","Factor: SP2; motif: GNNGGGGGCGGGGSN",20092,8096
"350","darkturquoise",TRUE,1.40306608153411e-26,8649,321,236,0.735202492211838,0.0272863914903457,"TF:M13127_1","TF","Factor: HA95; motif: CCSNSSCCNSCNCCWSCCNS; match class: 1",20092,3433
"351","darkturquoise",TRUE,1.57578568106654e-26,3910,321,150,0.467289719626168,0.0383631713554987,"TF:M09970_1","TF","Factor: KLF3; motif: NNNNNNGGGCGGGGCNNGN; match class: 1",20092,4725
"352","darkturquoise",TRUE,1.74037162128238e-26,10766,321,266,0.828660436137072,0.0247074122236671,"TF:M00932","TF","Factor: Sp1; motif: NNGGGGCGGGGNN",20092,8068
"353","darkturquoise",TRUE,1.91263771132501e-26,8800,321,238,0.741433021806854,0.0270454545454545,"TF:M04863_1","TF","Factor: TF3C-beta; motif: CCNGGAGGGCTTCCTGGAGGAG; match class: 1",20092,3427
"354","darkturquoise",TRUE,1.91263771132501e-26,10623,321,264,0.822429906542056,0.0248517367975148,"TF:M00931","TF","Factor: Sp1; motif: GGGGCGGGGC",20092,8072
"355","darkturquoise",TRUE,2.49760295688107e-26,4355,321,159,0.495327102803738,0.0365097588978186,"TF:M03807_1","TF","Factor: SP2; motif: GNNGGGGGCGGGGSN; match class: 1",20092,8097
"356","darkturquoise",TRUE,4.05544587975439e-26,7515,321,217,0.67601246105919,0.0288755821689953,"TF:M03920","TF","Factor: SP1; motif: RCCMCRCCCMC",20092,8044
"357","darkturquoise",TRUE,4.27851544280546e-26,9178,321,243,0.757009345794392,0.0264763565046851,"TF:M01588","TF","Factor: GKLF; motif: GCCMCRCCCNNN",20092,3284
"358","darkturquoise",TRUE,4.54855001694708e-26,14603,321,308,0.959501557632399,0.0210915565294802,"TF:M00986","TF","Factor: Churchill; motif: CGGGNN",20092,854
"359","darkturquoise",TRUE,1.01586278931585e-25,3132,321,131,0.40809968847352,0.0418263090676884,"TF:M03920_1","TF","Factor: SP1; motif: RCCMCRCCCMC; match class: 1",20092,8045
"360","darkturquoise",TRUE,4.27622662028075e-25,9851,321,251,0.781931464174455,0.0254796467363719,"TF:M04148_1","TF","Factor: TFAP2A; motif: NGCCCYNNGGGCN; match class: 1",20092,8783
"361","darkturquoise",TRUE,4.65044277433256e-25,8449,321,230,0.716510903426791,0.0272221564682211,"TF:M13124_1","TF","Factor: ZNF670; motif: SNGGGCRGRG; match class: 1",20092,11253
"362","darkturquoise",TRUE,5.26589153131292e-25,10292,321,257,0.800623052959502,0.0249708511465216,"TF:M04148","TF","Factor: TFAP2A; motif: NGCCCYNNGGGCN",20092,8782
"363","darkturquoise",TRUE,6.27522921030862e-25,10375,321,258,0.803738317757009,0.0248674698795181,"TF:M00008","TF","Factor: Sp1; motif: GGGGCGGGGT",20092,8038
"364","darkturquoise",TRUE,6.53609402849311e-25,10019,321,253,0.78816199376947,0.0252520211597964,"TF:M00933","TF","Factor: Sp1; motif: CCCCGCCCCN",20092,8062
"365","darkturquoise",TRUE,7.73625946993013e-25,2220,321,107,0.333333333333333,0.0481981981981982,"TF:M03922_1","TF","Factor: SP4; motif: NWRGCCACGCCCMCTYN; match class: 1",20092,8109
"366","darkturquoise",TRUE,9.61470514837329e-25,6392,321,195,0.607476635514019,0.0305068836045056,"TF:M12153","TF","Factor: Sp3; motif: NGCCACGCCCMCN",20092,8100
"367","darkturquoise",TRUE,1.60851897079158e-24,3447,321,136,0.423676012461059,0.0394545982013345,"TF:M09765_1","TF","Factor: SP1; motif: NRGKGGGCGGGGCN; match class: 1",20092,8051
"368","darkturquoise",TRUE,1.77023201621974e-24,8783,321,234,0.728971962616822,0.0266423773198224,"TF:M10071","TF","Factor: Sp1; motif: NGGGGGCGGGGCCNGGGGGGGG",20092,8052
"369","darkturquoise",TRUE,2.04655388680934e-24,3412,321,135,0.420560747663551,0.0395662368112544,"TF:M01273","TF","Factor: SP4; motif: SCCCCGCCCCS",20092,8118
"370","darkturquoise",TRUE,3.03267467009212e-24,9143,321,239,0.744548286604361,0.0261402165591163,"TF:M06948","TF","Factor: Sp2; motif: TGGGCGCGCCCA",20092,8080
"371","darkturquoise",TRUE,3.05383781078117e-24,5364,321,175,0.545171339563863,0.0326249067859806,"TF:M00933_1","TF","Factor: Sp1; motif: CCCCGCCCCN; match class: 1",20092,8063
"372","darkturquoise",TRUE,3.84892733512839e-24,7035,321,205,0.638629283489097,0.0291400142146411,"TF:M07615","TF","Factor: Sp3; motif: GGGGCGGGGSNN",20092,8106
"373","darkturquoise",TRUE,4.61167078255113e-24,14532,321,305,0.950155763239875,0.0209881640517479,"TF:M00716_1","TF","Factor: ZF5; motif: GSGCGCGR; match class: 1",20092,9475
"374","darkturquoise",TRUE,4.7192713544651e-24,7949,321,220,0.685358255451713,0.0276764372877091,"TF:M10435","TF","Factor: Sp2; motif: GGGGCGGGG",20092,8086
"375","darkturquoise",TRUE,4.7192713544651e-24,6473,321,195,0.607476635514019,0.0301251351768886,"TF:M07063","TF","Factor: Sp1; motif: GGGGCGGGGC",20092,8066
"376","darkturquoise",TRUE,8.59264022734134e-24,4746,321,162,0.504672897196262,0.034134007585335,"TF:M09969","TF","Factor: EKLF; motif: NGGGYGKGGCNNGG",20092,1728
"377","darkturquoise",TRUE,1.11153971479003e-23,14371,321,303,0.94392523364486,0.021084127757289,"TF:M09894_1","TF","Factor: E2F-4; motif: SNGGGCGGGAANN; match class: 1",20092,1551
"378","darkturquoise",TRUE,1.25382389391436e-23,14924,321,308,0.959501557632399,0.0206378986866792,"TF:M11529_1","TF","Factor: E2F-2; motif: GCGCGCGCNCS; match class: 1",20092,1507
"379","darkturquoise",TRUE,1.41602102107127e-23,3758,321,141,0.439252336448598,0.0375199574241618,"TF:M03567_1","TF","Factor: Sp2; motif: NYSGCCCCGCCCCCY; match class: 1",20092,8095
"380","darkturquoise",TRUE,1.84786559810201e-23,6205,321,189,0.588785046728972,0.0304593070104754,"TF:M09723_1","TF","Factor: BTEB1; motif: GGGGGCGGGGCNGSGGGNGS; match class: 1",20092,629
"381","darkturquoise",TRUE,2.70844838522883e-23,8358,321,225,0.700934579439252,0.0269203158650395,"TF:M12351_1","TF","Factor: TIEG1; motif: NCCCNSNCCCCGCCCCC; match class: 1",20092,9013
"382","darkturquoise",TRUE,2.70844838522883e-23,10892,321,262,0.81619937694704,0.024054351817848,"TF:M12722","TF","Factor: ZXDL; motif: GSGSCNNGGGMRGCNCCGGGS",20092,11990
"383","darkturquoise",TRUE,4.31494359582813e-23,10192,321,252,0.785046728971963,0.0247252747252747,"TF:M12597_1","TF","Factor: E2F1; motif: GSGCGGGAAN; match class: 1",20092,1483
"384","darkturquoise",TRUE,4.33915261136725e-23,8769,321,231,0.719626168224299,0.0263427984946972,"TF:M07277","TF","Factor: BTEB2; motif: RGGGNGKGGN",20092,640
"385","darkturquoise",TRUE,4.34333180650488e-23,11376,321,268,0.834890965732087,0.0235583684950774,"TF:M13147","TF","Factor: ZNF253; motif: SNGNSCGNGGNGCKGNN",20092,10040
"386","darkturquoise",TRUE,1.04705131838911e-22,1906,321,95,0.29595015576324,0.0498426023084995,"TF:M07409_1","TF","Factor: BTEB2; motif: GCCCCRCCCH; match class: 1",20092,4745
"387","darkturquoise",TRUE,1.43736900643974e-22,14521,321,303,0.94392523364486,0.0208663315198678,"TF:M09636_1","TF","Factor: MAZ; motif: GGGMGGGGSSGGGGGGGGGGGG; match class: 1",20092,5147
"388","darkturquoise",TRUE,1.50086340606547e-22,15421,321,311,0.968847352024922,0.0201673043252707,"TF:M08526_1","TF","Factor: E2F-3:HES-7; motif: NNNSGCGCSNNNNNCRCGYGNN; match class: 1",20092,1521
"389","darkturquoise",TRUE,2.39760408158611e-22,16106,321,316,0.984423676012461,0.0196200173848255,"TF:M12599_1","TF","Factor: E2F4; motif: YCCCGCCNCNNSSNNSNN; match class: 1",20092,1555
"390","darkturquoise",TRUE,2.63610249111118e-22,12609,321,282,0.878504672897196,0.0223649773970973,"TF:M12351","TF","Factor: TIEG1; motif: NCCCNSNCCCCGCCCCC",20092,9012
"391","darkturquoise",TRUE,3.07822222265383e-22,8557,321,226,0.70404984423676,0.0264111253944139,"TF:M03893","TF","Factor: WT1; motif: GNGGGGGCGGGG",20092,9226
"392","darkturquoise",TRUE,4.20589203071389e-22,11205,321,264,0.822429906542056,0.0235609103078983,"TF:M07206_1","TF","Factor: E2F-1; motif: NGGGCGGGARV; match class: 1",20092,1477
"393","darkturquoise",TRUE,4.42957832049302e-22,10401,321,253,0.78816199376947,0.0243245841745986,"TF:M13129","TF","Factor: RERE; motif: CNGCNSCNNGSRCRGSGSS",20092,7348
"394","darkturquoise",TRUE,6.12895764460614e-22,9382,321,238,0.741433021806854,0.0253677254316777,"TF:M12186","TF","Factor: BTEB4; motif: NCCACGCCCM",20092,4714
"395","darkturquoise",TRUE,8.64075035917687e-22,9741,321,243,0.757009345794392,0.0249461040960887,"TF:M09910","TF","Factor: ER-beta; motif: RGGTCASCNTGMCCY",20092,2166
"396","darkturquoise",TRUE,8.64075035917687e-22,6343,321,188,0.585669781931464,0.0296389720952231,"TF:M01973","TF","Factor: PLAG1; motif: CCCCCKWNNNGGSCCC",20092,6826
"397","darkturquoise",TRUE,1.21901299916795e-21,4467,321,152,0.473520249221184,0.034027311394672,"TF:M12156","TF","Factor: Sp2; motif: NTAAGYCCCGCCCMCTN",20092,8090
"398","darkturquoise",TRUE,1.24118173351232e-21,13581,321,292,0.909657320872274,0.0215006258743833,"TF:M02089","TF","Factor: E2F-3; motif: GGCGGGN",20092,1536
"399","darkturquoise",TRUE,1.24876086033694e-21,6817,321,196,0.610591900311526,0.0287516502860496,"TF:M13147_1","TF","Factor: ZNF253; motif: SNGNSCGNGGNGCKGNN; match class: 1",20092,10041
"400","darkturquoise",TRUE,1.94609662517452e-21,10926,321,259,0.806853582554517,0.0237049240344133,"TF:M00189","TF","Factor: AP-2; motif: MKCCCSCNGGCG",20092,158
"401","darkturquoise",TRUE,2.11493546670493e-21,10858,321,258,0.803738317757009,0.0237612820040523,"TF:M10072","TF","Factor: sp4; motif: NNGNARGRGGCGGRGCNNRR",20092,8110
"402","darkturquoise",TRUE,2.26544450227303e-21,7920,321,214,0.666666666666667,0.027020202020202,"TF:M13366","TF","Factor: ZBED4; motif: CCCGCYCCGC",20092,9310
"403","darkturquoise",TRUE,3.14631689763514e-21,6467,321,189,0.588785046728972,0.0292252976650688,"TF:M10072_1","TF","Factor: sp4; motif: NNGNARGRGGCGGRGCNNRR; match class: 1",20092,8111
"404","darkturquoise",TRUE,3.96143407017504e-21,13118,321,286,0.890965732087227,0.0218021039792651,"TF:M13124","TF","Factor: ZNF670; motif: SNGGGCRGRG",20092,11252
"405","darkturquoise",TRUE,4.3523300667657e-21,4328,321,148,0.461059190031153,0.0341959334565619,"TF:M07277_1","TF","Factor: BTEB2; motif: RGGGNGKGGN; match class: 1",20092,641
"406","darkturquoise",TRUE,5.15669263353011e-21,10337,321,250,0.778816199376947,0.0241849666247461,"TF:M09723","TF","Factor: BTEB1; motif: GGGGGCGGGGCNGSGGGNGS",20092,628
"407","darkturquoise",TRUE,6.07108953127178e-21,12719,321,281,0.875389408099688,0.0220929318342637,"TF:M11531_1","TF","Factor: E2F-2; motif: GCGCGCGCGYW; match class: 1",20092,1511
"408","darkturquoise",TRUE,6.47900181173356e-21,10071,321,246,0.766355140186916,0.0244265713434614,"TF:M02036","TF","Factor: WT1; motif: CGCCCCCNCN",20092,9224
"409","darkturquoise",TRUE,6.91981831222996e-21,1988,321,94,0.292834890965732,0.0472837022132797,"TF:M12153_1","TF","Factor: Sp3; motif: NGCCACGCCCMCN; match class: 1",20092,8101
"410","darkturquoise",TRUE,7.43965112920676e-21,15301,321,308,0.959501557632399,0.0201294033069734,"TF:M10438_1","TF","Factor: ZF5; motif: GGSGCGCGS; match class: 1",20092,9479
"411","darkturquoise",TRUE,1.01954285803275e-20,1029,321,66,0.205607476635514,0.0641399416909621,"TF:M12156_1","TF","Factor: Sp2; motif: NTAAGYCCCGCCCMCTN; match class: 1",20092,8091
"412","darkturquoise",TRUE,1.86067479257353e-20,4691,321,154,0.479750778816199,0.032828821146877,"TF:M00915_1","TF","Factor: AP-2; motif: SNNNCCNCAGGCN; match class: 1",20092,161
"413","darkturquoise",TRUE,2.03813576058676e-20,7619,321,207,0.644859813084112,0.0271689198057488,"TF:M07486_1","TF","Factor: ZNF300; motif: SWGGGGGSN; match class: 1",20092,10193
"414","darkturquoise",TRUE,2.257002406938e-20,4158,321,143,0.445482866043614,0.0343915343915344,"TF:M09910_1","TF","Factor: ER-beta; motif: RGGTCASCNTGMCCY; match class: 1",20092,2167
"415","darkturquoise",TRUE,2.48579144289069e-20,13676,321,291,0.906542056074766,0.0212781515062884,"TF:M11531","TF","Factor: E2F-2; motif: GCGCGCGCGYW",20092,1510
"416","darkturquoise",TRUE,2.60564317082102e-20,8883,321,227,0.707165109034268,0.025554429809749,"TF:M12600","TF","Factor: ELF1; motif: NNNASCCGGAAGTGGNNNN",20092,1764
"417","darkturquoise",TRUE,2.60564317082102e-20,9475,321,236,0.735202492211838,0.0249076517150396,"TF:M09892_1","TF","Factor: E2F-1; motif: NNNNGGCGGGAARN; match class: 1",20092,1479
"418","darkturquoise",TRUE,2.61658831100563e-20,5326,321,166,0.517133956386293,0.0311678558017274,"TF:M08867_1","TF","Factor: AP2; motif: GCCYGSGGSN; match class: 1",20092,157
"419","darkturquoise",TRUE,3.47767073521421e-20,5131,321,162,0.504672897196262,0.0315727928279088,"TF:M00008_1","TF","Factor: Sp1; motif: GGGGCGGGGT; match class: 1",20092,8039
"420","darkturquoise",TRUE,3.96299687621364e-20,9703,321,239,0.744548286604361,0.0246315572503349,"TF:M13144","TF","Factor: ZNF138; motif: GCAGCRSCNSGSNCMGSGCS",20092,9758
"421","darkturquoise",TRUE,4.05114244549277e-20,8463,321,220,0.685358255451713,0.0259955098664776,"TF:M10530","TF","Factor: sp4; motif: NNNGCYCCGCCCCCY",20092,8112
"422","darkturquoise",TRUE,4.76572609596494e-20,13104,321,284,0.884735202492212,0.0216727716727717,"TF:M08441_1","TF","Factor: AP-2gamma:Elk-1; motif: NGCCKNRGGSGRCGGAAGTG; match class: 1",20092,8815
"423","darkturquoise",TRUE,6.17036388119147e-20,9395,321,234,0.728971962616822,0.0249068653539117,"TF:M03876_1","TF","Factor: Kaiso; motif: GCMGGGRGCRGS; match class: 1",20092,4679
"424","darkturquoise",TRUE,8.59781512230741e-20,3930,321,137,0.426791277258567,0.0348600508905852,"TF:M10530_1","TF","Factor: sp4; motif: NNNGCYCCGCCCCCY; match class: 1",20092,8113
"425","darkturquoise",TRUE,1.0165182512816e-19,3655,321,131,0.40809968847352,0.0358413132694938,"TF:M10435_1","TF","Factor: Sp2; motif: GGGGCGGGG; match class: 1",20092,8087
"426","darkturquoise",TRUE,1.21006993172846e-19,6383,321,184,0.573208722741433,0.0288265705780981,"TF:M06948_1","TF","Factor: Sp2; motif: TGGGCGCGCCCA; match class: 1",20092,8081
"427","darkturquoise",TRUE,1.48346014400176e-19,8540,321,220,0.685358255451713,0.0257611241217799,"TF:M07226","TF","Factor: SP1; motif: NCCCCKCCCCC",20092,8048
"428","darkturquoise",TRUE,1.90751066652956e-19,6863,321,192,0.598130841121495,0.0279761037447181,"TF:M12722_1","TF","Factor: ZXDL; motif: GSGSCNNGGGMRGCNCCGGGS; match class: 1",20092,11991
"429","darkturquoise",TRUE,2.21821550190476e-19,8188,321,214,0.666666666666667,0.0261358085002443,"TF:M01303","TF","Factor: SP1; motif: GGGGYGGGGNS",20092,8040
"430","darkturquoise",TRUE,2.73762499685968e-19,5497,321,167,0.520249221183801,0.0303802073858468,"TF:M02036_1","TF","Factor: WT1; motif: CGCCCCCNCN; match class: 1",20092,9225
"431","darkturquoise",TRUE,3.15349061117252e-19,12804,321,279,0.869158878504673,0.0217900656044986,"TF:M00333_1","TF","Factor: ZF5; motif: NRNGNGCGCGCWN; match class: 1",20092,9487
"432","darkturquoise",TRUE,3.20354662831468e-19,6102,321,178,0.554517133956386,0.029170763684038,"TF:M12227_1","TF","Factor: ZIC4; motif: NNCCNCCCRYNGYGN; match class: 1",20092,9633
"433","darkturquoise",TRUE,3.30967842275592e-19,8089,321,212,0.660436137071651,0.0262084312028681,"TF:M00982","TF","Factor: KROX; motif: CCCGCCCCCRCCCC",20092,4766
"434","darkturquoise",TRUE,3.32419359505482e-19,16674,321,317,0.987538940809969,0.0190116348806525,"TF:M09636","TF","Factor: MAZ; motif: GGGMGGGGSSGGGGGGGGGGGG",20092,5146
"435","darkturquoise",TRUE,3.40523910709057e-19,14026,321,293,0.912772585669782,0.0208897761300442,"TF:M07039_1","TF","Factor: ETF; motif: CCCCGCCCCYN; match class: 1",20092,2223
"436","darkturquoise",TRUE,3.40523910709057e-19,7072,321,195,0.607476635514019,0.0275735294117647,"TF:M12183","TF","Factor: KLF14; motif: NRCCACRCCCMCN",20092,4692
"437","darkturquoise",TRUE,3.58722807655789e-19,5460,321,166,0.517133956386293,0.0304029304029304,"TF:M09658","TF","Factor: Sp2; motif: GGSNNGGGGGCGGGGCCNGNGS",20092,8084
"438","darkturquoise",TRUE,5.77243029496736e-19,14434,321,297,0.925233644859813,0.0205764167936816,"TF:M12597","TF","Factor: E2F1; motif: GSGCGGGAAN",20092,1482
"439","darkturquoise",TRUE,5.9331666847325e-19,13097,321,282,0.878504672897196,0.0215316484691151,"TF:M12160","TF","Factor: KLF15; motif: RCCMCRCCCMCN",20092,4704
"440","darkturquoise",TRUE,5.9331666847325e-19,7759,321,206,0.641744548286604,0.0265498131202475,"TF:M09746_1","TF","Factor: HNRPUL1; motif: NCNCAGN; match class: 1",20092,3783
"441","darkturquoise",TRUE,5.9331666847325e-19,12603,321,276,0.85981308411215,0.0218995477267317,"TF:M13127","TF","Factor: HA95; motif: CCSNSSCCNSCNCCWSCCNS",20092,3432
"442","darkturquoise",TRUE,5.99233628719704e-19,13972,321,292,0.909657320872274,0.0208989407386201,"TF:M04863","TF","Factor: TF3C-beta; motif: CCNGGAGGGCTTCCTGGAGGAG",20092,3426
"443","darkturquoise",TRUE,6.83087697916943e-19,16718,321,317,0.987538940809969,0.0189615982773059,"TF:M11529","TF","Factor: E2F-2; motif: GCGCGCGCNCS",20092,1506
"444","darkturquoise",TRUE,7.50855970622783e-19,15697,321,309,0.962616822429907,0.0196852901828375,"TF:M08525_1","TF","Factor: E2F-1:HES-7; motif: GGCRCGTGSYNNWNGGCGCSM; match class: 1",20092,1471
"445","darkturquoise",TRUE,8.1046013063853e-19,3017,321,115,0.358255451713396,0.0381173351010938,"TF:M07615_1","TF","Factor: Sp3; motif: GGGGCGGGGSNN; match class: 1",20092,8107
"446","darkturquoise",TRUE,9.80184465876598e-19,5728,321,170,0.529595015576324,0.0296787709497207,"TF:M05327","TF","Factor: WT1; motif: NGCGGGGGGGTSMMCYN",20092,9216
"447","darkturquoise",TRUE,9.83873243465613e-19,10321,321,245,0.763239875389408,0.0237380098827633,"TF:M02052","TF","Factor: EHF; motif: CSCGGAARTN",20092,1716
"448","darkturquoise",TRUE,1.0953043241188e-18,10751,321,251,0.781931464174455,0.023346665426472,"TF:M00695","TF","Factor: ETF; motif: GVGGMGG",20092,2220
"449","darkturquoise",TRUE,1.22869554369791e-18,2644,321,106,0.330218068535826,0.0400907715582451,"TF:M07063_1","TF","Factor: Sp1; motif: GGGGCGGGGC; match class: 1",20092,8067
"450","darkturquoise",TRUE,1.26669257749565e-18,7928,321,208,0.64797507788162,0.0262361251261352,"TF:M09826_1","TF","Factor: BTEB3; motif: CCNNSCCNSCCCCKCCCCC; match class: 1",20092,643
"451","darkturquoise",TRUE,1.37155331980384e-18,2522,321,103,0.320872274143302,0.0408406026962728,"TF:M07129_1","TF","Factor: Sp2; motif: GYCCCGCCYCYNNNN; match class: 1",20092,8083
"452","darkturquoise",TRUE,2.32511864135762e-18,16645,321,316,0.984423676012461,0.0189846800841093,"TF:M09894","TF","Factor: E2F-4; motif: SNGGGCGGGAANN",20092,1550
"453","darkturquoise",TRUE,2.57917506701458e-18,9367,321,230,0.716510903426791,0.0245542863243301,"TF:M12703","TF","Factor: ZNF383; motif: SSNGGGMGGNGSNGGS",20092,10408
"454","darkturquoise",TRUE,3.10744437207614e-18,5521,321,165,0.514018691588785,0.0298858902372759,"TF:M13144_1","TF","Factor: ZNF138; motif: GCAGCRSCNSGSNCMGSGCS; match class: 1",20092,9759
"455","darkturquoise",TRUE,3.38108396498496e-18,17527,321,321,1,0.018314600330918,"TF:M08525","TF","Factor: E2F-1:HES-7; motif: GGCRCGTGSYNNWNGGCGCSM",20092,1470
"456","darkturquoise",TRUE,3.67868513521022e-18,10337,321,244,0.7601246105919,0.0236045274257522,"TF:M08867","TF","Factor: AP2; motif: GCCYGSGGSN",20092,156
"457","darkturquoise",TRUE,3.91630210045008e-18,11342,321,258,0.803738317757009,0.0227473108799154,"TF:M12590","TF","Factor: CP2; motif: NRRRCCGGCYNRARCCGGNN",20092,8888
"458","darkturquoise",TRUE,4.43426984975736e-18,8313,321,213,0.663551401869159,0.0256225189462288,"TF:M12160_1","TF","Factor: KLF15; motif: RCCMCRCCCMCN; match class: 1",20092,4705
"459","darkturquoise",TRUE,4.67832267639288e-18,3730,321,129,0.401869158878505,0.0345844504021448,"TF:M12157","TF","Factor: KLF15; motif: RCCACGCCCCCC",20092,4698
"460","darkturquoise",TRUE,5.31254848981868e-18,1440,321,74,0.230529595015576,0.0513888888888889,"TF:M09967_1","TF","Factor: AP-2rep; motif: NGGGGCGGGGC; match class: 1",20092,153
"461","darkturquoise",TRUE,6.14005361994292e-18,6325,321,179,0.557632398753894,0.028300395256917,"TF:M09817_1","TF","Factor: PAX5; motif: RNGCGTGACCNN; match class: 1",20092,6583
"462","darkturquoise",TRUE,7.1533910105713e-18,5728,321,168,0.523364485981308,0.0293296089385475,"TF:M12728","TF","Factor: THAP7; motif: GNCGCCATSTTGRGNGKGGC",20092,8980
"463","darkturquoise",TRUE,7.83119061351639e-18,16718,321,316,0.984423676012461,0.0189017825098696,"TF:M11603","TF","Factor: TCF-1; motif: ACATCGRGRCGCTGW",20092,8632
"464","darkturquoise",TRUE,7.99665242579712e-18,14996,321,301,0.937694704049844,0.0200720192051214,"TF:M07206","TF","Factor: E2F-1; motif: NGGGCGGGARV",20092,1476
"465","darkturquoise",TRUE,7.99665242579712e-18,11763,321,263,0.819314641744548,0.022358241945082,"TF:M11882_1","TF","Factor: pax-6; motif: NYACGCNYSANYGMNCN; match class: 1",20092,6597
"466","darkturquoise",TRUE,9.07095446590442e-18,3250,321,118,0.367601246105919,0.0363076923076923,"TF:M01858_1","TF","Factor: AP-2beta; motif: GCNNNGGSCNGVGGGN; match class: 1",20092,141
"467","darkturquoise",TRUE,1.02596760307892e-17,10757,321,249,0.775700934579439,0.0231477177651762,"TF:M08205_1","TF","Factor: E2F-1:Elk-1; motif: SGCGCSNNAMCGGAAGT; match class: 1",20092,1465
"468","darkturquoise",TRUE,1.16800133179429e-17,11416,321,258,0.803738317757009,0.0225998598458304,"TF:M11601_1","TF","Factor: TCF-1; motif: ACATCGRGRCGCTGW; match class: 1",20092,8629
"469","darkturquoise",TRUE,1.47692094220839e-17,14002,321,290,0.903426791277259,0.0207113269532924,"TF:M03876","TF","Factor: Kaiso; motif: GCMGGGRGCRGS",20092,4678
"470","darkturquoise",TRUE,1.51480471566383e-17,10783,321,249,0.775700934579439,0.0230919039228415,"TF:M12158","TF","Factor: KLF15; motif: NCCMCGCCCMCN",20092,4700
"471","darkturquoise",TRUE,1.72060026035646e-17,10580,321,246,0.766355140186916,0.0232514177693762,"TF:M01104","TF","Factor: MOVO-B; motif: GNGGGGG",20092,5404
"472","darkturquoise",TRUE,1.81232275402487e-17,3650,321,126,0.392523364485981,0.0345205479452055,"TF:M00982_1","TF","Factor: KROX; motif: CCCGCCCCCRCCCC; match class: 1",20092,4767
"473","darkturquoise",TRUE,2.16489869290259e-17,5255,321,158,0.492211838006231,0.0300666032350143,"TF:M01660_1","TF","Factor: GABP-alpha; motif: CTTCCK; match class: 1",20092,2993
"474","darkturquoise",TRUE,2.56054952535046e-17,4097,321,135,0.420560747663551,0.0329509397119844,"TF:M10121","TF","Factor: ZFX; motif: SNAGGCCNCR",20092,9600
"475","darkturquoise",TRUE,2.56837987457267e-17,13603,321,285,0.88785046728972,0.0209512607513049,"TF:M01240_1","TF","Factor: BEN; motif: CAGCGRNV; match class: 1",20092,513
"476","darkturquoise",TRUE,2.59754229015279e-17,11397,321,257,0.800623052959502,0.0225497938053874,"TF:M12227","TF","Factor: ZIC4; motif: NNCCNCCCRYNGYGN",20092,9632
"477","darkturquoise",TRUE,2.64074079127905e-17,16523,321,314,0.978193146417445,0.0190038128669128,"TF:M00716","TF","Factor: ZF5; motif: GSGCGCGR",20092,9474
"478","darkturquoise",TRUE,3.12879280220294e-17,12550,321,272,0.847352024922118,0.0216733067729084,"TF:M04515_1","TF","Factor: E2F-1; motif: WWTGGCGCCAAA; match class: 1",20092,1473
"479","darkturquoise",TRUE,4.13553147933387e-17,13132,321,279,0.869158878504673,0.0212458117575388,"TF:M13128","TF","Factor: MED8; motif: CYYNSCYYCCTSCNCC",20092,5170
"480","darkturquoise",TRUE,4.2088110724234e-17,9684,321,232,0.722741433021807,0.0239570425444031,"TF:M00470","TF","Factor: AP-2gamma; motif: GCCYNNGGS",20092,142
"481","darkturquoise",TRUE,4.65732338942658e-17,4423,321,141,0.439252336448598,0.0318788152837441,"TF:M13141","TF","Factor: MAD5; motif: SSNSSSNSSSSGCCACGTGC",20092,5336
"482","darkturquoise",TRUE,4.73749363411535e-17,4984,321,152,0.473520249221184,0.0304975922953451,"TF:M11796_1","TF","Factor: NR1B1; motif: NRGGNCRTGACCTN; match class: 1",20092,7259
"483","darkturquoise",TRUE,5.04518615486115e-17,7914,321,204,0.635514018691589,0.0257771038665656,"TF:M04152","TF","Factor: TFAP2C; motif: NGCCCNNRGGCA",20092,8826
"484","darkturquoise",TRUE,7.17456073212213e-17,4697,321,146,0.454828660436137,0.0310836704279327,"TF:M09896_1","TF","Factor: E2F-7; motif: GRGGCGGGAANNN; match class: 1",20092,1571
"485","darkturquoise",TRUE,7.39494000312416e-17,8369,321,211,0.657320872274143,0.0252120922451906,"TF:M11424","TF","Factor: Erm; motif: NNSCGGAWGYN",20092,2110
"486","darkturquoise",TRUE,7.63704554270581e-17,7340,321,194,0.604361370716511,0.0264305177111717,"TF:M08208_1","TF","Factor: E2F-3:FOXI1; motif: NGACACCGCGCCCAC; match class: 1",20092,1517
"487","darkturquoise",TRUE,8.37698827620548e-17,7524,321,197,0.613707165109034,0.0261828814460393,"TF:M00245","TF","Factor: Egr-3; motif: NTGCGTGGGCGK",20092,1692
"488","darkturquoise",TRUE,8.42859334779361e-17,5759,321,166,0.517133956386293,0.0288244486890085,"TF:M00470_1","TF","Factor: AP-2gamma; motif: GCCYNNGGS; match class: 1",20092,143
"489","darkturquoise",TRUE,9.26856458816259e-17,10279,321,240,0.747663551401869,0.0233485747640821,"TF:M09896","TF","Factor: E2F-7; motif: GRGGCGGGAANNN",20092,1570
"490","darkturquoise",TRUE,9.5364758776945e-17,3727,321,126,0.392523364485981,0.0338073517574457,"TF:M07617","TF","Factor: Sp4; motif: SCCCCKCCCCCSN",20092,8116
"491","darkturquoise",TRUE,1.43925230111185e-16,8103,321,206,0.641744548286604,0.0254226829569295,"TF:M04823_1","TF","Factor: E2F-4; motif: NNTTCCCGCCNN; match class: 1",20092,1547
"492","darkturquoise",TRUE,1.52596828600599e-16,5847,321,167,0.520249221183801,0.0285616555498546,"TF:M01104_1","TF","Factor: MOVO-B; motif: GNGGGGG; match class: 1",20092,5405
"493","darkturquoise",TRUE,1.67199736529788e-16,6520,321,179,0.557632398753894,0.0274539877300614,"TF:M09734_1","TF","Factor: ZNF692; motif: SYNGGSCCCASCCNC; match class: 1",20092,11341
"494","darkturquoise",TRUE,1.77374306673543e-16,2577,321,100,0.311526479750779,0.0388048117966628,"TF:M12183_1","TF","Factor: KLF14; motif: NRCCACRCCCMCN; match class: 1",20092,4693
"495","darkturquoise",TRUE,1.88246756634987e-16,4394,321,139,0.433021806853583,0.0316340464269458,"TF:M00800_1","TF","Factor: AP-2; motif: GSCCSCRGGCNRNRNN; match class: 1",20092,155
"496","darkturquoise",TRUE,2.0593697095831e-16,15829,321,307,0.956386292834891,0.0193947817297366,"TF:M04934_1","TF","Factor: TR4; motif: ACCCCGS; match class: 1",20092,6123
"497","darkturquoise",TRUE,2.1129157483564e-16,16651,321,314,0.978193146417445,0.0188577262626869,"TF:M10438","TF","Factor: ZF5; motif: GGSGCGCGS",20092,9478
"498","darkturquoise",TRUE,2.25278879558663e-16,13582,321,283,0.881619937694704,0.0208364011191283,"TF:M00803","TF","Factor: E2F; motif: GGCGSG",20092,1590
"499","darkturquoise",TRUE,2.41189807442853e-16,3487,321,120,0.373831775700935,0.0344135359908231,"TF:M03914","TF","Factor: KLF16; motif: GMCACGCCCCC",20092,4710
"500","darkturquoise",TRUE,2.99942906296144e-16,13943,321,287,0.894080996884735,0.0205838054937962,"TF:M09892","TF","Factor: E2F-1; motif: NNNNGGCGGGAARN",20092,1478
"501","darkturquoise",TRUE,3.77581656743509e-16,9900,321,233,0.725856697819315,0.0235353535353535,"TF:M00915","TF","Factor: AP-2; motif: SNNNCCNCAGGCN",20092,160
"502","darkturquoise",TRUE,3.78722090132558e-16,1035,321,59,0.183800623052959,0.0570048309178744,"TF:M12155_1","TF","Factor: Sp2; motif: NTWAGTCCCGCCCMCTT; match class: 1",20092,8089
"503","darkturquoise",TRUE,3.82670178218112e-16,4481,321,140,0.43613707165109,0.0312430261102432,"TF:M01199_1","TF","Factor: RNF96; motif: BCCCGCRGCC; match class: 1",20092,7495
"504","darkturquoise",TRUE,4.46197618856261e-16,7631,321,197,0.613707165109034,0.025815751539772,"TF:M04595_1","TF","Factor: SALL2; motif: GGGTGGG; match class: 1",20092,7637
"505","darkturquoise",TRUE,4.65838093707757e-16,13056,321,276,0.85981308411215,0.0211397058823529,"TF:M07486","TF","Factor: ZNF300; motif: SWGGGGGSN",20092,10192
"506","darkturquoise",TRUE,4.88473170390962e-16,17263,321,318,0.990654205607477,0.0184209001911603,"TF:M08526","TF","Factor: E2F-3:HES-7; motif: NNNSGCGCSNNNNNCRCGYGNN",20092,1520
"507","darkturquoise",TRUE,5.48327683301293e-16,10540,321,242,0.753894080996885,0.0229601518026565,"TF:M00803_1","TF","Factor: E2F; motif: GGCGSG; match class: 1",20092,1591
"508","darkturquoise",TRUE,5.83231638350738e-16,6826,321,183,0.570093457943925,0.0268092587166716,"TF:M13149_1","TF","Factor: ZNF219; motif: SNNCAGCACCNNGGNCAGCGSC; match class: 1",20092,9923
"509","darkturquoise",TRUE,6.99404308252086e-16,5556,321,160,0.498442367601246,0.0287976961843053,"TF:M12140","TF","Factor: Egr-1; motif: NNCRCCCMCGCNN",20092,1668
"510","darkturquoise",TRUE,7.45733767147281e-16,4516,321,140,0.43613707165109,0.0310008857395926,"TF:M12725_1","TF","Factor: PHB; motif: NCCCAGCCCCY; match class: 1",20092,6727
"511","darkturquoise",TRUE,8.4307485349064e-16,1054,321,59,0.183800623052959,0.055977229601518,"TF:M01273_1","TF","Factor: SP4; motif: SCCCCGCCCCS; match class: 1",20092,8119
"512","darkturquoise",TRUE,9.06330530414949e-16,4730,321,144,0.448598130841121,0.0304439746300211,"TF:M12155","TF","Factor: Sp2; motif: NTWAGTCCCGCCCMCTT",20092,8088
"513","darkturquoise",TRUE,1.07181365595468e-15,4535,321,140,0.43613707165109,0.0308710033076075,"TF:M13137_1","TF","Factor: AP2BETA; motif: SCCYCAGGSNN; match class: 1",20092,8807
"514","darkturquoise",TRUE,1.30627913439917e-15,5809,321,164,0.510903426791277,0.0282320537097607,"TF:M12601","TF","Factor: ELF4; motif: NCCACTTCCGGNNNN",20092,1824
"515","darkturquoise",TRUE,1.57036151825205e-15,3958,321,128,0.398753894080997,0.0323395654370894,"TF:M13366_1","TF","Factor: ZBED4; motif: CCCGCYCCGC; match class: 1",20092,9311
"516","darkturquoise",TRUE,1.77926437049822e-15,7661,321,196,0.610591900311526,0.0255841273985119,"TF:M01858","TF","Factor: AP-2beta; motif: GCNNNGGSCNGVGGGN",20092,140
"517","darkturquoise",TRUE,1.77926437049822e-15,11988,321,261,0.813084112149533,0.0217717717717718,"TF:M09826","TF","Factor: BTEB3; motif: CCNNSCCNSCCCCKCCCCC",20092,642
"518","darkturquoise",TRUE,1.8034538105736e-15,6271,321,172,0.53582554517134,0.0274278424493701,"TF:M00189_1","TF","Factor: AP-2; motif: MKCCCSCNGGCG; match class: 1",20092,159
"519","darkturquoise",TRUE,1.85578147726605e-15,13729,321,283,0.881619937694704,0.0206133003132056,"TF:M04515","TF","Factor: E2F-1; motif: WWTGGCGCCAAA",20092,1472
"520","darkturquoise",TRUE,1.85578147726605e-15,6899,321,183,0.570093457943925,0.0265255834178867,"TF:M11482","TF","Factor: AP-2gamma; motif: NSCCYNNRGSN",20092,8838
"521","darkturquoise",TRUE,1.97585246298986e-15,11774,321,258,0.803738317757009,0.0219126889757092,"TF:M13132","TF","Factor: ZNF609; motif: GNSNGGGNGCTGN",20092,11096
"522","darkturquoise",TRUE,2.14233983779986e-15,6451,321,175,0.545171339563863,0.0271275771198264,"TF:M09606","TF","Factor: nerf; motif: NRRNSCGGAAGNRNNNN",20092,1776
"523","darkturquoise",TRUE,2.18273513839999e-15,11201,321,250,0.778816199376947,0.0223194357646639,"TF:M09973","TF","Factor: CPBP; motif: GNNRGGGHGGGGNNGGGRN",20092,966
"524","darkturquoise",TRUE,2.23213368297008e-15,13827,321,284,0.884735202492212,0.0205395241194764,"TF:M11530_1","TF","Factor: E2F-2; motif: NWTTTGGCGCCAWWNN; match class: 1",20092,1509
"525","darkturquoise",TRUE,2.35457280639429e-15,8167,321,204,0.635514018691589,0.0249785723031713,"TF:M07354","TF","Factor: Egr-1; motif: GCGGGGGCGG",20092,1672
"526","darkturquoise",TRUE,2.51687735243574e-15,3789,321,124,0.386292834890966,0.0327263130113486,"TF:M07354_1","TF","Factor: Egr-1; motif: GCGGGGGCGG; match class: 1",20092,1673
"527","darkturquoise",TRUE,2.75385358682828e-15,8301,321,206,0.641744548286604,0.0248162871943139,"TF:M07348","TF","Factor: AP-2alpha; motif: NSCCNCRGGSN",20092,136
"528","darkturquoise",TRUE,3.09991694857745e-15,11370,321,252,0.785046728971963,0.0221635883905013,"TF:M01660","TF","Factor: GABP-alpha; motif: CTTCCK",20092,2992
"529","darkturquoise",TRUE,3.62044837464761e-15,15500,321,302,0.940809968847352,0.0194838709677419,"TF:M00333","TF","Factor: ZF5; motif: NRNGNGCGCGCWN",20092,9486
"530","darkturquoise",TRUE,3.7628293756056e-15,6945,321,183,0.570093457943925,0.0263498920086393,"TF:M01873","TF","Factor: Egr-1; motif: GCGGGGGCGG",20092,1674
"531","darkturquoise",TRUE,3.96443658818739e-15,8450,321,208,0.64797507788162,0.0246153846153846,"TF:M11434","TF","Factor: Elk-1; motif: NRSCGGAAGNN",20092,1902
"532","darkturquoise",TRUE,4.46114614438418e-15,13137,321,275,0.856697819314642,0.0209332419882774,"TF:M04823","TF","Factor: E2F-4; motif: NNTTCCCGCCNN",20092,1546
"533","darkturquoise",TRUE,4.82939396160649e-15,6446,321,174,0.542056074766355,0.0269934843313683,"TF:M07041_1","TF","Factor: HDAC1; motif: KGCARGGTC; match class: 1",20092,3447
"534","darkturquoise",TRUE,5.59502583769461e-15,2121,321,86,0.26791277258567,0.0405469118340405,"TF:M11482_1","TF","Factor: AP-2gamma; motif: NSCCYNNRGSN; match class: 1",20092,8839
"535","darkturquoise",TRUE,5.59502583769461e-15,7739,321,196,0.610591900311526,0.0253262695438687,"TF:M08878","TF","Factor: EGR; motif: CGCCCCCGCNN",20092,1712
"536","darkturquoise",TRUE,6.63600004845102e-15,7871,321,198,0.616822429906542,0.0251556346080549,"TF:M10491_1","TF","Factor: ZNF586; motif: CAGGCCYRGAGG; match class: 1",20092,11035
"537","darkturquoise",TRUE,8.81901820091076e-15,12791,321,270,0.841121495327103,0.021108591978735,"TF:M09817","TF","Factor: PAX5; motif: RNGCGTGACCNN",20092,6582
"538","darkturquoise",TRUE,9.51042657566784e-15,8139,321,202,0.629283489096573,0.0248187738051358,"TF:M05386","TF","Factor: KLF17; motif: NGGGCGG",20092,4716
"539","darkturquoise",TRUE,9.51042657566784e-15,8139,321,202,0.629283489096573,0.0248187738051358,"TF:M05499","TF","Factor: LKLF; motif: NGGGCGG",20092,4918
"540","darkturquoise",TRUE,1.05032446046378e-14,7781,321,196,0.610591900311526,0.0251895643233518,"TF:M10115","TF","Factor: LRF; motif: NRGGGKCKY",20092,9440
"541","darkturquoise",TRUE,1.10708267777345e-14,7249,321,187,0.582554517133956,0.0257966616084977,"TF:M00695_1","TF","Factor: ETF; motif: GVGGMGG; match class: 1",20092,2221
"542","darkturquoise",TRUE,1.10708267777345e-14,3670,321,120,0.373831775700935,0.0326975476839237,"TF:M01303_1","TF","Factor: SP1; motif: GGGGYGGGGNS; match class: 1",20092,8041
"543","darkturquoise",TRUE,1.1304019596022e-14,7251,321,187,0.582554517133956,0.0257895462694801,"TF:M12603","TF","Factor: ERM; motif: NNCACTTCCGGNN",20092,2112
"544","darkturquoise",TRUE,1.1304019596022e-14,6557,321,175,0.545171339563863,0.0266890346194906,"TF:M13146","TF","Factor: ZNF232; motif: NCAGCASCNNGGNCAGCGCC",20092,9986
"545","darkturquoise",TRUE,1.13459841817403e-14,4061,321,128,0.398753894080997,0.0315193302142329,"TF:M07226_1","TF","Factor: SP1; motif: NCCCCKCCCCC; match class: 1",20092,8049
"546","darkturquoise",TRUE,1.14618024640352e-14,12890,321,271,0.844236760124611,0.0210240496508922,"TF:M08208","TF","Factor: E2F-3:FOXI1; motif: NGACACCGCGCCCAC",20092,1516
"547","darkturquoise",TRUE,1.16020129156111e-14,17616,321,319,0.993769470404984,0.0181085376930064,"TF:M12599","TF","Factor: E2F4; motif: YCCCGCCNCNNSSNNSNN",20092,1554
"548","darkturquoise",TRUE,1.1623170069412e-14,5889,321,163,0.507788161993769,0.0276787230429615,"TF:M11435_1","TF","Factor: Elk-1; motif: NNCCGGAAGTN; match class: 1",20092,1905
"549","darkturquoise",TRUE,1.20151646035825e-14,8404,321,206,0.641744548286604,0.0245121370775821,"TF:M13138","TF","Factor: ETV4; motif: NNCCGGAAGYNNN",20092,2348
"550","darkturquoise",TRUE,1.23294252085751e-14,6621,321,176,0.548286604361371,0.0265820872979912,"TF:M12508","TF","Factor: EGR1; motif: NNMCGCCCACGCNN",20092,1670
"551","darkturquoise",TRUE,1.34671835342615e-14,7030,321,183,0.570093457943925,0.0260312944523471,"TF:M01219","TF","Factor: SP1:SP3; motif: CCSCCCCCYCC",20092,8036
"552","darkturquoise",TRUE,1.39675081936127e-14,15206,321,298,0.928348909657321,0.0195975272918585,"TF:M11601","TF","Factor: TCF-1; motif: ACATCGRGRCGCTGW",20092,8628
"553","darkturquoise",TRUE,1.53637944633523e-14,10234,321,234,0.728971962616822,0.0228649599374634,"TF:M11478","TF","Factor: AP-2beta; motif: NSCCNNNGGSN",20092,8804
"554","darkturquoise",TRUE,1.59455441869928e-14,16800,321,313,0.975077881619938,0.0186309523809524,"TF:M07039","TF","Factor: ETF; motif: CCCCGCCCCYN",20092,2222
"555","darkturquoise",TRUE,1.6090657083634e-14,5691,321,159,0.495327102803738,0.0279388508170796,"TF:M04152_1","TF","Factor: TFAP2C; motif: NGCCCNNRGGCA; match class: 1",20092,8827
"556","darkturquoise",TRUE,1.81733992747127e-14,8248,321,203,0.632398753894081,0.0246120271580989,"TF:M07380_1","TF","Factor: E2F-4; motif: NTTTCSCGCC; match class: 1",20092,1557
"557","darkturquoise",TRUE,1.98301707694728e-14,5541,321,156,0.485981308411215,0.0281537628586898,"TF:M01972","TF","Factor: EGR-1; motif: TGCGTGGGCGK",20092,1644
"558","darkturquoise",TRUE,1.99083401520637e-14,14860,321,294,0.91588785046729,0.0197846567967699,"TF:M08205","TF","Factor: E2F-1:Elk-1; motif: SGCGCSNNAMCGGAAGT",20092,1464
"559","darkturquoise",TRUE,2.00676990813704e-14,9589,321,224,0.697819314641745,0.0233601001147148,"TF:M10426","TF","Factor: ctcf; motif: CCRSCAGGGGGCGCN",20092,1172
"560","darkturquoise",TRUE,2.78687036494076e-14,2141,321,85,0.264797507788162,0.0397010742643624,"TF:M09658_1","TF","Factor: Sp2; motif: GGSNNGGGGGCGGGGCCNGNGS; match class: 1",20092,8085
"561","darkturquoise",TRUE,2.79416753852583e-14,14010,321,284,0.884735202492212,0.0202712348322627,"TF:M09746","TF","Factor: HNRPUL1; motif: NCNCAGN",20092,3782
"562","darkturquoise",TRUE,3.19531268017182e-14,10019,321,230,0.716510903426791,0.0229563828725422,"TF:M12725","TF","Factor: PHB; motif: NCCCAGCCCCY",20092,6726
"563","darkturquoise",TRUE,3.32638102157762e-14,5681,321,158,0.492211838006231,0.0278120049287097,"TF:M09971","TF","Factor: GKLF; motif: WGGGYGKGGC",20092,3286
"564","darkturquoise",TRUE,3.3990498202705e-14,6860,321,179,0.557632398753894,0.0260932944606414,"TF:M09973_1","TF","Factor: CPBP; motif: GNNRGGGHGGGGNNGGGRN; match class: 1",20092,967
"565","darkturquoise",TRUE,4.18315803491334e-14,9381,321,220,0.685358255451713,0.023451657605799,"TF:M00800","TF","Factor: AP-2; motif: GSCCSCRGGCNRNRNN",20092,154
"566","darkturquoise",TRUE,4.47447901734074e-14,4538,321,136,0.423676012461059,0.0299691494050242,"TF:M10432_1","TF","Factor: MAZ; motif: GGGMGGGGS; match class: 1",20092,5151
"567","darkturquoise",TRUE,4.4969535555643e-14,12006,321,258,0.803738317757009,0.0214892553723138,"TF:M11435","TF","Factor: Elk-1; motif: NNCCGGAAGTN",20092,1904
"568","darkturquoise",TRUE,4.63252640694885e-14,4287,321,131,0.40809968847352,0.0305574994168416,"TF:M01593","TF","Factor: Zfx; motif: SNSCAGGCCKCGSCSS",20092,9596
"569","darkturquoise",TRUE,5.08636063484417e-14,15883,321,304,0.947040498442368,0.0191399609645533,"TF:M08207_1","TF","Factor: E2F-3:TBR2; motif: ANGTGYKANGGCGCSTTNNCRNNT; match class: 1",20092,1515
"570","darkturquoise",TRUE,6.39407095627852e-14,7076,321,182,0.566978193146417,0.0257207461842849,"TF:M11451","TF","Factor: Elf-1; motif: NANCCGGAAGTN",20092,1758
"571","darkturquoise",TRUE,6.81531675625619e-14,3055,321,105,0.327102803738318,0.0343698854337152,"TF:M01219_1","TF","Factor: SP1:SP3; motif: CCSCCCCCYCC; match class: 1",20092,8037
"572","darkturquoise",TRUE,7.4539212684161e-14,7919,321,196,0.610591900311526,0.02475059982321,"TF:M11447","TF","Factor: Elf-1; motif: NAMCCGGAAGTN",20092,1750
"573","darkturquoise",TRUE,7.8603626039191e-14,8228,321,201,0.626168224299065,0.0244287797763734,"TF:M01652","TF","Factor: p53; motif: RGRCWWGYCYNGRCWWGYYY",20092,6470
"574","darkturquoise",TRUE,1.0528827533052e-13,5807,321,159,0.495327102803738,0.0273807473738591,"TF:M12354_1","TF","Factor: ZNF37A; motif: CCYYGGCTCCNTSCCMN; match class: 1",20092,10395
"575","darkturquoise",TRUE,1.11771167010202e-13,6939,321,179,0.557632398753894,0.025796224239804,"TF:M12590_1","TF","Factor: CP2; motif: NRRRCCGGCYNRARCCGGNN; match class: 1",20092,8889
"576","darkturquoise",TRUE,1.1356103507394e-13,5867,321,160,0.498442367601246,0.0272711777739901,"TF:M13119","TF","Factor: ZBTB11; motif: RCTTCCGGNNSNNNN",20092,9328
"577","darkturquoise",TRUE,1.14468299152895e-13,8010,321,197,0.613707165109034,0.0245942571785268,"TF:M04714","TF","Factor: Elf-1; motif: ACTTCCGGG",20092,1736
"578","darkturquoise",TRUE,1.15315846653533e-13,7058,321,181,0.56386292834891,0.0256446585434967,"TF:M07329","TF","Factor: Osx; motif: CCNCCCCCNNN",20092,6400
"579","darkturquoise",TRUE,1.23364962538509e-13,3269,321,109,0.339563862928349,0.0333435301315387,"TF:M12600_1","TF","Factor: ELF1; motif: NNNASCCGGAAGTGGNNNN; match class: 1",20092,1765
"580","darkturquoise",TRUE,1.3517365315004e-13,5989,321,162,0.504672897196262,0.0270495909166806,"TF:M13129_1","TF","Factor: RERE; motif: CNGCNSCNNGSRCRGSGSS; match class: 1",20092,7349
"581","darkturquoise",TRUE,1.43124075035598e-13,15000,321,294,0.91588785046729,0.0196,"TF:M11530","TF","Factor: E2F-2; motif: NWTTTGGCGCCAWWNN",20092,1508
"582","darkturquoise",TRUE,1.55165655258289e-13,8032,321,197,0.613707165109034,0.0245268924302789,"TF:M08209_1","TF","Factor: E2F-3:FOXO6; motif: NAATGACACGCGCCCMC; match class: 1",20092,1519
"583","darkturquoise",TRUE,2.00823060630907e-13,5959,321,161,0.501557632398754,0.0270179560328914,"TF:M13132_1","TF","Factor: ZNF609; motif: GNSNGGGNGCTGN; match class: 1",20092,11097
"584","darkturquoise",TRUE,2.00823060630907e-13,1162,321,58,0.180685358255452,0.0499139414802065,"TF:M12404","TF","Factor: KLF15; motif: NCCCCGCCCCN",20092,4706
"585","darkturquoise",TRUE,2.08087786356065e-13,15879,321,303,0.94392523364486,0.019081806159078,"TF:M11882","TF","Factor: pax-6; motif: NYACGCNYSANYGMNCN",20092,6596
"586","darkturquoise",TRUE,2.13093878245778e-13,3922,321,122,0.38006230529595,0.0311065782763896,"TF:M03811_1","TF","Factor: AP-2gamma; motif: GCCYNCRGSN; match class: 1",20092,149
"587","darkturquoise",TRUE,2.24949840407843e-13,7280,321,184,0.573208722741433,0.0252747252747253,"TF:M10098","TF","Factor: DP-1; motif: NRNNGGCGGGAANN",20092,8892
"588","darkturquoise",TRUE,2.27678305551151e-13,7340,321,185,0.576323987538941,0.0252043596730245,"TF:M11428","TF","Factor: PEA3; motif: NACCGGAAGTN",20092,6698
"589","darkturquoise",TRUE,2.35551742270444e-13,5532,321,153,0.476635514018692,0.0276572668112798,"TF:M12158_1","TF","Factor: KLF15; motif: NCCMCGCCCMCN; match class: 1",20092,4701
"590","darkturquoise",TRUE,2.38021173331354e-13,5264,321,148,0.461059190031153,0.0281155015197568,"TF:M04797","TF","Factor: Egr-1; motif: CCGCCCMCG",20092,1648
"591","darkturquoise",TRUE,2.48685537722544e-13,3735,321,118,0.367601246105919,0.0315930388219545,"TF:M01253","TF","Factor: CNOT3; motif: GGCCGCGSSS",20092,934
"592","darkturquoise",TRUE,2.53484400101918e-13,830,321,48,0.149532710280374,0.0578313253012048,"TF:M10121_1","TF","Factor: ZFX; motif: SNAGGCCNCR; match class: 1",20092,9601
"593","darkturquoise",TRUE,2.8906561502182e-13,4543,321,134,0.417445482866044,0.0294959278010125,"TF:M09935","TF","Factor: GABP-alpha; motif: NNNRCCGGAAGTGN",20092,2984
"594","darkturquoise",TRUE,3.0405590386068e-13,8265,321,200,0.623052959501558,0.0241984271022384,"TF:M11478_1","TF","Factor: AP-2beta; motif: NSCCNNNGGSN; match class: 1",20092,8805
"595","darkturquoise",TRUE,3.24745317589406e-13,5337,321,149,0.46417445482866,0.0279183061645119,"TF:M09761","TF","Factor: EGR1; motif: NGNGKGGGYGGNGS",20092,1662
"596","darkturquoise",TRUE,3.36688842406037e-13,8770,321,208,0.64797507788162,0.0237172177879133,"TF:M01199","TF","Factor: RNF96; motif: BCCCGCRGCC",20092,7494
"597","darkturquoise",TRUE,3.64222526549662e-13,11729,321,252,0.785046728971963,0.0214852076050814,"TF:M04516","TF","Factor: E2F-1; motif: TTTGGCGCCAAA",20092,1474
"598","darkturquoise",TRUE,3.64222526549662e-13,5184,321,146,0.454828660436137,0.0281635802469136,"TF:M00143_1","TF","Factor: Pax-5; motif: BCNNNRNGCANBGNTGNRTAGCSGCHNB; match class: 1",20092,6569
"599","darkturquoise",TRUE,3.76229399535154e-13,6678,321,173,0.538940809968847,0.025905959868224,"TF:M02281","TF","Factor: SP1; motif: CCCCKCCCCC",20092,8042
"600","darkturquoise",TRUE,4.39315975354754e-13,2380,321,88,0.274143302180685,0.0369747899159664,"TF:M10115_1","TF","Factor: LRF; motif: NRGGGKCKY; match class: 1",20092,9441
"601","darkturquoise",TRUE,4.39951810574252e-13,6404,321,168,0.523364485981308,0.0262336039975016,"TF:M00246","TF","Factor: Egr-2; motif: NTGCGTRGGCGK",20092,1676
"602","darkturquoise",TRUE,4.57587196470393e-13,5959,321,160,0.498442367601246,0.0268501426413828,"TF:M09764","TF","Factor: ROX; motif: GNNNCASGTGGS",20092,7524
"603","darkturquoise",TRUE,5.02257246915713e-13,8364,321,201,0.626168224299065,0.0240315638450502,"TF:M09904","TF","Factor: Elk-1; motif: RCCGGAAGTGN",20092,1896
"604","darkturquoise",TRUE,5.95510226765288e-13,9386,321,217,0.67601246105919,0.0231195397400384,"TF:M08911","TF","Factor: CTCF; motif: NCCRSTAGGGGGCGC",20092,1162
"605","darkturquoise",TRUE,6.10130516891221e-13,7589,321,188,0.585669781931464,0.0247726973250758,"TF:M11425","TF","Factor: PEA3; motif: NACCGGAAGTN",20092,6694
"606","darkturquoise",TRUE,6.18236461060991e-13,14324,321,285,0.88785046728972,0.0198966769058922,"TF:M08487","TF","Factor: GCMa:Erg; motif: ATGCGGGCGGAARKG",20092,3158
"607","darkturquoise",TRUE,6.25566071379954e-13,9070,321,212,0.660436137071651,0.0233737596471885,"TF:M08487_1","TF","Factor: GCMa:Erg; motif: ATGCGGGCGGAARKG; match class: 1",20092,3159
"608","darkturquoise",TRUE,6.43175388627623e-13,1380,321,63,0.196261682242991,0.0456521739130435,"TF:M09971_1","TF","Factor: GKLF; motif: WGGGYGKGGC; match class: 1",20092,3287
"609","darkturquoise",TRUE,7.06400139251876e-13,9143,321,213,0.663551401869159,0.0232965109920158,"TF:M10477_1","TF","Factor: ZNF436; motif: TCCTCCAGGAAGCCY; match class: 1",20092,10553
"610","darkturquoise",TRUE,7.10422599954296e-13,8953,321,210,0.654205607476635,0.0234558248631744,"TF:M04953","TF","Factor: Sp1; motif: GGNDGGRGGCGGGG",20092,8046
"611","darkturquoise",TRUE,8.0938614008339e-13,2898,321,99,0.308411214953271,0.0341614906832298,"TF:M09591_1","TF","Factor: AP-2gamma; motif: NTGSCCTGRGGSNN; match class: 1",20092,8835
"612","darkturquoise",TRUE,9.13595174723486e-13,5403,321,149,0.46417445482866,0.0275772718859893,"TF:M11877_1","TF","Factor: pax-2; motif: NCGTCACGCNYSRNYGCNYN; match class: 1",20092,6517
"613","darkturquoise",TRUE,9.30587559651828e-13,7800,321,191,0.595015576323987,0.0244871794871795,"TF:M11448","TF","Factor: Elf-1; motif: NANGCGGAAGTN",20092,1752
"614","darkturquoise",TRUE,9.93536886826952e-13,13385,321,273,0.850467289719626,0.0203959656331715,"TF:M07380","TF","Factor: E2F-4; motif: NTTTCSCGCC",20092,1556
"615","darkturquoise",TRUE,1.07795453829173e-12,5795,321,156,0.485981308411215,0.0269197584124245,"TF:M10014","TF","Factor: FXR; motif: NRGGKCANTGRCCNNNNGG",20092,2968
"616","darkturquoise",TRUE,1.11885555289291e-12,10971,321,240,0.747663551401869,0.0218758545255674,"TF:M12694","TF","Factor: ZFP14; motif: SCNNYCCNGNNSCTSCNC",20092,9498
"617","darkturquoise",TRUE,1.11885555289291e-12,6355,321,166,0.517133956386293,0.0261211644374508,"TF:M00244","TF","Factor: NGFI-C; motif: WTGCGTGGGYGG",20092,5940
"618","darkturquoise",TRUE,1.14324428667659e-12,6641,321,171,0.532710280373832,0.0257491341665412,"TF:M03978_1","TF","Factor: ETS1; motif: GCCGGAWGTACTTCCGGN; match class: 1",20092,2227
"619","darkturquoise",TRUE,1.2249230668435e-12,9637,321,220,0.685358255451713,0.0228286811248314,"TF:M09862","TF","Factor: ZNF614; motif: NCYCWGCCYYNNN",20092,11116
"620","darkturquoise",TRUE,1.2639276845515e-12,12787,321,265,0.825545171339564,0.0207241729881911,"TF:M07041","TF","Factor: HDAC1; motif: KGCARGGTC",20092,3446
"621","darkturquoise",TRUE,1.74330426061211e-12,15644,321,299,0.931464174454829,0.0191127588851956,"TF:M04826_1","TF","Factor: p300; motif: ACNTCCG; match class: 1",20092,1995
"622","darkturquoise",TRUE,1.76850509694601e-12,7787,321,190,0.59190031152648,0.0243996404263516,"TF:M01100","TF","Factor: LRF; motif: GGGGKYNNB",20092,4952
"623","darkturquoise",TRUE,1.92783891491188e-12,2848,321,97,0.302180685358255,0.0340589887640449,"TF:M01100_1","TF","Factor: LRF; motif: GGGGKYNNB; match class: 1",20092,4953
"624","darkturquoise",TRUE,1.94349118654877e-12,3220,321,105,0.327102803738318,0.0326086956521739,"TF:M12697","TF","Factor: ZNF142; motif: SNSCGCCCGCCCGCSCSS",20092,9772
"625","darkturquoise",TRUE,2.04718753910441e-12,11579,321,248,0.772585669781931,0.0214180844632524,"TF:M04869","TF","Factor: Egr-1; motif: GCGCATGCG",20092,1650
"626","darkturquoise",TRUE,2.14200004219252e-12,16348,321,306,0.953271028037383,0.0187178859799364,"TF:M11018_1","TF","Factor: IRX-1; motif: NACRYNNNNNNNNRYGNN; match class: 1",20092,4529
"627","darkturquoise",TRUE,2.14200004219252e-12,6685,321,171,0.532710280373832,0.0255796559461481,"TF:M04146","TF","Factor: TFAP2A; motif: YGCCCNNRGGCN",20092,8778
"628","darkturquoise",TRUE,2.20109131540491e-12,4874,321,138,0.429906542056075,0.0283135002051703,"TF:M12704_1","TF","Factor: ZNF432; motif: NCAGNRCCNSRGRCAGC; match class: 1",20092,10537
"629","darkturquoise",TRUE,2.34524860154315e-12,9753,321,221,0.688473520249221,0.0226596944529888,"TF:M11052_1","TF","Factor: Hey2; motif: NNCACGYGNN; match class: 1",20092,3517
"630","darkturquoise",TRUE,2.37647802660838e-12,10688,321,235,0.73208722741433,0.0219872754491018,"TF:M13137","TF","Factor: AP2BETA; motif: SCCYCAGGSNN",20092,8806
"631","darkturquoise",TRUE,2.39794164619555e-12,2588,321,91,0.283489096573209,0.0351622874806801,"TF:M05386_1","TF","Factor: KLF17; motif: NGGGCGG; match class: 1",20092,4717
"632","darkturquoise",TRUE,2.39794164619555e-12,2588,321,91,0.283489096573209,0.0351622874806801,"TF:M05499_1","TF","Factor: LKLF; motif: NGGGCGG; match class: 1",20092,4919
"633","darkturquoise",TRUE,2.52072762186458e-12,3329,321,107,0.333333333333333,0.0321417843196155,"TF:M08878_1","TF","Factor: EGR; motif: CGCCCCCGCNN; match class: 1",20092,1713
"634","darkturquoise",TRUE,2.87920999990768e-12,10568,321,233,0.725856697819315,0.0220476911430734,"TF:M04869_1","TF","Factor: Egr-1; motif: GCGCATGCG; match class: 1",20092,1651
"635","darkturquoise",TRUE,2.87920999990768e-12,16908,321,311,0.968847352024922,0.018393659806009,"TF:M01240","TF","Factor: BEN; motif: CAGCGRNV",20092,512
"636","darkturquoise",TRUE,2.94130481178403e-12,1546,321,66,0.205607476635514,0.0426908150064683,"TF:M09969_1","TF","Factor: EKLF; motif: NGGGYGKGGCNNGG; match class: 1",20092,1729
"637","darkturquoise",TRUE,3.07827601357826e-12,10171,321,227,0.707165109034268,0.0223183561105103,"TF:M11058_1","TF","Factor: Hey1; motif: NGCRCGYGYN; match class: 1",20092,3509
"638","darkturquoise",TRUE,3.47664053844852e-12,12053,321,254,0.791277258566978,0.0210735916369369,"TF:M09734","TF","Factor: ZNF692; motif: SYNGGSCCCASCCNC",20092,11340
"639","darkturquoise",TRUE,3.51267189848229e-12,9077,321,210,0.654205607476635,0.0231353971576512,"TF:M03811","TF","Factor: AP-2gamma; motif: GCCYNCRGSN",20092,148
"640","darkturquoise",TRUE,3.6099093196786e-12,13100,321,268,0.834890965732087,0.0204580152671756,"TF:M02065","TF","Factor: ER81; motif: RCCGGAARYN",20092,2004
"641","darkturquoise",TRUE,3.6099093196786e-12,9658,321,219,0.682242990654206,0.0226755021743632,"TF:M02059","TF","Factor: ELK-1; motif: ACCGGAAGTN",20092,1890
"642","darkturquoise",TRUE,3.6099093196786e-12,2255,321,83,0.258566978193146,0.0368070953436807,"TF:M10098_1","TF","Factor: DP-1; motif: NRNNGGCGGGAANN; match class: 1",20092,8893
"643","darkturquoise",TRUE,3.64097552593283e-12,11136,321,241,0.750778816199377,0.0216415229885057,"TF:M11430","TF","Factor: PEA3; motif: NACCGGAAGTN",20092,6702
"644","darkturquoise",TRUE,3.95766096744631e-12,3889,321,118,0.367601246105919,0.0303419902288506,"TF:M04146_1","TF","Factor: TFAP2A; motif: YGCCCNNRGGCN; match class: 1",20092,8779
"645","darkturquoise",TRUE,4.14949144724872e-12,11216,321,242,0.753894080996885,0.0215763195435093,"TF:M12354","TF","Factor: ZNF37A; motif: CCYYGGCTCCNTSCCMN",20092,10394
"646","darkturquoise",TRUE,4.18334755350436e-12,12509,321,260,0.809968847352025,0.020785034774962,"TF:M08523","TF","Factor: E2F-1:TBR2; motif: NGGTGNNANGGCGCNNTNNCRNNN",20092,1466
"647","darkturquoise",TRUE,4.34523182950927e-12,5616,321,151,0.470404984423676,0.0268874643874644,"TF:M07084_1","TF","Factor: E2F-4; motif: NGGCGGGAARN; match class: 1",20092,1549
"648","darkturquoise",TRUE,5.36234313884648e-12,10551,321,232,0.722741433021807,0.0219884371149654,"TF:M04516_1","TF","Factor: E2F-1; motif: TTTGGCGCCAAA; match class: 1",20092,1475
"649","darkturquoise",TRUE,5.88511949368141e-12,2496,321,88,0.274143302180685,0.0352564102564103,"TF:M01973_1","TF","Factor: PLAG1; motif: CCCCCKWNNNGGSCCC; match class: 1",20092,6827
"650","darkturquoise",TRUE,6.80628296980797e-12,10910,321,237,0.738317757009346,0.0217231897341888,"TF:M07289_1","TF","Factor: GKLF; motif: NNNRGGNGNGGSN; match class: 1",20092,3291
"651","darkturquoise",TRUE,6.96553715075509e-12,2820,321,95,0.29595015576324,0.0336879432624113,"TF:M09895_1","TF","Factor: E2F-6; motif: NGGGCGGGARRNN; match class: 1",20092,1565
"652","darkturquoise",TRUE,7.66373287658223e-12,9330,321,213,0.663551401869159,0.0228295819935691,"TF:M01721","TF","Factor: PUR1; motif: GGGNCAGNN",20092,7234
"653","darkturquoise",TRUE,7.71312102721035e-12,16755,321,309,0.962616822429907,0.0184422560429722,"TF:M08441","TF","Factor: AP-2gamma:Elk-1; motif: NGCCKNRGGSGRCGGAAGTG",20092,8814
"654","darkturquoise",TRUE,8.31182233845272e-12,2379,321,85,0.264797507788162,0.03572929802438,"TF:M00665_1","TF","Factor: Sp3; motif: ASMCTTGGGSRGGG; match class: 1",20092,8105
"655","darkturquoise",TRUE,8.95441131734236e-12,10864,321,236,0.735202492211838,0.0217231222385862,"TF:M11427","TF","Factor: PEA3; motif: NACCGGAAGTN",20092,6696
"656","darkturquoise",TRUE,9.97927289481688e-12,2746,321,93,0.289719626168224,0.0338674435542607,"TF:M09611","TF","Factor: ER81; motif: NNNGRCMGGAAGYRNNNNNNNS",20092,2006
"657","darkturquoise",TRUE,1.05887328241593e-11,2933,321,97,0.302180685358255,0.033071939993181,"TF:M08868_1","TF","Factor: ARNTLIKE; motif: NNNSCACGTG; match class: 1",20092,207
"658","darkturquoise",TRUE,1.12261115334213e-11,8417,321,198,0.616822429906542,0.0235238208387787,"TF:M00341","TF","Factor: GABP; motif: VCCGGAAGNGCR",20092,3000
"659","darkturquoise",TRUE,1.26957692130182e-11,4157,321,122,0.38006230529595,0.0293480875631465,"TF:M02052_1","TF","Factor: EHF; motif: CSCGGAARTN; match class: 1",20092,1717
"660","darkturquoise",TRUE,1.39838728536128e-11,1000,321,50,0.155763239875389,0.05,"TF:M01593_1","TF","Factor: Zfx; motif: SNSCAGGCCKCGSCSS; match class: 1",20092,9597
"661","darkturquoise",TRUE,1.39838728536128e-11,8808,321,204,0.635514018691589,0.0231607629427793,"TF:M05444","TF","Factor: CPBP; motif: NGGGCGG",20092,964
"662","darkturquoise",TRUE,1.39838728536128e-11,8808,321,204,0.635514018691589,0.0231607629427793,"TF:M05332","TF","Factor: Sp2; motif: WGGGCGG",20092,8078
"663","darkturquoise",TRUE,1.39838728536128e-11,4265,321,124,0.386292834890966,0.029073856975381,"TF:M07261_1","TF","Factor: LKLF; motif: GGGGTGGKSN; match class: 1",20092,4925
"664","darkturquoise",TRUE,1.39838728536128e-11,8808,321,204,0.635514018691589,0.0231607629427793,"TF:M05361","TF","Factor: Sp6; motif: WGGGCGG",20092,8124
"665","darkturquoise",TRUE,1.69164843915898e-11,2772,321,93,0.289719626168224,0.0335497835497836,"TF:M01873_1","TF","Factor: Egr-1; motif: GCGGGGGCGG; match class: 1",20092,1675
"666","darkturquoise",TRUE,1.82676545170765e-11,9593,321,216,0.672897196261682,0.0225164182216199,"TF:M10432","TF","Factor: MAZ; motif: GGGMGGGGS",20092,5150
"667","darkturquoise",TRUE,1.97520296278685e-11,6905,321,172,0.53582554517134,0.0249094858797972,"TF:M07249","TF","Factor: ctcf; motif: CCNCNAGRKGGCRSTN",20092,1180
"668","darkturquoise",TRUE,2.09773170534467e-11,839,321,45,0.14018691588785,0.0536352800953516,"TF:M12157_1","TF","Factor: KLF15; motif: RCCACGCCCCCC; match class: 1",20092,4699
"669","darkturquoise",TRUE,2.19819681570624e-11,5507,321,147,0.457943925233645,0.0266932994370801,"TF:M09901","TF","Factor: nerf; motif: NNNCCGGAAGTGN",20092,5658
"670","darkturquoise",TRUE,2.21798124313005e-11,7740,321,186,0.579439252336449,0.024031007751938,"TF:M01078","TF","Factor: c-Ets-1; motif: NNNRCCGGAWRYNNNN",20092,836
"671","darkturquoise",TRUE,2.55689242302791e-11,11715,321,247,0.769470404984424,0.0210840802390098,"TF:M13149","TF","Factor: ZNF219; motif: SNNCAGCACCNNGGNCAGCGSC",20092,9922
"672","darkturquoise",TRUE,2.86063507818026e-11,3412,321,106,0.330218068535826,0.0310668229777257,"TF:M00469_1","TF","Factor: AP-2alpha; motif: GCCNNNRGS; match class: 1",20092,131
"673","darkturquoise",TRUE,3.23782220234806e-11,3037,321,98,0.305295950155763,0.0322686862034903,"TF:M07348_1","TF","Factor: AP-2alpha; motif: NSCCNCRGGSN; match class: 1",20092,137
"674","darkturquoise",TRUE,3.37463035471538e-11,7953,321,189,0.588785046728972,0.023764617125613,"TF:M11883_1","TF","Factor: pax-6; motif: NYACGCNTSRNYGCNYN; match class: 1",20092,6599
"675","darkturquoise",TRUE,3.54609992398612e-11,4373,321,125,0.389408099688474,0.0285844957694946,"TF:M09897","TF","Factor: Egr-1; motif: NNNNGCGKGGGYGGNRN",20092,1664
"676","darkturquoise",TRUE,3.7356100309573e-11,12103,321,252,0.785046728971963,0.0208212839791787,"TF:M11058","TF","Factor: Hey1; motif: NGCRCGYGYN",20092,3508
"677","darkturquoise",TRUE,4.02861252620356e-11,8518,321,198,0.616822429906542,0.0232448931674102,"TF:M08759","TF","Factor: c-Ets-2; motif: NCCGGAAGTG",20092,2234
"678","darkturquoise",TRUE,4.14519092408566e-11,3433,321,106,0.330218068535826,0.0308767841538013,"TF:M05361_1","TF","Factor: Sp6; motif: WGGGCGG; match class: 1",20092,8125
"679","darkturquoise",TRUE,4.14519092408566e-11,3433,321,106,0.330218068535826,0.0308767841538013,"TF:M05332_1","TF","Factor: Sp2; motif: WGGGCGG; match class: 1",20092,8079
"680","darkturquoise",TRUE,4.14519092408566e-11,3433,321,106,0.330218068535826,0.0308767841538013,"TF:M05444_1","TF","Factor: CPBP; motif: NGGGCGG; match class: 1",20092,965
"681","darkturquoise",TRUE,4.2191397544952e-11,10318,321,226,0.70404984423676,0.0219034696646637,"TF:M12704","TF","Factor: ZNF432; motif: NCAGNRCCNSRGRCAGC",20092,10536
"682","darkturquoise",TRUE,4.49977459031703e-11,7378,321,179,0.557632398753894,0.0242613174301979,"TF:M07397","TF","Factor: ZBP89; motif: CCCCKCCCCCNN",20092,9314
"683","darkturquoise",TRUE,4.49977459031703e-11,8159,321,192,0.598130841121495,0.0235322956244638,"TF:M07415","TF","Factor: Elf-1; motif: AWCCCGGAAGTN",20092,1740
"684","darkturquoise",TRUE,4.96869508687751e-11,8045,321,190,0.59190031152648,0.0236171535114978,"TF:M00322","TF","Factor: c-Myc:Max; motif: GCCAYGYGSN",20092,5554
"685","darkturquoise",TRUE,5.04483083585352e-11,3014,321,97,0.302180685358255,0.0321831453218315,"TF:M11434_1","TF","Factor: Elk-1; motif: NRSCGGAAGNN; match class: 1",20092,1903
"686","darkturquoise",TRUE,5.11786006770556e-11,17454,321,314,0.978193146417445,0.017990145525381,"TF:M08207","TF","Factor: E2F-3:TBR2; motif: ANGTGYKANGGCGCSTTNNCRNNT",20092,1514
"687","darkturquoise",TRUE,5.44904360871406e-11,1735,321,68,0.21183800623053,0.039193083573487,"TF:M07367","TF","Factor: Slug; motif: SSSNNNKCACCTGN",20092,7786
"688","darkturquoise",TRUE,5.85349411651827e-11,8364,321,195,0.607476635514019,0.0233142037302726,"TF:M11066_1","TF","Factor: HES-7; motif: GNCACGYGNN; match class: 1",20092,3493
"689","darkturquoise",TRUE,5.90171579685676e-11,3551,321,108,0.336448598130841,0.0304139678963672,"TF:M08952_1","TF","Factor: NF-KAPPAB1; motif: NGGKRNTTYCCCN; match class: 1",20092,5885
"690","darkturquoise",TRUE,5.93571810700391e-11,8060,321,190,0.59190031152648,0.0235732009925558,"TF:M09895","TF","Factor: E2F-6; motif: NGGGCGGGARRNN",20092,1564
"691","darkturquoise",TRUE,5.93571810700391e-11,5359,321,143,0.445482866043614,0.0266840828512782,"TF:M01652_1","TF","Factor: p53; motif: RGRCWWGYCYNGRCWWGYYY; match class: 1",20092,6471
"692","darkturquoise",TRUE,6.13356267206452e-11,4306,321,123,0.383177570093458,0.0285647933116582,"TF:M09862_1","TF","Factor: ZNF614; motif: NCYCWGCCYYNNN; match class: 1",20092,11117
"693","darkturquoise",TRUE,6.30365297005022e-11,15459,321,294,0.91588785046729,0.0190180477391811,"TF:M08568_1","TF","Factor: ER71:E2A; motif: CASSTGNACCGGAWRYN; match class: 1",20092,2321
"694","darkturquoise",TRUE,6.49283149220746e-11,2386,321,83,0.258566978193146,0.0347862531433361,"TF:M00341_1","TF","Factor: GABP; motif: VCCGGAAGNGCR; match class: 1",20092,3001
"695","darkturquoise",TRUE,6.94589835482485e-11,2169,321,78,0.242990654205607,0.0359612724757953,"TF:M08885_1","TF","Factor: HAIRYLIKE; motif: NNNNCANGTG; match class: 1",20092,3435
"696","darkturquoise",TRUE,8.07612354307498e-11,3326,321,103,0.320872274143302,0.0309681298857486,"TF:M09641","TF","Factor: NRF-1; motif: SYGCGCMTGCGCRNNGSN",20092,6220
"697","darkturquoise",TRUE,8.44316531206987e-11,11189,321,238,0.741433021806854,0.0212708910537135,"TF:M07084","TF","Factor: E2F-4; motif: NGGCGGGAARN",20092,1548
"698","darkturquoise",TRUE,8.88060969808299e-11,17373,321,313,0.975077881619938,0.0180164623265987,"TF:M11018","TF","Factor: IRX-1; motif: NACRYNNNNNNNNRYGNN",20092,4528
"699","darkturquoise",TRUE,8.88060969808299e-11,1632,321,65,0.202492211838006,0.039828431372549,"TF:M04797_1","TF","Factor: Egr-1; motif: CCGCCCMCG; match class: 1",20092,1649
"700","darkturquoise",TRUE,8.88060969808299e-11,8522,321,197,0.613707165109034,0.0231166392865525,"TF:M10026","TF","Factor: PATZ; motif: GGGGNGGGGGMKGGRRNGGNRN",20092,6500
"701","darkturquoise",TRUE,9.13050711652371e-11,5718,321,149,0.46417445482866,0.0260580622595313,"TF:M12660","TF","Factor: SATB2; motif: GSCGCTGTCCNNGGTGCTGN",20092,7658
"702","darkturquoise",TRUE,9.23730954880034e-11,2314,321,81,0.252336448598131,0.0350043215211755,"TF:M12508_1","TF","Factor: EGR1; motif: NNMCGCCCACGCNN; match class: 1",20092,1671
"703","darkturquoise",TRUE,1.04220379920784e-10,9674,321,215,0.669781931464174,0.0222245193301633,"TF:M01752","TF","Factor: ERG; motif: ACCGGAART",20092,2070
"704","darkturquoise",TRUE,1.12595028183846e-10,2104,321,76,0.236760124610592,0.0361216730038023,"TF:M09814","TF","Factor: MYCN; motif: NNCCACGTGGNN",20092,5556
"705","darkturquoise",TRUE,1.12595028183846e-10,2104,321,76,0.236760124610592,0.0361216730038023,"TF:M09814_1","TF","Factor: MYCN; motif: NNCCACGTGGNN; match class: 1",20092,5557
"706","darkturquoise",TRUE,1.15587707710994e-10,4091,321,118,0.367601246105919,0.028843803471034,"TF:M08911_1","TF","Factor: CTCF; motif: NCCRSTAGGGGGCGC; match class: 1",20092,1163
"707","darkturquoise",TRUE,1.20862965979545e-10,6411,321,161,0.501557632398754,0.0251130868819217,"TF:M11061","TF","Factor: HES-1; motif: GGCRCGTGNC",20092,3468
"708","darkturquoise",TRUE,1.52542494272951e-10,2517,321,85,0.264797507788162,0.0337703615415177,"TF:M11061_1","TF","Factor: HES-1; motif: GGCRCGTGNC; match class: 1",20092,3469
"709","darkturquoise",TRUE,1.56745781086595e-10,6035,321,154,0.479750778816199,0.0255178127589064,"TF:M12313","TF","Factor: ZNF460; motif: NNACNCCCCCCNN",20092,10648
"710","darkturquoise",TRUE,1.68224983550129e-10,9844,321,217,0.67601246105919,0.0220438845997562,"TF:M02111","TF","Factor: NR1B2; motif: NTGACCY",20092,6100
"711","darkturquoise",TRUE,1.76200536910596e-10,7191,321,174,0.542056074766355,0.0241969128076763,"TF:M02065_1","TF","Factor: ER81; motif: RCCGGAARYN; match class: 1",20092,2005
"712","darkturquoise",TRUE,1.86376380048992e-10,13047,321,263,0.819314641744548,0.0201578907028436,"TF:M08309","TF","Factor: GCMa:Elk-1; motif: RTGNGGGCGGAAGNN",20092,3152
"713","darkturquoise",TRUE,1.9337393240699e-10,7613,321,181,0.56386292834891,0.0237751215026928,"TF:M08523_1","TF","Factor: E2F-1:TBR2; motif: NGGTGNNANGGCGCNNTNNCRNNN; match class: 1",20092,1467
"714","darkturquoise",TRUE,1.98793897616265e-10,5941,321,152,0.473520249221184,0.0255849183639118,"TF:M09605","TF","Factor: Elf-1; motif: NAANCMGGAAGTGN",20092,1742
"715","darkturquoise",TRUE,2.02539221952957e-10,10923,321,233,0.725856697819315,0.0213311361347615,"TF:M11796","TF","Factor: NR1B1; motif: NRGGNCRTGACCTN",20092,7258
"716","darkturquoise",TRUE,2.12480050041068e-10,14702,321,284,0.884735202492212,0.0193170997143246,"TF:M08266","TF","Factor: ER71:Pax-5; motif: ACCGGAACYACGCWTSANTG",20092,2306
"717","darkturquoise",TRUE,2.13935540870155e-10,5018,321,135,0.420560747663551,0.0269031486648067,"TF:M11430_1","TF","Factor: PEA3; motif: NACCGGAAGTN; match class: 1",20092,6703
"718","darkturquoise",TRUE,2.13952064521309e-10,3141,321,98,0.305295950155763,0.0312002546959567,"TF:M03806","TF","Factor: ZBTB7C; motif: GKCCCGGGCKG",20092,9454
"719","darkturquoise",TRUE,2.14472437372868e-10,2444,321,83,0.258566978193146,0.0339607201309329,"TF:M00245_1","TF","Factor: Egr-3; motif: NTGCGTGGGCGK; match class: 1",20092,1693
"720","darkturquoise",TRUE,2.36209588944103e-10,14145,321,277,0.862928348909657,0.0195828914810887,"TF:M10491","TF","Factor: ZNF586; motif: CAGGCCYRGAGG",20092,11034
"721","darkturquoise",TRUE,2.3796699646778e-10,2957,321,94,0.292834890965732,0.031788975312817,"TF:M09913","TF","Factor: ER81; motif: NNCCGGAAGYG",20092,2008
"722","darkturquoise",TRUE,2.46686771834829e-10,2959,321,94,0.292834890965732,0.0317674890165596,"TF:M00322_1","TF","Factor: c-Myc:Max; motif: GCCAYGYGSN; match class: 1",20092,5555
"723","darkturquoise",TRUE,2.48403517912913e-10,8795,321,200,0.623052959501558,0.022740193291643,"TF:M13142","TF","Factor: ZBTB33; motif: GGYGCTG",20092,9376
"724","darkturquoise",TRUE,2.57149481273089e-10,5355,321,141,0.439252336448598,0.0263305322128852,"TF:M07387","TF","Factor: LRF; motif: NGKGGGTSNCN",20092,4954
"725","darkturquoise",TRUE,2.65890549819203e-10,5195,321,138,0.429906542056075,0.0265640038498556,"TF:M13368","TF","Factor: ZBTB24; motif: CCCAGGACCC",20092,9350
"726","darkturquoise",TRUE,2.73629993322903e-10,7943,321,186,0.579439252336449,0.023416845020773,"TF:M00665","TF","Factor: Sp3; motif: ASMCTTGGGSRGGG",20092,8104
"727","darkturquoise",TRUE,2.79090971074093e-10,8249,321,191,0.595015576323987,0.023154321735968,"TF:M02062","TF","Factor: Erg; motif: ACCGGAAGTN",20092,2072
"728","darkturquoise",TRUE,2.79090971074093e-10,1475,321,60,0.186915887850467,0.0406779661016949,"TF:M12159","TF","Factor: KLF15; motif: GCCACGCCCMCN",20092,4702
"729","darkturquoise",TRUE,2.94406022590176e-10,6480,321,161,0.501557632398754,0.0248456790123457,"TF:M00646_1","TF","Factor: LF-A1; motif: GGGSTCWR; match class: 1",20092,4827
"730","darkturquoise",TRUE,2.96711097549537e-10,7000,321,170,0.529595015576324,0.0242857142857143,"TF:M03982","TF","Factor: ETV4; motif: ACCGGAAGTN",20092,2342
"731","darkturquoise",TRUE,2.97903366862167e-10,8439,321,194,0.604361370716511,0.0229885057471264,"TF:M09739","TF","Factor: ZGPAT; motif: GRGGCWGNGGNG",20092,9604
"732","darkturquoise",TRUE,3.0597416087708e-10,7237,321,174,0.542056074766355,0.0240431117866519,"TF:M02066","TF","Factor: PEA3; motif: RCCGGAAGYN",20092,6690
"733","darkturquoise",TRUE,3.13061953067164e-10,7063,321,171,0.532710280373832,0.0242106753504177,"TF:M02069","TF","Factor: Erm; motif: ACCGGAAGTN",20092,2102
"734","darkturquoise",TRUE,3.13101826171533e-10,644,321,37,0.115264797507788,0.0574534161490683,"TF:M12092","TF","Factor: ZNF787; motif: TGCCTCAGTTTMCCN",20092,11684
"735","darkturquoise",TRUE,3.17362161362152e-10,2786,321,90,0.280373831775701,0.0323043790380474,"TF:M00799_1","TF","Factor: Myc; motif: CACGTGS; match class: 1",20092,5567
"736","darkturquoise",TRUE,4.03112290298593e-10,2613,321,86,0.26791277258567,0.0329123612705702,"TF:M07329_1","TF","Factor: Osx; motif: CCNCCCCCNNN; match class: 1",20092,6401
"737","darkturquoise",TRUE,4.28404256681289e-10,11058,321,234,0.728971962616822,0.0211611502984265,"TF:M13031","TF","Factor: ETV4; motif: ACCGGAAGTN",20092,2346
"738","darkturquoise",TRUE,4.29783224635246e-10,15095,321,288,0.897196261682243,0.0190791652865187,"TF:M00378_1","TF","Factor: Pax-4; motif: NNNNNYCACCCB; match class: 1",20092,6543
"739","darkturquoise",TRUE,4.67900911801788e-10,1220,321,53,0.165109034267913,0.0434426229508197,"TF:M13141_1","TF","Factor: MAD5; motif: SSNSSSNSSSSGCCACGTGC; match class: 1",20092,5337
"740","darkturquoise",TRUE,4.69820316677158e-10,1495,321,60,0.186915887850467,0.040133779264214,"TF:M04617_1","TF","Factor: LRF; motif: NGNAGNGGGTYN; match class: 1",20092,4957
"741","darkturquoise",TRUE,4.73136240801053e-10,2304,321,79,0.246105919003115,0.0342881944444444,"TF:M13146_1","TF","Factor: ZNF232; motif: NCAGCASCNNGGNCAGCGCC; match class: 1",20092,9987
"742","darkturquoise",TRUE,5.09544144582253e-10,9490,321,210,0.654205607476635,0.0221285563751317,"TF:M03895","TF","Factor: CTCF; motif: WGCGCCMYCTAGYGGYN",20092,1154
"743","darkturquoise",TRUE,5.63757605660895e-10,6303,321,157,0.489096573208723,0.0249087735998731,"TF:M03896","TF","Factor: EGR1; motif: NACGCCCACGCANW",20092,1646
"744","darkturquoise",TRUE,5.67660017784155e-10,4505,321,124,0.386292834890966,0.0275249722530522,"TF:M12703_1","TF","Factor: ZNF383; motif: SSNGGGMGGNGSNGGS; match class: 1",20092,10409
"745","darkturquoise",TRUE,6.26143123355294e-10,1079,321,49,0.152647975077882,0.0454124189063948,"TF:M13368_1","TF","Factor: ZBTB24; motif: CCCAGGACCC; match class: 1",20092,9351
"746","darkturquoise",TRUE,7.00681360717626e-10,6150,321,154,0.479750778816199,0.0250406504065041,"TF:M08885","TF","Factor: HAIRYLIKE; motif: NNNNCANGTG",20092,3434
"747","darkturquoise",TRUE,7.35606952705936e-10,15055,321,287,0.894080996884735,0.0190634340750581,"TF:M07289","TF","Factor: GKLF; motif: NNNRGGNGNGGSN",20092,3290
"748","darkturquoise",TRUE,7.52919198257663e-10,4524,321,124,0.386292834890966,0.0274093722369584,"TF:M10426_1","TF","Factor: ctcf; motif: CCRSCAGGGGGCGCN; match class: 1",20092,1173
"749","darkturquoise",TRUE,7.58123935003708e-10,3907,321,112,0.348909657320872,0.0286664960327617,"TF:M12139","TF","Factor: Egr-1; motif: NMCRCCCMCNCNN",20092,1666
"750","darkturquoise",TRUE,7.72573968456151e-10,7729,321,181,0.56386292834891,0.0234182947341183,"TF:M01214","TF","Factor: ESE-1; motif: NSMGGAARTN",20092,2134
"751","darkturquoise",TRUE,7.72573968456151e-10,7729,321,181,0.56386292834891,0.0234182947341183,"TF:M02055","TF","Factor: ESE-1; motif: NSMGGAARTN",20092,2130
"752","darkturquoise",TRUE,7.95295279480222e-10,5880,321,149,0.46417445482866,0.0253401360544218,"TF:M12345","TF","Factor: Zbtb37; motif: NYACCGCRNTCACCGCR",20092,9382
"753","darkturquoise",TRUE,8.17596412421554e-10,11116,321,234,0.728971962616822,0.0210507376754228,"TF:M02070","TF","Factor: TEL1; motif: CNCGGAANNN",20092,8774
"754","darkturquoise",TRUE,8.74881814807531e-10,4223,321,118,0.367601246105919,0.0279422211697845,"TF:M04953_1","TF","Factor: Sp1; motif: GGNDGGRGGCGGGG; match class: 1",20092,8047
"755","darkturquoise",TRUE,9.1882578046881e-10,8597,321,195,0.607476635514019,0.0226823310457136,"TF:M09591","TF","Factor: AP-2gamma; motif: NTGSCCTGRGGSNN",20092,8834
"756","darkturquoise",TRUE,9.30269005342493e-10,5948,321,150,0.467289719626168,0.0252185608607935,"TF:M09610","TF","Factor: ER-beta; motif: NRGGTCANKSTGACCTNN",20092,2164
"757","darkturquoise",TRUE,9.47239391962958e-10,12315,321,251,0.781931464174455,0.0203816483962647,"TF:M02090","TF","Factor: E2F-4; motif: GCGGGAAANA",20092,1558
"758","darkturquoise",TRUE,9.73980056697172e-10,5729,321,146,0.454828660436137,0.0254843777273521,"TF:M12647","TF","Factor: P53; motif: NNNGRCATGCCCAGRCATGYCY",20092,6476
"759","darkturquoise",TRUE,9.87788991485939e-10,5021,321,133,0.414330218068536,0.0264887472615017,"TF:M12165","TF","Factor: BTEB2; motif: NCCACRCCCN",20092,636
"760","darkturquoise",TRUE,1.10905492350351e-09,2854,321,90,0.280373831775701,0.0315346881569727,"TF:M01778","TF","Factor: PLAG1; motif: GRGGCNNHNNNRRGGG",20092,6824
"761","darkturquoise",TRUE,1.11906793311328e-09,11281,321,236,0.735202492211838,0.0209201311940431,"TF:M01770","TF","Factor: XBP-1; motif: WNNGMCACGTC",20092,9228
"762","darkturquoise",TRUE,1.15167611860247e-09,10277,321,221,0.688473520249221,0.0215043300574097,"TF:M00025","TF","Factor: Elk-1; motif: NNNNCCGGAARTNN",20092,1884
"763","darkturquoise",TRUE,1.26033622277696e-09,3342,321,100,0.311526479750779,0.0299222022740874,"TF:M11415","TF","Factor: GABP-alpha; motif: NRCCGGAAGTN",20092,2988
"764","darkturquoise",TRUE,1.27415641071799e-09,9316,321,206,0.641744548286604,0.0221124946328897,"TF:M08307","TF","Factor: GCMa:Elf-1; motif: NRCCCGCACGGAAGTN",20092,3150
"765","darkturquoise",TRUE,1.30873379458481e-09,3150,321,96,0.299065420560748,0.0304761904761905,"TF:M04743_1","TF","Factor: c-Myc; motif: NSCACGTGGN; match class: 1",20092,5561
"766","darkturquoise",TRUE,1.41050506149243e-09,6433,321,158,0.492211838006231,0.024560858075548,"TF:M11452","TF","Factor: Elf-1; motif: NANGCGGAAGTR",20092,1760
"767","darkturquoise",TRUE,1.44333489650852e-09,13378,321,265,0.825545171339564,0.0198086410524742,"TF:M04595","TF","Factor: SALL2; motif: GGGTGGG",20092,7636
"768","darkturquoise",TRUE,1.49579830982397e-09,7368,321,174,0.542056074766355,0.0236156351791531,"TF:M02023","TF","Factor: MAZ; motif: NKGGGAGGGGRGGR",20092,5158
"769","darkturquoise",TRUE,1.59028179254623e-09,8957,321,200,0.623052959501558,0.0223289047672212,"TF:M11404","TF","Factor: Fli-1; motif: NACCGGAARTN",20092,2544
"770","darkturquoise",TRUE,1.59031552417219e-09,8093,321,186,0.579439252336449,0.0229828246632893,"TF:M08870","TF","Factor: DEC1; motif: NCNCACRTGNSC",20092,1250
"771","darkturquoise",TRUE,1.6216993379744e-09,1463,321,58,0.180685358255452,0.0396445659603554,"TF:M12660_1","TF","Factor: SATB2; motif: GSCGCTGTCCNNGGTGCTGN; match class: 1",20092,7659
"772","darkturquoise",TRUE,1.83009570757074e-09,5722,321,145,0.451713395638629,0.0253407899335897,"TF:M04950_1","TF","Factor: Egr-1; motif: NGCGTGCGY; match class: 1",20092,1655
"773","darkturquoise",TRUE,1.8603130375215e-09,11055,321,232,0.722741433021807,0.0209859791949344,"TF:M07250","TF","Factor: E2F-1; motif: NNNSSCGCSAANN",20092,1490
"774","darkturquoise",TRUE,1.94827144710362e-09,2330,321,78,0.242990654205607,0.0334763948497854,"TF:M12257","TF","Factor: SNA; motif: NRCAGGTGCR",20092,7856
"775","darkturquoise",TRUE,1.94827144710362e-09,2330,321,78,0.242990654205607,0.0334763948497854,"TF:M12261","TF","Factor: slug; motif: NRCAGGTGCR",20092,7780
"776","darkturquoise",TRUE,1.96177698334198e-09,11196,321,234,0.728971962616822,0.0209003215434084,"TF:M11535","TF","Factor: E2F-4; motif: TTTTGGCGCCAWWN",20092,1552
"777","darkturquoise",TRUE,2.07222915185851e-09,4543,321,123,0.383177570093458,0.0270746202949593,"TF:M00807","TF","Factor: Egr; motif: GTGGGSGCRRS",20092,1714
"778","darkturquoise",TRUE,2.10783224861331e-09,2425,321,80,0.249221183800623,0.0329896907216495,"TF:M09909_1","TF","Factor: ER-alpha; motif: AGGTCASMNTGACCY; match class: 1",20092,2149
"779","darkturquoise",TRUE,2.52726703208435e-09,9441,321,207,0.644859813084112,0.0219256434699714,"TF:M12732","TF","Factor: ZNF532; motif: NGGRGCTGGG",20092,10816
"780","darkturquoise",TRUE,2.92826258243443e-09,3542,321,103,0.320872274143302,0.0290796160361378,"TF:M07461_1","TF","Factor: KLF; motif: GGGNGGGG; match class: 1",20092,4759
"781","darkturquoise",TRUE,2.96024270615807e-09,5264,321,136,0.423676012461059,0.0258358662613982,"TF:M12694_1","TF","Factor: ZFP14; motif: SCNNYCCNGNNSCTSCNC; match class: 1",20092,9499
"782","darkturquoise",TRUE,2.98983279938486e-09,8639,321,194,0.604361370716511,0.0224563028128256,"TF:M04106_1","TF","Factor: RUNX2; motif: NRACCGCAAACCGCAN; match class: 1",20092,7561
"783","darkturquoise",TRUE,3.0259614473677e-09,2911,321,90,0.280373831775701,0.0309172105805565,"TF:M11424_1","TF","Factor: Erm; motif: NNSCGGAWGYN; match class: 1",20092,2111
"784","darkturquoise",TRUE,3.25160648845791e-09,7973,321,183,0.570093457943925,0.0229524645679167,"TF:M08767","TF","Factor: HES-1; motif: GNCACGTGNC",20092,3466
"785","darkturquoise",TRUE,3.29736503786768e-09,9529,321,208,0.64797507788162,0.0218281036834925,"TF:M04110","TF","Factor: RUNX3; motif: NRACCGCANWAACCRCAN",20092,7576
"786","darkturquoise",TRUE,3.30516191516784e-09,7258,321,171,0.532710280373832,0.0235602094240838,"TF:M08309_1","TF","Factor: GCMa:Elk-1; motif: RTGNGGGCGGAAGNN; match class: 1",20092,3153
"787","darkturquoise",TRUE,3.37549077203754e-09,14141,321,274,0.853582554517134,0.0193762817339651,"TF:M04106","TF","Factor: RUNX2; motif: NRACCGCAAACCGCAN",20092,7560
"788","darkturquoise",TRUE,3.38670176853638e-09,5994,321,149,0.46417445482866,0.0248581915248582,"TF:M07597","TF","Factor: Egr-1; motif: GCGTGGGCGT",20092,1658
"789","darkturquoise",TRUE,3.54899939422347e-09,2873,321,89,0.277258566978193,0.0309780717020536,"TF:M03831_1","TF","Factor: MRF4; motif: CASCTGC; match class: 1",20092,5409
"790","darkturquoise",TRUE,3.54899939422347e-09,2873,321,89,0.277258566978193,0.0309780717020536,"TF:M02018_1","TF","Factor: HTF4; motif: CASCTGB; match class: 1",20092,4361
"791","darkturquoise",TRUE,3.64769868258106e-09,9221,321,203,0.632398753894081,0.0220149658388461,"TF:M08266_1","TF","Factor: ER71:Pax-5; motif: ACCGGAACYACGCWTSANTG; match class: 1",20092,2307
"792","darkturquoise",TRUE,4.113565658637e-09,847,321,41,0.127725856697819,0.0484061393152302,"TF:M09775","TF","Factor: MXI1; motif: NNNCCACGTGSNN",20092,5492
"793","darkturquoise",TRUE,4.25930123998107e-09,3818,321,108,0.336448598130841,0.0282870612886328,"TF:M01154_1","TF","Factor: c-Myc; motif: KACCACGTGSYY; match class: 1",20092,929
"794","darkturquoise",TRUE,4.32262043159789e-09,13779,321,269,0.838006230529595,0.0195224617171057,"TF:M11883","TF","Factor: pax-6; motif: NYACGCNTSRNYGCNYN",20092,6598
"795","darkturquoise",TRUE,4.68082754743068e-09,9754,321,211,0.657320872274143,0.0216321509124462,"TF:M11022","TF","Factor: IRX2a; motif: ACRYGNNNNACRYGT",20092,4538
"796","darkturquoise",TRUE,4.77687118594735e-09,11552,321,238,0.741433021806854,0.0206024930747922,"TF:M08377","TF","Factor: meis1:Elf-1; motif: NTGCCGGAAGTN",20092,5248
"797","darkturquoise",TRUE,4.82297679713609e-09,7173,321,169,0.526479750778816,0.0235605743761327,"TF:M12598_1","TF","Factor: E2F3; motif: NNRGMKGGAR; match class: 1",20092,1535
"798","darkturquoise",TRUE,5.08518649025245e-09,4927,321,129,0.401869158878505,0.0261822610107571,"TF:M01034","TF","Factor: Ebox; motif: NCACSTGNCN",20092,1638
"799","darkturquoise",TRUE,5.19785025155659e-09,8504,321,191,0.595015576323987,0.0224600188146754,"TF:M09905","TF","Factor: SAP-1; motif: NNCCGGAAGTGN",20092,1932
"800","darkturquoise",TRUE,5.21280034144789e-09,6369,321,155,0.482866043613707,0.0243366305542471,"TF:M09876_1","TF","Factor: DEC1; motif: NGCACGTGAS; match class: 1",20092,1247
"801","darkturquoise",TRUE,5.31261716715251e-09,1678,321,62,0.193146417445483,0.0369487485101311,"TF:M09764_1","TF","Factor: ROX; motif: GNNNCASGTGGS; match class: 1",20092,7525
"802","darkturquoise",TRUE,5.6199674431915e-09,5314,321,136,0.423676012461059,0.0255927738050433,"TF:M00469","TF","Factor: AP-2alpha; motif: GCCNNNRGS",20092,130
"803","darkturquoise",TRUE,5.63874558324505e-09,11637,321,239,0.744548286604361,0.0205379393314428,"TF:M00143","TF","Factor: Pax-5; motif: BCNNNRNGCANBGNTGNRTAGCSGCHNB",20092,6568
"804","darkturquoise",TRUE,5.64062465934817e-09,6433,321,156,0.485981308411215,0.0242499611378828,"TF:M11022_1","TF","Factor: IRX2a; motif: ACRYGNNNNACRYGT; match class: 1",20092,4539
"805","darkturquoise",TRUE,5.81856293472616e-09,7131,321,168,0.523364485981308,0.0235591081194783,"TF:M08964","TF","Factor: NR1B1:RXR-ALPHA; motif: RRGGTCANNNNNRGGTCA",20092,6092
"806","darkturquoise",TRUE,6.03037018212185e-09,7908,321,181,0.56386292834891,0.0228882144663632,"TF:M12726","TF","Factor: PURBETA; motif: NCWGRGGCTGGGG",20092,7236
"807","darkturquoise",TRUE,7.37857812562179e-09,7865,321,180,0.560747663551402,0.0228862047043865,"TF:M08767_1","TF","Factor: HES-1; motif: GNCACGTGNC; match class: 1",20092,3467
"808","darkturquoise",TRUE,7.77299731164138e-09,6402,321,155,0.482866043613707,0.0242111840049984,"TF:M08213","TF","Factor: Elk-1:TBR2; motif: TNRCACCGGAAGN",20092,1846
"809","darkturquoise",TRUE,7.81629571671864e-09,10388,321,220,0.685358255451713,0.0211782826338082,"TF:M02071","TF","Factor: ETV7; motif: NCCGGAANNN",20092,2390
"810","darkturquoise",TRUE,7.90513749102649e-09,7334,321,171,0.532710280373832,0.0233160621761658,"TF:M00144_1","TF","Factor: Pax-5; motif: RRMSWGANWYCTNRAGCGKRACSRYNSM; match class: 1",20092,6571
"811","darkturquoise",TRUE,8.05305700346689e-09,10064,321,215,0.669781931464174,0.0213632750397456,"TF:M07261","TF","Factor: LKLF; motif: GGGGTGGKSN",20092,4924
"812","darkturquoise",TRUE,8.16187196356878e-09,10790,321,226,0.70404984423676,0.0209453197405005,"TF:M03977","TF","Factor: ETS1; motif: ACCGGAARYN",20092,2224
"813","darkturquoise",TRUE,8.33866489920804e-09,7517,321,174,0.542056074766355,0.0231475322602102,"TF:M03867","TF","Factor: c-Myc; motif: CACGTGGC",20092,932
"814","darkturquoise",TRUE,8.48300010790216e-09,1531,321,58,0.180685358255452,0.0378837361201829,"TF:M01972_1","TF","Factor: EGR-1; motif: TGCGTGGGCGK; match class: 1",20092,1645
"815","darkturquoise",TRUE,8.48566202536653e-09,2829,321,87,0.271028037383178,0.0307529162248144,"TF:M09739_1","TF","Factor: ZGPAT; motif: GRGGCWGNGGNG; match class: 1",20092,9605
"816","darkturquoise",TRUE,8.83211282567781e-09,7050,321,166,0.517133956386293,0.0235460992907801,"TF:M12963","TF","Factor: CTCF; motif: CTGCANTNCCNNNNNNNNCCASNAGRKGGCRSNN",20092,1176
"817","darkturquoise",TRUE,9.31997500431435e-09,4232,321,115,0.358255451713396,0.0271739130434783,"TF:M05432","TF","Factor: ZSCAN18; motif: TRRCGRCGNMCC",20092,11950
"818","darkturquoise",TRUE,9.42290022252217e-09,12815,321,255,0.794392523364486,0.0198985563792431,"TF:M12598","TF","Factor: E2F3; motif: NNRGMKGGAR",20092,1534
"819","darkturquoise",TRUE,9.42290022252217e-09,2506,321,80,0.249221183800623,0.0319233838786911,"TF:M13138_1","TF","Factor: ETV4; motif: NNCCGGAAGYNNN; match class: 1",20092,2349
"820","darkturquoise",TRUE,9.66816700630855e-09,14006,321,271,0.844236760124611,0.019348850492646,"TF:M08209","TF","Factor: E2F-3:FOXO6; motif: NAATGACACGCGCCCMC",20092,1518
"821","darkturquoise",TRUE,9.74048815795252e-09,6308,321,153,0.476635514018692,0.0242549143944198,"TF:M11090","TF","Factor: TFEA; motif: YRCACGTGACN",20092,8898
"822","darkturquoise",TRUE,1.01677399351293e-08,1539,321,58,0.180685358255452,0.0376868096166342,"TF:M10014_1","TF","Factor: FXR; motif: NRGGKCANTGRCCNNNNGG; match class: 1",20092,2969
"823","darkturquoise",TRUE,1.02081360428524e-08,11148,321,231,0.719626168224299,0.0207212055974166,"TF:M09738","TF","Factor: ZNF511; motif: GGRRGRGGCWGNG",20092,10754
"824","darkturquoise",TRUE,1.04831921986272e-08,18475,321,319,0.993769470404984,0.0172665764546685,"TF:M04934","TF","Factor: TR4; motif: ACCCCGS",20092,6122
"825","darkturquoise",TRUE,1.05528542017637e-08,4086,321,112,0.348909657320872,0.0274106705824767,"TF:M09972_1","TF","Factor: BTEB2; motif: WGGGTGKGGCNGGN; match class: 1",20092,633
"826","darkturquoise",TRUE,1.12350944180219e-08,2846,321,87,0.271028037383178,0.0305692199578356,"TF:M11437","TF","Factor: SAP-1; motif: NRCCGGAWGYN",20092,1936
"827","darkturquoise",TRUE,1.15925620566491e-08,2152,321,72,0.224299065420561,0.033457249070632,"TF:M07249_1","TF","Factor: ctcf; motif: CCNCNAGRKGGCRSTN; match class: 1",20092,1181
"828","darkturquoise",TRUE,1.15925620566491e-08,2197,321,73,0.227414330218069,0.0332271279016841,"TF:M12706","TF","Factor: ZNF450; motif: NNNAGGTCCTGGMAGNK",20092,10624
"829","darkturquoise",TRUE,1.1850723931163e-08,4885,321,127,0.395638629283489,0.0259979529170931,"TF:M09738_1","TF","Factor: ZNF511; motif: GGRRGRGGCWGNG; match class: 1",20092,10755
"830","darkturquoise",TRUE,1.19041529496238e-08,1630,321,60,0.186915887850467,0.0368098159509202,"TF:M12140_1","TF","Factor: Egr-1; motif: NNCRCCCMCGCNN; match class: 1",20092,1669
"831","darkturquoise",TRUE,1.20877567776425e-08,5987,321,147,0.457943925233645,0.0245531985969601,"TF:M02073","TF","Factor: Fli-1; motif: ACCGGAAGYN",20092,2520
"832","darkturquoise",TRUE,1.27365399475109e-08,740,321,37,0.115264797507788,0.05,"TF:M03914_1","TF","Factor: KLF16; motif: GMCACGCCCCC; match class: 1",20092,4711
"833","darkturquoise",TRUE,1.29989312942585e-08,11037,321,229,0.713395638629283,0.0207483917731268,"TF:M11396","TF","Factor: Erg; motif: NACCGGAARTN",20092,2094
"834","darkturquoise",TRUE,1.32164573744752e-08,12348,321,248,0.772585669781931,0.0200842241658568,"TF:M03978","TF","Factor: ETS1; motif: GCCGGAWGTACTTCCGGN",20092,2226
"835","darkturquoise",TRUE,1.33804844859539e-08,8531,321,190,0.59190031152648,0.022271714922049,"TF:M08913","TF","Factor: FLI-1; motif: NAYTTCCGGT",20092,2528
"836","darkturquoise",TRUE,1.38429448925685e-08,8045,321,182,0.566978193146417,0.0226227470478558,"TF:M13128_1","TF","Factor: MED8; motif: CYYNSCYYCCTSCNCC; match class: 1",20092,5171
"837","darkturquoise",TRUE,1.38970488995731e-08,2482,321,79,0.246105919003115,0.0318291700241741,"TF:M08870_1","TF","Factor: DEC1; motif: NCNCACRTGNSC; match class: 1",20092,1251
"838","darkturquoise",TRUE,1.43684501932858e-08,11797,321,240,0.747663551401869,0.0203441552937187,"TF:M11877","TF","Factor: pax-2; motif: NCGTCACGCNYSRNYGCNYN",20092,6516
"839","darkturquoise",TRUE,1.45105448502445e-08,5281,321,134,0.417445482866044,0.0253739822003408,"TF:M09613","TF","Factor: Fli-1; motif: RCMGGAAGYGNNN",20092,2530
"840","darkturquoise",TRUE,1.45105448502445e-08,4794,321,125,0.389408099688474,0.0260742594910305,"TF:M08826_1","TF","Factor: NF-E4; motif: GTGAGGS; match class: 1",20092,5853
"841","darkturquoise",TRUE,1.50491881840774e-08,3106,321,92,0.286604361370716,0.0296200901481005,"TF:M12232","TF","Factor: c-Krox; motif: NCGACCACCN",20092,9448
"842","darkturquoise",TRUE,1.50491881840774e-08,2627,321,82,0.255451713395639,0.0312143129044537,"TF:M11439","TF","Factor: Net; motif: NRCCGGAAGTN",20092,1912
"843","darkturquoise",TRUE,1.60297768233045e-08,1394,321,54,0.168224299065421,0.0387374461979914,"TF:M04896_1","TF","Factor: AP-2alpha; motif: NNNGSCCTGRGGSN; match class: 1",20092,8785
"844","darkturquoise",TRUE,1.63274005197446e-08,10199,321,216,0.672897196261682,0.0211785469163643,"TF:M11400","TF","Factor: Fli-1; motif: NACCGGAARTN",20092,2538
"845","darkturquoise",TRUE,1.68244224628605e-08,12728,321,253,0.78816199376947,0.01987743557511,"TF:M04107","TF","Factor: RUNX2; motif: WRACCGCANWAACCGCAN",20092,7562
"846","darkturquoise",TRUE,1.70329255369664e-08,2355,321,76,0.236760124610592,0.0322717622080679,"TF:M13148_1","TF","Factor: ZSCAN21; motif: NSNGNSCNNGGTGCTG; match class: 1",20092,9663
"847","darkturquoise",TRUE,1.73983165544363e-08,3511,321,100,0.311526479750779,0.0284819139846198,"TF:M01145_1","TF","Factor: c-Myc; motif: RACCACGTGCTC; match class: 1",20092,927
"848","darkturquoise",TRUE,1.77285700503597e-08,8435,321,188,0.585669781931464,0.0222880853586248,"TF:M07040_1","TF","Factor: GKLF; motif: NNRRGRRNGNSNNN; match class: 1",20092,3289
"849","darkturquoise",TRUE,1.78057425553012e-08,3816,321,106,0.330218068535826,0.0277777777777778,"TF:M03860","TF","Factor: USF2; motif: NNNCCACGTGACN",20092,9130
"850","darkturquoise",TRUE,1.8308585808641e-08,6593,321,157,0.489096573208723,0.0238131351433338,"TF:M02090_1","TF","Factor: E2F-4; motif: GCGGGAAANA; match class: 1",20092,1559
"851","darkturquoise",TRUE,1.88232443234297e-08,10940,321,227,0.707165109034268,0.0207495429616088,"TF:M09729","TF","Factor: LUMAN; motif: CYCAGCYYCY",20092,4982
"852","darkturquoise",TRUE,2.04371501041464e-08,3673,321,103,0.320872274143302,0.0280424720936564,"TF:M00797","TF","Factor: HIF1; motif: GNNKACGTGCGGNN",20092,3554
"853","darkturquoise",TRUE,2.09809541929905e-08,11491,321,235,0.73208722741433,0.0204507875728831,"TF:M08571","TF","Factor: Erm:E2A; motif: CASGTGNNNCGGAAGNN",20092,2376
"854","darkturquoise",TRUE,2.25999459078154e-08,4936,321,127,0.395638629283489,0.0257293354943274,"TF:M04743","TF","Factor: c-Myc; motif: NSCACGTGGN",20092,5560
"855","darkturquoise",TRUE,2.36312059594162e-08,6271,321,151,0.470404984423676,0.0240790942433424,"TF:M12489","TF","Factor: KLF4; motif: NNCCCCACCCNN",20092,4742
"856","darkturquoise",TRUE,2.41789237586115e-08,8464,321,188,0.585669781931464,0.0222117202268431,"TF:M11477","TF","Factor: AP-2beta; motif: NSCCYNRGGSN",20092,8802
"857","darkturquoise",TRUE,2.49240670609312e-08,5712,321,141,0.439252336448598,0.0246848739495798,"TF:M08674_1","TF","Factor: AP-4:Max; motif: NCAGCTGNNNNNNNCACGTGN; match class: 1",20092,8855
"858","darkturquoise",TRUE,2.52881532352038e-08,10570,321,221,0.688473520249221,0.0209082308420057,"TF:M11382","TF","Factor: ESE-1; motif: NWTRCGGAWGCN",20092,1802
"859","darkturquoise",TRUE,2.52881532352038e-08,8902,321,195,0.607476635514019,0.0219051898449787,"TF:M11392","TF","Factor: Erg; motif: NACCGGAARYN",20092,2086
"860","darkturquoise",TRUE,2.59053065254469e-08,1666,321,60,0.186915887850467,0.0360144057623049,"TF:M00246_1","TF","Factor: Egr-2; motif: NTGCGTRGGCGK; match class: 1",20092,1677
"861","darkturquoise",TRUE,2.59053065254469e-08,5996,321,146,0.454828660436137,0.0243495663775851,"TF:M11480_1","TF","Factor: AP-2alpha; motif: NGCCTSAGGCN; match class: 1",20092,8793
"862","darkturquoise",TRUE,2.70414769673817e-08,9667,321,207,0.644859813084112,0.021413054722251,"TF:M12636","TF","Factor: MLLT10; motif: CYNNCCNNGGNGCTG",20092,5374
"863","darkturquoise",TRUE,2.84024340644498e-08,8851,321,194,0.604361370716511,0.0219184272963507,"TF:M12593","TF","Factor: CTCF; motif: NNRSYGCCMCCTGSTGGCCN",20092,1174
"864","darkturquoise",TRUE,2.87495508996513e-08,8114,321,182,0.566978193146417,0.022430367266453,"TF:M00450_1","TF","Factor: Zic3; motif: NGGGKGGTC; match class: 1",20092,9619
"865","darkturquoise",TRUE,2.88620989625263e-08,6346,321,152,0.473520249221184,0.0239520958083832,"TF:M11480","TF","Factor: AP-2alpha; motif: NGCCTSAGGCN",20092,8792
"866","darkturquoise",TRUE,2.9213610040352e-08,7336,321,169,0.526479750778816,0.0230370774263904,"TF:M11881_1","TF","Factor: pax-6; motif: NYACGCNTSANYGCNYN; match class: 1",20092,6595
"867","darkturquoise",TRUE,2.95116322654921e-08,5012,321,128,0.398753894080997,0.0255387071029529,"TF:M13031_1","TF","Factor: ETV4; motif: ACCGGAAGTN; match class: 1",20092,2347
"868","darkturquoise",TRUE,2.95116322654921e-08,8669,321,191,0.595015576323987,0.0220325297035414,"TF:M09890","TF","Factor: ctcf; motif: YGGCCACCAGRKGGCRSYN",20092,1170
"869","darkturquoise",TRUE,3.00202736033594e-08,3599,321,101,0.314641744548287,0.0280633509308141,"TF:M12732_1","TF","Factor: ZNF532; motif: NGGRGCTGGG; match class: 1",20092,10817
"870","darkturquoise",TRUE,3.18108455712252e-08,8925,321,195,0.607476635514019,0.0218487394957983,"TF:M02018","TF","Factor: HTF4; motif: CASCTGB",20092,4360
"871","darkturquoise",TRUE,3.18108455712252e-08,8925,321,195,0.607476635514019,0.0218487394957983,"TF:M03831","TF","Factor: MRF4; motif: CASCTGC",20092,5408
"872","darkturquoise",TRUE,3.35943093811236e-08,5350,321,134,0.417445482866044,0.0250467289719626,"TF:M09900","TF","Factor: Elf-1; motif: NNANCCGGAAGTGS",20092,1744
"873","darkturquoise",TRUE,3.75948237015178e-08,5414,321,135,0.420560747663551,0.0249353527890654,"TF:M01154","TF","Factor: c-Myc; motif: KACCACGTGSYY",20092,928
"874","darkturquoise",TRUE,3.79333476920322e-08,10217,321,215,0.669781931464174,0.0210433591073701,"TF:M03975","TF","Factor: ERG; motif: ACCGGAARTN",20092,2074
"875","darkturquoise",TRUE,4.02045430476604e-08,4713,321,122,0.38006230529595,0.0258858476554212,"TF:M11427_1","TF","Factor: PEA3; motif: NACCGGAAGTN; match class: 1",20092,6697
"876","darkturquoise",TRUE,4.19897354837655e-08,5313,321,133,0.414330218068536,0.0250329380764163,"TF:M03814","TF","Factor: BTEB2; motif: GNAGGGGGNGGGSSNN",20092,638
"877","darkturquoise",TRUE,4.20951387079871e-08,4932,321,126,0.392523364485981,0.0255474452554745,"TF:M10056","TF","Factor: DRRS; motif: GNNGGGWGGG",20092,1426
"878","darkturquoise",TRUE,4.20951387079871e-08,6208,321,149,0.46417445482866,0.0240012886597938,"TF:M11419","TF","Factor: ER81; motif: NNCCGGAWGYN",20092,2012
"879","darkturquoise",TRUE,4.2125929791539e-08,4717,321,122,0.38006230529595,0.0258638965444138,"TF:M00444_1","TF","Factor: VDR; motif: GGGKNARNRRGGWSA; match class: 1",20092,9173
"880","darkturquoise",TRUE,4.21739838475426e-08,2360,321,75,0.233644859813084,0.0317796610169492,"TF:M12185","TF","Factor: BTEB4; motif: RCCACGCCCC",20092,4712
"881","darkturquoise",TRUE,4.30612073997111e-08,2087,321,69,0.214953271028037,0.0330618112122664,"TF:M03899","TF","Factor: EGR4; motif: NNMCGCCCACGCANNN",20092,1706
"882","darkturquoise",TRUE,4.48924838330961e-08,3627,321,101,0.314641744548287,0.0278467052660601,"TF:M02057_1","TF","Factor: Elf5; motif: CSMGGAARNN; match class: 1",20092,1829
"883","darkturquoise",TRUE,4.50552737146159e-08,3729,321,103,0.320872274143302,0.027621346205417,"TF:M13125","TF","Factor: ARID4B; motif: NNYCAGCACCNNGGNCAGCGSC",20092,200
"884","darkturquoise",TRUE,4.50847367238238e-08,5210,321,131,0.40809968847352,0.0251439539347409,"TF:M08868","TF","Factor: ARNTLIKE; motif: NNNSCACGTG",20092,206
"885","darkturquoise",TRUE,4.53369457012711e-08,11774,321,238,0.741433021806854,0.0202140309155767,"TF:M11066","TF","Factor: HES-7; motif: GNCACGYGNN",20092,3492
"886","darkturquoise",TRUE,4.77857679871602e-08,13485,321,262,0.81619937694704,0.0194289951798294,"TF:M11533","TF","Factor: E2F-1; motif: NTTTTGGCGCCAWWWN",20092,1480
"887","darkturquoise",TRUE,4.79716597280046e-08,5380,321,134,0.417445482866044,0.024907063197026,"TF:M03990","TF","Factor: GABPA; motif: ACCGGAAGTN",20092,2976
"888","darkturquoise",TRUE,4.89600564760795e-08,5939,321,144,0.448598130841121,0.0242465061458158,"TF:M04896","TF","Factor: AP-2alpha; motif: NNNGSCCTGRGGSN",20092,8784
"889","darkturquoise",TRUE,4.99685572921802e-08,1872,321,64,0.199376947040498,0.0341880341880342,"TF:M09991","TF","Factor: N-Myc; motif: NGCCACGTGSNN",20092,6076
"890","darkturquoise",TRUE,5.02027252848548e-08,13937,321,268,0.834890965732087,0.0192293893951353,"TF:M09918","TF","Factor: Pet-1; motif: GCNGGAAGYG",20092,6724
"891","darkturquoise",TRUE,5.20448444359903e-08,7213,321,166,0.517133956386293,0.0230140024954942,"TF:M11880_1","TF","Factor: pax-6; motif: NYACGCWTSANYGMNCN; match class: 1",20092,6593
"892","darkturquoise",TRUE,5.23999307835262e-08,5443,321,135,0.420560747663551,0.0248024986220834,"TF:M07231","TF","Factor: TFAP2A; motif: NNNNGCCYSAGGGCA",20092,8786
"893","darkturquoise",TRUE,5.23999307835262e-08,2943,321,87,0.271028037383178,0.0295616717635066,"TF:M10529_1","TF","Factor: Sp1; motif: RGGGMGGRGSNGGGG; match class: 1",20092,8055
"894","darkturquoise",TRUE,5.36240130236731e-08,4051,321,109,0.339563862928349,0.0269069365588744,"TF:M08965","TF","Factor: NR1B1:RXR-GAMMA; motif: RRGGTCANNNNNRGGTCA",20092,6094
"895","darkturquoise",TRUE,5.36240130236731e-08,9228,321,199,0.61993769470405,0.0215648027741656,"TF:M00428","TF","Factor: E2F-1; motif: NKTSSCGC",20092,1484
"896","darkturquoise",TRUE,5.38857703036303e-08,5612,321,138,0.429906542056075,0.0245901639344262,"TF:M01837","TF","Factor: FKLF; motif: BGGGNGGVMD",20092,2496
"897","darkturquoise",TRUE,5.43946097721143e-08,6634,321,156,0.485981308411215,0.0235152246005427,"TF:M04107_1","TF","Factor: RUNX2; motif: WRACCGCANWAACCGCAN; match class: 1",20092,7563
"898","darkturquoise",TRUE,5.43946097721143e-08,3490,321,98,0.305295950155763,0.028080229226361,"TF:M01721_1","TF","Factor: PUR1; motif: GGGNCAGNN; match class: 1",20092,7235
"899","darkturquoise",TRUE,5.6129716624504e-08,9486,321,203,0.632398753894081,0.0213999578325954,"TF:M09972","TF","Factor: BTEB2; motif: WGGGTGKGGCNGGN",20092,632
"900","darkturquoise",TRUE,5.68280224998889e-08,1835,321,63,0.196261682242991,0.0343324250681199,"TF:M00244_1","TF","Factor: NGFI-C; motif: WTGCGTGGGYGG; match class: 1",20092,5941
"901","darkturquoise",TRUE,5.76150545365772e-08,1245,321,49,0.152647975077882,0.0393574297188755,"TF:M07384","TF","Factor: HIF-1alpha; motif: NCACGTNN",20092,3548
"902","darkturquoise",TRUE,5.76150545365772e-08,1245,321,49,0.152647975077882,0.0393574297188755,"TF:M11215","TF","Factor: N-Myc; motif: NNCACGTGNN",20092,5558
"903","darkturquoise",TRUE,6.31674473200042e-08,4590,321,119,0.370716510903427,0.0259259259259259,"TF:M02071_1","TF","Factor: ETV7; motif: NCCGGAANNN; match class: 1",20092,2391
"904","darkturquoise",TRUE,6.3469967701359e-08,1753,321,61,0.190031152647975,0.0347974900171135,"TF:M09606_1","TF","Factor: nerf; motif: NRRNSCGGAAGNRNNNN; match class: 1",20092,1777
"905","darkturquoise",TRUE,6.40136707315738e-08,5516,321,136,0.423676012461059,0.0246555474981871,"TF:M00243","TF","Factor: Egr-1; motif: WTGCGTGGGCGK",20092,1642
"906","darkturquoise",TRUE,7.19506808287569e-08,7780,321,175,0.545171339563863,0.0224935732647815,"TF:M02063","TF","Factor: c-ets-1; motif: ACCGGAWGTN",20092,838
"907","darkturquoise",TRUE,7.36258014119258e-08,3063,321,89,0.277258566978193,0.0290564805746001,"TF:M09632","TF","Factor: Kaiso; motif: GNTCTCGCGAGRNNNNGGN",20092,9370
"908","darkturquoise",TRUE,7.42191675930688e-08,2534,321,78,0.242990654205607,0.0307813733228098,"TF:M12256","TF","Factor: SNA; motif: NRCAGGTGNN",20092,7854
"909","darkturquoise",TRUE,7.43039812397964e-08,3766,321,103,0.320872274143302,0.0273499734466277,"TF:M12188","TF","Factor: KLF17; motif: NGMCMCRCCCTN",20092,4720
"910","darkturquoise",TRUE,7.44497324442863e-08,13530,321,262,0.81619937694704,0.0193643754619364,"TF:M00144","TF","Factor: Pax-5; motif: RRMSWGANWYCTNRAGCGKRACSRYNSM",20092,6570
"911","darkturquoise",TRUE,7.49190325603679e-08,2918,321,86,0.26791277258567,0.0294722412611378,"TF:M01258","TF","Factor: GABP; motif: CACTTCCGGNNN",20092,3002
"912","darkturquoise",TRUE,7.49840432972131e-08,3614,321,100,0.311526479750779,0.0276701715550636,"TF:M12636_1","TF","Factor: MLLT10; motif: CYNNCCNNGGNGCTG; match class: 1",20092,5375
"913","darkturquoise",TRUE,7.85867250093308e-08,12811,321,252,0.785046728971963,0.0196705955819218,"TF:M11052","TF","Factor: Hey2; motif: NNCACGYGNN",20092,3516
"914","darkturquoise",TRUE,8.07924514661127e-08,11222,321,229,0.713395638629283,0.0204063446800927,"TF:M04950","TF","Factor: Egr-1; motif: NGCGTGCGY",20092,1654
"915","darkturquoise",TRUE,8.38703394082184e-08,11564,321,234,0.728971962616822,0.0202352127291595,"TF:M08826","TF","Factor: NF-E4; motif: GTGAGGS",20092,5852
"916","darkturquoise",TRUE,8.38789609951651e-08,4990,321,126,0.392523364485981,0.025250501002004,"TF:M10026_1","TF","Factor: PATZ; motif: GGGGNGGGGGMKGGRRNGGNRN; match class: 1",20092,6501
"917","darkturquoise",TRUE,8.59166337843335e-08,4992,321,126,0.392523364485981,0.0252403846153846,"TF:M02070_1","TF","Factor: TEL1; motif: CNCGGAANNN; match class: 1",20092,8775
"918","darkturquoise",TRUE,9.33527362903456e-08,2548,321,78,0.242990654205607,0.0306122448979592,"TF:M12147","TF","Factor: SP8; motif: RNCACGCCCMCN",20092,8130
"919","darkturquoise",TRUE,9.72271654149398e-08,3230,321,92,0.286604361370716,0.0284829721362229,"TF:M03983","TF","Factor: ETV5; motif: NCCGGAWGYN",20092,2378
"920","darkturquoise",TRUE,1.01547439234239e-07,9673,321,205,0.638629283489097,0.0211930114752404,"TF:M13032","TF","Factor: ETV5; motif: ACCGGAAGTN",20092,2382
"921","darkturquoise",TRUE,1.03406403881948e-07,4258,321,112,0.348909657320872,0.0263034288398309,"TF:M00055","TF","Factor: N-Myc; motif: NNCCACGTGNNN",20092,6072
"922","darkturquoise",TRUE,1.0924298139016e-07,1824,321,62,0.193146417445483,0.0339912280701754,"TF:M12963_1","TF","Factor: CTCF; motif: CTGCANTNCCNNNNNNNNCCASNAGRKGGCRSNN; match class: 1",20092,1177
"923","darkturquoise",TRUE,1.10630362275346e-07,4904,321,124,0.386292834890966,0.0252854812398042,"TF:M03970","TF","Factor: ELK1; motif: ACCGGAAGTN",20092,1892
"924","darkturquoise",TRUE,1.14752104447558e-07,2187,321,70,0.218068535825545,0.0320073159579332,"TF:M03896_1","TF","Factor: EGR1; motif: NACGCCCACGCANW; match class: 1",20092,1647
"925","darkturquoise",TRUE,1.17368168027184e-07,5072,321,127,0.395638629283489,0.0250394321766562,"TF:M11396_1","TF","Factor: Erg; motif: NACCGGAARTN; match class: 1",20092,2095
"926","darkturquoise",TRUE,1.21087103754452e-07,2659,321,80,0.249221183800623,0.0300864986837157,"TF:M11447_1","TF","Factor: Elf-1; motif: NAMCCGGAAGTN; match class: 1",20092,1751
"927","darkturquoise",TRUE,1.27846564582391e-07,5968,321,143,0.445482866043614,0.0239611260053619,"TF:M11595_1","TF","Factor: GCMa; motif: RTGCGGGTN; match class: 1",20092,3201
"928","darkturquoise",TRUE,1.28696454095464e-07,4540,321,117,0.364485981308411,0.0257709251101322,"TF:M12557","TF","Factor: ETV5; motif: NNACTTCCGNN",20092,2380
"929","darkturquoise",TRUE,1.32389052414849e-07,3757,321,102,0.317757009345794,0.0271493212669683,"TF:M02174_1","TF","Factor: MYC:MAX; motif: RASCACGTGGT; match class: 1",20092,5553
"930","darkturquoise",TRUE,1.35555969071277e-07,10874,321,223,0.694704049844237,0.0205076328857826,"TF:M08993","TF","Factor: ZNF777; motif: GTCCGYCCCGTCSAACAAT",20092,11638
"931","darkturquoise",TRUE,1.35960028440112e-07,4759,321,121,0.376947040498442,0.0254255095608321,"TF:M03925","TF","Factor: YY2; motif: NCCGCCATNTY",20092,9286
"932","darkturquoise",TRUE,1.44399912444845e-07,2718,321,81,0.252336448598131,0.0298013245033113,"TF:M12554","TF","Factor: YY2; motif: NNATGGCGGCN",20092,9292
"933","darkturquoise",TRUE,1.49384227571121e-07,14347,321,272,0.847352024922118,0.0189586673172092,"TF:M08225","TF","Factor: Elk-1:Pax-5; motif: ACCGGAACYACGCWTSANYG",20092,1868
"934","darkturquoise",TRUE,1.49834160679183e-07,2388,321,74,0.230529595015576,0.0309882747068677,"TF:M11448_1","TF","Factor: Elf-1; motif: NANGCGGAAGTN; match class: 1",20092,1753
"935","darkturquoise",TRUE,1.55982002030841e-07,2297,321,72,0.224299065420561,0.0313452329124946,"TF:M12313_1","TF","Factor: ZNF460; motif: NNACNCCCCCCNN; match class: 1",20092,10649
"936","darkturquoise",TRUE,1.61748967952978e-07,5099,321,127,0.395638629283489,0.0249068444793097,"TF:M00799","TF","Factor: Myc; motif: CACGTGS",20092,5566
"937","darkturquoise",TRUE,1.61845903722098e-07,8963,321,193,0.601246105919003,0.0215329688720295,"TF:M11533_1","TF","Factor: E2F-1; motif: NTTTTGGCGCCAWWWN; match class: 1",20092,1481
"938","darkturquoise",TRUE,1.64231871321055e-07,8042,321,178,0.554517133956386,0.0221337975627953,"TF:M00940","TF","Factor: E2F-1; motif: NTTTCGCGCS",20092,1496
"939","darkturquoise",TRUE,1.66961335095464e-07,4776,321,121,0.376947040498442,0.0253350083752094,"TF:M07602_1","TF","Factor: CP2; motif: NNNNCCAGNCNN; match class: 1",20092,961
"940","darkturquoise",TRUE,1.69829355133614e-07,4456,321,115,0.358255451713396,0.0258078994614004,"TF:M00448_1","TF","Factor: Zic1; motif: KGGGTGGTC; match class: 1",20092,9607
"941","darkturquoise",TRUE,1.70684552419259e-07,2443,321,75,0.233644859813084,0.0306999590667212,"TF:M07415_1","TF","Factor: Elf-1; motif: AWCCCGGAAGTN; match class: 1",20092,1741
"942","darkturquoise",TRUE,1.7315793968338e-07,785,321,36,0.11214953271028,0.045859872611465,"TF:M10528_1","TF","Factor: SNA; motif: NNRGCAGGTGCNNNN; match class: 1",20092,7851
"943","darkturquoise",TRUE,1.81608844994711e-07,5164,321,128,0.398753894080997,0.0247869868319132,"TF:M08377_1","TF","Factor: meis1:Elf-1; motif: NTGCCGGAAGTN; match class: 1",20092,5249
"944","darkturquoise",TRUE,1.86993182413822e-07,6402,321,150,0.467289719626168,0.0234301780693533,"TF:M07208","TF","Factor: EGR1; motif: NCNCCGCCCCCGCN",20092,1656
"945","darkturquoise",TRUE,2.19706409581148e-07,1995,321,65,0.202492211838006,0.0325814536340852,"TF:M11094","TF","Factor: USF1; motif: NNCACGTGACN",20092,9102
"946","darkturquoise",TRUE,2.21605254246038e-07,7530,321,169,0.526479750778816,0.0224435590969456,"TF:M13148","TF","Factor: ZSCAN21; motif: NSNGNSCNNGGTGCTG",20092,9662
"947","darkturquoise",TRUE,2.22074455203979e-07,5736,321,138,0.429906542056075,0.0240585774058577,"TF:M11450","TF","Factor: Elf-1; motif: NANSCGGAAGTR",20092,1756
"948","darkturquoise",TRUE,2.31111533485782e-07,2227,321,70,0.218068535825545,0.0314324202963628,"TF:M00032_1","TF","Factor: c-Ets-1(p54); motif: NCMGGAWGYN; match class: 1",20092,833
"949","darkturquoise",TRUE,2.31896592566115e-07,5350,321,131,0.40809968847352,0.0244859813084112,"TF:M09812_1","TF","Factor: MYC; motif: NNCCACGTGCNN; match class: 1",20092,5563
"950","darkturquoise",TRUE,2.36701791362455e-07,4536,321,116,0.361370716510903,0.0255731922398589,"TF:M00025_1","TF","Factor: Elk-1; motif: NNNNCCGGAARTNN; match class: 1",20092,1885
"951","darkturquoise",TRUE,2.3974740001312e-07,4806,321,121,0.376947040498442,0.0251768622555139,"TF:M09603","TF","Factor: Egr-1; motif: NNNNNGYGKGGGNGGGNN",20092,1660
"952","darkturquoise",TRUE,2.40697236977802e-07,8879,321,191,0.595015576323987,0.0215114314675076,"TF:M05439","TF","Factor: RREB-1; motif: GGGWCSA",20092,7548
"953","darkturquoise",TRUE,2.4242517107409e-07,8081,321,178,0.554517133956386,0.0220269768592996,"TF:M11081_1","TF","Factor: SREBP-1; motif: RTCRCGTGAY; match class: 1",20092,8207
"954","darkturquoise",TRUE,2.52555133652498e-07,8698,321,188,0.585669781931464,0.0216141641756726,"TF:M01047_1","TF","Factor: AP-2alphaA; motif: ANMGCCTNAGGCKNT; match class: 1",20092,135
"955","darkturquoise",TRUE,2.52555133652498e-07,8698,321,188,0.585669781931464,0.0216141641756726,"TF:M01047","TF","Factor: AP-2alphaA; motif: ANMGCCTNAGGCKNT",20092,134
"956","darkturquoise",TRUE,2.55155425979936e-07,5918,321,141,0.439252336448598,0.0238256167624197,"TF:M11541","TF","Factor: Foxn2; motif: NNGCGTCNNNNNGACGCNN",20092,2800
"957","darkturquoise",TRUE,2.5680392696022e-07,10677,321,219,0.682242990654206,0.0205113796010115,"TF:M03989","TF","Factor: FLI1; motif: ACCGGAAATCCGGT",20092,2524
"958","darkturquoise",TRUE,2.69907663705084e-07,6842,321,157,0.489096573208723,0.0229465068693365,"TF:M10002","TF","Factor: NF-1C; motif: NYTGGCNNYNNGCCARN",20092,5728
"959","darkturquoise",TRUE,2.74888580941739e-07,3454,321,95,0.29595015576324,0.027504342790967,"TF:M12255","TF","Factor: SNA; motif: NRCAGGTGCN",20092,7852
"960","darkturquoise",TRUE,2.86889137496049e-07,11556,321,232,0.722741433021807,0.0200761509172724,"TF:M03971","TF","Factor: ELK1; motif: NACTTCCGSCGGAAGYN",20092,1894
"961","darkturquoise",TRUE,2.9219273476669e-07,5987,321,142,0.442367601246106,0.0237180557875397,"TF:M07601","TF","Factor: C-Myc; motif: NGCCACGTGNN",20092,930
"962","darkturquoise",TRUE,2.95573547086982e-07,13018,321,253,0.78816199376947,0.019434628975265,"TF:M00646","TF","Factor: LF-A1; motif: GGGSTCWR",20092,4826
"963","darkturquoise",TRUE,3.00791863315401e-07,3410,321,94,0.292834890965732,0.0275659824046921,"TF:M02111_1","TF","Factor: NR1B2; motif: NTGACCY; match class: 1",20092,6101
"964","darkturquoise",TRUE,3.13288655907111e-07,5377,321,131,0.40809968847352,0.0243630277106193,"TF:M09590","TF","Factor: AP-2alpha; motif: NTNSCCTGRGGSNAN",20092,8788
"965","darkturquoise",TRUE,3.25422719058991e-07,2388,321,73,0.227414330218069,0.0305695142378559,"TF:M11425_1","TF","Factor: PEA3; motif: NACCGGAAGTN; match class: 1",20092,6695
"966","darkturquoise",TRUE,3.26553351215259e-07,4191,321,109,0.339563862928349,0.0260081126222859,"TF:M00217","TF","Factor: USF; motif: NCACGTGN",20092,9136
"967","darkturquoise",TRUE,3.33742288915524e-07,19042,321,321,1,0.0168574729545216,"TF:M01822_1","TF","Factor: CPBP; motif: SNCCCNN; match class: 1",20092,973
"968","darkturquoise",TRUE,3.37558656049676e-07,3068,321,87,0.271028037383178,0.0283572359843546,"TF:M03565","TF","Factor: slug; motif: KCACCTGN",20092,7784
"969","darkturquoise",TRUE,3.37558656049676e-07,1279,321,48,0.149532710280374,0.037529319781079,"TF:M12728_1","TF","Factor: THAP7; motif: GNCGCCATSTTGRGNGKGGC; match class: 1",20092,8981
"970","darkturquoise",TRUE,3.37558656049676e-07,3068,321,87,0.271028037383178,0.0283572359843546,"TF:M11155","TF","Factor: ITF-2; motif: NCACCTGN",20092,8594
"971","darkturquoise",TRUE,3.38892041370506e-07,18197,321,315,0.981308411214953,0.0173105456943452,"TF:M04826","TF","Factor: p300; motif: ACNTCCG",20092,1994
"972","darkturquoise",TRUE,3.42836081957399e-07,2251,321,70,0.218068535825545,0.0310972900932919,"TF:M12154","TF","Factor: Sp3; motif: NGCCACGCCCMCN",20092,8102
"973","darkturquoise",TRUE,3.45592948534138e-07,2824,321,82,0.255451713395639,0.0290368271954674,"TF:M09904_1","TF","Factor: Elk-1; motif: RCCGGAAGTGN; match class: 1",20092,1897
"974","darkturquoise",TRUE,3.50273837648942e-07,4356,321,112,0.348909657320872,0.0257116620752984,"TF:M09837","TF","Factor: ZNF449; motif: NNNAGCCCARCC",20092,10602
"975","darkturquoise",TRUE,3.55271881579241e-07,2973,321,85,0.264797507788162,0.0285906491759166,"TF:M12148","TF","Factor: SP8; motif: NCCACGCCCMCN",20092,8132
"976","darkturquoise",TRUE,3.67219068032967e-07,10000,321,208,0.64797507788162,0.0208,"TF:M04109","TF","Factor: RUNX3; motif: NRACCGCAAACCGCAN",20092,7574
"977","darkturquoise",TRUE,3.97175854255354e-07,3179,321,89,0.277258566978193,0.0279962252280591,"TF:M07067","TF","Factor: USF1; motif: NNNNGTCACGTGGN",20092,9106
"978","darkturquoise",TRUE,3.98124332570992e-07,7174,321,162,0.504672897196262,0.0225815444661277,"TF:M09834","TF","Factor: ZNF148; motif: NNNNNNCCNNCCCCTCCCCCACCCN",20092,9776
"979","darkturquoise",TRUE,4.04928967073263e-07,1849,321,61,0.190031152647975,0.0329908058409951,"TF:M08964_1","TF","Factor: NR1B1:RXR-ALPHA; motif: RRGGTCANNNNNRGGTCA; match class: 1",20092,6093
"980","darkturquoise",TRUE,4.16422701520771e-07,8381,321,182,0.566978193146417,0.021715785705763,"TF:M10436","TF","Factor: YY1; motif: CAANATGGCGGC",20092,9268
"981","darkturquoise",TRUE,4.20887440665905e-07,2595,321,77,0.2398753894081,0.0296724470134875,"TF:M12184","TF","Factor: KLF14; motif: NRCCACGCCCMCN",20092,4694
"982","darkturquoise",TRUE,4.26879047599316e-07,8568,321,185,0.576323987538941,0.0215919701213819,"TF:M03582","TF","Factor: TWIST; motif: CACCTGG",20092,9086
"983","darkturquoise",TRUE,4.30217718646979e-07,7123,321,161,0.501557632398754,0.0226028358837568,"TF:M11477_1","TF","Factor: AP-2beta; motif: NSCCYNRGGSN; match class: 1",20092,8803
"984","darkturquoise",TRUE,4.31820596956202e-07,4641,321,117,0.364485981308411,0.0252100840336134,"TF:M08906","TF","Factor: TR4; motif: NCCCTGACCYB",20092,9062
"985","darkturquoise",TRUE,4.33466251239014e-07,3286,321,91,0.283489096573209,0.0276932440657334,"TF:M04698","TF","Factor: GABP-alpha; motif: CACTTCCGG",20092,2978
"986","darkturquoise",TRUE,4.3688523540931e-07,2502,321,75,0.233644859813084,0.0299760191846523,"TF:M01078_1","TF","Factor: c-Ets-1; motif: NNNRCCGGAWRYNNNN; match class: 1",20092,837
"987","darkturquoise",TRUE,4.40267105090798e-07,7067,321,160,0.498442367601246,0.022640441488609,"TF:M00118","TF","Factor: c-Myc:Max; motif: NNACCACGTGGTNN",20092,5546
"988","darkturquoise",TRUE,4.40267105090798e-07,7067,321,160,0.498442367601246,0.022640441488609,"TF:M00118_1","TF","Factor: c-Myc:Max; motif: NNACCACGTGGTNN; match class: 1",20092,5547
"989","darkturquoise",TRUE,4.40281425073816e-07,7126,321,161,0.501557632398754,0.0225933202357564,"TF:M10529","TF","Factor: Sp1; motif: RGGGMGGRGSNGGGG",20092,8054
"990","darkturquoise",TRUE,4.56967963407123e-07,6373,321,148,0.461059190031153,0.0232229719127569,"TF:M12286","TF","Factor: ZNF647; motif: NYAGGCCYAC",20092,11192
"991","darkturquoise",TRUE,4.61883545988144e-07,6721,321,154,0.479750778816199,0.0229132569558101,"TF:M11535_1","TF","Factor: E2F-4; motif: TTTTGGCGCCAWWN; match class: 1",20092,1553
"992","darkturquoise",TRUE,4.63503901568294e-07,8516,321,184,0.573208722741433,0.0216063879755754,"TF:M03988","TF","Factor: FLI1; motif: ACCGGAARTN",20092,2522
"993","darkturquoise",TRUE,4.67168046861971e-07,8888,321,190,0.59190031152648,0.0213771377137714,"TF:M09876","TF","Factor: DEC1; motif: NGCACGTGAS",20092,1246
"994","darkturquoise",TRUE,4.7606627285307e-07,4758,321,119,0.370716510903427,0.025010508617066,"TF:M09729_1","TF","Factor: LUMAN; motif: CYCAGCYYCY; match class: 1",20092,4983
"995","darkturquoise",TRUE,4.78277566053488e-07,4013,321,105,0.327102803738318,0.0261649638674308,"TF:M04109_1","TF","Factor: RUNX3; motif: NRACCGCAAACCGCAN; match class: 1",20092,7575
"996","darkturquoise",TRUE,4.92839767905063e-07,2606,321,77,0.2398753894081,0.0295471987720645,"TF:M03582_1","TF","Factor: TWIST; motif: CACCTGG; match class: 1",20092,9087
"997","darkturquoise",TRUE,4.99982435902775e-07,897,321,38,0.118380062305296,0.0423634336677815,"TF:M04754_1","TF","Factor: Pax-5; motif: GTYAYGCTTSRCTGVNYN; match class: 1",20092,6575
"998","darkturquoise",TRUE,5.07139904868521e-07,3048,321,86,0.26791277258567,0.0282152230971129,"TF:M12164","TF","Factor: BTEB2; motif: NMCACGCCCN",20092,634
"999","darkturquoise",TRUE,5.15805977753759e-07,4389,321,112,0.348909657320872,0.025518341307815,"TF:M11449","TF","Factor: Elf-1; motif: NANCCGGAAGTN",20092,1754
"1000","darkturquoise",TRUE,5.26212131047054e-07,138,321,14,0.043613707165109,0.101449275362319,"TF:M07367_1","TF","Factor: Slug; motif: SSSNNNKCACCTGN; match class: 1",20092,7787
"1001","darkturquoise",TRUE,5.38799049295125e-07,5651,321,135,0.420560747663551,0.023889577066006,"TF:M11541_1","TF","Factor: Foxn2; motif: NNGCGTCNNNNNGACGCNN; match class: 1",20092,2801
"1002","darkturquoise",TRUE,5.52945305454733e-07,2375,321,72,0.224299065420561,0.0303157894736842,"TF:M08664","TF","Factor: AP-2gamma:Max; motif: NNSCCYNRGGSNNNNCACGTGN",20092,8822
"1003","darkturquoise",TRUE,5.52945305454733e-07,4663,321,117,0.364485981308411,0.0250911430409608,"TF:M10528","TF","Factor: SNA; motif: NNRGCAGGTGCNNNN",20092,7850
"1004","darkturquoise",TRUE,5.55466475612819e-07,4236,321,109,0.339563862928349,0.0257318224740321,"TF:M01073","TF","Factor: HIC1; motif: NNNGGKTGCCCSNNNNNN",20092,3534
"1005","darkturquoise",TRUE,5.58495288945914e-07,6051,321,142,0.442367601246106,0.0234671955048752,"TF:M00726","TF","Factor: USF2; motif: CASGYG",20092,9128
"1006","darkturquoise",TRUE,5.58495288945914e-07,9284,321,196,0.610591900311526,0.021111589831969,"TF:M10086","TF","Factor: TAFII250; motif: RARRWGGCGGMGGNGR",20092,8392
"1007","darkturquoise",TRUE,5.58495288945914e-07,4827,321,120,0.373831775700935,0.0248601615910503,"TF:M03558","TF","Factor: P73; motif: GNNNRRRCNTGCMNNTSASN",20092,6494
"1008","darkturquoise",TRUE,5.58495288945914e-07,6051,321,142,0.442367601246106,0.0234671955048752,"TF:M00726_1","TF","Factor: USF2; motif: CASGYG; match class: 1",20092,9129
"1009","darkturquoise",TRUE,5.58495288945914e-07,1868,321,61,0.190031152647975,0.0326552462526767,"TF:M10018","TF","Factor: NRF-1; motif: CNSTGCGCATGCGCNNS",20092,6222
"1010","darkturquoise",TRUE,5.58495288945914e-07,7388,321,165,0.514018691588785,0.0223335138061722,"TF:M09918_1","TF","Factor: Pet-1; motif: GCNGGAAGYG; match class: 1",20092,6725
"1011","darkturquoise",TRUE,5.58495288945914e-07,6051,321,142,0.442367601246106,0.0234671955048752,"TF:M08950_1","TF","Factor: MAX; motif: CACGTG; match class: 1",20092,5129
"1012","darkturquoise",TRUE,5.58495288945914e-07,3407,321,93,0.289719626168224,0.0272967420017611,"TF:M03871","TF","Factor: GLI; motif: MCVNNGACCACCCAV",20092,3354
"1013","darkturquoise",TRUE,5.58495288945914e-07,6051,321,142,0.442367601246106,0.0234671955048752,"TF:M08950","TF","Factor: MAX; motif: CACGTG",20092,5128
"1014","darkturquoise",TRUE,5.94040478488827e-07,2239,321,69,0.214953271028037,0.0308173291648057,"TF:M13367","TF","Factor: ZBTB11; motif: CACTTCCGG",20092,9330
"1015","darkturquoise",TRUE,6.04951223475111e-07,7337,321,164,0.510903426791277,0.0223524601335696,"TF:M03971_1","TF","Factor: ELK1; motif: NACTTCCGSCGGAAGYN; match class: 1",20092,1895
"1016","darkturquoise",TRUE,6.1823045459515e-07,2010,321,64,0.199376947040498,0.0318407960199005,"TF:M12603_1","TF","Factor: ERM; motif: NNCACTTCCGGNN; match class: 1",20092,2113
"1017","darkturquoise",TRUE,6.23439814919461e-07,3620,321,97,0.302180685358255,0.0267955801104972,"TF:M03895_1","TF","Factor: CTCF; motif: WGCGCCMYCTAGYGGYN; match class: 1",20092,1155
"1018","darkturquoise",TRUE,6.46518689765913e-07,5613,321,134,0.417445482866044,0.0238731516123285,"TF:M09812","TF","Factor: MYC; motif: NNCCACGTGCNN",20092,5562
"1019","darkturquoise",TRUE,6.85071080710681e-07,3120,321,87,0.271028037383178,0.0278846153846154,"TF:M08913_1","TF","Factor: FLI-1; motif: NAYTTCCGGT; match class: 1",20092,2529
"1020","darkturquoise",TRUE,7.14992923295353e-07,3123,321,87,0.271028037383178,0.0278578290105668,"TF:M02054","TF","Factor: ELF2; motif: CCCGGAARYN",20092,1772
"1021","darkturquoise",TRUE,7.40792246789484e-07,3788,321,100,0.311526479750779,0.0263991552270327,"TF:M03924_1","TF","Factor: YY1; motif: NNCGCCATTNN; match class: 1",20092,9257
"1022","darkturquoise",TRUE,7.5891425189569e-07,12073,321,238,0.741433021806854,0.0197134100886275,"TF:M11401_1","TF","Factor: Fli-1; motif: NACCGGATATCCGGTN; match class: 1",20092,2541
"1023","darkturquoise",TRUE,7.5891425189569e-07,7959,321,174,0.542056074766355,0.0218620429702224,"TF:M08952","TF","Factor: NF-KAPPAB1; motif: NGGKRNTTYCCCN",20092,5884
"1024","darkturquoise",TRUE,7.62488080699228e-07,18259,321,315,0.981308411214953,0.0172517662522592,"TF:M00378","TF","Factor: Pax-4; motif: NNNNNYCACCCB",20092,6542
"1025","darkturquoise",TRUE,7.98787791805834e-07,14444,321,271,0.844236760124611,0.0187621157574079,"TF:M04710","TF","Factor: CHD2; motif: TCTCGCGAG",20092,856
"1026","darkturquoise",TRUE,8.09529813877043e-07,1362,321,49,0.152647975077882,0.0359765051395007,"TF:M07597_1","TF","Factor: Egr-1; motif: GCGTGGGCGT; match class: 1",20092,1659
"1027","darkturquoise",TRUE,8.22286175905066e-07,6955,321,157,0.489096573208723,0.0225736879942487,"TF:M09909","TF","Factor: ER-alpha; motif: AGGTCASMNTGACCY",20092,2148
"1028","darkturquoise",TRUE,8.30266140668468e-07,2449,321,73,0.227414330218069,0.0298080849326256,"TF:M00122_1","TF","Factor: USF; motif: NNRNCACGTGNYNN; match class: 1",20092,9135
"1029","darkturquoise",TRUE,8.30266140668468e-07,2449,321,73,0.227414330218069,0.0298080849326256,"TF:M00122","TF","Factor: USF; motif: NNRNCACGTGNYNN",20092,9134
"1030","darkturquoise",TRUE,8.31612421987374e-07,13490,321,258,0.803738317757009,0.0191252779836916,"TF:M11881","TF","Factor: pax-6; motif: NYACGCNTSANYGCNYN",20092,6594
"1031","darkturquoise",TRUE,8.69870129829843e-07,2452,321,73,0.227414330218069,0.0297716150081566,"TF:M12149","TF","Factor: SP9; motif: RCCACGCCCMCY",20092,8136
"1032","darkturquoise",TRUE,8.7181020110022e-07,2169,321,67,0.208722741433022,0.0308898109727985,"TF:M11451_1","TF","Factor: Elf-1; motif: NANCCGGAAGTN; match class: 1",20092,1759
"1033","darkturquoise",TRUE,8.86671397482504e-07,12228,321,240,0.747663551401869,0.0196270853778214,"TF:M11401","TF","Factor: Fli-1; motif: NACCGGATATCCGGTN",20092,2540
"1034","darkturquoise",TRUE,8.86671397482504e-07,1894,321,61,0.190031152647975,0.0322069693769799,"TF:M12729","TF","Factor: ZNF850; motif: CNSYGGGAGCCCCTCTCNGGGCTGNCC",20092,11832
"1035","darkturquoise",TRUE,8.92924540086787e-07,2990,321,84,0.261682242990654,0.0280936454849498,"TF:M11414","TF","Factor: GABP-alpha; motif: NACCGGAAGTN",20092,2986
"1036","darkturquoise",TRUE,1.04828253038553e-06,9038,321,191,0.595015576323987,0.0211329940252268,"TF:M07461","TF","Factor: KLF; motif: GGGNGGGG",20092,4758
"1037","darkturquoise",TRUE,1.08787878525346e-06,5774,321,136,0.423676012461059,0.0235538621406304,"TF:M03989_1","TF","Factor: FLI1; motif: ACCGGAAATCCGGT; match class: 1",20092,2525
"1038","darkturquoise",TRUE,1.09954796845663e-06,275,321,19,0.059190031152648,0.0690909090909091,"TF:M08664_1","TF","Factor: AP-2gamma:Max; motif: NNSCCYNRGGSNNNNCACGTGN; match class: 1",20092,8823
"1039","darkturquoise",TRUE,1.12281145767073e-06,11775,321,233,0.725856697819315,0.0197876857749469,"TF:M04710_1","TF","Factor: CHD2; motif: TCTCGCGAG; match class: 1",20092,857
"1040","darkturquoise",TRUE,1.13385226817075e-06,9932,321,205,0.638629283489097,0.0206403544099879,"TF:M08313_1","TF","Factor: GCMa:PEA3; motif: ATRCGGGCGGAAGTR; match class: 1",20092,3163
"1041","darkturquoise",TRUE,1.19832483445492e-06,8007,321,174,0.542056074766355,0.0217309853877857,"TF:M03976_1","TF","Factor: ERG; motif: ACCGGAWATCCGGT; match class: 1",20092,2077
"1042","darkturquoise",TRUE,1.20055008956596e-06,853,321,36,0.11214953271028,0.0422039859320047,"TF:M00807_1","TF","Factor: Egr; motif: GTGGGSGCRRS; match class: 1",20092,1715
"1043","darkturquoise",TRUE,1.25106547419917e-06,893,321,37,0.115264797507788,0.0414333706606943,"TF:M09974","TF","Factor: BTEB1; motif: GNRGKGGGCGTGGCC",20092,630
"1044","darkturquoise",TRUE,1.26224547149968e-06,4252,321,108,0.336448598130841,0.0253998118532455,"TF:M07601_1","TF","Factor: C-Myc; motif: NGCCACGTGNN; match class: 1",20092,931
"1045","darkturquoise",TRUE,1.26643424638289e-06,4520,321,113,0.35202492211838,0.025,"TF:M12648","TF","Factor: PATZ1; motif: SCNCCNCNSCCCCCASCCN",20092,6502
"1046","darkturquoise",TRUE,1.26643424638289e-06,9562,321,199,0.61993769470405,0.020811545701736,"TF:M12591_1","TF","Factor: CREB1; motif: NNNNSSGGCGCSSNNNNRTGACGTCAC; match class: 1",20092,1009
"1047","darkturquoise",TRUE,1.27952244828585e-06,894,321,37,0.115264797507788,0.0413870246085011,"TF:M01253_1","TF","Factor: CNOT3; motif: GGCCGCGSSS; match class: 1",20092,935
"1048","darkturquoise",TRUE,1.34239658363882e-06,5235,321,126,0.392523364485981,0.0240687679083095,"TF:M04147","TF","Factor: TFAP2A; motif: NGCCYSAGGCN",20092,8780
"1049","darkturquoise",TRUE,1.34501982244315e-06,4796,321,118,0.367601246105919,0.024603836530442,"TF:M03977_1","TF","Factor: ETS1; motif: ACCGGAARYN; match class: 1",20092,2225
"1050","darkturquoise",TRUE,1.35176145589725e-06,2385,321,71,0.221183800623053,0.029769392033543,"TF:M04149","TF","Factor: TFAP2B; motif: NGCCCNNRGGCA",20092,8796
"1051","darkturquoise",TRUE,1.44872053346055e-06,860,321,36,0.11214953271028,0.0418604651162791,"TF:M05432_1","TF","Factor: ZSCAN18; motif: TRRCGRCGNMCC; match class: 1",20092,11951
"1052","darkturquoise",TRUE,1.46164010357993e-06,6721,321,152,0.473520249221184,0.0226156821901503,"TF:M07436","TF","Factor: WT1; motif: NNGGGNGGGSGN",20092,9220
"1053","darkturquoise",TRUE,1.48418778853369e-06,2535,321,74,0.230529595015576,0.0291913214990138,"TF:M12726_1","TF","Factor: PURBETA; motif: NCWGRGGCTGGGG; match class: 1",20092,7237
"1054","darkturquoise",TRUE,1.53728113521742e-06,5751,321,135,0.420560747663551,0.0234741784037559,"TF:M02174","TF","Factor: MYC:MAX; motif: RASCACGTGGT",20092,5552
"1055","darkturquoise",TRUE,1.54050184935185e-06,4216,321,107,0.333333333333333,0.0253795066413662,"TF:M08993_1","TF","Factor: ZNF777; motif: GTCCGYCCCGTCSAACAAT; match class: 1",20092,11639
"1056","darkturquoise",TRUE,1.59119480791226e-06,14667,321,273,0.850467289719626,0.0186132133360605,"TF:M11417","TF","Factor: c-Ets-2; motif: NACCGGAAGYRCTTCCGGTN",20092,2238
"1057","darkturquoise",TRUE,1.61326861101295e-06,942,321,38,0.118380062305296,0.0403397027600849,"TF:M03832","TF","Factor: Net; motif: CACTTCCKGK",20092,5664
"1058","darkturquoise",TRUE,1.64308043298704e-06,11347,321,226,0.70404984423676,0.0199171587203666,"TF:M08957","TF","Factor: NURR1:RXR-ALPHA; motif: NRGGTCRTTGACCYN",20092,6202
"1059","darkturquoise",TRUE,1.64308043298704e-06,14370,321,269,0.838006230529595,0.0187195546276966,"TF:M11417_1","TF","Factor: c-Ets-2; motif: NACCGGAAGYRCTTCCGGTN; match class: 1",20092,2239
"1060","darkturquoise",TRUE,1.64308043298704e-06,4010,321,103,0.320872274143302,0.0256857855361596,"TF:M00976","TF","Factor: AhR,; motif: NRCGTGNGN",20092,16
"1061","darkturquoise",TRUE,1.67644979174239e-06,1145,321,43,0.133956386292835,0.0375545851528384,"TF:M07209","TF","Factor: ELK4; motif: NCRCTTCCGGN",20092,1928
"1062","darkturquoise",TRUE,1.77190031503087e-06,8723,321,185,0.576323987538941,0.0212082998968245,"TF:M12085","TF","Factor: ZNF501; motif: NNNCSACGCGAACAC",20092,10734
"1063","darkturquoise",TRUE,1.80547476275836e-06,3446,321,92,0.286604361370716,0.0266976204294835,"TF:M13142_1","TF","Factor: ZBTB33; motif: GGYGCTG; match class: 1",20092,9377
"1064","darkturquoise",TRUE,1.80547476275836e-06,13074,321,251,0.781931464174455,0.019198409056142,"TF:M03976","TF","Factor: ERG; motif: ACCGGAWATCCGGT",20092,2076
"1065","darkturquoise",TRUE,1.96527395062327e-06,3867,321,100,0.311526479750779,0.0258598396689941,"TF:M04110_1","TF","Factor: RUNX3; motif: NRACCGCANWAACCRCAN; match class: 1",20092,7577
"1066","darkturquoise",TRUE,1.98473620021761e-06,3300,321,89,0.277258566978193,0.026969696969697,"TF:M12721_1","TF","Factor: ZNFPT1; motif: YCNNCNCWGCCNY; match class: 1",20092,11945
"1067","darkturquoise",TRUE,2.06427720137977e-06,10777,321,217,0.67601246105919,0.0201354736939779,"TF:M00257","TF","Factor: RREB-1; motif: CCCCAAACMMCCCC",20092,7540
"1068","darkturquoise",TRUE,2.11591185461076e-06,12393,321,241,0.750778816199377,0.0194464617122569,"TF:M11595","TF","Factor: GCMa; motif: RTGCGGGTN",20092,3200
"1069","darkturquoise",TRUE,2.13110565093261e-06,1033,321,40,0.124610591900312,0.0387221684414327,"TF:M09590_1","TF","Factor: AP-2alpha; motif: NTNSCCTGRGGSNAN; match class: 1",20092,8789
"1070","darkturquoise",TRUE,2.18987169874183e-06,1585,321,53,0.165109034267913,0.0334384858044164,"TF:M09610_1","TF","Factor: ER-beta; motif: NRGGTCANKSTGACCTNN; match class: 1",20092,2165
"1071","darkturquoise",TRUE,2.2015754107508e-06,4786,321,117,0.364485981308411,0.0244463017133305,"TF:M11422","TF","Factor: Erm; motif: NRCMGGAAGTN",20092,2106
"1072","darkturquoise",TRUE,2.22566178885121e-06,2322,321,69,0.214953271028037,0.0297157622739018,"TF:M12659_1","TF","Factor: RORA; motif: CCYTGNCCTN; match class: 1",20092,7507
"1073","darkturquoise",TRUE,2.24833900311816e-06,3057,321,84,0.261682242990654,0.0274779195289499,"TF:M09905_1","TF","Factor: SAP-1; motif: NNCCGGAAGTGN; match class: 1",20092,1933
"1074","darkturquoise",TRUE,2.38239111899135e-06,8632,321,183,0.570093457943925,0.0212001853568119,"TF:M09724","TF","Factor: DATF1; motif: SNGGRRGCWGNGGG",20092,1222
"1075","darkturquoise",TRUE,2.39926470532639e-06,3623,321,95,0.29595015576324,0.0262213635109026,"TF:M08835","TF","Factor: ZNF515; motif: WNSCCCCCWGCNG",20092,10764
"1076","darkturquoise",TRUE,2.40029284549261e-06,6366,321,145,0.451713395638629,0.0227772541627396,"TF:M01145","TF","Factor: c-Myc; motif: RACCACGTGCTC",20092,926
"1077","darkturquoise",TRUE,2.47725292438487e-06,2329,321,69,0.214953271028037,0.0296264491197939,"TF:M02066_1","TF","Factor: PEA3; motif: RCCGGAAGYN; match class: 1",20092,6691
"1078","darkturquoise",TRUE,2.47825105656955e-06,11327,321,225,0.700934579439252,0.0198640416703452,"TF:M07602","TF","Factor: CP2; motif: NNNNCCAGNCNN",20092,960
"1079","darkturquoise",TRUE,2.49783949406364e-06,11195,321,223,0.694704049844237,0.0199196069673962,"TF:M00448","TF","Factor: Zic1; motif: KGGGTGGTC",20092,9606
"1080","darkturquoise",TRUE,2.72571012673881e-06,7854,321,170,0.529595015576324,0.0216450216450216,"TF:M11433","TF","Factor: Elk-1; motif: NRCCGGAAGTN",20092,1900
"1081","darkturquoise",TRUE,2.80456890160996e-06,6964,321,155,0.482866043613707,0.0222573233773693,"TF:M11490","TF","Factor: LBP-1; motif: NRCCGGTNNNNACCGGYN",20092,4770
"1082","darkturquoise",TRUE,2.90151745415535e-06,5252,321,125,0.389408099688474,0.0238004569687738,"TF:M08957_1","TF","Factor: NURR1:RXR-ALPHA; motif: NRGGTCRTTGACCYN; match class: 1",20092,6203
"1083","darkturquoise",TRUE,2.90190193407123e-06,3076,321,84,0.261682242990654,0.0273081924577373,"TF:M07397_1","TF","Factor: ZBP89; motif: CCCCKCCCCCNN; match class: 1",20092,9315
"1084","darkturquoise",TRUE,2.90436132046139e-06,5927,321,137,0.426791277258567,0.0231145604859119,"TF:M13379","TF","Factor: FEZF2; motif: CCCAGCCT",20092,10220
"1085","darkturquoise",TRUE,2.9573485946839e-06,2729,321,77,0.2398753894081,0.0282154635397582,"TF:M10111","TF","Factor: ZF5; motif: NGAGCGCGC",20092,9476
"1086","darkturquoise",TRUE,2.98375667650407e-06,7985,321,172,0.53582554517134,0.0215403882279274,"TF:M00032","TF","Factor: c-Ets-1(p54); motif: NCMGGAWGYN",20092,832
"1087","darkturquoise",TRUE,3.00442001513818e-06,1470,321,50,0.155763239875389,0.0340136054421769,"TF:M13119_1","TF","Factor: ZBTB11; motif: RCTTCCGGNNSNNNN; match class: 1",20092,9329
"1088","darkturquoise",TRUE,3.38431799146223e-06,4284,321,107,0.333333333333333,0.0249766573295985,"TF:M01072","TF","Factor: HIC1; motif: NSNNNNTGCCCSSNN",20092,3532
"1089","darkturquoise",TRUE,3.60014812840334e-06,3295,321,88,0.274143302180685,0.0267071320182094,"TF:M11420","TF","Factor: ER81; motif: NACCGGAAGTN",20092,2014
"1090","darkturquoise",TRUE,3.61742342196886e-06,14232,321,266,0.828660436137072,0.018690275435638,"TF:M12591","TF","Factor: CREB1; motif: NNNNSSGGCGCSSNNNNRTGACGTCAC",20092,1008
"1091","darkturquoise",TRUE,3.68339858263632e-06,11774,321,231,0.719626168224299,0.0196195005945303,"TF:M08674","TF","Factor: AP-4:Max; motif: NCAGCTGNNNNNNNCACGTGN",20092,8854
"1092","darkturquoise",TRUE,3.75840538830809e-06,14310,321,267,0.831775700934579,0.0186582809224319,"TF:M00450","TF","Factor: Zic3; motif: NGGGKGGTC",20092,9618
"1093","darkturquoise",TRUE,3.78714883389941e-06,6297,321,143,0.445482866043614,0.0227092266158488,"TF:M04617","TF","Factor: LRF; motif: NGNAGNGGGTYN",20092,4956
"1094","darkturquoise",TRUE,3.92371403323501e-06,2998,321,82,0.255451713395639,0.0273515677118079,"TF:M08759_1","TF","Factor: c-Ets-2; motif: NCCGGAAGTG; match class: 1",20092,2235
"1095","darkturquoise",TRUE,4.08526495493503e-06,6075,321,139,0.433021806853583,0.022880658436214,"TF:M02067","TF","Factor: ER71; motif: ACCGGAARYN",20092,1996
"1096","darkturquoise",TRUE,4.17939943185653e-06,6307,321,143,0.445482866043614,0.0226732202314888,"TF:M08877","TF","Factor: EGR3; motif: NCMCRCCCACTNMN",20092,1704
"1097","darkturquoise",TRUE,4.20557870234575e-06,2173,321,65,0.202492211838006,0.0299125632765762,"TF:M07052","TF","Factor: NRF-1; motif: GCGCMTGCGCN",20092,6224
"1098","darkturquoise",TRUE,4.27589058259767e-06,332,321,20,0.0623052959501558,0.0602409638554217,"TF:M09991_1","TF","Factor: N-Myc; motif: NGCCACGTGSNN; match class: 1",20092,6077
"1099","darkturquoise",TRUE,4.64925735670834e-06,1191,321,43,0.133956386292835,0.0361041141897565,"TF:M12162","TF","Factor: KLF3; motif: GRCCACGCCCN",20092,4728
"1100","darkturquoise",TRUE,4.81321168135485e-06,2229,321,66,0.205607476635514,0.0296096904441454,"TF:M09877","TF","Factor: BMAL1; motif: NSCACGTGNSN",20092,588
"1101","darkturquoise",TRUE,4.88305166352337e-06,2088,321,63,0.196261682242991,0.0301724137931034,"TF:M02102","TF","Factor: NRF-1; motif: YGCGCMTGCGC",20092,6228
"1102","darkturquoise",TRUE,5.01380313306712e-06,1857,321,58,0.180685358255452,0.0312331717824448,"TF:M11059","TF","Factor: Hey1; motif: NGCACGTGYN",20092,3510
"1103","darkturquoise",TRUE,5.13920255865733e-06,3895,321,99,0.308411214953271,0.0254172015404365,"TF:M12516","TF","Factor: E2F6; motif: NNNGGCGGGAANN",20092,1566
"1104","darkturquoise",TRUE,5.31706633711024e-06,1953,321,60,0.186915887850467,0.0307219662058372,"TF:M03553","TF","Factor: KLF3; motif: CCMCACCCNG",20092,4732
"1105","darkturquoise",TRUE,5.36680029542125e-06,2047,321,62,0.193146417445483,0.0302882266731803,"TF:M12693","TF","Factor: ZBTB5; motif: NNNGNNNYCNCYNNGGTCCGN",20092,9434
"1106","darkturquoise",TRUE,5.53030519962985e-06,1546,321,51,0.158878504672897,0.0329883570504528,"TF:M00187_1","TF","Factor: USF; motif: GYCACGTGNC; match class: 1",20092,9139
"1107","darkturquoise",TRUE,5.53030519962985e-06,5314,321,125,0.389408099688474,0.0235227700414001,"TF:M00005","TF","Factor: AP-4; motif: WGARYCAGCTGYGGNCNK",20092,166
"1108","darkturquoise",TRUE,5.54183620733534e-06,10564,321,212,0.660436137071651,0.0200681560015146,"TF:M00444","TF","Factor: VDR; motif: GGGKNARNRRGGWSA",20092,9172
"1109","darkturquoise",TRUE,5.58905197580432e-06,1371,321,47,0.146417445482866,0.0342815463165573,"TF:M12166","TF","Factor: CPBP; motif: NGCCACGCCCN",20092,968
"1110","darkturquoise",TRUE,5.60513710308777e-06,6280,321,142,0.442367601246106,0.0226114649681529,"TF:M11432","TF","Factor: Elk-1; motif: NACMGGAAGTN",20092,1898
"1111","darkturquoise",TRUE,5.76628658836964e-06,6806,321,151,0.470404984423676,0.0221863062004114,"TF:M00615_1","TF","Factor: c-Myc:Max; motif: NNNNNNNCACGTGNNNNNNN; match class: 1",20092,5551
"1112","darkturquoise",TRUE,5.76628658836964e-06,1035,321,39,0.121495327102804,0.0376811594202899,"TF:M00005_1","TF","Factor: AP-4; motif: WGARYCAGCTGYGGNCNK; match class: 1",20092,167
"1113","darkturquoise",TRUE,5.76628658836964e-06,6806,321,151,0.470404984423676,0.0221863062004114,"TF:M00615","TF","Factor: c-Myc:Max; motif: NNNNNNNCACGTGNNNNNNN",20092,5550
"1114","darkturquoise",TRUE,5.78357509179649e-06,4494,321,110,0.342679127725857,0.0244770805518469,"TF:M08571_1","TF","Factor: Erm:E2A; motif: CASGTGNNNCGGAAGNN; match class: 1",20092,2377
"1115","darkturquoise",TRUE,5.81291421728592e-06,7517,321,163,0.507788161993769,0.0216841825196222,"TF:M00938","TF","Factor: E2F-1; motif: TTGGCGCGRAANNGNM",20092,1486
"1116","darkturquoise",TRUE,6.11519420444953e-06,2732,321,76,0.236760124610592,0.0278184480234261,"TF:M04714_1","TF","Factor: Elf-1; motif: ACTTCCGGG; match class: 1",20092,1737
"1117","darkturquoise",TRUE,6.1579604942417e-06,437,321,23,0.0716510903426791,0.0526315789473684,"TF:M01258_1","TF","Factor: GABP; motif: CACTTCCGGNNN; match class: 1",20092,3003
"1118","darkturquoise",TRUE,6.31585634143042e-06,3808,321,97,0.302180685358255,0.0254726890756303,"TF:M00187","TF","Factor: USF; motif: GYCACGTGNC",20092,9138
"1119","darkturquoise",TRUE,6.64769148221082e-06,3499,321,91,0.283489096573209,0.0260074306944841,"TF:M12686","TF","Factor: ZBTB10; motif: TGGGGTGCNS",20092,9320
"1120","darkturquoise",TRUE,6.75578782644096e-06,3397,321,89,0.277258566978193,0.0261995878716515,"TF:M11054","TF","Factor: Hey2; motif: NGCACGYGYN",20092,3520
"1121","darkturquoise",TRUE,6.92389968194486e-06,3399,321,89,0.277258566978193,0.0261841718152398,"TF:M07349","TF","Factor: AP-2gamma; motif: NNNNWGCCYNCRGSCN",20092,144
"1122","darkturquoise",TRUE,7.01366699929351e-06,2159,321,64,0.199376947040498,0.0296433534043539,"TF:M11413","TF","Factor: ER71; motif: NACCGGAARTN",20092,2328
"1123","darkturquoise",TRUE,7.04890134336404e-06,6420,321,144,0.448598130841121,0.0224299065420561,"TF:M01045","TF","Factor: AP-2alphaA; motif: ANNGCCTNAGGSNNT",20092,132
"1124","darkturquoise",TRUE,7.06619931898012e-06,3094,321,83,0.258566978193146,0.0268261150614092,"TF:M08307_1","TF","Factor: GCMa:Elf-1; motif: NRCCCGCACGGAAGTN; match class: 1",20092,3151
"1125","darkturquoise",TRUE,7.17308523754353e-06,7421,321,161,0.501557632398754,0.0216951893275839,"TF:M08874","TF","Factor: E2F1; motif: NNNNNGCGSSAAAN",20092,1492
"1126","darkturquoise",TRUE,7.21221463843355e-06,2401,321,69,0.214953271028037,0.0287380258225739,"TF:M09670","TF","Factor: USF2; motif: NGGTCACGTGNNSNNNNNN",20092,9114
"1127","darkturquoise",TRUE,7.35849304528031e-06,8760,321,183,0.570093457943925,0.0208904109589041,"TF:M12230","TF","Factor: LRF; motif: RCGACCACCNN",20092,9442
"1128","darkturquoise",TRUE,8.77388940840652e-06,3626,321,93,0.289719626168224,0.0256480970766685,"TF:M13032_1","TF","Factor: ETV5; motif: ACCGGAAGTN; match class: 1",20092,2383
"1129","darkturquoise",TRUE,8.84781915743483e-06,6852,321,151,0.470404984423676,0.0220373613543491,"TF:M03572","TF","Factor: DEC1; motif: CNCACRTGASC",20092,1248
"1130","darkturquoise",TRUE,8.91730463051586e-06,4807,321,115,0.358255451713396,0.0239234449760766,"TF:M09607","TF","Factor: SAP-1; motif: ACCGGAAGTNN",20092,1930
"1131","darkturquoise",TRUE,8.94921788698765e-06,1800,321,56,0.174454828660436,0.0311111111111111,"TF:M07394","TF","Factor: slug; motif: CACCTGNNN",20092,7788
"1132","darkturquoise",TRUE,8.97420205124009e-06,176,321,14,0.043613707165109,0.0795454545454545,"TF:M12404_1","TF","Factor: KLF15; motif: NCCCCGCCCCN; match class: 1",20092,4707
"1133","darkturquoise",TRUE,9.00402394980396e-06,8907,321,185,0.576323987538941,0.0207701807567082,"TF:M11395","TF","Factor: Erg; motif: NACCGGAWWTCCGGTN",20092,2092
"1134","darkturquoise",TRUE,9.05481082569196e-06,8231,321,174,0.542056074766355,0.0211395942169846,"TF:M08225_1","TF","Factor: Elk-1:Pax-5; motif: ACCGGAACYACGCWTSANYG; match class: 1",20092,1869
"1135","darkturquoise",TRUE,9.17177147839664e-06,10172,321,205,0.638629283489097,0.0201533621706646,"TF:M01865","TF","Factor: BTEB3; motif: BNRNGGGAGGNGT",20092,652
"1136","darkturquoise",TRUE,9.28446795297272e-06,1895,321,58,0.180685358255452,0.0306068601583113,"TF:M03572_1","TF","Factor: DEC1; motif: CNCACRTGASC; match class: 1",20092,1249
"1137","darkturquoise",TRUE,9.88355351266944e-06,664,321,29,0.0903426791277259,0.0436746987951807,"TF:M13125_1","TF","Factor: ARID4B; motif: NNYCAGCACCNNGGNCAGCGSC; match class: 1",20092,201
"1138","darkturquoise",TRUE,9.9014980765504e-06,1018,321,38,0.118380062305296,0.037328094302554,"TF:M07223_1","TF","Factor: Pax-5; motif: NNRNKCAGYSRAGCRTGAC; match class: 1",20092,6579
"1139","darkturquoise",TRUE,1.01936084833521e-05,2425,321,69,0.214953271028037,0.0284536082474227,"TF:M12150","TF","Factor: SP9; motif: NCCACGCCCMCN",20092,8138
"1140","darkturquoise",TRUE,1.03140838866779e-05,6577,321,146,0.454828660436137,0.02219857077695,"TF:M12592","TF","Factor: CREM; motif: NRTGACGYMA",20092,1112
"1141","darkturquoise",TRUE,1.04801081306494e-05,1627,321,52,0.161993769470405,0.031960663798402,"TF:M08231_1","TF","Factor: Elk-1:T-bet; motif: TCACACCGGAAGNN; match class: 1",20092,1879
"1142","darkturquoise",TRUE,1.04851710087896e-05,385,321,21,0.0654205607476635,0.0545454545454545,"TF:M12631","TF","Factor: MAX; motif: SCACGTGSNCNSSSSSN",20092,5140
"1143","darkturquoise",TRUE,1.09619422839403e-05,4283,321,105,0.327102803738318,0.0245155265001167,"TF:M00649_1","TF","Factor: MAZ; motif: GGGGAGGG; match class: 1",20092,5157
"1144","darkturquoise",TRUE,1.11756741721111e-05,11304,321,222,0.691588785046729,0.0196390658174098,"TF:M11081","TF","Factor: SREBP-1; motif: RTCRCGTGAY",20092,8206
"1145","darkturquoise",TRUE,1.11969864474135e-05,4339,321,106,0.330218068535826,0.024429592071906,"TF:M01109","TF","Factor: SZF1-1; motif: CCAGGGTAWCAGCNG",20092,8380
"1146","darkturquoise",TRUE,1.14499435528232e-05,1587,321,51,0.158878504672897,0.0321361058601134,"TF:M04694","TF","Factor: NRF-1; motif: CNCTGCGCATGCGC",20092,6218
"1147","darkturquoise",TRUE,1.1907930744077e-05,2983,321,80,0.249221183800623,0.0268186389540731,"TF:M09890_1","TF","Factor: ctcf; motif: YGGCCACCAGRKGGCRSYN; match class: 1",20092,1171
"1148","darkturquoise",TRUE,1.21926297938738e-05,11714,321,228,0.710280373831776,0.0194638893631552,"TF:M12231","TF","Factor: LRF; motif: NCGACCACCGN",20092,9444
"1149","darkturquoise",TRUE,1.24443901694414e-05,3088,321,82,0.255451713395639,0.0265544041450777,"TF:M00518_1","TF","Factor: PPARalpha:RXRalpha; motif: NNRGGTCATWGGGGTSANG; match class: 1",20092,7067
"1150","darkturquoise",TRUE,1.24868131638625e-05,15040,321,275,0.856697819314642,0.0182845744680851,"TF:M10477","TF","Factor: ZNF436; motif: TCCTCCAGGAAGCCY",20092,10552
"1151","darkturquoise",TRUE,1.26717642901539e-05,6775,321,149,0.46417445482866,0.0219926199261993,"TF:M08231","TF","Factor: Elk-1:T-bet; motif: TCACACCGGAAGNN",20092,1878
"1152","darkturquoise",TRUE,1.27165322384953e-05,2056,321,61,0.190031152647975,0.0296692607003891,"TF:M11442","TF","Factor: Net; motif: NACCGGAAGTN",20092,1918
"1153","darkturquoise",TRUE,1.3592031540753e-05,1418,321,47,0.146417445482866,0.0331452750352609,"TF:M10064","TF","Factor: slug; motif: RRCAGGTGCN",20092,7774
"1154","darkturquoise",TRUE,1.37245343364923e-05,13376,321,252,0.785046728971963,0.0188397129186603,"TF:M11880","TF","Factor: pax-6; motif: NYACGCWTSANYGMNCN",20092,6592
"1155","darkturquoise",TRUE,1.37657698038893e-05,4036,321,100,0.311526479750779,0.0247770069375619,"TF:M08980_1","TF","Factor: VDR:RXR-ALPHA; motif: NRGGTCANNNGGTTCNN; match class: 1",20092,9161
"1156","darkturquoise",TRUE,1.41179232868192e-05,11799,321,229,0.713395638629283,0.0194084244427494,"TF:M11399_1","TF","Factor: Fli-1; motif: NACCGGAWWTCCGGTY; match class: 1",20092,2537
"1157","darkturquoise",TRUE,1.41179232868192e-05,2351,321,67,0.208722741433022,0.0284985112717992,"TF:M01045_1","TF","Factor: AP-2alphaA; motif: ANNGCCTNAGGSNNT; match class: 1",20092,133
"1158","darkturquoise",TRUE,1.45830708328777e-05,3050,321,81,0.252336448598131,0.0265573770491803,"TF:M03791","TF","Factor: GABPalpha_GABPbeta; motif: CTTCCKGY",20092,2972
"1159","darkturquoise",TRUE,1.48570233186971e-05,604,321,27,0.0841121495327103,0.0447019867549669,"TF:M08590","TF","Factor: GCMb:HES-7; motif: NTRNKGGYNNNGCACGYGNN",20092,3216
"1160","darkturquoise",TRUE,1.48639896755978e-05,1557,321,50,0.155763239875389,0.0321130378933847,"TF:M12601_1","TF","Factor: ELF4; motif: NCCACTTCCGGNNNN; match class: 1",20092,1825
"1161","darkturquoise",TRUE,1.55777016719808e-05,2653,321,73,0.227414330218069,0.0275160196004523,"TF:M12258","TF","Factor: SNA; motif: NRCAGGTGCA",20092,7858
"1162","darkturquoise",TRUE,1.55777016719808e-05,2358,321,67,0.208722741433022,0.0284139100932994,"TF:M11476","TF","Factor: Tcfap2e; motif: TGCCCYNNGGCN",20092,8846
"1163","darkturquoise",TRUE,1.5799049380024e-05,2023,321,60,0.186915887850467,0.0296589223924864,"TF:M08662","TF","Factor: AP-2gamma:HES-7; motif: NNCACGYGNNNNNNSCCNNNGGS",20092,8818
"1164","darkturquoise",TRUE,1.59230998773456e-05,1561,321,50,0.155763239875389,0.0320307495195388,"TF:M12647_1","TF","Factor: P53; motif: NNNGRCATGCCCAGRCATGYCY; match class: 1",20092,6477
"1165","darkturquoise",TRUE,1.63997248232231e-05,13967,321,260,0.809968847352025,0.0186153075105606,"TF:M11393_1","TF","Factor: Erg; motif: NACCGGATATCCGGTN; match class: 1",20092,2089
"1166","darkturquoise",TRUE,1.64904366891146e-05,3787,321,95,0.29595015576324,0.0250858199102192,"TF:M01752_1","TF","Factor: ERG; motif: ACCGGAART; match class: 1",20092,2071
"1167","darkturquoise",TRUE,1.65445512778766e-05,1885,321,57,0.177570093457944,0.0302387267904509,"TF:M07356","TF","Factor: HIF2A; motif: ACGTGNNN",20092,3564
"1168","darkturquoise",TRUE,1.6633938623675e-05,2708,321,74,0.230529595015576,0.0273264401772526,"TF:M12174","TF","Factor: GKLF; motif: NNCCACRCCCN",20092,4740
"1169","darkturquoise",TRUE,1.67184487384084e-05,7279,321,157,0.489096573208723,0.0215688968264872,"TF:M07290","TF","Factor: GLI; motif: NGACCMCCCAN",20092,3298
"1170","darkturquoise",TRUE,1.67226407864219e-05,1084,321,39,0.121495327102804,0.0359778597785978,"TF:M12635","TF","Factor: MIZF; motif: GNYCYCNNCNNSGTCCGCNNNNN",20092,5372
"1171","darkturquoise",TRUE,1.68150167784758e-05,4981,321,117,0.364485981308411,0.0234892591849026,"TF:M04744_1","TF","Factor: ATF-3; motif: GGCGCSSNSNGRTSACGTSA; match class: 1",20092,303
"1172","darkturquoise",TRUE,1.69156390290444e-05,9610,321,195,0.607476635514019,0.0202913631633715,"TF:M00649","TF","Factor: MAZ; motif: GGGGAGGG",20092,5156
"1173","darkturquoise",TRUE,1.70053722276936e-05,2760,321,75,0.233644859813084,0.0271739130434783,"TF:M03867_1","TF","Factor: c-Myc; motif: CACGTGGC; match class: 1",20092,933
"1174","darkturquoise",TRUE,1.7536593661188e-05,5715,321,130,0.404984423676012,0.0227471566054243,"TF:M09886","TF","Factor: COUP-TF1; motif: GRGGKSARAGGTCAGNG",20092,6146
"1175","darkturquoise",TRUE,1.77729232823147e-05,1087,321,39,0.121495327102804,0.0358785648574057,"TF:M07387_1","TF","Factor: LRF; motif: NGKGGGTSNCN; match class: 1",20092,4955
"1176","darkturquoise",TRUE,1.82058203542676e-05,7468,321,160,0.498442367601246,0.0214247455811462,"TF:M04811","TF","Factor: RelA-p65; motif: BCWGGGRANNK",20092,7328
"1177","darkturquoise",TRUE,1.82746017548221e-05,1845,321,56,0.174454828660436,0.0303523035230352,"TF:M05327_1","TF","Factor: WT1; motif: NGCGGGGGGGTSMMCYN; match class: 1",20092,9217
"1178","darkturquoise",TRUE,2.02390910720881e-05,14427,321,266,0.828660436137072,0.0184376516254246,"TF:M11393","TF","Factor: Erg; motif: NACCGGATATCCGGTN",20092,2088
"1179","darkturquoise",TRUE,2.03385105579145e-05,8144,321,171,0.532710280373832,0.0209970530451866,"TF:M11395_1","TF","Factor: Erg; motif: NACCGGAWWTCCGGTN; match class: 1",20092,2093
"1180","darkturquoise",TRUE,2.04889409708832e-05,12318,321,236,0.735202492211838,0.0191589543757103,"TF:M08226","TF","Factor: Elk-1:Pax-9; motif: ACCGGAACYACGCWYSANTG",20092,1870
"1181","darkturquoise",TRUE,2.0985799130993e-05,8087,321,170,0.529595015576324,0.0210213923581056,"TF:M04756_1","TF","Factor: sin3A; motif: TGTCCNNGGTGCTG; match class: 1",20092,7711
"1182","darkturquoise",TRUE,2.13942419106805e-05,1012,321,37,0.115264797507788,0.0365612648221344,"TF:M10056_1","TF","Factor: DRRS; motif: GNNGGGWGGG; match class: 1",20092,1427
"1183","darkturquoise",TRUE,2.16207642401829e-05,2382,321,67,0.208722741433022,0.028127623845508,"TF:M03981","TF","Factor: ETV3; motif: ACCGGAAGTN",20092,2332
"1184","darkturquoise",TRUE,2.17609836713498e-05,1625,321,51,0.158878504672897,0.0313846153846154,"TF:M00114_1","TF","Factor: Tax/CREB; motif: GGGGGTTGACGYANA; match class: 1",20092,8417
"1185","darkturquoise",TRUE,2.27789784835318e-05,6783,321,148,0.461059190031153,0.0218192540173964,"TF:M02012","TF","Factor: HIF-1alpha; motif: NCACGT",20092,3552
"1186","darkturquoise",TRUE,2.28915653011992e-05,1628,321,51,0.158878504672897,0.0313267813267813,"TF:M11419_1","TF","Factor: ER81; motif: NNCCGGAWGYN; match class: 1",20092,2013
"1187","darkturquoise",TRUE,2.29957744734582e-05,3554,321,90,0.280373831775701,0.0253235790658413,"TF:M02068","TF","Factor: etv3; motif: ACCGGAAGYN",20092,2330
"1188","darkturquoise",TRUE,2.29957744734582e-05,6376,321,141,0.439252336448598,0.0221141781681305,"TF:M01208","TF","Factor: FLI-1; motif: CMGGAWGTSAN",20092,2548
"1189","darkturquoise",TRUE,2.38933196596023e-05,547,321,25,0.0778816199376947,0.0457038391224863,"TF:M08835_1","TF","Factor: ZNF515; motif: WNSCCCCCWGCNG; match class: 1",20092,10765
"1190","darkturquoise",TRUE,2.46475425438735e-05,6851,321,149,0.46417445482866,0.0217486498321413,"TF:M00119_1","TF","Factor: Max; motif: NNANCACGTGNTNN; match class: 1",20092,5119
"1191","darkturquoise",TRUE,2.46475425438735e-05,6851,321,149,0.46417445482866,0.0217486498321413,"TF:M00119","TF","Factor: Max; motif: NNANCACGTGNTNN",20092,5118
"1192","darkturquoise",TRUE,2.49335064035198e-05,477,321,23,0.0716510903426791,0.0482180293501048,"TF:M01778_1","TF","Factor: PLAG1; motif: GRGGCNNHNNNRRGGG; match class: 1",20092,6825
"1193","darkturquoise",TRUE,2.5110272108838e-05,737,321,30,0.0934579439252336,0.0407055630936228,"TF:M12163","TF","Factor: KLF3; motif: GRCCRCGCCCN",20092,4730
"1194","darkturquoise",TRUE,2.52317314685793e-05,1453,321,47,0.146417445482866,0.0323468685478321,"TF:M08213_1","TF","Factor: Elk-1:TBR2; motif: TNRCACCGGAAGN; match class: 1",20092,1847
"1195","darkturquoise",TRUE,2.53464335199629e-05,280,321,17,0.0529595015576324,0.0607142857142857,"TF:M11096_1","TF","Factor: USF2; motif: NNCACGTGACN; match class: 1",20092,9121
"1196","darkturquoise",TRUE,2.64021932598336e-05,2446,321,68,0.21183800623053,0.0278004905968929,"TF:M02072","TF","Factor: Pet-1; motif: ACCGGAWRTN",20092,6722
"1197","darkturquoise",TRUE,2.6714096431228e-05,3620,321,91,0.283489096573209,0.0251381215469613,"TF:M00778","TF","Factor: AhR; motif: NTNGCGTGNNN",20092,20
"1198","darkturquoise",TRUE,2.6806787949323e-05,2107,321,61,0.190031152647975,0.0289511153298529,"TF:M12592_1","TF","Factor: CREM; motif: NRTGACGYMA; match class: 1",20092,1113
"1199","darkturquoise",TRUE,2.78821462213936e-05,516,321,24,0.0747663551401869,0.0465116279069767,"TF:M11258","TF","Factor: AIBZIP; motif: NGMCACGTGGCN",20092,1052
"1200","darkturquoise",TRUE,2.82608914268924e-05,4104,321,100,0.311526479750779,0.0243664717348928,"TF:M03975_1","TF","Factor: ERG; motif: ACCGGAARTN; match class: 1",20092,2075
"1201","darkturquoise",TRUE,2.87261225825154e-05,4704,321,111,0.345794392523364,0.0235969387755102,"TF:M01770_1","TF","Factor: XBP-1; motif: WNNGMCACGTC; match class: 1",20092,9229
"1202","darkturquoise",TRUE,2.87534978690189e-05,2701,321,73,0.227414330218069,0.027027027027027,"TF:M08880","TF","Factor: ERG; motif: MNNSNGGAAG",20092,2100
"1203","darkturquoise",TRUE,2.8955261253813e-05,2306,321,65,0.202492211838006,0.0281873373807459,"TF:M03852_1","TF","Factor: SREBP-2; motif: NTCACCYNNNN; match class: 1",20092,8235
"1204","darkturquoise",TRUE,2.98346800374318e-05,5320,321,122,0.38006230529595,0.0229323308270677,"TF:M04754","TF","Factor: Pax-5; motif: GTYAYGCTTSRCTGVNYN",20092,6574
"1205","darkturquoise",TRUE,2.98346800374318e-05,1418,321,46,0.143302180685358,0.0324400564174894,"TF:M08243","TF","Factor: ERF:Max; motif: ACCGGAAACACGTGN",20092,2054
"1206","darkturquoise",TRUE,2.98346800374318e-05,8743,321,180,0.560747663551402,0.020587898890541,"TF:M03846","TF","Factor: SMAD5; motif: GSGGCAGM",20092,7824
"1207","darkturquoise",TRUE,2.98995735149266e-05,6581,321,144,0.448598130841121,0.0218811730740009,"TF:M00051","TF","Factor: NF-kappaB; motif: GGGGATYCCC",20092,5874
"1208","darkturquoise",TRUE,3.008269617504e-05,5774,321,130,0.404984423676012,0.0225147211638379,"TF:M09984_1","TF","Factor: MAZ; motif: GGGGGAGGGGGNGRGRRRGNRG; match class: 1",20092,5149
"1209","darkturquoise",TRUE,3.10351956055726e-05,865,321,33,0.102803738317757,0.038150289017341,"TF:M10018_1","TF","Factor: NRF-1; motif: CNSTGCGCATGCGCNNS; match class: 1",20092,6223
"1210","darkturquoise",TRUE,3.11905733143993e-05,5721,321,129,0.401869158878505,0.0225485055060304,"TF:M09992","TF","Factor: c-Myc; motif: NCCACGTGCNN",20092,5564
"1211","darkturquoise",TRUE,3.21119196281254e-05,2265,321,64,0.199376947040498,0.0282560706401766,"TF:M07208_1","TF","Factor: EGR1; motif: NCNCCGCCCCCGCN; match class: 1",20092,1657
"1212","darkturquoise",TRUE,3.41663603572803e-05,1933,321,57,0.177570093457944,0.0294878427315054,"TF:M00712_1","TF","Factor: myogenin; motif: RGCAGSTG; match class: 1",20092,5631
"1213","darkturquoise",TRUE,3.46270984582375e-05,3020,321,79,0.246105919003115,0.026158940397351,"TF:M00721","TF","Factor: CACCC-binding; motif: CANCCNNWGGGTGDGG",20092,654
"1214","darkturquoise",TRUE,3.46432915813002e-05,4286,321,103,0.320872274143302,0.0240317312179188,"TF:M05467","TF","Factor: Sall1; motif: NGGTCCKRGKRA",20092,7630
"1215","darkturquoise",TRUE,3.53096651745455e-05,1036,321,37,0.115264797507788,0.0357142857142857,"TF:M12442","TF","Factor: ASCL1; motif: NNGCACCTGCYNN",20092,262
"1216","darkturquoise",TRUE,3.62358041299406e-05,3967,321,97,0.302180685358255,0.0244517267456516,"TF:M03921","TF","Factor: SP3; motif: NCCACGCCCMC",20092,8098
"1217","darkturquoise",TRUE,3.7243925580351e-05,2772,321,74,0.230529595015576,0.0266955266955267,"TF:M01175_1","TF","Factor: CKROX; motif: SCCCTCCCC; match class: 1",20092,873
"1218","darkturquoise",TRUE,3.73259757094776e-05,1081,321,38,0.118380062305296,0.0351526364477336,"TF:M09935_1","TF","Factor: GABP-alpha; motif: NNNRCCGGAAGTGN; match class: 1",20092,2985
"1219","darkturquoise",TRUE,3.73438159640191e-05,2722,321,73,0.227414330218069,0.0268185157972079,"TF:M12230_1","TF","Factor: LRF; motif: RCGACCACCNN; match class: 1",20092,9443
"1220","darkturquoise",TRUE,3.80423063098599e-05,3390,321,86,0.26791277258567,0.0253687315634218,"TF:M08289_1","TF","Factor: Fli-1:Max; motif: NCCGGAAACACGTGN; match class: 1",20092,2517
"1221","darkturquoise",TRUE,3.8203313740631e-05,2524,321,69,0.214953271028037,0.027337559429477,"TF:M00121","TF","Factor: USF; motif: NNRYCACGTGRYNN",20092,9132
"1222","darkturquoise",TRUE,3.8203313740631e-05,2524,321,69,0.214953271028037,0.027337559429477,"TF:M00121_1","TF","Factor: USF; motif: NNRYCACGTGRYNN; match class: 1",20092,9133
"1223","darkturquoise",TRUE,4.03011618266227e-05,4301,321,103,0.320872274143302,0.0239479190885841,"TF:M11400_1","TF","Factor: Fli-1; motif: NACCGGAARTN; match class: 1",20092,2539
"1224","darkturquoise",TRUE,4.03077966847165e-05,2233,321,63,0.196261682242991,0.0282131661442006,"TF:M02055_1","TF","Factor: ESE-1; motif: NSMGGAARTN; match class: 1",20092,2131
"1225","darkturquoise",TRUE,4.03077966847165e-05,2233,321,63,0.196261682242991,0.0282131661442006,"TF:M01214_1","TF","Factor: ESE-1; motif: NSMGGAARTN; match class: 1",20092,2135
"1226","darkturquoise",TRUE,4.16265800679375e-05,5810,321,130,0.404984423676012,0.0223752151462995,"TF:M08819","TF","Factor: LKLF; motif: CNCCACCCS",20092,4926
"1227","darkturquoise",TRUE,4.17733129029091e-05,5526,321,125,0.389408099688474,0.0226203402099168,"TF:M11844","TF","Factor: ER-alpha; motif: NAGGTCACSGYGACCTN",20092,2154
"1228","darkturquoise",TRUE,4.3653312815277e-05,880,321,33,0.102803738317757,0.0375,"TF:M01034_1","TF","Factor: Ebox; motif: NCACSTGNCN; match class: 1",20092,1639
"1229","darkturquoise",TRUE,4.51582229919704e-05,964,321,35,0.109034267912773,0.0363070539419087,"TF:M12165_1","TF","Factor: BTEB2; motif: NCCACRCCCN; match class: 1",20092,637
"1230","darkturquoise",TRUE,4.51751624875905e-05,6805,321,147,0.457943925233645,0.0216017634092579,"TF:M00539_1","TF","Factor: Arnt; motif: NNNNNRTCACGTGAYNNNNN; match class: 1",20092,221
"1231","darkturquoise",TRUE,4.51751624875905e-05,6805,321,147,0.457943925233645,0.0216017634092579,"TF:M00539","TF","Factor: Arnt; motif: NNNNNRTCACGTGAYNNNNN",20092,220
"1232","darkturquoise",TRUE,4.65595725483408e-05,2098,321,60,0.186915887850467,0.0285986653956149,"TF:M09789","TF","Factor: TFDP1; motif: NSGCGGGAANN",20092,8890
"1233","darkturquoise",TRUE,4.72991137360872e-05,2051,321,59,0.183800623052959,0.0287664553876158,"TF:M04147_1","TF","Factor: TFAP2A; motif: NGCCYSAGGCN; match class: 1",20092,8781
"1234","darkturquoise",TRUE,4.76271946147673e-05,2148,321,61,0.190031152647975,0.0283985102420857,"TF:M12180","TF","Factor: BTEB3; motif: NRCCACGCCCMCN",20092,646
"1235","darkturquoise",TRUE,4.95760799741661e-05,5375,321,122,0.38006230529595,0.0226976744186047,"TF:M00678","TF","Factor: Tel-2; motif: YTACTTCCTG",20092,8776
"1236","darkturquoise",TRUE,4.96481218160105e-05,2445,321,67,0.208722741433022,0.0274028629856851,"TF:M02063_1","TF","Factor: c-ets-1; motif: ACCGGAWGTN; match class: 1",20092,839
"1237","darkturquoise",TRUE,5.02130849462073e-05,610,321,26,0.0809968847352025,0.0426229508196721,"TF:M08965_1","TF","Factor: NR1B1:RXR-GAMMA; motif: RRGGTCANNNNNRGGTCA; match class: 1",20092,6095
"1238","darkturquoise",TRUE,5.02769969388931e-05,4707,321,110,0.342679127725857,0.023369449755683,"TF:M02074","TF","Factor: GABPalpha; motif: RCCGGAWRYN",20092,2974
"1239","darkturquoise",TRUE,5.0434486167505e-05,2397,321,66,0.205607476635514,0.0275344180225282,"TF:M11421","TF","Factor: ER81; motif: NACCGGAAGTN",20092,2016
"1240","darkturquoise",TRUE,5.0434486167505e-05,13049,321,245,0.763239875389408,0.0187753850869798,"TF:M07040","TF","Factor: GKLF; motif: NNRRGRRNGNSNNN",20092,3288
"1241","darkturquoise",TRUE,5.05390157213329e-05,296,321,17,0.0529595015576324,0.0574324324324324,"TF:M12167","TF","Factor: CPBP; motif: NRCCACGCCCN",20092,970
"1242","darkturquoise",TRUE,5.05390157213329e-05,296,321,17,0.0529595015576324,0.0574324324324324,"TF:M12168","TF","Factor: AP-2rep; motif: NGCCACGCCCN",20092,4682
"1243","darkturquoise",TRUE,5.06005506974344e-05,12298,321,234,0.728971962616822,0.0190274841437632,"TF:M11397","TF","Factor: Erg; motif: NACCGGATATCCGGTN",20092,2096
"1244","darkturquoise",TRUE,5.2700164065906e-05,329,321,18,0.0560747663551402,0.0547112462006079,"TF:M09611_1","TF","Factor: ER81; motif: NNNGRCMGGAAGYRNNNNNNNS; match class: 1",20092,2007
"1245","darkturquoise",TRUE,5.4487176345591e-05,6186,321,136,0.423676012461059,0.0219851277077271,"TF:M11490_1","TF","Factor: LBP-1; motif: NRCCGGTNNNNACCGGYN; match class: 1",20092,4771
"1246","darkturquoise",TRUE,5.70507371619145e-05,1277,321,42,0.130841121495327,0.0328895849647612,"TF:M00217_1","TF","Factor: USF; motif: NCACGTGN; match class: 1",20092,9137
"1247","darkturquoise",TRUE,5.70507371619145e-05,364,321,19,0.059190031152648,0.0521978021978022,"TF:M11094_1","TF","Factor: USF1; motif: NNCACGTGACN; match class: 1",20092,9103
"1248","darkturquoise",TRUE,5.70507371619145e-05,10338,321,204,0.635514018691589,0.0197330237957052,"TF:M11391","TF","Factor: Erg; motif: NACCGGATATCCGGTN",20092,2084
"1249","darkturquoise",TRUE,5.73693607753298e-05,7607,321,160,0.498442367601246,0.0210332588405416,"TF:M09602","TF","Factor: ctcf; motif: NNNCCASYAGRKGGCRSYNN",20092,1164
"1250","darkturquoise",TRUE,5.77171748766983e-05,1190,321,40,0.124610591900312,0.0336134453781513,"TF:M09900_1","TF","Factor: Elf-1; motif: NNANCCGGAAGTGS; match class: 1",20092,1745
"1251","darkturquoise",TRUE,5.77171748766983e-05,2309,321,64,0.199376947040498,0.0277176266782157,"TF:M11433_1","TF","Factor: Elk-1; motif: NRCCGGAAGTN; match class: 1",20092,1901
"1252","darkturquoise",TRUE,6.00673337302125e-05,8157,321,169,0.526479750778816,0.0207184013730538,"TF:M12659","TF","Factor: RORA; motif: CCYTGNCCTN",20092,7506
"1253","darkturquoise",TRUE,6.22449543449829e-05,3435,321,86,0.26791277258567,0.0250363901018923,"TF:M12593_1","TF","Factor: CTCF; motif: NNRSYGCCMCCTGSTGGCCN; match class: 1",20092,1175
"1254","darkturquoise",TRUE,6.32183254961812e-05,897,321,33,0.102803738317757,0.0367892976588629,"TF:M11249","TF","Factor: Luman; motif: NGCCACGTGKMN",20092,1062
"1255","darkturquoise",TRUE,6.36772008558365e-05,5010,321,115,0.358255451713396,0.0229540918163673,"TF:M11481","TF","Factor: AP-2gamma; motif: NSCCYNRGGSN",20092,8836
"1256","darkturquoise",TRUE,6.43206326929725e-05,4678,321,109,0.339563862928349,0.023300555793074,"TF:M02064_1","TF","Factor: c-ets-2; motif: ACCGGAWRTN; match class: 1",20092,843
"1257","darkturquoise",TRUE,6.54800267792629e-05,4846,321,112,0.348909657320872,0.0231118448204705,"TF:M02261","TF","Factor: ESR1; motif: NNNNMAGGTCACCCTGACCY",20092,2138
"1258","darkturquoise",TRUE,6.95528846810339e-05,779,321,30,0.0934579439252336,0.0385109114249037,"TF:M06537","TF","Factor: CTCFL; motif: NSGTGGGCGG",20092,1138
"1259","darkturquoise",TRUE,7.32182081389626e-05,586,321,25,0.0778816199376947,0.0426621160409556,"TF:M12188_1","TF","Factor: KLF17; motif: NGMCMCRCCCTN; match class: 1",20092,4721
"1260","darkturquoise",TRUE,7.51225864437392e-05,1564,321,48,0.149532710280374,0.030690537084399,"TF:M11432_1","TF","Factor: Elk-1; motif: NACMGGAAGTN; match class: 1",20092,1899
"1261","darkturquoise",TRUE,7.52971626215525e-05,4805,321,111,0.345794392523364,0.0231009365244537,"TF:M11481_1","TF","Factor: AP-2gamma; motif: NSCCYNRGGSN; match class: 1",20092,8837
"1262","darkturquoise",TRUE,7.60229114638564e-05,6109,321,134,0.417445482866044,0.0219348502209854,"TF:M01860","TF","Factor: AP-4; motif: NCAGCTGYNGNCN",20092,176
"1263","darkturquoise",TRUE,7.7173513117049e-05,2935,321,76,0.236760124610592,0.0258943781942078,"TF:M01243","TF","Factor: MTF-1; motif: TGCGCAC",20092,5480
"1264","darkturquoise",TRUE,8.36839153337629e-05,6410,321,139,0.433021806853583,0.0216848673946958,"TF:M08875","TF","Factor: E2F; motif: NNTTTCGCGCN",20092,1602
"1265","darkturquoise",TRUE,8.53104257536944e-05,6529,321,141,0.439252336448598,0.0215959565017614,"TF:M00237","TF","Factor: AhR:Arnt; motif: GRGKATYGCGTGMCWNSCC",20092,14
"1266","darkturquoise",TRUE,8.60482411828365e-05,3307,321,83,0.258566978193146,0.0250982763834291,"TF:M11392_1","TF","Factor: Erg; motif: NACCGGAARYN; match class: 1",20092,2087
"1267","darkturquoise",TRUE,8.90152508190309e-05,1437,321,45,0.14018691588785,0.0313152400835073,"TF:M03834","TF","Factor: N-Myc; motif: GSSCACGYGS",20092,6078
"1268","darkturquoise",TRUE,8.93041938395653e-05,3468,321,86,0.26791277258567,0.02479815455594,"TF:M11090_1","TF","Factor: TFEA; motif: YRCACGTGACN; match class: 1",20092,8899
"1269","darkturquoise",TRUE,9.0664865650255e-05,6771,321,145,0.451713395638629,0.0214148574804312,"TF:M03966","TF","Factor: ELF1; motif: AACCCGGAAGTR",20092,1734
"1270","darkturquoise",TRUE,9.15470673698236e-05,4058,321,97,0.302180685358255,0.0239034006899951,"TF:M07042","TF","Factor: HES-1; motif: NNCKYGTGNNN",20092,3472
"1271","darkturquoise",TRUE,9.36351342146861e-05,3003,321,77,0.2398753894081,0.0256410256410256,"TF:M03988_1","TF","Factor: FLI1; motif: ACCGGAARTN; match class: 1",20092,2523
"1272","darkturquoise",TRUE,9.47156937538841e-05,3846,321,93,0.289719626168224,0.0241809672386895,"TF:M02059_1","TF","Factor: ELK-1; motif: ACCGGAAGTN; match class: 1",20092,1891
"1273","darkturquoise",TRUE,9.67132754882525e-05,1673,321,50,0.155763239875389,0.0298864315600717,"TF:M09992_1","TF","Factor: c-Myc; motif: NCCACGTGCNN; match class: 1",20092,5565
"1274","darkturquoise",TRUE,9.87851861222475e-05,9332,321,187,0.582554517133956,0.0200385769395628,"TF:M11391_1","TF","Factor: Erg; motif: NACCGGATATCCGGTN; match class: 1",20092,2085
"1275","darkturquoise",TRUE,0.000100171511291794,2702,321,71,0.221183800623053,0.0262768319763138,"TF:M08227_1","TF","Factor: Elk-1:PDEF; motif: NCMGGAMGGANATCCGGN; match class: 1",20092,1873
"1276","darkturquoise",TRUE,0.000101215875497807,8529,321,174,0.542056074766355,0.0204009848751319,"TF:M09884","TF","Factor: CLOCK; motif: CNGNCACGTGNNNM",20092,890
"1277","darkturquoise",TRUE,0.000105327416225272,4018,321,96,0.299065420560748,0.0238924838227974,"TF:M09643","TF","Factor: p63; motif: NNRCAWGYCTGGRCWTGYN",20092,6486
"1278","darkturquoise",TRUE,0.000105403383904085,2012,321,57,0.177570093457944,0.0283300198807157,"TF:M03967_1","TF","Factor: ELF3; motif: WACCCGGAAGTAN; match class: 1",20092,1795
"1279","darkturquoise",TRUE,0.000105798371015865,5460,321,122,0.38006230529595,0.0223443223443223,"TF:M02056","TF","Factor: ELF4; motif: NCCGGAARTN",20092,1812
"1280","darkturquoise",TRUE,0.000106933114980474,12059,321,229,0.713395638629283,0.0189899660004976,"TF:M07322_1","TF","Factor: HSF4; motif: CTGCMRN; match class: 1",20092,4331
"1281","darkturquoise",TRUE,0.000107560971561643,2759,321,72,0.224299065420561,0.0260964117433853,"TF:M08917","TF","Factor: GABP-ALPHA; motif: RCCGGAARTNN",20092,2982
"1282","darkturquoise",TRUE,0.000111538195229784,1315,321,42,0.130841121495327,0.0319391634980989,"TF:M01208_1","TF","Factor: FLI-1; motif: CMGGAWGTSAN; match class: 1",20092,2549
"1283","darkturquoise",TRUE,0.000120574084770949,1230,321,40,0.124610591900312,0.032520325203252,"TF:M03990_1","TF","Factor: GABPA; motif: ACCGGAAGTN; match class: 1",20092,2977
"1284","darkturquoise",TRUE,0.00012334026698972,1831,321,53,0.165109034267913,0.0289459311851447,"TF:M02012_1","TF","Factor: HIF-1alpha; motif: NCACGT; match class: 1",20092,3553
"1285","darkturquoise",TRUE,0.000124196733051234,7046,321,149,0.46417445482866,0.0211467499290378,"TF:M01118","TF","Factor: WT1; motif: SMCNCCNSC",20092,9222
"1286","darkturquoise",TRUE,0.000126405018196682,2419,321,65,0.202492211838006,0.0268706076891277,"TF:M08760","TF","Factor: ETV7; motif: NNSCGGAAGTR",20092,2392
"1287","darkturquoise",TRUE,0.0001297913152982,6230,321,135,0.420560747663551,0.021669341894061,"TF:M09893","TF","Factor: E2F-3; motif: NNGGCGGGAAA",20092,1528
"1288","darkturquoise",TRUE,0.000133115402855063,6175,321,134,0.417445482866044,0.0217004048582996,"TF:M02053","TF","Factor: ELF1; motif: NCCGGAARTN",20092,1842
"1289","darkturquoise",TRUE,0.000137280937425042,10647,321,207,0.644859813084112,0.0194420963651733,"TF:M08980","TF","Factor: VDR:RXR-ALPHA; motif: NRGGTCANNNGGTTCNN",20092,9160
"1290","darkturquoise",TRUE,0.000139592570619681,5777,321,127,0.395638629283489,0.0219837285788472,"TF:M04918","TF","Factor: Egr-1; motif: ACCGCCC",20092,1652
"1291","darkturquoise",TRUE,0.000140642055444709,13250,321,246,0.766355140186916,0.0185660377358491,"TF:M11399","TF","Factor: Fli-1; motif: NACCGGAWWTCCGGTY",20092,2536
"1292","darkturquoise",TRUE,0.000146515889648117,1843,321,53,0.165109034267913,0.0287574606619642,"TF:M12259","TF","Factor: slug; motif: NRCAGGTGCR",20092,7776
"1293","darkturquoise",TRUE,0.000147718113814389,462,321,21,0.0654205607476635,0.0454545454545455,"TF:M02054_1","TF","Factor: ELF2; motif: CCCGGAARYN; match class: 1",20092,1773
"1294","darkturquoise",TRUE,0.000151776761421582,2994,321,76,0.236760124610592,0.0253841015364061,"TF:M09834_1","TF","Factor: ZNF148; motif: NNNNNNCCNNCCCCTCCCCCACCCN; match class: 1",20092,9777
"1295","darkturquoise",TRUE,0.000154831973727607,1289,321,41,0.127725856697819,0.0318076027928627,"TF:M08440","TF","Factor: AP-2gamma:E2F-8; motif: NTTCCCGCNNSCCCSMGGC",20092,8812
"1296","darkturquoise",TRUE,0.000154943514776692,11183,321,215,0.669781931464174,0.0192256103013503,"TF:M02064","TF","Factor: c-ets-2; motif: ACCGGAWRTN",20092,842
"1297","darkturquoise",TRUE,0.000155595673012745,7492,321,156,0.485981308411215,0.0208222103577149,"TF:M00431","TF","Factor: E2F-1; motif: TTTSGCGS",20092,1494
"1298","darkturquoise",TRUE,0.000155990217158573,1156,321,38,0.118380062305296,0.0328719723183391,"TF:M07231_1","TF","Factor: TFAP2A; motif: NNNNGCCYSAGGGCA; match class: 1",20092,8787
"1299","darkturquoise",TRUE,0.000156212653562765,1800,321,52,0.161993769470405,0.0288888888888889,"TF:M12182","TF","Factor: BTEB3; motif: NRCCACGCCCMCN",20092,650
"1300","darkturquoise",TRUE,0.000156307077651044,576,321,24,0.0747663551401869,0.0416666666666667,"TF:M01122","TF","Factor: ZNF219; motif: CRCCCCCCNCCC",20092,9920
"1301","darkturquoise",TRUE,0.000156393627285956,428,321,20,0.0623052959501558,0.0467289719626168,"TF:M09913_1","TF","Factor: ER81; motif: NNCCGGAAGYG; match class: 1",20092,2009
"1302","darkturquoise",TRUE,0.000162842304159333,942,321,33,0.102803738317757,0.035031847133758,"TF:M07617_1","TF","Factor: Sp4; motif: SCCCCKCCCCCSN; match class: 1",20092,8117
"1303","darkturquoise",TRUE,0.000163479388673135,900,321,32,0.0996884735202492,0.0355555555555556,"TF:M09613_1","TF","Factor: Fli-1; motif: RCMGGAAGYGNNN; match class: 1",20092,2531
"1304","darkturquoise",TRUE,0.000167109592069056,3055,321,77,0.2398753894081,0.0252045826513912,"TF:M00466","TF","Factor: HIF1; motif: NGTACGTGCNGB",20092,3556
"1305","darkturquoise",TRUE,0.000172553126498633,1903,321,54,0.168224299065421,0.0283762480294272,"TF:M13190","TF","Factor: ZNF770; motif: CGGCCTCA",20092,11598
"1306","darkturquoise",TRUE,0.000175572081772661,4234,321,99,0.308411214953271,0.0233821445441663,"TF:M04765_1","TF","Factor: Pasx-5; motif: GTCACGSTT; match class: 1",20092,6577
"1307","darkturquoise",TRUE,0.00017568748180225,1342,321,42,0.130841121495327,0.0312965722801788,"TF:M09605_1","TF","Factor: Elf-1; motif: NAANCMGGAAGTGN; match class: 1",20092,1743
"1308","darkturquoise",TRUE,0.000177317101407425,173,321,12,0.0373831775700935,0.069364161849711,"TF:M11258_1","TF","Factor: AIBZIP; motif: NGMCACGTGGCN; match class: 1",20092,1053
"1309","darkturquoise",TRUE,0.000178375100308056,4788,321,109,0.339563862928349,0.022765246449457,"TF:M00736_1","TF","Factor: E2F-1:DP-1; motif: TTTCSCGC; match class: 1",20092,1461
"1310","darkturquoise",TRUE,0.000179697229779623,2199,321,60,0.186915887850467,0.0272851296043656,"TF:M11428_1","TF","Factor: PEA3; motif: NACCGGAAGTN; match class: 1",20092,6699
"1311","darkturquoise",TRUE,0.000184493330336049,8302,321,169,0.526479750778816,0.0203565405926283,"TF:M09671","TF","Factor: VDR; motif: RRGGTCANNGRGKTCA",20092,9168
"1312","darkturquoise",TRUE,0.000186074370783451,10625,321,206,0.641744548286604,0.0193882352941176,"TF:M02057","TF","Factor: Elf5; motif: CSMGGAARNN",20092,1828
"1313","darkturquoise",TRUE,0.000186074370783451,1623,321,48,0.149532710280374,0.0295748613678373,"TF:M09761_1","TF","Factor: EGR1; motif: NGNGKGGGYGGNGS; match class: 1",20092,1663
"1314","darkturquoise",TRUE,0.000187568513069573,2705,321,70,0.218068535825545,0.0258780036968577,"TF:M04932","TF","Factor: Sp2; motif: AAGGGGCGG",20092,8076
"1315","darkturquoise",TRUE,0.000191226052244017,1302,321,41,0.127725856697819,0.0314900153609831,"TF:M12564","TF","Factor: TCF4; motif: NNGCACCTGCNNN",20092,8598
"1316","darkturquoise",TRUE,0.000196505141305316,7105,321,149,0.46417445482866,0.0209711470795215,"TF:M00712","TF","Factor: myogenin; motif: RGCAGSTG",20092,5630
"1317","darkturquoise",TRUE,0.000203250699618991,2408,321,64,0.199376947040498,0.026578073089701,"TF:M09966","TF","Factor: Kaiso; motif: SARNYCTCGCGAGAN",20092,9372
"1318","darkturquoise",TRUE,0.000203271897651686,266,321,15,0.0467289719626168,0.056390977443609,"TF:M11413_1","TF","Factor: ER71; motif: NACCGGAARTN; match class: 1",20092,2329
"1319","darkturquoise",TRUE,0.000203271897651686,2712,321,70,0.218068535825545,0.025811209439528,"TF:M00940_1","TF","Factor: E2F-1; motif: NTTTCGCGCS; match class: 1",20092,1497
"1320","darkturquoise",TRUE,0.000212460602360207,8138,321,166,0.517133956386293,0.0203981322192185,"TF:M08214","TF","Factor: Elk-1:ETV7; motif: ANSCGGACGGATDTCCGGNT",20092,1848
"1321","darkturquoise",TRUE,0.000213241356072701,1042,321,35,0.109034267912773,0.0335892514395393,"TF:M09897_1","TF","Factor: Egr-1; motif: NNNNGCGKGGGYGGNRN; match class: 1",20092,1665
"1322","darkturquoise",TRUE,0.000216952831894453,9064,321,181,0.56386292834891,0.0199691085613416,"TF:M00072","TF","Factor: CP2; motif: GCHCDAMCCAG",20092,956
"1323","darkturquoise",TRUE,0.000217097081779507,12022,321,227,0.707165109034268,0.0188820495757777,"TF:M11397_1","TF","Factor: Erg; motif: NACCGGATATCCGGTN; match class: 1",20092,2097
"1324","darkturquoise",TRUE,0.000220511216541027,1777,321,51,0.158878504672897,0.0287000562746201,"TF:M13117_1","TF","Factor: SKIL; motif: NNCTGNCCYTKNCCCNN; match class: 1",20092,7765
"1325","darkturquoise",TRUE,0.000222227127889709,1132,321,37,0.115264797507788,0.0326855123674912,"TF:M03970_1","TF","Factor: ELK1; motif: ACCGGAAGTN; match class: 1",20092,1893
"1326","darkturquoise",TRUE,0.000222234259465467,3239,321,80,0.249221183800623,0.0246989811670269,"TF:M11404_1","TF","Factor: Fli-1; motif: NACCGGAARTN; match class: 1",20092,2545
"1327","darkturquoise",TRUE,0.000222404326842554,8389,321,170,0.529595015576324,0.0202646322565264,"TF:M09760","TF","Factor: DPF2; motif: NYCACYTCCYCNYYCY",20092,1390
"1328","darkturquoise",TRUE,0.000224115900994029,99,321,9,0.0280373831775701,0.0909090909090909,"TF:M11239_1","TF","Factor: OASIS; motif: TGCCACGTGGCA; match class: 1",20092,1027
"1329","darkturquoise",TRUE,0.000232557053599032,441,321,20,0.0623052959501558,0.0453514739229025,"TF:M07349_1","TF","Factor: AP-2gamma; motif: NNNNWGCCYNCRGSCN; match class: 1",20092,145
"1330","darkturquoise",TRUE,0.000242394955579162,100,321,9,0.0280373831775701,0.09,"TF:M11239","TF","Factor: OASIS; motif: TGCCACGTGGCA",20092,1026
"1331","darkturquoise",TRUE,0.000250804216559219,3409,321,83,0.258566978193146,0.0243473159284248,"TF:M09968","TF","Factor: KLF15; motif: RGGGMGGRGNNGGGGGNGG",20092,4696
"1332","darkturquoise",TRUE,0.000259639023025219,12381,321,232,0.722741433021807,0.0187383894677328,"TF:M08457","TF","Factor: ER71:SREBP-2; motif: NTSACGTGACGGAARY",20092,2316
"1333","darkturquoise",TRUE,0.000259978282013423,1505,321,45,0.14018691588785,0.0299003322259136,"TF:M12485_1","TF","Factor: TFAP2A; motif: NNNGCCTCAGGCNN; match class: 1",20092,8795
"1334","darkturquoise",TRUE,0.000260847588887637,11191,321,214,0.666666666666667,0.0191225091591457,"TF:M07407","TF","Factor: THAP1; motif: YTGCCCNNA",20092,8976
"1335","darkturquoise",TRUE,0.000262432403878483,3520,321,85,0.264797507788162,0.0241477272727273,"TF:M07051","TF","Factor: NF-1B; motif: CTGGCASGV",20092,5720
"1336","darkturquoise",TRUE,0.000264933926224251,2787,321,71,0.221183800623053,0.025475421600287,"TF:M03932","TF","Factor: ZIC4; motif: GRCCCCCCGCNGNGN",20092,9626
"1337","darkturquoise",TRUE,0.000265043861775453,5284,321,117,0.364485981308411,0.0221423164269493,"TF:M12231_1","TF","Factor: LRF; motif: NCGACCACCGN; match class: 1",20092,9445
"1338","darkturquoise",TRUE,0.000266776497965264,4225,321,98,0.305295950155763,0.0231952662721894,"TF:M04154","TF","Factor: TFAP2C; motif: NGCCTNAGGCN",20092,8830
"1339","darkturquoise",TRUE,0.000268410663143195,3953,321,93,0.289719626168224,0.0235264356185176,"TF:M11741","TF","Factor: COUP-TF1; motif: RRGGTCRNTGACCYY",20092,6154
"1340","darkturquoise",TRUE,0.00027037688015092,5916,321,128,0.398753894080997,0.0216362407031778,"TF:M07292","TF","Factor: GLI; motif: NTGGGTGGTN",20092,3352
"1341","darkturquoise",TRUE,0.000276291894579536,2791,321,71,0.221183800623053,0.025438910784665,"TF:M00072_1","TF","Factor: CP2; motif: GCHCDAMCCAG; match class: 1",20092,957
"1342","darkturquoise",TRUE,0.000279268664630698,2792,321,71,0.221183800623053,0.0254297994269341,"TF:M09884_1","TF","Factor: CLOCK; motif: CNGNCACGTGNNNM; match class: 1",20092,891
"1343","darkturquoise",TRUE,0.000282591234653252,719,321,27,0.0841121495327103,0.0375521557719054,"TF:M11255","TF","Factor: AIBZIP; motif: YGCCACGTGGCN",20092,1046
"1344","darkturquoise",TRUE,0.000285869213356497,154,321,11,0.0342679127725857,0.0714285714285714,"TF:M05845","TF","Factor: ZNF690; motif: GGGGGACGGN",20092,11330
"1345","darkturquoise",TRUE,0.00028863935095369,9542,321,188,0.585669781931464,0.0197023684762104,"TF:M00115","TF","Factor: Tax/CREB; motif: RTGACGCATAYCCCC",20092,8418
"1346","darkturquoise",TRUE,0.000296480918168605,3320,321,81,0.252336448598131,0.0243975903614458,"TF:M05439_1","TF","Factor: RREB-1; motif: GGGWCSA; match class: 1",20092,7549
"1347","darkturquoise",TRUE,0.000299168058078375,1656,321,48,0.149532710280374,0.0289855072463768,"TF:M02067_1","TF","Factor: ER71; motif: ACCGGAARYN; match class: 1",20092,1997
"1348","darkturquoise",TRUE,0.000316400387735636,1379,321,42,0.130841121495327,0.0304568527918782,"TF:M09603_1","TF","Factor: Egr-1; motif: NNNNNGYGKGGGNGGGNN; match class: 1",20092,1661
"1349","darkturquoise",TRUE,0.000317300130629533,2295,321,61,0.190031152647975,0.0265795206971678,"TF:M08472_1","TF","Factor: Fli-1:E2A; motif: NCCGGAWRCASCTGN; match class: 1",20092,2519
"1350","darkturquoise",TRUE,0.000318777655678025,2497,321,65,0.202492211838006,0.026031237484982,"TF:M11844_1","TF","Factor: ER-alpha; motif: NAGGTCACSGYGACCTN; match class: 1",20092,2155
"1351","darkturquoise",TRUE,0.000322902455779715,2397,321,63,0.196261682242991,0.0262828535669587,"TF:M12682","TF","Factor: USF2; motif: NNNSSYCACGTGACNNNNNNNNNSCN",20092,9124
"1352","darkturquoise",TRUE,0.000330396494230085,7774,321,159,0.495327102803738,0.0204527913558014,"TF:M03967","TF","Factor: ELF3; motif: WACCCGGAAGTAN",20092,1794
"1353","darkturquoise",TRUE,0.000330396494230085,893,321,31,0.0965732087227414,0.0347144456886898,"TF:M00678_1","TF","Factor: Tel-2; motif: YTACTTCCTG; match class: 1",20092,8777
"1354","darkturquoise",TRUE,0.000331510624833345,2349,321,62,0.193146417445483,0.0263942103022563,"TF:M10436_1","TF","Factor: YY1; motif: CAANATGGCGGC; match class: 1",20092,9269
"1355","darkturquoise",TRUE,0.000336179504374575,1808,321,51,0.158878504672897,0.0282079646017699,"TF:M00414","TF","Factor: AREB6; motif: VNRCACCTGKNC",20092,190
"1356","darkturquoise",TRUE,0.000336391734207435,894,321,31,0.0965732087227414,0.034675615212528,"TF:M07067_1","TF","Factor: USF1; motif: NNNNGTCACGTGGN; match class: 1",20092,9107
"1357","darkturquoise",TRUE,0.000344312310289368,2252,321,60,0.186915887850467,0.0266429840142096,"TF:M00236","TF","Factor: Arnt; motif: NDDNNCACGTGNNNNN",20092,218
"1358","darkturquoise",TRUE,0.000344312310289368,2657,321,68,0.21183800623053,0.0255927738050433,"TF:M02281_1","TF","Factor: SP1; motif: CCCCKCCCCC; match class: 1",20092,8043
"1359","darkturquoise",TRUE,0.000347249327951119,105,321,9,0.0280373831775701,0.0857142857142857,"TF:M01830","TF","Factor: MAX; motif: CNNGMCACGTGN",20092,5142
"1360","darkturquoise",TRUE,0.000348053699951797,2505,321,65,0.202492211838006,0.0259481037924152,"TF:M12596","TF","Factor: DP2; motif: NNGGCGGGARN",20092,1388
"1361","darkturquoise",TRUE,0.000350831315527436,8330,321,168,0.523364485981308,0.0201680672268908,"TF:M08623_1","TF","Factor: rfx3:SRF; motif: TRGCAACNNNNNCCNWATANGGN; match class: 1",20092,7425
"1362","darkturquoise",TRUE,0.000360614480434218,217,321,13,0.0404984423676012,0.0599078341013825,"TF:M12170","TF","Factor: AP-2rep; motif: NRCCACGCCCN",20092,4686
"1363","darkturquoise",TRUE,0.000363408564398035,2157,321,58,0.180685358255452,0.0268891979601298,"TF:M12262","TF","Factor: slug; motif: RRCAGGTGCA",20092,7782
"1364","darkturquoise",TRUE,0.000364052712193886,10336,321,200,0.623052959501558,0.0193498452012384,"TF:M03924","TF","Factor: YY1; motif: NNCGCCATTNN",20092,9256
"1365","darkturquoise",TRUE,0.000365685052323671,16897,321,294,0.91588785046729,0.017399538379594,"TF:M07322","TF","Factor: HSF4; motif: CTGCMRN",20092,4330
"1366","darkturquoise",TRUE,0.00036953444142586,3717,321,88,0.274143302180685,0.0236750067258542,"TF:M11479_1","TF","Factor: AP-2alpha; motif: NGCCTNAGGCN; match class: 1",20092,8791
"1367","darkturquoise",TRUE,0.000371392320817689,5726,321,124,0.386292834890966,0.0216556060076842,"TF:M08457_1","TF","Factor: ER71:SREBP-2; motif: NTSACGTGACGGAARY; match class: 1",20092,2317
"1368","darkturquoise",TRUE,0.000377388970033109,2012,321,55,0.171339563862928,0.0273359840954274,"TF:M02069_1","TF","Factor: Erm; motif: ACCGGAAGTN; match class: 1",20092,2103
"1369","darkturquoise",TRUE,0.000379559414043115,4155,321,96,0.299065420560748,0.0231046931407942,"TF:M13116","TF","Factor: SALL1; motif: CTGCMCYNTGSNCNN",20092,7634
"1370","darkturquoise",TRUE,0.00038868802553025,1580,321,46,0.143302180685358,0.0291139240506329,"TF:M11096","TF","Factor: USF2; motif: NNCACGTGACN",20092,9120
"1371","darkturquoise",TRUE,0.000390226535552639,10667,321,205,0.638629283489097,0.0192181494328302,"TF:M00736","TF","Factor: E2F-1:DP-1; motif: TTTCSCGC",20092,1460
"1372","darkturquoise",TRUE,0.000390239725646196,6841,321,143,0.445482866043614,0.020903376699313,"TF:M13117","TF","Factor: SKIL; motif: NNCTGNCCYTKNCCCNN",20092,7764
"1373","darkturquoise",TRUE,0.000396683768100893,1077,321,35,0.109034267912773,0.0324976787372331,"TF:M09968_1","TF","Factor: KLF15; motif: RGGGMGGRGNNGGGGGNGG; match class: 1",20092,4697
"1374","darkturquoise",TRUE,0.000409086029003241,2673,321,68,0.21183800623053,0.0254395809951365,"TF:M00938_1","TF","Factor: E2F-1; motif: TTGGCGCGRAANNGNM; match class: 1",20092,1487
"1375","darkturquoise",TRUE,0.000413520531398283,318,321,16,0.0498442367601246,0.050314465408805,"TF:M01009_1","TF","Factor: HES-1; motif: ANSBCKYGTGSCNNG; match class: 1",20092,3471
"1376","darkturquoise",TRUE,0.000413520531398283,7927,321,161,0.501557632398754,0.0203103317774694,"TF:M01165","TF","Factor: Elk-1; motif: RACCGGAAGTR",20092,1888
"1377","darkturquoise",TRUE,0.000415608761715792,6496,321,137,0.426791277258567,0.0210899014778325,"TF:M01201","TF","Factor: AR; motif: GGNACRNNRTGTWCT",20092,240
"1378","darkturquoise",TRUE,0.000417306404998,4111,321,95,0.29595015576324,0.0231087326684505,"TF:M08443_1","TF","Factor: AP-4:ER81; motif: RSCGGAAGCAGSTGNN; match class: 1",20092,8851
"1379","darkturquoise",TRUE,0.000419972676102598,3731,321,88,0.274143302180685,0.0235861699276333,"TF:M00428_1","TF","Factor: E2F-1; motif: NKTSSCGC; match class: 1",20092,1485
"1380","darkturquoise",TRUE,0.000440159173171123,2223,321,59,0.183800623052959,0.0265407107512371,"TF:M01714","TF","Factor: KLF15; motif: GAGNNGGGGNGTDG",20092,4708
"1381","darkturquoise",TRUE,0.000440743351736435,2374,321,62,0.193146417445483,0.0261162594776748,"TF:M08214_1","TF","Factor: Elk-1:ETV7; motif: ANSCGGACGGATDTCCGGNT; match class: 1",20092,1849
"1382","darkturquoise",TRUE,0.0004535127925015,2994,321,74,0.230529595015576,0.0247160988643955,"TF:M08283","TF","Factor: Fli-1:ETV7; motif: NSMGGAMGGATNTCCGNN",20092,2506
"1383","darkturquoise",TRUE,0.00045632065543045,1497,321,44,0.137071651090343,0.0293921175684703,"TF:M01837_1","TF","Factor: FKLF; motif: BGGGNGGVMD; match class: 1",20092,2497
"1384","darkturquoise",TRUE,0.000456574322597977,3794,321,89,0.277258566978193,0.0234580917237744,"TF:M11479","TF","Factor: AP-2alpha; motif: NGCCTNAGGCN",20092,8790
"1385","darkturquoise",TRUE,0.000464069010469325,10308,321,199,0.61993769470405,0.0193053938688397,"TF:M04744","TF","Factor: ATF-3; motif: GGCGCSSNSNGRTSACGTSA",20092,302
"1386","darkturquoise",TRUE,0.0004709821996701,2129,321,57,0.177570093457944,0.0267731329262565,"TF:M12172","TF","Factor: LKLF; motif: NRCCACRCCCN",20092,4922
"1387","darkturquoise",TRUE,0.0004709821996701,5699,321,123,0.383177570093458,0.0215827338129496,"TF:M07223","TF","Factor: Pax-5; motif: NNRNKCAGYSRAGCRTGAC",20092,6578
"1388","darkturquoise",TRUE,0.000471243987286863,5527,321,120,0.373831775700935,0.0217115976117243,"TF:M00973","TF","Factor: E2A; motif: CACCTGNY",20092,1452
"1389","darkturquoise",TRUE,0.000475613879332192,6573,321,138,0.429906542056075,0.0209949794614331,"TF:M11745","TF","Factor: COUP-TF1; motif: RAGGTCANTGACCTY",20092,6162
"1390","darkturquoise",TRUE,0.000483253582685342,5760,321,124,0.386292834890966,0.0215277777777778,"TF:M09762","TF","Factor: NF1B; motif: CYTGGCNYNCWGCCAN",20092,5714
"1391","darkturquoise",TRUE,0.00048874981463569,1455,321,43,0.133956386292835,0.029553264604811,"TF:M08877_1","TF","Factor: EGR3; motif: NCMCRCCCACTNMN; match class: 1",20092,1705
"1392","darkturquoise",TRUE,0.000488926307377362,4239,321,97,0.302180685358255,0.0228827553668318,"TF:M11382_1","TF","Factor: ESE-1; motif: NWTRCGGAWGCN; match class: 1",20092,1803
"1393","darkturquoise",TRUE,0.000497642642911553,8935,321,177,0.551401869158878,0.0198097369893677,"TF:M00733","TF","Factor: SMAD4; motif: GKSRKKCAGMCANCY",20092,7814
"1394","darkturquoise",TRUE,0.000526688375390608,1507,321,44,0.137071651090343,0.0291970802919708,"TF:M02073_1","TF","Factor: Fli-1; motif: ACCGGAAGYN; match class: 1",20092,2521
"1395","darkturquoise",TRUE,0.00053285949517326,7121,321,147,0.457943925233645,0.0206431680943688,"TF:M10106","TF","Factor: VDR; motif: NRGGTCANNGRGKTCA",20092,9170
"1396","darkturquoise",TRUE,0.000533195526215232,3811,321,89,0.277258566978193,0.0233534505379166,"TF:M11845","TF","Factor: ER-alpha; motif: NAGGTCANSNTGACCYN",20092,2156
"1397","darkturquoise",TRUE,0.000535736797468425,749,321,27,0.0841121495327103,0.0360480640854473,"TF:M07469_1","TF","Factor: Tal; motif: GWSNNCABCTGC; match class: 1",20092,8413
"1398","darkturquoise",TRUE,0.000541354604837306,587,321,23,0.0716510903426791,0.0391822827938671,"TF:M12217","TF","Factor: GLIS2; motif: ACCCCCCRCGWNGC",20092,3346
"1399","darkturquoise",TRUE,0.000556837703497612,2962,321,73,0.227414330218069,0.024645509790682,"TF:M12461","TF","Factor: ZBTB14; motif: SSCCGCGCACNS",20092,9340
"1400","darkturquoise",TRUE,0.000556837703497612,1847,321,51,0.158878504672897,0.0276123443421765,"TF:M12345_1","TF","Factor: Zbtb37; motif: NYACCGCRNTCACCGCR; match class: 1",20092,9383
"1401","darkturquoise",TRUE,0.000558005980693625,751,321,27,0.0841121495327103,0.0359520639147803,"TF:M07052_1","TF","Factor: NRF-1; motif: GCGCMTGCGCN; match class: 1",20092,6225
"1402","darkturquoise",TRUE,0.00058010873301537,4369,321,99,0.308411214953271,0.0226596475165942,"TF:M02011","TF","Factor: HES-1; motif: GSCACGMGMC",20092,3476
"1403","darkturquoise",TRUE,0.000580301729115807,18584,321,313,0.975077881619938,0.0168424451140766,"TF:M08568","TF","Factor: ER71:E2A; motif: CASSTGNACCGGAWRYN",20092,2320
"1404","darkturquoise",TRUE,0.00058600793624789,294,321,15,0.0467289719626168,0.0510204081632653,"TF:M12249","TF","Factor: LIN28B; motif: CGCGATANNACNGCG",20092,4914
"1405","darkturquoise",TRUE,0.000589679099774329,7796,321,158,0.492211838006231,0.0202668034889687,"TF:M11492","TF","Factor: LBP9; motif: ACYRGTNNNNACYRGT",20092,4778
"1406","darkturquoise",TRUE,0.000590234903290305,2502,321,64,0.199376947040498,0.0255795363709033,"TF:M09671_1","TF","Factor: VDR; motif: RRGGTCANNGRGKTCA; match class: 1",20092,9169
"1407","darkturquoise",TRUE,0.000590234903290305,9710,321,189,0.588785046728972,0.0194644696189495,"TF:M00518","TF","Factor: PPARalpha:RXRalpha; motif: NNRGGTCATWGGGGTSANG",20092,7066
"1408","darkturquoise",TRUE,0.000591190769429194,15728,321,278,0.866043613707165,0.017675483214649,"TF:M08313","TF","Factor: GCMa:PEA3; motif: ATRCGGGCGGAAGTR",20092,3162
"1409","darkturquoise",TRUE,0.00061180713961163,2711,321,68,0.21183800623053,0.0250829952047215,"TF:M07353","TF","Factor: E2A; motif: CAGNTGNN",20092,1456
"1410","darkturquoise",TRUE,0.000620969617458449,11189,321,212,0.660436137071651,0.018947180266333,"TF:M04765","TF","Factor: Pasx-5; motif: GTCACGSTT",20092,6576
"1411","darkturquoise",TRUE,0.000629588720279894,1615,321,46,0.143302180685358,0.0284829721362229,"TF:M03966_1","TF","Factor: ELF1; motif: AACCCGGAAGTR; match class: 1",20092,1735
"1412","darkturquoise",TRUE,0.000637565157579409,1016,321,33,0.102803738317757,0.0324803149606299,"TF:M09641_1","TF","Factor: NRF-1; motif: SYGCGCMTGCGCRNNGSN; match class: 1",20092,6221
"1413","darkturquoise",TRUE,0.000679176144566522,8548,321,170,0.529595015576324,0.0198876930276088,"TF:M00947","TF","Factor: CP2/LBP-1c/LSF; motif: GCTGGNTNGNNCYNG",20092,958
"1414","darkturquoise",TRUE,0.000682842054552015,1573,321,45,0.14018691588785,0.0286077558804832,"TF:M12717","TF","Factor: ZNF740; motif: CNGCCCCCCCMCCCCC",20092,11526
"1415","darkturquoise",TRUE,0.000690076766822491,6447,321,135,0.420560747663551,0.0209399720800372,"TF:M01820","TF","Factor: CREM; motif: TGACGTCASYN",20092,1114
"1416","darkturquoise",TRUE,0.000695771938984587,5692,321,122,0.38006230529595,0.0214335910049192,"TF:M07250_1","TF","Factor: E2F-1; motif: NNNSSCGCSAANN; match class: 1",20092,1491
"1417","darkturquoise",TRUE,0.000696509523965966,558,321,22,0.0685358255451713,0.039426523297491,"TF:M12642_1","TF","Factor: NFYA; motif: NNRGCCAATSRGMRSSNNSN; match class: 1",20092,5915
"1418","darkturquoise",TRUE,0.00070548695679402,233,321,13,0.0404984423676012,0.055793991416309,"TF:M12258_1","TF","Factor: SNA; motif: NRCAGGTGCA; match class: 1",20092,7859
"1419","darkturquoise",TRUE,0.000707807434084077,1022,321,33,0.102803738317757,0.0322896281800391,"TF:M12697_1","TF","Factor: ZNF142; motif: SNSCGCCCGCCCGCSCSS; match class: 1",20092,9773
"1420","darkturquoise",TRUE,0.000730813368036293,1967,321,53,0.165109034267913,0.0269445856634469,"TF:M07290_1","TF","Factor: GLI; motif: NGACCMCCCAN; match class: 1",20092,3299
"1421","darkturquoise",TRUE,0.000747344264462341,4734,321,105,0.327102803738318,0.0221799746514575,"TF:M07469","TF","Factor: Tal; motif: GWSNNCABCTGC",20092,8412
"1422","darkturquoise",TRUE,0.000776453689011834,3420,321,81,0.252336448598131,0.0236842105263158,"TF:M03969","TF","Factor: ELF5; motif: ANSMGGAAGTN",20092,1830
"1423","darkturquoise",TRUE,0.00077980974575607,643,321,24,0.0747663551401869,0.0373250388802488,"TF:M12682_1","TF","Factor: USF2; motif: NNNSSYCACGTGACNNNNNNNNNSCN; match class: 1",20092,9125
"1424","darkturquoise",TRUE,0.00077980974575607,2222,321,58,0.180685358255452,0.0261026102610261,"TF:M01165_1","TF","Factor: Elk-1; motif: RACCGGAAGTR; match class: 1",20092,1889
"1425","darkturquoise",TRUE,0.000794822909086451,3209,321,77,0.2398753894081,0.0239950140230601,"TF:M00235","TF","Factor: AhR:Arnt; motif: KNNKNNTYGCGTGCMS",20092,12
"1426","darkturquoise",TRUE,0.000803771130216726,1074,321,34,0.105919003115265,0.031657355679702,"TF:M00973_1","TF","Factor: E2A; motif: CACCTGNY; match class: 1",20092,1453
"1427","darkturquoise",TRUE,0.000806710277854843,6001,321,127,0.395638629283489,0.0211631394767539,"TF:M00426_1","TF","Factor: E2F; motif: TTTSGCGS; match class: 1",20092,1597
"1428","darkturquoise",TRUE,0.000809730516489299,1396,321,41,0.127725856697819,0.0293696275071633,"TF:M00652","TF","Factor: NRF-1; motif: CGCATGCGCR",20092,6226
"1429","darkturquoise",TRUE,0.000830235123802297,304,321,15,0.0467289719626168,0.0493421052631579,"TF:M13367_1","TF","Factor: ZBTB11; motif: CACTTCCGG; match class: 1",20092,9331
"1430","darkturquoise",TRUE,0.000834069474080504,375,321,17,0.0529595015576324,0.0453333333333333,"TF:M07210_1","TF","Factor: ESR2; motif: AGGTCASNNTGNCCY; match class: 1",20092,2163
"1431","darkturquoise",TRUE,0.000842511022335341,1122,321,35,0.109034267912773,0.0311942959001783,"TF:M03860_1","TF","Factor: USF2; motif: NNNCCACGTGACN; match class: 1",20092,9131
"1432","darkturquoise",TRUE,0.000847356725317417,1589,321,45,0.14018691588785,0.0283196979232222,"TF:M02053_1","TF","Factor: ELF1; motif: NCCGGAARTN; match class: 1",20092,1843
"1433","darkturquoise",TRUE,0.000854825322496153,206,321,12,0.0373831775700935,0.058252427184466,"TF:M08537","TF","Factor: ERF:HES-7; motif: NNCACGYGCNNNCCGGAAGT",20092,2048
"1434","darkturquoise",TRUE,0.000869657629868295,1401,321,41,0.127725856697819,0.0292648108493933,"TF:M09901_1","TF","Factor: nerf; motif: NNNCCGGAAGTGN; match class: 1",20092,5659
"1435","darkturquoise",TRUE,0.000876068110718463,451,321,19,0.059190031152648,0.0421286031042129,"TF:M11414_1","TF","Factor: GABP-alpha; motif: NACCGGAAGTN; match class: 1",20092,2987
"1436","darkturquoise",TRUE,0.000893377613663066,1263,321,38,0.118380062305296,0.0300870942201108,"TF:M00491","TF","Factor: MAZR; motif: NSGGGGGGGGMCN",20092,5144
"1437","darkturquoise",TRUE,0.000927038843939837,1500,321,43,0.133956386292835,0.0286666666666667,"TF:M04059","TF","Factor: NRF-1; motif: YGCGCATGCGCN",20092,6216
"1438","darkturquoise",TRUE,0.000964367830963312,778,321,27,0.0841121495327103,0.0347043701799486,"TF:M13122","TF","Factor: ZNF498; motif: NCCCNNCCCNCCYCACCCCTGCNN",20092,10722
"1439","darkturquoise",TRUE,0.000968494221064984,1647,321,46,0.143302180685358,0.0279295689131755,"TF:M12181","TF","Factor: BTEB3; motif: NRCCACGCCCMCN",20092,648
"1440","darkturquoise",TRUE,0.000976237246461544,8173,321,163,0.507788161993769,0.0199437171173376,"TF:M11075_1","TF","Factor: Sohlh2; motif: NNCACGTGNN; match class: 1",20092,7869
"1441","darkturquoise",TRUE,0.000980908010812736,4265,321,96,0.299065420560748,0.0225087924970692,"TF:M07407_1","TF","Factor: THAP1; motif: YTGCCCNNA; match class: 1",20092,8977
"1442","darkturquoise",TRUE,0.00101406593789684,655,321,24,0.0747663551401869,0.0366412213740458,"TF:M03913","TF","Factor: KLF14; motif: NRCCACGCCCMCYN",20092,4690
"1443","darkturquoise",TRUE,0.0010259542385425,419,321,18,0.0560747663551402,0.0429594272076372,"TF:M12255_1","TF","Factor: SNA; motif: NRCAGGTGCN; match class: 1",20092,7853
"1444","darkturquoise",TRUE,0.00103644740144918,7395,321,150,0.467289719626168,0.0202839756592292,"TF:M11814_1","TF","Factor: T3R-beta; motif: NRGGTCAAAGGTCRN; match class: 1",20092,8991
"1445","darkturquoise",TRUE,0.00104325706661905,5115,321,111,0.345794392523364,0.0217008797653959,"TF:M00113","TF","Factor: CREB; motif: NNGNTGACGTNN",20092,1088
"1446","darkturquoise",TRUE,0.0010580511325817,1462,321,42,0.130841121495327,0.0287277701778386,"TF:M12691","TF","Factor: ZBTB44; motif: NTCAGCACCNNGGACAGCGSCN",20092,9418
"1447","darkturquoise",TRUE,0.00106311408777708,1046,321,33,0.102803738317757,0.0315487571701721,"TF:M08905_1","TF","Factor: TIEG1; motif: GGSGGKGNNN; match class: 1",20092,9015
"1448","darkturquoise",TRUE,0.0010790629919042,3188,321,76,0.236760124610592,0.0238393977415307,"TF:M08445_1","TF","Factor: AP-4:Fli-1; motif: RSCGGAWRCAGSTGN; match class: 1",20092,8853
"1449","darkturquoise",TRUE,0.00111249606037486,1755,321,48,0.149532710280374,0.0273504273504274,"TF:M04154_1","TF","Factor: TFAP2C; motif: NGCCTNAGGCN; match class: 1",20092,8831
"1450","darkturquoise",TRUE,0.00111289735498623,5409,321,116,0.361370716510903,0.0214457385838417,"TF:M11743","TF","Factor: COUP-TF1; motif: RAGGTCANYGACCTY",20092,6158
"1451","darkturquoise",TRUE,0.00113715416297627,8013,321,160,0.498442367601246,0.0199675527268189,"TF:M11828_1","TF","Factor: LRH-1; motif: TCAAGGTCRYGACCTTGR; match class: 1",20092,4965
"1452","darkturquoise",TRUE,0.00114554439332534,1187,321,36,0.11214953271028,0.0303285593934288,"TF:M12226","TF","Factor: ZIC4; motif: NRCCMCCYRCTGTGN",20092,9630
"1453","darkturquoise",TRUE,0.00114557019309709,152,321,10,0.0311526479750779,0.0657894736842105,"TF:M12693_1","TF","Factor: ZBTB5; motif: NNNGNNNYCNCYNNGGTCCGN; match class: 1",20092,9435
"1454","darkturquoise",TRUE,0.00115431746996589,9372,321,182,0.566978193146417,0.0194195475885617,"TF:M12721","TF","Factor: ZNFPT1; motif: YCNNCNCWGCCNY",20092,11944
"1455","darkturquoise",TRUE,0.00116181992372994,6402,321,133,0.414330218068536,0.0207747578881599,"TF:M10025","TF","Factor: p73; motif: NNRCAWGYCCARRCWTGYC",20092,6492
"1456","darkturquoise",TRUE,0.00116917305998941,1007,321,32,0.0996884735202492,0.0317775571002979,"TF:M09607_1","TF","Factor: SAP-1; motif: ACCGGAAGTNN; match class: 1",20092,1931
"1457","darkturquoise",TRUE,0.00117181568806683,3791,321,87,0.271028037383178,0.0229490899498813,"TF:M11843","TF","Factor: ER-alpha; motif: NAGGTCACSGTGACCTN",20092,2152
"1458","darkturquoise",TRUE,0.00118227663335292,2619,321,65,0.202492211838006,0.0248186330660557,"TF:M00693","TF","Factor: E12; motif: RRCAGGTGNCV",20092,1446
"1459","darkturquoise",TRUE,0.00118227663335292,6346,321,132,0.411214953271028,0.0208005042546486,"TF:M11876","TF","Factor: pax-2; motif: NSGTCACGCWTSANYGMNYN",20092,6514
"1460","darkturquoise",TRUE,0.00118513922361557,6700,321,138,0.429906542056075,0.0205970149253731,"TF:M04727","TF","Factor: CTCF; motif: ACCAGGKGGC",20092,1158
"1461","darkturquoise",TRUE,0.00119039003394476,1236,321,37,0.115264797507788,0.0299352750809061,"TF:M03972","TF","Factor: ELK3; motif: ACCGGAAGTN",20092,1910
"1462","darkturquoise",TRUE,0.00120365952164576,502,321,20,0.0623052959501558,0.0398406374501992,"TF:M11047","TF","Factor: CLOCK; motif: NMCACGTGYN",20092,894
"1463","darkturquoise",TRUE,0.00124400543103992,2991,321,72,0.224299065420561,0.0240722166499498,"TF:M09724_1","TF","Factor: DATF1; motif: SNGGRRGCWGNGGG; match class: 1",20092,1223
"1464","darkturquoise",TRUE,0.00124400543103992,6707,321,138,0.429906542056075,0.0205755181154018,"TF:M09898","TF","Factor: Egr-2; motif: GNGRRNGWGKGGGNGGRG",20092,1682
"1465","darkturquoise",TRUE,0.00125881622628736,4631,321,102,0.317757009345794,0.0220254804577845,"TF:M00257_1","TF","Factor: RREB-1; motif: CCCCAAACMMCCCC; match class: 1",20092,7541
"1466","darkturquoise",TRUE,0.00126794855284071,1428,321,41,0.127725856697819,0.0287114845938375,"TF:M10025_1","TF","Factor: p73; motif: NNRCAWGYCCARRCWTGYC; match class: 1",20092,6493
"1467","darkturquoise",TRUE,0.00128677872444546,1965,321,52,0.161993769470405,0.0264631043256997,"TF:M10045_1","TF","Factor: RAR-gamma; motif: RGGTCANNNTGNCCNNNN; match class: 1",20092,7285
"1468","darkturquoise",TRUE,0.00130392142525749,794,321,27,0.0841121495327103,0.0340050377833753,"TF:M03925_1","TF","Factor: YY2; motif: NCCGCCATNTY; match class: 1",20092,9287
"1469","darkturquoise",TRUE,0.00131441880056296,354,321,16,0.0498442367601246,0.0451977401129944,"TF:M05752","TF","Factor: ZNF57; motif: NCGGGGTGGKSA",20092,10998
"1470","darkturquoise",TRUE,0.00139691015419034,8966,321,175,0.545171339563863,0.019518179790319,"TF:M10112","TF","Factor: Miz-1; motif: NNRGGWGGGGGAGGGGMRR",20092,5362
"1471","darkturquoise",TRUE,0.00140424930724649,6488,321,134,0.417445482866044,0.0206535141800247,"TF:M12657","TF","Factor: RELA; motif: GGGRMTKYCCC",20092,7338
"1472","darkturquoise",TRUE,0.00141442848764925,2741,321,67,0.208722741433022,0.0244436337103247,"TF:M07436_1","TF","Factor: WT1; motif: NNGGGNGGGSGN; match class: 1",20092,9221
"1473","darkturquoise",TRUE,0.00142026390523081,1726,321,47,0.146417445482866,0.0272305909617613,"TF:M12489_1","TF","Factor: KLF4; motif: NNCCCCACCCNN; match class: 1",20092,4743
"1474","darkturquoise",TRUE,0.00142515879340326,842,321,28,0.0872274143302181,0.0332541567695962,"TF:M03558_1","TF","Factor: P73; motif: GNNNRRRCNTGCMNNTSASN; match class: 1",20092,6495
"1475","darkturquoise",TRUE,0.00142929630935797,1342,321,39,0.121495327102804,0.0290611028315946,"TF:M03987","TF","Factor: FEV; motif: ACCGGAAGTN",20092,2464
"1476","darkturquoise",TRUE,0.00143987319886551,7085,321,144,0.448598130841121,0.0203246294989414,"TF:M12464","TF","Factor: ZNF148; motif: NNCCCCTCCCCC",20092,9778
"1477","darkturquoise",TRUE,0.00148637635710087,1392,321,40,0.124610591900312,0.028735632183908,"TF:M12179","TF","Factor: BTEB3; motif: NRCCACGCCCMCN",20092,644
"1478","darkturquoise",TRUE,0.0014892992840113,1681,321,46,0.143302180685358,0.0273646638905413,"TF:M01860_1","TF","Factor: AP-4; motif: NCAGCTGYNGNCN; match class: 1",20092,177
"1479","darkturquoise",TRUE,0.00150813212214821,10361,321,197,0.613707165109034,0.0190136087250265,"TF:M04064","TF","Factor: Pax-5; motif: NGTCACGCWTSANTGMNY",20092,6572
"1480","darkturquoise",TRUE,0.00152021570495352,129,321,9,0.0280373831775701,0.0697674418604651,"TF:M05731","TF","Factor: ZNF660; motif: NGGGGGGAACSM",20092,11218
"1481","darkturquoise",TRUE,0.00153221128790357,323,321,15,0.0467289719626168,0.0464396284829721,"TF:M03565_1","TF","Factor: slug; motif: KCACCTGN; match class: 1",20092,7785
"1482","darkturquoise",TRUE,0.00153221128790357,323,321,15,0.0467289719626168,0.0464396284829721,"TF:M11155_1","TF","Factor: ITF-2; motif: NCACCTGN; match class: 1",20092,8595
"1483","darkturquoise",TRUE,0.00159082583910305,892,321,29,0.0903426791277259,0.0325112107623318,"TF:M09962_1","TF","Factor: ITF-2; motif: NGCAGSTGKS; match class: 1",20092,4579
"1484","darkturquoise",TRUE,0.00159424219241432,7520,321,151,0.470404984423676,0.0200797872340426,"TF:M01175","TF","Factor: CKROX; motif: SCCCTCCCC",20092,872
"1485","darkturquoise",TRUE,0.00159930233653957,289,321,14,0.043613707165109,0.0484429065743945,"TF:M05629","TF","Factor: ZNF44; motif: KGATSGRGCCSC",20092,10616
"1486","darkturquoise",TRUE,0.00161047089990628,3232,321,76,0.236760124610592,0.0235148514851485,"TF:M02023_1","TF","Factor: MAZ; motif: NKGGGAGGGGRGGR; match class: 1",20092,5159
"1487","darkturquoise",TRUE,0.00161795875737955,255,321,13,0.0404984423676012,0.0509803921568627,"TF:M12554_1","TF","Factor: YY2; motif: NNATGGCGGCN; match class: 1",20092,9293
"1488","darkturquoise",TRUE,0.00165533150674073,2,321,2,0.00623052959501558,1,"TF:M11088_1","TF","Factor: tcfec; motif: NNCACGTGACN; match class: 1",20092,8921
"1489","darkturquoise",TRUE,0.00167499699136864,4220,321,94,0.292834890965732,0.0222748815165877,"TF:M10112_1","TF","Factor: Miz-1; motif: NNRGGWGGGGGAGGGGMRR; match class: 1",20092,5363
"1490","darkturquoise",TRUE,0.00168010913138003,326,321,15,0.0467289719626168,0.0460122699386503,"TF:M02072_1","TF","Factor: Pet-1; motif: ACCGGAWRTN; match class: 1",20092,6723
"1491","darkturquoise",TRUE,0.00169372145805927,9059,321,176,0.548286604361371,0.0194281929572801,"TF:M01177","TF","Factor: SREBP-2; motif: NNGYCACNNSMN",20092,8232
"1492","darkturquoise",TRUE,0.00170072436211789,191,321,11,0.0342679127725857,0.0575916230366492,"TF:M01167_1","TF","Factor: SAP-1a; motif: NACCGGAAGTV; match class: 1",20092,7645
"1493","darkturquoise",TRUE,0.00170072436211789,191,321,11,0.0342679127725857,0.0575916230366492,"TF:M11246","TF","Factor: OASIS; motif: YGCCACGTRNNCN",20092,1040
"1494","darkturquoise",TRUE,0.00170072436211789,1741,321,47,0.146417445482866,0.0269959793222286,"TF:M11452_1","TF","Factor: Elf-1; motif: NANGCGGAAGTR; match class: 1",20092,1761
"1495","darkturquoise",TRUE,0.00170072436211789,3078,321,73,0.227414330218069,0.0237166991552956,"TF:M12085_1","TF","Factor: ZNF501; motif: NNNCSACGCGAACAC; match class: 1",20092,10735
"1496","darkturquoise",TRUE,0.00170085357288976,363,321,16,0.0498442367601246,0.0440771349862259,"TF:M11294","TF","Factor: jdp2; motif: NRTGACGTCAYN",20092,4586
"1497","darkturquoise",TRUE,0.00170085357288976,363,321,16,0.0498442367601246,0.0440771349862259,"TF:M11294_1","TF","Factor: jdp2; motif: NRTGACGTCAYN; match class: 1",20092,4587
"1498","darkturquoise",TRUE,0.00170219623977194,2294,321,58,0.180685358255452,0.025283347863993,"TF:M03566","TF","Factor: SNA; motif: GCCACCTGNCNGYN",20092,7860
"1499","darkturquoise",TRUE,0.00170934901185894,104,321,8,0.0249221183800623,0.0769230769230769,"TF:M03987_1","TF","Factor: FEV; motif: ACCGGAAGTN; match class: 1",20092,2465
"1500","darkturquoise",TRUE,0.00172025578568876,1215,321,36,0.11214953271028,0.0296296296296296,"TF:M07137","TF","Factor: AP-2gamma; motif: NNNNSCCYCAGGSCN",20092,8832
"1501","darkturquoise",TRUE,0.00175305921022883,1310,321,38,0.118380062305296,0.0290076335877863,"TF:M06191_1","TF","Factor: ZXDB; motif: NGGGGTC; match class: 1",20092,11985
"1502","darkturquoise",TRUE,0.00175305921022883,1310,321,38,0.118380062305296,0.0290076335877863,"TF:M06190_1","TF","Factor: ZXDA; motif: NGGGGTC; match class: 1",20092,11981
"1503","darkturquoise",TRUE,0.001761585387862,10771,321,203,0.632398753894081,0.0188469037229598,"TF:M04691_1","TF","Factor: Kaiso; motif: TCTCGCGAG; match class: 1",20092,9367
"1504","darkturquoise",TRUE,0.00178542987929049,6055,321,126,0.392523364485981,0.0208092485549133,"TF:M06191","TF","Factor: ZXDB; motif: NGGGGTC",20092,11984
"1505","darkturquoise",TRUE,0.00178542987929049,6055,321,126,0.392523364485981,0.0208092485549133,"TF:M06190","TF","Factor: ZXDA; motif: NGGGGTC",20092,11980
"1506","darkturquoise",TRUE,0.00180522200015648,726,321,25,0.0778816199376947,0.034435261707989,"TF:M12139_1","TF","Factor: Egr-1; motif: NMCRCCCMCNCNN; match class: 1",20092,1667
"1507","darkturquoise",TRUE,0.00180569074997635,293,321,14,0.043613707165109,0.0477815699658703,"TF:M12643_1","TF","Factor: NFYB; motif: RGCCAATSRGNRNNNNSNG; match class: 1",20092,5923
"1508","darkturquoise",TRUE,0.00183754804238882,193,321,11,0.0342679127725857,0.0569948186528497,"TF:M12257_1","TF","Factor: SNA; motif: NRCAGGTGCR; match class: 1",20092,7857
"1509","darkturquoise",TRUE,0.00183754804238882,193,321,11,0.0342679127725857,0.0569948186528497,"TF:M12261_1","TF","Factor: slug; motif: NRCAGGTGCR; match class: 1",20092,7781
"1510","darkturquoise",TRUE,0.00187092340786517,2771,321,67,0.208722741433022,0.0241789967520751,"TF:M02062_1","TF","Factor: Erg; motif: ACCGGAAGTN; match class: 1",20092,2073
"1511","darkturquoise",TRUE,0.00187582030896865,8767,321,171,0.532710280373832,0.0195049617885252,"TF:M00749","TF","Factor: SREBP-1; motif: CACSCCA",20092,8228
"1512","darkturquoise",TRUE,0.001902270092944,2101,321,54,0.168224299065421,0.025702046644455,"TF:M12713","TF","Factor: ZNF690; motif: GTCTACRCNG",20092,11332
"1513","darkturquoise",TRUE,0.0019377394814838,331,321,15,0.0467289719626168,0.0453172205438066,"TF:M10024_1","TF","Factor: p63; motif: NRCAWGYCCAGRCWTGYNN; match class: 1",20092,6489
"1514","darkturquoise",TRUE,0.00194611652304483,949,321,30,0.0934579439252336,0.0316122233930453,"TF:M04184","TF","Factor: NHLH1; motif: CGCAGCTGCK",20092,5944
"1515","darkturquoise",TRUE,0.00197054891489799,2155,321,55,0.171339563862928,0.0255220417633411,"TF:M08891","TF","Factor: NFKAPPAB; motif: NNGGGANTTCCCN",20092,5888
"1516","darkturquoise",TRUE,0.00199672045452572,2361,321,59,0.183800623052959,0.0249894112664125,"TF:M11805","TF","Factor: RAR-gamma; motif: RAGGTCRTGACCTY",20092,7288
"1517","darkturquoise",TRUE,0.00199952940764403,2673,321,65,0.202492211838006,0.0243172465394688,"TF:M10017","TF","Factor: LRH-1; motif: NNYCAAGGYCA",20092,4958
"1518","darkturquoise",TRUE,0.0020208572564966,5840,321,122,0.38006230529595,0.0208904109589041,"TF:M00706","TF","Factor: TFII-I; motif: RGAGGKAGG",20092,8932
"1519","darkturquoise",TRUE,0.00203300843621193,2158,321,55,0.171339563862928,0.0254865616311399,"TF:M09868_1","TF","Factor: ATF-3; motif: GGTSACGTGAN; match class: 1",20092,305
"1520","darkturquoise",TRUE,0.00207982259094183,408,321,17,0.0529595015576324,0.0416666666666667,"TF:M11255_1","TF","Factor: AIBZIP; motif: YGCCACGTGGCN; match class: 1",20092,1047
"1521","darkturquoise",TRUE,0.00209993045119985,526,321,20,0.0623052959501558,0.0380228136882129,"TF:M12686_1","TF","Factor: ZBTB10; motif: TGGGGTGCNS; match class: 1",20092,9321
"1522","darkturquoise",TRUE,0.00210676755736214,229,321,12,0.0373831775700935,0.0524017467248908,"TF:M09877_1","TF","Factor: BMAL1; motif: NSCACGTGNSN; match class: 1",20092,589
"1523","darkturquoise",TRUE,0.00210725076110023,6021,321,125,0.389408099688474,0.0207606709848862,"TF:M10514_1","TF","Factor: GLI4; motif: RGGCCTTGAATGCCANGCYMA; match class: 1",20092,3335
"1524","darkturquoise",TRUE,0.00212847828585172,5270,321,112,0.348909657320872,0.0212523719165085,"TF:M08905","TF","Factor: TIEG1; motif: GGSGGKGNNN",20092,9014
"1525","darkturquoise",TRUE,0.00213102802343405,2061,321,53,0.165109034267913,0.0257156720038816,"TF:M03982_1","TF","Factor: ETV4; motif: ACCGGAAGTN; match class: 1",20092,2343
"1526","darkturquoise",TRUE,0.00213148425107859,910,321,29,0.0903426791277259,0.0318681318681319,"TF:M01072_1","TF","Factor: HIC1; motif: NSNNNNTGCCCSSNN; match class: 1",20092,3533
"1527","darkturquoise",TRUE,0.0021704234570493,651,321,23,0.0716510903426791,0.0353302611367127,"TF:M03921_1","TF","Factor: SP3; motif: NCCACGCCCMC; match class: 1",20092,8099
"1528","darkturquoise",TRUE,0.00218075275874311,230,321,12,0.0373831775700935,0.0521739130434783,"TF:M11442_1","TF","Factor: Net; motif: NACCGGAAGTN; match class: 1",20092,1919
"1529","darkturquoise",TRUE,0.00218741876686918,166,321,10,0.0311526479750779,0.0602409638554217,"TF:M00929_1","TF","Factor: MyoD; motif: CNGNRNCAGGTGNNGNAN; match class: 1",20092,5607
"1530","darkturquoise",TRUE,0.00224695368449172,198,321,11,0.0342679127725857,0.0555555555555556,"TF:M01876_1","TF","Factor: GABP-beta; motif: ASMGGAAGKGN; match class: 1",20092,2999
"1531","darkturquoise",TRUE,0.00225337005858341,1865,321,49,0.152647975077882,0.0262734584450402,"TF:M12086","TF","Factor: ZNF501; motif: NNGCGACGCGAACAN",20092,10736
"1532","darkturquoise",TRUE,0.00227803552682305,914,321,29,0.0903426791277259,0.0317286652078775,"TF:M01288_1","TF","Factor: NeuroD; motif: NNSCWGCTGNSY; match class: 1",20092,5685
"1533","darkturquoise",TRUE,0.0023184209900939,451,321,18,0.0560747663551402,0.0399113082039911,"TF:M01863_1","TF","Factor: ATF-3; motif: RTKRCGTCANN; match class: 1",20092,319
"1534","darkturquoise",TRUE,0.0023184209900939,12249,321,225,0.700934579439252,0.0183688464364438,"TF:M00426","TF","Factor: E2F; motif: TTTSGCGS",20092,1596
"1535","darkturquoise",TRUE,0.00237319490331196,338,321,15,0.0467289719626168,0.0443786982248521,"TF:M12232_1","TF","Factor: c-Krox; motif: NCGACCACCN; match class: 1",20092,9449
"1536","darkturquoise",TRUE,0.00238534855209801,2850,321,68,0.21183800623053,0.023859649122807,"TF:M12642","TF","Factor: NFYA; motif: NNRGCCAATSRGMRSSNNSN",20092,5914
"1537","darkturquoise",TRUE,0.00239024474744245,1333,321,38,0.118380062305296,0.0285071267816954,"TF:M11389","TF","Factor: elf5; motif: GAMCCGGAAGTN",20092,1840
"1538","darkturquoise",TRUE,0.00239044021901498,138,321,9,0.0280373831775701,0.0652173913043478,"TF:M07305_1","TF","Factor: RFX; motif: SNGTTGCYANGGA; match class: 1",20092,7479
"1539","darkturquoise",TRUE,0.00242329327459899,6512,321,133,0.414330218068536,0.0204238329238329,"TF:M09868","TF","Factor: ATF-3; motif: GGTSACGTGAN",20092,304
"1540","darkturquoise",TRUE,0.0024245564302168,1624,321,44,0.137071651090343,0.0270935960591133,"TF:M08819_1","TF","Factor: LKLF; motif: CNCCACCCS; match class: 1",20092,4927
"1541","darkturquoise",TRUE,0.00246229364227661,303,321,14,0.043613707165109,0.0462046204620462,"TF:M11421_1","TF","Factor: ER81; motif: NACCGGAAGTN; match class: 1",20092,2017
"1542","darkturquoise",TRUE,0.00249218867354254,2908,321,69,0.214953271028037,0.0237276478679505,"TF:M01177_1","TF","Factor: SREBP-2; motif: NNGYCACNNSMN; match class: 1",20092,8233
"1543","darkturquoise",TRUE,0.00249696526542553,787,321,26,0.0809968847352025,0.0330368487928844,"TF:M01073_1","TF","Factor: HIC1; motif: NNNGGKTGCCCSNNNNNN; match class: 1",20092,3535
"1544","darkturquoise",TRUE,0.00251794887520547,1337,321,38,0.118380062305296,0.0284218399401645,"TF:M11450_1","TF","Factor: Elf-1; motif: NANSCGGAAGTR; match class: 1",20092,1757
"1545","darkturquoise",TRUE,0.00254177767164639,4331,321,95,0.29595015576324,0.0219348880166243,"TF:M09763_1","TF","Factor: NF1C; motif: WGCCARR; match class: 1",20092,5727
"1546","darkturquoise",TRUE,0.00254177767164639,1628,321,44,0.137071651090343,0.027027027027027,"TF:M00325","TF","Factor: NRSE; motif: TTYAGCWCCDCGGASAGYRCC",20092,6260
"1547","darkturquoise",TRUE,0.00258167698094873,5760,321,120,0.373831775700935,0.0208333333333333,"TF:M00739","TF","Factor: E2F-4:DP-2; motif: TTTCSCGC",20092,1540
"1548","darkturquoise",TRUE,0.00261855898242104,85,321,7,0.0218068535825545,0.0823529411764706,"TF:M11100","TF","Factor: Max; motif: NNCACGTGYN",20092,5138
"1549","darkturquoise",TRUE,0.00262831450727463,1533,321,42,0.130841121495327,0.0273972602739726,"TF:M12657_1","TF","Factor: RELA; motif: GGGRMTKYCCC; match class: 1",20092,7339
"1550","darkturquoise",TRUE,0.00266055194774517,10840,321,203,0.632398753894081,0.0187269372693727,"TF:M11828","TF","Factor: LRH-1; motif: TCAAGGTCRYGACCTTGR",20092,4964
"1551","darkturquoise",TRUE,0.00269097232064294,497,321,19,0.059190031152648,0.0382293762575453,"TF:M12145","TF","Factor: Egr-4; motif: NMCGCCCACGCAN",20092,1708
"1552","darkturquoise",TRUE,0.00269664682008264,236,321,12,0.0373831775700935,0.0508474576271186,"TF:M00002_1","TF","Factor: E47; motif: VSNGCAGGTGKNCNN; match class: 1",20092,1609
"1553","darkturquoise",TRUE,0.00272512113389585,836,321,27,0.0841121495327103,0.0322966507177034,"TF:M11054_1","TF","Factor: Hey2; motif: NGCACGYGYN; match class: 1",20092,3521
"1554","darkturquoise",TRUE,0.0027309426229166,2445,321,60,0.186915887850467,0.0245398773006135,"TF:M11176","TF","Factor: ASH-2; motif: NRCAGCTGYN",20092,266
"1555","darkturquoise",TRUE,0.0027309426229166,2445,321,60,0.186915887850467,0.0245398773006135,"TF:M11178_1","TF","Factor: ASH-2; motif: NGCAGCTGCN; match class: 1",20092,271
"1556","darkturquoise",TRUE,0.0027309426229166,2445,321,60,0.186915887850467,0.0245398773006135,"TF:M11176_1","TF","Factor: ASH-2; motif: NRCAGCTGYN; match class: 1",20092,267
"1557","darkturquoise",TRUE,0.0027309426229166,2445,321,60,0.186915887850467,0.0245398773006135,"TF:M11178","TF","Factor: ASH-2; motif: NGCAGCTGCN",20092,270
"1558","darkturquoise",TRUE,0.0027309426229166,2654,321,64,0.199376947040498,0.0241145440844009,"TF:M09645","TF","Factor: Pax-5; motif: NNNNRNKCAGCNRAGCGTGAC",20092,6580
"1559","darkturquoise",TRUE,0.00274416895408888,971,321,30,0.0934579439252336,0.0308959835221421,"TF:M10558","TF","Factor: Prox-1; motif: NAAGGCGTCNTN",20092,7186
"1560","darkturquoise",TRUE,0.00276508552645827,6474,321,132,0.411214953271028,0.020389249304912,"TF:M12485","TF","Factor: TFAP2A; motif: NNNGCCTCAGGCNN",20092,8794
"1561","darkturquoise",TRUE,0.00276934834337705,6180,321,127,0.395638629283489,0.0205501618122977,"TF:M11492_1","TF","Factor: LBP9; motif: ACYRGTNNNNACYRGT; match class: 1",20092,4779
"1562","darkturquoise",TRUE,0.00287432473930257,8591,321,167,0.520249221183801,0.0194389477360028,"TF:M08227","TF","Factor: Elk-1:PDEF; motif: NCMGGAMGGANATCCGGN",20092,1872
"1563","darkturquoise",TRUE,0.00291022441032896,2193,321,55,0.171339563862928,0.0250797993616051,"TF:M12692","TF","Factor: ZBTB49; motif: NGSCGCTGTCCNNGGTGCTGAN",20092,9426
"1564","darkturquoise",TRUE,0.00292153952787506,8717,321,169,0.526479750778816,0.0193874039233681,"TF:M01855","TF","Factor: AHR; motif: CACGCN",20092,22
"1565","darkturquoise",TRUE,0.00294318685032619,2041,321,52,0.161993769470405,0.0254777070063694,"TF:M08284_1","TF","Factor: Fli-1:FIGLA; motif: NCCGGAARCASSTGN; match class: 1",20092,2509
"1566","darkturquoise",TRUE,0.00294684252873065,667,321,23,0.0716510903426791,0.0344827586206897,"TF:M02102_1","TF","Factor: NRF-1; motif: YGCGCMTGCGC; match class: 1",20092,6229
"1567","darkturquoise",TRUE,0.0029820616918477,2611,321,63,0.196261682242991,0.0241286863270777,"TF:M09843","TF","Factor: GABPBETA; motif: YCACTTCCKGN",20092,2994
"1568","darkturquoise",TRUE,0.0030565665859884,7024,321,141,0.439252336448598,0.0200740318906606,"TF:M00327_1","TF","Factor: Pax-3; motif: NNNNNNCGTCACGSTYNNNNN; match class: 1",20092,6541
"1569","darkturquoise",TRUE,0.00306962362753267,503,321,19,0.059190031152648,0.0377733598409543,"TF:M11420_1","TF","Factor: ER81; motif: NACCGGAAGTN; match class: 1",20092,2015
"1570","darkturquoise",TRUE,0.00319307471025556,4474,321,97,0.302180685358255,0.0216808225301743,"TF:M12637","TF","Factor: MLR1; motif: NTGNMCYYTGNNCYN",20092,5376
"1571","darkturquoise",TRUE,0.00321568146108148,505,321,19,0.059190031152648,0.0376237623762376,"TF:M00796_1","TF","Factor: USF; motif: NRCCACGTGASN; match class: 1",20092,9141
"1572","darkturquoise",TRUE,0.00328173554254847,11133,321,207,0.644859813084112,0.0185933710590137,"TF:M00056","TF","Factor: myogenin; motif: CRSCTGTTBNNTTTGGCACGSNGCCARCH",20092,5634
"1573","darkturquoise",TRUE,0.00331473674259445,716,321,24,0.0747663551401869,0.0335195530726257,"TF:M11449_1","TF","Factor: Elf-1; motif: NANCCGGAAGTN; match class: 1",20092,1755
"1574","darkturquoise",TRUE,0.00333274020129416,9861,321,187,0.582554517133956,0.0189635939559882,"TF:M09984","TF","Factor: MAZ; motif: GGGGGAGGGGGNGRGRRRGNRG",20092,5148
"1575","darkturquoise",TRUE,0.00344709199506409,850,321,27,0.0841121495327103,0.0317647058823529,"TF:M05318","TF","Factor: KLF8; motif: NGGGCGGGGG",20092,4748
"1576","darkturquoise",TRUE,0.00344709199506409,850,321,27,0.0841121495327103,0.0317647058823529,"TF:M05319","TF","Factor: KLF7; motif: NGGGCGGGGG",20092,4746
"1577","darkturquoise",TRUE,0.00345852255437316,468,321,18,0.0560747663551402,0.0384615384615385,"TF:M04694_1","TF","Factor: NRF-1; motif: CNCTGCGCATGCGC; match class: 1",20092,6219
"1578","darkturquoise",TRUE,0.00350280452465614,6510,321,132,0.411214953271028,0.0202764976958525,"TF:M13121","TF","Factor: ZFP90; motif: SAGGMNCANKSAYAGC",20092,9580
"1579","darkturquoise",TRUE,0.00350988579690378,1606,321,43,0.133956386292835,0.026774595267746,"TF:M04727_1","TF","Factor: CTCF; motif: ACCAGGKGGC; match class: 1",20092,1159
"1580","darkturquoise",TRUE,0.00351524492285277,3762,321,84,0.261682242990654,0.0223285486443381,"TF:M11800","TF","Factor: NR1B2; motif: RAGGTCRTGACCTY",20092,7270
"1581","darkturquoise",TRUE,0.00356965310795234,2630,321,63,0.196261682242991,0.0239543726235741,"TF:M12464_1","TF","Factor: ZNF148; motif: NNCCCCTCCCCC; match class: 1",20092,9779
"1582","darkturquoise",TRUE,0.00361079650434854,1413,321,39,0.121495327102804,0.0276008492569002,"TF:M09944_1","TF","Factor: HIF-1alpha; motif: GNACGTGM; match class: 1",20092,3547
"1583","darkturquoise",TRUE,0.0036475654643296,11,321,3,0.00934579439252336,0.272727272727273,"TF:M07123_1","TF","Factor: rfx5; motif: YNSCMTRGCAACAGN; match class: 1",20092,7457
"1584","darkturquoise",TRUE,0.00365800684228142,1659,321,44,0.137071651090343,0.0265220012055455,"TF:M10106_1","TF","Factor: VDR; motif: NRGGTCANNGRGKTCA; match class: 1",20092,9171
"1585","darkturquoise",TRUE,0.00369238856905928,7959,321,156,0.485981308411215,0.0196004523181304,"TF:M04721","TF","Factor: STAT1; motif: NTTCCNGGA",20092,8308
"1586","darkturquoise",TRUE,0.00370471161968535,1271,321,36,0.11214953271028,0.028324154209284,"TF:M13379_1","TF","Factor: FEZF2; motif: CCCAGCCT; match class: 1",20092,10221
"1587","darkturquoise",TRUE,0.00374679783297357,3660,321,82,0.255451713395639,0.0224043715846995,"TF:M12724","TF","Factor: ZNF416; motif: GGGRNGCCSAGRN",20092,10476
"1588","darkturquoise",TRUE,0.00374756696409388,2218,321,55,0.171339563862928,0.0247971145175834,"TF:M10105","TF","Factor: USF1; motif: NGTCACGTGRNS",20092,9098
"1589","darkturquoise",TRUE,0.00376836854049511,680,321,23,0.0716510903426791,0.0338235294117647,"TF:M07042_1","TF","Factor: HES-1; motif: NNCKYGTGNNN; match class: 1",20092,3473
"1590","darkturquoise",TRUE,0.00384940147790219,2586,321,62,0.193146417445483,0.0239752513534416,"TF:M11174_1","TF","Factor: MASH-1; motif: NGCAGCTGCN; match class: 1",20092,261
"1591","darkturquoise",TRUE,0.00384940147790219,2586,321,62,0.193146417445483,0.0239752513534416,"TF:M11173_1","TF","Factor: MASH-1; motif: NRCAGCTGCN; match class: 1",20092,259
"1592","darkturquoise",TRUE,0.00384940147790219,2586,321,62,0.193146417445483,0.0239752513534416,"TF:M11175","TF","Factor: ASH-2; motif: NRCAGCTGYN",20092,264
"1593","darkturquoise",TRUE,0.00384940147790219,2586,321,62,0.193146417445483,0.0239752513534416,"TF:M11174","TF","Factor: MASH-1; motif: NGCAGCTGCN",20092,260
"1594","darkturquoise",TRUE,0.00384940147790219,2586,321,62,0.193146417445483,0.0239752513534416,"TF:M11173","TF","Factor: MASH-1; motif: NRCAGCTGCN",20092,258
"1595","darkturquoise",TRUE,0.00384940147790219,2586,321,62,0.193146417445483,0.0239752513534416,"TF:M11175_1","TF","Factor: ASH-2; motif: NRCAGCTGYN; match class: 1",20092,265
"1596","darkturquoise",TRUE,0.00395965078874368,6000,321,123,0.383177570093458,0.0205,"TF:M04726","TF","Factor: REST; motif: GGACAGCKC",20092,7358
"1597","darkturquoise",TRUE,0.00408339763641787,181,321,10,0.0311526479750779,0.0552486187845304,"TF:M12159_1","TF","Factor: KLF15; motif: GCCACGCCCMCN; match class: 1",20092,4703
"1598","darkturquoise",TRUE,0.00408339763641787,214,321,11,0.0342679127725857,0.0514018691588785,"TF:M12256_1","TF","Factor: SNA; motif: NRCAGGTGNN; match class: 1",20092,7855
"1599","darkturquoise",TRUE,0.00414137193848582,1571,321,42,0.130841121495327,0.0267345639719924,"TF:M11156","TF","Factor: ITF-2; motif: NCACCTGC",20092,8596
"1600","darkturquoise",TRUE,0.00423075658375329,559,321,20,0.0623052959501558,0.035778175313059,"TF:M11415_1","TF","Factor: GABP-alpha; motif: NRCCGGAAGTN; match class: 1",20092,2989
"1601","darkturquoise",TRUE,0.00423075658375329,10984,321,204,0.635514018691589,0.0185724690458849,"TF:M08443","TF","Factor: AP-4:ER81; motif: RSCGGAAGCAGSTGNN",20092,8850
"1602","darkturquoise",TRUE,0.00424241208719266,863,321,27,0.0841121495327103,0.0312862108922364,"TF:M09670_1","TF","Factor: USF2; motif: NGGTCACGTGNNSNNNNNN; match class: 1",20092,9115
"1603","darkturquoise",TRUE,0.00424241208719266,2969,321,69,0.214953271028037,0.0232401481980465,"TF:M07313","TF","Factor: ATF-3; motif: SNTGACGYNATN",20092,320
"1604","darkturquoise",TRUE,0.00424241208719266,182,321,10,0.0311526479750779,0.0549450549450549,"TF:M09789_1","TF","Factor: TFDP1; motif: NSGCGGGAANN; match class: 1",20092,8891
"1605","darkturquoise",TRUE,0.00427596451129316,10411,321,195,0.607476635514019,0.0187301892229373,"TF:M10008","TF","Factor: CSX; motif: NKRAGWGS",20092,5988
"1606","darkturquoise",TRUE,0.00435983520807829,2865,321,67,0.208722741433022,0.0233856893542757,"TF:M00051_1","TF","Factor: NF-kappaB; motif: GGGGATYCCC; match class: 1",20092,5875
"1607","darkturquoise",TRUE,0.00442405057237647,7384,321,146,0.454828660436137,0.0197724810400867,"TF:M03830","TF","Factor: MafB; motif: CRCTGACNANN",20092,5024
"1608","darkturquoise",TRUE,0.00449068183451292,562,321,20,0.0623052959501558,0.0355871886120996,"TF:M12616_1","TF","Factor: HMGXB3; motif: NRGCCAATSRGNRNNS; match class: 1",20092,3609
"1609","darkturquoise",TRUE,0.00449068183451292,562,321,20,0.0623052959501558,0.0355871886120996,"TF:M03806_1","TF","Factor: ZBTB7C; motif: GKCCCGGGCKG; match class: 1",20092,9455
"1610","darkturquoise",TRUE,0.00458329292897429,401,321,16,0.0498442367601246,0.0399002493765586,"TF:M12164_1","TF","Factor: BTEB2; motif: NMCACGCCCN; match class: 1",20092,635
"1611","darkturquoise",TRUE,0.00468986442058175,3966,321,87,0.271028037383178,0.0219364599092284,"TF:M11402","TF","Factor: Fli-1; motif: NACCGGAARTN",20092,2542
"1612","darkturquoise",TRUE,0.00471704035755892,2450,321,59,0.183800623052959,0.0240816326530612,"TF:M02261_1","TF","Factor: ESR1; motif: NNNNMAGGTCACCCTGACCY; match class: 1",20092,2139
"1613","darkturquoise",TRUE,0.00473285913121824,4927,321,104,0.32398753894081,0.0211081794195251,"TF:M08390_1","TF","Factor: A-Myb:Elf-1; motif: NMCCGGAACCGTTA; match class: 1",20092,5497
"1614","darkturquoise",TRUE,0.00475275279309103,3036,321,70,0.218068535825545,0.0230566534914361,"TF:M12727","TF","Factor: SCMH1; motif: NGCTGTCCNYGGTGCTGN",20092,7662
"1615","darkturquoise",TRUE,0.00479355977593193,1101,321,32,0.0996884735202492,0.0290644868301544,"TF:M01163_1","TF","Factor: Elk-1; motif: AACCGGAAGTR; match class: 1",20092,1887
"1616","darkturquoise",TRUE,0.00486973645142362,219,321,11,0.0342679127725857,0.0502283105022831,"TF:M12692_1","TF","Factor: ZBTB49; motif: NGSCGCTGTCCNNGGTGCTGAN; match class: 1",20092,9427
"1617","darkturquoise",TRUE,0.00488669818207435,7160,321,142,0.442367601246106,0.0198324022346369,"TF:M05775","TF","Factor: ZXDL; motif: NGGGGWS",20092,11988
"1618","darkturquoise",TRUE,0.00490662011720951,1341,321,37,0.115264797507788,0.0275913497390007,"TF:M04918_1","TF","Factor: Egr-1; motif: ACCGCCC; match class: 1",20092,1653
"1619","darkturquoise",TRUE,0.00494309909910293,609,321,21,0.0654205607476635,0.0344827586206897,"TF:M11402_1","TF","Factor: Fli-1; motif: NACCGGAARTN; match class: 1",20092,2543
"1620","darkturquoise",TRUE,0.00499532062960281,3096,321,71,0.221183800623053,0.0229328165374677,"TF:M11739","TF","Factor: COUP-TF1; motif: RRGGTCRNTGACCTN",20092,6150
"1621","darkturquoise",TRUE,0.00511554087237863,2198,321,54,0.168224299065421,0.0245677888989991,"TF:M09602_1","TF","Factor: ctcf; motif: NNNCCASYAGRKGGCRSYNN; match class: 1",20092,1165
"1622","darkturquoise",TRUE,0.00513997006150764,96,321,7,0.0218068535825545,0.0729166666666667,"TF:M11249_1","TF","Factor: Luman; motif: NGCCACGTGKMN; match class: 1",20092,1063
"1623","darkturquoise",TRUE,0.00514939640319092,3646,321,81,0.252336448598131,0.0222161272627537,"TF:M09668","TF","Factor: RelA-p65; motif: GGGRNTTTCCM",20092,7334
"1624","darkturquoise",TRUE,0.00516095312236194,569,321,20,0.0623052959501558,0.0351493848857645,"TF:M11418_1","TF","Factor: ER81; motif: NRCMGGAWGNN; match class: 1",20092,2011
"1625","darkturquoise",TRUE,0.00516095312236194,2460,321,59,0.183800623052959,0.0239837398373984,"TF:M12719","TF","Factor: ZNF764; motif: NNASYGCCNCCTNCTGGN",20092,11568
"1626","darkturquoise",TRUE,0.00526987627784477,7655,321,150,0.467289719626168,0.0195950359242325,"TF:M01241","TF","Factor: BEN; motif: CWGCGAYA",20092,514
"1627","darkturquoise",TRUE,0.00527122634579033,8571,321,165,0.514018691588785,0.0192509625481274,"TF:M08472","TF","Factor: Fli-1:E2A; motif: NCCGGAWRCASCTGN",20092,2518
"1628","darkturquoise",TRUE,0.0052932485814653,6340,321,128,0.398753894080997,0.0201892744479495,"TF:M11485_1","TF","Factor: CP2; motif: AACCGGTTNNAACCGGTT; match class: 1",20092,8881
"1629","darkturquoise",TRUE,0.00532804867655399,2996,321,69,0.214953271028037,0.0230307076101469,"TF:M04054","TF","Factor: NF-kappaB; motif: AGGGGAWTCCCCT",20092,5880
"1630","darkturquoise",TRUE,0.00537059959539306,3377,321,76,0.236760124610592,0.0225051821143026,"TF:M00123","TF","Factor: c-Myc:Max; motif: NANCACGTGNNW",20092,5548
"1631","darkturquoise",TRUE,0.00539413502799587,2890,321,67,0.208722741433022,0.0231833910034602,"TF:M01118_1","TF","Factor: WT1; motif: SMCNCCNSC; match class: 1",20092,9223
"1632","darkturquoise",TRUE,0.00539413502799587,7117,321,141,0.439252336448598,0.0198117184206829,"TF:M07611","TF","Factor: p54NRB; motif: GRNNNMGGATGRMNNCGGA",20092,6482
"1633","darkturquoise",TRUE,0.00550320295721821,71,321,6,0.0186915887850467,0.0845070422535211,"TF:M11252_1","TF","Factor: Luman; motif: NGCCACGTGKNN; match class: 1",20092,1069
"1634","darkturquoise",TRUE,0.00556525874617328,1112,321,32,0.0996884735202492,0.0287769784172662,"TF:M08806","TF","Factor: Egr-2; motif: NGTGGGNGGG",20092,1688
"1635","darkturquoise",TRUE,0.005642288421244,4896,321,103,0.320872274143302,0.0210375816993464,"TF:M11820_1","TF","Factor: T3R-beta; motif: NTGACCTNRNYNAGGTCAN; match class: 1",20092,9003
"1636","darkturquoise",TRUE,0.00568351994260945,532,321,19,0.059190031152648,0.0357142857142857,"TF:M07410","TF","Factor: RFX2; motif: GTYNCCATGGCAACNGNNN",20092,7404
"1637","darkturquoise",TRUE,0.00569602076538281,1500,321,40,0.124610591900312,0.0266666666666667,"TF:M00055_1","TF","Factor: N-Myc; motif: NNCCACGTGNNN; match class: 1",20092,6073
"1638","darkturquoise",TRUE,0.00572999619770763,2790,321,65,0.202492211838006,0.0232974910394265,"TF:M10024","TF","Factor: p63; motif: NRCAWGYCCAGRCWTGYNN",20092,6488
"1639","darkturquoise",TRUE,0.00579362172595931,14702,321,259,0.806853582554517,0.0176166507958101,"TF:M04756","TF","Factor: sin3A; motif: TGTCCNNGGTGCTG",20092,7710
"1640","darkturquoise",TRUE,0.00579571835937757,7793,321,152,0.473520249221184,0.0195046836904915,"TF:M00531","TF","Factor: nerf; motif: YRNCAGGAAGYRGSTBDS",20092,5660
"1641","darkturquoise",TRUE,0.00590432750886772,13,321,3,0.00934579439252336,0.230769230769231,"TF:M06883","TF","Factor: ZNF600; motif: NGGGAAAGCGGM",20092,11078
"1642","darkturquoise",TRUE,0.00605585193945818,5425,321,112,0.348909657320872,0.0206451612903226,"TF:M11815","TF","Factor: T3R-beta; motif: NNRGGTCRTGACCYNN",20092,8992
"1643","darkturquoise",TRUE,0.00613027353236061,6069,321,123,0.383177570093458,0.0202669303015324,"TF:M09887","TF","Factor: CREB1; motif: NRRTGACGTMA",20092,988
"1644","darkturquoise",TRUE,0.00613537733867827,6720,321,134,0.417445482866044,0.0199404761904762,"TF:M00114","TF","Factor: Tax/CREB; motif: GGGGGTTGACGYANA",20092,8416
"1645","darkturquoise",TRUE,0.00622727236474894,336,321,14,0.043613707165109,0.0416666666666667,"TF:M12174_1","TF","Factor: GKLF; motif: NNCCACRCCCN; match class: 1",20092,4741
"1646","darkturquoise",TRUE,0.00636702235799471,160,321,9,0.0280373831775701,0.05625,"TF:M11245","TF","Factor: OASIS; motif: NGCCACGTGGCR",20092,1038
"1647","darkturquoise",TRUE,0.00642375816744404,193,321,10,0.0311526479750779,0.0518134715025907,"TF:M12699_1","TF","Factor: ZNF264; motif: NMYGGGRTTAGTGCCCTN; match class: 1",20092,10089
"1648","darkturquoise",TRUE,0.00650522449304902,5727,321,117,0.364485981308411,0.0204295442640126,"TF:M09944","TF","Factor: HIF-1alpha; motif: GNACGTGM",20092,3546
"1649","darkturquoise",TRUE,0.00650522449304902,2966,321,68,0.21183800623053,0.0229265003371544,"TF:M00981_1","TF","Factor: CREB,; motif: NTGACGTNA; match class: 1",20092,1079
"1650","darkturquoise",TRUE,0.00656890756684591,14931,321,262,0.81619937694704,0.0175473846359922,"TF:M08623","TF","Factor: rfx3:SRF; motif: TRGCAACNNNNNCCNWATANGGN",20092,7424
"1651","darkturquoise",TRUE,0.00664998808697801,3240,321,73,0.227414330218069,0.0225308641975309,"TF:M11803","TF","Factor: NR1B2; motif: RAGGTCATGACCTN",20092,7276
"1652","darkturquoise",TRUE,0.00666999677579764,5382,321,111,0.345794392523364,0.0206243032329989,"TF:M01163","TF","Factor: Elk-1; motif: AACCGGAAGTR",20092,1886
"1653","darkturquoise",TRUE,0.00680156995115543,2124,321,52,0.161993769470405,0.0244821092278719,"TF:M09820","TF","Factor: USF2; motif: NNNGGTCACGTGRYNN",20092,9116
"1654","darkturquoise",TRUE,0.00696792695163897,2599,321,61,0.190031152647975,0.0234705656021547,"TF:M11843_1","TF","Factor: ER-alpha; motif: NAGGTCACSGTGACCTN; match class: 1",20092,2153
"1655","darkturquoise",TRUE,0.00698143761935235,10181,321,190,0.59190031152648,0.0186622139279049,"TF:M08289","TF","Factor: Fli-1:Max; motif: NCCGGAAACACGTGN",20092,2516
"1656","darkturquoise",TRUE,0.00698427855837611,671,321,22,0.0685358255451713,0.0327868852459016,"TF:M08710","TF","Factor: GCMb:Max; motif: ATGCGGGYNNCAYGTG",20092,3220
"1657","darkturquoise",TRUE,0.0070689303310299,2654,321,62,0.193146417445483,0.0233609645817634,"TF:M12699","TF","Factor: ZNF264; motif: NMYGGGRTTAGTGCCCTN",20092,10088
"1658","darkturquoise",TRUE,0.00720887020292652,1570,321,41,0.127725856697819,0.0261146496815287,"TF:M12737","TF","Factor: ZNF610; motif: NSCGCCGCTCCSNN",20092,11100
"1659","darkturquoise",TRUE,0.00729131047631329,304,321,13,0.0404984423676012,0.0427631578947368,"TF:M03945","TF","Factor: CENPB; motif: CCCGCNTNNNRCGAA",20092,830
"1660","darkturquoise",TRUE,0.00737771903839495,853,321,26,0.0809968847352025,0.0304806565064478,"TF:M09865","TF","Factor: MASH-1; motif: NNNCASCTGCYNYN",20092,5106
"1661","darkturquoise",TRUE,0.00738992846587707,9813,321,184,0.573208722741433,0.0187506369102211,"TF:M00427","TF","Factor: E2F; motif: TTTSGCGS",20092,1604
"1662","darkturquoise",TRUE,0.00741489788719588,2133,321,52,0.161993769470405,0.0243788091889358,"TF:M00929","TF","Factor: MyoD; motif: CNGNRNCAGGTGNNGNAN",20092,5606
"1663","darkturquoise",TRUE,0.00742214231033936,1375,321,37,0.115264797507788,0.0269090909090909,"TF:M06444","TF","Factor: ZNF557; motif: NCCGCKTCCTGC",20092,10904
"1664","darkturquoise",TRUE,0.00752263939773003,546,321,19,0.059190031152648,0.0347985347985348,"TF:M03983_1","TF","Factor: ETV5; motif: NCCGGAWGYN; match class: 1",20092,2379
"1665","darkturquoise",TRUE,0.00756952330027212,4940,321,103,0.320872274143302,0.0208502024291498,"TF:M00691","TF","Factor: ATF-1; motif: CYYTGACGTCA",20092,280
"1666","darkturquoise",TRUE,0.00759578557968944,1878,321,47,0.146417445482866,0.0250266240681576,"TF:M09887_1","TF","Factor: CREB1; motif: NRRTGACGTMA; match class: 1",20092,989
"1667","darkturquoise",TRUE,0.00772423257834774,464,321,17,0.0529595015576324,0.0366379310344828,"TF:M11437_1","TF","Factor: SAP-1; motif: NRCCGGAWGYN; match class: 1",20092,1937
"1668","darkturquoise",TRUE,0.00775486236458271,3205,321,72,0.224299065420561,0.0224648985959438,"TF:M07210","TF","Factor: ESR2; motif: AGGTCASNNTGNCCY",20092,2162
"1669","darkturquoise",TRUE,0.00775979328618746,1527,321,40,0.124610591900312,0.0261951538965291,"TF:M01231","TF","Factor: ZNF515; motif: GTGGGGGGTM",20092,10760
"1670","darkturquoise",TRUE,0.00777110950485475,1379,321,37,0.115264797507788,0.0268310369833212,"TF:M09893_1","TF","Factor: E2F-3; motif: NNGGCGGGAAA; match class: 1",20092,1529
"1671","darkturquoise",TRUE,0.00785365150888831,1043,321,30,0.0934579439252336,0.0287631831255992,"TF:M01862_1","TF","Factor: ATF-2; motif: NNNTGACGTNAN; match class: 1",20092,299
"1672","darkturquoise",TRUE,0.00800963536174209,4834,321,101,0.314641744548287,0.0208936698386429,"TF:M01227_1","TF","Factor: MafB; motif: GNTGAC; match class: 1",20092,5021
"1673","darkturquoise",TRUE,0.00804060582033959,2351,321,56,0.174454828660436,0.0238196512122501,"TF:M12661","TF","Factor: SF1; motif: NTGRCCTTGAMCT",20092,7688
"1674","darkturquoise",TRUE,0.00834229816131747,309,321,13,0.0404984423676012,0.0420711974110032,"TF:M03897","TF","Factor: EGR2; motif: NNMCGCCCACGCANN",20092,1678
"1675","darkturquoise",TRUE,0.00838088015498426,4,321,2,0.00623052959501558,0.5,"TF:M05560","TF","Factor: aebp2; motif: GGGGYGGACCTCAY",20092,4
"1676","darkturquoise",TRUE,0.00838088015498426,4,321,2,0.00623052959501558,0.5,"TF:M12249_1","TF","Factor: LIN28B; motif: CGCGATANNACNGCG; match class: 1",20092,4915
"1677","darkturquoise",TRUE,0.00842067010076845,272,321,12,0.0373831775700935,0.0441176470588235,"TF:M12154_1","TF","Factor: Sp3; motif: NGCCACGCCCMCN; match class: 1",20092,8103
"1678","darkturquoise",TRUE,0.00842424305342494,1288,321,35,0.109034267912773,0.0271739130434783,"TF:M09592_1","TF","Factor: ATF-1; motif: NRTGACGTMAN; match class: 1",20092,275
"1679","darkturquoise",TRUE,0.00842424305342494,2998,321,68,0.21183800623053,0.0226817878585724,"TF:M00115_1","TF","Factor: Tax/CREB; motif: RTGACGCATAYCCCC; match class: 1",20092,8419
"1680","darkturquoise",TRUE,0.00848456183689436,5770,321,117,0.364485981308411,0.0202772963604853,"TF:M08226_1","TF","Factor: Elk-1:Pax-9; motif: ACCGGAACYACGCWYSANTG; match class: 1",20092,1871
"1681","darkturquoise",TRUE,0.00853933825908815,9903,321,185,0.576323987538941,0.0186812077148339,"TF:M08955","TF","Factor: FXR:RXR-ALPHA; motif: NRGGTCANRGGKN",20092,2962
"1682","darkturquoise",TRUE,0.00867168346923514,3605,321,79,0.246105919003115,0.0219140083217753,"TF:M04064_1","TF","Factor: Pax-5; motif: NGTCACGCWTSANTGMNY; match class: 1",20092,6573
"1683","darkturquoise",TRUE,0.00873945283564321,4278,321,91,0.283489096573209,0.0212716222533894,"TF:M11849","TF","Factor: MR; motif: NGNACRNNNYGTNCN",20092,6198
"1684","darkturquoise",TRUE,0.00875512057738799,1588,321,41,0.127725856697819,0.0258186397984887,"TF:M12529","TF","Factor: NFYB; motif: CYCATTGGCCNN",20092,5920
"1685","darkturquoise",TRUE,0.00878015455837333,389,321,15,0.0467289719626168,0.038560411311054,"TF:M11439_1","TF","Factor: Net; motif: NRCCGGAAGTN; match class: 1",20092,1913
"1686","darkturquoise",TRUE,0.00900976491348388,312,321,13,0.0404984423676012,0.0416666666666667,"TF:M11252","TF","Factor: Luman; motif: NGCCACGTGKNN",20092,1068
"1687","darkturquoise",TRUE,0.00903897322508847,169,321,9,0.0280373831775701,0.0532544378698225,"TF:M00058","TF","Factor: HEN1; motif: NNGGGNCGCAGCTGCGNCCCNN",20092,3458
"1688","darkturquoise",TRUE,0.00915993893157118,275,321,12,0.0373831775700935,0.0436363636363636,"TF:M07455_1","TF","Factor: Gli2; motif: NTGGGTGGTCNN; match class: 1",20092,3315
"1689","darkturquoise",TRUE,0.00917213006602022,12885,321,231,0.719626168224299,0.0179278230500582,"TF:M10514","TF","Factor: GLI4; motif: RGGCCTTGAATGCCANGCYMA",20092,3334
"1690","darkturquoise",TRUE,0.00921917203219528,7753,321,150,0.467289719626168,0.0193473494131304,"TF:M04490","TF","Factor: RXRA; motif: RRGGTCATGACCYY",20092,7588
"1691","darkturquoise",TRUE,0.00925783963588131,4061,321,87,0.271028037383178,0.0214232947549865,"TF:M10008_1","TF","Factor: CSX; motif: NKRAGWGS; match class: 1",20092,5989
"1692","darkturquoise",TRUE,0.00931792106833575,54,321,5,0.0155763239875389,0.0925925925925926,"TF:M06764","TF","Factor: ZNF228; motif: NCCGCCGAACCC",20092,9974
"1693","darkturquoise",TRUE,0.00947706880733339,3952,321,85,0.264797507788162,0.0215080971659919,"TF:M11074_1","TF","Factor: DEC1; motif: GTCACGTGAC; match class: 1",20092,567
"1694","darkturquoise",TRUE,0.00957144338283897,1799,321,45,0.14018691588785,0.0250138966092273,"TF:M12517","TF","Factor: ELF1; motif: NNNCAGGAAGTGNN",20092,1762
"1695","darkturquoise",TRUE,0.00957144338283897,1397,321,37,0.115264797507788,0.0264853256979241,"TF:M03821_1","TF","Factor: ER-beta; motif: ANNSTGACCYRGNN; match class: 1",20092,2029
"1696","darkturquoise",TRUE,0.00957734768004344,240,321,11,0.0342679127725857,0.0458333333333333,"TF:M06293","TF","Factor: ZNF742; motif: NGGGACGAGGSC",20092,11528
"1697","darkturquoise",TRUE,0.00961410346660211,393,321,15,0.0467289719626168,0.0381679389312977,"TF:M08917_1","TF","Factor: GABP-ALPHA; motif: RCCGGAARTNN; match class: 1",20092,2983
"1698","darkturquoise",TRUE,0.00984368954313587,2640,321,61,0.190031152647975,0.0231060606060606,"TF:M02061","TF","Factor: ERF; motif: ACCGGAARYN",20092,2066
"1699","darkturquoise",TRUE,0.0098959582553082,139,321,8,0.0249221183800623,0.0575539568345324,"TF:M12731","TF","Factor: ZFP91; motif: NNNNCTTAAAGGGNCMGNNNCN",20092,9582
"1700","darkturquoise",TRUE,0.00994288565856076,278,321,12,0.0373831775700935,0.0431654676258993,"TF:M00693_1","TF","Factor: E12; motif: RRCAGGTGNCV; match class: 1",20092,1447
"1701","darkturquoise",TRUE,0.0100522821872139,2166,321,52,0.161993769470405,0.0240073868882733,"TF:M01201_1","TF","Factor: AR; motif: GGNACRNNRTGTWCT; match class: 1",20092,241
"1702","darkturquoise",TRUE,0.0101416681737615,1959,321,48,0.149532710280374,0.0245022970903522,"TF:M05331","TF","Factor: Gli2; motif: NTRAAGTAGGGTGGCCC",20092,3308
"1703","darkturquoise",TRUE,0.0102165508682396,2914,321,66,0.205607476635514,0.0226492793411119,"TF:M12616","TF","Factor: HMGXB3; motif: NRGCCAATSRGNRNNS",20092,3608
"1704","darkturquoise",TRUE,0.0106853494138048,11410,321,208,0.64797507788162,0.0182296231375986,"TF:M00425","TF","Factor: E2F; motif: TTTCGCGC",20092,1592
"1705","darkturquoise",TRUE,0.0106957726806712,14256,321,251,0.781931464174455,0.0176066217732884,"TF:M11814","TF","Factor: T3R-beta; motif: NRGGTCAAAGGTCRN",20092,8990
"1706","darkturquoise",TRUE,0.0107789735183581,2017,321,49,0.152647975077882,0.0242935052057511,"TF:M12653","TF","Factor: PRDM10; motif: NNTGGTNCNGYCCRN",20092,7096
"1707","darkturquoise",TRUE,0.0108507341276248,2598,321,60,0.186915887850467,0.023094688221709,"TF:M12684","TF","Factor: ZASC1; motif: NYCAGCACCNNGGRMRGC",20092,9304
"1708","darkturquoise",TRUE,0.0109633019164632,2123,321,51,0.158878504672897,0.0240226095148375,"TF:M08700","TF","Factor: Erm:HES-7; motif: NCGGANGNNNNNCRCGYG",20092,2368
"1709","darkturquoise",TRUE,0.0110834545272716,4087,321,87,0.271028037383178,0.0212870075850257,"TF:M10086_1","TF","Factor: TAFII250; motif: RARRWGGCGGMGGNGR; match class: 1",20092,8393
"1710","darkturquoise",TRUE,0.0111156298370094,34,321,4,0.0124610591900312,0.117647058823529,"TF:M05507","TF","Factor: Aiolos; motif: NGGGGGGGGMGTK",20092,26
"1711","darkturquoise",TRUE,0.0111929538341794,1263,321,34,0.105919003115265,0.0269200316706255,"TF:M10158_1","TF","Factor: ZNF563; motif: NGNNTCMTNNCNGGCAGCTGY; match class: 1",20092,10935
"1712","darkturquoise",TRUE,0.0114806834067534,1920,321,47,0.146417445482866,0.0244791666666667,"TF:M01863","TF","Factor: ATF-3; motif: RTKRCGTCANN",20092,318
"1713","darkturquoise",TRUE,0.0115014137939558,9833,321,183,0.570093457943925,0.0186108003661141,"TF:M00979","TF","Factor: Pax-6; motif: CTGACCTGGAACTM",20092,6600
"1714","darkturquoise",TRUE,0.0115020349093259,4149,321,88,0.274143302180685,0.0212099301036394,"TF:M00644_1","TF","Factor: LBP-1; motif: CAGCTGS; match class: 1",20092,4773
"1715","darkturquoise",TRUE,0.0115281870992472,3812,321,82,0.255451713395639,0.021511017838405,"TF:M00139","TF","Factor: AhR; motif: CCYCNRRSTNGCGTGASA",20092,18
"1716","darkturquoise",TRUE,0.0116633820264161,57,321,5,0.0155763239875389,0.087719298245614,"TF:M12533","TF","Factor: TCF3; motif: NNCACCTGCNN",20092,8582
"1717","darkturquoise",TRUE,0.0117961393480515,3041,321,68,0.21183800623053,0.0223610654390003,"TF:M02098","TF","Factor: LRH-1; motif: NNYCAAGGYYN",20092,4976
"1718","darkturquoise",TRUE,0.0118289984945866,1769,321,44,0.137071651090343,0.0248728094968909,"TF:M07430","TF","Factor: SNA; motif: NCACCTGCNN",20092,7862
"1719","darkturquoise",TRUE,0.0121625085978204,1468,321,38,0.118380062305296,0.0258855585831063,"TF:M07460","TF","Factor: KLF3; motif: CCMCRCCCNG",20092,4734
"1720","darkturquoise",TRUE,0.0122160890682464,8354,321,159,0.495327102803738,0.0190327986593249,"TF:M09608","TF","Factor: Erg; motif: NNACCGGAARTSN",20092,2078
"1721","darkturquoise",TRUE,0.0122190806755106,3597,321,78,0.242990654205607,0.0216847372810676,"TF:M09644","TF","Factor: p73; motif: NGRCATGYYTGNRCWTGYYN",20092,6490
"1722","darkturquoise",TRUE,0.0124044005509631,19718,321,321,1,0.0162795415356527,"TF:M01822","TF","Factor: CPBP; motif: SNCCCNN",20092,972
"1723","darkturquoise",TRUE,0.0124176895238379,5018,321,103,0.320872274143302,0.020526106018334,"TF:M11743_1","TF","Factor: COUP-TF1; motif: RAGGTCANYGACCTY; match class: 1",20092,6159
"1724","darkturquoise",TRUE,0.0125191906714908,58,321,5,0.0155763239875389,0.0862068965517241,"TF:M12528","TF","Factor: MYOG; motif: NNRCAGCTGYNN",20092,5628
"1725","darkturquoise",TRUE,0.0125191906714908,58,321,5,0.0155763239875389,0.0862068965517241,"TF:M12528_1","TF","Factor: MYOG; motif: NNRCAGCTGYNN; match class: 1",20092,5629
"1726","darkturquoise",TRUE,0.0127036134261152,287,321,12,0.0373831775700935,0.0418118466898955,"TF:M09989_1","TF","Factor: MITF; motif: TCACGTGACC; match class: 1",20092,5347
"1727","darkturquoise",TRUE,0.0127141028905603,844,321,25,0.0778816199376947,0.0296208530805687,"TF:M03839_1","TF","Factor: Pax-2; motif: CAYSCCTSAGT; match class: 1",20092,6521
"1728","darkturquoise",TRUE,0.0127141028905603,1931,321,47,0.146417445482866,0.0243397203521491,"TF:M01861_1","TF","Factor: ATF-1; motif: TNACGTCAN; match class: 1",20092,283
"1729","darkturquoise",TRUE,0.0129414085332355,3108,321,69,0.214953271028037,0.0222007722007722,"TF:M11765","TF","Factor: TR2; motif: NRGGTCRYGACCYN",20092,9052
"1730","darkturquoise",TRUE,0.0129521509928455,1933,321,47,0.146417445482866,0.0243145369891361,"TF:M00531_1","TF","Factor: nerf; motif: YRNCAGGAAGYRGSTBDS; match class: 1",20092,5661
"1731","darkturquoise",TRUE,0.0129712792378716,1325,321,35,0.109034267912773,0.0264150943396226,"TF:M11406","TF","Factor: Pet-1; motif: NACCGGAAGTN",20092,2466
"1732","darkturquoise",TRUE,0.0131726740616059,1228,321,33,0.102803738317757,0.0268729641693811,"TF:M08884","TF","Factor: GCM; motif: NNNNATGMGGGN",20092,3248
"1733","darkturquoise",TRUE,0.0131986411902971,1678,321,42,0.130841121495327,0.0250297973778308,"TF:M12569","TF","Factor: CTCFL; motif: NSCAGGGGGCGS",20092,1146
"1734","darkturquoise",TRUE,0.0132223360879067,251,321,11,0.0342679127725857,0.0438247011952191,"TF:M06789","TF","Factor: ZNF835; motif: NCGRGKGAAMCC",20092,11780
"1735","darkturquoise",TRUE,0.0132468216965077,5,321,2,0.00623052959501558,0.4,"TF:M11092_1","TF","Factor: tfeb; motif: YNCACGTGACN; match class: 1",20092,8915
"1736","darkturquoise",TRUE,0.0132964576359748,2303,321,54,0.168224299065421,0.0234476769431177,"TF:M11755","TF","Factor: HNF-4alpha; motif: RRGGTCAAAGTCCAN",20092,3724
"1737","darkturquoise",TRUE,0.0134223927248674,1937,321,47,0.146417445482866,0.0242643262777491,"TF:M13044","TF","Factor: E2F8; motif: TTCCCGCCANNA",20092,1582
"1738","darkturquoise",TRUE,0.0134926487046885,1428,321,37,0.115264797507788,0.0259103641456583,"TF:M12648_1","TF","Factor: PATZ1; motif: SCNCCNCNSCCCCCASCCN; match class: 1",20092,6503
"1739","darkturquoise",TRUE,0.0135053883288171,6559,321,129,0.401869158878505,0.0196676322610154,"TF:M03821","TF","Factor: ER-beta; motif: ANNSTGACCYRGNN",20092,2028
"1740","darkturquoise",TRUE,0.0135053883288171,4401,321,92,0.286604361370716,0.0209043399227448,"TF:M11082","TF","Factor: SREBP-1; motif: RNCACGCSAY",20092,8208
"1741","darkturquoise",TRUE,0.0137848402190538,2574,321,59,0.183800623052959,0.0229215229215229,"TF:M03846_1","TF","Factor: SMAD5; motif: GSGGCAGM; match class: 1",20092,7825
"1742","darkturquoise",TRUE,0.0138697913120712,9933,321,184,0.573208722741433,0.0185241115473674,"TF:M00966","TF","Factor: VDR,; motif: RRTGNMCYTNNTGAMCCNYNT",20092,1402
"1743","darkturquoise",TRUE,0.0138697913120712,8379,321,159,0.495327102803738,0.0189760114572145,"TF:M03852","TF","Factor: SREBP-2; motif: NTCACCYNNNN",20092,8234
"1744","darkturquoise",TRUE,0.0139687979154444,3561,321,77,0.2398753894081,0.0216231395675372,"TF:M04490_1","TF","Factor: RXRA; motif: RRGGTCATGACCYY; match class: 1",20092,7589
"1745","darkturquoise",TRUE,0.0140325357138456,116,321,7,0.0218068535825545,0.0603448275862069,"TF:M11245_1","TF","Factor: OASIS; motif: NGCCACGTGGCR; match class: 1",20092,1039
"1746","darkturquoise",TRUE,0.0141096989857981,1685,321,42,0.130841121495327,0.0249258160237389,"TF:M11842_1","TF","Factor: ER-alpha; motif: NAGGTCAYSGYGACCTN; match class: 1",20092,2151
"1747","darkturquoise",TRUE,0.0142564943068436,8078,321,154,0.479750778816199,0.0190641247833622,"TF:M11795","TF","Factor: NR1B1; motif: NRGGTCANNRGGTCAN",20092,7256
"1748","darkturquoise",TRUE,0.0148279839309143,15487,321,268,0.834890965732087,0.0173048363143281,"TF:M09726","TF","Factor: GATAD2A; motif: CCTKTG",20092,3120
"1749","darkturquoise",TRUE,0.0149879409336597,6637,321,130,0.404984423676012,0.0195871628747928,"TF:M00939","TF","Factor: E2F; motif: TTTSGCGSG",20092,1600
"1750","darkturquoise",TRUE,0.0151747074546678,333,321,13,0.0404984423676012,0.039039039039039,"TF:M00721_1","TF","Factor: CACCC-binding; motif: CANCCNNWGGGTGDGG; match class: 1",20092,655
"1751","darkturquoise",TRUE,0.0151941044800767,1439,321,37,0.115264797507788,0.0257123002084781,"TF:M04149_1","TF","Factor: TFAP2B; motif: NGCCCNNRGGCA; match class: 1",20092,8797
"1752","darkturquoise",TRUE,0.0151941044800767,1439,321,37,0.115264797507788,0.0257123002084781,"TF:M11474","TF","Factor: Tcfap2e; motif: TGCCCYNRGGCN",20092,8842
"1753","darkturquoise",TRUE,0.0153504720482125,1095,321,30,0.0934579439252336,0.0273972602739726,"TF:M03907","TF","Factor: HINFP; motif: CNRCGTCCGCNN",20092,3566
"1754","darkturquoise",TRUE,0.0154202276509306,4194,321,88,0.274143302180685,0.0209823557463042,"TF:M11074","TF","Factor: DEC1; motif: GTCACGTGAC",20092,566
"1755","darkturquoise",TRUE,0.0154663178689496,2968,321,66,0.205607476635514,0.0222371967654987,"TF:M03923","TF","Factor: SP8; motif: RCCACGCCCMCY",20092,8126
"1756","darkturquoise",TRUE,0.0154800786487862,1341,321,35,0.109034267912773,0.0260999254287845,"TF:M11256","TF","Factor: AIBZIP; motif: NGCCACGTCAYN",20092,1048
"1757","darkturquoise",TRUE,0.0156369255903553,5347,321,108,0.336448598130841,0.0201982420048625,"TF:M11820","TF","Factor: T3R-beta; motif: NTGACCTNRNYNAGGTCAN",20092,9002
"1758","darkturquoise",TRUE,0.01574129457246,1001,321,28,0.0872274143302181,0.027972027972028,"TF:M12142","TF","Factor: Egr-2; motif: NMCGCCCACGCNN",20092,1686
"1759","darkturquoise",TRUE,0.0157648277059572,5058,321,103,0.320872274143302,0.020363780150257,"TF:M01733_1","TF","Factor: MZF-1; motif: TGGGGAR; match class: 1",20092,5645
"1760","darkturquoise",TRUE,0.0158600174165203,335,321,13,0.0404984423676012,0.0388059701492537,"TF:M03981_1","TF","Factor: ETV3; motif: ACCGGAAGTN; match class: 1",20092,2333
"1761","darkturquoise",TRUE,0.0159119447470204,9023,321,169,0.526479750778816,0.0187299124459714,"TF:M00644","TF","Factor: LBP-1; motif: CAGCTGS",20092,4772
"1762","darkturquoise",TRUE,0.0159294496404326,296,321,12,0.0373831775700935,0.0405405405405405,"TF:M07291_1","TF","Factor: GLI2; motif: TGGGTGGTCNS; match class: 1",20092,3317
"1763","darkturquoise",TRUE,0.016018027181538,2973,321,66,0.205607476635514,0.0221997981836529,"TF:M11446","TF","Factor: Elf-1; motif: RANSMGGAAGTR",20092,1748
"1764","darkturquoise",TRUE,0.0160242773192039,768,321,23,0.0716510903426791,0.0299479166666667,"TF:M04702","TF","Factor: REST; motif: TGTCCRTGG",20092,7356
"1765","darkturquoise",TRUE,0.0160442093435268,11943,321,215,0.669781931464174,0.0180021770074521,"TF:M01227","TF","Factor: MafB; motif: GNTGAC",20092,5020
"1766","darkturquoise",TRUE,0.016125684366481,1345,321,35,0.109034267912773,0.0260223048327138,"TF:M04054_1","TF","Factor: NF-kappaB; motif: AGGGGAWTCCCCT; match class: 1",20092,5881
"1767","darkturquoise",TRUE,0.0161694577910865,38,321,4,0.0124610591900312,0.105263157894737,"TF:M06376","TF","Factor: ZNF770; motif: KGGGGGCRATS",20092,11592
"1768","darkturquoise",TRUE,0.0162940811040726,1052,321,29,0.0903426791277259,0.0275665399239544,"TF:M04059_1","TF","Factor: NRF-1; motif: YGCGCATGCGCN; match class: 1",20092,6217
"1769","darkturquoise",TRUE,0.0162940811040726,9777,321,181,0.56386292834891,0.0185128362483379,"TF:M08445","TF","Factor: AP-4:Fli-1; motif: RSCGGAWRCAGSTGN",20092,8852
"1770","darkturquoise",TRUE,0.0163638047376194,5414,321,109,0.339563862928349,0.0201329885482083,"TF:M09600","TF","Factor: CREB1; motif: TKACGTCAYNN",20092,982
"1771","darkturquoise",TRUE,0.0163638047376194,2435,321,56,0.174454828660436,0.0229979466119096,"TF:M09608_1","TF","Factor: Erg; motif: NNACCGGAARTSN; match class: 1",20092,2079
"1772","darkturquoise",TRUE,0.0166235504704683,2652,321,60,0.186915887850467,0.0226244343891403,"TF:M12629","TF","Factor: LRH1; motif: NTGRCCTTGRNN",20092,4972
"1773","darkturquoise",TRUE,0.0166294035354554,120,321,7,0.0218068535825545,0.0583333333333333,"TF:M13190_1","TF","Factor: ZNF770; motif: CGGCCTCA; match class: 1",20092,11599
"1774","darkturquoise",TRUE,0.0166294035354554,1600,321,40,0.124610591900312,0.025,"TF:M08488","TF","Factor: GCMb:E2F-8; motif: ATRNGGGTWANSGCGGGAAA",20092,3208
"1775","darkturquoise",TRUE,0.0168095790293663,2980,321,66,0.205607476635514,0.0221476510067114,"TF:M07283","TF","Factor: ER-alpha; motif: GNCNNNNTGACCYN",20092,2020
"1776","darkturquoise",TRUE,0.0168939797526225,1007,321,28,0.0872274143302181,0.0278053624627607,"TF:M12211","TF","Factor: Gli2; motif: NGACCACCCACGWNG",20092,3312
"1777","darkturquoise",TRUE,0.0168982030153607,19,321,3,0.00934579439252336,0.157894736842105,"TF:M08590_1","TF","Factor: GCMb:HES-7; motif: NTRNKGGYNNNGCACGYGNN; match class: 1",20092,3217
"1778","darkturquoise",TRUE,0.0168982030153607,338,321,13,0.0404984423676012,0.0384615384615385,"TF:M10105_1","TF","Factor: USF1; motif: NGTCACGTGRNS; match class: 1",20092,9099
"1779","darkturquoise",TRUE,0.0170322891922692,9224,321,172,0.53582554517134,0.0186470078057242,"TF:M09726_1","TF","Factor: GATAD2A; motif: CCTKTG; match class: 1",20092,3121
"1780","darkturquoise",TRUE,0.0171540711971368,866,321,25,0.0778816199376947,0.0288683602771363,"TF:M12121","TF","Factor: ZNF449; motif: MMGCCCAACC",20092,10606
"1781","darkturquoise",TRUE,0.0173262775135178,5017,321,102,0.317757009345794,0.0203308750249153,"TF:M00281","TF","Factor: RFX1; motif: NNGTNRCNATRGYAACNN",20092,7392
"1782","darkturquoise",TRUE,0.0173714974828807,4214,321,88,0.274143302180685,0.0208827717133365,"TF:M11849_1","TF","Factor: MR; motif: NGNACRNNNYGTNCN; match class: 1",20092,6199
"1783","darkturquoise",TRUE,0.0173714974828807,2071,321,49,0.152647975077882,0.0236600676001931,"TF:M11807","TF","Factor: RAR-gamma; motif: RAGGTCATGACCTY",20092,7292
"1784","darkturquoise",TRUE,0.0175763986607677,2284,321,53,0.165109034267913,0.0232049036777583,"TF:M00017_1","TF","Factor: ATF; motif: CNSTGACGTNNNYC; match class: 1",20092,375
"1785","darkturquoise",TRUE,0.0175763986607677,39,321,4,0.0124610591900312,0.102564102564103,"TF:M09775_1","TF","Factor: MXI1; motif: NNNCCACGTGSNN; match class: 1",20092,5493
"1786","darkturquoise",TRUE,0.0176520488165104,1304,321,34,0.105919003115265,0.0260736196319018,"TF:M12527","TF","Factor: MYOD1; motif: NNGCACCTGTCNN",20092,5600
"1787","darkturquoise",TRUE,0.0180139710031567,1456,321,37,0.115264797507788,0.0254120879120879,"TF:M11765_1","TF","Factor: TR2; motif: NRGGTCRYGACCYN; match class: 1",20092,9053
"1788","darkturquoise",TRUE,0.0180858093038475,341,321,13,0.0404984423676012,0.0381231671554252,"TF:M12421","TF","Factor: ZNF682; motif: NNGGCYAAGCCCCWNN",20092,11310
"1789","darkturquoise",TRUE,0.0181828283582346,263,321,11,0.0342679127725857,0.0418250950570342,"TF:M12596_1","TF","Factor: DP2; motif: NNGGCGGGARN; match class: 1",20092,1389
"1790","darkturquoise",TRUE,0.0181828283582346,3101,321,68,0.21183800623053,0.0219284101902612,"TF:M13363","TF","Factor: EPAS1; motif: CGCACGTAS",20092,3562
"1791","darkturquoise",TRUE,0.0181828283582346,6436,321,126,0.392523364485981,0.0195773772529521,"TF:M00927","TF","Factor: AP-4; motif: RNCAGCTGC",20092,174
"1792","darkturquoise",TRUE,0.018431371576785,13617,321,240,0.747663551401869,0.0176250275391055,"TF:M00327","TF","Factor: Pax-3; motif: NNNNNNCGTCACGSTYNNNNN",20092,6540
"1793","darkturquoise",TRUE,0.0184484371035391,1765,321,43,0.133956386292835,0.0243626062322946,"TF:M05775_1","TF","Factor: ZXDL; motif: NGGGGWS; match class: 1",20092,11989
"1794","darkturquoise",TRUE,0.0187039404499318,2995,321,66,0.205607476635514,0.0220367278797997,"TF:M04455","TF","Factor: ESR1; motif: NRGGTCACNRTGACCTK",20092,2140
"1795","darkturquoise",TRUE,0.0187404815482816,1460,321,37,0.115264797507788,0.0253424657534247,"TF:M07347","TF","Factor: AhR; motif: NNNKNGCGTGNSNNNNN",20092,24
"1796","darkturquoise",TRUE,0.0187767750643626,303,321,12,0.0373831775700935,0.0396039603960396,"TF:M08283_1","TF","Factor: Fli-1:ETV7; motif: NSMGGAMGGATNTCCGNN; match class: 1",20092,2507
"1797","darkturquoise",TRUE,0.018866724307798,4057,321,85,0.264797507788162,0.0209514419521814,"TF:M11842","TF","Factor: ER-alpha; motif: NAGGTCAYSGYGACCTN",20092,2150
"1798","darkturquoise",TRUE,0.018957170959732,8135,321,154,0.479750778816199,0.0189305470190535,"TF:M08284","TF","Factor: Fli-1:FIGLA; motif: NCCGGAARCASSTGN",20092,2508
"1799","darkturquoise",TRUE,0.0191785776198491,5384,321,108,0.336448598130841,0.0200594353640416,"TF:M12057","TF","Factor: ZBP99; motif: GCCCMTCCCCCR",20092,9528
"1800","darkturquoise",TRUE,0.0194250684152768,385,321,14,0.043613707165109,0.0363636363636364,"TF:M13363_1","TF","Factor: EPAS1; motif: CGCACGTAS; match class: 1",20092,3563
"1801","darkturquoise",TRUE,0.019488277075657,923,321,26,0.0809968847352025,0.028169014084507,"TF:M11277_1","TF","Factor: XBP-1; motif: NNTGACGTCAYN; match class: 1",20092,9241
"1802","darkturquoise",TRUE,0.019498693598988,4119,321,86,0.26791277258567,0.0208788540907987,"TF:M00738_1","TF","Factor: E2F-4:DP-1; motif: TTTSGCGC; match class: 1",20092,1539
"1803","darkturquoise",TRUE,0.0197720280904306,4982,321,101,0.314641744548287,0.0202729827378563,"TF:M07341","TF","Factor: TORC2; motif: TGGGCTKKD",20092,9036
"1804","darkturquoise",TRUE,0.0200034433919397,2731,321,61,0.190031152647975,0.022336140607836,"TF:M02105","TF","Factor: NF-E4; motif: CHCCCTCKCCWG",20092,5850
"1805","darkturquoise",TRUE,0.0201138135185311,878,321,25,0.0778816199376947,0.0284738041002278,"TF:M00976_1","TF","Factor: AhR,; motif: NRCGTGNGN; match class: 1",20092,17
"1806","darkturquoise",TRUE,0.0203930277421343,879,321,25,0.0778816199376947,0.0284414106939704,"TF:M12557_1","TF","Factor: ETV5; motif: NNACTTCCGNN; match class: 1",20092,2381
"1807","darkturquoise",TRUE,0.0206131573591694,2844,321,63,0.196261682242991,0.0221518987341772,"TF:M01855_1","TF","Factor: AHR; motif: CACGCN; match class: 1",20092,23
"1808","darkturquoise",TRUE,0.0207491237820906,2039,321,48,0.149532710280374,0.0235409514467876,"TF:M12643","TF","Factor: NFYB; motif: RGCCAATSRGNRNNNNSNG",20092,5922
"1809","darkturquoise",TRUE,0.0207685365641152,66,321,5,0.0155763239875389,0.0757575757575758,"TF:M07384_1","TF","Factor: HIF-1alpha; motif: NCACGTNN; match class: 1",20092,3549
"1810","darkturquoise",TRUE,0.0207685365641152,66,321,5,0.0155763239875389,0.0757575757575758,"TF:M11215_1","TF","Factor: N-Myc; motif: NNCACGTGNN; match class: 1",20092,5559
"1811","darkturquoise",TRUE,0.0211886419580523,231,321,10,0.0311526479750779,0.0432900432900433,"TF:M08662_1","TF","Factor: AP-2gamma:HES-7; motif: NNCACGYGNNNNNNSCCNNNGGS; match class: 1",20092,8819
"1812","darkturquoise",TRUE,0.0212935302482467,561,321,18,0.0560747663551402,0.0320855614973262,"TF:M01109_1","TF","Factor: SZF1-1; motif: CCAGGGTAWCAGCNG; match class: 1",20092,8381
"1813","darkturquoise",TRUE,0.0216312869932087,1373,321,35,0.109034267912773,0.0254916241806264,"TF:M11876_1","TF","Factor: pax-2; motif: NSGTCACGCWTSANYGMNYN; match class: 1",20092,6515
"1814","darkturquoise",TRUE,0.0216645084162748,7491,321,143,0.445482866043614,0.0190895741556534,"TF:M10045","TF","Factor: RAR-gamma; motif: RGGTCANNNTGNCCNNNN",20092,7284
"1815","darkturquoise",TRUE,0.0218100759249312,652,321,20,0.0623052959501558,0.0306748466257669,"TF:M12411","TF","Factor: ZBTB6; motif: NNSCTTGAGCCNN",20092,9436
"1816","darkturquoise",TRUE,0.0219118424168595,3405,321,73,0.227414330218069,0.02143906020558,"TF:M12602","TF","Factor: ESR1; motif: STGACCTN",20092,2158
"1817","darkturquoise",TRUE,0.0219903819074785,8533,321,160,0.498442367601246,0.0187507324504863,"TF:M00981","TF","Factor: CREB,; motif: NTGACGTNA",20092,1078
"1818","darkturquoise",TRUE,0.0220962475284003,791,321,23,0.0716510903426791,0.0290771175726928,"TF:M11251_1","TF","Factor: Luman; motif: NRTGACGTCAYN; match class: 1",20092,1067
"1819","darkturquoise",TRUE,0.0223061279776039,4426,321,91,0.283489096573209,0.0205603253502033,"TF:M04738","TF","Factor: ER-alpha; motif: AGGTCANMNTGACC",20092,2142
"1820","darkturquoise",TRUE,0.0223308503910107,11623,321,209,0.651090342679128,0.0179815882302332,"TF:M01733","TF","Factor: MZF-1; motif: TGGGGAR",20092,5644
"1821","darkturquoise",TRUE,0.0223552790653164,233,321,10,0.0311526479750779,0.0429184549356223,"TF:M12684_1","TF","Factor: ZASC1; motif: NYCAGCACCNNGGRMRGC; match class: 1",20092,9305
"1822","darkturquoise",TRUE,0.0223729697713978,792,321,23,0.0716510903426791,0.029040404040404,"TF:M09820_1","TF","Factor: USF2; motif: NNNGGTCACGTGRYNN; match class: 1",20092,9117
"1823","darkturquoise",TRUE,0.0224977078848809,351,321,13,0.0404984423676012,0.037037037037037,"TF:M12184_1","TF","Factor: KLF14; motif: NRCCACGCCCMCN; match class: 1",20092,4695
"1824","darkturquoise",TRUE,0.0226824752205077,793,321,23,0.0716510903426791,0.0290037831021438,"TF:M11304","TF","Factor: batf3; motif: NRTGAYGTCAYN",20092,454
"1825","darkturquoise",TRUE,0.0227559390633047,7623,321,145,0.451713395638629,0.0190213826577463,"TF:M06202","TF","Factor: ZXDB; motif: NAGGGTG",20092,11986
"1826","darkturquoise",TRUE,0.0227559390633047,7623,321,145,0.451713395638629,0.0190213826577463,"TF:M06203","TF","Factor: ZXDA; motif: NAGGGTG",20092,11982
"1827","darkturquoise",TRUE,0.0227559390633047,655,321,20,0.0623052959501558,0.0305343511450382,"TF:M12419","TF","Factor: ZNF460; motif: GCCTCMGCCTCCCRAG",20092,10652
"1828","darkturquoise",TRUE,0.0227559390633047,5298,321,106,0.330218068535826,0.020007550018875,"TF:M09732","TF","Factor: RFX3; motif: NYNCCMTGGCAACM",20092,7430
"1829","darkturquoise",TRUE,0.0228404119348354,888,321,25,0.0778816199376947,0.0281531531531532,"TF:M02378","TF","Factor: HIF1A:ARNT; motif: VNACGTGN",20092,3542
"1830","darkturquoise",TRUE,0.0228680338780946,2157,321,50,0.155763239875389,0.0231803430690774,"TF:M01241_1","TF","Factor: BEN; motif: CWGCGAYA; match class: 1",20092,515
"1831","darkturquoise",TRUE,0.0229342235763603,5183,321,104,0.32398753894081,0.0200655990738954,"TF:M09962","TF","Factor: ITF-2; motif: NGCAGSTGKS",20092,4578
"1832","darkturquoise",TRUE,0.0230003569010856,2696,321,60,0.186915887850467,0.0222551928783383,"TF:M00947_1","TF","Factor: CP2/LBP-1c/LSF; motif: GCTGGNTNGNNCYNG; match class: 1",20092,959
"1833","darkturquoise",TRUE,0.0231100863143054,1082,321,29,0.0903426791277259,0.0268022181146026,"TF:M07085","TF","Factor: E2F-6; motif: RGGCGGGARRN",20092,1562
"1834","darkturquoise",TRUE,0.0231100863143054,611,321,19,0.059190031152648,0.0310965630114566,"TF:M11059_1","TF","Factor: Hey1; motif: NGCACGTGYN; match class: 1",20092,3511
"1835","darkturquoise",TRUE,0.0231654117797588,15499,321,267,0.831775700934579,0.0172269178656688,"TF:M04691","TF","Factor: Kaiso; motif: TCTCGCGAG",20092,9366
"1836","darkturquoise",TRUE,0.0231654117797588,436,321,15,0.0467289719626168,0.0344036697247706,"TF:M03791_1","TF","Factor: GABPalpha_GABPbeta; motif: CTTCCKGY; match class: 1",20092,2973
"1837","darkturquoise",TRUE,0.0233721470010958,1231,321,32,0.0996884735202492,0.0259951259138911,"TF:M00739_1","TF","Factor: E2F-4:DP-2; motif: TTTCSCGC; match class: 1",20092,1541
"1838","darkturquoise",TRUE,0.0235438563696172,2754,321,61,0.190031152647975,0.0221496005809731,"TF:M10023","TF","Factor: p53; motif: NGRCATGYCCAGRCATGYCY",20092,6474
"1839","darkturquoise",TRUE,0.0235438563696172,4724,321,96,0.299065420560748,0.0203217612193057,"TF:M12406","TF","Factor: MSANTD3; motif: SNNCACTCAC",20092,5410
"1840","darkturquoise",TRUE,0.0235488492767905,3585,321,76,0.236760124610592,0.0211994421199442,"TF:M12889","TF","Factor: SMAD2; motif: NNCCAGACNN",20092,7796
"1841","darkturquoise",TRUE,0.0236610838818012,987,321,27,0.0841121495327103,0.027355623100304,"TF:M00691_1","TF","Factor: ATF-1; motif: CYYTGACGTCA; match class: 1",20092,281
"1842","darkturquoise",TRUE,0.0239312569241156,2004,321,47,0.146417445482866,0.0234530938123752,"TF:M00804","TF","Factor: E2A; motif: NCACCTGYYNCNKN",20092,1450
"1843","darkturquoise",TRUE,0.0239463877927346,988,321,27,0.0841121495327103,0.0273279352226721,"TF:M09866_1","TF","Factor: ATF-1; motif: NNRTGACGYMA; match class: 1",20092,277
"1844","darkturquoise",TRUE,0.0239610601722004,3644,321,77,0.2398753894081,0.0211306256860593,"TF:M11831","TF","Factor: LRH-1; motif: TCAAGGTCRTGACCTTGA",20092,4970
"1845","darkturquoise",TRUE,0.0239941217304059,3532,321,75,0.233644859813084,0.0212344280860702,"TF:M02377","TF","Factor: ESR2; motif: NNRGGTCANNNTGMCCTN",20092,2160
"1846","darkturquoise",TRUE,0.0240349164092422,2324,321,53,0.165109034267913,0.0228055077452668,"TF:M00431_1","TF","Factor: E2F-1; motif: TTTSGCGS; match class: 1",20092,1495
"1847","darkturquoise",TRUE,0.024572372415753,130,321,7,0.0218068535825545,0.0538461538461538,"TF:M06516","TF","Factor: ZNF418; motif: NGGGKAGCCGT",20092,10486
"1848","darkturquoise",TRUE,0.024572372415753,130,321,7,0.0218068535825545,0.0538461538461538,"TF:M10048","TF","Factor: rfx2; motif: CNGTTGCCATGGCRACNN",20092,7408
"1849","darkturquoise",TRUE,0.0246122456576444,8312,321,156,0.485981308411215,0.0187680461982676,"TF:M04831","TF","Factor: ZEB1; motif: CAGGTGN",20092,9458
"1850","darkturquoise",TRUE,0.0250224845679307,276,321,11,0.0342679127725857,0.0398550724637681,"TF:M05344","TF","Factor: Egr-2; motif: GCGTGGGCGG",20092,1680
"1851","darkturquoise",TRUE,0.0251853262816049,896,321,25,0.0778816199376947,0.0279017857142857,"TF:M11298_1","TF","Factor: jdp2; motif: NRTGACGTCAYN; match class: 1",20092,4595
"1852","darkturquoise",TRUE,0.025394291199596,755,321,22,0.0685358255451713,0.0291390728476821,"TF:M11304_1","TF","Factor: batf3; motif: NRTGAYGTCAYN; match class: 1",20092,455
"1853","darkturquoise",TRUE,0.0255635210872201,1091,321,29,0.0903426791277259,0.0265811182401467,"TF:M09886_1","TF","Factor: COUP-TF1; motif: GRGGKSARAGGTCAGNG; match class: 1",20092,6147
"1854","darkturquoise",TRUE,0.0257493502271715,756,321,22,0.0685358255451713,0.0291005291005291,"TF:M01243_1","TF","Factor: MTF-1; motif: TGCGCAC; match class: 1",20092,5481
"1855","darkturquoise",TRUE,0.0257706573245515,803,321,23,0.0716510903426791,0.0286425902864259,"TF:M11251","TF","Factor: Luman; motif: NRTGACGTCAYN",20092,1066
"1856","darkturquoise",TRUE,0.0257706573245515,1141,321,30,0.0934579439252336,0.0262927256792287,"TF:M11057","TF","Factor: Hey1; motif: NGCACGTGYN",20092,3506
"1857","darkturquoise",TRUE,0.0257952918653487,946,321,26,0.0809968847352025,0.0274841437632135,"TF:M00113_1","TF","Factor: CREB; motif: NNGNTGACGTNN; match class: 1",20092,1089
"1858","darkturquoise",TRUE,0.0259912829534397,1545,321,38,0.118380062305296,0.0245954692556634,"TF:M00237_1","TF","Factor: AhR:Arnt; motif: GRGKATYGCGTGMCWNSCC; match class: 1",20092,15
"1859","darkturquoise",TRUE,0.0262803442259573,5501,321,109,0.339563862928349,0.0198145791674241,"TF:M11817","TF","Factor: T3R-beta; motif: NRRGGTCRTGACCYYN",20092,8996
"1860","darkturquoise",TRUE,0.0262861490779159,1444,321,36,0.11214953271028,0.0249307479224377,"TF:M07235","TF","Factor: ZEB1; motif: NCWCACCTG",20092,9460
"1861","darkturquoise",TRUE,0.0267845703340368,949,321,26,0.0809968847352025,0.0273972602739726,"TF:M11422_1","TF","Factor: Erm; motif: NRCMGGAAGTN; match class: 1",20092,2107
"1862","darkturquoise",TRUE,0.0269459826363848,1345,321,34,0.105919003115265,0.0252788104089219,"TF:M03814_1","TF","Factor: BTEB2; motif: GNAGGGGGNGGGSSNN; match class: 1",20092,639
"1863","darkturquoise",TRUE,0.0269576976539045,11343,321,204,0.635514018691589,0.0179846601428194,"TF:M08390","TF","Factor: A-Myb:Elf-1; motif: NMCCGGAACCGTTA",20092,5496
"1864","darkturquoise",TRUE,0.0273283827470819,3496,321,74,0.230529595015576,0.0211670480549199,"TF:M11086","TF","Factor: SREBP-2; motif: ATCACGCCAC",20092,8218
"1865","darkturquoise",TRUE,0.0274314244285683,11475,321,206,0.641744548286604,0.0179520697167756,"TF:M11818_1","TF","Factor: T3R-beta; motif: NTGACCTYRNYRAGGTCAN; match class: 1",20092,8999
"1866","darkturquoise",TRUE,0.0274717609675988,1654,321,40,0.124610591900312,0.0241837968561064,"TF:M12286_1","TF","Factor: ZNF647; motif: NYAGGCCYAC; match class: 1",20092,11193
"1867","darkturquoise",TRUE,0.0275019914045959,1551,321,38,0.118380062305296,0.0245003223726628,"TF:M01249","TF","Factor: HIF2alpha; motif: NNACGTGCNN",20092,3558
"1868","darkturquoise",TRUE,0.0276615514433639,1916,321,45,0.14018691588785,0.0234864300626305,"TF:M12711","TF","Factor: ZNF576; motif: NCCASCAGGKGGCGMCAGNG",20092,10986
"1869","darkturquoise",TRUE,0.0278895067130768,1812,321,43,0.133956386292835,0.0237306843267108,"TF:M07417","TF","Factor: Elf-1; motif: NNCAGGAAGNNN",20092,1766
"1870","darkturquoise",TRUE,0.0278895067130768,1604,321,39,0.121495327102804,0.0243142144638404,"TF:M08020","TF","Factor: YY2; motif: NNCCGCCATTW",20092,9288
"1871","darkturquoise",TRUE,0.0279141349231704,45,321,4,0.0124610591900312,0.0888888888888889,"TF:M11407_1","TF","Factor: Pet-1; motif: NACCGGAAGTN; match class: 1",20092,2469
"1872","darkturquoise",TRUE,0.0279815185647918,7242,321,138,0.429906542056075,0.0190555095277548,"TF:M00468","TF","Factor: AP-2rep; motif: CAGTGGG",20092,150
"1873","darkturquoise",TRUE,0.0280176123622588,4066,321,84,0.261682242990654,0.0206591244466306,"TF:M10084","TF","Factor: SF-1; motif: NYYCAAGGYCA",20092,7682
"1874","darkturquoise",TRUE,0.0283571113882317,3671,321,77,0.2398753894081,0.0209752111141378,"TF:M04065_1","TF","Factor: Pax-6; motif: TTTCACGCWTGANTGMNYN; match class: 1",20092,6591
"1875","darkturquoise",TRUE,0.0286433982820869,2026,321,47,0.146417445482866,0.0231984205330701,"TF:M10100_1","TF","Factor: TFEA; motif: RGTCACGTGA; match class: 1",20092,8903
"1876","darkturquoise",TRUE,0.028751315153131,7308,321,139,0.433021806853583,0.0190202517788725,"TF:M07260_1","TF","Factor: Ikaros; motif: TGGGAGN; match class: 1",20092,4381
"1877","darkturquoise",TRUE,0.0287573262460177,859,321,24,0.0747663551401869,0.0279394644935972,"TF:M02058","TF","Factor: SAP1A; motif: NCCGGAARYN",20092,7646
"1878","darkturquoise",TRUE,0.0287922104922631,243,321,10,0.0311526479750779,0.0411522633744856,"TF:M07139_1","TF","Factor: USF2; motif: RYCAYGTGACY; match class: 1",20092,9113
"1879","darkturquoise",TRUE,0.0288160926876336,3957,321,82,0.255451713395639,0.0207227697750821,"TF:M04627","TF","Factor: Rfx1; motif: GTTGCYNNGGARMS",20092,7400
"1880","darkturquoise",TRUE,0.029326194827946,323,321,12,0.0373831775700935,0.0371517027863777,"TF:M07233_1","TF","Factor: USF1; motif: NNCAYGTGACC; match class: 1",20092,9097
"1881","darkturquoise",TRUE,0.0293504586651197,1253,321,32,0.0996884735202492,0.0255387071029529,"TF:M09889","TF","Factor: CTCFL; motif: NCCNSCAGGGGGCGCYN",20092,1144
"1882","darkturquoise",TRUE,0.0293738134395245,766,321,22,0.0685358255451713,0.0287206266318538,"TF:M11254_1","TF","Factor: AIBZIP; motif: GRTGAYGTCAYC; match class: 1",20092,1045
"1883","darkturquoise",TRUE,0.0295165020337916,244,321,10,0.0311526479750779,0.040983606557377,"TF:M01001_1","TF","Factor: DEAF1; motif: NCGNNYTCGGGNRTTTCCGDARNNN; match class: 1",20092,1243
"1884","darkturquoise",TRUE,0.0296459154319969,2842,321,62,0.193146417445483,0.0218156228008445,"TF:M08306","TF","Factor: GCMa:Elf-1; motif: NNCGGAARTGCKGGT",20092,3148
"1885","darkturquoise",TRUE,0.0297502902548544,170,321,8,0.0249221183800623,0.0470588235294118,"TF:M12706_1","TF","Factor: ZNF450; motif: NNNAGGTCCTGGMAGNK; match class: 1",20092,10625
"1886","darkturquoise",TRUE,0.0298098768796753,862,321,24,0.0747663551401869,0.0278422273781903,"TF:M12219","TF","Factor: ZIC1; motif: NACCCCCCGCTGYGC",20092,9612
"1887","darkturquoise",TRUE,0.0298643141901416,4825,321,97,0.302180685358255,0.0201036269430052,"TF:M13362","TF","Factor: BCL11A; motif: CTGACCA",20092,482
"1888","darkturquoise",TRUE,0.0298966405828039,1509,321,37,0.115264797507788,0.024519549370444,"TF:M00280_1","TF","Factor: RFX1; motif: NNGTNRCNWRGYAACNN; match class: 1",20092,7391
"1889","darkturquoise",TRUE,0.030127494036128,103,321,6,0.0186915887850467,0.058252427184466,"TF:M11406_1","TF","Factor: Pet-1; motif: NACCGGAAGTN; match class: 1",20092,2467
"1890","darkturquoise",TRUE,0.0304555347558694,7381,321,140,0.43613707165109,0.0189676195637448,"TF:M00017","TF","Factor: ATF; motif: CNSTGACGTNNNYC",20092,374
"1891","darkturquoise",TRUE,0.0304863809418375,769,321,22,0.0685358255451713,0.0286085825747724,"TF:M11305","TF","Factor: batf3; motif: NRTGACGTCAYN",20092,456
"1892","darkturquoise",TRUE,0.0304863809418375,1009,321,27,0.0841121495327103,0.0267591674925669,"TF:M11277","TF","Factor: XBP-1; motif: NNTGACGTCAYN",20092,9240
"1893","darkturquoise",TRUE,0.0304863809418375,769,321,22,0.0685358255451713,0.0286085825747724,"TF:M11305_1","TF","Factor: batf3; motif: NRTGACGTCAYN; match class: 1",20092,457
"1894","darkturquoise",TRUE,0.0305378100240373,7140,321,136,0.423676012461059,0.019047619047619,"TF:M11485","TF","Factor: CP2; motif: AACCGGTTNNAACCGGTT",20092,8880
"1895","darkturquoise",TRUE,0.0307675979783282,3685,321,77,0.2398753894081,0.0208955223880597,"TF:M07252_1","TF","Factor: Elk-1; motif: CTTCCKG; match class: 1",20092,1907
"1896","darkturquoise",TRUE,0.0307675979783282,3685,321,77,0.2398753894081,0.0208955223880597,"TF:M01207_1","TF","Factor: c-Ets-2; motif: CTTCCTG; match class: 1",20092,2243
"1897","darkturquoise",TRUE,0.0308050719847178,8978,321,166,0.517133956386293,0.0184896413455112,"TF:M00737","TF","Factor: E2F-1:DP-2; motif: TTTSSCGC",20092,1462
"1898","darkturquoise",TRUE,0.0315454496035191,137,321,7,0.0218068535825545,0.0510948905109489,"TF:M11436_1","TF","Factor: SAP-1; motif: NRNCGGAWRYN; match class: 1",20092,1935
"1899","darkturquoise",TRUE,0.0319291304958296,454,321,15,0.0467289719626168,0.0330396475770925,"TF:M11440","TF","Factor: Net; motif: NRCCGGAAGTN",20092,1914
"1900","darkturquoise",TRUE,0.03219348071898,8,321,2,0.00623052959501558,0.25,"TF:M06506","TF","Factor: ZFP62; motif: TSGAGMTTATTY",20092,9564
"1901","darkturquoise",TRUE,0.0323621212088502,10113,321,184,0.573208722741433,0.0181944032433501,"TF:M00738","TF","Factor: E2F-4:DP-1; motif: TTTSGCGC",20092,1538
"1902","darkturquoise",TRUE,0.0323811296958327,1830,321,43,0.133956386292835,0.0234972677595628,"TF:M13006","TF","Factor: THAP1; motif: NNGCAGGGCANN",20092,8978
"1903","darkturquoise",TRUE,0.032430390197945,5483,321,108,0.336448598130841,0.0196972460331935,"TF:M00514","TF","Factor: ATF4; motif: CVTGACGYMABG",20092,340
"1904","darkturquoise",TRUE,0.0328192135967617,11067,321,199,0.61993769470405,0.0179813861028282,"TF:M09763","TF","Factor: NF1C; motif: WGCCARR",20092,5726
"1905","darkturquoise",TRUE,0.0332017176294558,413,321,14,0.043613707165109,0.0338983050847458,"TF:M03871_1","TF","Factor: GLI; motif: MCVNNGACCACCCAV; match class: 1",20092,3355
"1906","darkturquoise",TRUE,0.0334490681970839,4962,321,99,0.308411214953271,0.0199516324062878,"TF:M12964","TF","Factor: CTCF; motif: CTGCAGTNCNNNNNNNNNNCCASYAGRKGGCRSYN",20092,1178
"1907","darkturquoise",TRUE,0.033461176669394,3026,321,65,0.202492211838006,0.0214805023132849,"TF:M00737_1","TF","Factor: E2F-1:DP-2; motif: TTTSSCGC; match class: 1",20092,1463
"1908","darkturquoise",TRUE,0.033461176669394,371,321,13,0.0404984423676012,0.0350404312668464,"TF:M03965","TF","Factor: EHF; motif: NACCCGGAAGTA",20092,1718
"1909","darkturquoise",TRUE,0.033461176669394,729,321,21,0.0654205607476635,0.0288065843621399,"TF:M00985","TF","Factor: Stra13; motif: NYSTCACGTGABNN",20092,8372
"1910","darkturquoise",TRUE,0.0335414141715851,174,321,8,0.0249221183800623,0.0459770114942529,"TF:M08891_1","TF","Factor: NFKAPPAB; motif: NNGGGANTTCCCN; match class: 1",20092,5889
"1911","darkturquoise",TRUE,0.033635642388704,289,321,11,0.0342679127725857,0.0380622837370242,"TF:M12717_1","TF","Factor: ZNF740; motif: CNGCCCCCCCMCCCCC; match class: 1",20092,11527
"1912","darkturquoise",TRUE,0.033966095269329,4907,321,98,0.305295950155763,0.0199714693295292,"TF:M11528_1","TF","Factor: E2F-2; motif: NTTTTGGCGCCAWWWN; match class: 1",20092,1505
"1913","darkturquoise",TRUE,0.0341613267702427,1319,321,33,0.102803738317757,0.0250189537528431,"TF:M00243_1","TF","Factor: Egr-1; motif: WTGCGTGGGCGK; match class: 1",20092,1643
"1914","darkturquoise",TRUE,0.0341613267702427,1218,321,31,0.0965732087227414,0.0254515599343186,"TF:M07292_1","TF","Factor: GLI; motif: NTGGGTGGTN; match class: 1",20092,3353
"1915","darkturquoise",TRUE,0.0341613267702427,1118,321,29,0.0903426791277259,0.0259391771019678,"TF:M00007_1","TF","Factor: Elk-1; motif: NAAACMGGAAGTNCVH; match class: 1",20092,1883
"1916","darkturquoise",TRUE,0.0343126157762213,922,321,25,0.0778816199376947,0.027114967462039,"TF:M07341_1","TF","Factor: TORC2; motif: TGGGCTKKD; match class: 1",20092,9037
"1917","darkturquoise",TRUE,0.0344706677186494,3988,321,82,0.255451713395639,0.0205616850551655,"TF:M00771","TF","Factor: Ets; motif: ANNCACTTCCTG",20092,2248
"1918","darkturquoise",TRUE,0.0351419486030037,1840,321,43,0.133956386292835,0.0233695652173913,"TF:M09650","TF","Factor: REST; motif: TTCAGCACCAYGGACAGCKCCN",20092,7362
"1919","darkturquoise",TRUE,0.0351419486030037,291,321,11,0.0342679127725857,0.0378006872852234,"TF:M12150_1","TF","Factor: SP9; motif: NCCACGCCCMCN; match class: 1",20092,8139
"1920","darkturquoise",TRUE,0.0351419486030037,291,321,11,0.0342679127725857,0.0378006872852234,"TF:M12678_1","TF","Factor: TFEA; motif: NNNNSNGGTCACGTGACN; match class: 1",20092,8905
"1921","darkturquoise",TRUE,0.0352384344963746,733,321,21,0.0654205607476635,0.0286493860845839,"TF:M08757","TF","Factor: nerf; motif: AAMCCGGAAGTN",20092,1774
"1922","darkturquoise",TRUE,0.0357395687956273,877,321,24,0.0747663551401869,0.0273660205245154,"TF:M11226","TF","Factor: ATF-6; motif: GRTGACGTCAYC",20092,360
"1923","darkturquoise",TRUE,0.035953326176986,1223,321,31,0.0965732087227414,0.0253475061324612,"TF:M12658","TF","Factor: REST; motif: NGGCGCTGTCCRTGGTGCTGAA",20092,7366
"1924","darkturquoise",TRUE,0.0359691391320573,926,321,25,0.0778816199376947,0.0269978401727862,"TF:M11729_1","TF","Factor: NF-1C; motif: NTTGGCNNNNTGCCARN; match class: 1",20092,5733
"1925","darkturquoise",TRUE,0.0360877128272057,3205,321,68,0.21183800623053,0.021216848673947,"TF:M09866","TF","Factor: ATF-1; motif: NNRTGACGYMA",20092,276
"1926","darkturquoise",TRUE,0.0365347934742965,783,321,22,0.0685358255451713,0.0280970625798212,"TF:M12964_1","TF","Factor: CTCF; motif: CTGCAGTNCNNNNNNNNNNCCASYAGRKGGCRSYN; match class: 1",20092,1179
"1927","darkturquoise",TRUE,0.0370316956480234,784,321,22,0.0685358255451713,0.0280612244897959,"TF:M09837_1","TF","Factor: ZNF449; motif: NNNAGCCCARCC; match class: 1",20092,10603
"1928","darkturquoise",TRUE,0.0370593739957779,5686,321,111,0.345794392523364,0.01952163207879,"TF:M00917","TF","Factor: CREB; motif: CNNTGACGTMA",20092,1098
"1929","darkturquoise",TRUE,0.0373529543616209,11737,321,209,0.651090342679128,0.0178069353327085,"TF:M08529","TF","Factor: E2F-3:T-bet; motif: AGGTGTNANGGCGCST",20092,1524
"1930","darkturquoise",TRUE,0.0374169562242278,598,321,18,0.0560747663551402,0.0301003344481605,"TF:M05467_1","TF","Factor: Sall1; motif: NGGTCCKRGKRA; match class: 1",20092,7631
"1931","darkturquoise",TRUE,0.0375012265878692,2822,321,61,0.190031152647975,0.021615875265769,"TF:M13004","TF","Factor: USF2; motif: NRTCACGTGAYN",20092,9126
"1932","darkturquoise",TRUE,0.0375285896498728,294,321,11,0.0342679127725857,0.0374149659863946,"TF:M12149_1","TF","Factor: SP9; motif: RCCACGCCCMCY; match class: 1",20092,8137
"1933","darkturquoise",TRUE,0.0377414387811273,26,321,3,0.00934579439252336,0.115384615384615,"TF:M04176","TF","Factor: MAX; motif: NNCACGTGNN",20092,5122
"1934","darkturquoise",TRUE,0.0383302664238036,216,321,9,0.0280373831775701,0.0416666666666667,"TF:M08583","TF","Factor: GCMa:Max; motif: ATGCGGGTNNNNNNCACGTGN",20092,3178
"1935","darkturquoise",TRUE,0.0383302664238036,109,321,6,0.0186915887850467,0.055045871559633,"TF:M06229","TF","Factor: ZNF91; motif: NGGGGCGGMWGC",20092,11888
"1936","darkturquoise",TRUE,0.038412423281314,787,321,22,0.0685358255451713,0.0279542566709022,"TF:M11407","TF","Factor: Pet-1; motif: NACCGGAAGTN",20092,2468
"1937","darkturquoise",TRUE,0.0387550496296276,6588,321,126,0.392523364485981,0.0191256830601093,"TF:M00280","TF","Factor: RFX1; motif: NNGTNRCNWRGYAACNN",20092,7390
"1938","darkturquoise",TRUE,0.0389161815741689,379,321,13,0.0404984423676012,0.0343007915567282,"TF:M11095_1","TF","Factor: USF2; motif: RNCAYGTGACN; match class: 1",20092,9119
"1939","darkturquoise",TRUE,0.0389949810492953,6350,321,122,0.38006230529595,0.0192125984251969,"TF:M00919","TF","Factor: E2F; motif: NCSCGCSAAAN",20092,1598
"1940","darkturquoise",TRUE,0.0392875520680507,4355,321,88,0.274143302180685,0.0202066590126292,"TF:M01865_1","TF","Factor: BTEB3; motif: BNRNGGGAGGNGT; match class: 1",20092,653
"1941","darkturquoise",TRUE,0.0393003112230681,217,321,9,0.0280373831775701,0.0414746543778802,"TF:M08493","TF","Factor: HOXB13:ER81; motif: RCCGGAAGTAWWAAAN",20092,3928
"1942","darkturquoise",TRUE,0.0395483552716573,9719,321,177,0.551401869158878,0.0182117501800597,"TF:M08229","TF","Factor: Elk-1:SREBP-2; motif: RTCACGTGACCGGAAGN",20092,1876
"1943","darkturquoise",TRUE,0.039781374757403,4415,321,89,0.277258566978193,0.020158550396376,"TF:M10144","TF","Factor: ZNF341; motif: GRGGRRNRGNRGNRGGAASAGC",20092,10328
"1944","darkturquoise",TRUE,0.0398513122344741,9,321,2,0.00623052959501558,0.222222222222222,"TF:M04232_1","TF","Factor: FOXC1; motif: AARTAAAYAAACA; match class: 1",20092,2633
"1945","darkturquoise",TRUE,0.0404449089064136,2723,321,59,0.183800623052959,0.0216672787366875,"TF:M01256","TF","Factor: REST; motif: NNNNGGNGCTGTCCATGGTGCT",20092,7350
"1946","darkturquoise",TRUE,0.0407131967452817,888,321,24,0.0747663551401869,0.027027027027027,"TF:M11775_1","TF","Factor: RXR-alpha; motif: GRGGTCAAAGGTCAN; match class: 1",20092,7599
"1947","darkturquoise",TRUE,0.0412540396432241,2781,321,60,0.186915887850467,0.0215749730312837,"TF:M13004_1","TF","Factor: USF2; motif: NRTCACGTGAYN; match class: 1",20092,9127
"1948","darkturquoise",TRUE,0.0413426165722306,111,321,6,0.0186915887850467,0.0540540540540541,"TF:M11751_1","TF","Factor: EAR2; motif: NRGGTCAAAGGTCRN; match class: 1",20092,6177
"1949","darkturquoise",TRUE,0.0413426165722306,51,321,4,0.0124610591900312,0.0784313725490196,"TF:M08884_1","TF","Factor: GCM; motif: NNNNATGMGGGN; match class: 1",20092,3249
"1950","darkturquoise",TRUE,0.0413426165722306,219,321,9,0.0280373831775701,0.0410958904109589,"TF:M07117","TF","Factor: TR4; motif: NGRGGTCARAGGTCA",20092,6124
"1951","darkturquoise",TRUE,0.0413426165722306,219,321,9,0.0280373831775701,0.0410958904109589,"TF:M12250","TF","Factor: LIN28B; motif: CGCGATATRACRGCG",20092,4916
"1952","darkturquoise",TRUE,0.0420982298211043,1088,321,28,0.0872274143302181,0.0257352941176471,"TF:M11231","TF","Factor: CREBL1; motif: GRTGACGTCAYC",20092,350
"1953","darkturquoise",TRUE,0.0424307031892446,13791,321,240,0.747663551401869,0.0174026539047205,"TF:M07260","TF","Factor: Ikaros; motif: TGGGAGN",20092,4380
"1954","darkturquoise",TRUE,0.0426657921321954,990,321,26,0.0809968847352025,0.0262626262626263,"TF:M08315","TF","Factor: GCMa:FIGLA; motif: CASSTGNACCCGCAY",20092,3166
"1955","darkturquoise",TRUE,0.0426834990101087,300,321,11,0.0342679127725857,0.0366666666666667,"TF:M08323","TF","Factor: GCMa:PDEF; motif: RTGNGGGCGGATGYRNNTCCGGN",20092,3188
"1956","darkturquoise",TRUE,0.0427324871242079,5361,321,105,0.327102803738318,0.0195858981533296,"TF:M00178","TF","Factor: CREB; motif: NSTGACGTMANN",20092,1096
"1957","darkturquoise",TRUE,0.0427324871242079,1601,321,38,0.118380062305296,0.023735165521549,"TF:M09600_1","TF","Factor: CREB1; motif: TKACGTCAYNN; match class: 1",20092,983
"1958","darkturquoise",TRUE,0.0427390572719769,2078,321,47,0.146417445482866,0.0226179018286814,"TF:M06203_1","TF","Factor: ZXDA; motif: NAGGGTG; match class: 1",20092,11983
"1959","darkturquoise",TRUE,0.0427390572719769,2078,321,47,0.146417445482866,0.0226179018286814,"TF:M06202_1","TF","Factor: ZXDB; motif: NAGGGTG; match class: 1",20092,11987
"1960","darkturquoise",TRUE,0.0428533400689992,112,321,6,0.0186915887850467,0.0535714285714286,"TF:M00325_1","TF","Factor: NRSE; motif: TTYAGCWCCDCGGASAGYRCC; match class: 1",20092,6261
"1961","darkturquoise",TRUE,0.0443596267466125,2353,321,52,0.161993769470405,0.0220994475138122,"TF:M00977","TF","Factor: EBF; motif: KTCCCYWGRGA",20092,1636
"1962","darkturquoise",TRUE,0.0456349840286194,28,321,3,0.00934579439252336,0.107142857142857,"TF:M01122_1","TF","Factor: ZNF219; motif: CRCCCCCCNCCC; match class: 1",20092,9921
"1963","darkturquoise",TRUE,0.0456704318387245,1298,321,32,0.0996884735202492,0.024653312788906,"TF:M11053","TF","Factor: Hey2; motif: NGCACGTGYN",20092,3518
"1964","darkturquoise",TRUE,0.0457504057045131,345,321,12,0.0373831775700935,0.0347826086956522,"TF:M12727_1","TF","Factor: SCMH1; motif: NGCTGTCCNYGGTGCTGN; match class: 1",20092,7663
"1965","darkturquoise",TRUE,0.0457862073084469,612,321,18,0.0560747663551402,0.0294117647058824,"TF:M09643_1","TF","Factor: p63; motif: NNRCAWGYCTGGRCWTGYN; match class: 1",20092,6487
"1966","darkturquoise",TRUE,0.0461666469586218,2413,321,53,0.165109034267913,0.0219643597181931,"TF:M00796","TF","Factor: USF; motif: NRCCACGTGASN",20092,9140
"1967","darkturquoise",TRUE,0.0461989323063889,12043,321,213,0.663551401869159,0.0176866229344848,"TF:M11818","TF","Factor: T3R-beta; motif: NTGACCTYRNYRAGGTCAN",20092,8998
"1968","darkturquoise",TRUE,0.0462550577157598,1097,321,28,0.0872274143302181,0.0255241567912489,"TF:M11457","TF","Factor: nerf; motif: NANGCGGAAGTR",20092,1778
"1969","darkturquoise",TRUE,0.0464747849063797,1249,321,31,0.0965732087227414,0.0248198558847078,"TF:M11597","TF","Factor: GCMb; motif: ATGCGGGTN",20092,3240
"1970","darkturquoise",TRUE,0.0468048706723062,1352,321,33,0.102803738317757,0.0244082840236686,"TF:M11754","TF","Factor: HNF-4alpha; motif: RRGGTCAAAGGTCAN",20092,3722
"1971","darkturquoise",TRUE,0.0468161747301097,755,321,21,0.0654205607476635,0.0278145695364238,"TF:M12730_1","TF","Factor: ZBTB4; motif: NNGTSACKYSAYCTNN; match class: 1",20092,9431
"1972","darkturquoise",TRUE,0.0477675175105644,615,321,18,0.0560747663551402,0.0292682926829268,"TF:M11303","TF","Factor: batf3; motif: GRTGACGTCATC",20092,452
"1973","darkturquoise",TRUE,0.0479500025000891,2638,321,57,0.177570093457944,0.0216072782410917,"TF:M08451_1","TF","Factor: Elk-1:HOXA1; motif: ACCGGAAGTAATTA; match class: 1",20092,1857
"1974","darkturquoise",TRUE,0.0479669806178126,1932,321,44,0.137071651090343,0.0227743271221532,"TF:M01820_1","TF","Factor: CREM; motif: TGACGTCASYN; match class: 1",20092,1115
"1975","darkturquoise",TRUE,0.0480856592993212,1879,321,43,0.133956386292835,0.0228845130388505,"TF:M08869","TF","Factor: CLOCKBMAL; motif: NNNWCACGTGGN",20092,878
"1976","darkturquoise",TRUE,0.0481672663694972,2474,321,54,0.168224299065421,0.0218270008084074,"TF:M09773","TF","Factor: HIF1A; motif: NNACGTGCNN",20092,3544
"1977","darkturquoise",TRUE,0.0481698710648955,4047,321,82,0.255451713395639,0.020261922411663,"TF:M11418","TF","Factor: ER81; motif: NRCMGGAWGNN",20092,2010
"1978","darkturquoise",TRUE,0.0482554950684697,854,321,23,0.0716510903426791,0.0269320843091335,"TF:M11226_1","TF","Factor: ATF-6; motif: GRTGACGTCAYC; match class: 1",20092,361
"1979","darkturquoise",TRUE,0.0482554950684697,10,321,2,0.00623052959501558,0.2,"TF:M06424","TF","Factor: ZNF788; motif: KGGGGCAGGTTT",20092,11686
"1980","darkturquoise",TRUE,0.0482770703134805,306,321,11,0.0342679127725857,0.0359477124183007,"TF:M07317","TF","Factor: CtBP1; motif: CKCCTGRGCT",20092,1134
"1981","darkturquoise",TRUE,0.0482770703134805,710,321,20,0.0623052959501558,0.028169014084507,"TF:M03973","TF","Factor: ELK4; motif: ACCGGAARTN",20092,1926
"1982","darkturquoise",TRUE,0.0489674007004035,617,321,18,0.0560747663551402,0.0291734197730956,"TF:M11049","TF","Factor: BMAL1; motif: RTCACGTGNN",20092,214
"1983","darkturquoise",TRUE,0.0490767659759982,1565,321,37,0.115264797507788,0.0236421725239617,"TF:M07360","TF","Factor: LRH-1; motif: NNNYCAAGGYCAN",20092,4978
"1984","darkturquoise",TRUE,0.0490767659759982,5981,321,115,0.358255451713396,0.019227553920749,"TF:M08223_1","TF","Factor: Elk-1:OC-2; motif: RCCGGAASCGATCGATNN; match class: 1",20092,1865
"1985","darkturquoise",TRUE,0.0492855839943614,266,321,10,0.0311526479750779,0.037593984962406,"TF:M11738_1","TF","Factor: COUP-TF1; motif: NRGGTCAAAGGTCRN; match class: 1",20092,6149
"1986","darkturquoise",TRUE,0.0493472032722595,54,321,4,0.0124610591900312,0.0740740740740741,"TF:M02058_1","TF","Factor: SAP1A; motif: NCCGGAARYN; match class: 1",20092,7647
"1987","darkturquoise",TRUE,0.0494554267849991,19813,321,321,1,0.016201483874224,"TF:M01160_1","TF","Factor: Kid3; motif: CCACN; match class: 1",20092,4681
"1988","darkturquoise",TRUE,7.20035786329361e-06,102,153,13,0.0849673202614379,0.127450980392157,"WP:WP5345","WP","1p36 copy number variation syndrome",8752,790
"1989","darkturquoise",TRUE,0.0173399824784074,6,153,3,0.0196078431372549,0.5,"WP:WP3595","WP","mir 124 predicted interactions with cell cycle and differentiation ",8752,234
