"","query","significant","p_value","term_size","query_size","intersection_size","precision","recall","term_id","source","term_name","effective_domain_size","source_order"
"1","darkgreen",TRUE,0.00473684747040292,3,19,2,0.105263157894737,0.666666666666667,"CORUM:7150","CORUM","GNAS-L-GNB4-GNG2 complex",3383,2639
"2","darkgreen",TRUE,0.00473684747040292,3,19,2,0.105263157894737,0.666666666666667,"CORUM:7022","CORUM","GNAI1-GNB4-GNG2 complex",3383,2526
"3","darkgreen",TRUE,0.018699990955777,3,19,1,0.0526315789473684,0.333333333333333,"CORUM:7193","CORUM","GNAS-L-GNB4-GNG10 complex",3383,2678
"4","darkgreen",TRUE,0.018699990955777,2,19,1,0.0526315789473684,0.5,"CORUM:1300","CORUM","CRLR-RAMP1 complex",3383,726
"5","darkgreen",TRUE,0.018699990955777,3,19,1,0.0526315789473684,0.333333333333333,"CORUM:7145","CORUM","GNAS-L-GNB4-GNG1 complex",3383,2634
"6","darkgreen",TRUE,0.018699990955777,3,19,1,0.0526315789473684,0.333333333333333,"CORUM:6392","CORUM","KCTD8-GNB1-GNG2 complex",3383,2095
"7","darkgreen",TRUE,0.018699990955777,3,19,1,0.0526315789473684,0.333333333333333,"CORUM:7147","CORUM","GNAS-L-GNB1-GNG2 complex",3383,2636
"8","darkgreen",TRUE,0.018699990955777,3,19,1,0.0526315789473684,0.333333333333333,"CORUM:7212","CORUM","GNAS-L-GNB4-GNG13 complex",3383,2695
"9","darkgreen",TRUE,0.018699990955777,3,19,1,0.0526315789473684,0.333333333333333,"CORUM:7148","CORUM","GNAS-L-GNB2-GNG2 complex",3383,2637
"10","darkgreen",TRUE,0.018699990955777,3,19,1,0.0526315789473684,0.333333333333333,"CORUM:7207","CORUM","GNAS-L-GNB4-GNG12 complex",3383,2690
"11","darkgreen",TRUE,0.018699990955777,2,19,1,0.0526315789473684,0.5,"CORUM:518","CORUM","AKAP250-PKA-PDE4D complex",3383,289
"12","darkgreen",TRUE,0.018699990955777,2,19,1,0.0526315789473684,0.5,"CORUM:7149","CORUM","GNAS-L-GNB3-GNG2 complex",3383,2638
"13","darkgreen",TRUE,0.018699990955777,3,19,1,0.0526315789473684,0.333333333333333,"CORUM:1620","CORUM","G protein complex (HDAC4, GNB1, GNG2)",3383,793
"14","darkgreen",TRUE,0.018699990955777,3,19,1,0.0526315789473684,0.333333333333333,"CORUM:7151","CORUM","GNAS-L-GNB4-GNG2 complex",3383,2640
"15","darkgreen",TRUE,0.018699990955777,3,19,1,0.0526315789473684,0.333333333333333,"CORUM:7155","CORUM","GNAS-L-GNB4-GNG3 complex",3383,2644
"16","darkgreen",TRUE,0.018699990955777,3,19,1,0.0526315789473684,0.333333333333333,"CORUM:7163","CORUM","GNAS-L-GNB4-GNG4 complex",3383,2652
"17","darkgreen",TRUE,0.018699990955777,2,19,1,0.0526315789473684,0.5,"CORUM:6968","CORUM","Serine-palmitoyltransferase (SPTLC1, SPTLC2) complex",3383,2491
"18","darkgreen",TRUE,0.018699990955777,2,19,1,0.0526315789473684,0.5,"CORUM:6729","CORUM","IQGAP1-CXCR2 complex",3383,2336
"19","darkgreen",TRUE,0.018699990955777,2,19,1,0.0526315789473684,0.5,"CORUM:6722","CORUM","FILIP1-RhoD complex",3383,2331
"20","darkgreen",TRUE,0.018699990955777,1,19,1,0.0526315789473684,1,"CORUM:6720","CORUM","FILIP1-FLNA complex",3383,2330
"21","darkgreen",TRUE,0.018699990955777,3,19,1,0.0526315789473684,0.333333333333333,"CORUM:7168","CORUM","GNAS-L-GNB4-GNG5 complex",3383,2657
"22","darkgreen",TRUE,0.018699990955777,2,19,1,0.0526315789473684,0.5,"CORUM:6581","CORUM","LRRC8A-LRRC8C complex",3383,2231
"23","darkgreen",TRUE,0.018699990955777,3,19,1,0.0526315789473684,0.333333333333333,"CORUM:7173","CORUM","GNAS-L-GNB4-GNG7 complex",3383,2662
"24","darkgreen",TRUE,0.018699990955777,3,19,1,0.0526315789473684,0.333333333333333,"CORUM:7178","CORUM","GNAS-L-GNB4-GNG8 complex",3383,2667
"25","darkgreen",TRUE,0.018699990955777,2,19,1,0.0526315789473684,0.5,"CORUM:6477","CORUM","ZEB2-KDM1A complex",3383,2157
"26","darkgreen",TRUE,0.018699990955777,3,19,1,0.0526315789473684,0.333333333333333,"CORUM:6393","CORUM","KCTD16-GNB1-GNG2 complex",3383,2096
"27","darkgreen",TRUE,0.018699990955777,3,19,1,0.0526315789473684,0.333333333333333,"CORUM:7202","CORUM","GNAS-L-GNB4-GNG11 complex",3383,2685
"28","darkgreen",TRUE,0.018699990955777,3,19,1,0.0526315789473684,0.333333333333333,"CORUM:6969","CORUM","Serine-palmitoyltransferase (SPTLC1, SPTLC2, SPTLC3) complex",3383,2492
"29","darkgreen",TRUE,0.018699990955777,3,19,1,0.0526315789473684,0.333333333333333,"CORUM:1618","CORUM","G protein complex (PTHR1, GNB1, GNG2)",3383,791
"30","darkgreen",TRUE,0.018699990955777,3,19,1,0.0526315789473684,0.333333333333333,"CORUM:7034","CORUM","GNAI1-GNB4-GNG4 complex",3383,2537
"31","darkgreen",TRUE,0.018699990955777,2,19,1,0.0526315789473684,0.5,"CORUM:7048","CORUM","TLR1-TLR2 complex",3383,2550
"32","darkgreen",TRUE,0.018699990955777,2,19,1,0.0526315789473684,0.5,"CORUM:7049","CORUM","TLR1-TLR2-lipoprotein complex",3383,2551
"33","darkgreen",TRUE,0.018699990955777,3,19,1,0.0526315789473684,0.333333333333333,"CORUM:7060","CORUM","GNAI1-GNB4-GNG5 complex",3383,2557
"34","darkgreen",TRUE,0.018699990955777,3,19,1,0.0526315789473684,0.333333333333333,"CORUM:7069","CORUM","GNAI1-GNB4-GNG7 complex",3383,2566
"35","darkgreen",TRUE,0.018699990955777,3,19,1,0.0526315789473684,0.333333333333333,"CORUM:1619","CORUM","G protein complex (HDAC5, GNB1, GNG2)",3383,792
"36","darkgreen",TRUE,0.018699990955777,3,19,1,0.0526315789473684,0.333333333333333,"CORUM:7027","CORUM","GNAI1-GNB4-GNG3 complex",3383,2531
"37","darkgreen",TRUE,0.018699990955777,3,19,1,0.0526315789473684,0.333333333333333,"CORUM:7074","CORUM","GNAI1-GNB4-GNG8 complex",3383,2571
"38","darkgreen",TRUE,0.018699990955777,3,19,1,0.0526315789473684,0.333333333333333,"CORUM:7023","CORUM","GNAI1-GNB5-GNG2 complex",3383,2527
"39","darkgreen",TRUE,0.018699990955777,2,19,1,0.0526315789473684,0.5,"CORUM:7021","CORUM","GNAI1-GNB3-GNG2 complex",3383,2525
"40","darkgreen",TRUE,0.018699990955777,3,19,1,0.0526315789473684,0.333333333333333,"CORUM:7020","CORUM","GNAI1-GNB2-GNG2 complex",3383,2524
"41","darkgreen",TRUE,0.018699990955777,3,19,1,0.0526315789473684,0.333333333333333,"CORUM:7019","CORUM","GNAI1-GNB1-GNG2 complex",3383,2523
"42","darkgreen",TRUE,0.018699990955777,3,19,1,0.0526315789473684,0.333333333333333,"CORUM:7079","CORUM","GNAI1-GNB4-GNG10 complex",3383,2576
"43","darkgreen",TRUE,0.018699990955777,3,19,1,0.0526315789473684,0.333333333333333,"CORUM:1617","CORUM","G protein complex (CACNA1A, GNB1, GNG2)",3383,790
"44","darkgreen",TRUE,0.018699990955777,3,19,1,0.0526315789473684,0.333333333333333,"CORUM:1714","CORUM","TICAM1-TICAM2-TLR4 complex",3383,806
"45","darkgreen",TRUE,0.018699990955777,2,19,1,0.0526315789473684,0.5,"CORUM:1614","CORUM","G protein complex (MCF2, GNB1, GNG2)",3383,788
"46","darkgreen",TRUE,0.018699990955777,3,19,1,0.0526315789473684,0.333333333333333,"CORUM:7084","CORUM","GNAI1-GNB4-GNG11 complex",3383,2581
"47","darkgreen",TRUE,0.018699990955777,3,19,1,0.0526315789473684,0.333333333333333,"CORUM:7089","CORUM","GNAI1-GNB4-GNG12 complex",3383,2586
"48","darkgreen",TRUE,0.018699990955777,3,19,1,0.0526315789473684,0.333333333333333,"CORUM:7095","CORUM","GNAI1-GNB4-GNG13 complex",3383,2592
"49","darkgreen",TRUE,0.018699990955777,3,19,1,0.0526315789473684,0.333333333333333,"CORUM:1612","CORUM","GNAS-GNB1-GNG2 complex",3383,787
"50","darkgreen",TRUE,0.018699990955777,2,19,1,0.0526315789473684,0.5,"CORUM:7098","CORUM","ASAH1-NR5A1 complex",3383,2595
"51","darkgreen",TRUE,0.018699990955777,3,19,1,0.0526315789473684,0.333333333333333,"CORUM:7017","CORUM","GNAI1-GNB4-GNGT1 complex",3383,2521
"52","darkgreen",TRUE,0.018699990955777,3,19,1,0.0526315789473684,0.333333333333333,"CORUM:1539","CORUM","G protein complex (GNG2, GNB2L1, RAF1)",3383,776
"53","darkgreen",TRUE,0.018699990955777,2,19,1,0.0526315789473684,0.5,"CORUM:1301","CORUM","CRLR-RAMP1 complex",3383,727
"54","darkgreen",TRUE,0.018699990955777,3,19,1,0.0526315789473684,0.333333333333333,"CORUM:7099","CORUM","ASAH1-NR5A1-SAPD complex",3383,2596
"55","darkgreen",TRUE,0.018699990955777,3,19,1,0.0526315789473684,0.333333333333333,"CORUM:6974","CORUM","Serine-palmitoyltransferase (SPTLC1, SPTLC2, ssSPTa) complex",3383,2496
"56","darkgreen",TRUE,0.018699990955777,3,19,1,0.0526315789473684,0.333333333333333,"CORUM:6973","CORUM","Serine-palmitoyltransferase (SPTLC1, SPTLC2, ssSPTb) complex",3383,2495
"57","darkgreen",TRUE,0.018699990955777,3,19,1,0.0526315789473684,0.333333333333333,"CORUM:1615","CORUM","G protein complex (BTK, GNG1, GNG2)",3383,789
"58","darkgreen",TRUE,0.018699990955777,2,19,1,0.0526315789473684,0.5,"CORUM:3028","CORUM","TGF-beta receptor II-TGF-beta receptor I-TGF-beta3 complex",3383,1341
"59","darkgreen",TRUE,0.018699990955777,1,19,1,0.0526315789473684,1,"CORUM:3042","CORUM","TGF-beta receptor II-TGF-beta1 complex",3383,1352
"60","darkgreen",TRUE,0.018699990955777,2,19,1,0.0526315789473684,0.5,"CORUM:5734","CORUM","NRP1-VEGFD complex, heparin dependent",3383,1792
"61","darkgreen",TRUE,0.018699990955777,2,19,1,0.0526315789473684,0.5,"CORUM:3031","CORUM","Microprocessor complex",3383,1342
"62","darkgreen",TRUE,0.018699990955777,1,19,1,0.0526315789473684,1,"CORUM:3026","CORUM","TGF-beta receptor II-TGF-beta1 complex",3383,1339
"63","darkgreen",TRUE,0.018699990955777,2,19,1,0.0526315789473684,0.5,"CORUM:1845","CORUM","APC-IQGAP1-CLIP-170 complex",3383,847
"64","darkgreen",TRUE,0.018699990955777,3,19,1,0.0526315789473684,0.333333333333333,"CORUM:5649","CORUM","FARP2-NRP1-PlexinA4 complex",3383,1757
"65","darkgreen",TRUE,0.018699990955777,3,19,1,0.0526315789473684,0.333333333333333,"CORUM:5746","CORUM","PlexinA1-NRP1-SEMA3A complex",3383,1797
"66","darkgreen",TRUE,0.018699990955777,2,19,1,0.0526315789473684,0.5,"CORUM:3008","CORUM","60S APC containing complex",3383,1332
"67","darkgreen",TRUE,0.018699990955777,2,19,1,0.0526315789473684,0.5,"CORUM:5658","CORUM","Nrp1-PlexinD1 complex",3383,1761
"68","darkgreen",TRUE,0.018699990955777,3,19,1,0.0526315789473684,0.333333333333333,"CORUM:2366","CORUM","ITGAV-ITGB3-PPAP2b complex",3383,1003
"69","darkgreen",TRUE,0.018699990955777,2,19,1,0.0526315789473684,0.5,"CORUM:5668","CORUM","PlexinA1-NRP1 complex",3383,1766
"70","darkgreen",TRUE,0.018699990955777,2,19,1,0.0526315789473684,0.5,"CORUM:5745","CORUM","PlexinA1-NRP1 complex",3383,1796
"71","darkgreen",TRUE,0.018699990955777,3,19,1,0.0526315789473684,0.333333333333333,"CORUM:2511","CORUM","CRKL-WIPF1-WAS complex",3383,1070
"72","darkgreen",TRUE,0.018699990955777,2,19,1,0.0526315789473684,0.5,"CORUM:3104","CORUM","ITGB1-NRP1 complex",3383,1398
"73","darkgreen",TRUE,0.018699990955777,3,19,1,0.0526315789473684,0.333333333333333,"CORUM:5735","CORUM","TGF-beta receptor-SMAD3 complex",3383,1793
"74","darkgreen",TRUE,0.018699990955777,2,19,1,0.0526315789473684,0.5,"CORUM:3027","CORUM","TGF-beta receptor II-TGF-beta receptor I-TGF-beta1 complex",3383,1340
"75","darkgreen",TRUE,0.018699990955777,2,19,1,0.0526315789473684,0.5,"CORUM:3140","CORUM","CRLR-RAMP2 complex",3383,1420
"76","darkgreen",TRUE,0.018699990955777,3,19,1,0.0526315789473684,0.333333333333333,"CORUM:6213","CORUM","DOCK8-WIP-WASp complex",3383,1978
"77","darkgreen",TRUE,0.018699990955777,2,19,1,0.0526315789473684,0.5,"CORUM:5731","CORUM","NRP1-VEGFC complex, heparin dependent",3383,1789
"78","darkgreen",TRUE,0.018699990955777,3,19,1,0.0526315789473684,0.333333333333333,"CORUM:1779","CORUM","TGF-beta-receptor-PAR6 complex",3383,829
"79","darkgreen",TRUE,0.018699990955777,2,19,1,0.0526315789473684,0.5,"CORUM:5670","CORUM","PlexinB1-Nrp1 complex",3383,1768
"80","darkgreen",TRUE,0.018699990955777,1,19,1,0.0526315789473684,1,"CORUM:3041","CORUM","TGF-beta-receptor type II homodimer complex",3383,1351
"81","darkgreen",TRUE,0.018699990955777,2,19,1,0.0526315789473684,0.5,"CORUM:5669","CORUM","PlexinA3-Nrp1 complex",3383,1767
"82","darkgreen",TRUE,0.018699990955777,2,19,1,0.0526315789473684,0.5,"CORUM:5499","CORUM","PARVB-ARHGEF6 complex",3383,1706
"83","darkgreen",TRUE,0.018699990955777,2,19,1,0.0526315789473684,0.5,"CORUM:3011","CORUM","APC-IQGAP1-Rac1 complex",3383,1335
"84","darkgreen",TRUE,0.018699990955777,3,19,1,0.0526315789473684,0.333333333333333,"CORUM:5498","CORUM","ILK-PARVB-ARHGEF6 complex",3383,1705
"85","darkgreen",TRUE,0.018699990955777,3,19,1,0.0526315789473684,0.333333333333333,"CORUM:5689","CORUM","SEMA6D-PlexinA1-NRP1 complex",3383,1773
"86","darkgreen",TRUE,0.018699990955777,3,19,1,0.0526315789473684,0.333333333333333,"CORUM:5646","CORUM","FARP2-NRP1-PlexinA1 complex",3383,1754
"87","darkgreen",TRUE,0.018699990955777,1,19,1,0.0526315789473684,1,"CORUM:1844","CORUM","APC-IQGAP1 complex",3383,846
"88","darkgreen",TRUE,0.018699990955777,2,19,1,0.0526315789473684,0.5,"CORUM:3141","CORUM","CRLR-RAMP3 complex",3383,1421
"89","darkgreen",TRUE,0.018699990955777,3,19,1,0.0526315789473684,0.333333333333333,"CORUM:5647","CORUM","FARP2-NRP1-PlexinA2 complex",3383,1755
"90","darkgreen",TRUE,0.018699990955777,2,19,1,0.0526315789473684,0.5,"CORUM:3012","CORUM","APC-IQGAP1-Cdc42 complex",3383,1336
"91","darkgreen",TRUE,0.018699990955777,1,19,1,0.0526315789473684,1,"CORUM:6234","CORUM","TGF-betaR2-TGF-beta3 complex",3383,1992
"92","darkgreen",TRUE,0.018699990955777,3,19,1,0.0526315789473684,0.333333333333333,"CORUM:5659","CORUM","SEMA3C-PlexinD1-Nrp1 complex",3383,1762
"93","darkgreen",TRUE,0.018699990955777,1,19,1,0.0526315789473684,1,"CORUM:3025","CORUM","TGF-beta receptor II-TGF-beta3 complex",3383,1338
"94","darkgreen",TRUE,0.018699990955777,3,19,1,0.0526315789473684,0.333333333333333,"CORUM:5648","CORUM","FARP2-NRP1-PlexinA3 complex",3383,1756
"95","darkgreen",TRUE,0.018699990955777,3,19,1,0.0526315789473684,0.333333333333333,"CORUM:6391","CORUM","KCTD12-GNB1-GNG2 complex",3383,2094
"96","darkgreen",TRUE,0.0238623322342504,4,19,1,0.0526315789473684,0.25,"CORUM:2997","CORUM","Ubiquitin E3 ligase (SMAD7-SMURF1) - TGF(beta)",3383,1329
"97","darkgreen",TRUE,0.0238623322342504,4,19,1,0.0526315789473684,0.25,"CORUM:2753","CORUM","FYB-CARMA1-BCL-10-MALT1 complex",3383,1172
"98","darkgreen",TRUE,0.0238623322342504,4,19,1,0.0526315789473684,0.25,"CORUM:2510","CORUM","ZAP70-CRKL-WIPF1-WAS complex",3383,1069
"99","darkgreen",TRUE,0.0238623322342504,4,19,1,0.0526315789473684,0.25,"CORUM:1777","CORUM","Ubiquitin E3 ligase (SMURF2, SMAD7) - TGF(beta)",3383,828
"100","darkgreen",TRUE,0.0294512169115155,5,19,1,0.0526315789473684,0.2,"CORUM:6567","CORUM","SWELL1-containing complex",3383,2224
"101","darkgreen",TRUE,0.0348986856144827,6,19,1,0.0526315789473684,0.166666666666667,"CORUM:486","CORUM","WIP-WASp-actin-myosin-IIa complex",3383,278
"102","darkgreen",TRUE,1.05523116303681e-10,960,85,25,0.294117647058824,0.0260416666666667,"GO:0030334","GO:BP","regulation of cell migration",21026,6743
"103","darkgreen",TRUE,2.15298573701867e-10,1022,85,25,0.294117647058824,0.0244618395303327,"GO:2000145","GO:BP","regulation of cell motility",21026,25054
"104","darkgreen",TRUE,3.7508977208202e-10,1067,85,25,0.294117647058824,0.0234301780693533,"GO:0040012","GO:BP","regulation of locomotion",21026,9809
"105","darkgreen",TRUE,4.93582938369868e-10,1534,85,29,0.341176470588235,0.0189048239895698,"GO:0016477","GO:BP","cell migration",21026,5204
"106","darkgreen",TRUE,4.54753641746605e-09,559,85,18,0.211764705882353,0.0322003577817531,"GO:0030335","GO:BP","positive regulation of cell migration",21026,6744
"107","darkgreen",TRUE,6.57737803765878e-09,1255,85,25,0.294117647058824,0.0199203187250996,"GO:0040011","GO:BP","locomotion",21026,9808
"108","darkgreen",TRUE,7.27721961886624e-09,587,85,18,0.211764705882353,0.030664395229983,"GO:2000147","GO:BP","positive regulation of cell motility",21026,25056
"109","darkgreen",TRUE,9.90358767679217e-09,603,85,18,0.211764705882353,0.0298507462686567,"GO:0040017","GO:BP","positive regulation of locomotion",21026,9814
"110","darkgreen",TRUE,1.02516881172669e-08,1793,85,29,0.341176470588235,0.0161740100390407,"GO:0048870","GO:BP","cell motility",21026,12944
"111","darkgreen",TRUE,1.41733196272837e-07,1132,85,22,0.258823529411765,0.019434628975265,"GO:0001775","GO:BP","cell activation",21026,438
"112","darkgreen",TRUE,2.14542235779276e-07,2956,85,35,0.411764705882353,0.0118403247631935,"GO:0051239","GO:BP","regulation of multicellular organismal process",21026,13407
"113","darkgreen",TRUE,2.45433879157885e-07,1667,85,26,0.305882352941176,0.0155968806238752,"GO:0051240","GO:BP","positive regulation of multicellular organismal process",21026,13408
"114","darkgreen",TRUE,3.27623213671948e-07,221,85,11,0.129411764705882,0.0497737556561086,"GO:0043542","GO:BP","endothelial cell migration",21026,10662
"115","darkgreen",TRUE,3.3528445912215e-07,169,85,10,0.117647058823529,0.0591715976331361,"GO:0010594","GO:BP","regulation of endothelial cell migration",21026,4225
"116","darkgreen",TRUE,2.34231762250758e-06,107,85,8,0.0941176470588235,0.0747663551401869,"GO:0010595","GO:BP","positive regulation of endothelial cell migration",21026,4226
"117","darkgreen",TRUE,2.6839324698278e-06,2331,85,29,0.341176470588235,0.0124410124410124,"GO:0048584","GO:BP","positive regulation of response to stimulus",21026,12688
"118","darkgreen",TRUE,4.71581437726609e-06,2871,85,32,0.376470588235294,0.0111459421804249,"GO:0002376","GO:BP","immune system process",21026,904
"119","darkgreen",TRUE,5.39096852740034e-06,732,85,16,0.188235294117647,0.0218579234972678,"GO:0001568","GO:BP","blood vessel development",21026,351
"120","darkgreen",TRUE,7.1178492078023e-06,244,85,10,0.117647058823529,0.040983606557377,"GO:0002274","GO:BP","myeloid leukocyte activation",21026,804
"121","darkgreen",TRUE,7.1178492078023e-06,762,85,16,0.188235294117647,0.020997375328084,"GO:0001944","GO:BP","vasculature development",21026,553
"122","darkgreen",TRUE,7.1178492078023e-06,976,85,18,0.211764705882353,0.0184426229508197,"GO:0030097","GO:BP","hemopoiesis",21026,6642
"123","darkgreen",TRUE,7.1178492078023e-06,560,85,14,0.164705882352941,0.025,"GO:0045937","GO:BP","positive regulation of phosphate metabolic process",21026,11569
"124","darkgreen",TRUE,7.1178492078023e-06,560,85,14,0.164705882352941,0.025,"GO:0010562","GO:BP","positive regulation of phosphorus metabolic process",21026,4198
"125","darkgreen",TRUE,7.1178492078023e-06,8999,85,61,0.717647058823529,0.0067785309478831,"GO:0050896","GO:BP","response to stimulus",21026,13167
"126","darkgreen",TRUE,8.61477228352956e-06,1113,85,19,0.223529411764706,0.0170709793351303,"GO:1902533","GO:BP","positive regulation of intracellular signal transduction",21026,22043
"127","darkgreen",TRUE,2.23190849514287e-05,1578,85,22,0.258823529411765,0.0139416983523447,"GO:0009967","GO:BP","positive regulation of signal transduction",21026,3790
"128","darkgreen",TRUE,2.3431829587968e-05,443,85,12,0.141176470588235,0.0270880361173815,"GO:0030099","GO:BP","myeloid cell differentiation",21026,6644
"129","darkgreen",TRUE,2.473444480509e-05,1082,85,18,0.211764705882353,0.0166358595194085,"GO:0032101","GO:BP","regulation of response to external stimulus",21026,7318
"130","darkgreen",TRUE,2.473444480509e-05,635,85,14,0.164705882352941,0.0220472440944882,"GO:0048514","GO:BP","blood vessel morphogenesis",21026,12632
"131","darkgreen",TRUE,2.473444480509e-05,158,85,8,0.0941176470588235,0.0506329113924051,"GO:0001935","GO:BP","endothelial cell proliferation",21026,547
"132","darkgreen",TRUE,2.61186510071409e-05,109,85,7,0.0823529411764706,0.0642201834862385,"GO:0042116","GO:BP","macrophage activation",21026,9881
"133","darkgreen",TRUE,2.61186510071409e-05,456,85,12,0.141176470588235,0.0263157894736842,"GO:0043410","GO:BP","positive regulation of MAPK cascade",21026,10581
"134","darkgreen",TRUE,2.61186510071409e-05,547,85,13,0.152941176470588,0.0237659963436929,"GO:0001525","GO:BP","angiogenesis",21026,328
"135","darkgreen",TRUE,2.7756876272911e-05,980,85,17,0.2,0.0173469387755102,"GO:0045321","GO:BP","leukocyte activation",21026,11194
"136","darkgreen",TRUE,2.97622331816077e-05,1496,85,21,0.247058823529412,0.0140374331550802,"GO:0065009","GO:BP","regulation of molecular function",21026,15668
"137","darkgreen",TRUE,2.97622331816077e-05,166,85,8,0.0941176470588235,0.0481927710843374,"GO:0045766","GO:BP","positive regulation of angiogenesis",21026,11440
"138","darkgreen",TRUE,3.31960361034935e-05,169,85,8,0.0941176470588235,0.0473372781065089,"GO:1904018","GO:BP","positive regulation of vasculature development",21026,23106
"139","darkgreen",TRUE,3.57979527699669e-05,2407,85,27,0.317647058823529,0.0112172829248027,"GO:0006796","GO:BP","phosphate-containing compound metabolic process",21026,2474
"140","darkgreen",TRUE,3.57979527699669e-05,2410,85,27,0.317647058823529,0.0112033195020747,"GO:0006793","GO:BP","phosphorus metabolic process",21026,2471
"141","darkgreen",TRUE,3.96925929975413e-05,483,85,12,0.141176470588235,0.0248447204968944,"GO:0001934","GO:BP","positive regulation of protein phosphorylation",21026,546
"142","darkgreen",TRUE,4.22800473963053e-05,3993,85,36,0.423529411764706,0.00901577761081893,"GO:0048583","GO:BP","regulation of response to stimulus",21026,12687
"143","darkgreen",TRUE,4.71885454766502e-05,1418,85,20,0.235294117647059,0.0141043723554302,"GO:2000026","GO:BP","regulation of multicellular organismal development",21026,24952
"144","darkgreen",TRUE,5.92122189881299e-05,506,85,12,0.141176470588235,0.0237154150197628,"GO:0042327","GO:BP","positive regulation of phosphorylation",21026,10002
"145","darkgreen",TRUE,5.92122189881299e-05,1581,85,21,0.247058823529412,0.0132827324478178,"GO:0002682","GO:BP","regulation of immune system process",21026,1198
"146","darkgreen",TRUE,5.94712633728064e-05,2819,85,29,0.341176470588235,0.0102873359347286,"GO:0007166","GO:BP","cell surface receptor signaling pathway",21026,2717
"147","darkgreen",TRUE,7.64610301052655e-05,957,85,16,0.188235294117647,0.0167189132706374,"GO:0051174","GO:BP","regulation of phosphorus metabolic process",21026,13374
"148","darkgreen",TRUE,7.64610301052655e-05,956,85,16,0.188235294117647,0.0167364016736402,"GO:0019220","GO:BP","regulation of phosphate metabolic process",21026,5567
"149","darkgreen",TRUE,9.35985462037675e-05,744,85,14,0.164705882352941,0.0188172043010753,"GO:0000165","GO:BP","MAPK cascade",21026,55
"150","darkgreen",TRUE,9.35985462037675e-05,637,85,13,0.152941176470588,0.0204081632653061,"GO:0043408","GO:BP","regulation of MAPK cascade",21026,10579
"151","darkgreen",TRUE,9.35985462037675e-05,636,85,13,0.152941176470588,0.020440251572327,"GO:0002521","GO:BP","leukocyte differentiation",21026,1041
"152","darkgreen",TRUE,9.94796336362859e-05,1796,85,22,0.258823529411765,0.0122494432071269,"GO:0023056","GO:BP","positive regulation of signaling",21026,6608
"153","darkgreen",TRUE,9.94796336362859e-05,1795,85,22,0.258823529411765,0.0122562674094708,"GO:0010647","GO:BP","positive regulation of cell communication",21026,4276
"154","darkgreen",TRUE,9.94796336362859e-05,2415,85,26,0.305882352941176,0.0107660455486542,"GO:0009605","GO:BP","response to external stimulus",21026,3519
"155","darkgreen",TRUE,0.000116869372659858,879,85,15,0.176470588235294,0.0170648464163823,"GO:0035239","GO:BP","tube morphogenesis",21026,8855
"156","darkgreen",TRUE,0.000122937801268875,884,85,15,0.176470588235294,0.0169683257918552,"GO:0044093","GO:BP","positive regulation of molecular function",21026,10818
"157","darkgreen",TRUE,0.000122937801268875,7376,85,51,0.6,0.00691431670281996,"GO:0051716","GO:BP","cellular response to stimulus",21026,13719
"158","darkgreen",TRUE,0.000122987757514355,6264,85,46,0.541176470588235,0.00734355044699872,"GO:0048518","GO:BP","positive regulation of biological process",21026,12634
"159","darkgreen",TRUE,0.000129369117596516,1987,85,23,0.270588235294118,0.01157523905385,"GO:0012501","GO:BP","programmed cell death",21026,4551
"160","darkgreen",TRUE,0.000131606889195009,1991,85,23,0.270588235294118,0.0115519839276745,"GO:0008219","GO:BP","cell death",21026,3132
"161","darkgreen",TRUE,0.000133783332988063,781,85,14,0.164705882352941,0.0179257362355954,"GO:0001817","GO:BP","regulation of cytokine production",21026,472
"162","darkgreen",TRUE,0.000133783332988063,1145,85,17,0.2,0.0148471615720524,"GO:0072359","GO:BP","circulatory system development",21026,17136
"163","darkgreen",TRUE,0.000134886635476968,293,85,9,0.105882352941176,0.0307167235494881,"GO:0045765","GO:BP","regulation of angiogenesis",21026,11439
"164","darkgreen",TRUE,0.000141547893428462,787,85,14,0.164705882352941,0.0177890724269377,"GO:0001816","GO:BP","cytokine production",21026,471
"165","darkgreen",TRUE,0.000151777517321306,26,85,4,0.0470588235294118,0.153846153846154,"GO:1905562","GO:BP","regulation of vascular endothelial cell proliferation",21026,24314
"166","darkgreen",TRUE,0.000151777517321306,3909,85,34,0.4,0.00869787669480686,"GO:0042221","GO:BP","response to chemical",21026,9956
"167","darkgreen",TRUE,0.000151777517321306,26,85,4,0.0470588235294118,0.153846153846154,"GO:0101023","GO:BP","vascular endothelial cell proliferation",21026,18945
"168","darkgreen",TRUE,0.000151777517321306,299,85,9,0.105882352941176,0.0301003344481605,"GO:1901342","GO:BP","regulation of vasculature development",21026,21126
"169","darkgreen",TRUE,0.000156137675830889,5920,85,44,0.517647058823529,0.00743243243243243,"GO:0048522","GO:BP","positive regulation of cellular process",21026,12638
"170","darkgreen",TRUE,0.000177648685660834,809,85,14,0.164705882352941,0.0173053152039555,"GO:0031347","GO:BP","regulation of defense response",21026,7099
"171","darkgreen",TRUE,0.000181337432345367,1320,85,18,0.211764705882353,0.0136363636363636,"GO:0016310","GO:BP","phosphorylation",21026,5173
"172","darkgreen",TRUE,0.000181337432345367,60,85,5,0.0588235294117647,0.0833333333333333,"GO:0043030","GO:BP","regulation of macrophage activation",21026,10390
"173","darkgreen",TRUE,0.000194966789461087,494,85,11,0.129411764705882,0.0222672064777328,"GO:0001819","GO:BP","positive regulation of cytokine production",21026,474
"174","darkgreen",TRUE,0.0001993982522984,1912,85,22,0.258823529411765,0.0115062761506276,"GO:0141124","GO:BP","intracellular signaling cassette",21026,19772
"175","darkgreen",TRUE,0.000199743522298333,2070,85,23,0.270588235294118,0.0111111111111111,"GO:0006955","GO:BP","immune response",21026,2575
"176","darkgreen",TRUE,0.000199743522298333,1199,85,17,0.2,0.0141784820683903,"GO:0048646","GO:BP","anatomical structure formation involved in morphogenesis",21026,12737
"177","darkgreen",TRUE,0.000205553230689085,1343,85,18,0.211764705882353,0.0134028294862249,"GO:0051094","GO:BP","positive regulation of developmental process",21026,13316
"178","darkgreen",TRUE,0.000205553230689085,1923,85,22,0.258823529411765,0.0114404576183047,"GO:0006915","GO:BP","apoptotic process",21026,2553
"179","darkgreen",TRUE,0.000205553230689085,830,85,14,0.164705882352941,0.0168674698795181,"GO:0042325","GO:BP","regulation of phosphorylation",21026,10000
"180","darkgreen",TRUE,0.000205553230689085,239,85,8,0.0941176470588235,0.0334728033472803,"GO:0045860","GO:BP","positive regulation of protein kinase activity",21026,11510
"181","darkgreen",TRUE,0.000205553230689085,6002,85,44,0.517647058823529,0.00733088970343219,"GO:0007165","GO:BP","signal transduction",21026,2716
"182","darkgreen",TRUE,0.00024971078489319,1227,85,17,0.2,0.0138549307253464,"GO:0006468","GO:BP","protein phosphorylation",21026,2199
"183","darkgreen",TRUE,0.000252685849368253,847,85,14,0.164705882352941,0.0165289256198347,"GO:0060284","GO:BP","regulation of cell development",21026,14292
"184","darkgreen",TRUE,0.000255702781536204,1099,85,16,0.188235294117647,0.0145586897179254,"GO:0002684","GO:BP","positive regulation of immune system process",21026,1200
"185","darkgreen",TRUE,0.00028841812735917,2965,85,28,0.329411764705882,0.00944350758853288,"GO:0035556","GO:BP","intracellular signal transduction",21026,9022
"186","darkgreen",TRUE,0.000289184714604315,2457,85,25,0.294117647058824,0.0101750101750102,"GO:0050793","GO:BP","regulation of developmental process",21026,13089
"187","darkgreen",TRUE,0.000294028741263088,862,85,14,0.164705882352941,0.0162412993039443,"GO:0006954","GO:BP","inflammatory response",21026,2574
"188","darkgreen",TRUE,0.000294882781121059,254,85,8,0.0941176470588235,0.031496062992126,"GO:0033674","GO:BP","positive regulation of kinase activity",21026,8285
"189","darkgreen",TRUE,0.00030960085493036,431,85,10,0.117647058823529,0.0232018561484919,"GO:0043549","GO:BP","regulation of kinase activity",21026,10666
"190","darkgreen",TRUE,0.00030960085493036,637,85,12,0.141176470588235,0.0188383045525903,"GO:0031401","GO:BP","positive regulation of protein modification process",21026,7118
"191","darkgreen",TRUE,0.000325092743095965,534,85,11,0.129411764705882,0.0205992509363296,"GO:1903131","GO:BP","mononuclear cell differentiation",21026,22467
"192","darkgreen",TRUE,0.00032747838211878,642,85,12,0.141176470588235,0.0186915887850467,"GO:0032103","GO:BP","positive regulation of response to external stimulus",21026,7320
"193","darkgreen",TRUE,0.00034389047041775,187,85,7,0.0823529411764706,0.0374331550802139,"GO:0070374","GO:BP","positive regulation of ERK1 and ERK2 cascade",21026,15861
"194","darkgreen",TRUE,0.00034389047041775,1853,85,21,0.247058823529412,0.011332973556395,"GO:0006952","GO:BP","defense response",21026,2572
"195","darkgreen",TRUE,0.000411144372791184,2192,85,23,0.270588235294118,0.010492700729927,"GO:0070887","GO:BP","cellular response to chemical stimulus",21026,16130
"196","darkgreen",TRUE,0.000424488981665321,5997,85,43,0.505882352941176,0.00717025179256295,"GO:0048856","GO:BP","anatomical structure development",21026,12931
"197","darkgreen",TRUE,0.000424488981665321,779,85,13,0.152941176470588,0.0166880616174583,"GO:0001932","GO:BP","regulation of protein phosphorylation",21026,544
"198","darkgreen",TRUE,0.000424488981665321,7322,85,49,0.576470588235294,0.00669216061185468,"GO:0032501","GO:BP","multicellular organismal process",21026,7557
"199","darkgreen",TRUE,0.000424488981665321,554,85,11,0.129411764705882,0.01985559566787,"GO:0043085","GO:BP","positive regulation of catalytic activity",21026,10423
"200","darkgreen",TRUE,0.000448860759885591,274,85,8,0.0941176470588235,0.0291970802919708,"GO:0070372","GO:BP","regulation of ERK1 and ERK2 cascade",21026,15859
"201","darkgreen",TRUE,0.00046347690470538,2,85,2,0.0235294117647059,1,"GO:1903971","GO:BP","positive regulation of response to macrophage colony-stimulating factor",21026,23078
"202","darkgreen",TRUE,0.00046347690470538,78,85,5,0.0588235294117647,0.0641025641025641,"GO:0051057","GO:BP","positive regulation of small GTPase mediated signal transduction",21026,13294
"203","darkgreen",TRUE,0.00046347690470538,2,85,2,0.0235294117647059,1,"GO:1903974","GO:BP","positive regulation of cellular response to macrophage colony-stimulating factor stimulus",21026,23081
"204","darkgreen",TRUE,0.000485399200713256,79,85,5,0.0588235294117647,0.0632911392405063,"GO:0150076","GO:BP","neuroinflammatory response",21026,19863
"205","darkgreen",TRUE,0.000508893175245422,135,85,6,0.0705882352941176,0.0444444444444444,"GO:0001936","GO:BP","regulation of endothelial cell proliferation",21026,548
"206","darkgreen",TRUE,0.000570438097068524,6515,85,45,0.529411764705882,0.0069071373752878,"GO:0023052","GO:BP","signaling",21026,6607
"207","darkgreen",TRUE,0.000628964525368057,6540,85,45,0.529411764705882,0.00688073394495413,"GO:0007154","GO:BP","cell communication",21026,2705
"208","darkgreen",TRUE,0.000658590120137848,6553,85,45,0.529411764705882,0.0068670837784221,"GO:0032502","GO:BP","developmental process",21026,7558
"209","darkgreen",TRUE,0.000669778206628568,947,85,14,0.164705882352941,0.0147835269271383,"GO:0050776","GO:BP","regulation of immune response",21026,13079
"210","darkgreen",TRUE,0.00070934981044658,296,85,8,0.0941176470588235,0.027027027027027,"GO:0051347","GO:BP","positive regulation of transferase activity",21026,13489
"211","darkgreen",TRUE,0.000726887439979671,1087,85,15,0.176470588235294,0.0137994480220791,"GO:0051241","GO:BP","negative regulation of multicellular organismal process",21026,13409
"212","darkgreen",TRUE,0.000741783337862389,299,85,8,0.0941176470588235,0.0267558528428094,"GO:0070371","GO:BP","ERK1 and ERK2 cascade",21026,15858
"213","darkgreen",TRUE,0.000741783337862389,390,85,9,0.105882352941176,0.0230769230769231,"GO:0050727","GO:BP","regulation of inflammatory response",21026,13055
"214","darkgreen",TRUE,0.000820449100601367,1101,85,15,0.176470588235294,0.0136239782016349,"GO:0035295","GO:BP","tube development",21026,8887
"215","darkgreen",TRUE,0.000831946990738047,498,85,10,0.117647058823529,0.0200803212851406,"GO:0051338","GO:BP","regulation of transferase activity",21026,13483
"216","darkgreen",TRUE,0.000858398808457669,1387,85,17,0.2,0.0122566690699351,"GO:0080134","GO:BP","regulation of response to stress",21026,17581
"217","darkgreen",TRUE,0.000884962991717614,3948,85,32,0.376470588235294,0.00810536980749747,"GO:0006950","GO:BP","response to stress",21026,2571
"218","darkgreen",TRUE,0.000884962991717614,729,85,12,0.141176470588235,0.0164609053497942,"GO:0008610","GO:BP","lipid biosynthetic process",21026,3192
"219","darkgreen",TRUE,0.000884962991717614,402,85,9,0.105882352941176,0.0223880597014925,"GO:0045859","GO:BP","regulation of protein kinase activity",21026,11509
"220","darkgreen",TRUE,0.000901496524988788,153,85,6,0.0705882352941176,0.0392156862745098,"GO:0050729","GO:BP","positive regulation of inflammatory response",21026,13057
"221","darkgreen",TRUE,0.000904276590564687,506,85,10,0.117647058823529,0.0197628458498024,"GO:0031349","GO:BP","positive regulation of defense response",21026,7101
"222","darkgreen",TRUE,0.00091103448102712,93,85,5,0.0588235294117647,0.0537634408602151,"GO:0043535","GO:BP","regulation of blood vessel endothelial cell migration",21026,10659
"223","darkgreen",TRUE,0.00091103448102712,3034,85,27,0.317647058823529,0.00889914304548451,"GO:0009966","GO:BP","regulation of signal transduction",21026,3789
"224","darkgreen",TRUE,0.000918077008498224,2015,85,21,0.247058823529412,0.0104218362282878,"GO:0008283","GO:BP","cell population proliferation",21026,3136
"225","darkgreen",TRUE,0.00101001848045353,2876,85,26,0.305882352941176,0.0090403337969402,"GO:0048468","GO:BP","cell development",21026,12602
"226","darkgreen",TRUE,0.00109830464086148,235,85,7,0.0823529411764706,0.0297872340425532,"GO:0001667","GO:BP","ameboidal-type cell migration",21026,376
"227","darkgreen",TRUE,0.00112262432242005,3,85,2,0.0235294117647059,0.666666666666667,"GO:1904466","GO:BP","positive regulation of matrix metallopeptidase secretion",21026,23477
"228","darkgreen",TRUE,0.00114766103044722,18,85,3,0.0352941176470588,0.166666666666667,"GO:0033631","GO:BP","cell-cell adhesion mediated by integrin",21026,8272
"229","darkgreen",TRUE,0.00120636037852711,760,85,12,0.141176470588235,0.0157894736842105,"GO:0050778","GO:BP","positive regulation of immune response",21026,13081
"230","darkgreen",TRUE,0.00120636037852711,240,85,7,0.0823529411764706,0.0291666666666667,"GO:0002573","GO:BP","myeloid leukocyte differentiation",21026,1092
"231","darkgreen",TRUE,0.00120636037852711,100,85,5,0.0588235294117647,0.05,"GO:0071346","GO:BP","cellular response to type II interferon",21026,16368
"232","darkgreen",TRUE,0.00123031262169122,1592,85,18,0.211764705882353,0.0113065326633166,"GO:0051707","GO:BP","response to other organism",21026,13714
"233","darkgreen",TRUE,0.00125125754802421,1595,85,18,0.211764705882353,0.0112852664576802,"GO:0043207","GO:BP","response to external biotic stimulus",21026,10480
"234","darkgreen",TRUE,0.00131823492839332,4053,85,32,0.376470588235294,0.0078953861337281,"GO:0048731","GO:BP","system development",21026,12821
"235","darkgreen",TRUE,0.00133205171907552,1759,85,19,0.223529411764706,0.0108015918135304,"GO:0044419","GO:BP","biological process involved in interspecies interaction between organisms",21026,10892
"236","darkgreen",TRUE,0.00133257089874149,3486,85,29,0.341176470588235,0.00831899024670109,"GO:0010646","GO:BP","regulation of cell communication",21026,4275
"237","darkgreen",TRUE,0.00138603017426103,104,85,5,0.0588235294117647,0.0480769230769231,"GO:0032760","GO:BP","positive regulation of tumor necrosis factor production",21026,7749
"238","darkgreen",TRUE,0.00146981102782928,339,85,8,0.0941176470588235,0.023598820058997,"GO:0032496","GO:BP","response to lipopolysaccharide",21026,7553
"239","darkgreen",TRUE,0.00152028003624868,341,85,8,0.0941176470588235,0.0234604105571848,"GO:0002768","GO:BP","immune response-regulating cell surface receptor signaling pathway",21026,1277
"240","darkgreen",TRUE,0.00153352988081511,441,85,9,0.105882352941176,0.0204081632653061,"GO:0050673","GO:BP","epithelial cell proliferation",21026,13036
"241","darkgreen",TRUE,0.00160103565023524,1634,85,18,0.211764705882353,0.011015911872705,"GO:0009607","GO:BP","response to biotic stimulus",21026,3521
"242","darkgreen",TRUE,0.00160103565023524,108,85,5,0.0588235294117647,0.0462962962962963,"GO:1903557","GO:BP","positive regulation of tumor necrosis factor superfamily cytokine production",21026,22773
"243","darkgreen",TRUE,0.00160425281451197,56,85,4,0.0470588235294118,0.0714285714285714,"GO:0043536","GO:BP","positive regulation of blood vessel endothelial cell migration",21026,10660
"244","darkgreen",TRUE,0.00161657840417124,1953,85,20,0.235294117647059,0.0102406554019457,"GO:1902531","GO:BP","regulation of intracellular signal transduction",21026,22041
"245","darkgreen",TRUE,0.00163534376602527,21,85,3,0.0352941176470588,0.142857142857143,"GO:0006670","GO:BP","sphingosine metabolic process",21026,2371
"246","darkgreen",TRUE,0.00163571629315671,794,85,12,0.141176470588235,0.0151133501259446,"GO:0030155","GO:BP","regulation of cell adhesion",21026,6655
"247","darkgreen",TRUE,0.00167291138166588,57,85,4,0.0470588235294118,0.0701754385964912,"GO:0061900","GO:BP","glial cell activation",21026,15495
"248","darkgreen",TRUE,0.00171247330698169,928,85,13,0.152941176470588,0.0140086206896552,"GO:0050790","GO:BP","regulation of catalytic activity",21026,13087
"249","darkgreen",TRUE,0.00171326161137684,4727,85,35,0.411764705882353,0.00740427332346097,"GO:0007275","GO:BP","multicellular organism development",21026,2788
"250","darkgreen",TRUE,0.0017558494014657,352,85,8,0.0941176470588235,0.0227272727272727,"GO:0042063","GO:BP","gliogenesis",21026,9858
"251","darkgreen",TRUE,0.00178866231322574,22,85,3,0.0352941176470588,0.136363636363636,"GO:0006662","GO:BP","glycerol ether metabolic process",21026,2363
"252","darkgreen",TRUE,0.00178866231322574,22,85,3,0.0352941176470588,0.136363636363636,"GO:0090050","GO:BP","positive regulation of cell migration involved in sprouting angiogenesis",21026,17743
"253","darkgreen",TRUE,0.00178866231322574,22,85,3,0.0352941176470588,0.136363636363636,"GO:0046485","GO:BP","ether lipid metabolic process",21026,12024
"254","darkgreen",TRUE,0.00179870475401689,1506,85,17,0.2,0.0112881806108898,"GO:0043067","GO:BP","regulation of programmed cell death",21026,10418
"255","darkgreen",TRUE,0.00182036759169929,4,85,2,0.0235294117647059,0.5,"GO:0006663","GO:BP","platelet activating factor biosynthetic process",21026,2364
"256","darkgreen",TRUE,0.00182036759169929,4,85,2,0.0235294117647059,0.5,"GO:0060025","GO:BP","regulation of synaptic activity",21026,14081
"257","darkgreen",TRUE,0.00184913702722049,357,85,8,0.0941176470588235,0.0224089635854342,"GO:0002237","GO:BP","response to molecule of bacterial origin",21026,768
"258","darkgreen",TRUE,0.00188629018407609,1669,85,18,0.211764705882353,0.0107849011384062,"GO:1901700","GO:BP","response to oxygen-containing compound",21026,21371
"259","darkgreen",TRUE,0.00197307782311163,23,85,3,0.0352941176470588,0.130434782608696,"GO:0046519","GO:BP","sphingoid metabolic process",21026,12052
"260","darkgreen",TRUE,0.00201599104229191,3597,85,29,0.341176470588235,0.00806227411731999,"GO:0009893","GO:BP","positive regulation of metabolic process",21026,3738
"261","darkgreen",TRUE,0.00223149665244757,119,85,5,0.0588235294117647,0.0420168067226891,"GO:0043534","GO:BP","blood vessel endothelial cell migration",21026,10658
"262","darkgreen",TRUE,0.00226345756047458,831,85,12,0.141176470588235,0.0144404332129964,"GO:0022603","GO:BP","regulation of anatomical structure morphogenesis",21026,6578
"263","darkgreen",TRUE,0.00257469484498112,123,85,5,0.0588235294117647,0.040650406504065,"GO:0034341","GO:BP","response to type II interferon",21026,8516
"264","darkgreen",TRUE,0.00278332721189326,26,85,3,0.0352941176470588,0.115384615384615,"GO:0050857","GO:BP","positive regulation of antigen receptor-mediated signaling pathway",21026,13133
"265","darkgreen",TRUE,0.00279017749005159,3478,85,28,0.329411764705882,0.00805060379528465,"GO:0023051","GO:BP","regulation of signaling",21026,6606
"266","darkgreen",TRUE,0.00284257375089377,5,85,2,0.0235294117647059,0.4,"GO:1905563","GO:BP","negative regulation of vascular endothelial cell proliferation",21026,24315
"267","darkgreen",TRUE,0.00287677377892265,1576,85,17,0.2,0.0107868020304569,"GO:0045595","GO:BP","regulation of cell differentiation",21026,11284
"268","darkgreen",TRUE,0.00290184938089419,127,85,5,0.0588235294117647,0.0393700787401575,"GO:0051209","GO:BP","release of sequestered calcium ion into cytosol",21026,13388
"269","darkgreen",TRUE,0.00297012067883926,128,85,5,0.0588235294117647,0.0390625,"GO:0051283","GO:BP","negative regulation of sequestering of calcium ion",21026,13437
"270","darkgreen",TRUE,0.00297012067883926,27,85,3,0.0352941176470588,0.111111111111111,"GO:0090594","GO:BP","inflammatory response to wounding",21026,18118
"271","darkgreen",TRUE,0.00297012067883926,27,85,3,0.0352941176470588,0.111111111111111,"GO:0018904","GO:BP","ether metabolic process",21026,5442
"272","darkgreen",TRUE,0.00297012067883926,27,85,3,0.0352941176470588,0.111111111111111,"GO:0043032","GO:BP","positive regulation of macrophage activation",21026,10392
"273","darkgreen",TRUE,0.00297012067883926,388,85,8,0.0941176470588235,0.0206185567010309,"GO:0032102","GO:BP","negative regulation of response to external stimulus",21026,7319
"274","darkgreen",TRUE,0.00312421435461748,130,85,5,0.0588235294117647,0.0384615384615385,"GO:0051282","GO:BP","regulation of sequestering of calcium ion",21026,13436
"275","darkgreen",TRUE,0.00325885963687588,394,85,8,0.0941176470588235,0.0203045685279188,"GO:0002460","GO:BP","adaptive immune response based on somatic recombination of immune receptors built from immunoglobulin superfamily domains",21026,981
"276","darkgreen",TRUE,0.00328863275064341,71,85,4,0.0470588235294118,0.0563380281690141,"GO:0043406","GO:BP","positive regulation of MAP kinase activity",21026,10577
"277","darkgreen",TRUE,0.00329765493617777,132,85,5,0.0588235294117647,0.0378787878787879,"GO:0002040","GO:BP","sprouting angiogenesis",21026,638
"278","darkgreen",TRUE,0.00332426833162583,505,85,9,0.105882352941176,0.0178217821782178,"GO:0044089","GO:BP","positive regulation of cellular component biogenesis",21026,10814
"279","darkgreen",TRUE,0.00332426833162583,1011,85,13,0.152941176470588,0.0128585558852621,"GO:0044087","GO:BP","regulation of cellular component biogenesis",21026,10812
"280","darkgreen",TRUE,0.00342919995952082,879,85,12,0.141176470588235,0.0136518771331058,"GO:0045597","GO:BP","positive regulation of cell differentiation",21026,11286
"281","darkgreen",TRUE,0.00345829831092849,134,85,5,0.0588235294117647,0.0373134328358209,"GO:0051208","GO:BP","sequestering of calcium ion",21026,13387
"282","darkgreen",TRUE,0.00354003449067085,73,85,4,0.0470588235294118,0.0547945205479452,"GO:0048844","GO:BP","artery morphogenesis",21026,12919
"283","darkgreen",TRUE,0.00358184521845671,1462,85,16,0.188235294117647,0.0109439124487004,"GO:0042981","GO:BP","regulation of apoptotic process",21026,10372
"284","darkgreen",TRUE,0.00369419263053821,632,85,10,0.117647058823529,0.0158227848101266,"GO:0050865","GO:BP","regulation of cell activation",21026,13141
"285","darkgreen",TRUE,0.00371262958220455,6,85,2,0.0235294117647059,0.333333333333333,"GO:1990773","GO:BP","matrix metallopeptidase secretion",21026,24847
"286","darkgreen",TRUE,0.00371262958220455,6,85,2,0.0235294117647059,0.333333333333333,"GO:1903969","GO:BP","regulation of response to macrophage colony-stimulating factor",21026,23076
"287","darkgreen",TRUE,0.00371262958220455,6,85,2,0.0235294117647059,0.333333333333333,"GO:1903972","GO:BP","regulation of cellular response to macrophage colony-stimulating factor stimulus",21026,23079
"288","darkgreen",TRUE,0.00371262958220455,215,85,6,0.0705882352941176,0.027906976744186,"GO:0071222","GO:BP","cellular response to lipopolysaccharide",21026,16254
"289","darkgreen",TRUE,0.00371262958220455,6,85,2,0.0235294117647059,0.333333333333333,"GO:1904464","GO:BP","regulation of matrix metallopeptidase secretion",21026,23475
"290","darkgreen",TRUE,0.00371262958220455,6,85,2,0.0235294117647059,0.333333333333333,"GO:0060369","GO:BP","positive regulation of Fc receptor mediated stimulatory signaling pathway",21026,14368
"291","darkgreen",TRUE,0.00375879065873274,518,85,9,0.105882352941176,0.0173745173745174,"GO:0008015","GO:BP","blood circulation",21026,3082
"292","darkgreen",TRUE,0.00377609144891515,307,85,7,0.0823529411764706,0.0228013029315961,"GO:0051056","GO:BP","regulation of small GTPase mediated signal transduction",21026,13293
"293","darkgreen",TRUE,0.00390998919188521,218,85,6,0.0705882352941176,0.0275229357798165,"GO:0016311","GO:BP","dephosphorylation",21026,5174
"294","darkgreen",TRUE,0.0039300961225573,310,85,7,0.0823529411764706,0.0225806451612903,"GO:0002429","GO:BP","immune response-activating cell surface receptor signaling pathway",21026,950
"295","darkgreen",TRUE,0.0039300961225573,140,85,5,0.0588235294117647,0.0357142857142857,"GO:0030168","GO:BP","platelet activation",21026,6662
"296","darkgreen",TRUE,0.0039300961225573,5834,85,39,0.458823529411765,0.00668495029139527,"GO:0048519","GO:BP","negative regulation of biological process",21026,12635
"297","darkgreen",TRUE,0.0039300961225573,1039,85,13,0.152941176470588,0.012512030798845,"GO:0051247","GO:BP","positive regulation of protein metabolic process",21026,13412
"298","darkgreen",TRUE,0.0039300961225573,31,85,3,0.0352941176470588,0.0967741935483871,"GO:0034311","GO:BP","diol metabolic process",21026,8502
"299","darkgreen",TRUE,0.00406761206253793,5629,85,38,0.447058823529412,0.0067507550186534,"GO:0048523","GO:BP","negative regulation of cellular process",21026,12639
"300","darkgreen",TRUE,0.00423573692347943,1049,85,13,0.152941176470588,0.0123927550047664,"GO:0031399","GO:BP","regulation of protein modification process",21026,7116
"301","darkgreen",TRUE,0.00429628228033941,316,85,7,0.0823529411764706,0.0221518987341772,"GO:0002366","GO:BP","leukocyte activation involved in immune response",21026,896
"302","darkgreen",TRUE,0.00442425184024704,225,85,6,0.0705882352941176,0.0266666666666667,"GO:0071219","GO:BP","cellular response to molecule of bacterial origin",21026,16251
"303","darkgreen",TRUE,0.00458939187002638,320,85,7,0.0823529411764706,0.021875,"GO:0002263","GO:BP","cell activation involved in immune response",21026,793
"304","darkgreen",TRUE,0.00465262933392007,425,85,8,0.0941176470588235,0.0188235294117647,"GO:1903706","GO:BP","regulation of hemopoiesis",21026,22880
"305","darkgreen",TRUE,0.00465374758879017,922,85,12,0.141176470588235,0.0130151843817787,"GO:0098657","GO:BP","import into cell",21026,18564
"306","darkgreen",TRUE,0.00466190614816323,81,85,4,0.0470588235294118,0.0493827160493827,"GO:0051279","GO:BP","regulation of release of sequestered calcium ion into cytosol",21026,13433
"307","darkgreen",TRUE,0.00470478209411673,540,85,9,0.105882352941176,0.0166666666666667,"GO:0002764","GO:BP","immune response-regulating signaling pathway",21026,1273
"308","darkgreen",TRUE,0.00488928147255747,4438,85,32,0.376470588235294,0.00721045515998197,"GO:0048869","GO:BP","cellular developmental process",21026,12943
"309","darkgreen",TRUE,0.00488928147255747,231,85,6,0.0705882352941176,0.025974025974026,"GO:0007596","GO:BP","blood coagulation",21026,3041
"310","darkgreen",TRUE,0.00488928147255747,930,85,12,0.141176470588235,0.0129032258064516,"GO:0033993","GO:BP","response to lipid",21026,8310
"311","darkgreen",TRUE,0.00488928147255747,4437,85,32,0.376470588235294,0.00721208023439261,"GO:0030154","GO:BP","cell differentiation",21026,6654
"312","darkgreen",TRUE,0.00496773760894869,1685,85,17,0.2,0.0100890207715134,"GO:0042127","GO:BP","regulation of cell population proliferation",21026,9890
"313","darkgreen",TRUE,0.00496773760894869,83,85,4,0.0470588235294118,0.0481927710843374,"GO:0033627","GO:BP","cell adhesion mediated by integrin",21026,8268
"314","darkgreen",TRUE,0.00510095478873343,1530,85,16,0.188235294117647,0.0104575163398693,"GO:0007155","GO:BP","cell adhesion",21026,2706
"315","darkgreen",TRUE,0.00510793689564795,84,85,4,0.0470588235294118,0.0476190476190476,"GO:0032637","GO:BP","interleukin-8 production",21026,7629
"316","darkgreen",TRUE,0.00510793689564795,84,85,4,0.0470588235294118,0.0476190476190476,"GO:0032677","GO:BP","regulation of interleukin-8 production",21026,7668
"317","darkgreen",TRUE,0.00511271000632859,152,85,5,0.0588235294117647,0.0328947368421053,"GO:0032635","GO:BP","interleukin-6 production",21026,7627
"318","darkgreen",TRUE,0.00511271000632859,35,85,3,0.0352941176470588,0.0857142857142857,"GO:0150077","GO:BP","regulation of neuroinflammatory response",21026,19864
"319","darkgreen",TRUE,0.00511271000632859,152,85,5,0.0588235294117647,0.0328947368421053,"GO:0032675","GO:BP","regulation of interleukin-6 production",21026,7666
"320","darkgreen",TRUE,0.00524216166492038,2029,85,19,0.223529411764706,0.00936421882700838,"GO:0032879","GO:BP","regulation of localization",21026,7819
"321","darkgreen",TRUE,0.00524216166492038,332,85,7,0.0823529411764706,0.0210843373493976,"GO:0048872","GO:BP","homeostasis of number of cells",21026,12946
"322","darkgreen",TRUE,0.00524216166492038,3288,85,26,0.305882352941176,0.00790754257907543,"GO:0010604","GO:BP","positive regulation of macromolecule metabolic process",21026,4234
"323","darkgreen",TRUE,0.00537797259633875,238,85,6,0.0705882352941176,0.0252100840336134,"GO:0007599","GO:BP","hemostasis",21026,3044
"324","darkgreen",TRUE,0.00537797259633875,238,85,6,0.0705882352941176,0.0252100840336134,"GO:0050817","GO:BP","coagulation",21026,13107
"325","darkgreen",TRUE,0.00559737847450284,814,85,11,0.129411764705882,0.0135135135135135,"GO:0046649","GO:BP","lymphocyte activation",21026,12121
"326","darkgreen",TRUE,0.00561103435180795,560,85,9,0.105882352941176,0.0160714285714286,"GO:0002253","GO:BP","activation of immune response",21026,783
"327","darkgreen",TRUE,0.00571122769901036,954,85,12,0.141176470588235,0.0125786163522013,"GO:0008284","GO:BP","positive regulation of cell population proliferation",21026,3137
"328","darkgreen",TRUE,0.00571464590144221,8,85,2,0.0235294117647059,0.25,"GO:0046469","GO:BP","platelet activating factor metabolic process",21026,12012
"329","darkgreen",TRUE,0.00571464590144221,8,85,2,0.0235294117647059,0.25,"GO:0032741","GO:BP","positive regulation of interleukin-18 production",21026,7730
"330","darkgreen",TRUE,0.0059502880562838,89,85,4,0.0470588235294118,0.0449438202247191,"GO:0035023","GO:BP","regulation of Rho protein signal transduction",21026,8701
"331","darkgreen",TRUE,0.0059502880562838,89,85,4,0.0470588235294118,0.0449438202247191,"GO:0061515","GO:BP","myeloid cell development",21026,15300
"332","darkgreen",TRUE,0.00604819643979139,568,85,9,0.105882352941176,0.0158450704225352,"GO:0009611","GO:BP","response to wounding",21026,3525
"333","darkgreen",TRUE,0.00604819643979139,825,85,11,0.129411764705882,0.0133333333333333,"GO:0048871","GO:BP","multicellular organismal-level homeostasis",21026,12945
"334","darkgreen",TRUE,0.00652034290601212,39,85,3,0.0352941176470588,0.0769230769230769,"GO:0035025","GO:BP","positive regulation of Rho protein signal transduction",21026,8703
"335","darkgreen",TRUE,0.00652034290601212,576,85,9,0.105882352941176,0.015625,"GO:0002694","GO:BP","regulation of leukocyte activation",21026,1210
"336","darkgreen",TRUE,0.00652034290601212,458,85,8,0.0941176470588235,0.0174672489082969,"GO:0010720","GO:BP","positive regulation of cell development",21026,4329
"337","darkgreen",TRUE,0.00652034290601212,92,85,4,0.0470588235294118,0.0434782608695652,"GO:0001938","GO:BP","positive regulation of endothelial cell proliferation",21026,550
"338","darkgreen",TRUE,0.00652034290601212,39,85,3,0.0352941176470588,0.0769230769230769,"GO:0046677","GO:BP","response to antibiotic",21026,12143
"339","darkgreen",TRUE,0.00652034290601212,39,85,3,0.0352941176470588,0.0769230769230769,"GO:0090049","GO:BP","regulation of cell migration involved in sprouting angiogenesis",21026,17742
"340","darkgreen",TRUE,0.00672860006346641,93,85,4,0.0470588235294118,0.043010752688172,"GO:0032611","GO:BP","interleukin-1 beta production",21026,7604
"341","darkgreen",TRUE,0.00672860006346641,252,85,6,0.0705882352941176,0.0238095238095238,"GO:0071216","GO:BP","cellular response to biotic stimulus",21026,16248
"342","darkgreen",TRUE,0.00672860006346641,93,85,4,0.0470588235294118,0.043010752688172,"GO:0032651","GO:BP","regulation of interleukin-1 beta production",21026,7643
"343","darkgreen",TRUE,0.00676919551370177,9,85,2,0.0235294117647059,0.222222222222222,"GO:0002246","GO:BP","wound healing involved in inflammatory response",21026,776
"344","darkgreen",TRUE,0.00676919551370177,709,85,10,0.117647058823529,0.0141043723554302,"GO:0006897","GO:BP","endocytosis",21026,2540
"345","darkgreen",TRUE,0.00676919551370177,166,85,5,0.0588235294117647,0.0301204819277108,"GO:0032640","GO:BP","tumor necrosis factor production",21026,7632
"346","darkgreen",TRUE,0.00676919551370177,166,85,5,0.0588235294117647,0.0301204819277108,"GO:0032680","GO:BP","regulation of tumor necrosis factor production",21026,7671
"347","darkgreen",TRUE,0.00676919551370177,9,85,2,0.0235294117647059,0.222222222222222,"GO:0060385","GO:BP","axonogenesis involved in innervation",21026,14382
"348","darkgreen",TRUE,0.00676919551370177,40,85,3,0.0352941176470588,0.075,"GO:0060391","GO:BP","positive regulation of SMAD protein signal transduction",21026,14385
"349","darkgreen",TRUE,0.00681578006006748,254,85,6,0.0705882352941176,0.0236220472440945,"GO:0031348","GO:BP","negative regulation of defense response",21026,7100
"350","darkgreen",TRUE,0.00687661085796971,167,85,5,0.0588235294117647,0.029940119760479,"GO:1903169","GO:BP","regulation of calcium ion transmembrane transport",21026,22480
"351","darkgreen",TRUE,0.00701704767891387,256,85,6,0.0705882352941176,0.0234375,"GO:1903522","GO:BP","regulation of blood circulation",21026,22741
"352","darkgreen",TRUE,0.00701704767891387,168,85,5,0.0588235294117647,0.0297619047619048,"GO:0006665","GO:BP","sphingolipid metabolic process",21026,2366
"353","darkgreen",TRUE,0.0071334093935726,257,85,6,0.0705882352941176,0.0233463035019455,"GO:0008654","GO:BP","phospholipid biosynthetic process",21026,3211
"354","darkgreen",TRUE,0.00739252734539664,854,85,11,0.129411764705882,0.0128805620608899,"GO:0071345","GO:BP","cellular response to cytokine stimulus",21026,16367
"355","darkgreen",TRUE,0.00747453223889263,171,85,5,0.0588235294117647,0.0292397660818713,"GO:1903555","GO:BP","regulation of tumor necrosis factor superfamily cytokine production",21026,22771
"356","darkgreen",TRUE,0.00747453223889263,171,85,5,0.0588235294117647,0.0292397660818713,"GO:0071706","GO:BP","tumor necrosis factor superfamily cytokine production",21026,16639
"357","darkgreen",TRUE,0.00766424181418658,98,85,4,0.0470588235294118,0.0408163265306122,"GO:0032755","GO:BP","positive regulation of interleukin-6 production",21026,7744
"358","darkgreen",TRUE,0.00766424181418658,363,85,7,0.0823529411764706,0.0192837465564738,"GO:0002696","GO:BP","positive regulation of leukocyte activation",21026,1212
"359","darkgreen",TRUE,0.00774150599968516,364,85,7,0.0823529411764706,0.0192307692307692,"GO:0050678","GO:BP","regulation of epithelial cell proliferation",21026,13041
"360","darkgreen",TRUE,0.00791237641841212,43,85,3,0.0352941176470588,0.0697674418604651,"GO:0030866","GO:BP","cortical actin cytoskeleton organization",21026,6910
"361","darkgreen",TRUE,0.00792023805411423,10,85,2,0.0235294117647059,0.2,"GO:0070391","GO:BP","response to lipoteichoic acid",21026,15868
"362","darkgreen",TRUE,0.00792023805411423,2846,85,23,0.270588235294118,0.00808151791988756,"GO:0036211","GO:BP","protein modification process",21026,9413
"363","darkgreen",TRUE,0.00792023805411423,10,85,2,0.0235294117647059,0.2,"GO:0071223","GO:BP","cellular response to lipoteichoic acid",21026,16255
"364","darkgreen",TRUE,0.00792023805411423,264,85,6,0.0705882352941176,0.0227272727272727,"GO:0010001","GO:BP","glial cell differentiation",21026,3807
"365","darkgreen",TRUE,0.00802944816017946,602,85,9,0.105882352941176,0.0149501661129568,"GO:0003013","GO:BP","circulatory system process",21026,1462
"366","darkgreen",TRUE,0.00811907486007508,266,85,6,0.0705882352941176,0.0225563909774436,"GO:0007188","GO:BP","adenylate cyclase-modulating G protein-coupled receptor signaling pathway",21026,2733
"367","darkgreen",TRUE,0.00841000989992349,268,85,6,0.0705882352941176,0.0223880597014925,"GO:0001894","GO:BP","tissue homeostasis",21026,517
"368","darkgreen",TRUE,0.00852238275891721,269,85,6,0.0705882352941176,0.0223048327137546,"GO:0060249","GO:BP","anatomical structure homeostasis",21026,14258
"369","darkgreen",TRUE,0.00852238275891721,178,85,5,0.0588235294117647,0.0280898876404494,"GO:0007189","GO:BP","adenylate cyclase-activating G protein-coupled receptor signaling pathway",21026,2734
"370","darkgreen",TRUE,0.00871721460888403,488,85,8,0.0941176470588235,0.0163934426229508,"GO:0045785","GO:BP","positive regulation of cell adhesion",21026,11455
"371","darkgreen",TRUE,0.00879349868612331,103,85,4,0.0470588235294118,0.0388349514563107,"GO:0034446","GO:BP","substrate adhesion-dependent cell spreading",21026,8576
"372","darkgreen",TRUE,0.00891496262918377,272,85,6,0.0705882352941176,0.0220588235294118,"GO:0003018","GO:BP","vascular process in circulatory system",21026,1467
"373","darkgreen",TRUE,0.00901861277030658,104,85,4,0.0470588235294118,0.0384615384615385,"GO:0090100","GO:BP","positive regulation of transmembrane receptor protein serine/threonine kinase signaling pathway",21026,17783
"374","darkgreen",TRUE,0.00901861277030658,181,85,5,0.0588235294117647,0.0276243093922652,"GO:0097553","GO:BP","calcium ion transmembrane import into cytosol",21026,18457
"375","darkgreen",TRUE,0.00908856365714536,1489,85,15,0.176470588235294,0.010073875083949,"GO:0009719","GO:BP","response to endogenous stimulus",21026,3602
"376","darkgreen",TRUE,0.00908856365714536,46,85,3,0.0352941176470588,0.0652173913043478,"GO:0030890","GO:BP","positive regulation of B cell proliferation",21026,6918
"377","darkgreen",TRUE,0.00910118890977945,494,85,8,0.0941176470588235,0.0161943319838057,"GO:0022407","GO:BP","regulation of cell-cell adhesion",21026,6566
"378","darkgreen",TRUE,0.00910118890977945,11,85,2,0.0235294117647059,0.181818181818182,"GO:0060368","GO:BP","regulation of Fc receptor mediated stimulatory signaling pathway",21026,14367
"379","darkgreen",TRUE,0.00910118890977945,494,85,8,0.0941176470588235,0.0161943319838057,"GO:0002757","GO:BP","immune response-activating signaling pathway",21026,1266
"380","darkgreen",TRUE,0.00910118890977945,11,85,2,0.0235294117647059,0.181818181818182,"GO:0035022","GO:BP","positive regulation of Rac protein signal transduction",21026,8700
"381","darkgreen",TRUE,0.00911197354407535,105,85,4,0.0470588235294118,0.0380952380952381,"GO:0060840","GO:BP","artery development",21026,14770
"382","darkgreen",TRUE,0.00924531406409079,1182,85,13,0.152941176470588,0.0109983079526227,"GO:1901701","GO:BP","cellular response to oxygen-containing compound",21026,21372
"383","darkgreen",TRUE,0.00925185342461672,381,85,7,0.0823529411764706,0.0183727034120735,"GO:0050867","GO:BP","positive regulation of cell activation",21026,13143
"384","darkgreen",TRUE,0.00948811365401165,2713,85,22,0.258823529411765,0.00810910431256911,"GO:0009653","GO:BP","anatomical structure morphogenesis",21026,3557
"385","darkgreen",TRUE,0.00963937058100798,107,85,4,0.0470588235294118,0.0373831775700935,"GO:0006672","GO:BP","ceramide metabolic process",21026,2373
"386","darkgreen",TRUE,0.00976017434520919,186,85,5,0.0588235294117647,0.0268817204301075,"GO:0051897","GO:BP","positive regulation of phosphatidylinositol 3-kinase/protein kinase B signal transduction",21026,13787
"387","darkgreen",TRUE,0.0098973148617517,48,85,3,0.0352941176470588,0.0625,"GO:0001774","GO:BP","microglial cell activation",21026,437
"388","darkgreen",TRUE,0.0101846702782581,12336,85,64,0.752941176470588,0.00518806744487678,"GO:0050789","GO:BP","regulation of biological process",21026,13086
"389","darkgreen",TRUE,0.0101846702782581,109,85,4,0.0470588235294118,0.036697247706422,"GO:0019751","GO:BP","polyol metabolic process",21026,6003
"390","darkgreen",TRUE,0.0101982540454425,12,85,2,0.0235294117647059,0.166666666666667,"GO:0071236","GO:BP","cellular response to antibiotic",21026,16268
"391","darkgreen",TRUE,0.0101982540454425,12,85,2,0.0235294117647059,0.166666666666667,"GO:0034350","GO:BP","regulation of glial cell apoptotic process",21026,8523
"392","darkgreen",TRUE,0.0101982540454425,12,85,2,0.0235294117647059,0.166666666666667,"GO:0032621","GO:BP","interleukin-18 production",21026,7613
"393","darkgreen",TRUE,0.0101982540454425,12,85,2,0.0235294117647059,0.166666666666667,"GO:0008611","GO:BP","ether lipid biosynthetic process",21026,3193
"394","darkgreen",TRUE,0.0101982540454425,49,85,3,0.0352941176470588,0.0612244897959184,"GO:0043114","GO:BP","regulation of vascular permeability",21026,10442
"395","darkgreen",TRUE,0.0101982540454425,110,85,4,0.0470588235294118,0.0363636363636364,"GO:0032612","GO:BP","interleukin-1 production",21026,7605
"396","darkgreen",TRUE,0.0101982540454425,12,85,2,0.0235294117647059,0.166666666666667,"GO:0046504","GO:BP","glycerol ether biosynthetic process",21026,12042
"397","darkgreen",TRUE,0.0101982540454425,110,85,4,0.0470588235294118,0.0363636363636364,"GO:0032652","GO:BP","regulation of interleukin-1 production",21026,7644
"398","darkgreen",TRUE,0.0101982540454425,12,85,2,0.0235294117647059,0.166666666666667,"GO:0032661","GO:BP","regulation of interleukin-18 production",21026,7652
"399","darkgreen",TRUE,0.0101982540454425,49,85,3,0.0352941176470588,0.0612244897959184,"GO:0042088","GO:BP","T-helper 1 type immune response",21026,9871
"400","darkgreen",TRUE,0.0102938551734357,392,85,7,0.0823529411764706,0.0178571428571429,"GO:0006644","GO:BP","phospholipid metabolic process",21026,2347
"401","darkgreen",TRUE,0.0104351410349411,286,85,6,0.0705882352941176,0.020979020979021,"GO:0042113","GO:BP","B cell activation",21026,9880
"402","darkgreen",TRUE,0.0107798201234355,112,85,4,0.0470588235294118,0.0357142857142857,"GO:0030148","GO:BP","sphingolipid biosynthetic process",21026,6649
"403","darkgreen",TRUE,0.0108196085444959,1212,85,13,0.152941176470588,0.0107260726072607,"GO:0010628","GO:BP","positive regulation of gene expression",21026,4257
"404","darkgreen",TRUE,0.0109387246202,515,85,8,0.0941176470588235,0.0155339805825243,"GO:0002683","GO:BP","negative regulation of immune system process",21026,1199
"405","darkgreen",TRUE,0.0111137473996894,51,85,3,0.0352941176470588,0.0588235294117647,"GO:0002269","GO:BP","leukocyte activation involved in inflammatory response",21026,799
"406","darkgreen",TRUE,0.011256980145897,195,85,5,0.0588235294117647,0.0256410256410256,"GO:0050851","GO:BP","antigen receptor-mediated signaling pathway",21026,13127
"407","darkgreen",TRUE,0.0113029726957093,400,85,7,0.0823529411764706,0.0175,"GO:0002833","GO:BP","positive regulation of response to biotic stimulus",21026,1341
"408","darkgreen",TRUE,0.0115183751754317,13,85,2,0.0235294117647059,0.153846153846154,"GO:0036006","GO:BP","cellular response to macrophage colony-stimulating factor stimulus",21026,9307
"409","darkgreen",TRUE,0.0115183751754317,13,85,2,0.0235294117647059,0.153846153846154,"GO:1901503","GO:BP","ether biosynthetic process",21026,21245
"410","darkgreen",TRUE,0.0115183751754317,115,85,4,0.0470588235294118,0.0347826086956522,"GO:0043405","GO:BP","regulation of MAP kinase activity",21026,10576
"411","darkgreen",TRUE,0.0115183751754317,13,85,2,0.0235294117647059,0.153846153846154,"GO:0010572","GO:BP","positive regulation of platelet activation",21026,4208
"412","darkgreen",TRUE,0.0115183751754317,13,85,2,0.0235294117647059,0.153846153846154,"GO:0032490","GO:BP","detection of molecule of bacterial origin",21026,7547
"413","darkgreen",TRUE,0.0118439147364181,116,85,4,0.0470588235294118,0.0344827586206897,"GO:0007229","GO:BP","integrin-mediated signaling pathway",21026,2766
"414","darkgreen",TRUE,0.0120719710018025,53,85,3,0.0352941176470588,0.0566037735849057,"GO:0010543","GO:BP","regulation of platelet activation",21026,4185
"415","darkgreen",TRUE,0.0121845349548273,1391,85,14,0.164705882352941,0.0100647016534867,"GO:0006629","GO:BP","lipid metabolic process",21026,2334
"416","darkgreen",TRUE,0.0126640760777023,54,85,3,0.0352941176470588,0.0555555555555556,"GO:0010761","GO:BP","fibroblast migration",21026,4365
"417","darkgreen",TRUE,0.0127014392852274,202,85,5,0.0588235294117647,0.0247524752475248,"GO:0002822","GO:BP","regulation of adaptive immune response based on somatic recombination of immune receptors built from immunoglobulin superfamily domains",21026,1330
"418","darkgreen",TRUE,0.0129853170533868,14,85,2,0.0235294117647059,0.142857142857143,"GO:0097475","GO:BP","motor neuron migration",21026,18424
"419","darkgreen",TRUE,0.0129853170533868,14,85,2,0.0235294117647059,0.142857142857143,"GO:0150079","GO:BP","negative regulation of neuroinflammatory response",21026,19866
"420","darkgreen",TRUE,0.0129853170533868,14,85,2,0.0235294117647059,0.142857142857143,"GO:0014004","GO:BP","microglia differentiation",21026,4557
"421","darkgreen",TRUE,0.0129853170533868,14,85,2,0.0235294117647059,0.142857142857143,"GO:0045348","GO:BP","positive regulation of MHC class II biosynthetic process",21026,11209
"422","darkgreen",TRUE,0.0129853170533868,14,85,2,0.0235294117647059,0.142857142857143,"GO:0036151","GO:BP","phosphatidylcholine acyl-chain remodeling",21026,9382
"423","darkgreen",TRUE,0.0130060688180176,120,85,4,0.0470588235294118,0.0333333333333333,"GO:0032649","GO:BP","regulation of type II interferon production",21026,7641
"424","darkgreen",TRUE,0.0130250398021226,55,85,3,0.0352941176470588,0.0545454545454545,"GO:0002042","GO:BP","cell migration involved in sprouting angiogenesis",21026,640
"425","darkgreen",TRUE,0.0132582241555207,12743,85,65,0.764705882352941,0.00510083967668524,"GO:0065007","GO:BP","biological regulation",21026,15666
"426","darkgreen",TRUE,0.0132735270791449,947,85,11,0.129411764705882,0.0116156282998944,"GO:0034097","GO:BP","response to cytokine",21026,8345
"427","darkgreen",TRUE,0.0132735270791449,121,85,4,0.0470588235294118,0.0330578512396694,"GO:0032609","GO:BP","type II interferon production",21026,7602
"428","darkgreen",TRUE,0.0135545270464377,56,85,3,0.0352941176470588,0.0535714285714286,"GO:0031663","GO:BP","lipopolysaccharide-mediated signaling pathway",21026,7227
"429","darkgreen",TRUE,0.0136468001542426,540,85,8,0.0941176470588235,0.0148148148148148,"GO:0002831","GO:BP","regulation of response to biotic stimulus",21026,1339
"430","darkgreen",TRUE,0.0136936820636423,11946,85,62,0.729411764705882,0.0051900217646074,"GO:0050794","GO:BP","regulation of cellular process",21026,13090
"431","darkgreen",TRUE,0.0138367426077693,208,85,5,0.0588235294117647,0.0240384615384615,"GO:0051651","GO:BP","maintenance of location in cell",21026,13674
"432","darkgreen",TRUE,0.0140936608724059,57,85,3,0.0352941176470588,0.0526315789473684,"GO:0030865","GO:BP","cortical cytoskeleton organization",21026,6909
"433","darkgreen",TRUE,0.0142267790770933,124,85,4,0.0470588235294118,0.032258064516129,"GO:0003206","GO:BP","cardiac chamber morphogenesis",21026,1634
"434","darkgreen",TRUE,0.0142267790770933,1263,85,13,0.152941176470588,0.0102929532858274,"GO:0098542","GO:BP","defense response to other organism",21026,18545
"435","darkgreen",TRUE,0.0142342676525373,15,85,2,0.0235294117647059,0.133333333333333,"GO:0007252","GO:BP","I-kappaB phosphorylation",21026,2772
"436","darkgreen",TRUE,0.0142342676525373,15,85,2,0.0235294117647059,0.133333333333333,"GO:0046512","GO:BP","sphingosine biosynthetic process",21026,12046
"437","darkgreen",TRUE,0.0142342676525373,15,85,2,0.0235294117647059,0.133333333333333,"GO:0046520","GO:BP","sphingoid biosynthetic process",21026,12053
"438","darkgreen",TRUE,0.0142342676525373,15,85,2,0.0235294117647059,0.133333333333333,"GO:0072537","GO:BP","fibroblast activation",21026,17201
"439","darkgreen",TRUE,0.014501590302345,962,85,11,0.129411764705882,0.0114345114345114,"GO:1901652","GO:BP","response to peptide",21026,21338
"440","darkgreen",TRUE,0.014516867853731,3030,85,23,0.270588235294118,0.00759075907590759,"GO:0043412","GO:BP","macromolecule modification",21026,10582
"441","darkgreen",TRUE,0.0146008692451057,212,85,5,0.0588235294117647,0.0235849056603774,"GO:0031032","GO:BP","actomyosin structure organization",21026,6967
"442","darkgreen",TRUE,0.0148612941040076,213,85,5,0.0588235294117647,0.0234741784037559,"GO:0045637","GO:BP","regulation of myeloid cell differentiation",21026,11326
"443","darkgreen",TRUE,0.0151247983039266,214,85,5,0.0588235294117647,0.0233644859813084,"GO:0006643","GO:BP","membrane lipid metabolic process",21026,2346
"444","darkgreen",TRUE,0.0151511331645288,553,85,8,0.0941176470588235,0.0144665461121157,"GO:0044057","GO:BP","regulation of system process",21026,10796
"445","darkgreen",TRUE,0.0156003648140146,1607,85,15,0.176470588235294,0.00933416303671437,"GO:0051049","GO:BP","regulation of transport",21026,13286
"446","darkgreen",TRUE,0.0156587740772149,60,85,3,0.0352941176470588,0.05,"GO:0032731","GO:BP","positive regulation of interleukin-1 beta production",21026,7721
"447","darkgreen",TRUE,0.0156587740772149,689,85,9,0.105882352941176,0.0130624092888244,"GO:0071363","GO:BP","cellular response to growth factor stimulus",21026,16385
"448","darkgreen",TRUE,0.0156699136447056,433,85,7,0.0823529411764706,0.0161662817551963,"GO:0042060","GO:BP","wound healing",21026,9856
"449","darkgreen",TRUE,0.0156746065580204,319,85,6,0.0705882352941176,0.0188087774294671,"GO:0051607","GO:BP","defense response to virus",21026,13633
"450","darkgreen",TRUE,0.0156945685240993,217,85,5,0.0588235294117647,0.0230414746543779,"GO:0002819","GO:BP","regulation of adaptive immune response",21026,1327
"451","darkgreen",TRUE,0.0156945685240993,976,85,11,0.129411764705882,0.0112704918032787,"GO:0098609","GO:BP","cell-cell adhesion",21026,18556
"452","darkgreen",TRUE,0.0156945685240993,434,85,7,0.0823529411764706,0.0161290322580645,"GO:0006816","GO:BP","calcium ion transport",21026,2487
"453","darkgreen",TRUE,0.0159336030301522,218,85,5,0.0588235294117647,0.0229357798165138,"GO:0051235","GO:BP","maintenance of location",21026,13404
"454","darkgreen",TRUE,0.0160218465951866,61,85,3,0.0352941176470588,0.0491803278688525,"GO:0060350","GO:BP","endochondral bone morphogenesis",21026,14352
"455","darkgreen",TRUE,0.0160218465951866,61,85,3,0.0352941176470588,0.0491803278688525,"GO:0034113","GO:BP","heterotypic cell-cell adhesion",21026,8358
"456","darkgreen",TRUE,0.0167404377728706,62,85,3,0.0352941176470588,0.0483870967741935,"GO:0032233","GO:BP","positive regulation of actin filament bundle assembly",21026,7369
"457","darkgreen",TRUE,0.0170855601006797,326,85,6,0.0705882352941176,0.0184049079754601,"GO:0040013","GO:BP","negative regulation of locomotion",21026,9810
"458","darkgreen",TRUE,0.0171037042775089,442,85,7,0.0823529411764706,0.0158371040723982,"GO:0030098","GO:BP","lymphocyte differentiation",21026,6643
"459","darkgreen",TRUE,0.0171653328268859,1144,85,12,0.141176470588235,0.0104895104895105,"GO:0009628","GO:BP","response to abiotic stimulus",21026,3535
"460","darkgreen",TRUE,0.0171653328268859,17,85,2,0.0235294117647059,0.117647058823529,"GO:0034349","GO:BP","glial cell apoptotic process",21026,8522
"461","darkgreen",TRUE,0.0171653328268859,443,85,7,0.0823529411764706,0.0158013544018059,"GO:0034762","GO:BP","regulation of transmembrane transport",21026,8666
"462","darkgreen",TRUE,0.0171653328268859,17,85,2,0.0235294117647059,0.117647058823529,"GO:0036005","GO:BP","response to macrophage colony-stimulating factor",21026,9306
"463","darkgreen",TRUE,0.0178328881637486,64,85,3,0.0352941176470588,0.046875,"GO:0032757","GO:BP","positive regulation of interleukin-8 production",21026,7746
"464","darkgreen",TRUE,0.0178328881637486,330,85,6,0.0705882352941176,0.0181818181818182,"GO:1902105","GO:BP","regulation of leukocyte differentiation",21026,21731
"465","darkgreen",TRUE,0.0178328881637486,64,85,3,0.0352941176470588,0.046875,"GO:0060390","GO:BP","regulation of SMAD protein signal transduction",21026,14384
"466","darkgreen",TRUE,0.0178328881637486,64,85,3,0.0352941176470588,0.046875,"GO:1901224","GO:BP","positive regulation of non-canonical NF-kappaB signal transduction",21026,21043
"467","darkgreen",TRUE,0.0180865743768026,136,85,4,0.0470588235294118,0.0294117647058824,"GO:0071902","GO:BP","positive regulation of protein serine/threonine kinase activity",21026,16742
"468","darkgreen",TRUE,0.018171829714466,227,85,5,0.0588235294117647,0.0220264317180617,"GO:0002440","GO:BP","production of molecular mediator of immune response",21026,961
"469","darkgreen",TRUE,0.018171829714466,227,85,5,0.0588235294117647,0.0220264317180617,"GO:0002285","GO:BP","lymphocyte activation involved in immune response",21026,815
"470","darkgreen",TRUE,0.0184395426590097,65,85,3,0.0352941176470588,0.0461538461538462,"GO:0030225","GO:BP","macrophage differentiation",21026,6696
"471","darkgreen",TRUE,0.018642530317292,18,85,2,0.0235294117647059,0.111111111111111,"GO:0043031","GO:BP","negative regulation of macrophage activation",21026,10391
"472","darkgreen",TRUE,0.018642530317292,18,85,2,0.0235294117647059,0.111111111111111,"GO:0045346","GO:BP","regulation of MHC class II biosynthetic process",21026,11207
"473","darkgreen",TRUE,0.018642530317292,18,85,2,0.0235294117647059,0.111111111111111,"GO:1905564","GO:BP","positive regulation of vascular endothelial cell proliferation",21026,24316
"474","darkgreen",TRUE,0.0190551149623177,66,85,3,0.0352941176470588,0.0454545454545455,"GO:0030888","GO:BP","regulation of B cell proliferation",21026,6916
"475","darkgreen",TRUE,0.0191566456754518,139,85,4,0.0470588235294118,0.0287769784172662,"GO:0002702","GO:BP","positive regulation of production of molecular mediator of immune response",21026,1218
"476","darkgreen",TRUE,0.019627462445695,67,85,3,0.0352941176470588,0.0447761194029851,"GO:0014910","GO:BP","regulation of smooth muscle cell migration",21026,4762
"477","darkgreen",TRUE,0.019627462445695,67,85,3,0.0352941176470588,0.0447761194029851,"GO:0050854","GO:BP","regulation of antigen receptor-mediated signaling pathway",21026,13130
"478","darkgreen",TRUE,0.019627462445695,67,85,3,0.0352941176470588,0.0447761194029851,"GO:0001912","GO:BP","positive regulation of leukocyte mediated cytotoxicity",21026,527
"479","darkgreen",TRUE,0.019627462445695,721,85,9,0.105882352941176,0.0124826629680999,"GO:0070848","GO:BP","response to growth factor",21026,16112
"480","darkgreen",TRUE,0.0197899946199425,340,85,6,0.0705882352941176,0.0176470588235294,"GO:0070588","GO:BP","calcium ion transmembrane transport",21026,15965
"481","darkgreen",TRUE,0.0200507847386152,68,85,3,0.0352941176470588,0.0441176470588235,"GO:0070373","GO:BP","negative regulation of ERK1 and ERK2 cascade",21026,15860
"482","darkgreen",TRUE,0.0200507847386152,19,85,2,0.0235294117647059,0.105263157894737,"GO:2000269","GO:BP","regulation of fibroblast apoptotic process",21026,25155
"483","darkgreen",TRUE,0.0200507847386152,461,85,7,0.0823529411764706,0.0151843817787419,"GO:0007015","GO:BP","actin filament organization",21026,2611
"484","darkgreen",TRUE,0.0200507847386152,19,85,2,0.0235294117647059,0.105263157894737,"GO:0090520","GO:BP","sphingolipid mediated signaling pathway",21026,18096
"485","darkgreen",TRUE,0.0200507847386152,142,85,4,0.0470588235294118,0.028169014084507,"GO:0050731","GO:BP","positive regulation of peptidyl-tyrosine phosphorylation",21026,13059
"486","darkgreen",TRUE,0.0200507847386152,19,85,2,0.0235294117647059,0.105263157894737,"GO:0045342","GO:BP","MHC class II biosynthetic process",21026,11203
"487","darkgreen",TRUE,0.0200507847386152,19,85,2,0.0235294117647059,0.105263157894737,"GO:0098543","GO:BP","detection of other organism",21026,18546
"488","darkgreen",TRUE,0.0202899377133168,728,85,9,0.105882352941176,0.0123626373626374,"GO:0009617","GO:BP","response to bacterium",21026,3529
"489","darkgreen",TRUE,0.0203458987615559,2947,85,22,0.258823529411765,0.00746521886664404,"GO:0065008","GO:BP","regulation of biological quality",21026,15667
"490","darkgreen",TRUE,0.0203541271667806,143,85,4,0.0470588235294118,0.027972027972028,"GO:0050671","GO:BP","positive regulation of lymphocyte proliferation",21026,13034
"491","darkgreen",TRUE,0.0203541271667806,729,85,9,0.105882352941176,0.0123456790123457,"GO:0030036","GO:BP","actin cytoskeleton organization",21026,6627
"492","darkgreen",TRUE,0.0208186279748315,144,85,4,0.0470588235294118,0.0277777777777778,"GO:0007266","GO:BP","Rho protein signal transduction",21026,2780
"493","darkgreen",TRUE,0.0213040445907623,239,85,5,0.0588235294117647,0.0209205020920502,"GO:0018108","GO:BP","peptidyl-tyrosine phosphorylation",21026,5302
"494","darkgreen",TRUE,0.0213850761218933,70,85,3,0.0352941176470588,0.0428571428571429,"GO:0046513","GO:BP","ceramide biosynthetic process",21026,12047
"495","darkgreen",TRUE,0.0217120631613819,146,85,4,0.0470588235294118,0.0273972602739726,"GO:0032946","GO:BP","positive regulation of mononuclear cell proliferation",21026,7874
"496","darkgreen",TRUE,0.0219118389209781,241,85,5,0.0588235294117647,0.020746887966805,"GO:0018212","GO:BP","peptidyl-tyrosine modification",21026,5346
"497","darkgreen",TRUE,0.0219842317039278,71,85,3,0.0352941176470588,0.0422535211267606,"GO:0014015","GO:BP","positive regulation of gliogenesis",21026,4568
"498","darkgreen",TRUE,0.0219842317039278,71,85,3,0.0352941176470588,0.0422535211267606,"GO:0032835","GO:BP","glomerulus development",21026,7802
"499","darkgreen",TRUE,0.0219842317039278,71,85,3,0.0352941176470588,0.0422535211267606,"GO:0032732","GO:BP","positive regulation of interleukin-1 production",21026,7722
"500","darkgreen",TRUE,0.0220805494724763,242,85,5,0.0588235294117647,0.0206611570247934,"GO:0071900","GO:BP","regulation of protein serine/threonine kinase activity",21026,16740
"501","darkgreen",TRUE,0.0227016753119841,244,85,5,0.0588235294117647,0.0204918032786885,"GO:0051924","GO:BP","regulation of calcium ion transport",21026,13803
"502","darkgreen",TRUE,0.0227016753119841,72,85,3,0.0352941176470588,0.0416666666666667,"GO:0032722","GO:BP","positive regulation of chemokine production",21026,7712
"503","darkgreen",TRUE,0.0227016753119841,72,85,3,0.0352941176470588,0.0416666666666667,"GO:0050853","GO:BP","B cell receptor signaling pathway",21026,13129
"504","darkgreen",TRUE,0.0229786097820443,2604,85,20,0.235294117647059,0.00768049155145929,"GO:0007399","GO:BP","nervous system development",21026,2884
"505","darkgreen",TRUE,0.0229786097820443,355,85,6,0.0705882352941176,0.0169014084507042,"GO:0070661","GO:BP","leukocyte proliferation",21026,16014
"506","darkgreen",TRUE,0.0231620521544408,246,85,5,0.0588235294117647,0.0203252032520325,"GO:0050769","GO:BP","positive regulation of neurogenesis",21026,13072
"507","darkgreen",TRUE,0.0231620521544408,150,85,4,0.0470588235294118,0.0266666666666667,"GO:0046467","GO:BP","membrane lipid biosynthetic process",21026,12010
"508","darkgreen",TRUE,0.0231620521544408,21,85,2,0.0235294117647059,0.0952380952380952,"GO:1900227","GO:BP","positive regulation of NLRP3 inflammasome complex assembly",21026,20235
"509","darkgreen",TRUE,0.0231620521544408,21,85,2,0.0235294117647059,0.0952380952380952,"GO:0010881","GO:BP","regulation of cardiac muscle contraction by regulation of the release of sequestered calcium ion",21026,4450
"510","darkgreen",TRUE,0.0239364732289712,74,85,3,0.0352941176470588,0.0405405405405405,"GO:0014909","GO:BP","smooth muscle cell migration",21026,4761
"511","darkgreen",TRUE,0.0239364732289712,74,85,3,0.0352941176470588,0.0405405405405405,"GO:0031343","GO:BP","positive regulation of cell killing",21026,7095
"512","darkgreen",TRUE,0.0239364732289712,613,85,8,0.0941176470588235,0.0130505709624796,"GO:0071396","GO:BP","cellular response to lipid",21026,16418
"513","darkgreen",TRUE,0.0247413354438533,75,85,3,0.0352941176470588,0.04,"GO:0055117","GO:BP","regulation of cardiac muscle contraction",21026,14050
"514","darkgreen",TRUE,0.0247413354438533,75,85,3,0.0352941176470588,0.04,"GO:0032729","GO:BP","positive regulation of type II interferon production",21026,7719
"515","darkgreen",TRUE,0.024906955384304,22,85,2,0.0235294117647059,0.0909090909090909,"GO:0034312","GO:BP","diol biosynthetic process",21026,8503
"516","darkgreen",TRUE,0.024906955384304,22,85,2,0.0235294117647059,0.0909090909090909,"GO:0036120","GO:BP","cellular response to platelet-derived growth factor stimulus",21026,9374
"517","darkgreen",TRUE,0.024906955384304,22,85,2,0.0235294117647059,0.0909090909090909,"GO:0141087","GO:BP","positive regulation of inflammasome-mediated signaling pathway",21026,19760
"518","darkgreen",TRUE,0.0254108783275859,76,85,3,0.0352941176470588,0.0394736842105263,"GO:0072678","GO:BP","T cell migration",21026,17262
"519","darkgreen",TRUE,0.0254108783275859,762,85,9,0.105882352941176,0.0118110236220472,"GO:0002250","GO:BP","adaptive immune response",21026,780
"520","darkgreen",TRUE,0.0255314884685134,1223,85,12,0.141176470588235,0.0098119378577269,"GO:0071495","GO:BP","cellular response to endogenous stimulus",21026,16497
"521","darkgreen",TRUE,0.0262034912673149,77,85,3,0.0352941176470588,0.038961038961039,"GO:0003151","GO:BP","outflow tract morphogenesis",21026,1581
"522","darkgreen",TRUE,0.0262949575657654,1,85,1,0.0117647058823529,1,"GO:1900134","GO:BP","negative regulation of renin secretion into blood stream",21026,20160
"523","darkgreen",TRUE,0.0262949575657654,1,85,1,0.0117647058823529,1,"GO:0090074","GO:BP","negative regulation of protein homodimerization activity",21026,17763
"524","darkgreen",TRUE,0.0262949575657654,1,85,1,0.0117647058823529,1,"GO:0071324","GO:BP","cellular response to disaccharide stimulus",21026,16350
"525","darkgreen",TRUE,0.0262949575657654,1,85,1,0.0117647058823529,1,"GO:0071329","GO:BP","cellular response to sucrose stimulus",21026,16355
"526","darkgreen",TRUE,0.0262949575657654,1,85,1,0.0117647058823529,1,"GO:0045660","GO:BP","positive regulation of neutrophil differentiation",21026,11349
"527","darkgreen",TRUE,0.0262949575657654,1,85,1,0.0117647058823529,1,"GO:0036323","GO:BP","vascular endothelial growth factor receptor-1 signaling pathway",21026,9477
"528","darkgreen",TRUE,0.0262949575657654,1,85,1,0.0117647058823529,1,"GO:0010185","GO:BP","regulation of cellular defense response",21026,3957
"529","darkgreen",TRUE,0.0262949575657654,1,85,1,0.0117647058823529,1,"GO:0010186","GO:BP","positive regulation of cellular defense response",21026,3958
"530","darkgreen",TRUE,0.0262949575657654,1,85,1,0.0117647058823529,1,"GO:0043496","GO:BP","regulation of protein homodimerization activity",21026,10640
"531","darkgreen",TRUE,0.0262949575657654,1,85,1,0.0117647058823529,1,"GO:0120042","GO:BP","negative regulation of macrophage proliferation",21026,19214
"532","darkgreen",TRUE,0.0262949575657654,1,85,1,0.0117647058823529,1,"GO:0062126","GO:BP","fatty acid primary amide metabolic process",21026,15609
"533","darkgreen",TRUE,0.0262949575657654,78,85,3,0.0352941176470588,0.0384615384615385,"GO:0071277","GO:BP","cellular response to calcium ion",21026,16304
"534","darkgreen",TRUE,0.0262949575657654,1,85,1,0.0117647058823529,1,"GO:1990771","GO:BP","clathrin-dependent extracellular exosome endocytosis",21026,24845
"535","darkgreen",TRUE,0.0262949575657654,1,85,1,0.0117647058823529,1,"GO:0062112","GO:BP","fatty acid primary amide biosynthetic process",21026,15604
"536","darkgreen",TRUE,0.0262949575657654,1,85,1,0.0117647058823529,1,"GO:1905483","GO:BP","regulation of motor neuron migration",21026,24253
"537","darkgreen",TRUE,0.0262949575657654,1736,85,15,0.176470588235294,0.00864055299539171,"GO:0042592","GO:BP","homeostatic process",21026,10159
"538","darkgreen",TRUE,0.0262949575657654,1,85,1,0.0117647058823529,1,"GO:1904330","GO:BP","positive regulation of myofibroblast contraction",21026,23355
"539","darkgreen",TRUE,0.0262949575657654,1,85,1,0.0117647058823529,1,"GO:1902888","GO:BP","protein localization to astral microtubule",21026,22281
"540","darkgreen",TRUE,0.0262949575657654,1,85,1,0.0117647058823529,1,"GO:0002651","GO:BP","positive regulation of tolerance induction to self antigen",21026,1167
"541","darkgreen",TRUE,0.0262949575657654,1,85,1,0.0117647058823529,1,"GO:0002649","GO:BP","regulation of tolerance induction to self antigen",21026,1165
"542","darkgreen",TRUE,0.0262949575657654,1,85,1,0.0117647058823529,1,"GO:0002617","GO:BP","negative regulation of macrophage antigen processing and presentation",21026,1136
"543","darkgreen",TRUE,0.0262949575657654,1,85,1,0.0117647058823529,1,"GO:0002616","GO:BP","regulation of macrophage antigen processing and presentation",21026,1135
"544","darkgreen",TRUE,0.0262949575657654,1,85,1,0.0117647058823529,1,"GO:0002537","GO:BP","nitric oxide production involved in inflammatory response",21026,1056
"545","darkgreen",TRUE,0.0262949575657654,1,85,1,0.0117647058823529,1,"GO:1905485","GO:BP","positive regulation of motor neuron migration",21026,24255
"546","darkgreen",TRUE,0.0262949575657654,1,85,1,0.0117647058823529,1,"GO:0035026","GO:BP","leading edge cell differentiation",21026,8704
"547","darkgreen",TRUE,0.0262949575657654,1,85,1,0.0117647058823529,1,"GO:0003185","GO:BP","sinoatrial valve morphogenesis",21026,1613
"548","darkgreen",TRUE,0.0262949575657654,1,85,1,0.0117647058823529,1,"GO:0002472","GO:BP","macrophage antigen processing and presentation",21026,993
"549","darkgreen",TRUE,0.0262949575657654,1,85,1,0.0117647058823529,1,"GO:1902078","GO:BP","positive regulation of lateral motor column neuron migration",21026,21709
"550","darkgreen",TRUE,0.0262949575657654,1,85,1,0.0117647058823529,1,"GO:1902076","GO:BP","regulation of lateral motor column neuron migration",21026,21707
"551","darkgreen",TRUE,0.0262949575657654,1,85,1,0.0117647058823529,1,"GO:1905317","GO:BP","inferior endocardial cushion morphogenesis",21026,24137
"552","darkgreen",TRUE,0.0263133709018453,160,85,4,0.0470588235294118,0.025,"GO:0051017","GO:BP","actin filament bundle assembly",21026,13269
"553","darkgreen",TRUE,0.0264859014142903,374,85,6,0.0705882352941176,0.0160427807486631,"GO:0045089","GO:BP","positive regulation of innate immune response",21026,11118
"554","darkgreen",TRUE,0.0266512549465136,500,85,7,0.0823529411764706,0.014,"GO:0090066","GO:BP","regulation of anatomical structure size",21026,17757
"555","darkgreen",TRUE,0.0268887406650438,24,85,2,0.0235294117647059,0.0833333333333333,"GO:0070528","GO:BP","protein kinase C signaling",21026,15939
"556","darkgreen",TRUE,0.0268887406650438,24,85,2,0.0235294117647059,0.0833333333333333,"GO:0003148","GO:BP","outflow tract septum morphogenesis",21026,1578
"557","darkgreen",TRUE,0.0268887406650438,376,85,6,0.0705882352941176,0.0159574468085106,"GO:0050878","GO:BP","regulation of body fluid levels",21026,13151
"558","darkgreen",TRUE,0.0268887406650438,24,85,2,0.0235294117647059,0.0833333333333333,"GO:0036119","GO:BP","response to platelet-derived growth factor",21026,9373
"559","darkgreen",TRUE,0.0268887406650438,24,85,2,0.0235294117647059,0.0833333333333333,"GO:1904996","GO:BP","positive regulation of leukocyte adhesion to vascular endothelial cell",21026,23893
"560","darkgreen",TRUE,0.0272794609565166,263,85,5,0.0588235294117647,0.0190114068441065,"GO:0051896","GO:BP","regulation of phosphatidylinositol 3-kinase/protein kinase B signal transduction",21026,13786
"561","darkgreen",TRUE,0.0272794609565166,263,85,5,0.0588235294117647,0.0190114068441065,"GO:1901888","GO:BP","regulation of cell junction assembly",21026,21547
"562","darkgreen",TRUE,0.0274648119141389,81,85,3,0.0352941176470588,0.037037037037037,"GO:0060395","GO:BP","SMAD protein signal transduction",21026,14387
"563","darkgreen",TRUE,0.0274648119141389,163,85,4,0.0470588235294118,0.0245398773006135,"GO:0061572","GO:BP","actin filament bundle organization",21026,15349
"564","darkgreen",TRUE,0.0274803183025947,264,85,5,0.0588235294117647,0.0189393939393939,"GO:0002699","GO:BP","positive regulation of immune effector process",21026,1215
"565","darkgreen",TRUE,0.0274803183025947,505,85,7,0.0823529411764706,0.0138613861386139,"GO:0007264","GO:BP","small GTPase-mediated signal transduction",21026,2778
"566","darkgreen",TRUE,0.0275096762265261,3661,85,25,0.294117647058824,0.00682873531821907,"GO:0051641","GO:BP","cellular localization",21026,13664
"567","darkgreen",TRUE,0.0277961980842659,164,85,4,0.0470588235294118,0.024390243902439,"GO:0070665","GO:BP","positive regulation of leukocyte proliferation",21026,16018
"568","darkgreen",TRUE,0.0281511555527908,165,85,4,0.0470588235294118,0.0242424242424242,"GO:0050728","GO:BP","negative regulation of inflammatory response",21026,13056
"569","darkgreen",TRUE,0.0281511555527908,267,85,5,0.0588235294117647,0.0187265917602996,"GO:0070663","GO:BP","regulation of leukocyte proliferation",21026,16016
"570","darkgreen",TRUE,0.0281511555527908,25,85,2,0.0235294117647059,0.08,"GO:0044346","GO:BP","fibroblast apoptotic process",21026,10867
"571","darkgreen",TRUE,0.0281511555527908,25,85,2,0.0235294117647059,0.08,"GO:0035020","GO:BP","regulation of Rac protein signal transduction",21026,8698
"572","darkgreen",TRUE,0.0281511555527908,25,85,2,0.0235294117647059,0.08,"GO:0030318","GO:BP","melanocyte differentiation",21026,6732
"573","darkgreen",TRUE,0.0281511555527908,1592,85,14,0.164705882352941,0.00879396984924623,"GO:0016192","GO:BP","vesicle-mediated transport",21026,5143
"574","darkgreen",TRUE,0.0281511555527908,165,85,4,0.0470588235294118,0.0242424242424242,"GO:0006937","GO:BP","regulation of muscle contraction",21026,2565
"575","darkgreen",TRUE,0.0281511555527908,645,85,8,0.0941176470588235,0.0124031007751938,"GO:1901699","GO:BP","cellular response to nitrogen compound",21026,21370
"576","darkgreen",TRUE,0.0281511555527908,25,85,2,0.0235294117647059,0.08,"GO:0046641","GO:BP","positive regulation of alpha-beta T cell proliferation",21026,12113
"577","darkgreen",TRUE,0.0284936776791425,1771,85,15,0.176470588235294,0.00846979107848673,"GO:0022008","GO:BP","neurogenesis",21026,6530
"578","darkgreen",TRUE,0.0297558800975184,1105,85,11,0.129411764705882,0.00995475113122172,"GO:0051130","GO:BP","positive regulation of cellular component organization",21026,13334
"579","darkgreen",TRUE,0.0299910298086416,26,85,2,0.0235294117647059,0.0769230769230769,"GO:0051894","GO:BP","positive regulation of focal adhesion assembly",21026,13784
"580","darkgreen",TRUE,0.0299910298086416,169,85,4,0.0470588235294118,0.0236686390532544,"GO:0003205","GO:BP","cardiac chamber development",21026,1633
"581","darkgreen",TRUE,0.0299910298086416,169,85,4,0.0470588235294118,0.0236686390532544,"GO:0007204","GO:BP","positive regulation of cytosolic calcium ion concentration",21026,2746
"582","darkgreen",TRUE,0.0299910298086416,26,85,2,0.0235294117647059,0.0769230769230769,"GO:0098581","GO:BP","detection of external biotic stimulus",21026,18549
"583","darkgreen",TRUE,0.0311234735633836,86,85,3,0.0352941176470588,0.0348837209302326,"GO:0048708","GO:BP","astrocyte differentiation",21026,12798
"584","darkgreen",TRUE,0.0317218514330504,172,85,4,0.0470588235294118,0.0232558139534884,"GO:0043604","GO:BP","amide biosynthetic process",21026,10699
"585","darkgreen",TRUE,0.0319733081561057,87,85,3,0.0352941176470588,0.0344827586206897,"GO:0042310","GO:BP","vasoconstriction",21026,9990
"586","darkgreen",TRUE,0.0319733081561057,27,85,2,0.0235294117647059,0.0740740740740741,"GO:0010882","GO:BP","regulation of cardiac muscle contraction by calcium ion signaling",21026,4451
"587","darkgreen",TRUE,0.0319733081561057,27,85,2,0.0235294117647059,0.0740740740740741,"GO:0006929","GO:BP","substrate-dependent cell migration",21026,2557
"588","darkgreen",TRUE,0.0327724783347524,88,85,3,0.0352941176470588,0.0340909090909091,"GO:0050871","GO:BP","positive regulation of B cell activation",21026,13147
"589","darkgreen",TRUE,0.0327724783347524,88,85,3,0.0352941176470588,0.0340909090909091,"GO:0014812","GO:BP","muscle cell migration",21026,4671
"590","darkgreen",TRUE,0.0331121127393031,528,85,7,0.0823529411764706,0.0132575757575758,"GO:0043065","GO:BP","positive regulation of apoptotic process",21026,10416
"591","darkgreen",TRUE,0.0339240269043573,28,85,2,0.0235294117647059,0.0714285714285714,"GO:0045954","GO:BP","positive regulation of natural killer cell mediated cytotoxicity",21026,11584
"592","darkgreen",TRUE,0.0339240269043573,28,85,2,0.0235294117647059,0.0714285714285714,"GO:1900017","GO:BP","positive regulation of cytokine production involved in inflammatory response",21026,20071
"593","darkgreen",TRUE,0.0339240269043573,970,85,10,0.117647058823529,0.0103092783505155,"GO:0007167","GO:BP","enzyme-linked receptor protein signaling pathway",21026,2718
"594","darkgreen",TRUE,0.0339484870728038,401,85,6,0.0705882352941176,0.0149625935162095,"GO:0002697","GO:BP","regulation of immune effector process",21026,1213
"595","darkgreen",TRUE,0.03422333189809,402,85,6,0.0705882352941176,0.0149253731343284,"GO:0050900","GO:BP","leukocyte migration",21026,13170
"596","darkgreen",TRUE,0.03422333189809,177,85,4,0.0470588235294118,0.0225988700564972,"GO:1902905","GO:BP","positive regulation of supramolecular fiber organization",21026,22297
"597","darkgreen",TRUE,0.0348868276994496,284,85,5,0.0588235294117647,0.0176056338028169,"GO:1904062","GO:BP","regulation of monoatomic cation transmembrane transport",21026,23146
"598","darkgreen",TRUE,0.0353169614069689,91,85,3,0.0352941176470588,0.032967032967033,"GO:0002312","GO:BP","B cell activation involved in immune response",21026,842
"599","darkgreen",TRUE,0.0356178202371269,29,85,2,0.0235294117647059,0.0689655172413793,"GO:1901679","GO:BP","nucleotide transmembrane transport",21026,21358
"600","darkgreen",TRUE,0.0356178202371269,825,85,9,0.105882352941176,0.0109090909090909,"GO:0030029","GO:BP","actin filament-based process",21026,6620
"601","darkgreen",TRUE,0.0356178202371269,29,85,2,0.0235294117647059,0.0689655172413793,"GO:0060384","GO:BP","innervation",21026,14381
"602","darkgreen",TRUE,0.0356178202371269,29,85,2,0.0235294117647059,0.0689655172413793,"GO:0003094","GO:BP","glomerular filtration",21026,1536
"603","darkgreen",TRUE,0.0356178202371269,29,85,2,0.0235294117647059,0.0689655172413793,"GO:0048714","GO:BP","positive regulation of oligodendrocyte differentiation",21026,12804
"604","darkgreen",TRUE,0.0364851798655574,984,85,10,0.117647058823529,0.0101626016260163,"GO:0045087","GO:BP","innate immune response",21026,11116
"605","darkgreen",TRUE,0.0369862178914688,93,85,3,0.0352941176470588,0.032258064516129,"GO:0001910","GO:BP","regulation of leukocyte mediated cytotoxicity",21026,525
"606","darkgreen",TRUE,0.0378362044374611,30,85,2,0.0235294117647059,0.0666666666666667,"GO:0010880","GO:BP","regulation of release of sequestered calcium ion into cytosol by sarcoplasmic reticulum",21026,4449
"607","darkgreen",TRUE,0.0379448616846863,94,85,3,0.0352941176470588,0.0319148936170213,"GO:1901222","GO:BP","regulation of non-canonical NF-kappaB signal transduction",21026,21041
"608","darkgreen",TRUE,0.0381352443530565,546,85,7,0.0823529411764706,0.0128205128205128,"GO:0043068","GO:BP","positive regulation of programmed cell death",21026,10419
"609","darkgreen",TRUE,0.0381352443530565,292,85,5,0.0588235294117647,0.0171232876712329,"GO:0030336","GO:BP","negative regulation of cell migration",21026,6745
"610","darkgreen",TRUE,0.0381352443530565,292,85,5,0.0588235294117647,0.0171232876712329,"GO:0001818","GO:BP","negative regulation of cytokine production",21026,473
"611","darkgreen",TRUE,0.0381771339939417,414,85,6,0.0705882352941176,0.0144927536231884,"GO:0009615","GO:BP","response to virus",21026,3527
"612","darkgreen",TRUE,0.0386870092808275,95,85,3,0.0352941176470588,0.0315789473684211,"GO:0010631","GO:BP","epithelial cell migration",21026,4260
"613","darkgreen",TRUE,0.0391763797930054,96,85,3,0.0352941176470588,0.03125,"GO:0032602","GO:BP","chemokine production",21026,7595
"614","darkgreen",TRUE,0.0391763797930054,31,85,2,0.0235294117647059,0.0645161290322581,"GO:0002825","GO:BP","regulation of T-helper 1 type immune response",21026,1333
"615","darkgreen",TRUE,0.0391763797930054,31,85,2,0.0235294117647059,0.0645161290322581,"GO:1904994","GO:BP","regulation of leukocyte adhesion to vascular endothelial cell",21026,23891
"616","darkgreen",TRUE,0.0391763797930054,186,85,4,0.0470588235294118,0.021505376344086,"GO:0051495","GO:BP","positive regulation of cytoskeleton organization",21026,13564
"617","darkgreen",TRUE,0.0391763797930054,31,85,2,0.0235294117647059,0.0645161290322581,"GO:0061437","GO:BP","renal system vasculature development",21026,15256
"618","darkgreen",TRUE,0.0391763797930054,31,85,2,0.0235294117647059,0.0645161290322581,"GO:0150117","GO:BP","positive regulation of cell-substrate junction organization",21026,19885
"619","darkgreen",TRUE,0.0391763797930054,96,85,3,0.0352941176470588,0.03125,"GO:0032642","GO:BP","regulation of chemokine production",21026,7634
"620","darkgreen",TRUE,0.0391763797930054,31,85,2,0.0235294117647059,0.0645161290322581,"GO:0035303","GO:BP","regulation of dephosphorylation",21026,8891
"621","darkgreen",TRUE,0.0391763797930054,31,85,2,0.0235294117647059,0.0645161290322581,"GO:0061440","GO:BP","kidney vasculature development",21026,15259
"622","darkgreen",TRUE,0.0394034276680376,296,85,5,0.0588235294117647,0.0168918918918919,"GO:0051962","GO:BP","positive regulation of nervous system development",21026,13837
"623","darkgreen",TRUE,0.0396399400568668,553,85,7,0.0823529411764706,0.0126582278481013,"GO:0044092","GO:BP","negative regulation of molecular function",21026,10817
"624","darkgreen",TRUE,0.0400323210906276,97,85,3,0.0352941176470588,0.0309278350515464,"GO:0006942","GO:BP","regulation of striated muscle contraction",21026,2569
"625","darkgreen",TRUE,0.0402554065680926,1680,85,14,0.164705882352941,0.00833333333333333,"GO:0048585","GO:BP","negative regulation of response to stimulus",21026,12689
"626","darkgreen",TRUE,0.040442101309776,2,85,1,0.0117647058823529,0.5,"GO:0046511","GO:BP","sphinganine biosynthetic process",21026,12045
"627","darkgreen",TRUE,0.040442101309776,2,85,1,0.0117647058823529,0.5,"GO:0007521","GO:BP","muscle cell fate determination",21026,2989
"628","darkgreen",TRUE,0.040442101309776,33,85,2,0.0235294117647059,0.0606060606060606,"GO:0045671","GO:BP","negative regulation of osteoclast differentiation",21026,11360
"629","darkgreen",TRUE,0.040442101309776,2,85,1,0.0117647058823529,0.5,"GO:2000473","GO:BP","positive regulation of hematopoietic stem cell migration",21026,25340
"630","darkgreen",TRUE,0.040442101309776,2,85,1,0.0117647058823529,0.5,"GO:2000471","GO:BP","regulation of hematopoietic stem cell migration",21026,25338
"631","darkgreen",TRUE,0.040442101309776,304,85,5,0.0588235294117647,0.0164473684210526,"GO:0006874","GO:BP","intracellular calcium ion homeostasis",21026,2523
"632","darkgreen",TRUE,0.040442101309776,2,85,1,0.0117647058823529,0.5,"GO:0007529","GO:BP","establishment of synaptic specificity at neuromuscular junction",21026,2997
"633","darkgreen",TRUE,0.040442101309776,2,85,1,0.0117647058823529,0.5,"GO:0044856","GO:BP","plasma membrane raft localization",21026,11048
"634","darkgreen",TRUE,0.040442101309776,2,85,1,0.0117647058823529,0.5,"GO:0042496","GO:BP","detection of diacyl bacterial lipopeptide",21026,10131
"635","darkgreen",TRUE,0.040442101309776,299,85,5,0.0588235294117647,0.0167224080267559,"GO:0043491","GO:BP","phosphatidylinositol 3-kinase/protein kinase B signal transduction",21026,10639
"636","darkgreen",TRUE,0.040442101309776,2,85,1,0.0117647058823529,0.5,"GO:0021649","GO:BP","vestibulocochlear nerve structural organization",21026,6200
"637","darkgreen",TRUE,0.040442101309776,2,85,1,0.0117647058823529,0.5,"GO:0032707","GO:BP","negative regulation of interleukin-23 production",21026,7697
"638","darkgreen",TRUE,0.040442101309776,2,85,1,0.0117647058823529,0.5,"GO:0033633","GO:BP","negative regulation of cell-cell adhesion mediated by integrin",21026,8274
"639","darkgreen",TRUE,0.040442101309776,2,85,1,0.0117647058823529,0.5,"GO:0034352","GO:BP","positive regulation of glial cell apoptotic process",21026,8525
"640","darkgreen",TRUE,0.040442101309776,2,85,1,0.0117647058823529,0.5,"GO:0034478","GO:BP","phosphatidylglycerol catabolic process",21026,8591
"641","darkgreen",TRUE,0.040442101309776,2,85,1,0.0117647058823529,0.5,"GO:0035983","GO:BP","response to trichostatin A",21026,9294
"642","darkgreen",TRUE,0.040442101309776,2,85,1,0.0117647058823529,0.5,"GO:0035984","GO:BP","cellular response to trichostatin A",21026,9295
"643","darkgreen",TRUE,0.040442101309776,32,85,2,0.0235294117647059,0.0625,"GO:0036075","GO:BP","replacement ossification",21026,9344
"644","darkgreen",TRUE,0.040442101309776,2,85,1,0.0117647058823529,0.5,"GO:0036145","GO:BP","dendritic cell homeostasis",21026,9376
"645","darkgreen",TRUE,0.040442101309776,2,85,1,0.0117647058823529,0.5,"GO:0038190","GO:BP","VEGF-activated neuropilin signaling pathway",21026,9673
"646","darkgreen",TRUE,0.040442101309776,2,85,1,0.0117647058823529,0.5,"GO:0010694","GO:BP","positive regulation of alkaline phosphatase activity",21026,4308
"647","darkgreen",TRUE,0.040442101309776,2,85,1,0.0117647058823529,0.5,"GO:0042495","GO:BP","detection of triacyl bacterial lipopeptide",21026,10130
"648","darkgreen",TRUE,0.040442101309776,2,85,1,0.0117647058823529,0.5,"GO:0001519","GO:BP","peptide amidation",21026,325
"649","darkgreen",TRUE,0.040442101309776,2,85,1,0.0117647058823529,0.5,"GO:0010692","GO:BP","regulation of alkaline phosphatase activity",21026,4306
"650","darkgreen",TRUE,0.040442101309776,2,85,1,0.0117647058823529,0.5,"GO:0043381","GO:BP","negative regulation of memory T cell differentiation",21026,10562
"651","darkgreen",TRUE,0.040442101309776,2,85,1,0.0117647058823529,0.5,"GO:0044855","GO:BP","plasma membrane raft distribution",21026,11047
"652","darkgreen",TRUE,0.040442101309776,2,85,1,0.0117647058823529,0.5,"GO:1905755","GO:BP","protein localization to cytoplasmic microtubule",21026,24452
"653","darkgreen",TRUE,0.040442101309776,2,85,1,0.0117647058823529,0.5,"GO:1902068","GO:BP","regulation of sphingolipid mediated signaling pathway",21026,21699
"654","darkgreen",TRUE,0.040442101309776,2,85,1,0.0117647058823529,0.5,"GO:0060434","GO:BP","bronchus morphogenesis",21026,14421
"655","darkgreen",TRUE,0.040442101309776,32,85,2,0.0235294117647059,0.0625,"GO:0002431","GO:BP","Fc receptor mediated stimulatory signaling pathway",21026,952
"656","darkgreen",TRUE,0.040442101309776,2,85,1,0.0117647058823529,0.5,"GO:1904328","GO:BP","regulation of myofibroblast contraction",21026,23353
"657","darkgreen",TRUE,0.040442101309776,563,85,7,0.0823529411764706,0.0124333925399645,"GO:1903530","GO:BP","regulation of secretion by cell",21026,22749
"658","darkgreen",TRUE,0.040442101309776,2,85,1,0.0117647058823529,0.5,"GO:0061441","GO:BP","renal artery morphogenesis",21026,15260
"659","darkgreen",TRUE,0.040442101309776,2,85,1,0.0117647058823529,0.5,"GO:0061552","GO:BP","ganglion morphogenesis",21026,15333
"660","darkgreen",TRUE,0.040442101309776,2,85,1,0.0117647058823529,0.5,"GO:0098989","GO:BP","NMDA selective glutamate receptor signaling pathway",21026,18740
"661","darkgreen",TRUE,0.040442101309776,2,85,1,0.0117647058823529,0.5,"GO:0061868","GO:BP","hepatic stellate cell migration",21026,15477
"662","darkgreen",TRUE,0.040442101309776,2,85,1,0.0117647058823529,0.5,"GO:0097102","GO:BP","endothelial tip cell fate specification",21026,18255
"663","darkgreen",TRUE,0.040442101309776,32,85,2,0.0235294117647059,0.0625,"GO:0006691","GO:BP","leukotriene metabolic process",21026,2391
"664","darkgreen",TRUE,0.040442101309776,2,85,1,0.0117647058823529,0.5,"GO:0061870","GO:BP","positive regulation of hepatic stellate cell migration",21026,15479
"665","darkgreen",TRUE,0.040442101309776,2,85,1,0.0117647058823529,0.5,"GO:1903375","GO:BP","facioacoustic ganglion development",21026,22624
"666","darkgreen",TRUE,0.040442101309776,194,85,4,0.0470588235294118,0.0206185567010309,"GO:0002700","GO:BP","regulation of production of molecular mediator of immune response",21026,1216
"667","darkgreen",TRUE,0.040442101309776,2,85,1,0.0117647058823529,0.5,"GO:1903056","GO:BP","regulation of melanosome organization",21026,22416
"668","darkgreen",TRUE,0.040442101309776,2,85,1,0.0117647058823529,0.5,"GO:0002663","GO:BP","positive regulation of B cell tolerance induction",21026,1179
"669","darkgreen",TRUE,0.040442101309776,98,85,3,0.0352941176470588,0.0306122448979592,"GO:0090132","GO:BP","epithelium migration",21026,17810
"670","darkgreen",TRUE,0.040442101309776,2,85,1,0.0117647058823529,0.5,"GO:0002661","GO:BP","regulation of B cell tolerance induction",21026,1177
"671","darkgreen",TRUE,0.040442101309776,2,85,1,0.0117647058823529,0.5,"GO:0061869","GO:BP","regulation of hepatic stellate cell migration",21026,15478
"672","darkgreen",TRUE,0.040442101309776,2,85,1,0.0117647058823529,0.5,"GO:0098990","GO:BP","AMPA selective glutamate receptor signaling pathway",21026,18741
"673","darkgreen",TRUE,0.040442101309776,32,85,2,0.0235294117647059,0.0625,"GO:0097205","GO:BP","renal filtration",21026,18300
"674","darkgreen",TRUE,0.040442101309776,2,85,1,0.0117647058823529,0.5,"GO:1900143","GO:BP","positive regulation of oligodendrocyte apoptotic process",21026,20169
"675","darkgreen",TRUE,0.040442101309776,99,85,3,0.0352941176470588,0.0303030303030303,"GO:0051100","GO:BP","negative regulation of binding",21026,13321
"676","darkgreen",TRUE,0.040442101309776,2,85,1,0.0117647058823529,0.5,"GO:1905040","GO:BP","otic placode development",21026,23927
"677","darkgreen",TRUE,0.040442101309776,2,85,1,0.0117647058823529,0.5,"GO:0140973","GO:BP","positive regulation of AIM2 inflammasome complex assembly",21026,19701
"678","darkgreen",TRUE,0.040442101309776,2,85,1,0.0117647058823529,0.5,"GO:1902480","GO:BP","protein localization to mitotic spindle",21026,22008
"679","darkgreen",TRUE,0.040442101309776,2,85,1,0.0117647058823529,0.5,"GO:1904835","GO:BP","dorsal root ganglion morphogenesis",21026,23762
"680","darkgreen",TRUE,0.040442101309776,2,85,1,0.0117647058823529,0.5,"GO:1902889","GO:BP","protein localization to spindle microtubule",21026,22282
"681","darkgreen",TRUE,0.040442101309776,2,85,1,0.0117647058823529,0.5,"GO:1904520","GO:BP","regulation of myofibroblast cell apoptotic process",21026,23510
"682","darkgreen",TRUE,0.040442101309776,2,85,1,0.0117647058823529,0.5,"GO:0003366","GO:BP","cell-matrix adhesion involved in ameboidal cell migration",21026,1784
"683","darkgreen",TRUE,0.040442101309776,2,85,1,0.0117647058823529,0.5,"GO:0003172","GO:BP","sinoatrial valve development",21026,1600
"684","darkgreen",TRUE,0.040442101309776,2,85,1,0.0117647058823529,0.5,"GO:1904516","GO:BP","myofibroblast cell apoptotic process",21026,23507
"685","darkgreen",TRUE,0.040442101309776,32,85,2,0.0235294117647059,0.0625,"GO:0001958","GO:BP","endochondral ossification",21026,565
"686","darkgreen",TRUE,0.0410787105588028,196,85,4,0.0470588235294118,0.0204081632653061,"GO:0051091","GO:BP","positive regulation of DNA-binding transcription factor activity",21026,13313
"687","darkgreen",TRUE,0.0410787105588028,308,85,5,0.0588235294117647,0.0162337662337662,"GO:2000146","GO:BP","negative regulation of cell motility",21026,25055
"688","darkgreen",TRUE,0.0410787105588028,5555,85,33,0.388235294117647,0.00594059405940594,"GO:0051179","GO:BP","localization",21026,13378
"689","darkgreen",TRUE,0.0410787105588028,102,85,3,0.0352941176470588,0.0294117647058824,"GO:0034109","GO:BP","homotypic cell-cell adhesion",21026,8354
"690","darkgreen",TRUE,0.041331639390309,34,85,2,0.0235294117647059,0.0588235294117647,"GO:0002717","GO:BP","positive regulation of natural killer cell mediated immunity",21026,1233
"691","darkgreen",TRUE,0.041331639390309,34,85,2,0.0235294117647059,0.0588235294117647,"GO:0001569","GO:BP","branching involved in blood vessel morphogenesis",21026,352
"692","darkgreen",TRUE,0.0416937496421385,103,85,3,0.0352941176470588,0.029126213592233,"GO:0032231","GO:BP","regulation of actin filament bundle assembly",21026,7367
"693","darkgreen",TRUE,0.0416937496421385,103,85,3,0.0352941176470588,0.029126213592233,"GO:0060349","GO:BP","bone morphogenesis",21026,14351
"694","darkgreen",TRUE,0.0420578365934131,198,85,4,0.0470588235294118,0.0202020202020202,"GO:0050730","GO:BP","regulation of peptidyl-tyrosine phosphorylation",21026,13058
"695","darkgreen",TRUE,0.0420578365934131,198,85,4,0.0470588235294118,0.0202020202020202,"GO:0050777","GO:BP","negative regulation of immune response",21026,13080
"696","darkgreen",TRUE,0.0422282125240145,311,85,5,0.0588235294117647,0.0160771704180064,"GO:0046651","GO:BP","lymphocyte proliferation",21026,12122
"697","darkgreen",TRUE,0.0425213594705037,104,85,3,0.0352941176470588,0.0288461538461538,"GO:0090130","GO:BP","tissue migration",21026,17808
"698","darkgreen",TRUE,0.0426897626444845,874,85,9,0.105882352941176,0.0102974828375286,"GO:0043066","GO:BP","negative regulation of apoptotic process",21026,10417
"699","darkgreen",TRUE,0.0429936071730807,35,85,2,0.0235294117647059,0.0571428571428571,"GO:0015868","GO:BP","purine ribonucleotide transport",21026,4952
"700","darkgreen",TRUE,0.0429936071730807,35,85,2,0.0235294117647059,0.0571428571428571,"GO:0010669","GO:BP","epithelial structure maintenance",21026,4297
"701","darkgreen",TRUE,0.0429936071730807,35,85,2,0.0235294117647059,0.0571428571428571,"GO:0014808","GO:BP","release of sequestered calcium ion into cytosol by sarcoplasmic reticulum",21026,4667
"702","darkgreen",TRUE,0.0444155363167927,106,85,3,0.0352941176470588,0.0283018867924528,"GO:0014013","GO:BP","regulation of gliogenesis",21026,4566
"703","darkgreen",TRUE,0.0452531649959461,36,85,2,0.0235294117647059,0.0555555555555556,"GO:0050931","GO:BP","pigment cell differentiation",21026,13201
"704","darkgreen",TRUE,0.0453390402156929,107,85,3,0.0352941176470588,0.0280373831775701,"GO:0042100","GO:BP","B cell proliferation",21026,9875
"705","darkgreen",TRUE,0.0453390402156929,107,85,3,0.0352941176470588,0.0280373831775701,"GO:0002377","GO:BP","immunoglobulin production",21026,905
"706","darkgreen",TRUE,0.0456589936125265,204,85,4,0.0470588235294118,0.0196078431372549,"GO:0008016","GO:BP","regulation of heart contraction",21026,3083
"707","darkgreen",TRUE,0.0456589936125265,204,85,4,0.0470588235294118,0.0196078431372549,"GO:0050679","GO:BP","positive regulation of epithelial cell proliferation",21026,13042
"708","darkgreen",TRUE,0.0457139340992748,732,85,8,0.0941176470588235,0.0109289617486339,"GO:0002252","GO:BP","immune effector process",21026,782
"709","darkgreen",TRUE,0.0458034911431468,319,85,5,0.0588235294117647,0.0156739811912226,"GO:0032943","GO:BP","mononuclear cell proliferation",21026,7871
"710","darkgreen",TRUE,0.0460429927450469,108,85,3,0.0352941176470588,0.0277777777777778,"GO:0030038","GO:BP","contractile actin filament bundle assembly",21026,6628
"711","darkgreen",TRUE,0.0460429927450469,108,85,3,0.0352941176470588,0.0277777777777778,"GO:0043149","GO:BP","stress fiber assembly",21026,10457
"712","darkgreen",TRUE,0.0465364929918486,449,85,6,0.0705882352941176,0.0133630289532294,"GO:0045088","GO:BP","regulation of innate immune response",21026,11117
"713","darkgreen",TRUE,0.046630008619861,37,85,2,0.0235294117647059,0.0540540540540541,"GO:0070269","GO:BP","pyroptotic inflammatory response",21026,15805
"714","darkgreen",TRUE,0.046630008619861,321,85,5,0.0588235294117647,0.0155763239875389,"GO:0034765","GO:BP","regulation of monoatomic ion transmembrane transport",21026,8669
"715","darkgreen",TRUE,0.046630008619861,37,85,2,0.0235294117647059,0.0540540540540541,"GO:1903514","GO:BP","release of sequestered calcium ion into cytosol by endoplasmic reticulum",21026,22733
"716","darkgreen",TRUE,0.046630008619861,37,85,2,0.0235294117647059,0.0540540540540541,"GO:1900225","GO:BP","regulation of NLRP3 inflammasome complex assembly",21026,20233
"717","darkgreen",TRUE,0.046630008619861,37,85,2,0.0235294117647059,0.0540540540540541,"GO:0009595","GO:BP","detection of biotic stimulus",21026,3512
"718","darkgreen",TRUE,0.0466743988333347,109,85,3,0.0352941176470588,0.0275229357798165,"GO:0031341","GO:BP","regulation of cell killing",21026,7093
"719","darkgreen",TRUE,0.0467962381991077,322,85,5,0.0588235294117647,0.015527950310559,"GO:0001822","GO:BP","kidney development",21026,477
"720","darkgreen",TRUE,0.0476905425145527,110,85,3,0.0352941176470588,0.0272727272727273,"GO:0072676","GO:BP","lymphocyte migration",21026,17260
"721","darkgreen",TRUE,0.0483918191836013,2696,85,19,0.223529411764706,0.00704747774480712,"GO:0009891","GO:BP","positive regulation of biosynthetic process",21026,3736
"722","darkgreen",TRUE,0.0484828203669566,111,85,3,0.0352941176470588,0.027027027027027,"GO:1902106","GO:BP","negative regulation of leukocyte differentiation",21026,21732
"723","darkgreen",TRUE,0.0484828203669566,38,85,2,0.0235294117647059,0.0526315789473684,"GO:0010762","GO:BP","regulation of fibroblast migration",21026,4366
"724","darkgreen",TRUE,0.0484828203669566,455,85,6,0.0705882352941176,0.0131868131868132,"GO:0043603","GO:BP","amide metabolic process",21026,10698
"725","darkgreen",TRUE,0.0484828203669566,38,85,2,0.0235294117647059,0.0526315789473684,"GO:0048873","GO:BP","homeostasis of number of cells within a tissue",21026,12947
"726","darkgreen",TRUE,0.0486530725848083,1061,85,10,0.117647058823529,0.00942507068803016,"GO:0007417","GO:BP","central nervous system development",21026,2898
"727","darkgreen",TRUE,0.0487831370372176,210,85,4,0.0470588235294118,0.019047619047619,"GO:0046474","GO:BP","glycerophospholipid biosynthetic process",21026,12016
"728","darkgreen",TRUE,0.0496775487110147,328,85,5,0.0588235294117647,0.0152439024390244,"GO:0022409","GO:BP","positive regulation of cell-cell adhesion",21026,6568
"729","darkgreen",TRUE,4.35033771182378e-07,9953,94,71,0.75531914893617,0.00713352757962423,"GO:0016020","GO:CC","membrane",22149,699
"730","darkgreen",TRUE,4.99758890597425e-06,5866,94,50,0.531914893617021,0.0085236958745312,"GO:0005886","GO:CC","plasma membrane",22149,409
"731","darkgreen",TRUE,5.34693272891834e-06,6347,94,52,0.553191489361702,0.00819284701433748,"GO:0071944","GO:CC","cell periphery",22149,2725
"732","darkgreen",TRUE,0.000135539732312191,12527,94,75,0.797872340425532,0.00598706793326415,"GO:0005737","GO:CC","cytoplasm",22149,304
"733","darkgreen",TRUE,0.000250252631651726,2562,94,27,0.287234042553192,0.0105386416861827,"GO:0097708","GO:CC","intracellular vesicle",22149,3068
"734","darkgreen",TRUE,0.000250252631651726,2556,94,27,0.287234042553192,0.0105633802816901,"GO:0031410","GO:CC","cytoplasmic vesicle",22149,1078
"735","darkgreen",TRUE,0.000279762070859717,912,94,15,0.159574468085106,0.0164473684210526,"GO:0070161","GO:CC","anchoring junction",22149,2375
"736","darkgreen",TRUE,0.000488747505706667,2251,94,24,0.25531914893617,0.0106619280319858,"GO:0098588","GO:CC","bounding membrane of organelle",22149,3147
"737","darkgreen",TRUE,0.000488747505706667,436,94,10,0.106382978723404,0.0229357798165138,"GO:0030055","GO:CC","cell-substrate junction",22149,845
"738","darkgreen",TRUE,0.000488747505706667,426,94,10,0.106382978723404,0.0234741784037559,"GO:0005925","GO:CC","focal adhesion",22149,438
"739","darkgreen",TRUE,0.000748788500092296,4033,94,34,0.361702127659574,0.00843044879742127,"GO:0031982","GO:CC","vesicle",22149,1199
"740","darkgreen",TRUE,0.00089447822016062,295,94,8,0.0851063829787234,0.0271186440677966,"GO:0045121","GO:CC","membrane raft",22149,2092
"741","darkgreen",TRUE,0.00089447822016062,297,94,8,0.0851063829787234,0.0269360269360269,"GO:0098857","GO:CC","membrane microdomain",22149,3219
"742","darkgreen",TRUE,0.00178681690329497,534,94,10,0.106382978723404,0.0187265917602996,"GO:0015629","GO:CC","actin cytoskeleton",22149,686
"743","darkgreen",TRUE,0.00178681690329497,531,94,10,0.106382978723404,0.0188323917137476,"GO:0043235","GO:CC","receptor complex",22149,1848
"744","darkgreen",TRUE,0.00234965246309031,914,94,13,0.138297872340426,0.0142231947483589,"GO:0009986","GO:CC","cell surface",22149,641
"745","darkgreen",TRUE,0.00560407016743971,746,94,11,0.117021276595745,0.014745308310992,"GO:0098552","GO:CC","side of membrane",22149,3119
"746","darkgreen",TRUE,0.00612314516105189,2401,94,22,0.234042553191489,0.00916284881299459,"GO:0030054","GO:CC","cell junction",22149,844
"747","darkgreen",TRUE,0.00629113988037052,319,94,7,0.074468085106383,0.0219435736677116,"GO:0030667","GO:CC","secretory granule membrane",22149,930
"748","darkgreen",TRUE,0.00629113988037052,3842,94,30,0.319148936170213,0.00780843310775638,"GO:0031090","GO:CC","organelle membrane",22149,1017
"749","darkgreen",TRUE,0.00785157598796371,4872,94,35,0.372340425531915,0.00718390804597701,"GO:0012505","GO:CC","endomembrane system",22149,666
"750","darkgreen",TRUE,0.0107364044973215,1252,94,14,0.148936170212766,0.0111821086261981,"GO:0030659","GO:CC","cytoplasmic vesicle membrane",22149,923
"751","darkgreen",TRUE,0.0118840062856509,1271,94,14,0.148936170212766,0.011014948859166,"GO:0012506","GO:CC","vesicle membrane",22149,667
"752","darkgreen",TRUE,0.0219740654092427,408,94,7,0.074468085106383,0.017156862745098,"GO:0009897","GO:CC","external side of plasma membrane",22149,634
"753","darkgreen",TRUE,0.0294619178263419,433,94,7,0.074468085106383,0.0161662817551963,"GO:0031252","GO:CC","cell leading edge",22149,1046
"754","darkgreen",TRUE,0.0486425850099169,1,94,1,0.0106382978723404,1,"GO:0110157","GO:CC","reelin complex",22149,3366
"755","darkgreen",TRUE,0.0163082001249426,1307,88,17,0.193181818181818,0.0130068859984698,"GO:0004888","GO:MF","transmembrane signaling receptor activity",20246,1116
"756","darkgreen",TRUE,0.0198576257756696,2053,88,21,0.238636363636364,0.0102289332683877,"GO:0038023","GO:MF","signaling receptor activity",20246,5012
"757","darkgreen",TRUE,0.0198576257756696,2053,88,21,0.238636363636364,0.0102289332683877,"GO:0060089","GO:MF","molecular transducer activity",20246,7750
"758","darkgreen",TRUE,0.0276327788952637,6,88,2,0.0227272727272727,0.333333333333333,"GO:0001875","GO:MF","lipopolysaccharide immune receptor activity",20246,266
"759","darkgreen",TRUE,0.0308611736907844,7,88,2,0.0227272727272727,0.285714285714286,"GO:0005021","GO:MF","vascular endothelial growth factor receptor activity",20246,1218
"760","darkgreen",TRUE,0.00161582191203812,3145,66,37,0.560606060606061,0.0117647058823529,"HPA:0530712","HPA","Spleen; cells in red pulp[≥Medium]",10995,792
"761","darkgreen",TRUE,0.0125957885447171,466,66,11,0.166666666666667,0.0236051502145923,"HPA:0471443","HPA","Skin 2; fibrohistiocytic cells[High]",10995,721
"762","darkgreen",TRUE,0.0125957885447171,394,66,10,0.151515151515152,0.0253807106598985,"HPA:0461473","HPA","Skin 1; lymphocytes[High]",10995,681
"763","darkgreen",TRUE,0.0125957885447171,320,66,9,0.136363636363636,0.028125,"HPA:0470203","HPA","Skin 2; endothelial cells[High]",10995,712
"764","darkgreen",TRUE,0.0125957885447171,316,66,9,0.136363636363636,0.0284810126582278,"HPA:0460203","HPA","Skin 1; endothelial cells[High]",10995,660
"765","darkgreen",TRUE,0.0125957885447171,407,66,10,0.151515151515152,0.0245700245700246,"HPA:0461443","HPA","Skin 1; fibrohistiocytic cells[High]",10995,669
"766","darkgreen",TRUE,0.0125957885447171,3985,66,39,0.590909090909091,0.00978670012547051,"HPA:0310442","HPA","Lymph node; non-germinal center cells[≥Medium]",10995,464
"767","darkgreen",TRUE,0.0129910055670292,6518,66,53,0.803030303030303,0.00813132862841362,"HPA:0310000","HPA","Lymph node",10995,459
"768","darkgreen",TRUE,0.0129910055670292,798,66,14,0.212121212121212,0.0175438596491228,"HPA:0300201","HPA","Lung; endothelial cells[≥Low]",10995,453
"769","darkgreen",TRUE,0.0129910055670292,47,66,4,0.0606060606060606,0.0851063829787234,"HPA:0640202","HPA","Endometrium; endothelial cells[≥Medium]",10995,286
"770","darkgreen",TRUE,0.0129910055670292,49,66,4,0.0606060606060606,0.0816326530612245,"HPA:0640201","HPA","Endometrium; endothelial cells[≥Low]",10995,285
"771","darkgreen",TRUE,0.013578074964585,712,66,13,0.196969696969697,0.0182584269662921,"HPA:0461471","HPA","Skin 1; lymphocytes[≥Low]",10995,679
"772","darkgreen",TRUE,0.0182131641208791,5332,66,46,0.696969696969697,0.0086271567891973,"HPA:0530711","HPA","Spleen; cells in red pulp[≥Low]",10995,791
"773","darkgreen",TRUE,0.0190590045697991,651,66,12,0.181818181818182,0.0184331797235023,"HPA:0300202","HPA","Lung; endothelial cells[≥Medium]",10995,454
"774","darkgreen",TRUE,0.0215450784899236,482,66,10,0.151515151515152,0.020746887966805,"HPA:0381212","HPA","Placenta; syncytiotrophoblasts - cell body[≥Medium]",10995,546
"775","darkgreen",TRUE,0.0215450784899236,574,66,11,0.166666666666667,0.0191637630662021,"HPA:0461472","HPA","Skin 1; lymphocytes[≥Medium]",10995,680
"776","darkgreen",TRUE,0.0230184871557292,884,66,14,0.212121212121212,0.0158371040723982,"HPA:0461441","HPA","Skin 1; fibrohistiocytic cells[≥Low]",10995,667
"777","darkgreen",TRUE,0.025066726177821,801,66,13,0.196969696969697,0.0162297128589263,"HPA:0471471","HPA","Skin 2; lymphocytes[≥Low]",10995,728
"778","darkgreen",TRUE,0.025066726177821,1020,66,15,0.227272727272727,0.0147058823529412,"HPA:0471441","HPA","Skin 2; fibrohistiocytic cells[≥Low]",10995,719
"779","darkgreen",TRUE,0.025066726177821,698,66,12,0.181818181818182,0.0171919770773639,"HPA:0461442","HPA","Skin 1; fibrohistiocytic cells[≥Medium]",10995,668
"780","darkgreen",TRUE,0.025066726177821,334,66,8,0.121212121212121,0.0239520958083832,"HPA:0380202","HPA","Placenta; endothelial cells[≥Medium]",10995,540
"781","darkgreen",TRUE,0.027839554930436,33,66,3,0.0454545454545455,0.0909090909090909,"HPA:0640203","HPA","Endometrium; endothelial cells[High]",10995,287
"782","darkgreen",TRUE,0.0282462986281763,4198,66,38,0.575757575757576,0.00905192949023344,"HPA:0600442","HPA","Tonsil; non-germinal center cells[≥Medium]",10995,862
"783","darkgreen",TRUE,0.0282580250812093,5891,66,48,0.727272727272727,0.00814802240706162,"HPA:0530000","HPA","Spleen",10995,790
"784","darkgreen",TRUE,0.0285972925832094,832,66,13,0.196969696969697,0.015625,"HPA:0471442","HPA","Skin 2; fibrohistiocytic cells[≥Medium]",10995,720
"785","darkgreen",TRUE,0.0297261968398999,636,66,11,0.166666666666667,0.0172955974842767,"HPA:0470202","HPA","Skin 2; endothelial cells[≥Medium]",10995,711
"786","darkgreen",TRUE,0.0297261968398999,840,66,13,0.196969696969697,0.0154761904761905,"HPA:0460201","HPA","Skin 1; endothelial cells[≥Low]",10995,658
"787","darkgreen",TRUE,0.0305721856230909,362,66,8,0.121212121212121,0.0220994475138122,"HPA:0381221","HPA","Placenta; syncytiotrophoblasts - microvilli[≥Low]",10995,548
"788","darkgreen",TRUE,0.0306808415810371,455,66,9,0.136363636363636,0.0197802197802198,"HPA:0471473","HPA","Skin 2; lymphocytes[High]",10995,730
"789","darkgreen",TRUE,0.0306808415810371,646,66,11,0.166666666666667,0.0170278637770898,"HPA:0471472","HPA","Skin 2; lymphocytes[≥Medium]",10995,729
"790","darkgreen",TRUE,0.0306808415810371,551,66,10,0.151515151515152,0.0181488203266788,"HPA:0381211","HPA","Placenta; syncytiotrophoblasts - cell body[≥Low]",10995,545
"791","darkgreen",TRUE,0.032832379508386,761,66,12,0.181818181818182,0.0157687253613666,"HPA:0211091","HPA","Fallopian tube; non-ciliated cells[≥Low]",10995,357
"792","darkgreen",TRUE,0.0358458340643232,381,66,8,0.121212121212121,0.020997375328084,"HPA:0381202","HPA","Placenta; hofbauer cells[≥Medium]",10995,543
"793","darkgreen",TRUE,0.0430577685794885,6054,66,48,0.727272727272727,0.00792864222001982,"HPA:0310441","HPA","Lymph node; non-germinal center cells[≥Low]",10995,463
"794","darkgreen",TRUE,0.046139058847435,592,66,10,0.151515151515152,0.0168918918918919,"HPA:0211092","HPA","Fallopian tube; non-ciliated cells[≥Medium]",10995,358
"795","darkgreen",TRUE,0.04803937599971,405,66,8,0.121212121212121,0.0197530864197531,"HPA:0380201","HPA","Placenta; endothelial cells[≥Low]",10995,539
"796","darkgreen",TRUE,0.000495034358744107,356,47,11,0.234042553191489,0.0308988764044944,"KEGG:04151","KEGG","PI3K-Akt signaling pathway",8484,285
"797","darkgreen",TRUE,0.00938048630993266,138,47,6,0.127659574468085,0.0434782608695652,"KEGG:04371","KEGG","Apelin signaling pathway",8484,308
"798","darkgreen",TRUE,0.016961230480208,235,47,7,0.148936170212766,0.0297872340425532,"KEGG:04014","KEGG","Ras signaling pathway",8484,247
"799","darkgreen",TRUE,0.0382991935417114,136,47,5,0.106382978723404,0.0367647058823529,"KEGG:05135","KEGG","Yersinia infection",8484,432
"800","darkgreen",TRUE,0.0382991935417114,88,47,4,0.0851063829787234,0.0454545454545455,"KEGG:05323","KEGG","Rheumatoid arthritis",8484,485
"801","darkgreen",TRUE,0.0382991935417114,227,47,6,0.127659574468085,0.026431718061674,"KEGG:04810","KEGG","Regulation of actin cytoskeleton",8484,365
"802","darkgreen",TRUE,0.0382991935417114,147,47,5,0.106382978723404,0.0340136054421769,"KEGG:04072","KEGG","Phospholipase D signaling pathway",8484,261
"803","darkgreen",TRUE,0.0430494910536718,96,47,4,0.0851063829787234,0.0416666666666667,"KEGG:04666","KEGG","Fc gamma R-mediated phagocytosis",8484,341
"804","darkgreen",TRUE,0.0445219168335378,50,47,3,0.0638297872340425,0.06,"KEGG:00565","KEGG","Ether lipid metabolism",8484,89
"805","darkgreen",TRUE,0.0445219168335378,54,47,3,0.0638297872340425,0.0555555555555556,"KEGG:00600","KEGG","Sphingolipid metabolism",8484,95
"806","darkgreen",TRUE,0.0445219168335378,101,47,4,0.0851063829787234,0.0396039603960396,"KEGG:05142","KEGG","Chagas disease",8484,434
"807","darkgreen",TRUE,0.0445219168335378,108,47,4,0.0851063829787234,0.037037037037037,"KEGG:05145","KEGG","Toxoplasmosis",8484,437
"808","darkgreen",TRUE,0.0445219168335378,113,47,4,0.0851063829787234,0.0353982300884956,"KEGG:04725","KEGG","Cholinergic synapse",8484,355
"809","darkgreen",TRUE,0.0445219168335378,109,47,4,0.0851063829787234,0.036697247706422,"KEGG:04066","KEGG","HIF-1 signaling pathway",8484,257
"810","darkgreen",TRUE,0.000110662084565522,1288,90,24,0.266666666666667,0.0186335403726708,"MIRNA:hsa-mir-4760-3p","MIRNA","hsa-mir-4760-3p",16638,289
"811","darkgreen",TRUE,0.000397144697239119,1219,90,22,0.244444444444444,0.0180475799835931,"MIRNA:hsa-mir-4803","MIRNA","hsa-mir-4803",16638,292
"812","darkgreen",TRUE,0.000717739954193961,2230,90,30,0.333333333333333,0.0134529147982063,"MIRNA:hsa-mir-607","MIRNA","hsa-mir-607",16638,985
"813","darkgreen",TRUE,0.00340967081580782,1947,90,26,0.288888888888889,0.0133538777606574,"MIRNA:hsa-mir-4659b-3p","MIRNA","hsa-mir-4659b-3p",16638,1178
"814","darkgreen",TRUE,0.00340967081580782,1947,90,26,0.288888888888889,0.0133538777606574,"MIRNA:hsa-mir-4659a-3p","MIRNA","hsa-mir-4659a-3p",16638,1183
"815","darkgreen",TRUE,0.00756329620967427,1804,90,24,0.266666666666667,0.0133037694013304,"MIRNA:hsa-mir-1305","MIRNA","hsa-mir-1305",16638,2569
"816","darkgreen",TRUE,0.0085223691936954,1494,90,21,0.233333333333333,0.0140562248995984,"MIRNA:hsa-mir-3658","MIRNA","hsa-mir-3658",16638,1343
"817","darkgreen",TRUE,0.0085223691936954,1256,90,19,0.211111111111111,0.0151273885350318,"MIRNA:hsa-mir-3653","MIRNA","hsa-mir-3653",16638,444
"818","darkgreen",TRUE,0.0085223691936954,934,90,16,0.177777777777778,0.0171306209850107,"MIRNA:hsa-mir-361-5p","MIRNA","hsa-mir-361-5p",16638,563
"819","darkgreen",TRUE,0.00971739612735867,1640,90,22,0.244444444444444,0.0134146341463415,"MIRNA:hsa-mir-186","MIRNA","hsa-mir-186",16638,2908
"820","darkgreen",TRUE,0.0212675790572632,2140,90,25,0.277777777777778,0.0116822429906542,"MIRNA:hsa-mir-129-5p","MIRNA","hsa-mir-129-5p",16638,2938
"821","darkgreen",TRUE,0.0212675790572632,813,90,14,0.155555555555556,0.017220172201722,"MIRNA:hsa-mir-4275","MIRNA","hsa-mir-4275",16638,2852
"822","darkgreen",TRUE,0.0249720273591577,945,90,15,0.166666666666667,0.0158730158730159,"MIRNA:hsa-mir-1279","MIRNA","hsa-mir-1279",16638,2743
"823","darkgreen",TRUE,0.031366081202372,772,90,13,0.144444444444444,0.016839378238342,"MIRNA:hsa-mir-569","MIRNA","hsa-mir-569",16638,1838
"824","darkgreen",TRUE,0.031366081202372,1841,90,22,0.244444444444444,0.0119500271591526,"MIRNA:hsa-mir-23c","MIRNA","hsa-mir-23c",16638,1151
"825","darkgreen",TRUE,0.031366081202372,562,90,11,0.122222222222222,0.0195729537366548,"MIRNA:hsa-mir-154","MIRNA","hsa-mir-154",16638,1277
"826","darkgreen",TRUE,0.031366081202372,984,90,15,0.166666666666667,0.0152439024390244,"MIRNA:hsa-mir-409-3p","MIRNA","hsa-mir-409-3p",16638,40
"827","darkgreen",TRUE,0.0374530209628687,1011,90,15,0.166666666666667,0.0148367952522255,"MIRNA:hsa-mir-4511","MIRNA","hsa-mir-4511",16638,2791
"828","darkgreen",TRUE,0.0380384091352786,1251,90,17,0.188888888888889,0.0135891286970424,"MIRNA:hsa-mir-4495","MIRNA","hsa-mir-4495",16638,238
"829","darkgreen",TRUE,0.00049603753540565,32,65,5,0.0769230769230769,0.15625,"REAC:R-HSA-397795","REAC","G-protein beta:gamma signalling",11004,1010
"830","darkgreen",TRUE,0.00289410077505831,25,65,4,0.0615384615384615,0.16,"REAC:R-HSA-392451","REAC","G beta:gamma signalling through PI3Kgamma",11004,1006
"831","darkgreen",TRUE,0.0236386959135188,4,65,2,0.0307692307692308,0.5,"REAC:R-HSA-194306","REAC","Neurophilin interactions with VEGF and VEGFR",11004,1603
"832","darkgreen",TRUE,0.0236386959135188,20,65,3,0.0461538461538462,0.15,"REAC:R-HSA-8964616","REAC","G beta:gamma signalling through CDC42",11004,1005
"833","darkgreen",TRUE,0.0330133705288354,24,65,3,0.0461538461538462,0.125,"REAC:R-HSA-418592","REAC","ADP signalling through P2Y purinoceptor 1",11004,12
"834","darkgreen",TRUE,0.0388970131277802,31,65,3,0.0461538461538462,0.0967741935483871,"REAC:R-HSA-456926","REAC","Thrombin signalling through proteinase activated receptors (PARs)",11004,2524
"835","darkgreen",TRUE,0.0388970131277802,32,65,3,0.0461538461538462,0.09375,"REAC:R-HSA-392518","REAC","Signal amplification",11004,2230
"836","darkgreen",TRUE,0.0388970131277802,7,65,2,0.0307692307692308,0.285714285714286,"REAC:R-HSA-9637628","REAC","Modulation by Mtb of host immune system",11004,1501
"837","darkgreen",TRUE,0.0388970131277802,2558,65,27,0.415384615384615,0.0105551211884285,"REAC:R-HSA-162582","REAC","Signal Transduction",11004,2229
"838","darkgreen",TRUE,0.0388970131277802,259,65,7,0.107692307692308,0.027027027027027,"REAC:R-HSA-76002","REAC","Platelet activation, signaling and aggregation",11004,1778
"839","darkgreen",TRUE,0.0388970131277802,622,65,11,0.169230769230769,0.0176848874598071,"REAC:R-HSA-388396","REAC","GPCR downstream signalling",11004,1031
"840","darkgreen",TRUE,3.93303634641942e-06,2962,94,38,0.404255319148936,0.012829169480081,"TF:M01883_1","TF","Factor: IRF-4; motif: GAAARTA; match class: 1",20092,4471
"841","darkgreen",TRUE,3.93303634641942e-06,4338,94,47,0.5,0.0108344859382204,"TF:M11571","TF","Factor: HNF-3alpha; motif: YTRWGTMAATATTTRCWYWN",20092,2608
"842","darkgreen",TRUE,1.75796634023944e-05,8428,94,67,0.712765957446808,0.00794969150450878,"TF:M01883","TF","Factor: IRF-4; motif: GAAARTA",20092,4470
"843","darkgreen",TRUE,2.56828229652058e-05,1620,94,26,0.276595744680851,0.0160493827160494,"TF:M11571_1","TF","Factor: HNF-3alpha; motif: YTRWGTMAATATTTRCWYWN; match class: 1",20092,2609
"844","darkgreen",TRUE,3.4782618929883e-05,12327,94,82,0.872340425531915,0.00665206457370001,"TF:M02027_1","TF","Factor: PARP; motif: TTTCYN; match class: 1",20092,6499
"845","darkgreen",TRUE,4.5735449013281e-05,2778,94,34,0.361702127659574,0.0122390208783297,"TF:M00423_1","TF","Factor: FOXJ2; motif: AYMATAATATTTKN; match class: 1",20092,2737
"846","darkgreen",TRUE,4.5735449013281e-05,5738,94,52,0.553191489361702,0.00906239107703032,"TF:M04327","TF","Factor: GSX1; motif: NNYMATTANN",20092,3412
"847","darkgreen",TRUE,4.70248237948166e-05,1369,94,23,0.24468085106383,0.0168005843681519,"TF:M11585_1","TF","Factor: FOXJ2; motif: NNTGTTGTAAAYAN; match class: 1",20092,2747
"848","darkgreen",TRUE,6.40206946374244e-05,5649,94,51,0.542553191489362,0.00902814657461498,"TF:M01321","TF","Factor: HOXC-8; motif: NNNNNGTAATTANNNT",20092,4144
"849","darkgreen",TRUE,8.58384700333824e-05,5742,94,51,0.542553191489362,0.00888192267502612,"TF:M04349","TF","Factor: HOXB5; motif: NNYMATTANN",20092,4024
"850","darkgreen",TRUE,8.58384700333824e-05,7063,94,58,0.617021276595745,0.00821180801359196,"TF:M00423","TF","Factor: FOXJ2; motif: AYMATAATATTTKN",20092,2736
"851","darkgreen",TRUE,8.58384700333824e-05,5561,94,50,0.531914893617021,0.00899118863513756,"TF:M04327_1","TF","Factor: GSX1; motif: NNYMATTANN; match class: 1",20092,3413
"852","darkgreen",TRUE,0.000141565754867938,11259,94,76,0.808510638297872,0.00675015543121059,"TF:M03555_1","TF","Factor: NFATc2; motif: GGAAAA; match class: 1",20092,5747
"853","darkgreen",TRUE,0.000141565754867938,11259,94,76,0.808510638297872,0.00675015543121059,"TF:M01886_1","TF","Factor: NFATc3; motif: GGAAAA; match class: 1",20092,5763
"854","darkgreen",TRUE,0.000141565754867938,3826,94,39,0.414893617021277,0.0101934134866702,"TF:M04399","TF","Factor: MEOX2; motif: NSTAATTANN",20092,5306
"855","darkgreen",TRUE,0.000141565754867938,11259,94,76,0.808510638297872,0.00675015543121059,"TF:M01281_1","TF","Factor: NFATc2; motif: GGAAAA; match class: 1",20092,5751
"856","darkgreen",TRUE,0.000141565754867938,3501,94,37,0.393617021276596,0.0105684090259926,"TF:M10706","TF","Factor: HoxA5; motif: NYMATTAN",20092,3888
"857","darkgreen",TRUE,0.000141565754867938,3501,94,37,0.393617021276596,0.0105684090259926,"TF:M10703","TF","Factor: HoxA5; motif: NYAATTAN",20092,3882
"858","darkgreen",TRUE,0.000141565754867938,3501,94,37,0.393617021276596,0.0105684090259926,"TF:M10705_1","TF","Factor: HoxA5; motif: GYMATTAS; match class: 1",20092,3887
"859","darkgreen",TRUE,0.000141565754867938,3501,94,37,0.393617021276596,0.0105684090259926,"TF:M10705","TF","Factor: HoxA5; motif: GYMATTAS",20092,3886
"860","darkgreen",TRUE,0.000156872036402915,7707,94,60,0.638297872340426,0.00778513040093422,"TF:M01388","TF","Factor: Dlx-5; motif: NNRGYAATTRNYKNNN",20092,1306
"861","darkgreen",TRUE,0.000270102421599106,8453,94,63,0.670212765957447,0.00745297527505028,"TF:M01292_1","TF","Factor: HOXA13; motif: ATAAMA; match class: 1",20092,3823
"862","darkgreen",TRUE,0.000272507070985054,3302,94,35,0.372340425531915,0.0105996365838886,"TF:M10694","TF","Factor: HOXA6; motif: NGYMATTANN",20092,3894
"863","darkgreen",TRUE,0.000320811899187968,11765,94,77,0.819148936170213,0.00654483637909052,"TF:M01230_1","TF","Factor: ZNF333; motif: ATAAT; match class: 1",20092,10293
"864","darkgreen",TRUE,0.000399841123601455,6143,94,51,0.542553191489362,0.00830213250854631,"TF:M04328","TF","Factor: GSX2; motif: NNYMATTANN",20092,3418
"865","darkgreen",TRUE,0.000404639785990998,3859,94,38,0.404255319148936,0.00984711065042757,"TF:M04328_1","TF","Factor: GSX2; motif: NNYMATTANN; match class: 1",20092,3419
"866","darkgreen",TRUE,0.000404639785990998,10155,94,70,0.74468085106383,0.0068931560807484,"TF:M02087","TF","Factor: CDX-2; motif: TTTATN",20092,712
"867","darkgreen",TRUE,0.000404639785990998,3231,94,34,0.361702127659574,0.0105230578768183,"TF:M04446","TF","Factor: VAX1; motif: YTAATTAN",20092,9142
"868","darkgreen",TRUE,0.000404639785990998,3231,94,34,0.361702127659574,0.0105230578768183,"TF:M10673","TF","Factor: Emx-2; motif: YTAATTAN",20092,1960
"869","darkgreen",TRUE,0.000410889703359252,2782,94,31,0.329787234042553,0.0111430625449317,"TF:M08775_1","TF","Factor: IRF-2; motif: NAANYGAAASYR; match class: 1",20092,4429
"870","darkgreen",TRUE,0.000435931954300102,3254,94,34,0.361702127659574,0.0104486785494776,"TF:M01400","TF","Factor: Dlx-3; motif: NNNNNATAATTACMNNN",20092,1280
"871","darkgreen",TRUE,0.000435931954300102,4923,94,44,0.468085106382979,0.00893763965061954,"TF:M10696","TF","Factor: HOXA6; motif: NGYMATTANN",20092,3898
"872","darkgreen",TRUE,0.000498954360952726,974,94,17,0.180851063829787,0.0174537987679671,"TF:M07323","TF","Factor: IRF-4; motif: KRAAMNGAAANYN",20092,4466
"873","darkgreen",TRUE,0.000514428014812468,5325,94,46,0.48936170212766,0.00863849765258216,"TF:M10691","TF","Factor: HOXB6; motif: NTAATKRC",20092,4038
"874","darkgreen",TRUE,0.000514428014812468,2535,94,29,0.308510638297872,0.011439842209073,"TF:M04299","TF","Factor: Dlx-1; motif: NNTAATTANN",20092,1262
"875","darkgreen",TRUE,0.000547691710714898,8068,94,60,0.638297872340426,0.00743678730788299,"TF:M10750","TF","Factor: gsh-1; motif: NTMATNRN",20092,3416
"876","darkgreen",TRUE,0.000549278416804245,3958,94,38,0.404255319148936,0.00960080848913593,"TF:M10750_1","TF","Factor: gsh-1; motif: NTMATNRN; match class: 1",20092,3417
"877","darkgreen",TRUE,0.000568875345790782,2129,94,26,0.276595744680851,0.0122123062470643,"TF:M00622_1","TF","Factor: C/EBPgamma; motif: YTBATTTCARAAW; match class: 1",20092,819
"878","darkgreen",TRUE,0.000605888304195026,3492,94,35,0.372340425531915,0.0100229095074456,"TF:M10685","TF","Factor: HOXB7; motif: NGYAATTANN",20092,4050
"879","darkgreen",TRUE,0.000626370739872336,6128,94,50,0.531914893617021,0.00815926892950392,"TF:M01653","TF","Factor: HMGIY; motif: NGWWATTN",20092,3604
"880","darkgreen",TRUE,0.000645935519647565,6148,94,50,0.531914893617021,0.0081327260897853,"TF:M10690_1","TF","Factor: HOXA7; motif: GYMATTAN; match class: 1",20092,3905
"881","darkgreen",TRUE,0.000645935519647565,5770,94,48,0.51063829787234,0.00831889081455806,"TF:M01388_1","TF","Factor: Dlx-5; motif: NNRGYAATTRNYKNNN; match class: 1",20092,1307
"882","darkgreen",TRUE,0.000645935519647565,3516,94,35,0.372340425531915,0.00995449374288965,"TF:M07988","TF","Factor: EMX1; motif: NNTAATKANN",20092,1946
"883","darkgreen",TRUE,0.000670022636938295,423,94,11,0.117021276595745,0.0260047281323877,"TF:M13140_1","TF","Factor: HOXD13; motif: TTTTATNRSN; match class: 1",20092,4229
"884","darkgreen",TRUE,0.000670022636938295,2603,94,29,0.308510638297872,0.0111409911640415,"TF:M12070_1","TF","Factor: CIZ; motif: TTTTNNNNNNNNNNNNNAAAAA; match class: 1",20092,10413
"885","darkgreen",TRUE,0.000670022636938295,3371,94,34,0.361702127659574,0.0100860278849006,"TF:M07428","TF","Factor: Six-3; motif: NWBTAATNYYWN",20092,7750
"886","darkgreen",TRUE,0.000704042954364486,4375,94,40,0.425531914893617,0.00914285714285714,"TF:M01321_1","TF","Factor: HOXC-8; motif: NNNNNGTAATTANNNT; match class: 1",20092,4145
"887","darkgreen",TRUE,0.000716908867213822,6574,94,52,0.553191489361702,0.00790994828110739,"TF:M02097_1","TF","Factor: LHX3; motif: ATTAAW; match class: 1",20092,4851
"888","darkgreen",TRUE,0.000732448742808065,7173,94,55,0.585106382978723,0.00766764254844556,"TF:M04555","TF","Factor: SRY; motif: AACAATANCATTGTT",20092,8280
"889","darkgreen",TRUE,0.000770009423054748,5103,94,44,0.468085106382979,0.00862237899274936,"TF:M02087_1","TF","Factor: CDX-2; motif: TTTATN; match class: 1",20092,713
"890","darkgreen",TRUE,0.000838501314653548,2647,94,29,0.308510638297872,0.0109557990177559,"TF:M12070","TF","Factor: CIZ; motif: TTTTNNNNNNNNNNNNNAAAAA",20092,10412
"891","darkgreen",TRUE,0.000838501314653548,2071,94,25,0.265957446808511,0.012071463061323,"TF:M01233","TF","Factor: ipf1; motif: MVCTAATTAS",20092,4388
"892","darkgreen",TRUE,0.000896287452619918,4096,94,38,0.404255319148936,0.00927734375,"TF:M13026","TF","Factor: VAX2; motif: NYAATTAN",20092,9154
"893","darkgreen",TRUE,0.000913774986429632,5697,94,47,0.5,0.00824995611725469,"TF:M04051","TF","Factor: NFATc1; motif: NATGGAAANWNANTTTYCMN",20092,5778
"894","darkgreen",TRUE,0.000922185790324055,2821,94,30,0.319148936170213,0.010634526763559,"TF:M00474","TF","Factor: FOXO1; motif: GNNTTGTTTACNTT",20092,2828
"895","darkgreen",TRUE,0.000932732033157005,3944,94,37,0.393617021276596,0.00938133874239351,"TF:M04279","TF","Factor: ALX3; motif: NNYAATTANN",20092,38
"896","darkgreen",TRUE,0.000985527143811773,8506,94,61,0.648936170212766,0.00717140841758758,"TF:M08775","TF","Factor: IRF-2; motif: NAANYGAAASYR",20092,4428
"897","darkgreen",TRUE,0.000987349463356467,2838,94,30,0.319148936170213,0.0105708245243129,"TF:M03826","TF","Factor: HNF-1beta; motif: NNNYAAHCATTAACYN",20092,3654
"898","darkgreen",TRUE,0.00101944120233322,369,94,10,0.106382978723404,0.02710027100271,"TF:M00790_1","TF","Factor: HNF-1; motif: WRGTTAATNATTAACNNN; match class: 1",20092,3665
"899","darkgreen",TRUE,0.00102430807611445,3971,94,37,0.393617021276596,0.00931755225384034,"TF:M01393_1","TF","Factor: Msx-2; motif: NNNGACYAATTAGYNNT; match class: 1",20092,5461
"900","darkgreen",TRUE,0.00106246487694343,3325,94,33,0.351063829787234,0.00992481203007519,"TF:M01438","TF","Factor: ipf1; motif: NNRNTAATTAGYNCAN",20092,4396
"901","darkgreen",TRUE,0.00106324089357062,61,94,5,0.0531914893617021,0.0819672131147541,"TF:M00772_1","TF","Factor: IRF; motif: RRAANTGAAASYGNV; match class: 1",20092,4525
"902","darkgreen",TRUE,0.00107599129354084,9203,94,64,0.680851063829787,0.00695425404759318,"TF:M03823_1","TF","Factor: FOXO1A; motif: AAACAA; match class: 1",20092,2807
"903","darkgreen",TRUE,0.00107599129354084,3495,94,34,0.361702127659574,0.00972818311874106,"TF:M01235","TF","Factor: ipf1; motif: NVSTAATTAC",20092,4392
"904","darkgreen",TRUE,0.00107599129354084,9203,94,64,0.680851063829787,0.00695425404759318,"TF:M03854_1","TF","Factor: SRY; motif: TTGTTT; match class: 1",20092,8289
"905","darkgreen",TRUE,0.00115226096783255,1467,94,20,0.212765957446809,0.0136332651670075,"TF:M10715","TF","Factor: HOXA4; motif: RTCRTTAN",20092,3876
"906","darkgreen",TRUE,0.00115226096783255,1467,94,20,0.212765957446809,0.0136332651670075,"TF:M10721","TF","Factor: HOXB4; motif: RTCRTTAN",20092,4020
"907","darkgreen",TRUE,0.00115226096783255,2144,94,25,0.265957446808511,0.011660447761194,"TF:M00137_1","TF","Factor: Oct-1; motif: NNNRTAATNANNN; match class: 1",20092,6299
"908","darkgreen",TRUE,0.00115226096783255,1467,94,20,0.212765957446809,0.0136332651670075,"TF:M10752","TF","Factor: HOXA1; motif: NTCRTTAN",20092,3850
"909","darkgreen",TRUE,0.00115226096783255,7958,94,58,0.617021276595745,0.00728826338275949,"TF:M04556","TF","Factor: SRY; motif: AACAATNNNCATTGTT",20092,8282
"910","darkgreen",TRUE,0.00123717585920566,10381,94,69,0.734042553191489,0.00664675850110779,"TF:M03560_1","TF","Factor: PMX1; motif: TAATHA; match class: 1",20092,6841
"911","darkgreen",TRUE,0.00134111364215943,6208,94,49,0.521276595744681,0.0078930412371134,"TF:M04556_1","TF","Factor: SRY; motif: AACAATNNNCATTGTT; match class: 1",20092,8283
"912","darkgreen",TRUE,0.00158147190751092,3910,94,36,0.382978723404255,0.00920716112531969,"TF:M11383","TF","Factor: ESE-1; motif: ACCAGGAAGTANNNNNNNAAWAA",20092,1804
"913","darkgreen",TRUE,0.00189638719621702,8931,94,62,0.659574468085106,0.0069421117456052,"TF:M01275","TF","Factor: ipf1; motif: CATTAR",20092,4408
"914","darkgreen",TRUE,0.00189980881003658,2971,94,30,0.319148936170213,0.010097610232245,"TF:M04321","TF","Factor: EVX2; motif: NNTNATTANN",20092,2426
"915","darkgreen",TRUE,0.00196212379829376,918,94,15,0.159574468085106,0.0163398692810458,"TF:M08471_1","TF","Factor: Fli-1:HOXB13; motif: NNCGGAARYNRTWAA; match class: 1",20092,2515
"916","darkgreen",TRUE,0.00196212379829376,2370,94,26,0.276595744680851,0.0109704641350211,"TF:M10693","TF","Factor: HOXB6; motif: NTAATKRC",20092,4042
"917","darkgreen",TRUE,0.00210255338155518,5940,94,47,0.5,0.00791245791245791,"TF:M10701","TF","Factor: HOXB5; motif: GTCATTAN",20092,4034
"918","darkgreen",TRUE,0.00210255338155518,8123,94,58,0.617021276595745,0.00714021913086298,"TF:M02116_1","TF","Factor: Sox-10; motif: NACAAWG; match class: 1",20092,7895
"919","darkgreen",TRUE,0.00215464829568494,2242,94,25,0.265957446808511,0.0111507582515611,"TF:M10667_1","TF","Factor: NOTO; motif: NYMATTAN; match class: 1",20092,6085
"920","darkgreen",TRUE,0.00220185269556365,4855,94,41,0.436170212765957,0.00844490216271885,"TF:M11584","TF","Factor: FOXJ2; motif: NNTGTTGTAAAYAN",20092,2744
"921","darkgreen",TRUE,0.00221225993717765,4159,94,37,0.393617021276596,0.00889636931954797,"TF:M10712","TF","Factor: HOXD4; motif: NYMATTAN",20092,4252
"922","darkgreen",TRUE,0.00229274896303176,14113,94,83,0.882978723404255,0.00588110252958265,"TF:M03560","TF","Factor: PMX1; motif: TAATHA",20092,6840
"923","darkgreen",TRUE,0.00229274896303176,16647,94,91,0.968085106382979,0.00546645041148555,"TF:M02027","TF","Factor: PARP; motif: TTTCYN",20092,6498
"924","darkgreen",TRUE,0.00255550415159545,3197,94,31,0.329787234042553,0.00969659055364404,"TF:M10745","TF","Factor: ipf1; motif: RTCATTAN",20092,6686
"925","darkgreen",TRUE,0.00255550415159545,3197,94,31,0.329787234042553,0.00969659055364404,"TF:M10569","TF","Factor: HB9; motif: NTCRTTAN",20092,5396
"926","darkgreen",TRUE,0.00258840927865514,3691,94,34,0.361702127659574,0.00921159577350312,"TF:M01452","TF","Factor: HOXA5; motif: ANGNTAATTANCNNAN",20092,3788
"927","darkgreen",TRUE,0.00268845857894968,3869,94,35,0.372340425531915,0.00904626518480227,"TF:M10713","TF","Factor: HOXD4; motif: RTCRTTAN",20092,4254
"928","darkgreen",TRUE,0.00268845857894968,3050,94,30,0.319148936170213,0.00983606557377049,"TF:M11378","TF","Factor: ESE-1; motif: ACMAGGAAGTANNNNNNNWWAWW",20092,1796
"929","darkgreen",TRUE,0.00268957515972277,5095,94,42,0.446808510638298,0.00824337585868498,"TF:M04557_1","TF","Factor: SRY; motif: TCAATAMCATTGA; match class: 1",20092,8285
"930","darkgreen",TRUE,0.00271911399683644,195,94,7,0.074468085106383,0.0358974358974359,"TF:M08004_1","TF","Factor: SHOX; motif: NTAATTRN; match class: 1",20092,7703
"931","darkgreen",TRUE,0.00280730209649002,2150,94,24,0.25531914893617,0.0111627906976744,"TF:M10679","TF","Factor: HPX42B; motif: NNYAATTANN",20092,9176
"932","darkgreen",TRUE,0.00293655709109124,4760,94,40,0.425531914893617,0.00840336134453781,"TF:M11684","TF","Factor: IRF-8; motif: NYGAAACYGAAACTN",20092,4510
"933","darkgreen",TRUE,0.00296319493346624,968,94,15,0.159574468085106,0.015495867768595,"TF:M11584_1","TF","Factor: FOXJ2; motif: NNTGTTGTAAAYAN; match class: 1",20092,2745
"934","darkgreen",TRUE,0.00307981358369194,3905,94,35,0.372340425531915,0.0089628681177977,"TF:M10739","TF","Factor: HOXB2; motif: RTCATTAN",20092,4008
"935","darkgreen",TRUE,0.00323149494624291,6654,94,50,0.531914893617021,0.00751427712654043,"TF:M11025","TF","Factor: six4; motif: NCGTATCRNN",20092,7756
"936","darkgreen",TRUE,0.00334977504769646,3261,94,31,0.329787234042553,0.00950628641521006,"TF:M04320","TF","Factor: EVX1; motif: NNTNATTANN",20092,2418
"937","darkgreen",TRUE,0.00380971531214446,12175,94,75,0.797872340425532,0.00616016427104723,"TF:M03564_1","TF","Factor: SATB1; motif: NTTTAT; match class: 1",20092,7657
"938","darkgreen",TRUE,0.00393802023653894,2813,94,28,0.297872340425532,0.00995378599360114,"TF:M10706_1","TF","Factor: HoxA5; motif: NYMATTAN; match class: 1",20092,3889
"939","darkgreen",TRUE,0.0039478775411485,6514,94,49,0.521276595744681,0.00752225974823457,"TF:M08404","TF","Factor: POU2F1:Gscl; motif: NNGATTANNTATKCANNNN",20092,6866
"940","darkgreen",TRUE,0.00472798216998784,5981,94,46,0.48936170212766,0.00769102156829962,"TF:M00672","TF","Factor: TEF; motif: ATGTTWAYATAA",20092,8772
"941","darkgreen",TRUE,0.00481413674969074,1399,94,18,0.191489361702128,0.0128663330950679,"TF:M01452_1","TF","Factor: HOXA5; motif: ANGNTAATTANCNNAN; match class: 1",20092,3789
"942","darkgreen",TRUE,0.00481413674969074,5615,94,44,0.468085106382979,0.00783615316117542,"TF:M00420","TF","Factor: MEIS1A:HOXA9; motif: TGACAGKTTTAYGA",20092,5234
"943","darkgreen",TRUE,0.00481413674969074,5614,94,44,0.468085106382979,0.00783754898468115,"TF:M11585","TF","Factor: FOXJ2; motif: NNTGTTGTAAAYAN",20092,2746
"944","darkgreen",TRUE,0.00481413674969074,14073,94,82,0.872340425531915,0.00582676046329852,"TF:M08976","TF","Factor: SRY; motif: AACAATNR",20092,8286
"945","darkgreen",TRUE,0.00545282346730919,1685,94,20,0.212765957446809,0.0118694362017804,"TF:M10711","TF","Factor: HOXD4; motif: NYMATTAN",20092,4250
"946","darkgreen",TRUE,0.00549055002001222,1827,94,21,0.223404255319149,0.0114942528735632,"TF:M10928","TF","Factor: Prop-1; motif: TAATTNNRTTA",20092,7172
"947","darkgreen",TRUE,0.00559525061257631,1420,94,18,0.191489361702128,0.0126760563380282,"TF:M10996","TF","Factor: LMX1A; motif: YTAATTAN",20092,4930
"948","darkgreen",TRUE,0.00559525061257631,1037,94,15,0.159574468085106,0.0144648023143684,"TF:M00772","TF","Factor: IRF; motif: RRAANTGAAASYGNV",20092,4524
"949","darkgreen",TRUE,0.00578247456084546,4752,94,39,0.414893617021277,0.00820707070707071,"TF:M07457","TF","Factor: Hoxa9; motif: NTTAAWTAMA",20092,3922
"950","darkgreen",TRUE,0.00613310805561776,1706,94,20,0.212765957446809,0.0117233294255569,"TF:M07044","TF","Factor: HNF-1alpha; motif: NGNNAAWNATTAACNN",20092,3638
"951","darkgreen",TRUE,0.00613310805561776,2746,94,27,0.287234042553192,0.00983248361252731,"TF:M10718","TF","Factor: HOXC4; motif: RTCRTTAN",20092,4140
"952","darkgreen",TRUE,0.00621107851598474,2140,94,23,0.24468085106383,0.0107476635514019,"TF:M11513","TF","Factor: DMRT5; motif: NNNNGWTACANT",20092,1364
"953","darkgreen",TRUE,0.00625992077938969,3398,94,31,0.329787234042553,0.00912301353737493,"TF:M10710","TF","Factor: HOXD4; motif: RTCRTTAN",20092,4248
"954","darkgreen",TRUE,0.00625992077938969,5886,94,45,0.478723404255319,0.00764525993883792,"TF:M01654_1","TF","Factor: DRI1; motif: AATTAA; match class: 1",20092,1421
"955","darkgreen",TRUE,0.00625992077938969,5886,94,45,0.478723404255319,0.00764525993883792,"TF:M03546_1","TF","Factor: Dlx-5; motif: AATTAN; match class: 1",20092,1323
"956","darkgreen",TRUE,0.00629070584149972,13635,94,80,0.851063829787234,0.00586725339200587,"TF:M01292","TF","Factor: HOXA13; motif: ATAAMA",20092,3822
"957","darkgreen",TRUE,0.00629070584149972,1181,94,16,0.170212765957447,0.0135478408128704,"TF:M09782_1","TF","Factor: POU5F1; motif: NNATGCAAANN; match class: 1",20092,7025
"958","darkgreen",TRUE,0.00629070584149972,4785,94,39,0.414893617021277,0.00815047021943574,"TF:M11683","TF","Factor: IRF-8; motif: NCGAAACCGAAACYN",20092,4508
"959","darkgreen",TRUE,0.0064632604712598,1863,94,21,0.223404255319149,0.0112721417069243,"TF:M02013","TF","Factor: HNF-1alpha; motif: RGTTAATNWTT",20092,3640
"960","darkgreen",TRUE,0.00650587681829417,6872,94,50,0.531914893617021,0.00727590221187427,"TF:M08822","TF","Factor: Msx-1; motif: WNGNAATTANV",20092,5458
"961","darkgreen",TRUE,0.00651748791185086,6099,94,46,0.48936170212766,0.00754222003607149,"TF:M01124","TF","Factor: Oct-4; motif: ATTGWSWTGCWAAWN",20092,6324
"962","darkgreen",TRUE,0.00651748791185086,3253,94,30,0.319148936170213,0.00922225637872733,"TF:M04443","TF","Factor: UNCX; motif: NYAATTAN",20092,9092
"963","darkgreen",TRUE,0.00651748791185086,2160,94,23,0.24468085106383,0.0106481481481481,"TF:M01420_1","TF","Factor: Ncx; motif: NAATNAATTAATAANWW; match class: 1",20092,5657
"964","darkgreen",TRUE,0.00658832520482022,1066,94,15,0.159574468085106,0.0140712945590994,"TF:M01438_1","TF","Factor: ipf1; motif: NNRNTAATTAGYNCAN; match class: 1",20092,4397
"965","darkgreen",TRUE,0.00682165988093788,166,94,6,0.0638297872340425,0.036144578313253,"TF:M07276","TF","Factor: AML3; motif: NNTGTGGTTN",20092,98
"966","darkgreen",TRUE,0.00682165988093788,1597,94,19,0.202127659574468,0.0118973074514715,"TF:M00421_1","TF","Factor: MEIS1B:HOXA9; motif: TGACASTTTWAYRR; match class: 1",20092,5239
"967","darkgreen",TRUE,0.00682165988093788,3432,94,31,0.329787234042553,0.00903263403263403,"TF:M07466","TF","Factor: Six-1; motif: CTCARRTTWCN",20092,7732
"968","darkgreen",TRUE,0.00682165988093788,507,94,10,0.106382978723404,0.019723865877712,"TF:M01723_1","TF","Factor: SATB1; motif: AKWAWTAAHGRYMNWW; match class: 1",20092,7655
"969","darkgreen",TRUE,0.0071622429100455,4136,94,35,0.372340425531915,0.00846228239845261,"TF:M00410","TF","Factor: Sox-9; motif: NNNNAACAATRGNN",20092,8024
"970","darkgreen",TRUE,0.0071622429100455,1892,94,21,0.223404255319149,0.0110993657505285,"TF:M08719","TF","Factor: HOXB2:Sox-20; motif: ACAATRSNNNNNNNATYA",20092,3992
"971","darkgreen",TRUE,0.0071622429100455,1749,94,20,0.212765957446809,0.0114351057747284,"TF:M01124_1","TF","Factor: Oct-4; motif: ATTGWSWTGCWAAWN; match class: 1",20092,6325
"972","darkgreen",TRUE,0.0071622429100455,3967,94,34,0.361702127659574,0.00857070834383665,"TF:M08764","TF","Factor: HNF-3alpha; motif: WRWGTAAAYA",20092,2596
"973","darkgreen",TRUE,0.0071622429100455,2496,94,25,0.265957446808511,0.0100160256410256,"TF:M10871","TF","Factor: ARX; motif: NYAATTAN",20092,232
"974","darkgreen",TRUE,0.0071622429100455,515,94,10,0.106382978723404,0.0194174757281553,"TF:M07058_1","TF","Factor: POU2F1; motif: ATTTGCATN; match class: 1",20092,6875
"975","darkgreen",TRUE,0.0071622429100455,2496,94,25,0.265957446808511,0.0100160256410256,"TF:M04447","TF","Factor: VAX2; motif: YTAATTAN",20092,9148
"976","darkgreen",TRUE,0.0071622429100455,3459,94,31,0.329787234042553,0.00896212778259613,"TF:M01275_1","TF","Factor: ipf1; motif: CATTAR; match class: 1",20092,4409
"977","darkgreen",TRUE,0.0071622429100455,9633,94,63,0.670212765957447,0.00654001868576767,"TF:M00655","TF","Factor: PEA3; motif: ACWTCCK",20092,6706
"978","darkgreen",TRUE,0.0071622429100455,5393,94,42,0.446808510638298,0.00778787316892268,"TF:M10864","TF","Factor: EVX1; motif: NTCATTAN",20092,2422
"979","darkgreen",TRUE,0.0071622429100455,5763,94,44,0.468085106382979,0.00763491237202846,"TF:M11981_1","TF","Factor: NFATc1; motif: NTTTCCRTNNAYGGAAAN; match class: 1",20092,5789
"980","darkgreen",TRUE,0.0071622429100455,2496,94,25,0.265957446808511,0.0100160256410256,"TF:M10869","TF","Factor: Prrxl1; motif: YYAATTAN",20092,1416
"981","darkgreen",TRUE,0.00718816650059595,5402,94,42,0.446808510638298,0.00777489818585709,"TF:M03559","TF","Factor: Pit-1; motif: NNWWATTCAT",20092,6748
"982","darkgreen",TRUE,0.00718816650059595,9872,94,64,0.680851063829787,0.00648298217179903,"TF:M02086_1","TF","Factor: Cdx-1; motif: TTTATK; match class: 1",20092,691
"983","darkgreen",TRUE,0.00730902180437625,2818,94,27,0.287234042553192,0.00958126330731015,"TF:M00790","TF","Factor: HNF-1; motif: WRGTTAATNATTAACNNN",20092,3664
"984","darkgreen",TRUE,0.00730902180437625,5411,94,42,0.446808510638298,0.00776196636481242,"TF:M11024","TF","Factor: six4; motif: NCGTATCRTN",20092,7754
"985","darkgreen",TRUE,0.00730902180437625,4151,94,35,0.372340425531915,0.00843170320404722,"TF:M00102","TF","Factor: CDP; motif: NWNATCGATTANYNN",20092,674
"986","darkgreen",TRUE,0.00734561678967849,2980,94,28,0.297872340425532,0.00939597315436242,"TF:M10707","TF","Factor: HoxA5; motif: RTCATTAN",20092,3890
"987","darkgreen",TRUE,0.00743686484148657,4688,94,38,0.404255319148936,0.00810580204778157,"TF:M11589","TF","Factor: FOXK1; motif: NNNGTAAACAN",20092,2770
"988","darkgreen",TRUE,0.00745357778859245,4692,94,38,0.404255319148936,0.00809889173060529,"TF:M10609","TF","Factor: Dlx-3; motif: NTCRTTAN",20092,1286
"989","darkgreen",TRUE,0.00745357778859245,3989,94,34,0.361702127659574,0.00852343945851091,"TF:M10941","TF","Factor: VSX1; motif: CYAATTRN",20092,9190
"990","darkgreen",TRUE,0.00745357778859245,4692,94,38,0.404255319148936,0.00809889173060529,"TF:M10698","TF","Factor: HOXB5; motif: RTCRTTAN",20092,4028
"991","darkgreen",TRUE,0.00745997556640831,3649,94,32,0.340425531914894,0.00876952589750617,"TF:M10717","TF","Factor: HOXC4; motif: NTMATTAN",20092,4138
"992","darkgreen",TRUE,0.00796955410640392,8831,94,59,0.627659574468085,0.00668101007813385,"TF:M01393","TF","Factor: Msx-2; motif: NNNGACYAATTAGYNNT",20092,5460
"993","darkgreen",TRUE,0.00833102106886677,1932,94,21,0.223404255319149,0.0108695652173913,"TF:M10753","TF","Factor: HOXA1; motif: NTAATTAN",20092,3852
"994","darkgreen",TRUE,0.00833102106886677,4370,94,36,0.382978723404255,0.00823798627002288,"TF:M04609","TF","Factor: AP-3; motif: TKGAAAKN",20092,164
"995","darkgreen",TRUE,0.00833102106886677,988,94,14,0.148936170212766,0.01417004048583,"TF:M10873_1","TF","Factor: alx3; motif: NYAATTAN; match class: 1",20092,43
"996","darkgreen",TRUE,0.00833102106886677,988,94,14,0.148936170212766,0.01417004048583,"TF:M00432_1","TF","Factor: TTF1; motif: ASTCAAGTRK; match class: 1",20092,9021
"997","darkgreen",TRUE,0.00833102106886677,1932,94,21,0.223404255319149,0.0108695652173913,"TF:M10754","TF","Factor: hoxd1; motif: NTAATTAS",20092,4232
"998","darkgreen",TRUE,0.00833102106886677,12023,94,73,0.776595744680851,0.00607169591616069,"TF:M02097","TF","Factor: LHX3; motif: ATTAAW",20092,4850
"999","darkgreen",TRUE,0.00838090758016317,990,94,14,0.148936170212766,0.0141414141414141,"TF:M01151","TF","Factor: DMRT7; motif: TTGTTACAWTKTKG",20092,1368
"1000","darkgreen",TRUE,0.00838090758016317,1512,94,18,0.191489361702128,0.0119047619047619,"TF:M01653_1","TF","Factor: HMGIY; motif: NGWWATTN; match class: 1",20092,3605
"1001","darkgreen",TRUE,0.0083890253734219,3685,94,32,0.340425531914894,0.00868385345997286,"TF:M11687","TF","Factor: IRF-4; motif: NCGAAACCGAAACYN",20092,4464
"1002","darkgreen",TRUE,0.0083890253734219,7816,94,54,0.574468085106383,0.00690890481064483,"TF:M07254","TF","Factor: Foxc1; motif: TTVYTTTNW",20092,2638
"1003","darkgreen",TRUE,0.00856168743186255,3189,94,29,0.308510638297872,0.00909375979931013,"TF:M01010_1","TF","Factor: HMGIY; motif: NNKKNAWTTTNYTNN; match class: 1",20092,3607
"1004","darkgreen",TRUE,0.00879216574430998,4040,94,34,0.361702127659574,0.00841584158415842,"TF:M10716","TF","Factor: HOXA4; motif: RTMATTAN",20092,3878
"1005","darkgreen",TRUE,0.00893694209392049,1125,94,15,0.159574468085106,0.0133333333333333,"TF:M07120_1","TF","Factor: Oct-2; motif: NNNATTTGCATRT; match class: 1",20092,6887
"1006","darkgreen",TRUE,0.0093149886659747,10890,94,68,0.723404255319149,0.00624426078971534,"TF:M10690","TF","Factor: HOXA7; motif: GYMATTAN",20092,3904
"1007","darkgreen",TRUE,0.0093149886659747,1959,94,21,0.223404255319149,0.0107197549770291,"TF:M04279_1","TF","Factor: ALX3; motif: NNYAATTANN; match class: 1",20092,39
"1008","darkgreen",TRUE,0.00936861659693011,1673,94,19,0.202127659574468,0.0113568439928273,"TF:M10748","TF","Factor: GSH2; motif: SYMATTAR",20092,3422
"1009","darkgreen",TRUE,0.00936861659693011,4058,94,34,0.361702127659574,0.00837851158206013,"TF:M04349_1","TF","Factor: HOXB5; motif: NNYMATTANN; match class: 1",20092,4025
"1010","darkgreen",TRUE,0.00951405550073162,3052,94,28,0.297872340425532,0.00917431192660551,"TF:M09825","TF","Factor: BAF170; motif: NNCTTATCTNN",20092,7842
"1011","darkgreen",TRUE,0.00968770643973707,3726,94,32,0.340425531914894,0.00858829844337091,"TF:M08836","TF","Factor: OCT-2; motif: ATGMATATGCWAAT",20092,6888
"1012","darkgreen",TRUE,0.00968770643973707,3725,94,32,0.340425531914894,0.00859060402684564,"TF:M11908","TF","Factor: POU3F2; motif: TAATKAGNNNNTAATKA",20092,6954
"1013","darkgreen",TRUE,0.00968770643973707,14659,94,83,0.882978723404255,0.00566205061736817,"TF:M02086","TF","Factor: Cdx-1; motif: TTTATK",20092,690
"1014","darkgreen",TRUE,0.00996396088328086,1142,94,15,0.159574468085106,0.0131348511383538,"TF:M04238","TF","Factor: FOXD2; motif: NRNWAATATTTAYN",20092,2656
"1015","darkgreen",TRUE,0.0101739349775031,1832,94,20,0.212765957446809,0.0109170305676856,"TF:M00672_1","TF","Factor: TEF; motif: ATGTTWAYATAA; match class: 1",20092,8773
"1016","darkgreen",TRUE,0.010413046386948,3239,94,29,0.308510638297872,0.00895338067304724,"TF:M01723","TF","Factor: SATB1; motif: AKWAWTAAHGRYMNWW",20092,7654
"1017","darkgreen",TRUE,0.0104645574054447,5728,94,43,0.457446808510638,0.00750698324022346,"TF:M08817","TF","Factor: HOXD13; motif: WNNAATAAWAY",20092,4230
"1018","darkgreen",TRUE,0.0106290514001099,4452,94,36,0.382978723404255,0.00808625336927224,"TF:M03952","TF","Factor: CDP; motif: TRATCRATAN",20092,1208
"1019","darkgreen",TRUE,0.0106290514001099,6701,94,48,0.51063829787234,0.00716310998358454,"TF:M11929","TF","Factor: POU3F1; motif: NTAATKWATGCNN",20092,6932
"1020","darkgreen",TRUE,0.0106290514001099,1842,94,20,0.212765957446809,0.01085776330076,"TF:M08903","TF","Factor: TEF5; motif: NNWGGWATKTTT",20092,8750
"1021","darkgreen",TRUE,0.0106290514001099,3752,94,32,0.340425531914894,0.00852878464818763,"TF:M12506","TF","Factor: FOXA1; motif: NWGTAAACATNN",20092,2610
"1022","darkgreen",TRUE,0.0109188798066014,2451,94,24,0.25531914893617,0.00979192166462668,"TF:M10681","TF","Factor: HPX42B; motif: NNYNATTANN",20092,9180
"1023","darkgreen",TRUE,0.0109188798066014,3421,94,30,0.319148936170213,0.00876936568254896,"TF:M00464","TF","Factor: POU3F2; motif: TTATGYTAAT",20092,6942
"1024","darkgreen",TRUE,0.0111440381289969,3260,94,29,0.308510638297872,0.00889570552147239,"TF:M04450_1","TF","Factor: VSX1; motif: NGCYAATTRNN; match class: 1",20092,9187
"1025","darkgreen",TRUE,0.011172235051219,3782,94,32,0.340425531914894,0.00846113167636171,"TF:M12607","TF","Factor: FOXO1A; motif: NGTAAACAN",20092,2838
"1026","darkgreen",TRUE,0.011172235051219,6941,94,49,0.521276595744681,0.00705950151275032,"TF:M02278","TF","Factor: SPI1; motif: AGGAAGT",20092,8160
"1027","darkgreen",TRUE,0.011172235051219,7743,94,53,0.563829787234043,0.00684489216066124,"TF:M02026","TF","Factor: MEF-2D; motif: WAAATAR",20092,5218
"1028","darkgreen",TRUE,0.011172235051219,3784,94,32,0.340425531914894,0.00845665961945032,"TF:M03836","TF","Factor: oct-2; motif: NNWNATGCAAATNN",20092,6318
"1029","darkgreen",TRUE,0.011172235051219,6941,94,49,0.521276595744681,0.00705950151275032,"TF:M03579","TF","Factor: PEA3; motif: AGGAAGT",20092,6708
"1030","darkgreen",TRUE,0.011172235051219,4117,94,34,0.361702127659574,0.00825844061209619,"TF:M12491","TF","Factor: FOXA2; motif: NWGTAAACANN",20092,2616
"1031","darkgreen",TRUE,0.011172235051219,3785,94,32,0.340425531914894,0.00845442536327609,"TF:M04267","TF","Factor: FOXP3; motif: RTAAACA",20092,2898
"1032","darkgreen",TRUE,0.011172235051219,3785,94,32,0.340425531914894,0.00845442536327609,"TF:M04265","TF","Factor: FOXO6; motif: GTAAACA",20092,2872
"1033","darkgreen",TRUE,0.011172235051219,2943,94,27,0.287234042553192,0.00917431192660551,"TF:M09932","TF","Factor: FOXO3a; motif: NYTGTTTACN",20092,2854
"1034","darkgreen",TRUE,0.011172235051219,2158,94,22,0.234042553191489,0.010194624652456,"TF:M12586","TF","Factor: BMYB; motif: NTTCAAAN",20092,5530
"1035","darkgreen",TRUE,0.011172235051219,793,94,12,0.127659574468085,0.0151324085750315,"TF:M00347_1","TF","Factor: GATA-1; motif: MNAGATAANR; match class: 1",20092,3015
"1036","darkgreen",TRUE,0.011172235051219,3785,94,32,0.340425531914894,0.00845442536327609,"TF:M04255","TF","Factor: FOXO1; motif: GTAAACAW",20092,2832
"1037","darkgreen",TRUE,0.011172235051219,6941,94,49,0.521276595744681,0.00705950151275032,"TF:M01870","TF","Factor: C-ets-1; motif: AGGAAGN",20092,840
"1038","darkgreen",TRUE,0.011172235051219,6941,94,49,0.521276595744681,0.00705950151275032,"TF:M07382","TF","Factor: Fli-1; motif: MGGAAGT",20092,2546
"1039","darkgreen",TRUE,0.011172235051219,3785,94,32,0.340425531914894,0.00845442536327609,"TF:M04244","TF","Factor: FOXI1; motif: GTAAACA",20092,2714
"1040","darkgreen",TRUE,0.011172235051219,3785,94,32,0.340425531914894,0.00845442536327609,"TF:M04239","TF","Factor: FOXD2; motif: GTAAACA",20092,2658
"1041","darkgreen",TRUE,0.011172235051219,3785,94,32,0.340425531914894,0.00845442536327609,"TF:M12606","TF","Factor: FOXK1; motif: GTAAACA",20092,2772
"1042","darkgreen",TRUE,0.011172235051219,3785,94,32,0.340425531914894,0.00845442536327609,"TF:M04253","TF","Factor: FOXL1; motif: RTAAACA",20092,2778
"1043","darkgreen",TRUE,0.011172235051219,1854,94,20,0.212765957446809,0.0107874865156419,"TF:M01149","TF","Factor: DMRT4; motif: AATGTADCAAWTT",20092,1356
"1044","darkgreen",TRUE,0.011314483223217,919,94,13,0.138297872340426,0.014145810663765,"TF:M00416_1","TF","Factor: Cart-1; motif: NNNTAATTNNCATTANCN; match class: 1",20092,661
"1045","darkgreen",TRUE,0.0113780453178236,4494,94,36,0.382978723404255,0.00801068090787717,"TF:M10873","TF","Factor: alx3; motif: NYAATTAN",20092,42
"1046","darkgreen",TRUE,0.0115643207857037,926,94,13,0.138297872340426,0.0140388768898488,"TF:M13024","TF","Factor: MNX1; motif: NYRATTAN",20092,5400
"1047","darkgreen",TRUE,0.0115643207857037,926,94,13,0.138297872340426,0.0140388768898488,"TF:M04303","TF","Factor: Dlx-5; motif: NYAATTAN",20092,1308
"1048","darkgreen",TRUE,0.0115643207857037,6965,94,49,0.521276595744681,0.00703517587939699,"TF:M00622","TF","Factor: C/EBPgamma; motif: YTBATTTCARAAW",20092,818
"1049","darkgreen",TRUE,0.0115643207857037,6757,94,48,0.51063829787234,0.00710374426520645,"TF:M09931","TF","Factor: FOXO1A; motif: NNNYTGTTTNCN",20092,2836
"1050","darkgreen",TRUE,0.0115643207857037,5610,94,42,0.446808510638298,0.00748663101604278,"TF:M09782","TF","Factor: POU5F1; motif: NNATGCAAANN",20092,7024
"1051","darkgreen",TRUE,0.0115643207857037,926,94,13,0.138297872340426,0.0140388768898488,"TF:M10619","TF","Factor: Dlx-2; motif: NYAATTAN",20092,1274
"1052","darkgreen",TRUE,0.0115643207857037,926,94,13,0.138297872340426,0.0140388768898488,"TF:M10620","TF","Factor: Dlx-2; motif: NYAATTAN",20092,1276
"1053","darkgreen",TRUE,0.0115643207857037,2331,94,23,0.24468085106383,0.00986700986700987,"TF:M03873","TF","Factor: HOXA10; motif: ANTTTATG",20092,3810
"1054","darkgreen",TRUE,0.0115643207857037,926,94,13,0.138297872340426,0.0140388768898488,"TF:M10604","TF","Factor: Dlx-7; motif: NYAATTAN",20092,1304
"1055","darkgreen",TRUE,0.0115643207857037,926,94,13,0.138297872340426,0.0140388768898488,"TF:M10602","TF","Factor: Dlx-7; motif: NYAATTAN",20092,1300
"1056","darkgreen",TRUE,0.0117104137826339,690,94,11,0.117021276595745,0.0159420289855072,"TF:M11386","TF","Factor: elf5; motif: AANNAGGAAGTR",20092,1834
"1057","darkgreen",TRUE,0.0118177587507364,4515,94,36,0.382978723404255,0.0079734219269103,"TF:M07270_1","TF","Factor: TEF-3; motif: GNTATTTTT; match class: 1",20092,8747
"1058","darkgreen",TRUE,0.0118177587507364,3986,94,33,0.351063829787234,0.00827897641746111,"TF:M04378","TF","Factor: IRX5; motif: NWACAYRACAWN",20092,4536
"1059","darkgreen",TRUE,0.0119344725718743,3140,94,28,0.297872340425532,0.0089171974522293,"TF:M10761","TF","Factor: MOX1; motif: NTCRTTAN",20092,5302
"1060","darkgreen",TRUE,0.01205092591353,2037,94,21,0.223404255319149,0.0103092783505155,"TF:M02265_1","TF","Factor: NFATc2; motif: TTTTCCA; match class: 1",20092,5791
"1061","darkgreen",TRUE,0.0120880062345883,5440,94,41,0.436170212765957,0.00753676470588235,"TF:M10704","TF","Factor: HoxA5; motif: RTCATTAN",20092,3884
"1062","darkgreen",TRUE,0.0126732010606192,3659,94,31,0.329787234042553,0.00847226018037715,"TF:M00162","TF","Factor: Oct-1; motif: CWNAWTKWSATRYN",20092,6304
"1063","darkgreen",TRUE,0.0128954128190039,1067,94,14,0.148936170212766,0.0131208997188379,"TF:M10926","TF","Factor: Prop-1; motif: TAATTNNRTTA",20092,7168
"1064","darkgreen",TRUE,0.0138193132513055,11319,94,69,0.734042553191489,0.00609594487145508,"TF:M01712","TF","Factor: CRX; motif: YTAATC",20092,1128
"1065","darkgreen",TRUE,0.0143308702020756,2531,94,24,0.25531914893617,0.00948241801659423,"TF:M08772_1","TF","Factor: HOXA6; motif: NYMATTAN; match class: 1",20092,3893
"1066","darkgreen",TRUE,0.014676760485017,8267,94,55,0.585106382978723,0.0066529575420346,"TF:M10603","TF","Factor: Dlx-7; motif: NTCRTTAN",20092,1302
"1067","darkgreen",TRUE,0.014676760485017,832,94,12,0.127659574468085,0.0144230769230769,"TF:M04240","TF","Factor: FOXD3; motif: NRNWAATATTKACN",20092,2674
"1068","darkgreen",TRUE,0.014676760485017,8267,94,55,0.585106382978723,0.0066529575420346,"TF:M10612","TF","Factor: Dlx-5; motif: NTCRTTAN",20092,1312
"1069","darkgreen",TRUE,0.01503136750131,602,94,10,0.106382978723404,0.0166112956810631,"TF:M10057","TF","Factor: Six-1; motif: TGWAAYNTGAKMCN",20092,7718
"1070","darkgreen",TRUE,0.0152788375758047,6661,94,47,0.5,0.00705599759795826,"TF:M11626","TF","Factor: Sox-9; motif: NNNACAATRG",20092,8022
"1071","darkgreen",TRUE,0.0154670270428152,7668,94,52,0.553191489361702,0.00678142931664058,"TF:M02112","TF","Factor: OC-2; motif: TCAATA",20092,6290
"1072","darkgreen",TRUE,0.0154670270428152,6864,94,48,0.51063829787234,0.00699300699300699,"TF:M00137","TF","Factor: Oct-1; motif: NNNRTAATNANNN",20092,6298
"1073","darkgreen",TRUE,0.0156228893555081,3373,94,29,0.308510638297872,0.0085976875185295,"TF:M04347","TF","Factor: HOXB2; motif: NNTMATTANN",20092,4002
"1074","darkgreen",TRUE,0.0156228893555081,1936,94,20,0.212765957446809,0.0103305785123967,"TF:M10065_1","TF","Factor: Sox-10; motif: MAANRRNNNCWTTGTT; match class: 1",20092,7883
"1075","darkgreen",TRUE,0.0156228893555081,6087,94,44,0.468085106382979,0.00722851979628717,"TF:M11986","TF","Factor: NFATc2; motif: NTTTCCATNNATGGAAAN",20092,5798
"1076","darkgreen",TRUE,0.0157494472493595,1645,94,18,0.191489361702128,0.0109422492401216,"TF:M08215_1","TF","Factor: Elk-1:EVX1; motif: NNCGGWAATNNYMATTA; match class: 1",20092,1851
"1077","darkgreen",TRUE,0.016069490380724,4070,94,33,0.351063829787234,0.00810810810810811,"TF:M03951","TF","Factor: CDP; motif: ATCGATNNNNNNATCRAT",20092,1204
"1078","darkgreen",TRUE,0.0160735143420412,1649,94,18,0.191489361702128,0.0109157064887811,"TF:M03951_1","TF","Factor: CDP; motif: ATCGATNNNNNNATCRAT; match class: 1",20092,1205
"1079","darkgreen",TRUE,0.0167587389076386,1105,94,14,0.148936170212766,0.0126696832579186,"TF:M00291_1","TF","Factor: Freac-3; motif: NNNNNGTAAATAAACA; match class: 1",20092,2951
"1080","darkgreen",TRUE,0.0167587389076386,4985,94,38,0.404255319148936,0.00762286860581745,"TF:M10088","TF","Factor: TBP; motif: MTATAAAARS",20092,8426
"1081","darkgreen",TRUE,0.0167587389076386,4438,94,35,0.372340425531915,0.00788643533123028,"TF:M00346","TF","Factor: GATA-1; motif: NCWGATAACA",20092,3012
"1082","darkgreen",TRUE,0.0167587389076386,2102,94,21,0.223404255319149,0.00999048525214082,"TF:M01197","TF","Factor: Elf5; motif: WNAAGGAARTW",20092,1826
"1083","darkgreen",TRUE,0.0167587389076386,975,94,13,0.138297872340426,0.0133333333333333,"TF:M00795_1","TF","Factor: Octamer; motif: TNATTTGCATN; match class: 1",20092,6331
"1084","darkgreen",TRUE,0.0167921181601053,14365,94,81,0.861702127659574,0.0056387051862165,"TF:M03854","TF","Factor: SRY; motif: TTGTTT",20092,8288
"1085","darkgreen",TRUE,0.0167921181601053,14365,94,81,0.861702127659574,0.0056387051862165,"TF:M03823","TF","Factor: FOXO1A; motif: AAACAA",20092,2806
"1086","darkgreen",TRUE,0.0169286876983895,3230,94,28,0.297872340425532,0.0086687306501548,"TF:M09902","TF","Factor: ESE-1; motif: NNANVAGGAAGTNN",20092,2132
"1087","darkgreen",TRUE,0.0173423831568487,406,94,8,0.0851063829787234,0.0197044334975369,"TF:M10681_1","TF","Factor: HPX42B; motif: NNYNATTANN; match class: 1",20092,9181
"1088","darkgreen",TRUE,0.0178192063533698,6137,94,44,0.468085106382979,0.00716962685351149,"TF:M10034","TF","Factor: Oct-2; motif: NYATGCAAATN",20092,6316
"1089","darkgreen",TRUE,0.0180723834506977,5569,94,41,0.436170212765957,0.00736218351589154,"TF:M10953","TF","Factor: isx; motif: NTCRTTAA",20092,4570
"1090","darkgreen",TRUE,0.0184281719105189,1391,94,16,0.170212765957447,0.0115025161754134,"TF:M11895_1","TF","Factor: Oct-2; motif: NTATGCGCATAN; match class: 1",20092,6895
"1091","darkgreen",TRUE,0.0184281719105189,4650,94,36,0.382978723404255,0.00774193548387097,"TF:M08369","TF","Factor: HOXD12:PEA3; motif: RCCGGAAGTAATAAAM",20092,4196
"1092","darkgreen",TRUE,0.0188334329386639,1680,94,18,0.191489361702128,0.0107142857142857,"TF:M12193_1","TF","Factor: GATA-3; motif: AGATAAGATCT; match class: 1",20092,3067
"1093","darkgreen",TRUE,0.0188334329386639,4476,94,35,0.372340425531915,0.00781948168007149,"TF:M07284_1","TF","Factor: Erg; motif: MCAGGAAA; match class: 1",20092,2099
"1094","darkgreen",TRUE,0.0188457596129947,7142,94,49,0.521276595744681,0.00686082329879586,"TF:M04450","TF","Factor: VSX1; motif: NGCYAATTRNN",20092,9186
"1095","darkgreen",TRUE,0.0189484567137541,1682,94,18,0.191489361702128,0.0107015457788347,"TF:M07457_1","TF","Factor: Hoxa9; motif: NTTAAWTAMA; match class: 1",20092,3923
"1096","darkgreen",TRUE,0.0193816639051256,7152,94,49,0.521276595744681,0.00685123042505593,"TF:M10065","TF","Factor: Sox-10; motif: MAANRRNNNCWTTGTT",20092,7882
"1097","darkgreen",TRUE,0.0198469612477576,522,94,9,0.0957446808510638,0.0172413793103448,"TF:M11566_1","TF","Factor: HNF-3alpha; motif: NWRWGTMAAYAW; match class: 1",20092,2601
"1098","darkgreen",TRUE,0.020313307921717,12183,94,72,0.765957446808511,0.00590987441516868,"TF:M01337_1","TF","Factor: HOXA3; motif: NNNNRNTAATTARY; match class: 1",20092,3871
"1099","darkgreen",TRUE,0.020313307921717,5047,94,38,0.404255319148936,0.00752922528234595,"TF:M11567","TF","Factor: HNF-3alpha; motif: NWRTGTAAAYAN",20092,2602
"1100","darkgreen",TRUE,0.0204349800191589,5993,94,43,0.457446808510638,0.0071750375438011,"TF:M11579","TF","Factor: foxl2; motif: NNYGTAAACAN",20092,2784
"1101","darkgreen",TRUE,0.0204349800191589,1844,94,19,0.202127659574468,0.0103036876355748,"TF:M04415","TF","Factor: NKX6-1; motif: NTMATTAA",20092,6050
"1102","darkgreen",TRUE,0.0204445383057885,6776,94,47,0.5,0.00693624557260921,"TF:M00421","TF","Factor: MEIS1B:HOXA9; motif: TGACASTTTWAYRR",20092,5238
"1103","darkgreen",TRUE,0.0204445383057885,4147,94,33,0.351063829787234,0.00795755968169761,"TF:M08886","TF","Factor: IRF4; motif: MNNRAAANGAAA",20092,4468
"1104","darkgreen",TRUE,0.0205050222529022,8197,94,54,0.574468085106383,0.00658777601561547,"TF:M08976_1","TF","Factor: SRY; motif: AACAATNR; match class: 1",20092,8287
"1105","darkgreen",TRUE,0.0206451246981458,6388,94,45,0.478723404255319,0.00704445835942392,"TF:M11981","TF","Factor: NFATc1; motif: NTTTCCRTNNAYGGAAAN",20092,5788
"1106","darkgreen",TRUE,0.0206750983791693,3286,94,28,0.297872340425532,0.00852099817407182,"TF:M13140","TF","Factor: HOXD13; motif: TTTTATNRSN",20092,4228
"1107","darkgreen",TRUE,0.0207008711385085,3457,94,29,0.308510638297872,0.00838877639571883,"TF:M11686","TF","Factor: IRF-4; motif: NYGAAASYGAAACYN",20092,4462
"1108","darkgreen",TRUE,0.0207008711385085,1850,94,19,0.202127659574468,0.0102702702702703,"TF:M08404_1","TF","Factor: POU2F1:Gscl; motif: NNGATTANNTATKCANNNN; match class: 1",20092,6867
"1109","darkgreen",TRUE,0.021092382082478,761,94,11,0.117021276595745,0.0144546649145861,"TF:M09952","TF","Factor: hoxa9; motif: NTGATTTATKR",20092,3912
"1110","darkgreen",TRUE,0.021092382082478,7596,94,51,0.542553191489362,0.00671406003159558,"TF:M10541","TF","Factor: SUHW1; motif: TCTCTCCAGTRTGAATTCTCTGAT",20092,8376
"1111","darkgreen",TRUE,0.021092382082478,5819,94,42,0.446808510638298,0.00721773500601478,"TF:M11986_1","TF","Factor: NFATc2; motif: NTTTCCATNNATGGAAAN; match class: 1",20092,5799
"1112","darkgreen",TRUE,0.0212276174660452,3466,94,29,0.308510638297872,0.00836699365262551,"TF:M04555_1","TF","Factor: SRY; motif: AACAATANCATTGTT; match class: 1",20092,8281
"1113","darkgreen",TRUE,0.0213545896168832,40,94,3,0.0319148936170213,0.075,"TF:M11644","TF","Factor: HSF5; motif: YNGAACGYNNNNNNNNNNAACGTTCNR",20092,4334
"1114","darkgreen",TRUE,0.0214913035210945,4891,94,37,0.393617021276596,0.00756491515027602,"TF:M01408","TF","Factor: Brn-3c; motif: NNTTATTAATKANKNC",20092,618
"1115","darkgreen",TRUE,0.0215402183615458,14470,94,81,0.861702127659574,0.00559778852798894,"TF:M03819","TF","Factor: Elk-1; motif: GGAAGN",20092,1908
"1116","darkgreen",TRUE,0.0215402183615458,3302,94,28,0.297872340425532,0.00847970926711084,"TF:M09879","TF","Factor: Cdx-2; motif: TTTNATTGCNNT",20092,698
"1117","darkgreen",TRUE,0.023130007657583,653,94,10,0.106382978723404,0.0153139356814701,"TF:M10739_1","TF","Factor: HOXB2; motif: RTCATTAN; match class: 1",20092,4009
"1118","darkgreen",TRUE,0.023130007657583,3150,94,27,0.287234042553192,0.00857142857142857,"TF:M00453","TF","Factor: IRF-7; motif: TNSGAAWNCGAAANTNNN",20092,4488
"1119","darkgreen",TRUE,0.023130007657583,2025,94,20,0.212765957446809,0.00987654320987654,"TF:M00972","TF","Factor: IRF; motif: RAAANTGAAAN",20092,4526
"1120","darkgreen",TRUE,0.0231569946683976,773,94,11,0.117021276595745,0.0142302716688228,"TF:M03995","TF","Factor: SPIB; motif: NAAAAGMGGAAGTN",20092,8178
"1121","darkgreen",TRUE,0.0231840063869899,3321,94,28,0.297872340425532,0.00843119542306534,"TF:M01261","TF","Factor: HNF3A; motif: RWGTAAACAN",20092,3670
"1122","darkgreen",TRUE,0.0235187467199874,900,94,12,0.127659574468085,0.0133333333333333,"TF:M10036_1","TF","Factor: Oct3; motif: CYWTTSWNATGCAAAT; match class: 1",20092,7027
"1123","darkgreen",TRUE,0.0235187467199874,5292,94,39,0.414893617021277,0.00736961451247166,"TF:M11037","TF","Factor: Six-6; motif: NNSTATCRNN",20092,7762
"1124","darkgreen",TRUE,0.0235293613649925,42,94,3,0.0319148936170213,0.0714285714285714,"TF:M06219","TF","Factor: ZNF266; motif: NGGWAAGTCCGY",20092,10090
"1125","darkgreen",TRUE,0.0235293613649925,7643,94,51,0.542553191489362,0.00667277247154259,"TF:M02082","TF","Factor: Isl2; motif: YTAAGTG",20092,4554
"1126","darkgreen",TRUE,0.0235293613649925,3327,94,28,0.297872340425532,0.00841599038172528,"TF:M01385","TF","Factor: Pax-4; motif: WNNNYTAATTARYNSNN",20092,6546
"1127","darkgreen",TRUE,0.0241899947362042,9545,94,60,0.638297872340426,0.00628601361969618,"TF:M04611","TF","Factor: FOXM1; motif: NAGASTGATTA",20092,2792
"1128","darkgreen",TRUE,0.0243055782406917,546,94,9,0.0957446808510638,0.0164835164835165,"TF:M00162_1","TF","Factor: Oct-1; motif: CWNAWTKWSATRYN; match class: 1",20092,6305
"1129","darkgreen",TRUE,0.0244428359523192,4210,94,33,0.351063829787234,0.00783847980997625,"TF:M11558","TF","Factor: FKHL14; motif: NWNNGTMAACAN",20092,2646
"1130","darkgreen",TRUE,0.0246742867985701,1449,94,16,0.170212765957447,0.0110420979986197,"TF:M09996","TF","Factor: nanog; motif: NYYWTTGWNATGCAAAT",20092,5650
"1131","darkgreen",TRUE,0.0247272962445915,783,94,11,0.117021276595745,0.0140485312899106,"TF:M00146_1","TF","Factor: HSF1; motif: AGAANRTTCN; match class: 1",20092,4283
"1132","darkgreen",TRUE,0.0248455432188977,1310,94,15,0.159574468085106,0.0114503816793893,"TF:M08887","TF","Factor: IRF; motif: NNGAAANTGAAANN",20092,4522
"1133","darkgreen",TRUE,0.0252660763249102,2845,94,25,0.265957446808511,0.00878734622144113,"TF:M00290","TF","Factor: Freac-2; motif: NNANNGTAAACAANNN",20092,2948
"1134","darkgreen",TRUE,0.0256663478027664,1749,94,18,0.191489361702128,0.0102915951972556,"TF:M10892","TF","Factor: PMX2A; motif: SYAATTAN",20092,6732
"1135","darkgreen",TRUE,0.0256663478027664,1749,94,18,0.191489361702128,0.0102915951972556,"TF:M10907","TF","Factor: SHOX; motif: NYAATTAN",20092,7708
"1136","darkgreen",TRUE,0.0256663478027664,1749,94,18,0.191489361702128,0.0102915951972556,"TF:M10881","TF","Factor: Alx-4; motif: NYAATTAN",20092,66
"1137","darkgreen",TRUE,0.0256745121556762,167,94,5,0.0531914893617021,0.029940119760479,"TF:M07456_1","TF","Factor: HOX; motif: TTWATKNN; match class: 1",20092,3907
"1138","darkgreen",TRUE,0.0257561374155497,3875,94,31,0.329787234042553,0.008,"TF:M11682","TF","Factor: IRF-8; motif: NYGAAASYGAAACYN",20092,4506
"1139","darkgreen",TRUE,0.0257588257908967,4592,94,35,0.372340425531915,0.00762195121951219,"TF:M01362","TF","Factor: CART1; motif: NGNNYTAATTARTNNNN",20092,662
"1140","darkgreen",TRUE,0.0257588257908967,669,94,10,0.106382978723404,0.0149476831091181,"TF:M11388","TF","Factor: elf5; motif: AANRAGGAAGTR",20092,1838
"1141","darkgreen",TRUE,0.0262181592247561,1321,94,15,0.159574468085106,0.0113550340651022,"TF:M00941","TF","Factor: MEF-2; motif: RGCTATWTTTAR",20092,5228
"1142","darkgreen",TRUE,0.0269132992513793,8318,94,54,0.574468085106383,0.0064919451791296,"TF:M10858","TF","Factor: En-2; motif: NTCRTTARN",20092,1978
"1143","darkgreen",TRUE,0.0269132992513793,7093,94,48,0.51063829787234,0.00676723530241083,"TF:M03813_1","TF","Factor: BRN1; motif: HAATGCN; match class: 1",20092,615
"1144","darkgreen",TRUE,0.0270997283096112,347,94,7,0.074468085106383,0.0201729106628242,"TF:M00138_1","TF","Factor: Oct-1; motif: NNNNNNNWATGCAAATNNNWNNA; match class: 1",20092,6301
"1145","darkgreen",TRUE,0.0275376689769408,6118,94,43,0.457446808510638,0.0070284406668846,"TF:M11950","TF","Factor: Pit-1; motif: NTAATGAKATGCRN",20092,6852
"1146","darkgreen",TRUE,0.0275376689769408,100,94,4,0.0425531914893617,0.04,"TF:M10891_1","TF","Factor: PMX2A; motif: NYAATTAN; match class: 1",20092,6731
"1147","darkgreen",TRUE,0.0275376689769408,561,94,9,0.0957446808510638,0.0160427807486631,"TF:M04434_1","TF","Factor: RAX2; motif: NYAATTAN; match class: 1",20092,7301
"1148","darkgreen",TRUE,0.0275536008295936,5736,94,41,0.436170212765957,0.00714783821478382,"TF:M01420","TF","Factor: Ncx; motif: NAATNAATTAATAANWW",20092,5656
"1149","darkgreen",TRUE,0.0275536008295936,1619,94,17,0.180851063829787,0.0105003088326127,"TF:M10744","TF","Factor: ipf1; motif: YTAATKRC",20092,6684
"1150","darkgreen",TRUE,0.0275536008295936,2072,94,20,0.212765957446809,0.00965250965250965,"TF:M07456","TF","Factor: HOX; motif: TTWATKNN",20092,3906
"1151","darkgreen",TRUE,0.0275536008295936,678,94,10,0.106382978723404,0.0147492625368732,"TF:M00346_1","TF","Factor: GATA-1; motif: NCWGATAACA; match class: 1",20092,3013
"1152","darkgreen",TRUE,0.0276543829923464,679,94,10,0.106382978723404,0.0147275405007364,"TF:M00349_1","TF","Factor: GATA-2; motif: ASAGATAANA; match class: 1",20092,3031
"1153","darkgreen",TRUE,0.0279136676829086,929,94,12,0.127659574468085,0.0129171151776103,"TF:M01400_1","TF","Factor: Dlx-3; motif: NNNNNATAATTACMNNN; match class: 1",20092,1281
"1154","darkgreen",TRUE,0.0285699361670009,3562,94,29,0.308510638297872,0.0081414935429534,"TF:M02078","TF","Factor: SPI1; motif: NGRGGAAGTN",20092,8158
"1155","darkgreen",TRUE,0.0285699361670009,3219,94,27,0.287234042553192,0.00838769804287046,"TF:M09624","TF","Factor: GATA-6; motif: NNNAGATAAGAWAN",20092,3106
"1156","darkgreen",TRUE,0.028841844328979,684,94,10,0.106382978723404,0.0146198830409357,"TF:M09965_1","TF","Factor: c-Jun; motif: NRTGAGTCAYN; match class: 1",20092,4665
"1157","darkgreen",TRUE,0.0294364159948612,2243,94,21,0.223404255319149,0.00936246098974588,"TF:M01591","TF","Factor: Tal-1; motif: CTTCCTTMTCTSY",20092,8402
"1158","darkgreen",TRUE,0.0300795110544336,5200,94,38,0.404255319148936,0.00730769230769231,"TF:M11632","TF","Factor: Sox-10; motif: AACAATRGNCYATTGTT",20092,7884
"1159","darkgreen",TRUE,0.0300855581920326,2248,94,21,0.223404255319149,0.00934163701067616,"TF:M08822_1","TF","Factor: Msx-1; motif: WNGNAATTANV; match class: 1",20092,5459
"1160","darkgreen",TRUE,0.0307944676361744,358,94,7,0.074468085106383,0.0195530726256983,"TF:M04070_1","TF","Factor: POU2F1; motif: NWTATGCWAATN; match class: 1",20092,6871
"1161","darkgreen",TRUE,0.0309287498177377,8380,94,54,0.574468085106383,0.00644391408114558,"TF:M10535","TF","Factor: znf136; motif: CAAGAATWCTATAYCCAG",20092,9752
"1162","darkgreen",TRUE,0.0309287498177377,48,94,3,0.0319148936170213,0.0625,"TF:M00231_1","TF","Factor: MEF-2A; motif: NNNNNNKCTAWAAATAGMNNNN; match class: 1",20092,5223
"1163","darkgreen",TRUE,0.032562930862194,5415,94,39,0.414893617021277,0.00720221606648199,"TF:M11588","TF","Factor: FOXK1; motif: NWYGTAAAYAR",20092,2768
"1164","darkgreen",TRUE,0.032562930862194,1504,94,16,0.170212765957447,0.0106382978723404,"TF:M10891","TF","Factor: PMX2A; motif: NYAATTAN",20092,6730
"1165","darkgreen",TRUE,0.032562930862194,266,94,6,0.0638297872340425,0.0225563909774436,"TF:M03874_1","TF","Factor: Hoxa9; motif: ATYAATDACATC; match class: 1",20092,3921
"1166","darkgreen",TRUE,0.0326843632436452,2918,94,25,0.265957446808511,0.00856751199451679,"TF:M08726","TF","Factor: meis1:Sox-2; motif: TGACAKGTTAACAATGT",20092,5262
"1167","darkgreen",TRUE,0.0331104753594101,6188,94,43,0.457446808510638,0.00694893341952165,"TF:M04625","TF","Factor: PLZF; motif: ACTKTANNTN",20092,6838
"1168","darkgreen",TRUE,0.0337460551187743,4682,94,35,0.372340425531915,0.0074754378470739,"TF:M01884_1","TF","Factor: IRF-7; motif: AAGWGAA; match class: 1",20092,4499
"1169","darkgreen",TRUE,0.0338263590598055,2117,94,20,0.212765957446809,0.00944733112895607,"TF:M10703_1","TF","Factor: HoxA5; motif: NYAATTAN; match class: 1",20092,3883
"1170","darkgreen",TRUE,0.0338292641847649,15740,94,85,0.904255319148936,0.0054002541296061,"TF:M01230","TF","Factor: ZNF333; motif: ATAAT",20092,10292
"1171","darkgreen",TRUE,0.0343035414739919,829,94,11,0.117021276595745,0.0132689987937274,"TF:M08836_1","TF","Factor: OCT-2; motif: ATGMATATGCWAAT; match class: 1",20092,6889
"1172","darkgreen",TRUE,0.0344094715038036,4146,94,32,0.340425531914894,0.00771828268210323,"TF:M00349","TF","Factor: GATA-2; motif: ASAGATAANA",20092,3030
"1173","darkgreen",TRUE,0.0344979532957406,2281,94,21,0.223404255319149,0.00920648838228847,"TF:M02270","TF","Factor: FOXO3; motif: KGTAAACA",20092,2848
"1174","darkgreen",TRUE,0.0344979532957406,2603,94,23,0.24468085106383,0.00883595850941222,"TF:M04392","TF","Factor: LMX1A; motif: NTAATTAA",20092,4928
"1175","darkgreen",TRUE,0.0346819258653251,4697,94,35,0.372340425531915,0.00745156482861401,"TF:M00252","TF","Factor: TATA; motif: STATAAAWRNNNNNN",20092,8414
"1176","darkgreen",TRUE,0.0346819258653251,369,94,7,0.074468085106383,0.018970189701897,"TF:M09733_1","TF","Factor: STAT2; motif: NRGAAANNGAAACTNA; match class: 1",20092,8321
"1177","darkgreen",TRUE,0.0346819258653251,1971,94,19,0.202127659574468,0.00963977676306443,"TF:M07298","TF","Factor: Msx-1; motif: AHAWWTSMYYCAATTAN",20092,5456
"1178","darkgreen",TRUE,0.0346819258653251,369,94,7,0.074468085106383,0.018970189701897,"TF:M04417","TF","Factor: NOTO; motif: NYTAATTANN",20092,6082
"1179","darkgreen",TRUE,0.0346819258653251,8641,94,55,0.585106382978723,0.00636500405045712,"TF:M00095","TF","Factor: CDP; motif: CCAATAATCGAT",20092,672
"1180","darkgreen",TRUE,0.0353773318540783,3803,94,30,0.319148936170213,0.00788850907178543,"TF:M07257","TF","Factor: HOXA10; motif: TTATNNYWN",20092,3812
"1181","darkgreen",TRUE,0.0354896556117502,1524,94,16,0.170212765957447,0.010498687664042,"TF:M10058","TF","Factor: Six-2; motif: KGAAAYNTGAKMC",20092,7736
"1182","darkgreen",TRUE,0.0360307743592348,1826,94,18,0.191489361702128,0.00985761226725082,"TF:M11736","TF","Factor: TLX; motif: NNAAGTCAN",20092,6134
"1183","darkgreen",TRUE,0.0360307743592348,1527,94,16,0.170212765957447,0.0104780615586117,"TF:M04625_1","TF","Factor: PLZF; motif: ACTKTANNTN; match class: 1",20092,6839
"1184","darkgreen",TRUE,0.0363253875588534,714,94,10,0.106382978723404,0.0140056022408964,"TF:M07257_1","TF","Factor: HOXA10; motif: TTATNNYWN; match class: 1",20092,3813
"1185","darkgreen",TRUE,0.0363253875588534,52,94,3,0.0319148936170213,0.0576923076923077,"TF:M09637_1","TF","Factor: Mef-2a; motif: NKCTATTTTTRGM; match class: 1",20092,5179
"1186","darkgreen",TRUE,0.0365626357722788,715,94,10,0.106382978723404,0.013986013986014,"TF:M04281","TF","Factor: ALX4; motif: NTAATYNAATTAN",20092,60
"1187","darkgreen",TRUE,0.0366592357369448,2460,94,22,0.234042553191489,0.00894308943089431,"TF:M11665","TF","Factor: IRF-2; motif: NGAAASYGAAAS",20092,4434
"1188","darkgreen",TRUE,0.0371259070804435,2626,94,23,0.24468085106383,0.00875856816450876,"TF:M00477","TF","Factor: FOXO3; motif: TNNTTGTTTACNTW",20092,2846
"1189","darkgreen",TRUE,0.0371842297664787,14443,94,80,0.851063829787234,0.00553901544000554,"TF:M02116","TF","Factor: Sox-10; motif: NACAAWG",20092,7894
"1190","darkgreen",TRUE,0.037736971015897,6836,94,46,0.48936170212766,0.00672908133411352,"TF:M07390","TF","Factor: Nfe2l1; motif: TGYNNAGTCATT",20092,5828
"1191","darkgreen",TRUE,0.0378692209739124,54,94,3,0.0319148936170213,0.0555555555555556,"TF:M10978_1","TF","Factor: LHX9; motif: CTAATTAN; match class: 1",20092,4911
"1192","darkgreen",TRUE,0.0378692209739124,54,94,3,0.0319148936170213,0.0555555555555556,"TF:M10890_1","TF","Factor: PRX-2; motif: CTAATTAN; match class: 1",20092,7209
"1193","darkgreen",TRUE,0.0378692209739124,54,94,3,0.0319148936170213,0.0555555555555556,"TF:M10979_1","TF","Factor: LHX9; motif: CYAATTAN; match class: 1",20092,4913
"1194","darkgreen",TRUE,0.0378692209739124,54,94,3,0.0319148936170213,0.0555555555555556,"TF:M04416_1","TF","Factor: NKX6-2; motif: NYMATTAA; match class: 1",20092,6057
"1195","darkgreen",TRUE,0.0378692209739124,848,94,11,0.117021276595745,0.0129716981132075,"TF:M04737_1","TF","Factor: HNF-3alpha; motif: WRWGTAAAC; match class: 1",20092,2595
"1196","darkgreen",TRUE,0.0378692209739124,2149,94,20,0.212765957446809,0.00930665425779432,"TF:M08402_1","TF","Factor: POU2F1:PEA3; motif: ACCGGATATGCAN; match class: 1",20092,6865
"1197","darkgreen",TRUE,0.0378692209739124,54,94,3,0.0319148936170213,0.0555555555555556,"TF:M10975_1","TF","Factor: LHX9; motif: CYAATTAR; match class: 1",20092,4905
"1198","darkgreen",TRUE,0.0378692209739124,54,94,3,0.0319148936170213,0.0555555555555556,"TF:M04381_1","TF","Factor: ISX; motif: NYAATTAN; match class: 1",20092,4567
"1199","darkgreen",TRUE,0.0378692209739124,54,94,3,0.0319148936170213,0.0555555555555556,"TF:M10905_1","TF","Factor: SHOX; motif: YYAATTAN; match class: 1",20092,7705
"1200","darkgreen",TRUE,0.0378692209739124,9324,94,58,0.617021276595745,0.00622050622050622,"TF:M11031","TF","Factor: Six-2; motif: NCGTATCRNN",20092,7740
"1201","darkgreen",TRUE,0.0378692209739124,54,94,3,0.0319148936170213,0.0555555555555556,"TF:M10875_1","TF","Factor: alx3; motif: CTAATTAN; match class: 1",20092,47
"1202","darkgreen",TRUE,0.0378692209739124,4193,94,32,0.340425531914894,0.00763176723109945,"TF:M11546","TF","Factor: foxo4; motif: NNGTMAACAN",20092,2866
"1203","darkgreen",TRUE,0.0378692209739124,979,94,12,0.127659574468085,0.0122574055158325,"TF:M00420_1","TF","Factor: MEIS1A:HOXA9; motif: TGACAGKTTTAYGA; match class: 1",20092,5235
"1204","darkgreen",TRUE,0.0378692209739124,54,94,3,0.0319148936170213,0.0555555555555556,"TF:M10955_1","TF","Factor: isx; motif: CTAATTAR; match class: 1",20092,4573
"1205","darkgreen",TRUE,0.0378692209739124,7860,94,51,0.542553191489362,0.00648854961832061,"TF:M08772","TF","Factor: HOXA6; motif: NYMATTAN",20092,3892
"1206","darkgreen",TRUE,0.0378692209739124,54,94,3,0.0319148936170213,0.0555555555555556,"TF:M07994_1","TF","Factor: LBX1; motif: NTAATTAG; match class: 1",20092,4781
"1207","darkgreen",TRUE,0.0378692209739124,54,94,3,0.0319148936170213,0.0555555555555556,"TF:M10878_1","TF","Factor: alx3; motif: CYAATTAN; match class: 1",20092,53
"1208","darkgreen",TRUE,0.0378692209739124,54,94,3,0.0319148936170213,0.0555555555555556,"TF:M10969_1","TF","Factor: Hesx1; motif: CYAATTAN; match class: 1",20092,3501
"1209","darkgreen",TRUE,0.0378692209739124,54,94,3,0.0319148936170213,0.0555555555555556,"TF:M10986_1","TF","Factor: LHX8; motif: CTAATTAN; match class: 1",20092,4891
"1210","darkgreen",TRUE,0.0382846509910216,4199,94,32,0.340425531914894,0.0076208621100262,"TF:M03872","TF","Factor: HNF-1beta; motif: GTTAATYATTAACY",20092,3656
"1211","darkgreen",TRUE,0.0386893682904458,6861,94,46,0.48936170212766,0.00670456201719866,"TF:M08883","TF","Factor: FOXM1; motif: TRTTTATNN",20092,2794
"1212","darkgreen",TRUE,0.0387325537393189,2323,94,21,0.223404255319149,0.00904003443822643,"TF:M08792","TF","Factor: MEL1; motif: GATAAGATAA",20092,7120
"1213","darkgreen",TRUE,0.0387325537393189,10215,94,62,0.659574468085106,0.00606950562897699,"TF:M04557","TF","Factor: SRY; motif: TCAATAMCATTGA",20092,8284
"1214","darkgreen",TRUE,0.03878178211669,1853,94,18,0.191489361702128,0.00971397733405289,"TF:M04320_1","TF","Factor: EVX1; motif: NNTNATTANN; match class: 1",20092,2419
"1215","darkgreen",TRUE,0.03878178211669,2324,94,21,0.223404255319149,0.00903614457831325,"TF:M04442","TF","Factor: UNCX; motif: NTAATNNAATTAN",20092,9090
"1216","darkgreen",TRUE,0.0395555549705207,5131,94,37,0.393617021276596,0.00721106996686806,"TF:M10667","TF","Factor: NOTO; motif: NYMATTAN",20092,6084
"1217","darkgreen",TRUE,0.0398728771931141,991,94,12,0.127659574468085,0.012108980827447,"TF:M12519","TF","Factor: FOXP1; motif: NNGTAAACANN",20092,2890
"1218","darkgreen",TRUE,0.0407987694753752,2018,94,19,0.202127659574468,0.00941526263627354,"TF:M11927","TF","Factor: POU3F1; motif: TAATKANNNNNTMATTA",20092,6928
"1219","darkgreen",TRUE,0.0417266101104034,5717,94,40,0.425531914893617,0.00699667657862515,"TF:M00133","TF","Factor: Tst-1; motif: NNKGAATTAVAVTDN",20092,9070
"1220","darkgreen",TRUE,0.0430556734053849,8959,94,56,0.595744680851064,0.00625069762250251,"TF:M11979","TF","Factor: NFATc1; motif: NTTTCCRTNNAYGGAAAN",20092,5786
"1221","darkgreen",TRUE,0.0437776985179641,3529,94,28,0.297872340425532,0.00793425899688297,"TF:M00436","TF","Factor: ipf1; motif: GHNNTAATGACM",20092,4400
"1222","darkgreen",TRUE,0.044700928751142,6914,94,46,0.48936170212766,0.00665316748625976,"TF:M09930","TF","Factor: foxm1; motif: TGTTTRCTYWNN",20092,2790
"1223","darkgreen",TRUE,0.04535048983375,6329,94,43,0.457446808510638,0.0067941222942013,"TF:M11635","TF","Factor: Sox-10; motif: NACAATRNNNNYATTGTN",20092,7888
"1224","darkgreen",TRUE,0.04535048983375,507,94,8,0.0851063829787234,0.0157790927021696,"TF:M10871_1","TF","Factor: ARX; motif: NYAATTAN; match class: 1",20092,233
"1225","darkgreen",TRUE,0.04535048983375,507,94,8,0.0851063829787234,0.0157790927021696,"TF:M04447_1","TF","Factor: VAX2; motif: YTAATTAN; match class: 1",20092,9149
"1226","darkgreen",TRUE,0.04535048983375,3541,94,28,0.297872340425532,0.00790737079920926,"TF:M07278","TF","Factor: Dlx-3; motif: NTAATTNVN",20092,1292
"1227","darkgreen",TRUE,0.04535048983375,507,94,8,0.0851063829787234,0.0157790927021696,"TF:M10869_1","TF","Factor: Prrxl1; motif: YYAATTAN; match class: 1",20092,1417
"1228","darkgreen",TRUE,0.0454467280053468,3368,94,27,0.287234042553192,0.0080166270783848,"TF:M00746","TF","Factor: Elf-1; motif: RNWMBAGGAART",20092,1770
"1229","darkgreen",TRUE,0.0455579451702597,16155,94,86,0.914893617021277,0.00532342927886103,"TF:M03564","TF","Factor: SATB1; motif: NTTTAT",20092,7656
"1230","darkgreen",TRUE,0.04668882538303,1294,94,14,0.148936170212766,0.0108191653786708,"TF:M11908_1","TF","Factor: POU3F2; motif: TAATKAGNNNNTAATKA; match class: 1",20092,6955
"1231","darkgreen",TRUE,0.04668882538303,628,94,9,0.0957446808510638,0.0143312101910828,"TF:M04018","TF","Factor: IRF7; motif: NCGAAARYGAAANT",20092,4490
"1232","darkgreen",TRUE,0.0467723919365123,13301,94,75,0.797872340425532,0.00563867378392602,"TF:M03813","TF","Factor: BRN1; motif: HAATGCN",20092,614
"1233","darkgreen",TRUE,0.0470843235138333,1441,94,15,0.159574468085106,0.0104094378903539,"TF:M10034_1","TF","Factor: Oct-2; motif: NYATGCAAATN; match class: 1",20092,6317
"1234","darkgreen",TRUE,0.0470971916792996,2867,94,24,0.25531914893617,0.00837111963725148,"TF:M09940","TF","Factor: GATA-6; motif: NNAGATAAGANAA",20092,3110
"1235","darkgreen",TRUE,0.0472233445720141,5006,94,36,0.382978723404255,0.00719137035557331,"TF:M01324","TF","Factor: BRN1; motif: NANNTATGCATAATNNA",20092,6326
"1236","darkgreen",TRUE,0.0479334546300824,2539,94,22,0.234042553191489,0.00866482867270579,"TF:M04344","TF","Factor: HOXA2; motif: NNTMATTANN",20092,3854
"1237","darkgreen",TRUE,0.0482025336385098,4458,94,33,0.351063829787234,0.00740242261103634,"TF:M13374","TF","Factor: ZSCAN21; motif: AAGCACT",20092,9664
"1238","darkgreen",TRUE,0.0482025336385098,4828,94,35,0.372340425531915,0.00724937862468931,"TF:M01665","TF","Factor: IRF-8; motif: AGTTTCW",20092,4514
"1239","darkgreen",TRUE,0.0482025336385098,1021,94,12,0.127659574468085,0.0117531831537708,"TF:M13028_1","TF","Factor: CUX1; motif: TAATCGATAN; match class: 1",20092,1215
"1240","darkgreen",TRUE,0.0487383801311268,18883,94,94,1,0.00497802255997458,"TF:M07479","TF","Factor: ZNF35; motif: SSAAKA",20092,10376
"1241","darkgreen",TRUE,0.0492831680877303,10991,94,65,0.691489361702128,0.00591392957874625,"TF:M03546","TF","Factor: Dlx-5; motif: AATTAN",20092,1322
"1242","darkgreen",TRUE,0.0492831680877303,10991,94,65,0.691489361702128,0.00591392957874625,"TF:M01654","TF","Factor: DRI1; motif: AATTAA",20092,1420
"1243","darkgreen",TRUE,0.0492831680877303,2385,94,21,0.223404255319149,0.00880503144654088,"TF:M01011","TF","Factor: HNF-1; motif: NNNNGNTAAWNATTAACYNNN",20092,3666
"1244","darkgreen",TRUE,0.0492831680877303,1025,94,12,0.127659574468085,0.0117073170731707,"TF:M00026","TF","Factor: RSRFC4; motif: RNKCTATTTWTAGMWN",20092,7554
"1245","darkgreen",TRUE,0.0495383362370879,3225,94,26,0.276595744680851,0.00806201550387597,"TF:M09938","TF","Factor: GATA-3; motif: NNAGATAANAN",20092,3062
"1246","darkgreen",TRUE,0.0495383362370879,2387,94,21,0.223404255319149,0.00879765395894428,"TF:M09976","TF","Factor: LHX2; motif: NNYTAATTRNNN",20092,4838
"1247","darkgreen",TRUE,0.00443683440459208,336,61,11,0.180327868852459,0.0327380952380952,"WP:WP4172","WP","PI3K Akt signaling",8752,360
"1248","darkgreen",TRUE,0.0228834999388285,183,61,7,0.114754098360656,0.0382513661202186,"WP:WP4223","WP","Ras signaling",8752,378
"1249","darkgreen",TRUE,0.0228834999388285,302,61,9,0.147540983606557,0.0298013245033113,"WP:WP3932","WP","Focal adhesion PI3K Akt mTOR signaling",8752,309
"1250","darkgreen",TRUE,0.0317399330729969,53,61,4,0.0655737704918033,0.0754716981132075,"WP:WP5144","WP","NRP1 triggered signaling in pancreatic cancer ",8752,679
"1251","darkgreen",TRUE,0.0365283709551619,26,61,3,0.0491803278688525,0.115384615384615,"WP:WP4726","WP","Sphingolipid metabolism integrated pathway",8752,516
"1252","darkgreen",TRUE,0.0365283709551619,27,61,3,0.0491803278688525,0.111111111111111,"WP:WP4725","WP","Sphingolipid metabolism overview",8752,515
"1253","darkgreen",TRUE,0.0447407408139935,74,61,4,0.0655737704918033,0.0540540540540541,"WP:WP4341","WP","Non genomic actions of 1 25 dihydroxyvitamin D3",8752,422
"1254","darkgreen",TRUE,0.0447407408139935,9,61,2,0.0327868852459016,0.222222222222222,"WP:WP3926","WP","ApoE and miR 146 in inflammation and atherosclerosis",8752,304
"1255","darkgreen",TRUE,0.0447407408139935,74,61,4,0.0655737704918033,0.0540540540540541,"WP:WP5218","WP","Extrafollicular and follicular B cell activation by SARS CoV 2",8752,726
"1256","darkgreen",TRUE,0.0447407408139935,8,61,2,0.0327868852459016,0.25,"WP:WP5179","WP","Biosynthesis and turnover of 1 deoxy sphingoid bases",8752,701
