"","query","significant","p_value","term_size","query_size","intersection_size","precision","recall","term_id","source","term_name","effective_domain_size","source_order"
"1","darkorange",TRUE,2.43118278298443e-64,74,46,40,0.869565217391304,0.540540540540541,"CORUM:306","CORUM","Ribosome, cytoplasmic",3383,183
"2","darkorange",TRUE,8.25717030741399e-41,93,46,32,0.695652173913043,0.344086021505376,"CORUM:3055","CORUM","Nop56p-associated pre-rRNA complex",3383,1362
"3","darkorange",TRUE,3.63460886623993e-38,43,46,25,0.543478260869565,0.581395348837209,"CORUM:308","CORUM","60S ribosomal subunit, cytoplasmic",3383,184
"4","darkorange",TRUE,1.50461427119082e-20,31,46,15,0.326086956521739,0.483870967741935,"CORUM:305","CORUM","40S ribosomal subunit, cytoplasmic",3383,182
"5","darkorange",TRUE,3.28715780781537e-19,29,46,14,0.304347826086957,0.482758620689655,"CORUM:338","CORUM","40S ribosomal subunit, cytoplasmic",3383,199
"6","darkorange",TRUE,8.77994259336601e-12,21,46,9,0.195652173913043,0.428571428571429,"CORUM:5380","CORUM","TRBP containing complex (DICER, RPL7A, EIF6, MOV10 and subunits of the 60S ribosomal particle)",3383,1658
"7","darkorange",TRUE,0.00221828310320663,13,46,3,0.0652173913043478,0.230769230769231,"CORUM:5266","CORUM","TNF-alpha/NF-kappa B signaling complex 6",3383,1618
"8","darkorange",TRUE,0.00221828310320663,3,46,2,0.0434782608695652,0.666666666666667,"CORUM:6498","CORUM","TOM7 120K intermediate assembly complex (TOM7, TOM22, TOM40), mitochondrial",3383,2176
"9","darkorange",TRUE,0.0030776482765336,15,46,3,0.0652173913043478,0.2,"CORUM:5232","CORUM","TNF-alpha/Nf-kappa B signaling complex (RPL6, RPL30, RPS13, CHUK, DDX3X, NFKB2, NFKBIB, REL, IKBKG, NFKB1, MAP3K8, RELB, GLG1, NFKBIA, RELA, TNIP2,  GTF2I)",3383,1604
"10","darkorange",TRUE,0.0105492984797939,7,46,2,0.0434782608695652,0.285714285714286,"CORUM:6497","CORUM","TOM complex (TOM5, TOM6, TOM7, TOM20, TOM22, TOM40, TOM70), mitochondrial",3383,2175
"11","darkorange",TRUE,0.0161577983053629,9,46,2,0.0434782608695652,0.222222222222222,"CORUM:6838","CORUM","IGF2BP1 complex",3383,2408
"12","darkorange",TRUE,0.0489626468341985,2,46,1,0.0217391304347826,0.5,"CORUM:7326","CORUM","HINT1-SP1 complex",3383,2774
"13","darkorange",TRUE,0.0489626468341985,2,46,1,0.0217391304347826,0.5,"CORUM:7013","CORUM","ITGB2-RACK1 complex",3383,2517
"14","darkorange",TRUE,0.0489626468341985,2,46,1,0.0217391304347826,0.5,"CORUM:7012","CORUM","ITGB1-RACK1 complex",3383,2516
"15","darkorange",TRUE,0.0489626468341985,2,46,1,0.0217391304347826,0.5,"CORUM:7011","CORUM","FERMT3-RACK1 complex",3383,2515
"16","darkorange",TRUE,0.0489626468341985,2,46,1,0.0217391304347826,0.5,"CORUM:7324","CORUM","HINT1-TIP60 complex",3383,2772
"17","darkorange",TRUE,3.83743060998891e-82,165,55,44,0.8,0.266666666666667,"GO:0002181","GO:BP","cytoplasmic translation",21026,727
"18","darkorange",TRUE,2.74421930762231e-56,727,55,46,0.836363636363636,0.063273727647868,"GO:0006412","GO:BP","translation",21026,2162
"19","darkorange",TRUE,9.44737840410353e-29,323,55,25,0.454545454545455,0.0773993808049536,"GO:0042254","GO:BP","ribosome biogenesis",21026,9967
"20","darkorange",TRUE,1.72085647401052e-23,4721,55,49,0.890909090909091,0.0103791569582716,"GO:0019538","GO:BP","protein metabolic process",21026,5841
"21","darkorange",TRUE,9.23746393621807e-17,104,55,13,0.236363636363636,0.125,"GO:0042274","GO:BP","ribosomal small subunit biogenesis",21026,9978
"22","darkorange",TRUE,1.81529518930157e-15,225,55,15,0.272727272727273,0.0666666666666667,"GO:0006364","GO:BP","rRNA processing",21026,2132
"23","darkorange",TRUE,1.91839068323124e-14,266,55,15,0.272727272727273,0.056390977443609,"GO:0016072","GO:BP","rRNA metabolic process",21026,5074
"24","darkorange",TRUE,2.15048606674109e-13,70,55,10,0.181818181818182,0.142857142857143,"GO:0042273","GO:BP","ribosomal large subunit biogenesis",21026,9977
"25","darkorange",TRUE,2.16983246222334e-11,9224,55,50,0.909090909090909,0.00542064180398959,"GO:0010467","GO:BP","gene expression",21026,4144
"26","darkorange",TRUE,6.07472131416626e-11,1849,55,25,0.454545454545455,0.0135208220659816,"GO:0022613","GO:BP","ribonucleoprotein complex biogenesis",21026,6587
"27","darkorange",TRUE,1.38305459875334e-10,9643,55,50,0.909090909090909,0.00518510836876491,"GO:0009059","GO:BP","macromolecule biosynthetic process",21026,3221
"28","darkorange",TRUE,2.88127511936113e-10,63,55,8,0.145454545454545,0.126984126984127,"GO:0042255","GO:BP","ribosome assembly",21026,9968
"29","darkorange",TRUE,1.13500830802299e-09,10664,55,51,0.927272727272727,0.00478244561140285,"GO:0009058","GO:BP","biosynthetic process",21026,3220
"30","darkorange",TRUE,4.8182637428033e-09,28,55,6,0.109090909090909,0.214285714285714,"GO:1901798","GO:BP","positive regulation of signal transduction by p53 class mediator",21026,21460
"31","darkorange",TRUE,2.14653959768032e-07,24,55,5,0.0909090909090909,0.208333333333333,"GO:0000027","GO:BP","ribosomal large subunit assembly",21026,12
"32","darkorange",TRUE,4.20640910800953e-07,10,55,4,0.0727272727272727,0.4,"GO:1904667","GO:BP","negative regulation of ubiquitin protein ligase activity",21026,23629
"33","darkorange",TRUE,4.68567997058116e-07,164,55,8,0.145454545454545,0.0487804878048781,"GO:0072331","GO:BP","signal transduction by p53 class mediator",21026,17120
"34","darkorange",TRUE,4.84388141151363e-07,106,55,7,0.127272727272727,0.0660377358490566,"GO:1901796","GO:BP","regulation of signal transduction by p53 class mediator",21026,21458
"35","darkorange",TRUE,6.92937051642731e-07,12342,55,51,0.927272727272727,0.00413223140495868,"GO:0044238","GO:BP","primary metabolic process",21026,10839
"36","darkorange",TRUE,1.71476651941499e-06,12048,55,50,0.909090909090909,0.00415006640106242,"GO:0043170","GO:BP","macromolecule metabolic process",21026,10470
"37","darkorange",TRUE,2.0630436526009e-06,15,55,4,0.0727272727272727,0.266666666666667,"GO:0051444","GO:BP","negative regulation of ubiquitin-protein transferase activity",21026,13521
"38","darkorange",TRUE,6.92229190744163e-06,20,55,4,0.0727272727272727,0.2,"GO:1904666","GO:BP","regulation of ubiquitin protein ligase activity",21026,23628
"39","darkorange",TRUE,2.64073757214335e-05,4980,55,30,0.545454545454545,0.00602409638554217,"GO:0044085","GO:BP","cellular component biogenesis",21026,10811
"40","darkorange",TRUE,3.53378751689969e-05,14136,55,52,0.945454545454545,0.00367855121675156,"GO:0008152","GO:BP","metabolic process",21026,3111
"41","darkorange",TRUE,4.92598509065629e-05,430,55,9,0.163636363636364,0.0209302325581395,"GO:0140694","GO:BP","membraneless organelle assembly",21026,19604
"42","darkorange",TRUE,8.61745401019025e-05,38,55,4,0.0727272727272727,0.105263157894737,"GO:0051438","GO:BP","regulation of ubiquitin-protein transferase activity",21026,13519
"43","darkorange",TRUE,0.000370980323145053,55,55,4,0.0727272727272727,0.0727272727272727,"GO:2000059","GO:BP","negative regulation of ubiquitin-dependent protein catabolic process",21026,24977
"44","darkorange",TRUE,0.000380620925446596,3322,55,22,0.4,0.00662251655629139,"GO:0006396","GO:BP","RNA processing",21026,2149
"45","darkorange",TRUE,0.000537028710799676,3,55,2,0.0363636363636364,0.666666666666667,"GO:1990145","GO:BP","maintenance of translational fidelity",21026,24660
"46","darkorange",TRUE,0.00102901435782864,73,55,4,0.0727272727272727,0.0547945205479452,"GO:1903051","GO:BP","negative regulation of proteolysis involved in protein catabolic process",21026,22411
"47","darkorange",TRUE,0.00122857584392605,77,55,4,0.0727272727272727,0.051948051948052,"GO:0031397","GO:BP","negative regulation of protein ubiquitination",21026,7114
"48","darkorange",TRUE,0.0016168273904148,5,55,2,0.0363636363636364,0.4,"GO:2000435","GO:BP","negative regulation of protein neddylation",21026,25307
"49","darkorange",TRUE,0.00191678118729116,170,55,5,0.0909090909090909,0.0294117647058824,"GO:2000058","GO:BP","regulation of ubiquitin-dependent protein catabolic process",21026,24976
"50","darkorange",TRUE,0.00206248694064906,90,55,4,0.0727272727272727,0.0444444444444444,"GO:1903321","GO:BP","negative regulation of protein modification by small protein conjugation or removal",21026,22575
"51","darkorange",TRUE,0.00221363869068679,6,55,2,0.0363636363636364,0.333333333333333,"GO:1902255","GO:BP","positive regulation of intrinsic apoptotic signaling pathway by p53 class mediator",21026,21861
"52","darkorange",TRUE,0.00230680678255823,94,55,4,0.0727272727272727,0.0425531914893617,"GO:1901874","GO:BP","negative regulation of post-translational protein modification",21026,21534
"53","darkorange",TRUE,0.0078668237930436,236,55,5,0.0909090909090909,0.0211864406779661,"GO:1903050","GO:BP","regulation of proteolysis involved in protein catabolic process",21026,22410
"54","darkorange",TRUE,0.0106220532315996,60,55,3,0.0545454545454545,0.05,"GO:2001244","GO:BP","positive regulation of intrinsic apoptotic signaling pathway",21026,25979
"55","darkorange",TRUE,0.0113110978924495,14,55,2,0.0363636363636364,0.142857142857143,"GO:0007008","GO:BP","outer mitochondrial membrane organization",21026,2607
"56","darkorange",TRUE,0.0113110978924495,14,55,2,0.0363636363636364,0.142857142857143,"GO:0045040","GO:BP","protein insertion into mitochondrial outer membrane",21026,11089
"57","darkorange",TRUE,0.0113110978924495,147,55,4,0.0727272727272727,0.0272108843537415,"GO:0045861","GO:BP","negative regulation of proteolysis",21026,11511
"58","darkorange",TRUE,0.0153668605368894,8393,55,34,0.618181818181818,0.00405099487668295,"GO:0071840","GO:BP","cellular component organization or biogenesis",21026,16709
"59","darkorange",TRUE,0.0171914494232496,167,55,4,0.0727272727272727,0.0239520958083832,"GO:0051348","GO:BP","negative regulation of transferase activity",21026,13490
"60","darkorange",TRUE,0.0176023606903869,18,55,2,0.0363636363636364,0.111111111111111,"GO:0000028","GO:BP","ribosomal small subunit assembly",21026,13
"61","darkorange",TRUE,0.0207551783359227,80,55,3,0.0545454545454545,0.0375,"GO:0006414","GO:BP","translational elongation",21026,2164
"62","darkorange",TRUE,0.0208387263748313,20,55,2,0.0363636363636364,0.1,"GO:2000434","GO:BP","regulation of protein neddylation",21026,25306
"63","darkorange",TRUE,0.022100592356625,83,55,3,0.0545454545454545,0.036144578313253,"GO:0072332","GO:BP","intrinsic apoptotic signaling pathway by p53 class mediator",21026,17121
"64","darkorange",TRUE,0.0234504441036715,1046,55,9,0.163636363636364,0.00860420650095602,"GO:0070925","GO:BP","organelle assembly",21026,16146
"65","darkorange",TRUE,0.0277258810333736,197,55,4,0.0727272727272727,0.0203045685279188,"GO:0031396","GO:BP","regulation of protein ubiquitination",21026,7113
"66","darkorange",TRUE,0.0279498483739409,335,55,5,0.0909090909090909,0.0149253731343284,"GO:0031647","GO:BP","regulation of protein stability",21026,7217
"67","darkorange",TRUE,0.0279837169780949,677,55,7,0.127272727272727,0.0103397341211226,"GO:0051248","GO:BP","negative regulation of protein metabolic process",21026,13413
"68","darkorange",TRUE,0.0288638113552176,25,55,2,0.0363636363636364,0.08,"GO:0000470","GO:BP","maturation of LSU-rRNA",21026,159
"69","darkorange",TRUE,0.0315155869204638,349,55,5,0.0909090909090909,0.0143266475644699,"GO:0031400","GO:BP","negative regulation of protein modification process",21026,7117
"70","darkorange",TRUE,0.0326554220120715,1,55,1,0.0181818181818182,1,"GO:0034463","GO:BP","90S preribosome assembly",21026,8583
"71","darkorange",TRUE,0.0326554220120715,1,55,1,0.0181818181818182,1,"GO:1904803","GO:BP","regulation of translation involved in cellular response to UV",21026,23735
"72","darkorange",TRUE,0.0326554220120715,1,55,1,0.0181818181818182,1,"GO:0140241","GO:BP","translation at synapse",21026,19456
"73","darkorange",TRUE,0.0326554220120715,1,55,1,0.0181818181818182,1,"GO:0140236","GO:BP","translation at presynapse",21026,19452
"74","darkorange",TRUE,0.0326554220120715,29,55,2,0.0363636363636364,0.0689655172413793,"GO:0045116","GO:BP","protein neddylation",21026,11132
"75","darkorange",TRUE,0.0326554220120715,1,55,1,0.0181818181818182,1,"GO:1902167","GO:BP","positive regulation of intrinsic apoptotic signaling pathway in response to DNA damage by p53 class mediator",21026,21779
"76","darkorange",TRUE,0.0326554220120715,1,55,1,0.0181818181818182,1,"GO:1990113","GO:BP","RNA polymerase I assembly",21026,24650
"77","darkorange",TRUE,0.0326554220120715,361,55,5,0.0909090909090909,0.0138504155124654,"GO:0009895","GO:BP","negative regulation of catabolic process",21026,3740
"78","darkorange",TRUE,0.0326554220120715,1,55,1,0.0181818181818182,1,"GO:1990115","GO:BP","RNA polymerase III assembly",21026,24652
"79","darkorange",TRUE,0.0343493222859,224,55,4,0.0727272727272727,0.0178571428571429,"GO:0050821","GO:BP","protein stabilization",21026,13111
"80","darkorange",TRUE,0.0383219338670985,32,55,2,0.0363636363636364,0.0625,"GO:1902253","GO:BP","regulation of intrinsic apoptotic signaling pathway by p53 class mediator",21026,21859
"81","darkorange",TRUE,0.04189011074427,34,55,2,0.0363636363636364,0.0588235294117647,"GO:0090151","GO:BP","establishment of protein localization to mitochondrial membrane",21026,17825
"82","darkorange",TRUE,0.04189011074427,239,55,4,0.0727272727272727,0.0167364016736402,"GO:1903320","GO:BP","regulation of protein modification by small protein conjugation or removal",21026,22574
"83","darkorange",TRUE,0.043855316327219,244,55,4,0.0727272727272727,0.0163934426229508,"GO:1901873","GO:BP","regulation of post-translational protein modification",21026,21533
"84","darkorange",TRUE,0.0456847298501091,122,55,3,0.0545454545454545,0.0245901639344262,"GO:0033108","GO:BP","mitochondrial respiratory chain complex assembly",21026,7985
"85","darkorange",TRUE,0.0462920750209139,406,55,5,0.0909090909090909,0.0123152709359606,"GO:0030162","GO:BP","regulation of proteolysis",21026,6657
"86","darkorange",TRUE,3.62303326749692e-92,115,55,44,0.8,0.382608695652174,"GO:0022626","GO:CC","cytosolic ribosome",22149,833
"87","darkorange",TRUE,1.89164253881535e-81,187,55,44,0.8,0.235294117647059,"GO:0044391","GO:CC","ribosomal subunit",22149,2038
"88","darkorange",TRUE,2.18597400701932e-60,525,55,44,0.8,0.0838095238095238,"GO:0005840","GO:CC","ribosome",22149,376
"89","darkorange",TRUE,2.53642599841249e-57,55,55,27,0.490909090909091,0.490909090909091,"GO:0022625","GO:CC","cytosolic large ribosomal subunit",22149,832
"90","darkorange",TRUE,5.47048459218564e-47,114,55,27,0.490909090909091,0.236842105263158,"GO:0015934","GO:CC","large ribosomal subunit",22149,688
"91","darkorange",TRUE,1.8353225890572e-33,42,55,17,0.309090909090909,0.404761904761905,"GO:0022627","GO:CC","cytosolic small ribosomal subunit",22149,834
"92","darkorange",TRUE,3.92747393470756e-29,2725,55,44,0.8,0.0161467889908257,"GO:1990904","GO:CC","ribonucleoprotein complex",22149,4008
"93","darkorange",TRUE,1.95497614507137e-28,76,55,17,0.309090909090909,0.223684210526316,"GO:0015935","GO:CC","small ribosomal subunit",22149,689
"94","darkorange",TRUE,4.62769247591294e-21,5534,55,48,0.872727272727273,0.00867365377665342,"GO:0005829","GO:CC","cytosol",22149,367
"95","darkorange",TRUE,3.41341007499804e-18,73,55,12,0.218181818181818,0.164383561643836,"GO:0032040","GO:CC","small-subunit processome",22149,1210
"96","darkorange",TRUE,1.43025824437698e-17,7956,55,51,0.927272727272727,0.00641025641025641,"GO:0032991","GO:CC","protein-containing complex",22149,1311
"97","darkorange",TRUE,7.77841861301462e-17,426,55,18,0.327272727272727,0.0422535211267606,"GO:0005925","GO:CC","focal adhesion",22149,438
"98","darkorange",TRUE,1.08192188178299e-16,436,55,18,0.327272727272727,0.0412844036697248,"GO:0030055","GO:CC","cell-substrate junction",22149,845
"99","darkorange",TRUE,1.96379648863534e-16,6669,55,47,0.854545454545454,0.00704753336332284,"GO:0043232","GO:CC","intracellular membraneless organelle",22149,1846
"100","darkorange",TRUE,1.96379648863534e-16,6670,55,47,0.854545454545454,0.00704647676161919,"GO:0043228","GO:CC","membraneless organelle",22149,1842
"101","darkorange",TRUE,2.70561450925456e-16,107,55,12,0.218181818181818,0.11214953271028,"GO:0030684","GO:CC","preribosome",22149,942
"102","darkorange",TRUE,1.05529935815775e-14,1983,55,28,0.509090909090909,0.0141200201714574,"GO:0005730","GO:CC","nucleolus",22149,300
"103","darkorange",TRUE,1.45768269459048e-14,2401,55,30,0.545454545454545,0.0124947938359017,"GO:0030054","GO:CC","cell junction",22149,844
"104","darkorange",TRUE,1.5863055202522e-13,1665,55,25,0.454545454545455,0.015015015015015,"GO:0045202","GO:CC","synapse",22149,2102
"105","darkorange",TRUE,1.5863055202522e-13,12527,55,55,1,0.00439051648439371,"GO:0005737","GO:CC","cytoplasm",22149,304
"106","darkorange",TRUE,4.08770998975638e-13,2111,55,27,0.490909090909091,0.0127901468498342,"GO:0070062","GO:CC","extracellular exosome",22149,2353
"107","darkorange",TRUE,5.09873116835158e-13,2141,55,27,0.490909090909091,0.0126109294722092,"GO:1903561","GO:CC","extracellular vesicle",22149,3657
"108","darkorange",TRUE,5.09873116835158e-13,2142,55,27,0.490909090909091,0.0126050420168067,"GO:0043230","GO:CC","extracellular organelle",22149,1844
"109","darkorange",TRUE,5.09873116835158e-13,2142,55,27,0.490909090909091,0.0126050420168067,"GO:0065010","GO:CC","extracellular membrane-bounded organelle",22149,2333
"110","darkorange",TRUE,1.83821945939142e-11,912,55,18,0.327272727272727,0.0197368421052632,"GO:0070161","GO:CC","anchoring junction",22149,2375
"111","darkorange",TRUE,2.26065953254549e-09,3315,55,28,0.509090909090909,0.00844645550527903,"GO:0005615","GO:CC","extracellular space",22149,227
"112","darkorange",TRUE,1.39664841280416e-07,16147,55,55,1,0.00340620548708738,"GO:0043229","GO:CC","intracellular organelle",22149,1843
"113","darkorange",TRUE,6.3739716910945e-07,4258,55,28,0.509090909090909,0.00657585720995773,"GO:0005576","GO:CC","extracellular region",22149,194
"114","darkorange",TRUE,8.05976849456296e-07,5540,55,32,0.581818181818182,0.00577617328519856,"GO:0031981","GO:CC","nuclear lumen",22149,1198
"115","darkorange",TRUE,8.20391551882788e-07,4033,55,27,0.490909090909091,0.00669476816265807,"GO:0031982","GO:CC","vesicle",22149,1199
"116","darkorange",TRUE,9.70888985143082e-07,357,55,9,0.163636363636364,0.0252100840336134,"GO:0014069","GO:CC","postsynaptic density",22149,673
"117","darkorange",TRUE,1.32303621813943e-06,2095,55,19,0.345454545454545,0.00906921241050119,"GO:0005783","GO:CC","endoplasmic reticulum",22149,335
"118","darkorange",TRUE,1.32303621813943e-06,373,55,9,0.163636363636364,0.0241286863270777,"GO:0032279","GO:CC","asymmetric synapse",22149,1253
"119","darkorange",TRUE,1.53596656362286e-06,16936,55,55,1,0.00324752007557865,"GO:0043226","GO:CC","organelle",22149,1840
"120","darkorange",TRUE,2.00898006679232e-06,395,55,9,0.163636363636364,0.0227848101265823,"GO:0099572","GO:CC","postsynaptic specialization",22149,3304
"121","darkorange",TRUE,2.66439245739019e-06,410,55,9,0.163636363636364,0.0219512195121951,"GO:0098984","GO:CC","neuron to neuron synapse",22149,3252
"122","darkorange",TRUE,1.58612400107928e-05,6695,55,33,0.6,0.00492905153099328,"GO:0043233","GO:CC","organelle lumen",22149,1847
"123","darkorange",TRUE,1.58612400107928e-05,6695,55,33,0.6,0.00492905153099328,"GO:0070013","GO:CC","intracellular organelle lumen",22149,2334
"124","darkorange",TRUE,1.58612400107928e-05,6695,55,33,0.6,0.00492905153099328,"GO:0031974","GO:CC","membrane-enclosed lumen",22149,1193
"125","darkorange",TRUE,3.15433027226824e-05,17944,55,55,1,0.00306509139545252,"GO:0005622","GO:CC","intracellular anatomical structure",22149,232
"126","darkorange",TRUE,5.20501938900059e-05,15780,55,52,0.945454545454545,0.00329531051964512,"GO:0043227","GO:CC","membrane-bounded organelle",22149,1841
"127","darkorange",TRUE,5.21385417088516e-05,61,55,4,0.0727272727272727,0.0655737704918033,"GO:0005791","GO:CC","rough endoplasmic reticulum",22149,343
"128","darkorange",TRUE,8.59703316995054e-05,9953,55,40,0.727272727272727,0.00401888877725309,"GO:0016020","GO:CC","membrane",22149,699
"129","darkorange",TRUE,9.08173766317687e-05,4255,55,24,0.436363636363636,0.00564042303172738,"GO:0005654","GO:CC","nucleoplasm",22149,247
"130","darkorange",TRUE,0.000117105342116443,10078,55,40,0.727272727272727,0.00396904147648343,"GO:0005634","GO:CC","nucleus",22149,238
"131","darkorange",TRUE,0.000268750195807233,6,55,2,0.0363636363636364,0.333333333333333,"GO:0098556","GO:CC","cytoplasmic side of rough endoplasmic reticulum membrane",22149,3123
"132","darkorange",TRUE,0.00031457174254567,14727,55,49,0.890909090909091,0.0033272221090514,"GO:0043231","GO:CC","intracellular membrane-bounded organelle",22149,1845
"133","darkorange",TRUE,0.000334383757667086,779,55,9,0.163636363636364,0.0115532734274711,"GO:0098794","GO:CC","postsynapse",22149,3187
"134","darkorange",TRUE,0.000352651398705227,7,55,2,0.0363636363636364,0.285714285714286,"GO:0140596","GO:CC","TOM complex",22149,3504
"135","darkorange",TRUE,0.00371179314822,22,55,2,0.0363636363636364,0.0909090909090909,"GO:0098554","GO:CC","cytoplasmic side of endoplasmic reticulum membrane",22149,3121
"136","darkorange",TRUE,0.00397924815330323,23,55,2,0.0363636363636364,0.0869565217391304,"GO:0005742","GO:CC","mitochondrial outer membrane translocase complex",22149,308
"137","darkorange",TRUE,0.00425074860847697,24,55,2,0.0363636363636364,0.0833333333333333,"GO:0098799","GO:CC","outer mitochondrial membrane protein complex",22149,3191
"138","darkorange",TRUE,0.00527859865420673,27,55,2,0.0363636363636364,0.0740740740740741,"GO:0030867","GO:CC","rough endoplasmic reticulum membrane",22149,955
"139","darkorange",TRUE,0.00618538082983576,1,55,1,0.0181818181818182,1,"GO:0070992","GO:CC","translation initiation complex",22149,2523
"140","darkorange",TRUE,0.00618538082983576,1,55,1,0.0181818181818182,1,"GO:0033291","GO:CC","eukaryotic 80S initiation complex",22149,1386
"141","darkorange",TRUE,0.0115913664197034,4872,55,21,0.381818181818182,0.00431034482758621,"GO:0012505","GO:CC","endomembrane system",22149,666
"142","darkorange",TRUE,0.0119221481540805,2,55,1,0.0181818181818182,0.5,"GO:1990630","GO:CC","IRE1-RACK1-PP2A complex",22149,3933
"143","darkorange",TRUE,0.0233761213569538,4,55,1,0.0181818181818182,0.25,"GO:0005853","GO:CC","eukaryotic translation elongation factor 1 complex",22149,384
"144","darkorange",TRUE,0.0308164505462225,790,55,6,0.109090909090909,0.00759493670886076,"GO:0031966","GO:CC","mitochondrial membrane",22149,1186
"145","darkorange",TRUE,0.0392454441490249,840,55,6,0.109090909090909,0.00714285714285714,"GO:0005740","GO:CC","mitochondrial envelope",22149,306
"146","darkorange",TRUE,0.0392454441490249,7,55,1,0.0181818181818182,0.142857142857143,"GO:0016272","GO:CC","prefoldin complex",22149,707
"147","darkorange",TRUE,0.0416588440284231,227,55,3,0.0545454545454545,0.013215859030837,"GO:0005741","GO:CC","mitochondrial outer membrane",22149,307
"148","darkorange",TRUE,1.31917806313231e-59,449,54,43,0.796296296296296,0.0957683741648107,"GO:0003735","GO:MF","structural constituent of ribosome",20246,340
"149","darkorange",TRUE,1.0961359282496e-42,1106,54,43,0.796296296296296,0.038878842676311,"GO:0005198","GO:MF","structural molecule activity",20246,1318
"150","darkorange",TRUE,2.65625042929265e-25,3091,54,44,0.814814814814815,0.0142348754448399,"GO:0003723","GO:MF","RNA binding",20246,333
"151","darkorange",TRUE,3.27804820391939e-15,5433,54,44,0.814814814814815,0.00809865635928585,"GO:0003676","GO:MF","nucleic acid binding",20246,311
"152","darkorange",TRUE,1.96991788696984e-12,10,54,6,0.111111111111111,0.6,"GO:1990948","GO:MF","ubiquitin ligase inhibitor activity",20246,10127
"153","darkorange",TRUE,2.32845612356989e-11,14,54,6,0.111111111111111,0.428571428571429,"GO:0055105","GO:MF","ubiquitin-protein transferase inhibitor activity",20246,7744
"154","darkorange",TRUE,7.08183279219437e-09,33,54,6,0.111111111111111,0.181818181818182,"GO:0055106","GO:MF","ubiquitin-protein transferase regulator activity",20246,7745
"155","darkorange",TRUE,1.20030951187417e-08,68,54,7,0.12962962962963,0.102941176470588,"GO:0019843","GO:MF","rRNA binding",20246,3478
"156","darkorange",TRUE,8.87760811321172e-08,24,54,5,0.0925925925925926,0.208333333333333,"GO:0048027","GO:MF","mRNA 5'-UTR binding",20246,6701
"157","darkorange",TRUE,4.03744823244326e-06,335,54,9,0.166666666666667,0.026865671641791,"GO:0045296","GO:MF","cadherin binding",20246,5563
"158","darkorange",TRUE,3.283918660792e-05,564,54,10,0.185185185185185,0.0177304964539007,"GO:0050839","GO:MF","cell adhesion molecule binding",20246,7357
"159","darkorange",TRUE,0.00100322546582915,5,54,2,0.037037037037037,0.4,"GO:0070180","GO:MF","large ribosomal subunit rRNA binding",20246,7982
"160","darkorange",TRUE,0.00100322546582915,389,54,7,0.12962962962963,0.0179948586118252,"GO:0003729","GO:MF","mRNA binding",20246,338
"161","darkorange",TRUE,0.00116176390595204,403,54,7,0.12962962962963,0.0173697270471464,"GO:0004857","GO:MF","enzyme inhibitor activity",20246,1098
"162","darkorange",TRUE,0.00289770582980518,9,54,2,0.037037037037037,0.222222222222222,"GO:0008097","GO:MF","5S rRNA binding",20246,1518
"163","darkorange",TRUE,0.00495492585611968,12,54,2,0.037037037037037,0.166666666666667,"GO:0097371","GO:MF","MDM2/MDM4 family protein binding",20246,8440
"164","darkorange",TRUE,0.00497387543176829,528,54,7,0.12962962962963,0.0132575757575758,"GO:0140678","GO:MF","molecular function inhibitor activity",20246,9466
"165","darkorange",TRUE,0.0164672539020069,23,54,2,0.037037037037037,0.0869565217391304,"GO:0003746","GO:MF","translation elongation factor activity",20246,342
"166","darkorange",TRUE,0.0164672539020069,485,54,6,0.111111111111111,0.0123711340206186,"GO:0004842","GO:MF","ubiquitin-protein transferase activity",20246,1083
"167","darkorange",TRUE,0.0201323278888377,27,54,2,0.037037037037037,0.0740740740740741,"GO:0008320","GO:MF","protein transmembrane transporter activity",20246,1626
"168","darkorange",TRUE,0.0201323278888377,515,54,6,0.111111111111111,0.0116504854368932,"GO:0019787","GO:MF","ubiquitin-like protein transferase activity",20246,3456
"169","darkorange",TRUE,0.0218009095182653,533,54,6,0.111111111111111,0.0112570356472795,"GO:0016755","GO:MF","aminoacyltransferase activity",20246,2893
"170","darkorange",TRUE,0.0218009095182653,15123,54,49,0.907407407407407,0.00324009786418039,"GO:0005515","GO:MF","protein binding",20246,1462
"171","darkorange",TRUE,0.0239910179350279,32,54,2,0.037037037037037,0.0625,"GO:0022884","GO:MF","macromolecule transmembrane transporter activity",20246,3572
"172","darkorange",TRUE,0.0374967703680979,41,54,2,0.037037037037037,0.0487804878048781,"GO:0140318","GO:MF","protein transporter activity",20246,9343
"173","darkorange",TRUE,3.47446352493595e-28,26,19,14,0.736842105263158,0.538461538461538,"HP:0031640","HP","Abnormal radial artery morphology",5080,11827
"174","darkorange",TRUE,3.47446352493595e-28,26,19,14,0.736842105263158,0.538461538461538,"HP:0020118","HP","Radial artery aplasia",5080,9316
"175","darkorange",TRUE,3.47446352493595e-28,26,19,14,0.736842105263158,0.538461538461538,"HP:0030270","HP","Elevated red cell adenosine deaminase activity",5080,10539
"176","darkorange",TRUE,5.40714873205535e-28,27,19,14,0.736842105263158,0.518518518518518,"HP:4000209","HP","Abnormal erythrocyte adenosine deaminase activity",5080,17634
"177","darkorange",TRUE,8.64344970446127e-28,28,19,14,0.736842105263158,0.5,"HP:0005532","HP","Macrocytic dyserythropoietic anemia",5080,3723
"178","darkorange",TRUE,2.60622122530209e-27,30,19,14,0.736842105263158,0.466666666666667,"HP:0012410","HP","Pure red cell aplasia",5080,8760
"179","darkorange",TRUE,4.0698261001096e-27,31,19,14,0.736842105263158,0.451612903225806,"HP:0012133","HP","Erythroid hypoplasia",5080,8492
"180","darkorange",TRUE,2.759055946333e-26,35,19,14,0.736842105263158,0.4,"HP:0001227","HP","Abnormality of the thenar eminence",5080,934
"181","darkorange",TRUE,2.759055946333e-26,35,19,14,0.736842105263158,0.4,"HP:0040276","HP","Adenocarcinoma of the colon",5080,15374
"182","darkorange",TRUE,4.05957962435817e-26,36,19,14,0.736842105263158,0.388888888888889,"HP:0006758","HP","Malignant genitourinary tract tumor",5080,4398
"183","darkorange",TRUE,5.01891400596737e-26,37,19,14,0.736842105263158,0.378378378378378,"HP:0001896","HP","Reticulocytopenia",5080,1370
"184","darkorange",TRUE,5.01891400596737e-26,37,19,14,0.736842105263158,0.378378378378378,"HP:0011904","HP","Persistence of hemoglobin F",5080,8264
"185","darkorange",TRUE,5.01891400596737e-26,37,19,14,0.736842105263158,0.378378378378378,"HP:0002669","HP","Osteosarcoma",5080,1928
"186","darkorange",TRUE,1.07239527411461e-25,39,19,14,0.736842105263158,0.358974358974359,"HP:0001895","HP","Normochromic anemia",5080,1369
"187","darkorange",TRUE,1.07239527411461e-25,39,19,14,0.736842105263158,0.358974358974359,"HP:0040275","HP","Adenocarcinoma of the large intestine",5080,15373
"188","darkorange",TRUE,3.51332034160562e-25,42,19,14,0.736842105263158,0.333333333333333,"HP:0009944","HP","Partial duplication of thumb phalanx",5080,6383
"189","darkorange",TRUE,4.8984308922031e-25,43,19,14,0.736842105263158,0.325581395348837,"HP:0040273","HP","Adenocarcinoma of the intestines",5080,15371
"190","darkorange",TRUE,6.77895055725494e-25,44,19,14,0.736842105263158,0.318181818181818,"HP:0009999","HP","Partial duplication of the phalanx of hand",5080,6437
"191","darkorange",TRUE,1.464682934081e-24,66,19,15,0.789473684210526,0.227272727272727,"HP:0001894","HP","Thrombocytosis",5080,1368
"192","darkorange",TRUE,3.56718012301883e-24,49,19,14,0.736842105263158,0.285714285714286,"HP:0030272","HP","Abnormal erythrocyte enzyme concentration or activity",5080,10541
"193","darkorange",TRUE,8.47187319326176e-24,52,19,14,0.736842105263158,0.269230769230769,"HP:0005518","HP","Increased mean corpuscular volume",5080,3712
"194","darkorange",TRUE,8.47187319326176e-24,52,19,14,0.736842105263158,0.269230769230769,"HP:0012131","HP","Abnormal number of erythroid precursors",5080,8490
"195","darkorange",TRUE,1.48392931814125e-23,54,19,14,0.736842105263158,0.259259259259259,"HP:0000912","HP","Sprengel anomaly",5080,709
"196","darkorange",TRUE,4.42808552009683e-23,58,19,14,0.736842105263158,0.241379310344828,"HP:0009777","HP","Absent thumb",5080,6241
"197","darkorange",TRUE,6.97717828781011e-23,60,19,14,0.736842105263158,0.233333333333333,"HP:0000185","HP","Cleft soft palate",5080,159
"198","darkorange",TRUE,6.97717828781011e-23,60,19,14,0.736842105263158,0.233333333333333,"HP:0009942","HP","Duplication of thumb phalanx",5080,6381
"199","darkorange",TRUE,1.12425428002845e-22,62,19,14,0.736842105263158,0.225806451612903,"HP:0025065","HP","Abnormal mean corpuscular volume",5080,9544
"200","darkorange",TRUE,2.87536539299538e-22,66,19,14,0.736842105263158,0.212121212121212,"HP:0001790","HP","Nonimmune hydrops fetalis",5080,1293
"201","darkorange",TRUE,6.90473383383837e-22,70,19,14,0.736842105263158,0.2,"HP:0001199","HP","Triphalangeal thumb",5080,922
"202","darkorange",TRUE,1.56908034874282e-21,74,19,14,0.736842105263158,0.189189189189189,"HP:0001972","HP","Macrocytic anemia",5080,1432
"203","darkorange",TRUE,1.75218229517264e-21,75,19,14,0.736842105263158,0.186666666666667,"HP:0002672","HP","Gastrointestinal carcinoma",5080,1930
"204","darkorange",TRUE,1.75218229517264e-21,75,19,14,0.736842105263158,0.186666666666667,"HP:0001087","HP","Developmental glaucoma",5080,848
"205","darkorange",TRUE,1.75218229517264e-21,75,19,14,0.736842105263158,0.186666666666667,"HP:0006749","HP","Malignant gastrointestinal tract tumors",5080,4393
"206","darkorange",TRUE,2.08272293966953e-21,76,19,14,0.736842105263158,0.184210526315789,"HP:0004808","HP","Acute myeloid leukemia",5080,3277
"207","darkorange",TRUE,2.47051651832215e-21,77,19,14,0.736842105263158,0.181818181818182,"HP:0011902","HP","Abnormal hemoglobin",5080,8262
"208","darkorange",TRUE,6.25774454094774e-21,82,19,14,0.736842105263158,0.170731707317073,"HP:0100273","HP","Neoplasm of the colon",5080,15939
"209","darkorange",TRUE,8.77239778604868e-21,84,19,14,0.736842105263158,0.166666666666667,"HP:0004312","HP","Abnormal reticulocyte morphology",5080,3000
"210","darkorange",TRUE,3.3541424500349e-20,92,19,14,0.736842105263158,0.152173913043478,"HP:0009380","HP","Finger aplasia",5080,5877
"211","darkorange",TRUE,3.3541424500349e-20,128,19,15,0.789473684210526,0.1171875,"HP:0001421","HP","Abnormality of the musculature of the hand",5080,1060
"212","darkorange",TRUE,2.30017230902034e-19,105,19,14,0.736842105263158,0.133333333333333,"HP:0010622","HP","Neoplasm of the skeletal system",5080,7031
"213","darkorange",TRUE,6.65739604529467e-19,113,19,14,0.736842105263158,0.123893805309735,"HP:0002863","HP","Myelodysplasia",5080,2063
"214","darkorange",TRUE,8.41986467572551e-19,115,19,14,0.736842105263158,0.121739130434783,"HP:0100834","HP","Neoplasm of the large intestine",5080,16459
"215","darkorange",TRUE,1.36102937019481e-18,119,19,14,0.736842105263158,0.117647058823529,"HP:0002488","HP","Acute leukemia",5080,1794
"216","darkorange",TRUE,2.43536019481011e-18,124,19,14,0.736842105263158,0.112903225806452,"HP:0000465","HP","Webbed neck",5080,351
"217","darkorange",TRUE,3.01110639721968e-18,126,19,14,0.736842105263158,0.111111111111111,"HP:0009778","HP","Short thumb",5080,6242
"218","darkorange",TRUE,3.30748236627435e-18,127,19,14,0.736842105263158,0.110236220472441,"HP:0001789","HP","Hydrops fetalis",5080,1292
"219","darkorange",TRUE,1.65220871321395e-17,142,19,14,0.736842105263158,0.0985915492957746,"HP:0000519","HP","Developmental cataract",5080,396
"220","darkorange",TRUE,3.25512752563116e-17,149,19,14,0.736842105263158,0.0939597315436242,"HP:0009601","HP","Aplasia/Hypoplasia of the thumb",5080,6085
"221","darkorange",TRUE,3.5136237194912e-17,150,19,14,0.736842105263158,0.0933333333333333,"HP:0000294","HP","Low anterior hairline",5080,243
"222","darkorange",TRUE,3.79164234405015e-17,151,19,14,0.736842105263158,0.0927152317880795,"HP:0000085","HP","Horseshoe kidney",5080,78
"223","darkorange",TRUE,4.94344298406621e-17,154,19,14,0.736842105263158,0.0909090909090909,"HP:0001680","HP","Coarctation of aorta",5080,1216
"224","darkorange",TRUE,5.32473871315624e-17,155,19,14,0.736842105263158,0.0903225806451613,"HP:0000980","HP","Pallor",5080,765
"225","darkorange",TRUE,7.55276576298426e-17,159,19,14,0.736842105263158,0.0880503144654088,"HP:0001882","HP","Decreased total leukocyte count",5080,1358
"226","darkorange",TRUE,1.64117208882815e-16,168,19,14,0.736842105263158,0.0833333333333333,"HP:0100242","HP","Sarcoma",5080,15908
"227","darkorange",TRUE,2.26143974355007e-16,172,19,14,0.736842105263158,0.0813953488372093,"HP:0001909","HP","Leukemia",5080,1382
"228","darkorange",TRUE,5.00430318775321e-16,182,19,14,0.736842105263158,0.0769230769230769,"HP:0000782","HP","Abnormal scapula morphology",5080,608
"229","darkorange",TRUE,1.05834909743866e-15,192,19,14,0.736842105263158,0.0729166666666667,"HP:0008551","HP","Microtia",5080,5371
"230","darkorange",TRUE,2.00235258903966e-15,201,19,14,0.736842105263158,0.0696517412935323,"HP:0010972","HP","Anemia of inadequate production",5080,7358
"231","darkorange",TRUE,2.26733503188508e-15,203,19,14,0.736842105263158,0.0689655172413793,"HP:0009602","HP","Abnormality of thumb phalanx",5080,6086
"232","darkorange",TRUE,2.51625396601365e-15,272,19,15,0.789473684210526,0.0551470588235294,"HP:0100736","HP","Abnormal soft palate morphology",5080,16372
"233","darkorange",TRUE,3.10314974111566e-15,208,19,14,0.736842105263158,0.0673076923076923,"HP:0000104","HP","Renal agenesis",5080,92
"234","darkorange",TRUE,3.21728025084463e-15,209,19,14,0.736842105263158,0.0669856459330144,"HP:0001875","HP","Decreased total neutrophil count",5080,1351
"235","darkorange",TRUE,3.21728025084463e-15,209,19,14,0.736842105263158,0.0669856459330144,"HP:0008772","HP","Aplasia/Hypoplasia of the external ear",5080,5482
"236","darkorange",TRUE,4.7906656816644e-15,285,19,15,0.789473684210526,0.0526315789473684,"HP:0001446","HP","Abnormality of the musculature of the upper limbs",5080,1075
"237","darkorange",TRUE,4.98557806205233e-15,216,19,14,0.736842105263158,0.0648148148148148,"HP:0008771","HP","Aplasia/Hypoplasia of the ear",5080,5481
"238","darkorange",TRUE,5.59814368450609e-15,218,19,14,0.736842105263158,0.0642201834862385,"HP:0000599","HP","Abnormality of the frontal hairline",5080,463
"239","darkorange",TRUE,7.14179984514361e-15,222,19,14,0.736842105263158,0.0630630630630631,"HP:0410030","HP","Cleft lip",5080,16715
"240","darkorange",TRUE,1.02778983661661e-14,228,19,14,0.736842105263158,0.0614035087719298,"HP:0011991","HP","Abnormal total neutrophil count",5080,8350
"241","darkorange",TRUE,1.1465749543032e-14,230,19,14,0.736842105263158,0.0608695652173913,"HP:0009997","HP","Duplication of phalanx of hand",5080,6435
"242","darkorange",TRUE,1.24242354211261e-14,232,19,14,0.736842105263158,0.0603448275862069,"HP:0007379","HP","Neoplasm of the genitourinary tract",5080,4695
"243","darkorange",TRUE,1.24242354211261e-14,232,19,14,0.736842105263158,0.0603448275862069,"HP:0009142","HP","Duplication of bones involving the upper extremities",5080,5658
"244","darkorange",TRUE,1.24242354211261e-14,232,19,14,0.736842105263158,0.0603448275862069,"HP:0004275","HP","Duplication of hand bones",5080,2968
"245","darkorange",TRUE,2.22849139415852e-14,242,19,14,0.736842105263158,0.0578512396694215,"HP:0100542","HP","Abnormal localization of kidney",5080,16197
"246","darkorange",TRUE,2.93622319762056e-14,247,19,14,0.736842105263158,0.0566801619433198,"HP:0001254","HP","Lethargy",5080,949
"247","darkorange",TRUE,8.69782586303187e-14,267,19,14,0.736842105263158,0.052434456928839,"HP:0001874","HP","Abnormality of neutrophils",5080,1350
"248","darkorange",TRUE,1.00470095829119e-13,270,19,14,0.736842105263158,0.0518518518518519,"HP:0001518","HP","Small for gestational age",5080,1113
"249","darkorange",TRUE,1.04466291866287e-13,271,19,14,0.736842105263158,0.0516605166051661,"HP:0032309","HP","Abnormal granulocyte count",5080,12455
"250","darkorange",TRUE,3.2417294703494e-13,294,19,14,0.736842105263158,0.0476190476190476,"HP:0004377","HP","Hematological neoplasm",5080,3054
"251","darkorange",TRUE,3.69069017751736e-13,297,19,14,0.736842105263158,0.0471380471380471,"HP:0009553","HP","Abnormality of the hairline",5080,6040
"252","darkorange",TRUE,3.8205051441311e-13,298,19,14,0.736842105263158,0.0469798657718121,"HP:0007378","HP","Neoplasm of the gastrointestinal tract",5080,4694
"253","darkorange",TRUE,7.17928131130268e-13,312,19,14,0.736842105263158,0.0448717948717949,"HP:0034058","HP","Abnormal fetal morphology",5080,14173
"254","darkorange",TRUE,8.47549845613874e-13,316,19,14,0.736842105263158,0.0443037974683544,"HP:0001911","HP","Abnormal granulocyte morphology",5080,1383
"255","darkorange",TRUE,1.23993686345313e-12,325,19,14,0.736842105263158,0.0430769230769231,"HP:0009381","HP","Short finger",5080,5878
"256","darkorange",TRUE,1.33480105764987e-12,327,19,14,0.736842105263158,0.0428134556574924,"HP:0011361","HP","Congenital abnormal hair pattern",5080,7731
"257","darkorange",TRUE,1.37656539496623e-12,328,19,14,0.736842105263158,0.0426829268292683,"HP:0007700","HP","Ocular anterior segment dysgenesis",5080,4894
"258","darkorange",TRUE,2.0512637274203e-12,435,19,15,0.789473684210526,0.0344827586206897,"HP:0100037","HP","Abnormality of the scalp hair",5080,15705
"259","darkorange",TRUE,2.50970083665166e-12,343,19,14,0.736842105263158,0.0408163265306122,"HP:0010974","HP","Abnormal myeloid leukocyte morphology",5080,7359
"260","darkorange",TRUE,3.54710075012157e-12,452,19,15,0.789473684210526,0.0331858407079646,"HP:0001965","HP","Abnormal scalp morphology",5080,1426
"261","darkorange",TRUE,4.08469302827979e-12,457,19,15,0.789473684210526,0.0328227571115974,"HP:0011873","HP","Abnormal platelet count",5080,8233
"262","darkorange",TRUE,4.08469302827979e-12,356,19,14,0.736842105263158,0.0393258426966292,"HP:0011792","HP","Neoplasm by histology",5080,8155
"263","darkorange",TRUE,4.35419656884628e-12,358,19,14,0.736842105263158,0.0391061452513966,"HP:0008678","HP","Renal hypoplasia/aplasia",5080,5425
"264","darkorange",TRUE,4.54851192664569e-12,461,19,15,0.789473684210526,0.0325379609544469,"HP:0011875","HP","Abnormal platelet morphology",5080,8235
"265","darkorange",TRUE,4.60378024950225e-12,360,19,14,0.736842105263158,0.0388888888888889,"HP:0034930","HP","Digestive system neoplasm",5080,15038
"266","darkorange",TRUE,6.91999626530856e-12,371,19,14,0.736842105263158,0.0377358490566038,"HP:0006265","HP","Aplasia/Hypoplasia of fingers",5080,4086
"267","darkorange",TRUE,8.1596049862755e-12,376,19,14,0.736842105263158,0.0372340425531915,"HP:0000501","HP","Glaucoma",5080,382
"268","darkorange",TRUE,8.1596049862755e-12,376,19,14,0.736842105263158,0.0372340425531915,"HP:0010720","HP","Abnormal hair pattern",5080,7120
"269","darkorange",TRUE,9.01685484028302e-12,379,19,14,0.736842105263158,0.0369393139841689,"HP:0000047","HP","Hypospadias",5080,43
"270","darkorange",TRUE,9.64084147383986e-12,487,19,15,0.789473684210526,0.0308008213552361,"HP:0001872","HP","Abnormality of thrombocytes",5080,1348
"271","darkorange",TRUE,1.68044545989894e-11,397,19,14,0.736842105263158,0.035264483627204,"HP:0001172","HP","Abnormal thumb morphology",5080,908
"272","darkorange",TRUE,1.72258815330112e-11,398,19,14,0.736842105263158,0.0351758793969849,"HP:0100627","HP","Displacement of the urethral meatus",5080,16277
"273","darkorange",TRUE,1.82803568522815e-11,400,19,14,0.736842105263158,0.035,"HP:0032076","HP","Abnormal male urethral meatus morphology",5080,12237
"274","darkorange",TRUE,1.93942507802688e-11,402,19,14,0.736842105263158,0.0348258706467662,"HP:0000470","HP","Short neck",5080,355
"275","darkorange",TRUE,2.2786377503894e-11,407,19,14,0.736842105263158,0.0343980343980344,"HP:0001679","HP","Abnormal aortic morphology",5080,1215
"276","darkorange",TRUE,3.9712154742308e-11,424,19,14,0.736842105263158,0.0330188679245283,"HP:0001873","HP","Thrombocytopenia",5080,1349
"277","darkorange",TRUE,7.12912566968041e-11,443,19,14,0.736842105263158,0.0316027088036117,"HP:0002250","HP","Abnormal large intestine morphology",5080,1653
"278","darkorange",TRUE,7.12912566968041e-11,443,19,14,0.736842105263158,0.0316027088036117,"HP:0003319","HP","Abnormality of the cervical spine",5080,2387
"279","darkorange",TRUE,1.41644845920454e-10,466,19,14,0.736842105263158,0.0300429184549356,"HP:0000795","HP","Abnormality of the urethra",5080,616
"280","darkorange",TRUE,2.60356609868075e-10,613,19,15,0.789473684210526,0.0244698205546493,"HP:0000175","HP","Cleft palate",5080,151
"281","darkorange",TRUE,3.11971872899993e-10,621,19,15,0.789473684210526,0.0241545893719807,"HP:0005280","HP","Depressed nasal bridge",5080,3573
"282","darkorange",TRUE,3.1651132116243e-10,622,19,15,0.789473684210526,0.0241157556270096,"HP:0000286","HP","Epicanthus",5080,235
"283","darkorange",TRUE,4.57497879891163e-10,509,19,14,0.736842105263158,0.0275049115913556,"HP:0011893","HP","Abnormal leukocyte count",5080,8253
"284","darkorange",TRUE,5.13616065456018e-10,514,19,14,0.736842105263158,0.0272373540856031,"HP:0000431","HP","Wide nasal bridge",5080,330
"285","darkorange",TRUE,5.13616065456018e-10,514,19,14,0.736842105263158,0.0272373540856031,"HP:0001629","HP","Ventricular septal defect",5080,1177
"286","darkorange",TRUE,5.95019075540995e-10,651,19,15,0.789473684210526,0.0230414746543779,"HP:0009127","HP","Abnormality of the musculature of the limbs",5080,5646
"287","darkorange",TRUE,6.45090413761224e-10,655,19,15,0.789473684210526,0.0229007633587786,"HP:0000202","HP","Orofacial cleft",5080,173
"288","darkorange",TRUE,6.68037043832795e-10,525,19,14,0.736842105263158,0.0266666666666667,"HP:0010438","HP","Abnormal ventricular septum morphology",5080,6864
"289","darkorange",TRUE,7.08574425703443e-10,660,19,15,0.789473684210526,0.0227272727272727,"HP:5201015","HP","Craniofacial cleft",5080,17909
"290","darkorange",TRUE,9.16662533890242e-10,538,19,14,0.736842105263158,0.0260223048327138,"HP:0005927","HP","Aplasia/hypoplasia involving bones of the hand",5080,3922
"291","darkorange",TRUE,1.00546087012526e-09,542,19,14,0.736842105263158,0.025830258302583,"HP:0001631","HP","Atrial septal defect",5080,1178
"292","darkorange",TRUE,1.06812008796762e-09,680,19,15,0.789473684210526,0.0220588235294118,"HP:0005918","HP","Abnormal finger phalanx morphology",5080,3915
"293","darkorange",TRUE,1.09296609596001e-09,546,19,14,0.736842105263158,0.0256410256410256,"HP:0011994","HP","Abnormal atrial septum morphology",5080,8353
"294","darkorange",TRUE,1.09658069355819e-09,682,19,15,0.789473684210526,0.0219941348973607,"HP:0045060","HP","Aplasia/hypoplasia involving bones of the extremities",5080,15645
"295","darkorange",TRUE,1.13005794224394e-09,548,19,14,0.736842105263158,0.0255474452554745,"HP:0011004","HP","Abnormal systemic arterial morphology",5080,7387
"296","darkorange",TRUE,1.5769679473773e-09,700,19,15,0.789473684210526,0.0214285714285714,"HP:0001877","HP","Abnormal erythrocyte morphology",5080,1353
"297","darkorange",TRUE,2.03906053539871e-09,573,19,14,0.736842105263158,0.0244328097731239,"HP:0006496","HP","Aplasia/hypoplasia involving bones of the upper limbs",5080,4228
"298","darkorange",TRUE,2.22316027618303e-09,577,19,14,0.736842105263158,0.024263431542461,"HP:0034057","HP","Fetal anomaly",5080,14172
"299","darkorange",TRUE,2.56509431187694e-09,725,19,15,0.789473684210526,0.0206896551724138,"HP:0009815","HP","Aplasia/hypoplasia of the extremities",5080,6277
"300","darkorange",TRUE,2.81227551678323e-09,730,19,15,0.789473684210526,0.0205479452054795,"HP:0034684","HP","Abnormal enzyme concentration or activity",5080,14794
"301","darkorange",TRUE,4.5620475596726e-09,925,19,16,0.842105263157895,0.0172972972972973,"HP:0000765","HP","Abnormal thorax morphology",5080,595
"302","darkorange",TRUE,4.89070947239254e-09,613,19,14,0.736842105263158,0.0228384991843393,"HP:0011927","HP","Short digit",5080,8287
"303","darkorange",TRUE,5.07182255833117e-09,615,19,14,0.736842105263158,0.0227642276422764,"HP:0005120","HP","Abnormal cardiac atrium morphology",5080,3461
"304","darkorange",TRUE,6.13688384949948e-09,772,19,15,0.789473684210526,0.0194300518134715,"HP:0000369","HP","Low-set ears",5080,290
"305","darkorange",TRUE,8.02856642702844e-09,637,19,14,0.736842105263158,0.021978021978022,"HP:0001903","HP","Anemia",5080,1377
"306","darkorange",TRUE,8.25108012642483e-09,639,19,14,0.736842105263158,0.0219092331768388,"HP:0001881","HP","Abnormal leukocyte morphology",5080,1357
"307","darkorange",TRUE,8.25108012642483e-09,639,19,14,0.736842105263158,0.0219092331768388,"HP:0010987","HP","Abnormal cellular immune system morphology",5080,7370
"308","darkorange",TRUE,9.10659426617857e-09,795,19,15,0.789473684210526,0.0188679245283019,"HP:0000218","HP","High palate",5080,184
"309","darkorange",TRUE,1.36307704772434e-08,664,19,14,0.736842105263158,0.0210843373493976,"HP:0000745","HP","Abnormal diminished volition",5080,580
"310","darkorange",TRUE,1.4090363913396e-08,666,19,14,0.736842105263158,0.021021021021021,"HP:0032251","HP","Abnormal immune system morphology",5080,12401
"311","darkorange",TRUE,1.45643305461439e-08,668,19,14,0.736842105263158,0.0209580838323353,"HP:0025668","HP","Abnormal neck morphology",5080,10099
"312","darkorange",TRUE,1.76548792749045e-08,678,19,14,0.736842105263158,0.0206489675516224,"HP:0000969","HP","Edema",5080,755
"313","darkorange",TRUE,1.9346645114336e-08,683,19,14,0.736842105263158,0.020497803806735,"HP:0000036","HP","Abnormal penis morphology",5080,34
"314","darkorange",TRUE,2.21144463213392e-08,848,19,15,0.789473684210526,0.017688679245283,"HP:0000347","HP","Micrognathia",5080,276
"315","darkorange",TRUE,2.27166201647794e-08,850,19,15,0.789473684210526,0.0176470588235294,"HP:0009118","HP","Aplasia/Hypoplasia of the mandible",5080,5637
"316","darkorange",TRUE,2.35656634246498e-08,1036,19,16,0.842105263157895,0.0154440154440154,"HP:0000422","HP","Abnormal nasal bridge morphology",5080,326
"317","darkorange",TRUE,2.60660628039662e-08,859,19,15,0.789473684210526,0.0174621653084983,"HP:0009116","HP","Aplasia/Hypoplasia involving bones of the skull",5080,5635
"318","darkorange",TRUE,3.58179508458653e-08,717,19,14,0.736842105263158,0.0195258019525802,"HP:0000464","HP","Abnormality of the neck",5080,350
"319","darkorange",TRUE,3.62434605111439e-08,718,19,14,0.736842105263158,0.0194986072423398,"HP:0001713","HP","Abnormal cardiac ventricle morphology",5080,1245
"320","darkorange",TRUE,3.93450306620939e-08,1073,19,16,0.842105263157895,0.0149114631873253,"HP:0005922","HP","Abnormal hand morphology",5080,3917
"321","darkorange",TRUE,5.74957737294988e-08,744,19,14,0.736842105263158,0.0188172043010753,"HP:0030962","HP","Abnormal morphology of the great vessels",5080,11183
"322","darkorange",TRUE,6.94504144024478e-08,755,19,14,0.736842105263158,0.0185430463576159,"HP:0002242","HP","Abnormal intestine morphology",5080,1645
"323","darkorange",TRUE,7.53285661069176e-08,760,19,14,0.736842105263158,0.0184210526315789,"HP:0000508","HP","Ptosis",5080,388
"324","darkorange",TRUE,7.91170807172275e-08,1351,19,17,0.894736842105263,0.0125832716506292,"HP:0001595","HP","Abnormal hair morphology",5080,1155
"325","darkorange",TRUE,8.54589678548124e-08,768,19,14,0.736842105263158,0.0182291666666667,"HP:0011032","HP","Abnormality of fluid regulation",5080,7413
"326","darkorange",TRUE,1.06126212975244e-07,781,19,14,0.736842105263158,0.0179257362355954,"HP:0001671","HP","Abnormal cardiac septum morphology",5080,1211
"327","darkorange",TRUE,1.1448046853107e-07,957,19,15,0.789473684210526,0.0156739811912226,"HP:0000357","HP","Abnormal location of ears",5080,281
"328","darkorange",TRUE,1.20713662436048e-07,961,19,15,0.789473684210526,0.0156087408949011,"HP:0009122","HP","Aplasia/hypoplasia affecting bones of the axial skeleton",5080,5641
"329","darkorange",TRUE,1.9228223788506e-07,818,19,14,0.736842105263158,0.0171149144254279,"HP:0000518","HP","Cataract",5080,395
"330","darkorange",TRUE,2.46828741690956e-07,834,19,14,0.736842105263158,0.0167865707434053,"HP:0000517","HP","Abnormal lens morphology",5080,394
"331","darkorange",TRUE,2.61274218691381e-07,838,19,14,0.736842105263158,0.0167064439140811,"HP:0000316","HP","Hypertelorism",5080,256
"332","darkorange",TRUE,2.97478493213033e-07,1231,19,16,0.842105263157895,0.0129975629569456,"HP:0001167","HP","Abnormal finger morphology",5080,905
"333","darkorange",TRUE,3.0678264169933e-07,1234,19,16,0.842105263157895,0.0129659643435981,"HP:0009115","HP","Aplasia/hypoplasia involving the skeleton",5080,5634
"334","darkorange",TRUE,4.20235850220073e-07,870,19,14,0.736842105263158,0.0160919540229885,"HP:0010936","HP","Abnormality of the lower urinary tract",5080,7325
"335","darkorange",TRUE,4.61082831905822e-07,1511,19,17,0.894736842105263,0.0112508272667108,"HP:0011138","HP","Abnormal skin adnexa morphology",5080,7517
"336","darkorange",TRUE,1.12610132042126e-06,1130,19,15,0.789473684210526,0.0132743362831858,"HP:0000277","HP","Abnormal mandible morphology",5080,230
"337","darkorange",TRUE,1.12610132042126e-06,1598,19,17,0.894736842105263,0.0106382978723404,"HP:0001155","HP","Abnormality of the hand",5080,899
"338","darkorange",TRUE,1.12610132042126e-06,939,19,14,0.736842105263158,0.0149094781682641,"HP:0011793","HP","Neoplasm by anatomical site",5080,8156
"339","darkorange",TRUE,1.17997097557472e-06,1352,19,16,0.842105263157895,0.0118343195266272,"HP:0000252","HP","Microcephaly",5080,211
"340","darkorange",TRUE,1.35506891343496e-06,1365,19,16,0.842105263157895,0.0117216117216117,"HP:0040195","HP","Decreased head circumference",5080,15298
"341","darkorange",TRUE,1.50218634859995e-06,962,19,14,0.736842105263158,0.0145530145530146,"HP:0012718","HP","Abnormal gastrointestinal tract morphology",5080,9064
"342","darkorange",TRUE,1.53429766553096e-06,964,19,14,0.736842105263158,0.0145228215767635,"HP:0002664","HP","Neoplasm",5080,1923
"343","darkorange",TRUE,1.69198677528254e-06,1166,19,15,0.789473684210526,0.0128644939965695,"HP:0000174","HP","Abnormal palate morphology",5080,150
"344","darkorange",TRUE,1.83624984460613e-06,1395,19,16,0.842105263157895,0.0114695340501792,"HP:0000492","HP","Abnormal eyelid morphology",5080,374
"345","darkorange",TRUE,1.92657413255941e-06,1400,19,16,0.842105263157895,0.0114285714285714,"HP:0004322","HP","Short stature",5080,3006
"346","darkorange",TRUE,2.10931576289729e-06,1186,19,15,0.789473684210526,0.0126475548060708,"HP:0030791","HP","Abnormal jaw morphology",5080,11022
"347","darkorange",TRUE,2.13464505451213e-06,991,19,14,0.736842105263158,0.0141271442986882,"HP:0033353","HP","Abnormal blood vessel morphology",5080,13475
"348","darkorange",TRUE,2.92132010111912e-06,1215,19,15,0.789473684210526,0.0123456790123457,"HP:0000290","HP","Abnormal forehead morphology",5080,239
"349","darkorange",TRUE,3.84591978571363e-06,1038,19,14,0.736842105263158,0.0134874759152216,"HP:0001197","HP","Abnormality of prenatal development or birth",5080,921
"350","darkorange",TRUE,3.96627427286322e-06,1243,19,15,0.789473684210526,0.0120675784392599,"HP:0000159","HP","Abnormal lip morphology",5080,139
"351","darkorange",TRUE,4.09674745006375e-06,1044,19,14,0.736842105263158,0.0134099616858238,"HP:0025033","HP","Abnormal digestive system morphology",5080,9516
"352","darkorange",TRUE,4.51754597225211e-06,1750,19,17,0.894736842105263,0.00971428571428571,"HP:0002817","HP","Abnormality of the upper limb",5080,2028
"353","darkorange",TRUE,4.67809684810231e-06,1755,19,17,0.894736842105263,0.00968660968660969,"HP:0040068","HP","Abnormality of limb bone",5080,15189
"354","darkorange",TRUE,4.67809684810231e-06,1755,19,17,0.894736842105263,0.00968660968660969,"HP:0002813","HP","Abnormal limb bone morphology",5080,2024
"355","darkorange",TRUE,5.59961359134977e-06,1509,19,16,0.842105263157895,0.0106030483764082,"HP:0005105","HP","Abnormal nasal morphology",5080,3450
"356","darkorange",TRUE,6.32916163945317e-06,1522,19,16,0.842105263157895,0.0105124835742444,"HP:0000002","HP","Abnormality of body height",5080,2
"357","darkorange",TRUE,6.94013879302886e-06,1532,19,16,0.842105263157895,0.010443864229765,"HP:0011297","HP","Abnormal digit morphology",5080,7670
"358","darkorange",TRUE,7.85601439761015e-06,1310,19,15,0.789473684210526,0.0114503816793893,"HP:0000377","HP","Abnormal pinna morphology",5080,296
"359","darkorange",TRUE,8.046554580566e-06,1104,19,14,0.736842105263158,0.0126811594202899,"HP:0000032","HP","Abnormal male external genitalia morphology",5080,30
"360","darkorange",TRUE,9.00068767131053e-06,1324,19,15,0.789473684210526,0.0113293051359517,"HP:0000356","HP","Abnormality of the outer ear",5080,280
"361","darkorange",TRUE,9.15178645357952e-06,1563,19,16,0.842105263157895,0.0102367242482406,"HP:0000925","HP","Abnormality of the vertebral column",5080,721
"362","darkorange",TRUE,1.06678529893216e-05,1130,19,14,0.736842105263158,0.0123893805309735,"HP:0100886","HP","Abnormality of globe location",5080,16507
"363","darkorange",TRUE,1.29839277195301e-05,1148,19,14,0.736842105263158,0.0121951219512195,"HP:0012210","HP","Abnormal renal morphology",5080,8565
"364","darkorange",TRUE,1.30604920977453e-05,1149,19,14,0.736842105263158,0.0121845082680592,"HP:0000811","HP","Abnormal external genitalia morphology",5080,628
"365","darkorange",TRUE,1.3247438260144e-05,1605,19,16,0.842105263157895,0.00996884735202492,"HP:0007364","HP","Aplasia/Hypoplasia of the cerebrum",5080,4681
"366","darkorange",TRUE,1.3247438260144e-05,1880,19,17,0.894736842105263,0.00904255319148936,"HP:0011844","HP","Abnormal appendicular skeleton morphology",5080,8206
"367","darkorange",TRUE,1.35913100569257e-05,1154,19,14,0.736842105263158,0.0121317157712305,"HP:0010461","HP","Abnormality of the male genitalia",5080,6884
"368","darkorange",TRUE,1.3948670872266e-05,1612,19,16,0.842105263157895,0.00992555831265509,"HP:0030669","HP","Abnormal ocular adnexa morphology",5080,10916
"369","darkorange",TRUE,1.48523654412619e-05,1163,19,14,0.736842105263158,0.0120378331900258,"HP:0025015","HP","Abnormal vascular morphology",5080,9498
"370","darkorange",TRUE,1.6123954199941e-05,1171,19,14,0.736842105263158,0.0119555935098207,"HP:0000486","HP","Strabismus",5080,370
"371","darkorange",TRUE,1.67041338321504e-05,1634,19,16,0.842105263157895,0.00979192166462668,"HP:0032039","HP","Abnormality of the ocular adnexa",5080,12202
"372","darkorange",TRUE,1.67041338321504e-05,1634,19,16,0.842105263157895,0.00979192166462668,"HP:0000240","HP","Abnormality of skull size",5080,203
"373","darkorange",TRUE,1.72605621640689e-05,1395,19,15,0.789473684210526,0.010752688172043,"HP:0011821","HP","Abnormal facial skeleton morphology",5080,8183
"374","darkorange",TRUE,1.9806917707043e-05,1192,19,14,0.736842105263158,0.011744966442953,"HP:0025780","HP","Abnormal volitional state",5080,10211
"375","darkorange",TRUE,2.09612302451175e-05,1661,19,16,0.842105263157895,0.00963275135460566,"HP:0000315","HP","Abnormality of the orbital region",5080,255
"376","darkorange",TRUE,2.34670824836614e-05,1209,19,14,0.736842105263158,0.0115798180314309,"HP:0000549","HP","Abnormal conjugate eye movement",5080,421
"377","darkorange",TRUE,4.6313555227867e-05,1502,19,15,0.789473684210526,0.0099866844207723,"HP:0001871","HP","Abnormality of blood and blood-forming tissues",5080,1347
"378","darkorange",TRUE,4.79360599058293e-05,1759,19,16,0.842105263157895,0.00909607731665719,"HP:0000366","HP","Abnormality of the nose",5080,289
"379","darkorange",TRUE,7.17706699326125e-05,1323,19,14,0.736842105263158,0.0105820105820106,"HP:0004328","HP","Abnormal anterior eye segment morphology",5080,3012
"380","darkorange",TRUE,8.37435123016083e-05,1340,19,14,0.736842105263158,0.0104477611940299,"HP:0025766","HP","Abnormal affect",5080,10197
"381","darkorange",TRUE,8.93372735839739e-05,2130,19,17,0.894736842105263,0.007981220657277,"HP:0000951","HP","Abnormality of the skin",5080,739
"382","darkorange",TRUE,0.000135396128013957,1394,19,14,0.736842105263158,0.0100430416068867,"HP:0012243","HP","Abnormal reproductive system morphology",5080,8598
"383","darkorange",TRUE,0.000142468656214576,1899,19,16,0.842105263157895,0.00842548709847288,"HP:0001510","HP","Growth delay",5080,1110
"384","darkorange",TRUE,0.000158849422231659,1914,19,16,0.842105263157895,0.00835945663531871,"HP:0002977","HP","Aplasia/Hypoplasia involving the central nervous system",5080,2146
"385","darkorange",TRUE,0.000195580956503602,1677,19,15,0.789473684210526,0.00894454382826476,"HP:0031703","HP","Abnormal ear morphology",5080,11887
"386","darkorange",TRUE,0.000201890561310354,2595,19,18,0.947368421052632,0.0069364161849711,"HP:0001574","HP","Abnormality of the integument",5080,1145
"387","darkorange",TRUE,0.000205856355190112,1445,19,14,0.736842105263158,0.00968858131487889,"HP:0000077","HP","Abnormality of the kidney",5080,72
"388","darkorange",TRUE,0.000251786306450618,2281,19,17,0.894736842105263,0.00745287154756686,"HP:0000163","HP","Abnormal oral cavity morphology",5080,143
"389","darkorange",TRUE,0.000251786306450618,2281,19,17,0.894736842105263,0.00745287154756686,"HP:0031816","HP","Abnormal oral morphology",5080,11997
"390","darkorange",TRUE,0.000258958359179019,1474,19,14,0.736842105263158,0.00949796472184532,"HP:0010935","HP","Abnormality of the upper urinary tract",5080,7324
"391","darkorange",TRUE,0.000271049671878796,1991,19,16,0.842105263157895,0.00803616273229533,"HP:0011121","HP","Abnormal skin morphology",5080,7500
"392","darkorange",TRUE,0.000453156002471399,2371,19,17,0.894736842105263,0.00716997047659215,"HP:0000153","HP","Abnormality of the mouth",5080,134
"393","darkorange",TRUE,0.00048553967973477,1554,19,14,0.736842105263158,0.00900900900900901,"HP:0001627","HP","Abnormal heart morphology",5080,1176
"394","darkorange",TRUE,0.000526635131439545,2088,19,16,0.842105263157895,0.00766283524904215,"HP:0002060","HP","Abnormal cerebral morphology",5080,1505
"395","darkorange",TRUE,0.000589533147137637,1830,19,15,0.789473684210526,0.00819672131147541,"HP:0000496","HP","Abnormality of eye movement",5080,378
"396","darkorange",TRUE,0.000617081994535579,1587,19,14,0.736842105263158,0.00882167611846251,"HP:0004325","HP","Decreased body weight",5080,3009
"397","darkorange",TRUE,0.000640142333216135,2119,19,16,0.842105263157895,0.00755073147711185,"HP:0100547","HP","Abnormal forebrain morphology",5080,16202
"398","darkorange",TRUE,0.000829134602015248,2470,19,17,0.894736842105263,0.00688259109311741,"HP:0040064","HP","Abnormality of limbs",5080,15188
"399","darkorange",TRUE,0.000975162815797591,1905,19,15,0.789473684210526,0.0078740157480315,"HP:0011805","HP","Abnormal skeletal muscle morphology",5080,8168
"400","darkorange",TRUE,0.00140503748180962,1703,19,14,0.736842105263158,0.00822078684674104,"HP:0000078","HP","Abnormality of the genital system",5080,73
"401","darkorange",TRUE,0.001556722719298,1977,19,15,0.789473684210526,0.00758725341426404,"HP:0000006","HP","Autosomal dominant inheritance",5080,5
"402","darkorange",TRUE,0.00181944357770431,2002,19,15,0.789473684210526,0.00749250749250749,"HP:0002597","HP","Abnormality of the vasculature",5080,1873
"403","darkorange",TRUE,0.00183466582356271,1744,19,14,0.736842105263158,0.00802752293577982,"HP:0012337","HP","Abnormal homeostasis",5080,8689
"404","darkorange",TRUE,0.00215774805559749,1769,19,14,0.736842105263158,0.00791407574901074,"HP:0011024","HP","Abnormality of the gastrointestinal tract",5080,7405
"405","darkorange",TRUE,0.00306652750927391,1824,19,14,0.736842105263158,0.00767543859649123,"HP:0004323","HP","Abnormality of body weight",5080,3007
"406","darkorange",TRUE,0.00368289890925568,2731,19,17,0.894736842105263,0.00622482607103625,"HP:0009121","HP","Abnormal axial skeleton morphology",5080,5640
"407","darkorange",TRUE,0.00389174712157133,2130,19,15,0.789473684210526,0.00704225352112676,"HP:0002715","HP","Abnormality of the immune system",5080,1961
"408","darkorange",TRUE,0.00422793347864266,2436,19,16,0.842105263157895,0.00656814449917898,"HP:0000929","HP","Abnormal skull morphology",5080,724
"409","darkorange",TRUE,0.00713695460272136,2533,19,16,0.842105263157895,0.00631662060797473,"HP:0012372","HP","Abnormal eye morphology",5080,8723
"410","darkorange",TRUE,0.00722992011742831,1970,19,14,0.736842105263158,0.00710659898477157,"HP:0030680","HP","Abnormal cardiovascular system morphology",5080,10926
"411","darkorange",TRUE,0.00884831942408106,2901,19,17,0.894736842105263,0.00586004825922096,"HP:0003011","HP","Abnormality of the musculature",5080,2167
"412","darkorange",TRUE,0.0113047532341239,2052,19,14,0.736842105263158,0.00682261208576998,"HP:0000079","HP","Abnormality of the urinary system",5080,74
"413","darkorange",TRUE,0.0122644051457187,2968,19,17,0.894736842105263,0.0057277628032345,"HP:0012639","HP","Abnormal nervous system morphology",5080,8986
"414","darkorange",TRUE,0.0123043548127913,1,19,1,0.0526315789473684,1,"HP:0010672","HP","Abnormality of the third metatarsal bone",5080,7077
"415","darkorange",TRUE,0.0123043548127913,1,19,1,0.0526315789473684,1,"HP:0008991","HP","Exercise-induced leg cramps",5080,5570
"416","darkorange",TRUE,0.0123043548127913,1,19,1,0.0526315789473684,1,"HP:0004686","HP","Short third metatarsal",5080,3217
"417","darkorange",TRUE,0.0123043548127913,1,19,1,0.0526315789473684,1,"HP:0034351","HP","Neuromyotonia",5080,14462
"418","darkorange",TRUE,0.0126663085434812,2652,19,16,0.842105263157895,0.00603318250377074,"HP:0001507","HP","Growth abnormality",5080,1108
"419","darkorange",TRUE,0.0138022487362747,2671,19,16,0.842105263157895,0.00599026581804568,"HP:0001939","HP","Abnormality of metabolism/homeostasis",5080,1402
"420","darkorange",TRUE,0.0138022487362747,2671,19,16,0.842105263157895,0.00599026581804568,"HP:0012443","HP","Abnormal brain morphology",5080,8793
"421","darkorange",TRUE,0.0162663374945848,3033,19,17,0.894736842105263,0.00560501153972964,"HP:0000271","HP","Abnormality of the face",5080,224
"422","darkorange",TRUE,0.0202732172472276,2452,19,15,0.789473684210526,0.00611745513866232,"HP:0000598","HP","Abnormality of the ear",5080,462
"423","darkorange",TRUE,0.0236017655640236,2,19,1,0.0526315789473684,0.5,"HP:0100288","HP","EMG: myokymic discharges",5080,15952
"424","darkorange",TRUE,0.0236017655640236,2,19,1,0.0526315789473684,0.5,"HP:0006368","HP","Forearm reduction defects",5080,4145
"425","darkorange",TRUE,0.0236017655640236,2,19,1,0.0526315789473684,0.5,"HP:0012139","HP","Granulocytic hypoplasia",5080,8498
"426","darkorange",TRUE,0.0236017655640236,2,19,1,0.0526315789473684,0.5,"HP:0011908","HP","Unilateral radial aplasia",5080,8268
"427","darkorange",TRUE,0.0236017655640236,2,19,1,0.0526315789473684,0.5,"HP:0003760","HP","Percussion-induced rapid rolling muscle contractions",5080,2650
"428","darkorange",TRUE,0.0241695189624381,2494,19,15,0.789473684210526,0.00601443464314354,"HP:0012758","HP","Neurodevelopmental delay",5080,9104
"429","darkorange",TRUE,0.0279331514305486,2526,19,15,0.789473684210526,0.00593824228028504,"HP:0012373","HP","Abnormal eye physiology",5080,8724
"430","darkorange",TRUE,0.0313560003349545,3183,19,17,0.894736842105263,0.00534087338988376,"HP:0011842","HP","Abnormal skeletal morphology",5080,8204
"431","darkorange",TRUE,0.0360591386087354,2887,19,16,0.842105263157895,0.0055420852095601,"HP:0002011","HP","Morphological central nervous system abnormality",5080,1465
"432","darkorange",TRUE,0.0370371702220831,2894,19,16,0.842105263157895,0.0055286800276434,"HP:0012759","HP","Neurodevelopmental abnormality",5080,9105
"433","darkorange",TRUE,0.0422997082691934,3254,19,17,0.894736842105263,0.00522433927473878,"HP:0000924","HP","Abnormality of the skeletal system",5080,720
"434","darkorange",TRUE,0.0454329880031836,4,19,1,0.0526315789473684,0.25,"HP:0006236","HP","Slender metacarpals",5080,4070
"435","darkorange",TRUE,0.0454329880031836,4,19,1,0.0526315789473684,0.25,"HP:0032550","HP","Howell-Jolly bodies",5080,12683
"436","darkorange",TRUE,0.0454329880031836,4,19,1,0.0526315789473684,0.25,"HP:0010487","HP","Small hypothenar eminence",5080,6908
"437","darkorange",TRUE,3.53096650388293e-11,1960,38,28,0.736842105263158,0.0142857142857143,"HPA:0350473","HPA","Pancreas; exocrine glandular cells[High]",10995,517
"438","darkorange",TRUE,2.06536768423755e-08,4222,38,34,0.894736842105263,0.00805305542396968,"HPA:0250132","HPA","Hippocampus; neuronal cells[≥Medium]",10995,386
"439","darkorange",TRUE,7.51095025865688e-08,4866,38,35,0.921052631578947,0.0071927661323469,"HPA:0420052","HPA","Salivary gland; glandular cells[≥Medium]",10995,616
"440","darkorange",TRUE,7.51095025865688e-08,1258,38,20,0.526315789473684,0.0158982511923688,"HPA:0250133","HPA","Hippocampus; neuronal cells[High]",10995,387
"441","darkorange",TRUE,7.51095025865688e-08,5296,38,36,0.947368421052632,0.006797583081571,"HPA:0350472","HPA","Pancreas; exocrine glandular cells[≥Medium]",10995,516
"442","darkorange",TRUE,2.0060787894507e-07,1549,38,21,0.552631578947368,0.013557133634603,"HPA:0090163","HPA","Cerebellum; Purkinje cells[High]",10995,118
"443","darkorange",TRUE,2.0060787894507e-07,5991,38,37,0.973684210526316,0.00617593056251043,"HPA:0620221","HPA","Vagina; squamous epithelial cells[≥Low]",10995,872
"444","darkorange",TRUE,2.0060787894507e-07,5991,38,37,0.973684210526316,0.00617593056251043,"HPA:0620000","HPA","Vagina",10995,871
"445","darkorange",TRUE,2.65735036368496e-07,1105,38,18,0.473684210526316,0.016289592760181,"HPA:0080133","HPA","Caudate; neuronal cells[High]",10995,96
"446","darkorange",TRUE,2.92338294668136e-07,4834,38,34,0.894736842105263,0.00703351261894911,"HPA:0380511","HPA","Placenta; decidual cells[≥Low]",10995,536
"447","darkorange",TRUE,2.97856923755015e-07,5227,38,35,0.921052631578947,0.00669600153051464,"HPA:0430052","HPA","Seminal vesicle; glandular cells[≥Medium]",10995,620
"448","darkorange",TRUE,3.13211173190212e-07,6152,38,37,0.973684210526316,0.00601430429128739,"HPA:0080131","HPA","Caudate; neuronal cells[≥Low]",10995,94
"449","darkorange",TRUE,3.13211173190212e-07,4882,38,34,0.894736842105263,0.00696435886931585,"HPA:0170052","HPA","Endometrium 2; glandular cells[≥Medium]",10995,318
"450","darkorange",TRUE,3.26443394936561e-07,2427,38,25,0.657894736842105,0.0103007828594973,"HPA:0550053","HPA","Stomach 2; glandular cells[High]",10995,804
"451","darkorange",TRUE,3.26443394936561e-07,5292,38,35,0.921052631578947,0.00661375661375661,"HPA:0460671","HPA","Skin 1; melanocytes[≥Low]",10995,682
"452","darkorange",TRUE,3.28040323962803e-07,1652,38,21,0.552631578947368,0.0127118644067797,"HPA:0190223","HPA","Esophagus; squamous epithelial cells[High]",10995,327
"453","darkorange",TRUE,3.56880910181749e-07,1848,38,22,0.578947368421053,0.0119047619047619,"HPA:0100133","HPA","Cerebral cortex; neuronal cells[High]",10995,191
"454","darkorange",TRUE,4.4986970267097e-07,6271,38,37,0.973684210526316,0.00590017541062032,"HPA:0550052","HPA","Stomach 2; glandular cells[≥Medium]",10995,803
"455","darkorange",TRUE,5.8040921468773e-07,6911,38,38,1,0.00549848068296918,"HPA:0630000","HPA","Cervix",10995,201
"456","darkorange",TRUE,5.97163209991511e-07,6929,38,38,1,0.00548419685380286,"HPA:0350471","HPA","Pancreas; exocrine glandular cells[≥Low]",10995,515
"457","darkorange",TRUE,5.97163209991511e-07,6348,38,37,0.973684210526316,0.00582860743541273,"HPA:0380521","HPA","Placenta; trophoblastic cells[≥Low]",10995,551
"458","darkorange",TRUE,6.27977060218122e-07,6952,38,38,1,0.00546605293440736,"HPA:0080000","HPA","Caudate",10995,90
"459","darkorange",TRUE,6.72607330220565e-07,4112,38,31,0.815789473684211,0.00753891050583658,"HPA:0080132","HPA","Caudate; neuronal cells[≥Medium]",10995,95
"460","darkorange",TRUE,6.72607330220565e-07,4117,38,31,0.815789473684211,0.00752975467573476,"HPA:0090162","HPA","Cerebellum; Purkinje cells[≥Medium]",10995,117
"461","darkorange",TRUE,7.84758321578545e-07,5147,38,34,0.894736842105263,0.00660578978045463,"HPA:0160052","HPA","Endometrium 1; glandular cells[≥Medium]",10995,311
"462","darkorange",TRUE,7.84758321578545e-07,7020,38,38,1,0.00541310541310541,"HPA:0470000","HPA","Skin 2",10995,691
"463","darkorange",TRUE,2.03135652093137e-06,3727,38,29,0.763157894736842,0.00778105715052321,"HPA:0630222","HPA","Cervix; squamous epithelial cells[≥Medium]",10995,206
"464","darkorange",TRUE,2.17475219329739e-06,7228,38,38,1,0.00525733259546209,"HPA:0460000","HPA","Skin 1",10995,636
"465","darkorange",TRUE,2.18641338508203e-06,4982,38,33,0.868421052631579,0.00662384584504215,"HPA:0100132","HPA","Cerebral cortex; neuronal cells[≥Medium]",10995,190
"466","darkorange",TRUE,2.38447396538865e-06,5362,38,34,0.894736842105263,0.00634091756807161,"HPA:0570732","HPA","Testis; Leydig cells[≥Medium]",10995,820
"467","darkorange",TRUE,2.53124975892454e-06,7286,38,38,1,0.00521548174581389,"HPA:0610831","HPA","Urinary bladder; urothelial cells[≥Low]",10995,868
"468","darkorange",TRUE,2.53124975892454e-06,7286,38,38,1,0.00521548174581389,"HPA:0610000","HPA","Urinary bladder",10995,867
"469","darkorange",TRUE,2.53124975892454e-06,4076,38,30,0.789473684210526,0.00736015701668302,"HPA:0160251","HPA","Endometrium 1; cells in endometrial stroma[≥Low]",10995,307
"470","darkorange",TRUE,2.54774620111992e-06,6214,38,36,0.947368421052632,0.00579336981010621,"HPA:0250131","HPA","Hippocampus; neuronal cells[≥Low]",10995,385
"471","darkorange",TRUE,2.63638970493904e-06,2789,38,25,0.657894736842105,0.00896378630333453,"HPA:0090192","HPA","Cerebellum; cells in molecular layer[≥Medium]",10995,135
"472","darkorange",TRUE,2.78287443146101e-06,6246,38,36,0.947368421052632,0.00576368876080692,"HPA:0330221","HPA","Oral mucosa; squamous epithelial cells[≥Low]",10995,489
"473","darkorange",TRUE,2.78287443146101e-06,6246,38,36,0.947368421052632,0.00576368876080692,"HPA:0330000","HPA","Oral mucosa",10995,488
"474","darkorange",TRUE,3.24430322352159e-06,3582,38,28,0.736842105263158,0.00781686208821887,"HPA:0380512","HPA","Placenta; decidual cells[≥Medium]",10995,537
"475","darkorange",TRUE,3.24430322352159e-06,5098,38,33,0.868421052631579,0.00647312671635936,"HPA:0050052","HPA","Breast; glandular cells[≥Medium]",10995,59
"476","darkorange",TRUE,3.28749319955231e-06,4451,38,31,0.815789473684211,0.00696472702763424,"HPA:0090191","HPA","Cerebellum; cells in molecular layer[≥Low]",10995,134
"477","darkorange",TRUE,3.47336896227752e-06,7391,38,38,1,0.0051413881748072,"HPA:0350000","HPA","Pancreas",10995,514
"478","darkorange",TRUE,3.61270315907732e-06,6814,38,37,0.973684210526316,0.00542999706486645,"HPA:0430000","HPA","Seminal vesicle",10995,618
"479","darkorange",TRUE,3.61270315907732e-06,6814,38,37,0.973684210526316,0.00542999706486645,"HPA:0430051","HPA","Seminal vesicle; glandular cells[≥Low]",10995,619
"480","darkorange",TRUE,3.61270315907732e-06,6816,38,37,0.973684210526316,0.00542840375586854,"HPA:0250000","HPA","Hippocampus",10995,381
"481","darkorange",TRUE,3.75925189241116e-06,6339,38,36,0.947368421052632,0.0056791292001893,"HPA:0540052","HPA","Stomach 1; glandular cells[≥Medium]",10995,799
"482","darkorange",TRUE,4.27762124693596e-06,7454,38,38,1,0.00509793399517038,"HPA:0210000","HPA","Fallopian tube",10995,341
"483","darkorange",TRUE,4.53680627603833e-06,1472,38,18,0.473684210526316,0.0122282608695652,"HPA:0160053","HPA","Endometrium 1; glandular cells[High]",10995,312
"484","darkorange",TRUE,4.71347853625363e-06,6888,38,37,0.973684210526316,0.00537166085946574,"HPA:0420000","HPA","Salivary gland",10995,614
"485","darkorange",TRUE,4.71347853625363e-06,6888,38,37,0.973684210526316,0.00537166085946574,"HPA:0420051","HPA","Salivary gland; glandular cells[≥Low]",10995,615
"486","darkorange",TRUE,6.05843136340567e-06,2719,38,24,0.631578947368421,0.00882677454946672,"HPA:0530722","HPA","Spleen; cells in white pulp[≥Medium]",10995,795
"487","darkorange",TRUE,6.67672843907422e-06,4937,38,32,0.842105263157895,0.00648166902977517,"HPA:0600222","HPA","Tonsil; squamous epithelial cells[≥Medium]",10995,865
"488","darkorange",TRUE,6.83854357137539e-06,1350,38,17,0.447368421052632,0.0125925925925926,"HPA:0050053","HPA","Breast; glandular cells[High]",10995,60
"489","darkorange",TRUE,7.3291264762204e-06,7592,38,38,1,0.00500526870389884,"HPA:0550051","HPA","Stomach 2; glandular cells[≥Low]",10995,802
"490","darkorange",TRUE,7.3291264762204e-06,7592,38,38,1,0.00500526870389884,"HPA:0550000","HPA","Stomach 2",10995,801
"491","darkorange",TRUE,7.40607108977e-06,4338,38,30,0.789473684210526,0.00691562932226833,"HPA:0530721","HPA","Spleen; cells in white pulp[≥Low]",10995,794
"492","darkorange",TRUE,7.44066122152991e-06,5683,38,34,0.894736842105263,0.00598275558683794,"HPA:0630051","HPA","Cervix; glandular cells[≥Low]",10995,202
"493","darkorange",TRUE,7.53603985929635e-06,6518,38,36,0.947368421052632,0.00552316661552624,"HPA:0310000","HPA","Lymph node",10995,459
"494","darkorange",TRUE,8.68381905043665e-06,7647,38,38,1,0.00496926899437688,"HPA:0540000","HPA","Stomach 1",10995,797
"495","darkorange",TRUE,8.68381905043665e-06,7647,38,38,1,0.00496926899437688,"HPA:0540051","HPA","Stomach 1; glandular cells[≥Low]",10995,798
"496","darkorange",TRUE,8.68381905043665e-06,7043,38,37,0.973684210526316,0.00525344313502769,"HPA:0160000","HPA","Endometrium 1",10995,306
"497","darkorange",TRUE,9.12315031128501e-06,5738,38,34,0.894736842105263,0.00592540955036598,"HPA:0290401","HPA","Liver; hepatocytes[≥Low]",10995,440
"498","darkorange",TRUE,9.9958546631823e-06,5049,38,32,0.842105263157895,0.00633788869082987,"HPA:0190222","HPA","Esophagus; squamous epithelial cells[≥Medium]",10995,326
"499","darkorange",TRUE,9.9958546631823e-06,5049,38,32,0.842105263157895,0.00633788869082987,"HPA:0310431","HPA","Lymph node; germinal center cells[≥Low]",10995,460
"500","darkorange",TRUE,1.22637055810411e-05,6637,38,36,0.947368421052632,0.00542413741148109,"HPA:0600221","HPA","Tonsil; squamous epithelial cells[≥Low]",10995,864
"501","darkorange",TRUE,1.374665699248e-05,6666,38,36,0.947368421052632,0.0054005400540054,"HPA:0190000","HPA","Esophagus",10995,324
"502","darkorange",TRUE,1.374665699248e-05,6666,38,36,0.947368421052632,0.0054005400540054,"HPA:0190221","HPA","Esophagus; squamous epithelial cells[≥Low]",10995,325
"503","darkorange",TRUE,1.42934734014113e-05,7170,38,37,0.973684210526316,0.00516039051603905,"HPA:0050000","HPA","Breast",10995,54
"504","darkorange",TRUE,1.43495545006247e-05,7774,38,38,1,0.00488808850012863,"HPA:0600000","HPA","Tonsil",10995,857
"505","darkorange",TRUE,1.47243376464127e-05,7182,38,37,0.973684210526316,0.00515176830966305,"HPA:0090000","HPA","Cerebellum",10995,103
"506","darkorange",TRUE,1.51201744579112e-05,6697,38,36,0.947368421052632,0.0053755412871435,"HPA:0100131","HPA","Cerebral cortex; neuronal cells[≥Low]",10995,189
"507","darkorange",TRUE,1.6747552382444e-05,6284,38,35,0.921052631578947,0.00556970082749841,"HPA:0290000","HPA","Liver",10995,436
"508","darkorange",TRUE,1.67572544225188e-05,1471,38,17,0.447368421052632,0.0115567641060503,"HPA:0600223","HPA","Tonsil; squamous epithelial cells[High]",10995,866
"509","darkorange",TRUE,2.00187033283204e-05,7862,38,38,1,0.00483337573136606,"HPA:0480000","HPA","Small intestine",10995,740
"510","darkorange",TRUE,2.00187033283204e-05,6768,38,36,0.947368421052632,0.00531914893617021,"HPA:0300411","HPA","Lung; macrophages[≥Low]",10995,456
"511","darkorange",TRUE,2.00187033283204e-05,1153,38,15,0.394736842105263,0.013009540329575,"HPA:0330223","HPA","Oral mucosa; squamous epithelial cells[High]",10995,491
"512","darkorange",TRUE,2.00394943071218e-05,5564,38,33,0.868421052631579,0.00593098490294752,"HPA:0090161","HPA","Cerebellum; Purkinje cells[≥Low]",10995,116
"513","darkorange",TRUE,2.1027481345695e-05,5947,38,34,0.894736842105263,0.00571716832016143,"HPA:0610832","HPA","Urinary bladder; urothelial cells[≥Medium]",10995,869
"514","darkorange",TRUE,2.13639448603571e-05,7884,38,38,1,0.00481988838153222,"HPA:0150000","HPA","Duodenum",10995,256
"515","darkorange",TRUE,2.146606713656e-05,4007,38,28,0.736842105263158,0.00698777140004991,"HPA:0470682","HPA","Skin 2; epidermal cells[≥Medium]",10995,714
"516","darkorange",TRUE,2.18320309254835e-05,6799,38,36,0.947368421052632,0.00529489630828063,"HPA:0050051","HPA","Breast; glandular cells[≥Low]",10995,58
"517","darkorange",TRUE,2.23090298814665e-05,6806,38,36,0.947368421052632,0.00528945048486629,"HPA:0160051","HPA","Endometrium 1; glandular cells[≥Low]",10995,310
"518","darkorange",TRUE,2.4196075881619e-05,7322,38,37,0.973684210526316,0.00505326413548211,"HPA:0180000","HPA","Epididymis",10995,320
"519","darkorange",TRUE,2.4196075881619e-05,7322,38,37,0.973684210526316,0.00505326413548211,"HPA:0180051","HPA","Epididymis; glandular cells[≥Low]",10995,321
"520","darkorange",TRUE,2.72093027942437e-05,4354,38,29,0.763157894736842,0.00666054203031695,"HPA:0330222","HPA","Oral mucosa; squamous epithelial cells[≥Medium]",10995,490
"521","darkorange",TRUE,2.72093027942437e-05,1035,38,14,0.368421052631579,0.0135265700483092,"HPA:0630223","HPA","Cervix; squamous epithelial cells[High]",10995,207
"522","darkorange",TRUE,2.72093027942437e-05,5651,38,33,0.868421052631579,0.00583967439391258,"HPA:0050091","HPA","Breast; myoepithelial cells[≥Low]",10995,61
"523","darkorange",TRUE,2.72093027942437e-05,7957,38,38,1,0.00477566922206862,"HPA:0400000","HPA","Rectum",10995,558
"524","darkorange",TRUE,2.91621279249478e-05,4671,38,30,0.789473684210526,0.00642260757867694,"HPA:0210052","HPA","Fallopian tube; glandular cells[≥Medium]",10995,355
"525","darkorange",TRUE,3.13161960215604e-05,4098,38,28,0.736842105263158,0.00683260126891166,"HPA:0600432","HPA","Tonsil; germinal center cells[≥Medium]",10995,859
"526","darkorange",TRUE,3.13161960215604e-05,6058,38,34,0.894736842105263,0.00561241333773523,"HPA:0480052","HPA","Small intestine; glandular cells[≥Medium]",10995,754
"527","darkorange",TRUE,3.60330369191284e-05,1229,38,15,0.394736842105263,0.0122050447518308,"HPA:0600433","HPA","Tonsil; germinal center cells[High]",10995,860
"528","darkorange",TRUE,3.99460188702239e-05,4740,38,30,0.789473684210526,0.00632911392405063,"HPA:0320102","HPA","Nasopharynx; respiratory epithelial cells[≥Medium]",10995,486
"529","darkorange",TRUE,5.02714211726762e-05,7500,38,37,0.973684210526316,0.00493333333333333,"HPA:0380000","HPA","Placenta",10995,532
"530","darkorange",TRUE,5.15753365588935e-05,5446,38,32,0.842105263157895,0.00587587219977965,"HPA:0630221","HPA","Cervix; squamous epithelial cells[≥Low]",10995,205
"531","darkorange",TRUE,6.41089431177502e-05,5493,38,32,0.842105263157895,0.00582559621336246,"HPA:0030052","HPA","Appendix; glandular cells[≥Medium]",10995,39
"532","darkorange",TRUE,7.08497149737905e-05,1481,38,16,0.421052631578947,0.0108035111411209,"HPA:0420053","HPA","Salivary gland; glandular cells[High]",10995,617
"533","darkorange",TRUE,7.09655629502288e-05,3983,38,27,0.710526315789474,0.00677880994225458,"HPA:0340461","HPA","Ovary; ovarian stroma cells[≥Low]",10995,508
"534","darkorange",TRUE,7.38566210900058e-05,6662,38,35,0.921052631578947,0.00525367757430201,"HPA:0390051","HPA","Prostate; glandular cells[≥Low]",10995,555
"535","darkorange",TRUE,7.38566210900058e-05,6662,38,35,0.921052631578947,0.00525367757430201,"HPA:0390000","HPA","Prostate",10995,554
"536","darkorange",TRUE,7.49229619953554e-05,7111,38,36,0.947368421052632,0.00506257910279848,"HPA:0590000","HPA","Thyroid gland",10995,853
"537","darkorange",TRUE,7.49229619953554e-05,5891,38,33,0.868421052631579,0.00560176540485486,"HPA:0530000","HPA","Spleen",10995,790
"538","darkorange",TRUE,7.49229619953554e-05,7111,38,36,0.947368421052632,0.00506257910279848,"HPA:0590051","HPA","Thyroid gland; glandular cells[≥Low]",10995,854
"539","darkorange",TRUE,8.24560041447875e-05,7134,38,36,0.947368421052632,0.00504625735912532,"HPA:0570731","HPA","Testis; Leydig cells[≥Low]",10995,819
"540","darkorange",TRUE,8.5510601495898e-05,4033,38,27,0.710526315789474,0.00669476816265807,"HPA:0630052","HPA","Cervix; glandular cells[≥Medium]",10995,203
"541","darkorange",TRUE,8.5510601495898e-05,7643,38,37,0.973684210526316,0.00484103100876619,"HPA:0220051","HPA","Gallbladder; glandular cells[≥Low]",10995,361
"542","darkorange",TRUE,8.5510601495898e-05,7643,38,37,0.973684210526316,0.00484103100876619,"HPA:0220000","HPA","Gallbladder",10995,360
"543","darkorange",TRUE,8.80795371002685e-05,4044,38,27,0.710526315789474,0.00667655786350148,"HPA:0620222","HPA","Vagina; squamous epithelial cells[≥Medium]",10995,873
"544","darkorange",TRUE,8.80795371002685e-05,3771,38,26,0.684210526315789,0.00689472288517635,"HPA:0050092","HPA","Breast; myoepithelial cells[≥Medium]",10995,62
"545","darkorange",TRUE,8.8706045461607e-05,5590,38,32,0.842105263157895,0.00572450805008945,"HPA:0590052","HPA","Thyroid gland; glandular cells[≥Medium]",10995,855
"546","darkorange",TRUE,8.88680982511677e-05,2547,38,21,0.552631578947368,0.00824499411071849,"HPA:0480053","HPA","Small intestine; glandular cells[High]",10995,755
"547","darkorange",TRUE,8.88680982511677e-05,3514,38,25,0.657894736842105,0.00711439954467843,"HPA:0170251","HPA","Endometrium 2; cells in endometrial stroma[≥Low]",10995,314
"548","darkorange",TRUE,9.57644000698097e-05,7187,38,36,0.947368421052632,0.00500904410741617,"HPA:0320000","HPA","Nasopharynx",10995,466
"549","darkorange",TRUE,9.57644000698097e-05,5614,38,32,0.842105263157895,0.00570003562522266,"HPA:0351181","HPA","Pancreas; pancreatic endocrine cells[≥Low]",10995,518
"550","darkorange",TRUE,9.83513172635933e-05,3282,38,24,0.631578947368421,0.00731261425959781,"HPA:0460662","HPA","Skin 1; keratinocytes[≥Medium]",10995,674
"551","darkorange",TRUE,9.97213171541604e-05,5981,38,33,0.868421052631579,0.00551747199464972,"HPA:0600431","HPA","Tonsil; germinal center cells[≥Low]",10995,858
"552","darkorange",TRUE,0.000112627432626571,8322,38,38,1,0.0045662100456621,"HPA:0130000","HPA","Colon",10995,212
"553","darkorange",TRUE,0.000125614956233912,5680,38,32,0.842105263157895,0.00563380281690141,"HPA:0180052","HPA","Epididymis; glandular cells[≥Medium]",10995,322
"554","darkorange",TRUE,0.000125623596959264,1049,38,13,0.342105263157895,0.0123927550047664,"HPA:0470683","HPA","Skin 2; epidermal cells[High]",10995,715
"555","darkorange",TRUE,0.000131310925931564,4141,38,27,0.710526315789474,0.00652016421154311,"HPA:0250121","HPA","Hippocampus; glial cells[≥Low]",10995,382
"556","darkorange",TRUE,0.00015673324181705,5734,38,32,0.842105263157895,0.00558074642483432,"HPA:0210051","HPA","Fallopian tube; glandular cells[≥Low]",10995,354
"557","darkorange",TRUE,0.000163045312809814,7817,38,37,0.973684210526316,0.00473327363438659,"HPA:0030000","HPA","Appendix",10995,22
"558","darkorange",TRUE,0.000163045312809814,918,38,12,0.315789473684211,0.0130718954248366,"HPA:0090193","HPA","Cerebellum; cells in molecular layer[High]",10995,136
"559","darkorange",TRUE,0.000168881631478627,4198,38,27,0.710526315789474,0.00643163411148166,"HPA:0600442","HPA","Tonsil; non-germinal center cells[≥Medium]",10995,862
"560","darkorange",TRUE,0.000174994455048816,5427,38,31,0.815789473684211,0.00571217984153308,"HPA:0340000","HPA","Ovary",10995,492
"561","darkorange",TRUE,0.000177380304499245,2452,38,20,0.526315789473684,0.00815660685154975,"HPA:0540053","HPA","Stomach 1; glandular cells[High]",10995,800
"562","darkorange",TRUE,0.000184236907782531,7358,38,36,0.947368421052632,0.00489263386789889,"HPA:0300000","HPA","Lung",10995,443
"563","darkorange",TRUE,0.000208850785563797,5147,38,30,0.789473684210526,0.00582863804157762,"HPA:0460661","HPA","Skin 1; keratinocytes[≥Low]",10995,673
"564","darkorange",TRUE,0.000213889003034745,7397,38,36,0.947368421052632,0.0048668379072597,"HPA:0020051","HPA","Adrenal gland; glandular cells[≥Low]",10995,16
"565","darkorange",TRUE,0.000213889003034745,4256,38,27,0.710526315789474,0.00634398496240601,"HPA:0040082","HPA","Bone marrow; hematopoietic cells[≥Medium]",10995,52
"566","darkorange",TRUE,0.000218431967050058,7404,38,36,0.947368421052632,0.00486223662884927,"HPA:0020000","HPA","Adrenal gland",10995,6
"567","darkorange",TRUE,0.00025311334277533,3744,38,25,0.657894736842105,0.00667735042735043,"HPA:0290402","HPA","Liver; hepatocytes[≥Medium]",10995,441
"568","darkorange",TRUE,0.000256032419566531,6601,38,34,0.894736842105263,0.00515073473716104,"HPA:0220052","HPA","Gallbladder; glandular cells[≥Medium]",10995,362
"569","darkorange",TRUE,0.000256032419566531,1880,38,17,0.447368421052632,0.00904255319148936,"HPA:0030053","HPA","Appendix; glandular cells[High]",10995,40
"570","darkorange",TRUE,0.000355723647049091,3298,38,23,0.605263157894737,0.00697392359005458,"HPA:0310432","HPA","Lymph node; germinal center cells[≥Medium]",10995,461
"571","darkorange",TRUE,0.000403133274245849,6712,38,34,0.894736842105263,0.00506555423122765,"HPA:0170051","HPA","Endometrium 2; glandular cells[≥Low]",10995,317
"572","darkorange",TRUE,0.000460051614716276,5667,38,31,0.815789473684211,0.00547026645491442,"HPA:0130201","HPA","Colon; endothelial cells[≥Low]",10995,216
"573","darkorange",TRUE,0.000473759735951311,8088,38,37,0.973684210526316,0.00457467853610287,"HPA:0100000","HPA","Cerebral cortex",10995,182
"574","darkorange",TRUE,0.000475146164113211,5678,38,31,0.815789473684211,0.00545966889749912,"HPA:0470681","HPA","Skin 2; epidermal cells[≥Low]",10995,713
"575","darkorange",TRUE,0.000479274853049346,5040,38,29,0.763157894736842,0.00575396825396825,"HPA:0380522","HPA","Placenta; trophoblastic cells[≥Medium]",10995,552
"576","darkorange",TRUE,0.000541248623955799,6054,38,32,0.842105263157895,0.00528576148001321,"HPA:0310441","HPA","Lymph node; non-germinal center cells[≥Low]",10995,463
"577","darkorange",TRUE,0.000607474559133621,2233,38,18,0.473684210526316,0.00806090461262875,"HPA:0160252","HPA","Endometrium 1; cells in endometrial stroma[≥Medium]",10995,308
"578","darkorange",TRUE,0.000632745596574459,6095,38,32,0.842105263157895,0.00525020508613618,"HPA:0150052","HPA","Duodenum; glandular cells[≥Medium]",10995,273
"579","darkorange",TRUE,0.00063813729887461,4231,38,26,0.684210526315789,0.00614511935712597,"HPA:0500651","HPA","Soft tissue 1; fibroblasts[≥Low]",10995,770
"580","darkorange",TRUE,0.00063813729887461,5757,38,31,0.815789473684211,0.00538474900121591,"HPA:0320101","HPA","Nasopharynx; respiratory epithelial cells[≥Low]",10995,485
"581","darkorange",TRUE,0.000705154618487137,6487,38,33,0.868421052631579,0.00508709727146601,"HPA:0040081","HPA","Bone marrow; hematopoietic cells[≥Low]",10995,51
"582","darkorange",TRUE,0.000705154618487137,6487,38,33,0.868421052631579,0.00508709727146601,"HPA:0040000","HPA","Bone marrow",10995,50
"583","darkorange",TRUE,0.00082115479361838,6905,38,34,0.894736842105263,0.00492396813902969,"HPA:0170000","HPA","Endometrium 2",10995,313
"584","darkorange",TRUE,0.00082738904889565,2988,38,21,0.552631578947368,0.0070281124497992,"HPA:0030072","HPA","Appendix; lymphoid tissue[≥Medium]",10995,45
"585","darkorange",TRUE,0.000843337780386614,942,38,11,0.289473684210526,0.0116772823779193,"HPA:0310433","HPA","Lymph node; germinal center cells[High]",10995,462
"586","darkorange",TRUE,0.000919308645421156,4905,38,28,0.736842105263158,0.00570846075433231,"HPA:0060102","HPA","Bronchus; respiratory epithelial cells[≥Medium]",10995,84
"587","darkorange",TRUE,0.00105213804766371,1139,38,12,0.315789473684211,0.0105355575065847,"HPA:0620223","HPA","Vagina; squamous epithelial cells[High]",10995,874
"588","darkorange",TRUE,0.00108517082855426,6983,38,34,0.894736842105263,0.00486896749248174,"HPA:0130051","HPA","Colon; glandular cells[≥Low]",10995,231
"589","darkorange",TRUE,0.0011597502862609,1334,38,13,0.342105263157895,0.00974512743628186,"HPA:0170053","HPA","Endometrium 2; glandular cells[High]",10995,319
"590","darkorange",TRUE,0.00120462738103475,1934,38,16,0.421052631578947,0.00827300930713547,"HPA:0380523","HPA","Placenta; trophoblastic cells[High]",10995,553
"591","darkorange",TRUE,0.00137652318146686,7050,38,34,0.894736842105263,0.00482269503546099,"HPA:0400051","HPA","Rectum; glandular cells[≥Low]",10995,577
"592","darkorange",TRUE,0.00137652318146686,836,38,10,0.263157894736842,0.0119617224880383,"HPA:0050093","HPA","Breast; myoepithelial cells[High]",10995,63
"593","darkorange",TRUE,0.00140526372230169,5975,38,31,0.815789473684211,0.00518828451882845,"HPA:0130052","HPA","Colon; glandular cells[≥Medium]",10995,232
"594","darkorange",TRUE,0.0014409867449507,7065,38,34,0.894736842105263,0.00481245576786978,"HPA:0480051","HPA","Small intestine; glandular cells[≥Low]",10995,753
"595","darkorange",TRUE,0.00155684096050174,5357,38,29,0.763157894736842,0.00541347769273847,"HPA:0500000","HPA","Soft tissue 1",10995,766
"596","darkorange",TRUE,0.00155684096050174,6005,38,31,0.815789473684211,0.00516236469608659,"HPA:0020052","HPA","Adrenal gland; glandular cells[≥Medium]",10995,17
"597","darkorange",TRUE,0.00157647479986082,7093,38,34,0.894736842105263,0.00479345833920767,"HPA:0150051","HPA","Duodenum; glandular cells[≥Low]",10995,272
"598","darkorange",TRUE,0.00164843601425336,1786,38,15,0.394736842105263,0.0083986562150056,"HPA:0320103","HPA","Nasopharynx; respiratory epithelial cells[High]",10995,487
"599","darkorange",TRUE,0.0016644990609039,9012,38,38,1,0.00421660008877053,"HPA:0570000","HPA","Testis",10995,818
"600","darkorange",TRUE,0.00169433091837305,6738,38,33,0.868421052631579,0.00489759572573464,"HPA:0030051","HPA","Appendix; glandular cells[≥Low]",10995,38
"601","darkorange",TRUE,0.00170812982432383,3937,38,24,0.631578947368421,0.00609601219202438,"HPA:0010000","HPA","Adipose tissue",10995,2
"602","darkorange",TRUE,0.00170812982432383,3937,38,24,0.631578947368421,0.00609601219202438,"HPA:0010011","HPA","Adipose tissue; adipocytes[≥Low]",10995,3
"603","darkorange",TRUE,0.00176380726751424,1802,38,15,0.394736842105263,0.00832408435072142,"HPA:0170252","HPA","Endometrium 2; cells in endometrial stroma[≥Medium]",10995,315
"604","darkorange",TRUE,0.0017995633554793,3952,38,24,0.631578947368421,0.00607287449392713,"HPA:0460641","HPA","Skin 1; Langerhans[≥Low]",10995,637
"605","darkorange",TRUE,0.00192329037907788,3702,38,23,0.605263157894737,0.00621285791464074,"HPA:0460672","HPA","Skin 1; melanocytes[≥Medium]",10995,683
"606","darkorange",TRUE,0.00206073571020203,6095,38,31,0.815789473684211,0.00508613617719442,"HPA:0400052","HPA","Rectum; glandular cells[≥Medium]",10995,578
"607","darkorange",TRUE,0.0022094623708587,6115,38,31,0.815789473684211,0.00506950122649223,"HPA:0600441","HPA","Tonsil; non-germinal center cells[≥Low]",10995,861
"608","darkorange",TRUE,0.00245049730994002,1656,38,14,0.368421052631579,0.00845410628019324,"HPA:0210053","HPA","Fallopian tube; glandular cells[High]",10995,356
"609","darkorange",TRUE,0.00248783195861236,4888,38,27,0.710526315789474,0.00552373158756138,"HPA:0300412","HPA","Lung; macrophages[≥Medium]",10995,457
"610","darkorange",TRUE,0.00266786670547593,1472,38,13,0.342105263157895,0.00883152173913043,"HPA:0430053","HPA","Seminal vesicle; glandular cells[High]",10995,621
"611","darkorange",TRUE,0.00277220402206797,4919,38,27,0.710526315789474,0.00548892051229925,"HPA:0100121","HPA","Cerebral cortex; glial cells[≥Low]",10995,186
"612","darkorange",TRUE,0.00306781902064145,2574,38,18,0.473684210526316,0.00699300699300699,"HPA:0400053","HPA","Rectum; glandular cells[High]",10995,579
"613","darkorange",TRUE,0.00330312977150611,5901,38,30,0.789473684210526,0.00508388408744281,"HPA:0060101","HPA","Bronchus; respiratory epithelial cells[≥Low]",10995,83
"614","darkorange",TRUE,0.0034875082676729,2603,38,18,0.473684210526316,0.00691509796388782,"HPA:0150053","HPA","Duodenum; glandular cells[High]",10995,274
"615","darkorange",TRUE,0.00392262429728481,3622,38,22,0.578947368421053,0.00607399226946438,"HPA:0351182","HPA","Pancreas; pancreatic endocrine cells[≥Medium]",10995,519
"616","darkorange",TRUE,0.00393703791968948,2631,38,18,0.473684210526316,0.00684150513112885,"HPA:0460642","HPA","Skin 1; Langerhans[≥Medium]",10995,638
"617","darkorange",TRUE,0.00414820349763397,2186,38,16,0.421052631578947,0.00731930466605672,"HPA:0500111","HPA","Soft tissue 1; chondrocytes[≥Low]",10995,767
"618","darkorange",TRUE,0.00414820349763397,7007,38,33,0.868421052631579,0.00470957613814757,"HPA:0270361","HPA","Kidney; cells in tubules[≥Low]",10995,414
"619","darkorange",TRUE,0.00418643155758298,2415,38,17,0.447368421052632,0.00703933747412008,"HPA:0130053","HPA","Colon; glandular cells[High]",10995,233
"620","darkorange",TRUE,0.0046786385087635,7421,38,34,0.894736842105263,0.00458159277725374,"HPA:0060000","HPA","Bronchus",10995,64
"621","darkorange",TRUE,0.00506889037785987,4801,38,26,0.684210526315789,0.00541553842949386,"HPA:0390052","HPA","Prostate; glandular cells[≥Medium]",10995,556
"622","darkorange",TRUE,0.00560591172429254,849,38,9,0.236842105263158,0.0106007067137809,"HPA:0530723","HPA","Spleen; cells in white pulp[High]",10995,796
"623","darkorange",TRUE,0.00611228658707364,1830,38,14,0.368421052631579,0.00765027322404372,"HPA:0060103","HPA","Bronchus; respiratory epithelial cells[High]",10995,85
"624","darkorange",TRUE,0.00611228658707364,3484,38,21,0.552631578947368,0.00602755453501722,"HPA:0301171","HPA","Lung; alveolar cells[≥Low]",10995,444
"625","darkorange",TRUE,0.00676353192183614,165,38,4,0.105263157894737,0.0242424242424242,"HPA:0461482","HPA","Skin 1; sebaceous glands[≥Medium]",10995,686
"626","darkorange",TRUE,0.00889269472113488,5884,38,29,0.763157894736842,0.00492861998640381,"HPA:0360051","HPA","Parathyroid gland; glandular cells[≥Low]",10995,522
"627","darkorange",TRUE,0.00889269472113488,5884,38,29,0.763157894736842,0.00492861998640381,"HPA:0360000","HPA","Parathyroid gland",10995,521
"628","darkorange",TRUE,0.0104042955143574,2868,38,18,0.473684210526316,0.00627615062761506,"HPA:0220053","HPA","Gallbladder; glandular cells[High]",10995,363
"629","darkorange",TRUE,0.0136746099148056,202,38,4,0.105263157894737,0.0198019801980198,"HPA:0461481","HPA","Skin 1; sebaceous glands[≥Low]",10995,685
"630","darkorange",TRUE,0.0139979470843339,2004,38,14,0.368421052631579,0.00698602794411178,"HPA:0250122","HPA","Hippocampus; glial cells[≥Medium]",10995,383
"631","darkorange",TRUE,0.0141948089876944,3985,38,22,0.578947368421053,0.0055207026348808,"HPA:0310442","HPA","Lymph node; non-germinal center cells[≥Medium]",10995,464
"632","darkorange",TRUE,0.0151980098941497,2724,38,17,0.447368421052632,0.00624082232011747,"HPA:0500652","HPA","Soft tissue 1; fibroblasts[≥Medium]",10995,771
"633","darkorange",TRUE,0.0158056316129959,4573,38,24,0.631578947368421,0.00524819593264815,"HPA:0080121","HPA","Caudate; glial cells[≥Low]",10995,91
"634","darkorange",TRUE,0.015851979817411,646,38,7,0.184210526315789,0.0108359133126935,"HPA:0471472","HPA","Skin 2; lymphocytes[≥Medium]",10995,729
"635","darkorange",TRUE,0.015851979817411,2036,38,14,0.368421052631579,0.0068762278978389,"HPA:0610833","HPA","Urinary bladder; urothelial cells[High]",10995,870
"636","darkorange",TRUE,0.0160521154395643,5161,38,26,0.684210526315789,0.00503778337531486,"HPA:0270351","HPA","Kidney; cells in glomeruli[≥Low]",10995,411
"637","darkorange",TRUE,0.0169718436860654,8216,38,35,0.921052631578947,0.00425998052580331,"HPA:0270000","HPA","Kidney",10995,407
"638","darkorange",TRUE,0.0170113122587489,1207,38,10,0.263157894736842,0.00828500414250207,"HPA:0380513","HPA","Placenta; decidual cells[High]",10995,538
"639","darkorange",TRUE,0.0172255149572035,1210,38,10,0.263157894736842,0.00826446280991736,"HPA:0310443","HPA","Lymph node; non-germinal center cells[High]",10995,465
"640","darkorange",TRUE,0.0182355180460195,4072,38,22,0.578947368421053,0.00540275049115914,"HPA:0460651","HPA","Skin 1; fibroblasts[≥Low]",10995,664
"641","darkorange",TRUE,0.0213909207908337,4122,38,22,0.578947368421053,0.00533721494420184,"HPA:0510651","HPA","Soft tissue 2; fibroblasts[≥Low]",10995,780
"642","darkorange",TRUE,0.0224000643817122,2838,38,17,0.447368421052632,0.00599013389711064,"HPA:0460652","HPA","Skin 1; fibroblasts[≥Medium]",10995,665
"643","darkorange",TRUE,0.0246235439632569,4728,38,24,0.631578947368421,0.0050761421319797,"HPA:0030071","HPA","Appendix; lymphoid tissue[≥Low]",10995,44
"644","darkorange",TRUE,0.0250688799241534,710,38,7,0.184210526315789,0.00985915492957747,"HPA:0460181","HPA","Skin 1; cells in granular layer[≥Low]",10995,649
"645","darkorange",TRUE,0.026645781275244,719,38,7,0.184210526315789,0.00973574408901252,"HPA:0470181","HPA","Skin 2; cells in granular layer[≥Low]",10995,701
"646","darkorange",TRUE,0.0270819280364328,252,38,4,0.105263157894737,0.0158730158730159,"HPA:0151352","HPA","Duodenum; paneth cells[≥Medium]",10995,279
"647","darkorange",TRUE,0.0271516124312366,394,38,5,0.131578947368421,0.0126903553299492,"HPA:0461473","HPA","Skin 1; lymphocytes[High]",10995,681
"648","darkorange",TRUE,0.0271516124312366,723,38,7,0.184210526315789,0.00968188105117566,"HPA:0470671","HPA","Skin 2; melanocytes[≥Low]",10995,731
"649","darkorange",TRUE,0.0293625872986009,562,38,6,0.157894736842105,0.0106761565836299,"HPA:0470182","HPA","Skin 2; cells in granular layer[≥Medium]",10995,702
"650","darkorange",TRUE,0.0303471195754769,1324,38,10,0.263157894736842,0.00755287009063444,"HPA:0600443","HPA","Tonsil; non-germinal center cells[High]",10995,863
"651","darkorange",TRUE,0.0306260395825525,3710,38,20,0.526315789473684,0.00539083557951483,"HPA:0130202","HPA","Colon; endothelial cells[≥Medium]",10995,217
"652","darkorange",TRUE,0.0340923395522027,759,38,7,0.184210526315789,0.00922266139657444,"HPA:0461411","HPA","Skin 1; cells in spinous layer[≥Low]",10995,652
"653","darkorange",TRUE,0.0342747851118992,5441,38,26,0.684210526315789,0.00477853335783863,"HPA:0490691","HPA","Smooth muscle; smooth muscle cells[≥Low]",10995,763
"654","darkorange",TRUE,0.0342747851118992,5441,38,26,0.684210526315789,0.00477853335783863,"HPA:0490000","HPA","Smooth muscle",10995,762
"655","darkorange",TRUE,0.0350031519329024,765,38,7,0.184210526315789,0.00915032679738562,"HPA:0030073","HPA","Appendix; lymphoid tissue[High]",10995,46
"656","darkorange",TRUE,0.0358947057424013,592,38,6,0.157894736842105,0.0101351351351351,"HPA:0211092","HPA","Fallopian tube; non-ciliated cells[≥Medium]",10995,358
"657","darkorange",TRUE,0.0358947057424013,278,38,4,0.105263157894737,0.0143884892086331,"HPA:0151351","HPA","Duodenum; paneth cells[≥Low]",10995,278
"658","darkorange",TRUE,0.0389528828649463,5197,38,25,0.657894736842105,0.00481046757744853,"HPA:0510000","HPA","Soft tissue 2",10995,776
"659","darkorange",TRUE,0.0393598720891507,4627,38,23,0.605263157894737,0.00497082342770694,"HPA:0100201","HPA","Cerebral cortex; endothelial cells[≥Low]",10995,183
"660","darkorange",TRUE,0.0397587265593741,788,38,7,0.184210526315789,0.00888324873096447,"HPA:0471461","HPA","Skin 2; langerhans cells[≥Low]",10995,725
"661","darkorange",TRUE,0.0419172042342148,293,38,4,0.105263157894737,0.0136518771331058,"HPA:0461452","HPA","Skin 1; hair follicles[≥Medium]",10995,671
"662","darkorange",TRUE,0.0427775111259306,801,38,7,0.184210526315789,0.00873907615480649,"HPA:0471471","HPA","Skin 2; lymphocytes[≥Low]",10995,728
"663","darkorange",TRUE,0.0479598727486516,3089,38,17,0.447368421052632,0.00550339915830366,"HPA:0570741","HPA","Testis; cells in seminiferous ducts[≥Low]",10995,822
"664","darkorange",TRUE,0.0479598727486516,636,38,6,0.157894736842105,0.00943396226415094,"HPA:0470202","HPA","Skin 2; endothelial cells[≥Medium]",10995,711
"665","darkorange",TRUE,0.0487531546379405,639,38,6,0.157894736842105,0.00938967136150235,"HPA:0470672","HPA","Skin 2; melanocytes[≥Medium]",10995,732
"666","darkorange",TRUE,8.22366286694321e-71,153,48,43,0.895833333333333,0.281045751633987,"KEGG:03010","KEGG","Ribosome",8484,208
"667","darkorange",TRUE,2.06685379316171e-62,231,48,43,0.895833333333333,0.186147186147186,"KEGG:05171","KEGG","Coronavirus disease - COVID-19",8484,452
"668","darkorange",TRUE,1.67273739299931e-08,239,54,12,0.222222222222222,0.0502092050209205,"MIRNA:hsa-mir-100-5p","MIRNA","hsa-mir-100-5p",16638,1364
"669","darkorange",TRUE,0.000112951518913204,126,54,7,0.12962962962963,0.0555555555555556,"MIRNA:hsa-mir-652-3p","MIRNA","hsa-mir-652-3p",16638,2302
"670","darkorange",TRUE,0.00018676622487563,1462,54,18,0.333333333333333,0.012311901504788,"MIRNA:hsa-mir-16-5p","MIRNA","hsa-mir-16-5p",16638,335
"671","darkorange",TRUE,0.0110681281099222,923,54,12,0.222222222222222,0.0130010834236186,"MIRNA:hsa-mir-615-3p","MIRNA","hsa-mir-615-3p",16638,2752
"672","darkorange",TRUE,0.0123370481666563,1286,54,14,0.259259259259259,0.0108864696734059,"MIRNA:hsa-mir-92a-3p","MIRNA","hsa-mir-92a-3p",16638,3022
"673","darkorange",TRUE,2.06552396698948e-89,94,51,45,0.882352941176471,0.478723404255319,"REAC:R-HSA-156842","REAC","Eukaryotic Translation Elongation",11004,877
"674","darkorange",TRUE,9.32985877074195e-85,90,51,43,0.843137254901961,0.477777777777778,"REAC:R-HSA-156902","REAC","Peptide chain elongation",11004,1736
"675","darkorange",TRUE,9.32985877074195e-85,90,51,43,0.843137254901961,0.477777777777778,"REAC:R-HSA-192823","REAC","Viral mRNA Translation",11004,2668
"676","darkorange",TRUE,6.81151872744431e-84,94,51,43,0.843137254901961,0.457446808510638,"REAC:R-HSA-72764","REAC","Eukaryotic Translation Termination",11004,879
"677","darkorange",TRUE,6.81151872744431e-84,94,51,43,0.843137254901961,0.457446808510638,"REAC:R-HSA-2408557","REAC","Selenocysteine synthesis",11004,2205
"678","darkorange",TRUE,1.87566693600692e-83,96,51,43,0.843137254901961,0.447916666666667,"REAC:R-HSA-975956","REAC","Nonsense Mediated Decay (NMD) independent of the Exon Junction Complex (EJC)",11004,1619
"679","darkorange",TRUE,4.18604312429941e-82,102,51,43,0.843137254901961,0.42156862745098,"REAC:R-HSA-72689","REAC","Formation of a pool of free 40S subunits",11004,961
"680","darkorange",TRUE,4.18604312429941e-82,102,51,43,0.843137254901961,0.42156862745098,"REAC:R-HSA-9633012","REAC","Response of EIF2AK4 (GCN2) to amino acid deficiency",11004,2103
"681","darkorange",TRUE,6.14872160751164e-80,112,51,43,0.843137254901961,0.383928571428571,"REAC:R-HSA-156827","REAC","L13a-mediated translational silencing of Ceruloplasmin expression",11004,1306
"682","darkorange",TRUE,8.11527544788711e-80,113,51,43,0.843137254901961,0.380530973451327,"REAC:R-HSA-72706","REAC","GTP hydrolysis and joining of the 60S ribosomal subunit",11004,1040
"683","darkorange",TRUE,8.11527544788711e-80,113,51,43,0.843137254901961,0.380530973451327,"REAC:R-HSA-1799339","REAC","SRP-dependent cotranslational protein targeting to membrane",11004,2173
"684","darkorange",TRUE,2.79231254982884e-79,116,51,43,0.843137254901961,0.370689655172414,"REAC:R-HSA-927802","REAC","Nonsense-Mediated Decay (NMD)",11004,1620
"685","darkorange",TRUE,2.79231254982884e-79,116,51,43,0.843137254901961,0.370689655172414,"REAC:R-HSA-975957","REAC","Nonsense Mediated Decay (NMD) enhanced by the Exon Junction Complex (EJC)",11004,1618
"686","darkorange",TRUE,4.09658134145913e-79,117,51,43,0.843137254901961,0.367521367521368,"REAC:R-HSA-2408522","REAC","Selenoamino acid metabolism",11004,2204
"687","darkorange",TRUE,1.37321452761622e-78,120,51,43,0.843137254901961,0.358333333333333,"REAC:R-HSA-72613","REAC","Eukaryotic Translation Initiation",11004,878
"688","darkorange",TRUE,1.37321452761622e-78,120,51,43,0.843137254901961,0.358333333333333,"REAC:R-HSA-72737","REAC","Cap-dependent Translation Initiation",11004,306
"689","darkorange",TRUE,2.78181018581109e-76,133,51,43,0.843137254901961,0.323308270676692,"REAC:R-HSA-168273","REAC","Influenza Viral RNA Transcription and Replication",11004,1199
"690","darkorange",TRUE,4.53074168321151e-73,154,51,43,0.843137254901961,0.279220779220779,"REAC:R-HSA-168255","REAC","Influenza Infection",11004,1198
"691","darkorange",TRUE,1.12694792778756e-72,157,51,43,0.843137254901961,0.273885350318471,"REAC:R-HSA-9711097","REAC","Cellular response to starvation",11004,339
"692","darkorange",TRUE,7.39639454710835e-71,171,51,43,0.843137254901961,0.251461988304094,"REAC:R-HSA-9010553","REAC","Regulation of expression of SLITs and ROBOs",11004,2047
"693","darkorange",TRUE,1.49452345482475e-69,182,51,43,0.843137254901961,0.236263736263736,"REAC:R-HSA-6791226","REAC","Major pathway of rRNA processing in the nucleolus and cytosol",11004,1402
"694","darkorange",TRUE,1.91797683545543e-68,192,51,43,0.843137254901961,0.223958333333333,"REAC:R-HSA-8868773","REAC","rRNA processing in the nucleus and cytosol",11004,2752
"695","darkorange",TRUE,2.12360662148896e-67,202,51,43,0.843137254901961,0.212871287128713,"REAC:R-HSA-72312","REAC","rRNA processing",11004,2750
"696","darkorange",TRUE,6.269276132396e-66,217,51,43,0.843137254901961,0.19815668202765,"REAC:R-HSA-376176","REAC","Signaling by ROBO receptors",11004,2318
"697","darkorange",TRUE,1.01589873190955e-64,292,51,45,0.882352941176471,0.154109589041096,"REAC:R-HSA-72766","REAC","Translation",11004,2583
"698","darkorange",TRUE,1.37267750076259e-55,363,51,43,0.843137254901961,0.118457300275482,"REAC:R-HSA-71291","REAC","Metabolism of amino acids and derivatives",11004,1434
"699","darkorange",TRUE,9.26893402576257e-48,543,51,43,0.843137254901961,0.0791896869244936,"REAC:R-HSA-422475","REAC","Axon guidance",11004,196
"700","darkorange",TRUE,6.56469415296702e-47,568,51,43,0.843137254901961,0.0757042253521127,"REAC:R-HSA-9675108","REAC","Nervous system development",11004,1596
"701","darkorange",TRUE,1.16751438213779e-42,710,51,43,0.843137254901961,0.0605633802816901,"REAC:R-HSA-8953854","REAC","Metabolism of RNA",11004,1432
"702","darkorange",TRUE,1.66447849299578e-40,796,51,43,0.843137254901961,0.0540201005025126,"REAC:R-HSA-2262752","REAC","Cellular responses to stress",11004,342
"703","darkorange",TRUE,3.44197480216947e-40,810,51,43,0.843137254901961,0.0530864197530864,"REAC:R-HSA-8953897","REAC","Cellular responses to stimuli",11004,341
"704","darkorange",TRUE,8.64824080934199e-39,873,51,43,0.843137254901961,0.0492554410080183,"REAC:R-HSA-9824446","REAC","Viral Infection Pathways",11004,2665
"705","darkorange",TRUE,3.99843759484859e-35,1062,51,43,0.843137254901961,0.0404896421845574,"REAC:R-HSA-5663205","REAC","Infectious disease",11004,1196
"706","darkorange",TRUE,8.19460583283845e-32,1384,51,44,0.862745098039216,0.0317919075144509,"REAC:R-HSA-1266738","REAC","Developmental Biology",11004,741
"707","darkorange",TRUE,5.05799206781993e-28,37,51,16,0.313725490196078,0.432432432432432,"REAC:R-HSA-9735869","REAC","SARS-CoV-1 modulates host translation machinery",11004,2132
"708","darkorange",TRUE,2.62542613183114e-27,2064,51,46,0.901960784313726,0.0222868217054264,"REAC:R-HSA-392499","REAC","Metabolism of proteins",11004,1448
"709","darkorange",TRUE,1.90766949098158e-26,1843,51,44,0.862745098039216,0.0238741182854042,"REAC:R-HSA-1643685","REAC","Disease",11004,754
"710","darkorange",TRUE,2.4887937538011e-25,51,51,16,0.313725490196078,0.313725490196078,"REAC:R-HSA-9754678","REAC","SARS-CoV-2 modulates host translation machinery",11004,2141
"711","darkorange",TRUE,3.4922180088886e-25,52,51,16,0.313725490196078,0.307692307692308,"REAC:R-HSA-72695","REAC","Formation of the ternary complex, and subsequently, the 43S complex",11004,986
"712","darkorange",TRUE,3.44343002795291e-24,59,51,16,0.313725490196078,0.271186440677966,"REAC:R-HSA-72649","REAC","Translation initiation complex formation",11004,2584
"713","darkorange",TRUE,3.44343002795291e-24,59,51,16,0.313725490196078,0.271186440677966,"REAC:R-HSA-72702","REAC","Ribosomal scanning and start codon recognition",11004,2122
"714","darkorange",TRUE,4.50107766830599e-24,2100,51,44,0.862745098039216,0.020952380952381,"REAC:R-HSA-1430728","REAC","Metabolism",11004,1430
"715","darkorange",TRUE,4.50107766830599e-24,60,51,16,0.313725490196078,0.266666666666667,"REAC:R-HSA-72662","REAC","Activation of the mRNA upon binding of the cap-binding complex and eIFs, and subsequent binding to 43S",11004,106
"716","darkorange",TRUE,1.44793860072735e-20,95,51,16,0.313725490196078,0.168421052631579,"REAC:R-HSA-9692914","REAC","SARS-CoV-1-host interactions",11004,2135
"717","darkorange",TRUE,9.56413080748035e-18,140,51,16,0.313725490196078,0.114285714285714,"REAC:R-HSA-9678108","REAC","SARS-CoV-1 Infection",11004,2130
"718","darkorange",TRUE,2.42304878878578e-15,197,51,16,0.313725490196078,0.0812182741116751,"REAC:R-HSA-9705683","REAC","SARS-CoV-2-host interactions",11004,2144
"719","darkorange",TRUE,1.18496421557734e-12,292,51,16,0.313725490196078,0.0547945205479452,"REAC:R-HSA-9694516","REAC","SARS-CoV-2 Infection",11004,2138
"720","darkorange",TRUE,1.12347160615889e-09,459,51,16,0.313725490196078,0.0348583877995643,"REAC:R-HSA-9679506","REAC","SARS-CoV Infections",11004,2128
"721","darkorange",TRUE,0.000920608851119494,20,51,3,0.0588235294117647,0.15,"REAC:R-HSA-9629569","REAC","Protein hydroxylation",11004,1829
"722","darkorange",TRUE,0.00121081397773199,22,51,3,0.0588235294117647,0.136363636363636,"REAC:R-HSA-5205685","REAC","PINK1-PRKN Mediated Mitophagy",11004,1691
"723","darkorange",TRUE,0.00221813001004236,27,51,3,0.0588235294117647,0.111111111111111,"REAC:R-HSA-5205647","REAC","Mitophagy",11004,1491
"724","darkorange",TRUE,0.0228568127778324,60,51,3,0.0588235294117647,0.05,"REAC:R-HSA-163841","REAC","Gamma carboxylation, hypusinylation, hydroxylation, and arylsulfatase activation",11004,1043
"725","darkorange",TRUE,3.26140846467199e-07,4104,56,34,0.607142857142857,0.00828460038986355,"TF:M03975_1","TF","Factor: ERG; motif: ACCGGAARTN; match class: 1",20092,2075
"726","darkorange",TRUE,4.76525813514459e-07,1685,56,22,0.392857142857143,0.0130563798219585,"TF:M08982_1","TF","Factor: YY1; motif: NAANATGGCGNNN; match class: 1",20092,9265
"727","darkorange",TRUE,4.76525813514459e-07,3307,56,30,0.535714285714286,0.00907166616268521,"TF:M11392_1","TF","Factor: Erg; motif: NACCGGAARYN; match class: 1",20092,2087
"728","darkorange",TRUE,1.11285766572336e-06,3239,56,29,0.517857142857143,0.00895338067304724,"TF:M11404_1","TF","Factor: Fli-1; motif: NACCGGAARTN; match class: 1",20092,2545
"729","darkorange",TRUE,2.06494485172879e-06,3120,56,28,0.5,0.00897435897435897,"TF:M08913_1","TF","Factor: FLI-1; motif: NAYTTCCGGT; match class: 1",20092,2529
"730","darkorange",TRUE,3.8292070801005e-06,4301,56,32,0.571428571428571,0.00744013020227854,"TF:M11400_1","TF","Factor: Fli-1; motif: NACCGGAARTN; match class: 1",20092,2539
"731","darkorange",TRUE,3.8292070801005e-06,3003,56,27,0.482142857142857,0.00899100899100899,"TF:M03988_1","TF","Factor: FLI1; motif: ACCGGAARTN; match class: 1",20092,2523
"732","darkorange",TRUE,3.8292070801005e-06,3787,56,30,0.535714285714286,0.007921837866385,"TF:M01752_1","TF","Factor: ERG; motif: ACCGGAART; match class: 1",20092,2071
"733","darkorange",TRUE,3.8292070801005e-06,4536,56,33,0.589285714285714,0.00727513227513227,"TF:M00025_1","TF","Factor: Elk-1; motif: NNNNCCGGAARTNN; match class: 1",20092,1885
"734","darkorange",TRUE,3.8292070801005e-06,8902,56,46,0.821428571428571,0.00516737811727702,"TF:M11392","TF","Factor: Erg; motif: NACCGGAARYN",20092,2086
"735","darkorange",TRUE,6.89953621058759e-06,7191,56,41,0.732142857142857,0.00570157140870533,"TF:M02065_1","TF","Factor: ER81; motif: RCCGGAARYN; match class: 1",20092,2005
"736","darkorange",TRUE,7.27313106824159e-06,5012,56,34,0.607142857142857,0.00678371907422187,"TF:M13031_1","TF","Factor: ETV4; motif: ACCGGAAGTN; match class: 1",20092,2347
"737","darkorange",TRUE,9.02789483427623e-06,5072,56,34,0.607142857142857,0.00670347003154574,"TF:M11396_1","TF","Factor: Erg; motif: NACCGGAARTN; match class: 1",20092,2095
"738","darkorange",TRUE,9.02789483427623e-06,4796,56,33,0.589285714285714,0.00688073394495413,"TF:M03977_1","TF","Factor: ETS1; motif: ACCGGAARYN; match class: 1",20092,2225
"739","darkorange",TRUE,1.54270223852137e-05,7795,56,42,0.75,0.0053880692751764,"TF:M08222","TF","Factor: Elk-1:HOXB13; motif: ACCGGAAGTNGTAAAN",20092,1862
"740","darkorange",TRUE,1.96674353351479e-05,11183,56,50,0.892857142857143,0.00447107216310471,"TF:M02064","TF","Factor: c-ets-2; motif: ACCGGAWRTN",20092,842
"741","darkorange",TRUE,1.96674353351479e-05,8249,56,43,0.767857142857143,0.00521275306097709,"TF:M02062","TF","Factor: Erg; motif: ACCGGAAGTN",20092,2072
"742","darkorange",TRUE,2.59791327849973e-05,6280,56,37,0.660714285714286,0.00589171974522293,"TF:M11432","TF","Factor: Elk-1; motif: NACMGGAAGTN",20092,1898
"743","darkorange",TRUE,2.59791327849973e-05,8354,56,43,0.767857142857143,0.00514723485755327,"TF:M09608","TF","Factor: Erg; motif: NNACCGGAARTSN",20092,2078
"744","darkorange",TRUE,2.59791327849973e-05,4491,56,31,0.553571428571429,0.00690269427744378,"TF:M08637","TF","Factor: TEF-3:Erg; motif: ACCGGAAATRNNNNNCATWCC",20092,8684
"745","darkorange",TRUE,2.74661046166371e-05,8381,56,43,0.767857142857143,0.00513065266674621,"TF:M10436","TF","Factor: YY1; motif: CAANATGGCGGC",20092,9268
"746","darkorange",TRUE,3.13129726714133e-05,7000,56,39,0.696428571428571,0.00557142857142857,"TF:M03982","TF","Factor: ETV4; motif: ACCGGAAGTN",20092,2342
"747","darkorange",TRUE,3.97677028797946e-05,2388,56,22,0.392857142857143,0.00921273031825796,"TF:M11425_1","TF","Factor: PEA3; motif: NACCGGAAGTN; match class: 1",20092,6695
"748","darkorange",TRUE,4.0414243236839e-05,3321,56,26,0.464285714285714,0.00782896717856067,"TF:M11384","TF","Factor: ESE-1; motif: ACCCGGAAGTRNNNNNNNWWWWW",20092,1806
"749","darkorange",TRUE,4.0414243236839e-05,7780,56,41,0.732142857142857,0.00526992287917738,"TF:M02063","TF","Factor: c-ets-1; motif: ACCGGAWGTN",20092,838
"750","darkorange",TRUE,4.49158612435667e-05,3848,56,28,0.5,0.00727650727650728,"TF:M08221_1","TF","Factor: Elk-1:HOXA3; motif: NCCGGAAATKR; match class: 1",20092,1861
"751","darkorange",TRUE,4.73927349008163e-05,2014,56,20,0.357142857142857,0.0099304865938431,"TF:M01167","TF","Factor: SAP-1a; motif: NACCGGAAGTV",20092,7644
"752","darkorange",TRUE,4.73927349008163e-05,10199,56,47,0.839285714285714,0.00460829493087558,"TF:M11400","TF","Factor: Fli-1; motif: NACCGGAARTN",20092,2538
"753","darkorange",TRUE,4.89522519675686e-05,10217,56,47,0.839285714285714,0.00460017617695997,"TF:M03975","TF","Factor: ERG; motif: ACCGGAARTN",20092,2074
"754","darkorange",TRUE,7.98691049098515e-05,5987,56,35,0.625,0.00584599966594288,"TF:M02073","TF","Factor: Fli-1; motif: ACCGGAAGYN",20092,2520
"755","darkorange",TRUE,9.26189579046285e-05,3249,56,25,0.446428571428571,0.00769467528470299,"TF:M11379","TF","Factor: ESE-1; motif: ACCCGGAAGTRNNNNNNNNWWWW",20092,1798
"756","darkorange",TRUE,9.79471450242545e-05,5436,56,33,0.589285714285714,0.00607064017660044,"TF:M08220_1","TF","Factor: Elk-1:HOXA3; motif: ACCGGWAATKRNNTNWCNNATTAN; match class: 1",20092,1859
"757","darkorange",TRUE,0.000119005855676732,4904,56,31,0.553571428571429,0.00632137030995106,"TF:M03970","TF","Factor: ELK1; motif: ACCGGAAGTN",20092,1892
"758","darkorange",TRUE,0.000119005855676732,9673,56,45,0.803571428571429,0.00465212447017471,"TF:M13032","TF","Factor: ETV5; motif: ACCGGAAGTN",20092,2382
"759","darkorange",TRUE,0.000119005855676732,8516,56,42,0.75,0.0049318929074683,"TF:M03988","TF","Factor: FLI1; motif: ACCGGAARTN",20092,2522
"760","darkorange",TRUE,0.000119005855676732,6433,56,36,0.642857142857143,0.00559614487797295,"TF:M11452","TF","Factor: Elf-1; motif: NANGCGGAAGTR",20092,1760
"761","darkorange",TRUE,0.000122560028299726,8531,56,42,0.75,0.00492322119329504,"TF:M08913","TF","Factor: FLI-1; motif: NAYTTCCGGT",20092,2528
"762","darkorange",TRUE,0.000130558977789032,1981,56,19,0.339285714285714,0.00959111559818274,"TF:M04696_1","TF","Factor: YY1; motif: GCCGCCATNTTGNNNNNGGNCN; match class: 1",20092,9259
"763","darkorange",TRUE,0.000134551341399727,12998,56,52,0.928571428571429,0.00400061547930451,"TF:M02025","TF","Factor: MEF-2C; motif: TATTTWT",20092,5206
"764","darkorange",TRUE,0.000134551341399727,2199,56,20,0.357142857142857,0.00909504320145521,"TF:M11428_1","TF","Factor: PEA3; motif: NACCGGAAGTN; match class: 1",20092,6699
"765","darkorange",TRUE,0.000134551341399727,11037,56,48,0.857142857142857,0.00434900788257679,"TF:M11396","TF","Factor: Erg; motif: NACCGGAARTN",20092,2094
"766","darkorange",TRUE,0.000134551341399727,8957,56,43,0.767857142857143,0.00480071452495255,"TF:M11404","TF","Factor: Fli-1; motif: NACCGGAARTN",20092,2544
"767","darkorange",TRUE,0.000146180639168703,4713,56,30,0.535714285714286,0.0063653723742839,"TF:M11427_1","TF","Factor: PEA3; motif: NACCGGAAGTN; match class: 1",20092,6697
"768","darkorange",TRUE,0.000158593403857493,1258,56,15,0.267857142857143,0.0119236883942766,"TF:M02044_1","TF","Factor: YY1; motif: GCCGCCATTTTG; match class: 1",20092,9255
"769","darkorange",TRUE,0.00016600176914042,7237,56,38,0.678571428571429,0.00525079452811939,"TF:M02066","TF","Factor: PEA3; motif: RCCGGAAGYN",20092,6690
"770","darkorange",TRUE,0.000167414780880572,7589,56,39,0.696428571428571,0.00513901699828699,"TF:M11425","TF","Factor: PEA3; motif: NACCGGAAGTN",20092,6694
"771","darkorange",TRUE,0.000172593968160509,2482,56,21,0.375,0.00846091861402095,"TF:M11987","TF","Factor: NFATc3; motif: NAYGGAAANW",20092,5802
"772","darkorange",TRUE,0.000172593968160509,10277,56,46,0.821428571428571,0.00447601440108981,"TF:M00025","TF","Factor: Elk-1; motif: NNNNCCGGAARTNN",20092,1884
"773","darkorange",TRUE,0.000213854540573252,5708,56,33,0.589285714285714,0.00578135949544499,"TF:M10785","TF","Factor: hoxa9; motif: RTCGTWANNN",20092,3916
"774","darkorange",TRUE,0.000223071360898693,7340,56,38,0.678571428571429,0.00517711171662125,"TF:M11428","TF","Factor: PEA3; motif: NACCGGAAGTN",20092,6698
"775","darkorange",TRUE,0.00023842857897791,10388,56,46,0.821428571428571,0.00442818636888718,"TF:M02071","TF","Factor: ETV7; motif: NCCGGAANNN",20092,2390
"776","darkorange",TRUE,0.000246987140497181,6075,56,34,0.607142857142857,0.00559670781893004,"TF:M02067","TF","Factor: ER71; motif: ACCGGAARYN",20092,1996
"777","darkorange",TRUE,0.000246987140497181,4590,56,29,0.517857142857143,0.00631808278867102,"TF:M02071_1","TF","Factor: ETV7; motif: NCCGGAANNN; match class: 1",20092,2391
"778","darkorange",TRUE,0.000246987140497181,5460,56,32,0.571428571428571,0.00586080586080586,"TF:M02056","TF","Factor: ELF4; motif: NCCGGAARTN",20092,1812
"779","darkorange",TRUE,0.000251766143022244,3788,56,26,0.464285714285714,0.00686378035902851,"TF:M03924_1","TF","Factor: YY1; motif: NNCGCCATTNN; match class: 1",20092,9257
"780","darkorange",TRUE,0.000251766143022244,9221,56,43,0.767857142857143,0.00466326862596248,"TF:M08266_1","TF","Factor: ER71:Pax-5; motif: ACCGGAACYACGCWTSANTG; match class: 1",20092,2307
"781","darkorange",TRUE,0.000251766143022244,4606,56,29,0.517857142857143,0.00629613547546678,"TF:M10849_1","TF","Factor: Cdx-2; motif: NRTCGTAANNNN; match class: 1",20092,701
"782","darkorange",TRUE,0.000252164189103962,7076,56,37,0.660714285714286,0.00522894290559638,"TF:M11451","TF","Factor: Elf-1; motif: NANCCGGAAGTN",20092,1758
"783","darkorange",TRUE,0.000252164189103962,11775,56,49,0.875,0.00416135881104034,"TF:M04710_1","TF","Factor: CHD2; motif: TCTCGCGAG; match class: 1",20092,857
"784","darkorange",TRUE,0.00025712158877236,11328,56,48,0.857142857142857,0.00423728813559322,"TF:M10849","TF","Factor: Cdx-2; motif: NRTCGTAANNNN",20092,700
"785","darkorange",TRUE,0.000270163829001939,2824,56,22,0.392857142857143,0.00779036827195467,"TF:M09904_1","TF","Factor: Elk-1; motif: RCCGGAAGTGN; match class: 1",20092,1897
"786","darkorange",TRUE,0.000270163829001939,9658,56,44,0.785714285714286,0.00455580865603645,"TF:M02059","TF","Factor: ELK-1; motif: ACCGGAAGTN",20092,1890
"787","darkorange",TRUE,0.00027135948252211,7800,56,39,0.696428571428571,0.005,"TF:M11448","TF","Factor: Elf-1; motif: NANGCGGAAGTN",20092,1752
"788","darkorange",TRUE,0.000272424634682595,9674,56,44,0.785714285714286,0.00454827372338226,"TF:M01752","TF","Factor: ERG; motif: ACCGGAART",20092,2070
"789","darkorange",TRUE,0.000274401849885866,4101,56,27,0.482142857142857,0.00658376005852231,"TF:M11394","TF","Factor: Erg; motif: NACMGGAARTN",20092,2090
"790","darkorange",TRUE,0.000286178854488161,3846,56,26,0.464285714285714,0.00676027041081643,"TF:M02059_1","TF","Factor: ELK-1; motif: ACCGGAAGTN; match class: 1",20092,1891
"791","darkorange",TRUE,0.000295686093234084,7840,56,39,0.696428571428571,0.00497448979591837,"TF:M02025_1","TF","Factor: MEF-2C; motif: TATTTWT; match class: 1",20092,5207
"792","darkorange",TRUE,0.000302124051707296,1021,56,13,0.232142857142857,0.0127326150832517,"TF:M02074_1","TF","Factor: GABPalpha; motif: RCCGGAWRYN; match class: 1",20092,2975
"793","darkorange",TRUE,0.000302233599550876,7854,56,39,0.696428571428571,0.00496562261268144,"TF:M11433","TF","Factor: Elk-1; motif: NRCCGGAAGTN",20092,1900
"794","darkorange",TRUE,0.000312650001888861,2638,56,21,0.375,0.00796057619408643,"TF:M08451_1","TF","Factor: Elk-1:HOXA1; motif: ACCGGAAGTAATTA; match class: 1",20092,1857
"795","darkorange",TRUE,0.000312650001888861,4992,56,30,0.535714285714286,0.00600961538461538,"TF:M02070_1","TF","Factor: TEL1; motif: CNCGGAANNN; match class: 1",20092,8775
"796","darkorange",TRUE,0.000312650001888861,4707,56,29,0.517857142857143,0.00616103675377098,"TF:M02074","TF","Factor: GABPalpha; motif: RCCGGAWRYN",20092,2974
"797","darkorange",TRUE,0.000312650001888861,2640,56,21,0.375,0.00795454545454545,"TF:M02061","TF","Factor: ERF; motif: ACCGGAARYN",20092,2066
"798","darkorange",TRUE,0.000356957650199606,7919,56,39,0.696428571428571,0.00492486425053668,"TF:M11447","TF","Factor: Elf-1; motif: NAMCCGGAAGTN",20092,1750
"799","darkorange",TRUE,0.000455185695716368,3966,56,26,0.464285714285714,0.00655572365103379,"TF:M11402","TF","Factor: Fli-1; motif: NACCGGAARTN",20092,2542
"800","darkorange",TRUE,0.000455217054597714,6313,56,34,0.607142857142857,0.00538571202281007,"TF:M02044","TF","Factor: YY1; motif: GCCGCCATTTTG",20092,9254
"801","darkorange",TRUE,0.000475170948942819,8010,56,39,0.696428571428571,0.0048689138576779,"TF:M04714","TF","Factor: Elf-1; motif: ACTTCCGGG",20092,1736
"802","darkorange",TRUE,0.000507604345765857,10321,56,45,0.803571428571429,0.00436004263152795,"TF:M02052","TF","Factor: EHF; motif: CSCGGAARTN",20092,1716
"803","darkorange",TRUE,0.000557986548146216,10771,56,46,0.821428571428571,0.00427072695200074,"TF:M04691_1","TF","Factor: Kaiso; motif: TCTCGCGAG; match class: 1",20092,9367
"804","darkorange",TRUE,0.000586232427395236,10790,56,46,0.821428571428571,0.00426320667284523,"TF:M03977","TF","Factor: ETS1; motif: ACCGGAARYN",20092,2224
"805","darkorange",TRUE,0.000615670777317369,7063,56,36,0.642857142857143,0.00509698428429846,"TF:M02069","TF","Factor: Erm; motif: ACCGGAAGTN",20092,2102
"806","darkorange",TRUE,0.000679387113891994,2329,56,19,0.339285714285714,0.0081580077286389,"TF:M02066_1","TF","Factor: PEA3; motif: RCCGGAAGYN; match class: 1",20092,6691
"807","darkorange",TRUE,0.000709483655815119,3551,56,24,0.428571428571429,0.00675865953252605,"TF:M00074","TF","Factor: c-Ets-1(p54); motif: NNACMGGAWRTNN",20092,834
"808","darkorange",TRUE,0.000709483655815119,10864,56,46,0.821428571428571,0.00423416789396171,"TF:M11427","TF","Factor: PEA3; motif: NACCGGAAGTN",20092,6696
"809","darkorange",TRUE,0.000719778056169917,8518,56,40,0.714285714285714,0.00469593801361822,"TF:M08759","TF","Factor: c-Ets-2; motif: NCCGGAAGTG",20092,2234
"810","darkorange",TRUE,0.000727521439428055,3057,56,22,0.392857142857143,0.00719659797186784,"TF:M09905_1","TF","Factor: SAP-1; motif: NNCCGGAAGTGN; match class: 1",20092,1933
"811","darkorange",TRUE,0.000753031268322624,2822,56,21,0.375,0.00744153082919915,"TF:M08224_1","TF","Factor: Elk-1:Pax-1; motif: ACCGGAACTACGCWTSANTG; match class: 1",20092,1867
"812","darkorange",TRUE,0.000783268590020447,6175,56,33,0.589285714285714,0.00534412955465587,"TF:M02053","TF","Factor: ELF1; motif: NCCGGAARTN",20092,1842
"813","darkorange",TRUE,0.000790650729308425,4678,56,28,0.5,0.00598546387345019,"TF:M02064_1","TF","Factor: c-ets-2; motif: ACCGGAWRTN; match class: 1",20092,843
"814","darkorange",TRUE,0.000840245696667215,11370,56,47,0.839285714285714,0.00413368513632366,"TF:M01660","TF","Factor: GABP-alpha; motif: CTTCCK",20092,2992
"815","darkorange",TRUE,0.000840245696667215,5889,56,32,0.571428571428571,0.0054338597384955,"TF:M11435_1","TF","Factor: Elk-1; motif: NNCCGGAAGTN; match class: 1",20092,1905
"816","darkorange",TRUE,0.000904106546388372,4157,56,26,0.464285714285714,0.00625451046427712,"TF:M02052_1","TF","Factor: EHF; motif: CSCGGAARTN; match class: 1",20092,1717
"817","darkorange",TRUE,0.000918157062539949,12318,56,49,0.875,0.00397791849326189,"TF:M08226","TF","Factor: Elk-1:Pax-9; motif: ACCGGAACYACGCWYSANTG",20092,1870
"818","darkorange",TRUE,0.000918157062539949,8257,56,39,0.696428571428571,0.00472326510839288,"TF:M00430","TF","Factor: E2F-1; motif: NTTSGCGG",20092,1488
"819","darkorange",TRUE,0.000918157062539949,5018,56,29,0.517857142857143,0.00577919489836588,"TF:M11430_1","TF","Factor: PEA3; motif: NACCGGAAGTN; match class: 1",20092,6703
"820","darkorange",TRUE,0.00114365904521474,4786,56,28,0.5,0.0058503969912244,"TF:M11422","TF","Factor: Erm; motif: NRCMGGAAGTN",20092,2106
"821","darkorange",TRUE,0.00114365904521474,2445,56,19,0.339285714285714,0.00777096114519427,"TF:M02063_1","TF","Factor: c-ets-1; motif: ACCGGAWGTN; match class: 1",20092,839
"822","darkorange",TRUE,0.00114365904521474,11058,56,46,0.821428571428571,0.00415988424669922,"TF:M13031","TF","Factor: ETV4; motif: ACCGGAAGTN",20092,2346
"823","darkorange",TRUE,0.00114365904521474,5380,56,30,0.535714285714286,0.00557620817843866,"TF:M03990","TF","Factor: GABPA; motif: ACCGGAAGTN",20092,2976
"824","darkorange",TRUE,0.00114365904521474,5382,56,30,0.535714285714286,0.00557413600891862,"TF:M01163","TF","Factor: Elk-1; motif: AACCGGAAGTR",20092,1886
"825","darkorange",TRUE,0.00117515083507534,4807,56,28,0.5,0.00582483877678386,"TF:M09607","TF","Factor: SAP-1; motif: ACCGGAAGTNN",20092,1930
"826","darkorange",TRUE,0.00117515083507534,1589,56,15,0.267857142857143,0.00943989930774072,"TF:M02053_1","TF","Factor: ELF1; motif: NCCGGAARTN; match class: 1",20092,1843
"827","darkorange",TRUE,0.00117515083507534,10665,56,45,0.803571428571429,0.00421940928270042,"TF:M08298","TF","Factor: FOXO1A:Elk-1; motif: RCCGGAWGTTNTN",20092,2814
"828","darkorange",TRUE,0.00118224869259489,9102,56,41,0.732142857142857,0.0045045045045045,"TF:M08224","TF","Factor: Elk-1:Pax-1; motif: ACCGGAACTACGCWTSANTG",20092,1866
"829","darkorange",TRUE,0.00118224869259489,8364,56,39,0.696428571428571,0.00466284074605452,"TF:M09904","TF","Factor: Elk-1; motif: RCCGGAAGTGN",20092,1896
"830","darkorange",TRUE,0.00124607025478991,11116,56,46,0.821428571428571,0.00413817920115149,"TF:M02070","TF","Factor: TEL1; motif: CNCGGAANNN",20092,8774
"831","darkorange",TRUE,0.00129557306351306,5736,56,31,0.553571428571429,0.0054044630404463,"TF:M11450","TF","Factor: Elf-1; motif: NANSCGGAAGTR",20092,1756
"832","darkorange",TRUE,0.00138677492843973,2732,56,20,0.357142857142857,0.00732064421669107,"TF:M04714_1","TF","Factor: Elf-1; motif: ACTTCCGGG; match class: 1",20092,1737
"833","darkorange",TRUE,0.00139893230278886,3230,56,22,0.392857142857143,0.00681114551083591,"TF:M03983","TF","Factor: ETV5; motif: NCCGGAWGYN",20092,2378
"834","darkorange",TRUE,0.00140329968346817,7729,56,37,0.660714285714286,0.00478716522189158,"TF:M01214","TF","Factor: ESE-1; motif: NSMGGAARTN",20092,2134
"835","darkorange",TRUE,0.00140329968346817,7729,56,37,0.660714285714286,0.00478716522189158,"TF:M02055","TF","Factor: ESE-1; motif: NSMGGAARTN",20092,2130
"836","darkorange",TRUE,0.00143010879391448,7740,56,37,0.660714285714286,0.00478036175710594,"TF:M01078","TF","Factor: c-Ets-1; motif: NNNRCCGGAWRYNNNN",20092,836
"837","darkorange",TRUE,0.00143010879391448,2990,56,21,0.375,0.00702341137123746,"TF:M11414","TF","Factor: GABP-alpha; motif: NACCGGAAGTN",20092,2986
"838","darkorange",TRUE,0.00157064270448545,8479,56,39,0.696428571428571,0.00459959900931714,"TF:M00069","TF","Factor: YY1; motif: NNNCGGCCATCTTGNCTSNW",20092,9252
"839","darkorange",TRUE,0.00160535727964155,2771,56,20,0.357142857142857,0.00721761097076868,"TF:M02062_1","TF","Factor: Erg; motif: ACCGGAAGTN; match class: 1",20092,2073
"840","darkorange",TRUE,0.00160849894265543,7102,56,35,0.625,0.00492818924246691,"TF:M12275","TF","Factor: YY1; motif: NGCCGCCATYTTGN",20092,9272
"841","darkorange",TRUE,0.00162408324787322,6133,56,32,0.571428571428571,0.00521767487363444,"TF:M10104","TF","Factor: YY1; motif: CAARATGGCGGC",20092,9266
"842","darkorange",TRUE,0.0016446229141587,8504,56,39,0.696428571428571,0.00458607714016933,"TF:M09905","TF","Factor: SAP-1; motif: NNCCGGAAGTGN",20092,1932
"843","darkorange",TRUE,0.00174503384011605,3295,56,22,0.392857142857143,0.00667678300455235,"TF:M11420","TF","Factor: ER81; motif: NACCGGAAGTN",20092,2014
"844","darkorange",TRUE,0.00174503384011605,3554,56,23,0.410714285714286,0.00647158131682611,"TF:M02068","TF","Factor: etv3; motif: ACCGGAAGYN",20092,2330
"845","darkorange",TRUE,0.0018244111019578,3306,56,22,0.392857142857143,0.00665456745311555,"TF:M09755","TF","Factor: ZNF295; motif: NYCYCWGCYYCCCN",20092,10180
"846","darkorange",TRUE,0.00185928464043181,4389,56,26,0.464285714285714,0.00592390066074277,"TF:M11449","TF","Factor: Elf-1; motif: NANCCGGAAGTN",20092,1754
"847","darkorange",TRUE,0.0020063547913802,4987,56,28,0.5,0.00561459795468217,"TF:M10632","TF","Factor: Nkx2-8; motif: STCGTTGAN",20092,6006
"848","darkorange",TRUE,0.0020063547913802,6208,56,32,0.571428571428571,0.00515463917525773,"TF:M11419","TF","Factor: ER81; motif: NNCCGGAWGYN",20092,2012
"849","darkorange",TRUE,0.00232008095909261,3626,56,23,0.410714285714286,0.0063430777716492,"TF:M13032_1","TF","Factor: ETV5; motif: ACCGGAAGTN; match class: 1",20092,2383
"850","darkorange",TRUE,0.00233141092710747,7237,56,35,0.625,0.0048362581180047,"TF:M08982","TF","Factor: YY1; motif: NAANATGGCGNNN",20092,9264
"851","darkorange",TRUE,0.0023357482872218,7928,56,37,0.660714285714286,0.00466700302724521,"TF:M04696","TF","Factor: YY1; motif: GCCGCCATNTTGNNNNNGGNCN",20092,9258
"852","darkorange",TRUE,0.0023357482872218,7927,56,37,0.660714285714286,0.00466759177494639,"TF:M01165","TF","Factor: Elk-1; motif: RACCGGAAGTR",20092,1888
"853","darkorange",TRUE,0.00253041423548518,2169,56,17,0.303571428571429,0.0078377132319041,"TF:M11451_1","TF","Factor: Elf-1; motif: NANCCGGAAGTN; match class: 1",20092,1759
"854","darkorange",TRUE,0.00260103914580767,3930,56,24,0.428571428571429,0.00610687022900763,"TF:M08298_1","TF","Factor: FOXO1A:Elk-1; motif: RCCGGAWGTTNTN; match class: 1",20092,2815
"855","darkorange",TRUE,0.00279455904269342,2659,56,19,0.339285714285714,0.00714554343738247,"TF:M11447_1","TF","Factor: Elf-1; motif: NAMCCGGAAGTN; match class: 1",20092,1751
"856","darkorange",TRUE,0.00288905172425191,4517,56,26,0.464285714285714,0.00575603276510959,"TF:M04287","TF","Factor: BARHL2; motif: NNTAAAYGNN",20092,418
"857","darkorange",TRUE,0.00291773861919937,4239,56,25,0.446428571428571,0.00589761736258552,"TF:M11382_1","TF","Factor: ESE-1; motif: NWTRCGGAWGCN; match class: 1",20092,1803
"858","darkorange",TRUE,0.00314040922399872,2446,56,18,0.321428571428571,0.00735895339329518,"TF:M02072","TF","Factor: Pet-1; motif: ACCGGAWRTN",20092,6722
"859","darkorange",TRUE,0.00326271667651828,5746,56,30,0.535714285714286,0.00522102332057083,"TF:M07612","TF","Factor: PSF; motif: KWATCCGN",20092,7220
"860","darkorange",TRUE,0.00326271667651828,9510,56,41,0.732142857142857,0.00431125131440589,"TF:M01229_1","TF","Factor: GTF2IRD1-isoform2; motif: GGGATTRNR; match class: 1",20092,3425
"861","darkorange",TRUE,0.00349655496089926,1180,56,12,0.214285714285714,0.0101694915254237,"TF:M07234_1","TF","Factor: YY1; motif: CAARATGGCNGC; match class: 1",20092,9263
"862","darkorange",TRUE,0.00358134627458812,11136,56,45,0.803571428571429,0.00404094827586207,"TF:M11430","TF","Factor: PEA3; motif: NACCGGAAGTN",20092,6702
"863","darkorange",TRUE,0.00363965016494098,8450,56,38,0.678571428571429,0.00449704142011834,"TF:M11434","TF","Factor: Elk-1; motif: NRSCGGAAGNN",20092,1902
"864","darkorange",TRUE,0.0036562845751772,2973,56,20,0.357142857142857,0.0067272115708039,"TF:M11446","TF","Factor: Elf-1; motif: RANSMGGAAGTR",20092,1748
"865","darkorange",TRUE,0.003676572590524,12006,56,47,0.839285714285714,0.00391470931201066,"TF:M11435","TF","Factor: Elk-1; motif: NNCCGGAAGTN",20092,1904
"866","darkorange",TRUE,0.00389604567451938,5809,56,30,0.535714285714286,0.00516440006885867,"TF:M12601","TF","Factor: ELF4; motif: NCCACTTCCGGNNNN",20092,1824
"867","darkorange",TRUE,0.00394629290095308,5507,56,29,0.517857142857143,0.0052660250590158,"TF:M09901","TF","Factor: nerf; motif: NNNCCGGAAGTGN",20092,5658
"868","darkorange",TRUE,0.0039700202746486,6451,56,32,0.571428571428571,0.00496047124476825,"TF:M09606","TF","Factor: nerf; motif: NRRNSCGGAAGNRNNNN",20092,1776
"869","darkorange",TRUE,0.00397725464703159,2998,56,20,0.357142857142857,0.0066711140760507,"TF:M08759_1","TF","Factor: c-Ets-2; motif: NCCGGAAGTG; match class: 1",20092,2235
"870","darkorange",TRUE,0.00398187012916315,1606,56,14,0.25,0.0087173100871731,"TF:M12275_1","TF","Factor: YY1; motif: NGCCGCCATYTTGN; match class: 1",20092,9273
"871","darkorange",TRUE,0.00423100409943213,3014,56,20,0.357142857142857,0.006635700066357,"TF:M11434_1","TF","Factor: Elk-1; motif: NRSCGGAAGNN; match class: 1",20092,1903
"872","darkorange",TRUE,0.00423275851024288,8883,56,39,0.696428571428571,0.00439040864572779,"TF:M12600","TF","Factor: ELF1; motif: NNNASCCGGAAGTGGNNNN",20092,1764
"873","darkorange",TRUE,0.00453698532498703,5255,56,28,0.5,0.00532825880114177,"TF:M01660_1","TF","Factor: GABP-alpha; motif: CTTCCK; match class: 1",20092,2993
"874","darkorange",TRUE,0.00490409337305356,3050,56,20,0.357142857142857,0.00655737704918033,"TF:M03791","TF","Factor: GABPalpha_GABPbeta; motif: CTTCCKGY",20092,2972
"875","darkorange",TRUE,0.00514427798887467,9326,56,40,0.714285714285714,0.00428908428050611,"TF:M04517","TF","Factor: E2F2; motif: AAAATGGCGCCATTTT",20092,1502
"876","darkorange",TRUE,0.00519204459506199,5603,56,29,0.517857142857143,0.00517579867927896,"TF:M08417","TF","Factor: TEF-3:Elk-1; motif: RGAATSCGGAAGYN",20092,8676
"877","darkorange",TRUE,0.00557981605248484,3342,56,21,0.375,0.00628366247755835,"TF:M11415","TF","Factor: GABP-alpha; motif: NRCCGGAAGTN",20092,2988
"878","darkorange",TRUE,0.00569567837955597,2349,56,17,0.303571428571429,0.00723712217965092,"TF:M10436_1","TF","Factor: YY1; motif: CAANATGGCGGC; match class: 1",20092,9269
"879","darkorange",TRUE,0.00569567837955597,558,56,8,0.142857142857143,0.014336917562724,"TF:M07140","TF","Factor: Kaiso; motif: NTCTCGCGAGANYTN",20092,9368
"880","darkorange",TRUE,0.00569567837955597,13100,56,49,0.875,0.00374045801526718,"TF:M02065","TF","Factor: ER81; motif: RCCGGAARYN",20092,2004
"881","darkorange",TRUE,0.00573782893369134,7251,56,34,0.607142857142857,0.00468900841263274,"TF:M12603","TF","Factor: ERM; motif: NNCACTTCCGGNN",20092,2112
"882","darkorange",TRUE,0.00574712927810586,4746,56,26,0.464285714285714,0.00547829751369574,"TF:M02114","TF","Factor: pitx2; motif: NNTAAWCCCA",20092,6792
"883","darkorange",TRUE,0.00574712927810586,4746,56,26,0.464285714285714,0.00547829751369574,"TF:M07056","TF","Factor: Pitx2; motif: WNTAAWCCCA",20092,6790
"884","darkorange",TRUE,0.00619381596038951,7283,56,34,0.607142857142857,0.00466840587669916,"TF:M01082","TF","Factor: BRCA1:USF2; motif: KTNNGTTG",20092,610
"885","darkorange",TRUE,0.00619381596038951,10570,56,43,0.767857142857143,0.00406811731315043,"TF:M11382","TF","Factor: ESE-1; motif: NWTRCGGAWGCN",20092,1802
"886","darkorange",TRUE,0.00640218031301599,5995,56,30,0.535714285714286,0.00500417014178482,"TF:M11438","TF","Factor: SAP-1; motif: NTCGTAAATGCN",20092,1938
"887","darkorange",TRUE,0.0064455535815069,2382,56,17,0.303571428571429,0.00713685978169605,"TF:M03981","TF","Factor: ETV3; motif: ACCGGAAGTN",20092,2332
"888","darkorange",TRUE,0.00663113443245758,1704,56,14,0.25,0.00821596244131455,"TF:M08339","TF","Factor: HOXB2:Elf-1; motif: SCGGAAGTMRTTA",20092,3956
"889","darkorange",TRUE,0.00663113443245758,3941,56,23,0.410714285714286,0.00583608221263639,"TF:M08423","TF","Factor: TEF-3:ER81; motif: ACCGGAAATRCC",20092,8688
"890","darkorange",TRUE,0.00663952059366561,1094,56,11,0.196428571428571,0.010054844606947,"TF:M07370_1","TF","Factor: YY1; motif: NNNNAARATGGNNNN; match class: 1",20092,9277
"891","darkorange",TRUE,0.0066793962809102,2159,56,16,0.285714285714286,0.00741083835108847,"TF:M11413","TF","Factor: ER71; motif: NACCGGAARTN",20092,2328
"892","darkorange",TRUE,0.0066793962809102,431,56,7,0.125,0.0162412993039443,"TF:M11014_1","TF","Factor: ISL2; motif: NCAMTTAN; match class: 1",20092,4559
"893","darkorange",TRUE,0.0066793962809102,1097,56,11,0.196428571428571,0.0100273473108478,"TF:M11457","TF","Factor: nerf; motif: NANGCGGAAGTR",20092,1778
"894","darkorange",TRUE,0.00680013973709693,1100,56,11,0.196428571428571,0.01,"TF:M11454","TF","Factor: ELFR; motif: NANGMGGAAGTN",20092,1818
"895","darkorange",TRUE,0.00697559953547662,3420,56,21,0.375,0.00614035087719298,"TF:M03969","TF","Factor: ELF5; motif: ANSMGGAAGTN",20092,1830
"896","darkorange",TRUE,0.00699716357660861,1507,56,13,0.232142857142857,0.0086264100862641,"TF:M02073_1","TF","Factor: Fli-1; motif: ACCGGAAGYN; match class: 1",20092,2521
"897","darkorange",TRUE,0.00699716357660861,584,56,8,0.142857142857143,0.0136986301369863,"TF:M11015_1","TF","Factor: ISL2; motif: SCACTTAN; match class: 1",20092,4561
"898","darkorange",TRUE,0.00714712242638593,195,56,5,0.0892857142857143,0.0256410256410256,"TF:M07140_1","TF","Factor: Kaiso; motif: NTCTCGCGAGANYTN; match class: 1",20092,9369
"899","darkorange",TRUE,0.00714712242638593,4543,56,25,0.446428571428571,0.00550297160466652,"TF:M09935","TF","Factor: GABP-alpha; motif: NNNRCCGGAAGTGN",20092,2984
"900","darkorange",TRUE,0.00714712242638593,4540,56,25,0.446428571428571,0.00550660792951542,"TF:M12557","TF","Factor: ETV5; motif: NNACTTCCGNN",20092,2380
"901","darkorange",TRUE,0.0071951499682596,8404,56,37,0.660714285714286,0.0044026653974298,"TF:M13138","TF","Factor: ETV4; motif: NNCCGGAAGYNNN",20092,2348
"902","darkorange",TRUE,0.00768315837000678,2435,56,17,0.303571428571429,0.00698151950718686,"TF:M09608_1","TF","Factor: Erg; motif: NNACCGGAARTSN; match class: 1",20092,2079
"903","darkorange",TRUE,0.00768315837000678,6402,56,31,0.553571428571429,0.00484223680099969,"TF:M08213","TF","Factor: Elk-1:TBR2; motif: TNRCACCGGAAGN",20092,1846
"904","darkorange",TRUE,0.00768315837000678,5770,56,29,0.517857142857143,0.00502599653379549,"TF:M08226_1","TF","Factor: Elk-1:Pax-9; motif: ACCGGAACYACGCWYSANTG; match class: 1",20092,1871
"905","darkorange",TRUE,0.00777794363140575,5164,56,27,0.482142857142857,0.0052285050348567,"TF:M08377_1","TF","Factor: meis1:Elf-1; motif: NTGCCGGAAGTN; match class: 1",20092,5249
"906","darkorange",TRUE,0.00814729923724665,1132,56,11,0.196428571428571,0.00971731448763251,"TF:M03970_1","TF","Factor: ELK1; motif: ACCGGAAGTN; match class: 1",20092,1893
"907","darkorange",TRUE,0.00847723759729906,10336,56,42,0.75,0.00406346749226006,"TF:M03924","TF","Factor: YY1; motif: NNCGCCATTNN",20092,9256
"908","darkorange",TRUE,0.00890614994109556,1345,56,12,0.214285714285714,0.00892193308550186,"TF:M08341_1","TF","Factor: HOXB2:Elk-1; motif: TAATKRCCGGAAGTN; match class: 1",20092,3961
"909","darkorange",TRUE,0.00891403690454,4047,56,23,0.410714285714286,0.00568322213985668,"TF:M11418","TF","Factor: ER81; motif: NRCMGGAWGNN",20092,2010
"910","darkorange",TRUE,0.00933697046176622,8159,56,36,0.642857142857143,0.00441230542958696,"TF:M07415","TF","Factor: Elf-1; motif: AWCCCGGAAGTN",20092,1740
"911","darkorange",TRUE,0.00948731894044614,2012,56,15,0.267857142857143,0.00745526838966203,"TF:M02069_1","TF","Factor: Erm; motif: ACCGGAAGTN; match class: 1",20092,2103
"912","darkorange",TRUE,0.0100620197919114,5867,56,29,0.517857142857143,0.00494290097153571,"TF:M13119","TF","Factor: ZBTB11; motif: RCTTCCGGNNSNNNN",20092,9328
"913","darkorange",TRUE,0.0100853914143075,3267,56,20,0.357142857142857,0.00612182430364249,"TF:M08910_1","TF","Factor: C/EBPBETA; motif: KRTTGCGYAAY; match class: 1",20092,755
"914","darkorange",TRUE,0.0104133196959291,2759,56,18,0.321428571428571,0.00652410293584632,"TF:M08917","TF","Factor: GABP-ALPHA; motif: RCCGGAARTNN",20092,2982
"915","darkorange",TRUE,0.010548536684657,15421,56,53,0.946428571428571,0.00343687179819726,"TF:M08526_1","TF","Factor: E2F-3:HES-7; motif: NNNSGCGCSNNNNNCRCGYGNN; match class: 1",20092,1521
"916","darkorange",TRUE,0.0107026422595027,983,56,10,0.178571428571429,0.0101729399796541,"TF:M03974","TF","Factor: ERF; motif: ACCGGAAGTR",20092,2068
"917","darkorange",TRUE,0.0107253149480081,8221,56,36,0.642857142857143,0.00437902931516847,"TF:M08345","TF","Factor: HOXB2:PEA3; motif: ACCGGAAATGRN",20092,3970
"918","darkorange",TRUE,0.0107574965704637,12509,56,47,0.839285714285714,0.0037572947477816,"TF:M08523","TF","Factor: E2F-1:TBR2; motif: NGGTGNNANGGCGCNNTNNCRNNN",20092,1466
"919","darkorange",TRUE,0.0114481897964936,17454,56,56,1,0.00320843359688324,"TF:M08207","TF","Factor: E2F-3:TBR2; motif: ANGTGYKANGGCGCSTTNNCRNNT",20092,1514
"920","darkorange",TRUE,0.0116008902162828,1829,56,14,0.25,0.00765445598687808,"TF:M01082_1","TF","Factor: BRCA1:USF2; motif: KTNNGTTG; match class: 1",20092,611
"921","darkorange",TRUE,0.011689478262725,2061,56,15,0.267857142857143,0.00727802037845706,"TF:M03982_1","TF","Factor: ETV4; motif: ACCGGAAGTN; match class: 1",20092,2343
"922","darkorange",TRUE,0.0118341897427467,6252,56,30,0.535714285714286,0.00479846449136276,"TF:M10578","TF","Factor: Barhl-1; motif: NTAAACGN",20092,412
"923","darkorange",TRUE,0.0123222804753899,2807,56,18,0.321428571428571,0.00641254007837549,"TF:M08415_1","TF","Factor: TEF-3:Elf-1; motif: RGAATGCGGAAGTN; match class: 1",20092,8675
"924","darkorange",TRUE,0.0125967412462987,14444,56,51,0.910714285714286,0.00353087787316533,"TF:M04710","TF","Factor: CHD2; motif: TCTCGCGAG",20092,856
"925","darkorange",TRUE,0.0127141661289599,5343,56,27,0.482142857142857,0.00505334081976418,"TF:M11316","TF","Factor: C/EBPbeta; motif: NRTTGCGYAAYN",20092,760
"926","darkorange",TRUE,0.0129406374036489,5350,56,27,0.482142857142857,0.00504672897196262,"TF:M09900","TF","Factor: Elf-1; motif: NNANCCGGAAGTGS",20092,1744
"927","darkorange",TRUE,0.0145245105228756,4786,56,25,0.446428571428571,0.00522356874216465,"TF:M08910","TF","Factor: C/EBPBETA; motif: KRTTGCGYAAY",20092,754
"928","darkorange",TRUE,0.0148547233356133,1656,56,13,0.232142857142857,0.00785024154589372,"TF:M02067_1","TF","Factor: ER71; motif: ACCGGAARYN; match class: 1",20092,1997
"929","darkorange",TRUE,0.0149411387037296,1034,56,10,0.178571428571429,0.00967117988394584,"TF:M04012","TF","Factor: HSFY1; motif: TTTCGAACG",20092,4340
"930","darkorange",TRUE,0.0152405918278563,10601,56,42,0.75,0.00396189038769927,"TF:M08221","TF","Factor: Elk-1:HOXA3; motif: NCCGGAAATKR",20092,1860
"931","darkorange",TRUE,0.0167454118586954,7037,56,32,0.571428571428571,0.0045473923546966,"TF:M10795","TF","Factor: HOXA10; motif: NGTCGTAAAAN",20092,3798
"932","darkorange",TRUE,0.0177655259871358,2397,56,16,0.285714285714286,0.0066750104297038,"TF:M11421","TF","Factor: ER81; motif: NACCGGAAGTN",20092,2016
"933","darkorange",TRUE,0.0187613633170228,1270,56,11,0.196428571428571,0.00866141732283465,"TF:M12273_1","TF","Factor: YY1; motif: GGCSGCCATTTTGN; match class: 1",20092,9271
"934","darkorange",TRUE,0.0187613633170228,61,56,3,0.0535714285714286,0.0491803278688525,"TF:M04323_1","TF","Factor: GBX2; motif: TAATTGNNCAATTA; match class: 1",20092,3131
"935","darkorange",TRUE,0.0197206185952489,6771,56,31,0.553571428571429,0.00457834884064392,"TF:M03966","TF","Factor: ELF1; motif: AACCCGGAAGTR",20092,1734
"936","darkorange",TRUE,0.0198516908545919,6775,56,31,0.553571428571429,0.00457564575645756,"TF:M08231","TF","Factor: Elk-1:T-bet; motif: TCACACCGGAAGNN",20092,1878
"937","darkorange",TRUE,0.0203791897730598,7117,56,32,0.571428571428571,0.00449627652100604,"TF:M07611","TF","Factor: p54NRB; motif: GRNNNMGGATGRMNNCGGA",20092,6482
"938","darkorange",TRUE,0.0212078168246976,2443,56,16,0.285714285714286,0.00654932460090053,"TF:M07415_1","TF","Factor: Elf-1; motif: AWCCCGGAAGTN; match class: 1",20092,1741
"939","darkorange",TRUE,0.0212078168246976,2197,56,15,0.267857142857143,0.00682749203459263,"TF:M01876","TF","Factor: GABP-beta; motif: ASMGGAAGKGN",20092,2998
"940","darkorange",TRUE,0.0213000660114326,2697,56,17,0.303571428571429,0.00630329996292176,"TF:M11324","TF","Factor: C/EBPgamma; motif: NNTTGCGYMANN",20092,812
"941","darkorange",TRUE,0.021317464074253,11552,56,44,0.785714285714286,0.00380886426592798,"TF:M08377","TF","Factor: meis1:Elf-1; motif: NTGCCGGAAGTN",20092,5248
"942","darkorange",TRUE,0.0230238249859824,14702,56,51,0.910714285714286,0.00346891579376956,"TF:M08266","TF","Factor: ER71:Pax-5; motif: ACCGGAACYACGCWTSANTG",20092,2306
"943","darkorange",TRUE,0.0233878077878135,7514,56,33,0.589285714285714,0.00439180196965664,"TF:M08510","TF","Factor: TEF-3:Fli-1; motif: ACCGGAAATGCC",20092,8694
"944","darkorange",TRUE,0.023957973397827,1109,56,10,0.178571428571429,0.00901713255184851,"TF:M08233_1","TF","Factor: ERF:C/EBPdelta; motif: NNCGGAWRTTGCGCAAY; match class: 1",20092,2031
"945","darkorange",TRUE,0.0242228454536693,2233,56,15,0.267857142857143,0.00671742051052396,"TF:M02055_1","TF","Factor: ESE-1; motif: NSMGGAARTN; match class: 1",20092,2131
"946","darkorange",TRUE,0.0242228454536693,16348,56,54,0.964285714285714,0.00330315634940054,"TF:M11018_1","TF","Factor: IRX-1; motif: NACRYNNNNNNNNRYGNN; match class: 1",20092,4529
"947","darkorange",TRUE,0.0242228454536693,2233,56,15,0.267857142857143,0.00671742051052396,"TF:M01214_1","TF","Factor: ESE-1; motif: NSMGGAARTN; match class: 1",20092,2135
"948","darkorange",TRUE,0.0245253839063621,8583,56,36,0.642857142857143,0.00419433764418036,"TF:M08451","TF","Factor: Elk-1:HOXA1; motif: ACCGGAAGTAATTA",20092,1856
"949","darkorange",TRUE,0.024549787682932,5591,56,27,0.482142857142857,0.00482918976927204,"TF:M11320","TF","Factor: C/EBPdelta; motif: NRTTGCGYAAYN",20092,774
"950","darkorange",TRUE,0.0246531164630097,1325,56,11,0.196428571428571,0.00830188679245283,"TF:M02056_1","TF","Factor: ELF4; motif: NCCGGAARTN; match class: 1",20092,1813
"951","darkorange",TRUE,0.0246531164630097,1325,56,11,0.196428571428571,0.00830188679245283,"TF:M11406","TF","Factor: Pet-1; motif: NACCGGAAGTN",20092,2466
"952","darkorange",TRUE,0.0248085208531404,2746,56,17,0.303571428571429,0.00619082301529497,"TF:M10880_1","TF","Factor: Alx-4; motif: NNCRTTAN; match class: 1",20092,65
"953","darkorange",TRUE,0.0248877268518867,16367,56,54,0.964285714285714,0.0032993218060732,"TF:M04748","TF","Factor: GABP-alpha; motif: AACCGGAAR",20092,2980
"954","darkorange",TRUE,0.0254531689662844,2010,56,14,0.25,0.00696517412935323,"TF:M12603_1","TF","Factor: ERM; motif: NNCACTTCCGGNN; match class: 1",20092,2113
"955","darkorange",TRUE,0.0254531689662844,1333,56,11,0.196428571428571,0.00825206301575394,"TF:M11389","TF","Factor: elf5; motif: GAMCCGGAAGTN",20092,1840
"956","darkorange",TRUE,0.0254736447547472,3286,56,19,0.339285714285714,0.00578210590383445,"TF:M04698","TF","Factor: GABP-alpha; motif: CACTTCCGG",20092,2978
"957","darkorange",TRUE,0.0254736447547472,2502,56,16,0.285714285714286,0.00639488409272582,"TF:M01078_1","TF","Factor: c-Ets-1; motif: NNNRCCGGAWRYNNNN; match class: 1",20092,837
"958","darkorange",TRUE,0.0262767482435536,5941,56,28,0.5,0.0047130112775627,"TF:M09605","TF","Factor: Elf-1; motif: NAANCMGGAAGTGN",20092,1742
"959","darkorange",TRUE,0.0262767482435536,13827,56,49,0.875,0.00354379113328994,"TF:M11530_1","TF","Factor: E2F-2; motif: NWTTTGGCGCCAWWNN; match class: 1",20092,1509
"960","darkorange",TRUE,0.0268771840498264,1564,56,12,0.214285714285714,0.00767263427109974,"TF:M11432_1","TF","Factor: Elk-1; motif: NACMGGAAGTN; match class: 1",20092,1899
"961","darkorange",TRUE,0.0273068181320779,6930,56,31,0.553571428571429,0.00447330447330447,"TF:M00339","TF","Factor: c-Ets-1; motif: RCAGGAAGTGNNTNS",20092,2232
"962","darkorange",TRUE,0.028571258267386,5976,56,28,0.5,0.00468540829986613,"TF:M01035","TF","Factor: YY1; motif: NYNKCCATNTT",20092,9280
"963","darkorange",TRUE,0.028702403257036,1148,56,10,0.178571428571429,0.00871080139372822,"TF:M10104_1","TF","Factor: YY1; motif: CAARATGGCGGC; match class: 1",20092,9267
"964","darkorange",TRUE,0.0294531134794668,4759,56,24,0.428571428571429,0.00504307627652868,"TF:M03925","TF","Factor: YY2; motif: NCCGCCATNTY",20092,9286
"965","darkorange",TRUE,0.0296077110763175,430,56,6,0.107142857142857,0.013953488372093,"TF:M12350","TF","Factor: zbtb2; motif: NTTTCCGGTAAN",20092,9360
"966","darkorange",TRUE,0.0296077110763175,7309,56,32,0.571428571428571,0.00437816390751129,"TF:M07061","TF","Factor: POU4F3; motif: CTAATYW",20092,7012
"967","darkorange",TRUE,0.0296077110763175,15883,56,53,0.946428571428571,0.00333690108921488,"TF:M08207_1","TF","Factor: E2F-3:TBR2; motif: ANGTGYKANGGCGCSTTNNCRNNT; match class: 1",20092,1515
"968","darkorange",TRUE,0.0296077110763175,5066,56,25,0.446428571428571,0.00493485984998026,"TF:M08295_1","TF","Factor: FOXO1A:Elf-1; motif: NAGAAAACCGAANM; match class: 1",20092,2809
"969","darkorange",TRUE,0.0296077110763175,2056,56,14,0.25,0.00680933852140078,"TF:M11442","TF","Factor: Net; motif: NACCGGAAGTN",20092,1918
"970","darkorange",TRUE,0.0296077110763175,7985,56,34,0.607142857142857,0.00425798371947401,"TF:M00032","TF","Factor: c-Ets-1(p54); motif: NCMGGAWGYN",20092,832
"971","darkorange",TRUE,0.0296077110763175,6001,56,28,0.5,0.00466588901849692,"TF:M00426_1","TF","Factor: E2F; motif: TTTSGCGS; match class: 1",20092,1597
"972","darkorange",TRUE,0.0304462293517108,10181,56,40,0.714285714285714,0.00392888714271683,"TF:M08289","TF","Factor: Fli-1:Max; motif: NCCGGAAACACGTGN",20092,2516
"973","darkorange",TRUE,0.0304462293517108,14860,56,51,0.910714285714286,0.00343203230148048,"TF:M08205","TF","Factor: E2F-1:Elk-1; motif: SGCGCSNNAMCGGAAGT",20092,1464
"974","darkorange",TRUE,0.0307032372668183,2821,56,17,0.303571428571429,0.00602623183268345,"TF:M11316_1","TF","Factor: C/EBPbeta; motif: NRTTGCGYAAYN; match class: 1",20092,761
"975","darkorange",TRUE,0.030998892463724,12175,56,45,0.803571428571429,0.00369609856262834,"TF:M03564_1","TF","Factor: SATB1; motif: NTTTAT; match class: 1",20092,7657
"976","darkorange",TRUE,0.0340691632103141,3945,56,21,0.375,0.00532319391634981,"TF:M08534","TF","Factor: ERF:Dlx-3; motif: NNCGGAANNNNNNNATTN",20092,2036
"977","darkorange",TRUE,0.034291719972286,299,56,5,0.0892857142857143,0.0167224080267559,"TF:M12238_1","TF","Factor: DREF; motif: MTRTCGCGAYAK; match class: 1",20092,1411
"978","darkorange",TRUE,0.0344934742308358,11410,56,43,0.767857142857143,0.00376862401402279,"TF:M00425","TF","Factor: E2F; motif: TTTCGCGC",20092,1592
"979","darkorange",TRUE,0.0344934742308358,16523,56,54,0.964285714285714,0.00326817163953277,"TF:M00716","TF","Factor: ZF5; motif: GSGCGCGR",20092,9474
"980","darkorange",TRUE,0.0344934742308358,4241,56,22,0.392857142857143,0.00518745578872907,"TF:M00117","TF","Factor: C/EBPbeta; motif: NKNTTGCNYAAYNN",20092,744
"981","darkorange",TRUE,0.0347327274426366,1627,56,12,0.214285714285714,0.00737553779963122,"TF:M08231_1","TF","Factor: Elk-1:T-bet; motif: TCACACCGGAAGNN; match class: 1",20092,1879
"982","darkorange",TRUE,0.0351491081959446,1630,56,12,0.214285714285714,0.00736196319018405,"TF:M08575_1","TF","Factor: GCMa:C/EBPbeta; motif: ATGCGGGTNNRTTGCGCAAY; match class: 1",20092,3147
"983","darkorange",TRUE,0.0372272192801866,15459,56,52,0.928571428571429,0.00336373633482114,"TF:M08568_1","TF","Factor: ER71:E2A; motif: CASSTGNACCGGAWRYN; match class: 1",20092,2321
"984","darkorange",TRUE,0.0388213663297075,1425,56,11,0.196428571428571,0.00771929824561404,"TF:M10578_1","TF","Factor: Barhl-1; motif: NTAAACGN; match class: 1",20092,413
"985","darkorange",TRUE,0.0388398516371207,22,56,2,0.0357142857142857,0.0909090909090909,"TF:M08383","TF","Factor: MGA:Dlx-2; motif: AGGTGNTAATTR",20092,5324
"986","darkorange",TRUE,0.0388398516371207,459,56,6,0.107142857142857,0.0130718954248366,"TF:M09966_1","TF","Factor: Kaiso; motif: SARNYCTCGCGAGAN; match class: 1",20092,9373
"987","darkorange",TRUE,0.0390928779764404,184,56,4,0.0714285714285714,0.0217391304347826,"TF:M04323","TF","Factor: GBX2; motif: TAATTGNNCAATTA",20092,3130
"988","darkorange",TRUE,0.0390928779764404,9932,56,39,0.696428571428571,0.00392670157068063,"TF:M08313_1","TF","Factor: GCMa:PEA3; motif: ATRCGGGCGGAAGTR; match class: 1",20092,3163
"989","darkorange",TRUE,0.0407871227950624,4599,56,23,0.410714285714286,0.00500108719286801,"TF:M00793","TF","Factor: YY1; motif: GCCATNTTN",20092,9278
"990","darkorange",TRUE,0.041010034281793,2649,56,16,0.285714285714286,0.00604001510003775,"TF:M11375","TF","Factor: Spi-B; motif: NAWGCGGAAGTN",20092,8184
"991","darkorange",TRUE,0.041192181545099,2652,56,16,0.285714285714286,0.00603318250377074,"TF:M11320_1","TF","Factor: C/EBPdelta; motif: NRTTGCGYAAYN; match class: 1",20092,775
"992","darkorange",TRUE,0.041192181545099,87,56,3,0.0535714285714286,0.0344827586206897,"TF:M11362_1","TF","Factor: c-MAF; motif: NTGCTKAYGTMAGCAN; match class: 1",20092,901
"993","darkorange",TRUE,0.0421191636046795,6160,56,28,0.5,0.00454545454545455,"TF:M07386","TF","Factor: Lmx1; motif: RDNTAATT",20092,4950
"994","darkorange",TRUE,0.04324696506426,320,56,5,0.0892857142857143,0.015625,"TF:M11446_1","TF","Factor: Elf-1; motif: RANSMGGAAGTR; match class: 1",20092,1749
"995","darkorange",TRUE,0.04324696506426,2410,56,15,0.267857142857143,0.00622406639004149,"TF:M11398","TF","Factor: Fli-1; motif: NACMGGAARTN",20092,2534
"996","darkorange",TRUE,0.0444546468844955,475,56,6,0.107142857142857,0.0126315789473684,"TF:M10643_1","TF","Factor: Homeobox; motif: NCAMTTANC; match class: 1",20092,3615
"997","darkorange",TRUE,0.0445581092021445,2419,56,15,0.267857142857143,0.00620090946672179,"TF:M08760","TF","Factor: ETV7; motif: NNSCGGAAGTR",20092,2392
"998","darkorange",TRUE,0.0448602809792913,17263,56,55,0.982142857142857,0.00318600475004345,"TF:M08526","TF","Factor: E2F-3:HES-7; motif: NNNSGCGCSNNNNNCRCGYGNN",20092,1520
"999","darkorange",TRUE,0.0457383098983368,1465,56,11,0.196428571428571,0.00750853242320819,"TF:M11436","TF","Factor: SAP-1; motif: NRNCGGAWRYN",20092,1934
"1000","darkorange",TRUE,0.0458872924315026,326,56,5,0.0892857142857143,0.0153374233128834,"TF:M01372_1","TF","Factor: NKX2B; motif: NNNRCCACTTGARANNN; match class: 1",20092,5963
"1001","darkorange",TRUE,0.0460348179706866,1037,56,9,0.160714285714286,0.00867888138862102,"TF:M03979","TF","Factor: ETV1; motif: ACCGGAAGTN",20092,2252
"1002","darkorange",TRUE,0.0460733598444895,652,56,7,0.125,0.0107361963190184,"TF:M00793_1","TF","Factor: YY1; motif: GCCATNTTN; match class: 1",20092,9279
"1003","darkorange",TRUE,0.0470611229292128,16106,56,53,0.946428571428571,0.00329069911834099,"TF:M12599_1","TF","Factor: E2F4; motif: YCCCGCCNCNNSSNNSNN; match class: 1",20092,1555
"1004","darkorange",TRUE,0.0479635545758386,11196,56,42,0.75,0.0037513397642015,"TF:M11535","TF","Factor: E2F-4; motif: TTTTGGCGCCAWWN",20092,1552
"1005","darkorange",TRUE,0.0479635545758386,5281,56,25,0.446428571428571,0.00473395190304866,"TF:M09613","TF","Factor: Fli-1; motif: RCMGGAAGYGNNN",20092,2530
"1006","darkorange",TRUE,0.0479635545758386,198,56,4,0.0714285714285714,0.0202020202020202,"TF:M01876_1","TF","Factor: GABP-beta; motif: ASMGGAAGKGN; match class: 1",20092,2999
"1007","darkorange",TRUE,0.0482382028634125,94,56,3,0.0535714285714286,0.0319148936170213,"TF:M12698","TF","Factor: ZNF227; motif: GGRGGCNGRGGCNGGNG",20092,9970
"1008","darkorange",TRUE,0.0482382028634125,4380,56,22,0.392857142857143,0.00502283105022831,"TF:M03812","TF","Factor: arnt; motif: CACGYA",20092,224
"1009","darkorange",TRUE,0.0482382028634125,660,56,7,0.125,0.0106060606060606,"TF:M04379_1","TF","Factor: ISL2; motif: GCAMTTAR; match class: 1",20092,4557
"1010","darkorange",TRUE,0.0484058941634628,2710,56,16,0.285714285714286,0.00590405904059041,"TF:M11325","TF","Factor: C/EBPgamma; motif: NNTTGCGYAANN",20092,814
"1011","darkorange",TRUE,0.0490961425015609,5922,56,27,0.482142857142857,0.00455927051671732,"TF:M00007","TF","Factor: Elk-1; motif: NAAACMGGAAGTNCVH",20092,1882
"1012","darkorange",TRUE,2.65989579858108e-82,88,50,43,0.86,0.488636363636364,"WP:WP477","WP","Cytoplasmic ribosomal proteins",8752,529
