"","query","significant","p_value","term_size","query_size","intersection_size","precision","recall","term_id","source","term_name","effective_domain_size","source_order"
"1","lightyellow",TRUE,0.00535815964879783,19,45,4,0.0888888888888889,0.210526315789474,"CORUM:181","CORUM","26S proteasome",3383,92
"2","lightyellow",TRUE,0.00535815964879783,33,45,5,0.111111111111111,0.151515151515152,"CORUM:193","CORUM","PA700-20S-PA28 complex",3383,98
"3","lightyellow",TRUE,0.00674922950229633,2,45,2,0.0444444444444444,1,"CORUM:3034","CORUM","PAC1-PAC2 complex",3383,1345
"4","lightyellow",TRUE,0.0098568171163069,11,45,3,0.0666666666666667,0.272727272727273,"CORUM:191","CORUM","20S proteasome",3383,96
"5","lightyellow",TRUE,0.0104162652546297,12,45,3,0.0666666666666667,0.25,"CORUM:194","CORUM","PA28gamma-20S proteasome",3383,99
"6","lightyellow",TRUE,0.0111795006920728,13,45,3,0.0666666666666667,0.230769230769231,"CORUM:192","CORUM","PA28-20S proteasome",3383,97
"7","lightyellow",TRUE,0.028196353244771,5,45,2,0.0444444444444444,0.4,"CORUM:5209","CORUM","Ubiquilin-proteasome complex",3383,1587
"8","lightyellow",TRUE,0.00145004765947394,414,95,11,0.115789473684211,0.0265700483091787,"GO:0043161","GO:BP","proteasome-mediated ubiquitin-dependent protein catabolic process",21026,10465
"9","lightyellow",TRUE,0.00145004765947394,786,95,15,0.157894736842105,0.0190839694656489,"GO:0051603","GO:BP","proteolysis involved in protein catabolic process",21026,13630
"10","lightyellow",TRUE,0.00145004765947394,122,95,7,0.0736842105263158,0.0573770491803279,"GO:0033108","GO:BP","mitochondrial respiratory chain complex assembly",21026,7985
"11","lightyellow",TRUE,0.0014702601929904,638,95,13,0.136842105263158,0.0203761755485893,"GO:0019941","GO:BP","modification-dependent protein catabolic process",21026,6040
"12","lightyellow",TRUE,0.0014702601929904,628,95,13,0.136842105263158,0.0207006369426752,"GO:0006511","GO:BP","ubiquitin-dependent protein catabolic process",21026,2227
"13","lightyellow",TRUE,0.0014702601929904,543,95,12,0.126315789473684,0.0220994475138122,"GO:0010498","GO:BP","proteasomal protein catabolic process",21026,4161
"14","lightyellow",TRUE,0.0014702601929904,643,95,13,0.136842105263158,0.0202177293934681,"GO:0043632","GO:BP","modification-dependent macromolecule catabolic process",21026,10715
"15","lightyellow",TRUE,0.00286240742286471,1030,95,16,0.168421052631579,0.0155339805825243,"GO:0030163","GO:BP","protein catabolic process",21026,6658
"16","lightyellow",TRUE,0.0070572066389535,15,95,3,0.0315789473684211,0.2,"GO:0043248","GO:BP","proteasome assembly",21026,10488
"17","lightyellow",TRUE,0.00919786986526994,1417,95,18,0.189473684210526,0.0127028934368384,"GO:0009057","GO:BP","macromolecule catabolic process",21026,3219
"18","lightyellow",TRUE,0.0133313075673082,4721,95,38,0.4,0.00804914213090447,"GO:0019538","GO:BP","protein metabolic process",21026,5841
"19","lightyellow",TRUE,0.0211344325931627,435,95,9,0.0947368421052632,0.0206896551724138,"GO:0007005","GO:BP","mitochondrion organization",21026,2604
"20","lightyellow",TRUE,0.0269300815770567,26,95,3,0.0315789473684211,0.115384615384615,"GO:0033617","GO:BP","mitochondrial cytochrome c oxidase assembly",21026,8259
"21","lightyellow",TRUE,0.0279800663971143,67,95,4,0.0421052631578947,0.0597014925373134,"GO:0042776","GO:BP","proton motive force-driven mitochondrial ATP synthesis",21026,10268
"22","lightyellow",TRUE,0.0359713894563223,30,95,3,0.0315789473684211,0.1,"GO:0008535","GO:BP","respiratory chain complex IV assembly",21026,3175
"23","lightyellow",TRUE,0.0417309710738253,78,95,4,0.0421052631578947,0.0512820512820513,"GO:0015986","GO:BP","proton motive force-driven ATP synthesis",21026,5038
"24","lightyellow",TRUE,0.0417309710738253,727,95,11,0.115789473684211,0.015130674002751,"GO:0006412","GO:BP","translation",21026,2162
"25","lightyellow",TRUE,3.17805775086071e-08,1779,99,30,0.303030303030303,0.0168634064080944,"GO:1902494","GO:CC","catalytic complex",22149,3602
"26","lightyellow",TRUE,1.28182021400201e-07,840,99,20,0.202020202020202,0.0238095238095238,"GO:0005740","GO:CC","mitochondrial envelope",22149,306
"27","lightyellow",TRUE,2.04918078945315e-07,790,99,19,0.191919191919192,0.0240506329113924,"GO:0031966","GO:CC","mitochondrial membrane",22149,1186
"28","lightyellow",TRUE,5.3691485619588e-07,12527,99,83,0.838383838383838,0.00662568851281232,"GO:0005737","GO:CC","cytoplasm",22149,304
"29","lightyellow",TRUE,9.31692035371264e-07,101,99,8,0.0808080808080808,0.0792079207920792,"GO:1905369","GO:CC","endopeptidase complex",22149,3689
"30","lightyellow",TRUE,9.31692035371264e-07,67,99,7,0.0707070707070707,0.104477611940299,"GO:0000502","GO:CC","proteasome complex",22149,81
"31","lightyellow",TRUE,9.31692035371264e-07,1844,99,27,0.272727272727273,0.0146420824295011,"GO:0005739","GO:CC","mitochondrion",22149,305
"32","lightyellow",TRUE,9.31692035371264e-07,15780,99,93,0.939393939393939,0.005893536121673,"GO:0043227","GO:CC","membrane-bounded organelle",22149,1841
"33","lightyellow",TRUE,2.57997418010765e-06,1329,99,22,0.222222222222222,0.0165537998495109,"GO:0031967","GO:CC","organelle envelope",22149,1187
"34","lightyellow",TRUE,2.57997418010765e-06,10,99,4,0.0404040404040404,0.4,"GO:0019773","GO:CC","proteasome core complex, alpha-subunit complex",22149,788
"35","lightyellow",TRUE,2.83801529067644e-06,4255,99,42,0.424242424242424,0.00987074030552291,"GO:0005654","GO:CC","nucleoplasm",22149,247
"36","lightyellow",TRUE,3.0250216287651e-06,130,99,8,0.0808080808080808,0.0615384615384615,"GO:1905368","GO:CC","peptidase complex",22149,3688
"37","lightyellow",TRUE,3.0250216287651e-06,6695,99,55,0.555555555555556,0.0082150858849888,"GO:0043233","GO:CC","organelle lumen",22149,1847
"38","lightyellow",TRUE,3.0250216287651e-06,6695,99,55,0.555555555555556,0.0082150858849888,"GO:0031974","GO:CC","membrane-enclosed lumen",22149,1193
"39","lightyellow",TRUE,3.0250216287651e-06,6695,99,55,0.555555555555556,0.0082150858849888,"GO:0070013","GO:CC","intracellular organelle lumen",22149,2334
"40","lightyellow",TRUE,9.3272583239425e-06,16147,99,92,0.929292929292929,0.00569765281476435,"GO:0043229","GO:CC","intracellular organelle",22149,1843
"41","lightyellow",TRUE,9.59475270925415e-06,514,99,13,0.131313131313131,0.0252918287937743,"GO:0005743","GO:CC","mitochondrial inner membrane",22149,309
"42","lightyellow",TRUE,1.21959502713336e-05,16936,99,94,0.94949494949495,0.00555030703826169,"GO:0043226","GO:CC","organelle",22149,1840
"43","lightyellow",TRUE,1.54553282199382e-05,946,99,17,0.171717171717172,0.0179704016913319,"GO:0140535","GO:CC","intracellular protein-containing complex",22149,3498
"44","lightyellow",TRUE,1.54553282199382e-05,14727,99,87,0.878787878787879,0.00590751680586678,"GO:0043231","GO:CC","intracellular membrane-bounded organelle",22149,1845
"45","lightyellow",TRUE,2.513262387569e-05,571,99,13,0.131313131313131,0.0227670753064799,"GO:0019866","GO:CC","organelle inner membrane",22149,800
"46","lightyellow",TRUE,2.99781748281562e-05,17944,99,96,0.96969696969697,0.00534997770842621,"GO:0005622","GO:CC","intracellular anatomical structure",22149,232
"47","lightyellow",TRUE,4.22590434718609e-05,5540,99,46,0.464646464646465,0.00830324909747292,"GO:0031981","GO:CC","nuclear lumen",22149,1198
"48","lightyellow",TRUE,4.33499789233696e-05,23,99,4,0.0404040404040404,0.173913043478261,"GO:0005839","GO:CC","proteasome core complex",22149,375
"49","lightyellow",TRUE,0.00122352902340859,102,99,5,0.0505050505050505,0.0490196078431373,"GO:0098803","GO:CC","respiratory chain complex",22149,3194
"50","lightyellow",TRUE,0.00122352902340859,10078,99,64,0.646464646464647,0.00635046636237349,"GO:0005634","GO:CC","nucleus",22149,238
"51","lightyellow",TRUE,0.00132124581673263,5534,99,42,0.424242424242424,0.00758944705457174,"GO:0005829","GO:CC","cytosol",22149,367
"52","lightyellow",TRUE,0.00137212994497666,7956,99,54,0.545454545454545,0.00678733031674208,"GO:0032991","GO:CC","protein-containing complex",22149,1311
"53","lightyellow",TRUE,0.00236615319092665,910,99,13,0.131313131313131,0.0142857142857143,"GO:1990234","GO:CC","transferase complex",22149,3802
"54","lightyellow",TRUE,0.00612129525417888,227,99,6,0.0606060606060606,0.026431718061674,"GO:0005741","GO:CC","mitochondrial outer membrane",22149,307
"55","lightyellow",TRUE,0.00936746791954124,10,99,2,0.0202020202020202,0.2,"GO:0030868","GO:CC","smooth endoplasmic reticulum membrane",22149,956
"56","lightyellow",TRUE,0.0111641729345583,258,99,6,0.0606060606060606,0.0232558139534884,"GO:0031968","GO:CC","organelle outer membrane",22149,1188
"57","lightyellow",TRUE,0.011263776550455,260,99,6,0.0606060606060606,0.0230769230769231,"GO:0019867","GO:CC","outer membrane",22149,801
"58","lightyellow",TRUE,0.0142560616816336,13,99,2,0.0202020202020202,0.153846153846154,"GO:0034709","GO:CC","methylosome",22149,1512
"59","lightyellow",TRUE,0.0142560616816336,50,99,3,0.0303030303030303,0.06,"GO:0071005","GO:CC","U2-type precatalytic spliceosome",22149,2529
"60","lightyellow",TRUE,0.018761670170346,56,99,3,0.0303030303030303,0.0535714285714286,"GO:0071011","GO:CC","precatalytic spliceosome",22149,2535
"61","lightyellow",TRUE,0.0205762229824518,3842,99,29,0.292929292929293,0.0075481520041645,"GO:0031090","GO:CC","organelle membrane",22149,1017
"62","lightyellow",TRUE,0.022629229564315,17,99,2,0.0202020202020202,0.117647058823529,"GO:0045259","GO:CC","proton-transporting ATP synthase complex",22149,2114
"63","lightyellow",TRUE,0.0359875991023734,22,99,2,0.0202020202020202,0.0909090909090909,"GO:0005838","GO:CC","proteasome regulatory particle",22149,374
"64","lightyellow",TRUE,0.0359875991023734,22,99,2,0.0202020202020202,0.0909090909090909,"GO:0005697","GO:CC","telomerase holoenzyme complex",22149,280
"65","lightyellow",TRUE,0.0364119285239988,1,99,1,0.0101010101010101,1,"GO:1905720","GO:CC","cytoplasmic microtubule bundle",22149,3696
"66","lightyellow",TRUE,0.0374292123094403,23,99,2,0.0202020202020202,0.0869565217391304,"GO:0005680","GO:CC","anaphase-promoting complex",22149,265
"67","lightyellow",TRUE,0.0430993467227309,25,99,2,0.0202020202020202,0.08,"GO:0022624","GO:CC","proteasome accessory complex",22149,831
"68","lightyellow",TRUE,0.00131705333466265,15123,97,90,0.927835051546392,0.00595120015869867,"GO:0005515","GO:MF","protein binding",20246,1462
"69","lightyellow",TRUE,1.04658320429714e-07,6339,67,62,0.925373134328358,0.00978072251143713,"HPA:0540052","HPA","Stomach 1; glandular cells[≥Medium]",10995,799
"70","lightyellow",TRUE,1.7531880566892e-07,6814,67,63,0.940298507462687,0.00924567067801585,"HPA:0430000","HPA","Seminal vesicle",10995,618
"71","lightyellow",TRUE,1.7531880566892e-07,6814,67,63,0.940298507462687,0.00924567067801585,"HPA:0430051","HPA","Seminal vesicle; glandular cells[≥Low]",10995,619
"72","lightyellow",TRUE,1.7531880566892e-07,6271,67,61,0.91044776119403,0.00972731621750917,"HPA:0550052","HPA","Stomach 2; glandular cells[≥Medium]",10995,803
"73","lightyellow",TRUE,1.79528463923932e-07,5292,67,56,0.835820895522388,0.0105820105820106,"HPA:0460671","HPA","Skin 1; melanocytes[≥Low]",10995,682
"74","lightyellow",TRUE,3.64140090991415e-07,6697,67,62,0.925373134328358,0.00925787666119158,"HPA:0100131","HPA","Cerebral cortex; neuronal cells[≥Low]",10995,189
"75","lightyellow",TRUE,3.9230255630851e-07,7592,67,65,0.970149253731343,0.00856164383561644,"HPA:0550000","HPA","Stomach 2",10995,801
"76","lightyellow",TRUE,3.9230255630851e-07,5651,67,57,0.850746268656716,0.0100867103167581,"HPA:0050091","HPA","Breast; myoepithelial cells[≥Low]",10995,61
"77","lightyellow",TRUE,3.9230255630851e-07,5049,67,54,0.805970149253731,0.0106951871657754,"HPA:0190222","HPA","Esophagus; squamous epithelial cells[≥Medium]",10995,326
"78","lightyellow",TRUE,3.9230255630851e-07,7592,67,65,0.970149253731343,0.00856164383561644,"HPA:0550051","HPA","Stomach 2; glandular cells[≥Low]",10995,802
"79","lightyellow",TRUE,4.40306890194639e-07,7050,67,63,0.940298507462687,0.00893617021276596,"HPA:0400051","HPA","Rectum; glandular cells[≥Low]",10995,577
"80","lightyellow",TRUE,5.68721729251489e-07,7093,67,63,0.940298507462687,0.00888199633441421,"HPA:0150051","HPA","Duodenum; glandular cells[≥Low]",10995,272
"81","lightyellow",TRUE,7.3053743064808e-07,5975,67,58,0.865671641791045,0.0097071129707113,"HPA:0130052","HPA","Colon; glandular cells[≥Medium]",10995,232
"82","lightyellow",TRUE,1.25076847256892e-06,6284,67,59,0.880597014925373,0.00938892425206875,"HPA:0290000","HPA","Liver",10995,436
"83","lightyellow",TRUE,1.25076847256892e-06,6058,67,58,0.865671641791045,0.00957411687025421,"HPA:0480052","HPA","Small intestine; glandular cells[≥Medium]",10995,754
"84","lightyellow",TRUE,1.25076847256892e-06,6983,67,62,0.925373134328358,0.00887870542746671,"HPA:0130051","HPA","Colon; glandular cells[≥Low]",10995,231
"85","lightyellow",TRUE,1.25076847256892e-06,7228,67,63,0.940298507462687,0.00871610403984505,"HPA:0460000","HPA","Skin 1",10995,636
"86","lightyellow",TRUE,1.29275739900169e-06,6095,67,58,0.865671641791045,0.00951599671862182,"HPA:0400052","HPA","Rectum; glandular cells[≥Medium]",10995,578
"87","lightyellow",TRUE,1.29275739900169e-06,5683,67,56,0.835820895522388,0.00985395037832131,"HPA:0630051","HPA","Cervix; glandular cells[≥Low]",10995,202
"88","lightyellow",TRUE,1.3984061676022e-06,3960,67,46,0.686567164179104,0.0116161616161616,"HPA:0291161","HPA","Liver; cholangiocytes[≥Low]",10995,437
"89","lightyellow",TRUE,1.5767811874071e-06,6799,67,61,0.91044776119403,0.00897190763347551,"HPA:0050051","HPA","Breast; glandular cells[≥Low]",10995,58
"90","lightyellow",TRUE,1.75952963308215e-06,7322,67,63,0.940298507462687,0.00860420650095602,"HPA:0180051","HPA","Epididymis; glandular cells[≥Low]",10995,321
"91","lightyellow",TRUE,1.75952963308215e-06,7322,67,63,0.940298507462687,0.00860420650095602,"HPA:0180000","HPA","Epididymis",10995,320
"92","lightyellow",TRUE,1.91495338493569e-06,4671,67,50,0.746268656716418,0.0107043459644616,"HPA:0210052","HPA","Fallopian tube; glandular cells[≥Medium]",10995,355
"93","lightyellow",TRUE,2.08546770226092e-06,7643,67,64,0.955223880597015,0.00837367525840639,"HPA:0220000","HPA","Gallbladder",10995,360
"94","lightyellow",TRUE,2.08546770226092e-06,7643,67,64,0.955223880597015,0.00837367525840639,"HPA:0220051","HPA","Gallbladder; glandular cells[≥Low]",10995,361
"95","lightyellow",TRUE,2.08546770226092e-06,5227,67,53,0.791044776119403,0.0101396594604936,"HPA:0430052","HPA","Seminal vesicle; glandular cells[≥Medium]",10995,620
"96","lightyellow",TRUE,2.08546770226092e-06,7647,67,64,0.955223880597015,0.00836929514842422,"HPA:0540051","HPA","Stomach 1; glandular cells[≥Low]",10995,798
"97","lightyellow",TRUE,2.08546770226092e-06,7647,67,64,0.955223880597015,0.00836929514842422,"HPA:0540000","HPA","Stomach 1",10995,797
"98","lightyellow",TRUE,2.92714416798042e-06,7170,67,62,0.925373134328358,0.00864714086471409,"HPA:0050000","HPA","Breast",10995,54
"99","lightyellow",TRUE,3.14069961058298e-06,5296,67,53,0.791044776119403,0.0100075528700906,"HPA:0350472","HPA","Pancreas; exocrine glandular cells[≥Medium]",10995,516
"100","lightyellow",TRUE,3.71343562346894e-06,6095,67,57,0.850746268656716,0.00935192780968007,"HPA:0150052","HPA","Duodenum; glandular cells[≥Medium]",10995,273
"101","lightyellow",TRUE,4.17351025349463e-06,4982,67,51,0.761194029850746,0.0102368526696106,"HPA:0100132","HPA","Cerebral cortex; neuronal cells[≥Medium]",10995,190
"102","lightyellow",TRUE,5.07346139165981e-06,7020,67,61,0.91044776119403,0.00868945868945869,"HPA:0470000","HPA","Skin 2",10995,691
"103","lightyellow",TRUE,5.1730349749549e-06,8088,67,65,0.970149253731343,0.00803659742828882,"HPA:0100000","HPA","Cerebral cortex",10995,182
"104","lightyellow",TRUE,5.42074034209828e-06,6806,67,60,0.895522388059702,0.00881575080811049,"HPA:0160051","HPA","Endometrium 1; glandular cells[≥Low]",10995,310
"105","lightyellow",TRUE,5.8140489691483e-06,4044,67,45,0.671641791044776,0.0111275964391691,"HPA:0620222","HPA","Vagina; squamous epithelial cells[≥Medium]",10995,873
"106","lightyellow",TRUE,6.2920522633841e-06,7065,67,61,0.91044776119403,0.0086341118188252,"HPA:0480051","HPA","Small intestine; glandular cells[≥Low]",10995,753
"107","lightyellow",TRUE,6.46987460969925e-06,4222,67,46,0.686567164179104,0.0108953102794884,"HPA:0250132","HPA","Hippocampus; neuronal cells[≥Medium]",10995,386
"108","lightyellow",TRUE,6.75777766176234e-06,5441,67,53,0.791044776119403,0.00974085646020952,"HPA:0490000","HPA","Smooth muscle",10995,762
"109","lightyellow",TRUE,6.75777766176234e-06,5441,67,53,0.791044776119403,0.00974085646020952,"HPA:0490691","HPA","Smooth muscle; smooth muscle cells[≥Low]",10995,763
"110","lightyellow",TRUE,6.75777766176234e-06,3771,67,43,0.641791044776119,0.011402810925484,"HPA:0050092","HPA","Breast; myoepithelial cells[≥Medium]",10995,62
"111","lightyellow",TRUE,6.75777766176234e-06,6214,67,57,0.850746268656716,0.00917283553266817,"HPA:0250131","HPA","Hippocampus; neuronal cells[≥Low]",10995,385
"112","lightyellow",TRUE,7.33826682212489e-06,7111,67,61,0.91044776119403,0.00857825903529743,"HPA:0590051","HPA","Thyroid gland; glandular cells[≥Low]",10995,854
"113","lightyellow",TRUE,7.33826682212489e-06,6666,67,59,0.880597014925373,0.00885088508850885,"HPA:0190221","HPA","Esophagus; squamous epithelial cells[≥Low]",10995,325
"114","lightyellow",TRUE,7.33826682212489e-06,6666,67,59,0.880597014925373,0.00885088508850885,"HPA:0190000","HPA","Esophagus",10995,324
"115","lightyellow",TRUE,7.33826682212489e-06,7884,67,64,0.955223880597015,0.00811770674784373,"HPA:0150000","HPA","Duodenum",10995,256
"116","lightyellow",TRUE,7.33826682212489e-06,7111,67,61,0.91044776119403,0.00857825903529743,"HPA:0590000","HPA","Thyroid gland",10995,853
"117","lightyellow",TRUE,8.67166168360034e-06,5680,67,54,0.805970149253731,0.00950704225352113,"HPA:0180052","HPA","Epididymis; glandular cells[≥Medium]",10995,322
"118","lightyellow",TRUE,8.76462659124454e-06,7391,67,62,0.925373134328358,0.00838858070626437,"HPA:0350000","HPA","Pancreas",10995,514
"119","lightyellow",TRUE,8.87427147223115e-06,7397,67,62,0.925373134328358,0.00838177639583615,"HPA:0020051","HPA","Adrenal gland; glandular cells[≥Low]",10995,16
"120","lightyellow",TRUE,8.87427147223115e-06,7404,67,62,0.925373134328358,0.00837385197190708,"HPA:0020000","HPA","Adrenal gland",10995,6
"121","lightyellow",TRUE,8.87427147223115e-06,6712,67,59,0.880597014925373,0.00879022646007151,"HPA:0170051","HPA","Endometrium 2; glandular cells[≥Low]",10995,317
"122","lightyellow",TRUE,8.87427147223115e-06,6929,67,60,0.895522388059702,0.00865925819021504,"HPA:0350471","HPA","Pancreas; exocrine glandular cells[≥Low]",10995,515
"123","lightyellow",TRUE,8.87427147223115e-06,4801,67,49,0.73134328358209,0.0102062070402,"HPA:0390052","HPA","Prostate; glandular cells[≥Medium]",10995,556
"124","lightyellow",TRUE,1.03513964260393e-05,7957,67,64,0.955223880597015,0.00804323237401031,"HPA:0400000","HPA","Rectum",10995,558
"125","lightyellow",TRUE,1.03513964260393e-05,6738,67,59,0.880597014925373,0.00875630750964678,"HPA:0030051","HPA","Appendix; glandular cells[≥Low]",10995,38
"126","lightyellow",TRUE,1.07843012902463e-05,5734,67,54,0.805970149253731,0.00941750959190792,"HPA:0210051","HPA","Fallopian tube; glandular cells[≥Low]",10995,354
"127","lightyellow",TRUE,1.31781625895579e-05,4866,67,49,0.73134328358209,0.0100698725852857,"HPA:0420052","HPA","Salivary gland; glandular cells[≥Medium]",10995,616
"128","lightyellow",TRUE,1.31781625895579e-05,4369,67,46,0.686567164179104,0.0105287251087205,"HPA:0241102","HPA","Heart muscle; cardiomyocytes[≥Medium]",10995,379
"129","lightyellow",TRUE,1.50875297948717e-05,5981,67,55,0.82089552238806,0.00919578665774954,"HPA:0600431","HPA","Tonsil; germinal center cells[≥Low]",10995,858
"130","lightyellow",TRUE,1.62591296164403e-05,5614,67,53,0.791044776119403,0.00944068400427503,"HPA:0351181","HPA","Pancreas; pancreatic endocrine cells[≥Low]",10995,518
"131","lightyellow",TRUE,1.65394433387854e-05,7043,67,60,0.895522388059702,0.00851909697572057,"HPA:0160000","HPA","Endometrium 1",10995,306
"132","lightyellow",TRUE,1.74577520582769e-05,7286,67,61,0.91044776119403,0.00837222069722756,"HPA:0610831","HPA","Urinary bladder; urothelial cells[≥Low]",10995,868
"133","lightyellow",TRUE,1.74577520582769e-05,7286,67,61,0.91044776119403,0.00837222069722756,"HPA:0610000","HPA","Urinary bladder",10995,867
"134","lightyellow",TRUE,1.9823898591608e-05,4117,67,44,0.656716417910448,0.0106873937333009,"HPA:0090162","HPA","Cerebellum; Purkinje cells[≥Medium]",10995,117
"135","lightyellow",TRUE,2.17438866594132e-05,5667,67,53,0.791044776119403,0.00935239103582142,"HPA:0130201","HPA","Colon; endothelial cells[≥Low]",10995,216
"136","lightyellow",TRUE,2.29742479183058e-05,5493,67,52,0.776119402985075,0.009466593846714,"HPA:0030052","HPA","Appendix; glandular cells[≥Medium]",10995,39
"137","lightyellow",TRUE,2.44861180502721e-05,5147,67,50,0.746268656716418,0.0097143967359627,"HPA:0160052","HPA","Endometrium 1; glandular cells[≥Medium]",10995,311
"138","lightyellow",TRUE,2.49871361978365e-05,5884,67,54,0.805970149253731,0.00917743031951054,"HPA:0360000","HPA","Parathyroid gland",10995,521
"139","lightyellow",TRUE,2.49871361978365e-05,5884,67,54,0.805970149253731,0.00917743031951054,"HPA:0360051","HPA","Parathyroid gland; glandular cells[≥Low]",10995,522
"140","lightyellow",TRUE,2.56156852164041e-05,6905,67,59,0.880597014925373,0.00854453294713975,"HPA:0170000","HPA","Endometrium 2",10995,313
"141","lightyellow",TRUE,2.63043750189874e-05,6911,67,59,0.880597014925373,0.00853711474461004,"HPA:0630000","HPA","Cervix",10995,201
"142","lightyellow",TRUE,3.03694534475314e-05,4033,67,43,0.641791044776119,0.010662038184974,"HPA:0630052","HPA","Cervix; glandular cells[≥Medium]",10995,203
"143","lightyellow",TRUE,3.06287599581626e-05,6115,67,55,0.82089552238806,0.00899427636958299,"HPA:0600441","HPA","Tonsil; non-germinal center cells[≥Low]",10995,861
"144","lightyellow",TRUE,3.50996552887325e-05,7182,67,60,0.895522388059702,0.00835421888053467,"HPA:0090000","HPA","Cerebellum",10995,103
"145","lightyellow",TRUE,3.5216198174739e-05,5947,67,54,0.805970149253731,0.00908020850849168,"HPA:0610832","HPA","Urinary bladder; urothelial cells[≥Medium]",10995,869
"146","lightyellow",TRUE,3.76795511739314e-05,4882,67,48,0.716417910447761,0.00983203605079885,"HPA:0170052","HPA","Endometrium 2; glandular cells[≥Medium]",10995,318
"147","lightyellow",TRUE,4.25998789656567e-05,1656,67,25,0.373134328358209,0.0150966183574879,"HPA:0210053","HPA","Fallopian tube; glandular cells[High]",10995,356
"148","lightyellow",TRUE,4.40531534678081e-05,7454,67,61,0.91044776119403,0.00818352562382613,"HPA:0210000","HPA","Fallopian tube",10995,341
"149","lightyellow",TRUE,4.43616367645886e-05,8216,67,64,0.955223880597015,0.00778967867575463,"HPA:0270000","HPA","Kidney",10995,407
"150","lightyellow",TRUE,4.93789449076515e-05,6601,67,57,0.850746268656716,0.00863505529465233,"HPA:0220052","HPA","Gallbladder; glandular cells[≥Medium]",10995,362
"151","lightyellow",TRUE,5.74746200356924e-05,7500,67,61,0.91044776119403,0.00813333333333333,"HPA:0380000","HPA","Placenta",10995,532
"152","lightyellow",TRUE,7.06427815072379e-05,6662,67,57,0.850746268656716,0.0085559891924347,"HPA:0390051","HPA","Prostate; glandular cells[≥Low]",10995,555
"153","lightyellow",TRUE,7.06427815072379e-05,6662,67,57,0.850746268656716,0.0085559891924347,"HPA:0390000","HPA","Prostate",10995,554
"154","lightyellow",TRUE,9.26653511665054e-05,5738,67,52,0.776119402985075,0.00906239107703032,"HPA:0290401","HPA","Liver; hepatocytes[≥Low]",10995,440
"155","lightyellow",TRUE,0.00010913184869359,3622,67,39,0.582089552238806,0.0107675317504141,"HPA:0351182","HPA","Pancreas; pancreatic endocrine cells[≥Medium]",10995,519
"156","lightyellow",TRUE,0.000120342922684922,7862,67,62,0.925373134328358,0.00788603408801832,"HPA:0480000","HPA","Small intestine",10995,740
"157","lightyellow",TRUE,0.000121435605961834,4740,67,46,0.686567164179104,0.00970464135021097,"HPA:0320102","HPA","Nasopharynx; respiratory epithelial cells[≥Medium]",10995,486
"158","lightyellow",TRUE,0.000129744175726644,4919,67,47,0.701492537313433,0.00955478755844684,"HPA:0100121","HPA","Cerebral cortex; glial cells[≥Low]",10995,186
"159","lightyellow",TRUE,0.000131416904547585,4112,67,42,0.626865671641791,0.0102140077821012,"HPA:0080132","HPA","Caudate; neuronal cells[≥Medium]",10995,95
"160","lightyellow",TRUE,0.000139852707884921,5814,67,52,0.776119402985075,0.00894392844857241,"HPA:0270362","HPA","Kidney; cells in tubules[≥Medium]",10995,415
"161","lightyellow",TRUE,0.000139852707884921,9012,67,66,0.985074626865672,0.00732356857523302,"HPA:0570000","HPA","Testis",10995,818
"162","lightyellow",TRUE,0.000139852707884921,4937,67,47,0.701492537313433,0.00951995138748228,"HPA:0600222","HPA","Tonsil; squamous epithelial cells[≥Medium]",10995,865
"163","lightyellow",TRUE,0.000141848971889423,2284,67,29,0.432835820895522,0.0126970227670753,"HPA:0020053","HPA","Adrenal gland; glandular cells[High]",10995,18
"164","lightyellow",TRUE,0.000148043428622251,7007,67,58,0.865671641791045,0.00827743684886542,"HPA:0270361","HPA","Kidney; cells in tubules[≥Low]",10995,414
"165","lightyellow",TRUE,0.000162602088721467,6816,67,57,0.850746268656716,0.00836267605633803,"HPA:0250000","HPA","Hippocampus",10995,381
"166","lightyellow",TRUE,0.000170729806163714,3702,67,39,0.582089552238806,0.0105348460291734,"HPA:0460672","HPA","Skin 1; melanocytes[≥Medium]",10995,683
"167","lightyellow",TRUE,0.000190682839072369,4338,67,43,0.641791044776119,0.0099124020285846,"HPA:0530721","HPA","Spleen; cells in white pulp[≥Low]",10995,794
"168","lightyellow",TRUE,0.000212259414472078,5357,67,49,0.73134328358209,0.00914691058428225,"HPA:0500000","HPA","Soft tissue 1",10995,766
"169","lightyellow",TRUE,0.000218982718830582,3744,67,39,0.582089552238806,0.0104166666666667,"HPA:0290402","HPA","Liver; hepatocytes[≥Medium]",10995,441
"170","lightyellow",TRUE,0.000218982718830582,1842,67,25,0.373134328358209,0.0135722041259501,"HPA:0180053","HPA","Epididymis; glandular cells[High]",10995,323
"171","lightyellow",TRUE,0.000234859234197749,6888,67,57,0.850746268656716,0.00827526132404181,"HPA:0420051","HPA","Salivary gland; glandular cells[≥Low]",10995,615
"172","lightyellow",TRUE,0.000234859234197749,6888,67,57,0.850746268656716,0.00827526132404181,"HPA:0420000","HPA","Salivary gland",10995,614
"173","lightyellow",TRUE,0.000243749163381874,5564,67,50,0.746268656716418,0.0089863407620417,"HPA:0090161","HPA","Cerebellum; Purkinje cells[≥Low]",10995,116
"174","lightyellow",TRUE,0.000255573154281793,7774,67,61,0.91044776119403,0.00784666838178544,"HPA:0600000","HPA","Tonsil",10995,857
"175","lightyellow",TRUE,0.000257004360239166,6317,67,54,0.805970149253731,0.00854836156403356,"HPA:0240000","HPA","Heart muscle",10995,377
"176","lightyellow",TRUE,0.000257004360239166,5757,67,51,0.761194029850746,0.0088587806149036,"HPA:0320101","HPA","Nasopharynx; respiratory epithelial cells[≥Low]",10995,485
"177","lightyellow",TRUE,0.000257004360239166,6317,67,54,0.805970149253731,0.00854836156403356,"HPA:0241101","HPA","Heart muscle; cardiomyocytes[≥Low]",10995,378
"178","lightyellow",TRUE,0.000266140443940644,6518,67,55,0.82089552238806,0.00843817121816508,"HPA:0310000","HPA","Lymph node",10995,459
"179","lightyellow",TRUE,0.000269734732796151,5590,67,50,0.746268656716418,0.00894454382826476,"HPA:0590052","HPA","Thyroid gland; glandular cells[≥Medium]",10995,855
"180","lightyellow",TRUE,0.000275413950743605,4905,67,46,0.686567164179104,0.00937818552497452,"HPA:0060102","HPA","Bronchus; respiratory epithelial cells[≥Medium]",10995,84
"181","lightyellow",TRUE,0.000284649129152122,6152,67,53,0.791044776119403,0.00861508452535761,"HPA:0080131","HPA","Caudate; neuronal cells[≥Low]",10995,94
"182","lightyellow",TRUE,0.000284649129152122,3952,67,40,0.597014925373134,0.0101214574898785,"HPA:0460641","HPA","Skin 1; Langerhans[≥Low]",10995,637
"183","lightyellow",TRUE,0.000292743276130272,6348,67,54,0.805970149253731,0.00850661625708885,"HPA:0380521","HPA","Placenta; trophoblastic cells[≥Low]",10995,551
"184","lightyellow",TRUE,0.000346260133179503,8322,67,63,0.940298507462687,0.00757029560201875,"HPA:0130000","HPA","Colon",10995,212
"185","lightyellow",TRUE,0.000349258377299573,6005,67,52,0.776119402985075,0.00865945045795171,"HPA:0020052","HPA","Adrenal gland; glandular cells[≥Medium]",10995,17
"186","lightyellow",TRUE,0.000459410612787494,3727,67,38,0.567164179104478,0.0101958679903408,"HPA:0630222","HPA","Cervix; squamous epithelial cells[≥Medium]",10995,206
"187","lightyellow",TRUE,0.000488459004643233,1472,67,21,0.313432835820896,0.0142663043478261,"HPA:0430053","HPA","Seminal vesicle; glandular cells[High]",10995,621
"188","lightyellow",TRUE,0.000488459004643233,6637,67,55,0.82089552238806,0.00828687660087389,"HPA:0600221","HPA","Tonsil; squamous epithelial cells[≥Low]",10995,864
"189","lightyellow",TRUE,0.0005037984445765,5891,67,51,0.761194029850746,0.00865727380750297,"HPA:0530000","HPA","Spleen",10995,790
"190","lightyellow",TRUE,0.00052818599736472,5197,67,47,0.701492537313433,0.00904367904560323,"HPA:0510000","HPA","Soft tissue 2",10995,776
"191","lightyellow",TRUE,0.000541048012379385,4539,67,43,0.641791044776119,0.00947345230226922,"HPA:0090181","HPA","Cerebellum; cells in granular layer[≥Low]",10995,131
"192","lightyellow",TRUE,0.000571627314095218,4231,67,41,0.611940298507463,0.00969038052469865,"HPA:0500651","HPA","Soft tissue 1; fibroblasts[≥Low]",10995,770
"193","lightyellow",TRUE,0.000584046916435921,5049,67,46,0.686567164179104,0.00911071499306793,"HPA:0310431","HPA","Lymph node; germinal center cells[≥Low]",10995,460
"194","lightyellow",TRUE,0.000600577149087475,4888,67,45,0.671641791044776,0.00920621931260229,"HPA:0300412","HPA","Lung; macrophages[≥Medium]",10995,457
"195","lightyellow",TRUE,0.000606469316501864,4403,67,42,0.626865671641791,0.0095389507154213,"HPA:0360052","HPA","Parathyroid gland; glandular cells[≥Medium]",10995,523
"196","lightyellow",TRUE,0.00062461663200859,2777,67,31,0.462686567164179,0.0111631256751891,"HPA:0050011","HPA","Breast; adipocytes[≥Low]",10995,55
"197","lightyellow",TRUE,0.000664084301439975,1173,67,18,0.26865671641791,0.0153452685421995,"HPA:0241103","HPA","Heart muscle; cardiomyocytes[High]",10995,380
"198","lightyellow",TRUE,0.000744605905430447,5098,67,46,0.686567164179104,0.00902314633189486,"HPA:0050052","HPA","Breast; glandular cells[≥Medium]",10995,59
"199","lightyellow",TRUE,0.000763678822799111,5446,67,48,0.716417910447761,0.00881380829966948,"HPA:0630221","HPA","Cervix; squamous epithelial cells[≥Low]",10995,205
"200","lightyellow",TRUE,0.000775862795695776,4451,67,42,0.626865671641791,0.00943608177937542,"HPA:0090191","HPA","Cerebellum; cells in molecular layer[≥Low]",10995,134
"201","lightyellow",TRUE,0.000853823387375926,6952,67,56,0.835820895522388,0.00805523590333717,"HPA:0080000","HPA","Caudate",10995,90
"202","lightyellow",TRUE,0.000909168317642364,1550,67,21,0.313432835820896,0.0135483870967742,"HPA:0360053","HPA","Parathyroid gland; glandular cells[High]",10995,524
"203","lightyellow",TRUE,0.000909168317642364,6768,67,55,0.82089552238806,0.00812647754137116,"HPA:0300411","HPA","Lung; macrophages[≥Low]",10995,456
"204","lightyellow",TRUE,0.000919719663364454,3123,67,33,0.492537313432836,0.010566762728146,"HPA:0490692","HPA","Smooth muscle; smooth muscle cells[≥Medium]",10995,764
"205","lightyellow",TRUE,0.000966885998761392,7817,67,60,0.895522388059702,0.00767557886657285,"HPA:0030000","HPA","Appendix",10995,22
"206","lightyellow",TRUE,0.000989512655363155,7187,67,57,0.850746268656716,0.00793098650340893,"HPA:0320000","HPA","Nasopharynx",10995,466
"207","lightyellow",TRUE,0.000996045382459025,2719,67,30,0.447761194029851,0.0110334681868334,"HPA:0530722","HPA","Spleen; cells in white pulp[≥Medium]",10995,795
"208","lightyellow",TRUE,0.000996045382459025,5332,67,47,0.701492537313433,0.00881470367591898,"HPA:0530711","HPA","Spleen; cells in red pulp[≥Low]",10995,791
"209","lightyellow",TRUE,0.00111512399203477,6246,67,52,0.776119402985075,0.00832532821005444,"HPA:0330221","HPA","Oral mucosa; squamous epithelial cells[≥Low]",10995,489
"210","lightyellow",TRUE,0.00111512399203477,6246,67,52,0.776119402985075,0.00832532821005444,"HPA:0330000","HPA","Oral mucosa",10995,488
"211","lightyellow",TRUE,0.00116732673243472,5894,67,50,0.746268656716418,0.00848320325755005,"HPA:0440341","HPA","Skeletal muscle; myocytes[≥Low]",10995,623
"212","lightyellow",TRUE,0.00116732673243472,715,67,13,0.194029850746269,0.0181818181818182,"HPA:0461461","HPA","Skin 1; langerhans cells[≥Low]",10995,676
"213","lightyellow",TRUE,0.00116732673243472,5894,67,50,0.746268656716418,0.00848320325755005,"HPA:0440000","HPA","Skeletal muscle",10995,622
"214","lightyellow",TRUE,0.00116732673243472,5030,67,45,0.671641791044776,0.00894632206759443,"HPA:0130241","HPA","Colon; peripheral nerve/ganglion[≥Low]",10995,240
"215","lightyellow",TRUE,0.00119295716674052,5901,67,50,0.746268656716418,0.00847314014573801,"HPA:0060101","HPA","Bronchus; respiratory epithelial cells[≥Low]",10995,83
"216","lightyellow",TRUE,0.00121557989799925,719,67,13,0.194029850746269,0.0180806675938804,"HPA:0470181","HPA","Skin 2; cells in granular layer[≥Low]",10995,701
"217","lightyellow",TRUE,0.00127403003450987,723,67,13,0.194029850746269,0.0179806362378976,"HPA:0470671","HPA","Skin 2; melanocytes[≥Low]",10995,731
"218","lightyellow",TRUE,0.00131852148291699,4728,67,43,0.641791044776119,0.00909475465313029,"HPA:0030071","HPA","Appendix; lymphoid tissue[≥Low]",10995,44
"219","lightyellow",TRUE,0.00136039238689415,1489,67,20,0.298507462686567,0.0134318334452653,"HPA:0050012","HPA","Breast; adipocytes[≥Medium]",10995,56
"220","lightyellow",TRUE,0.0014643553013292,2248,67,26,0.388059701492537,0.0115658362989324,"HPA:0340452","HPA","Ovary; follicle cells[≥Medium]",10995,500
"221","lightyellow",TRUE,0.00147212017516432,836,67,14,0.208955223880597,0.0167464114832536,"HPA:0050093","HPA","Breast; myoepithelial cells[High]",10995,63
"222","lightyellow",TRUE,0.00150587988951148,5427,67,47,0.701492537313433,0.00866040169522757,"HPA:0340000","HPA","Ovary",10995,492
"223","lightyellow",TRUE,0.00151005622542969,3514,67,35,0.522388059701492,0.0099601593625498,"HPA:0170251","HPA","Endometrium 2; cells in endometrial stroma[≥Low]",10995,314
"224","lightyellow",TRUE,0.0015153898714027,840,67,14,0.208955223880597,0.0166666666666667,"HPA:0460201","HPA","Skin 1; endothelial cells[≥Low]",10995,658
"225","lightyellow",TRUE,0.00161597442240668,1880,67,23,0.343283582089552,0.0122340425531915,"HPA:0030053","HPA","Appendix; glandular cells[High]",10995,40
"226","lightyellow",TRUE,0.00177357643298092,5991,67,50,0.746268656716418,0.00834585211150058,"HPA:0620221","HPA","Vagina; squamous epithelial cells[≥Low]",10995,872
"227","lightyellow",TRUE,0.00177357643298092,5991,67,50,0.746268656716418,0.00834585211150058,"HPA:0620000","HPA","Vagina",10995,871
"228","lightyellow",TRUE,0.00186633042279069,2159,67,25,0.373134328358209,0.0115794349235757,"HPA:0270363","HPA","Kidney; cells in tubules[High]",10995,416
"229","lightyellow",TRUE,0.00186633042279069,7134,67,56,0.835820895522388,0.00784973366975049,"HPA:0570731","HPA","Testis; Leydig cells[≥Low]",10995,819
"230","lightyellow",TRUE,0.00186633042279069,759,67,13,0.194029850746269,0.0171277997364954,"HPA:0461411","HPA","Skin 1; cells in spinous layer[≥Low]",10995,652
"231","lightyellow",TRUE,0.00194949419218233,5147,67,45,0.671641791044776,0.00874295706236643,"HPA:0460661","HPA","Skin 1; keratinocytes[≥Low]",10995,673
"232","lightyellow",TRUE,0.00198314983478614,2988,67,31,0.462686567164179,0.0103748326639893,"HPA:0030072","HPA","Appendix; lymphoid tissue[≥Medium]",10995,45
"233","lightyellow",TRUE,0.00200978997348043,2574,67,28,0.417910447761194,0.0108780108780109,"HPA:0400053","HPA","Rectum; glandular cells[High]",10995,579
"234","lightyellow",TRUE,0.00200978997348043,3426,67,34,0.507462686567164,0.0099241097489784,"HPA:0130242","HPA","Colon; peripheral nerve/ganglion[≥Medium]",10995,241
"235","lightyellow",TRUE,0.00204350434823971,7358,67,57,0.850746268656716,0.0077466702908399,"HPA:0300000","HPA","Lung",10995,443
"236","lightyellow",TRUE,0.00217155488498729,2452,67,27,0.402985074626866,0.0110114192495922,"HPA:0540053","HPA","Stomach 1; glandular cells[High]",10995,800
"237","lightyellow",TRUE,0.0021964898967107,2868,67,30,0.447761194029851,0.0104602510460251,"HPA:0220053","HPA","Gallbladder; glandular cells[High]",10995,363
"238","lightyellow",TRUE,0.00221699236040886,880,67,14,0.208955223880597,0.0159090909090909,"HPA:0461391","HPA","Skin 1; cells in basal layer[≥Low]",10995,643
"239","lightyellow",TRUE,0.00227790396097895,6054,67,50,0.746268656716418,0.00825900231252065,"HPA:0310441","HPA","Lymph node; non-germinal center cells[≥Low]",10995,463
"240","lightyellow",TRUE,0.00234414995719164,5362,67,46,0.686567164179104,0.00857888847444983,"HPA:0570732","HPA","Testis; Leydig cells[≥Medium]",10995,820
"241","lightyellow",TRUE,0.00247313408155163,2613,67,28,0.417910447761194,0.0107156525066973,"HPA:0100212","HPA","Cerebral cortex; neuropil[≥Medium]",10995,196
"242","lightyellow",TRUE,0.00247313408155163,788,67,13,0.194029850746269,0.016497461928934,"HPA:0471461","HPA","Skin 2; langerhans cells[≥Low]",10995,725
"243","lightyellow",TRUE,0.00247937126510052,5040,67,44,0.656716417910448,0.00873015873015873,"HPA:0380522","HPA","Placenta; trophoblastic cells[≥Medium]",10995,552
"244","lightyellow",TRUE,0.00265637608506439,1961,67,23,0.343283582089552,0.0117287098419174,"HPA:0291162","HPA","Liver; cholangiocytes[≥Medium]",10995,438
"245","lightyellow",TRUE,0.00266839584676111,7421,67,57,0.850746268656716,0.00768090553833715,"HPA:0060000","HPA","Bronchus",10995,64
"246","lightyellow",TRUE,0.00270538519638835,1350,67,18,0.26865671641791,0.0133333333333333,"HPA:0050053","HPA","Breast; glandular cells[High]",10995,60
"247","lightyellow",TRUE,0.00278173010068806,2364,67,26,0.388059701492537,0.0109983079526227,"HPA:0570761","HPA","Testis; pachytene spermatocytes[≥Low]",10995,828
"248","lightyellow",TRUE,0.00305268569073798,4122,67,38,0.567164179104478,0.00921882581271228,"HPA:0510651","HPA","Soft tissue 2; fibroblasts[≥Low]",10995,780
"249","lightyellow",TRUE,0.00305268569073798,2792,67,29,0.432835820895522,0.0103868194842407,"HPA:0500701","HPA","Soft tissue 1; peripheral nerve[≥Low]",10995,773
"250","lightyellow",TRUE,0.00370778478479775,2547,67,27,0.402985074626866,0.0106007067137809,"HPA:0480053","HPA","Small intestine; glandular cells[High]",10995,755
"251","lightyellow",TRUE,0.00372234518479079,4007,67,37,0.552238805970149,0.00923384077863738,"HPA:0470682","HPA","Skin 2; epidermal cells[≥Medium]",10995,714
"252","lightyellow",TRUE,0.00375107358842371,2415,67,26,0.388059701492537,0.0107660455486542,"HPA:0130053","HPA","Colon; glandular cells[High]",10995,233
"253","lightyellow",TRUE,0.00375107358842371,726,67,12,0.17910447761194,0.0165289256198347,"HPA:0570743","HPA","Testis; cells in seminiferous ducts[High]",10995,824
"254","lightyellow",TRUE,0.00382645747766478,3710,67,35,0.522388059701492,0.00943396226415094,"HPA:0130202","HPA","Colon; endothelial cells[≥Medium]",10995,217
"255","lightyellow",TRUE,0.00389795081942596,2838,67,29,0.432835820895522,0.0102184637068358,"HPA:0460652","HPA","Skin 1; fibroblasts[≥Medium]",10995,665
"256","lightyellow",TRUE,0.00416155959302604,637,67,11,0.164179104477612,0.0172684458398744,"HPA:0461392","HPA","Skin 1; cells in basal layer[≥Medium]",10995,644
"257","lightyellow",TRUE,0.00416155959302604,3282,67,32,0.477611940298507,0.00975015234613041,"HPA:0460662","HPA","Skin 1; keratinocytes[≥Medium]",10995,674
"258","lightyellow",TRUE,0.00416155959302604,4995,67,43,0.641791044776119,0.00860860860860861,"HPA:0100211","HPA","Cerebral cortex; neuropil[≥Low]",10995,195
"259","lightyellow",TRUE,0.00416155959302604,2036,67,23,0.343283582089552,0.0112966601178782,"HPA:0610833","HPA","Urinary bladder; urothelial cells[High]",10995,870
"260","lightyellow",TRUE,0.00426786957085986,4198,67,38,0.567164179104478,0.00905192949023344,"HPA:0600442","HPA","Tonsil; non-germinal center cells[≥Medium]",10995,862
"261","lightyellow",TRUE,0.00441887271944494,2724,67,28,0.417910447761194,0.0102790014684288,"HPA:0500652","HPA","Soft tissue 1; fibroblasts[≥Medium]",10995,771
"262","lightyellow",TRUE,0.00490124342210955,2603,67,27,0.402985074626866,0.0103726469458317,"HPA:0150053","HPA","Duodenum; glandular cells[High]",10995,274
"263","lightyellow",TRUE,0.00526956445025556,2616,67,27,0.402985074626866,0.0103211009174312,"HPA:0510652","HPA","Soft tissue 2; fibroblasts[≥Medium]",10995,781
"264","lightyellow",TRUE,0.00533071080128739,3783,67,35,0.522388059701492,0.00925191646841131,"HPA:0440342","HPA","Skeletal muscle; myocytes[≥Medium]",10995,624
"265","lightyellow",TRUE,0.00537652798214109,870,67,13,0.194029850746269,0.0149425287356322,"HPA:0471411","HPA","Skin 2; cells in spinous layer[≥Low]",10995,704
"266","lightyellow",TRUE,0.00537652798214109,661,67,11,0.164179104477612,0.0166414523449319,"HPA:0471462","HPA","Skin 2; langerhans cells[≥Medium]",10995,726
"267","lightyellow",TRUE,0.00550471800423279,4573,67,40,0.597014925373134,0.00874699322108025,"HPA:0080121","HPA","Caudate; glial cells[≥Low]",10995,91
"268","lightyellow",TRUE,0.00561391903461813,2631,67,27,0.402985074626866,0.0102622576966933,"HPA:0460642","HPA","Skin 1; Langerhans[≥Medium]",10995,638
"269","lightyellow",TRUE,0.00573909314979522,3061,67,30,0.447761194029851,0.00980071871937275,"HPA:0570811","HPA","Testis; spermatogonia cells[≥Low]",10995,843
"270","lightyellow",TRUE,0.00602457118272085,2234,67,24,0.358208955223881,0.0107430617726052,"HPA:0010012","HPA","Adipose tissue; adipocytes[≥Medium]",10995,4
"271","lightyellow",TRUE,0.00603517745250256,884,67,13,0.194029850746269,0.0147058823529412,"HPA:0461441","HPA","Skin 1; fibrohistiocytic cells[≥Low]",10995,667
"272","lightyellow",TRUE,0.00618830332112114,887,67,13,0.194029850746269,0.0146561443066516,"HPA:0470201","HPA","Skin 2; endothelial cells[≥Low]",10995,710
"273","lightyellow",TRUE,0.00629268985876744,577,67,10,0.149253731343284,0.0173310225303293,"HPA:0461462","HPA","Skin 1; langerhans cells[≥Medium]",10995,677
"274","lightyellow",TRUE,0.00660628184951695,682,67,11,0.164179104477612,0.0161290322580645,"HPA:0471412","HPA","Skin 2; cells in spinous layer[≥Medium]",10995,705
"275","lightyellow",TRUE,0.00693475803605628,310,67,7,0.104477611940299,0.0225806451612903,"HPA:0050013","HPA","Breast; adipocytes[High]",10995,57
"276","lightyellow",TRUE,0.00738200952334999,591,67,10,0.149253731343284,0.0169204737732657,"HPA:0461412","HPA","Skin 1; cells in spinous layer[≥Medium]",10995,653
"277","lightyellow",TRUE,0.0074370154521758,592,67,10,0.149253731343284,0.0168918918918919,"HPA:0460202","HPA","Skin 1; endothelial cells[≥Medium]",10995,659
"278","lightyellow",TRUE,0.00757361974061814,802,67,12,0.17910447761194,0.0149625935162095,"HPA:0351183","HPA","Pancreas; pancreatic endocrine cells[High]",10995,520
"279","lightyellow",TRUE,0.00757361974061814,1880,67,21,0.313432835820896,0.0111702127659574,"HPA:0590053","HPA","Thyroid gland; glandular cells[High]",10995,856
"280","lightyellow",TRUE,0.00819908041548621,5161,67,43,0.641791044776119,0.00833171865917458,"HPA:0270351","HPA","Kidney; cells in glomeruli[≥Low]",10995,411
"281","lightyellow",TRUE,0.00854657086548367,1771,67,20,0.298507462686567,0.0112930547713156,"HPA:0570733","HPA","Testis; Leydig cells[High]",10995,821
"282","lightyellow",TRUE,0.00854657086548367,5678,67,46,0.686567164179104,0.00810144417048256,"HPA:0470681","HPA","Skin 2; epidermal cells[≥Low]",10995,713
"283","lightyellow",TRUE,0.00863878996672595,710,67,11,0.164179104477612,0.0154929577464789,"HPA:0460181","HPA","Skin 1; cells in granular layer[≥Low]",10995,649
"284","lightyellow",TRUE,0.00942457388085096,4072,67,36,0.537313432835821,0.00884086444007859,"HPA:0460651","HPA","Skin 1; fibroblasts[≥Low]",10995,664
"285","lightyellow",TRUE,0.0101307804235476,521,67,9,0.134328358208955,0.017274472168906,"HPA:0510653","HPA","Soft tissue 2; fibroblasts[High]",10995,782
"286","lightyellow",TRUE,0.0101930994526219,3937,67,35,0.522388059701492,0.00889001778003556,"HPA:0010000","HPA","Adipose tissue",10995,2
"287","lightyellow",TRUE,0.0101930994526219,3937,67,35,0.522388059701492,0.00889001778003556,"HPA:0010011","HPA","Adipose tissue; adipocytes[≥Low]",10995,3
"288","lightyellow",TRUE,0.0101962425809447,1802,67,20,0.298507462686567,0.0110987791342952,"HPA:0170252","HPA","Endometrium 2; cells in endometrial stroma[≥Medium]",10995,315
"289","lightyellow",TRUE,0.010402491139553,4098,67,36,0.537313432835821,0.00878477306002928,"HPA:0600432","HPA","Tonsil; germinal center cells[≥Medium]",10995,859
"290","lightyellow",TRUE,0.0113761935005024,961,67,13,0.194029850746269,0.0135275754422477,"HPA:0471391","HPA","Skin 2; cells in basal layer[≥Low]",10995,695
"291","lightyellow",TRUE,0.0117019409301852,2926,67,28,0.417910447761194,0.00956937799043062,"HPA:0090182","HPA","Cerebellum; cells in granular layer[≥Medium]",10995,132
"292","lightyellow",TRUE,0.0118559713666823,1960,67,21,0.313432835820896,0.0107142857142857,"HPA:0350473","HPA","Pancreas; exocrine glandular cells[High]",10995,517
"293","lightyellow",TRUE,0.0118708975148225,639,67,10,0.149253731343284,0.0156494522691706,"HPA:0470672","HPA","Skin 2; melanocytes[≥Medium]",10995,732
"294","lightyellow",TRUE,0.0118708975148225,1830,67,20,0.298507462686567,0.0109289617486339,"HPA:0060103","HPA","Bronchus; respiratory epithelial cells[High]",10995,85
"295","lightyellow",TRUE,0.0118781102221333,2789,67,27,0.402985074626866,0.00968088920760129,"HPA:0090192","HPA","Cerebellum; cells in molecular layer[≥Medium]",10995,135
"296","lightyellow",TRUE,0.0122377512311257,3985,67,35,0.522388059701492,0.00878293601003764,"HPA:0310442","HPA","Lymph node; non-germinal center cells[≥Medium]",10995,464
"297","lightyellow",TRUE,0.0123013619870026,3086,67,29,0.432835820895522,0.00939727802981205,"HPA:0270352","HPA","Kidney; cells in glomeruli[≥Medium]",10995,412
"298","lightyellow",TRUE,0.0126315109099696,6487,67,50,0.746268656716418,0.00770772313858486,"HPA:0040081","HPA","Bone marrow; hematopoietic cells[≥Low]",10995,51
"299","lightyellow",TRUE,0.0126315109099696,6487,67,50,0.746268656716418,0.00770772313858486,"HPA:0040000","HPA","Bone marrow",10995,50
"300","lightyellow",TRUE,0.0129398014409546,1848,67,20,0.298507462686567,0.0108225108225108,"HPA:0100133","HPA","Cerebral cortex; neuronal cells[High]",10995,191
"301","lightyellow",TRUE,0.0133358482854802,985,67,13,0.194029850746269,0.0131979695431472,"HPA:0460673","HPA","Skin 1; melanocytes[High]",10995,684
"302","lightyellow",TRUE,0.0134881991558728,358,67,7,0.104477611940299,0.0195530726256983,"HPA:0170253","HPA","Endometrium 2; cells in endometrial stroma[High]",10995,316
"303","lightyellow",TRUE,0.0136033746118078,1472,67,17,0.253731343283582,0.0115489130434783,"HPA:0160053","HPA","Endometrium 1; glandular cells[High]",10995,312
"304","lightyellow",TRUE,0.0143427554329239,557,67,9,0.134328358208955,0.0161579892280072,"HPA:0460182","HPA","Skin 1; cells in granular layer[≥Medium]",10995,650
"305","lightyellow",TRUE,0.0143427554329239,1481,67,17,0.253731343283582,0.0114787305874409,"HPA:0420053","HPA","Salivary gland; glandular cells[High]",10995,617
"306","lightyellow",TRUE,0.0151769903178541,1490,67,17,0.253731343283582,0.0114093959731544,"HPA:0570782","HPA","Testis; preleptotene spermatocytes[≥Medium]",10995,835
"307","lightyellow",TRUE,0.0156240269134522,2568,67,25,0.373134328358209,0.00973520249221184,"HPA:0570812","HPA","Testis; spermatogonia cells[≥Medium]",10995,844
"308","lightyellow",TRUE,0.0160740378416503,3298,67,30,0.447761194029851,0.00909642207398423,"HPA:0310432","HPA","Lymph node; germinal center cells[≥Medium]",10995,461
"309","lightyellow",TRUE,0.0172001998230016,1020,67,13,0.194029850746269,0.0127450980392157,"HPA:0471441","HPA","Skin 2; fibrohistiocytic cells[≥Low]",10995,719
"310","lightyellow",TRUE,0.0173031737690001,4076,67,35,0.522388059701492,0.00858684985279686,"HPA:0160251","HPA","Endometrium 1; cells in endometrial stroma[≥Low]",10995,307
"311","lightyellow",TRUE,0.0177421794217387,2316,67,23,0.343283582089552,0.00993091537132988,"HPA:0080122","HPA","Caudate; glial cells[≥Medium]",10995,92
"312","lightyellow",TRUE,0.0187762949797575,1786,67,19,0.283582089552239,0.0106382978723404,"HPA:0320103","HPA","Nasopharynx; respiratory epithelial cells[High]",10995,487
"313","lightyellow",TRUE,0.0188408787367896,293,67,6,0.0895522388059701,0.0204778156996587,"HPA:0461452","HPA","Skin 1; hair follicles[≥Medium]",10995,671
"314","lightyellow",TRUE,0.0188408787367896,4256,67,36,0.537313432835821,0.00845864661654135,"HPA:0040082","HPA","Bone marrow; hematopoietic cells[≥Medium]",10995,52
"315","lightyellow",TRUE,0.0213520052601585,1549,67,17,0.253731343283582,0.0109748224661072,"HPA:0090163","HPA","Cerebellum; Purkinje cells[High]",10995,118
"316","lightyellow",TRUE,0.0213520052601585,2355,67,23,0.343283582089552,0.00976645435244161,"HPA:0570742","HPA","Testis; cells in seminiferous ducts[≥Medium]",10995,823
"317","lightyellow",TRUE,0.0219491544162879,3983,67,34,0.507462686567164,0.00853627918654281,"HPA:0340461","HPA","Ovary; ovarian stroma cells[≥Low]",10995,508
"318","lightyellow",TRUE,0.0230939006972827,2233,67,22,0.328358208955224,0.00985221674876847,"HPA:0160252","HPA","Endometrium 1; cells in endometrial stroma[≥Medium]",10995,308
"319","lightyellow",TRUE,0.0272626845908689,1334,67,15,0.223880597014925,0.0112443778110945,"HPA:0170053","HPA","Endometrium 2; glandular cells[High]",10995,319
"320","lightyellow",TRUE,0.0275294412124061,4354,67,36,0.537313432835821,0.00826825907211759,"HPA:0330222","HPA","Oral mucosa; squamous epithelial cells[≥Medium]",10995,490
"321","lightyellow",TRUE,0.0276904243938694,3582,67,31,0.462686567164179,0.00865438302624232,"HPA:0380512","HPA","Placenta; decidual cells[≥Medium]",10995,537
"322","lightyellow",TRUE,0.0280533685047784,1468,67,16,0.238805970149254,0.0108991825613079,"HPA:0570813","HPA","Testis; spermatogonia cells[High]",10995,845
"323","lightyellow",TRUE,0.0290049100850093,3145,67,28,0.417910447761194,0.00890302066772655,"HPA:0530712","HPA","Spleen; cells in red pulp[≥Medium]",10995,792
"324","lightyellow",TRUE,0.0299822873292507,3303,67,29,0.432835820895522,0.00877989706327581,"HPA:0340451","HPA","Ovary; follicle cells[≥Low]",10995,499
"325","lightyellow",TRUE,0.0299822873292507,636,67,9,0.134328358208955,0.0141509433962264,"HPA:0470202","HPA","Skin 2; endothelial cells[≥Medium]",10995,711
"326","lightyellow",TRUE,0.0315065913557388,754,67,10,0.149253731343284,0.013262599469496,"HPA:0471392","HPA","Skin 2; cells in basal layer[≥Medium]",10995,696
"327","lightyellow",TRUE,0.0335545953376243,1900,67,19,0.283582089552239,0.01,"HPA:0570781","HPA","Testis; preleptotene spermatocytes[≥Low]",10995,834
"328","lightyellow",TRUE,0.0350480493305081,2325,67,22,0.328358208955224,0.00946236559139785,"HPA:0570791","HPA","Testis; round or early spermatids[≥Low]",10995,837
"329","lightyellow",TRUE,0.0350480493305081,3194,67,28,0.417910447761194,0.00876643706950532,"HPA:0510701","HPA","Soft tissue 2; peripheral nerve[≥Low]",10995,783
"330","lightyellow",TRUE,0.0361274035443923,1258,67,14,0.208955223880597,0.0111287758346582,"HPA:0250133","HPA","Hippocampus; neuronal cells[High]",10995,387
"331","lightyellow",TRUE,0.0362630303788597,165,67,4,0.0597014925373134,0.0242424242424242,"HPA:0461482","HPA","Skin 1; sebaceous glands[≥Medium]",10995,686
"332","lightyellow",TRUE,0.0362630303788597,2055,67,20,0.298507462686567,0.0097323600973236,"HPA:0570751","HPA","Testis; elongated or late spermatids[≥Low]",10995,825
"333","lightyellow",TRUE,0.0366674680133953,1652,67,17,0.253731343283582,0.0102905569007264,"HPA:0190223","HPA","Esophagus; squamous epithelial cells[High]",10995,327
"334","lightyellow",TRUE,0.037141726035687,1139,67,13,0.194029850746269,0.0114135206321334,"HPA:0620223","HPA","Vagina; squamous epithelial cells[High]",10995,874
"335","lightyellow",TRUE,0.0380294246891224,2489,67,23,0.343283582089552,0.00924065889915629,"HPA:0100202","HPA","Cerebral cortex; endothelial cells[≥Medium]",10995,184
"336","lightyellow",TRUE,0.0402824071432941,562,67,8,0.119402985074627,0.0142348754448399,"HPA:0470182","HPA","Skin 2; cells in granular layer[≥Medium]",10995,702
"337","lightyellow",TRUE,0.0412928967369388,565,67,8,0.119402985074627,0.0141592920353982,"HPA:0460643","HPA","Skin 1; Langerhans[High]",10995,639
"338","lightyellow",TRUE,0.0413138535326386,356,67,6,0.0895522388059701,0.0168539325842697,"HPA:0470673","HPA","Skin 2; melanocytes[High]",10995,733
"339","lightyellow",TRUE,0.0415248559847622,1035,67,12,0.17910447761194,0.0115942028985507,"HPA:0630223","HPA","Cervix; squamous epithelial cells[High]",10995,207
"340","lightyellow",TRUE,0.0415248559847622,459,67,7,0.104477611940299,0.0152505446623094,"HPA:0010013","HPA","Adipose tissue; adipocytes[High]",10995,5
"341","lightyellow",TRUE,0.0426019955577006,798,67,10,0.149253731343284,0.012531328320802,"HPA:0300201","HPA","Lung; endothelial cells[≥Low]",10995,453
"342","lightyellow",TRUE,0.0434455496741238,801,67,10,0.149253731343284,0.0124843945068664,"HPA:0471471","HPA","Skin 2; lymphocytes[≥Low]",10995,728
"343","lightyellow",TRUE,0.0462969791977581,367,67,6,0.0895522388059701,0.0163487738419619,"HPA:0461451","HPA","Skin 1; hair follicles[≥Low]",10995,670
"344","lightyellow",TRUE,0.048101999295605,698,67,9,0.134328358208955,0.0128939828080229,"HPA:0461442","HPA","Skin 1; fibrohistiocytic cells[≥Medium]",10995,668
"345","lightyellow",TRUE,2.26259298148898e-07,46,45,7,0.155555555555556,0.152173913043478,"KEGG:03050","KEGG","Proteasome",8484,216
"346","lightyellow",TRUE,1.25320591346485e-05,305,45,11,0.244444444444444,0.0360655737704918,"KEGG:05016","KEGG","Huntington disease",8484,414
"347","lightyellow",TRUE,1.89093514248154e-05,265,45,10,0.222222222222222,0.0377358490566038,"KEGG:05012","KEGG","Parkinson disease",8484,412
"348","lightyellow",TRUE,1.89093514248154e-05,271,45,10,0.222222222222222,0.03690036900369,"KEGG:05020","KEGG","Prion disease",8484,416
"349","lightyellow",TRUE,0.000109846344061149,141,45,7,0.155555555555556,0.049645390070922,"KEGG:05017","KEGG","Spinocerebellar ataxia",8484,415
"350","lightyellow",TRUE,0.000171743078274464,363,45,10,0.222222222222222,0.0275482093663912,"KEGG:05014","KEGG","Amyotrophic lateral sclerosis",8484,413
"351","lightyellow",TRUE,0.00022927219845609,382,45,10,0.222222222222222,0.0261780104712042,"KEGG:05010","KEGG","Alzheimer disease",8484,411
"352","lightyellow",TRUE,0.00124360351335882,474,45,10,0.222222222222222,0.0210970464135021,"KEGG:05022","KEGG","Pathways of neurodegeneration - multiple diseases",8484,417
"353","lightyellow",TRUE,0.00987580133628796,232,45,6,0.133333333333333,0.0258620689655172,"KEGG:04714","KEGG","Thermogenesis",8484,349
"354","lightyellow",TRUE,0.0279108608235333,202,45,5,0.111111111111111,0.0247524752475248,"KEGG:05415","KEGG","Diabetic cardiomyopathy",8484,492
"355","lightyellow",TRUE,0.0332059899021262,134,45,4,0.0888888888888889,0.0298507462686567,"KEGG:00190","KEGG","Oxidative phosphorylation",8484,18
"356","lightyellow",TRUE,0.0355118808900002,140,45,4,0.0888888888888889,0.0285714285714286,"KEGG:04120","KEGG","Ubiquitin mediated proteolysis",8484,270
"357","lightyellow",TRUE,9.15709435419079e-06,52,62,6,0.0967741935483871,0.115384615384615,"REAC:R-HSA-69613","REAC","p53-Independent G1/S DNA damage checkpoint",11004,2738
"358","lightyellow",TRUE,9.15709435419079e-06,81,62,7,0.112903225806452,0.0864197530864197,"REAC:R-HSA-176408","REAC","Regulation of APC/C activators between G1/S and early anaphase",11004,1979
"359","lightyellow",TRUE,9.15709435419079e-06,49,62,6,0.0967741935483871,0.122448979591837,"REAC:R-HSA-1236978","REAC","Cross-presentation of soluble exogenous antigens (endosomes)",11004,418
"360","lightyellow",TRUE,9.15709435419079e-06,88,62,7,0.112903225806452,0.0795454545454545,"REAC:R-HSA-174143","REAC","APC/C-mediated degradation of cell cycle proteins",11004,24
"361","lightyellow",TRUE,9.15709435419079e-06,52,62,6,0.0967741935483871,0.115384615384615,"REAC:R-HSA-69610","REAC","p53-Independent DNA Damage Response",11004,2737
"362","lightyellow",TRUE,9.15709435419079e-06,66,62,7,0.112903225806452,0.106060606060606,"REAC:R-HSA-1234176","REAC","Oxygen-dependent proline hydroxylation of Hypoxia-inducible Factor Alpha",11004,1668
"363","lightyellow",TRUE,9.15709435419079e-06,55,62,6,0.0967741935483871,0.109090909090909,"REAC:R-HSA-4641257","REAC","Degradation of AXIN",11004,722
"364","lightyellow",TRUE,9.15709435419079e-06,53,62,6,0.0967741935483871,0.113207547169811,"REAC:R-HSA-9604323","REAC","Negative regulation of NOTCH4 signaling",11004,1588
"365","lightyellow",TRUE,9.15709435419079e-06,81,62,7,0.112903225806452,0.0864197530864197,"REAC:R-HSA-9013694","REAC","Signaling by NOTCH4",11004,2300
"366","lightyellow",TRUE,9.15709435419079e-06,53,62,6,0.0967741935483871,0.113207547169811,"REAC:R-HSA-180585","REAC","Vif-mediated degradation of APOBEC3G",11004,2664
"367","lightyellow",TRUE,9.15709435419079e-06,52,62,6,0.0967741935483871,0.115384615384615,"REAC:R-HSA-75815","REAC","Ubiquitin-dependent degradation of Cyclin D",11004,2638
"368","lightyellow",TRUE,9.15709435419079e-06,55,62,6,0.0967741935483871,0.109090909090909,"REAC:R-HSA-8854050","REAC","FBXL7 down-regulates AURKA during mitotic entry and in early mitosis",11004,900
"369","lightyellow",TRUE,9.15709435419079e-06,52,62,6,0.0967741935483871,0.115384615384615,"REAC:R-HSA-69601","REAC","Ubiquitin Mediated Degradation of Phosphorylated Cdc25A",11004,2637
"370","lightyellow",TRUE,9.15709435419079e-06,55,62,6,0.0967741935483871,0.109090909090909,"REAC:R-HSA-9824272","REAC","Somitogenesis",11004,2358
"371","lightyellow",TRUE,9.15709435419079e-06,69,62,7,0.112903225806452,0.101449275362319,"REAC:R-HSA-9793380","REAC","Formation of paraxial mesoderm",11004,970
"372","lightyellow",TRUE,9.15709435419079e-06,53,62,6,0.0967741935483871,0.113207547169811,"REAC:R-HSA-169911","REAC","Regulation of Apoptosis",11004,1980
"373","lightyellow",TRUE,9.15709435419079e-06,55,62,6,0.0967741935483871,0.109090909090909,"REAC:R-HSA-8941858","REAC","Regulation of RUNX3 expression and activity",11004,2022
"374","lightyellow",TRUE,9.15709435419079e-06,52,62,6,0.0967741935483871,0.115384615384615,"REAC:R-HSA-9762114","REAC","GSK3B and BTRC:CUL1-mediated-degradation of NFE2L2",11004,1039
"375","lightyellow",TRUE,9.15709435419079e-06,50,62,6,0.0967741935483871,0.12,"REAC:R-HSA-211733","REAC","Regulation of activated PAK-2p34 by proteasome mediated degradation",11004,2037
"376","lightyellow",TRUE,9.15709435419079e-06,77,62,7,0.112903225806452,0.0909090909090909,"REAC:R-HSA-176814","REAC","Activation of APC/C and APC/C:Cdc20 mediated degradation of mitotic proteins",11004,75
"377","lightyellow",TRUE,9.15709435419079e-06,64,62,7,0.112903225806452,0.109375,"REAC:R-HSA-174084","REAC","Autodegradation of Cdh1 by Cdh1:APC/C",11004,192
"378","lightyellow",TRUE,9.15709435419079e-06,52,62,6,0.0967741935483871,0.115384615384615,"REAC:R-HSA-349425","REAC","Autodegradation of the E3 ubiquitin ligase COP1",11004,193
"379","lightyellow",TRUE,9.15709435419079e-06,75,62,7,0.112903225806452,0.0933333333333333,"REAC:R-HSA-1234174","REAC","Cellular response to hypoxia",11004,337
"380","lightyellow",TRUE,9.15709435419079e-06,51,62,6,0.0967741935483871,0.117647058823529,"REAC:R-HSA-350562","REAC","Regulation of ornithine decarboxylase (ODC)",11004,2062
"381","lightyellow",TRUE,9.15709435419079e-06,52,62,6,0.0967741935483871,0.115384615384615,"REAC:R-HSA-180534","REAC","Vpu mediated degradation of CD4",11004,2684
"382","lightyellow",TRUE,9.15709435419079e-06,74,62,7,0.112903225806452,0.0945945945945946,"REAC:R-HSA-179419","REAC","APC:Cdc20 mediated degradation of cell cycle proteins prior to satisfation of the cell cycle checkpoint",11004,29
"383","lightyellow",TRUE,9.15709435419079e-06,55,62,6,0.0967741935483871,0.109090909090909,"REAC:R-HSA-174113","REAC","SCF-beta-TrCP mediated degradation of Emi1",11004,2146
"384","lightyellow",TRUE,9.15709435419079e-06,73,62,7,0.112903225806452,0.0958904109589041,"REAC:R-HSA-69017","REAC","CDK-mediated phosphorylation and removal of Cdc6",11004,274
"385","lightyellow",TRUE,9.15709435419079e-06,73,62,7,0.112903225806452,0.0958904109589041,"REAC:R-HSA-174184","REAC","Cdc20:Phospho-APC/C mediated degradation of Cyclin A",11004,321
"386","lightyellow",TRUE,9.15709435419079e-06,74,62,7,0.112903225806452,0.0945945945945946,"REAC:R-HSA-174178","REAC","APC/C:Cdh1 mediated degradation of Cdc20 and other APC/C:Cdh1 targeted proteins in late mitosis/early G1",11004,28
"387","lightyellow",TRUE,9.15709435419079e-06,76,62,7,0.112903225806452,0.0921052631578947,"REAC:R-HSA-176409","REAC","APC/C:Cdc20 mediated degradation of mitotic proteins",11004,27
"388","lightyellow",TRUE,9.15709435419079e-06,68,62,7,0.112903225806452,0.102941176470588,"REAC:R-HSA-174154","REAC","APC/C:Cdc20 mediated degradation of Securin",11004,26
"389","lightyellow",TRUE,9.15709435419079e-06,88,62,7,0.112903225806452,0.0795454545454545,"REAC:R-HSA-453276","REAC","Regulation of mitotic cell cycle",11004,2060
"390","lightyellow",TRUE,9.15709435419079e-06,54,62,6,0.0967741935483871,0.111111111111111,"REAC:R-HSA-450408","REAC","AUF1 (hnRNP D0) binds and destabilizes mRNA",11004,41
"391","lightyellow",TRUE,9.91946659245571e-06,56,62,6,0.0967741935483871,0.107142857142857,"REAC:R-HSA-5362768","REAC","Hh mutants are degraded by ERAD",11004,1135
"392","lightyellow",TRUE,1.04414565521803e-05,57,62,6,0.0967741935483871,0.105263157894737,"REAC:R-HSA-69541","REAC","Stabilization of p53",11004,2368
"393","lightyellow",TRUE,1.04414565521803e-05,57,62,6,0.0967741935483871,0.105263157894737,"REAC:R-HSA-4641258","REAC","Degradation of DVL",11004,724
"394","lightyellow",TRUE,1.07572773562976e-05,92,62,7,0.112903225806452,0.0760869565217391,"REAC:R-HSA-69052","REAC","Switching of origins to a post-replicative state",11004,2382
"395","lightyellow",TRUE,1.10008096919723e-05,58,62,6,0.0967741935483871,0.103448275862069,"REAC:R-HSA-351202","REAC","Metabolism of polyamines",11004,1446
"396","lightyellow",TRUE,1.11925419093286e-05,60,62,6,0.0967741935483871,0.1,"REAC:R-HSA-187577","REAC","SCF(Skp2)-mediated degradation of p27/p21",11004,2145
"397","lightyellow",TRUE,1.11925419093286e-05,59,62,6,0.0967741935483871,0.101694915254237,"REAC:R-HSA-5676590","REAC","NIK-->noncanonical NF-kB signaling",11004,1541
"398","lightyellow",TRUE,1.11925419093286e-05,59,62,6,0.0967741935483871,0.101694915254237,"REAC:R-HSA-5387390","REAC","Hh mutants abrogate ligand secretion",11004,1134
"399","lightyellow",TRUE,1.11925419093286e-05,95,62,7,0.112903225806452,0.0736842105263158,"REAC:R-HSA-8878159","REAC","Transcriptional regulation by RUNX3",11004,2572
"400","lightyellow",TRUE,1.11925419093286e-05,60,62,6,0.0967741935483871,0.1,"REAC:R-HSA-5610780","REAC","Degradation of GLI1 by the proteasome",11004,726
"401","lightyellow",TRUE,1.11925419093286e-05,60,62,6,0.0967741935483871,0.1,"REAC:R-HSA-5607761","REAC","Dectin-1 mediated noncanonical NF-kB signaling",11004,458
"402","lightyellow",TRUE,1.11925419093286e-05,60,62,6,0.0967741935483871,0.1,"REAC:R-HSA-5610785","REAC","GLI3 is processed to GLI3R by the proteasome",11004,1029
"403","lightyellow",TRUE,1.11925419093286e-05,60,62,6,0.0967741935483871,0.1,"REAC:R-HSA-5610783","REAC","Degradation of GLI2 by the proteasome",11004,727
"404","lightyellow",TRUE,1.19675202449843e-05,61,62,6,0.0967741935483871,0.0983606557377049,"REAC:R-HSA-5678895","REAC","Defective CFTR causes cystic fibrosis",11004,507
"405","lightyellow",TRUE,1.19675202449843e-05,97,62,7,0.112903225806452,0.0721649484536082,"REAC:R-HSA-5607764","REAC","CLEC7A (Dectin-1) signaling",11004,277
"406","lightyellow",TRUE,1.25750252288408e-05,98,62,7,0.112903225806452,0.0714285714285714,"REAC:R-HSA-202424","REAC","Downstream TCR signaling",11004,796
"407","lightyellow",TRUE,1.51793327655072e-05,64,62,6,0.0967741935483871,0.09375,"REAC:R-HSA-4608870","REAC","Asymmetric localization of PCP proteins",11004,186
"408","lightyellow",TRUE,1.58593611950191e-05,102,62,7,0.112903225806452,0.0686274509803922,"REAC:R-HSA-5689603","REAC","UCH proteinases",11004,2633
"409","lightyellow",TRUE,1.60217652534449e-05,65,62,6,0.0967741935483871,0.0923076923076923,"REAC:R-HSA-5358346","REAC","Hedgehog ligand biogenesis",11004,1127
"410","lightyellow",TRUE,1.65525791308792e-05,2064,62,28,0.451612903225806,0.0135658914728682,"REAC:R-HSA-392499","REAC","Metabolism of proteins",11004,1448
"411","lightyellow",TRUE,1.6607067733421e-05,66,62,6,0.0967741935483871,0.0909090909090909,"REAC:R-HSA-69580","REAC","p53-Dependent G1/S DNA damage checkpoint",11004,2736
"412","lightyellow",TRUE,1.6607067733421e-05,66,62,6,0.0967741935483871,0.0909090909090909,"REAC:R-HSA-69563","REAC","p53-Dependent G1 DNA Damage Response",11004,2735
"413","lightyellow",TRUE,1.75347693341962e-05,67,62,6,0.0967741935483871,0.0895522388059701,"REAC:R-HSA-1169091","REAC","Activation of NF-kappaB in B cells",11004,88
"414","lightyellow",TRUE,1.75347693341962e-05,67,62,6,0.0967741935483871,0.0895522388059701,"REAC:R-HSA-5658442","REAC","Regulation of RAS by GAPs",11004,2019
"415","lightyellow",TRUE,1.88232840440153e-05,68,62,6,0.0967741935483871,0.0882352941176471,"REAC:R-HSA-69615","REAC","G1/S DNA Damage Checkpoints",11004,1014
"416","lightyellow",TRUE,2.01839827517157e-05,69,62,6,0.0967741935483871,0.0869565217391304,"REAC:R-HSA-8948751","REAC","Regulation of PTEN stability and activity",11004,2018
"417","lightyellow",TRUE,2.31331048339522e-05,71,62,6,0.0967741935483871,0.0845070422535211,"REAC:R-HSA-68949","REAC","Orc1 removal from chromatin",11004,1657
"418","lightyellow",TRUE,2.31331048339522e-05,71,62,6,0.0967741935483871,0.0845070422535211,"REAC:R-HSA-8939902","REAC","Regulation of RUNX2 expression and activity",11004,2021
"419","lightyellow",TRUE,3.89644492613229e-05,120,62,7,0.112903225806452,0.0583333333333333,"REAC:R-HSA-202403","REAC","TCR signaling",11004,2439
"420","lightyellow",TRUE,3.89801885778147e-05,78,62,6,0.0967741935483871,0.0769230769230769,"REAC:R-HSA-5619084","REAC","ABC transporter disorders",11004,7
"421","lightyellow",TRUE,3.99089256448993e-05,121,62,7,0.112903225806452,0.0578512396694215,"REAC:R-HSA-69239","REAC","Synthesis of DNA",11004,2393
"422","lightyellow",TRUE,4.07274041731507e-05,79,62,6,0.0967741935483871,0.0759493670886076,"REAC:R-HSA-8852276","REAC","The role of GTSE1 in G2/M progression after G2 checkpoint",11004,2521
"423","lightyellow",TRUE,4.31833860271171e-05,80,62,6,0.0967741935483871,0.075,"REAC:R-HSA-1168372","REAC","Downstream signaling events of B Cell Receptor (BCR)",11004,798
"424","lightyellow",TRUE,4.73393735843545e-05,125,62,7,0.112903225806452,0.056,"REAC:R-HSA-9758941","REAC","Gastrulation",11004,1053
"425","lightyellow",TRUE,4.84363775030895e-05,82,62,6,0.0967741935483871,0.0731707317073171,"REAC:R-HSA-69202","REAC","Cyclin E associated events during G1/S transition ",11004,423
"426","lightyellow",TRUE,5.12404278036661e-05,83,62,6,0.0967741935483871,0.072289156626506,"REAC:R-HSA-195253","REAC","Degradation of beta-catenin by the destruction complex",11004,728
"427","lightyellow",TRUE,5.41676298476635e-05,84,62,6,0.0967741935483871,0.0714285714285714,"REAC:R-HSA-69656","REAC","Cyclin A:Cdk2-associated events at S phase entry",11004,421
"428","lightyellow",TRUE,5.58659421665802e-05,308,62,10,0.161290322580645,0.0324675324675325,"REAC:R-HSA-983168","REAC","Antigen processing: Ubiquitination & Proteasome degradation",11004,156
"429","lightyellow",TRUE,5.64377778035573e-05,85,62,6,0.0967741935483871,0.0705882352941176,"REAC:R-HSA-5632684","REAC","Hedgehog 'on' state",11004,1126
"430","lightyellow",TRUE,5.86486043874864e-05,244,62,9,0.145161290322581,0.0368852459016393,"REAC:R-HSA-8951664","REAC","Neddylation",11004,1571
"431","lightyellow",TRUE,5.87953193730919e-05,86,62,6,0.0967741935483871,0.0697674418604651,"REAC:R-HSA-450531","REAC","Regulation of mRNA stability by proteins that bind AU-rich elements",11004,2059
"432","lightyellow",TRUE,7.07805585715293e-05,89,62,6,0.0967741935483871,0.0674157303370786,"REAC:R-HSA-5687128","REAC","MAPK6/MAPK4 signaling",11004,1366
"433","lightyellow",TRUE,7.19739707343157e-05,136,62,7,0.112903225806452,0.0514705882352941,"REAC:R-HSA-2871837","REAC","FCERI mediated NF-kB activation",11004,904
"434","lightyellow",TRUE,7.19739707343157e-05,136,62,7,0.112903225806452,0.0514705882352941,"REAC:R-HSA-5621481","REAC","C-type lectin receptors (CLRs)",11004,263
"435","lightyellow",TRUE,7.26384639634275e-05,90,62,6,0.0967741935483871,0.0666666666666667,"REAC:R-HSA-1236974","REAC","ER-Phagosome pathway",11004,831
"436","lightyellow",TRUE,8.14369688314722e-05,92,62,6,0.0967741935483871,0.0652173913043478,"REAC:R-HSA-4086400","REAC","PCP/CE pathway",11004,1672
"437","lightyellow",TRUE,9.19429690189777e-05,142,62,7,0.112903225806452,0.0492957746478873,"REAC:R-HSA-68867","REAC","Assembly of the pre-replicative complex",11004,183
"438","lightyellow",TRUE,9.4424625426229e-05,95,62,6,0.0967741935483871,0.0631578947368421,"REAC:R-HSA-9759194","REAC","Nuclear events mediated by NFE2L2",11004,1630
"439","lightyellow",TRUE,9.4424625426229e-05,143,62,7,0.112903225806452,0.048951048951049,"REAC:R-HSA-3858494","REAC","Beta-catenin independent WNT signaling",11004,218
"440","lightyellow",TRUE,0.000125205120326092,100,62,6,0.0967741935483871,0.06,"REAC:R-HSA-5668541","REAC","TNFR2 non-canonical NF-kB pathway",11004,2467
"441","lightyellow",TRUE,0.000146482224149531,103,62,6,0.0967741935483871,0.058252427184466,"REAC:R-HSA-382556","REAC","ABC-family proteins mediated transport",11004,9
"442","lightyellow",TRUE,0.000161537675489664,105,62,6,0.0967741935483871,0.0571428571428571,"REAC:R-HSA-1236975","REAC","Antigen processing-Cross presentation",11004,154
"443","lightyellow",TRUE,0.000178201272966624,159,62,7,0.112903225806452,0.0440251572327044,"REAC:R-HSA-69002","REAC","DNA Replication Pre-Initiation",11004,448
"444","lightyellow",TRUE,0.00019867606406152,162,62,7,0.112903225806452,0.0432098765432099,"REAC:R-HSA-69242","REAC","S Phase",11004,2127
"445","lightyellow",TRUE,0.000217931506104997,226,62,8,0.129032258064516,0.0353982300884956,"REAC:R-HSA-162906","REAC","HIV Infection",11004,1115
"446","lightyellow",TRUE,0.000228926138940492,113,62,6,0.0967741935483871,0.0530973451327434,"REAC:R-HSA-9020702","REAC","Interleukin-1 signaling",11004,1246
"447","lightyellow",TRUE,0.000228926138940492,113,62,6,0.0967741935483871,0.0530973451327434,"REAC:R-HSA-5610787","REAC","Hedgehog 'off' state",11004,1125
"448","lightyellow",TRUE,0.000228926138940492,228,62,8,0.129032258064516,0.0350877192982456,"REAC:R-HSA-68882","REAC","Mitotic Anaphase",11004,1492
"449","lightyellow",TRUE,0.000229106819278139,229,62,8,0.129032258064516,0.0349344978165939,"REAC:R-HSA-2555396","REAC","Mitotic Metaphase and Anaphase",11004,1495
"450","lightyellow",TRUE,0.000262586572118107,380,62,10,0.161290322580645,0.0263157894736842,"REAC:R-HSA-983169","REAC","Class I MHC mediated antigen processing & presentation",11004,370
"451","lightyellow",TRUE,0.000282894408487835,118,62,6,0.0967741935483871,0.0508474576271186,"REAC:R-HSA-8878166","REAC","Transcriptional regulation by RUNX2",11004,2571
"452","lightyellow",TRUE,0.000369569071027491,124,62,6,0.0967741935483871,0.0483870967741935,"REAC:R-HSA-9755511","REAC","KEAP1-NFE2L2 pathway",11004,1294
"453","lightyellow",TRUE,0.000378419470499923,182,62,7,0.112903225806452,0.0384615384615385,"REAC:R-HSA-2454202","REAC","Fc epsilon receptor (FCERI) signaling",11004,946
"454","lightyellow",TRUE,0.000413642293138518,127,62,6,0.0967741935483871,0.047244094488189,"REAC:R-HSA-162909","REAC","Host Interactions of HIV factors",11004,1145
"455","lightyellow",TRUE,0.000437797810923834,187,62,7,0.112903225806452,0.0374331550802139,"REAC:R-HSA-69306","REAC","DNA Replication",11004,447
"456","lightyellow",TRUE,0.000437797810923834,407,62,10,0.161290322580645,0.0245700245700246,"REAC:R-HSA-68886","REAC","M Phase",11004,1356
"457","lightyellow",TRUE,0.000437797810923834,129,62,6,0.0967741935483871,0.0465116279069767,"REAC:R-HSA-8939236","REAC","RUNX1 regulates transcription of genes involved in differentiation of HSCs",11004,1938
"458","lightyellow",TRUE,0.000441520454070344,188,62,7,0.112903225806452,0.0372340425531915,"REAC:R-HSA-2467813","REAC","Separation of Sister Chromatids",11004,2221
"459","lightyellow",TRUE,0.000467573709396705,131,62,6,0.0967741935483871,0.0458015267175573,"REAC:R-HSA-69206","REAC","G1/S Transition",11004,1015
"460","lightyellow",TRUE,0.000562317876972677,196,62,7,0.112903225806452,0.0357142857142857,"REAC:R-HSA-69275","REAC","G2/M Transition",11004,1021
"461","lightyellow",TRUE,0.000593414473725193,198,62,7,0.112903225806452,0.0353535353535354,"REAC:R-HSA-453274","REAC","Mitotic G2-G2/M phases",11004,1494
"462","lightyellow",TRUE,0.000605837346109172,138,62,6,0.0967741935483871,0.0434782608695652,"REAC:R-HSA-6807070","REAC","PTEN Regulation",11004,1716
"463","lightyellow",TRUE,0.000653938623995289,710,62,13,0.209677419354839,0.0183098591549296,"REAC:R-HSA-8953854","REAC","Metabolism of RNA",11004,1432
"464","lightyellow",TRUE,0.000807238395400971,209,62,7,0.112903225806452,0.0334928229665072,"REAC:R-HSA-1428517","REAC","Aerobic respiration and respiratory electron transport",11004,128
"465","lightyellow",TRUE,0.000823789610648042,210,62,7,0.112903225806452,0.0333333333333333,"REAC:R-HSA-9711123","REAC","Cellular response to chemical stress",11004,335
"466","lightyellow",TRUE,0.000856825335901722,148,62,6,0.0967741935483871,0.0405405405405405,"REAC:R-HSA-453279","REAC","Mitotic G1 phase and G1/S transition",11004,1493
"467","lightyellow",TRUE,0.000880882251649032,149,62,6,0.0967741935483871,0.0402684563758389,"REAC:R-HSA-5358351","REAC","Signaling by Hedgehog",11004,2275
"468","lightyellow",TRUE,0.000938797510875087,151,62,6,0.0967741935483871,0.0397350993377483,"REAC:R-HSA-446652","REAC","Interleukin-1 family signaling",11004,1244
"469","lightyellow",TRUE,0.00140766950899257,163,62,6,0.0967741935483871,0.0368098159509202,"REAC:R-HSA-983705","REAC","Signaling by the B Cell Receptor (BCR)",11004,2345
"470","lightyellow",TRUE,0.00141283236496784,231,62,7,0.112903225806452,0.0303030303030303,"REAC:R-HSA-157118","REAC","Signaling by NOTCH",11004,2291
"471","lightyellow",TRUE,0.00143200823536283,5,62,2,0.032258064516129,0.4,"REAC:R-HSA-3065676","REAC","SUMO is conjugated to E1 (UBA2:SAE1)",11004,2180
"472","lightyellow",TRUE,0.00150163095147361,234,62,7,0.112903225806452,0.0299145299145299,"REAC:R-HSA-8878171","REAC","Transcriptional regulation by RUNX1",11004,2570
"473","lightyellow",TRUE,0.00153559067652231,1355,62,18,0.290322580645161,0.0132841328413284,"REAC:R-HSA-73857","REAC","RNA Polymerase II Transcription",11004,1906
"474","lightyellow",TRUE,0.00153559067652231,167,62,6,0.0967741935483871,0.0359281437125748,"REAC:R-HSA-69481","REAC","G2/M Checkpoints",11004,1018
"475","lightyellow",TRUE,0.0015416130666546,679,62,12,0.193548387096774,0.0176730486008837,"REAC:R-HSA-1640170","REAC","Cell Cycle",11004,322
"476","lightyellow",TRUE,0.00171401168983007,171,62,6,0.0967741935483871,0.0350877192982456,"REAC:R-HSA-9010553","REAC","Regulation of expression of SLITs and ROBOs",11004,2047
"477","lightyellow",TRUE,0.00180872882778712,173,62,6,0.0967741935483871,0.0346820809248555,"REAC:R-HSA-5619115","REAC","Disorders of transmembrane transporters",11004,785
"478","lightyellow",TRUE,0.00196596241786063,176,62,6,0.0967741935483871,0.0340909090909091,"REAC:R-HSA-109581","REAC","Apoptosis",11004,160
"479","lightyellow",TRUE,0.00200101114650623,6,62,2,0.032258064516129,0.333333333333333,"REAC:R-HSA-3065679","REAC","SUMO is proteolytically processed",11004,2181
"480","lightyellow",TRUE,0.00200374813694837,327,62,8,0.129032258064516,0.0244648318042813,"REAC:R-HSA-195721","REAC","Signaling by WNT",11004,2331
"481","lightyellow",TRUE,0.00264572236609211,30,62,3,0.0483870967741935,0.1,"REAC:R-HSA-8866652","REAC","Synthesis of active ubiquitin: roles of E1 and E2 enzymes",11004,2416
"482","lightyellow",TRUE,0.00270333305978715,7,62,2,0.032258064516129,0.285714285714286,"REAC:R-HSA-3065678","REAC","SUMO is transferred from E1 to E2 (UBE2I, UBC9)",11004,2182
"483","lightyellow",TRUE,0.00270333305978715,1062,62,15,0.241935483870968,0.0141242937853107,"REAC:R-HSA-5663205","REAC","Infectious disease",11004,1196
"484","lightyellow",TRUE,0.00377632717183195,549,62,10,0.161290322580645,0.0182149362477231,"REAC:R-HSA-69278","REAC","Cell Cycle, Mitotic",11004,324
"485","lightyellow",TRUE,0.00382376361230886,363,62,8,0.129032258064516,0.0220385674931129,"REAC:R-HSA-71291","REAC","Metabolism of amino acids and derivatives",11004,1434
"486","lightyellow",TRUE,0.00397762865226106,873,62,13,0.209677419354839,0.0148911798396334,"REAC:R-HSA-9824446","REAC","Viral Infection Pathways",11004,2665
"487","lightyellow",TRUE,0.00439778174641126,208,62,6,0.0967741935483871,0.0288461538461538,"REAC:R-HSA-5357801","REAC","Programmed Cell Death",11004,1819
"488","lightyellow",TRUE,0.00462356160070189,289,62,7,0.112903225806452,0.0242214532871972,"REAC:R-HSA-69620","REAC","Cell Cycle Checkpoints",11004,323
"489","lightyellow",TRUE,0.00487202174492308,292,62,7,0.112903225806452,0.023972602739726,"REAC:R-HSA-72766","REAC","Translation",11004,2583
"490","lightyellow",TRUE,0.0052793518592402,1518,62,18,0.290322580645161,0.0118577075098814,"REAC:R-HSA-74160","REAC","Gene expression (Transcription)",11004,1056
"491","lightyellow",TRUE,0.00530708755090403,217,62,6,0.0967741935483871,0.0276497695852535,"REAC:R-HSA-376176","REAC","Signaling by ROBO receptors",11004,2318
"492","lightyellow",TRUE,0.00531967698493224,10,62,2,0.032258064516129,0.2,"REAC:R-HSA-3215018","REAC","Processing and activation of SUMO",11004,1811
"493","lightyellow",TRUE,0.00531967698493224,298,62,7,0.112903225806452,0.023489932885906,"REAC:R-HSA-5688426","REAC","Deubiquitination",11004,740
"494","lightyellow",TRUE,0.00553871013215379,87,62,4,0.0645161290322581,0.0459770114942529,"REAC:R-HSA-5368286","REAC","Mitochondrial translation initiation",11004,1488
"495","lightyellow",TRUE,0.00565929786780442,221,62,6,0.0967741935483871,0.0271493212669683,"REAC:R-HSA-5689880","REAC","Ub-specific processing proteases",11004,2635
"496","lightyellow",TRUE,0.00698373338347099,93,62,4,0.0645161290322581,0.043010752688172,"REAC:R-HSA-5368287","REAC","Mitochondrial translation",11004,1486
"497","lightyellow",TRUE,0.00698678175036772,231,62,6,0.0967741935483871,0.025974025974026,"REAC:R-HSA-201681","REAC","TCF dependent signaling in response to WNT",11004,2438
"498","lightyellow",TRUE,0.0107316577672723,252,62,6,0.0967741935483871,0.0238095238095238,"REAC:R-HSA-1257604","REAC","PIP3 activates AKT signaling",11004,1692
"499","lightyellow",TRUE,0.0109119311471368,1234,62,15,0.241935483870968,0.0121555915721232,"REAC:R-HSA-212436","REAC","Generic Transcription Pathway",11004,1058
"500","lightyellow",TRUE,0.0121868742777679,444,62,8,0.129032258064516,0.018018018018018,"REAC:R-HSA-5663202","REAC","Diseases of signal transduction by growth factor receptors and second messengers",11004,780
"501","lightyellow",TRUE,0.0137225019933674,266,62,6,0.0967741935483871,0.0225563909774436,"REAC:R-HSA-5673001","REAC","RAF/MAP kinase cascade",11004,1857
"502","lightyellow",TRUE,0.0149279563768171,271,62,6,0.0967741935483871,0.022140221402214,"REAC:R-HSA-5684996","REAC","MAPK1/MAPK3 signaling",11004,1364
"503","lightyellow",TRUE,0.0161308380123943,796,62,11,0.17741935483871,0.0138190954773869,"REAC:R-HSA-2262752","REAC","Cellular responses to stress",11004,342
"504","lightyellow",TRUE,0.0161308380123943,18,62,2,0.032258064516129,0.111111111111111,"REAC:R-HSA-163210","REAC","Formation of ATP by chemiosmotic coupling",11004,952
"505","lightyellow",TRUE,0.0161308380123943,18,62,2,0.032258064516129,0.111111111111111,"REAC:R-HSA-3232118","REAC","SUMOylation of transcription factors",11004,2194
"506","lightyellow",TRUE,0.0181310781466807,810,62,11,0.17741935483871,0.0135802469135802,"REAC:R-HSA-8953897","REAC","Cellular responses to stimuli",11004,341
"507","lightyellow",TRUE,0.0194111090556855,1451,62,16,0.258064516129032,0.011026878015162,"REAC:R-HSA-597592","REAC","Post-translational protein modification",11004,1792
"508","lightyellow",TRUE,0.0205660283987405,292,62,6,0.0967741935483871,0.0205479452054795,"REAC:R-HSA-9006925","REAC","Intracellular signaling by second messengers",11004,1279
"509","lightyellow",TRUE,0.0271382254708759,310,62,6,0.0967741935483871,0.0193548387096774,"REAC:R-HSA-5683057","REAC","MAPK family signaling cascades",11004,1361
"510","lightyellow",TRUE,0.0275497754142266,24,62,2,0.032258064516129,0.0833333333333333,"REAC:R-HSA-4090294","REAC","SUMOylation of intracellular receptors",11004,2191
"511","lightyellow",TRUE,0.0330139802494912,78,62,3,0.0483870967741935,0.0384615384615385,"REAC:R-HSA-8852135","REAC","Protein ubiquitination",11004,1834
"512","lightyellow",TRUE,0.0376039343120339,1843,62,18,0.290322580645161,0.00976668475311991,"REAC:R-HSA-1643685","REAC","Disease",11004,754
"513","lightyellow",TRUE,0.0435429528007561,87,62,3,0.0483870967741935,0.0344827586206897,"REAC:R-HSA-5419276","REAC","Mitochondrial translation termination",11004,1489
"514","lightyellow",TRUE,0.0435429528007561,87,62,3,0.0483870967741935,0.0344827586206897,"REAC:R-HSA-5389840","REAC","Mitochondrial translation elongation",11004,1487
"515","lightyellow",TRUE,0.0438350817180005,31,62,2,0.032258064516129,0.0645161290322581,"REAC:R-HSA-8949613","REAC","Cristae formation",11004,416
"516","lightyellow",TRUE,0.0462981863229541,32,62,2,0.032258064516129,0.0625,"REAC:R-HSA-4085377","REAC","SUMOylation of SUMOylation proteins",11004,2188
"517","lightyellow",TRUE,0.0476520972888898,810,62,10,0.161290322580645,0.0123456790123457,"REAC:R-HSA-1280218","REAC","Adaptive Immune System",11004,118
"518","lightyellow",TRUE,1.04303589681229e-06,2445,100,37,0.37,0.0151329243353783,"TF:M02063_1","TF","Factor: c-ets-1; motif: ACCGGAWGTN; match class: 1",20092,839
"519","lightyellow",TRUE,2.10076934307779e-06,5382,100,56,0.56,0.0104050538833148,"TF:M01163","TF","Factor: Elk-1; motif: AACCGGAAGTR",20092,1886
"520","lightyellow",TRUE,2.50562079247384e-06,4678,100,51,0.51,0.0109020949123557,"TF:M02064_1","TF","Factor: c-ets-2; motif: ACCGGAWRTN; match class: 1",20092,843
"521","lightyellow",TRUE,2.50562079247384e-06,7854,100,69,0.69,0.00878533231474408,"TF:M11433","TF","Factor: Elk-1; motif: NRCCGGAAGTN",20092,1900
"522","lightyellow",TRUE,2.8551479293684e-06,3120,100,40,0.4,0.0128205128205128,"TF:M08913_1","TF","Factor: FLI-1; motif: NAYTTCCGGT; match class: 1",20092,2529
"523","lightyellow",TRUE,2.8551479293684e-06,5072,100,53,0.53,0.0104495268138801,"TF:M11396_1","TF","Factor: Erg; motif: NACCGGAARTN; match class: 1",20092,2095
"524","lightyellow",TRUE,2.8551479293684e-06,7191,100,65,0.65,0.00903907662355723,"TF:M02065_1","TF","Factor: ER81; motif: RCCGGAARYN; match class: 1",20092,2005
"525","lightyellow",TRUE,2.86815153681566e-06,4157,100,47,0.47,0.0113062304546548,"TF:M02052_1","TF","Factor: EHF; motif: CSCGGAARTN; match class: 1",20092,1717
"526","lightyellow",TRUE,3.33294332731802e-06,6175,100,59,0.59,0.00955465587044534,"TF:M02053","TF","Factor: ELF1; motif: NCCGGAARTN",20092,1842
"527","lightyellow",TRUE,4.53897305369708e-06,3787,100,44,0.44,0.0116186955373647,"TF:M01752_1","TF","Factor: ERG; motif: ACCGGAART; match class: 1",20092,2071
"528","lightyellow",TRUE,6.72378213164466e-06,3846,100,44,0.44,0.0114404576183047,"TF:M02059_1","TF","Factor: ELK-1; motif: ACCGGAAGTN; match class: 1",20092,1891
"529","lightyellow",TRUE,7.16022517559031e-06,1081,100,22,0.22,0.0203515263644773,"TF:M09935_1","TF","Factor: GABP-alpha; motif: NNNRCCGGAAGTGN; match class: 1",20092,2985
"530","lightyellow",TRUE,8.12660309467483e-06,4992,100,51,0.51,0.0102163461538462,"TF:M02070_1","TF","Factor: TEL1; motif: CNCGGAANNN; match class: 1",20092,8775
"531","lightyellow",TRUE,9.5307063009232e-06,4713,100,49,0.49,0.010396774877997,"TF:M11427_1","TF","Factor: PEA3; motif: NACCGGAAGTN; match class: 1",20092,6697
"532","lightyellow",TRUE,9.5307063009232e-06,1656,100,27,0.27,0.016304347826087,"TF:M02067_1","TF","Factor: ER71; motif: ACCGGAARYN; match class: 1",20092,1997
"533","lightyellow",TRUE,9.5307063009232e-06,7927,100,67,0.67,0.00845212564652454,"TF:M01165","TF","Factor: Elk-1; motif: RACCGGAAGTR",20092,1888
"534","lightyellow",TRUE,1.06401117581695e-05,4904,100,50,0.5,0.0101957585644372,"TF:M03970","TF","Factor: ELK1; motif: ACCGGAAGTN",20092,1892
"535","lightyellow",TRUE,1.27568648690912e-05,2173,100,31,0.31,0.0142659917165209,"TF:M07052","TF","Factor: NRF-1; motif: GCGCMTGCGCN",20092,6224
"536","lightyellow",TRUE,1.39953807033446e-05,5460,100,53,0.53,0.00970695970695971,"TF:M02056","TF","Factor: ELF4; motif: NCCGGAARTN",20092,1812
"537","lightyellow",TRUE,1.5464167425528e-05,2329,100,32,0.32,0.0137398024903392,"TF:M02066_1","TF","Factor: PEA3; motif: RCCGGAAGYN; match class: 1",20092,6691
"538","lightyellow",TRUE,2.00116998213635e-05,2759,100,35,0.35,0.0126857557085901,"TF:M08917","TF","Factor: GABP-ALPHA; motif: RCCGGAARTNN",20092,2982
"539","lightyellow",TRUE,2.13483101061107e-05,5380,100,52,0.52,0.00966542750929368,"TF:M03990","TF","Factor: GABPA; motif: ACCGGAAGTN",20092,2976
"540","lightyellow",TRUE,2.13483101061107e-05,6075,100,56,0.56,0.00921810699588477,"TF:M02067","TF","Factor: ER71; motif: ACCGGAARYN",20092,1996
"541","lightyellow",TRUE,2.17862855415668e-05,626,100,16,0.16,0.0255591054313099,"TF:M02068_1","TF","Factor: etv3; motif: ACCGGAAGYN; match class: 1",20092,2331
"542","lightyellow",TRUE,2.20494615596834e-05,4104,100,44,0.44,0.0107212475633528,"TF:M03975_1","TF","Factor: ERG; motif: ACCGGAARTN; match class: 1",20092,2075
"543","lightyellow",TRUE,2.56112093248442e-05,3239,100,38,0.38,0.0117320160543378,"TF:M11404_1","TF","Factor: Fli-1; motif: NACCGGAARTN; match class: 1",20092,2545
"544","lightyellow",TRUE,2.56112093248442e-05,4301,100,45,0.45,0.0104626830969542,"TF:M11400_1","TF","Factor: Fli-1; motif: NACCGGAARTN; match class: 1",20092,2539
"545","lightyellow",TRUE,2.56112093248442e-05,7237,100,62,0.62,0.00856708580903689,"TF:M02066","TF","Factor: PEA3; motif: RCCGGAAGYN",20092,6690
"546","lightyellow",TRUE,2.56112093248442e-05,1325,100,23,0.23,0.0173584905660377,"TF:M02056_1","TF","Factor: ELF4; motif: NCCGGAARTN; match class: 1",20092,1813
"547","lightyellow",TRUE,2.76027366978186e-05,12006,100,84,0.84,0.00699650174912544,"TF:M11435","TF","Factor: Elk-1; motif: NNCCGGAAGTN",20092,1904
"548","lightyellow",TRUE,2.76027366978186e-05,6001,100,55,0.55,0.00916513914347609,"TF:M10999","TF","Factor: LIM-1; motif: NNCGTTAN",20092,4828
"549","lightyellow",TRUE,2.76027366978186e-05,5821,100,54,0.54,0.0092767565710359,"TF:M10885","TF","Factor: PRX-2; motif: NKCGTTAN",20092,7200
"550","lightyellow",TRUE,2.76027366978186e-05,1564,100,25,0.25,0.0159846547314578,"TF:M11432_1","TF","Factor: Elk-1; motif: NACMGGAAGTN; match class: 1",20092,1899
"551","lightyellow",TRUE,2.76027366978186e-05,16645,100,99,0.99,0.00594773205166717,"TF:M09894","TF","Factor: E2F-4; motif: SNGGGCGGGAANN",20092,1550
"552","lightyellow",TRUE,2.90830962720813e-05,2998,100,36,0.36,0.0120080053368913,"TF:M08759_1","TF","Factor: c-Ets-2; motif: NCCGGAAGTG; match class: 1",20092,2235
"553","lightyellow",TRUE,3.13131977259812e-05,1587,100,25,0.25,0.015752993068683,"TF:M04694","TF","Factor: NRF-1; motif: CNCTGCGCATGCGC",20092,6218
"554","lightyellow",TRUE,3.13131977259812e-05,5012,100,49,0.49,0.00977653631284916,"TF:M13031_1","TF","Factor: ETV4; motif: ACCGGAAGTN; match class: 1",20092,2347
"555","lightyellow",TRUE,3.22376632314765e-05,3307,100,38,0.38,0.0114907771394013,"TF:M11392_1","TF","Factor: Erg; motif: NACCGGAARYN; match class: 1",20092,2087
"556","lightyellow",TRUE,3.31907595465196e-05,4543,100,46,0.46,0.0101254677525864,"TF:M09935","TF","Factor: GABP-alpha; motif: NNNRCCGGAAGTGN",20092,2984
"557","lightyellow",TRUE,3.31907595465196e-05,7919,100,65,0.65,0.00820810708422781,"TF:M11447","TF","Factor: Elf-1; motif: NAMCCGGAAGTN",20092,1750
"558","lightyellow",TRUE,3.36500376429666e-05,7928,100,65,0.65,0.00819878910191726,"TF:M10591","TF","Factor: BSX; motif: NNCGTTAN",20092,626
"559","lightyellow",TRUE,3.42574645143891e-05,6433,100,57,0.57,0.00886056272345717,"TF:M11452","TF","Factor: Elf-1; motif: NANGCGGAAGTR",20092,1760
"560","lightyellow",TRUE,3.42574645143891e-05,3626,100,40,0.4,0.0110314396028682,"TF:M13032_1","TF","Factor: ETV5; motif: ACCGGAAGTN; match class: 1",20092,2383
"561","lightyellow",TRUE,3.48028405985656e-05,2233,100,30,0.3,0.0134348410210479,"TF:M02055_1","TF","Factor: ESE-1; motif: NSMGGAARTN; match class: 1",20092,2131
"562","lightyellow",TRUE,3.48028405985656e-05,2233,100,30,0.3,0.0134348410210479,"TF:M01214_1","TF","Factor: ESE-1; motif: NSMGGAARTN; match class: 1",20092,2135
"563","lightyellow",TRUE,3.52872361212197e-05,8354,100,67,0.67,0.00802011012688532,"TF:M09608","TF","Factor: Erg; motif: NNACCGGAARTSN",20092,2078
"564","lightyellow",TRUE,3.55431801453417e-05,1741,100,26,0.26,0.0149339460080414,"TF:M11452_1","TF","Factor: Elf-1; motif: NANGCGGAAGTR; match class: 1",20092,1761
"565","lightyellow",TRUE,3.55431801453417e-05,2640,100,33,0.33,0.0125,"TF:M02061","TF","Factor: ERF; motif: ACCGGAARYN",20092,2066
"566","lightyellow",TRUE,3.69111352915795e-05,1868,100,27,0.27,0.0144539614561028,"TF:M10018","TF","Factor: NRF-1; motif: CNSTGCGCATGCGCNNS",20092,6222
"567","lightyellow",TRUE,3.7218222124639e-05,2382,100,31,0.31,0.0130142737195634,"TF:M03981","TF","Factor: ETV3; motif: ACCGGAAGTN",20092,2332
"568","lightyellow",TRUE,3.89339333609144e-05,7800,100,64,0.64,0.00820512820512821,"TF:M11448","TF","Factor: Elf-1; motif: NANGCGGAAGTN",20092,1752
"569","lightyellow",TRUE,4.38294893751116e-05,4786,100,47,0.47,0.00982030923526954,"TF:M11422","TF","Factor: Erm; motif: NRCMGGAAGTN",20092,2106
"570","lightyellow",TRUE,4.53635119974921e-05,9673,100,73,0.73,0.0075467796960612,"TF:M13032","TF","Factor: ETV5; motif: ACCGGAAGTN",20092,2382
"571","lightyellow",TRUE,4.53635119974921e-05,7076,100,60,0.6,0.00847936687394008,"TF:M11451","TF","Factor: Elf-1; motif: NANCCGGAAGTN",20092,1758
"572","lightyellow",TRUE,4.83692213087089e-05,2694,100,33,0.33,0.0122494432071269,"TF:M10887_1","TF","Factor: PRX-2; motif: NNCRTTAN; match class: 1",20092,7205
"573","lightyellow",TRUE,4.83692213087089e-05,10570,100,77,0.77,0.00728476821192053,"TF:M11382","TF","Factor: ESE-1; motif: NWTRCGGAWGCN",20092,1802
"574","lightyellow",TRUE,5.19969716384606e-05,2169,100,29,0.29,0.0133702166897188,"TF:M11451_1","TF","Factor: Elf-1; motif: NANCCGGAAGTN; match class: 1",20092,1759
"575","lightyellow",TRUE,5.23296322198326e-05,2435,100,31,0.31,0.0127310061601643,"TF:M09608_1","TF","Factor: Erg; motif: NNACCGGAARTSN; match class: 1",20092,2079
"576","lightyellow",TRUE,5.48599572536472e-05,2309,100,30,0.3,0.0129926375054136,"TF:M11433_1","TF","Factor: Elk-1; motif: NRCCGGAAGTN; match class: 1",20092,1901
"577","lightyellow",TRUE,5.72687607336068e-05,3003,100,35,0.35,0.0116550116550117,"TF:M03988_1","TF","Factor: FLI1; motif: ACCGGAARTN; match class: 1",20092,2523
"578","lightyellow",TRUE,5.79160233400206e-05,6771,100,58,0.58,0.0085659429921725,"TF:M03966","TF","Factor: ELF1; motif: AACCCGGAAGTR",20092,1734
"579","lightyellow",TRUE,5.85004424521238e-05,2061,100,28,0.28,0.0135856380397865,"TF:M03982_1","TF","Factor: ETV4; motif: ACCGGAAGTN; match class: 1",20092,2343
"580","lightyellow",TRUE,5.91353885556985e-05,4536,100,45,0.45,0.00992063492063492,"TF:M00025_1","TF","Factor: Elk-1; motif: NNNNCCGGAARTNN; match class: 1",20092,1885
"581","lightyellow",TRUE,6.30702246081457e-05,4389,100,44,0.44,0.0100250626566416,"TF:M11449","TF","Factor: Elf-1; motif: NANCCGGAAGTN",20092,1754
"582","lightyellow",TRUE,6.30702246081457e-05,8531,100,67,0.67,0.0078537099988278,"TF:M08913","TF","Factor: FLI-1; motif: NAYTTCCGGT",20092,2528
"583","lightyellow",TRUE,6.35343934836541e-05,11116,100,79,0.79,0.00710687297589061,"TF:M02070","TF","Factor: TEL1; motif: CNCGGAANNN",20092,8774
"584","lightyellow",TRUE,6.86646865711412e-05,8756,100,68,0.68,0.00776610324349018,"TF:M10887","TF","Factor: PRX-2; motif: NNCRTTAN",20092,7204
"585","lightyellow",TRUE,7.2184023339084e-05,2222,100,29,0.29,0.0130513051305131,"TF:M01165_1","TF","Factor: Elk-1; motif: RACCGGAAGTR; match class: 1",20092,1889
"586","lightyellow",TRUE,7.5320534059138e-05,2771,100,33,0.33,0.0119090581017683,"TF:M02062_1","TF","Factor: Erg; motif: ACCGGAAGTN; match class: 1",20092,2073
"587","lightyellow",TRUE,7.69606863627037e-05,2918,100,34,0.34,0.0116518163125428,"TF:M01258","TF","Factor: GABP; motif: CACTTCCGGNNN",20092,3002
"588","lightyellow",TRUE,7.69606863627037e-05,2638,100,32,0.32,0.0121304018195603,"TF:M08451_1","TF","Factor: Elk-1:HOXA1; motif: ACCGGAAGTAATTA; match class: 1",20092,1857
"589","lightyellow",TRUE,9.09294976018308e-05,3230,100,36,0.36,0.0111455108359133,"TF:M03983","TF","Factor: ETV5; motif: NCCGGAWGYN",20092,2378
"590","lightyellow",TRUE,9.09732269409626e-05,2388,100,30,0.3,0.0125628140703518,"TF:M11448_1","TF","Factor: Elf-1; motif: NANGCGGAAGTN; match class: 1",20092,1753
"591","lightyellow",TRUE,9.24655841439193e-05,4796,100,46,0.46,0.00959132610508757,"TF:M03977_1","TF","Factor: ETS1; motif: ACCGGAARYN; match class: 1",20092,2225
"592","lightyellow",TRUE,9.24655841439193e-05,14860,100,93,0.93,0.00625841184387618,"TF:M08205","TF","Factor: E2F-1:Elk-1; motif: SGCGCSNNAMCGGAAGT",20092,1464
"593","lightyellow",TRUE,9.79716455512891e-05,2957,100,34,0.34,0.0114981400067636,"TF:M09913","TF","Factor: ER81; motif: NNCCGGAAGYG",20092,2008
"594","lightyellow",TRUE,0.000103360921103091,3554,100,38,0.38,0.0106921778277997,"TF:M02068","TF","Factor: etv3; motif: ACCGGAAGYN",20092,2330
"595","lightyellow",TRUE,0.000114627416581239,3420,100,37,0.37,0.0108187134502924,"TF:M03969","TF","Factor: ELF5; motif: ANSMGGAAGTN",20092,1830
"596","lightyellow",TRUE,0.00012094408417096,2846,100,33,0.33,0.0115952213633169,"TF:M11437","TF","Factor: SAP-1; motif: NRCCGGAWGYN",20092,1936
"597","lightyellow",TRUE,0.000128614582102368,1425,100,22,0.22,0.0154385964912281,"TF:M10578_1","TF","Factor: Barhl-1; motif: NTAAACGN; match class: 1",20092,413
"598","lightyellow",TRUE,0.0001367064595821,4707,100,45,0.45,0.00956022944550669,"TF:M02074","TF","Factor: GABPalpha; motif: RCCGGAWRYN",20092,2974
"599","lightyellow",TRUE,0.000141390245666316,3014,100,34,0.34,0.0112806901128069,"TF:M11434_1","TF","Factor: Elk-1; motif: NRSCGGAAGNN; match class: 1",20092,1903
"600","lightyellow",TRUE,0.000142808097522576,2732,100,32,0.32,0.0117130307467057,"TF:M04714_1","TF","Factor: Elf-1; motif: ACTTCCGGG; match class: 1",20092,1737
"601","lightyellow",TRUE,0.000142808097522576,5736,100,51,0.51,0.00889121338912134,"TF:M11450","TF","Factor: Elf-1; motif: NANSCGGAAGTR",20092,1756
"602","lightyellow",TRUE,0.000157869864427712,1219,100,20,0.2,0.0164068908941756,"TF:M10885_1","TF","Factor: PRX-2; motif: NKCGTTAN; match class: 1",20092,7201
"603","lightyellow",TRUE,0.000157869864427712,1333,100,21,0.21,0.0157539384846212,"TF:M11389","TF","Factor: elf5; motif: GAMCCGGAAGTN",20092,1840
"604","lightyellow",TRUE,0.000163657706523268,1337,100,21,0.21,0.0157068062827225,"TF:M11450_1","TF","Factor: Elf-1; motif: NANSCGGAAGTR; match class: 1",20092,1757
"605","lightyellow",TRUE,0.000167417241963042,3342,100,36,0.36,0.0107719928186715,"TF:M11415","TF","Factor: GABP-alpha; motif: NRCCGGAAGTN",20092,2988
"606","lightyellow",TRUE,0.000167417241963042,16348,100,97,0.97,0.00593344751651578,"TF:M11018_1","TF","Factor: IRX-1; motif: NACRYNNNNNNNNRYGNN; match class: 1",20092,4529
"607","lightyellow",TRUE,0.000167417241963042,3057,100,34,0.34,0.0111220150474321,"TF:M09905_1","TF","Factor: SAP-1; motif: NNCCGGAAGTGN; match class: 1",20092,1933
"608","lightyellow",TRUE,0.000167417241963042,2088,100,27,0.27,0.0129310344827586,"TF:M02102","TF","Factor: NRF-1; motif: YGCGCMTGCGC",20092,6228
"609","lightyellow",TRUE,0.000167417241963042,2627,100,31,0.31,0.0118005329272935,"TF:M11439","TF","Factor: Net; motif: NRCCGGAAGTN",20092,1912
"610","lightyellow",TRUE,0.000167417241963042,369,100,11,0.11,0.029810298102981,"TF:M02061_1","TF","Factor: ERF; motif: ACCGGAARYN; match class: 1",20092,2067
"611","lightyellow",TRUE,0.000167417241963042,2911,100,33,0.33,0.0113363105462041,"TF:M11424_1","TF","Factor: Erm; motif: NNSCGGAWGYN; match class: 1",20092,2111
"612","lightyellow",TRUE,0.000167417241963042,9628,100,71,0.71,0.0073743248857499,"TF:M10956","TF","Factor: isx; motif: NTCRTTAA",20092,4574
"613","lightyellow",TRUE,0.000167417241963042,5436,100,49,0.49,0.0090139808682855,"TF:M08220_1","TF","Factor: Elk-1:HOXA3; motif: ACCGGWAATKRNNTNWCNNATTAN; match class: 1",20092,1859
"614","lightyellow",TRUE,0.00017525921543271,1589,100,23,0.23,0.0144745122718691,"TF:M02053_1","TF","Factor: ELF1; motif: NCCGGAARTN; match class: 1",20092,1843
"615","lightyellow",TRUE,0.000180053335688812,2502,100,30,0.3,0.0119904076738609,"TF:M01078_1","TF","Factor: c-Ets-1; motif: NNNRCCGGAWRYNNNN; match class: 1",20092,837
"616","lightyellow",TRUE,0.000183736439436506,1132,100,19,0.19,0.0167844522968198,"TF:M03970_1","TF","Factor: ELK1; motif: ACCGGAAGTN; match class: 1",20092,1893
"617","lightyellow",TRUE,0.000201955799264622,2659,100,31,0.31,0.0116585182399398,"TF:M11447_1","TF","Factor: Elf-1; motif: NAMCCGGAAGTN; match class: 1",20092,1751
"618","lightyellow",TRUE,0.000201955799264622,4807,100,45,0.45,0.00936134803411691,"TF:M09607","TF","Factor: SAP-1; motif: ACCGGAAGTNN",20092,1930
"619","lightyellow",TRUE,0.000204065851333176,13943,100,89,0.89,0.00638313132037582,"TF:M09892","TF","Factor: E2F-1; motif: NNNNGGCGGGAARN",20092,1478
"620","lightyellow",TRUE,0.00020776372836628,2388,100,29,0.29,0.01214405360134,"TF:M11425_1","TF","Factor: PEA3; motif: NACCGGAAGTN; match class: 1",20092,6695
"621","lightyellow",TRUE,0.000213621768942878,733,100,15,0.15,0.0204638472032742,"TF:M08757","TF","Factor: nerf; motif: AAMCCGGAAGTN",20092,1774
"622","lightyellow",TRUE,0.000213621768942878,3249,100,35,0.35,0.0107725453985842,"TF:M11379","TF","Factor: ESE-1; motif: ACCCGGAAGTRNNNNNNNNWWWW",20092,1798
"623","lightyellow",TRUE,0.000215671974365189,2397,100,29,0.29,0.0120984564038381,"TF:M11421","TF","Factor: ER81; motif: NACCGGAAGTN",20092,2016
"624","lightyellow",TRUE,0.000215671974365189,6208,100,53,0.53,0.00853737113402062,"TF:M11419","TF","Factor: ER81; motif: NNCCGGAWGYN",20092,2012
"625","lightyellow",TRUE,0.000220919699370197,1500,100,22,0.22,0.0146666666666667,"TF:M04059","TF","Factor: NRF-1; motif: YGCGCATGCGCN",20092,6216
"626","lightyellow",TRUE,0.000234366946164677,646,100,14,0.14,0.021671826625387,"TF:M11455","TF","Factor: ELFR; motif: NANSCGGAAGTN",20092,1820
"627","lightyellow",TRUE,0.000235094764294509,10827,100,76,0.76,0.00701948831624642,"TF:M11005","TF","Factor: LHX4; motif: NNCRTTAN",20092,4856
"628","lightyellow",TRUE,0.000235094764294509,2012,100,26,0.26,0.0129224652087475,"TF:M02069_1","TF","Factor: Erm; motif: ACCGGAAGTN; match class: 1",20092,2103
"629","lightyellow",TRUE,0.000235094764294509,471,100,12,0.12,0.0254777070063694,"TF:M10861_1","TF","Factor: En-1; motif: VTCRTTAN; match class: 1",20092,1971
"630","lightyellow",TRUE,0.000235094764294509,3123,100,34,0.34,0.010886967659302,"TF:M02054","TF","Factor: ELF2; motif: CCCGGAARYN",20092,1772
"631","lightyellow",TRUE,0.000244697896855836,5889,100,51,0.51,0.0086602139582272,"TF:M11435_1","TF","Factor: Elk-1; motif: NNCCGGAAGTN; match class: 1",20092,1905
"632","lightyellow",TRUE,0.000246011324549003,16106,100,96,0.96,0.00596051161057991,"TF:M12599_1","TF","Factor: E2F4; motif: YCCCGCCNCNNSSNNSNN; match class: 1",20092,1555
"633","lightyellow",TRUE,0.000246560367857149,3286,100,35,0.35,0.0106512477175898,"TF:M04698","TF","Factor: GABP-alpha; motif: CACTTCCGG",20092,2978
"634","lightyellow",TRUE,0.000246560367857149,17263,100,99,0.99,0.0057348085500782,"TF:M08526","TF","Factor: E2F-3:HES-7; motif: NNNSGCGCSNNNNNCRCGYGNN",20092,1520
"635","lightyellow",TRUE,0.000246560367857149,2990,100,33,0.33,0.0110367892976589,"TF:M11414","TF","Factor: GABP-alpha; motif: NACCGGAAGTN",20092,2986
"636","lightyellow",TRUE,0.000258188556397084,3295,100,35,0.35,0.0106221547799697,"TF:M11420","TF","Factor: ER81; motif: NACCGGAAGTN",20092,2014
"637","lightyellow",TRUE,0.000258188556397084,1288,100,20,0.2,0.015527950310559,"TF:M10999_1","TF","Factor: LIM-1; motif: NNCGTTAN; match class: 1",20092,4829
"638","lightyellow",TRUE,0.000263959732368222,6451,100,54,0.54,0.00837079522554643,"TF:M09606","TF","Factor: nerf; motif: NRRNSCGGAAGNRNNNN",20092,1776
"639","lightyellow",TRUE,0.000269496398876467,2303,100,28,0.28,0.0121580547112462,"TF:M10591_1","TF","Factor: BSX; motif: NNCGTTAN; match class: 1",20092,627
"640","lightyellow",TRUE,0.000280847121917376,2446,100,29,0.29,0.0118560915780867,"TF:M02072","TF","Factor: Pet-1; motif: ACCGGAWRTN",20092,6722
"641","lightyellow",TRUE,0.00028286012717016,7780,100,61,0.61,0.00784061696658098,"TF:M02063","TF","Factor: c-ets-1; motif: ACCGGAWGTN",20092,838
"642","lightyellow",TRUE,0.000283083950913682,8369,100,64,0.64,0.00764726968574501,"TF:M11424","TF","Factor: Erm; motif: NNSCGGAWGYN",20092,2110
"643","lightyellow",TRUE,0.000303054182803502,3941,100,39,0.39,0.00989596549099213,"TF:M08423","TF","Factor: TEF-3:ER81; motif: ACCGGAAATRCC",20092,8688
"644","lightyellow",TRUE,0.000304035372260554,5255,100,47,0.47,0.00894386298763083,"TF:M01660_1","TF","Factor: GABP-alpha; motif: CTTCCK; match class: 1",20092,2993
"645","lightyellow",TRUE,0.000309360111657898,4590,100,43,0.43,0.0093681917211329,"TF:M02071_1","TF","Factor: ETV7; motif: NCCGGAANNN; match class: 1",20092,2391
"646","lightyellow",TRUE,0.000311154567626513,11370,100,78,0.78,0.00686015831134565,"TF:M01660","TF","Factor: GABP-alpha; motif: CTTCCK",20092,2992
"647","lightyellow",TRUE,0.000320392102872865,8010,100,62,0.62,0.00774032459425718,"TF:M04714","TF","Factor: Elf-1; motif: ACTTCCGGG",20092,1736
"648","lightyellow",TRUE,0.000326716128567897,2199,100,27,0.27,0.0122783083219645,"TF:M11428_1","TF","Factor: PEA3; motif: NACCGGAAGTN; match class: 1",20092,6699
"649","lightyellow",TRUE,0.000327065828751364,4606,100,43,0.43,0.00933564915327833,"TF:M10849_1","TF","Factor: Cdx-2; motif: NRTCGTAANNNN; match class: 1",20092,701
"650","lightyellow",TRUE,0.000327065828751364,7063,100,57,0.57,0.00807022511680589,"TF:M02069","TF","Factor: Erm; motif: ACCGGAAGTN",20092,2102
"651","lightyellow",TRUE,0.000352681411635017,9658,100,70,0.7,0.00724787740733071,"TF:M02059","TF","Factor: ELK-1; motif: ACCGGAAGTN",20092,1890
"652","lightyellow",TRUE,0.000352681411635017,1097,100,18,0.18,0.01640838650866,"TF:M11457","TF","Factor: nerf; motif: NANGCGGAAGTR",20092,1778
"653","lightyellow",TRUE,0.000362245192797354,1100,100,18,0.18,0.0163636363636364,"TF:M11454","TF","Factor: ELFR; motif: NANGMGGAAGTN",20092,1818
"654","lightyellow",TRUE,0.000377733492059051,13100,100,85,0.85,0.00648854961832061,"TF:M02065","TF","Factor: ER81; motif: RCCGGAARYN",20092,2004
"655","lightyellow",TRUE,0.000414040515348323,1342,100,20,0.2,0.014903129657228,"TF:M09605_1","TF","Factor: Elf-1; motif: NAANCMGGAAGTGN; match class: 1",20092,1743
"656","lightyellow",TRUE,0.000475037003758269,7340,100,58,0.58,0.00790190735694823,"TF:M11428","TF","Factor: PEA3; motif: NACCGGAAGTN",20092,6698
"657","lightyellow",TRUE,0.000475037003758269,8504,100,64,0.64,0.00752587017873942,"TF:M09905","TF","Factor: SAP-1; motif: NNCCGGAAGTGN",20092,1932
"658","lightyellow",TRUE,0.00047935852511041,5018,100,45,0.45,0.00896771622160223,"TF:M11430_1","TF","Factor: PEA3; motif: NACCGGAAGTN; match class: 1",20092,6703
"659","lightyellow",TRUE,0.00047935852511041,8710,100,65,0.65,0.00746268656716418,"TF:M10880","TF","Factor: Alx-4; motif: NNCRTTAN",20092,64
"660","lightyellow",TRUE,0.000489471153162294,8516,100,64,0.64,0.00751526538280883,"TF:M03988","TF","Factor: FLI1; motif: ACCGGAARTN",20092,2522
"661","lightyellow",TRUE,0.00052210342669581,16651,100,97,0.97,0.00582547594739055,"TF:M10438","TF","Factor: ZF5; motif: GGSGCGCGS",20092,9478
"662","lightyellow",TRUE,0.000530367916247689,4540,100,42,0.42,0.0092511013215859,"TF:M12557","TF","Factor: ETV5; motif: NNACTTCCGNN",20092,2380
"663","lightyellow",TRUE,0.000539853789362465,7000,100,56,0.56,0.008,"TF:M03982","TF","Factor: ETV4; motif: ACCGGAAGTN",20092,2342
"664","lightyellow",TRUE,0.000620066507665196,1507,100,21,0.21,0.0139349701393497,"TF:M02073_1","TF","Factor: Fli-1; motif: ACCGGAAGYN; match class: 1",20092,2521
"665","lightyellow",TRUE,0.000635895074815176,2159,100,26,0.26,0.0120426123205188,"TF:M11413","TF","Factor: ER71; motif: NACCGGAARTN",20092,2328
"666","lightyellow",TRUE,0.000635895074815176,8583,100,64,0.64,0.00745660025632063,"TF:M08451","TF","Factor: Elk-1:HOXA1; motif: ACCGGAAGTAATTA",20092,1856
"667","lightyellow",TRUE,0.000680077865152351,3321,100,34,0.34,0.0102378801565793,"TF:M11384","TF","Factor: ESE-1; motif: ACCCGGAAGTRNNNNNNNWWWWW",20092,1806
"668","lightyellow",TRUE,0.000680949503071853,15421,100,93,0.93,0.00603073730627067,"TF:M08526_1","TF","Factor: E2F-3:HES-7; motif: NNNSGCGCSNNNNNCRCGYGNN; match class: 1",20092,1521
"669","lightyellow",TRUE,0.000693431343190648,3326,100,34,0.34,0.0102224894768491,"TF:M09641","TF","Factor: NRF-1; motif: SYGCGCMTGCGCRNNGSN",20092,6220
"670","lightyellow",TRUE,0.000770618207539825,949,100,16,0.16,0.0168598524762908,"TF:M11422_1","TF","Factor: Erm; motif: NRCMGGAAGTN; match class: 1",20092,2107
"671","lightyellow",TRUE,0.000807493330600493,4297,100,40,0.4,0.00930882010705143,"TF:M11005_1","TF","Factor: LHX4; motif: NNCRTTAN; match class: 1",20092,4857
"672","lightyellow",TRUE,0.00082999922839931,9674,100,69,0.69,0.00713252015712218,"TF:M01752","TF","Factor: ERG; motif: ACCGGAART",20092,2070
"673","lightyellow",TRUE,0.000951152863877749,755,100,14,0.14,0.0185430463576159,"TF:M11460","TF","Factor: nerf; motif: NANSCGGAAGTN",20092,1784
"674","lightyellow",TRUE,0.00101551416283969,8902,100,65,0.65,0.00730172994832622,"TF:M11392","TF","Factor: Erg; motif: NACCGGAARYN",20092,2086
"675","lightyellow",TRUE,0.00107856671640311,4517,100,41,0.41,0.00907682089882665,"TF:M04287","TF","Factor: BARHL2; motif: NNTAAAYGNN",20092,418
"676","lightyellow",TRUE,0.00107856671640311,8518,100,63,0.63,0.0073961023714487,"TF:M08759","TF","Factor: c-Ets-2; motif: NCCGGAAGTG",20092,2234
"677","lightyellow",TRUE,0.00119390261238002,17616,100,99,0.99,0.00561989100817439,"TF:M12599","TF","Factor: E2F4; motif: YCCCGCCNCNNSSNNSNN",20092,1554
"678","lightyellow",TRUE,0.00119390261238002,1337,100,19,0.19,0.0142109199700823,"TF:M10625_1","TF","Factor: Nkx3-2; motif: NTCGTTAN; match class: 1",20092,6033
"679","lightyellow",TRUE,0.00119390261238002,1101,100,17,0.17,0.0154405086285195,"TF:M01163_1","TF","Factor: Elk-1; motif: AACCGGAAGTR; match class: 1",20092,1887
"680","lightyellow",TRUE,0.00125193092462915,14996,100,91,0.91,0.00606828487596692,"TF:M07206","TF","Factor: E2F-1; motif: NGGGCGGGARV",20092,1476
"681","lightyellow",TRUE,0.0012646228206183,8364,100,62,0.62,0.00741272118603539,"TF:M09904","TF","Factor: Elk-1; motif: RCCGGAAGTGN",20092,1896
"682","lightyellow",TRUE,0.0012646228206183,1345,100,19,0.19,0.0141263940520446,"TF:M08341_1","TF","Factor: HOXB2:Elk-1; motif: TAATKRCCGGAAGTN; match class: 1",20092,3961
"683","lightyellow",TRUE,0.0012646228206183,7589,100,58,0.58,0.00764264066411912,"TF:M11425","TF","Factor: PEA3; motif: NACCGGAAGTN",20092,6694
"684","lightyellow",TRUE,0.00128482237850285,10217,100,71,0.71,0.0069492023098757,"TF:M03975","TF","Factor: ERG; motif: ACCGGAARTN",20092,2074
"685","lightyellow",TRUE,0.00146394416879241,12023,100,79,0.79,0.00657073941611911,"TF:M02097","TF","Factor: LHX3; motif: ATTAAW",20092,4850
"686","lightyellow",TRUE,0.00146727834406133,12025,100,79,0.79,0.00656964656964657,"TF:M10948","TF","Factor: rax; motif: NNCRTTAN",20092,7306
"687","lightyellow",TRUE,0.00159429154465124,5454,100,46,0.46,0.00843417675100843,"TF:M10692","TF","Factor: HOXB6; motif: GTCGTTAN",20092,4040
"688","lightyellow",TRUE,0.00160614088415188,5809,100,48,0.48,0.00826304011017387,"TF:M12601","TF","Factor: ELF4; motif: NCCACTTCCGGNNNN",20092,1824
"689","lightyellow",TRUE,0.00160614088415188,597,100,12,0.12,0.0201005025125628,"TF:M04698_1","TF","Factor: GABP-alpha; motif: CACTTCCGG; match class: 1",20092,2979
"690","lightyellow",TRUE,0.00160614088415188,10277,100,71,0.71,0.00690863092342123,"TF:M00025","TF","Factor: Elk-1; motif: NNNNCCGGAARTNN",20092,1884
"691","lightyellow",TRUE,0.001646844262361,1501,100,20,0.2,0.0133244503664224,"TF:M10695_1","TF","Factor: HOXA6; motif: RTCRTTAN; match class: 1",20092,3897
"692","lightyellow",TRUE,0.001646844262361,1628,100,21,0.21,0.0128992628992629,"TF:M11419_1","TF","Factor: ER81; motif: NNCCGGAWGYN; match class: 1",20092,2013
"693","lightyellow",TRUE,0.0016785873860367,8249,100,61,0.61,0.00739483573766517,"TF:M02062","TF","Factor: Erg; motif: ACCGGAAGTN",20092,2072
"694","lightyellow",TRUE,0.00168356804508672,3966,100,37,0.37,0.00932929904185577,"TF:M11402","TF","Factor: Fli-1; motif: NACCGGAARTN",20092,2542
"695","lightyellow",TRUE,0.00184929717953442,340,100,9,0.09,0.0264705882352941,"TF:M10945_1","TF","Factor: VSX1; motif: NTCRTTAN; match class: 1",20092,9199
"696","lightyellow",TRUE,0.00184929717953442,340,100,9,0.09,0.0264705882352941,"TF:M10563_1","TF","Factor: Msx-1; motif: NTCRTTAN; match class: 1",20092,5445
"697","lightyellow",TRUE,0.00184929717953442,340,100,9,0.09,0.0264705882352941,"TF:M10874_1","TF","Factor: alx3; motif: NKCRTTAN; match class: 1",20092,45
"698","lightyellow",TRUE,0.00184929717953442,340,100,9,0.09,0.0264705882352941,"TF:M10747_1","TF","Factor: GSH2; motif: NTCRTTAN; match class: 1",20092,3421
"699","lightyellow",TRUE,0.00184929717953442,340,100,9,0.09,0.0264705882352941,"TF:M10939_1","TF","Factor: CHX10; motif: NTCRTTAN; match class: 1",20092,9211
"700","lightyellow",TRUE,0.00184929717953442,340,100,9,0.09,0.0264705882352941,"TF:M10942_1","TF","Factor: VSX1; motif: NTCRTTAN; match class: 1",20092,9193
"701","lightyellow",TRUE,0.00184929717953442,340,100,9,0.09,0.0264705882352941,"TF:M10936_1","TF","Factor: CHX10; motif: NTCRTTAN; match class: 1",20092,9205
"702","lightyellow",TRUE,0.00187511500711139,1039,100,16,0.16,0.0153994225216554,"TF:M10749_1","TF","Factor: gsh-1; motif: NTCRTTAN; match class: 1",20092,3415
"703","lightyellow",TRUE,0.00187511500711139,1039,100,16,0.16,0.0153994225216554,"TF:M10566_1","TF","Factor: Msx-1; motif: NTCRTTAN; match class: 1",20092,5451
"704","lightyellow",TRUE,0.00187511500711139,5332,100,45,0.45,0.00843960990247562,"TF:M10948_1","TF","Factor: rax; motif: NNCRTTAN; match class: 1",20092,7307
"705","lightyellow",TRUE,0.00187511500711139,1039,100,16,0.16,0.0153994225216554,"TF:M10572_1","TF","Factor: Gbx2; motif: NTCRTTAN; match class: 1",20092,3137
"706","lightyellow",TRUE,0.00194651697662172,2056,100,24,0.24,0.0116731517509728,"TF:M11442","TF","Factor: Net; motif: NACCGGAAGTN",20092,1918
"707","lightyellow",TRUE,0.00200196135893211,10790,100,73,0.73,0.00676552363299351,"TF:M03977","TF","Factor: ETS1; motif: ACCGGAARYN",20092,2224
"708","lightyellow",TRUE,0.00200196135893211,7729,100,58,0.58,0.00750420494242463,"TF:M01214","TF","Factor: ESE-1; motif: NSMGGAARTN",20092,2134
"709","lightyellow",TRUE,0.00200196135893211,5350,100,45,0.45,0.00841121495327103,"TF:M09900","TF","Factor: Elf-1; motif: NNANCCGGAAGTGS",20092,1744
"710","lightyellow",TRUE,0.00200196135893211,7729,100,58,0.58,0.00750420494242463,"TF:M02055","TF","Factor: ESE-1; motif: NSMGGAARTN",20092,2130
"711","lightyellow",TRUE,0.0020875395813619,7740,100,58,0.58,0.00749354005167959,"TF:M01078","TF","Factor: c-Ets-1; motif: NNNRCCGGAWRYNNNN",20092,836
"712","lightyellow",TRUE,0.00211544898071034,15728,100,93,0.93,0.00591302136317396,"TF:M08313","TF","Factor: GCMa:PEA3; motif: ATRCGGGCGGAAGTR",20092,3162
"713","lightyellow",TRUE,0.00219957399321364,10388,100,71,0.71,0.0068348093954563,"TF:M02071","TF","Factor: ETV7; motif: NCCGGAANNN",20092,2390
"714","lightyellow",TRUE,0.00230792831461807,12175,100,79,0.79,0.00648870636550308,"TF:M03564_1","TF","Factor: SATB1; motif: NTTTAT; match class: 1",20092,7657
"715","lightyellow",TRUE,0.00237032530867887,8957,100,64,0.64,0.00714524952551077,"TF:M11404","TF","Factor: Fli-1; motif: NACCGGAARTN",20092,2544
"716","lightyellow",TRUE,0.00238104266353816,10199,100,70,0.7,0.00686341798215511,"TF:M11400","TF","Factor: Fli-1; motif: NACCGGAARTN",20092,2538
"717","lightyellow",TRUE,0.00240513420980169,1557,100,20,0.2,0.0128452151573539,"TF:M12601_1","TF","Factor: ELF4; motif: NCCACTTCCGGNNNN; match class: 1",20092,1825
"718","lightyellow",TRUE,0.0024254070129099,3419,100,33,0.33,0.00965194501316174,"TF:M10956_1","TF","Factor: isx; motif: NTCRTTAA; match class: 1",20092,4575
"719","lightyellow",TRUE,0.00248399014050057,3269,100,32,0.32,0.00978892627714898,"TF:M12600_1","TF","Factor: ELF1; motif: NNNASCCGGAAGTGGNNNN; match class: 1",20092,1765
"720","lightyellow",TRUE,0.00250598500697414,1190,100,17,0.17,0.0142857142857143,"TF:M09900_1","TF","Factor: Elf-1; motif: NNANCCGGAAGTGS; match class: 1",20092,1745
"721","lightyellow",TRUE,0.00251378094017255,2239,100,25,0.25,0.0111656989727557,"TF:M13367","TF","Factor: ZBTB11; motif: CACTTCCGG",20092,9330
"722","lightyellow",TRUE,0.00259615510627299,2824,100,29,0.29,0.0102691218130312,"TF:M09904_1","TF","Factor: Elk-1; motif: RCCGGAAGTGN; match class: 1",20092,1897
"723","lightyellow",TRUE,0.00282131394707593,546,100,11,0.11,0.0201465201465201,"TF:M03983_1","TF","Factor: ETV5; motif: NCCGGAWGYN; match class: 1",20092,2379
"724","lightyellow",TRUE,0.00286823320036828,13676,100,85,0.85,0.00621526762211173,"TF:M11531","TF","Factor: E2F-2; motif: GCGCGCGCGYW",20092,1510
"725","lightyellow",TRUE,0.00287094807329282,8221,100,60,0.6,0.00729838219194745,"TF:M08345","TF","Factor: HOXB2:PEA3; motif: ACCGGAAATGRN",20092,3970
"726","lightyellow",TRUE,0.00296371630145346,11797,100,77,0.77,0.00652708315673476,"TF:M11877","TF","Factor: pax-2; motif: NCGTCACGCNYSRNYGCNYN",20092,6516
"727","lightyellow",TRUE,0.00314421972274822,1465,100,19,0.19,0.0129692832764505,"TF:M11436","TF","Factor: SAP-1; motif: NRNCGGAWRYN",20092,1934
"728","lightyellow",TRUE,0.00314421972274822,6176,100,49,0.49,0.0079339378238342,"TF:M10625","TF","Factor: Nkx3-2; motif: NTCGTTAN",20092,6032
"729","lightyellow",TRUE,0.00321266200612679,8450,100,61,0.61,0.0072189349112426,"TF:M11434","TF","Factor: Elk-1; motif: NRSCGGAAGNN",20092,1902
"730","lightyellow",TRUE,0.00325789230719283,1470,100,19,0.19,0.0129251700680272,"TF:M13119_1","TF","Factor: ZBTB11; motif: RCTTCCGGNNSNNNN; match class: 1",20092,9329
"731","lightyellow",TRUE,0.0034226523024298,16155,100,94,0.94,0.00581863200247601,"TF:M03564","TF","Factor: SATB1; motif: NTTTAT",20092,7656
"732","lightyellow",TRUE,0.00343440626340722,561,100,11,0.11,0.0196078431372549,"TF:M07412_1","TF","Factor: C/EBPalpha; motif: ATTGCGYAAY; match class: 1",20092,731
"733","lightyellow",TRUE,0.00344756596723649,6568,100,51,0.51,0.00776492082825822,"TF:M10695","TF","Factor: HOXA6; motif: RTCRTTAN",20092,3896
"734","lightyellow",TRUE,0.00344756596723649,10321,100,70,0.7,0.00678228853793237,"TF:M02052","TF","Factor: EHF; motif: CSCGGAARTN",20092,1716
"735","lightyellow",TRUE,0.00344756596723649,4302,100,38,0.38,0.00883310088331009,"TF:M10723","TF","Factor: HOXD8; motif: RTCRTTAN",20092,4258
"736","lightyellow",TRUE,0.00344756596723649,2014,100,23,0.23,0.0114200595829196,"TF:M01167","TF","Factor: SAP-1a; motif: NACCGGAAGTV",20092,7644
"737","lightyellow",TRUE,0.00344756596723649,15301,100,91,0.91,0.00594732370433305,"TF:M10438_1","TF","Factor: ZF5; motif: GGSGCGCGS; match class: 1",20092,9479
"738","lightyellow",TRUE,0.00344756596723649,6208,100,49,0.49,0.0078930412371134,"TF:M04556_1","TF","Factor: SRY; motif: AACAATNNNCATTGTT; match class: 1",20092,8283
"739","lightyellow",TRUE,0.00344756596723649,879,100,14,0.14,0.0159271899886234,"TF:M12557_1","TF","Factor: ETV5; motif: NNACTTCCGNN; match class: 1",20092,2381
"740","lightyellow",TRUE,0.00350967416056767,8883,100,63,0.63,0.00709219858156028,"TF:M12600","TF","Factor: ELF1; motif: NNNASCCGGAAGTGGNNNN",20092,1764
"741","lightyellow",TRUE,0.00355148708563339,6399,100,50,0.5,0.00781372089388967,"TF:M10727","TF","Factor: HOXB8; motif: RTCRTTAN",20092,4060
"742","lightyellow",TRUE,0.00370704061231855,10771,100,72,0.72,0.00668461609878377,"TF:M04691_1","TF","Factor: Kaiso; motif: TCTCGCGAG; match class: 1",20092,9367
"743","lightyellow",TRUE,0.00375971660883265,3050,100,30,0.3,0.00983606557377049,"TF:M03791","TF","Factor: GABPalpha_GABPbeta; motif: CTTCCKGY",20092,2972
"744","lightyellow",TRUE,0.00381177730537466,9932,100,68,0.68,0.00684655658477648,"TF:M08313_1","TF","Factor: GCMa:PEA3; motif: ATRCGGGCGGAAGTR; match class: 1",20092,3163
"745","lightyellow",TRUE,0.00382912558440781,4496,100,39,0.39,0.00867437722419929,"TF:M08286","TF","Factor: Fli-1:FOXI1; motif: NCCGGATGTTKAY",20092,2510
"746","lightyellow",TRUE,0.00391405015471511,1007,100,15,0.15,0.0148957298907646,"TF:M09607_1","TF","Factor: SAP-1; motif: ACCGGAAGTNN; match class: 1",20092,1931
"747","lightyellow",TRUE,0.00392178717691121,3065,100,30,0.3,0.00978792822185971,"TF:M10874","TF","Factor: alx3; motif: NKCRTTAN",20092,44
"748","lightyellow",TRUE,0.00392178717691121,3065,100,30,0.3,0.00978792822185971,"TF:M10936","TF","Factor: CHX10; motif: NTCRTTAN",20092,9204
"749","lightyellow",TRUE,0.00392178717691121,3065,100,30,0.3,0.00978792822185971,"TF:M10747","TF","Factor: GSH2; motif: NTCRTTAN",20092,3420
"750","lightyellow",TRUE,0.00392178717691121,3065,100,30,0.3,0.00978792822185971,"TF:M10939","TF","Factor: CHX10; motif: NTCRTTAN",20092,9210
"751","lightyellow",TRUE,0.00392178717691121,3065,100,30,0.3,0.00978792822185971,"TF:M10563","TF","Factor: Msx-1; motif: NTCRTTAN",20092,5444
"752","lightyellow",TRUE,0.00392178717691121,6252,100,49,0.49,0.00783749200255918,"TF:M10578","TF","Factor: Barhl-1; motif: NTAAACGN",20092,412
"753","lightyellow",TRUE,0.00392178717691121,3065,100,30,0.3,0.00978792822185971,"TF:M10945","TF","Factor: VSX1; motif: NTCRTTAN",20092,9198
"754","lightyellow",TRUE,0.00392178717691121,3065,100,30,0.3,0.00978792822185971,"TF:M10942","TF","Factor: VSX1; motif: NTCRTTAN",20092,9192
"755","lightyellow",TRUE,0.00407422227759448,1380,100,18,0.18,0.0130434782608696,"TF:M10727_1","TF","Factor: HOXB8; motif: RTCRTTAN; match class: 1",20092,4061
"756","lightyellow",TRUE,0.00413137837276492,12374,100,79,0.79,0.00638435429125586,"TF:M08220","TF","Factor: Elk-1:HOXA3; motif: ACCGGWAATKRNNTNWCNNATTAN",20092,1858
"757","lightyellow",TRUE,0.00419569051059834,11037,100,73,0.73,0.0066141161547522,"TF:M11396","TF","Factor: Erg; motif: NACCGGAARTN",20092,2094
"758","lightyellow",TRUE,0.00429748187042843,7774,100,57,0.57,0.00733213275019295,"TF:M03967","TF","Factor: ELF3; motif: WACCCGGAAGTAN",20092,1794
"759","lightyellow",TRUE,0.00431985820161791,6280,100,49,0.49,0.00780254777070064,"TF:M11432","TF","Factor: Elk-1; motif: NACMGGAAGTN",20092,1898
"760","lightyellow",TRUE,0.00448653177853911,11058,100,73,0.73,0.0066015554349792,"TF:M13031","TF","Factor: ETV4; motif: ACCGGAAGTN",20092,2346
"761","lightyellow",TRUE,0.00479776822295972,1401,100,18,0.18,0.012847965738758,"TF:M09901_1","TF","Factor: nerf; motif: NNNCCGGAAGTGN; match class: 1",20092,5659
"762","lightyellow",TRUE,0.00484674287310649,10864,100,72,0.72,0.00662739322533137,"TF:M11427","TF","Factor: PEA3; motif: NACCGGAAGTN",20092,6696
"763","lightyellow",TRUE,0.0048595709373999,2506,100,26,0.26,0.0103750997605746,"TF:M13138_1","TF","Factor: ETV4; motif: NNCCGGAAGYNNN; match class: 1",20092,2349
"764","lightyellow",TRUE,0.00486881675427854,315,100,8,0.08,0.0253968253968254,"TF:M11324_1","TF","Factor: C/EBPgamma; motif: NNTTGCGYMANN; match class: 1",20092,813
"765","lightyellow",TRUE,0.00511601992225205,4239,100,37,0.37,0.00872847369662656,"TF:M11382_1","TF","Factor: ESE-1; motif: NWTRCGGAWGCN; match class: 1",20092,1803
"766","lightyellow",TRUE,0.00511601992225205,167,100,6,0.06,0.0359281437125748,"TF:M04203_1","TF","Factor: CEBPE; motif: NTTRCGCAAY; match class: 1",20092,791
"767","lightyellow",TRUE,0.00523173168702998,319,100,8,0.08,0.0250783699059561,"TF:M11325_1","TF","Factor: C/EBPgamma; motif: NNTTGCGYAANN; match class: 1",20092,815
"768","lightyellow",TRUE,0.00523173168702998,704,100,12,0.12,0.0170454545454545,"TF:M10560_1","TF","Factor: Msx-2; motif: NTCRTTAN; match class: 1",20092,5467
"769","lightyellow",TRUE,0.00523173168702998,704,100,12,0.12,0.0170454545454545,"TF:M10589_1","TF","Factor: BSX; motif: NTCRTTAN; match class: 1",20092,623
"770","lightyellow",TRUE,0.00553160961735131,3768,100,34,0.34,0.00902335456475584,"TF:M10686","TF","Factor: HOXB7; motif: GTCRTTAN",20092,4052
"771","lightyellow",TRUE,0.00553160961735131,5987,100,47,0.47,0.00785034240855186,"TF:M02073","TF","Factor: Fli-1; motif: ACCGGAAGYN",20092,2520
"772","lightyellow",TRUE,0.0056319022800049,8246,100,59,0.59,0.0071549842347805,"TF:M08894","TF","Factor: OVOL; motif: ANRTAACGG",20092,6444
"773","lightyellow",TRUE,0.0056319022800049,2244,100,24,0.24,0.0106951871657754,"TF:M08345_1","TF","Factor: HOXB2:PEA3; motif: ACCGGAAATGRN; match class: 1",20092,3971
"774","lightyellow",TRUE,0.00567875441737809,11136,100,73,0.73,0.00655531609195402,"TF:M11430","TF","Factor: PEA3; motif: NACCGGAAGTN",20092,6702
"775","lightyellow",TRUE,0.00596817609124654,716,100,12,0.12,0.0167597765363128,"TF:M11449_1","TF","Factor: Elf-1; motif: NANCCGGAAGTN; match class: 1",20092,1755
"776","lightyellow",TRUE,0.00600933244665629,246,100,7,0.07,0.0284552845528455,"TF:M12567_1","TF","Factor: CEBPD; motif: NNTTGCACAAYNN; match class: 1",20092,779
"777","lightyellow",TRUE,0.00624147570471546,6021,100,47,0.47,0.00780601229031722,"TF:M10514_1","TF","Factor: GLI4; motif: RGGCCTTGAATGCCANGCYMA; match class: 1",20092,3335
"778","lightyellow",TRUE,0.00679446578119221,5507,100,44,0.44,0.00798983112402397,"TF:M09901","TF","Factor: nerf; motif: NNNCCGGAAGTGN",20092,5658
"779","lightyellow",TRUE,0.0072334958071768,1079,100,15,0.15,0.0139017608897127,"TF:M04203","TF","Factor: CEBPE; motif: NTTRCGCAAY",20092,790
"780","lightyellow",TRUE,0.00749929659435384,8723,100,61,0.61,0.00699300699300699,"TF:M12085","TF","Factor: ZNF501; motif: NNNCSACGCGAACAC",20092,10734
"781","lightyellow",TRUE,0.00759068788143365,737,100,12,0.12,0.0162822252374491,"TF:M10628_1","TF","Factor: NKX3A; motif: NTCGTTAN; match class: 1",20092,6019
"782","lightyellow",TRUE,0.00763817590547366,182,100,6,0.06,0.032967032967033,"TF:M11323_1","TF","Factor: C/EBPgamma; motif: NRTTGCGYAANN; match class: 1",20092,811
"783","lightyellow",TRUE,0.00800820337599892,7958,100,57,0.57,0.00716260366926363,"TF:M04556","TF","Factor: SRY; motif: AACAATNNNCATTGTT",20092,8282
"784","lightyellow",TRUE,0.00866246028768832,3703,100,33,0.33,0.00891169322171213,"TF:M10861","TF","Factor: En-1; motif: VTCRTTAN",20092,1970
"785","lightyellow",TRUE,0.00869362787636931,1615,100,19,0.19,0.0117647058823529,"TF:M03966_1","TF","Factor: ELF1; motif: AACCCGGAAGTR; match class: 1",20092,1735
"786","lightyellow",TRUE,0.0088828883651135,7795,100,56,0.56,0.00718409236690186,"TF:M08222","TF","Factor: Elk-1:HOXB13; motif: ACCGGAAGTNGTAAAN",20092,1862
"787","lightyellow",TRUE,0.00894904826547094,5403,100,43,0.43,0.00795854155099019,"TF:M11877_1","TF","Factor: pax-2; motif: NCGTCACGCNYSRNYGCNYN; match class: 1",20092,6517
"788","lightyellow",TRUE,0.00894904826547094,17373,100,97,0.97,0.00558337650377022,"TF:M11018","TF","Factor: IRX-1; motif: NACRYNNNNNNNNRYGNN",20092,4528
"789","lightyellow",TRUE,0.00901831340295666,1230,100,16,0.16,0.0130081300813008,"TF:M03990_1","TF","Factor: GABPA; motif: ACCGGAAGTN; match class: 1",20092,2977
"790","lightyellow",TRUE,0.009986739062078,1772,100,20,0.2,0.0112866817155756,"TF:M10593_1","TF","Factor: Dlx-6; motif: NTCRTTAN; match class: 1",20092,1329
"791","lightyellow",TRUE,0.0103194333263902,1777,100,20,0.2,0.0112549240292628,"TF:M08216_1","TF","Factor: Elk-1:FOXI1; motif: ACCGGAAGTRTMAACAN; match class: 1",20092,1853
"792","lightyellow",TRUE,0.010706373624393,2652,100,26,0.26,0.00980392156862745,"TF:M11320_1","TF","Factor: C/EBPdelta; motif: NRTTGCGYAAYN; match class: 1",20092,775
"793","lightyellow",TRUE,0.0110438403159863,456,100,9,0.09,0.0197368421052632,"TF:M03969_1","TF","Factor: ELF5; motif: ANSMGGAAGTN; match class: 1",20092,1831
"794","lightyellow",TRUE,0.0110438403159863,15644,100,91,0.91,0.00581692661723344,"TF:M04826_1","TF","Factor: p300; motif: ACNTCCG; match class: 1",20092,1995
"795","lightyellow",TRUE,0.0112955732086824,664,100,11,0.11,0.016566265060241,"TF:M08423_1","TF","Factor: TEF-3:ER81; motif: ACCGGAAATRCC; match class: 1",20092,8689
"796","lightyellow",TRUE,0.0118256320230544,8664,100,60,0.6,0.00692520775623269,"TF:M11218","TF","Factor: CREB1; motif: NRTGAYGCGTN",20092,994
"797","lightyellow",TRUE,0.0118917312443796,2227,100,23,0.23,0.0103277952402335,"TF:M00032_1","TF","Factor: c-Ets-1(p54); motif: NCMGGAWGYN; match class: 1",20092,833
"798","lightyellow",TRUE,0.0125659338941371,1021,100,14,0.14,0.0137120470127326,"TF:M02074_1","TF","Factor: GABPalpha; motif: RCCGGAWRYN; match class: 1",20092,2975
"799","lightyellow",TRUE,0.0125710704939848,1145,100,15,0.15,0.0131004366812227,"TF:M07209","TF","Factor: ELK4; motif: NCRCTTCCGGN",20092,1928
"800","lightyellow",TRUE,0.012705569103348,371,100,8,0.08,0.0215633423180593,"TF:M03965","TF","Factor: EHF; motif: NACCCGGAAGTA",20092,1718
"801","lightyellow",TRUE,0.0132571771021927,15697,100,91,0.91,0.00579728610562528,"TF:M08525_1","TF","Factor: E2F-1:HES-7; motif: GGCRCGTGSYNNWNGGCGCSM; match class: 1",20092,1471
"802","lightyellow",TRUE,0.0139642584462406,14924,100,88,0.88,0.00589654248190834,"TF:M11529_1","TF","Factor: E2F-2; motif: GCGCGCGCNCS; match class: 1",20092,1507
"803","lightyellow",TRUE,0.0141202794521018,474,100,9,0.09,0.0189873417721519,"TF:M10686_1","TF","Factor: HOXB7; motif: GTCRTTAN; match class: 1",20092,4053
"804","lightyellow",TRUE,0.0142852573368561,10568,100,69,0.69,0.00652914458743376,"TF:M04869_1","TF","Factor: Egr-1; motif: GCGCATGCG; match class: 1",20092,1651
"805","lightyellow",TRUE,0.0142852573368561,2710,100,26,0.26,0.00959409594095941,"TF:M11325","TF","Factor: C/EBPgamma; motif: NNTTGCGYAANN",20092,814
"806","lightyellow",TRUE,0.0144635613480828,14434,100,86,0.86,0.00595815435776639,"TF:M12597","TF","Factor: E2F1; motif: GSGCGGGAAN",20092,1482
"807","lightyellow",TRUE,0.0151305728937034,9754,100,65,0.65,0.00666393274554029,"TF:M11022","TF","Factor: IRX2a; motif: ACRYGNNNNACRYGT",20092,4538
"808","lightyellow",TRUE,0.0151305728937034,583,100,10,0.1,0.0171526586620926,"TF:M10877_1","TF","Factor: alx3; motif: NNCRTTAN; match class: 1",20092,51
"809","lightyellow",TRUE,0.0152902903063358,8159,100,57,0.57,0.00698615026351269,"TF:M07415","TF","Factor: Elf-1; motif: AWCCCGGAAGTN",20092,1740
"810","lightyellow",TRUE,0.0152902903063358,14702,100,87,0.87,0.00591756223643042,"TF:M08266","TF","Factor: ER71:Pax-5; motif: ACCGGAACYACGCWTSANTG",20092,2306
"811","lightyellow",TRUE,0.0156590795482998,2730,100,26,0.26,0.00952380952380952,"TF:M00024_1","TF","Factor: E2F-1; motif: TWSGCGCGAAAAYKR; match class: 1",20092,1585
"812","lightyellow",TRUE,0.015735741524783,4010,100,34,0.34,0.0084788029925187,"TF:M00976","TF","Factor: AhR,; motif: NRCGTGNGN",20092,16
"813","lightyellow",TRUE,0.016644217678193,15500,100,90,0.9,0.00580645161290323,"TF:M00333","TF","Factor: ZF5; motif: NRNGNGCGCGCWN",20092,9486
"814","lightyellow",TRUE,0.0169414865934776,2746,100,26,0.26,0.00946831755280408,"TF:M10880_1","TF","Factor: Alx-4; motif: NNCRTTAN; match class: 1",20092,65
"815","lightyellow",TRUE,0.0169414865934776,2443,100,24,0.24,0.0098239869013508,"TF:M07415_1","TF","Factor: Elf-1; motif: AWCCCGGAAGTN; match class: 1",20092,1741
"816","lightyellow",TRUE,0.0170895689768257,5941,100,45,0.45,0.00757448241036862,"TF:M09605","TF","Factor: Elf-1; motif: NAANCMGGAAGTGN",20092,1742
"817","lightyellow",TRUE,0.0175266460635126,7243,100,52,0.52,0.00717934557503797,"TF:M08216","TF","Factor: Elk-1:FOXI1; motif: ACCGGAAGTRTMAACAN",20092,1852
"818","lightyellow",TRUE,0.0176277502542592,2010,100,21,0.21,0.0104477611940299,"TF:M12603_1","TF","Factor: ERM; motif: NNCACTTCCGGNN; match class: 1",20092,2113
"819","lightyellow",TRUE,0.01838139974648,37,100,3,0.03,0.0810810810810811,"TF:M10136","TF","Factor: NRIF; motif: CAYACTGGAGAGAAACCNTA",20092,6244
"820","lightyellow",TRUE,0.0193824414611587,9228,100,62,0.62,0.00671868227134807,"TF:M00428","TF","Factor: E2F-1; motif: NKTSSCGC",20092,1484
"821","lightyellow",TRUE,0.0202893722940365,11328,100,72,0.72,0.00635593220338983,"TF:M10849","TF","Factor: Cdx-2; motif: NRTCGTAANNNN",20092,700
"822","lightyellow",TRUE,0.0204399946262283,4927,100,39,0.39,0.0079155672823219,"TF:M08390_1","TF","Factor: A-Myb:Elf-1; motif: NMCCGGAACCGTTA; match class: 1",20092,5497
"823","lightyellow",TRUE,0.0211925434058233,11343,100,72,0.72,0.00634752710923036,"TF:M08390","TF","Factor: A-Myb:Elf-1; motif: NMCCGGAACCGTTA",20092,5496
"824","lightyellow",TRUE,0.0225239117199849,11579,100,73,0.73,0.00630451679765092,"TF:M04869","TF","Factor: Egr-1; motif: GCGCATGCG",20092,1650
"825","lightyellow",TRUE,0.0228886580028578,13617,100,82,0.82,0.00602188440919439,"TF:M00327","TF","Factor: Pax-3; motif: NNNNNNCGTCACGSTYNNNNN",20092,6540
"826","lightyellow",TRUE,0.0239461298390796,10742,100,69,0.69,0.00642338484453547,"TF:M00740","TF","Factor: Rb:E2F-1:DP-1; motif: TTTSGCGC",20092,1458
"827","lightyellow",TRUE,0.0241810883767253,13635,100,82,0.82,0.00601393472680601,"TF:M01292","TF","Factor: HOXA13; motif: ATAAMA",20092,3822
"828","lightyellow",TRUE,0.0242453728678425,2821,100,26,0.26,0.00921658986175115,"TF:M11316_1","TF","Factor: C/EBPbeta; motif: NRTTGCGYAAYN; match class: 1",20092,761
"829","lightyellow",TRUE,0.0244571848017305,12049,100,75,0.75,0.00622458295294215,"TF:M08206","TF","Factor: E2F-3:Prrxl1; motif: SGCGCTAATTNN",20092,1512
"830","lightyellow",TRUE,0.0244571848017305,15883,100,91,0.91,0.00572939620978405,"TF:M08207_1","TF","Factor: E2F-3:TBR2; motif: ANGTGYKANGGCGCSTTNNCRNNT; match class: 1",20092,1515
"831","lightyellow",TRUE,0.0244571848017305,12719,100,78,0.78,0.00613255759100558,"TF:M11531_1","TF","Factor: E2F-2; motif: GCGCGCGCGYW; match class: 1",20092,1511
"832","lightyellow",TRUE,0.0244896452282639,5867,100,44,0.44,0.00749957388784728,"TF:M13119","TF","Factor: ZBTB11; motif: RCTTCCGGNNSNNNN",20092,9328
"833","lightyellow",TRUE,0.0245175457383859,628,100,10,0.1,0.0159235668789809,"TF:M10723_1","TF","Factor: HOXD8; motif: RTCRTTAN; match class: 1",20092,4259
"834","lightyellow",TRUE,0.0246321751808999,742,100,11,0.11,0.0148247978436658,"TF:M04287_1","TF","Factor: BARHL2; motif: NNTAAAYGNN; match class: 1",20092,419
"835","lightyellow",TRUE,0.0254476030061371,11410,100,72,0.72,0.0063102541630149,"TF:M00425","TF","Factor: E2F; motif: TTTCGCGC",20092,1592
"836","lightyellow",TRUE,0.0275500590574295,1385,100,16,0.16,0.0115523465703971,"TF:M10575_1","TF","Factor: Gbx2; motif: NTCRTTAN; match class: 1",20092,3143
"837","lightyellow",TRUE,0.0286885643702804,5375,100,41,0.41,0.00762790697674419,"TF:M00678","TF","Factor: Tel-2; motif: YTACTTCCTG",20092,8776
"838","lightyellow",TRUE,0.028843260492799,7212,100,51,0.51,0.00707154742096506,"TF:M10593","TF","Factor: Dlx-6; motif: NTCRTTAN",20092,1328
"839","lightyellow",TRUE,0.0288988906748296,1259,100,15,0.15,0.0119142176330421,"TF:M11323","TF","Factor: C/EBPgamma; motif: NRTTGCGYAANN",20092,810
"840","lightyellow",TRUE,0.0313937257963475,338,100,7,0.07,0.0207100591715976,"TF:M08760_1","TF","Factor: ETV7; motif: NNSCGGAAGTR; match class: 1",20092,2393
"841","lightyellow",TRUE,0.0313937257963475,12804,100,78,0.78,0.00609184629803187,"TF:M00333_1","TF","Factor: ZF5; motif: NRNGNGCGCGCWN; match class: 1",20092,9487
"842","lightyellow",TRUE,0.0316359873811824,14444,100,85,0.85,0.00588479645527555,"TF:M04710","TF","Factor: CHD2; motif: TCTCGCGAG",20092,856
"843","lightyellow",TRUE,0.0316384777795168,437,100,8,0.08,0.0183066361556064,"TF:M01258_1","TF","Factor: GABP; motif: CACTTCCGGNNN; match class: 1",20092,3003
"844","lightyellow",TRUE,0.0318797826706808,1408,100,16,0.16,0.0113636363636364,"TF:M10581","TF","Factor: Barhl2; motif: NTAAACGGT",20092,426
"845","lightyellow",TRUE,0.0324468566089632,5772,100,43,0.43,0.00744975744975745,"TF:M11578","TF","Factor: foxl2; motif: NACGTMAACAN",20092,2782
"846","lightyellow",TRUE,0.0333533081490474,15459,100,89,0.89,0.0057571641115208,"TF:M08568_1","TF","Factor: ER71:E2A; motif: CASSTGNACCGGAWRYN; match class: 1",20092,2321
"847","lightyellow",TRUE,0.0333533081490474,16523,100,93,0.93,0.00562851782363977,"TF:M00716","TF","Factor: ZF5; motif: GSGCGCGR",20092,9474
"848","lightyellow",TRUE,0.0344844490378384,10665,100,68,0.68,0.00637599624941397,"TF:M08298","TF","Factor: FOXO1A:Elk-1; motif: RCCGGAWGTTNTN",20092,2814
"849","lightyellow",TRUE,0.0347617380791538,4731,100,37,0.37,0.00782075671105474,"TF:M00740_1","TF","Factor: Rb:E2F-1:DP-1; motif: TTTSGCGC; match class: 1",20092,1459
"850","lightyellow",TRUE,0.0368358771360436,8453,100,57,0.57,0.00674316810599787,"TF:M01292_1","TF","Factor: HOXA13; motif: ATAAMA; match class: 1",20092,3823
"851","lightyellow",TRUE,0.0379599793003734,15499,100,89,0.89,0.00574230595522292,"TF:M04691","TF","Factor: Kaiso; motif: TCTCGCGAG",20092,9366
"852","lightyellow",TRUE,0.0380638108178678,559,100,9,0.09,0.0161001788908766,"TF:M11415_1","TF","Factor: GABP-alpha; motif: NRCCGGAAGTN; match class: 1",20092,2989
"853","lightyellow",TRUE,0.0382415770155662,1301,100,15,0.15,0.0115295926210607,"TF:M13046","TF","Factor: BARHL1; motif: ANCGTTTA",20092,416
"854","lightyellow",TRUE,0.0386891192278017,11775,100,73,0.73,0.00619957537154989,"TF:M04710_1","TF","Factor: CHD2; motif: TCTCGCGAG; match class: 1",20092,857
"855","lightyellow",TRUE,0.0391216660606006,2012,100,20,0.2,0.0099403578528827,"TF:M03967_1","TF","Factor: ELF3; motif: WACCCGGAAGTAN; match class: 1",20092,1795
"856","lightyellow",TRUE,0.0408128622084641,14532,100,85,0.85,0.00584916047343793,"TF:M00716_1","TF","Factor: ZF5; motif: GSGCGCGR; match class: 1",20092,9475
"857","lightyellow",TRUE,0.0411019465472936,17454,100,96,0.96,0.00550017188037126,"TF:M08207","TF","Factor: E2F-3:TBR2; motif: ANGTGYKANGGCGCSTTNNCRNNT",20092,1514
"858","lightyellow",TRUE,0.0416961080119731,4612,100,36,0.36,0.00780572419774501,"TF:M10628","TF","Factor: NKX3A; motif: NTCGTTAN",20092,6018
"859","lightyellow",TRUE,0.0416961080119731,10737,100,68,0.68,0.00633324019744808,"TF:M11431","TF","Factor: PEA3; motif: NTCGTAAATGCA",20092,6704
"860","lightyellow",TRUE,0.0416961080119731,10113,100,65,0.65,0.00642737071096608,"TF:M00738","TF","Factor: E2F-4:DP-1; motif: TTTSGCGC",20092,1538
"861","lightyellow",TRUE,0.0416961080119731,6402,100,46,0.46,0.00718525460793502,"TF:M08213","TF","Factor: Elk-1:TBR2; motif: TNRCACCGGAAGN",20092,1846
"862","lightyellow",TRUE,0.0422206516726426,462,100,8,0.08,0.0173160173160173,"TF:M02054_1","TF","Factor: ELF2; motif: CCCGGAARYN; match class: 1",20092,1773
"863","lightyellow",TRUE,0.0422206516726426,1882,100,19,0.19,0.0100956429330499,"TF:M11321_1","TF","Factor: C/EBPdelta; motif: NRTTGCGYAAYN; match class: 1",20092,777
"864","lightyellow",TRUE,0.0443409396990381,11183,100,70,0.7,0.0062595010283466,"TF:M02064","TF","Factor: c-ets-2; motif: ACCGGAWRTN",20092,842
"865","lightyellow",TRUE,0.0443592400320197,2648,100,24,0.24,0.00906344410876133,"TF:M11387","TF","Factor: elf5; motif: NNNNMGGAAGTN",20092,1836
"866","lightyellow",TRUE,0.0444285955414388,4289,100,34,0.34,0.00792725577057589,"TF:M01692","TF","Factor: LTF; motif: GKVACTTNC",20092,4980
"867","lightyellow",TRUE,0.0444285955414388,4119,100,33,0.33,0.00801165331391114,"TF:M00738_1","TF","Factor: E2F-4:DP-1; motif: TTTSGCGC; match class: 1",20092,1539
"868","lightyellow",TRUE,0.0444285955414388,2807,100,25,0.25,0.0089063056644104,"TF:M08415_1","TF","Factor: TEF-3:Elf-1; motif: RGAATGCGGAAGTN; match class: 1",20092,8675
"869","lightyellow",TRUE,0.0450164238575912,2043,100,20,0.2,0.00978952520802741,"TF:M04202_1","TF","Factor: CEBPD; motif: RTTRCGCAAY; match class: 1",20092,771
"870","lightyellow",TRUE,0.0474643550803677,14113,100,83,0.83,0.00588110252958265,"TF:M03560","TF","Factor: PMX1; motif: TAATHA",20092,6840
"871","lightyellow",TRUE,0.0486301550152876,1341,100,15,0.15,0.0111856823266219,"TF:M11317_1","TF","Factor: C/EBPbeta; motif: NRTTGCGYAAYN; match class: 1",20092,763
"872","lightyellow",TRUE,0.0488404192021541,1342,100,15,0.15,0.011177347242921,"TF:M03987","TF","Factor: FEV; motif: ACCGGAAGTN",20092,2464
"873","lightyellow",TRUE,0.049398218266433,16647,100,93,0.93,0.00558659217877095,"TF:M02027","TF","Factor: PARP; motif: TTTCYN",20092,6498
"874","lightyellow",TRUE,0.049522851466434,3812,100,31,0.31,0.00813221406086044,"TF:M00139","TF","Factor: AhR; motif: CCYCNRRSTNGCGTGASA",20092,18
"875","lightyellow",TRUE,0.0496146209554985,1625,100,17,0.17,0.0104615384615385,"TF:M00114_1","TF","Factor: Tax/CREB; motif: GGGGGTTGACGYANA; match class: 1",20092,8417
"876","lightyellow",TRUE,0.0499548092480938,14371,100,84,0.84,0.00584510472479299,"TF:M09894_1","TF","Factor: E2F-4; motif: SNGGGCGGGAANN; match class: 1",20092,1551
"877","lightyellow",TRUE,1.08642269328518e-07,62,49,8,0.163265306122449,0.129032258064516,"WP:WP183","WP","Proteasome degradation",8752,48
