"","query","significant","p_value","term_size","query_size","intersection_size","precision","recall","term_id","source","term_name","effective_domain_size","source_order"
"1","lightgreen",TRUE,2.96845427548627e-15,2010,905,172,0.190055248618785,0.0855721393034826,"GO:0051649","GO:BP","establishment of localization in cell",21026,13672
"2","lightgreen",TRUE,4.45576952986787e-15,3661,905,262,0.289502762430939,0.0715651461349358,"GO:0051641","GO:BP","cellular localization",21026,13664
"3","lightgreen",TRUE,1.02006329590073e-14,1381,905,131,0.14475138121547,0.0948587979724837,"GO:0046907","GO:BP","intracellular transport",21026,12264
"4","lightgreen",TRUE,1.4494719936349e-14,2770,905,211,0.233149171270718,0.076173285198556,"GO:0008104","GO:BP","protein localization",21026,3109
"5","lightgreen",TRUE,1.4494719936349e-14,3228,905,236,0.260773480662983,0.0731102850061958,"GO:0033036","GO:BP","macromolecule localization",21026,7939
"6","lightgreen",TRUE,1.4494719936349e-14,2782,905,212,0.234254143646409,0.0762041696621136,"GO:0070727","GO:BP","cellular macromolecule localization",21026,16048
"7","lightgreen",TRUE,2.69638332096232e-14,1444,905,133,0.146961325966851,0.0921052631578947,"GO:0015031","GO:BP","protein transport",21026,4772
"8","lightgreen",TRUE,5.12426831374997e-14,1923,905,161,0.177900552486188,0.0837233489339574,"GO:0071705","GO:BP","nitrogen compound transport",21026,16638
"9","lightgreen",TRUE,1.00132552356997e-12,5390,905,338,0.373480662983425,0.062708719851577,"GO:0080090","GO:BP","regulation of primary metabolic process",21026,17565
"10","lightgreen",TRUE,9.08531264632336e-12,1937,905,155,0.171270718232044,0.0800206504904492,"GO:0045184","GO:BP","establishment of protein localization",21026,11159
"11","lightgreen",TRUE,1.02511982012279e-11,4721,905,301,0.332596685082873,0.0637576784579538,"GO:0019538","GO:BP","protein metabolic process",21026,5841
"12","lightgreen",TRUE,1.11033973063552e-11,3594,905,244,0.269613259668508,0.0678909293266555,"GO:0006996","GO:BP","organelle organization",21026,2598
"13","lightgreen",TRUE,1.47556968303191e-11,2639,905,193,0.213259668508287,0.0731337627889352,"GO:0009056","GO:BP","catabolic process",21026,3218
"14","lightgreen",TRUE,1.47556968303191e-11,6264,905,374,0.413259668508287,0.0597062579821201,"GO:0048518","GO:BP","positive regulation of biological process",21026,12634
"15","lightgreen",TRUE,1.77071407337771e-11,2965,905,210,0.232044198895028,0.0708263069139966,"GO:0035556","GO:BP","intracellular signal transduction",21026,9022
"16","lightgreen",TRUE,1.77071407337771e-11,1417,905,123,0.135911602209945,0.086803105151729,"GO:0009057","GO:BP","macromolecule catabolic process",21026,3219
"17","lightgreen",TRUE,3.19506705594774e-11,5920,905,356,0.393370165745856,0.0601351351351351,"GO:0048522","GO:BP","positive regulation of cellular process",21026,12638
"18","lightgreen",TRUE,4.42772238067644e-11,1830,905,146,0.161325966850829,0.0797814207650273,"GO:0033554","GO:BP","cellular response to stress",21026,8226
"19","lightgreen",TRUE,8.78901327181709e-11,3597,905,240,0.265193370165746,0.0667222685571309,"GO:0009893","GO:BP","positive regulation of metabolic process",21026,3738
"20","lightgreen",TRUE,8.78901327181709e-11,3288,905,224,0.247513812154696,0.0681265206812652,"GO:0010604","GO:BP","positive regulation of macromolecule metabolic process",21026,4234
"21","lightgreen",TRUE,1.06886051636516e-10,5555,905,336,0.371270718232044,0.0604860486048605,"GO:0051179","GO:BP","localization",21026,13378
"22","lightgreen",TRUE,1.9751758197982e-10,1592,905,130,0.143646408839779,0.0816582914572864,"GO:0016192","GO:BP","vesicle-mediated transport",21026,5143
"23","lightgreen",TRUE,2.08439886852989e-10,1663,905,134,0.148066298342541,0.0805772699939868,"GO:0007049","GO:BP","cell cycle",21026,2636
"24","lightgreen",TRUE,3.24862918554122e-10,4407,905,278,0.307182320441989,0.0630814613115498,"GO:0006810","GO:BP","transport",21026,2482
"25","lightgreen",TRUE,6.63144759267416e-10,686,905,72,0.0795580110497238,0.104956268221574,"GO:0006886","GO:BP","intracellular protein transport",21026,2531
"26","lightgreen",TRUE,5.31826955731159e-09,1030,905,92,0.101657458563536,0.0893203883495146,"GO:0030163","GO:BP","protein catabolic process",21026,6658
"27","lightgreen",TRUE,1.09793799350939e-08,3030,905,202,0.223204419889503,0.0666666666666667,"GO:0043412","GO:BP","macromolecule modification",21026,10582
"28","lightgreen",TRUE,1.31044602780057e-08,4928,905,296,0.32707182320442,0.0600649350649351,"GO:0051234","GO:BP","establishment of localization",21026,13403
"29","lightgreen",TRUE,4.05678784380646e-08,7035,905,392,0.433149171270718,0.0557213930348259,"GO:0019222","GO:BP","regulation of metabolic process",21026,5569
"30","lightgreen",TRUE,4.05678784380646e-08,2846,905,190,0.209944751381215,0.0667603654251581,"GO:0036211","GO:BP","protein modification process",21026,9413
"31","lightgreen",TRUE,7.3144403324403e-08,1835,905,135,0.149171270718232,0.0735694822888283,"GO:0051254","GO:BP","positive regulation of RNA metabolic process",21026,13419
"32","lightgreen",TRUE,1.04489468008001e-07,1280,905,103,0.113812154696133,0.08046875,"GO:0022402","GO:BP","cell cycle process",21026,6561
"33","lightgreen",TRUE,1.44813737566485e-07,312,905,40,0.0441988950276243,0.128205128205128,"GO:0048193","GO:BP","Golgi vesicle transport",21026,12403
"34","lightgreen",TRUE,1.73955458715328e-07,908,905,80,0.0883977900552486,0.0881057268722467,"GO:0006974","GO:BP","DNA damage response",21026,2590
"35","lightgreen",TRUE,1.92847867759863e-07,658,905,64,0.0707182320441989,0.0972644376899696,"GO:0051301","GO:BP","cell division",21026,13450
"36","lightgreen",TRUE,2.22867218296655e-07,3948,905,242,0.267403314917127,0.0612968591691996,"GO:0006950","GO:BP","response to stress",21026,2571
"37","lightgreen",TRUE,2.22867218296655e-07,786,905,72,0.0795580110497238,0.0916030534351145,"GO:0051603","GO:BP","proteolysis involved in protein catabolic process",21026,13630
"38","lightgreen",TRUE,3.82349728631959e-07,2036,905,143,0.158011049723757,0.0702357563850688,"GO:0045935","GO:BP","positive regulation of nucleobase-containing compound metabolic process",21026,11567
"39","lightgreen",TRUE,5.5782866561363e-07,1699,905,124,0.137016574585635,0.0729841082989994,"GO:1902680","GO:BP","positive regulation of RNA biosynthetic process",21026,22130
"40","lightgreen",TRUE,5.5782866561363e-07,2696,905,177,0.195580110497238,0.0656528189910979,"GO:0009891","GO:BP","positive regulation of biosynthetic process",21026,3736
"41","lightgreen",TRUE,9.34553224951511e-07,1697,905,123,0.135911602209945,0.0724808485562758,"GO:0045893","GO:BP","positive regulation of DNA-templated transcription",21026,11529
"42","lightgreen",TRUE,1.31766173115541e-06,1855,905,131,0.14475138121547,0.0706199460916442,"GO:0051246","GO:BP","regulation of protein metabolic process",21026,13411
"43","lightgreen",TRUE,1.31766173115541e-06,3990,905,240,0.265193370165746,0.0601503759398496,"GO:0019219","GO:BP","regulation of nucleobase-containing compound metabolic process",21026,5566
"44","lightgreen",TRUE,1.39586854395091e-06,6492,905,358,0.395580110497238,0.0551447935921134,"GO:0060255","GO:BP","regulation of macromolecule metabolic process",21026,14264
"45","lightgreen",TRUE,2.19897614200172e-06,124,905,22,0.0243093922651934,0.17741935483871,"GO:0061640","GO:BP","cytoskeleton-dependent cytokinesis",21026,15382
"46","lightgreen",TRUE,2.67730692420366e-06,12743,905,627,0.692817679558011,0.0492034842658715,"GO:0065007","GO:BP","biological regulation",21026,15666
"47","lightgreen",TRUE,3.38608779712089e-06,2593,905,168,0.185635359116022,0.064789818742769,"GO:0010557","GO:BP","positive regulation of macromolecule biosynthetic process",21026,4193
"48","lightgreen",TRUE,6.69235237518938e-06,202,905,28,0.030939226519337,0.138613861386139,"GO:0043087","GO:BP","regulation of GTPase activity",21026,10425
"49","lightgreen",TRUE,7.84607689680437e-06,3687,905,221,0.244198895027624,0.0599403308923244,"GO:0051252","GO:BP","regulation of RNA metabolic process",21026,13417
"50","lightgreen",TRUE,7.96254540204754e-06,2433,905,158,0.174585635359116,0.0649404027949034,"GO:0051128","GO:BP","regulation of cellular component organization",21026,13332
"51","lightgreen",TRUE,8.04565075641738e-06,192,905,27,0.0298342541436464,0.140625,"GO:0000910","GO:BP","cytokinesis",21026,241
"52","lightgreen",TRUE,8.1839364112648e-06,3549,905,214,0.23646408839779,0.0602986756832911,"GO:0006351","GO:BP","DNA-templated transcription",21026,2120
"53","lightgreen",TRUE,8.45752177486495e-06,1087,905,85,0.0939226519337017,0.078196872125115,"GO:0051726","GO:BP","regulation of cell cycle",21026,13721
"54","lightgreen",TRUE,8.56168244411754e-06,638,905,58,0.0640883977900552,0.0909090909090909,"GO:0019941","GO:BP","modification-dependent protein catabolic process",21026,6040
"55","lightgreen",TRUE,9.93167479319965e-06,1040,905,82,0.0906077348066298,0.0788461538461538,"GO:0009894","GO:BP","regulation of catabolic process",21026,3739
"56","lightgreen",TRUE,1.07971656160222e-05,643,905,58,0.0640883977900552,0.0902021772939347,"GO:0043632","GO:BP","modification-dependent macromolecule catabolic process",21026,10715
"57","lightgreen",TRUE,1.1128974563503e-05,628,905,57,0.0629834254143646,0.0907643312101911,"GO:0006511","GO:BP","ubiquitin-dependent protein catabolic process",21026,2227
"58","lightgreen",TRUE,1.34708147499952e-05,745,905,64,0.0707182320441989,0.0859060402684564,"GO:1903047","GO:BP","mitotic cell cycle process",21026,22408
"59","lightgreen",TRUE,2.4480303271411e-05,892,905,72,0.0795580110497238,0.0807174887892377,"GO:0000278","GO:BP","mitotic cell cycle",21026,76
"60","lightgreen",TRUE,2.71313778662412e-05,2331,905,150,0.165745856353591,0.0643500643500644,"GO:0048584","GO:BP","positive regulation of response to stimulus",21026,12688
"61","lightgreen",TRUE,3.31165996988064e-05,7376,905,389,0.429834254143646,0.0527386117136659,"GO:0051716","GO:BP","cellular response to stimulus",21026,13719
"62","lightgreen",TRUE,3.65742014236549e-05,147,905,22,0.0243093922651934,0.149659863945578,"GO:0006997","GO:BP","nucleus organization",21026,2599
"63","lightgreen",TRUE,4.05721031730504e-05,3428,905,204,0.225414364640884,0.05950991831972,"GO:2001141","GO:BP","regulation of RNA biosynthetic process",21026,25908
"64","lightgreen",TRUE,4.05721031730504e-05,543,905,50,0.0552486187845304,0.0920810313075506,"GO:0010498","GO:BP","proteasomal protein catabolic process",21026,4161
"65","lightgreen",TRUE,4.11534210096573e-05,3409,905,203,0.224309392265193,0.0595482546201232,"GO:0006355","GO:BP","regulation of DNA-templated transcription",21026,2124
"66","lightgreen",TRUE,4.55071635791707e-05,928,905,73,0.0806629834254144,0.0786637931034483,"GO:0050790","GO:BP","regulation of catalytic activity",21026,13087
"67","lightgreen",TRUE,4.55071635791707e-05,3993,905,231,0.25524861878453,0.0578512396694215,"GO:0048583","GO:BP","regulation of response to stimulus",21026,12687
"68","lightgreen",TRUE,4.55071635791707e-05,1912,905,127,0.140331491712707,0.0664225941422594,"GO:0141124","GO:BP","intracellular signaling cassette",21026,19772
"69","lightgreen",TRUE,4.55071635791707e-05,2711,905,168,0.185635359116022,0.0619697528587237,"GO:0006366","GO:BP","transcription by RNA polymerase II",21026,2133
"70","lightgreen",TRUE,4.55071635791707e-05,1209,905,89,0.0983425414364641,0.0736145574855252,"GO:0033365","GO:BP","protein localization to organelle",21026,8115
"71","lightgreen",TRUE,4.90668548623569e-05,1105,905,83,0.0917127071823204,0.0751131221719457,"GO:0051130","GO:BP","positive regulation of cellular component organization",21026,13334
"72","lightgreen",TRUE,5.26092296964762e-05,32,905,10,0.0110497237569061,0.3125,"GO:0006622","GO:BP","protein targeting to lysosome",21026,2328
"73","lightgreen",TRUE,5.74529973528448e-05,48,905,12,0.0132596685082873,0.25,"GO:0006623","GO:BP","protein targeting to vacuole",21026,2329
"74","lightgreen",TRUE,6.87155445135268e-05,620,905,54,0.0596685082872928,0.0870967741935484,"GO:0051640","GO:BP","organelle localization",21026,13663
"75","lightgreen",TRUE,7.90497219214579e-05,12336,905,600,0.662983425414365,0.0486381322957198,"GO:0050789","GO:BP","regulation of biological process",21026,13086
"76","lightgreen",TRUE,8.22900963152163e-05,8393,905,431,0.476243093922652,0.0513523174073633,"GO:0071840","GO:BP","cellular component organization or biogenesis",21026,16709
"77","lightgreen",TRUE,8.29544883623348e-05,1486,905,103,0.113812154696133,0.0693135935397039,"GO:0006508","GO:BP","proteolysis",21026,2225
"78","lightgreen",TRUE,8.29544883623348e-05,12342,905,600,0.662983425414365,0.0486144871171609,"GO:0044238","GO:BP","primary metabolic process",21026,10839
"79","lightgreen",TRUE,9.92092047933918e-05,423,905,41,0.0453038674033149,0.0969267139479905,"GO:0016032","GO:BP","viral process",21026,5047
"80","lightgreen",TRUE,9.96181036943159e-05,334,905,35,0.0386740331491713,0.104790419161677,"GO:0051169","GO:BP","nuclear transport",21026,13372
"81","lightgreen",TRUE,9.96181036943159e-05,334,905,35,0.0386740331491713,0.104790419161677,"GO:0006913","GO:BP","nucleocytoplasmic transport",21026,2551
"82","lightgreen",TRUE,0.000106633658047335,1496,905,103,0.113812154696133,0.0688502673796791,"GO:0065009","GO:BP","regulation of molecular function",21026,15668
"83","lightgreen",TRUE,0.000113157728236138,1953,905,127,0.140331491712707,0.0650281618023553,"GO:1902531","GO:BP","regulation of intracellular signal transduction",21026,22041
"84","lightgreen",TRUE,0.000121248342672438,136,905,20,0.0220994475138122,0.147058823529412,"GO:0006888","GO:BP","endoplasmic reticulum to Golgi vesicle-mediated transport",21026,2533
"85","lightgreen",TRUE,0.000127140220166551,11946,905,582,0.643093922651934,0.0487192365645404,"GO:0050794","GO:BP","regulation of cellular process",21026,13090
"86","lightgreen",TRUE,0.000129471252992111,5809,905,313,0.34585635359116,0.0538819073850921,"GO:0009889","GO:BP","regulation of biosynthetic process",21026,3734
"87","lightgreen",TRUE,0.000186245036981569,546,905,48,0.0530386740331492,0.0879120879120879,"GO:0009896","GO:BP","positive regulation of catabolic process",21026,3741
"88","lightgreen",TRUE,0.000201348561632071,613,905,52,0.0574585635359116,0.0848287112561175,"GO:0010256","GO:BP","endomembrane system organization",21026,4014
"89","lightgreen",TRUE,0.000204108335749843,376,905,37,0.0408839779005525,0.0984042553191489,"GO:0016050","GO:BP","vesicle organization",21026,5058
"90","lightgreen",TRUE,0.000205477095615319,1578,905,106,0.117127071823204,0.0671736375158428,"GO:0009967","GO:BP","positive regulation of signal transduction",21026,3790
"91","lightgreen",TRUE,0.000205477095615319,95,905,16,0.0176795580110497,0.168421052631579,"GO:0000281","GO:BP","mitotic cytokinesis",21026,79
"92","lightgreen",TRUE,0.000223565618429826,247,905,28,0.030939226519337,0.11336032388664,"GO:0034599","GO:BP","cellular response to oxidative stress",21026,8620
"93","lightgreen",TRUE,0.000231049606713653,290,905,31,0.0342541436464088,0.106896551724138,"GO:0016197","GO:BP","endosomal transport",21026,5144
"94","lightgreen",TRUE,0.000233261838610801,6553,905,345,0.38121546961326,0.0526476423012361,"GO:0032502","GO:BP","developmental process",21026,7558
"95","lightgreen",TRUE,0.000235039627250629,821,905,64,0.0707182320441989,0.0779537149817296,"GO:0061024","GO:BP","membrane organization",21026,14925
"96","lightgreen",TRUE,0.00024778293592904,1796,905,117,0.129281767955801,0.0651447661469933,"GO:0023056","GO:BP","positive regulation of signaling",21026,6608
"97","lightgreen",TRUE,0.000249280344725228,554,905,48,0.0530386740331492,0.0866425992779783,"GO:0043085","GO:BP","positive regulation of catalytic activity",21026,10423
"98","lightgreen",TRUE,0.000268856472709864,66,905,13,0.0143646408839779,0.196969696969697,"GO:0072666","GO:BP","establishment of protein localization to vacuole",21026,17252
"99","lightgreen",TRUE,0.000288678877446418,1039,905,76,0.0839779005524862,0.0731472569778633,"GO:0051247","GO:BP","positive regulation of protein metabolic process",21026,13412
"100","lightgreen",TRUE,0.00028940152743012,3034,905,179,0.197790055248619,0.0589980224126566,"GO:0009966","GO:BP","regulation of signal transduction",21026,3789
"101","lightgreen",TRUE,0.00028984323973919,1148,905,82,0.0906077348066298,0.0714285714285714,"GO:0033043","GO:BP","regulation of organelle organization",21026,7941
"102","lightgreen",TRUE,0.000344172732939566,1027,905,75,0.0828729281767956,0.0730282375851996,"GO:0043687","GO:BP","post-translational protein modification",21026,10741
"103","lightgreen",TRUE,0.000358491443552368,100,905,16,0.0176795580110497,0.16,"GO:0000041","GO:BP","transition metal ion transport",21026,16
"104","lightgreen",TRUE,0.000368347285408137,1795,905,116,0.12817679558011,0.0646239554317549,"GO:0010647","GO:BP","positive regulation of cell communication",21026,4276
"105","lightgreen",TRUE,0.00037074088105077,597,905,50,0.0552486187845304,0.0837520938023451,"GO:0061919","GO:BP","process utilizing autophagic mechanism",21026,15503
"106","lightgreen",TRUE,0.00037074088105077,597,905,50,0.0552486187845304,0.0837520938023451,"GO:0006914","GO:BP","autophagy",21026,2552
"107","lightgreen",TRUE,0.000396905771051765,4727,905,259,0.286187845303867,0.0547916225936112,"GO:0007275","GO:BP","multicellular organism development",21026,2788
"108","lightgreen",TRUE,0.000407021737836919,315,905,32,0.0353591160220995,0.101587301587302,"GO:0071375","GO:BP","cellular response to peptide hormone stimulus",21026,16397
"109","lightgreen",TRUE,0.000435145959829998,50,905,11,0.0121546961325967,0.22,"GO:0032506","GO:BP","cytokinetic process",21026,7559
"110","lightgreen",TRUE,0.00043789858459469,114,905,17,0.0187845303867403,0.149122807017544,"GO:0000077","GO:BP","DNA damage checkpoint signaling",21026,28
"111","lightgreen",TRUE,0.00043789858459469,5644,905,301,0.332596685082873,0.0533309709425939,"GO:0010556","GO:BP","regulation of macromolecule biosynthetic process",21026,4192
"112","lightgreen",TRUE,0.00043789858459469,720,905,57,0.0629834254143646,0.0791666666666667,"GO:0010564","GO:BP","regulation of cell cycle process",21026,4200
"113","lightgreen",TRUE,0.00043789858459469,362,905,35,0.0386740331491713,0.0966850828729282,"GO:0016236","GO:BP","macroautophagy",21026,5154
"114","lightgreen",TRUE,0.00043789858459469,377,905,36,0.0397790055248619,0.0954907161803713,"GO:0030522","GO:BP","intracellular receptor signaling pathway",21026,6799
"115","lightgreen",TRUE,0.00043789858459469,1256,905,87,0.0961325966850829,0.0692675159235669,"GO:0045944","GO:BP","positive regulation of transcription by RNA polymerase II",21026,11575
"116","lightgreen",TRUE,0.00043789858459469,317,905,32,0.0353591160220995,0.100946372239748,"GO:0062197","GO:BP","cellular response to chemical stress",21026,15637
"117","lightgreen",TRUE,0.000468340282423782,621,905,51,0.056353591160221,0.0821256038647343,"GO:0006281","GO:BP","DNA repair",21026,2088
"118","lightgreen",TRUE,0.00048608473803951,19,905,7,0.00773480662983425,0.368421052631579,"GO:0046931","GO:BP","pore complex assembly",21026,12267
"119","lightgreen",TRUE,0.00050952572433469,219,905,25,0.0276243093922652,0.114155251141553,"GO:0051648","GO:BP","vesicle localization",21026,13671
"120","lightgreen",TRUE,0.000528887828674633,291,905,30,0.0331491712707182,0.103092783505155,"GO:0072659","GO:BP","protein localization to plasma membrane",21026,17246
"121","lightgreen",TRUE,0.000563993943145511,414,905,38,0.0419889502762431,0.0917874396135266,"GO:0043161","GO:BP","proteasome-mediated ubiquitin-dependent protein catabolic process",21026,10465
"122","lightgreen",TRUE,0.000568972164368888,975,905,71,0.0784530386740332,0.0728205128205128,"GO:0070647","GO:BP","protein modification by small protein conjugation or removal",21026,16003
"123","lightgreen",TRUE,0.000568972164368888,207,905,24,0.0265193370165746,0.115942028985507,"GO:0032869","GO:BP","cellular response to insulin stimulus",21026,7809
"124","lightgreen",TRUE,0.000603909618801291,400,905,37,0.0408839779005525,0.0925,"GO:0006979","GO:BP","response to oxidative stress",21026,2591
"125","lightgreen",TRUE,0.000608545372235702,853,905,64,0.0707182320441989,0.0750293083235639,"GO:0032446","GO:BP","protein modification by small protein conjugation",21026,7514
"126","lightgreen",TRUE,0.000652316160476016,2578,905,154,0.170165745856354,0.0597362296353763,"GO:0006357","GO:BP","regulation of transcription by RNA polymerase II",21026,2126
"127","lightgreen",TRUE,0.000764264082238244,225,905,25,0.0276243093922652,0.111111111111111,"GO:0006364","GO:BP","rRNA processing",21026,2132
"128","lightgreen",TRUE,0.000841708253797472,36,905,9,0.00994475138121547,0.25,"GO:0035459","GO:BP","vesicle cargo loading",21026,8981
"129","lightgreen",TRUE,0.000865510961980278,1080,905,76,0.0839779005524862,0.0703703703703704,"GO:1901698","GO:BP","response to nitrogen compound",21026,21369
"130","lightgreen",TRUE,0.000878892454130348,638,905,51,0.056353591160221,0.0799373040752351,"GO:0032870","GO:BP","cellular response to hormone stimulus",21026,7810
"131","lightgreen",TRUE,0.000893115853487895,440,905,39,0.0430939226519337,0.0886363636363636,"GO:0043434","GO:BP","response to peptide hormone",21026,10594
"132","lightgreen",TRUE,0.000893115853487895,505,905,43,0.0475138121546961,0.0851485148514852,"GO:0007264","GO:BP","small GTPase-mediated signal transduction",21026,2778
"133","lightgreen",TRUE,0.00089367875475757,377,905,35,0.0386740331491713,0.0928381962864721,"GO:0045786","GO:BP","negative regulation of cell cycle",21026,11456
"134","lightgreen",TRUE,0.000914422862908118,173,905,21,0.0232044198895028,0.121387283236994,"GO:0042770","GO:BP","signal transduction in response to DNA damage",21026,10262
"135","lightgreen",TRUE,0.000938028793878041,1011,905,72,0.0795580110497238,0.0712166172106825,"GO:0044087","GO:BP","regulation of cellular component biogenesis",21026,10812
"136","lightgreen",TRUE,0.000983921903133454,174,905,21,0.0232044198895028,0.120689655172414,"GO:0007034","GO:BP","vacuolar transport",21026,2626
"137","lightgreen",TRUE,0.00102905975510569,123,905,17,0.0187845303867403,0.138211382113821,"GO:0031570","GO:BP","DNA integrity checkpoint signaling",21026,7180
"138","lightgreen",TRUE,0.00105458162353684,365,905,34,0.0375690607734807,0.0931506849315069,"GO:1990778","GO:BP","protein localization to cell periphery",21026,24850
"139","lightgreen",TRUE,0.00108120094728642,15,905,6,0.00662983425414365,0.4,"GO:0006999","GO:BP","nuclear pore organization",21026,2601
"140","lightgreen",TRUE,0.0011569096048994,768,905,58,0.0640883977900552,0.0755208333333333,"GO:0016567","GO:BP","protein ubiquitination",21026,5229
"141","lightgreen",TRUE,0.0011569096048994,261,905,27,0.0298342541436464,0.103448275862069,"GO:0006402","GO:BP","mRNA catabolic process",21026,2155
"142","lightgreen",TRUE,0.0011569096048994,137,905,18,0.0198895027624309,0.131386861313869,"GO:0007041","GO:BP","lysosomal transport",21026,2632
"143","lightgreen",TRUE,0.00118087033790026,1223,905,83,0.0917127071823204,0.0678659035159444,"GO:0071495","GO:BP","cellular response to endogenous stimulus",21026,16497
"144","lightgreen",TRUE,0.00118346270760901,89,905,14,0.0154696132596685,0.157303370786517,"GO:1902117","GO:BP","positive regulation of organelle assembly",21026,21742
"145","lightgreen",TRUE,0.00118346270760901,89,905,14,0.0154696132596685,0.157303370786517,"GO:0072665","GO:BP","protein localization to vacuole",21026,17251
"146","lightgreen",TRUE,0.00119582615120986,8999,905,447,0.493922651933702,0.049672185798422,"GO:0050896","GO:BP","response to stimulus",21026,13167
"147","lightgreen",TRUE,0.00119582615120986,1489,905,97,0.107182320441989,0.0651443922095366,"GO:0009719","GO:BP","response to endogenous stimulus",21026,3602
"148","lightgreen",TRUE,0.00120222239059228,57,905,11,0.0121546961325967,0.192982456140351,"GO:0006826","GO:BP","iron ion transport",21026,2493
"149","lightgreen",TRUE,0.00129007075538975,5997,905,313,0.34585635359116,0.0521927630481908,"GO:0048856","GO:BP","anatomical structure development",21026,12931
"150","lightgreen",TRUE,0.00137415374819088,10,905,5,0.00552486187845304,0.5,"GO:0051292","GO:BP","nuclear pore complex assembly",21026,13442
"151","lightgreen",TRUE,0.00138034328009066,1669,905,106,0.117127071823204,0.0635110844817256,"GO:1901700","GO:BP","response to oxygen-containing compound",21026,21371
"152","lightgreen",TRUE,0.0014420679867678,535,905,44,0.0486187845303867,0.0822429906542056,"GO:0034655","GO:BP","nucleobase-containing compound catabolic process",21026,8646
"153","lightgreen",TRUE,0.00148499586592095,884,905,64,0.0707182320441989,0.0723981900452489,"GO:0044093","GO:BP","positive regulation of molecular function",21026,10818
"154","lightgreen",TRUE,0.00149181401636687,266,905,27,0.0298342541436464,0.101503759398496,"GO:0016072","GO:BP","rRNA metabolic process",21026,5074
"155","lightgreen",TRUE,0.00150885843380215,14136,905,663,0.732596685082873,0.0469015280135823,"GO:0008152","GO:BP","metabolic process",21026,3111
"156","lightgreen",TRUE,0.00150885843380215,2407,905,143,0.158011049723757,0.05941005400914,"GO:0006796","GO:BP","phosphate-containing compound metabolic process",21026,2474
"157","lightgreen",TRUE,0.00156927158093132,59,905,11,0.0121546961325967,0.186440677966102,"GO:0061462","GO:BP","protein localization to lysosome",21026,15277
"158","lightgreen",TRUE,0.00156927158093132,709,905,54,0.0596685082872928,0.076163610719323,"GO:0006897","GO:BP","endocytosis",21026,2540
"159","lightgreen",TRUE,0.00156927158093132,2410,905,143,0.158011049723757,0.0593360995850622,"GO:0006793","GO:BP","phosphorus metabolic process",21026,2471
"160","lightgreen",TRUE,0.001677277394746,907,905,65,0.0718232044198895,0.071664829106946,"GO:0009725","GO:BP","response to hormone",21026,3608
"161","lightgreen",TRUE,0.00179716892624405,315,905,30,0.0331491712707182,0.0952380952380952,"GO:0006401","GO:BP","RNA catabolic process",21026,2154
"162","lightgreen",TRUE,0.00189234096138233,1113,905,76,0.0839779005524862,0.0682839173405211,"GO:1902533","GO:BP","positive regulation of intracellular signal transduction",21026,22043
"163","lightgreen",TRUE,0.00206899706289812,257,905,26,0.0287292817679558,0.101167315175097,"GO:0032984","GO:BP","protein-containing complex disassembly",21026,7907
"164","lightgreen",TRUE,0.00211619249733779,3478,905,194,0.214364640883978,0.0557791834387579,"GO:0023051","GO:BP","regulation of signaling",21026,6606
"165","lightgreen",TRUE,0.00212901449216768,5536,905,290,0.320441988950276,0.0523843930635838,"GO:0010468","GO:BP","regulation of gene expression",21026,4145
"166","lightgreen",TRUE,0.00218269680988013,200,905,22,0.0243093922651934,0.11,"GO:0051650","GO:BP","establishment of vesicle localization",21026,13673
"167","lightgreen",TRUE,0.00225902803703575,2029,905,123,0.135911602209945,0.0606209955643174,"GO:0032879","GO:BP","regulation of localization",21026,7819
"168","lightgreen",TRUE,0.00226796812836411,289,905,28,0.030939226519337,0.0968858131487889,"GO:0010948","GO:BP","negative regulation of cell cycle process",21026,4506
"169","lightgreen",TRUE,0.00235611676826144,1387,905,90,0.0994475138121547,0.0648882480173035,"GO:0080134","GO:BP","regulation of response to stress",21026,17581
"170","lightgreen",TRUE,0.00235611676826144,532,905,43,0.0475138121546961,0.0808270676691729,"GO:0044770","GO:BP","cell cycle phase transition",21026,10999
"171","lightgreen",TRUE,0.00235611676826144,352,905,32,0.0353591160220995,0.0909090909090909,"GO:0051336","GO:BP","regulation of hydrolase activity",21026,13481
"172","lightgreen",TRUE,0.00256788355918574,8184,905,408,0.450828729281768,0.0498533724340176,"GO:0016043","GO:BP","cellular component organization",21026,5053
"173","lightgreen",TRUE,0.00256788355918574,1182,905,79,0.087292817679558,0.0668358714043993,"GO:1901701","GO:BP","cellular response to oxygen-containing compound",21026,21372
"174","lightgreen",TRUE,0.00256799088734597,109,905,15,0.0165745856353591,0.137614678899083,"GO:0019080","GO:BP","viral gene expression",21026,5540
"175","lightgreen",TRUE,0.00262367652702619,323,905,30,0.0331491712707182,0.0928792569659443,"GO:0042254","GO:BP","ribosome biogenesis",21026,9967
"176","lightgreen",TRUE,0.00283401272345052,18,905,6,0.00662983425414365,0.333333333333333,"GO:0090110","GO:BP","COPII-coated vesicle cargo loading",21026,17793
"177","lightgreen",TRUE,0.0031713712169448,3486,905,193,0.213259668508287,0.055364314400459,"GO:0010646","GO:BP","regulation of cell communication",21026,4275
"178","lightgreen",TRUE,0.00317390755095881,661,905,50,0.0552486187845304,0.075642965204236,"GO:0072594","GO:BP","establishment of protein localization to organelle",21026,17224
"179","lightgreen",TRUE,0.00324727969094556,343,905,31,0.0342541436464088,0.0903790087463557,"GO:0141188","GO:BP","nucleic acid catabolic process",21026,19815
"180","lightgreen",TRUE,0.00333291331001341,1991,905,120,0.132596685082873,0.060271220492215,"GO:0008219","GO:BP","cell death",21026,3132
"181","lightgreen",TRUE,0.00335208419813571,491,905,40,0.0441988950276243,0.0814663951120163,"GO:0051656","GO:BP","establishment of organelle localization",21026,13679
"182","lightgreen",TRUE,0.00370536593576946,166,905,19,0.0209944751381215,0.114457831325301,"GO:0006606","GO:BP","protein import into nucleus",21026,2315
"183","lightgreen",TRUE,0.00389859201899963,7,905,4,0.00441988950276243,0.571428571428571,"GO:0045991","GO:BP","carbon catabolite activation of transcription",21026,11621
"184","lightgreen",TRUE,0.00389859201899963,7,905,4,0.00441988950276243,0.571428571428571,"GO:0034087","GO:BP","establishment of mitotic sister chromatid cohesion",21026,8335
"185","lightgreen",TRUE,0.00389859201899963,7,905,4,0.00441988950276243,0.571428571428571,"GO:0045990","GO:BP","carbon catabolite regulation of transcription",21026,11620
"186","lightgreen",TRUE,0.00390712401417957,239,905,24,0.0265193370165746,0.100418410041841,"GO:0007033","GO:BP","vacuole organization",21026,2625
"187","lightgreen",TRUE,0.00401647684132586,380,905,33,0.0364640883977901,0.0868421052631579,"GO:0006417","GO:BP","regulation of translation",21026,2166
"188","lightgreen",TRUE,0.00404576297112859,446,905,37,0.0408839779005525,0.0829596412556054,"GO:0022411","GO:BP","cellular component disassembly",21026,6570
"189","lightgreen",TRUE,0.00404576297112859,270,905,26,0.0287292817679558,0.0962962962962963,"GO:0032868","GO:BP","response to insulin",21026,7808
"190","lightgreen",TRUE,0.00437170225608239,318,905,29,0.0320441988950276,0.0911949685534591,"GO:0034504","GO:BP","protein localization to nucleus",21026,8606
"191","lightgreen",TRUE,0.00438481572845141,1987,905,119,0.131491712707182,0.0598892803220936,"GO:0012501","GO:BP","programmed cell death",21026,4551
"192","lightgreen",TRUE,0.00446114740105504,499,905,40,0.0441988950276243,0.0801603206412826,"GO:1903829","GO:BP","positive regulation of protein localization",21026,22969
"193","lightgreen",TRUE,0.00498956125419316,20,905,6,0.00662983425414365,0.3,"GO:0055070","GO:BP","copper ion homeostasis",21026,14021
"194","lightgreen",TRUE,0.00498956125419316,519,905,41,0.0453038674033149,0.0789980732177264,"GO:0080135","GO:BP","regulation of cellular response to stress",21026,17582
"195","lightgreen",TRUE,0.00498956125419316,369,905,32,0.0353591160220995,0.0867208672086721,"GO:0042176","GO:BP","regulation of protein catabolic process",21026,9912
"196","lightgreen",TRUE,0.00501408028841937,185,905,20,0.0220994475138122,0.108108108108108,"GO:0000075","GO:BP","cell cycle checkpoint signaling",21026,26
"197","lightgreen",TRUE,0.00501408028841937,1736,905,106,0.117127071823204,0.0610599078341014,"GO:0042592","GO:BP","homeostatic process",21026,10159
"198","lightgreen",TRUE,0.00503344416231545,130,905,16,0.0176795580110497,0.123076923076923,"GO:0051028","GO:BP","mRNA transport",21026,13272
"199","lightgreen",TRUE,0.00503344416231545,171,905,19,0.0209944751381215,0.111111111111111,"GO:0051170","GO:BP","import into nucleus",21026,13373
"200","lightgreen",TRUE,0.005036304885988,1005,905,68,0.0751381215469613,0.0676616915422886,"GO:0006259","GO:BP","DNA metabolic process",21026,2071
"201","lightgreen",TRUE,0.005036304885988,677,905,50,0.0552486187845304,0.0738552437223043,"GO:0051248","GO:BP","negative regulation of protein metabolic process",21026,13413
"202","lightgreen",TRUE,0.00542506777648138,69,905,11,0.0121546961325967,0.159420289855072,"GO:0006879","GO:BP","intracellular iron ion homeostasis",21026,2526
"203","lightgreen",TRUE,0.00542506777648138,505,905,40,0.0441988950276243,0.0792079207920792,"GO:0044089","GO:BP","positive regulation of cellular component biogenesis",21026,10814
"204","lightgreen",TRUE,0.00571128252977565,1923,905,115,0.12707182320442,0.0598023920956838,"GO:0006915","GO:BP","apoptotic process",21026,2553
"205","lightgreen",TRUE,0.00614648664185513,560,905,43,0.0475138121546961,0.0767857142857143,"GO:0002253","GO:BP","activation of immune response",21026,783
"206","lightgreen",TRUE,0.00615694354209459,1013,905,68,0.0751381215469613,0.0671273445212241,"GO:0060341","GO:BP","regulation of cellular localization",21026,14344
"207","lightgreen",TRUE,0.00629330177492397,492,905,39,0.0430939226519337,0.0792682926829268,"GO:0010638","GO:BP","positive regulation of organelle organization",21026,4267
"208","lightgreen",TRUE,0.00641382005402507,2457,905,141,0.155801104972376,0.0573870573870574,"GO:0050793","GO:BP","regulation of developmental process",21026,13089
"209","lightgreen",TRUE,0.00641382005402507,2192,905,128,0.141436464088398,0.0583941605839416,"GO:0070887","GO:BP","cellular response to chemical stimulus",21026,16130
"210","lightgreen",TRUE,0.00652191737330961,280,905,26,0.0287292817679558,0.0928571428571429,"GO:0000209","GO:BP","protein polyubiquitination",21026,59
"211","lightgreen",TRUE,0.00652191737330961,234,905,23,0.025414364640884,0.0982905982905983,"GO:1902115","GO:BP","regulation of organelle assembly",21026,21740
"212","lightgreen",TRUE,0.00667388912983347,494,905,39,0.0430939226519337,0.0789473684210526,"GO:0002757","GO:BP","immune response-activating signaling pathway",21026,1266
"213","lightgreen",TRUE,0.00671888497458859,924,905,63,0.0696132596685083,0.0681818181818182,"GO:0051668","GO:BP","localization within membrane",21026,13690
"214","lightgreen",TRUE,0.00676837393039688,427,905,35,0.0386740331491713,0.0819672131147541,"GO:1901987","GO:BP","regulation of cell cycle phase transition",21026,21632
"215","lightgreen",TRUE,0.00676837393039688,427,905,35,0.0386740331491713,0.0819672131147541,"GO:0007059","GO:BP","chromosome segregation",21026,2645
"216","lightgreen",TRUE,0.00720919862979569,135,905,16,0.0176795580110497,0.118518518518519,"GO:0043547","GO:BP","positive regulation of GTPase activity",21026,10665
"217","lightgreen",TRUE,0.0086368077540756,1046,905,69,0.0762430939226519,0.0659655831739962,"GO:0070925","GO:BP","organelle assembly",21026,16146
"218","lightgreen",TRUE,0.0086368077540756,270,905,25,0.0276243093922652,0.0925925925925926,"GO:0034976","GO:BP","response to endoplasmic reticulum stress",21026,8681
"219","lightgreen",TRUE,0.0086544984598929,209,905,21,0.0232044198895028,0.100478468899522,"GO:0045732","GO:BP","positive regulation of protein catabolic process",21026,11411
"220","lightgreen",TRUE,0.00865645705556803,31,905,7,0.00773480662983425,0.225806451612903,"GO:0045070","GO:BP","positive regulation of viral genome replication",21026,11114
"221","lightgreen",TRUE,0.00881428070465194,98,905,13,0.0143646408839779,0.13265306122449,"GO:0007032","GO:BP","endosome organization",21026,2624
"222","lightgreen",TRUE,0.00916173782787776,1049,905,69,0.0762430939226519,0.0657769304099142,"GO:0031399","GO:BP","regulation of protein modification process",21026,7116
"223","lightgreen",TRUE,0.00927518355345175,6002,905,305,0.337016574585635,0.0508163945351549,"GO:0007165","GO:BP","signal transduction",21026,2716
"224","lightgreen",TRUE,0.0100670538870044,23,905,6,0.00662983425414365,0.260869565217391,"GO:0034755","GO:BP","iron ion transmembrane transport",21026,8659
"225","lightgreen",TRUE,0.010275349416733,922,905,62,0.0685082872928177,0.0672451193058568,"GO:0098657","GO:BP","import into cell",21026,18564
"226","lightgreen",TRUE,0.0105148721786569,113,905,14,0.0154696132596685,0.123893805309735,"GO:0120034","GO:BP","positive regulation of plasma membrane bounded cell projection assembly",21026,19208
"227","lightgreen",TRUE,0.0105713768907141,9,905,4,0.00441988950276243,0.444444444444444,"GO:0000912","GO:BP","assembly of actomyosin apparatus involved in cytokinesis",21026,243
"228","lightgreen",TRUE,0.0105713768907141,1759,905,105,0.116022099447514,0.0596930073905628,"GO:0044419","GO:BP","biological process involved in interspecies interaction between organisms",21026,10892
"229","lightgreen",TRUE,0.0105713768907141,9,905,4,0.00441988950276243,0.444444444444444,"GO:0000915","GO:BP","actomyosin contractile ring assembly",21026,246
"230","lightgreen",TRUE,0.0105713768907141,9,905,4,0.00441988950276243,0.444444444444444,"GO:0034085","GO:BP","establishment of sister chromatid cohesion",21026,8333
"231","lightgreen",TRUE,0.0108520582987001,127,905,15,0.0165745856353591,0.118110236220472,"GO:0000956","GO:BP","nuclear-transcribed mRNA catabolic process",21026,262
"232","lightgreen",TRUE,0.0109685477793321,64,905,10,0.0110497237569061,0.15625,"GO:0048524","GO:BP","positive regulation of viral process",21026,12640
"233","lightgreen",TRUE,0.0109685477793321,141,905,16,0.0176795580110497,0.113475177304965,"GO:0016482","GO:BP","cytosolic transport",21026,5207
"234","lightgreen",TRUE,0.0109685477793321,907,905,61,0.0674033149171271,0.0672546857772878,"GO:0032880","GO:BP","regulation of protein localization",21026,7820
"235","lightgreen",TRUE,0.0111129729206024,199,905,20,0.0220994475138122,0.100502512562814,"GO:0000302","GO:BP","response to reactive oxygen species",21026,88
"236","lightgreen",TRUE,0.0112006650280572,357,905,30,0.0331491712707182,0.0840336134453782,"GO:0031346","GO:BP","positive regulation of cell projection organization",21026,7098
"237","lightgreen",TRUE,0.0116002313409425,6515,905,327,0.361325966850829,0.0501918649270913,"GO:0023052","GO:BP","signaling",21026,6607
"238","lightgreen",TRUE,0.0117109901667654,200,905,20,0.0220994475138122,0.1,"GO:0006403","GO:BP","RNA localization",21026,2156
"239","lightgreen",TRUE,0.012041945748,16,905,5,0.00552486187845304,0.3125,"GO:0006206","GO:BP","pyrimidine nucleobase metabolic process",21026,2026
"240","lightgreen",TRUE,0.0121094144390779,43,905,8,0.00883977900552486,0.186046511627907,"GO:0030866","GO:BP","cortical actin cytoskeleton organization",21026,6910
"241","lightgreen",TRUE,0.0130559314154246,729,905,51,0.056353591160221,0.0699588477366255,"GO:0030036","GO:BP","actin cytoskeleton organization",21026,6627
"242","lightgreen",TRUE,0.0131034858462522,248,905,23,0.025414364640884,0.092741935483871,"GO:1901988","GO:BP","negative regulation of cell cycle phase transition",21026,21633
"243","lightgreen",TRUE,0.0131102747690728,103,905,13,0.0143646408839779,0.12621359223301,"GO:0042147","GO:BP","retrograde transport, endosome to Golgi",21026,9898
"244","lightgreen",TRUE,0.0138200064747431,4053,905,214,0.23646408839779,0.0528003947693067,"GO:0048731","GO:BP","system development",21026,12821
"245","lightgreen",TRUE,0.0139581371801128,44,905,8,0.00883977900552486,0.181818181818182,"GO:0090114","GO:BP","COPII-coated vesicle budding",21026,17796
"246","lightgreen",TRUE,0.0147105021559575,25,905,6,0.00662983425414365,0.24,"GO:0048169","GO:BP","regulation of long-term neuronal synaptic plasticity",21026,12396
"247","lightgreen",TRUE,0.0147105021559575,6540,905,327,0.361325966850829,0.05,"GO:0007154","GO:BP","cell communication",21026,2705
"248","lightgreen",TRUE,0.0147105021559575,160,905,17,0.0187845303867403,0.10625,"GO:0050657","GO:BP","nucleic acid transport",21026,13026
"249","lightgreen",TRUE,0.0147105021559575,160,905,17,0.0187845303867403,0.10625,"GO:0050658","GO:BP","RNA transport",21026,13027
"250","lightgreen",TRUE,0.0147105021559575,976,905,64,0.0707182320441989,0.0655737704918033,"GO:0030097","GO:BP","hemopoiesis",21026,6642
"251","lightgreen",TRUE,0.0147105021559575,5629,905,286,0.316022099447514,0.0508083140877598,"GO:0048523","GO:BP","negative regulation of cellular process",21026,12639
"252","lightgreen",TRUE,0.0149972061989069,132,905,15,0.0165745856353591,0.113636363636364,"GO:0017148","GO:BP","negative regulation of translation",21026,5260
"253","lightgreen",TRUE,0.0149972061989069,267,905,24,0.0265193370165746,0.0898876404494382,"GO:0002221","GO:BP","pattern recognition receptor signaling pathway",21026,753
"254","lightgreen",TRUE,0.0153535879295249,10,905,4,0.00441988950276243,0.4,"GO:0044837","GO:BP","actomyosin contractile ring organization",21026,11036
"255","lightgreen",TRUE,0.0153649411416621,17,905,5,0.00552486187845304,0.294117647058824,"GO:0006878","GO:BP","intracellular copper ion homeostasis",21026,2525
"256","lightgreen",TRUE,0.0153649411416621,645,905,46,0.050828729281768,0.0713178294573643,"GO:1901699","GO:BP","cellular response to nitrogen compound",21026,21370
"257","lightgreen",TRUE,0.0158627336093056,147,905,16,0.0176795580110497,0.108843537414966,"GO:0034614","GO:BP","cellular response to reactive oxygen species",21026,8627
"258","lightgreen",TRUE,0.0161235739046384,367,905,30,0.0331491712707182,0.0817438692098093,"GO:0010506","GO:BP","regulation of autophagy",21026,4164
"259","lightgreen",TRUE,0.0161235739046384,35,905,7,0.00773480662983425,0.2,"GO:1902410","GO:BP","mitotic cytokinetic process",21026,21964
"260","lightgreen",TRUE,0.0161235739046384,887,905,59,0.0651933701657459,0.0665163472378805,"GO:0019752","GO:BP","carboxylic acid metabolic process",21026,6004
"261","lightgreen",TRUE,0.0161235739046384,4437,905,231,0.25524861878453,0.0520622041920216,"GO:0030154","GO:BP","cell differentiation",21026,6654
"262","lightgreen",TRUE,0.0162078372167769,4438,905,231,0.25524861878453,0.0520504731861199,"GO:0048869","GO:BP","cellular developmental process",21026,12943
"263","lightgreen",TRUE,0.0162078372167769,540,905,40,0.0441988950276243,0.0740740740740741,"GO:0002764","GO:BP","immune response-regulating signaling pathway",21026,1273
"264","lightgreen",TRUE,0.0163072554376614,351,905,29,0.0320441988950276,0.0826210826210826,"GO:0045787","GO:BP","positive regulation of cell cycle",21026,11457
"265","lightgreen",TRUE,0.0172372551915914,163,905,17,0.0187845303867403,0.104294478527607,"GO:0051236","GO:BP","establishment of RNA localization",21026,13405
"266","lightgreen",TRUE,0.0172586185837851,1771,905,104,0.114917127071823,0.0587238848108413,"GO:0022008","GO:BP","neurogenesis",21026,6530
"267","lightgreen",TRUE,0.0175126134053836,1043,905,67,0.0740331491712707,0.0642377756471716,"GO:0048878","GO:BP","chemical homeostasis",21026,12950
"268","lightgreen",TRUE,0.0185664489618523,36,905,7,0.00773480662983425,0.194444444444444,"GO:0033014","GO:BP","tetrapyrrole biosynthetic process",21026,7922
"269","lightgreen",TRUE,0.0185664489618523,36,905,7,0.00773480662983425,0.194444444444444,"GO:0006779","GO:BP","porphyrin-containing compound biosynthetic process",21026,2457
"270","lightgreen",TRUE,0.0185664489618523,5,905,3,0.00331491712707182,0.6,"GO:0090611","GO:BP","ubiquitin-independent protein catabolic process via the multivesicular body sorting pathway",21026,18130
"271","lightgreen",TRUE,0.0186396419354138,225,905,21,0.0232044198895028,0.0933333333333333,"GO:0009755","GO:BP","hormone-mediated signaling pathway",21026,3637
"272","lightgreen",TRUE,0.0187314046914771,970,905,63,0.0696132596685083,0.0649484536082474,"GO:0007167","GO:BP","enzyme-linked receptor protein signaling pathway",21026,2718
"273","lightgreen",TRUE,0.0190125868340553,122,905,14,0.0154696132596685,0.114754098360656,"GO:0038061","GO:BP","non-canonical NF-kappaB signal transduction",21026,9593
"274","lightgreen",TRUE,0.0195649370931977,915,905,60,0.0662983425414365,0.0655737704918033,"GO:0006082","GO:BP","organic acid metabolic process",21026,1943
"275","lightgreen",TRUE,0.0196908976478293,47,905,8,0.00883977900552486,0.170212765957447,"GO:0042789","GO:BP","mRNA transcription by RNA polymerase II",21026,10274
"276","lightgreen",TRUE,0.0214922908188393,59,905,9,0.00994475138121547,0.152542372881356,"GO:0006998","GO:BP","nuclear envelope organization",21026,2600
"277","lightgreen",TRUE,0.0225052320359515,48,905,8,0.00883977900552486,0.166666666666667,"GO:0071763","GO:BP","nuclear membrane organization",21026,16662
"278","lightgreen",TRUE,0.0225052320359515,1506,905,90,0.0994475138121547,0.0597609561752988,"GO:0043067","GO:BP","regulation of programmed cell death",21026,10418
"279","lightgreen",TRUE,0.0225774800557195,428,905,33,0.0364640883977901,0.0771028037383178,"GO:0044772","GO:BP","mitotic cell cycle phase transition",21026,11001
"280","lightgreen",TRUE,0.0225774800557195,498,905,37,0.0408839779005525,0.0742971887550201,"GO:0051338","GO:BP","regulation of transferase activity",21026,13483
"281","lightgreen",TRUE,0.0226055899062256,827,905,55,0.0607734806629834,0.0665054413542926,"GO:0072657","GO:BP","protein localization to membrane",21026,17244
"282","lightgreen",TRUE,0.0228580300943329,310,905,26,0.0287292817679558,0.0838709677419355,"GO:0019058","GO:BP","viral life cycle",21026,5525
"283","lightgreen",TRUE,0.0230950203379718,3909,905,205,0.226519337016575,0.0524430800716296,"GO:0042221","GO:BP","response to chemical",21026,9956
"284","lightgreen",TRUE,0.0234223756363039,1529,905,91,0.100552486187845,0.0595160235448005,"GO:0007010","GO:BP","cytoskeleton organization",21026,2609
"285","lightgreen",TRUE,0.0236777301427794,262,905,23,0.025414364640884,0.0877862595419847,"GO:0090068","GO:BP","positive regulation of cell cycle process",21026,17759
"286","lightgreen",TRUE,0.0240563797997247,19,905,5,0.00552486187845304,0.263157894736842,"GO:0034260","GO:BP","negative regulation of GTPase activity",21026,8468
"287","lightgreen",TRUE,0.0246544906291412,312,905,26,0.0287292817679558,0.0833333333333333,"GO:1903311","GO:BP","regulation of mRNA metabolic process",21026,22565
"288","lightgreen",TRUE,0.0248411675138351,1099,905,69,0.0762430939226519,0.0627843494085532,"GO:0002684","GO:BP","positive regulation of immune system process",21026,1200
"289","lightgreen",TRUE,0.0248507557250345,414,905,32,0.0353591160220995,0.0772946859903382,"GO:0009615","GO:BP","response to virus",21026,3527
"290","lightgreen",TRUE,0.0249161082323871,449,905,34,0.0375690607734807,0.0757238307349666,"GO:0045088","GO:BP","regulation of innate immune response",21026,11117
"291","lightgreen",TRUE,0.0249161082323871,296,905,25,0.0276243093922652,0.0844594594594595,"GO:0051402","GO:BP","neuron apoptotic process",21026,13509
"292","lightgreen",TRUE,0.0254527937821094,3085,905,166,0.183425414364641,0.0538087520259319,"GO:0048513","GO:BP","animal organ development",21026,12631
"293","lightgreen",TRUE,0.0255025026260246,264,905,23,0.025414364640884,0.0871212121212121,"GO:0006898","GO:BP","receptor-mediated endocytosis",21026,2541
"294","lightgreen",TRUE,0.0256306296084402,909,905,59,0.0651933701657459,0.0649064906490649,"GO:0043436","GO:BP","oxoacid metabolic process",21026,10596
"295","lightgreen",TRUE,0.0261366110380781,113,905,13,0.0143646408839779,0.115044247787611,"GO:0006892","GO:BP","post-Golgi vesicle-mediated transport",21026,2536
"296","lightgreen",TRUE,0.0263757628220755,2604,905,143,0.158011049723757,0.054915514592934,"GO:0007399","GO:BP","nervous system development",21026,2884
"297","lightgreen",TRUE,0.0265883402299686,760,905,51,0.056353591160221,0.0671052631578947,"GO:0050778","GO:BP","positive regulation of immune response",21026,13081
"298","lightgreen",TRUE,0.0265883402299686,835,905,55,0.0607734806629834,0.0658682634730539,"GO:0019725","GO:BP","cellular homeostasis",21026,5988
"299","lightgreen",TRUE,0.0269292114654123,202,905,19,0.0209944751381215,0.0940594059405941,"GO:0120032","GO:BP","regulation of plasma membrane bounded cell projection assembly",21026,19206
"300","lightgreen",TRUE,0.0273980449336311,332,905,27,0.0298342541436464,0.0813253012048193,"GO:0048872","GO:BP","homeostasis of number of cells",21026,12946
"301","lightgreen",TRUE,0.027600026023186,5834,905,292,0.322651933701657,0.0500514226945492,"GO:0048519","GO:BP","negative regulation of biological process",21026,12635
"302","lightgreen",TRUE,0.027600026023186,172,905,17,0.0187845303867403,0.0988372093023256,"GO:0062207","GO:BP","regulation of pattern recognition receptor signaling pathway",21026,15639
"303","lightgreen",TRUE,0.0284410526483504,1462,905,87,0.0961325966850829,0.0595075239398085,"GO:0042981","GO:BP","regulation of apoptotic process",21026,10372
"304","lightgreen",TRUE,0.0286478204328755,219,905,20,0.0220994475138122,0.091324200913242,"GO:0042594","GO:BP","response to starvation",21026,10161
"305","lightgreen",TRUE,0.0289251742697433,20,905,5,0.00552486187845304,0.25,"GO:0046782","GO:BP","regulation of viral transcription",21026,12200
"306","lightgreen",TRUE,0.0289251742697433,20,905,5,0.00552486187845304,0.25,"GO:0042953","GO:BP","lipoprotein transport",21026,10366
"307","lightgreen",TRUE,0.0291814281875672,284,905,24,0.0265193370165746,0.0845070422535211,"GO:0002758","GO:BP","innate immune response-activating signaling pathway",21026,1267
"308","lightgreen",TRUE,0.0293559993053884,204,905,19,0.0209944751381215,0.0931372549019608,"GO:0060491","GO:BP","regulation of cell projection assembly",21026,14474
"309","lightgreen",TRUE,0.0294845621103829,75,905,10,0.0110497237569061,0.133333333333333,"GO:0120192","GO:BP","tight junction assembly",21026,19290
"310","lightgreen",TRUE,0.0294845621103829,75,905,10,0.0110497237569061,0.133333333333333,"GO:1903036","GO:BP","positive regulation of response to wounding",21026,22397
"311","lightgreen",TRUE,0.0302168723570401,269,905,23,0.025414364640884,0.0855018587360595,"GO:0071559","GO:BP","response to transforming growth factor beta",21026,16530
"312","lightgreen",TRUE,0.0302168723570401,6,905,3,0.00331491712707182,0.5,"GO:0070966","GO:BP","nuclear-transcribed mRNA catabolic process, no-go decay",21026,16178
"313","lightgreen",TRUE,0.0302168723570401,6,905,3,0.00331491712707182,0.5,"GO:0000436","GO:BP","carbon catabolite activation of transcription from RNA polymerase II promoter",21026,138
"314","lightgreen",TRUE,0.0302168723570401,6,905,3,0.00331491712707182,0.5,"GO:0055059","GO:BP","asymmetric neuroblast division",21026,14016
"315","lightgreen",TRUE,0.0302168723570401,6,905,3,0.00331491712707182,0.5,"GO:0000429","GO:BP","carbon catabolite regulation of transcription from RNA polymerase II promoter",21026,131
"316","lightgreen",TRUE,0.0302168723570401,6,905,3,0.00331491712707182,0.5,"GO:1903551","GO:BP","regulation of extracellular exosome assembly",21026,22767
"317","lightgreen",TRUE,0.0302168723570401,51,905,8,0.00883977900552486,0.156862745098039,"GO:0048009","GO:BP","insulin-like growth factor receptor signaling pathway",21026,12298
"318","lightgreen",TRUE,0.0302168723570401,6,905,3,0.00331491712707182,0.5,"GO:0046016","GO:BP","positive regulation of transcription by glucose",21026,11645
"319","lightgreen",TRUE,0.0302168723570401,6,905,3,0.00331491712707182,0.5,"GO:0009597","GO:BP","detection of virus",21026,3513
"320","lightgreen",TRUE,0.0302168723570401,63,905,9,0.00994475138121547,0.142857142857143,"GO:0090303","GO:BP","positive regulation of wound healing",21026,17950
"321","lightgreen",TRUE,0.0303925546794237,730,905,49,0.0541436464088398,0.0671232876712329,"GO:0055082","GO:BP","intracellular chemical homeostasis",21026,14028
"322","lightgreen",TRUE,0.03112912374218,825,905,54,0.0596685082872928,0.0654545454545455,"GO:0030029","GO:BP","actin filament-based process",21026,6620
"323","lightgreen",TRUE,0.031172243241362,175,905,17,0.0187845303867403,0.0971428571428571,"GO:0007254","GO:BP","JNK cascade",21026,2773
"324","lightgreen",TRUE,0.0312750797757068,206,905,19,0.0209944751381215,0.0922330097087379,"GO:0051345","GO:BP","positive regulation of hydrolase activity",21026,13487
"325","lightgreen",TRUE,0.0319354265292909,960,905,61,0.0674033149171271,0.0635416666666667,"GO:0030334","GO:BP","regulation of cell migration",21026,6743
"326","lightgreen",TRUE,0.0319938783281695,658,905,45,0.0497237569060773,0.0683890577507599,"GO:0031344","GO:BP","regulation of cell projection organization",21026,7096
"327","lightgreen",TRUE,0.0322659910734216,884,905,57,0.0629834254143646,0.0644796380090498,"GO:0006325","GO:BP","chromatin organization",21026,2114
"328","lightgreen",TRUE,0.0325998158968886,1776,905,102,0.112707182320442,0.0574324324324324,"GO:0044281","GO:BP","small molecule metabolic process",21026,10850
"329","lightgreen",TRUE,0.0325998158968886,52,905,8,0.00883977900552486,0.153846153846154,"GO:0009299","GO:BP","mRNA transcription",21026,3432
"330","lightgreen",TRUE,0.0333027224317682,305,905,25,0.0276243093922652,0.0819672131147541,"GO:0002218","GO:BP","activation of innate immune response",21026,751
"331","lightgreen",TRUE,0.0333300288548005,90,905,11,0.0121546961325967,0.122222222222222,"GO:0034644","GO:BP","cellular response to UV",21026,8641
"332","lightgreen",TRUE,0.0333300288548005,905,905,58,0.0640883977900552,0.0640883977900552,"GO:0043069","GO:BP","negative regulation of programmed cell death",21026,10420
"333","lightgreen",TRUE,0.0335606847930945,21,905,5,0.00552486187845304,0.238095238095238,"GO:0044872","GO:BP","lipoprotein localization",21026,11061
"334","lightgreen",TRUE,0.0335606847930945,132,905,14,0.0154696132596685,0.106060606060606,"GO:0021987","GO:BP","cerebral cortex development",21026,6510
"335","lightgreen",TRUE,0.0339872056613901,177,905,17,0.0187845303867403,0.096045197740113,"GO:0141193","GO:BP","nuclear receptor-mediated signaling pathway",21026,19818
"336","lightgreen",TRUE,0.0342294677421667,606,905,42,0.0464088397790055,0.0693069306930693,"GO:0097190","GO:BP","apoptotic signaling pathway",21026,18294
"337","lightgreen",TRUE,0.0343479029212249,323,905,26,0.0287292817679558,0.0804953560371517,"GO:0098813","GO:BP","nuclear chromosome segregation",21026,18651
"338","lightgreen",TRUE,0.0343479029212249,2947,905,158,0.174585635359116,0.0536138445877163,"GO:0065008","GO:BP","regulation of biological quality",21026,15667
"339","lightgreen",TRUE,0.0349694696661267,2,905,2,0.00220994475138122,1,"GO:0060566","GO:BP","positive regulation of termination of DNA-templated transcription",21026,14536
"340","lightgreen",TRUE,0.0349694696661267,2,905,2,0.00220994475138122,1,"GO:1904220","GO:BP","regulation of serine C-palmitoyltransferase activity",21026,23264
"341","lightgreen",TRUE,0.0349694696661267,2,905,2,0.00220994475138122,1,"GO:0098629","GO:BP","trans-Golgi network membrane organization",21026,18559
"342","lightgreen",TRUE,0.0349694696661267,1320,905,79,0.087292817679558,0.0598484848484848,"GO:0016310","GO:BP","phosphorylation",21026,5173
"343","lightgreen",TRUE,0.0349694696661267,53,905,8,0.00883977900552486,0.150943396226415,"GO:0019083","GO:BP","viral transcription",21026,5543
"344","lightgreen",TRUE,0.0349694696661267,1581,905,92,0.101657458563536,0.058191018342821,"GO:0002682","GO:BP","regulation of immune system process",21026,1198
"345","lightgreen",TRUE,0.0349694696661267,31,905,6,0.00662983425414365,0.193548387096774,"GO:0065002","GO:BP","intracellular protein transmembrane transport",21026,15662
"346","lightgreen",TRUE,0.0349694696661267,2,905,2,0.00220994475138122,1,"GO:0009203","GO:BP","ribonucleoside triphosphate catabolic process",21026,3355
"347","lightgreen",TRUE,0.0349694696661267,2,905,2,0.00220994475138122,1,"GO:1904222","GO:BP","positive regulation of serine C-palmitoyltransferase activity",21026,23266
"348","lightgreen",TRUE,0.0349694696661267,2,905,2,0.00220994475138122,1,"GO:1904595","GO:BP","positive regulation of termination of RNA polymerase II transcription",21026,23569
"349","lightgreen",TRUE,0.0349694696661267,1400,905,83,0.0917127071823204,0.0592857142857143,"GO:0051253","GO:BP","negative regulation of RNA metabolic process",21026,13418
"350","lightgreen",TRUE,0.0349694696661267,65,905,9,0.00994475138121547,0.138461538461538,"GO:0033013","GO:BP","tetrapyrrole metabolic process",21026,7921
"351","lightgreen",TRUE,0.0349694696661267,947,905,60,0.0662983425414365,0.0633579725448786,"GO:0050776","GO:BP","regulation of immune response",21026,13079
"352","lightgreen",TRUE,0.0349694696661267,65,905,9,0.00994475138121547,0.138461538461538,"GO:0043525","GO:BP","positive regulation of neuron apoptotic process",21026,10657
"353","lightgreen",TRUE,0.0349694696661267,91,905,11,0.0121546961325967,0.120879120879121,"GO:0006405","GO:BP","RNA export from nucleus",21026,2158
"354","lightgreen",TRUE,0.0349694696661267,225,905,20,0.0220994475138122,0.0888888888888889,"GO:0006282","GO:BP","regulation of DNA repair",21026,2089
"355","lightgreen",TRUE,0.0349694696661267,517,905,37,0.0408839779005525,0.0715667311411992,"GO:0051493","GO:BP","regulation of cytoskeleton organization",21026,13562
"356","lightgreen",TRUE,0.0352805983861458,308,905,25,0.0276243093922652,0.0811688311688312,"GO:0007249","GO:BP","canonical NF-kappaB signal transduction",21026,2770
"357","lightgreen",TRUE,0.0354227767777721,500,905,36,0.0397790055248619,0.072,"GO:0048285","GO:BP","organelle fission",21026,12460
"358","lightgreen",TRUE,0.0361768565265764,42,905,7,0.00773480662983425,0.166666666666667,"GO:0032728","GO:BP","positive regulation of interferon-beta production",21026,7718
"359","lightgreen",TRUE,0.0366093444248436,629,905,43,0.0475138121546961,0.068362480127186,"GO:0007169","GO:BP","cell surface receptor protein tyrosine kinase signaling pathway",21026,2720
"360","lightgreen",TRUE,0.0366093444248436,430,905,32,0.0353591160220995,0.0744186046511628,"GO:0140694","GO:BP","membraneless organelle assembly",21026,19604
"361","lightgreen",TRUE,0.0366093444248436,1067,905,66,0.0729281767955801,0.0618556701030928,"GO:0040012","GO:BP","regulation of locomotion",21026,9809
"362","lightgreen",TRUE,0.036671515350189,574,905,40,0.0441988950276243,0.0696864111498258,"GO:0051276","GO:BP","chromosome organization",21026,13431
"363","lightgreen",TRUE,0.037859676408186,327,905,26,0.0287292817679558,0.0795107033639144,"GO:1901990","GO:BP","regulation of mitotic cell cycle phase transition",21026,21635
"364","lightgreen",TRUE,0.039609134259373,181,905,17,0.0187845303867403,0.0939226519337017,"GO:0002262","GO:BP","myeloid cell homeostasis",21026,792
"365","lightgreen",TRUE,0.039609134259373,93,905,11,0.0121546961325967,0.118279569892473,"GO:1901992","GO:BP","positive regulation of mitotic cell cycle phase transition",21026,21637
"366","lightgreen",TRUE,0.039609134259373,1529,905,89,0.0983425414364641,0.0582079790712884,"GO:0045934","GO:BP","negative regulation of nucleobase-containing compound metabolic process",21026,11566
"367","lightgreen",TRUE,0.0396430964859624,32,905,6,0.00662983425414365,0.1875,"GO:0099022","GO:BP","vesicle tethering",21026,18762
"368","lightgreen",TRUE,0.0405117025931608,329,905,26,0.0287292817679558,0.0790273556231003,"GO:1904951","GO:BP","positive regulation of establishment of protein localization",21026,23853
"369","lightgreen",TRUE,0.0405117025931608,312,905,25,0.0276243093922652,0.0801282051282051,"GO:0097193","GO:BP","intrinsic apoptotic signaling pathway",21026,18297
"370","lightgreen",TRUE,0.0407275819269096,262,905,22,0.0243093922651934,0.083969465648855,"GO:0071560","GO:BP","cellular response to transforming growth factor beta stimulus",21026,16531
"371","lightgreen",TRUE,0.0407275819269096,727,905,48,0.0530386740331492,0.0660247592847318,"GO:0006412","GO:BP","translation",21026,2162
"372","lightgreen",TRUE,0.041702582956502,616,905,42,0.0464088397790055,0.0681818181818182,"GO:0050801","GO:BP","monoatomic ion homeostasis",21026,13095
"373","lightgreen",TRUE,0.041702582956502,296,905,24,0.0265193370165746,0.0810810810810811,"GO:0051347","GO:BP","positive regulation of transferase activity",21026,13489
"374","lightgreen",TRUE,0.0420491339888963,94,905,11,0.0121546961325967,0.117021276595745,"GO:1901222","GO:BP","regulation of non-canonical NF-kappaB signal transduction",21026,21041
"375","lightgreen",TRUE,0.0431066286244903,7,905,3,0.00331491712707182,0.428571428571429,"GO:0034197","GO:BP","triglyceride transport",21026,8435
"376","lightgreen",TRUE,0.0431066286244903,7,905,3,0.00331491712707182,0.428571428571429,"GO:0034196","GO:BP","acylglycerol transport",21026,8434
"377","lightgreen",TRUE,0.0431066286244903,7,905,3,0.00331491712707182,0.428571428571429,"GO:0035995","GO:BP","detection of muscle stretch",21026,9303
"378","lightgreen",TRUE,0.0431066286244903,7,905,3,0.00331491712707182,0.428571428571429,"GO:0016562","GO:BP","protein import into peroxisome matrix, receptor recycling",21026,5228
"379","lightgreen",TRUE,0.0431066286244903,7,905,3,0.00331491712707182,0.428571428571429,"GO:0071971","GO:BP","extracellular exosome assembly",21026,16782
"380","lightgreen",TRUE,0.0431066286244903,7,905,3,0.00331491712707182,0.428571428571429,"GO:0000972","GO:BP","transcription-dependent tethering of RNA polymerase II gene DNA at nuclear periphery",21026,275
"381","lightgreen",TRUE,0.0431532514566856,81,905,10,0.0110497237569061,0.123456790123457,"GO:0120193","GO:BP","tight junction organization",21026,19291
"382","lightgreen",TRUE,0.0431654338189685,999,905,62,0.0685082872928177,0.0620620620620621,"GO:0007017","GO:BP","microtubule-based process",21026,2612
"383","lightgreen",TRUE,0.0431654338189685,215,905,19,0.0209944751381215,0.0883720930232558,"GO:0045216","GO:BP","cell-cell junction organization",21026,11173
"384","lightgreen",TRUE,0.043393855584035,123,905,13,0.0143646408839779,0.105691056910569,"GO:0007265","GO:BP","Ras protein signal transduction",21026,2779
"385","lightgreen",TRUE,0.0441858436510505,153,905,15,0.0165745856353591,0.0980392156862745,"GO:0007030","GO:BP","Golgi organization",21026,2622
"386","lightgreen",TRUE,0.0443441922993593,109,905,12,0.0132596685082873,0.110091743119266,"GO:0036503","GO:BP","ERAD pathway",21026,9548
"387","lightgreen",TRUE,0.0443683220364754,23,905,5,0.00552486187845304,0.217391304347826,"GO:0010878","GO:BP","cholesterol storage",21026,4447
"388","lightgreen",TRUE,0.0443683220364754,184,905,17,0.0187845303867403,0.0923913043478261,"GO:0016241","GO:BP","regulation of macroautophagy",21026,5158
"389","lightgreen",TRUE,0.0443683220364754,23,905,5,0.00552486187845304,0.217391304347826,"GO:0035357","GO:BP","peroxisome proliferator activated receptor signaling pathway",21026,8932
"390","lightgreen",TRUE,0.0451033857059113,282,905,23,0.025414364640884,0.0815602836879433,"GO:0140014","GO:BP","mitotic nuclear division",21026,19372
"391","lightgreen",TRUE,0.045415005016979,169,905,16,0.0176795580110497,0.0946745562130177,"GO:0051168","GO:BP","nuclear export",21026,13371
"392","lightgreen",TRUE,0.0455477193122894,1022,905,63,0.0696132596685083,0.0616438356164384,"GO:2000145","GO:BP","regulation of cell motility",21026,25054
"393","lightgreen",TRUE,0.0455477193122894,124,905,13,0.0143646408839779,0.104838709677419,"GO:0008286","GO:BP","insulin receptor signaling pathway",21026,3139
"394","lightgreen",TRUE,0.0461853428068475,139,905,14,0.0154696132596685,0.100719424460432,"GO:0000086","GO:BP","G2/M transition of mitotic cell cycle",21026,34
"395","lightgreen",TRUE,0.0462346433189647,69,905,9,0.00994475138121547,0.130434782608696,"GO:0070830","GO:BP","bicellular tight junction assembly",21026,16099
"396","lightgreen",TRUE,0.048328177930555,531,905,37,0.0408839779005525,0.0696798493408663,"GO:0060627","GO:BP","regulation of vesicle-mediated transport",21026,14590
"397","lightgreen",TRUE,0.048328177930555,155,905,15,0.0165745856353591,0.0967741935483871,"GO:0009411","GO:BP","response to UV",21026,3462
"398","lightgreen",TRUE,0.048328177930555,125,905,13,0.0143646408839779,0.104,"GO:1905037","GO:BP","autophagosome organization",21026,23924
"399","lightgreen",TRUE,0.048328177930555,642,905,43,0.0475138121546961,0.0669781931464174,"GO:0120035","GO:BP","regulation of plasma membrane bounded cell projection organization",21026,19209
"400","lightgreen",TRUE,0.0486366022458943,57,905,8,0.00883977900552486,0.140350877192982,"GO:0097479","GO:BP","synaptic vesicle localization",21026,18427
"401","lightgreen",TRUE,0.0486366022458943,57,905,8,0.00883977900552486,0.140350877192982,"GO:0030865","GO:BP","cortical cytoskeleton organization",21026,6909
"402","lightgreen",TRUE,0.0489376494299039,83,905,10,0.0110497237569061,0.120481927710843,"GO:0008088","GO:BP","axo-dendritic transport",21026,3105
"403","lightgreen",TRUE,0.0489376494299039,929,905,58,0.0640883977900552,0.0624327233584499,"GO:0040007","GO:BP","growth",21026,9804
"404","lightgreen",TRUE,0.0489376494299039,3157,905,166,0.183425414364641,0.0525815647766867,"GO:0010605","GO:BP","negative regulation of macromolecule metabolic process",21026,4235
"405","lightgreen",TRUE,0.0493427565189183,606,905,41,0.0453038674033149,0.0676567656765677,"GO:0055080","GO:BP","monoatomic cation homeostasis",21026,14026
"406","lightgreen",TRUE,0.0494383696893804,34,905,6,0.00662983425414365,0.176470588235294,"GO:0009112","GO:BP","nucleobase metabolic process",21026,3267
"407","lightgreen",TRUE,0.0495687030242329,70,905,9,0.00994475138121547,0.128571428571429,"GO:0044773","GO:BP","mitotic DNA damage checkpoint signaling",21026,11002
"408","lightgreen",TRUE,1.06913163336716e-43,12527,946,741,0.783298097251586,0.0591522311806498,"GO:0005737","GO:CC","cytoplasm",22149,304
"409","lightgreen",TRUE,2.09024525490464e-33,5534,946,409,0.432346723044397,0.073906758221901,"GO:0005829","GO:CC","cytosol",22149,367
"410","lightgreen",TRUE,8.41041903158092e-30,17944,946,890,0.940803382663848,0.049598751671868,"GO:0005622","GO:CC","intracellular anatomical structure",22149,232
"411","lightgreen",TRUE,7.43161448508805e-29,14727,946,785,0.829809725158562,0.0533034562368439,"GO:0043231","GO:CC","intracellular membrane-bounded organelle",22149,1845
"412","lightgreen",TRUE,3.61733767505858e-27,4255,946,325,0.343551797040169,0.0763807285546416,"GO:0005654","GO:CC","nucleoplasm",22149,247
"413","lightgreen",TRUE,5.56504603332089e-26,15780,946,814,0.86046511627907,0.0515842839036755,"GO:0043227","GO:CC","membrane-bounded organelle",22149,1841
"414","lightgreen",TRUE,1.18825747246933e-24,16147,946,823,0.869978858350951,0.0509692202885985,"GO:0043229","GO:CC","intracellular organelle",22149,1843
"415","lightgreen",TRUE,1.9007144923308e-23,16936,946,846,0.894291754756871,0.0499527633443552,"GO:0043226","GO:CC","organelle",22149,1840
"416","lightgreen",TRUE,6.84241832768597e-21,6695,946,426,0.450317124735729,0.063629574309186,"GO:0031974","GO:CC","membrane-enclosed lumen",22149,1193
"417","lightgreen",TRUE,6.84241832768597e-21,6695,946,426,0.450317124735729,0.063629574309186,"GO:0043233","GO:CC","organelle lumen",22149,1847
"418","lightgreen",TRUE,6.84241832768597e-21,6695,946,426,0.450317124735729,0.063629574309186,"GO:0070013","GO:CC","intracellular organelle lumen",22149,2334
"419","lightgreen",TRUE,6.15511315427433e-20,4872,946,334,0.353065539112051,0.0685550082101806,"GO:0012505","GO:CC","endomembrane system",22149,666
"420","lightgreen",TRUE,2.53342016766975e-19,3842,946,279,0.29492600422833,0.0726184279021343,"GO:0031090","GO:CC","organelle membrane",22149,1017
"421","lightgreen",TRUE,4.13222464554689e-17,5540,946,357,0.37737843551797,0.0644404332129964,"GO:0031981","GO:CC","nuclear lumen",22149,1198
"422","lightgreen",TRUE,1.75564216059098e-14,1659,946,143,0.151162790697674,0.0861965039180229,"GO:0005794","GO:CC","Golgi apparatus",22149,345
"423","lightgreen",TRUE,9.5715659819921e-14,2251,946,175,0.184989429175476,0.0777432252332297,"GO:0098588","GO:CC","bounding membrane of organelle",22149,3147
"424","lightgreen",TRUE,5.22152361033573e-10,894,946,84,0.0887949260042283,0.0939597315436242,"GO:0016604","GO:CC","nuclear body",22149,744
"425","lightgreen",TRUE,1.52596864755227e-09,9953,946,524,0.553911205073996,0.0526474429820155,"GO:0016020","GO:CC","membrane",22149,699
"426","lightgreen",TRUE,2.37009070124403e-09,1562,946,122,0.128964059196617,0.0781049935979513,"GO:0031984","GO:CC","organelle subcompartment",22149,1201
"427","lightgreen",TRUE,5.24892379872352e-09,1779,946,133,0.140591966173362,0.074761101742552,"GO:1902494","GO:CC","catalytic complex",22149,3602
"428","lightgreen",TRUE,8.68061731534931e-09,2556,946,174,0.183932346723044,0.068075117370892,"GO:0031410","GO:CC","cytoplasmic vesicle",22149,1078
"429","lightgreen",TRUE,9.96642895405508e-09,2562,946,174,0.183932346723044,0.0679156908665105,"GO:0097708","GO:CC","intracellular vesicle",22149,3068
"430","lightgreen",TRUE,9.39508068846692e-08,1083,946,89,0.0940803382663848,0.0821791320406279,"GO:0005768","GO:CC","endosome",22149,323
"431","lightgreen",TRUE,1.66951901907339e-07,1252,946,98,0.103594080338266,0.0782747603833866,"GO:0030659","GO:CC","cytoplasmic vesicle membrane",22149,923
"432","lightgreen",TRUE,1.70766646669079e-07,1271,946,99,0.104651162790698,0.0778914240755311,"GO:0012506","GO:CC","vesicle membrane",22149,667
"433","lightgreen",TRUE,1.99026476436764e-07,4033,946,242,0.255813953488372,0.0600049590875279,"GO:0031982","GO:CC","vesicle",22149,1199
"434","lightgreen",TRUE,9.32284272354117e-07,688,946,62,0.06553911205074,0.0901162790697674,"GO:0000139","GO:CC","Golgi membrane",22149,18
"435","lightgreen",TRUE,2.74282513820179e-06,1329,946,98,0.103594080338266,0.0737396538750941,"GO:0031967","GO:CC","organelle envelope",22149,1187
"436","lightgreen",TRUE,3.56444950557674e-06,419,946,43,0.0454545454545455,0.102625298329356,"GO:0016607","GO:CC","nuclear speck",22149,747
"437","lightgreen",TRUE,3.56444950557674e-06,318,946,36,0.0380549682875264,0.113207547169811,"GO:0030135","GO:CC","coated vesicle",22149,886
"438","lightgreen",TRUE,5.46529392603269e-06,946,946,75,0.0792811839323467,0.0792811839323467,"GO:0140535","GO:CC","intracellular protein-containing complex",22149,3498
"439","lightgreen",TRUE,5.46529392603269e-06,99,946,18,0.0190274841437632,0.181818181818182,"GO:0030117","GO:CC","membrane coat",22149,868
"440","lightgreen",TRUE,5.46529392603269e-06,99,946,18,0.0190274841437632,0.181818181818182,"GO:0048475","GO:CC","coated membrane",22149,2168
"441","lightgreen",TRUE,5.50061402167291e-06,519,946,49,0.0517970401691332,0.0944123314065511,"GO:0005635","GO:CC","nuclear envelope",22149,239
"442","lightgreen",TRUE,9.87776615362341e-06,910,946,72,0.0761099365750529,0.0791208791208791,"GO:1990234","GO:CC","transferase complex",22149,3802
"443","lightgreen",TRUE,1.42179772868961e-05,32,946,10,0.0105708245243129,0.3125,"GO:0070971","GO:CC","endoplasmic reticulum exit site",22149,2521
"444","lightgreen",TRUE,1.5122103610367e-05,10078,946,504,0.53276955602537,0.0500099226036912,"GO:0005634","GO:CC","nucleus",22149,238
"445","lightgreen",TRUE,1.82009946071577e-05,2095,946,135,0.142706131078224,0.0644391408114559,"GO:0005783","GO:CC","endoplasmic reticulum",22149,335
"446","lightgreen",TRUE,1.87514754594541e-05,2001,946,130,0.137420718816068,0.0649675162418791,"GO:0005694","GO:CC","chromosome",22149,279
"447","lightgreen",TRUE,1.87514754594541e-05,389,946,39,0.0412262156448203,0.10025706940874,"GO:0098791","GO:CC","Golgi apparatus subcompartment",22149,3185
"448","lightgreen",TRUE,2.001845577687e-05,1436,946,100,0.105708245243129,0.0696378830083565,"GO:0015630","GO:CC","microtubule cytoskeleton",22149,687
"449","lightgreen",TRUE,2.37244283455708e-05,582,946,51,0.0539112050739958,0.0876288659793814,"GO:0010008","GO:CC","endosome membrane",22149,645
"450","lightgreen",TRUE,2.37244283455708e-05,867,946,68,0.0718816067653277,0.0784313725490196,"GO:0005773","GO:CC","vacuole",22149,327
"451","lightgreen",TRUE,3.4150719880776e-05,200,946,25,0.0264270613107822,0.125,"GO:0030662","GO:CC","coated vesicle membrane",22149,926
"452","lightgreen",TRUE,4.03053722534433e-05,1258,946,89,0.0940803382663848,0.0707472178060413,"GO:0042175","GO:CC","nuclear outer membrane-endoplasmic reticulum membrane network",22149,1742
"453","lightgreen",TRUE,4.40490912380021e-05,63,946,13,0.0137420718816068,0.206349206349206,"GO:0030120","GO:CC","vesicle coat",22149,871
"454","lightgreen",TRUE,5.42229835190109e-05,770,946,61,0.0644820295983087,0.0792207792207792,"GO:0000323","GO:CC","lytic vacuole",22149,50
"455","lightgreen",TRUE,5.42229835190109e-05,770,946,61,0.0644820295983087,0.0792207792207792,"GO:0005764","GO:CC","lysosome",22149,319
"456","lightgreen",TRUE,5.42229835190109e-05,1233,946,87,0.0919661733615222,0.0705596107055961,"GO:0005789","GO:CC","endoplasmic reticulum membrane",22149,341
"457","lightgreen",TRUE,6.09482650779216e-05,321,946,33,0.0348837209302326,0.102803738317757,"GO:0005770","GO:CC","late endosome",22149,325
"458","lightgreen",TRUE,6.29963400132881e-05,1239,946,87,0.0919661733615222,0.0702179176755448,"GO:0098827","GO:CC","endoplasmic reticulum subcompartment",22149,3199
"459","lightgreen",TRUE,9.71681519405607e-05,2474,946,150,0.158562367864693,0.0606305578011318,"GO:0005856","GO:CC","cytoskeleton",22149,386
"460","lightgreen",TRUE,0.000188283885935234,433,946,39,0.0412262156448203,0.0900692840646651,"GO:0031252","GO:CC","cell leading edge",22149,1046
"461","lightgreen",TRUE,0.00018843185630052,6669,946,345,0.364693446088795,0.051731893837157,"GO:0043232","GO:CC","intracellular membraneless organelle",22149,1846
"462","lightgreen",TRUE,0.00018843185630052,6670,946,345,0.364693446088795,0.0517241379310345,"GO:0043228","GO:CC","membraneless organelle",22149,1842
"463","lightgreen",TRUE,0.000220513809046728,268,946,28,0.0295983086680761,0.104477611940299,"GO:0005802","GO:CC","trans-Golgi network",22149,351
"464","lightgreen",TRUE,0.000228048990812743,438,946,39,0.0412262156448203,0.089041095890411,"GO:0005769","GO:CC","early endosome",22149,324
"465","lightgreen",TRUE,0.000384652255142931,1844,946,115,0.121564482029598,0.0623644251626898,"GO:0005739","GO:CC","mitochondrion",22149,305
"466","lightgreen",TRUE,0.000406615602387234,21620,946,940,0.993657505285412,0.0434782608695652,"GO:0110165","GO:CC","cellular anatomical structure",22149,3368
"467","lightgreen",TRUE,0.000463436018718095,453,946,39,0.0412262156448203,0.0860927152317881,"GO:0030133","GO:CC","transport vesicle",22149,884
"468","lightgreen",TRUE,0.000520408484020558,209,946,23,0.0243128964059197,0.110047846889952,"GO:0055037","GO:CC","recycling endosome",22149,2190
"469","lightgreen",TRUE,0.000612187890569473,93,946,14,0.0147991543340381,0.150537634408602,"GO:0010494","GO:CC","cytoplasmic stress granule",22149,664
"470","lightgreen",TRUE,0.000640647061483583,198,946,22,0.0232558139534884,0.111111111111111,"GO:0031901","GO:CC","early endosome membrane",22149,1168
"471","lightgreen",TRUE,0.000702404431554492,6,946,4,0.00422832980972516,0.666666666666667,"GO:0030892","GO:CC","mitotic cohesin complex",22149,965
"472","lightgreen",TRUE,0.00074851959955637,498,946,41,0.0433403805496829,0.0823293172690763,"GO:0005774","GO:CC","vacuolar membrane",22149,328
"473","lightgreen",TRUE,0.000788105178460489,321,946,30,0.0317124735729387,0.0934579439252336,"GO:0031965","GO:CC","nuclear membrane",22149,1185
"474","lightgreen",TRUE,0.000819054692127993,451,946,38,0.040169133192389,0.0842572062084257,"GO:0098852","GO:CC","lytic vacuole membrane",22149,3215
"475","lightgreen",TRUE,0.000819054692127993,451,946,38,0.040169133192389,0.0842572062084257,"GO:0005765","GO:CC","lysosomal membrane",22149,320
"476","lightgreen",TRUE,0.000872954086123628,746,946,55,0.0581395348837209,0.0737265415549598,"GO:0048471","GO:CC","perinuclear region of cytoplasm",22149,2167
"477","lightgreen",TRUE,0.000872954086123628,97,946,14,0.0147991543340381,0.144329896907216,"GO:0005643","GO:CC","nuclear pore",22149,245
"478","lightgreen",TRUE,0.000893456314102692,204,946,22,0.0232558139534884,0.107843137254902,"GO:0030027","GO:CC","lamellipodium",22149,843
"479","lightgreen",TRUE,0.00130676639294796,886,946,62,0.06553911205074,0.0699774266365688,"GO:0005815","GO:CC","microtubule organizing center",22149,355
"480","lightgreen",TRUE,0.00164751892778466,184,946,20,0.0211416490486258,0.108695652173913,"GO:0001726","GO:CC","ruffle",22149,152
"481","lightgreen",TRUE,0.00213182788535791,232,946,23,0.0243128964059197,0.0991379310344828,"GO:0098858","GO:CC","actin-based cell projection",22149,3220
"482","lightgreen",TRUE,0.00217734936424359,146,946,17,0.0179704016913319,0.116438356164384,"GO:0042579","GO:CC","microbody",22149,1758
"483","lightgreen",TRUE,0.00217734936424359,146,946,17,0.0179704016913319,0.116438356164384,"GO:0005777","GO:CC","peroxisome",22149,331
"484","lightgreen",TRUE,0.00225074474925291,189,946,20,0.0211416490486258,0.105820105820106,"GO:0005912","GO:CC","adherens junction",22149,427
"485","lightgreen",TRUE,0.00253827296945039,14,946,5,0.00528541226215645,0.357142857142857,"GO:0044754","GO:CC","autolysosome",22149,2073
"486","lightgreen",TRUE,0.00261177704799261,746,946,53,0.0560253699788584,0.0710455764075067,"GO:0005813","GO:CC","centrosome",22149,353
"487","lightgreen",TRUE,0.00266354404737251,96,946,13,0.0137420718816068,0.135416666666667,"GO:0005798","GO:CC","Golgi-associated vesicle",22149,349
"488","lightgreen",TRUE,0.00317394569585911,180,946,19,0.0200845665961945,0.105555555555556,"GO:0000922","GO:CC","spindle pole",22149,118
"489","lightgreen",TRUE,0.00467526278697914,89,946,12,0.0126849894291755,0.134831460674157,"GO:0120111","GO:CC","neuron projection cytoplasm",22149,3390
"490","lightgreen",TRUE,0.00484588715774745,16,946,5,0.00528541226215645,0.3125,"GO:0030127","GO:CC","COPII vesicle coat",22149,878
"491","lightgreen",TRUE,0.00487462614529589,328,946,28,0.0295983086680761,0.0853658536585366,"GO:0005938","GO:CC","cell cortex",22149,447
"492","lightgreen",TRUE,0.0049985532985926,659,946,47,0.0496828752642706,0.0713201820940819,"GO:0030424","GO:CC","axon",22149,907
"493","lightgreen",TRUE,0.00523446763697316,1404,946,86,0.0909090909090909,0.0612535612535613,"GO:0000785","GO:CC","chromatin",22149,89
"494","lightgreen",TRUE,0.00533953222405967,2441,946,137,0.144820295983087,0.0561245391233101,"GO:0042995","GO:CC","cell projection",22149,1807
"495","lightgreen",TRUE,0.00571124249344764,67,946,10,0.0105708245243129,0.149253731343284,"GO:0005778","GO:CC","peroxisomal membrane",22149,332
"496","lightgreen",TRUE,0.00571124249344764,67,946,10,0.0105708245243129,0.149253731343284,"GO:0031903","GO:CC","microbody membrane",22149,1170
"497","lightgreen",TRUE,0.00596034448048849,253,946,23,0.0243128964059197,0.0909090909090909,"GO:0030658","GO:CC","transport vesicle membrane",22149,922
"498","lightgreen",TRUE,0.00596034448048849,10,946,4,0.00422832980972516,0.4,"GO:0031080","GO:CC","nuclear pore outer ring",22149,1010
"499","lightgreen",TRUE,0.00596034448048849,10,946,4,0.00422832980972516,0.4,"GO:0008278","GO:CC","cohesin complex",22149,484
"500","lightgreen",TRUE,0.0064527389281474,208,946,20,0.0211416490486258,0.0961538461538462,"GO:0030496","GO:CC","midbody",22149,919
"501","lightgreen",TRUE,0.0064527389281474,438,946,34,0.0359408033826638,0.0776255707762557,"GO:0005819","GO:CC","spindle",22149,358
"502","lightgreen",TRUE,0.0064527389281474,404,946,32,0.0338266384778013,0.0792079207920792,"GO:0098687","GO:CC","chromosomal region",22149,3175
"503","lightgreen",TRUE,0.00647676820542533,107,946,13,0.0137420718816068,0.121495327102804,"GO:0030684","GO:CC","preribosome",22149,942
"504","lightgreen",TRUE,0.00730953517141232,323,946,27,0.0285412262156448,0.0835913312693498,"GO:0000151","GO:CC","ubiquitin ligase complex",22149,23
"505","lightgreen",TRUE,0.00750427572313424,2323,946,130,0.137420718816068,0.0559621179509255,"GO:0120025","GO:CC","plasma membrane bounded cell projection",22149,3372
"506","lightgreen",TRUE,0.00817656999402144,59,946,9,0.00951374207188161,0.152542372881356,"GO:0012507","GO:CC","ER to Golgi transport vesicle membrane",22149,668
"507","lightgreen",TRUE,0.00817656999402144,7956,946,386,0.408033826638478,0.0485168426344897,"GO:0032991","GO:CC","protein-containing complex",22149,1311
"508","lightgreen",TRUE,0.00824384613952134,11,946,4,0.00422832980972516,0.363636363636364,"GO:0070938","GO:CC","contractile ring",22149,2519
"509","lightgreen",TRUE,0.00929944770378145,2401,946,133,0.140591966173362,0.0553935860058309,"GO:0030054","GO:CC","cell junction",22149,844
"510","lightgreen",TRUE,0.0116101688906451,474,946,35,0.0369978858350951,0.0738396624472574,"GO:0045177","GO:CC","apical part of cell",22149,2098
"511","lightgreen",TRUE,0.0116101688906451,12,946,4,0.00422832980972516,0.333333333333333,"GO:0042405","GO:CC","nuclear inclusion body",22149,1747
"512","lightgreen",TRUE,0.0116101688906451,220,946,20,0.0211416490486258,0.0909090909090909,"GO:0030136","GO:CC","clathrin-coated vesicle",22149,887
"513","lightgreen",TRUE,0.0116196955988977,285,946,24,0.025369978858351,0.0842105263157895,"GO:0000793","GO:CC","condensed chromosome",22149,93
"514","lightgreen",TRUE,0.0121487604881866,51,946,8,0.00845665961945032,0.156862745098039,"GO:0030118","GO:CC","clathrin coat",22149,869
"515","lightgreen",TRUE,0.0121919710356192,102,946,12,0.0126849894291755,0.117647058823529,"GO:0031970","GO:CC","organelle envelope lumen",22149,1190
"516","lightgreen",TRUE,0.0131000128462683,30,946,6,0.00634249471458774,0.2,"GO:0034399","GO:CC","nuclear periphery",22149,1447
"517","lightgreen",TRUE,0.0137168975333231,90,946,11,0.0116279069767442,0.122222222222222,"GO:0030134","GO:CC","COPII-coated ER to Golgi transport vesicle",22149,885
"518","lightgreen",TRUE,0.0149083192380035,13,946,4,0.00422832980972516,0.307692307692308,"GO:1990909","GO:CC","Wnt signalosome",22149,4012
"519","lightgreen",TRUE,0.0149083192380035,53,946,8,0.00845665961945032,0.150943396226415,"GO:0044232","GO:CC","organelle membrane contact site",22149,1998
"520","lightgreen",TRUE,0.0149083192380035,13,946,4,0.00422832980972516,0.307692307692308,"GO:0030126","GO:CC","COPI vesicle coat",22149,877
"521","lightgreen",TRUE,0.0153870617436997,2,946,2,0.00211416490486258,1,"GO:1990590","GO:CC","ATF1-ATF4 transcription factor complex",22149,3922
"522","lightgreen",TRUE,0.0153870617436997,2,946,2,0.00211416490486258,1,"GO:0034665","GO:CC","integrin alpha1-beta1 complex",22149,1479
"523","lightgreen",TRUE,0.0168364997547457,22,946,5,0.00528541226215645,0.227272727272727,"GO:0005767","GO:CC","secondary lysosome",22149,322
"524","lightgreen",TRUE,0.0168364997547457,93,946,11,0.0116279069767442,0.118279569892473,"GO:0042641","GO:CC","actomyosin",22149,1779
"525","lightgreen",TRUE,0.0177979867381111,526,946,37,0.0391120507399577,0.0703422053231939,"GO:0005911","GO:CC","cell-cell junction",22149,426
"526","lightgreen",TRUE,0.0196334698783201,95,946,11,0.0116279069767442,0.115789473684211,"GO:0032432","GO:CC","actin filament bundle",22149,1270
"527","lightgreen",TRUE,0.0209388866311295,69,946,9,0.00951374207188161,0.130434782608696,"GO:0099023","GO:CC","vesicle tethering complex",22149,3264
"528","lightgreen",TRUE,0.0214091744818083,912,946,57,0.0602536997885835,0.0625,"GO:0070161","GO:CC","anchoring junction",22149,2375
"529","lightgreen",TRUE,0.0229243633290569,426,946,31,0.03276955602537,0.0727699530516432,"GO:0005925","GO:CC","focal adhesion",22149,438
"530","lightgreen",TRUE,0.0231561316233016,172,946,16,0.0169133192389006,0.0930232558139535,"GO:0098862","GO:CC","cluster of actin-based cell projections",22149,3224
"531","lightgreen",TRUE,0.024335032709601,173,946,16,0.0169133192389006,0.092485549132948,"GO:0000776","GO:CC","kinetochore",22149,84
"532","lightgreen",TRUE,0.0244022866743352,2142,946,117,0.123678646934461,0.0546218487394958,"GO:0065010","GO:CC","extracellular membrane-bounded organelle",22149,2333
"533","lightgreen",TRUE,0.0244022866743352,2141,946,117,0.123678646934461,0.0546473610462401,"GO:1903561","GO:CC","extracellular vesicle",22149,3657
"534","lightgreen",TRUE,0.0244022866743352,2142,946,117,0.123678646934461,0.0546218487394958,"GO:0043230","GO:CC","extracellular organelle",22149,1844
"535","lightgreen",TRUE,0.0252714028584319,99,946,11,0.0116279069767442,0.111111111111111,"GO:0005902","GO:CC","microvillus",22149,423
"536","lightgreen",TRUE,0.0274321875962216,8,946,3,0.00317124735729387,0.375,"GO:0070578","GO:CC","RISC-loading complex",22149,2453
"537","lightgreen",TRUE,0.0274321875962216,258,946,21,0.0221987315010571,0.0813953488372093,"GO:0036464","GO:CC","cytoplasmic ribonucleoprotein granule",22149,1683
"538","lightgreen",TRUE,0.0274321875962216,25,946,5,0.00528541226215645,0.2,"GO:0030137","GO:CC","COPI-coated vesicle",22149,888
"539","lightgreen",TRUE,0.0280378087249332,73,946,9,0.00951374207188161,0.123287671232877,"GO:0016234","GO:CC","inclusion body",22149,705
"540","lightgreen",TRUE,0.0291724047273714,210,946,18,0.0190274841437632,0.0857142857142857,"GO:0005681","GO:CC","spliceosomal complex",22149,266
"541","lightgreen",TRUE,0.0291724047273714,277,946,22,0.0232558139534884,0.0794223826714801,"GO:0035770","GO:CC","ribonucleoprotein granule",22149,1603
"542","lightgreen",TRUE,0.0291724047273714,436,946,31,0.03276955602537,0.0711009174311927,"GO:0030055","GO:CC","cell-substrate junction",22149,845
"543","lightgreen",TRUE,0.0293657644743656,178,946,16,0.0169133192389006,0.0898876404494382,"GO:0031902","GO:CC","late endosome membrane",22149,1169
"544","lightgreen",TRUE,0.029617101936161,74,946,9,0.00951374207188161,0.121621621621622,"GO:0032153","GO:CC","cell division site",22149,1226
"545","lightgreen",TRUE,0.0299703838974385,61,946,8,0.00845665961945032,0.131147540983607,"GO:0032420","GO:CC","stereocilium",22149,1267
"546","lightgreen",TRUE,0.0320060475290766,118,946,12,0.0126849894291755,0.101694915254237,"GO:0005776","GO:CC","autophagosome",22149,330
"547","lightgreen",TRUE,0.0320060475290766,263,946,21,0.0221987315010571,0.0798479087452472,"GO:0000775","GO:CC","chromosome, centromeric region",22149,83
"548","lightgreen",TRUE,0.0333555423491561,840,946,52,0.0549682875264271,0.0619047619047619,"GO:0005740","GO:CC","mitochondrial envelope",22149,306
"549","lightgreen",TRUE,0.0333860110274978,534,946,36,0.0380549682875264,0.0674157303370786,"GO:0015629","GO:CC","actin cytoskeleton",22149,686
"550","lightgreen",TRUE,0.03403385862597,17,946,4,0.00422832980972516,0.235294117647059,"GO:0045239","GO:CC","tricarboxylic acid cycle heteromeric enzyme complex",22149,2104
"551","lightgreen",TRUE,0.03403385862597,150,946,14,0.0147991543340381,0.0933333333333333,"GO:0005795","GO:CC","Golgi stack",22149,346
"552","lightgreen",TRUE,0.0341568737204239,2111,946,114,0.120507399577167,0.0540028422548555,"GO:0070062","GO:CC","extracellular exosome",22149,2353
"553","lightgreen",TRUE,0.0341568737204239,3,946,2,0.00211416490486258,0.666666666666667,"GO:0042709","GO:CC","succinate-CoA ligase complex",22149,1789
"554","lightgreen",TRUE,0.0341568737204239,3,946,2,0.00211416490486258,0.666666666666667,"GO:0044611","GO:CC","nuclear pore inner ring",22149,2050
"555","lightgreen",TRUE,0.0341568737204239,3,946,2,0.00211416490486258,0.666666666666667,"GO:0070939","GO:CC","Dsl1/NZR complex",22149,2520
"556","lightgreen",TRUE,0.0341568737204239,27,946,5,0.00528541226215645,0.185185185185185,"GO:0032839","GO:CC","dendrite cytoplasm",22149,1303
"557","lightgreen",TRUE,0.0341568737204239,3,946,2,0.00211416490486258,0.666666666666667,"GO:0043614","GO:CC","multi-eIF complex",22149,1895
"558","lightgreen",TRUE,0.0341568737204239,3,946,2,0.00211416490486258,0.666666666666667,"GO:0032301","GO:CC","MutSalpha complex",22149,1260
"559","lightgreen",TRUE,0.0344874035835175,1448,946,82,0.0866807610993657,0.0566298342541436,"GO:0099080","GO:CC","supramolecular complex",22149,3270
"560","lightgreen",TRUE,0.0372968723831773,185,946,16,0.0169133192389006,0.0864864864864865,"GO:0000779","GO:CC","condensed chromosome, centromeric region",22149,85
"561","lightgreen",TRUE,0.0372968723831773,790,946,49,0.0517970401691332,0.0620253164556962,"GO:0031966","GO:CC","mitochondrial membrane",22149,1186
"562","lightgreen",TRUE,0.0372968723831773,185,946,16,0.0169133192389006,0.0864864864864865,"GO:0072686","GO:CC","mitotic spindle",22149,2751
"563","lightgreen",TRUE,0.0387340252736359,18,946,4,0.00422832980972516,0.222222222222222,"GO:0016282","GO:CC","eukaryotic 43S preinitiation complex",22149,709
"564","lightgreen",TRUE,0.0387340252736359,18,946,4,0.00422832980972516,0.222222222222222,"GO:0030663","GO:CC","COPI-coated vesicle membrane",22149,927
"565","lightgreen",TRUE,0.0425042289840786,109,946,11,0.0116279069767442,0.100917431192661,"GO:0032588","GO:CC","trans-Golgi network membrane",22149,1289
"566","lightgreen",TRUE,0.0434176234468856,29,946,5,0.00528541226215645,0.172413793103448,"GO:0005942","GO:CC","phosphatidylinositol 3-kinase complex",22149,449
"567","lightgreen",TRUE,0.046539354793202,19,946,4,0.00422832980972516,0.210526315789474,"GO:0070993","GO:CC","cytosolic translation preinitiation complex",22149,2524
"568","lightgreen",TRUE,0.0485072585736043,571,946,37,0.0391120507399577,0.0647985989492119,"GO:0019866","GO:CC","organelle inner membrane",22149,800
"569","lightgreen",TRUE,0.0485072585736043,514,946,34,0.0359408033826638,0.066147859922179,"GO:0005759","GO:CC","mitochondrial matrix",22149,314
"570","lightgreen",TRUE,0.0490945732172497,68,946,8,0.00845665961945032,0.117647058823529,"GO:0032421","GO:CC","stereocilium bundle",22149,1268
"571","lightgreen",TRUE,6.57719435584037e-27,15123,937,836,0.892209178228389,0.0552800370296899,"GO:0005515","GO:MF","protein binding",20246,1462
"572","lightgreen",TRUE,6.33503179579403e-17,2107,937,189,0.2017075773746,0.0897009966777409,"GO:0019899","GO:MF","enzyme binding",20246,3492
"573","lightgreen",TRUE,1.25374974661309e-12,6817,937,429,0.457844183564568,0.0629309080240575,"GO:0003824","GO:MF","catalytic activity",20246,356
"574","lightgreen",TRUE,1.14437944793309e-10,1201,937,113,0.12059765208111,0.0940882597835137,"GO:0017111","GO:MF","ribonucleoside triphosphate phosphatase activity",20246,3086
"575","lightgreen",TRUE,2.54864531403915e-10,2558,937,194,0.207043756670224,0.0758405003909304,"GO:1901363","GO:MF","heterocyclic compound binding",20246,9876
"576","lightgreen",TRUE,2.55273473866899e-10,2424,937,186,0.198505869797225,0.0767326732673267,"GO:1901265","GO:MF","nucleoside phosphate binding",20246,9873
"577","lightgreen",TRUE,2.88954268463001e-10,1262,937,115,0.12273212379936,0.0911251980982567,"GO:0016817","GO:MF","hydrolase activity, acting on acid anhydrides",20246,2940
"578","lightgreen",TRUE,2.88954268463001e-10,1262,937,115,0.12273212379936,0.0911251980982567,"GO:0016818","GO:MF","hydrolase activity, acting on acid anhydrides, in phosphorus-containing anhydrides",20246,2941
"579","lightgreen",TRUE,3.73569161540525e-10,6377,937,394,0.420490928495197,0.0617845381840991,"GO:0043167","GO:MF","ion binding",20246,5224
"580","lightgreen",TRUE,4.66896100447193e-10,1261,937,114,0.121664887940235,0.0904044409199048,"GO:0016462","GO:MF","pyrophosphatase activity",20246,2748
"581","lightgreen",TRUE,4.66896100447193e-10,2685,937,199,0.212379935965848,0.0741154562383613,"GO:0043168","GO:MF","anion binding",20246,5225
"582","lightgreen",TRUE,8.40107435723437e-10,2406,937,182,0.194236926360726,0.0756442227763924,"GO:0000166","GO:MF","nucleotide binding",20246,31
"583","lightgreen",TRUE,1.04800168282e-09,2241,937,172,0.183564567769477,0.0767514502454262,"GO:0017076","GO:MF","purine nucleotide binding",20246,3071
"584","lightgreen",TRUE,1.88645486934054e-09,2087,937,162,0.172892209178228,0.0776233828461907,"GO:0035639","GO:MF","purine ribonucleoside triphosphate binding",20246,4867
"585","lightgreen",TRUE,2.13875292626555e-09,6577,937,399,0.425827107790822,0.0606659571233085,"GO:0036094","GO:MF","small molecule binding",20246,4911
"586","lightgreen",TRUE,2.13875292626555e-09,2164,937,166,0.177161152614728,0.0767097966728281,"GO:0032553","GO:MF","ribonucleotide binding",20246,4206
"587","lightgreen",TRUE,2.13875292626555e-09,2147,937,165,0.176093916755603,0.0768514205868654,"GO:0032555","GO:MF","purine ribonucleotide binding",20246,4208
"588","lightgreen",TRUE,9.20396191220021e-08,18498,937,902,0.96264674493063,0.0487620283273867,"GO:0005488","GO:MF","binding",20246,1450
"589","lightgreen",TRUE,2.22396590273457e-07,2536,937,179,0.191035218783351,0.070583596214511,"GO:0097367","GO:MF","carbohydrate derivative binding",20246,8439
"590","lightgreen",TRUE,8.29763514539229e-07,411,937,47,0.0501600853788687,0.114355231143552,"GO:0016887","GO:MF","ATP hydrolysis activity",20246,2998
"591","lightgreen",TRUE,9.02983441473265e-07,1651,937,126,0.134471718249733,0.0763173834039976,"GO:0030554","GO:MF","adenyl nucleotide binding",20246,3707
"592","lightgreen",TRUE,9.02983441473265e-07,1516,937,118,0.125933831376734,0.0778364116094987,"GO:0005524","GO:MF","ATP binding",20246,1470
"593","lightgreen",TRUE,9.83786101446224e-07,285,937,37,0.0394877267876201,0.129824561403509,"GO:0031267","GO:MF","small GTPase binding",20246,3862
"594","lightgreen",TRUE,1.72804710508405e-06,317,937,39,0.0416221985058698,0.123028391167192,"GO:0051020","GO:MF","GTPase binding",20246,7372
"595","lightgreen",TRUE,1.93618891920914e-06,1339,937,106,0.113127001067236,0.0791635548917102,"GO:0030234","GO:MF","enzyme regulator activity",20246,3618
"596","lightgreen",TRUE,1.93618891920914e-06,1558,937,119,0.127001067235859,0.076379974326059,"GO:0032559","GO:MF","adenyl ribonucleotide binding",20246,4212
"597","lightgreen",TRUE,4.43587240629222e-06,626,937,60,0.064034151547492,0.0958466453674121,"GO:0140657","GO:MF","ATP-dependent activity",20246,9453
"598","lightgreen",TRUE,6.05978802551292e-06,2594,937,175,0.186766275346852,0.0674633770239013,"GO:0016740","GO:MF","transferase activity",20246,2879
"599","lightgreen",TRUE,9.31119477776396e-06,717,937,65,0.0693703308431163,0.0906555090655509,"GO:0019901","GO:MF","protein kinase binding",20246,3494
"600","lightgreen",TRUE,9.62059621822954e-06,796,937,70,0.0747065101387407,0.0879396984924623,"GO:0019900","GO:MF","kinase binding",20246,3493
"601","lightgreen",TRUE,1.21516602573803e-05,499,937,50,0.0533617929562433,0.100200400801603,"GO:0030695","GO:MF","GTPase regulator activity",20246,3749
"602","lightgreen",TRUE,1.21516602573803e-05,499,937,50,0.0533617929562433,0.100200400801603,"GO:0060589","GO:MF","nucleoside-triphosphatase regulator activity",20246,7760
"603","lightgreen",TRUE,1.53362505480135e-05,3255,937,208,0.221985058697972,0.0639016897081413,"GO:0016787","GO:MF","hydrolase activity",20246,2918
"604","lightgreen",TRUE,7.39554023409743e-05,796,937,67,0.0715048025613661,0.0841708542713568,"GO:0003924","GO:MF","GTPase activity",20246,434
"605","lightgreen",TRUE,0.000108097680025616,335,937,36,0.0384204909284952,0.107462686567164,"GO:0045296","GO:MF","cadherin binding",20246,5563
"606","lightgreen",TRUE,0.000155274718383616,655,937,57,0.0608324439701174,0.0870229007633588,"GO:0019904","GO:MF","protein domain specific binding",20246,3497
"607","lightgreen",TRUE,0.000168608741730961,564,937,51,0.0544290288153682,0.0904255319148936,"GO:0050839","GO:MF","cell adhesion molecule binding",20246,7357
"608","lightgreen",TRUE,0.000191868817306373,645,937,56,0.0597652081109925,0.0868217054263566,"GO:0140640","GO:MF","catalytic activity, acting on a nucleic acid",20246,9450
"609","lightgreen",TRUE,0.000328643067865445,610,937,53,0.0565635005336179,0.0868852459016393,"GO:0008047","GO:MF","enzyme activator activity",20246,1502
"610","lightgreen",TRUE,0.000331955825152673,76,937,14,0.0149413020277481,0.184210526315789,"GO:0003724","GO:MF","RNA helicase activity",20246,334
"611","lightgreen",TRUE,0.000331955825152673,119,937,18,0.0192102454642476,0.151260504201681,"GO:0032182","GO:MF","ubiquitin-like protein binding",20246,4162
"612","lightgreen",TRUE,0.000331955825152673,1314,937,95,0.101387406616862,0.0722983257229833,"GO:0044877","GO:MF","protein-containing complex binding",20246,5529
"613","lightgreen",TRUE,0.000413373653094271,169,937,22,0.0234791889007471,0.130177514792899,"GO:0120545","GO:MF","nucleic acid conformation isomerase activity",20246,9244
"614","lightgreen",TRUE,0.000420183272335564,78,937,14,0.0149413020277481,0.179487179487179,"GO:0008186","GO:MF","ATP-dependent activity, acting on RNA",20246,1567
"615","lightgreen",TRUE,0.000461573775467846,100,937,16,0.0170757737459979,0.16,"GO:0043130","GO:MF","ubiquitin binding",20246,5219
"616","lightgreen",TRUE,0.000585183008619768,2849,937,177,0.188900747065101,0.0621270621270621,"GO:0140096","GO:MF","catalytic activity, acting on a protein",20246,9292
"617","lightgreen",TRUE,0.000617746264493829,857,937,67,0.0715048025613661,0.0781796966161027,"GO:0008289","GO:MF","lipid binding",20246,1613
"618","lightgreen",TRUE,0.000807456587490933,44,937,10,0.0106723585912487,0.227272727272727,"GO:0046915","GO:MF","transition metal ion transmembrane transporter activity",20246,5714
"619","lightgreen",TRUE,0.0008380776415175,73,937,13,0.0138740661686233,0.178082191780822,"GO:0003725","GO:MF","double-stranded RNA binding",20246,335
"620","lightgreen",TRUE,0.00128581827359918,411,937,38,0.0405549626467449,0.0924574209245742,"GO:0140098","GO:MF","catalytic activity, acting on RNA",20246,9294
"621","lightgreen",TRUE,0.0014187595072215,1176,937,84,0.0896478121664888,0.0714285714285714,"GO:0016772","GO:MF","transferase activity, transferring phosphorus-containing groups",20246,2905
"622","lightgreen",TRUE,0.0014380207161525,491,937,43,0.0458911419423693,0.0875763747454175,"GO:0005543","GO:MF","phospholipid binding",20246,1480
"623","lightgreen",TRUE,0.00149657860834174,16,937,6,0.0064034151547492,0.375,"GO:0035613","GO:MF","RNA stem-loop binding",20246,4864
"624","lightgreen",TRUE,0.00179538990354949,6,937,4,0.00426894343649947,0.666666666666667,"GO:0015093","GO:MF","ferrous iron transmembrane transporter activity",20246,2262
"625","lightgreen",TRUE,0.00234050233857904,599,937,49,0.0522945570971185,0.0818030050083473,"GO:0008134","GO:MF","transcription factor binding",20246,1541
"626","lightgreen",TRUE,0.00306470889656023,280,937,28,0.0298826040554963,0.1,"GO:0035091","GO:MF","phosphatidylinositol binding",20246,4788
"627","lightgreen",TRUE,0.00335892161804891,253,937,26,0.0277481323372465,0.102766798418972,"GO:0003713","GO:MF","transcription coactivator activity",20246,330
"628","lightgreen",TRUE,0.00380332647381425,159,937,19,0.0202774813233725,0.119496855345912,"GO:0004386","GO:MF","helicase activity",20246,720
"629","lightgreen",TRUE,0.00431680147715002,174,937,20,0.0213447171824973,0.114942528735632,"GO:0043021","GO:MF","ribonucleoprotein complex binding",20246,5206
"630","lightgreen",TRUE,0.00517532729968243,290,937,28,0.0298826040554963,0.096551724137931,"GO:0120543","GO:MF","macromolecular conformation isomerase activity",20246,9242
"631","lightgreen",TRUE,0.00566138009763778,1001,937,71,0.0757737459978655,0.0709290709290709,"GO:0008092","GO:MF","cytoskeletal protein binding",20246,1514
"632","lightgreen",TRUE,0.00598027417871386,778,937,58,0.0618996798292423,0.0745501285347044,"GO:0016746","GO:MF","acyltransferase activity",20246,2884
"633","lightgreen",TRUE,0.00598027417871386,235,937,24,0.0256136606189968,0.102127659574468,"GO:0005085","GO:MF","guanyl-nucleotide exchange factor activity",20246,1241
"634","lightgreen",TRUE,0.00608105628469162,324,937,30,0.032017075773746,0.0925925925925926,"GO:0019003","GO:MF","GDP binding",20246,3351
"635","lightgreen",TRUE,0.00712062624001878,389,937,34,0.0362860192102455,0.0874035989717224,"GO:0003729","GO:MF","mRNA binding",20246,338
"636","lightgreen",TRUE,0.00717638550122813,4396,937,247,0.263607257203842,0.0561874431301183,"GO:0046872","GO:MF","metal ion binding",20246,5702
"637","lightgreen",TRUE,0.00828980659323395,1000,937,70,0.0747065101387407,0.07,"GO:0016301","GO:MF","kinase activity",20246,2705
"638","lightgreen",TRUE,0.00857538024947613,4,937,3,0.0032017075773746,0.75,"GO:1902945","GO:MF","metalloendopeptidase activity involved in amyloid precursor protein catabolic process",20246,9927
"639","lightgreen",TRUE,0.00873397443526081,60,937,10,0.0106723585912487,0.166666666666667,"GO:0098531","GO:MF","ligand-modulated transcription factor activity",20246,8479
"640","lightgreen",TRUE,0.0101763718504645,275,937,26,0.0277481323372465,0.0945454545454545,"GO:0005096","GO:MF","GTPase activator activity",20246,1247
"641","lightgreen",TRUE,0.0104829500107025,306,937,28,0.0298826040554963,0.0915032679738562,"GO:0031625","GO:MF","ubiquitin protein ligase binding",20246,3901
"642","lightgreen",TRUE,0.0106146785337664,41,937,8,0.00853788687299893,0.195121951219512,"GO:0043175","GO:MF","RNA polymerase core enzyme binding",20246,5227
"643","lightgreen",TRUE,0.0106488795352934,906,937,64,0.0683030949839915,0.0706401766004415,"GO:0016773","GO:MF","phosphotransferase activity, alcohol group as acceptor",20246,2906
"644","lightgreen",TRUE,0.0115242621731265,324,937,29,0.0309498399146211,0.0895061728395062,"GO:0044389","GO:MF","ubiquitin-like protein ligase binding",20246,5482
"645","lightgreen",TRUE,0.0120825885710459,452,937,37,0.0394877267876201,0.081858407079646,"GO:0016853","GO:MF","isomerase activity",20246,2970
"646","lightgreen",TRUE,0.0125748334764625,636,937,48,0.0512273212379936,0.0754716981132075,"GO:0003682","GO:MF","chromatin binding",20246,316
"647","lightgreen",TRUE,0.0137221519385255,4495,937,249,0.265741728922092,0.0553948832035595,"GO:0043169","GO:MF","cation binding",20246,5226
"648","lightgreen",TRUE,0.0143735127784835,2182,937,132,0.140875133404482,0.0604949587534372,"GO:0042802","GO:MF","identical protein binding",20246,5147
"649","lightgreen",TRUE,0.0146174751048371,10,937,4,0.00426894343649947,0.4,"GO:0005381","GO:MF","iron ion transmembrane transporter activity",20246,1422
"650","lightgreen",TRUE,0.0146174751048371,442,937,36,0.0384204909284952,0.081447963800905,"GO:0003779","GO:MF","actin binding",20246,348
"651","lightgreen",TRUE,0.0151455871815576,25,937,6,0.0064034151547492,0.24,"GO:0017056","GO:MF","structural constituent of nuclear pore",20246,3060
"652","lightgreen",TRUE,0.0168654048568054,1034,937,70,0.0747065101387407,0.0676982591876209,"GO:0030674","GO:MF","protein-macromolecule adaptor activity",20246,3748
"653","lightgreen",TRUE,0.0169576650291352,5,937,3,0.0032017075773746,0.6,"GO:0043559","GO:MF","insulin binding",20246,5278
"654","lightgreen",TRUE,0.0170476654756327,614,937,46,0.0490928495197439,0.0749185667752443,"GO:0005525","GO:MF","GTP binding",20246,1471
"655","lightgreen",TRUE,0.0180642654306602,515,937,40,0.0426894343649947,0.0776699029126214,"GO:0019787","GO:MF","ubiquitin-like protein transferase activity",20246,3456
"656","lightgreen",TRUE,0.0180642654306602,651,937,48,0.0512273212379936,0.0737327188940092,"GO:0032561","GO:MF","guanyl ribonucleotide binding",20246,4214
"657","lightgreen",TRUE,0.0180642654306602,651,937,48,0.0512273212379936,0.0737327188940092,"GO:0019001","GO:MF","guanyl nucleotide binding",20246,3349
"658","lightgreen",TRUE,0.0183368274082147,533,937,41,0.0437566702241195,0.0769230769230769,"GO:0016755","GO:MF","aminoacyltransferase activity",20246,2893
"659","lightgreen",TRUE,0.0186558762499657,18,937,5,0.00533617929562433,0.277777777777778,"GO:1901567","GO:MF","fatty acid derivative binding",20246,9886
"660","lightgreen",TRUE,0.0194098805920176,36,937,7,0.00747065101387407,0.194444444444444,"GO:0000993","GO:MF","RNA polymerase II complex binding",20246,120
"661","lightgreen",TRUE,0.0194479730689381,11,937,4,0.00426894343649947,0.363636363636364,"GO:0140666","GO:MF","annealing activity",20246,9462
"662","lightgreen",TRUE,0.0205695619479936,2542,937,149,0.159018143009605,0.0586152635719906,"GO:0003677","GO:MF","DNA binding",20246,312
"663","lightgreen",TRUE,0.021297679594142,58,937,9,0.0096051227321238,0.155172413793103,"GO:0070063","GO:MF","RNA polymerase binding",20246,7971
"664","lightgreen",TRUE,0.0220376527148043,557,937,42,0.0448239060832444,0.0754039497307002,"GO:0004674","GO:MF","protein serine/threonine kinase activity",20246,949
"665","lightgreen",TRUE,0.0228231342036873,19,937,5,0.00533617929562433,0.263157894736842,"GO:0120227","GO:MF","acyl-CoA binding",20246,9187
"666","lightgreen",TRUE,0.0233641501152795,59,937,9,0.0096051227321238,0.152542372881356,"GO:0004879","GO:MF","nuclear receptor activity",20246,1114
"667","lightgreen",TRUE,0.0240284601516517,786,937,55,0.0586979722518677,0.0699745547073791,"GO:0004672","GO:MF","protein kinase activity",20246,947
"668","lightgreen",TRUE,0.0261005492803322,12,937,4,0.00426894343649947,0.333333333333333,"GO:0045295","GO:MF","gamma-catenin binding",20246,5562
"669","lightgreen",TRUE,0.0282666676944501,85,937,11,0.0117395944503735,0.129411764705882,"GO:0003727","GO:MF","single-stranded RNA binding",20246,337
"670","lightgreen",TRUE,0.0295880447852569,1212,937,78,0.0832443970117396,0.0643564356435644,"GO:0060090","GO:MF","molecular adaptor activity",20246,7751
"671","lightgreen",TRUE,0.0304100046945264,242,937,22,0.0234791889007471,0.0909090909090909,"GO:0042393","GO:MF","histone binding",20246,5113
"672","lightgreen",TRUE,0.0304100046945264,86,937,11,0.0117395944503735,0.127906976744186,"GO:0030165","GO:MF","PDZ domain binding",20246,3605
"673","lightgreen",TRUE,0.0308443707692198,2,937,2,0.00213447171824973,1,"GO:0032143","GO:MF","single thymine insertion binding",20246,4159
"674","lightgreen",TRUE,0.0308443707692198,485,937,37,0.0394877267876201,0.0762886597938144,"GO:0004842","GO:MF","ubiquitin-protein transferase activity",20246,1083
"675","lightgreen",TRUE,0.0308443707692198,2,937,2,0.00213447171824973,1,"GO:0002153","GO:MF","steroid receptor RNA activator RNA binding",20246,296
"676","lightgreen",TRUE,0.0308443707692198,2,937,2,0.00213447171824973,1,"GO:0001147","GO:MF","transcription termination site sequence-specific DNA binding",20246,158
"677","lightgreen",TRUE,0.0316649840155227,51,937,8,0.00853788687299893,0.156862745098039,"GO:0140313","GO:MF","molecular sequestering activity",20246,9340
"678","lightgreen",TRUE,0.0329646852109852,13,937,4,0.00426894343649947,0.307692307692308,"GO:0005095","GO:MF","GTPase inhibitor activity",20246,1246
"679","lightgreen",TRUE,0.0421386205523752,7,937,3,0.0032017075773746,0.428571428571429,"GO:0005375","GO:MF","copper ion transmembrane transporter activity",20246,1421
"680","lightgreen",TRUE,0.0433036434917317,32,937,6,0.0064034151547492,0.1875,"GO:0030515","GO:MF","snoRNA binding",20246,3693
"681","lightgreen",TRUE,0.0441588049146691,54,937,8,0.00853788687299893,0.148148148148148,"GO:0051018","GO:MF","protein kinase A binding",20246,7370
"682","lightgreen",TRUE,0.0463447993844142,191,937,18,0.0192102454642476,0.0942408376963351,"GO:0019902","GO:MF","phosphatase binding",20246,3495
"683","lightgreen",TRUE,0.0476180698576573,23,937,5,0.00533617929562433,0.217391304347826,"GO:0016780","GO:MF","phosphotransferase activity, for other substituted phosphate groups",20246,2912
"684","lightgreen",TRUE,0.0482079506192691,67,937,9,0.0096051227321238,0.134328358208955,"GO:0032934","GO:MF","sterol binding",20246,4237
"685","lightgreen",TRUE,0.00201435257346668,2555,341,216,0.633431085043988,0.0845401174168297,"HP:0011804","HP","Abnormal muscle physiology",5080,8167
"686","lightgreen",TRUE,0.00557498121729885,797,341,84,0.24633431085044,0.105395232120452,"HP:0012444","HP","Brain atrophy",5080,8794
"687","lightgreen",TRUE,0.00557498121729885,74,341,17,0.0498533724340176,0.22972972972973,"HP:0001402","HP","Hepatocellular carcinoma",5080,1046
"688","lightgreen",TRUE,0.00557498121729885,1799,341,160,0.469208211143695,0.0889382990550306,"HP:0025792","HP","Abnormal cognitive process",5080,10223
"689","lightgreen",TRUE,0.00557498121729885,3790,341,288,0.844574780058651,0.0759894459102902,"HP:0033127","HP","Abnormality of the musculoskeletal system",5080,13251
"690","lightgreen",TRUE,0.00557498121729885,1715,341,153,0.448680351906158,0.0892128279883382,"HP:4000072","HP","Abnormal language feature",5080,17510
"691","lightgreen",TRUE,0.00557498121729885,1715,341,153,0.448680351906158,0.0892128279883382,"HP:0002167","HP","Abnormal speech pattern",5080,1587
"692","lightgreen",TRUE,0.00583691408532994,1762,341,156,0.457478005865103,0.0885357548240636,"HP:0034434","HP","Abnormal communication",5080,14544
"693","lightgreen",TRUE,0.00618543842911314,884,341,90,0.263929618768328,0.101809954751131,"HP:0007367","HP","Atrophy/Degeneration affecting the central nervous system",5080,4684
"694","lightgreen",TRUE,0.00618543842911314,48,341,13,0.0381231671554252,0.270833333333333,"HP:0008151","HP","Prolonged prothrombin time",5080,5139
"695","lightgreen",TRUE,0.00796419514806142,2494,341,205,0.601173020527859,0.0821972734562951,"HP:0012758","HP","Neurodevelopmental delay",5080,9104
"696","lightgreen",TRUE,0.009328725570948,51,341,13,0.0381231671554252,0.254901960784314,"HP:0032199","HP","Abnormal prothrombin time",5080,12352
"697","lightgreen",TRUE,0.009328725570948,2192,341,184,0.539589442815249,0.0839416058394161,"HP:0003808","HP","Abnormal muscle tone",5080,2677
"698","lightgreen",TRUE,0.0104765195087432,2088,341,176,0.516129032258065,0.0842911877394636,"HP:0002060","HP","Abnormal cerebral morphology",5080,1505
"699","lightgreen",TRUE,0.0104765195087432,1141,341,108,0.316715542521994,0.0946538124452235,"HP:0001276","HP","Hypertonia",5080,967
"700","lightgreen",TRUE,0.0104765195087432,2894,341,230,0.674486803519062,0.0794747753973739,"HP:0012759","HP","Neurodevelopmental abnormality",5080,9105
"701","lightgreen",TRUE,0.0104765195087432,1974,341,168,0.49266862170088,0.0851063829787234,"HP:0001263","HP","Global developmental delay",5080,956
"702","lightgreen",TRUE,0.0104765195087432,2671,341,215,0.63049853372434,0.0804941969299888,"HP:0012443","HP","Abnormal brain morphology",5080,8793
"703","lightgreen",TRUE,0.0104765195087432,53,341,13,0.0381231671554252,0.245283018867925,"HP:0012200","HP","Abnormality of prothrombin",5080,8556
"704","lightgreen",TRUE,0.0156130387229759,2901,341,229,0.671554252199413,0.0789382971389176,"HP:0003011","HP","Abnormality of the musculature",5080,2167
"705","lightgreen",TRUE,0.02124393089218,700,341,72,0.211143695014663,0.102857142857143,"HP:0007369","HP","Atrophy/Degeneration affecting the cerebrum",5080,4685
"706","lightgreen",TRUE,0.022423010571978,2119,341,176,0.516129032258065,0.0830580462482303,"HP:0100547","HP","Abnormal forebrain morphology",5080,16202
"707","lightgreen",TRUE,0.0289133396048398,3193,341,246,0.721407624633431,0.0770435327278422,"HP:0011446","HP","Abnormality of mental function",5080,7814
"708","lightgreen",TRUE,0.0391140101316396,484,341,53,0.155425219941349,0.109504132231405,"HP:0009830","HP","Peripheral neuropathy",5080,6292
"709","lightgreen",TRUE,0.0391140101316396,679,341,69,0.202346041055718,0.101620029455081,"HP:0002059","HP","Cerebral atrophy",5080,1504
"710","lightgreen",TRUE,0.0451464468436479,2369,341,191,0.560117302052786,0.0806247361756015,"HP:0025032","HP","Abnormality of digestive system physiology",5080,9515
"711","lightgreen",TRUE,0.0451765693675609,3784,341,281,0.824046920821114,0.0742600422832981,"HP:0012638","HP","Abnormal nervous system physiology",5080,8985
"712","lightgreen",TRUE,5.91970171558202e-44,7050,675,593,0.878518518518518,0.084113475177305,"HPA:0400051","HPA","Rectum; glandular cells[≥Low]",10995,577
"713","lightgreen",TRUE,1.54863730387347e-43,7957,675,630,0.933333333333333,0.0791755686816639,"HPA:0400000","HPA","Rectum",10995,558
"714","lightgreen",TRUE,1.54863730387347e-43,7391,675,607,0.899259259259259,0.0821269111081045,"HPA:0350000","HPA","Pancreas",10995,514
"715","lightgreen",TRUE,1.54863730387347e-43,6983,675,588,0.871111111111111,0.0842044966346842,"HPA:0130051","HPA","Colon; glandular cells[≥Low]",10995,231
"716","lightgreen",TRUE,1.54863730387347e-43,6601,675,570,0.844444444444444,0.0863505529465233,"HPA:0220052","HPA","Gallbladder; glandular cells[≥Medium]",10995,362
"717","lightgreen",TRUE,1.54863730387347e-43,7884,675,627,0.928888888888889,0.0795281582952816,"HPA:0150000","HPA","Duodenum",10995,256
"718","lightgreen",TRUE,4.08987870978964e-42,7862,675,624,0.924444444444444,0.0793691172729585,"HPA:0480000","HPA","Small intestine",10995,740
"719","lightgreen",TRUE,6.5307660875998e-42,7111,675,591,0.875555555555556,0.0831106736042751,"HPA:0590051","HPA","Thyroid gland; glandular cells[≥Low]",10995,854
"720","lightgreen",TRUE,6.5307660875998e-42,7111,675,591,0.875555555555556,0.0831106736042751,"HPA:0590000","HPA","Thyroid gland",10995,853
"721","lightgreen",TRUE,1.98247748379806e-41,7065,675,588,0.871111111111111,0.0832271762208068,"HPA:0480051","HPA","Small intestine; glandular cells[≥Low]",10995,753
"722","lightgreen",TRUE,2.7403298696337e-41,7093,675,589,0.872592592592593,0.0830396165233329,"HPA:0150051","HPA","Duodenum; glandular cells[≥Low]",10995,272
"723","lightgreen",TRUE,4.66644217661665e-41,7643,675,613,0.908148148148148,0.0802041083344237,"HPA:0220051","HPA","Gallbladder; glandular cells[≥Low]",10995,361
"724","lightgreen",TRUE,4.66644217661665e-41,7643,675,613,0.908148148148148,0.0802041083344237,"HPA:0220000","HPA","Gallbladder",10995,360
"725","lightgreen",TRUE,6.80203637063034e-41,7397,675,602,0.891851851851852,0.0813843450047316,"HPA:0020051","HPA","Adrenal gland; glandular cells[≥Low]",10995,16
"726","lightgreen",TRUE,9.96829827973723e-41,7404,675,602,0.891851851851852,0.0813074014046461,"HPA:0020000","HPA","Adrenal gland",10995,6
"727","lightgreen",TRUE,2.39181713598274e-40,7286,675,596,0.882962962962963,0.0818007136975021,"HPA:0610831","HPA","Urinary bladder; urothelial cells[≥Low]",10995,868
"728","lightgreen",TRUE,2.39181713598274e-40,7286,675,596,0.882962962962963,0.0818007136975021,"HPA:0610000","HPA","Urinary bladder",10995,867
"729","lightgreen",TRUE,2.13209170438564e-39,7592,675,608,0.900740740740741,0.0800842992623814,"HPA:0550000","HPA","Stomach 2",10995,801
"730","lightgreen",TRUE,2.13209170438564e-39,7592,675,608,0.900740740740741,0.0800842992623814,"HPA:0550051","HPA","Stomach 2; glandular cells[≥Low]",10995,802
"731","lightgreen",TRUE,3.2149887606778e-39,7007,675,581,0.860740740740741,0.0829170829170829,"HPA:0270361","HPA","Kidney; cells in tubules[≥Low]",10995,414
"732","lightgreen",TRUE,3.2320018364301e-39,7647,675,610,0.903703703703704,0.0797698443834183,"HPA:0540051","HPA","Stomach 1; glandular cells[≥Low]",10995,798
"733","lightgreen",TRUE,3.2320018364301e-39,7647,675,610,0.903703703703704,0.0797698443834183,"HPA:0540000","HPA","Stomach 1",10995,797
"734","lightgreen",TRUE,2.86364809931251e-38,8322,675,636,0.942222222222222,0.076423936553713,"HPA:0130000","HPA","Colon",10995,212
"735","lightgreen",TRUE,2.92068564366772e-38,6095,675,533,0.78962962962963,0.0874487284659557,"HPA:0150052","HPA","Duodenum; glandular cells[≥Medium]",10995,273
"736","lightgreen",TRUE,4.82418129963439e-38,6929,675,575,0.851851851851852,0.0829845576562274,"HPA:0350471","HPA","Pancreas; exocrine glandular cells[≥Low]",10995,515
"737","lightgreen",TRUE,5.94623620678488e-38,5614,675,506,0.74962962962963,0.0901318133238333,"HPA:0351181","HPA","Pancreas; pancreatic endocrine cells[≥Low]",10995,518
"738","lightgreen",TRUE,9.9165668377999e-38,6738,675,565,0.837037037037037,0.0838527753042446,"HPA:0030051","HPA","Appendix; glandular cells[≥Low]",10995,38
"739","lightgreen",TRUE,1.24537388531381e-37,6905,675,573,0.848888888888889,0.0829833454018827,"HPA:0170000","HPA","Endometrium 2",10995,313
"740","lightgreen",TRUE,2.20450333032127e-37,6712,675,563,0.834074074074074,0.0838796185935638,"HPA:0170051","HPA","Endometrium 2; glandular cells[≥Low]",10995,317
"741","lightgreen",TRUE,2.8163976261292e-37,7170,675,585,0.866666666666667,0.0815899581589958,"HPA:0050000","HPA","Breast",10995,54
"742","lightgreen",TRUE,2.94612679258857e-37,7322,675,592,0.877037037037037,0.0808522261677137,"HPA:0180051","HPA","Epididymis; glandular cells[≥Low]",10995,321
"743","lightgreen",TRUE,2.94612679258857e-37,7322,675,592,0.877037037037037,0.0808522261677137,"HPA:0180000","HPA","Epididymis",10995,320
"744","lightgreen",TRUE,3.27328178065613e-37,7500,675,600,0.888888888888889,0.08,"HPA:0380000","HPA","Placenta",10995,532
"745","lightgreen",TRUE,4.28311986647319e-37,6806,675,567,0.84,0.0833088451366441,"HPA:0160051","HPA","Endometrium 1; glandular cells[≥Low]",10995,310
"746","lightgreen",TRUE,4.47845993785893e-37,8216,675,630,0.933333333333333,0.0766796494644596,"HPA:0270000","HPA","Kidney",10995,407
"747","lightgreen",TRUE,8.05699355035931e-37,7043,675,578,0.856296296296296,0.0820673008661082,"HPA:0160000","HPA","Endometrium 1",10995,306
"748","lightgreen",TRUE,1.00643413710006e-36,7817,675,613,0.908148148148148,0.078418830753486,"HPA:0030000","HPA","Appendix",10995,22
"749","lightgreen",TRUE,1.00643413710006e-36,6662,675,559,0.828148148148148,0.0839087361152807,"HPA:0390051","HPA","Prostate; glandular cells[≥Low]",10995,555
"750","lightgreen",TRUE,1.00643413710006e-36,6662,675,559,0.828148148148148,0.0839087361152807,"HPA:0390000","HPA","Prostate",10995,554
"751","lightgreen",TRUE,1.53579053018544e-36,6911,675,571,0.845925925925926,0.0826219071046158,"HPA:0630000","HPA","Cervix",10995,201
"752","lightgreen",TRUE,3.69075088817691e-36,5814,675,513,0.76,0.0882352941176471,"HPA:0270362","HPA","Kidney; cells in tubules[≥Medium]",10995,415
"753","lightgreen",TRUE,5.12005950791128e-36,6095,675,528,0.782222222222222,0.0866283839212469,"HPA:0400052","HPA","Rectum; glandular cells[≥Medium]",10995,578
"754","lightgreen",TRUE,1.66958353934499e-35,6284,675,537,0.795555555555556,0.0854551241247613,"HPA:0290000","HPA","Liver",10995,436
"755","lightgreen",TRUE,7.73816429357028e-35,5975,675,519,0.768888888888889,0.0868619246861925,"HPA:0130052","HPA","Colon; glandular cells[≥Medium]",10995,232
"756","lightgreen",TRUE,8.92586711269622e-35,6799,675,562,0.832592592592593,0.0826592145903809,"HPA:0050051","HPA","Breast; glandular cells[≥Low]",10995,58
"757","lightgreen",TRUE,1.29935985201568e-34,6058,675,523,0.774814814814815,0.0863321228128095,"HPA:0480052","HPA","Small intestine; glandular cells[≥Medium]",10995,754
"758","lightgreen",TRUE,4.57684177852375e-34,6888,675,565,0.837037037037037,0.0820267131242741,"HPA:0420000","HPA","Salivary gland",10995,614
"759","lightgreen",TRUE,4.57684177852375e-34,6888,675,565,0.837037037037037,0.0820267131242741,"HPA:0420051","HPA","Salivary gland; glandular cells[≥Low]",10995,615
"760","lightgreen",TRUE,6.30750029366343e-33,6814,675,559,0.828148148148148,0.0820369826827121,"HPA:0430000","HPA","Seminal vesicle",10995,618
"761","lightgreen",TRUE,6.30750029366343e-33,6814,675,559,0.828148148148148,0.0820369826827121,"HPA:0430051","HPA","Seminal vesicle; glandular cells[≥Low]",10995,619
"762","lightgreen",TRUE,6.73894598141077e-33,7454,675,590,0.874074074074074,0.0791521330829085,"HPA:0210000","HPA","Fallopian tube",10995,341
"763","lightgreen",TRUE,1.01450306783453e-32,6666,675,551,0.816296296296296,0.0826582658265827,"HPA:0190221","HPA","Esophagus; squamous epithelial cells[≥Low]",10995,325
"764","lightgreen",TRUE,1.01450306783453e-32,6666,675,551,0.816296296296296,0.0826582658265827,"HPA:0190000","HPA","Esophagus",10995,324
"765","lightgreen",TRUE,2.11713819138516e-32,5947,675,512,0.758518518518518,0.0860938288212544,"HPA:0610832","HPA","Urinary bladder; urothelial cells[≥Medium]",10995,869
"766","lightgreen",TRUE,7.83385310516579e-32,6246,675,527,0.780740740740741,0.0843739993595901,"HPA:0330221","HPA","Oral mucosa; squamous epithelial cells[≥Low]",10995,489
"767","lightgreen",TRUE,7.83385310516579e-32,6246,675,527,0.780740740740741,0.0843739993595901,"HPA:0330000","HPA","Oral mucosa",10995,488
"768","lightgreen",TRUE,1.27284876344072e-31,8088,675,616,0.912592592592593,0.076162215628091,"HPA:0100000","HPA","Cerebral cortex",10995,182
"769","lightgreen",TRUE,1.42752428503197e-31,5296,675,473,0.700740740740741,0.0893126888217523,"HPA:0350472","HPA","Pancreas; exocrine glandular cells[≥Medium]",10995,516
"770","lightgreen",TRUE,1.68289267780558e-31,7774,675,602,0.891851851851852,0.0774376125546694,"HPA:0600000","HPA","Tonsil",10995,857
"771","lightgreen",TRUE,2.08382539354835e-31,5738,675,498,0.737777777777778,0.0867898222377135,"HPA:0290401","HPA","Liver; hepatocytes[≥Low]",10995,440
"772","lightgreen",TRUE,1.38971008423659e-30,6005,675,511,0.757037037037037,0.0850957535387177,"HPA:0020052","HPA","Adrenal gland; glandular cells[≥Medium]",10995,17
"773","lightgreen",TRUE,2.09862589137954e-30,7020,675,564,0.835555555555556,0.0803418803418803,"HPA:0470000","HPA","Skin 2",10995,691
"774","lightgreen",TRUE,2.77631527120576e-30,7187,675,572,0.847407407407407,0.0795881452622791,"HPA:0320000","HPA","Nasopharynx",10995,466
"775","lightgreen",TRUE,9.67055921746483e-30,6637,675,543,0.804444444444444,0.0818140726231731,"HPA:0600221","HPA","Tonsil; squamous epithelial cells[≥Low]",10995,864
"776","lightgreen",TRUE,9.83660100849897e-30,5493,675,480,0.711111111111111,0.0873839432004369,"HPA:0030052","HPA","Appendix; glandular cells[≥Medium]",10995,39
"777","lightgreen",TRUE,1.65861020329022e-29,6271,675,523,0.774814814814815,0.0833997767501196,"HPA:0550052","HPA","Stomach 2; glandular cells[≥Medium]",10995,803
"778","lightgreen",TRUE,1.94349556957546e-29,4866,675,442,0.654814814814815,0.0908343608713522,"HPA:0420052","HPA","Salivary gland; glandular cells[≥Medium]",10995,616
"779","lightgreen",TRUE,1.94349556957546e-29,5098,675,456,0.675555555555556,0.0894468418987838,"HPA:0050052","HPA","Breast; glandular cells[≥Medium]",10995,59
"780","lightgreen",TRUE,3.09946225617869e-29,5884,675,501,0.742222222222222,0.0851461590754589,"HPA:0360051","HPA","Parathyroid gland; glandular cells[≥Low]",10995,522
"781","lightgreen",TRUE,3.09946225617869e-29,5884,675,501,0.742222222222222,0.0851461590754589,"HPA:0360000","HPA","Parathyroid gland",10995,521
"782","lightgreen",TRUE,4.29422711431836e-29,5678,675,489,0.724444444444444,0.0861218738992603,"HPA:0470681","HPA","Skin 2; epidermal cells[≥Low]",10995,713
"783","lightgreen",TRUE,6.04506830794524e-29,5667,675,488,0.722962962962963,0.0861125816128463,"HPA:0130201","HPA","Colon; endothelial cells[≥Low]",10995,216
"784","lightgreen",TRUE,1.9909950001503e-28,5991,675,505,0.748148148148148,0.0842931063261559,"HPA:0620000","HPA","Vagina",10995,871
"785","lightgreen",TRUE,1.9909950001503e-28,5991,675,505,0.748148148148148,0.0842931063261559,"HPA:0620221","HPA","Vagina; squamous epithelial cells[≥Low]",10995,872
"786","lightgreen",TRUE,2.11988669875133e-28,6339,675,524,0.776296296296296,0.0826628805805332,"HPA:0540052","HPA","Stomach 1; glandular cells[≥Medium]",10995,799
"787","lightgreen",TRUE,3.0683047441726e-28,7358,675,576,0.853333333333333,0.0782821418863822,"HPA:0300000","HPA","Lung",10995,443
"788","lightgreen",TRUE,5.59151218930089e-28,5161,675,456,0.675555555555556,0.0883549699670606,"HPA:0270351","HPA","Kidney; cells in glomeruli[≥Low]",10995,411
"789","lightgreen",TRUE,5.90194434528405e-28,7228,675,569,0.842962962962963,0.0787216380741561,"HPA:0460000","HPA","Skin 1",10995,636
"790","lightgreen",TRUE,9.81506307106781e-28,6518,675,532,0.788148148148148,0.0816201288738877,"HPA:0310000","HPA","Lymph node",10995,459
"791","lightgreen",TRUE,1.87254105460618e-27,6816,675,547,0.81037037037037,0.0802523474178404,"HPA:0250000","HPA","Hippocampus",10995,381
"792","lightgreen",TRUE,2.1341804232123e-27,5683,675,485,0.718518518518519,0.0853422488122471,"HPA:0630051","HPA","Cervix; glandular cells[≥Low]",10995,202
"793","lightgreen",TRUE,3.51415107970972e-27,7182,675,565,0.837037037037037,0.0786688944583681,"HPA:0090000","HPA","Cerebellum",10995,103
"794","lightgreen",TRUE,5.04954467003511e-27,6952,675,553,0.819259259259259,0.0795454545454545,"HPA:0080000","HPA","Caudate",10995,90
"795","lightgreen",TRUE,6.00670469861582e-27,5651,675,482,0.714074074074074,0.0852946381171474,"HPA:0050091","HPA","Breast; myoepithelial cells[≥Low]",10995,61
"796","lightgreen",TRUE,1.78874129622922e-26,7134,675,561,0.831111111111111,0.0786375105130362,"HPA:0570731","HPA","Testis; Leydig cells[≥Low]",10995,819
"797","lightgreen",TRUE,2.3240401367909e-26,7421,675,575,0.851851851851852,0.0774828190270853,"HPA:0060000","HPA","Bronchus",10995,64
"798","lightgreen",TRUE,2.86341065497026e-26,5981,675,499,0.739259259259259,0.0834308644039458,"HPA:0600431","HPA","Tonsil; germinal center cells[≥Low]",10995,858
"799","lightgreen",TRUE,5.40286311352893e-26,5590,675,476,0.705185185185185,0.0851520572450805,"HPA:0590052","HPA","Thyroid gland; glandular cells[≥Medium]",10995,855
"800","lightgreen",TRUE,1.51359246555562e-25,6487,675,525,0.777777777777778,0.080931092955141,"HPA:0040000","HPA","Bone marrow",10995,50
"801","lightgreen",TRUE,1.51359246555562e-25,6487,675,525,0.777777777777778,0.080931092955141,"HPA:0040081","HPA","Bone marrow; hematopoietic cells[≥Low]",10995,51
"802","lightgreen",TRUE,1.8358571068488e-25,6697,675,536,0.794074074074074,0.0800358369419143,"HPA:0100131","HPA","Cerebral cortex; neuronal cells[≥Low]",10995,189
"803","lightgreen",TRUE,1.94246560845098e-25,5564,675,473,0.700740740740741,0.0850107836089145,"HPA:0090161","HPA","Cerebellum; Purkinje cells[≥Low]",10995,116
"804","lightgreen",TRUE,3.59815645215433e-25,5680,675,479,0.70962962962963,0.084330985915493,"HPA:0180052","HPA","Epididymis; glandular cells[≥Medium]",10995,322
"805","lightgreen",TRUE,5.02132494362989e-25,5446,675,465,0.688888888888889,0.0853837679030481,"HPA:0630221","HPA","Cervix; squamous epithelial cells[≥Low]",10995,205
"806","lightgreen",TRUE,7.25625883758997e-25,6317,675,514,0.761481481481482,0.0813677378502454,"HPA:0241101","HPA","Heart muscle; cardiomyocytes[≥Low]",10995,378
"807","lightgreen",TRUE,7.25625883758997e-25,6317,675,514,0.761481481481482,0.0813677378502454,"HPA:0240000","HPA","Heart muscle",10995,377
"808","lightgreen",TRUE,8.87775525520031e-25,5441,675,464,0.687407407407407,0.0852784414629664,"HPA:0490691","HPA","Smooth muscle; smooth muscle cells[≥Low]",10995,763
"809","lightgreen",TRUE,8.87775525520031e-25,5441,675,464,0.687407407407407,0.0852784414629664,"HPA:0490000","HPA","Smooth muscle",10995,762
"810","lightgreen",TRUE,1.33031884422109e-24,6348,675,515,0.762962962962963,0.0811279143037177,"HPA:0380521","HPA","Placenta; trophoblastic cells[≥Low]",10995,551
"811","lightgreen",TRUE,2.4746149157857e-24,6054,675,498,0.737777777777778,0.0822596630327057,"HPA:0310441","HPA","Lymph node; non-germinal center cells[≥Low]",10995,463
"812","lightgreen",TRUE,3.15767780268158e-24,5147,675,445,0.659259259259259,0.086458130950068,"HPA:0460661","HPA","Skin 1; keratinocytes[≥Low]",10995,673
"813","lightgreen",TRUE,3.15767780268158e-24,5147,675,445,0.659259259259259,0.086458130950068,"HPA:0160052","HPA","Endometrium 1; glandular cells[≥Medium]",10995,311
"814","lightgreen",TRUE,5.45897853191453e-24,6214,675,506,0.74962962962963,0.0814290312198262,"HPA:0250131","HPA","Hippocampus; neuronal cells[≥Low]",10995,385
"815","lightgreen",TRUE,1.41867295774822e-23,6768,675,535,0.792592592592593,0.079048463356974,"HPA:0300411","HPA","Lung; macrophages[≥Low]",10995,456
"816","lightgreen",TRUE,2.08870590728777e-23,6152,675,501,0.742222222222222,0.0814369310793238,"HPA:0080131","HPA","Caudate; neuronal cells[≥Low]",10995,94
"817","lightgreen",TRUE,2.28464738678221e-23,4728,675,417,0.617777777777778,0.0881979695431472,"HPA:0030071","HPA","Appendix; lymphoid tissue[≥Low]",10995,44
"818","lightgreen",TRUE,2.80217053215506e-23,5427,675,459,0.68,0.0845771144278607,"HPA:0340000","HPA","Ovary",10995,492
"819","lightgreen",TRUE,3.06681356491439e-23,5227,675,447,0.662222222222222,0.0855175052611441,"HPA:0430052","HPA","Seminal vesicle; glandular cells[≥Medium]",10995,620
"820","lightgreen",TRUE,5.93253492647126e-23,4539,675,404,0.598518518518519,0.0890063890724829,"HPA:0090181","HPA","Cerebellum; cells in granular layer[≥Low]",10995,131
"821","lightgreen",TRUE,6.21601957134049e-23,5292,675,450,0.666666666666667,0.0850340136054422,"HPA:0460671","HPA","Skin 1; melanocytes[≥Low]",10995,682
"822","lightgreen",TRUE,6.75791451852271e-23,4072,675,374,0.554074074074074,0.0918467583497053,"HPA:0460651","HPA","Skin 1; fibroblasts[≥Low]",10995,664
"823","lightgreen",TRUE,7.27357771994384e-23,4882,675,425,0.62962962962963,0.0870544858664482,"HPA:0170052","HPA","Endometrium 2; glandular cells[≥Medium]",10995,318
"824","lightgreen",TRUE,7.31965966835403e-23,4801,675,420,0.622222222222222,0.0874817746302854,"HPA:0390052","HPA","Prostate; glandular cells[≥Medium]",10995,556
"825","lightgreen",TRUE,7.75779393723319e-23,3983,675,368,0.545185185185185,0.092392668842581,"HPA:0340461","HPA","Ovary; ovarian stroma cells[≥Low]",10995,508
"826","lightgreen",TRUE,1.21107383603079e-22,4007,675,369,0.546666666666667,0.0920888445220863,"HPA:0470682","HPA","Skin 2; epidermal cells[≥Medium]",10995,714
"827","lightgreen",TRUE,3.83773425541053e-22,4403,675,393,0.582222222222222,0.0892573245514422,"HPA:0360052","HPA","Parathyroid gland; glandular cells[≥Medium]",10995,523
"828","lightgreen",TRUE,4.03545836608145e-22,5049,675,433,0.641481481481481,0.0857595563477916,"HPA:0310431","HPA","Lymph node; germinal center cells[≥Low]",10995,460
"829","lightgreen",TRUE,7.54435054884293e-22,5362,675,451,0.668148148148148,0.0841104065647147,"HPA:0570732","HPA","Testis; Leydig cells[≥Medium]",10995,820
"830","lightgreen",TRUE,1.20983919985582e-21,6115,675,494,0.731851851851852,0.0807849550286182,"HPA:0600441","HPA","Tonsil; non-germinal center cells[≥Low]",10995,861
"831","lightgreen",TRUE,1.49781613279509e-21,5891,675,481,0.712592592592593,0.08164997453743,"HPA:0530000","HPA","Spleen",10995,790
"832","lightgreen",TRUE,5.44180931206831e-21,3702,675,344,0.50962962962963,0.0929227444624527,"HPA:0460672","HPA","Skin 1; melanocytes[≥Medium]",10995,683
"833","lightgreen",TRUE,9.22176568180376e-21,5332,675,446,0.660740740740741,0.0836459114778695,"HPA:0530711","HPA","Spleen; cells in red pulp[≥Low]",10995,791
"834","lightgreen",TRUE,2.16136986731625e-20,4937,675,421,0.623703703703704,0.0852744581729795,"HPA:0600222","HPA","Tonsil; squamous epithelial cells[≥Medium]",10995,865
"835","lightgreen",TRUE,3.34488032061731e-20,5734,675,468,0.693333333333333,0.0816184164632019,"HPA:0210051","HPA","Fallopian tube; glandular cells[≥Low]",10995,354
"836","lightgreen",TRUE,4.46257848136722e-20,9012,675,634,0.939259259259259,0.0703506435863293,"HPA:0570000","HPA","Testis",10995,818
"837","lightgreen",TRUE,5.17279631995627e-20,3960,675,358,0.53037037037037,0.0904040404040404,"HPA:0291161","HPA","Liver; cholangiocytes[≥Low]",10995,437
"838","lightgreen",TRUE,6.02361495774874e-20,5357,675,445,0.659259259259259,0.083068881836849,"HPA:0500000","HPA","Soft tissue 1",10995,766
"839","lightgreen",TRUE,7.81648730415911e-20,4982,675,422,0.625185185185185,0.0847049377759936,"HPA:0100132","HPA","Cerebral cortex; neuronal cells[≥Medium]",10995,190
"840","lightgreen",TRUE,8.06096456701917e-20,5197,675,435,0.644444444444444,0.0837021358476044,"HPA:0510000","HPA","Soft tissue 2",10995,776
"841","lightgreen",TRUE,1.17796388381114e-19,4256,675,376,0.557037037037037,0.0883458646616541,"HPA:0040082","HPA","Bone marrow; hematopoietic cells[≥Medium]",10995,52
"842","lightgreen",TRUE,1.72127933104825e-19,5049,675,425,0.62962962962963,0.0841750841750842,"HPA:0190222","HPA","Esophagus; squamous epithelial cells[≥Medium]",10995,326
"843","lightgreen",TRUE,1.79846421063163e-19,5894,675,475,0.703703703703704,0.0805904309467255,"HPA:0440341","HPA","Skeletal muscle; myocytes[≥Low]",10995,623
"844","lightgreen",TRUE,1.79846421063163e-19,5894,675,475,0.703703703703704,0.0805904309467255,"HPA:0440000","HPA","Skeletal muscle",10995,622
"845","lightgreen",TRUE,5.18400118274486e-19,4117,675,365,0.540740740740741,0.0886567889239738,"HPA:0090162","HPA","Cerebellum; Purkinje cells[≥Medium]",10995,117
"846","lightgreen",TRUE,5.83783140345864e-19,4671,675,400,0.592592592592593,0.0856347677156926,"HPA:0210052","HPA","Fallopian tube; glandular cells[≥Medium]",10995,355
"847","lightgreen",TRUE,6.45582569984536e-19,5030,675,422,0.625185185185185,0.08389662027833,"HPA:0130241","HPA","Colon; peripheral nerve/ganglion[≥Low]",10995,240
"848","lightgreen",TRUE,7.26247010454786e-19,3622,675,332,0.491851851851852,0.0916620651573716,"HPA:0351182","HPA","Pancreas; pancreatic endocrine cells[≥Medium]",10995,519
"849","lightgreen",TRUE,9.9293516759062e-19,5040,675,422,0.625185185185185,0.0837301587301587,"HPA:0380522","HPA","Placenta; trophoblastic cells[≥Medium]",10995,552
"850","lightgreen",TRUE,1.37366082410597e-18,3771,675,341,0.505185185185185,0.0904269424555821,"HPA:0050092","HPA","Breast; myoepithelial cells[≥Medium]",10995,62
"851","lightgreen",TRUE,1.53351862748075e-18,4033,675,358,0.53037037037037,0.0887676667493181,"HPA:0630052","HPA","Cervix; glandular cells[≥Medium]",10995,203
"852","lightgreen",TRUE,3.57040186691339e-18,5757,675,463,0.685925925925926,0.0804238318568699,"HPA:0320101","HPA","Nasopharynx; respiratory epithelial cells[≥Low]",10995,485
"853","lightgreen",TRUE,4.70478355436346e-18,4369,675,378,0.56,0.0865186541542687,"HPA:0241102","HPA","Heart muscle; cardiomyocytes[≥Medium]",10995,379
"854","lightgreen",TRUE,1.05254009387778e-17,4834,675,406,0.601481481481482,0.0839884153909806,"HPA:0380511","HPA","Placenta; decidual cells[≥Low]",10995,536
"855","lightgreen",TRUE,1.10453250894948e-17,3710,675,334,0.494814814814815,0.0900269541778976,"HPA:0130202","HPA","Colon; endothelial cells[≥Medium]",10995,217
"856","lightgreen",TRUE,1.1316113075546e-17,4627,675,393,0.582222222222222,0.0849362437864707,"HPA:0100201","HPA","Cerebral cortex; endothelial cells[≥Low]",10995,183
"857","lightgreen",TRUE,1.28853177191961e-17,3282,675,305,0.451851851851852,0.0929311395490554,"HPA:0460662","HPA","Skin 1; keratinocytes[≥Medium]",10995,674
"858","lightgreen",TRUE,1.33711447872247e-17,4905,675,410,0.607407407407407,0.0835881753312946,"HPA:0060102","HPA","Bronchus; respiratory epithelial cells[≥Medium]",10995,84
"859","lightgreen",TRUE,1.8820170620931e-17,3086,675,291,0.431111111111111,0.0942968243681141,"HPA:0270352","HPA","Kidney; cells in glomeruli[≥Medium]",10995,412
"860","lightgreen",TRUE,1.90797620447576e-17,5901,675,469,0.694814814814815,0.0794780545670225,"HPA:0060101","HPA","Bronchus; respiratory epithelial cells[≥Low]",10995,83
"861","lightgreen",TRUE,4.12544779609803e-17,4231,675,366,0.542222222222222,0.0865043724887733,"HPA:0500651","HPA","Soft tissue 1; fibroblasts[≥Low]",10995,770
"862","lightgreen",TRUE,4.1445927634616e-17,4076,675,356,0.527407407407407,0.0873405299313052,"HPA:0160251","HPA","Endometrium 1; cells in endometrial stroma[≥Low]",10995,307
"863","lightgreen",TRUE,5.50642968648576e-17,4098,675,357,0.528888888888889,0.0871156661786237,"HPA:0600432","HPA","Tonsil; germinal center cells[≥Medium]",10995,859
"864","lightgreen",TRUE,6.26766193983125e-17,2838,675,272,0.402962962962963,0.0958421423537703,"HPA:0460652","HPA","Skin 1; fibroblasts[≥Medium]",10995,665
"865","lightgreen",TRUE,1.93863681312281e-16,4888,675,405,0.6,0.0828559738134206,"HPA:0300412","HPA","Lung; macrophages[≥Medium]",10995,457
"866","lightgreen",TRUE,2.82863088352306e-16,4198,675,361,0.534814814814815,0.0859933301572177,"HPA:0600442","HPA","Tonsil; non-germinal center cells[≥Medium]",10995,862
"867","lightgreen",TRUE,3.02353720196526e-16,4122,675,356,0.527407407407407,0.0863658418243571,"HPA:0510651","HPA","Soft tissue 2; fibroblasts[≥Low]",10995,780
"868","lightgreen",TRUE,1.19858926523159e-15,3514,675,314,0.465185185185185,0.0893568582811611,"HPA:0170251","HPA","Endometrium 2; cells in endometrial stroma[≥Low]",10995,314
"869","lightgreen",TRUE,1.31420248985335e-15,4919,675,404,0.598518518518519,0.0821305143321813,"HPA:0100121","HPA","Cerebral cortex; glial cells[≥Low]",10995,186
"870","lightgreen",TRUE,1.69092658089713e-15,3582,675,318,0.471111111111111,0.0887772194304858,"HPA:0380512","HPA","Placenta; decidual cells[≥Medium]",10995,537
"871","lightgreen",TRUE,2.12240834131915e-15,3952,675,342,0.506666666666667,0.0865384615384615,"HPA:0460641","HPA","Skin 1; Langerhans[≥Low]",10995,637
"872","lightgreen",TRUE,3.96686309358371e-15,4044,675,347,0.514074074074074,0.0858061325420376,"HPA:0620222","HPA","Vagina; squamous epithelial cells[≥Medium]",10995,873
"873","lightgreen",TRUE,5.31561822278476e-15,4222,675,358,0.53037037037037,0.0847939365229749,"HPA:0250132","HPA","Hippocampus; neuronal cells[≥Medium]",10995,386
"874","lightgreen",TRUE,6.27562275860478e-15,3123,675,285,0.422222222222222,0.0912584053794428,"HPA:0490692","HPA","Smooth muscle; smooth muscle cells[≥Medium]",10995,764
"875","lightgreen",TRUE,7.60923005916259e-15,4451,675,372,0.551111111111111,0.0835767243316109,"HPA:0090191","HPA","Cerebellum; cells in molecular layer[≥Low]",10995,134
"876","lightgreen",TRUE,8.26654350514421e-15,4740,675,390,0.577777777777778,0.0822784810126582,"HPA:0320102","HPA","Nasopharynx; respiratory epithelial cells[≥Medium]",10995,486
"877","lightgreen",TRUE,2.02306907502223e-14,2631,675,249,0.368888888888889,0.0946408209806157,"HPA:0460642","HPA","Skin 1; Langerhans[≥Medium]",10995,638
"878","lightgreen",TRUE,3.14173660950054e-14,3727,675,323,0.478518518518519,0.0866648779178964,"HPA:0630222","HPA","Cervix; squamous epithelial cells[≥Medium]",10995,206
"879","lightgreen",TRUE,3.36566425915957e-14,3744,675,324,0.48,0.0865384615384615,"HPA:0290402","HPA","Liver; hepatocytes[≥Medium]",10995,441
"880","lightgreen",TRUE,4.41822162105333e-14,4354,675,363,0.537777777777778,0.0833716123105191,"HPA:0330222","HPA","Oral mucosa; squamous epithelial cells[≥Medium]",10995,490
"881","lightgreen",TRUE,8.04708509537339e-14,4338,675,361,0.534814814814815,0.0832180728446289,"HPA:0530721","HPA","Spleen; cells in white pulp[≥Low]",10995,794
"882","lightgreen",TRUE,1.39406702660795e-13,3298,675,292,0.432592592592593,0.0885385081867799,"HPA:0310432","HPA","Lymph node; germinal center cells[≥Medium]",10995,461
"883","lightgreen",TRUE,1.78677154802223e-13,3985,675,337,0.499259259259259,0.0845671267252196,"HPA:0310442","HPA","Lymph node; non-germinal center cells[≥Medium]",10995,464
"884","lightgreen",TRUE,1.99739977631904e-13,3426,675,300,0.444444444444444,0.0875656742556918,"HPA:0130242","HPA","Colon; peripheral nerve/ganglion[≥Medium]",10995,241
"885","lightgreen",TRUE,3.00044736916009e-13,3937,675,333,0.493333333333333,0.0845821691643383,"HPA:0010000","HPA","Adipose tissue",10995,2
"886","lightgreen",TRUE,3.00044736916009e-13,3937,675,333,0.493333333333333,0.0845821691643383,"HPA:0010011","HPA","Adipose tissue; adipocytes[≥Low]",10995,3
"887","lightgreen",TRUE,7.91054807833391e-13,4573,675,372,0.551111111111111,0.0813470369560464,"HPA:0080121","HPA","Caudate; glial cells[≥Low]",10995,91
"888","lightgreen",TRUE,9.80356008004113e-13,2603,675,241,0.357037037037037,0.0925854782942758,"HPA:0150053","HPA","Duodenum; glandular cells[High]",10995,274
"889","lightgreen",TRUE,1.07996871279634e-12,4141,675,344,0.50962962962963,0.083071721806327,"HPA:0250121","HPA","Hippocampus; glial cells[≥Low]",10995,382
"890","lightgreen",TRUE,2.39410506329026e-12,2868,675,258,0.382222222222222,0.0899581589958159,"HPA:0220053","HPA","Gallbladder; glandular cells[High]",10995,363
"891","lightgreen",TRUE,4.70119307664037e-12,3089,675,272,0.402962962962963,0.0880543865328585,"HPA:0570741","HPA","Testis; cells in seminiferous ducts[≥Low]",10995,822
"892","lightgreen",TRUE,5.90835920805622e-12,2616,675,239,0.354074074074074,0.0913608562691132,"HPA:0510652","HPA","Soft tissue 2; fibroblasts[≥Medium]",10995,781
"893","lightgreen",TRUE,7.45283603158747e-12,3145,675,275,0.407407407407407,0.0874403815580286,"HPA:0530712","HPA","Spleen; cells in red pulp[≥Medium]",10995,792
"894","lightgreen",TRUE,1.97934218034823e-11,2789,675,249,0.368888888888889,0.0892793115812119,"HPA:0090192","HPA","Cerebellum; cells in molecular layer[≥Medium]",10995,135
"895","lightgreen",TRUE,2.22467490065759e-11,2792,675,249,0.368888888888889,0.0891833810888252,"HPA:0500701","HPA","Soft tissue 1; peripheral nerve[≥Low]",10995,773
"896","lightgreen",TRUE,2.63904556530496e-11,2724,675,244,0.361481481481481,0.0895741556534508,"HPA:0500652","HPA","Soft tissue 1; fibroblasts[≥Medium]",10995,771
"897","lightgreen",TRUE,5.19746803137977e-11,2355,675,217,0.321481481481481,0.0921443736730361,"HPA:0570742","HPA","Testis; cells in seminiferous ducts[≥Medium]",10995,823
"898","lightgreen",TRUE,5.46293152722061e-11,2427,675,222,0.328888888888889,0.0914709517923362,"HPA:0550053","HPA","Stomach 2; glandular cells[High]",10995,804
"899","lightgreen",TRUE,5.95677159557968e-11,2415,675,221,0.327407407407407,0.0915113871635611,"HPA:0130053","HPA","Colon; glandular cells[High]",10995,233
"900","lightgreen",TRUE,7.73754621232966e-11,2926,675,256,0.379259259259259,0.0874914559125086,"HPA:0090182","HPA","Cerebellum; cells in granular layer[≥Medium]",10995,132
"901","lightgreen",TRUE,8.40026619198498e-11,3783,675,313,0.463703703703704,0.0827385672746497,"HPA:0440342","HPA","Skeletal muscle; myocytes[≥Medium]",10995,624
"902","lightgreen",TRUE,1.07818403424007e-10,2065,675,195,0.288888888888889,0.0944309927360775,"HPA:0340462","HPA","Ovary; ovarian stroma cells[≥Medium]",10995,509
"903","lightgreen",TRUE,1.15101389601651e-10,2574,675,231,0.342222222222222,0.0897435897435897,"HPA:0400053","HPA","Rectum; glandular cells[High]",10995,579
"904","lightgreen",TRUE,1.5100285381473e-10,2988,675,259,0.383703703703704,0.0866800535475234,"HPA:0030072","HPA","Appendix; lymphoid tissue[≥Medium]",10995,45
"905","lightgreen",TRUE,2.60943026549369e-10,1961,675,186,0.275555555555556,0.0948495665476798,"HPA:0291162","HPA","Liver; cholangiocytes[≥Medium]",10995,438
"906","lightgreen",TRUE,6.11181355893079e-10,4995,675,386,0.571851851851852,0.0772772772772773,"HPA:0100211","HPA","Cerebral cortex; neuropil[≥Low]",10995,195
"907","lightgreen",TRUE,7.21923541111571e-10,3194,675,270,0.4,0.084533500313087,"HPA:0510701","HPA","Soft tissue 2; peripheral nerve[≥Low]",10995,783
"908","lightgreen",TRUE,8.29489973830589e-10,1960,675,184,0.272592592592593,0.0938775510204082,"HPA:0350473","HPA","Pancreas; exocrine glandular cells[High]",10995,517
"909","lightgreen",TRUE,9.14226632466694e-10,2284,675,207,0.306666666666667,0.090630472854641,"HPA:0020053","HPA","Adrenal gland; glandular cells[High]",10995,18
"910","lightgreen",TRUE,1.68001029550958e-09,1880,675,177,0.262222222222222,0.0941489361702128,"HPA:0590053","HPA","Thyroid gland; glandular cells[High]",10995,856
"911","lightgreen",TRUE,2.12333266498404e-09,1533,675,151,0.223703703703704,0.0984996738421396,"HPA:0301371","HPA","Lung; alveolar cells type II[≥Low]",10995,450
"912","lightgreen",TRUE,2.85733293204561e-09,1934,675,180,0.266666666666667,0.093071354705274,"HPA:0380523","HPA","Placenta; trophoblastic cells[High]",10995,553
"913","lightgreen",TRUE,4.46761476616083e-09,1848,675,173,0.256296296296296,0.0936147186147186,"HPA:0100133","HPA","Cerebral cortex; neuronal cells[High]",10995,191
"914","lightgreen",TRUE,5.7689389422379e-09,2547,675,222,0.328888888888889,0.0871613663133098,"HPA:0480053","HPA","Small intestine; glandular cells[High]",10995,755
"915","lightgreen",TRUE,8.66309904935835e-09,2777,675,237,0.351111111111111,0.0853438962909615,"HPA:0050011","HPA","Breast; adipocytes[≥Low]",10995,55
"916","lightgreen",TRUE,1.04556205094675e-08,2680,675,230,0.340740740740741,0.0858208955223881,"HPA:0100122","HPA","Cerebral cortex; glial cells[≥Medium]",10995,187
"917","lightgreen",TRUE,1.38761529614449e-08,1139,675,118,0.174814814814815,0.10359964881475,"HPA:0620223","HPA","Vagina; squamous epithelial cells[High]",10995,874
"918","lightgreen",TRUE,1.64453692912467e-08,1233,675,125,0.185185185185185,0.101378751013788,"HPA:0301372","HPA","Lung; alveolar cells type II[≥Medium]",10995,451
"919","lightgreen",TRUE,5.38775872393745e-08,1350,675,132,0.195555555555556,0.0977777777777778,"HPA:0050053","HPA","Breast; glandular cells[High]",10995,60
"920","lightgreen",TRUE,7.65068579885091e-08,2159,675,190,0.281481481481481,0.0880037054191755,"HPA:0270363","HPA","Kidney; cells in tubules[High]",10995,416
"921","lightgreen",TRUE,8.89405051529166e-08,4112,675,320,0.474074074074074,0.0778210116731518,"HPA:0080132","HPA","Caudate; neuronal cells[≥Medium]",10995,95
"922","lightgreen",TRUE,1.05041967534932e-07,3484,675,279,0.413333333333333,0.0800803673938002,"HPA:0301171","HPA","Lung; alveolar cells[≥Low]",10995,444
"923","lightgreen",TRUE,1.38075362884856e-07,2233,675,194,0.287407407407407,0.0868786386027765,"HPA:0160252","HPA","Endometrium 1; cells in endometrial stroma[≥Medium]",10995,308
"924","lightgreen",TRUE,1.67925680502158e-07,2719,675,227,0.336296296296296,0.0834865759470394,"HPA:0530722","HPA","Spleen; cells in white pulp[≥Medium]",10995,795
"925","lightgreen",TRUE,3.14435692794926e-07,2489,675,210,0.311111111111111,0.0843712334270792,"HPA:0100202","HPA","Cerebral cortex; endothelial cells[≥Medium]",10995,184
"926","lightgreen",TRUE,4.18867884056574e-07,3303,675,264,0.391111111111111,0.0799273387829246,"HPA:0340451","HPA","Ovary; follicle cells[≥Low]",10995,499
"927","lightgreen",TRUE,4.20584562117857e-07,798,675,86,0.127407407407407,0.107769423558897,"HPA:0300201","HPA","Lung; endothelial cells[≥Low]",10995,453
"928","lightgreen",TRUE,9.50337876272235e-07,1472,675,136,0.201481481481481,0.0923913043478261,"HPA:0430053","HPA","Seminal vesicle; glandular cells[High]",10995,621
"929","lightgreen",TRUE,1.09994861504932e-06,2036,675,176,0.260740740740741,0.0864440078585462,"HPA:0610833","HPA","Urinary bladder; urothelial cells[High]",10995,870
"930","lightgreen",TRUE,1.34312395007841e-06,1481,675,136,0.201481481481481,0.0918298446995273,"HPA:0420053","HPA","Salivary gland; glandular cells[High]",10995,617
"931","lightgreen",TRUE,1.39720474422994e-06,1802,675,159,0.235555555555556,0.0882352941176471,"HPA:0170252","HPA","Endometrium 2; cells in endometrial stroma[≥Medium]",10995,315
"932","lightgreen",TRUE,1.61252586951478e-06,1652,675,148,0.219259259259259,0.0895883777239709,"HPA:0190223","HPA","Esophagus; squamous epithelial cells[High]",10995,327
"933","lightgreen",TRUE,2.5210061625129e-06,2004,675,172,0.254814814814815,0.0858283433133733,"HPA:0250122","HPA","Hippocampus; glial cells[≥Medium]",10995,383
"934","lightgreen",TRUE,2.90403189744633e-06,1880,675,163,0.241481481481481,0.0867021276595745,"HPA:0030053","HPA","Appendix; glandular cells[High]",10995,40
"935","lightgreen",TRUE,3.27577695232511e-06,2316,675,193,0.285925925925926,0.0833333333333333,"HPA:0080122","HPA","Caudate; glial cells[≥Medium]",10995,92
"936","lightgreen",TRUE,4.08350357288935e-06,1090,675,105,0.155555555555556,0.0963302752293578,"HPA:0301361","HPA","Lung; alveolar cells type I[≥Low]",10995,447
"937","lightgreen",TRUE,4.47140182724004e-06,1472,675,133,0.197037037037037,0.0903532608695652,"HPA:0160053","HPA","Endometrium 1; glandular cells[High]",10995,312
"938","lightgreen",TRUE,4.93319049721084e-06,1351,675,124,0.183703703703704,0.0917838638045892,"HPA:0500702","HPA","Soft tissue 1; peripheral nerve[≥Medium]",10995,774
"939","lightgreen",TRUE,5.64470158426315e-06,836,675,85,0.125925925925926,0.101674641148325,"HPA:0050093","HPA","Breast; myoepithelial cells[High]",10995,63
"940","lightgreen",TRUE,6.0280873200491e-06,1153,675,109,0.161481481481481,0.0945359930615785,"HPA:0330223","HPA","Oral mucosa; squamous epithelial cells[High]",10995,491
"941","lightgreen",TRUE,7.0560142037944e-06,1471,675,132,0.195555555555556,0.0897348742352141,"HPA:0600223","HPA","Tonsil; squamous epithelial cells[High]",10995,866
"942","lightgreen",TRUE,7.68725952236181e-06,1543,675,137,0.202962962962963,0.0887880751782242,"HPA:0510702","HPA","Soft tissue 2; peripheral nerve[≥Medium]",10995,784
"943","lightgreen",TRUE,8.54909247963968e-06,2452,675,200,0.296296296296296,0.0815660685154976,"HPA:0540053","HPA","Stomach 1; glandular cells[High]",10995,800
"944","lightgreen",TRUE,1.02714778179251e-05,1180,675,110,0.162962962962963,0.0932203389830508,"HPA:0630053","HPA","Cervix; glandular cells[High]",10995,204
"945","lightgreen",TRUE,1.26608426330523e-05,1656,675,144,0.213333333333333,0.0869565217391304,"HPA:0210053","HPA","Fallopian tube; glandular cells[High]",10995,356
"946","lightgreen",TRUE,1.28696437309841e-05,985,675,95,0.140740740740741,0.0964467005076142,"HPA:0460673","HPA","Skin 1; melanocytes[High]",10995,684
"947","lightgreen",TRUE,1.31203659850957e-05,1489,675,132,0.195555555555556,0.0886501007387508,"HPA:0050012","HPA","Breast; adipocytes[≥Medium]",10995,56
"948","lightgreen",TRUE,1.34657701891918e-05,2248,675,185,0.274074074074074,0.0822953736654804,"HPA:0340452","HPA","Ovary; follicle cells[≥Medium]",10995,500
"949","lightgreen",TRUE,1.34767035576917e-05,1786,675,153,0.226666666666667,0.0856662933930571,"HPA:0320103","HPA","Nasopharynx; respiratory epithelial cells[High]",10995,487
"950","lightgreen",TRUE,1.5465630449463e-05,1550,675,136,0.201481481481481,0.087741935483871,"HPA:0360053","HPA","Parathyroid gland; glandular cells[High]",10995,524
"951","lightgreen",TRUE,1.6887506590783e-05,1207,675,111,0.164444444444444,0.091963545981773,"HPA:0380513","HPA","Placenta; decidual cells[High]",10995,538
"952","lightgreen",TRUE,1.92290877906748e-05,1035,675,98,0.145185185185185,0.0946859903381643,"HPA:0630223","HPA","Cervix; squamous epithelial cells[High]",10995,207
"953","lightgreen",TRUE,2.36302578306332e-05,371,675,45,0.0666666666666667,0.121293800539084,"HPA:0320891","HPA","Nasopharynx; goblet cells[≥Low]",10995,482
"954","lightgreen",TRUE,2.5431513970158e-05,651,675,68,0.100740740740741,0.104454685099846,"HPA:0300202","HPA","Lung; endothelial cells[≥Medium]",10995,454
"955","lightgreen",TRUE,2.58889351883402e-05,338,675,42,0.0622222222222222,0.124260355029586,"HPA:0320892","HPA","Nasopharynx; goblet cells[≥Medium]",10995,483
"956","lightgreen",TRUE,3.33337971840952e-05,1830,675,154,0.228148148148148,0.0841530054644809,"HPA:0060103","HPA","Bronchus; respiratory epithelial cells[High]",10995,85
"957","lightgreen",TRUE,4.14332147946883e-05,2186,675,178,0.263703703703704,0.0814272644098811,"HPA:0500111","HPA","Soft tissue 1; chondrocytes[≥Low]",10995,767
"958","lightgreen",TRUE,4.75374140046261e-05,1842,675,154,0.228148148148148,0.0836047774158523,"HPA:0180053","HPA","Epididymis; glandular cells[High]",10995,323
"959","lightgreen",TRUE,4.85976031828548e-05,1771,675,149,0.220740740740741,0.0841332580463015,"HPA:0570733","HPA","Testis; Leydig cells[High]",10995,821
"960","lightgreen",TRUE,6.82288383425258e-05,1371,675,120,0.177777777777778,0.087527352297593,"HPA:0300413","HPA","Lung; macrophages[High]",10995,458
"961","lightgreen",TRUE,7.90909285277372e-05,523,675,56,0.082962962962963,0.107074569789675,"HPA:0320842","HPA","Nasopharynx; basal cells[≥Medium]",10995,468
"962","lightgreen",TRUE,7.9771732738871e-05,1334,675,117,0.173333333333333,0.0877061469265367,"HPA:0170053","HPA","Endometrium 2; glandular cells[High]",10995,319
"963","lightgreen",TRUE,7.98173086435481e-05,662,675,67,0.0992592592592593,0.101208459214502,"HPA:0301373","HPA","Lung; alveolar cells type II[High]",10995,452
"964","lightgreen",TRUE,8.18534220901034e-05,1335,675,117,0.173333333333333,0.0876404494382022,"HPA:0390053","HPA","Prostate; glandular cells[High]",10995,557
"965","lightgreen",TRUE,9.16557957189277e-05,1049,675,96,0.142222222222222,0.0915157292659676,"HPA:0470683","HPA","Skin 2; epidermal cells[High]",10995,715
"966","lightgreen",TRUE,0.000123371734594196,802,675,77,0.114074074074074,0.0960099750623441,"HPA:0351183","HPA","Pancreas; pancreatic endocrine cells[High]",10995,520
"967","lightgreen",TRUE,0.000127927661757025,896,675,84,0.124444444444444,0.09375,"HPA:0320852","HPA","Nasopharynx; ciliated cells (cell body)[≥Medium]",10995,471
"968","lightgreen",TRUE,0.000134556526847858,521,675,55,0.0814814814814815,0.105566218809981,"HPA:0510653","HPA","Soft tissue 2; fibroblasts[High]",10995,782
"969","lightgreen",TRUE,0.000140897756525815,1324,675,115,0.17037037037037,0.0868580060422961,"HPA:0600443","HPA","Tonsil; non-germinal center cells[High]",10995,863
"970","lightgreen",TRUE,0.000200373883018258,1448,675,123,0.182222222222222,0.0849447513812155,"HPA:0500112","HPA","Soft tissue 1; chondrocytes[≥Medium]",10995,768
"971","lightgreen",TRUE,0.00020320027489609,644,675,64,0.0948148148148148,0.0993788819875776,"HPA:0320841","HPA","Nasopharynx; basal cells[≥Low]",10995,467
"972","lightgreen",TRUE,0.00024270773324527,886,675,82,0.121481481481481,0.0925507900677201,"HPA:0301362","HPA","Lung; alveolar cells type I[≥Medium]",10995,448
"973","lightgreen",TRUE,0.000248262538059304,1105,675,98,0.145185185185185,0.0886877828054299,"HPA:0080133","HPA","Caudate; neuronal cells[High]",10995,96
"974","lightgreen",TRUE,0.000248262538059304,1258,675,109,0.161481481481481,0.0866454689984102,"HPA:0250133","HPA","Hippocampus; neuronal cells[High]",10995,387
"975","lightgreen",TRUE,0.000297298493440089,2234,675,176,0.260740740740741,0.0787824529991047,"HPA:0010012","HPA","Adipose tissue; adipocytes[≥Medium]",10995,4
"976","lightgreen",TRUE,0.000301244423090553,745,675,71,0.105185185185185,0.0953020134228188,"HPA:0100123","HPA","Cerebral cortex; glial cells[High]",10995,188
"977","lightgreen",TRUE,0.000341844804439265,477,675,50,0.0740740740740741,0.10482180293501,"HPA:0060842","HPA","Bronchus; basal cells[≥Medium]",10995,66
"978","lightgreen",TRUE,0.000524603820979191,853,675,78,0.115555555555556,0.0914419695193435,"HPA:0270353","HPA","Kidney; cells in glomeruli[High]",10995,413
"979","lightgreen",TRUE,0.000542407184278834,854,675,78,0.115555555555556,0.0913348946135831,"HPA:0130203","HPA","Colon; endothelial cells[High]",10995,218
"980","lightgreen",TRUE,0.000565239903055889,761,675,71,0.105185185185185,0.0932982917214192,"HPA:0211091","HPA","Fallopian tube; non-ciliated cells[≥Low]",10995,357
"981","lightgreen",TRUE,0.000621691222428162,201,675,26,0.0385185185185185,0.129353233830846,"HPA:0320843","HPA","Nasopharynx; basal cells[High]",10995,469
"982","lightgreen",TRUE,0.000621691222428162,592,675,58,0.0859259259259259,0.097972972972973,"HPA:0211092","HPA","Fallopian tube; non-ciliated cells[≥Medium]",10995,358
"983","lightgreen",TRUE,0.000657088140587278,672,675,64,0.0948148148148148,0.0952380952380952,"HPA:0460653","HPA","Skin 1; fibroblasts[High]",10995,666
"984","lightgreen",TRUE,0.000814778764127158,150,675,21,0.0311111111111111,0.14,"HPA:0320893","HPA","Nasopharynx; goblet cells[High]",10995,484
"985","lightgreen",TRUE,0.0011371655805672,726,675,67,0.0992592592592593,0.0922865013774105,"HPA:0570743","HPA","Testis; cells in seminiferous ducts[High]",10995,824
"986","lightgreen",TRUE,0.00114328177844009,1788,675,142,0.21037037037037,0.0794183445190157,"HPA:0301172","HPA","Lung; alveolar cells[≥Medium]",10995,445
"987","lightgreen",TRUE,0.00118693635546087,918,675,81,0.12,0.0882352941176471,"HPA:0090193","HPA","Cerebellum; cells in molecular layer[High]",10995,136
"988","lightgreen",TRUE,0.0013380993350052,506,675,50,0.0740740740740741,0.0988142292490119,"HPA:0301363","HPA","Lung; alveolar cells type I[High]",10995,449
"989","lightgreen",TRUE,0.00139727519067266,868,675,77,0.114074074074074,0.0887096774193548,"HPA:0290403","HPA","Liver; hepatocytes[High]",10995,442
"990","lightgreen",TRUE,0.00155015121197302,968,675,84,0.124444444444444,0.0867768595041322,"HPA:0210851","HPA","Fallopian tube; ciliated cells (cell body)[≥Low]",10995,342
"991","lightgreen",TRUE,0.00168011820595742,1210,675,101,0.14962962962963,0.0834710743801653,"HPA:0310443","HPA","Lymph node; non-germinal center cells[High]",10995,465
"992","lightgreen",TRUE,0.00177571251062198,565,675,54,0.08,0.0955752212389381,"HPA:0460643","HPA","Skin 1; Langerhans[High]",10995,639
"993","lightgreen",TRUE,0.00188018710600617,361,675,38,0.0562962962962963,0.105263157894737,"HPA:0381213","HPA","Placenta; syncytiotrophoblasts - cell body[High]",10995,547
"994","lightgreen",TRUE,0.00191701690981547,620,675,58,0.0859259259259259,0.0935483870967742,"HPA:0490693","HPA","Smooth muscle; smooth muscle cells[High]",10995,765
"995","lightgreen",TRUE,0.00200925097623465,648,675,60,0.0888888888888889,0.0925925925925926,"HPA:0210852","HPA","Fallopian tube; ciliated cells (cell body)[≥Medium]",10995,343
"996","lightgreen",TRUE,0.00221954668064068,855,675,75,0.111111111111111,0.087719298245614,"HPA:0130243","HPA","Colon; peripheral nerve/ganglion[High]",10995,242
"997","lightgreen",TRUE,0.00257162653605665,293,675,32,0.0474074074074074,0.109215017064846,"HPA:0300203","HPA","Lung; endothelial cells[High]",10995,455
"998","lightgreen",TRUE,0.00271658091729173,616,675,57,0.0844444444444444,0.0925324675324675,"HPA:0060841","HPA","Bronchus; basal cells[≥Low]",10995,65
"999","lightgreen",TRUE,0.00285695359405333,2536,675,189,0.28,0.0745268138801262,"HPA:0570801","HPA","Testis; sertoli cells[≥Low]",10995,840
"1000","lightgreen",TRUE,0.00285695359405333,1549,675,123,0.182222222222222,0.079406068431246,"HPA:0090163","HPA","Cerebellum; Purkinje cells[High]",10995,118
"1001","lightgreen",TRUE,0.00314950845247422,334,675,35,0.0518518518518519,0.104790419161677,"HPA:0380202","HPA","Placenta; endothelial cells[≥Medium]",10995,540
"1002","lightgreen",TRUE,0.00355370778192862,1456,675,116,0.171851851851852,0.0796703296703297,"HPA:0040083","HPA","Bone marrow; hematopoietic cells[High]",10995,53
"1003","lightgreen",TRUE,0.00378089749424653,158,675,20,0.0296296296296296,0.126582278481013,"HPA:0060843","HPA","Bronchus; basal cells[High]",10995,67
"1004","lightgreen",TRUE,0.00412452820145653,1087,675,90,0.133333333333333,0.0827966881324747,"HPA:0510111","HPA","Soft tissue 2; chondrocytes[≥Low]",10995,777
"1005","lightgreen",TRUE,0.0041361687923673,1173,675,96,0.142222222222222,0.0818414322250639,"HPA:0241103","HPA","Heart muscle; cardiomyocytes[High]",10995,380
"1006","lightgreen",TRUE,0.0042940317283742,443,675,43,0.0637037037037037,0.0970654627539503,"HPA:0060891","HPA","Bronchus; goblet cells[≥Low]",10995,80
"1007","lightgreen",TRUE,0.00436900006206419,684,675,61,0.0903703703703704,0.0891812865497076,"HPA:0080123","HPA","Caudate; glial cells[High]",10995,93
"1008","lightgreen",TRUE,0.00442001867176895,1133,675,93,0.137777777777778,0.0820829655781112,"HPA:0320851","HPA","Nasopharynx; ciliated cells (cell body)[≥Low]",10995,470
"1009","lightgreen",TRUE,0.00442001867176895,1865,675,143,0.211851851851852,0.0766756032171582,"HPA:0570802","HPA","Testis; sertoli cells[≥Medium]",10995,841
"1010","lightgreen",TRUE,0.00512740412667961,648,675,58,0.0859259259259259,0.0895061728395062,"HPA:0460663","HPA","Skin 1; keratinocytes[High]",10995,675
"1011","lightgreen",TRUE,0.00521069781810822,282,675,30,0.0444444444444444,0.106382978723404,"HPA:0381203","HPA","Placenta; hofbauer cells[High]",10995,544
"1012","lightgreen",TRUE,0.00562897552013344,1229,675,99,0.146666666666667,0.080553295362083,"HPA:0600433","HPA","Tonsil; germinal center cells[High]",10995,860
"1013","lightgreen",TRUE,0.00648968251162056,401,675,39,0.0577777777777778,0.0972568578553616,"HPA:0060892","HPA","Bronchus; goblet cells[≥Medium]",10995,81
"1014","lightgreen",TRUE,0.00651641010885792,2613,675,191,0.282962962962963,0.073096058170685,"HPA:0100212","HPA","Cerebral cortex; neuropil[≥Medium]",10995,196
"1015","lightgreen",TRUE,0.00766197222432093,405,675,39,0.0577777777777778,0.0962962962962963,"HPA:0380201","HPA","Placenta; endothelial cells[≥Low]",10995,539
"1016","lightgreen",TRUE,0.00828340784947793,540,675,49,0.0725925925925926,0.0907407407407407,"HPA:0500653","HPA","Soft tissue 1; fibroblasts[High]",10995,772
"1017","lightgreen",TRUE,0.00887091624676347,318,675,32,0.0474074074074074,0.10062893081761,"HPA:0320853","HPA","Nasopharynx; ciliated cells (cell body)[High]",10995,472
"1018","lightgreen",TRUE,0.00921535340287394,436,675,41,0.0607407407407407,0.0940366972477064,"HPA:0381201","HPA","Placenta; hofbauer cells[≥Low]",10995,542
"1019","lightgreen",TRUE,0.00990977382733359,295,675,30,0.0444444444444444,0.101694915254237,"HPA:0381193","HPA","Placenta; cytotrophoblasts[High]",10995,535
"1020","lightgreen",TRUE,0.0106013133338422,322,675,32,0.0474074074074074,0.0993788819875776,"HPA:0291163","HPA","Liver; cholangiocytes[High]",10995,439
"1021","lightgreen",TRUE,0.0126155191368462,378,675,36,0.0533333333333333,0.0952380952380952,"HPA:0340463","HPA","Ovary; ovarian stroma cells[High]",10995,510
"1022","lightgreen",TRUE,0.0128370426741729,553,675,49,0.0725925925925926,0.0886075949367089,"HPA:0250123","HPA","Hippocampus; glial cells[High]",10995,384
"1023","lightgreen",TRUE,0.0128911542022666,445,675,41,0.0607407407407407,0.0921348314606742,"HPA:0301173","HPA","Lung; alveolar cells[High]",10995,446
"1024","lightgreen",TRUE,0.0131440069743498,459,675,42,0.0622222222222222,0.0915032679738562,"HPA:0010013","HPA","Adipose tissue; adipocytes[High]",10995,5
"1025","lightgreen",TRUE,0.0140941135283689,381,675,36,0.0533333333333333,0.094488188976378,"HPA:0381202","HPA","Placenta; hofbauer cells[≥Medium]",10995,543
"1026","lightgreen",TRUE,0.0177801210257552,244,675,25,0.037037037037037,0.102459016393443,"HPA:0380203","HPA","Placenta; endothelial cells[High]",10995,541
"1027","lightgreen",TRUE,0.0205481074556166,736,675,61,0.0903703703703704,0.0828804347826087,"HPA:0510112","HPA","Soft tissue 2; chondrocytes[≥Medium]",10995,778
"1028","lightgreen",TRUE,0.0206591940111277,879,675,71,0.105185185185185,0.080773606370876,"HPA:0060852","HPA","Bronchus; ciliated cells (cell body)[≥Medium]",10995,69
"1029","lightgreen",TRUE,0.0236947806465042,1176,675,91,0.134814814814815,0.0773809523809524,"HPA:0060851","HPA","Bronchus; ciliated cells (cell body)[≥Low]",10995,68
"1030","lightgreen",TRUE,0.0276436679383207,949,675,75,0.111111111111111,0.0790305584826133,"HPA:0570763","HPA","Testis; pachytene spermatocytes[High]",10995,830
"1031","lightgreen",TRUE,0.0287411173073699,482,675,42,0.0622222222222222,0.0871369294605809,"HPA:0381212","HPA","Placenta; syncytiotrophoblasts - cell body[≥Medium]",10995,546
"1032","lightgreen",TRUE,0.0289742718862366,2568,675,182,0.26962962962963,0.0708722741433022,"HPA:0570812","HPA","Testis; spermatogonia cells[≥Medium]",10995,844
"1033","lightgreen",TRUE,0.0309105251884197,526,675,45,0.0666666666666667,0.0855513307984791,"HPA:0570772","HPA","Testis; peritubular cells[≥Medium]",10995,832
"1034","lightgreen",TRUE,0.0370762483760066,435,675,38,0.0562962962962963,0.0873563218390805,"HPA:0160253","HPA","Endometrium 1; cells in endometrial stroma[High]",10995,309
"1035","lightgreen",TRUE,0.0407280284273756,821,675,65,0.0962962962962963,0.0791717417783191,"HPA:0530713","HPA","Spleen; cells in red pulp[High]",10995,793
"1036","lightgreen",TRUE,0.0496414861033772,241,675,23,0.0340740740740741,0.0954356846473029,"HPA:0500703","HPA","Soft tissue 1; peripheral nerve[High]",10995,775
"1037","lightgreen",TRUE,0.00283015991763294,108,438,18,0.0410958904109589,0.166666666666667,"KEGG:03013","KEGG","Nucleocytoplasmic transport",8484,209
"1038","lightgreen",TRUE,4.17707253555539e-32,3219,919,334,0.363438520130577,0.103758931345138,"MIRNA:hsa-mir-548c-3p","MIRNA","hsa-mir-548c-3p",16638,1005
"1039","lightgreen",TRUE,5.4202614599963e-29,2254,919,256,0.278563656147987,0.11357586512866,"MIRNA:hsa-mir-4282","MIRNA","hsa-mir-4282",16638,1311
"1040","lightgreen",TRUE,8.37294704281681e-26,2296,919,251,0.273122959738847,0.109320557491289,"MIRNA:hsa-mir-3662","MIRNA","hsa-mir-3662",16638,1626
"1041","lightgreen",TRUE,4.87223356296732e-23,2706,919,273,0.297062023939064,0.100886917960089,"MIRNA:hsa-mir-4775","MIRNA","hsa-mir-4775",16638,2863
"1042","lightgreen",TRUE,8.21961804244204e-23,1349,919,170,0.184983677910773,0.126019273535953,"MIRNA:hsa-mir-338-5p","MIRNA","hsa-mir-338-5p",16638,862
"1043","lightgreen",TRUE,2.40337425118604e-22,2884,919,283,0.307943416757345,0.098127600554785,"MIRNA:hsa-mir-590-3p","MIRNA","hsa-mir-590-3p",16638,1965
"1044","lightgreen",TRUE,5.49191192625017e-21,2125,919,225,0.244831338411317,0.105882352941176,"MIRNA:hsa-mir-524-5p","MIRNA","hsa-mir-524-5p",16638,1696
"1045","lightgreen",TRUE,5.49191192625017e-21,2126,919,225,0.244831338411317,0.105832549388523,"MIRNA:hsa-mir-520d-5p","MIRNA","hsa-mir-520d-5p",16638,2206
"1046","lightgreen",TRUE,9.63159985170792e-21,1231,919,155,0.168661588683351,0.12591389114541,"MIRNA:hsa-mir-655","MIRNA","hsa-mir-655",16638,811
"1047","lightgreen",TRUE,9.63159985170792e-21,1231,919,155,0.168661588683351,0.12591389114541,"MIRNA:hsa-mir-374c","MIRNA","hsa-mir-374c",16638,2459
"1048","lightgreen",TRUE,1.70437543375944e-20,1526,919,178,0.193688792165397,0.116644823066841,"MIRNA:hsa-mir-4699-3p","MIRNA","hsa-mir-4699-3p",16638,2457
"1049","lightgreen",TRUE,1.74525983118404e-20,1376,919,166,0.18063112078346,0.120639534883721,"MIRNA:hsa-mir-944","MIRNA","hsa-mir-944",16638,759
"1050","lightgreen",TRUE,1.3781720788523e-19,1480,919,172,0.187159956474429,0.116216216216216,"MIRNA:hsa-mir-144","MIRNA","hsa-mir-144",16638,1002
"1051","lightgreen",TRUE,6.28713201822224e-19,2020,919,211,0.229597388465724,0.104455445544554,"MIRNA:hsa-mir-4698","MIRNA","hsa-mir-4698",16638,1257
"1052","lightgreen",TRUE,6.67295644235919e-19,1673,919,185,0.201305767138194,0.110579796772265,"MIRNA:hsa-mir-3647-3p","MIRNA","hsa-mir-3647-3p",16638,110
"1053","lightgreen",TRUE,1.23622829248124e-18,2553,919,248,0.269858541893362,0.0971406188797493,"MIRNA:hsa-mir-3163","MIRNA","hsa-mir-3163",16638,2578
"1054","lightgreen",TRUE,1.51189924720067e-18,1942,919,204,0.221980413492927,0.105046343975283,"MIRNA:hsa-mir-3646","MIRNA","hsa-mir-3646",16638,769
"1055","lightgreen",TRUE,1.51852839609727e-18,1943,919,204,0.221980413492927,0.104992279979413,"MIRNA:hsa-mir-579","MIRNA","hsa-mir-579",16638,2239
"1056","lightgreen",TRUE,2.14955273855693e-18,1774,919,191,0.207834602829162,0.107666290868095,"MIRNA:hsa-mir-548n","MIRNA","hsa-mir-548n",16638,2746
"1057","lightgreen",TRUE,4.62385916822705e-18,1420,919,163,0.177366702937976,0.114788732394366,"MIRNA:hsa-mir-582-5p","MIRNA","hsa-mir-582-5p",16638,2806
"1058","lightgreen",TRUE,4.62385916822705e-18,1280,919,152,0.165397170837867,0.11875,"MIRNA:hsa-mir-548l","MIRNA","hsa-mir-548l",16638,2705
"1059","lightgreen",TRUE,1.62291674178027e-17,1336,919,155,0.168661588683351,0.116017964071856,"MIRNA:hsa-mir-101","MIRNA","hsa-mir-101",16638,2562
"1060","lightgreen",TRUE,2.9703569824137e-17,1819,919,191,0.207834602829162,0.105002748763057,"MIRNA:hsa-mir-4729","MIRNA","hsa-mir-4729",16638,1465
"1061","lightgreen",TRUE,3.48548511642802e-17,1197,919,143,0.155603917301415,0.119465329991646,"MIRNA:hsa-mir-374b","MIRNA","hsa-mir-374b",16638,779
"1062","lightgreen",TRUE,3.48548511642802e-17,1197,919,143,0.155603917301415,0.119465329991646,"MIRNA:hsa-mir-374a","MIRNA","hsa-mir-374a",16638,144
"1063","lightgreen",TRUE,4.11068528842615e-17,1275,919,149,0.162132752992383,0.116862745098039,"MIRNA:hsa-mir-4799-5p","MIRNA","hsa-mir-4799-5p",16638,630
"1064","lightgreen",TRUE,5.28887891410166e-17,1804,919,189,0.205658324265506,0.104767184035477,"MIRNA:hsa-mir-1305","MIRNA","hsa-mir-1305",16638,2569
"1065","lightgreen",TRUE,5.95612423899983e-17,1409,919,159,0.173014145810664,0.112845990063875,"MIRNA:hsa-mir-3143","MIRNA","hsa-mir-3143",16638,14
"1066","lightgreen",TRUE,7.82042959982199e-17,1260,919,147,0.159956474428727,0.116666666666667,"MIRNA:hsa-mir-4263","MIRNA","hsa-mir-4263",16638,1330
"1067","lightgreen",TRUE,1.60073448551968e-16,1662,919,177,0.192600652883569,0.106498194945848,"MIRNA:hsa-mir-494","MIRNA","hsa-mir-494",16638,21
"1068","lightgreen",TRUE,1.83409139808281e-16,1732,919,182,0.198041349292709,0.105080831408776,"MIRNA:hsa-mir-495","MIRNA","hsa-mir-495",16638,3018
"1069","lightgreen",TRUE,1.99440431712493e-16,1680,919,178,0.193688792165397,0.105952380952381,"MIRNA:hsa-mir-545","MIRNA","hsa-mir-545",16638,1773
"1070","lightgreen",TRUE,2.30870379982139e-16,2208,919,216,0.235038084874864,0.0978260869565217,"MIRNA:hsa-mir-3148","MIRNA","hsa-mir-3148",16638,925
"1071","lightgreen",TRUE,2.30870379982139e-16,1778,919,185,0.201305767138194,0.104049493813273,"MIRNA:hsa-mir-513a-3p","MIRNA","hsa-mir-513a-3p",16638,1866
"1072","lightgreen",TRUE,2.65502290601314e-16,1141,919,136,0.147986942328618,0.119193689745837,"MIRNA:hsa-mir-410","MIRNA","hsa-mir-410",16638,1976
"1073","lightgreen",TRUE,2.8919778489768e-16,1810,919,187,0.20348204570185,0.103314917127072,"MIRNA:hsa-mir-4719","MIRNA","hsa-mir-4719",16638,1614
"1074","lightgreen",TRUE,3.14104791532232e-16,1425,919,158,0.171926006528836,0.110877192982456,"MIRNA:hsa-mir-300","MIRNA","hsa-mir-300",16638,1953
"1075","lightgreen",TRUE,3.14104791532232e-16,2230,919,217,0.236126224156692,0.0973094170403587,"MIRNA:hsa-mir-607","MIRNA","hsa-mir-607",16638,985
"1076","lightgreen",TRUE,6.74345345682996e-16,1569,919,168,0.182807399347116,0.107074569789675,"MIRNA:hsa-mir-543","MIRNA","hsa-mir-543",16638,283
"1077","lightgreen",TRUE,6.77445748596421e-16,1007,919,124,0.134929270946681,0.123138033763654,"MIRNA:hsa-mir-3685","MIRNA","hsa-mir-3685",16638,2000
"1078","lightgreen",TRUE,1.22149497221187e-15,1278,919,145,0.157780195865071,0.113458528951487,"MIRNA:hsa-mir-576-5p","MIRNA","hsa-mir-576-5p",16638,2445
"1079","lightgreen",TRUE,2.6733951771096e-15,1433,919,156,0.16974972796518,0.108862526168876,"MIRNA:hsa-mir-429","MIRNA","hsa-mir-429",16638,806
"1080","lightgreen",TRUE,2.8684165973993e-15,1382,919,152,0.165397170837867,0.109985528219971,"MIRNA:hsa-mir-381","MIRNA","hsa-mir-381",16638,2518
"1081","lightgreen",TRUE,4.30592377947362e-15,898,919,113,0.122959738846572,0.125835189309577,"MIRNA:hsa-mir-1179","MIRNA","hsa-mir-1179",16638,2018
"1082","lightgreen",TRUE,8.77662730747536e-15,1506,919,160,0.174102285092492,0.106241699867198,"MIRNA:hsa-mir-4422","MIRNA","hsa-mir-4422",16638,2482
"1083","lightgreen",TRUE,9.32104089589015e-15,1494,919,159,0.173014145810664,0.106425702811245,"MIRNA:hsa-mir-3658","MIRNA","hsa-mir-3658",16638,1343
"1084","lightgreen",TRUE,1.13170311812092e-14,1287,919,143,0.155603917301415,0.111111111111111,"MIRNA:hsa-mir-4694-3p","MIRNA","hsa-mir-4694-3p",16638,1204
"1085","lightgreen",TRUE,1.2781337630539e-14,1540,919,162,0.176278563656148,0.105194805194805,"MIRNA:hsa-mir-587","MIRNA","hsa-mir-587",16638,2204
"1086","lightgreen",TRUE,1.40387657528409e-14,1732,919,176,0.191512513601741,0.10161662817552,"MIRNA:hsa-mir-498","MIRNA","hsa-mir-498",16638,2739
"1087","lightgreen",TRUE,1.58381483586546e-14,1464,919,156,0.16974972796518,0.10655737704918,"MIRNA:hsa-mir-4789-5p","MIRNA","hsa-mir-4789-5p",16638,2152
"1088","lightgreen",TRUE,1.6593021091375e-14,1640,919,169,0.183895538628945,0.103048780487805,"MIRNA:hsa-mir-186","MIRNA","hsa-mir-186",16638,2908
"1089","lightgreen",TRUE,2.49320060911e-14,1566,919,163,0.177366702937976,0.104086845466156,"MIRNA:hsa-mir-466","MIRNA","hsa-mir-466",16638,407
"1090","lightgreen",TRUE,2.52323191400593e-14,862,919,108,0.117519042437432,0.125290023201856,"MIRNA:hsa-mir-3682-5p","MIRNA","hsa-mir-3682-5p",16638,1989
"1091","lightgreen",TRUE,2.52323191400593e-14,1513,919,159,0.173014145810664,0.105089226701917,"MIRNA:hsa-mir-4668-3p","MIRNA","hsa-mir-4668-3p",16638,2703
"1092","lightgreen",TRUE,3.04132193808885e-14,1503,919,158,0.171926006528836,0.105123087159015,"MIRNA:hsa-mir-4666-3p","MIRNA","hsa-mir-4666-3p",16638,390
"1093","lightgreen",TRUE,4.88942372542868e-14,1144,919,130,0.14145810663765,0.113636363636364,"MIRNA:hsa-mir-656","MIRNA","hsa-mir-656",16638,1070
"1094","lightgreen",TRUE,5.03662498131515e-14,1634,919,167,0.181719260065288,0.102203182374541,"MIRNA:hsa-mir-548a-3p","MIRNA","hsa-mir-548a-3p",16638,333
"1095","lightgreen",TRUE,5.83703253085043e-14,2907,919,255,0.277475516866159,0.087719298245614,"MIRNA:hsa-mir-3613-3p","MIRNA","hsa-mir-3613-3p",16638,860
"1096","lightgreen",TRUE,6.00628900014965e-14,1422,919,151,0.164309031556039,0.106188466947961,"MIRNA:hsa-mir-559","MIRNA","hsa-mir-559",16638,2430
"1097","lightgreen",TRUE,6.00628900014965e-14,1638,919,167,0.181719260065288,0.101953601953602,"MIRNA:hsa-mir-3671","MIRNA","hsa-mir-3671",16638,1611
"1098","lightgreen",TRUE,6.21991829139271e-14,1598,919,164,0.178454842219804,0.102628285356696,"MIRNA:hsa-mir-548t","MIRNA","hsa-mir-548t",16638,867
"1099","lightgreen",TRUE,6.62292076640799e-14,1613,919,165,0.179542981501632,0.102293862368258,"MIRNA:hsa-mir-3133","MIRNA","hsa-mir-3133",16638,1185
"1100","lightgreen",TRUE,7.95535809118761e-14,1535,919,159,0.173014145810664,0.103583061889251,"MIRNA:hsa-mir-1297","MIRNA","hsa-mir-1297",16638,1943
"1101","lightgreen",TRUE,7.9612684214722e-14,576,919,82,0.0892274211099021,0.142361111111111,"MIRNA:hsa-mir-21-5p","MIRNA","hsa-mir-21-5p",16638,1776
"1102","lightgreen",TRUE,8.1734201361443e-14,1536,919,159,0.173014145810664,0.103515625,"MIRNA:hsa-mir-4465","MIRNA","hsa-mir-4465",16638,2218
"1103","lightgreen",TRUE,8.35485600337619e-14,1417,919,150,0.163220892274211,0.105857445306987,"MIRNA:hsa-mir-548w","MIRNA","hsa-mir-548w",16638,1043
"1104","lightgreen",TRUE,8.35485600337619e-14,1417,919,150,0.163220892274211,0.105857445306987,"MIRNA:hsa-mir-548b-5p","MIRNA","hsa-mir-548b-5p",16638,207
"1105","lightgreen",TRUE,8.35485600337619e-14,1417,919,150,0.163220892274211,0.105857445306987,"MIRNA:hsa-mir-548a-5p","MIRNA","hsa-mir-548a-5p",16638,1552
"1106","lightgreen",TRUE,8.35485600337619e-14,1417,919,150,0.163220892274211,0.105857445306987,"MIRNA:hsa-mir-548y","MIRNA","hsa-mir-548y",16638,594
"1107","lightgreen",TRUE,8.35485600337619e-14,1417,919,150,0.163220892274211,0.105857445306987,"MIRNA:hsa-mir-548ak","MIRNA","hsa-mir-548ak",16638,1946
"1108","lightgreen",TRUE,8.35485600337619e-14,1417,919,150,0.163220892274211,0.105857445306987,"MIRNA:hsa-mir-548ab","MIRNA","hsa-mir-548ab",16638,84
"1109","lightgreen",TRUE,8.63395887760913e-14,1418,919,150,0.163220892274211,0.105782792665726,"MIRNA:hsa-mir-548c-5p","MIRNA","hsa-mir-548c-5p",16638,1259
"1110","lightgreen",TRUE,8.63395887760913e-14,1418,919,150,0.163220892274211,0.105782792665726,"MIRNA:hsa-mir-548i","MIRNA","hsa-mir-548i",16638,1851
"1111","lightgreen",TRUE,9.61301740298167e-14,1420,919,150,0.163220892274211,0.105633802816901,"MIRNA:hsa-mir-548d-5p","MIRNA","hsa-mir-548d-5p",16638,1466
"1112","lightgreen",TRUE,1.03470259549411e-13,1395,919,148,0.161044613710555,0.106093189964158,"MIRNA:hsa-mir-200c","MIRNA","hsa-mir-200c",16638,2148
"1113","lightgreen",TRUE,1.03470259549411e-13,1395,919,148,0.161044613710555,0.106093189964158,"MIRNA:hsa-mir-200b","MIRNA","hsa-mir-200b",16638,772
"1114","lightgreen",TRUE,1.14084512005667e-13,1174,919,131,0.142546245919478,0.111584327086882,"MIRNA:hsa-mir-548g","MIRNA","hsa-mir-548g",16638,98
"1115","lightgreen",TRUE,1.19633695956371e-13,1060,919,122,0.132752992383025,0.115094339622642,"MIRNA:hsa-mir-4452","MIRNA","hsa-mir-4452",16638,2123
"1116","lightgreen",TRUE,1.66998589848054e-13,1552,919,159,0.173014145810664,0.102448453608247,"MIRNA:hsa-mir-548f","MIRNA","hsa-mir-548f",16638,2789
"1117","lightgreen",TRUE,1.66998589848054e-13,1552,919,159,0.173014145810664,0.102448453608247,"MIRNA:hsa-mir-548e","MIRNA","hsa-mir-548e",16638,116
"1118","lightgreen",TRUE,1.69537583651922e-13,1285,919,139,0.151251360174102,0.108171206225681,"MIRNA:hsa-mir-641","MIRNA","hsa-mir-641",16638,1905
"1119","lightgreen",TRUE,2.02229466391852e-13,1288,919,139,0.151251360174102,0.107919254658385,"MIRNA:hsa-mir-4760-3p","MIRNA","hsa-mir-4760-3p",16638,289
"1120","lightgreen",TRUE,2.10470517809509e-13,1584,919,161,0.17519042437432,0.101641414141414,"MIRNA:hsa-mir-340","MIRNA","hsa-mir-340",16638,452
"1121","lightgreen",TRUE,2.14677135149942e-13,1449,919,151,0.164309031556039,0.104209799861974,"MIRNA:hsa-mir-421","MIRNA","hsa-mir-421",16638,2538
"1122","lightgreen",TRUE,2.26484247652409e-13,1251,919,136,0.147986942328618,0.108713029576339,"MIRNA:hsa-mir-4495","MIRNA","hsa-mir-4495",16638,238
"1123","lightgreen",TRUE,2.52736351728602e-13,1698,919,169,0.183895538628945,0.0995288574793875,"MIRNA:hsa-mir-548p","MIRNA","hsa-mir-548p",16638,2536
"1124","lightgreen",TRUE,2.75088079336452e-13,1347,919,143,0.155603917301415,0.106161841128434,"MIRNA:hsa-mir-548h","MIRNA","hsa-mir-548h",16638,44
"1125","lightgreen",TRUE,2.75088079336452e-13,1347,919,143,0.155603917301415,0.106161841128434,"MIRNA:hsa-mir-548j","MIRNA","hsa-mir-548j",16638,33
"1126","lightgreen",TRUE,2.79905427007875e-13,838,919,103,0.112078346028292,0.12291169451074,"MIRNA:hsa-mir-548ag","MIRNA","hsa-mir-548ag",16638,1650
"1127","lightgreen",TRUE,2.79905427007875e-13,838,919,103,0.112078346028292,0.12291169451074,"MIRNA:hsa-mir-548ai","MIRNA","hsa-mir-548ai",16638,203
"1128","lightgreen",TRUE,3.643328729827e-13,1692,919,168,0.182807399347116,0.099290780141844,"MIRNA:hsa-mir-548aa","MIRNA","hsa-mir-548aa",16638,2417
"1129","lightgreen",TRUE,3.71464494062273e-13,1130,919,126,0.137105549510337,0.111504424778761,"MIRNA:hsa-mir-4272","MIRNA","hsa-mir-4272",16638,2894
"1130","lightgreen",TRUE,4.53838743341953e-13,869,919,105,0.114254624591948,0.120828538550058,"MIRNA:hsa-mir-802","MIRNA","hsa-mir-802",16638,2560
"1131","lightgreen",TRUE,5.39130649245885e-13,1059,919,120,0.130576713819369,0.113314447592068,"MIRNA:hsa-mir-4666-5p","MIRNA","hsa-mir-4666-5p",16638,2415
"1132","lightgreen",TRUE,5.6868984065597e-13,984,919,114,0.1240478781284,0.115853658536585,"MIRNA:hsa-mir-409-3p","MIRNA","hsa-mir-409-3p",16638,40
"1133","lightgreen",TRUE,5.82422548338696e-13,1035,919,118,0.128400435255713,0.114009661835749,"MIRNA:hsa-mir-384","MIRNA","hsa-mir-384",16638,2405
"1134","lightgreen",TRUE,6.29580064183808e-13,1443,919,149,0.162132752992383,0.103257103257103,"MIRNA:hsa-mir-450b-5p","MIRNA","hsa-mir-450b-5p",16638,659
"1135","lightgreen",TRUE,1.0044731204564e-12,1533,919,155,0.168661588683351,0.101108936725375,"MIRNA:hsa-mir-4643","MIRNA","hsa-mir-4643",16638,2220
"1136","lightgreen",TRUE,1.13108872119956e-12,1508,919,153,0.166485310119695,0.101458885941645,"MIRNA:hsa-mir-3942-3p","MIRNA","hsa-mir-3942-3p",16638,789
"1137","lightgreen",TRUE,1.13358647524513e-12,1814,919,175,0.190424374319913,0.0964718853362734,"MIRNA:hsa-mir-548aj","MIRNA","hsa-mir-548aj",16638,2088
"1138","lightgreen",TRUE,1.13358647524513e-12,1814,919,175,0.190424374319913,0.0964718853362734,"MIRNA:hsa-mir-548x","MIRNA","hsa-mir-548x",16638,790
"1139","lightgreen",TRUE,1.13358647524513e-12,1814,919,175,0.190424374319913,0.0964718853362734,"MIRNA:hsa-mir-548ae","MIRNA","hsa-mir-548ae",16638,184
"1140","lightgreen",TRUE,1.13358647524513e-12,1814,919,175,0.190424374319913,0.0964718853362734,"MIRNA:hsa-mir-548am","MIRNA","hsa-mir-548am",16638,3037
"1141","lightgreen",TRUE,1.49071027866934e-12,1298,919,137,0.149075081610446,0.105546995377504,"MIRNA:hsa-mir-3607-3p","MIRNA","hsa-mir-3607-3p",16638,838
"1142","lightgreen",TRUE,1.56024434598917e-12,578,919,79,0.0859630032644178,0.136678200692042,"MIRNA:hsa-mir-1244","MIRNA","hsa-mir-1244",16638,2740
"1143","lightgreen",TRUE,1.70133017419424e-12,2225,919,203,0.220892274211099,0.0912359550561798,"MIRNA:hsa-mir-371b-5p","MIRNA","hsa-mir-371b-5p",16638,257
"1144","lightgreen",TRUE,1.8687305490067e-12,1054,919,118,0.128400435255713,0.111954459203036,"MIRNA:hsa-mir-4528","MIRNA","hsa-mir-4528",16638,1597
"1145","lightgreen",TRUE,1.8687305490067e-12,1478,919,150,0.163220892274211,0.10148849797023,"MIRNA:hsa-mir-26b","MIRNA","hsa-mir-26b",16638,2288
"1146","lightgreen",TRUE,1.8687305490067e-12,1478,919,150,0.163220892274211,0.10148849797023,"MIRNA:hsa-mir-26a","MIRNA","hsa-mir-26a",16638,1960
"1147","lightgreen",TRUE,1.8687305490067e-12,1236,919,132,0.143634385201306,0.106796116504854,"MIRNA:hsa-mir-3617","MIRNA","hsa-mir-3617",16638,2627
"1148","lightgreen",TRUE,2.85680101654822e-12,1834,919,175,0.190424374319913,0.0954198473282443,"MIRNA:hsa-mir-3120-3p","MIRNA","hsa-mir-3120-3p",16638,13
"1149","lightgreen",TRUE,2.88160629902591e-12,1500,919,151,0.164309031556039,0.100666666666667,"MIRNA:hsa-mir-200a","MIRNA","hsa-mir-200a",16638,130
"1150","lightgreen",TRUE,2.88160629902591e-12,1500,919,151,0.164309031556039,0.100666666666667,"MIRNA:hsa-mir-141","MIRNA","hsa-mir-141",16638,607
"1151","lightgreen",TRUE,3.54697932288503e-12,887,919,104,0.11316648531012,0.117249154453213,"MIRNA:hsa-mir-380","MIRNA","hsa-mir-380",16638,214
"1152","lightgreen",TRUE,3.63893817680517e-12,1615,919,159,0.173014145810664,0.0984520123839009,"MIRNA:hsa-mir-4446-5p","MIRNA","hsa-mir-4446-5p",16638,1180
"1153","lightgreen",TRUE,6.35084772836865e-12,772,919,94,0.102285092491839,0.121761658031088,"MIRNA:hsa-mir-569","MIRNA","hsa-mir-569",16638,1838
"1154","lightgreen",TRUE,6.81266136763422e-12,630,919,82,0.0892274211099021,0.13015873015873,"MIRNA:hsa-mir-4704-5p","MIRNA","hsa-mir-4704-5p",16638,2015
"1155","lightgreen",TRUE,6.99889783539715e-12,1011,919,113,0.122959738846572,0.111770524233432,"MIRNA:hsa-mir-4511","MIRNA","hsa-mir-4511",16638,2791
"1156","lightgreen",TRUE,7.55240204882939e-12,1208,919,128,0.139281828073993,0.105960264900662,"MIRNA:hsa-mir-4276","MIRNA","hsa-mir-4276",16638,1625
"1157","lightgreen",TRUE,7.55240204882939e-12,1870,919,176,0.191512513601741,0.0941176470588235,"MIRNA:hsa-mir-548z","MIRNA","hsa-mir-548z",16638,3038
"1158","lightgreen",TRUE,7.55240204882939e-12,1870,919,176,0.191512513601741,0.0941176470588235,"MIRNA:hsa-mir-548ac","MIRNA","hsa-mir-548ac",16638,1128
"1159","lightgreen",TRUE,7.59860784057443e-12,1547,919,153,0.166485310119695,0.0989010989010989,"MIRNA:hsa-mir-4307","MIRNA","hsa-mir-4307",16638,665
"1160","lightgreen",TRUE,8.01958765218147e-12,862,919,101,0.109902067464635,0.117169373549884,"MIRNA:hsa-mir-155-5p","MIRNA","hsa-mir-155-5p",16638,2734
"1161","lightgreen",TRUE,8.49267165609049e-12,1508,919,150,0.163220892274211,0.0994694960212202,"MIRNA:hsa-mir-203","MIRNA","hsa-mir-203",16638,1956
"1162","lightgreen",TRUE,9.28042718722612e-12,1875,919,176,0.191512513601741,0.0938666666666667,"MIRNA:hsa-mir-548d-3p","MIRNA","hsa-mir-548d-3p",16638,990
"1163","lightgreen",TRUE,1.03407938857158e-11,954,919,108,0.117519042437432,0.113207547169811,"MIRNA:hsa-mir-4517","MIRNA","hsa-mir-4517",16638,1596
"1164","lightgreen",TRUE,1.2951943721496e-11,1811,919,171,0.186071817192601,0.0944229707344009,"MIRNA:hsa-mir-371-5p","MIRNA","hsa-mir-371-5p",16638,1536
"1165","lightgreen",TRUE,1.56434635595448e-11,1465,919,146,0.158868335146899,0.0996587030716723,"MIRNA:hsa-mir-1323","MIRNA","hsa-mir-1323",16638,590
"1166","lightgreen",TRUE,1.6194970117074e-11,860,919,100,0.108813928182807,0.116279069767442,"MIRNA:hsa-mir-3074-3p","MIRNA","hsa-mir-3074-3p",16638,358
"1167","lightgreen",TRUE,1.72954174328326e-11,1426,919,143,0.155603917301415,0.100280504908836,"MIRNA:hsa-mir-548o","MIRNA","hsa-mir-548o",16638,2484
"1168","lightgreen",TRUE,1.90076374002247e-11,1650,919,159,0.173014145810664,0.0963636363636364,"MIRNA:hsa-mir-4789-3p","MIRNA","hsa-mir-4789-3p",16638,1510
"1169","lightgreen",TRUE,1.90076374002247e-11,1015,919,112,0.121871599564744,0.110344827586207,"MIRNA:hsa-mir-452","MIRNA","hsa-mir-452",16638,2700
"1170","lightgreen",TRUE,1.98509255901682e-11,1003,919,111,0.120783460282916,0.110667996011964,"MIRNA:hsa-mir-4679","MIRNA","hsa-mir-4679",16638,2382
"1171","lightgreen",TRUE,2.55609701681785e-11,1033,919,113,0.122959738846572,0.109390125847047,"MIRNA:hsa-mir-4676-3p","MIRNA","hsa-mir-4676-3p",16638,866
"1172","lightgreen",TRUE,2.55609701681785e-11,943,919,106,0.115342763873776,0.112407211028632,"MIRNA:hsa-mir-3942-5p","MIRNA","hsa-mir-3942-5p",16638,1936
"1173","lightgreen",TRUE,2.89031043775152e-11,945,919,106,0.115342763873776,0.112169312169312,"MIRNA:hsa-mir-4703-5p","MIRNA","hsa-mir-4703-5p",16638,747
"1174","lightgreen",TRUE,2.89031043775152e-11,1233,919,128,0.139281828073993,0.103811841038118,"MIRNA:hsa-mir-3688-3p","MIRNA","hsa-mir-3688-3p",16638,1944
"1175","lightgreen",TRUE,2.93262270368949e-11,1220,919,127,0.138193688792165,0.104098360655738,"MIRNA:hsa-mir-369-3p","MIRNA","hsa-mir-369-3p",16638,1595
"1176","lightgreen",TRUE,2.95587582022178e-11,1167,919,123,0.133841131664853,0.105398457583548,"MIRNA:hsa-mir-548k","MIRNA","hsa-mir-548k",16638,2495
"1177","lightgreen",TRUE,3.08623956409081e-11,1535,919,150,0.163220892274211,0.0977198697068404,"MIRNA:hsa-mir-330-3p","MIRNA","hsa-mir-330-3p",16638,1286
"1178","lightgreen",TRUE,3.12701386278418e-11,1947,919,179,0.194776931447225,0.0919363122752953,"MIRNA:hsa-mir-4659b-3p","MIRNA","hsa-mir-4659b-3p",16638,1178
"1179","lightgreen",TRUE,3.12701386278418e-11,1947,919,179,0.194776931447225,0.0919363122752953,"MIRNA:hsa-mir-4659a-3p","MIRNA","hsa-mir-4659a-3p",16638,1183
"1180","lightgreen",TRUE,3.44572092613262e-11,1104,919,118,0.128400435255713,0.106884057971014,"MIRNA:hsa-mir-323-3p","MIRNA","hsa-mir-323-3p",16638,2965
"1181","lightgreen",TRUE,3.61998890073858e-11,2140,919,192,0.20892274211099,0.0897196261682243,"MIRNA:hsa-mir-129-5p","MIRNA","hsa-mir-129-5p",16638,2938
"1182","lightgreen",TRUE,4.69609261734354e-11,1149,919,121,0.131664853101197,0.105308964316797,"MIRNA:hsa-mir-4680-3p","MIRNA","hsa-mir-4680-3p",16638,1535
"1183","lightgreen",TRUE,5.9378875270372e-11,1087,919,116,0.126224156692057,0.106715731370745,"MIRNA:hsa-mir-3924","MIRNA","hsa-mir-3924",16638,2696
"1184","lightgreen",TRUE,7.6023200660047e-11,1360,919,136,0.147986942328618,0.1,"MIRNA:hsa-mir-4420","MIRNA","hsa-mir-4420",16638,1360
"1185","lightgreen",TRUE,9.18915643973323e-11,799,919,93,0.101196953210011,0.11639549436796,"MIRNA:hsa-mir-127-5p","MIRNA","hsa-mir-127-5p",16638,1601
"1186","lightgreen",TRUE,9.44653356406731e-11,1728,919,162,0.176278563656148,0.09375,"MIRNA:hsa-mir-4753-3p","MIRNA","hsa-mir-4753-3p",16638,2893
"1187","lightgreen",TRUE,9.63536972163751e-11,1517,919,147,0.159956474428727,0.0969017798286091,"MIRNA:hsa-mir-3065-5p","MIRNA","hsa-mir-3065-5p",16638,1904
"1188","lightgreen",TRUE,9.64523391476399e-11,1420,919,140,0.15233949945593,0.0985915492957746,"MIRNA:hsa-mir-3185","MIRNA","hsa-mir-3185",16638,2278
"1189","lightgreen",TRUE,9.89320943755326e-11,1083,919,115,0.125136017410229,0.106186518928901,"MIRNA:hsa-mir-1245b-3p","MIRNA","hsa-mir-1245b-3p",16638,2796
"1190","lightgreen",TRUE,9.89320943755326e-11,813,919,94,0.102285092491839,0.115621156211562,"MIRNA:hsa-mir-3920","MIRNA","hsa-mir-3920",16638,2171
"1191","lightgreen",TRUE,1.03016699831182e-10,1326,919,133,0.144722524483134,0.100301659125189,"MIRNA:hsa-mir-30c","MIRNA","hsa-mir-30c",16638,427
"1192","lightgreen",TRUE,1.03016699831182e-10,1326,919,133,0.144722524483134,0.100301659125189,"MIRNA:hsa-mir-30a","MIRNA","hsa-mir-30a",16638,2556
"1193","lightgreen",TRUE,1.03016699831182e-10,1326,919,133,0.144722524483134,0.100301659125189,"MIRNA:hsa-mir-30d","MIRNA","hsa-mir-30d",16638,1335
"1194","lightgreen",TRUE,1.03016699831182e-10,1326,919,133,0.144722524483134,0.100301659125189,"MIRNA:hsa-mir-30e","MIRNA","hsa-mir-30e",16638,667
"1195","lightgreen",TRUE,1.03016699831182e-10,1326,919,133,0.144722524483134,0.100301659125189,"MIRNA:hsa-mir-30b","MIRNA","hsa-mir-30b",16638,1643
"1196","lightgreen",TRUE,1.1007166110311e-10,1479,919,144,0.156692056583243,0.0973630831643002,"MIRNA:hsa-mir-561","MIRNA","hsa-mir-561",16638,6
"1197","lightgreen",TRUE,1.15567479858585e-10,841,919,96,0.104461371055495,0.114149821640904,"MIRNA:hsa-mir-4699-5p","MIRNA","hsa-mir-4699-5p",16638,242
"1198","lightgreen",TRUE,1.17307271697852e-10,1878,919,172,0.187159956474429,0.0915867944621938,"MIRNA:hsa-mir-513a-5p","MIRNA","hsa-mir-513a-5p",16638,1674
"1199","lightgreen",TRUE,1.17307271697852e-10,1370,919,136,0.147986942328618,0.0992700729927007,"MIRNA:hsa-mir-142-5p","MIRNA","hsa-mir-142-5p",16638,2442
"1200","lightgreen",TRUE,1.21895598561421e-10,730,919,87,0.0946681175190424,0.119178082191781,"MIRNA:hsa-mir-633","MIRNA","hsa-mir-633",16638,2039
"1201","lightgreen",TRUE,1.52175575863667e-10,1812,919,167,0.181719260065288,0.0921633554083885,"MIRNA:hsa-mir-4328","MIRNA","hsa-mir-4328",16638,1470
"1202","lightgreen",TRUE,1.56248169739821e-10,1280,919,129,0.140369967355822,0.10078125,"MIRNA:hsa-mir-3686","MIRNA","hsa-mir-3686",16638,2255
"1203","lightgreen",TRUE,1.63952115086684e-10,1281,919,129,0.140369967355822,0.100702576112412,"MIRNA:hsa-mir-3934","MIRNA","hsa-mir-3934",16638,2837
"1204","lightgreen",TRUE,1.74495700979053e-10,963,919,105,0.114254624591948,0.109034267912773,"MIRNA:hsa-mir-216a","MIRNA","hsa-mir-216a",16638,284
"1205","lightgreen",TRUE,1.84156175843496e-10,951,919,104,0.11316648531012,0.109358569926393,"MIRNA:hsa-mir-2053","MIRNA","hsa-mir-2053",16638,1393
"1206","lightgreen",TRUE,1.86694377671682e-10,811,919,93,0.101196953210011,0.114673242909988,"MIRNA:hsa-mir-568","MIRNA","hsa-mir-568",16638,1399
"1207","lightgreen",TRUE,1.87451530039521e-10,1109,919,116,0.126224156692057,0.104598737601443,"MIRNA:hsa-mir-2276","MIRNA","hsa-mir-2276",16638,793
"1208","lightgreen",TRUE,1.87451530039521e-10,1533,919,147,0.159956474428727,0.0958904109589041,"MIRNA:hsa-mir-4672","MIRNA","hsa-mir-4672",16638,36
"1209","lightgreen",TRUE,2.17582941049661e-10,1219,919,124,0.134929270946681,0.101722723543888,"MIRNA:hsa-mir-4803","MIRNA","hsa-mir-4803",16638,292
"1210","lightgreen",TRUE,2.409356954236e-10,1330,919,132,0.143634385201306,0.0992481203007519,"MIRNA:hsa-mir-4477a","MIRNA","hsa-mir-4477a",16638,1302
"1211","lightgreen",TRUE,2.52936864135187e-10,1767,919,163,0.177366702937976,0.0922467458970006,"MIRNA:hsa-mir-3941","MIRNA","hsa-mir-3941",16638,1092
"1212","lightgreen",TRUE,2.60864790095721e-10,1062,919,112,0.121871599564744,0.105461393596987,"MIRNA:hsa-mir-577","MIRNA","hsa-mir-577",16638,1426
"1213","lightgreen",TRUE,2.62038890446082e-10,1612,919,152,0.165397170837867,0.0942928039702233,"MIRNA:hsa-mir-302a","MIRNA","hsa-mir-302a",16638,1021
"1214","lightgreen",TRUE,2.62038890446082e-10,1612,919,152,0.165397170837867,0.0942928039702233,"MIRNA:hsa-mir-302c","MIRNA","hsa-mir-302c",16638,2715
"1215","lightgreen",TRUE,2.62038890446082e-10,1612,919,152,0.165397170837867,0.0942928039702233,"MIRNA:hsa-mir-372","MIRNA","hsa-mir-372",16638,2404
"1216","lightgreen",TRUE,2.62038890446082e-10,1612,919,152,0.165397170837867,0.0942928039702233,"MIRNA:hsa-mir-302d","MIRNA","hsa-mir-302d",16638,1979
"1217","lightgreen",TRUE,2.62038890446082e-10,1612,919,152,0.165397170837867,0.0942928039702233,"MIRNA:hsa-mir-302b","MIRNA","hsa-mir-302b",16638,262
"1218","lightgreen",TRUE,2.62038890446082e-10,804,919,92,0.100108813928183,0.114427860696517,"MIRNA:hsa-mir-3674","MIRNA","hsa-mir-3674",16638,1375
"1219","lightgreen",TRUE,2.62038890446082e-10,1612,919,152,0.165397170837867,0.0942928039702233,"MIRNA:hsa-mir-373","MIRNA","hsa-mir-373",16638,1307
"1220","lightgreen",TRUE,2.62038890446082e-10,1612,919,152,0.165397170837867,0.0942928039702233,"MIRNA:hsa-mir-4735-5p","MIRNA","hsa-mir-4735-5p",16638,2608
"1221","lightgreen",TRUE,2.62038890446082e-10,1471,919,142,0.154515778019587,0.0965329707681849,"MIRNA:hsa-mir-3978","MIRNA","hsa-mir-3978",16638,1117
"1222","lightgreen",TRUE,2.64404459419749e-10,1914,919,173,0.188248095756257,0.0903866248693835,"MIRNA:hsa-mir-570","MIRNA","hsa-mir-570",16638,2017
"1223","lightgreen",TRUE,2.73771295861021e-10,1225,919,124,0.134929270946681,0.101224489795918,"MIRNA:hsa-mir-301a","MIRNA","hsa-mir-301a",16638,661
"1224","lightgreen",TRUE,2.73771295861021e-10,1225,919,124,0.134929270946681,0.101224489795918,"MIRNA:hsa-mir-301b","MIRNA","hsa-mir-301b",16638,2260
"1225","lightgreen",TRUE,2.73771295861021e-10,1225,919,124,0.134929270946681,0.101224489795918,"MIRNA:hsa-mir-130b","MIRNA","hsa-mir-130b",16638,1968
"1226","lightgreen",TRUE,2.73771295861021e-10,1225,919,124,0.134929270946681,0.101224489795918,"MIRNA:hsa-mir-130a","MIRNA","hsa-mir-130a",16638,980
"1227","lightgreen",TRUE,2.73771295861021e-10,1225,919,124,0.134929270946681,0.101224489795918,"MIRNA:hsa-mir-454","MIRNA","hsa-mir-454",16638,741
"1228","lightgreen",TRUE,2.87604299622271e-10,1226,919,124,0.134929270946681,0.101141924959217,"MIRNA:hsa-mir-4781-3p","MIRNA","hsa-mir-4781-3p",16638,2984
"1229","lightgreen",TRUE,2.94010867988038e-10,1026,919,109,0.11860718171926,0.106237816764133,"MIRNA:hsa-mir-4742-3p","MIRNA","hsa-mir-4742-3p",16638,2719
"1230","lightgreen",TRUE,2.99637811403028e-10,974,919,105,0.114254624591948,0.107802874743326,"MIRNA:hsa-mir-194","MIRNA","hsa-mir-194",16638,428
"1231","lightgreen",TRUE,3.3760305591573e-10,937,919,102,0.110990206746464,0.108858057630736,"MIRNA:hsa-mir-3611","MIRNA","hsa-mir-3611",16638,2471
"1232","lightgreen",TRUE,3.57602942391554e-10,637,919,78,0.0848748639825898,0.122448979591837,"MIRNA:hsa-mir-487a","MIRNA","hsa-mir-487a",16638,229
"1233","lightgreen",TRUE,3.58114162730646e-10,1340,919,132,0.143634385201306,0.0985074626865672,"MIRNA:hsa-mir-4795-3p","MIRNA","hsa-mir-4795-3p",16638,1978
"1234","lightgreen",TRUE,4.23851388489147e-10,725,919,85,0.0924918389553863,0.117241379310345,"MIRNA:hsa-mir-3129-3p","MIRNA","hsa-mir-3129-3p",16638,2997
"1235","lightgreen",TRUE,4.76191380968415e-10,982,919,105,0.114254624591948,0.106924643584521,"MIRNA:hsa-mir-4477b","MIRNA","hsa-mir-4477b",16638,1921
"1236","lightgreen",TRUE,5.03734730686326e-10,1049,919,110,0.119695321001088,0.104861773117255,"MIRNA:hsa-mir-4762-5p","MIRNA","hsa-mir-4762-5p",16638,2291
"1237","lightgreen",TRUE,5.03734730686326e-10,1129,919,116,0.126224156692057,0.102745792736935,"MIRNA:hsa-mir-488","MIRNA","hsa-mir-488",16638,2351
"1238","lightgreen",TRUE,5.9397062740642e-10,1159,919,118,0.128400435255713,0.101811906816221,"MIRNA:hsa-mir-2052","MIRNA","hsa-mir-2052",16638,808
"1239","lightgreen",TRUE,6.34169491603521e-10,731,919,85,0.0924918389553863,0.116279069767442,"MIRNA:hsa-mir-337-3p","MIRNA","hsa-mir-337-3p",16638,135
"1240","lightgreen",TRUE,6.53176791750258e-10,1408,919,136,0.147986942328618,0.0965909090909091,"MIRNA:hsa-mir-3140-3p","MIRNA","hsa-mir-3140-3p",16638,1924
"1241","lightgreen",TRUE,6.96013550857099e-10,770,919,88,0.0957562568008705,0.114285714285714,"MIRNA:hsa-mir-223","MIRNA","hsa-mir-223",16638,3036
"1242","lightgreen",TRUE,7.11882654872456e-10,1396,919,135,0.14689880304679,0.0967048710601719,"MIRNA:hsa-mir-3973","MIRNA","hsa-mir-3973",16638,307
"1243","lightgreen",TRUE,7.21855826321779e-10,1751,919,160,0.174102285092492,0.0913763563677898,"MIRNA:hsa-mir-3122","MIRNA","hsa-mir-3122",16638,1788
"1244","lightgreen",TRUE,7.36930828197563e-10,1177,919,119,0.129488574537541,0.101104502973662,"MIRNA:hsa-mir-182","MIRNA","hsa-mir-182",16638,2910
"1245","lightgreen",TRUE,7.47223495228089e-10,1752,919,160,0.174102285092492,0.091324200913242,"MIRNA:hsa-mir-3913-5p","MIRNA","hsa-mir-3913-5p",16638,695
"1246","lightgreen",TRUE,7.73051298857464e-10,1468,919,140,0.15233949945593,0.0953678474114441,"MIRNA:hsa-mir-4310","MIRNA","hsa-mir-4310",16638,3014
"1247","lightgreen",TRUE,8.49226511890144e-10,625,919,76,0.0826985854189336,0.1216,"MIRNA:hsa-mir-3668","MIRNA","hsa-mir-3668",16638,384
"1248","lightgreen",TRUE,9.36310007868742e-10,1801,919,163,0.177366702937976,0.0905052748473071,"MIRNA:hsa-mir-23a","MIRNA","hsa-mir-23a",16638,1232
"1249","lightgreen",TRUE,9.36310007868742e-10,1801,919,163,0.177366702937976,0.0905052748473071,"MIRNA:hsa-mir-23b","MIRNA","hsa-mir-23b",16638,1670
"1250","lightgreen",TRUE,9.62513129296631e-10,688,919,81,0.088139281828074,0.117732558139535,"MIRNA:hsa-mir-653","MIRNA","hsa-mir-653",16638,65
"1251","lightgreen",TRUE,9.63007469247373e-10,1459,919,139,0.151251360174102,0.0952707333790267,"MIRNA:hsa-mir-4801","MIRNA","hsa-mir-4801",16638,149
"1252","lightgreen",TRUE,1.00578715960879e-09,1460,919,139,0.151251360174102,0.0952054794520548,"MIRNA:hsa-mir-4731-3p","MIRNA","hsa-mir-4731-3p",16638,654
"1253","lightgreen",TRUE,1.01270608014453e-09,789,919,89,0.0968443960826986,0.112801013941698,"MIRNA:hsa-mir-4766-3p","MIRNA","hsa-mir-4766-3p",16638,1948
"1254","lightgreen",TRUE,1.03939117544742e-09,1280,919,126,0.137105549510337,0.0984375,"MIRNA:hsa-mir-3692","MIRNA","hsa-mir-3692",16638,2348
"1255","lightgreen",TRUE,1.091925101999e-09,1462,919,139,0.151251360174102,0.0950752393980848,"MIRNA:hsa-mir-875-3p","MIRNA","hsa-mir-875-3p",16638,1071
"1256","lightgreen",TRUE,1.23447523843272e-09,934,919,100,0.108813928182807,0.107066381156317,"MIRNA:hsa-mir-3145-3p","MIRNA","hsa-mir-3145-3p",16638,1637
"1257","lightgreen",TRUE,1.23447523843272e-09,1147,919,116,0.126224156692057,0.101133391455972,"MIRNA:hsa-mir-511","MIRNA","hsa-mir-511",16638,215
"1258","lightgreen",TRUE,1.23461779275475e-09,1053,919,109,0.11860718171926,0.103513770180437,"MIRNA:hsa-mir-889","MIRNA","hsa-mir-889",16638,2847
"1259","lightgreen",TRUE,1.24636794721168e-09,1867,919,167,0.181719260065288,0.0894483128012855,"MIRNA:hsa-mir-5096","MIRNA","hsa-mir-5096",16638,884
"1260","lightgreen",TRUE,1.39686642399162e-09,1510,919,142,0.154515778019587,0.0940397350993377,"MIRNA:hsa-mir-539","MIRNA","hsa-mir-539",16638,1878
"1261","lightgreen",TRUE,1.41361945391223e-09,1841,919,165,0.179542981501632,0.0896252036936448,"MIRNA:hsa-mir-23c","MIRNA","hsa-mir-23c",16638,1151
"1262","lightgreen",TRUE,1.46213531367543e-09,1137,919,115,0.125136017410229,0.101143359718558,"MIRNA:hsa-mir-4470","MIRNA","hsa-mir-4470",16638,2112
"1263","lightgreen",TRUE,1.46473255266281e-09,1886,919,168,0.182807399347116,0.0890774125132556,"MIRNA:hsa-mir-27b","MIRNA","hsa-mir-27b",16638,2639
"1264","lightgreen",TRUE,1.46473255266281e-09,1886,919,168,0.182807399347116,0.0890774125132556,"MIRNA:hsa-mir-27a","MIRNA","hsa-mir-27a",16638,890
"1265","lightgreen",TRUE,1.47564033949296e-09,1683,919,154,0.167573449401523,0.0915032679738562,"MIRNA:hsa-mir-320a","MIRNA","hsa-mir-320a",16638,255
"1266","lightgreen",TRUE,1.49577459600414e-09,1302,919,127,0.138193688792165,0.097542242703533,"MIRNA:hsa-mir-320d","MIRNA","hsa-mir-320d",16638,1826
"1267","lightgreen",TRUE,1.53191558683803e-09,1179,919,118,0.128400435255713,0.10008481764207,"MIRNA:hsa-mir-578","MIRNA","hsa-mir-578",16638,717
"1268","lightgreen",TRUE,1.5594943294889e-09,1303,919,127,0.138193688792165,0.0974673829623945,"MIRNA:hsa-mir-4429","MIRNA","hsa-mir-4429",16638,462
"1269","lightgreen",TRUE,1.56852885452276e-09,1166,919,117,0.127312295973885,0.100343053173242,"MIRNA:hsa-mir-499a-3p","MIRNA","hsa-mir-499a-3p",16638,1161
"1270","lightgreen",TRUE,1.60333348287719e-09,1977,919,174,0.189336235038085,0.0880121396054628,"MIRNA:hsa-mir-4668-5p","MIRNA","hsa-mir-4668-5p",16638,2709
"1271","lightgreen",TRUE,1.67067740675274e-09,599,919,73,0.0794341675734494,0.121869782971619,"MIRNA:hsa-mir-496","MIRNA","hsa-mir-496",16638,906
"1272","lightgreen",TRUE,1.67067740675274e-09,722,919,83,0.0903155603917301,0.114958448753463,"MIRNA:hsa-mir-499-5p","MIRNA","hsa-mir-499-5p",16638,438
"1273","lightgreen",TRUE,1.87766177566151e-09,1321,919,128,0.139281828073993,0.0968962906888721,"MIRNA:hsa-mir-320c","MIRNA","hsa-mir-320c",16638,2172
"1274","lightgreen",TRUE,2.14378715053566e-09,1296,919,126,0.137105549510337,0.0972222222222222,"MIRNA:hsa-mir-4762-3p","MIRNA","hsa-mir-4762-3p",16638,1545
"1275","lightgreen",TRUE,2.3884696505577e-09,715,919,82,0.0892274211099021,0.114685314685315,"MIRNA:hsa-mir-630","MIRNA","hsa-mir-630",16638,361
"1276","lightgreen",TRUE,2.3884696505577e-09,485,919,63,0.0685527747551687,0.129896907216495,"MIRNA:hsa-mir-3117-3p","MIRNA","hsa-mir-3117-3p",16638,1472
"1277","lightgreen",TRUE,2.3884696505577e-09,1396,919,133,0.144722524483134,0.0952722063037249,"MIRNA:hsa-mir-4716-5p","MIRNA","hsa-mir-4716-5p",16638,2957
"1278","lightgreen",TRUE,2.47253782922847e-09,1524,919,142,0.154515778019587,0.0931758530183727,"MIRNA:hsa-mir-4772-3p","MIRNA","hsa-mir-4772-3p",16638,1247
"1279","lightgreen",TRUE,2.47824373185548e-09,1355,919,130,0.14145810663765,0.0959409594095941,"MIRNA:hsa-mir-320b","MIRNA","hsa-mir-320b",16638,538
"1280","lightgreen",TRUE,2.5859353337103e-09,1342,919,129,0.140369967355822,0.0961251862891207,"MIRNA:hsa-mir-4295","MIRNA","hsa-mir-4295",16638,713
"1281","lightgreen",TRUE,2.70209121373884e-09,1343,919,129,0.140369967355822,0.0960536113179449,"MIRNA:hsa-mir-3666","MIRNA","hsa-mir-3666",16638,998
"1282","lightgreen",TRUE,2.70209121373884e-09,1042,919,107,0.116430903155604,0.102687140115163,"MIRNA:hsa-mir-935","MIRNA","hsa-mir-935",16638,885
"1283","lightgreen",TRUE,2.85820333554205e-09,1485,919,139,0.151251360174102,0.0936026936026936,"MIRNA:hsa-mir-4755-5p","MIRNA","hsa-mir-4755-5p",16638,2490
"1284","lightgreen",TRUE,2.90468513001429e-09,924,919,98,0.106637649619151,0.106060606060606,"MIRNA:hsa-mir-3908","MIRNA","hsa-mir-3908",16638,2321
"1285","lightgreen",TRUE,3.1336732057236e-09,1981,919,173,0.188248095756257,0.0873296314992428,"MIRNA:hsa-mir-17","MIRNA","hsa-mir-17",16638,2676
"1286","lightgreen",TRUE,3.1336732057236e-09,1981,919,173,0.188248095756257,0.0873296314992428,"MIRNA:hsa-mir-106a","MIRNA","hsa-mir-106a",16638,1538
"1287","lightgreen",TRUE,3.1336732057236e-09,1981,919,173,0.188248095756257,0.0873296314992428,"MIRNA:hsa-mir-519d","MIRNA","hsa-mir-519d",16638,845
"1288","lightgreen",TRUE,3.1336732057236e-09,1981,919,173,0.188248095756257,0.0873296314992428,"MIRNA:hsa-mir-106b","MIRNA","hsa-mir-106b",16638,474
"1289","lightgreen",TRUE,3.1336732057236e-09,1981,919,173,0.188248095756257,0.0873296314992428,"MIRNA:hsa-mir-93","MIRNA","hsa-mir-93",16638,1718
"1290","lightgreen",TRUE,3.1336732057236e-09,1981,919,173,0.188248095756257,0.0873296314992428,"MIRNA:hsa-mir-20b","MIRNA","hsa-mir-20b",16638,1100
"1291","lightgreen",TRUE,3.1336732057236e-09,1981,919,173,0.188248095756257,0.0873296314992428,"MIRNA:hsa-mir-20a","MIRNA","hsa-mir-20a",16638,897
"1292","lightgreen",TRUE,3.13568594975425e-09,1140,919,114,0.1240478781284,0.1,"MIRNA:hsa-mir-499-3p","MIRNA","hsa-mir-499-3p",16638,749
"1293","lightgreen",TRUE,3.23844094970437e-09,1517,919,141,0.153427638737758,0.0929466051417271,"MIRNA:hsa-mir-3124-3p","MIRNA","hsa-mir-3124-3p",16638,2561
"1294","lightgreen",TRUE,3.26832145408973e-09,1704,919,154,0.167573449401523,0.0903755868544601,"MIRNA:hsa-mir-603","MIRNA","hsa-mir-603",16638,1688
"1295","lightgreen",TRUE,3.28842949569163e-09,940,919,99,0.107725788900979,0.10531914893617,"MIRNA:hsa-mir-4670-3p","MIRNA","hsa-mir-4670-3p",16638,2049
"1296","lightgreen",TRUE,3.76876546167114e-09,1103,919,111,0.120783460282916,0.100634632819583,"MIRNA:hsa-mir-580","MIRNA","hsa-mir-580",16638,742
"1297","lightgreen",TRUE,4.04383221437086e-09,878,919,94,0.102285092491839,0.107061503416856,"MIRNA:hsa-mir-2054","MIRNA","hsa-mir-2054",16638,2593
"1298","lightgreen",TRUE,4.20300966332022e-09,1256,919,122,0.132752992383025,0.0971337579617834,"MIRNA:hsa-mir-3653","MIRNA","hsa-mir-3653",16638,444
"1299","lightgreen",TRUE,4.40084676776267e-09,1257,919,122,0.132752992383025,0.0970564836913286,"MIRNA:hsa-mir-1283","MIRNA","hsa-mir-1283",16638,377
"1300","lightgreen",TRUE,4.66037969237824e-09,701,919,80,0.0870511425462459,0.114122681883024,"MIRNA:hsa-mir-21","MIRNA","hsa-mir-21",16638,2887
"1301","lightgreen",TRUE,4.92745116159048e-09,1470,919,137,0.149075081610446,0.0931972789115646,"MIRNA:hsa-mir-515-5p","MIRNA","hsa-mir-515-5p",16638,1176
"1302","lightgreen",TRUE,5.10675119752341e-09,1082,919,109,0.11860718171926,0.100739371534196,"MIRNA:hsa-mir-522","MIRNA","hsa-mir-522",16638,1994
"1303","lightgreen",TRUE,5.66070193475731e-09,1459,919,136,0.147986942328618,0.0932145305003427,"MIRNA:hsa-mir-3149","MIRNA","hsa-mir-3149",16638,982
"1304","lightgreen",TRUE,5.68435633612335e-09,1221,919,119,0.129488574537541,0.0974610974610975,"MIRNA:hsa-mir-507","MIRNA","hsa-mir-507",16638,1366
"1305","lightgreen",TRUE,5.7003465020006e-09,1835,919,162,0.176278563656148,0.088283378746594,"MIRNA:hsa-mir-520e","MIRNA","hsa-mir-520e",16638,864
"1306","lightgreen",TRUE,5.91492645445418e-09,1836,919,162,0.176278563656148,0.0882352941176471,"MIRNA:hsa-mir-520b","MIRNA","hsa-mir-520b",16638,1480
"1307","lightgreen",TRUE,6.21329516017605e-09,1223,919,119,0.129488574537541,0.0973017170891251,"MIRNA:hsa-mir-557","MIRNA","hsa-mir-557",16638,1730
"1308","lightgreen",TRUE,6.38340885716806e-09,1321,919,126,0.137105549510337,0.0953822861468584,"MIRNA:hsa-mir-4778-3p","MIRNA","hsa-mir-4778-3p",16638,2667
"1309","lightgreen",TRUE,6.42718681609045e-09,926,919,97,0.105549510337323,0.10475161987041,"MIRNA:hsa-mir-659","MIRNA","hsa-mir-659",16638,211
"1310","lightgreen",TRUE,6.5277833452891e-09,732,919,82,0.0892274211099021,0.112021857923497,"MIRNA:hsa-mir-222","MIRNA","hsa-mir-222",16638,1116
"1311","lightgreen",TRUE,6.5277833452891e-09,1839,919,162,0.176278563656148,0.0880913539967374,"MIRNA:hsa-mir-520c-3p","MIRNA","hsa-mir-520c-3p",16638,2384
"1312","lightgreen",TRUE,6.5277833452891e-09,1183,919,116,0.126224156692057,0.0980557903634827,"MIRNA:hsa-mir-3915","MIRNA","hsa-mir-3915",16638,2339
"1313","lightgreen",TRUE,6.5277833452891e-09,732,919,82,0.0892274211099021,0.112021857923497,"MIRNA:hsa-mir-221","MIRNA","hsa-mir-221",16638,1549
"1314","lightgreen",TRUE,6.86758068240217e-09,1143,919,113,0.122959738846572,0.0988626421697288,"MIRNA:hsa-mir-211","MIRNA","hsa-mir-211",16638,888
"1315","lightgreen",TRUE,6.86758068240217e-09,1143,919,113,0.122959738846572,0.0988626421697288,"MIRNA:hsa-mir-204","MIRNA","hsa-mir-204",16638,1686
"1316","lightgreen",TRUE,7.20508943094017e-09,1144,919,113,0.122959738846572,0.0987762237762238,"MIRNA:hsa-mir-4277","MIRNA","hsa-mir-4277",16638,1163
"1317","lightgreen",TRUE,7.3279369469777e-09,811,919,88,0.0957562568008705,0.108508014796547,"MIRNA:hsa-mir-526b","MIRNA","hsa-mir-526b",16638,2783
"1318","lightgreen",TRUE,7.3279369469777e-09,863,919,92,0.100108813928183,0.106604866743917,"MIRNA:hsa-mir-3974","MIRNA","hsa-mir-3974",16638,1613
"1319","lightgreen",TRUE,8.61742831574311e-09,945,919,98,0.106637649619151,0.103703703703704,"MIRNA:hsa-mir-1279","MIRNA","hsa-mir-1279",16638,2743
"1320","lightgreen",TRUE,8.89383953133688e-09,1585,919,144,0.156692056583243,0.0908517350157729,"MIRNA:hsa-mir-646","MIRNA","hsa-mir-646",16638,1354
"1321","lightgreen",TRUE,8.93497262275162e-09,750,919,83,0.0903155603917301,0.110666666666667,"MIRNA:hsa-mir-514b-3p","MIRNA","hsa-mir-514b-3p",16638,1104
"1322","lightgreen",TRUE,8.95809014272109e-09,1833,919,161,0.17519042437432,0.0878341516639389,"MIRNA:hsa-mir-520a-3p","MIRNA","hsa-mir-520a-3p",16638,1179
"1323","lightgreen",TRUE,9.07518047697079e-09,776,919,85,0.0924918389553863,0.109536082474227,"MIRNA:hsa-mir-3168","MIRNA","hsa-mir-3168",16638,2695
"1324","lightgreen",TRUE,9.22777345921059e-09,1834,919,161,0.17519042437432,0.0877862595419847,"MIRNA:hsa-mir-302e","MIRNA","hsa-mir-302e",16638,2011
"1325","lightgreen",TRUE,9.22777345921059e-09,1834,919,161,0.17519042437432,0.0877862595419847,"MIRNA:hsa-mir-520d-3p","MIRNA","hsa-mir-520d-3p",16638,2645
"1326","lightgreen",TRUE,1.09560256750586e-08,818,919,88,0.0957562568008705,0.107579462102689,"MIRNA:hsa-mir-34c-3p","MIRNA","hsa-mir-34c-3p",16638,2497
"1327","lightgreen",TRUE,1.09878170212495e-08,728,919,81,0.088139281828074,0.111263736263736,"MIRNA:hsa-mir-590-5p","MIRNA","hsa-mir-590-5p",16638,294
"1328","lightgreen",TRUE,1.10581257531764e-08,1306,919,124,0.134929270946681,0.0949464012251149,"MIRNA:hsa-mir-552","MIRNA","hsa-mir-552",16638,2971
"1329","lightgreen",TRUE,1.11515950369231e-08,603,919,71,0.0772578890097933,0.117744610281924,"MIRNA:hsa-mir-4684-3p","MIRNA","hsa-mir-4684-3p",16638,1658
"1330","lightgreen",TRUE,1.12899488252286e-08,1869,919,163,0.177366702937976,0.0872124130551097,"MIRNA:hsa-mir-150","MIRNA","hsa-mir-150",16638,199
"1331","lightgreen",TRUE,1.18814378221291e-08,755,919,83,0.0903155603917301,0.109933774834437,"MIRNA:hsa-mir-431","MIRNA","hsa-mir-431",16638,2426
"1332","lightgreen",TRUE,1.25553200926279e-08,1594,919,144,0.156692056583243,0.0903387703889586,"MIRNA:hsa-mir-4652-3p","MIRNA","hsa-mir-4652-3p",16638,715
"1333","lightgreen",TRUE,1.26389247964492e-08,1408,919,131,0.142546245919478,0.0930397727272727,"MIRNA:hsa-mir-4738-3p","MIRNA","hsa-mir-4738-3p",16638,1585
"1334","lightgreen",TRUE,1.28158867961678e-08,718,919,80,0.0870511425462459,0.11142061281337,"MIRNA:hsa-mir-514","MIRNA","hsa-mir-514",16638,2491
"1335","lightgreen",TRUE,1.3533339262768e-08,1596,919,144,0.156692056583243,0.0902255639097744,"MIRNA:hsa-mir-4257","MIRNA","hsa-mir-4257",16638,1502
"1336","lightgreen",TRUE,1.3586721804549e-08,1062,919,106,0.115342763873776,0.0998116760828625,"MIRNA:hsa-mir-4330","MIRNA","hsa-mir-4330",16638,2084
"1337","lightgreen",TRUE,1.49186614752028e-08,1313,919,124,0.134929270946681,0.0944402132520944,"MIRNA:hsa-mir-4635","MIRNA","hsa-mir-4635",16638,2162
"1338","lightgreen",TRUE,1.49226750091579e-08,1271,919,121,0.131664853101197,0.0952006294256491,"MIRNA:hsa-mir-3123","MIRNA","hsa-mir-3123",16638,2948
"1339","lightgreen",TRUE,1.50723539912875e-08,824,919,88,0.0957562568008705,0.106796116504854,"MIRNA:hsa-mir-605","MIRNA","hsa-mir-605",16638,822
"1340","lightgreen",TRUE,1.66786029303482e-08,1865,919,162,0.176278563656148,0.0868632707774799,"MIRNA:hsa-mir-5095","MIRNA","hsa-mir-5095",16638,249
"1341","lightgreen",TRUE,1.70444620478315e-08,672,919,76,0.0826985854189336,0.113095238095238,"MIRNA:hsa-mir-4423-3p","MIRNA","hsa-mir-4423-3p",16638,2214
"1342","lightgreen",TRUE,1.85684941543555e-08,1220,919,117,0.127312295973885,0.0959016393442623,"MIRNA:hsa-mir-7","MIRNA","hsa-mir-7",16638,239
"1343","lightgreen",TRUE,1.91499754064761e-08,562,919,67,0.072905331882481,0.119217081850534,"MIRNA:hsa-mir-154","MIRNA","hsa-mir-154",16638,1277
"1344","lightgreen",TRUE,2.01238417063319e-08,612,919,71,0.0772578890097933,0.116013071895425,"MIRNA:hsa-mir-382","MIRNA","hsa-mir-382",16638,2591
"1345","lightgreen",TRUE,2.20776381501424e-08,1322,919,124,0.134929270946681,0.0937972768532526,"MIRNA:hsa-mir-105","MIRNA","hsa-mir-105",16638,2316
"1346","lightgreen",TRUE,2.23478988936947e-08,831,919,88,0.0957562568008705,0.10589651022864,"MIRNA:hsa-mir-216b","MIRNA","hsa-mir-216b",16638,2023
"1347","lightgreen",TRUE,2.26287332384677e-08,1155,919,112,0.121871599564744,0.096969696969697,"MIRNA:hsa-mir-3119","MIRNA","hsa-mir-3119",16638,562
"1348","lightgreen",TRUE,2.35061090693674e-08,938,919,96,0.104461371055495,0.102345415778252,"MIRNA:hsa-mir-892a","MIRNA","hsa-mir-892a",16638,2584
"1349","lightgreen",TRUE,2.37090585056623e-08,767,919,83,0.0903155603917301,0.108213820078227,"MIRNA:hsa-mir-885-5p","MIRNA","hsa-mir-885-5p",16638,3019
"1350","lightgreen",TRUE,2.40399369888434e-08,1713,919,151,0.164309031556039,0.0881494454173964,"MIRNA:hsa-mir-4262","MIRNA","hsa-mir-4262",16638,2245
"1351","lightgreen",TRUE,2.41162020818254e-08,1074,919,106,0.115342763873776,0.0986964618249535,"MIRNA:hsa-mir-4519","MIRNA","hsa-mir-4519",16638,2587
"1352","lightgreen",TRUE,2.530284599465e-08,1075,919,106,0.115342763873776,0.0986046511627907,"MIRNA:hsa-mir-3064-3p","MIRNA","hsa-mir-3064-3p",16638,1912
"1353","lightgreen",TRUE,2.72838690650862e-08,941,919,96,0.104461371055495,0.10201912858661,"MIRNA:hsa-mir-499a-5p","MIRNA","hsa-mir-499a-5p",16638,2690
"1354","lightgreen",TRUE,2.86950287819809e-08,1023,919,102,0.110990206746464,0.0997067448680352,"MIRNA:hsa-mir-9","MIRNA","hsa-mir-9",16638,967
"1355","lightgreen",TRUE,2.88397399749961e-08,1940,919,166,0.18063112078346,0.0855670103092784,"MIRNA:hsa-mir-520g","MIRNA","hsa-mir-520g",16638,1346
"1356","lightgreen",TRUE,3.09474215512436e-08,1316,919,123,0.133841131664853,0.0934650455927052,"MIRNA:hsa-mir-125a-3p","MIRNA","hsa-mir-125a-3p",16638,2289
"1357","lightgreen",TRUE,3.14111762237813e-08,1232,919,117,0.127312295973885,0.0949675324675325,"MIRNA:hsa-mir-4709-5p","MIRNA","hsa-mir-4709-5p",16638,319
"1358","lightgreen",TRUE,3.32443303424819e-08,773,919,83,0.0903155603917301,0.107373868046572,"MIRNA:hsa-mir-4657","MIRNA","hsa-mir-4657",16638,380
"1359","lightgreen",TRUE,3.40966183507246e-08,1620,919,144,0.156692056583243,0.0888888888888889,"MIRNA:hsa-mir-3609","MIRNA","hsa-mir-3609",16638,611
"1360","lightgreen",TRUE,3.50998636204964e-08,774,919,83,0.0903155603917301,0.107235142118863,"MIRNA:hsa-mir-4491","MIRNA","hsa-mir-4491",16638,568
"1361","lightgreen",TRUE,3.60461756653145e-08,1405,919,129,0.140369967355822,0.0918149466192171,"MIRNA:hsa-mir-873","MIRNA","hsa-mir-873",16638,2076
"1362","lightgreen",TRUE,3.64593643192211e-08,920,919,94,0.102285092491839,0.102173913043478,"MIRNA:hsa-mir-192-5p","MIRNA","hsa-mir-192-5p",16638,624
"1363","lightgreen",TRUE,3.79171173696364e-08,1478,919,134,0.145810663764962,0.0906630581867388,"MIRNA:hsa-mir-513b","MIRNA","hsa-mir-513b",16638,1685
"1364","lightgreen",TRUE,3.82805975763021e-08,921,919,94,0.102285092491839,0.102062975027144,"MIRNA:hsa-mir-137","MIRNA","hsa-mir-137",16638,1634
"1365","lightgreen",TRUE,3.96653162033035e-08,1845,919,159,0.173014145810664,0.0861788617886179,"MIRNA:hsa-mir-548s","MIRNA","hsa-mir-548s",16638,662
"1366","lightgreen",TRUE,4.11312653882219e-08,1058,919,104,0.11316648531012,0.0982986767485822,"MIRNA:hsa-mir-4427","MIRNA","hsa-mir-4427",16638,1740
"1367","lightgreen",TRUE,4.17734247250168e-08,1611,919,143,0.155603917301415,0.0887647423960273,"MIRNA:hsa-mir-4435","MIRNA","hsa-mir-4435",16638,522
"1368","lightgreen",TRUE,4.17734247250168e-08,1281,919,120,0.130576713819369,0.0936768149882904,"MIRNA:hsa-mir-4251","MIRNA","hsa-mir-4251",16638,1306
"1369","lightgreen",TRUE,4.28757270153099e-08,870,919,90,0.0979325353645267,0.103448275862069,"MIRNA:hsa-mir-4659a-5p","MIRNA","hsa-mir-4659a-5p",16638,125
"1370","lightgreen",TRUE,4.28757270153099e-08,870,919,90,0.0979325353645267,0.103448275862069,"MIRNA:hsa-mir-4659b-5p","MIRNA","hsa-mir-4659b-5p",16638,99
"1371","lightgreen",TRUE,4.40758888820107e-08,1046,919,103,0.112078346028292,0.0984703632887189,"MIRNA:hsa-mir-217","MIRNA","hsa-mir-217",16638,2030
"1372","lightgreen",TRUE,4.40758888820107e-08,688,919,76,0.0826985854189336,0.11046511627907,"MIRNA:hsa-mir-1284","MIRNA","hsa-mir-1284",16638,432
"1373","lightgreen",TRUE,4.45692413809018e-08,1060,919,104,0.11316648531012,0.0981132075471698,"MIRNA:hsa-mir-205","MIRNA","hsa-mir-205",16638,147
"1374","lightgreen",TRUE,4.82070073563196e-08,664,919,74,0.0805223068552775,0.11144578313253,"MIRNA:hsa-mir-188-5p","MIRNA","hsa-mir-188-5p",16638,2525
"1375","lightgreen",TRUE,4.88606935494343e-08,1456,919,132,0.143634385201306,0.0906593406593407,"MIRNA:hsa-mir-4766-5p","MIRNA","hsa-mir-4766-5p",16638,2903
"1376","lightgreen",TRUE,5.22731881694344e-08,995,919,99,0.107725788900979,0.0994974874371859,"MIRNA:hsa-mir-1264","MIRNA","hsa-mir-1264",16638,2423
"1377","lightgreen",TRUE,5.29939132531681e-08,1415,919,129,0.140369967355822,0.0911660777385159,"MIRNA:hsa-mir-3074-5p","MIRNA","hsa-mir-3074-5p",16638,2107
"1378","lightgreen",TRUE,5.29939132531681e-08,704,919,77,0.0837867247007617,0.109375,"MIRNA:hsa-mir-4686","MIRNA","hsa-mir-4686",16638,825
"1379","lightgreen",TRUE,5.37369540492658e-08,1259,919,118,0.128400435255713,0.0937251787132645,"MIRNA:hsa-mir-519b-3p","MIRNA","hsa-mir-519b-3p",16638,699
"1380","lightgreen",TRUE,5.42530285561092e-08,603,919,69,0.0750816104461371,0.114427860696517,"MIRNA:hsa-mir-3606","MIRNA","hsa-mir-3606",16638,718
"1381","lightgreen",TRUE,5.70890566423927e-08,1374,919,126,0.137105549510337,0.091703056768559,"MIRNA:hsa-mir-329","MIRNA","hsa-mir-329",16638,50
"1382","lightgreen",TRUE,6.01244723448131e-08,758,919,81,0.088139281828074,0.106860158311346,"MIRNA:hsa-mir-155","MIRNA","hsa-mir-155",16638,2446
"1383","lightgreen",TRUE,6.09323592724797e-08,1262,919,118,0.128400435255713,0.0935023771790808,"MIRNA:hsa-mir-519c-3p","MIRNA","hsa-mir-519c-3p",16638,1000
"1384","lightgreen",TRUE,6.11621814582904e-08,1150,919,110,0.119695321001088,0.0956521739130435,"MIRNA:hsa-mir-34b","MIRNA","hsa-mir-34b",16638,2407
"1385","lightgreen",TRUE,6.11824602206658e-08,1164,919,111,0.120783460282916,0.095360824742268,"MIRNA:hsa-mir-4778-5p","MIRNA","hsa-mir-4778-5p",16638,2701
"1386","lightgreen",TRUE,7.53146646931595e-08,841,919,87,0.0946681175190424,0.103448275862069,"MIRNA:hsa-mir-4255","MIRNA","hsa-mir-4255",16638,2336
"1387","lightgreen",TRUE,7.98391400574025e-08,510,919,61,0.0663764961915125,0.119607843137255,"MIRNA:hsa-mir-208b","MIRNA","hsa-mir-208b",16638,794
"1388","lightgreen",TRUE,7.98391400574025e-08,510,919,61,0.0663764961915125,0.119607843137255,"MIRNA:hsa-mir-208a","MIRNA","hsa-mir-208a",16638,412
"1389","lightgreen",TRUE,8.30587724304832e-08,790,919,83,0.0903155603917301,0.105063291139241,"MIRNA:hsa-mir-595","MIRNA","hsa-mir-595",16638,1448
"1390","lightgreen",TRUE,8.34523033604068e-08,1143,919,109,0.11860718171926,0.0953630796150481,"MIRNA:hsa-mir-519a","MIRNA","hsa-mir-519a",16638,378
"1391","lightgreen",TRUE,8.34523033604068e-08,699,919,76,0.0826985854189336,0.108726752503577,"MIRNA:hsa-mir-4678","MIRNA","hsa-mir-4678",16638,670
"1392","lightgreen",TRUE,8.73492060159033e-08,598,919,68,0.073993471164309,0.11371237458194,"MIRNA:hsa-mir-3156-5p","MIRNA","hsa-mir-3156-5p",16638,1051
"1393","lightgreen",TRUE,8.73492060159033e-08,844,919,87,0.0946681175190424,0.103080568720379,"MIRNA:hsa-mir-3169","MIRNA","hsa-mir-3169",16638,1083
"1394","lightgreen",TRUE,9.45368402274997e-08,1663,919,145,0.157780195865071,0.0871918220084185,"MIRNA:hsa-mir-181c","MIRNA","hsa-mir-181c",16638,2368
"1395","lightgreen",TRUE,9.45368402274997e-08,1663,919,145,0.157780195865071,0.0871918220084185,"MIRNA:hsa-mir-181b","MIRNA","hsa-mir-181b",16638,1501
"1396","lightgreen",TRUE,9.45368402274997e-08,819,919,85,0.0924918389553863,0.103785103785104,"MIRNA:hsa-mir-4728-3p","MIRNA","hsa-mir-4728-3p",16638,1930
"1397","lightgreen",TRUE,9.45368402274997e-08,1663,919,145,0.157780195865071,0.0871918220084185,"MIRNA:hsa-mir-3180-5p","MIRNA","hsa-mir-3180-5p",16638,2668
"1398","lightgreen",TRUE,9.45368402274997e-08,1663,919,145,0.157780195865071,0.0871918220084185,"MIRNA:hsa-mir-181d","MIRNA","hsa-mir-181d",16638,2916
"1399","lightgreen",TRUE,9.49639477524333e-08,806,919,84,0.0914036996735582,0.104218362282878,"MIRNA:hsa-mir-616","MIRNA","hsa-mir-616",16638,1371
"1400","lightgreen",TRUE,9.73965724206579e-08,833,919,86,0.0935799782372144,0.103241296518607,"MIRNA:hsa-mir-503","MIRNA","hsa-mir-503",16638,2263
"1401","lightgreen",TRUE,9.74876478793987e-08,1664,919,145,0.157780195865071,0.0871394230769231,"MIRNA:hsa-mir-181a","MIRNA","hsa-mir-181a",16638,2312
"1402","lightgreen",TRUE,9.7829874034711e-08,728,919,78,0.0848748639825898,0.107142857142857,"MIRNA:hsa-mir-490-5p","MIRNA","hsa-mir-490-5p",16638,1126
"1403","lightgreen",TRUE,9.81136311635647e-08,1050,919,102,0.110990206746464,0.0971428571428571,"MIRNA:hsa-mir-1290","MIRNA","hsa-mir-1290",16638,1513
"1404","lightgreen",TRUE,1.04704208425553e-07,808,919,84,0.0914036996735582,0.103960396039604,"MIRNA:hsa-mir-199a-3p","MIRNA","hsa-mir-199a-3p",16638,1208
"1405","lightgreen",TRUE,1.04704208425553e-07,915,919,92,0.100108813928183,0.100546448087432,"MIRNA:hsa-mir-33b","MIRNA","hsa-mir-33b",16638,362
"1406","lightgreen",TRUE,1.04704208425553e-07,915,919,92,0.100108813928183,0.100546448087432,"MIRNA:hsa-mir-33a","MIRNA","hsa-mir-33a",16638,1254
"1407","lightgreen",TRUE,1.1000890050985e-07,1025,919,100,0.108813928182807,0.0975609756097561,"MIRNA:hsa-mir-548u","MIRNA","hsa-mir-548u",16638,1548
"1408","lightgreen",TRUE,1.11627865877391e-07,1277,919,118,0.128400435255713,0.0924040720438528,"MIRNA:hsa-mir-3182","MIRNA","hsa-mir-3182",16638,1993
"1409","lightgreen",TRUE,1.13237992689809e-07,770,919,81,0.088139281828074,0.105194805194805,"MIRNA:hsa-mir-3591-5p","MIRNA","hsa-mir-3591-5p",16638,1029
"1410","lightgreen",TRUE,1.13390927567732e-07,1787,919,153,0.166485310119695,0.0856183547845551,"MIRNA:hsa-mir-4768-5p","MIRNA","hsa-mir-4768-5p",16638,2649
"1411","lightgreen",TRUE,1.17360177190993e-07,877,919,89,0.0968443960826986,0.101482326111745,"MIRNA:hsa-mir-548v","MIRNA","hsa-mir-548v",16638,2455
"1412","lightgreen",TRUE,1.17912678377862e-07,784,919,82,0.0892274211099021,0.104591836734694,"MIRNA:hsa-mir-3129-5p","MIRNA","hsa-mir-3129-5p",16638,1915
"1413","lightgreen",TRUE,1.18726033520254e-07,771,919,81,0.088139281828074,0.105058365758755,"MIRNA:hsa-mir-1272","MIRNA","hsa-mir-1272",16638,2099
"1414","lightgreen",TRUE,1.19028970005856e-07,864,919,88,0.0957562568008705,0.101851851851852,"MIRNA:hsa-mir-640","MIRNA","hsa-mir-640",16638,2745
"1415","lightgreen",TRUE,1.19591564887913e-07,566,919,65,0.0707290533188248,0.114840989399293,"MIRNA:hsa-mir-4671-3p","MIRNA","hsa-mir-4671-3p",16638,901
"1416","lightgreen",TRUE,1.21288539370418e-07,959,919,95,0.103373231773667,0.0990615224191867,"MIRNA:hsa-mir-548m","MIRNA","hsa-mir-548m",16638,132
"1417","lightgreen",TRUE,1.22539592386501e-07,1351,919,123,0.133841131664853,0.0910436713545522,"MIRNA:hsa-mir-4713-5p","MIRNA","hsa-mir-4713-5p",16638,2853
"1418","lightgreen",TRUE,1.22907555960689e-07,785,919,82,0.0892274211099021,0.104458598726115,"MIRNA:hsa-mir-199b-3p","MIRNA","hsa-mir-199b-3p",16638,723
"1419","lightgreen",TRUE,1.26281510536171e-07,720,919,77,0.0837867247007617,0.106944444444444,"MIRNA:hsa-mir-556-3p","MIRNA","hsa-mir-556-3p",16638,2335
"1420","lightgreen",TRUE,1.28840479111092e-07,839,919,86,0.0935799782372144,0.102502979737783,"MIRNA:hsa-mir-567","MIRNA","hsa-mir-567",16638,334
"1421","lightgreen",TRUE,1.29712509535741e-07,947,919,94,0.102285092491839,0.0992608236536431,"MIRNA:hsa-mir-573","MIRNA","hsa-mir-573",16638,1820
"1422","lightgreen",TRUE,1.29712509535741e-07,947,919,94,0.102285092491839,0.0992608236536431,"MIRNA:hsa-mir-3616-5p","MIRNA","hsa-mir-3616-5p",16638,2283
"1423","lightgreen",TRUE,1.31436112508027e-07,1353,919,123,0.133841131664853,0.0909090909090909,"MIRNA:hsa-mir-3663-5p","MIRNA","hsa-mir-3663-5p",16638,2209
"1424","lightgreen",TRUE,1.33604549295829e-07,907,919,91,0.0990206746463547,0.100330760749724,"MIRNA:hsa-mir-600","MIRNA","hsa-mir-600",16638,1238
"1425","lightgreen",TRUE,1.35790290385928e-07,1044,919,101,0.109902067464635,0.0967432950191571,"MIRNA:hsa-mir-335","MIRNA","hsa-mir-335",16638,697
"1426","lightgreen",TRUE,1.47504466743897e-07,1515,919,134,0.145810663764962,0.0884488448844885,"MIRNA:hsa-mir-548ah","MIRNA","hsa-mir-548ah",16638,1186
"1427","lightgreen",TRUE,1.52166035761326e-07,2128,919,175,0.190424374319913,0.0822368421052632,"MIRNA:hsa-mir-520h","MIRNA","hsa-mir-520h",16638,2465
"1428","lightgreen",TRUE,1.59977980552401e-07,1145,919,108,0.117519042437432,0.0943231441048035,"MIRNA:hsa-mir-3928","MIRNA","hsa-mir-3928",16638,140
"1429","lightgreen",TRUE,1.74914602646534e-07,1008,919,98,0.106637649619151,0.0972222222222222,"MIRNA:hsa-mir-139-5p","MIRNA","hsa-mir-139-5p",16638,596
"1430","lightgreen",TRUE,1.75928876309153e-07,899,919,90,0.0979325353645267,0.100111234705228,"MIRNA:hsa-mir-3647-5p","MIRNA","hsa-mir-3647-5p",16638,3007
"1431","lightgreen",TRUE,1.79692535237344e-07,1462,919,130,0.14145810663765,0.0889192886456908,"MIRNA:hsa-mir-16-5p","MIRNA","hsa-mir-16-5p",16638,335
"1432","lightgreen",TRUE,1.83668908368021e-07,806,919,83,0.0903155603917301,0.102977667493797,"MIRNA:hsa-mir-4503","MIRNA","hsa-mir-4503",16638,2044
"1433","lightgreen",TRUE,1.83676269831106e-07,573,919,65,0.0707290533188248,0.113438045375218,"MIRNA:hsa-mir-4703-3p","MIRNA","hsa-mir-4703-3p",16638,2633
"1434","lightgreen",TRUE,1.85031768537585e-07,701,919,75,0.0816104461371056,0.106990014265335,"MIRNA:hsa-mir-323b-3p","MIRNA","hsa-mir-323b-3p",16638,1296
"1435","lightgreen",TRUE,1.91501377742992e-07,928,919,92,0.100108813928183,0.0991379310344828,"MIRNA:hsa-mir-4524","MIRNA","hsa-mir-4524",16638,1632
"1436","lightgreen",TRUE,1.99486436790672e-07,821,919,84,0.0914036996735582,0.10231425091352,"MIRNA:hsa-mir-3607-5p","MIRNA","hsa-mir-3607-5p",16638,286
"1437","lightgreen",TRUE,2.16349631427945e-07,743,919,78,0.0848748639825898,0.104979811574697,"MIRNA:hsa-mir-4760-5p","MIRNA","hsa-mir-4760-5p",16638,680
"1438","lightgreen",TRUE,2.3330234788916e-07,824,919,84,0.0914036996735582,0.101941747572816,"MIRNA:hsa-mir-485-3p","MIRNA","hsa-mir-485-3p",16638,892
"1439","lightgreen",TRUE,2.3330234788916e-07,1310,919,119,0.129488574537541,0.0908396946564885,"MIRNA:hsa-mir-4794","MIRNA","hsa-mir-4794",16638,2359
"1440","lightgreen",TRUE,2.45837849704841e-07,680,919,73,0.0794341675734494,0.107352941176471,"MIRNA:hsa-mir-19b-3p","MIRNA","hsa-mir-19b-3p",16638,2575
"1441","lightgreen",TRUE,2.53189325801987e-07,1413,919,126,0.137105549510337,0.089171974522293,"MIRNA:hsa-mir-527","MIRNA","hsa-mir-527",16638,345
"1442","lightgreen",TRUE,2.54719854191379e-07,975,919,95,0.103373231773667,0.0974358974358974,"MIRNA:hsa-mir-4776-3p","MIRNA","hsa-mir-4776-3p",16638,2650
"1443","lightgreen",TRUE,2.5658708499131e-07,655,919,71,0.0772578890097933,0.108396946564885,"MIRNA:hsa-mir-4312","MIRNA","hsa-mir-4312",16638,1793
"1444","lightgreen",TRUE,2.5658708499131e-07,1114,919,105,0.114254624591948,0.0942549371633752,"MIRNA:hsa-mir-4709-3p","MIRNA","hsa-mir-4709-3p",16638,1172
"1445","lightgreen",TRUE,2.70751582387441e-07,1214,919,112,0.121871599564744,0.0922570016474465,"MIRNA:hsa-mir-4717-3p","MIRNA","hsa-mir-4717-3p",16638,2187
"1446","lightgreen",TRUE,2.71035747622783e-07,1415,919,126,0.137105549510337,0.0890459363957597,"MIRNA:hsa-mir-518a-5p","MIRNA","hsa-mir-518a-5p",16638,1746
"1447","lightgreen",TRUE,2.71035747622783e-07,881,919,88,0.0957562568008705,0.0998864926220204,"MIRNA:hsa-mir-4642","MIRNA","hsa-mir-4642",16638,1986
"1448","lightgreen",TRUE,2.84361585663504e-07,1344,919,121,0.131664853101197,0.0900297619047619,"MIRNA:hsa-mir-3121-3p","MIRNA","hsa-mir-3121-3p",16638,1620
"1449","lightgreen",TRUE,2.94705832843475e-07,543,919,62,0.0674646354733406,0.114180478821363,"MIRNA:hsa-mir-4759","MIRNA","hsa-mir-4759",16638,1012
"1450","lightgreen",TRUE,3.4379583738874e-07,673,919,72,0.0783460282916213,0.106983655274889,"MIRNA:hsa-mir-4774-3p","MIRNA","hsa-mir-4774-3p",16638,939
"1451","lightgreen",TRUE,3.84908253592836e-07,807,919,82,0.0892274211099021,0.101610904584882,"MIRNA:hsa-mir-548b-3p","MIRNA","hsa-mir-548b-3p",16638,3001
"1452","lightgreen",TRUE,3.86399701574173e-07,929,919,91,0.0990206746463547,0.0979547900968784,"MIRNA:hsa-mir-4797-3p","MIRNA","hsa-mir-4797-3p",16638,1627
"1453","lightgreen",TRUE,4.04298058726525e-07,768,919,79,0.0859630032644178,0.102864583333333,"MIRNA:hsa-mir-651","MIRNA","hsa-mir-651",16638,1447
"1454","lightgreen",TRUE,4.04298058726525e-07,702,919,74,0.0805223068552775,0.105413105413105,"MIRNA:hsa-mir-4424","MIRNA","hsa-mir-4424",16638,2634
"1455","lightgreen",TRUE,4.15771130335717e-07,599,919,66,0.0718171926006529,0.110183639398998,"MIRNA:hsa-mir-219-2-3p","MIRNA","hsa-mir-219-2-3p",16638,469
"1456","lightgreen",TRUE,4.36766423727154e-07,823,919,83,0.0903155603917301,0.100850546780073,"MIRNA:hsa-mir-1178","MIRNA","hsa-mir-1178",16638,1790
"1457","lightgreen",TRUE,4.48023869826884e-07,1015,919,97,0.105549510337323,0.0955665024630542,"MIRNA:hsa-mir-1303","MIRNA","hsa-mir-1303",16638,1771
"1458","lightgreen",TRUE,4.49630887981276e-07,626,919,68,0.073993471164309,0.108626198083067,"MIRNA:hsa-mir-4320","MIRNA","hsa-mir-4320",16638,1900
"1459","lightgreen",TRUE,4.73830357469001e-07,1386,919,123,0.133841131664853,0.0887445887445888,"MIRNA:hsa-mir-3926","MIRNA","hsa-mir-3926",16638,2831
"1460","lightgreen",TRUE,4.74214127516336e-07,1606,919,138,0.150163220892274,0.0859277708592777,"MIRNA:hsa-mir-4291","MIRNA","hsa-mir-4291",16638,1609
"1461","lightgreen",TRUE,4.9349755344091e-07,1286,919,116,0.126224156692057,0.0902021772939347,"MIRNA:hsa-mir-92a-3p","MIRNA","hsa-mir-92a-3p",16638,3022
"1462","lightgreen",TRUE,5.05149599219294e-07,1301,919,117,0.127312295973885,0.0899308224442736,"MIRNA:hsa-mir-1208","MIRNA","hsa-mir-1208",16638,557
"1463","lightgreen",TRUE,5.08923331831936e-07,1359,919,121,0.131664853101197,0.0890360559234731,"MIRNA:hsa-mir-3187-3p","MIRNA","hsa-mir-3187-3p",16638,2225
"1464","lightgreen",TRUE,5.17462330719718e-07,1173,919,108,0.117519042437432,0.0920716112531969,"MIRNA:hsa-mir-145","MIRNA","hsa-mir-145",16638,1618
"1465","lightgreen",TRUE,5.32862907051501e-07,895,919,88,0.0957562568008705,0.0983240223463687,"MIRNA:hsa-mir-4705","MIRNA","hsa-mir-4705",16638,2258
"1466","lightgreen",TRUE,5.35377709168323e-07,747,919,77,0.0837867247007617,0.103078982597055,"MIRNA:hsa-mir-4720-3p","MIRNA","hsa-mir-4720-3p",16638,863
"1467","lightgreen",TRUE,5.55458840242484e-07,1076,919,101,0.109902067464635,0.0938661710037175,"MIRNA:hsa-mir-212","MIRNA","hsa-mir-212",16638,1091
"1468","lightgreen",TRUE,5.55458840242484e-07,1076,919,101,0.109902067464635,0.0938661710037175,"MIRNA:hsa-mir-132","MIRNA","hsa-mir-132",16638,2401
"1469","lightgreen",TRUE,5.74510325262847e-07,1479,919,129,0.140369967355822,0.0872210953346856,"MIRNA:hsa-mir-4311","MIRNA","hsa-mir-4311",16638,16
"1470","lightgreen",TRUE,6.01919945387154e-07,1106,919,103,0.112078346028292,0.093128390596745,"MIRNA:hsa-mir-513c","MIRNA","hsa-mir-513c",16638,3032
"1471","lightgreen",TRUE,6.06737906721404e-07,542,919,61,0.0663764961915125,0.112546125461255,"MIRNA:hsa-mir-584","MIRNA","hsa-mir-584",16638,338
"1472","lightgreen",TRUE,6.93992650913603e-07,1223,919,111,0.120783460282916,0.0907604251839738,"MIRNA:hsa-mir-4261","MIRNA","hsa-mir-4261",16638,2890
"1473","lightgreen",TRUE,7.09925082267439e-07,833,919,83,0.0903155603917301,0.099639855942377,"MIRNA:hsa-mir-4693-5p","MIRNA","hsa-mir-4693-5p",16638,2499
"1474","lightgreen",TRUE,7.1752660146737e-07,998,919,95,0.103373231773667,0.095190380761523,"MIRNA:hsa-mir-1304","MIRNA","hsa-mir-1304",16638,1573
"1475","lightgreen",TRUE,7.44850833647105e-07,1634,919,139,0.151251360174102,0.0850673194614443,"MIRNA:hsa-mir-362-3p","MIRNA","hsa-mir-362-3p",16638,933
"1476","lightgreen",TRUE,8.23484677018786e-07,1213,919,110,0.119695321001088,0.090684253915911,"MIRNA:hsa-mir-19a","MIRNA","hsa-mir-19a",16638,771
"1477","lightgreen",TRUE,8.23484677018786e-07,1213,919,110,0.119695321001088,0.090684253915911,"MIRNA:hsa-mir-19b","MIRNA","hsa-mir-19b",16638,1387
"1478","lightgreen",TRUE,8.43161973250797e-07,796,919,80,0.0870511425462459,0.100502512562814,"MIRNA:hsa-mir-4509","MIRNA","hsa-mir-4509",16638,1203
"1479","lightgreen",TRUE,8.47577351405689e-07,460,919,54,0.058759521218716,0.117391304347826,"MIRNA:hsa-mir-3146","MIRNA","hsa-mir-3146",16638,3026
"1480","lightgreen",TRUE,8.77089882608353e-07,1301,919,116,0.126224156692057,0.0891621829362029,"MIRNA:hsa-mir-664","MIRNA","hsa-mir-664",16638,879
"1481","lightgreen",TRUE,9.48061674239178e-07,377,919,47,0.0511425462459195,0.124668435013263,"MIRNA:hsa-mir-554","MIRNA","hsa-mir-554",16638,1193
"1482","lightgreen",TRUE,9.71076568693726e-07,1075,919,100,0.108813928182807,0.0930232558139535,"MIRNA:hsa-mir-4802-3p","MIRNA","hsa-mir-4802-3p",16638,2325
"1483","lightgreen",TRUE,1.00725046418535e-06,706,919,73,0.0794341675734494,0.103399433427762,"MIRNA:hsa-mir-215-5p","MIRNA","hsa-mir-215-5p",16638,1142
"1484","lightgreen",TRUE,1.01090743070258e-06,1076,919,100,0.108813928182807,0.0929368029739777,"MIRNA:hsa-mir-4700-3p","MIRNA","hsa-mir-4700-3p",16638,571
"1485","lightgreen",TRUE,1.02746230414182e-06,733,919,75,0.0816104461371056,0.102319236016371,"MIRNA:hsa-mir-1245","MIRNA","hsa-mir-1245",16638,646
"1486","lightgreen",TRUE,1.07142033129652e-06,828,919,82,0.0892274211099021,0.0990338164251208,"MIRNA:hsa-mir-936","MIRNA","hsa-mir-936",16638,1753
"1487","lightgreen",TRUE,1.07146500366644e-06,1526,919,131,0.142546245919478,0.0858453473132372,"MIRNA:hsa-mir-103a","MIRNA","hsa-mir-103a",16638,1329
"1488","lightgreen",TRUE,1.07146500366644e-06,1467,919,127,0.138193688792165,0.0865712338104976,"MIRNA:hsa-mir-548an","MIRNA","hsa-mir-548an",16638,1736
"1489","lightgreen",TRUE,1.07633380973318e-06,681,919,71,0.0772578890097933,0.104258443465492,"MIRNA:hsa-mir-618","MIRNA","hsa-mir-618",16638,1066
"1490","lightgreen",TRUE,1.08196781705578e-06,842,919,83,0.0903155603917301,0.0985748218527316,"MIRNA:hsa-mir-3200-5p","MIRNA","hsa-mir-3200-5p",16638,1920
"1491","lightgreen",TRUE,1.08196781705578e-06,1092,919,101,0.109902067464635,0.0924908424908425,"MIRNA:hsa-mir-4303","MIRNA","hsa-mir-4303",16638,544
"1492","lightgreen",TRUE,1.09057033921699e-06,1064,919,99,0.107725788900979,0.0930451127819549,"MIRNA:hsa-mir-4724-5p","MIRNA","hsa-mir-4724-5p",16638,2264
"1493","lightgreen",TRUE,1.09108604022868e-06,464,919,54,0.058759521218716,0.116379310344828,"MIRNA:hsa-mir-3144-3p","MIRNA","hsa-mir-3144-3p",16638,245
"1494","lightgreen",TRUE,1.11275248162089e-06,870,919,85,0.0924918389553863,0.0977011494252874,"MIRNA:hsa-mir-1257","MIRNA","hsa-mir-1257",16638,2295
"1495","lightgreen",TRUE,1.1412873700835e-06,789,919,79,0.0859630032644178,0.100126742712294,"MIRNA:hsa-mir-3927","MIRNA","hsa-mir-3927",16638,520
"1496","lightgreen",TRUE,1.212661412891e-06,478,919,55,0.0598476605005441,0.115062761506276,"MIRNA:hsa-mir-3935","MIRNA","hsa-mir-3935",16638,246
"1497","lightgreen",TRUE,1.21682724282671e-06,618,919,66,0.0718171926006529,0.106796116504854,"MIRNA:hsa-mir-129-3p","MIRNA","hsa-mir-129-3p",16638,468
"1498","lightgreen",TRUE,1.22742562400622e-06,1845,919,152,0.165397170837867,0.0823848238482385,"MIRNA:hsa-mir-4438","MIRNA","hsa-mir-4438",16638,2659
"1499","lightgreen",TRUE,1.23986481527231e-06,997,919,94,0.102285092491839,0.0942828485456369,"MIRNA:hsa-mir-4318","MIRNA","hsa-mir-4318",16638,2064
"1500","lightgreen",TRUE,1.24452829771086e-06,900,919,87,0.0946681175190424,0.0966666666666667,"MIRNA:hsa-mir-3913-3p","MIRNA","hsa-mir-3913-3p",16638,1550
"1501","lightgreen",TRUE,1.27157971314208e-06,873,919,85,0.0924918389553863,0.0973654066437572,"MIRNA:hsa-mir-433","MIRNA","hsa-mir-433",16638,2244
"1502","lightgreen",TRUE,1.29194631898897e-06,846,919,83,0.0903155603917301,0.0981087470449173,"MIRNA:hsa-mir-4714-5p","MIRNA","hsa-mir-4714-5p",16638,905
"1503","lightgreen",TRUE,1.31577644681702e-06,1240,919,111,0.120783460282916,0.0895161290322581,"MIRNA:hsa-mir-3678-3p","MIRNA","hsa-mir-3678-3p",16638,1672
"1504","lightgreen",TRUE,1.31653783035848e-06,1083,919,100,0.108813928182807,0.0923361034164358,"MIRNA:hsa-mir-1271","MIRNA","hsa-mir-1271",16638,1932
"1505","lightgreen",TRUE,1.31653783035848e-06,1083,919,100,0.108813928182807,0.0923361034164358,"MIRNA:hsa-mir-96","MIRNA","hsa-mir-96",16638,620
"1506","lightgreen",TRUE,1.34672431842426e-06,847,919,83,0.0903155603917301,0.0979929161747344,"MIRNA:hsa-mir-4744","MIRNA","hsa-mir-4744",16638,458
"1507","lightgreen",TRUE,1.36281444396778e-06,1940,919,158,0.171926006528836,0.0814432989690722,"MIRNA:hsa-mir-128","MIRNA","hsa-mir-128",16638,1958
"1508","lightgreen",TRUE,1.36679314390166e-06,793,919,79,0.0859630032644178,0.0996216897856242,"MIRNA:hsa-mir-4697-3p","MIRNA","hsa-mir-4697-3p",16638,317
"1509","lightgreen",TRUE,1.39472619146831e-06,753,919,76,0.0826985854189336,0.100929614873838,"MIRNA:hsa-mir-632","MIRNA","hsa-mir-632",16638,2009
"1510","lightgreen",TRUE,1.41404986142802e-06,608,919,65,0.0707290533188248,0.106907894736842,"MIRNA:hsa-mir-4490","MIRNA","hsa-mir-4490",16638,1794
"1511","lightgreen",TRUE,1.46037473854774e-06,1403,919,122,0.132752992383025,0.0869565217391304,"MIRNA:hsa-mir-4773","MIRNA","hsa-mir-4773",16638,2271
"1512","lightgreen",TRUE,1.48606750647961e-06,1186,919,107,0.116430903155604,0.0902192242833052,"MIRNA:hsa-mir-148a","MIRNA","hsa-mir-148a",16638,1196
"1513","lightgreen",TRUE,1.48606750647961e-06,1186,919,107,0.116430903155604,0.0902192242833052,"MIRNA:hsa-mir-152","MIRNA","hsa-mir-152",16638,999
"1514","lightgreen",TRUE,1.48606750647961e-06,1186,919,107,0.116430903155604,0.0902192242833052,"MIRNA:hsa-mir-148b","MIRNA","hsa-mir-148b",16638,1974
"1515","lightgreen",TRUE,1.50038054313549e-06,960,919,91,0.0990206746463547,0.0947916666666667,"MIRNA:hsa-mir-3591-3p","MIRNA","hsa-mir-3591-3p",16638,1312
"1516","lightgreen",TRUE,1.52508723386966e-06,1478,919,127,0.138193688792165,0.0859269282814614,"MIRNA:hsa-mir-642b","MIRNA","hsa-mir-642b",16638,2816
"1517","lightgreen",TRUE,1.54102393431899e-06,919,919,88,0.0957562568008705,0.0957562568008705,"MIRNA:hsa-mir-1183","MIRNA","hsa-mir-1183",16638,2881
"1518","lightgreen",TRUE,1.54969876542372e-06,520,919,58,0.0631120783460283,0.111538461538462,"MIRNA:hsa-mir-181a-5p","MIRNA","hsa-mir-181a-5p",16638,3043
"1519","lightgreen",TRUE,1.59074574632978e-06,1613,919,136,0.147986942328618,0.0843149411035338,"MIRNA:hsa-mir-4793-3p","MIRNA","hsa-mir-4793-3p",16638,2775
"1520","lightgreen",TRUE,1.59915103000364e-06,1074,919,99,0.107725788900979,0.0921787709497207,"MIRNA:hsa-mir-4663","MIRNA","hsa-mir-4663",16638,767
"1521","lightgreen",TRUE,1.63586761965825e-06,1348,919,118,0.128400435255713,0.0875370919881306,"MIRNA:hsa-mir-197","MIRNA","hsa-mir-197",16638,2513
"1522","lightgreen",TRUE,1.63586761965825e-06,770,919,77,0.0837867247007617,0.1,"MIRNA:hsa-mir-582-3p","MIRNA","hsa-mir-582-3p",16638,1901
"1523","lightgreen",TRUE,1.6704217195624e-06,921,919,88,0.0957562568008705,0.0955483170466884,"MIRNA:hsa-mir-888","MIRNA","hsa-mir-888",16638,2929
"1524","lightgreen",TRUE,1.6704217195624e-06,757,919,76,0.0826985854189336,0.100396301188904,"MIRNA:hsa-mir-4712-3p","MIRNA","hsa-mir-4712-3p",16638,1089
"1525","lightgreen",TRUE,1.70018605414532e-06,2025,919,163,0.177366702937976,0.0804938271604938,"MIRNA:hsa-mir-15a","MIRNA","hsa-mir-15a",16638,2474
"1526","lightgreen",TRUE,1.70018605414532e-06,2025,919,163,0.177366702937976,0.0804938271604938,"MIRNA:hsa-mir-424","MIRNA","hsa-mir-424",16638,2207
"1527","lightgreen",TRUE,1.70018605414532e-06,2025,919,163,0.177366702937976,0.0804938271604938,"MIRNA:hsa-mir-195","MIRNA","hsa-mir-195",16638,1584
"1528","lightgreen",TRUE,1.70018605414532e-06,2025,919,163,0.177366702937976,0.0804938271604938,"MIRNA:hsa-mir-497","MIRNA","hsa-mir-497",16638,2108
"1529","lightgreen",TRUE,1.70018605414532e-06,2025,919,163,0.177366702937976,0.0804938271604938,"MIRNA:hsa-mir-15b","MIRNA","hsa-mir-15b",16638,1325
"1530","lightgreen",TRUE,1.70018605414532e-06,894,919,86,0.0935799782372144,0.0961968680089485,"MIRNA:hsa-mir-4432","MIRNA","hsa-mir-4432",16638,2391
"1531","lightgreen",TRUE,1.70018605414532e-06,638,919,67,0.072905331882481,0.105015673981191,"MIRNA:hsa-mir-921","MIRNA","hsa-mir-921",16638,2066
"1532","lightgreen",TRUE,1.70018605414532e-06,2025,919,163,0.177366702937976,0.0804938271604938,"MIRNA:hsa-mir-16","MIRNA","hsa-mir-16",16638,2501
"1533","lightgreen",TRUE,1.80238050655481e-06,923,919,88,0.0957562568008705,0.09534127843987,"MIRNA:hsa-mir-3140-5p","MIRNA","hsa-mir-3140-5p",16638,2580
"1534","lightgreen",TRUE,1.8318961465308e-06,827,919,81,0.088139281828074,0.097944377267231,"MIRNA:hsa-mir-4502","MIRNA","hsa-mir-4502",16638,1103
"1535","lightgreen",TRUE,1.85702843988108e-06,1064,919,98,0.106637649619151,0.0921052631578947,"MIRNA:hsa-mir-1","MIRNA","hsa-mir-1",16638,2764
"1536","lightgreen",TRUE,1.85702843988108e-06,473,919,54,0.058759521218716,0.114164904862579,"MIRNA:hsa-mir-219-5p","MIRNA","hsa-mir-219-5p",16638,631
"1537","lightgreen",TRUE,1.92768664319017e-06,1065,919,98,0.106637649619151,0.092018779342723,"MIRNA:hsa-mir-29c","MIRNA","hsa-mir-29c",16638,2559
"1538","lightgreen",TRUE,1.92768664319017e-06,1065,919,98,0.106637649619151,0.092018779342723,"MIRNA:hsa-mir-29b","MIRNA","hsa-mir-29b",16638,2136
"1539","lightgreen",TRUE,1.92768664319017e-06,1065,919,98,0.106637649619151,0.092018779342723,"MIRNA:hsa-mir-29a","MIRNA","hsa-mir-29a",16638,1379
"1540","lightgreen",TRUE,1.9465878806776e-06,667,919,69,0.0750816104461371,0.103448275862069,"MIRNA:hsa-mir-505","MIRNA","hsa-mir-505",16638,388
"1541","lightgreen",TRUE,2.0168430373483e-06,898,919,86,0.0935799782372144,0.0957683741648107,"MIRNA:hsa-mir-4682","MIRNA","hsa-mir-4682",16638,54
"1542","lightgreen",TRUE,2.09547597743578e-06,1268,919,112,0.121871599564744,0.0883280757097792,"MIRNA:hsa-mir-583","MIRNA","hsa-mir-583",16638,928
"1543","lightgreen",TRUE,2.09591450296651e-06,1167,919,105,0.114254624591948,0.089974293059126,"MIRNA:hsa-mir-514b-5p","MIRNA","hsa-mir-514b-5p",16638,447
"1544","lightgreen",TRUE,2.16129186780009e-06,1489,919,127,0.138193688792165,0.0852921423774345,"MIRNA:hsa-mir-532-3p","MIRNA","hsa-mir-532-3p",16638,53
"1545","lightgreen",TRUE,2.18920371737415e-06,539,919,59,0.0642002176278564,0.109461966604824,"MIRNA:hsa-mir-3682-3p","MIRNA","hsa-mir-3682-3p",16638,3020
"1546","lightgreen",TRUE,2.19186352533835e-06,1197,919,107,0.116430903155604,0.089390142021721,"MIRNA:hsa-mir-1273e","MIRNA","hsa-mir-1273e",16638,2142
"1547","lightgreen",TRUE,2.23920014495955e-06,750,919,75,0.0816104461371056,0.1,"MIRNA:hsa-mir-4288","MIRNA","hsa-mir-4288",16638,48
"1548","lightgreen",TRUE,2.2477286909256e-06,818,919,80,0.0870511425462459,0.097799511002445,"MIRNA:hsa-mir-1298","MIRNA","hsa-mir-1298",16638,2768
"1549","lightgreen",TRUE,2.38838455146692e-06,515,919,57,0.0620239390642002,0.110679611650485,"MIRNA:hsa-mir-4796-5p","MIRNA","hsa-mir-4796-5p",16638,2072
"1550","lightgreen",TRUE,2.51927178518576e-06,672,919,69,0.0750816104461371,0.102678571428571,"MIRNA:hsa-mir-3654","MIRNA","hsa-mir-3654",16638,606
"1551","lightgreen",TRUE,2.52615838978063e-06,766,919,76,0.0826985854189336,0.0992167101827676,"MIRNA:hsa-mir-3174","MIRNA","hsa-mir-3174",16638,848
"1552","lightgreen",TRUE,2.61761950042766e-06,1016,919,94,0.102285092491839,0.0925196850393701,"MIRNA:hsa-mir-375","MIRNA","hsa-mir-375",16638,1772
"1553","lightgreen",TRUE,2.67588870553898e-06,1275,919,112,0.121871599564744,0.087843137254902,"MIRNA:hsa-mir-367","MIRNA","hsa-mir-367",16638,301
"1554","lightgreen",TRUE,2.67588870553898e-06,1275,919,112,0.121871599564744,0.087843137254902,"MIRNA:hsa-mir-25","MIRNA","hsa-mir-25",16638,762
"1555","lightgreen",TRUE,2.67588870553898e-06,1275,919,112,0.121871599564744,0.087843137254902,"MIRNA:hsa-mir-32","MIRNA","hsa-mir-32",16638,2261
"1556","lightgreen",TRUE,2.67588870553898e-06,1275,919,112,0.121871599564744,0.087843137254902,"MIRNA:hsa-mir-363","MIRNA","hsa-mir-363",16638,2208
"1557","lightgreen",TRUE,2.67588870553898e-06,1275,919,112,0.121871599564744,0.087843137254902,"MIRNA:hsa-mir-92a","MIRNA","hsa-mir-92a",16638,858
"1558","lightgreen",TRUE,2.67588870553898e-06,1275,919,112,0.121871599564744,0.087843137254902,"MIRNA:hsa-mir-92b","MIRNA","hsa-mir-92b",16638,2999
"1559","lightgreen",TRUE,2.76324824318103e-06,674,919,69,0.0750816104461371,0.102373887240356,"MIRNA:hsa-mir-4804-3p","MIRNA","hsa-mir-4804-3p",16638,2035
"1560","lightgreen",TRUE,2.85040041614362e-06,688,919,70,0.0761697497279652,0.101744186046512,"MIRNA:hsa-mir-30a-5p","MIRNA","hsa-mir-30a-5p",16638,1497
"1561","lightgreen",TRUE,2.85040041614362e-06,1394,919,120,0.130576713819369,0.0860832137733142,"MIRNA:hsa-mir-764","MIRNA","hsa-mir-764",16638,420
"1562","lightgreen",TRUE,2.85040041614362e-06,962,919,90,0.0979325353645267,0.0935550935550936,"MIRNA:hsa-mir-4273","MIRNA","hsa-mir-4273",16638,2428
"1563","lightgreen",TRUE,2.95954923900975e-06,1469,919,125,0.136017410228509,0.0850918992511913,"MIRNA:hsa-mir-2110","MIRNA","hsa-mir-2110",16638,588
"1564","lightgreen",TRUE,3.06711297221503e-06,610,919,64,0.0696409140369967,0.104918032786885,"MIRNA:hsa-mir-555","MIRNA","hsa-mir-555",16638,2344
"1565","lightgreen",TRUE,3.08525120504061e-06,978,919,91,0.0990206746463547,0.0930470347648262,"MIRNA:hsa-mir-4645-3p","MIRNA","hsa-mir-4645-3p",16638,2221
"1566","lightgreen",TRUE,3.12214029989885e-06,1106,919,100,0.108813928182807,0.0904159132007233,"MIRNA:hsa-mir-206","MIRNA","hsa-mir-206",16638,614
"1567","lightgreen",TRUE,3.16054678298221e-06,1135,919,102,0.110990206746464,0.0898678414096916,"MIRNA:hsa-mir-143","MIRNA","hsa-mir-143",16638,672
"1568","lightgreen",TRUE,3.25349117281775e-06,495,919,55,0.0598476605005441,0.111111111111111,"MIRNA:hsa-mir-4782-3p","MIRNA","hsa-mir-4782-3p",16638,2748
"1569","lightgreen",TRUE,3.61302326006562e-06,535,919,58,0.0631120783460283,0.108411214953271,"MIRNA:hsa-mir-1251","MIRNA","hsa-mir-1251",16638,930
"1570","lightgreen",TRUE,3.91593144718565e-06,1083,919,98,0.106637649619151,0.0904893813481071,"MIRNA:hsa-mir-613","MIRNA","hsa-mir-613",16638,2804
"1571","lightgreen",TRUE,3.94585374264005e-06,1315,919,114,0.1240478781284,0.0866920152091255,"MIRNA:hsa-mir-506","MIRNA","hsa-mir-506",16638,2451
"1572","lightgreen",TRUE,3.94585374264005e-06,1315,919,114,0.1240478781284,0.0866920152091255,"MIRNA:hsa-mir-124","MIRNA","hsa-mir-124",16638,1880
"1573","lightgreen",TRUE,3.94949800037801e-06,1184,919,105,0.114254624591948,0.0886824324324324,"MIRNA:hsa-mir-1260","MIRNA","hsa-mir-1260",16638,2549
"1574","lightgreen",TRUE,4.01260653117445e-06,1932,919,155,0.168661588683351,0.0802277432712215,"MIRNA:hsa-mir-4279","MIRNA","hsa-mir-4279",16638,1910
"1575","lightgreen",TRUE,4.17087162363646e-06,1171,919,104,0.11316648531012,0.0888129803586678,"MIRNA:hsa-mir-623","MIRNA","hsa-mir-623",16638,2961
"1576","lightgreen",TRUE,4.22080280582158e-06,616,919,64,0.0696409140369967,0.103896103896104,"MIRNA:hsa-mir-92b-3p","MIRNA","hsa-mir-92b-3p",16638,2006
"1577","lightgreen",TRUE,4.23965520402978e-06,1014,919,93,0.101196953210011,0.0917159763313609,"MIRNA:hsa-mir-20a-5p","MIRNA","hsa-mir-20a-5p",16638,1580
"1578","lightgreen",TRUE,4.25172521453029e-06,791,919,77,0.0837867247007617,0.0973451327433628,"MIRNA:hsa-mir-4266","MIRNA","hsa-mir-4266",16638,2527
"1579","lightgreen",TRUE,4.28561366909922e-06,1143,919,102,0.110990206746464,0.089238845144357,"MIRNA:hsa-mir-1248","MIRNA","hsa-mir-1248",16638,1056
"1580","lightgreen",TRUE,4.48571523552929e-06,526,919,57,0.0620239390642002,0.108365019011407,"MIRNA:hsa-mir-130b-3p","MIRNA","hsa-mir-130b-3p",16638,1398
"1581","lightgreen",TRUE,4.50393248346016e-06,903,919,85,0.0924918389553863,0.0941306755260244,"MIRNA:hsa-mir-3145-5p","MIRNA","hsa-mir-3145-5p",16638,735
"1582","lightgreen",TRUE,4.50393248346016e-06,903,919,85,0.0924918389553863,0.0941306755260244,"MIRNA:hsa-mir-2116","MIRNA","hsa-mir-2116",16638,401
"1583","lightgreen",TRUE,4.58281769323221e-06,1542,919,129,0.140369967355822,0.0836575875486381,"MIRNA:hsa-mir-4797-5p","MIRNA","hsa-mir-4797-5p",16638,770
"1584","lightgreen",TRUE,4.67051178577416e-06,876,919,83,0.0903155603917301,0.0947488584474886,"MIRNA:hsa-mir-4695-3p","MIRNA","hsa-mir-4695-3p",16638,2349
"1585","lightgreen",TRUE,4.94308403649495e-06,464,919,52,0.0565832426550598,0.112068965517241,"MIRNA:hsa-mir-4473","MIRNA","hsa-mir-4473",16638,1156
"1586","lightgreen",TRUE,5.48186141455264e-06,1820,919,147,0.159956474428727,0.0807692307692308,"MIRNA:hsa-mir-508-5p","MIRNA","hsa-mir-508-5p",16638,1081
"1587","lightgreen",TRUE,5.53216115098554e-06,964,919,89,0.0968443960826986,0.0923236514522822,"MIRNA:hsa-mir-483-3p","MIRNA","hsa-mir-483-3p",16638,804
"1588","lightgreen",TRUE,5.53216115098554e-06,852,919,81,0.088139281828074,0.0950704225352113,"MIRNA:hsa-mir-3688-5p","MIRNA","hsa-mir-3688-5p",16638,871
"1589","lightgreen",TRUE,5.53270160326739e-06,504,919,55,0.0598476605005441,0.109126984126984,"MIRNA:hsa-mir-28-3p","MIRNA","hsa-mir-28-3p",16638,11
"1590","lightgreen",TRUE,5.56576468584943e-06,1208,919,106,0.115342763873776,0.0877483443708609,"MIRNA:hsa-mir-544","MIRNA","hsa-mir-544",16638,2256
"1591","lightgreen",TRUE,5.62109124404068e-06,569,919,60,0.0652883569096844,0.105448154657293,"MIRNA:hsa-mir-4280","MIRNA","hsa-mir-4280",16638,1449
"1592","lightgreen",TRUE,5.73067406371016e-06,1960,919,156,0.16974972796518,0.0795918367346939,"MIRNA:hsa-mir-4755-3p","MIRNA","hsa-mir-4755-3p",16638,1709
"1593","lightgreen",TRUE,5.76827933611715e-06,1180,919,104,0.11316648531012,0.088135593220339,"MIRNA:hsa-mir-4457","MIRNA","hsa-mir-4457",16638,1210
"1594","lightgreen",TRUE,5.93438467220167e-06,980,919,90,0.0979325353645267,0.0918367346938776,"MIRNA:hsa-mir-4680-5p","MIRNA","hsa-mir-4680-5p",16638,2904
"1595","lightgreen",TRUE,5.96119987972784e-06,966,919,89,0.0968443960826986,0.0921325051759834,"MIRNA:hsa-mir-624","MIRNA","hsa-mir-624",16638,1569
"1596","lightgreen",TRUE,6.02027214213896e-06,1641,919,135,0.14689880304679,0.0822669104204753,"MIRNA:hsa-mir-107","MIRNA","hsa-mir-107",16638,2945
"1597","lightgreen",TRUE,6.04169766736149e-06,1066,919,96,0.104461371055495,0.0900562851782364,"MIRNA:hsa-mir-4677-5p","MIRNA","hsa-mir-4677-5p",16638,389
"1598","lightgreen",TRUE,6.36818697652509e-06,1053,919,95,0.103373231773667,0.0902184235517569,"MIRNA:hsa-mir-4436b-5p","MIRNA","hsa-mir-4436b-5p",16638,2318
"1599","lightgreen",TRUE,6.54032776679705e-06,1140,919,101,0.109902067464635,0.0885964912280702,"MIRNA:hsa-let-7b-5p","MIRNA","hsa-let-7b-5p",16638,2105
"1600","lightgreen",TRUE,6.6761749133791e-06,1464,919,123,0.133841131664853,0.0840163934426229,"MIRNA:hsa-mir-1200","MIRNA","hsa-mir-1200",16638,978
"1601","lightgreen",TRUE,6.68933650200001e-06,760,919,74,0.0805223068552775,0.0973684210526316,"MIRNA:hsa-mir-3159","MIRNA","hsa-mir-3159",16638,2301
"1602","lightgreen",TRUE,6.69867507125067e-06,1375,919,117,0.127312295973885,0.0850909090909091,"MIRNA:hsa-mir-1260b","MIRNA","hsa-mir-1260b",16638,351
"1603","lightgreen",TRUE,6.73927216670115e-06,482,919,53,0.0576713819368879,0.109958506224066,"MIRNA:hsa-mir-32-5p","MIRNA","hsa-mir-32-5p",16638,448
"1604","lightgreen",TRUE,6.74008977764729e-06,1141,919,101,0.109902067464635,0.0885188431200701,"MIRNA:hsa-mir-3117-5p","MIRNA","hsa-mir-3117-5p",16638,2841
"1605","lightgreen",TRUE,6.74008977764729e-06,1069,919,96,0.104461371055495,0.0898035547240412,"MIRNA:hsa-mir-2113","MIRNA","hsa-mir-2113",16638,517
"1606","lightgreen",TRUE,7.59400155842225e-06,1468,919,123,0.133841131664853,0.0837874659400545,"MIRNA:hsa-mir-4496","MIRNA","hsa-mir-4496",16638,1433
"1607","lightgreen",TRUE,7.7010151427122e-06,695,919,69,0.0750816104461371,0.0992805755395683,"MIRNA:hsa-mir-758","MIRNA","hsa-mir-758",16638,914
"1608","lightgreen",TRUE,7.73694945224859e-06,562,919,59,0.0642002176278564,0.104982206405694,"MIRNA:hsa-mir-3201","MIRNA","hsa-mir-3201",16638,2376
"1609","lightgreen",TRUE,7.73694945224859e-06,562,919,59,0.0642002176278564,0.104982206405694,"MIRNA:hsa-mir-4724-3p","MIRNA","hsa-mir-4724-3p",16638,2656
"1610","lightgreen",TRUE,7.7590897513124e-06,736,919,72,0.0783460282916213,0.0978260869565217,"MIRNA:hsa-mir-770-5p","MIRNA","hsa-mir-770-5p",16638,2346
"1611","lightgreen",TRUE,8.10342767563649e-06,1175,919,103,0.112078346028292,0.0876595744680851,"MIRNA:hsa-mir-4770","MIRNA","hsa-mir-4770",16638,1633
"1612","lightgreen",TRUE,8.16075793813645e-06,511,919,55,0.0598476605005441,0.107632093933464,"MIRNA:hsa-mir-508-3p","MIRNA","hsa-mir-508-3p",16638,2488
"1613","lightgreen",TRUE,8.37153998026268e-06,724,919,71,0.0772578890097933,0.0980662983425414,"MIRNA:hsa-mir-1243","MIRNA","hsa-mir-1243",16638,814
"1614","lightgreen",TRUE,8.51045330261288e-06,1412,919,119,0.129488574537541,0.0842776203966006,"MIRNA:hsa-mir-4796-3p","MIRNA","hsa-mir-4796-3p",16638,855
"1615","lightgreen",TRUE,8.60108259400251e-06,657,919,66,0.0718171926006529,0.100456621004566,"MIRNA:hsa-mir-376a","MIRNA","hsa-mir-376a",16638,2590
"1616","lightgreen",TRUE,8.60108259400251e-06,657,919,66,0.0718171926006529,0.100456621004566,"MIRNA:hsa-mir-376b","MIRNA","hsa-mir-376b",16638,312
"1617","lightgreen",TRUE,8.62639205375186e-06,538,919,57,0.0620239390642002,0.105947955390335,"MIRNA:hsa-mir-4445","MIRNA","hsa-mir-4445",16638,781
"1618","lightgreen",TRUE,9.5074905614372e-06,412,919,47,0.0511425462459195,0.114077669902913,"MIRNA:hsa-mir-1263","MIRNA","hsa-mir-1263",16638,1392
"1619","lightgreen",TRUE,1.03964057813715e-05,881,919,82,0.0892274211099021,0.0930760499432463,"MIRNA:hsa-mir-1224-5p","MIRNA","hsa-mir-1224-5p",16638,1236
"1620","lightgreen",TRUE,1.0464982024737e-05,426,919,48,0.0522306855277476,0.112676056338028,"MIRNA:hsa-mir-26a-5p","MIRNA","hsa-mir-26a-5p",16638,1706
"1621","lightgreen",TRUE,1.06277953529317e-05,2185,919,169,0.183895538628945,0.0773455377574371,"MIRNA:hsa-mir-4649-3p","MIRNA","hsa-mir-4649-3p",16638,1314
"1622","lightgreen",TRUE,1.06431597038846e-05,568,919,59,0.0642002176278564,0.10387323943662,"MIRNA:hsa-mir-4774-5p","MIRNA","hsa-mir-4774-5p",16638,2178
"1623","lightgreen",TRUE,1.06431597038846e-05,798,919,76,0.0826985854189336,0.0952380952380952,"MIRNA:hsa-mir-3152-5p","MIRNA","hsa-mir-3152-5p",16638,908
"1624","lightgreen",TRUE,1.06882629702393e-05,648,919,65,0.0707290533188248,0.100308641975309,"MIRNA:hsa-mir-18a","MIRNA","hsa-mir-18a",16638,1553
"1625","lightgreen",TRUE,1.06882629702393e-05,648,919,65,0.0707290533188248,0.100308641975309,"MIRNA:hsa-mir-18b","MIRNA","hsa-mir-18b",16638,1431
"1626","lightgreen",TRUE,1.11605470566847e-05,813,919,77,0.0837867247007617,0.0947109471094711,"MIRNA:hsa-mir-520f","MIRNA","hsa-mir-520f",16638,2292
"1627","lightgreen",TRUE,1.13736786561021e-05,1541,919,127,0.138193688792165,0.0824140168721609,"MIRNA:hsa-mir-512-3p","MIRNA","hsa-mir-512-3p",16638,1123
"1628","lightgreen",TRUE,1.17088367810718e-05,704,919,69,0.0750816104461371,0.0980113636363636,"MIRNA:hsa-mir-3161","MIRNA","hsa-mir-3161",16638,2159
"1629","lightgreen",TRUE,1.17561987878505e-05,1422,919,119,0.129488574537541,0.0836849507735584,"MIRNA:hsa-mir-4324","MIRNA","hsa-mir-4324",16638,168
"1630","lightgreen",TRUE,1.18209538630339e-05,479,919,52,0.0565832426550598,0.108559498956159,"MIRNA:hsa-mir-4777-3p","MIRNA","hsa-mir-4777-3p",16638,1018
"1631","lightgreen",TRUE,1.18209538630339e-05,2002,919,157,0.170837867247008,0.0784215784215784,"MIRNA:hsa-mir-214","MIRNA","hsa-mir-214",16638,498
"1632","lightgreen",TRUE,1.2081982560769e-05,1201,919,104,0.11316648531012,0.0865945045795171,"MIRNA:hsa-mir-3910","MIRNA","hsa-mir-3910",16638,2895
"1633","lightgreen",TRUE,1.26633001014148e-05,1217,919,105,0.114254624591948,0.0862777321281841,"MIRNA:hsa-mir-4302","MIRNA","hsa-mir-4302",16638,2581
"1634","lightgreen",TRUE,1.26633001014148e-05,1217,919,105,0.114254624591948,0.0862777321281841,"MIRNA:hsa-mir-4436a","MIRNA","hsa-mir-4436a",16638,560
"1635","lightgreen",TRUE,1.30280591290047e-05,1029,919,92,0.100108813928183,0.0894071914480078,"MIRNA:hsa-mir-411","MIRNA","hsa-mir-411",16638,8
"1636","lightgreen",TRUE,1.3107910089936e-05,901,919,83,0.0903155603917301,0.0921198668146504,"MIRNA:hsa-mir-1238","MIRNA","hsa-mir-1238",16638,2110
"1637","lightgreen",TRUE,1.32161491892795e-05,546,919,57,0.0620239390642002,0.104395604395604,"MIRNA:hsa-mir-331-5p","MIRNA","hsa-mir-331-5p",16638,2389
"1638","lightgreen",TRUE,1.32161491892795e-05,1189,919,103,0.112078346028292,0.0866274179983179,"MIRNA:hsa-mir-3664-5p","MIRNA","hsa-mir-3664-5p",16638,1111
"1639","lightgreen",TRUE,1.35250490576518e-05,776,919,74,0.0805223068552775,0.095360824742268,"MIRNA:hsa-mir-297","MIRNA","hsa-mir-297",16638,934
"1640","lightgreen",TRUE,1.36918390391791e-05,393,919,45,0.0489662676822633,0.114503816793893,"MIRNA:hsa-mir-409-5p","MIRNA","hsa-mir-409-5p",16638,2268
"1641","lightgreen",TRUE,1.37210107380747e-05,694,919,68,0.073993471164309,0.0979827089337176,"MIRNA:hsa-mir-2355-3p","MIRNA","hsa-mir-2355-3p",16638,951
"1642","lightgreen",TRUE,1.37688672588137e-05,560,919,58,0.0631120783460283,0.103571428571429,"MIRNA:hsa-mir-4791","MIRNA","hsa-mir-4791",16638,545
"1643","lightgreen",TRUE,1.39997153919437e-05,495,919,53,0.0576713819368879,0.107070707070707,"MIRNA:hsa-mir-3689f","MIRNA","hsa-mir-3689f",16638,2814
"1644","lightgreen",TRUE,1.46181544211641e-05,1119,919,98,0.106637649619151,0.0875781948168007,"MIRNA:hsa-mir-4793-5p","MIRNA","hsa-mir-4793-5p",16638,2799
"1645","lightgreen",TRUE,1.47887441840803e-05,496,919,53,0.0576713819368879,0.106854838709677,"MIRNA:hsa-mir-3689e","MIRNA","hsa-mir-3689e",16638,139
"1646","lightgreen",TRUE,1.47887441840803e-05,496,919,53,0.0576713819368879,0.106854838709677,"MIRNA:hsa-mir-3689a-5p","MIRNA","hsa-mir-3689a-5p",16638,2727
"1647","lightgreen",TRUE,1.52679471411175e-05,562,919,58,0.0631120783460283,0.103202846975089,"MIRNA:hsa-mir-556-5p","MIRNA","hsa-mir-556-5p",16638,220
"1648","lightgreen",TRUE,1.53173798089004e-05,602,919,61,0.0663764961915125,0.101328903654485,"MIRNA:hsa-mir-1322","MIRNA","hsa-mir-1322",16638,518
"1649","lightgreen",TRUE,1.53173798089004e-05,891,919,82,0.0892274211099021,0.0920314253647587,"MIRNA:hsa-mir-3922-5p","MIRNA","hsa-mir-3922-5p",16638,1622
"1650","lightgreen",TRUE,1.53173798089004e-05,1135,919,99,0.107725788900979,0.0872246696035242,"MIRNA:hsa-mir-767-5p","MIRNA","hsa-mir-767-5p",16638,426
"1651","lightgreen",TRUE,1.53603081280168e-05,877,919,81,0.088139281828074,0.0923603192702395,"MIRNA:hsa-mir-4539","MIRNA","hsa-mir-4539",16638,1162
"1652","lightgreen",TRUE,1.61097745387789e-05,1035,919,92,0.100108813928183,0.0888888888888889,"MIRNA:hsa-mir-1276","MIRNA","hsa-mir-1276",16638,664
"1653","lightgreen",TRUE,1.61097745387789e-05,684,919,67,0.072905331882481,0.097953216374269,"MIRNA:hsa-mir-4735-3p","MIRNA","hsa-mir-4735-3p",16638,2400
"1654","lightgreen",TRUE,1.6857694975401e-05,726,919,70,0.0761697497279652,0.0964187327823691,"MIRNA:hsa-mir-4712-5p","MIRNA","hsa-mir-4712-5p",16638,1340
"1655","lightgreen",TRUE,1.69032553938914e-05,604,919,61,0.0663764961915125,0.100993377483444,"MIRNA:hsa-mir-676","MIRNA","hsa-mir-676",16638,2674
"1656","lightgreen",TRUE,1.72509108787795e-05,473,919,51,0.0554951033732318,0.107822410147992,"MIRNA:hsa-mir-628-3p","MIRNA","hsa-mir-628-3p",16638,2390
"1657","lightgreen",TRUE,1.74100189035201e-05,866,919,80,0.0870511425462459,0.092378752886836,"MIRNA:hsa-mir-22","MIRNA","hsa-mir-22",16638,440
"1658","lightgreen",TRUE,1.74317377130703e-05,1465,919,121,0.131664853101197,0.0825938566552901,"MIRNA:hsa-mir-588","MIRNA","hsa-mir-588",16638,1061
"1659","lightgreen",TRUE,1.85649714815482e-05,1010,919,90,0.0979325353645267,0.0891089108910891,"MIRNA:hsa-mir-4264","MIRNA","hsa-mir-4264",16638,1859
"1660","lightgreen",TRUE,1.86386800538025e-05,1787,919,142,0.154515778019587,0.0794627867935087,"MIRNA:hsa-mir-3714","MIRNA","hsa-mir-3714",16638,2090
"1661","lightgreen",TRUE,1.86386800538025e-05,1039,919,92,0.100108813928183,0.0885466794995188,"MIRNA:hsa-mir-106b-5p","MIRNA","hsa-mir-106b-5p",16638,320
"1662","lightgreen",TRUE,1.93455201914995e-05,488,919,52,0.0565832426550598,0.10655737704918,"MIRNA:hsa-mir-934","MIRNA","hsa-mir-934",16638,1874
"1663","lightgreen",TRUE,1.93455201914995e-05,1098,919,96,0.104461371055495,0.087431693989071,"MIRNA:hsa-mir-4325","MIRNA","hsa-mir-4325",16638,2297
"1664","lightgreen",TRUE,1.97864526130543e-05,1743,919,139,0.151251360174102,0.0797475616752725,"MIRNA:hsa-mir-3919","MIRNA","hsa-mir-3919",16638,223
"1665","lightgreen",TRUE,2.09735958889174e-05,1486,919,122,0.132752992383025,0.0820995962314939,"MIRNA:hsa-mir-3916","MIRNA","hsa-mir-3916",16638,1939
"1666","lightgreen",TRUE,2.10538139835107e-05,956,919,86,0.0935799782372144,0.0899581589958159,"MIRNA:hsa-mir-634","MIRNA","hsa-mir-634",16638,773
"1667","lightgreen",TRUE,2.12083845601975e-05,1159,919,100,0.108813928182807,0.0862812769628991,"MIRNA:hsa-mir-1237","MIRNA","hsa-mir-1237",16638,2131
"1668","lightgreen",TRUE,2.15726587109937e-05,490,919,52,0.0565832426550598,0.106122448979592,"MIRNA:hsa-mir-3171","MIRNA","hsa-mir-3171",16638,2016
"1669","lightgreen",TRUE,2.19319903102733e-05,1029,919,91,0.0990206746463547,0.0884353741496599,"MIRNA:hsa-mir-4677-3p","MIRNA","hsa-mir-4677-3p",16638,2771
"1670","lightgreen",TRUE,2.19664948104906e-05,267,919,34,0.0369967355821545,0.127340823970037,"MIRNA:hsa-mir-181c-5p","MIRNA","hsa-mir-181c-5p",16638,1517
"1671","lightgreen",TRUE,2.22740263391476e-05,774,919,73,0.0794341675734494,0.0943152454780362,"MIRNA:hsa-mir-3164","MIRNA","hsa-mir-3164",16638,1046
"1672","lightgreen",TRUE,2.24706619819128e-05,915,919,83,0.0903155603917301,0.0907103825136612,"MIRNA:hsa-mir-562","MIRNA","hsa-mir-562",16638,1249
"1673","lightgreen",TRUE,2.2533186498331e-05,637,919,63,0.0685527747551687,0.0989010989010989,"MIRNA:hsa-mir-2681","MIRNA","hsa-mir-2681",16638,1913
"1674","lightgreen",TRUE,2.26773788312497e-05,1294,919,109,0.11860718171926,0.0842349304482226,"MIRNA:hsa-mir-1299","MIRNA","hsa-mir-1299",16638,2461
"1675","lightgreen",TRUE,2.27517380600536e-05,887,919,81,0.088139281828074,0.0913190529875987,"MIRNA:hsa-mir-218","MIRNA","hsa-mir-218",16638,2367
"1676","lightgreen",TRUE,2.27553757607908e-05,1965,919,153,0.166485310119695,0.0778625954198473,"MIRNA:hsa-mir-484","MIRNA","hsa-mir-484",16638,2699
"1677","lightgreen",TRUE,2.28096874965915e-05,1733,919,138,0.150163220892274,0.0796306982111945,"MIRNA:hsa-mir-4725-3p","MIRNA","hsa-mir-4725-3p",16638,1949
"1678","lightgreen",TRUE,2.30256228725891e-05,845,919,78,0.0848748639825898,0.0923076923076923,"MIRNA:hsa-mir-500a","MIRNA","hsa-mir-500a",16638,1122
"1679","lightgreen",TRUE,2.30256228725891e-05,775,919,73,0.0794341675734494,0.0941935483870968,"MIRNA:hsa-mir-3670","MIRNA","hsa-mir-3670",16638,1496
"1680","lightgreen",TRUE,2.35117854422067e-05,1566,919,127,0.138193688792165,0.0810983397190294,"MIRNA:hsa-mir-377","MIRNA","hsa-mir-377",16638,1890
"1681","lightgreen",TRUE,2.40797722040242e-05,1735,919,138,0.150163220892274,0.0795389048991354,"MIRNA:hsa-mir-4271","MIRNA","hsa-mir-4271",16638,1068
"1682","lightgreen",TRUE,2.42317938199546e-05,2030,919,157,0.170837867247008,0.0773399014778325,"MIRNA:hsa-mir-3619-5p","MIRNA","hsa-mir-3619-5p",16638,1555
"1683","lightgreen",TRUE,2.43213553503193e-05,545,919,56,0.0609357997823721,0.102752293577982,"MIRNA:hsa-mir-190","MIRNA","hsa-mir-190",16638,2622
"1684","lightgreen",TRUE,2.51388646059836e-05,599,919,60,0.0652883569096844,0.10016694490818,"MIRNA:hsa-mir-4484","MIRNA","hsa-mir-4484",16638,1022
"1685","lightgreen",TRUE,2.53058424546909e-05,708,919,68,0.073993471164309,0.096045197740113,"MIRNA:hsa-mir-4513","MIRNA","hsa-mir-4513",16638,2047
"1686","lightgreen",TRUE,2.54651381518301e-05,2032,919,157,0.170837867247008,0.0772637795275591,"MIRNA:hsa-mir-761","MIRNA","hsa-mir-761",16638,935
"1687","lightgreen",TRUE,2.59334833108301e-05,919,919,83,0.0903155603917301,0.0903155603917301,"MIRNA:hsa-mir-489","MIRNA","hsa-mir-489",16638,441
"1688","lightgreen",TRUE,2.64055041745798e-05,468,919,50,0.0544069640914037,0.106837606837607,"MIRNA:hsa-mir-3689b","MIRNA","hsa-mir-3689b",16638,710
"1689","lightgreen",TRUE,2.68906773282958e-05,1035,919,91,0.0990206746463547,0.0879227053140097,"MIRNA:hsa-mir-4662a-5p","MIRNA","hsa-mir-4662a-5p",16638,2725
"1690","lightgreen",TRUE,2.69654448258941e-05,614,919,61,0.0663764961915125,0.0993485342019544,"MIRNA:hsa-mir-4327","MIRNA","hsa-mir-4327",16638,340
"1691","lightgreen",TRUE,2.77590084049973e-05,456,919,49,0.0533188248095756,0.107456140350877,"MIRNA:hsa-mir-875-5p","MIRNA","hsa-mir-875-5p",16638,1025
"1692","lightgreen",TRUE,2.77590084049973e-05,1007,919,89,0.0968443960826986,0.0883813306852036,"MIRNA:hsa-mir-412","MIRNA","hsa-mir-412",16638,37
"1693","lightgreen",TRUE,2.79065533726382e-05,1481,919,121,0.131664853101197,0.0817015530047265,"MIRNA:hsa-mir-3125","MIRNA","hsa-mir-3125",16638,2671
"1694","lightgreen",TRUE,2.82131064327606e-05,808,919,75,0.0816104461371056,0.0928217821782178,"MIRNA:hsa-mir-142-3p","MIRNA","hsa-mir-142-3p",16638,1102
"1695","lightgreen",TRUE,2.84296552483543e-05,697,919,67,0.072905331882481,0.0961262553802009,"MIRNA:hsa-mir-891b","MIRNA","hsa-mir-891b",16638,2020
"1696","lightgreen",TRUE,2.87977947105816e-05,629,919,62,0.0674646354733406,0.0985691573926868,"MIRNA:hsa-mir-3126-3p","MIRNA","hsa-mir-3126-3p",16638,1442
"1697","lightgreen",TRUE,2.90471875049517e-05,331,919,39,0.0424374319912949,0.117824773413897,"MIRNA:hsa-mir-3684","MIRNA","hsa-mir-3684",16638,1727
"1698","lightgreen",TRUE,2.90641097110377e-05,837,919,77,0.0837867247007617,0.0919952210274791,"MIRNA:hsa-mir-135b","MIRNA","hsa-mir-135b",16638,1845
"1699","lightgreen",TRUE,2.90641097110377e-05,837,919,77,0.0837867247007617,0.0919952210274791,"MIRNA:hsa-mir-135a","MIRNA","hsa-mir-135a",16638,1984
"1700","lightgreen",TRUE,2.94529815388197e-05,1483,919,121,0.131664853101197,0.0815913688469319,"MIRNA:hsa-mir-4701-5p","MIRNA","hsa-mir-4701-5p",16638,2361
"1701","lightgreen",TRUE,2.98808793031183e-05,536,919,55,0.0598476605005441,0.102611940298507,"MIRNA:hsa-mir-19a-3p","MIRNA","hsa-mir-19a-3p",16638,2327
"1702","lightgreen",TRUE,3.03749556534409e-05,754,919,71,0.0772578890097933,0.0941644562334217,"MIRNA:hsa-mir-1256","MIRNA","hsa-mir-1256",16638,392
"1703","lightgreen",TRUE,3.05202570823943e-05,895,919,81,0.088139281828074,0.0905027932960894,"MIRNA:hsa-mir-1280","MIRNA","hsa-mir-1280",16638,1320
"1704","lightgreen",TRUE,3.26309770185156e-05,1441,919,118,0.128400435255713,0.0818875780707842,"MIRNA:hsa-mir-185","MIRNA","hsa-mir-185",16638,833
"1705","lightgreen",TRUE,3.29782190205378e-05,983,919,87,0.0946681175190424,0.0885045778229908,"MIRNA:hsa-mir-31","MIRNA","hsa-mir-31",16638,484
"1706","lightgreen",TRUE,3.56272499881206e-05,985,919,87,0.0946681175190424,0.0883248730964467,"MIRNA:hsa-mir-146b-5p","MIRNA","hsa-mir-146b-5p",16638,2533
"1707","lightgreen",TRUE,3.6887270780896e-05,986,919,87,0.0946681175190424,0.0882352941176471,"MIRNA:hsa-mir-4426","MIRNA","hsa-mir-4426",16638,103
"1708","lightgreen",TRUE,3.6887270780896e-05,986,919,87,0.0946681175190424,0.0882352941176471,"MIRNA:hsa-mir-4662b","MIRNA","hsa-mir-4662b",16638,570
"1709","lightgreen",TRUE,3.6887270780896e-05,986,919,87,0.0946681175190424,0.0882352941176471,"MIRNA:hsa-mir-4647","MIRNA","hsa-mir-4647",16638,2955
"1710","lightgreen",TRUE,3.90567169175719e-05,1599,919,128,0.139281828073993,0.0800500312695435,"MIRNA:hsa-mir-4269","MIRNA","hsa-mir-4269",16638,2537
"1711","lightgreen",TRUE,4.0219390411551e-05,502,919,52,0.0565832426550598,0.103585657370518,"MIRNA:hsa-mir-4764-3p","MIRNA","hsa-mir-4764-3p",16638,2158
"1712","lightgreen",TRUE,4.0294308027081e-05,582,919,58,0.0631120783460283,0.0996563573883162,"MIRNA:hsa-mir-190b","MIRNA","hsa-mir-190b",16638,1119
"1713","lightgreen",TRUE,4.0915824473603e-05,761,919,71,0.0772578890097933,0.0932982917214192,"MIRNA:hsa-mir-924","MIRNA","hsa-mir-924",16638,2600
"1714","lightgreen",TRUE,4.0915824473603e-05,747,919,70,0.0761697497279652,0.0937081659973226,"MIRNA:hsa-mir-549","MIRNA","hsa-mir-549",16638,2362
"1715","lightgreen",TRUE,4.0915824473603e-05,623,919,61,0.0663764961915125,0.0979133226324237,"MIRNA:hsa-mir-500b","MIRNA","hsa-mir-500b",16638,2408
"1716","lightgreen",TRUE,4.11112755497074e-05,596,919,59,0.0642002176278564,0.098993288590604,"MIRNA:hsa-mir-648","MIRNA","hsa-mir-648",16638,2056
"1717","lightgreen",TRUE,4.13102773453904e-05,1786,919,140,0.15233949945593,0.0783874580067189,"MIRNA:hsa-mir-4722-3p","MIRNA","hsa-mir-4722-3p",16638,1941
"1718","lightgreen",TRUE,4.24347571250637e-05,875,919,79,0.0859630032644178,0.0902857142857143,"MIRNA:hsa-mir-636","MIRNA","hsa-mir-636",16638,1919
"1719","lightgreen",TRUE,4.24347571250637e-05,748,919,70,0.0761697497279652,0.0935828877005348,"MIRNA:hsa-mir-365","MIRNA","hsa-mir-365",16638,1348
"1720","lightgreen",TRUE,4.315308218132e-05,847,919,77,0.0837867247007617,0.0909090909090909,"MIRNA:hsa-mir-4733-5p","MIRNA","hsa-mir-4733-5p",16638,1482
"1721","lightgreen",TRUE,4.3771978576087e-05,1049,919,91,0.0990206746463547,0.0867492850333651,"MIRNA:hsa-mir-4795-5p","MIRNA","hsa-mir-4795-5p",16638,1420
"1722","lightgreen",TRUE,4.53200190638947e-05,891,919,80,0.0870511425462459,0.0897867564534231,"MIRNA:hsa-mir-1206","MIRNA","hsa-mir-1206",16638,2330
"1723","lightgreen",TRUE,4.69415349426939e-05,545,919,55,0.0598476605005441,0.100917431192661,"MIRNA:hsa-mir-196b","MIRNA","hsa-mir-196b",16638,2871
"1724","lightgreen",TRUE,4.69415349426939e-05,545,919,55,0.0598476605005441,0.100917431192661,"MIRNA:hsa-mir-196a","MIRNA","hsa-mir-196a",16638,1818
"1725","lightgreen",TRUE,5.0134349496493e-05,780,919,72,0.0783460282916213,0.0923076923076923,"MIRNA:hsa-mir-4499","MIRNA","hsa-mir-4499",16638,2027
"1726","lightgreen",TRUE,5.07707993908632e-05,1471,919,119,0.129488574537541,0.0808973487423521,"MIRNA:hsa-mir-1252","MIRNA","hsa-mir-1252",16638,1721
"1727","lightgreen",TRUE,5.17820684182097e-05,952,919,84,0.0914036996735582,0.0882352941176471,"MIRNA:hsa-mir-586","MIRNA","hsa-mir-586",16638,198
"1728","lightgreen",TRUE,5.21509110510776e-05,642,919,62,0.0674646354733406,0.0965732087227414,"MIRNA:hsa-mir-4461","MIRNA","hsa-mir-4461",16638,1079
"1729","lightgreen",TRUE,5.23115518150093e-05,494,919,51,0.0554951033732318,0.103238866396761,"MIRNA:hsa-mir-1225-5p","MIRNA","hsa-mir-1225-5p",16638,533
"1730","lightgreen",TRUE,5.63493759300461e-05,1174,919,99,0.107725788900979,0.0843270868824531,"MIRNA:hsa-mir-3925-5p","MIRNA","hsa-mir-3925-5p",16638,501
"1731","lightgreen",TRUE,5.91662479895489e-05,631,919,61,0.0663764961915125,0.0966719492868463,"MIRNA:hsa-mir-1261","MIRNA","hsa-mir-1261",16638,566
"1732","lightgreen",TRUE,6.21527093609708e-05,1493,919,120,0.130576713819369,0.0803750837240455,"MIRNA:hsa-mir-4306","MIRNA","hsa-mir-4306",16638,1322
"1733","lightgreen",TRUE,6.26715960792955e-05,318,919,37,0.0402611534276387,0.116352201257862,"MIRNA:hsa-mir-519a-3p","MIRNA","hsa-mir-519a-3p",16638,585
"1734","lightgreen",TRUE,6.37328893677337e-05,1709,919,134,0.145810663764962,0.0784084259801053,"MIRNA:hsa-mir-3153","MIRNA","hsa-mir-3153",16638,1716
"1735","lightgreen",TRUE,6.46789218532249e-05,744,919,69,0.0750816104461371,0.092741935483871,"MIRNA:hsa-mir-4693-3p","MIRNA","hsa-mir-4693-3p",16638,751
"1736","lightgreen",TRUE,6.64789179967165e-05,1017,919,88,0.0957562568008705,0.0865290068829892,"MIRNA:hsa-mir-3170","MIRNA","hsa-mir-3170",16638,3023
"1737","lightgreen",TRUE,6.64789179967165e-05,1017,919,88,0.0957562568008705,0.0865290068829892,"MIRNA:hsa-mir-320e","MIRNA","hsa-mir-320e",16638,893
"1738","lightgreen",TRUE,6.7146987454115e-05,1329,919,109,0.11860718171926,0.0820165537998495,"MIRNA:hsa-mir-140-3p","MIRNA","hsa-mir-140-3p",16638,386
"1739","lightgreen",TRUE,7.3280232264367e-05,705,919,66,0.0718171926006529,0.0936170212765957,"MIRNA:hsa-mir-4439","MIRNA","hsa-mir-4439",16638,2795
"1740","lightgreen",TRUE,7.3280232264367e-05,705,919,66,0.0718171926006529,0.0936170212765957,"MIRNA:hsa-mir-3136-5p","MIRNA","hsa-mir-3136-5p",16638,847
"1741","lightgreen",TRUE,7.39793863135516e-05,1302,919,107,0.116430903155604,0.0821812596006144,"MIRNA:hsa-mir-1228","MIRNA","hsa-mir-1228",16638,2555
"1742","lightgreen",TRUE,7.51419178646343e-05,790,919,72,0.0783460282916213,0.0911392405063291,"MIRNA:hsa-mir-2277-3p","MIRNA","hsa-mir-2277-3p",16638,415
"1743","lightgreen",TRUE,7.74721383049035e-05,1036,919,89,0.0968443960826986,0.0859073359073359,"MIRNA:hsa-mir-4708-5p","MIRNA","hsa-mir-4708-5p",16638,2528
"1744","lightgreen",TRUE,7.77513255974717e-05,1732,919,135,0.14689880304679,0.0779445727482679,"MIRNA:hsa-mir-544b","MIRNA","hsa-mir-544b",16638,519
"1745","lightgreen",TRUE,7.77513255974717e-05,1095,919,93,0.101196953210011,0.0849315068493151,"MIRNA:hsa-mir-3160-5p","MIRNA","hsa-mir-3160-5p",16638,2393
"1746","lightgreen",TRUE,8.06980074816236e-05,261,919,32,0.0348204570184984,0.122605363984674,"MIRNA:hsa-mir-181d-5p","MIRNA","hsa-mir-181d-5p",16638,1114
"1747","lightgreen",TRUE,8.28735982853821e-05,1038,919,89,0.0968443960826986,0.0857418111753372,"MIRNA:hsa-mir-3156-3p","MIRNA","hsa-mir-3156-3p",16638,837
"1748","lightgreen",TRUE,8.66205898047823e-05,612,919,59,0.0642002176278564,0.0964052287581699,"MIRNA:hsa-mir-943","MIRNA","hsa-mir-943",16638,696
"1749","lightgreen",TRUE,8.66653082373194e-05,1054,919,90,0.0979325353645267,0.0853889943074004,"MIRNA:hsa-mir-4696","MIRNA","hsa-mir-4696",16638,1830
"1750","lightgreen",TRUE,8.73024793869367e-05,1069,919,91,0.0990206746463547,0.0851262862488307,"MIRNA:hsa-mir-449c","MIRNA","hsa-mir-449c",16638,1991
"1751","lightgreen",TRUE,8.73024793869367e-05,1069,919,91,0.0990206746463547,0.0851262862488307,"MIRNA:hsa-mir-2682","MIRNA","hsa-mir-2682",16638,2276
"1752","lightgreen",TRUE,8.95503319771493e-05,1011,919,87,0.0946681175190424,0.086053412462908,"MIRNA:hsa-mir-1825","MIRNA","hsa-mir-1825",16638,2692
"1753","lightgreen",TRUE,9.105820432826e-05,1174,919,98,0.106637649619151,0.0834752981260647,"MIRNA:hsa-mir-224","MIRNA","hsa-mir-224",16638,865
"1754","lightgreen",TRUE,9.46132335958064e-05,573,919,56,0.0609357997823721,0.0977312390924956,"MIRNA:hsa-mir-3618","MIRNA","hsa-mir-3618",16638,839
"1755","lightgreen",TRUE,9.76203146445273e-05,1206,919,100,0.108813928182807,0.0829187396351575,"MIRNA:hsa-mir-516b","MIRNA","hsa-mir-516b",16638,1477
"1756","lightgreen",TRUE,9.86423882901742e-05,1117,919,94,0.102285092491839,0.0841539838854073,"MIRNA:hsa-mir-17-5p","MIRNA","hsa-mir-17-5p",16638,1929
"1757","lightgreen",TRUE,9.95328241917997e-05,1147,919,96,0.104461371055495,0.0836965998256321,"MIRNA:hsa-mir-3679-3p","MIRNA","hsa-mir-3679-3p",16638,1675
"1758","lightgreen",TRUE,0.000100846683450691,898,919,79,0.0859630032644178,0.0879732739420935,"MIRNA:hsa-mir-4293","MIRNA","hsa-mir-4293",16638,1638
"1759","lightgreen",TRUE,0.000104213666350371,1496,919,119,0.129488574537541,0.0795454545454545,"MIRNA:hsa-mir-4644","MIRNA","hsa-mir-4644",16638,316
"1760","lightgreen",TRUE,0.000105417680627101,813,919,73,0.0794341675734494,0.0897908979089791,"MIRNA:hsa-mir-4275","MIRNA","hsa-mir-4275",16638,2852
"1761","lightgreen",TRUE,0.000105417680627101,856,919,76,0.0826985854189336,0.088785046728972,"MIRNA:hsa-mir-657","MIRNA","hsa-mir-657",16638,2815
"1762","lightgreen",TRUE,0.000106233438902384,508,919,51,0.0554951033732318,0.100393700787402,"MIRNA:hsa-mir-4529-3p","MIRNA","hsa-mir-4529-3p",16638,413
"1763","lightgreen",TRUE,0.000106233438902384,508,919,51,0.0554951033732318,0.100393700787402,"MIRNA:hsa-mir-4694-5p","MIRNA","hsa-mir-4694-5p",16638,1295
"1764","lightgreen",TRUE,0.000110700235936186,1091,919,92,0.100108813928183,0.0843263061411549,"MIRNA:hsa-mir-4689","MIRNA","hsa-mir-4689",16638,1768
"1765","lightgreen",TRUE,0.000111871282765163,1514,919,120,0.130576713819369,0.0792602377807133,"MIRNA:hsa-mir-509-3-5p","MIRNA","hsa-mir-509-3-5p",16638,419
"1766","lightgreen",TRUE,0.000115067672681054,1515,919,120,0.130576713819369,0.0792079207920792,"MIRNA:hsa-mir-4418","MIRNA","hsa-mir-4418",16638,3017
"1767","lightgreen",TRUE,0.000118348659554437,1516,919,120,0.130576713819369,0.079155672823219,"MIRNA:hsa-mir-509-5p","MIRNA","hsa-mir-509-5p",16638,1617
"1768","lightgreen",TRUE,0.00011963595918162,717,919,66,0.0718171926006529,0.0920502092050209,"MIRNA:hsa-mir-596","MIRNA","hsa-mir-596",16638,1605
"1769","lightgreen",TRUE,0.000122250687240245,947,919,82,0.0892274211099021,0.0865892291446674,"MIRNA:hsa-mir-1227","MIRNA","hsa-mir-1227",16638,304
"1770","lightgreen",TRUE,0.000122947204195506,1169,919,97,0.105549510337323,0.0829769033361848,"MIRNA:hsa-let-7g","MIRNA","hsa-let-7g",16638,1229
"1771","lightgreen",TRUE,0.000122947204195506,1169,919,97,0.105549510337323,0.0829769033361848,"MIRNA:hsa-let-7b","MIRNA","hsa-let-7b",16638,1942
"1772","lightgreen",TRUE,0.000122947204195506,1169,919,97,0.105549510337323,0.0829769033361848,"MIRNA:hsa-let-7a","MIRNA","hsa-let-7a",16638,1391
"1773","lightgreen",TRUE,0.000122947204195506,1169,919,97,0.105549510337323,0.0829769033361848,"MIRNA:hsa-mir-98","MIRNA","hsa-mir-98",16638,1807
"1774","lightgreen",TRUE,0.000122947204195506,1169,919,97,0.105549510337323,0.0829769033361848,"MIRNA:hsa-let-7c","MIRNA","hsa-let-7c",16638,410
"1775","lightgreen",TRUE,0.000122947204195506,1169,919,97,0.105549510337323,0.0829769033361848,"MIRNA:hsa-let-7i","MIRNA","hsa-let-7i",16638,454
"1776","lightgreen",TRUE,0.000122947204195506,1169,919,97,0.105549510337323,0.0829769033361848,"MIRNA:hsa-let-7d","MIRNA","hsa-let-7d",16638,2046
"1777","lightgreen",TRUE,0.000122947204195506,1169,919,97,0.105549510337323,0.0829769033361848,"MIRNA:hsa-let-7e","MIRNA","hsa-let-7e",16638,830
"1778","lightgreen",TRUE,0.000122947204195506,1169,919,97,0.105549510337323,0.0829769033361848,"MIRNA:hsa-let-7f","MIRNA","hsa-let-7f",16638,2720
"1779","lightgreen",TRUE,0.000123349232138794,2272,919,168,0.182807399347116,0.073943661971831,"MIRNA:hsa-mir-4284","MIRNA","hsa-mir-4284",16638,678
"1780","lightgreen",TRUE,0.00012340918729295,676,919,63,0.0685527747551687,0.0931952662721894,"MIRNA:hsa-mir-493","MIRNA","hsa-mir-493",16638,2718
"1781","lightgreen",TRUE,0.000125399948132513,919,919,80,0.0870511425462459,0.0870511425462459,"MIRNA:hsa-mir-146a","MIRNA","hsa-mir-146a",16638,2949
"1782","lightgreen",TRUE,0.000125871131960761,1275,919,104,0.11316648531012,0.0815686274509804,"MIRNA:hsa-mir-1236","MIRNA","hsa-mir-1236",16638,201
"1783","lightgreen",TRUE,0.00012631920455116,406,919,43,0.0467899891186072,0.105911330049261,"MIRNA:hsa-mir-4637","MIRNA","hsa-mir-4637",16638,1876
"1784","lightgreen",TRUE,0.000127721492673391,1458,919,116,0.126224156692057,0.0795610425240055,"MIRNA:hsa-mir-4786-5p","MIRNA","hsa-mir-4786-5p",16638,2213
"1785","lightgreen",TRUE,0.000127967012110882,663,919,62,0.0674646354733406,0.0935143288084465,"MIRNA:hsa-mir-362-5p","MIRNA","hsa-mir-362-5p",16638,740
"1786","lightgreen",TRUE,0.000134081751947866,121,919,19,0.0206746463547334,0.15702479338843,"MIRNA:hsa-mir-365a-3p","MIRNA","hsa-mir-365a-3p",16638,2736
"1787","lightgreen",TRUE,0.000137335875859328,1113,919,93,0.101196953210011,0.0835579514824798,"MIRNA:hsa-mir-4704-3p","MIRNA","hsa-mir-4704-3p",16638,1778
"1788","lightgreen",TRUE,0.000150344690547133,122,919,19,0.0206746463547334,0.155737704918033,"MIRNA:hsa-mir-887","MIRNA","hsa-mir-887",16638,1882
"1789","lightgreen",TRUE,0.000153810991583345,1057,919,89,0.0968443960826986,0.0842005676442762,"MIRNA:hsa-mir-3545-3p","MIRNA","hsa-mir-3545-3p",16638,397
"1790","lightgreen",TRUE,0.000158052207526898,640,919,60,0.0652883569096844,0.09375,"MIRNA:hsa-mir-4521","MIRNA","hsa-mir-4521",16638,936
"1791","lightgreen",TRUE,0.000158052207526898,1527,919,120,0.130576713819369,0.0785854616895874,"MIRNA:hsa-mir-1224-3p","MIRNA","hsa-mir-1224-3p",16638,2477
"1792","lightgreen",TRUE,0.000158874971218029,333,919,37,0.0402611534276387,0.111111111111111,"MIRNA:hsa-mir-621","MIRNA","hsa-mir-621",16638,800
"1793","lightgreen",TRUE,0.000160373598362285,585,919,56,0.0609357997823721,0.0957264957264957,"MIRNA:hsa-mir-2909","MIRNA","hsa-mir-2909",16638,1382
"1794","lightgreen",TRUE,0.000165028134009494,669,919,62,0.0674646354733406,0.0926756352765321,"MIRNA:hsa-mir-606","MIRNA","hsa-mir-606",16638,1970
"1795","lightgreen",TRUE,0.00016687419269195,898,919,78,0.0848748639825898,0.0868596881959911,"MIRNA:hsa-mir-4423-5p","MIRNA","hsa-mir-4423-5p",16638,2192
"1796","lightgreen",TRUE,0.000169070385152613,600,919,57,0.0620239390642002,0.095,"MIRNA:hsa-mir-627","MIRNA","hsa-mir-627",16638,1703
"1797","lightgreen",TRUE,0.000170043763799502,451,919,46,0.0500544069640914,0.1019955654102,"MIRNA:hsa-mir-1258","MIRNA","hsa-mir-1258",16638,534
"1798","lightgreen",TRUE,0.000171462757330544,1331,919,107,0.116430903155604,0.0803906836964688,"MIRNA:hsa-mir-455-3p","MIRNA","hsa-mir-455-3p",16638,1616
"1799","lightgreen",TRUE,0.000174929275064362,412,919,43,0.0467899891186072,0.104368932038835,"MIRNA:hsa-mir-27a-3p","MIRNA","hsa-mir-27a-3p",16638,2496
"1800","lightgreen",TRUE,0.000175491574149284,885,919,77,0.0837867247007617,0.0870056497175141,"MIRNA:hsa-mir-448","MIRNA","hsa-mir-448",16638,2698
"1801","lightgreen",TRUE,0.000175491574149284,958,919,82,0.0892274211099021,0.0855949895615866,"MIRNA:hsa-mir-668","MIRNA","hsa-mir-668",16638,1765
"1802","lightgreen",TRUE,0.000186855864994991,1441,919,114,0.1240478781284,0.0791117279666898,"MIRNA:hsa-mir-1253","MIRNA","hsa-mir-1253",16638,1190
"1803","lightgreen",TRUE,0.000190731162740791,480,919,48,0.0522306855277476,0.1,"MIRNA:hsa-mir-4715-5p","MIRNA","hsa-mir-4715-5p",16638,513
"1804","lightgreen",TRUE,0.000196691729707952,1351,919,108,0.117519042437432,0.079940784603997,"MIRNA:hsa-mir-4756-3p","MIRNA","hsa-mir-4756-3p",16638,956
"1805","lightgreen",TRUE,0.000201550423851372,802,919,71,0.0772578890097933,0.0885286783042394,"MIRNA:hsa-mir-4463","MIRNA","hsa-mir-4463",16638,2915
"1806","lightgreen",TRUE,0.000209608902295209,760,919,68,0.073993471164309,0.0894736842105263,"MIRNA:hsa-mir-4777-5p","MIRNA","hsa-mir-4777-5p",16638,2092
"1807","lightgreen",TRUE,0.000232418903105957,1235,919,100,0.108813928182807,0.0809716599190283,"MIRNA:hsa-mir-3199","MIRNA","hsa-mir-3199",16638,2582
"1808","lightgreen",TRUE,0.000238949838767717,594,919,56,0.0609357997823721,0.0942760942760943,"MIRNA:hsa-mir-3177-5p","MIRNA","hsa-mir-3177-5p",16638,2738
"1809","lightgreen",TRUE,0.000239893492108626,850,919,74,0.0805223068552775,0.0870588235294118,"MIRNA:hsa-mir-635","MIRNA","hsa-mir-635",16638,1355
"1810","lightgreen",TRUE,0.000240116411736619,650,919,60,0.0652883569096844,0.0923076923076923,"MIRNA:hsa-mir-3134","MIRNA","hsa-mir-3134",16638,640
"1811","lightgreen",TRUE,0.000246533571458443,1825,919,138,0.150163220892274,0.0756164383561644,"MIRNA:hsa-mir-1343","MIRNA","hsa-mir-1343",16638,1781
"1812","lightgreen",TRUE,0.000247269513301445,968,919,82,0.0892274211099021,0.0847107438016529,"MIRNA:hsa-mir-202","MIRNA","hsa-mir-202",16638,1289
"1813","lightgreen",TRUE,0.000251697920923199,1560,919,121,0.131664853101197,0.0775641025641026,"MIRNA:hsa-mir-298","MIRNA","hsa-mir-298",16638,3006
"1814","lightgreen",TRUE,0.00025224086217649,1013,919,85,0.0924918389553863,0.0839091806515301,"MIRNA:hsa-mir-4494","MIRNA","hsa-mir-4494",16638,1099
"1815","lightgreen",TRUE,0.000256478353629444,823,919,72,0.0783460282916213,0.0874848116646416,"MIRNA:hsa-mir-654-3p","MIRNA","hsa-mir-654-3p",16638,1492
"1816","lightgreen",TRUE,0.000256478353629444,1088,919,90,0.0979325353645267,0.0827205882352941,"MIRNA:hsa-mir-188-3p","MIRNA","hsa-mir-188-3p",16638,753
"1817","lightgreen",TRUE,0.000258704925156518,596,919,56,0.0609357997823721,0.0939597315436242,"MIRNA:hsa-mir-133a","MIRNA","hsa-mir-133a",16638,7
"1818","lightgreen",TRUE,0.000259303938163337,610,919,57,0.0620239390642002,0.0934426229508197,"MIRNA:hsa-mir-345","MIRNA","hsa-mir-345",16638,2005
"1819","lightgreen",TRUE,0.000269150325076203,868,919,75,0.0816104461371056,0.0864055299539171,"MIRNA:hsa-mir-20b-5p","MIRNA","hsa-mir-20b-5p",16638,633
"1820","lightgreen",TRUE,0.000269150325076203,868,919,75,0.0816104461371056,0.0864055299539171,"MIRNA:hsa-mir-1-3p","MIRNA","hsa-mir-1-3p",16638,1764
"1821","lightgreen",TRUE,0.00026957625326095,653,919,60,0.0652883569096844,0.0918836140888208,"MIRNA:hsa-mir-3622a-5p","MIRNA","hsa-mir-3622a-5p",16638,2411
"1822","lightgreen",TRUE,0.000281362856518766,598,919,56,0.0609357997823721,0.0936454849498328,"MIRNA:hsa-mir-938","MIRNA","hsa-mir-938",16638,2042
"1823","lightgreen",TRUE,0.00028347230799169,408,919,42,0.0457018498367791,0.102941176470588,"MIRNA:hsa-mir-325","MIRNA","hsa-mir-325",16638,613
"1824","lightgreen",TRUE,0.000285427669373997,343,919,37,0.0402611534276387,0.107871720116618,"MIRNA:hsa-mir-101-3p","MIRNA","hsa-mir-101-3p",16638,1292
"1825","lightgreen",TRUE,0.000295924677223733,712,919,64,0.0696409140369967,0.0898876404494382,"MIRNA:hsa-mir-3938","MIRNA","hsa-mir-3938",16638,2311
"1826","lightgreen",TRUE,0.000297792093579185,1259,919,101,0.109902067464635,0.0802223987291501,"MIRNA:hsa-mir-622","MIRNA","hsa-mir-622",16638,1350
"1827","lightgreen",TRUE,0.000300301694418194,741,919,66,0.0718171926006529,0.0890688259109312,"MIRNA:hsa-mir-3663-3p","MIRNA","hsa-mir-3663-3p",16638,2473
"1828","lightgreen",TRUE,0.000302176753351093,670,919,61,0.0663764961915125,0.091044776119403,"MIRNA:hsa-mir-3945","MIRNA","hsa-mir-3945",16638,2309
"1829","lightgreen",TRUE,0.000312006113879801,931,919,79,0.0859630032644178,0.0848549946294307,"MIRNA:hsa-mir-4753-5p","MIRNA","hsa-mir-4753-5p",16638,2733
"1830","lightgreen",TRUE,0.000326616049658792,859,919,74,0.0805223068552775,0.0861466821885914,"MIRNA:hsa-mir-519d-3p","MIRNA","hsa-mir-519d-3p",16638,2838
"1831","lightgreen",TRUE,0.000332662196859644,616,919,57,0.0620239390642002,0.0925324675324675,"MIRNA:hsa-mir-3691-5p","MIRNA","hsa-mir-3691-5p",16638,2675
"1832","lightgreen",TRUE,0.000347091248580403,1038,919,86,0.0935799782372144,0.0828516377649326,"MIRNA:hsa-mir-3673","MIRNA","hsa-mir-3673",16638,1842
"1833","lightgreen",TRUE,0.000348452143502603,702,919,63,0.0685527747551687,0.0897435897435897,"MIRNA:hsa-mir-186-5p","MIRNA","hsa-mir-186-5p",16638,1405
"1834","lightgreen",TRUE,0.00036914884638852,1297,919,103,0.112078346028292,0.079414032382421,"MIRNA:hsa-mir-338-3p","MIRNA","hsa-mir-338-3p",16638,2830
"1835","lightgreen",TRUE,0.000385794878440183,762,919,67,0.072905331882481,0.0879265091863517,"MIRNA:hsa-mir-376c","MIRNA","hsa-mir-376c",16638,1400
"1836","lightgreen",TRUE,0.000390589888406646,1299,919,103,0.112078346028292,0.0792917628945343,"MIRNA:hsa-mir-342-3p","MIRNA","hsa-mir-342-3p",16638,2612
"1837","lightgreen",TRUE,0.000392832866706235,620,919,57,0.0620239390642002,0.0919354838709677,"MIRNA:hsa-mir-532-5p","MIRNA","hsa-mir-532-5p",16638,1540
"1838","lightgreen",TRUE,0.00041169342320976,895,919,76,0.0826985854189336,0.0849162011173184,"MIRNA:hsa-mir-1267","MIRNA","hsa-mir-1267",16638,1324
"1839","lightgreen",TRUE,0.000425985572393298,896,919,76,0.0826985854189336,0.0848214285714286,"MIRNA:hsa-mir-4520a-3p","MIRNA","hsa-mir-4520a-3p",16638,912
"1840","lightgreen",TRUE,0.000428265809734206,1287,919,102,0.110990206746464,0.0792540792540792,"MIRNA:hsa-mir-4742-5p","MIRNA","hsa-mir-4742-5p",16638,363
"1841","lightgreen",TRUE,0.000435038826846143,1257,919,100,0.108813928182807,0.0795544948289578,"MIRNA:hsa-mir-3154","MIRNA","hsa-mir-3154",16638,529
"1842","lightgreen",TRUE,0.000443492489333302,1001,919,83,0.0903155603917301,0.0829170829170829,"MIRNA:hsa-mir-3189-3p","MIRNA","hsa-mir-3189-3p",16638,2277
"1843","lightgreen",TRUE,0.000444527935316224,609,919,56,0.0609357997823721,0.0919540229885057,"MIRNA:hsa-mir-4259","MIRNA","hsa-mir-4259",16638,1642
"1844","lightgreen",TRUE,0.000444527935316224,1866,919,139,0.151251360174102,0.0744908896034298,"MIRNA:hsa-mir-4252","MIRNA","hsa-mir-4252",16638,2805
"1845","lightgreen",TRUE,0.000477709920122133,739,919,65,0.0707290533188248,0.087956698240866,"MIRNA:hsa-mir-1231","MIRNA","hsa-mir-1231",16638,2026
"1846","lightgreen",TRUE,0.000486574153168694,1261,919,100,0.108813928182807,0.0793021411578113,"MIRNA:hsa-mir-4685-3p","MIRNA","hsa-mir-4685-3p",16638,1281
"1847","lightgreen",TRUE,0.000498173285047783,886,919,75,0.0816104461371056,0.0846501128668172,"MIRNA:hsa-mir-302f","MIRNA","hsa-mir-302f",16638,1050
"1848","lightgreen",TRUE,0.000499838086573955,1262,919,100,0.108813928182807,0.0792393026941363,"MIRNA:hsa-mir-4287","MIRNA","hsa-mir-4287",16638,2921
"1849","lightgreen",TRUE,0.000502653292941894,1020,919,84,0.0914036996735582,0.0823529411764706,"MIRNA:hsa-mir-199b-5p","MIRNA","hsa-mir-199b-5p",16638,2669
"1850","lightgreen",TRUE,0.000528743760424438,670,919,60,0.0652883569096844,0.0895522388059701,"MIRNA:hsa-mir-4639-5p","MIRNA","hsa-mir-4639-5p",16638,2834
"1851","lightgreen",TRUE,0.000533524259681091,656,919,59,0.0642002176278564,0.0899390243902439,"MIRNA:hsa-mir-4780","MIRNA","hsa-mir-4780",16638,2844
"1852","lightgreen",TRUE,0.0005345001776407,1022,919,84,0.0914036996735582,0.0821917808219178,"MIRNA:hsa-mir-3675-3p","MIRNA","hsa-mir-3675-3p",16638,726
"1853","lightgreen",TRUE,0.000546569166795531,2651,919,187,0.20348204570185,0.0705394190871369,"MIRNA:hsa-mir-1827","MIRNA","hsa-mir-1827",16638,2432
"1854","lightgreen",TRUE,0.000547541322106438,421,919,42,0.0457018498367791,0.0997624703087886,"MIRNA:hsa-mir-3923","MIRNA","hsa-mir-3923",16638,1088
"1855","lightgreen",TRUE,0.00055490192365666,355,919,37,0.0402611534276387,0.104225352112676,"MIRNA:hsa-mir-563","MIRNA","hsa-mir-563",16638,801
"1856","lightgreen",TRUE,0.00055490192365666,1266,919,100,0.108813928182807,0.0789889415481833,"MIRNA:hsa-mir-4458","MIRNA","hsa-mir-4458",16638,2873
"1857","lightgreen",TRUE,0.00055490192365666,1144,919,92,0.100108813928183,0.0804195804195804,"MIRNA:hsa-mir-3176","MIRNA","hsa-mir-3176",16638,1033
"1858","lightgreen",TRUE,0.00055490192365666,700,919,62,0.0674646354733406,0.0885714285714286,"MIRNA:hsa-mir-4752","MIRNA","hsa-mir-4752",16638,431
"1859","lightgreen",TRUE,0.000565406695289278,1024,919,84,0.0914036996735582,0.08203125,"MIRNA:hsa-mir-4329","MIRNA","hsa-mir-4329",16638,2714
"1860","lightgreen",TRUE,0.000566808256864966,1421,919,110,0.119695321001088,0.0774102744546094,"MIRNA:hsa-mir-1324","MIRNA","hsa-mir-1324",16638,2287
"1861","lightgreen",TRUE,0.000569160014958431,1267,919,100,0.108813928182807,0.0789265982636148,"MIRNA:hsa-mir-4500","MIRNA","hsa-mir-4500",16638,1615
"1862","lightgreen",TRUE,0.000583243046850009,158,919,21,0.0228509249183896,0.132911392405063,"MIRNA:hsa-mir-33a-5p","MIRNA","hsa-mir-33a-5p",16638,960
"1863","lightgreen",TRUE,0.000584584525419224,803,919,69,0.0750816104461371,0.0859277708592777,"MIRNA:hsa-mir-617","MIRNA","hsa-mir-617",16638,2447
"1864","lightgreen",TRUE,0.000585095440280826,906,919,76,0.0826985854189336,0.0838852097130243,"MIRNA:hsa-mir-599","MIRNA","hsa-mir-599",16638,2939
"1865","lightgreen",TRUE,0.000610967002227233,1533,919,117,0.127312295973885,0.076320939334638,"MIRNA:hsa-mir-1273f","MIRNA","hsa-mir-1273f",16638,2406
"1866","lightgreen",TRUE,0.000622896208581358,646,919,58,0.0631120783460283,0.0897832817337461,"MIRNA:hsa-mir-133b","MIRNA","hsa-mir-133b",16638,927
"1867","lightgreen",TRUE,0.000629914416953827,1179,919,94,0.102285092491839,0.0797285835453774,"MIRNA:hsa-mir-558","MIRNA","hsa-mir-558",16638,1860
"1868","lightgreen",TRUE,0.000629914416953827,938,919,78,0.0848748639825898,0.0831556503198294,"MIRNA:hsa-mir-490-3p","MIRNA","hsa-mir-490-3p",16638,321
"1869","lightgreen",TRUE,0.000639308539812275,661,919,59,0.0642002176278564,0.0892586989409985,"MIRNA:hsa-mir-3907","MIRNA","hsa-mir-3907",16638,435
"1870","lightgreen",TRUE,0.000659535717317242,1135,919,91,0.0990206746463547,0.0801762114537445,"MIRNA:hsa-mir-3922-3p","MIRNA","hsa-mir-3922-3p",16638,1065
"1871","lightgreen",TRUE,0.000666768045588131,466,919,45,0.0489662676822633,0.0965665236051502,"MIRNA:hsa-mir-151-3p","MIRNA","hsa-mir-151-3p",16638,2724
"1872","lightgreen",TRUE,0.000679804087956502,2450,919,174,0.189336235038085,0.0710204081632653,"MIRNA:hsa-mir-4768-3p","MIRNA","hsa-mir-4768-3p",16638,849
"1873","lightgreen",TRUE,0.00068619549299825,911,919,76,0.0826985854189336,0.0834248079034029,"MIRNA:hsa-mir-4253","MIRNA","hsa-mir-4253",16638,887
"1874","lightgreen",TRUE,0.00069504949058177,65,919,12,0.0130576713819369,0.184615384615385,"MIRNA:hsa-mir-570-5p","MIRNA","hsa-mir-570-5p",16638,2433
"1875","lightgreen",TRUE,0.00069504949058177,649,919,58,0.0631120783460283,0.0893682588597843,"MIRNA:hsa-mir-4646-3p","MIRNA","hsa-mir-4646-3p",16638,2744
"1876","lightgreen",TRUE,0.00069504949058177,1001,919,82,0.0892274211099021,0.0819180819180819,"MIRNA:hsa-mir-2114","MIRNA","hsa-mir-2114",16638,621
"1877","lightgreen",TRUE,0.000728519642795319,334,919,35,0.0380848748639826,0.104790419161677,"MIRNA:hsa-mir-181b-5p","MIRNA","hsa-mir-181b-5p",16638,2296
"1878","lightgreen",TRUE,0.000729929495747992,1078,919,87,0.0946681175190424,0.0807050092764379,"MIRNA:hsa-mir-5047","MIRNA","hsa-mir-5047",16638,850
"1879","lightgreen",TRUE,0.000740637292196482,869,919,73,0.0794341675734494,0.0840046029919448,"MIRNA:hsa-mir-432","MIRNA","hsa-mir-432",16638,1344
"1880","lightgreen",TRUE,0.000745042643007404,781,919,67,0.072905331882481,0.0857874519846351,"MIRNA:hsa-mir-4475","MIRNA","hsa-mir-4475",16638,2176
"1881","lightgreen",TRUE,0.000753335290315651,2002,919,146,0.158868335146899,0.0729270729270729,"MIRNA:hsa-mir-4433","MIRNA","hsa-mir-4433",16638,1222
"1882","lightgreen",TRUE,0.00075883002319774,233,919,27,0.029379760609358,0.11587982832618,"MIRNA:hsa-mir-511-3p","MIRNA","hsa-mir-511-3p",16638,2443
"1883","lightgreen",TRUE,0.000761136964396126,709,919,62,0.0674646354733406,0.0874471086036671,"MIRNA:hsa-mir-425","MIRNA","hsa-mir-425",16638,1333
"1884","lightgreen",TRUE,0.000768938297040704,826,919,70,0.0761697497279652,0.0847457627118644,"MIRNA:hsa-mir-4274","MIRNA","hsa-mir-4274",16638,1751
"1885","lightgreen",TRUE,0.000795524106825026,827,919,70,0.0761697497279652,0.0846432889963724,"MIRNA:hsa-mir-2117","MIRNA","hsa-mir-2117",16638,1969
"1886","lightgreen",TRUE,0.000850824325316777,903,919,75,0.0816104461371056,0.0830564784053156,"MIRNA:hsa-mir-4748","MIRNA","hsa-mir-4748",16638,1641
"1887","lightgreen",TRUE,0.000858975946073109,669,919,59,0.0642002176278564,0.0881913303437967,"MIRNA:hsa-mir-15a-5p","MIRNA","hsa-mir-15a-5p",16638,975
"1888","lightgreen",TRUE,0.000879821728871673,584,919,53,0.0576713819368879,0.0907534246575342,"MIRNA:hsa-mir-3680","MIRNA","hsa-mir-3680",16638,2440
"1889","lightgreen",TRUE,0.000900936840120016,1055,919,85,0.0924918389553863,0.0805687203791469,"MIRNA:hsa-mir-199a-5p","MIRNA","hsa-mir-199a-5p",16638,2579
"1890","lightgreen",TRUE,0.000903170493245112,656,919,58,0.0631120783460283,0.0884146341463415,"MIRNA:hsa-mir-3679-5p","MIRNA","hsa-mir-3679-5p",16638,1168
"1891","lightgreen",TRUE,0.000903550307933908,1471,919,112,0.121871599564744,0.0761386811692726,"MIRNA:hsa-mir-2355-5p","MIRNA","hsa-mir-2355-5p",16638,2398
"1892","lightgreen",TRUE,0.000907072830887393,685,919,60,0.0652883569096844,0.0875912408759124,"MIRNA:hsa-mir-4538","MIRNA","hsa-mir-4538",16638,417
"1893","lightgreen",TRUE,0.000907072830887393,685,919,60,0.0652883569096844,0.0875912408759124,"MIRNA:hsa-mir-4453","MIRNA","hsa-mir-4453",16638,1445
"1894","lightgreen",TRUE,0.000914098237471818,1316,919,102,0.110990206746464,0.0775075987841945,"MIRNA:hsa-mir-942","MIRNA","hsa-mir-942",16638,1145
"1895","lightgreen",TRUE,0.000932568386077094,1677,919,125,0.136017410228509,0.0745378652355397,"MIRNA:hsa-mir-4476","MIRNA","hsa-mir-4476",16638,1327
"1896","lightgreen",TRUE,0.000940292351699256,1630,919,122,0.132752992383025,0.0748466257668712,"MIRNA:hsa-mir-4516","MIRNA","hsa-mir-4516",16638,2711
"1897","lightgreen",TRUE,0.000940292351699256,1630,919,122,0.132752992383025,0.0748466257668712,"MIRNA:hsa-mir-4434","MIRNA","hsa-mir-4434",16638,2755
"1898","lightgreen",TRUE,0.000947222209146586,803,919,68,0.073993471164309,0.0846824408468244,"MIRNA:hsa-mir-183","MIRNA","hsa-mir-183",16638,1075
"1899","lightgreen",TRUE,0.000947222209146586,803,919,68,0.073993471164309,0.0846824408468244,"MIRNA:hsa-mir-4448","MIRNA","hsa-mir-4448",16638,109
"1900","lightgreen",TRUE,0.000965350303712647,658,919,58,0.0631120783460283,0.088145896656535,"MIRNA:hsa-mir-4740-5p","MIRNA","hsa-mir-4740-5p",16638,305
"1901","lightgreen",TRUE,0.000971370907544986,262,919,29,0.0315560391730141,0.110687022900763,"MIRNA:hsa-mir-371-3p","MIRNA","hsa-mir-371-3p",16638,115
"1902","lightgreen",TRUE,0.000974438921738643,1180,919,93,0.101196953210011,0.0788135593220339,"MIRNA:hsa-mir-3160-3p","MIRNA","hsa-mir-3160-3p",16638,1582
"1903","lightgreen",TRUE,0.000976529164078018,804,919,68,0.073993471164309,0.0845771144278607,"MIRNA:hsa-mir-629","MIRNA","hsa-mir-629",16638,1610
"1904","lightgreen",TRUE,0.000985437097025614,923,919,76,0.0826985854189336,0.0823401950162514,"MIRNA:hsa-mir-615-3p","MIRNA","hsa-mir-615-3p",16638,2752
"1905","lightgreen",TRUE,0.00100387131996143,1044,919,84,0.0914036996735582,0.0804597701149425,"MIRNA:hsa-mir-1301","MIRNA","hsa-mir-1301",16638,1246
"1906","lightgreen",TRUE,0.00100536696123605,250,919,28,0.0304678998911861,0.112,"MIRNA:hsa-mir-223-5p","MIRNA","hsa-mir-223-5p",16638,1804
"1907","lightgreen",TRUE,0.00103940341320862,1106,919,88,0.0957562568008705,0.0795660036166365,"MIRNA:hsa-mir-4786-3p","MIRNA","hsa-mir-4786-3p",16638,2198
"1908","lightgreen",TRUE,0.00103940341320862,68,919,12,0.0130576713819369,0.176470588235294,"MIRNA:hsa-mir-548ba","MIRNA","hsa-mir-548ba",16638,185
"1909","lightgreen",TRUE,0.00106316707131977,632,919,56,0.0609357997823721,0.0886075949367089,"MIRNA:hsa-mir-1185","MIRNA","hsa-mir-1185",16638,721
"1910","lightgreen",TRUE,0.0010978372007325,1558,919,117,0.127312295973885,0.0750962772785623,"MIRNA:hsa-mir-1207-3p","MIRNA","hsa-mir-1207-3p",16638,77
"1911","lightgreen",TRUE,0.00110238335649515,1154,919,91,0.0990206746463547,0.0788561525129983,"MIRNA:hsa-mir-93-5p","MIRNA","hsa-mir-93-5p",16638,355
"1912","lightgreen",TRUE,0.00110834052857315,202,919,24,0.0261153427638738,0.118811881188119,"MIRNA:hsa-mir-144-3p","MIRNA","hsa-mir-144-3p",16638,1505
"1913","lightgreen",TRUE,0.00111274761142631,562,919,51,0.0554951033732318,0.0907473309608541,"MIRNA:hsa-mir-643","MIRNA","hsa-mir-643",16638,2665
"1914","lightgreen",TRUE,0.00114706413418588,451,919,43,0.0467899891186072,0.0953436807095344,"MIRNA:hsa-mir-4640-3p","MIRNA","hsa-mir-4640-3p",16638,111
"1915","lightgreen",TRUE,0.00116158315786154,2104,919,151,0.164309031556039,0.0717680608365019,"MIRNA:hsa-mir-4419b","MIRNA","hsa-mir-4419b",16638,1380
"1916","lightgreen",TRUE,0.00116158315786154,2104,919,151,0.164309031556039,0.0717680608365019,"MIRNA:hsa-mir-3929","MIRNA","hsa-mir-3929",16638,100
"1917","lightgreen",TRUE,0.00116817470023917,1004,919,81,0.088139281828074,0.0806772908366534,"MIRNA:hsa-mir-4782-5p","MIRNA","hsa-mir-4782-5p",16638,187
"1918","lightgreen",TRUE,0.0011793757328571,1065,919,85,0.0924918389553863,0.07981220657277,"MIRNA:hsa-mir-890","MIRNA","hsa-mir-890",16638,1872
"1919","lightgreen",TRUE,0.00118133067897041,1280,919,99,0.107725788900979,0.07734375,"MIRNA:hsa-mir-3065-3p","MIRNA","hsa-mir-3065-3p",16638,2435
"1920","lightgreen",TRUE,0.00120699207565798,2106,919,151,0.164309031556039,0.0716999050332384,"MIRNA:hsa-mir-4478","MIRNA","hsa-mir-4478",16638,327
"1921","lightgreen",TRUE,0.00122171444860021,1865,919,136,0.147986942328618,0.0729222520107239,"MIRNA:hsa-mir-922","MIRNA","hsa-mir-922",16638,2188
"1922","lightgreen",TRUE,0.00122575731931314,1266,919,98,0.106637649619151,0.0774091627172196,"MIRNA:hsa-mir-451b","MIRNA","hsa-mir-451b",16638,2109
"1923","lightgreen",TRUE,0.00125559962585022,1236,919,96,0.104461371055495,0.0776699029126214,"MIRNA:hsa-mir-4757-5p","MIRNA","hsa-mir-4757-5p",16638,938
"1924","lightgreen",TRUE,0.00127444961382662,426,919,41,0.044613710554951,0.0962441314553991,"MIRNA:hsa-mir-10a-5p","MIRNA","hsa-mir-10a-5p",16638,1911
"1925","lightgreen",TRUE,0.00127927812113091,1068,919,85,0.0924918389553863,0.0795880149812734,"MIRNA:hsa-mir-4534","MIRNA","hsa-mir-4534",16638,2774
"1926","lightgreen",TRUE,0.00128158384258332,887,919,73,0.0794341675734494,0.0822998872604284,"MIRNA:hsa-mir-3660","MIRNA","hsa-mir-3660",16638,227
"1927","lightgreen",TRUE,0.00128194756679988,902,919,74,0.0805223068552775,0.082039911308204,"MIRNA:hsa-mir-4464","MIRNA","hsa-mir-4464",16638,2760
"1928","lightgreen",TRUE,0.00128340822742696,1237,919,96,0.104461371055495,0.0776071139854487,"MIRNA:hsa-mir-4676-5p","MIRNA","hsa-mir-4676-5p",16638,1213
"1929","lightgreen",TRUE,0.00131254109934393,978,919,79,0.0859630032644178,0.0807770961145194,"MIRNA:hsa-mir-136","MIRNA","hsa-mir-136",16638,2606
"1930","lightgreen",TRUE,0.00131799789230196,888,919,73,0.0794341675734494,0.0822072072072072,"MIRNA:hsa-mir-4526","MIRNA","hsa-mir-4526",16638,1656
"1931","lightgreen",TRUE,0.00132655556763254,427,919,41,0.044613710554951,0.0960187353629977,"MIRNA:hsa-mir-3655","MIRNA","hsa-mir-3655",16638,2843
"1932","lightgreen",TRUE,0.00134313496135452,157,919,20,0.0217627856365615,0.127388535031847,"MIRNA:hsa-mir-1468","MIRNA","hsa-mir-1468",16638,2996
"1933","lightgreen",TRUE,0.00135269245476312,1379,919,105,0.114254624591948,0.0761421319796954,"MIRNA:hsa-mir-3672","MIRNA","hsa-mir-3672",16638,546
"1934","lightgreen",TRUE,0.00135541446753998,934,919,76,0.0826985854189336,0.0813704496788009,"MIRNA:hsa-mir-361-5p","MIRNA","hsa-mir-361-5p",16638,563
"1935","lightgreen",TRUE,0.0013824818314323,1240,919,96,0.104461371055495,0.0774193548387097,"MIRNA:hsa-mir-575","MIRNA","hsa-mir-575",16638,2926
"1936","lightgreen",TRUE,0.00138960097035592,965,919,78,0.0848748639825898,0.0808290155440415,"MIRNA:hsa-mir-3128","MIRNA","hsa-mir-3128",16638,1245
"1937","lightgreen",TRUE,0.00138991423188585,860,919,71,0.0772578890097933,0.0825581395348837,"MIRNA:hsa-mir-4638-3p","MIRNA","hsa-mir-4638-3p",16638,902
"1938","lightgreen",TRUE,0.00139649394092779,1148,919,90,0.0979325353645267,0.078397212543554,"MIRNA:hsa-mir-4639-3p","MIRNA","hsa-mir-4639-3p",16638,1899
"1939","lightgreen",TRUE,0.00140983009481234,1617,919,120,0.130576713819369,0.0742115027829314,"MIRNA:hsa-mir-4530","MIRNA","hsa-mir-4530",16638,86
"1940","lightgreen",TRUE,0.0014464480569453,308,919,32,0.0348204570184984,0.103896103896104,"MIRNA:hsa-mir-9-5p","MIRNA","hsa-mir-9-5p",16638,2595
"1941","lightgreen",TRUE,0.00146403887020515,598,919,53,0.0576713819368879,0.088628762541806,"MIRNA:hsa-mir-1273d","MIRNA","hsa-mir-1273d",16638,881
"1942","lightgreen",TRUE,0.00148210892339467,656,919,57,0.0620239390642002,0.086890243902439,"MIRNA:hsa-mir-3940-5p","MIRNA","hsa-mir-3940-5p",16638,24
"1943","lightgreen",TRUE,0.00148332394717264,1089,919,86,0.0935799782372144,0.0789715335169881,"MIRNA:hsa-mir-516a-3p","MIRNA","hsa-mir-516a-3p",16638,2924
"1944","lightgreen",TRUE,0.00148820772699516,788,919,66,0.0718171926006529,0.083756345177665,"MIRNA:hsa-mir-218-5p","MIRNA","hsa-mir-218-5p",16638,2599
"1945","lightgreen",TRUE,0.00150572938402042,71,919,12,0.0130576713819369,0.169014084507042,"MIRNA:hsa-mir-323a-3p","MIRNA","hsa-mir-323a-3p",16638,1649
"1946","lightgreen",TRUE,0.00151458408595908,938,919,76,0.0826985854189336,0.0810234541577825,"MIRNA:hsa-mir-3167","MIRNA","hsa-mir-3167",16638,1602
"1947","lightgreen",TRUE,0.00151458408595908,43,919,9,0.00979325353645267,0.209302325581395,"MIRNA:hsa-mir-5187-3p","MIRNA","hsa-mir-5187-3p",16638,348
"1948","lightgreen",TRUE,0.00152699475850683,207,919,24,0.0261153427638738,0.115942028985507,"MIRNA:hsa-mir-505-3p","MIRNA","hsa-mir-505-3p",16638,2644
"1949","lightgreen",TRUE,0.00152699475850683,657,919,57,0.0620239390642002,0.0867579908675799,"MIRNA:hsa-mir-4507","MIRNA","hsa-mir-4507",16638,984
"1950","lightgreen",TRUE,0.00155129940350359,1045,919,83,0.0903155603917301,0.0794258373205742,"MIRNA:hsa-mir-3690","MIRNA","hsa-mir-3690",16638,996
"1951","lightgreen",TRUE,0.00155562058987819,939,919,76,0.0826985854189336,0.080937167199148,"MIRNA:hsa-mir-876-5p","MIRNA","hsa-mir-876-5p",16638,1897
"1952","lightgreen",TRUE,0.00155750577432258,864,919,71,0.0772578890097933,0.0821759259259259,"MIRNA:hsa-mir-1287","MIRNA","hsa-mir-1287",16638,2182
"1953","lightgreen",TRUE,0.00155750577432258,909,919,74,0.0805223068552775,0.0814081408140814,"MIRNA:hsa-mir-4721","MIRNA","hsa-mir-4721",16638,1461
"1954","lightgreen",TRUE,0.0015721250776941,629,919,55,0.0598476605005441,0.0874403815580286,"MIRNA:hsa-mir-190a-3p","MIRNA","hsa-mir-190a-3p",16638,1177
"1955","lightgreen",TRUE,0.0015721250776941,2365,919,166,0.18063112078346,0.0701902748414376,"MIRNA:hsa-mir-661","MIRNA","hsa-mir-661",16638,1705
"1956","lightgreen",TRUE,0.00157234586608204,731,919,62,0.0674646354733406,0.0848153214774282,"MIRNA:hsa-mir-153","MIRNA","hsa-mir-153",16638,1952
"1957","lightgreen",TRUE,0.00159438216257178,615,919,54,0.058759521218716,0.0878048780487805,"MIRNA:hsa-mir-581","MIRNA","hsa-mir-581",16638,2144
"1958","lightgreen",TRUE,0.00159482334408731,1031,919,82,0.0892274211099021,0.0795344325897187,"MIRNA:hsa-mir-3691-3p","MIRNA","hsa-mir-3691-3p",16638,775
"1959","lightgreen",TRUE,0.00161044242491215,776,919,65,0.0707290533188248,0.0837628865979381,"MIRNA:hsa-mir-4289","MIRNA","hsa-mir-4289",16638,1850
"1960","lightgreen",TRUE,0.00161106154197453,1001,919,80,0.0870511425462459,0.0799200799200799,"MIRNA:hsa-mir-3944-5p","MIRNA","hsa-mir-3944-5p",16638,2360
"1961","lightgreen",TRUE,0.00163595079672577,1864,919,135,0.14689880304679,0.0724248927038627,"MIRNA:hsa-mir-4514","MIRNA","hsa-mir-4514",16638,1090
"1962","lightgreen",TRUE,0.00167059469937183,1865,919,135,0.14689880304679,0.0723860589812333,"MIRNA:hsa-mir-4692","MIRNA","hsa-mir-4692",16638,698
"1963","lightgreen",TRUE,0.00167605888326783,172,919,21,0.0228509249183896,0.122093023255814,"MIRNA:hsa-mir-6756-3p","MIRNA","hsa-mir-6756-3p",16638,1543
"1964","lightgreen",TRUE,0.00169203814429532,897,919,73,0.0794341675734494,0.0813823857302118,"MIRNA:hsa-mir-4480","MIRNA","hsa-mir-4480",16638,834
"1965","lightgreen",TRUE,0.00169203814429532,867,919,71,0.0772578890097933,0.0818915801614764,"MIRNA:hsa-mir-501-5p","MIRNA","hsa-mir-501-5p",16638,2097
"1966","lightgreen",TRUE,0.0016937879453051,531,919,48,0.0522306855277476,0.0903954802259887,"MIRNA:hsa-mir-550b","MIRNA","hsa-mir-550b",16638,2883
"1967","lightgreen",TRUE,0.00172645936776115,734,919,62,0.0674646354733406,0.0844686648501362,"MIRNA:hsa-mir-2964a-3p","MIRNA","hsa-mir-2964a-3p",16638,1078
"1968","lightgreen",TRUE,0.00174397542947573,1548,919,115,0.125136017410229,0.0742894056847545,"MIRNA:hsa-mir-3664-3p","MIRNA","hsa-mir-3664-3p",16638,2003
"1969","lightgreen",TRUE,0.00175885596090047,197,919,23,0.0250272034820457,0.116751269035533,"MIRNA:hsa-mir-200c-3p","MIRNA","hsa-mir-200c-3p",16638,350
"1970","lightgreen",TRUE,0.00176229426285133,779,919,65,0.0707290533188248,0.0834403080872914,"MIRNA:hsa-mir-4711-3p","MIRNA","hsa-mir-4711-3p",16638,3041
"1971","lightgreen",TRUE,0.00179048532153506,1486,919,111,0.120783460282916,0.0746971736204576,"MIRNA:hsa-mir-520a-5p","MIRNA","hsa-mir-520a-5p",16638,2880
"1972","lightgreen",TRUE,0.00181877829612938,2472,919,172,0.187159956474429,0.06957928802589,"MIRNA:hsa-mir-3689a-3p","MIRNA","hsa-mir-3689a-3p",16638,1690
"1973","lightgreen",TRUE,0.00181877829612938,2472,919,172,0.187159956474429,0.06957928802589,"MIRNA:hsa-mir-3689c","MIRNA","hsa-mir-3689c",16638,1098
"1974","lightgreen",TRUE,0.00182411509158177,533,919,48,0.0522306855277476,0.0900562851782364,"MIRNA:hsa-mir-4474-5p","MIRNA","hsa-mir-4474-5p",16638,1812
"1975","lightgreen",TRUE,0.00183822430536373,1614,919,119,0.129488574537541,0.073729863692689,"MIRNA:hsa-mir-4684-5p","MIRNA","hsa-mir-4684-5p",16638,2183
"1976","lightgreen",TRUE,0.00185113006525139,491,919,45,0.0489662676822633,0.0916496945010183,"MIRNA:hsa-mir-30c-5p","MIRNA","hsa-mir-30c-5p",16638,2922
"1977","lightgreen",TRUE,0.00185833543058196,707,919,60,0.0652883569096844,0.0848656294200849,"MIRNA:hsa-mir-455-5p","MIRNA","hsa-mir-455-5p",16638,853
"1978","lightgreen",TRUE,0.00186830381977313,796,919,66,0.0718171926006529,0.0829145728643216,"MIRNA:hsa-mir-519c-5p","MIRNA","hsa-mir-519c-5p",16638,1519
"1979","lightgreen",TRUE,0.00186830381977313,796,919,66,0.0718171926006529,0.0829145728643216,"MIRNA:hsa-mir-520c-5p","MIRNA","hsa-mir-520c-5p",16638,1036
"1980","lightgreen",TRUE,0.00186830381977313,946,919,76,0.0826985854189336,0.080338266384778,"MIRNA:hsa-mir-1197","MIRNA","hsa-mir-1197",16638,1499
"1981","lightgreen",TRUE,0.00186830381977313,796,919,66,0.0718171926006529,0.0829145728643216,"MIRNA:hsa-mir-519b-5p","MIRNA","hsa-mir-519b-5p",16638,43
"1982","lightgreen",TRUE,0.00186830381977313,796,919,66,0.0718171926006529,0.0829145728643216,"MIRNA:hsa-mir-518d-5p","MIRNA","hsa-mir-518d-5p",16638,2004
"1983","lightgreen",TRUE,0.00186830381977313,796,919,66,0.0718171926006529,0.0829145728643216,"MIRNA:hsa-mir-526a","MIRNA","hsa-mir-526a",16638,761
"1984","lightgreen",TRUE,0.00193683831335212,211,919,24,0.0261153427638738,0.113744075829384,"MIRNA:hsa-mir-153-5p","MIRNA","hsa-mir-153-5p",16638,1428
"1985","lightgreen",TRUE,0.00193683831335212,395,919,38,0.0413492927094668,0.0962025316455696,"MIRNA:hsa-mir-509-3p","MIRNA","hsa-mir-509-3p",16638,1069
"1986","lightgreen",TRUE,0.00193791468139686,1364,919,103,0.112078346028292,0.0755131964809384,"MIRNA:hsa-mir-3622b-5p","MIRNA","hsa-mir-3622b-5p",16638,1963
"1987","lightgreen",TRUE,0.00195489772429446,368,919,36,0.0391730141458107,0.0978260869565217,"MIRNA:hsa-mir-4540","MIRNA","hsa-mir-4540",16638,1262
"1988","lightgreen",TRUE,0.00199683162663173,858,919,70,0.0761697497279652,0.0815850815850816,"MIRNA:hsa-mir-10a","MIRNA","hsa-mir-10a",16638,41
"1989","lightgreen",TRUE,0.00199683162663173,1746,919,127,0.138193688792165,0.072737686139748,"MIRNA:hsa-mir-26b-5p","MIRNA","hsa-mir-26b-5p",16638,681
"1990","lightgreen",TRUE,0.00199683162663173,858,919,70,0.0761697497279652,0.0815850815850816,"MIRNA:hsa-mir-10b","MIRNA","hsa-mir-10b",16638,1486
"1991","lightgreen",TRUE,0.00201449703946901,2118,919,150,0.163220892274211,0.0708215297450425,"MIRNA:hsa-mir-3135b","MIRNA","hsa-mir-3135b",16638,835
"1992","lightgreen",TRUE,0.00201449703946901,1117,919,87,0.0946681175190424,0.0778871978513876,"MIRNA:hsa-mir-769-5p","MIRNA","hsa-mir-769-5p",16638,2083
"1993","lightgreen",TRUE,0.00204181875184832,369,919,36,0.0391730141458107,0.0975609756097561,"MIRNA:hsa-mir-130a-3p","MIRNA","hsa-mir-130a-3p",16638,2304
"1994","lightgreen",TRUE,0.00204383976586612,163,919,20,0.0217627856365615,0.122699386503067,"MIRNA:hsa-mir-200b-3p","MIRNA","hsa-mir-200b-3p",16638,1173
"1995","lightgreen",TRUE,0.00204703392029925,45,919,9,0.00979325353645267,0.2,"MIRNA:hsa-mir-136-3p","MIRNA","hsa-mir-136-3p",16638,2040
"1996","lightgreen",TRUE,0.00210050822819299,905,919,73,0.0794341675734494,0.0806629834254144,"MIRNA:hsa-mir-3605-5p","MIRNA","hsa-mir-3605-5p",16638,310
"1997","lightgreen",TRUE,0.00212138141229377,1701,919,124,0.134929270946681,0.0728982951205173,"MIRNA:hsa-mir-4533","MIRNA","hsa-mir-4533",16638,2899
"1998","lightgreen",TRUE,0.00213926357036689,343,919,34,0.0369967355821545,0.0991253644314869,"MIRNA:hsa-mir-3150a-5p","MIRNA","hsa-mir-3150a-5p",16638,2877
"1999","lightgreen",TRUE,0.00213926357036689,343,919,34,0.0369967355821545,0.0991253644314869,"MIRNA:hsa-mir-3150b-5p","MIRNA","hsa-mir-3150b-5p",16638,503
"2000","lightgreen",TRUE,0.00220297909670612,1059,919,83,0.0903155603917301,0.0783758262511804,"MIRNA:hsa-mir-3977","MIRNA","hsa-mir-3977",16638,2281
"2001","lightgreen",TRUE,0.00226237820407063,539,919,48,0.0522306855277476,0.0890538033395176,"MIRNA:hsa-mir-591","MIRNA","hsa-mir-591",16638,2462
"2002","lightgreen",TRUE,0.00227062861731008,1371,919,103,0.112078346028292,0.075127644055434,"MIRNA:hsa-mir-4691-5p","MIRNA","hsa-mir-4691-5p",16638,1127
"2003","lightgreen",TRUE,0.00229679703837745,788,919,65,0.0707290533188248,0.08248730964467,"MIRNA:hsa-mir-628-5p","MIRNA","hsa-mir-628-5p",16638,748
"2004","lightgreen",TRUE,0.00234043563923003,744,919,62,0.0674646354733406,0.0833333333333333,"MIRNA:hsa-mir-3130-5p","MIRNA","hsa-mir-3130-5p",16638,1121
"2005","lightgreen",TRUE,0.00240484350475889,1001,919,79,0.0859630032644178,0.0789210789210789,"MIRNA:hsa-mir-3165","MIRNA","hsa-mir-3165",16638,360
"2006","lightgreen",TRUE,0.00246388843394035,1485,919,110,0.119695321001088,0.0740740740740741,"MIRNA:hsa-mir-525-5p","MIRNA","hsa-mir-525-5p",16638,1425
"2007","lightgreen",TRUE,0.00248085116298627,731,919,61,0.0663764961915125,0.0834473324213406,"MIRNA:hsa-mir-450b-3p","MIRNA","hsa-mir-450b-3p",16638,780
"2008","lightgreen",TRUE,0.00253529481208703,658,919,56,0.0609357997823721,0.0851063829787234,"MIRNA:hsa-mir-4501","MIRNA","hsa-mir-4501",16638,2231
"2009","lightgreen",TRUE,0.00260409904183067,822,919,67,0.072905331882481,0.0815085158150852,"MIRNA:hsa-mir-589","MIRNA","hsa-mir-589",16638,2758
"2010","lightgreen",TRUE,0.0027026462181266,66,919,11,0.0119695321001088,0.166666666666667,"MIRNA:hsa-mir-7849-3p","MIRNA","hsa-mir-7849-3p",16638,181
"2011","lightgreen",TRUE,0.0027674378200152,794,919,65,0.0707290533188248,0.0818639798488665,"MIRNA:hsa-mir-576-3p","MIRNA","hsa-mir-576-3p",16638,88
"2012","lightgreen",TRUE,0.00279247049710375,87,919,13,0.014145810663765,0.149425287356322,"MIRNA:hsa-mir-329-5p","MIRNA","hsa-mir-329-5p",16638,206
"2013","lightgreen",TRUE,0.00285257183919335,810,919,66,0.0718171926006529,0.0814814814814815,"MIRNA:hsa-mir-4299","MIRNA","hsa-mir-4299",16638,836
"2014","lightgreen",TRUE,0.00293654410627226,633,919,54,0.058759521218716,0.0853080568720379,"MIRNA:hsa-mir-4714-3p","MIRNA","hsa-mir-4714-3p",16638,2917
"2015","lightgreen",TRUE,0.00295441957113334,692,919,58,0.0631120783460283,0.0838150289017341,"MIRNA:hsa-mir-4662a-3p","MIRNA","hsa-mir-4662a-3p",16638,2149
"2016","lightgreen",TRUE,0.00295804741995951,1288,919,97,0.105549510337323,0.0753105590062112,"MIRNA:hsa-mir-3155","MIRNA","hsa-mir-3155",16638,2122
"2017","lightgreen",TRUE,0.00299426458782207,121,919,16,0.0174102285092492,0.132231404958678,"MIRNA:hsa-mir-519d-5p","MIRNA","hsa-mir-519d-5p",16638,2981
"2018","lightgreen",TRUE,0.0030239915340028,797,919,65,0.0707290533188248,0.081555834378921,"MIRNA:hsa-mir-193b-3p","MIRNA","hsa-mir-193b-3p",16638,1907
"2019","lightgreen",TRUE,0.00308719918800266,1994,919,141,0.153427638737758,0.0707121364092277,"MIRNA:hsa-mir-24","MIRNA","hsa-mir-24",16638,1110
"2020","lightgreen",TRUE,0.00314710975393581,694,919,58,0.0631120783460283,0.0835734870317003,"MIRNA:hsa-mir-3162-5p","MIRNA","hsa-mir-3162-5p",16638,744
"2021","lightgreen",TRUE,0.00317387172819991,1433,919,106,0.115342763873776,0.0739706908583392,"MIRNA:hsa-mir-3614-5p","MIRNA","hsa-mir-3614-5p",16638,910
"2022","lightgreen",TRUE,0.00320859383282401,799,919,65,0.0707290533188248,0.081351689612015,"MIRNA:hsa-mir-4708-3p","MIRNA","hsa-mir-4708-3p",16638,1977
"2023","lightgreen",TRUE,0.00330176088214716,78,919,12,0.0130576713819369,0.153846153846154,"MIRNA:hsa-mir-365b-3p","MIRNA","hsa-mir-365b-3p",16638,2618
"2024","lightgreen",TRUE,0.00330369906266835,666,919,56,0.0609357997823721,0.0840840840840841,"MIRNA:hsa-mir-491-3p","MIRNA","hsa-mir-491-3p",16638,1923
"2025","lightgreen",TRUE,0.00338199984644601,1153,919,88,0.0957562568008705,0.0763226366001735,"MIRNA:hsa-mir-4660","MIRNA","hsa-mir-4660",16638,31
"2026","lightgreen",TRUE,0.00341752635659303,89,919,13,0.014145810663765,0.146067415730337,"MIRNA:hsa-mir-3617-5p","MIRNA","hsa-mir-3617-5p",16638,2702
"2027","lightgreen",TRUE,0.00354186201222764,624,919,53,0.0576713819368879,0.0849358974358974,"MIRNA:hsa-mir-5011-5p","MIRNA","hsa-mir-5011-5p",16638,217
"2028","lightgreen",TRUE,0.00354186201222764,409,919,38,0.0413492927094668,0.0929095354523227,"MIRNA:hsa-mir-4661-5p","MIRNA","hsa-mir-4661-5p",16638,2521
"2029","lightgreen",TRUE,0.00362177454749684,1281,919,96,0.104461371055495,0.0749414519906323,"MIRNA:hsa-mir-759","MIRNA","hsa-mir-759",16638,528
"2030","lightgreen",TRUE,0.00367956732811606,112,919,15,0.0163220892274211,0.133928571428571,"MIRNA:hsa-mir-1296-5p","MIRNA","hsa-mir-1296-5p",16638,2135
"2031","lightgreen",TRUE,0.0036966730286923,341,919,33,0.0359085963003264,0.0967741935483871,"MIRNA:hsa-mir-301b-3p","MIRNA","hsa-mir-301b-3p",16638,1813
"2032","lightgreen",TRUE,0.00376963738925275,1907,919,135,0.14689880304679,0.070791819611956,"MIRNA:hsa-mir-2467-3p","MIRNA","hsa-mir-2467-3p",16638,399
"2033","lightgreen",TRUE,0.00382216259046818,641,919,54,0.058759521218716,0.0842433697347894,"MIRNA:hsa-mir-4765","MIRNA","hsa-mir-4765",16638,1745
"2034","lightgreen",TRUE,0.00387320255921096,1019,919,79,0.0859630032644178,0.0775269872423945,"MIRNA:hsa-mir-2115","MIRNA","hsa-mir-2115",16638,2453
"2035","lightgreen",TRUE,0.0039148467653559,136,919,17,0.0184983677910773,0.125,"MIRNA:hsa-mir-518c","MIRNA","hsa-mir-518c",16638,300
"2036","lightgreen",TRUE,0.0039148467653559,136,919,17,0.0184983677910773,0.125,"MIRNA:hsa-mir-518f","MIRNA","hsa-mir-518f",16638,1479
"2037","lightgreen",TRUE,0.00394240509313069,1942,919,137,0.149075081610446,0.0705458290422245,"MIRNA:hsa-mir-1915","MIRNA","hsa-mir-1915",16638,589
"2038","lightgreen",TRUE,0.00402057578485742,837,919,67,0.072905331882481,0.0800477897252091,"MIRNA:hsa-mir-1914","MIRNA","hsa-mir-1914",16638,2856
"2039","lightgreen",TRUE,0.00403418051729233,1176,919,89,0.0968443960826986,0.0756802721088435,"MIRNA:hsa-mir-3183","MIRNA","hsa-mir-3183",16638,1687
"2040","lightgreen",TRUE,0.00405938300100614,747,919,61,0.0663764961915125,0.0816599732262383,"MIRNA:hsa-mir-4301","MIRNA","hsa-mir-4301",16638,1045
"2041","lightgreen",TRUE,0.00405938300100614,289,919,29,0.0315560391730141,0.100346020761246,"MIRNA:hsa-mir-548ah-5p","MIRNA","hsa-mir-548ah-5p",16638,2787
"2042","lightgreen",TRUE,0.00408199247252236,929,919,73,0.0794341675734494,0.0785791173304629,"MIRNA:hsa-mir-885-3p","MIRNA","hsa-mir-885-3p",16638,1166
"2043","lightgreen",TRUE,0.00409602739743375,173,919,20,0.0217627856365615,0.115606936416185,"MIRNA:hsa-mir-513c-3p","MIRNA","hsa-mir-513c-3p",16638,2944
"2044","lightgreen",TRUE,0.00411712293597713,1177,919,89,0.0968443960826986,0.0756159728122345,"MIRNA:hsa-mir-4723-3p","MIRNA","hsa-mir-4723-3p",16638,456
"2045","lightgreen",TRUE,0.00413895280919501,991,919,77,0.0837867247007617,0.0776992936427851,"MIRNA:hsa-mir-4522","MIRNA","hsa-mir-4522",16638,1935
"2046","lightgreen",TRUE,0.00414377129390827,330,919,32,0.0348204570184984,0.096969696969697,"MIRNA:hsa-mir-30e-5p","MIRNA","hsa-mir-30e-5p",16638,650
"2047","lightgreen",TRUE,0.00420871088156472,659,919,55,0.0598476605005441,0.0834597875569044,"MIRNA:hsa-mir-299-5p","MIRNA","hsa-mir-299-5p",16638,2380
"2048","lightgreen",TRUE,0.00420871088156472,659,919,55,0.0598476605005441,0.0834597875569044,"MIRNA:hsa-mir-4638-5p","MIRNA","hsa-mir-4638-5p",16638,134
"2049","lightgreen",TRUE,0.00421000870933987,470,919,42,0.0457018498367791,0.0893617021276596,"MIRNA:hsa-mir-4278","MIRNA","hsa-mir-4278",16638,2757
"2050","lightgreen",TRUE,0.0042653003896156,1163,919,88,0.0957562568008705,0.0756663800515907,"MIRNA:hsa-mir-542-3p","MIRNA","hsa-mir-542-3p",16638,1042
"2051","lightgreen",TRUE,0.004270903961945,50,919,9,0.00979325353645267,0.18,"MIRNA:hsa-mir-514a-5p","MIRNA","hsa-mir-514a-5p",16638,122
"2052","lightgreen",TRUE,0.00437707362591103,616,919,52,0.0565832426550598,0.0844155844155844,"MIRNA:hsa-mir-4641","MIRNA","hsa-mir-4641",16638,2552
"2053","lightgreen",TRUE,0.0043773210950728,690,919,57,0.0620239390642002,0.0826086956521739,"MIRNA:hsa-mir-4650-3p","MIRNA","hsa-mir-4650-3p",16638,1559
"2054","lightgreen",TRUE,0.00440297316040245,735,919,60,0.0652883569096844,0.0816326530612245,"MIRNA:hsa-mir-299-3p","MIRNA","hsa-mir-299-3p",16638,408
"2055","lightgreen",TRUE,0.00447631494296906,81,919,12,0.0130576713819369,0.148148148148148,"MIRNA:hsa-mir-9-3p","MIRNA","hsa-mir-9-3p",16638,555
"2056","lightgreen",TRUE,0.00450465510228944,933,919,73,0.0794341675734494,0.0782422293676313,"MIRNA:hsa-mir-4688","MIRNA","hsa-mir-4688",16638,651
"2057","lightgreen",TRUE,0.00450465510228944,2576,919,175,0.190424374319913,0.0679347826086956,"MIRNA:hsa-mir-4459","MIRNA","hsa-mir-4459",16638,1714
"2058","lightgreen",TRUE,0.00451565966879842,332,919,32,0.0348204570184984,0.0963855421686747,"MIRNA:hsa-mir-340-5p","MIRNA","hsa-mir-340-5p",16638,1358
"2059","lightgreen",TRUE,0.00456875751458095,1057,919,81,0.088139281828074,0.076631977294229,"MIRNA:hsa-mir-767-3p","MIRNA","hsa-mir-767-3p",16638,2352
"2060","lightgreen",TRUE,0.0046091072194356,603,919,51,0.0554951033732318,0.0845771144278607,"MIRNA:hsa-mir-195-5p","MIRNA","hsa-mir-195-5p",16638,1560
"2061","lightgreen",TRUE,0.00461169143738206,360,919,34,0.0369967355821545,0.0944444444444444,"MIRNA:hsa-mir-301a-3p","MIRNA","hsa-mir-301a-3p",16638,2687
"2062","lightgreen",TRUE,0.0046346532434354,873,919,69,0.0750816104461371,0.0790378006872852,"MIRNA:hsa-mir-4268","MIRNA","hsa-mir-4268",16638,727
"2063","lightgreen",TRUE,0.00466473162016646,115,919,15,0.0163220892274211,0.130434782608696,"MIRNA:hsa-mir-126-5p","MIRNA","hsa-mir-126-5p",16638,891
"2064","lightgreen",TRUE,0.00466803651214462,1027,919,79,0.0859630032644178,0.0769230769230769,"MIRNA:hsa-mir-3157-5p","MIRNA","hsa-mir-3157-5p",16638,2673
"2065","lightgreen",TRUE,0.00486941768005314,649,919,54,0.058759521218716,0.0832049306625578,"MIRNA:hsa-mir-3914","MIRNA","hsa-mir-3914",16638,1961
"2066","lightgreen",TRUE,0.00488728278681046,799,919,64,0.0696409140369967,0.0801001251564456,"MIRNA:hsa-mir-4326","MIRNA","hsa-mir-4326",16638,354
"2067","lightgreen",TRUE,0.00488728278681046,799,919,64,0.0696409140369967,0.0801001251564456,"MIRNA:hsa-mir-769-3p","MIRNA","hsa-mir-769-3p",16638,580
"2068","lightgreen",TRUE,0.00489854445466608,561,919,48,0.0522306855277476,0.0855614973262032,"MIRNA:hsa-mir-4520b-3p","MIRNA","hsa-mir-4520b-3p",16638,281
"2069","lightgreen",TRUE,0.00490587206781317,1470,919,107,0.116430903155604,0.0727891156462585,"MIRNA:hsa-mir-4469","MIRNA","hsa-mir-4469",16638,911
"2070","lightgreen",TRUE,0.00491047882629733,176,919,20,0.0217627856365615,0.113636363636364,"MIRNA:hsa-mir-3606-3p","MIRNA","hsa-mir-3606-3p",16638,1158
"2071","lightgreen",TRUE,0.00491047882629733,334,919,32,0.0348204570184984,0.0958083832335329,"MIRNA:hsa-mir-130b-5p","MIRNA","hsa-mir-130b-5p",16638,1280
"2072","lightgreen",TRUE,0.00491047882629733,739,919,60,0.0652883569096844,0.081190798376184,"MIRNA:hsa-mir-619","MIRNA","hsa-mir-619",16638,169
"2073","lightgreen",TRUE,0.00491751498659345,93,919,13,0.014145810663765,0.139784946236559,"MIRNA:hsa-mir-518e","MIRNA","hsa-mir-518e",16638,729
"2074","lightgreen",TRUE,0.0049647619135242,307,919,30,0.0326441784548422,0.0977198697068404,"MIRNA:hsa-mir-3651","MIRNA","hsa-mir-3651",16638,2138
"2075","lightgreen",TRUE,0.00504502214723448,562,919,48,0.0522306855277476,0.0854092526690391,"MIRNA:hsa-mir-4536","MIRNA","hsa-mir-4536",16638,2014
"2076","lightgreen",TRUE,0.00515929870463012,140,919,17,0.0184983677910773,0.121428571428571,"MIRNA:hsa-mir-518a-3p","MIRNA","hsa-mir-518a-3p",16638,2236
"2077","lightgreen",TRUE,0.00515929870463012,786,919,63,0.0685527747551687,0.0801526717557252,"MIRNA:hsa-mir-134","MIRNA","hsa-mir-134",16638,76
"2078","lightgreen",TRUE,0.00515929870463012,140,919,17,0.0184983677910773,0.121428571428571,"MIRNA:hsa-mir-518b","MIRNA","hsa-mir-518b",16638,1853
"2079","lightgreen",TRUE,0.00515929870463012,140,919,17,0.0184983677910773,0.121428571428571,"MIRNA:hsa-mir-518d-3p","MIRNA","hsa-mir-518d-3p",16638,2054
"2080","lightgreen",TRUE,0.00531653434349314,2537,919,172,0.187159956474429,0.0677966101694915,"MIRNA:hsa-mir-940","MIRNA","hsa-mir-940",16638,1455
"2081","lightgreen",TRUE,0.00534653483532132,742,919,60,0.0652883569096844,0.0808625336927224,"MIRNA:hsa-mir-3936","MIRNA","hsa-mir-3936",16638,391
"2082","lightgreen",TRUE,0.00534865294358697,712,919,58,0.0631120783460283,0.0814606741573034,"MIRNA:hsa-mir-193b","MIRNA","hsa-mir-193b",16638,2002
"2083","lightgreen",TRUE,0.00540424245221046,1507,919,109,0.11860718171926,0.0723291307232913,"MIRNA:hsa-mir-122","MIRNA","hsa-mir-122",16638,17
"2084","lightgreen",TRUE,0.00546856527227754,773,919,62,0.0674646354733406,0.0802069857697283,"MIRNA:hsa-mir-4790-3p","MIRNA","hsa-mir-4790-3p",16638,49
"2085","lightgreen",TRUE,0.00547984567065944,668,919,55,0.0598476605005441,0.0823353293413174,"MIRNA:hsa-mir-4529-5p","MIRNA","hsa-mir-4529-5p",16638,2625
"2086","lightgreen",TRUE,0.00548778751177997,594,919,50,0.0544069640914037,0.0841750841750842,"MIRNA:hsa-mir-649","MIRNA","hsa-mir-649",16638,1635
"2087","lightgreen",TRUE,0.00556041208167487,1333,919,98,0.106637649619151,0.0735183795948987,"MIRNA:hsa-mir-3155b","MIRNA","hsa-mir-3155b",16638,3013
"2088","lightgreen",TRUE,0.0056144682146227,580,919,49,0.0533188248095756,0.0844827586206897,"MIRNA:hsa-mir-3132","MIRNA","hsa-mir-3132",16638,2449
"2089","lightgreen",TRUE,0.0056495112452437,729,919,59,0.0642002176278564,0.0809327846364883,"MIRNA:hsa-mir-4471","MIRNA","hsa-mir-4471",16638,714
"2090","lightgreen",TRUE,0.0056495112452437,379,919,35,0.0380848748639826,0.0923482849604222,"MIRNA:hsa-mir-204-5p","MIRNA","hsa-mir-204-5p",16638,483
"2091","lightgreen",TRUE,0.00566568271364214,1176,919,88,0.0957562568008705,0.0748299319727891,"MIRNA:hsa-mir-3622b-3p","MIRNA","hsa-mir-3622b-3p",16638,189
"2092","lightgreen",TRUE,0.0056744256565589,820,919,65,0.0707290533188248,0.0792682926829268,"MIRNA:hsa-mir-3118","MIRNA","hsa-mir-3118",16638,2111
"2093","lightgreen",TRUE,0.00569092629141792,283,919,28,0.0304678998911861,0.0989399293286219,"MIRNA:hsa-mir-10b-5p","MIRNA","hsa-mir-10b-5p",16638,2605
"2094","lightgreen",TRUE,0.00579905966320162,670,919,55,0.0598476605005441,0.082089552238806,"MIRNA:hsa-mir-1265","MIRNA","hsa-mir-1265",16638,1368
"2095","lightgreen",TRUE,0.00592618434859024,1178,919,88,0.0957562568008705,0.0747028862478778,"MIRNA:hsa-mir-3622a-3p","MIRNA","hsa-mir-3622a-3p",16638,2093
"2096","lightgreen",TRUE,0.00607695286170733,899,919,70,0.0761697497279652,0.0778642936596218,"MIRNA:hsa-mir-876-3p","MIRNA","hsa-mir-876-3p",16638,965
"2097","lightgreen",TRUE,0.00617565090476736,687,919,56,0.0609357997823721,0.0815138282387191,"MIRNA:hsa-mir-3137","MIRNA","hsa-mir-3137",16638,180
"2098","lightgreen",TRUE,0.0061973768292366,946,919,73,0.0794341675734494,0.0771670190274841,"MIRNA:hsa-mir-4799-3p","MIRNA","hsa-mir-4799-3p",16638,248
"2099","lightgreen",TRUE,0.00625457927585155,554,919,47,0.0511425462459195,0.0848375451263538,"MIRNA:hsa-mir-4718","MIRNA","hsa-mir-4718",16638,119
"2100","lightgreen",TRUE,0.00627858772702846,839,919,66,0.0718171926006529,0.0786650774731824,"MIRNA:hsa-mir-4802-5p","MIRNA","hsa-mir-4802-5p",16638,1475
"2101","lightgreen",TRUE,0.00634871974401621,947,919,73,0.0794341675734494,0.0770855332629356,"MIRNA:hsa-mir-4720-5p","MIRNA","hsa-mir-4720-5p",16638,2195
"2102","lightgreen",TRUE,0.00638140319905227,540,919,46,0.0500544069640914,0.0851851851851852,"MIRNA:hsa-mir-4732-5p","MIRNA","hsa-mir-4732-5p",16638,101
"2103","lightgreen",TRUE,0.00642837526615288,963,919,74,0.0805223068552775,0.0768431983385254,"MIRNA:hsa-mir-4761-5p","MIRNA","hsa-mir-4761-5p",16638,1780
"2104","lightgreen",TRUE,0.00643627171890718,1645,919,117,0.127312295973885,0.0711246200607903,"MIRNA:hsa-mir-1184","MIRNA","hsa-mir-1184",16638,1931
"2105","lightgreen",TRUE,0.00649520546741614,1135,919,85,0.0924918389553863,0.0748898678414097,"MIRNA:hsa-mir-512-5p","MIRNA","hsa-mir-512-5p",16638,2551
"2106","lightgreen",TRUE,0.00649850265014604,526,919,45,0.0489662676822633,0.0855513307984791,"MIRNA:hsa-mir-519e","MIRNA","hsa-mir-519e",16638,1317
"2107","lightgreen",TRUE,0.00655584100301985,1230,919,91,0.0990206746463547,0.0739837398373984,"MIRNA:hsa-mir-3925-3p","MIRNA","hsa-mir-3925-3p",16638,1008
"2108","lightgreen",TRUE,0.00671333524240558,660,919,54,0.058759521218716,0.0818181818181818,"MIRNA:hsa-mir-106a-5p","MIRNA","hsa-mir-106a-5p",16638,2253
"2109","lightgreen",TRUE,0.00689025037057513,1028,919,78,0.0848748639825898,0.075875486381323,"MIRNA:hsa-mir-3190","MIRNA","hsa-mir-3190",16638,2043
"2110","lightgreen",TRUE,0.00692433312447639,676,919,55,0.0598476605005441,0.0813609467455621,"MIRNA:hsa-mir-383","MIRNA","hsa-mir-383",16638,2181
"2111","lightgreen",TRUE,0.00692874341488353,797,919,63,0.0685527747551687,0.0790464240903388,"MIRNA:hsa-mir-1255b","MIRNA","hsa-mir-1255b",16638,1590
"2112","lightgreen",TRUE,0.00693656553433918,572,919,48,0.0522306855277476,0.0839160839160839,"MIRNA:hsa-mir-1245b-5p","MIRNA","hsa-mir-1245b-5p",16638,470
"2113","lightgreen",TRUE,0.00695393547239375,1328,919,97,0.105549510337323,0.0730421686746988,"MIRNA:hsa-mir-4531","MIRNA","hsa-mir-4531",16638,2067
"2114","lightgreen",TRUE,0.00709843707490835,1329,919,97,0.105549510337323,0.072987208427389,"MIRNA:hsa-mir-4254","MIRNA","hsa-mir-4254",16638,2588
"2115","lightgreen",TRUE,0.00709843707490835,558,919,47,0.0511425462459195,0.0842293906810036,"MIRNA:hsa-mir-483-5p","MIRNA","hsa-mir-483-5p",16638,1376
"2116","lightgreen",TRUE,0.00709843707490835,86,919,12,0.0130576713819369,0.13953488372093,"MIRNA:hsa-mir-487b","MIRNA","hsa-mir-487b",16638,152
"2117","lightgreen",TRUE,0.00712122854535227,35,919,7,0.00761697497279652,0.2,"MIRNA:hsa-mir-668-3p","MIRNA","hsa-mir-668-3p",16638,325
"2118","lightgreen",TRUE,0.00713998041255755,573,919,48,0.0522306855277476,0.0837696335078534,"MIRNA:hsa-mir-3142","MIRNA","hsa-mir-3142",16638,2807
"2119","lightgreen",TRUE,0.00720432302585799,109,919,14,0.015233949945593,0.128440366972477,"MIRNA:hsa-mir-5695","MIRNA","hsa-mir-5695",16638,1532
"2120","lightgreen",TRUE,0.00728881960914171,1571,919,112,0.121871599564744,0.0712921705919796,"MIRNA:hsa-mir-4779","MIRNA","hsa-mir-4779",16638,1154
"2121","lightgreen",TRUE,0.00730720189736617,457,919,40,0.043525571273123,0.087527352297593,"MIRNA:hsa-mir-660","MIRNA","hsa-mir-660",16638,2694
"2122","lightgreen",TRUE,0.00749778081298948,709,919,57,0.0620239390642002,0.080394922425952,"MIRNA:hsa-mir-4761-3p","MIRNA","hsa-mir-4761-3p",16638,1004
"2123","lightgreen",TRUE,0.00766136940379961,590,919,49,0.0533188248095756,0.0830508474576271,"MIRNA:hsa-mir-3152-3p","MIRNA","hsa-mir-3152-3p",16638,2607
"2124","lightgreen",TRUE,0.00771549823503495,502,919,43,0.0467899891186072,0.0856573705179283,"MIRNA:hsa-mir-4537","MIRNA","hsa-mir-4537",16638,264
"2125","lightgreen",TRUE,0.00773687868818867,331,919,31,0.0337323177366703,0.0936555891238671,"MIRNA:hsa-mir-6513-5p","MIRNA","hsa-mir-6513-5p",16638,579
"2126","lightgreen",TRUE,0.0077399757107932,650,919,53,0.0576713819368879,0.0815384615384615,"MIRNA:hsa-mir-3976","MIRNA","hsa-mir-3976",16638,2212
"2127","lightgreen",TRUE,0.0079578779526402,621,919,51,0.0554951033732318,0.0821256038647343,"MIRNA:hsa-mir-4527","MIRNA","hsa-mir-4527",16638,1221
"2128","lightgreen",TRUE,0.00800882196683628,1319,919,96,0.104461371055495,0.0727824109173616,"MIRNA:hsa-mir-3179","MIRNA","hsa-mir-3179",16638,1645
"2129","lightgreen",TRUE,0.00801913324812541,318,919,30,0.0326441784548422,0.0943396226415094,"MIRNA:hsa-mir-183-5p","MIRNA","hsa-mir-183-5p",16638,1191
"2130","lightgreen",TRUE,0.00804309324227269,895,919,69,0.0750816104461371,0.0770949720670391,"MIRNA:hsa-mir-138","MIRNA","hsa-mir-138",16638,313
"2131","lightgreen",TRUE,0.00813014225131077,880,919,68,0.073993471164309,0.0772727272727273,"MIRNA:hsa-mir-323-5p","MIRNA","hsa-mir-323-5p",16638,1460
"2132","lightgreen",TRUE,0.00825972410354947,147,919,17,0.0184983677910773,0.115646258503401,"MIRNA:hsa-mir-136-5p","MIRNA","hsa-mir-136-5p",16638,556
"2133","lightgreen",TRUE,0.00841181296671607,698,919,56,0.0609357997823721,0.0802292263610315,"MIRNA:hsa-mir-98-5p","MIRNA","hsa-mir-98-5p",16638,791
"2134","lightgreen",TRUE,0.00841345610303834,66,919,10,0.0108813928182807,0.151515151515152,"MIRNA:hsa-mir-888-5p","MIRNA","hsa-mir-888-5p",16638,2794
"2135","lightgreen",TRUE,0.00841345610303834,111,919,14,0.015233949945593,0.126126126126126,"MIRNA:hsa-mir-6501-3p","MIRNA","hsa-mir-6501-3p",16638,2646
"2136","lightgreen",TRUE,0.00864488691155256,390,919,35,0.0380848748639826,0.0897435897435897,"MIRNA:hsa-mir-27b-3p","MIRNA","hsa-mir-27b-3p",16638,1800
"2137","lightgreen",TRUE,0.00866665847904285,684,919,55,0.0598476605005441,0.0804093567251462,"MIRNA:hsa-mir-877","MIRNA","hsa-mir-877",16638,615
"2138","lightgreen",TRUE,0.00873944200190777,362,919,33,0.0359085963003264,0.0911602209944751,"MIRNA:hsa-mir-454-3p","MIRNA","hsa-mir-454-3p",16638,1437
"2139","lightgreen",TRUE,0.00887065603813045,580,919,48,0.0522306855277476,0.0827586206896552,"MIRNA:hsa-mir-4317","MIRNA","hsa-mir-4317",16638,466
"2140","lightgreen",TRUE,0.00887065603813045,930,919,71,0.0772578890097933,0.0763440860215054,"MIRNA:hsa-mir-1912","MIRNA","hsa-mir-1912",16638,2968
"2141","lightgreen",TRUE,0.00887575040476143,46,919,8,0.00870511425462459,0.173913043478261,"MIRNA:hsa-mir-5094","MIRNA","hsa-mir-5094",16638,2007
"2142","lightgreen",TRUE,0.00887575040476143,822,919,64,0.0696409140369967,0.0778588807785888,"MIRNA:hsa-mir-1255a","MIRNA","hsa-mir-1255a",16638,2547
"2143","lightgreen",TRUE,0.00888233612342142,595,919,49,0.0533188248095756,0.0823529411764706,"MIRNA:hsa-mir-2964a-5p","MIRNA","hsa-mir-2964a-5p",16638,2780
"2144","lightgreen",TRUE,0.00894595905900034,946,919,72,0.0783460282916213,0.0761099365750529,"MIRNA:hsa-mir-3121-5p","MIRNA","hsa-mir-3121-5p",16638,1003
"2145","lightgreen",TRUE,0.0089668944901079,136,919,16,0.0174102285092492,0.117647058823529,"MIRNA:hsa-mir-517b","MIRNA","hsa-mir-517b",16638,1761
"2146","lightgreen",TRUE,0.0089668944901079,136,919,16,0.0174102285092492,0.117647058823529,"MIRNA:hsa-mir-664b-3p","MIRNA","hsa-mir-664b-3p",16638,2059
"2147","lightgreen",TRUE,0.00906018169333718,420,919,37,0.0402611534276387,0.0880952380952381,"MIRNA:hsa-mir-4633-5p","MIRNA","hsa-mir-4633-5p",16638,1692
"2148","lightgreen",TRUE,0.00906018169333718,566,919,47,0.0511425462459195,0.0830388692579505,"MIRNA:hsa-mir-1281","MIRNA","hsa-mir-1281",16638,2825
"2149","lightgreen",TRUE,0.00911944397631366,1632,919,115,0.125136017410229,0.0704656862745098,"MIRNA:hsa-mir-3150a-3p","MIRNA","hsa-mir-3150a-3p",16638,1563
"2150","lightgreen",TRUE,0.00911944397631366,1025,919,77,0.0837867247007617,0.0751219512195122,"MIRNA:hsa-mir-3127-3p","MIRNA","hsa-mir-3127-3p",16638,1707
"2151","lightgreen",TRUE,0.00912678884951976,226,919,23,0.0250272034820457,0.101769911504425,"MIRNA:hsa-mir-1295","MIRNA","hsa-mir-1295",16638,719
"2152","lightgreen",TRUE,0.00912678884951976,1992,919,137,0.149075081610446,0.0687751004016064,"MIRNA:hsa-mir-1976","MIRNA","hsa-mir-1976",16638,991
"2153","lightgreen",TRUE,0.00920073810055682,493,919,42,0.0457018498367791,0.0851926977687627,"MIRNA:hsa-mir-192","MIRNA","hsa-mir-192",16638,72
"2154","lightgreen",TRUE,0.00920073810055682,493,919,42,0.0457018498367791,0.0851926977687627,"MIRNA:hsa-mir-215","MIRNA","hsa-mir-215",16638,1927
"2155","lightgreen",TRUE,0.00925526774284293,187,919,20,0.0217627856365615,0.106951871657754,"MIRNA:hsa-mir-539-5p","MIRNA","hsa-mir-539-5p",16638,1810
"2156","lightgreen",TRUE,0.00925779510415325,200,919,21,0.0228509249183896,0.105,"MIRNA:hsa-mir-553","MIRNA","hsa-mir-553",16638,2510
"2157","lightgreen",TRUE,0.00955208667703066,37,919,7,0.00761697497279652,0.189189189189189,"MIRNA:hsa-mir-6834-3p","MIRNA","hsa-mir-6834-3p",16638,2574
"2158","lightgreen",TRUE,0.00963239625041061,1217,919,89,0.0968443960826986,0.0731306491372227,"MIRNA:hsa-mir-3173-3p","MIRNA","hsa-mir-3173-3p",16638,2566
"2159","lightgreen",TRUE,0.00978154020104552,719,919,57,0.0620239390642002,0.0792767732962448,"MIRNA:hsa-mir-4482","MIRNA","hsa-mir-4482",16638,2028
"2160","lightgreen",TRUE,0.00978154020104552,201,919,21,0.0228509249183896,0.104477611940299,"MIRNA:hsa-mir-5580-3p","MIRNA","hsa-mir-5580-3p",16638,827
"2161","lightgreen",TRUE,0.00984798763481644,966,919,73,0.0794341675734494,0.0755693581780538,"MIRNA:hsa-mir-4294","MIRNA","hsa-mir-4294",16638,154
"2162","lightgreen",TRUE,0.00984798763481644,1060,919,79,0.0859630032644178,0.0745283018867925,"MIRNA:hsa-mir-1262","MIRNA","hsa-mir-1262",16638,2467
"2163","lightgreen",TRUE,0.00984798763481644,1060,919,79,0.0859630032644178,0.0745283018867925,"MIRNA:hsa-mir-4701-3p","MIRNA","hsa-mir-4701-3p",16638,1695
"2164","lightgreen",TRUE,0.0102114795765365,324,919,30,0.0326441784548422,0.0925925925925926,"MIRNA:hsa-mir-450a-1-3p","MIRNA","hsa-mir-450a-1-3p",16638,3030
"2165","lightgreen",TRUE,0.010221710045397,68,919,10,0.0108813928182807,0.147058823529412,"MIRNA:hsa-mir-6784-3p","MIRNA","hsa-mir-6784-3p",16638,496
"2166","lightgreen",TRUE,0.0102360175446289,600,919,49,0.0533188248095756,0.0816666666666667,"MIRNA:hsa-mir-1278","MIRNA","hsa-mir-1278",16638,2829
"2167","lightgreen",TRUE,0.0103687070591847,126,919,15,0.0163220892274211,0.119047619047619,"MIRNA:hsa-mir-95","MIRNA","hsa-mir-95",16638,2021
"2168","lightgreen",TRUE,0.0103687070591847,937,919,71,0.0772578890097933,0.0757737459978655,"MIRNA:hsa-mir-1910","MIRNA","hsa-mir-1910",16638,1630
"2169","lightgreen",TRUE,0.0106590186396704,707,919,56,0.0609357997823721,0.0792079207920792,"MIRNA:hsa-mir-4751","MIRNA","hsa-mir-4751",16638,2369
"2170","lightgreen",TRUE,0.0106886651745615,1254,919,91,0.0990206746463547,0.0725677830940989,"MIRNA:hsa-mir-4468","MIRNA","hsa-mir-4468",16638,25
"2171","lightgreen",TRUE,0.0107006284159229,692,919,55,0.0598476605005441,0.0794797687861272,"MIRNA:hsa-mir-140-5p","MIRNA","hsa-mir-140-5p",16638,2151
"2172","lightgreen",TRUE,0.0108792451566794,139,919,16,0.0174102285092492,0.115107913669065,"MIRNA:hsa-mir-579-3p","MIRNA","hsa-mir-579-3p",16638,963
"2173","lightgreen",TRUE,0.0109372684350937,708,919,56,0.0609357997823721,0.0790960451977401,"MIRNA:hsa-mir-502-3p","MIRNA","hsa-mir-502-3p",16638,2958
"2174","lightgreen",TRUE,0.0109901397437902,38,919,7,0.00761697497279652,0.184210526315789,"MIRNA:hsa-mir-1229-5p","MIRNA","hsa-mir-1229-5p",16638,298
"2175","lightgreen",TRUE,0.0109901397437902,298,919,28,0.0304678998911861,0.0939597315436242,"MIRNA:hsa-mir-6832-3p","MIRNA","hsa-mir-6832-3p",16638,192
"2176","lightgreen",TRUE,0.0111358931321288,455,919,39,0.0424374319912949,0.0857142857142857,"MIRNA:hsa-mir-3162-3p","MIRNA","hsa-mir-3162-3p",16638,2190
"2177","lightgreen",TRUE,0.0111955811683128,152,919,17,0.0184983677910773,0.111842105263158,"MIRNA:hsa-mir-639","MIRNA","hsa-mir-639",16638,1506
"2178","lightgreen",TRUE,0.0111955811683128,115,919,14,0.015233949945593,0.121739130434783,"MIRNA:hsa-mir-4485","MIRNA","hsa-mir-4485",16638,2285
"2179","lightgreen",TRUE,0.0113065955533249,29,919,6,0.00652883569096844,0.206896551724138,"MIRNA:hsa-mir-520g-5p","MIRNA","hsa-mir-520g-5p",16638,962
"2180","lightgreen",TRUE,0.0113146418560321,529,919,44,0.0478781284004353,0.0831758034026465,"MIRNA:hsa-mir-645","MIRNA","hsa-mir-645",16638,543
"2181","lightgreen",TRUE,0.0116086714307216,1115,919,82,0.0892274211099021,0.073542600896861,"MIRNA:hsa-mir-3921","MIRNA","hsa-mir-3921",16638,2509
"2182","lightgreen",TRUE,0.0118686922483342,1116,919,82,0.0892274211099021,0.0734767025089606,"MIRNA:hsa-mir-4653-5p","MIRNA","hsa-mir-4653-5p",16638,1378
"2183","lightgreen",TRUE,0.0120189001889561,104,919,13,0.014145810663765,0.125,"MIRNA:hsa-mir-6844","MIRNA","hsa-mir-6844",16638,2124
"2184","lightgreen",TRUE,0.0120725117812413,773,919,60,0.0652883569096844,0.0776196636481242,"MIRNA:hsa-mir-193a-3p","MIRNA","hsa-mir-193a-3p",16638,183
"2185","lightgreen",TRUE,0.0123114657370462,820,919,63,0.0685527747551687,0.0768292682926829,"MIRNA:hsa-mir-1233","MIRNA","hsa-mir-1233",16638,1500
"2186","lightgreen",TRUE,0.0123585398959034,141,919,16,0.0174102285092492,0.113475177304965,"MIRNA:hsa-mir-200a-3p","MIRNA","hsa-mir-200a-3p",16638,1640
"2187","lightgreen",TRUE,0.0124922897397716,547,919,45,0.0489662676822633,0.0822669104204753,"MIRNA:hsa-mir-515-3p","MIRNA","hsa-mir-515-3p",16638,1676
"2188","lightgreen",TRUE,0.0126587844477415,977,919,73,0.0794341675734494,0.0747185261003071,"MIRNA:hsa-mir-620","MIRNA","hsa-mir-620",16638,2216
"2189","lightgreen",TRUE,0.0128849815818742,1750,919,121,0.131664853101197,0.0691428571428571,"MIRNA:hsa-mir-3612","MIRNA","hsa-mir-3612",16638,2478
"2190","lightgreen",TRUE,0.0128849815818742,1750,919,121,0.131664853101197,0.0691428571428571,"MIRNA:hsa-mir-650","MIRNA","hsa-mir-650",16638,159
"2191","lightgreen",TRUE,0.0128849815818742,344,919,31,0.0337323177366703,0.0901162790697674,"MIRNA:hsa-mir-30d-5p","MIRNA","hsa-mir-30d-5p",16638,393
"2192","lightgreen",TRUE,0.012992736154284,316,919,29,0.0315560391730141,0.0917721518987342,"MIRNA:hsa-mir-211-5p","MIRNA","hsa-mir-211-5p",16638,212
"2193","lightgreen",TRUE,0.0131857653821689,639,919,51,0.0554951033732318,0.07981220657277,"MIRNA:hsa-mir-1246","MIRNA","hsa-mir-1246",16638,754
"2194","lightgreen",TRUE,0.013486566534077,2366,919,158,0.171926006528836,0.0667793744716822,"MIRNA:hsa-mir-485-5p","MIRNA","hsa-mir-485-5p",16638,10
"2195","lightgreen",TRUE,0.0135918578583656,1557,919,109,0.11860718171926,0.0700064226075787,"MIRNA:hsa-mir-4419a","MIRNA","hsa-mir-4419a",16638,1454
"2196","lightgreen",TRUE,0.0136076936803971,996,919,74,0.0805223068552775,0.0742971887550201,"MIRNA:hsa-mir-647","MIRNA","hsa-mir-647",16638,1848
"2197","lightgreen",TRUE,0.0136382850879998,610,919,49,0.0533188248095756,0.080327868852459,"MIRNA:hsa-mir-592","MIRNA","hsa-mir-592",16638,2273
"2198","lightgreen",TRUE,0.0138076711995904,1558,919,109,0.11860718171926,0.0699614890885751,"MIRNA:hsa-mir-4510","MIRNA","hsa-mir-4510",16638,2911
"2199","lightgreen",TRUE,0.0138076711995904,1558,919,109,0.11860718171926,0.0699614890885751,"MIRNA:hsa-mir-1205","MIRNA","hsa-mir-1205",16638,1429
"2200","lightgreen",TRUE,0.0138329493024168,717,919,56,0.0609357997823721,0.0781032078103208,"MIRNA:hsa-mir-15b-5p","MIRNA","hsa-mir-15b-5p",16638,171
"2201","lightgreen",TRUE,0.0139177637163565,106,919,13,0.014145810663765,0.122641509433962,"MIRNA:hsa-mir-6888-5p","MIRNA","hsa-mir-6888-5p",16638,379
"2202","lightgreen",TRUE,0.0140279897943305,1156,919,84,0.0914036996735582,0.0726643598615917,"MIRNA:hsa-mir-1226","MIRNA","hsa-mir-1226",16638,1272
"2203","lightgreen",TRUE,0.0140279897943305,687,919,54,0.058759521218716,0.0786026200873362,"MIRNA:hsa-mir-626","MIRNA","hsa-mir-626",16638,240
"2204","lightgreen",TRUE,0.0144154414394211,2054,919,139,0.151251360174102,0.0676728334956183,"MIRNA:hsa-mir-766","MIRNA","hsa-mir-766",16638,637
"2205","lightgreen",TRUE,0.0144634807260768,567,919,46,0.0500544069640914,0.0811287477954145,"MIRNA:hsa-mir-877-3p","MIRNA","hsa-mir-877-3p",16638,2094
"2206","lightgreen",TRUE,0.0144634807260768,567,919,46,0.0500544069640914,0.0811287477954145,"MIRNA:hsa-mir-1269","MIRNA","hsa-mir-1269",16638,2472
"2207","lightgreen",TRUE,0.0144945898471386,1334,919,95,0.103373231773667,0.0712143928035982,"MIRNA:hsa-mir-4267","MIRNA","hsa-mir-4267",16638,2055
"2208","lightgreen",TRUE,0.0145412805953346,1015,919,75,0.0816104461371056,0.0738916256157636,"MIRNA:hsa-mir-4260","MIRNA","hsa-mir-4260",16638,1809
"2209","lightgreen",TRUE,0.0146526322870539,704,919,55,0.0598476605005441,0.078125,"MIRNA:hsa-mir-3614-3p","MIRNA","hsa-mir-3614-3p",16638,582
"2210","lightgreen",TRUE,0.0148269877265171,598,919,48,0.0522306855277476,0.0802675585284281,"MIRNA:hsa-mir-486-5p","MIRNA","hsa-mir-486-5p",16638,2331
"2211","lightgreen",TRUE,0.0148358989644694,1287,919,92,0.100108813928183,0.0714840714840715,"MIRNA:hsa-mir-3194-3p","MIRNA","hsa-mir-3194-3p",16638,1938
"2212","lightgreen",TRUE,0.0152093184483777,1176,919,85,0.0924918389553863,0.0722789115646258,"MIRNA:hsa-mir-1972","MIRNA","hsa-mir-1972",16638,439
"2213","lightgreen",TRUE,0.0153758319049533,132,919,15,0.0163220892274211,0.113636363636364,"MIRNA:hsa-mir-598","MIRNA","hsa-mir-598",16638,311
"2214","lightgreen",TRUE,0.0153758319049533,132,919,15,0.0163220892274211,0.113636363636364,"MIRNA:hsa-mir-205-3p","MIRNA","hsa-mir-205-3p",16638,649
"2215","lightgreen",TRUE,0.015783988091879,1114,919,81,0.088139281828074,0.0727109515260323,"MIRNA:hsa-mir-4446-3p","MIRNA","hsa-mir-4446-3p",16638,3009
"2216","lightgreen",TRUE,0.015783988091879,321,919,29,0.0315560391730141,0.0903426791277259,"MIRNA:hsa-mir-1273","MIRNA","hsa-mir-1273",16638,732
"2217","lightgreen",TRUE,0.0160652410844867,108,919,13,0.014145810663765,0.12037037037037,"MIRNA:hsa-mir-216b-3p","MIRNA","hsa-mir-216b-3p",16638,2115
"2218","lightgreen",TRUE,0.0161214980412599,1147,919,83,0.0903155603917301,0.0723626852659111,"MIRNA:hsa-mir-4690-3p","MIRNA","hsa-mir-4690-3p",16638,2788
"2219","lightgreen",TRUE,0.0161214980412599,601,919,48,0.0522306855277476,0.0798668885191348,"MIRNA:hsa-mir-1277-5p","MIRNA","hsa-mir-1277-5p",16638,737
"2220","lightgreen",TRUE,0.016267813149011,73,919,10,0.0108813928182807,0.136986301369863,"MIRNA:hsa-mir-194-5p","MIRNA","hsa-mir-194-5p",16638,812
"2221","lightgreen",TRUE,0.0166780707495493,709,919,55,0.0598476605005441,0.077574047954866,"MIRNA:hsa-mir-501-3p","MIRNA","hsa-mir-501-3p",16638,1337
"2222","lightgreen",TRUE,0.0168363151986101,453,919,38,0.0413492927094668,0.0838852097130243,"MIRNA:hsa-mir-1307","MIRNA","hsa-mir-1307",16638,2252
"2223","lightgreen",TRUE,0.0170050915638556,787,919,60,0.0652883569096844,0.0762388818297332,"MIRNA:hsa-mir-4474-3p","MIRNA","hsa-mir-4474-3p",16638,2061
"2224","lightgreen",TRUE,0.0170050915638556,1652,919,114,0.1240478781284,0.0690072639225182,"MIRNA:hsa-mir-4695-5p","MIRNA","hsa-mir-4695-5p",16638,1779
"2225","lightgreen",TRUE,0.0170522240107251,253,919,24,0.0261153427638738,0.0948616600790514,"MIRNA:hsa-mir-548t-5p","MIRNA","hsa-mir-548t-5p",16638,2918
"2226","lightgreen",TRUE,0.0170522240107251,253,919,24,0.0261153427638738,0.0948616600790514,"MIRNA:hsa-mir-548az-5p","MIRNA","hsa-mir-548az-5p",16638,1855
"2227","lightgreen",TRUE,0.0170892297998218,1166,919,84,0.0914036996735582,0.072041166380789,"MIRNA:hsa-mir-510","MIRNA","hsa-mir-510",16638,2621
"2228","lightgreen",TRUE,0.017134063972482,513,919,42,0.0457018498367791,0.0818713450292398,"MIRNA:hsa-mir-3545-5p","MIRNA","hsa-mir-3545-5p",16638,488
"2229","lightgreen",TRUE,0.0171455834904327,772,919,59,0.0642002176278564,0.0764248704663212,"MIRNA:hsa-mir-296-3p","MIRNA","hsa-mir-296-3p",16638,2577
"2230","lightgreen",TRUE,0.017151689611061,649,919,51,0.0554951033732318,0.0785824345146379,"MIRNA:hsa-mir-4450","MIRNA","hsa-mir-4450",16638,1016
"2231","lightgreen",TRUE,0.0172272179445209,97,919,12,0.0130576713819369,0.123711340206186,"MIRNA:hsa-mir-3529-3p","MIRNA","hsa-mir-3529-3p",16638,1811
"2232","lightgreen",TRUE,0.017360761700462,134,919,15,0.0163220892274211,0.111940298507463,"MIRNA:hsa-mir-891a","MIRNA","hsa-mir-891a",16638,2466
"2233","lightgreen",TRUE,0.017360761700462,1344,919,95,0.103373231773667,0.0706845238095238,"MIRNA:hsa-mir-491-5p","MIRNA","hsa-mir-491-5p",16638,2563
"2234","lightgreen",TRUE,0.0174305866245415,711,919,55,0.0598476605005441,0.0773558368495077,"MIRNA:hsa-mir-4653-3p","MIRNA","hsa-mir-4653-3p",16638,900
"2235","lightgreen",TRUE,0.0175341771656763,186,919,19,0.0206746463547334,0.102150537634409,"MIRNA:hsa-mir-548e-5p","MIRNA","hsa-mir-548e-5p",16638,478
"2236","lightgreen",TRUE,0.017575983806134,559,919,45,0.0489662676822633,0.0805008944543828,"MIRNA:hsa-mir-3157-3p","MIRNA","hsa-mir-3157-3p",16638,1861
"2237","lightgreen",TRUE,0.0178660236367572,1378,919,97,0.105549510337323,0.0703918722786647,"MIRNA:hsa-mir-124-3p","MIRNA","hsa-mir-124-3p",16638,609
"2238","lightgreen",TRUE,0.0179225097778317,122,919,14,0.015233949945593,0.114754098360656,"MIRNA:hsa-mir-381-3p","MIRNA","hsa-mir-381-3p",16638,2096
"2239","lightgreen",TRUE,0.0179877409367636,1623,919,112,0.121871599564744,0.0690080098582871,"MIRNA:hsa-mir-4645-5p","MIRNA","hsa-mir-4645-5p",16638,1432
"2240","lightgreen",TRUE,0.0180411735680328,978,919,72,0.0783460282916213,0.0736196319018405,"MIRNA:hsa-mir-1270","MIRNA","hsa-mir-1270",16638,1759
"2241","lightgreen",TRUE,0.0181101339772613,790,919,60,0.0652883569096844,0.0759493670886076,"MIRNA:hsa-mir-4792","MIRNA","hsa-mir-4792",16638,1181
"2242","lightgreen",TRUE,0.0182710835834602,1624,919,112,0.121871599564744,0.0689655172413793,"MIRNA:hsa-mir-4673","MIRNA","hsa-mir-4673",16638,1598
"2243","lightgreen",TRUE,0.0183005737240784,241,919,23,0.0250272034820457,0.0954356846473029,"MIRNA:hsa-mir-23a-3p","MIRNA","hsa-mir-23a-3p",16638,464
"2244","lightgreen",TRUE,0.018402134258119,187,919,19,0.0206746463547334,0.101604278074866,"MIRNA:hsa-mir-214-3p","MIRNA","hsa-mir-214-3p",16638,1756
"2245","lightgreen",TRUE,0.0184483758429581,822,919,62,0.0674646354733406,0.0754257907542579,"MIRNA:hsa-mir-4711-5p","MIRNA","hsa-mir-4711-5p",16638,2769
"2246","lightgreen",TRUE,0.0185103170606145,486,919,40,0.043525571273123,0.0823045267489712,"MIRNA:hsa-mir-128-3p","MIRNA","hsa-mir-128-3p",16638,1988
"2247","lightgreen",TRUE,0.0185819141535552,15,919,4,0.0043525571273123,0.266666666666667,"MIRNA:hsa-mir-8074","MIRNA","hsa-mir-8074",16638,1268
"2248","lightgreen",TRUE,0.0185873586723581,683,919,53,0.0576713819368879,0.0775988286969253,"MIRNA:hsa-mir-4772-5p","MIRNA","hsa-mir-4772-5p",16638,155
"2249","lightgreen",TRUE,0.018978060264538,761,919,58,0.0631120783460283,0.076215505913272,"MIRNA:hsa-mir-1302","MIRNA","hsa-mir-1302",16638,1498
"2250","lightgreen",TRUE,0.0194151463591981,1842,919,125,0.136017410228509,0.0678610206297503,"MIRNA:hsa-mir-3202","MIRNA","hsa-mir-3202",16638,1225
"2251","lightgreen",TRUE,0.0195857445807562,111,919,13,0.014145810663765,0.117117117117117,"MIRNA:hsa-mir-1185-1-3p","MIRNA","hsa-mir-1185-1-3p",16638,2982
"2252","lightgreen",TRUE,0.0195880237367185,639,919,50,0.0544069640914037,0.0782472613458529,"MIRNA:hsa-mir-3667-5p","MIRNA","hsa-mir-3667-5p",16638,2034
"2253","lightgreen",TRUE,0.0196884085299563,149,919,16,0.0174102285092492,0.10738255033557,"MIRNA:hsa-mir-548ar-3p","MIRNA","hsa-mir-548ar-3p",16638,644
"2254","lightgreen",TRUE,0.0196884085299563,162,919,17,0.0184983677910773,0.104938271604938,"MIRNA:hsa-mir-4520b-5p","MIRNA","hsa-mir-4520b-5p",16638,190
"2255","lightgreen",TRUE,0.0196884085299563,149,919,16,0.0174102285092492,0.10738255033557,"MIRNA:hsa-mir-548e-3p","MIRNA","hsa-mir-548e-3p",16638,137
"2256","lightgreen",TRUE,0.0196884085299563,162,919,17,0.0184983677910773,0.104938271604938,"MIRNA:hsa-mir-4520a-5p","MIRNA","hsa-mir-4520a-5p",16638,1681
"2257","lightgreen",TRUE,0.0196884085299563,149,919,16,0.0174102285092492,0.10738255033557,"MIRNA:hsa-mir-548f-3p","MIRNA","hsa-mir-548f-3p",16638,873
"2258","lightgreen",TRUE,0.0197670947154796,99,919,12,0.0130576713819369,0.121212121212121,"MIRNA:hsa-mir-676-5p","MIRNA","hsa-mir-676-5p",16638,816
"2259","lightgreen",TRUE,0.0198295654760987,202,919,20,0.0217627856365615,0.099009900990099,"MIRNA:hsa-mir-4681","MIRNA","hsa-mir-4681",16638,703
"2260","lightgreen",TRUE,0.0199082764914045,1255,919,89,0.0968443960826986,0.0709163346613546,"MIRNA:hsa-mir-3120-5p","MIRNA","hsa-mir-3120-5p",16638,1644
"2261","lightgreen",TRUE,0.0202008100308856,952,919,70,0.0761697497279652,0.0735294117647059,"MIRNA:hsa-mir-4316","MIRNA","hsa-mir-4316",16638,1201
"2262","lightgreen",TRUE,0.0203751443614926,33,919,6,0.00652883569096844,0.181818181818182,"MIRNA:hsa-mir-6755-3p","MIRNA","hsa-mir-6755-3p",16638,2896
"2263","lightgreen",TRUE,0.0206187200539388,1354,919,95,0.103373231773667,0.0701624815361891,"MIRNA:hsa-mir-326","MIRNA","hsa-mir-326",16638,1319
"2264","lightgreen",TRUE,0.0207913783699079,150,919,16,0.0174102285092492,0.106666666666667,"MIRNA:hsa-mir-548az-3p","MIRNA","hsa-mir-548az-3p",16638,1266
"2265","lightgreen",TRUE,0.0207913783699079,765,919,58,0.0631120783460283,0.0758169934640523,"MIRNA:hsa-mir-4298","MIRNA","hsa-mir-4298",16638,541
"2266","lightgreen",TRUE,0.0208153445181406,112,919,13,0.014145810663765,0.116071428571429,"MIRNA:hsa-mir-493-5p","MIRNA","hsa-mir-493-5p",16638,2840
"2267","lightgreen",TRUE,0.0211569258740842,358,919,31,0.0337323177366703,0.0865921787709497,"MIRNA:hsa-mir-423-3p","MIRNA","hsa-mir-423-3p",16638,527
"2268","lightgreen",TRUE,0.0214310813871221,2249,919,149,0.162132752992383,0.0662516674077368,"MIRNA:hsa-mir-4722-5p","MIRNA","hsa-mir-4722-5p",16638,1769
"2269","lightgreen",TRUE,0.0214783095828758,782,919,59,0.0642002176278564,0.0754475703324808,"MIRNA:hsa-mir-3136-3p","MIRNA","hsa-mir-3136-3p",16638,1881
"2270","lightgreen",TRUE,0.0218078554320666,204,919,20,0.0217627856365615,0.0980392156862745,"MIRNA:hsa-mir-3681-3p","MIRNA","hsa-mir-3681-3p",16638,1053
"2271","lightgreen",TRUE,0.0220488485199107,492,919,40,0.043525571273123,0.0813008130081301,"MIRNA:hsa-mir-492","MIRNA","hsa-mir-492",16638,1520
"2272","lightgreen",TRUE,0.0220817322949577,316,919,28,0.0304678998911861,0.0886075949367089,"MIRNA:hsa-mir-4454","MIRNA","hsa-mir-4454",16638,1473
"2273","lightgreen",TRUE,0.0221634355790103,846,919,63,0.0685527747551687,0.074468085106383,"MIRNA:hsa-mir-4309","MIRNA","hsa-mir-4309",16638,166
"2274","lightgreen",TRUE,0.0222470691696034,583,919,46,0.0500544069640914,0.0789022298456261,"MIRNA:hsa-mir-1269b","MIRNA","hsa-mir-1269b",16638,604
"2275","lightgreen",TRUE,0.0223691721812233,1375,919,96,0.104461371055495,0.0698181818181818,"MIRNA:hsa-mir-4665-5p","MIRNA","hsa-mir-4665-5p",16638,241
"2276","lightgreen",TRUE,0.0225137062494621,389,919,33,0.0359085963003264,0.0848329048843188,"MIRNA:hsa-mir-887-5p","MIRNA","hsa-mir-887-5p",16638,2716
"2277","lightgreen",TRUE,0.0226324069152888,847,919,63,0.0685527747551687,0.0743801652892562,"MIRNA:hsa-mir-3198","MIRNA","hsa-mir-3198",16638,173
"2278","lightgreen",TRUE,0.0226975574939078,101,919,12,0.0130576713819369,0.118811881188119,"MIRNA:hsa-mir-4636","MIRNA","hsa-mir-4636",16638,1844
"2279","lightgreen",TRUE,0.0227013987738472,1230,919,87,0.0946681175190424,0.0707317073170732,"MIRNA:hsa-mir-4428","MIRNA","hsa-mir-4428",16638,1194
"2280","lightgreen",TRUE,0.0227870490218562,676,919,52,0.0565832426550598,0.0769230769230769,"MIRNA:hsa-mir-346","MIRNA","hsa-mir-346",16638,2708
"2281","lightgreen",TRUE,0.0227967425337458,738,919,56,0.0609357997823721,0.0758807588075881,"MIRNA:hsa-mir-3191","MIRNA","hsa-mir-3191",16638,983
"2282","lightgreen",TRUE,0.0230426410148819,16,919,4,0.0043525571273123,0.25,"MIRNA:hsa-mir-664b-5p","MIRNA","hsa-mir-664b-5p",16638,291
"2283","lightgreen",TRUE,0.023360807939941,332,919,29,0.0315560391730141,0.0873493975903614,"MIRNA:hsa-mir-18a-3p","MIRNA","hsa-mir-18a-3p",16638,1918
"2284","lightgreen",TRUE,0.0234104443573716,66,919,9,0.00979325353645267,0.136363636363636,"MIRNA:hsa-mir-5190","MIRNA","hsa-mir-5190",16638,1301
"2285","lightgreen",TRUE,0.0234875278584633,1378,919,96,0.104461371055495,0.06966618287373,"MIRNA:hsa-mir-1275","MIRNA","hsa-mir-1275",16638,578
"2286","lightgreen",TRUE,0.0236295736449277,114,919,13,0.014145810663765,0.114035087719298,"MIRNA:hsa-mir-1185-2-3p","MIRNA","hsa-mir-1185-2-3p",16638,724
"2287","lightgreen",TRUE,0.023665995578863,1184,919,84,0.0914036996735582,0.0709459459459459,"MIRNA:hsa-mir-1293","MIRNA","hsa-mir-1293",16638,2523
"2288","lightgreen",TRUE,0.023665995578863,55,919,8,0.00870511425462459,0.145454545454545,"MIRNA:hsa-mir-8080","MIRNA","hsa-mir-8080",16638,2145
"2289","lightgreen",TRUE,0.0243350962334395,78,919,10,0.0108813928182807,0.128205128205128,"MIRNA:hsa-mir-195-3p","MIRNA","hsa-mir-195-3p",16638,2937
"2290","lightgreen",TRUE,0.0245109758289183,914,919,67,0.072905331882481,0.0733041575492341,"MIRNA:hsa-mir-3972","MIRNA","hsa-mir-3972",16638,2150
"2291","lightgreen",TRUE,0.0245109758289183,526,919,42,0.0457018498367791,0.0798479087452472,"MIRNA:hsa-mir-103b","MIRNA","hsa-mir-103b",16638,750
"2292","lightgreen",TRUE,0.0245109758289183,90,919,11,0.0119695321001088,0.122222222222222,"MIRNA:hsa-mir-6073","MIRNA","hsa-mir-6073",16638,1423
"2293","lightgreen",TRUE,0.0245338942342433,451,919,37,0.0402611534276387,0.082039911308204,"MIRNA:hsa-mir-3613-5p","MIRNA","hsa-mir-3613-5p",16638,2
"2294","lightgreen",TRUE,0.0247394160285281,978,919,71,0.0772578890097933,0.0725971370143149,"MIRNA:hsa-mir-3975","MIRNA","hsa-mir-3975",16638,2721
"2295","lightgreen",TRUE,0.024916230776944,557,919,44,0.0478781284004353,0.0789946140035907,"MIRNA:hsa-let-7e-5p","MIRNA","hsa-let-7e-5p",16638,1631
"2296","lightgreen",TRUE,0.0255117035176774,67,919,9,0.00979325353645267,0.134328358208955,"MIRNA:hsa-mir-6810-5p","MIRNA","hsa-mir-6810-5p",16638,2722
"2297","lightgreen",TRUE,0.0257646196133868,154,919,16,0.0174102285092492,0.103896103896104,"MIRNA:hsa-mir-6878-3p","MIRNA","hsa-mir-6878-3p",16638,1491
"2298","lightgreen",TRUE,0.0258742978789601,1205,919,85,0.0924918389553863,0.0705394190871369,"MIRNA:hsa-mir-339-5p","MIRNA","hsa-mir-339-5p",16638,2080
"2299","lightgreen",TRUE,0.025987521783184,697,919,53,0.0576713819368879,0.0760401721664275,"MIRNA:hsa-mir-4451","MIRNA","hsa-mir-4451",16638,2751
"2300","lightgreen",TRUE,0.0259946017537235,775,919,58,0.0631120783460283,0.0748387096774194,"MIRNA:hsa-mir-24-3p","MIRNA","hsa-mir-24-3p",16638,575
"2301","lightgreen",TRUE,0.0260566675183305,917,919,67,0.072905331882481,0.0730643402399128,"MIRNA:hsa-mir-1202","MIRNA","hsa-mir-1202",16638,1362
"2302","lightgreen",TRUE,0.0260632277163812,838,919,62,0.0674646354733406,0.0739856801909308,"MIRNA:hsa-mir-502-5p","MIRNA","hsa-mir-502-5p",16638,512
"2303","lightgreen",TRUE,0.0262116695021216,79,919,10,0.0108813928182807,0.126582278481013,"MIRNA:hsa-mir-202-5p","MIRNA","hsa-mir-202-5p",16638,2210
"2304","lightgreen",TRUE,0.0262116695021216,79,919,10,0.0108813928182807,0.126582278481013,"MIRNA:hsa-mir-6728-3p","MIRNA","hsa-mir-6728-3p",16638,128
"2305","lightgreen",TRUE,0.0262621773190853,91,919,11,0.0119695321001088,0.120879120879121,"MIRNA:hsa-mir-511-5p","MIRNA","hsa-mir-511-5p",16638,480
"2306","lightgreen",TRUE,0.0269136478254648,808,919,60,0.0652883569096844,0.0742574257425743,"MIRNA:hsa-mir-892b","MIRNA","hsa-mir-892b",16638,2824
"2307","lightgreen",TRUE,0.0271672718514095,129,919,14,0.015233949945593,0.108527131782946,"MIRNA:hsa-mir-1237-3p","MIRNA","hsa-mir-1237-3p",16638,2454
"2308","lightgreen",TRUE,0.0271979158040764,209,919,20,0.0217627856365615,0.0956937799043062,"MIRNA:hsa-mir-216a-3p","MIRNA","hsa-mir-216a-3p",16638,1985
"2309","lightgreen",TRUE,0.0274277924750746,622,919,48,0.0522306855277476,0.0771704180064309,"MIRNA:hsa-mir-1288","MIRNA","hsa-mir-1288",16638,1415
"2310","lightgreen",TRUE,0.0275210200810344,237,919,22,0.0239390642002176,0.0928270042194093,"MIRNA:hsa-mir-145-5p","MIRNA","hsa-mir-145-5p",16638,1267
"2311","lightgreen",TRUE,0.0275210200810344,237,919,22,0.0239390642002176,0.0928270042194093,"MIRNA:hsa-mir-29b-3p","MIRNA","hsa-mir-29b-3p",16638,191
"2312","lightgreen",TRUE,0.0275865535663661,104,919,12,0.0130576713819369,0.115384615384615,"MIRNA:hsa-mir-29b-2-5p","MIRNA","hsa-mir-29b-2-5p",16638,112
"2313","lightgreen",TRUE,0.0276331911319076,68,919,9,0.00979325353645267,0.132352941176471,"MIRNA:hsa-mir-8076","MIRNA","hsa-mir-8076",16638,1556
"2314","lightgreen",TRUE,0.027779993620505,1032,919,74,0.0805223068552775,0.0717054263565891,"MIRNA:hsa-mir-3126-5p","MIRNA","hsa-mir-3126-5p",16638,465
"2315","lightgreen",TRUE,0.0279542985314721,396,919,33,0.0359085963003264,0.0833333333333333,"MIRNA:hsa-mir-30b-5p","MIRNA","hsa-mir-30b-5p",16638,2334
"2316","lightgreen",TRUE,0.028007685467452,169,919,17,0.0184983677910773,0.100591715976331,"MIRNA:hsa-mir-4524b-3p","MIRNA","hsa-mir-4524b-3p",16638,987
"2317","lightgreen",TRUE,0.0282308922606268,80,919,10,0.0108813928182807,0.125,"MIRNA:hsa-mir-6796-3p","MIRNA","hsa-mir-6796-3p",16638,616
"2318","lightgreen",TRUE,0.0284329697896339,266,919,24,0.0261153427638738,0.0902255639097744,"MIRNA:hsa-mir-5692a","MIRNA","hsa-mir-5692a",16638,396
"2319","lightgreen",TRUE,0.0284641891617992,57,919,8,0.00870511425462459,0.140350877192982,"MIRNA:hsa-mir-4666b","MIRNA","hsa-mir-4666b",16638,328
"2320","lightgreen",TRUE,0.0294195407377609,1051,919,75,0.0816104461371056,0.071360608943863,"MIRNA:hsa-mir-3188","MIRNA","hsa-mir-3188",16638,2942
"2321","lightgreen",TRUE,0.0296976478967512,36,919,6,0.00652883569096844,0.166666666666667,"MIRNA:hsa-mir-5004-3p","MIRNA","hsa-mir-5004-3p",16638,584
"2322","lightgreen",TRUE,0.0296976478967512,36,919,6,0.00652883569096844,0.166666666666667,"MIRNA:hsa-mir-5579-5p","MIRNA","hsa-mir-5579-5p",16638,1215
"2323","lightgreen",TRUE,0.0305102671906318,1182,919,83,0.0903155603917301,0.0702199661590524,"MIRNA:hsa-mir-4483","MIRNA","hsa-mir-4483",16638,2836
"2324","lightgreen",TRUE,0.0306395109761967,941,919,68,0.073993471164309,0.0722635494155154,"MIRNA:hsa-mir-4716-3p","MIRNA","hsa-mir-4716-3p",16638,2902
"2325","lightgreen",TRUE,0.0308964654064852,596,919,46,0.0500544069640914,0.0771812080536913,"MIRNA:hsa-mir-526b-3p","MIRNA","hsa-mir-526b-3p",16638,1175
"2326","lightgreen",TRUE,0.0309696266676568,171,919,17,0.0184983677910773,0.0994152046783626,"MIRNA:hsa-mir-182-5p","MIRNA","hsa-mir-182-5p",16638,2063
"2327","lightgreen",TRUE,0.0310324819383792,1477,919,101,0.109902067464635,0.0683818551117129,"MIRNA:hsa-mir-3667-3p","MIRNA","hsa-mir-3667-3p",16638,1868
"2328","lightgreen",TRUE,0.0314002785807817,106,919,12,0.0130576713819369,0.113207547169811,"MIRNA:hsa-mir-7856-5p","MIRNA","hsa-mir-7856-5p",16638,1839
"2329","lightgreen",TRUE,0.0314178975295564,1265,919,88,0.0957562568008705,0.0695652173913043,"MIRNA:hsa-mir-4518","MIRNA","hsa-mir-4518",16638,69
"2330","lightgreen",TRUE,0.0315537965074611,158,919,16,0.0174102285092492,0.10126582278481,"MIRNA:hsa-mir-22-3p","MIRNA","hsa-mir-22-3p",16638,2157
"2331","lightgreen",TRUE,0.0323925158142689,241,919,22,0.0239390642002176,0.0912863070539419,"MIRNA:hsa-mir-503-5p","MIRNA","hsa-mir-503-5p",16638,2079
"2332","lightgreen",TRUE,0.0323925158142689,241,919,22,0.0239390642002176,0.0912863070539419,"MIRNA:hsa-mir-410-3p","MIRNA","hsa-mir-410-3p",16638,612
"2333","lightgreen",TRUE,0.032552151667967,70,919,9,0.00979325353645267,0.128571428571429,"MIRNA:hsa-mir-6862-3p","MIRNA","hsa-mir-6862-3p",16638,792
"2334","lightgreen",TRUE,0.032552151667967,70,919,9,0.00979325353645267,0.128571428571429,"MIRNA:hsa-mir-106b-3p","MIRNA","hsa-mir-106b-3p",16638,359
"2335","lightgreen",TRUE,0.0327659611207058,82,919,10,0.0108813928182807,0.121951219512195,"MIRNA:hsa-mir-6830-3p","MIRNA","hsa-mir-6830-3p",16638,859
"2336","lightgreen",TRUE,0.0327659611207058,82,919,10,0.0108813928182807,0.121951219512195,"MIRNA:hsa-mir-548ax","MIRNA","hsa-mir-548ax",16638,1263
"2337","lightgreen",TRUE,0.0331713898851751,159,919,16,0.0174102285092492,0.10062893081761,"MIRNA:hsa-mir-1260a","MIRNA","hsa-mir-1260a",16638,1541
"2338","lightgreen",TRUE,0.0333922419571618,107,919,12,0.0130576713819369,0.11214953271028,"MIRNA:hsa-mir-545-5p","MIRNA","hsa-mir-545-5p",16638,373
"2339","lightgreen",TRUE,0.0334870711256902,200,919,19,0.0206746463547334,0.095,"MIRNA:hsa-mir-4449","MIRNA","hsa-mir-4449",16638,449
"2340","lightgreen",TRUE,0.034056856939023,173,919,17,0.0184983677910773,0.0982658959537572,"MIRNA:hsa-mir-1539","MIRNA","hsa-mir-1539",16638,592
"2341","lightgreen",TRUE,0.0340891304103392,508,919,40,0.043525571273123,0.078740157480315,"MIRNA:hsa-mir-4460","MIRNA","hsa-mir-4460",16638,876
"2342","lightgreen",TRUE,0.0342118513769467,867,919,63,0.0685527747551687,0.0726643598615917,"MIRNA:hsa-mir-4732-3p","MIRNA","hsa-mir-4732-3p",16638,877
"2343","lightgreen",TRUE,0.0343077323383532,1124,919,79,0.0859630032644178,0.0702846975088968,"MIRNA:hsa-mir-3616-3p","MIRNA","hsa-mir-3616-3p",16638,2663
"2344","lightgreen",TRUE,0.0343100048388731,373,919,31,0.0337323177366703,0.0831099195710456,"MIRNA:hsa-mir-6512-3p","MIRNA","hsa-mir-6512-3p",16638,1798
"2345","lightgreen",TRUE,0.0343471164292597,1385,919,95,0.103373231773667,0.0685920577617329,"MIRNA:hsa-mir-4487","MIRNA","hsa-mir-4487",16638,565
"2346","lightgreen",TRUE,0.0345551882833112,187,919,18,0.0195865070729053,0.0962566844919786,"MIRNA:hsa-mir-1250-3p","MIRNA","hsa-mir-1250-3p",16638,1594
"2347","lightgreen",TRUE,0.034590887820522,48,919,7,0.00761697497279652,0.145833333333333,"MIRNA:hsa-mir-6797-3p","MIRNA","hsa-mir-6797-3p",16638,2868
"2348","lightgreen",TRUE,0.0346155606592235,1866,919,124,0.134929270946681,0.0664523043944266,"MIRNA:hsa-mir-3187-5p","MIRNA","hsa-mir-3187-5p",16638,656
"2349","lightgreen",TRUE,0.0349471301888457,948,919,68,0.073993471164309,0.0717299578059072,"MIRNA:hsa-mir-1291","MIRNA","hsa-mir-1291",16638,1732
"2350","lightgreen",TRUE,0.0351805632033821,1321,919,91,0.0990206746463547,0.06888720666162,"MIRNA:hsa-mir-3116","MIRNA","hsa-mir-3116",16638,236
"2351","lightgreen",TRUE,0.0352664686239988,374,919,31,0.0337323177366703,0.0828877005347594,"MIRNA:hsa-mir-222-3p","MIRNA","hsa-mir-222-3p",16638,2242
"2352","lightgreen",TRUE,0.0352664686239988,374,919,31,0.0337323177366703,0.0828877005347594,"MIRNA:hsa-mir-6720-5p","MIRNA","hsa-mir-6720-5p",16638,1875
"2353","lightgreen",TRUE,0.0352664686239988,695,919,52,0.0565832426550598,0.0748201438848921,"MIRNA:hsa-mir-1182","MIRNA","hsa-mir-1182",16638,2628
"2354","lightgreen",TRUE,0.0353106279989288,108,919,12,0.0130576713819369,0.111111111111111,"MIRNA:hsa-mir-302a-5p","MIRNA","hsa-mir-302a-5p",16638,623
"2355","lightgreen",TRUE,0.0354070276822222,571,919,44,0.0478781284004353,0.0770577933450088,"MIRNA:hsa-mir-4506","MIRNA","hsa-mir-4506",16638,56
"2356","lightgreen",TRUE,0.0354446000178117,330,919,28,0.0304678998911861,0.0848484848484849,"MIRNA:hsa-mir-6516-5p","MIRNA","hsa-mir-6516-5p",16638,2520
"2357","lightgreen",TRUE,0.0356127596911651,134,919,14,0.015233949945593,0.104477611940299,"MIRNA:hsa-mir-574-3p","MIRNA","hsa-mir-574-3p",16638,2870
"2358","lightgreen",TRUE,0.0357600243861152,1062,919,75,0.0816104461371056,0.0706214689265537,"MIRNA:hsa-mir-149","MIRNA","hsa-mir-149",16638,2753
"2359","lightgreen",TRUE,0.0359153344589283,696,919,52,0.0565832426550598,0.0747126436781609,"MIRNA:hsa-mir-3158-3p","MIRNA","hsa-mir-3158-3p",16638,1074
"2360","lightgreen",TRUE,0.0359153344589283,1869,919,124,0.134929270946681,0.0663456393793472,"MIRNA:hsa-mir-612","MIRNA","hsa-mir-612",16638,739
"2361","lightgreen",TRUE,0.0360389578827209,360,919,30,0.0326441784548422,0.0833333333333333,"MIRNA:hsa-mir-221-3p","MIRNA","hsa-mir-221-3p",16638,2186
"2362","lightgreen",TRUE,0.0369214128657244,60,919,8,0.00870511425462459,0.133333333333333,"MIRNA:hsa-mir-10a-3p","MIRNA","hsa-mir-10a-3p",16638,2943
"2363","lightgreen",TRUE,0.037168099802255,38,919,6,0.00652883569096844,0.157894736842105,"MIRNA:hsa-mir-6826-5p","MIRNA","hsa-mir-6826-5p",16638,2238
"2364","lightgreen",TRUE,0.037588673724859,135,919,14,0.015233949945593,0.103703703703704,"MIRNA:hsa-mir-337-5p","MIRNA","hsa-mir-337-5p",16638,2205
"2365","lightgreen",TRUE,0.0376899520000455,1260,919,87,0.0946681175190424,0.0690476190476191,"MIRNA:hsa-mir-3064-5p","MIRNA","hsa-mir-3064-5p",16638,552
"2366","lightgreen",TRUE,0.0377308377125942,72,919,9,0.00979325353645267,0.125,"MIRNA:hsa-mir-450a-2-3p","MIRNA","hsa-mir-450a-2-3p",16638,1508
"2367","lightgreen",TRUE,0.0379127590893079,49,919,7,0.00761697497279652,0.142857142857143,"MIRNA:hsa-mir-6076","MIRNA","hsa-mir-6076",16638,1034
"2368","lightgreen",TRUE,0.0380589086857881,274,919,24,0.0261153427638738,0.0875912408759124,"MIRNA:hsa-mir-3713","MIRNA","hsa-mir-3713",16638,917
"2369","lightgreen",TRUE,0.0383033225578192,905,919,65,0.0707290533188248,0.0718232044198895,"MIRNA:hsa-mir-4652-5p","MIRNA","hsa-mir-4652-5p",16638,2636
"2370","lightgreen",TRUE,0.0384842785511397,590,919,45,0.0489662676822633,0.076271186440678,"MIRNA:hsa-mir-610","MIRNA","hsa-mir-610",16638,446
"2371","lightgreen",TRUE,0.0384842785511397,1050,919,74,0.0805223068552775,0.0704761904761905,"MIRNA:hsa-mir-3127-5p","MIRNA","hsa-mir-3127-5p",16638,2876
"2372","lightgreen",TRUE,0.0384842785511397,513,919,40,0.043525571273123,0.0779727095516569,"MIRNA:hsa-mir-3681","MIRNA","hsa-mir-3681",16638,1261
"2373","lightgreen",TRUE,0.0387539056498406,176,919,17,0.0184983677910773,0.0965909090909091,"MIRNA:hsa-mir-6780b-5p","MIRNA","hsa-mir-6780b-5p",16638,1205
"2374","lightgreen",TRUE,0.0392749733329554,1035,919,73,0.0794341675734494,0.0705314009661836,"MIRNA:hsa-mir-642a","MIRNA","hsa-mir-642a",16638,1679
"2375","lightgreen",TRUE,0.0393295500363811,1460,919,99,0.107725788900979,0.0678082191780822,"MIRNA:hsa-mir-3158-5p","MIRNA","hsa-mir-3158-5p",16638,1805
"2376","lightgreen",TRUE,0.0393295500363811,1019,919,72,0.0783460282916213,0.070657507360157,"MIRNA:hsa-mir-4690-5p","MIRNA","hsa-mir-4690-5p",16638,418
"2377","lightgreen",TRUE,0.0393597768358887,716,919,53,0.0576713819368879,0.0740223463687151,"MIRNA:hsa-mir-4512","MIRNA","hsa-mir-4512",16638,224
"2378","lightgreen",TRUE,0.0399482399833778,19,919,4,0.0043525571273123,0.210526315789474,"MIRNA:hsa-mir-449c-3p","MIRNA","hsa-mir-449c-3p",16638,2121
"2379","lightgreen",TRUE,0.0404022037791693,1330,919,91,0.0990206746463547,0.068421052631579,"MIRNA:hsa-mir-1254","MIRNA","hsa-mir-1254",16638,1218
"2380","lightgreen",TRUE,0.0408246291432467,1102,919,77,0.0837867247007617,0.0698729582577133,"MIRNA:hsa-mir-4710","MIRNA","hsa-mir-4710",16638,2468
"2381","lightgreen",TRUE,0.0408246291432467,150,919,15,0.0163220892274211,0.1,"MIRNA:hsa-mir-545-3p","MIRNA","hsa-mir-545-3p",16638,795
"2382","lightgreen",TRUE,0.0408246291432467,150,919,15,0.0163220892274211,0.1,"MIRNA:hsa-mir-6895-3p","MIRNA","hsa-mir-6895-3p",16638,1135
"2383","lightgreen",TRUE,0.0408616192733758,191,919,18,0.0195865070729053,0.0942408376963351,"MIRNA:hsa-mir-651-3p","MIRNA","hsa-mir-651-3p",16638,764
"2384","lightgreen",TRUE,0.0411381614797381,624,919,47,0.0511425462459195,0.0753205128205128,"MIRNA:hsa-mir-4687-5p","MIRNA","hsa-mir-4687-5p",16638,1227
"2385","lightgreen",TRUE,0.0411942748914407,1054,919,74,0.0805223068552775,0.0702087286527514,"MIRNA:hsa-mir-125b","MIRNA","hsa-mir-125b",16638,2274
"2386","lightgreen",TRUE,0.0414443166224652,50,919,7,0.00761697497279652,0.14,"MIRNA:hsa-mir-8059","MIRNA","hsa-mir-8059",16638,15
"2387","lightgreen",TRUE,0.0414443166224652,687,919,51,0.0554951033732318,0.074235807860262,"MIRNA:hsa-mir-1273g","MIRNA","hsa-mir-1273g",16638,2900
"2388","lightgreen",TRUE,0.0414667412210799,137,919,14,0.015233949945593,0.102189781021898,"MIRNA:hsa-mir-516a-5p","MIRNA","hsa-mir-516a-5p",16638,2464
"2389","lightgreen",TRUE,0.0417082311550357,440,919,35,0.0380848748639826,0.0795454545454545,"MIRNA:hsa-mir-424-5p","MIRNA","hsa-mir-424-5p",16638,497
"2390","lightgreen",TRUE,0.0423361765647474,1399,919,95,0.103373231773667,0.0679056468906362,"MIRNA:hsa-mir-637","MIRNA","hsa-mir-637",16638,1055
"2391","lightgreen",TRUE,0.0424819411447285,517,919,40,0.043525571273123,0.0773694390715667,"MIRNA:hsa-mir-122-5p","MIRNA","hsa-mir-122-5p",16638,995
"2392","lightgreen",TRUE,0.043257483391838,396,919,32,0.0348204570184984,0.0808080808080808,"MIRNA:hsa-mir-6838-5p","MIRNA","hsa-mir-6838-5p",16638,1060
"2393","lightgreen",TRUE,0.043257483391838,381,919,31,0.0337323177366703,0.0813648293963255,"MIRNA:hsa-mir-1296","MIRNA","hsa-mir-1296",16638,1862
"2394","lightgreen",TRUE,0.0435348402552589,74,919,9,0.00979325353645267,0.121621621621622,"MIRNA:hsa-mir-16-2-3p","MIRNA","hsa-mir-16-2-3p",16638,2826
"2395","lightgreen",TRUE,0.0435348402552589,816,919,59,0.0642002176278564,0.0723039215686275,"MIRNA:hsa-mir-4504","MIRNA","hsa-mir-4504",16638,1411
"2396","lightgreen",TRUE,0.0436341178103163,138,919,14,0.015233949945593,0.101449275362319,"MIRNA:hsa-mir-5696","MIRNA","hsa-mir-5696",16638,1742
"2397","lightgreen",TRUE,0.044389095682673,3076,919,194,0.211099020674646,0.0630689206762029,"MIRNA:hsa-mir-4728-5p","MIRNA","hsa-mir-4728-5p",16638,2532
"2398","lightgreen",TRUE,0.0444250374266364,1205,919,83,0.0903155603917301,0.0688796680497925,"MIRNA:hsa-mir-125a-5p","MIRNA","hsa-mir-125a-5p",16638,1877
"2399","lightgreen",TRUE,0.0448252552883737,308,919,26,0.0282916213275299,0.0844155844155844,"MIRNA:hsa-mir-23b-3p","MIRNA","hsa-mir-23b-3p",16638,1567
"2400","lightgreen",TRUE,0.0449224002286925,1337,919,91,0.0990206746463547,0.0680628272251309,"MIRNA:hsa-mir-4691-3p","MIRNA","hsa-mir-4691-3p",16638,481
"2401","lightgreen",TRUE,0.0452018597807072,51,919,7,0.00761697497279652,0.137254901960784,"MIRNA:hsa-mir-518f-5p","MIRNA","hsa-mir-518f-5p",16638,1323
"2402","lightgreen",TRUE,0.0452018597807072,51,919,7,0.00761697497279652,0.137254901960784,"MIRNA:hsa-mir-522-5p","MIRNA","hsa-mir-522-5p",16638,1147
"2403","lightgreen",TRUE,0.0452018597807072,51,919,7,0.00761697497279652,0.137254901960784,"MIRNA:hsa-mir-523-5p","MIRNA","hsa-mir-523-5p",16638,2975
"2404","lightgreen",TRUE,0.0452018597807072,51,919,7,0.00761697497279652,0.137254901960784,"MIRNA:hsa-mir-519a-5p","MIRNA","hsa-mir-519a-5p",16638,1950
"2405","lightgreen",TRUE,0.0452018597807072,51,919,7,0.00761697497279652,0.137254901960784,"MIRNA:hsa-mir-518e-5p","MIRNA","hsa-mir-518e-5p",16638,504
"2406","lightgreen",TRUE,0.045569924938458,166,919,16,0.0174102285092492,0.0963855421686747,"MIRNA:hsa-mir-519e-5p","MIRNA","hsa-mir-519e-5p",16638,195
"2407","lightgreen",TRUE,0.0455882116835462,40,919,6,0.00652883569096844,0.15,"MIRNA:hsa-mir-1-5p","MIRNA","hsa-mir-1-5p",16638,1646
"2408","lightgreen",TRUE,0.045610155212707,180,919,17,0.0184983677910773,0.0944444444444444,"MIRNA:hsa-mir-548o-5p","MIRNA","hsa-mir-548o-5p",16638,2469
"2409","lightgreen",TRUE,0.045610155212707,180,919,17,0.0184983677910773,0.0944444444444444,"MIRNA:hsa-mir-548au-5p","MIRNA","hsa-mir-548au-5p",16638,1136
"2410","lightgreen",TRUE,0.045610155212707,180,919,17,0.0184983677910773,0.0944444444444444,"MIRNA:hsa-mir-548as-5p","MIRNA","hsa-mir-548as-5p",16638,2102
"2411","lightgreen",TRUE,0.045610155212707,180,919,17,0.0184983677910773,0.0944444444444444,"MIRNA:hsa-mir-548bb-5p","MIRNA","hsa-mir-548bb-5p",16638,2101
"2412","lightgreen",TRUE,0.045610155212707,180,919,17,0.0184983677910773,0.0944444444444444,"MIRNA:hsa-mir-4524a-5p","MIRNA","hsa-mir-4524a-5p",16638,2032
"2413","lightgreen",TRUE,0.045610155212707,180,919,17,0.0184983677910773,0.0944444444444444,"MIRNA:hsa-mir-548ay-5p","MIRNA","hsa-mir-548ay-5p",16638,1231
"2414","lightgreen",TRUE,0.045610155212707,180,919,17,0.0184983677910773,0.0944444444444444,"MIRNA:hsa-mir-548am-5p","MIRNA","hsa-mir-548am-5p",16638,1440
"2415","lightgreen",TRUE,0.045610155212707,180,919,17,0.0184983677910773,0.0944444444444444,"MIRNA:hsa-mir-548ad-5p","MIRNA","hsa-mir-548ad-5p",16638,1558
"2416","lightgreen",TRUE,0.045610155212707,180,919,17,0.0184983677910773,0.0944444444444444,"MIRNA:hsa-mir-548ae-5p","MIRNA","hsa-mir-548ae-5p",16638,2272
"2417","lightgreen",TRUE,0.045610155212707,180,919,17,0.0184983677910773,0.0944444444444444,"MIRNA:hsa-mir-548ar-5p","MIRNA","hsa-mir-548ar-5p",16638,968
"2418","lightgreen",TRUE,0.045610155212707,180,919,17,0.0184983677910773,0.0944444444444444,"MIRNA:hsa-mir-548aq-5p","MIRNA","hsa-mir-548aq-5p",16638,919
"2419","lightgreen",TRUE,0.045610155212707,180,919,17,0.0184983677910773,0.0944444444444444,"MIRNA:hsa-mir-548h-5p","MIRNA","hsa-mir-548h-5p",16638,3011
"2420","lightgreen",TRUE,0.045610155212707,180,919,17,0.0184983677910773,0.0944444444444444,"MIRNA:hsa-mir-548ap-5p","MIRNA","hsa-mir-548ap-5p",16638,2597
"2421","lightgreen",TRUE,0.0456421474888798,835,919,60,0.0652883569096844,0.0718562874251497,"MIRNA:hsa-mir-644","MIRNA","hsa-mir-644",16638,1112
"2422","lightgreen",TRUE,0.046084209159767,126,919,13,0.014145810663765,0.103174603174603,"MIRNA:hsa-mir-652-3p","MIRNA","hsa-mir-652-3p",16638,2302
"2423","lightgreen",TRUE,0.0461676468086512,75,919,9,0.00979325353645267,0.12,"MIRNA:hsa-mir-7844-5p","MIRNA","hsa-mir-7844-5p",16638,904
"2424","lightgreen",TRUE,0.0464687305730842,1340,919,91,0.0990206746463547,0.067910447761194,"MIRNA:hsa-mir-330-5p","MIRNA","hsa-mir-330-5p",16638,1983
"2425","lightgreen",TRUE,0.047252533525147,223,919,20,0.0217627856365615,0.0896860986547085,"MIRNA:hsa-mir-1247-3p","MIRNA","hsa-mir-1247-3p",16638,959
"2426","lightgreen",TRUE,0.0476100679999661,181,919,17,0.0184983677910773,0.0939226519337017,"MIRNA:hsa-mir-4524b-5p","MIRNA","hsa-mir-4524b-5p",16638,627
"2427","lightgreen",TRUE,0.0476100679999661,181,919,17,0.0184983677910773,0.0939226519337017,"MIRNA:hsa-mir-548j-5p","MIRNA","hsa-mir-548j-5p",16638,175
"2428","lightgreen",TRUE,0.0478293563263154,1276,919,87,0.0946681175190424,0.0681818181818182,"MIRNA:hsa-mir-4715-3p","MIRNA","hsa-mir-4715-3p",16638,2611
"2429","lightgreen",TRUE,0.0488132113279093,431,919,34,0.0369967355821545,0.0788863109048724,"MIRNA:hsa-mir-323b-5p","MIRNA","hsa-mir-323b-5p",16638,2991
"2430","lightgreen",TRUE,0.048934102519876,52,919,7,0.00761697497279652,0.134615384615385,"MIRNA:hsa-mir-6820-3p","MIRNA","hsa-mir-6820-3p",16638,4
"2431","lightgreen",TRUE,0.0489833519970566,101,919,11,0.0119695321001088,0.108910891089109,"MIRNA:hsa-mir-671-3p","MIRNA","hsa-mir-671-3p",16638,2919
"2432","lightgreen",TRUE,0.0489965531076498,114,919,12,0.0130576713819369,0.105263157894737,"MIRNA:hsa-mir-32-3p","MIRNA","hsa-mir-32-3p",16638,2654
"2433","lightgreen",TRUE,0.0489965531076498,114,919,12,0.0130576713819369,0.105263157894737,"MIRNA:hsa-mir-95-5p","MIRNA","hsa-mir-95-5p",16638,2189
"2434","lightgreen",TRUE,0.0494373281504817,210,919,19,0.0206746463547334,0.0904761904761905,"MIRNA:hsa-mir-191","MIRNA","hsa-mir-191",16638,707
"2435","lightgreen",TRUE,0.0495199768500939,1033,919,72,0.0783460282916213,0.0696999031945789,"MIRNA:hsa-mir-4437","MIRNA","hsa-mir-4437",16638,2414
"2436","lightgreen",TRUE,0.0495199768500939,696,919,51,0.0554951033732318,0.0732758620689655,"MIRNA:hsa-mir-4771","MIRNA","hsa-mir-4771",16638,1863
"2437","lightgreen",TRUE,0.0497307610767811,555,919,42,0.0457018498367791,0.0756756756756757,"MIRNA:hsa-mir-34a-5p","MIRNA","hsa-mir-34a-5p",16638,1507
"2438","lightgreen",TRUE,0.0498799839672599,64,919,8,0.00870511425462459,0.125,"MIRNA:hsa-mir-376a-5p","MIRNA","hsa-mir-376a-5p",16638,2658
"2439","lightgreen",TRUE,0.000156249125646408,625,621,68,0.109500805152979,0.1088,"REAC:R-HSA-199991","REAC","Membrane Trafficking",11004,1427
"2440","lightgreen",TRUE,0.000217640807067252,276,621,38,0.0611916264090177,0.13768115942029,"REAC:R-HSA-72203","REAC","Processing of Capped Intron-Containing Pre-mRNA",11004,1812
"2441","lightgreen",TRUE,0.000339681526865182,710,621,72,0.115942028985507,0.101408450704225,"REAC:R-HSA-8953854","REAC","Metabolism of RNA",11004,1432
"2442","lightgreen",TRUE,0.00207662809405147,719,621,69,0.111111111111111,0.0959666203059805,"REAC:R-HSA-5653656","REAC","Vesicle-mediated transport",11004,2663
"2443","lightgreen",TRUE,0.00207662809405147,701,621,68,0.109500805152979,0.0970042796005706,"REAC:R-HSA-194315","REAC","Signaling by Rho GTPases",11004,2321
"2444","lightgreen",TRUE,0.00207662809405147,716,621,69,0.111111111111111,0.0963687150837989,"REAC:R-HSA-9716542","REAC","Signaling by Rho GTPases, Miro GTPases and RHOBTB3",11004,2322
"2445","lightgreen",TRUE,0.010966302447157,73,621,14,0.0225442834138486,0.191780821917808,"REAC:R-HSA-199992","REAC","trans-Golgi Network Vesicle Budding",11004,2767
"2446","lightgreen",TRUE,0.0175849595993833,178,621,23,0.037037037037037,0.129213483146067,"REAC:R-HSA-2990846","REAC","SUMOylation",11004,2183
"2447","lightgreen",TRUE,0.0175849595993833,120,621,18,0.0289855072463768,0.15,"REAC:R-HSA-9705671","REAC","SARS-CoV-2 activates/modulates innate and adaptive immune responses",11004,2139
"2448","lightgreen",TRUE,0.0175849595993833,292,621,33,0.0531400966183575,0.113013698630137,"REAC:R-HSA-9694516","REAC","SARS-CoV-2 Infection",11004,2138
"2449","lightgreen",TRUE,0.0175849595993833,80,621,14,0.0225442834138486,0.175,"REAC:R-HSA-72202","REAC","Transport of Mature Transcript to Cytoplasm",11004,2602
"2450","lightgreen",TRUE,0.0175849595993833,72,621,13,0.0209339774557166,0.180555555555556,"REAC:R-HSA-3108214","REAC","SUMOylation of DNA damage response and repair proteins",11004,2184
"2451","lightgreen",TRUE,0.0175849595993833,209,621,26,0.0418679549114332,0.124401913875598,"REAC:R-HSA-72172","REAC","mRNA Splicing",11004,2724
"2452","lightgreen",TRUE,0.0175849595993833,202,621,25,0.0402576489533011,0.123762376237624,"REAC:R-HSA-72163","REAC","mRNA Splicing - Major Pathway",11004,2725
"2453","lightgreen",TRUE,0.0175849595993833,43,621,10,0.0161030595813204,0.232558139534884,"REAC:R-HSA-4570464","REAC","SUMOylation of RNA binding proteins",11004,2187
"2454","lightgreen",TRUE,0.0175849595993833,29,621,8,0.0128824476650564,0.275862068965517,"REAC:R-HSA-983170","REAC","Antigen Presentation: Folding, assembly and peptide loading of class I MHC",11004,152
"2455","lightgreen",TRUE,0.0196037621267578,55,621,11,0.0177133655394525,0.2,"REAC:R-HSA-432722","REAC","Golgi Associated Vesicle Biogenesis",11004,1095
"2456","lightgreen",TRUE,0.020675239907162,449,621,44,0.07085346215781,0.0979955456570156,"REAC:R-HSA-9012999","REAC","RHO GTPase cycle",11004,1863
"2457","lightgreen",TRUE,0.0223466001995397,172,621,22,0.035426731078905,0.127906976744186,"REAC:R-HSA-3108232","REAC","SUMO E3 ligases SUMOylate target proteins",11004,2179
"2458","lightgreen",TRUE,0.0247429699474803,32,621,8,0.0128824476650564,0.25,"REAC:R-HSA-4085377","REAC","SUMOylation of SUMOylation proteins",11004,2188
"2459","lightgreen",TRUE,0.0282428469199781,1451,621,111,0.178743961352657,0.0764989662301861,"REAC:R-HSA-597592","REAC","Post-translational protein modification",11004,1792
"2460","lightgreen",TRUE,0.0282428469199781,33,621,8,0.0128824476650564,0.242424242424242,"REAC:R-HSA-5694530","REAC","Cargo concentration in the ER",11004,310
"2461","lightgreen",TRUE,0.0390095996515849,71,621,12,0.0193236714975845,0.169014084507042,"REAC:R-HSA-159236","REAC","Transport of Mature mRNA derived from an Intron-Containing Transcript",11004,2604
"2462","lightgreen",TRUE,2.12347921982443e-28,14371,968,843,0.870867768595041,0.058659800988101,"TF:M09894_1","TF","Factor: E2F-4; motif: SNGGGCGGGAANN; match class: 1",20092,1551
"2463","lightgreen",TRUE,2.36293124947932e-28,15301,968,876,0.90495867768595,0.0572511600548984,"TF:M10438_1","TF","Factor: ZF5; motif: GGSGCGCGS; match class: 1",20092,9479
"2464","lightgreen",TRUE,2.4757606287845e-27,16106,968,901,0.930785123966942,0.0559418850117968,"TF:M12599_1","TF","Factor: E2F4; motif: YCCCGCCNCNNSSNNSNN; match class: 1",20092,1555
"2465","lightgreen",TRUE,5.59437249773836e-26,10757,968,685,0.707644628099174,0.0636794645347216,"TF:M08205_1","TF","Factor: E2F-1:Elk-1; motif: SGCGCSNNAMCGGAAGT; match class: 1",20092,1465
"2466","lightgreen",TRUE,7.89725482450898e-26,10751,968,684,0.706611570247934,0.0636219886522184,"TF:M00695","TF","Factor: ETF; motif: GVGGMGG",20092,2220
"2467","lightgreen",TRUE,8.25543375843531e-26,16645,968,915,0.945247933884298,0.0549714629017723,"TF:M09894","TF","Factor: E2F-4; motif: SNGGGCGGGAANN",20092,1550
"2468","lightgreen",TRUE,2.34136297801571e-25,13582,968,803,0.829545454545455,0.059122367839788,"TF:M00803","TF","Factor: E2F; motif: GGCGSG",20092,1590
"2469","lightgreen",TRUE,5.65038616955478e-25,14532,968,839,0.866735537190083,0.0577346545554638,"TF:M00716_1","TF","Factor: ZF5; motif: GSGCGCGR; match class: 1",20092,9475
"2470","lightgreen",TRUE,7.09352456409654e-25,14860,968,851,0.879132231404959,0.0572678331090175,"TF:M08205","TF","Factor: E2F-1:Elk-1; motif: SGCGCSNNAMCGGAAGT",20092,1464
"2471","lightgreen",TRUE,7.4467988395343e-25,10858,968,685,0.707644628099174,0.0630871247006815,"TF:M10072","TF","Factor: sp4; motif: NNGNARGRGGCGGRGCNNRR",20092,8110
"2472","lightgreen",TRUE,7.78533808764949e-24,15421,968,869,0.897727272727273,0.0563517281628948,"TF:M08526_1","TF","Factor: E2F-3:HES-7; motif: NNNSGCGCSNNNNNCRCGYGNN; match class: 1",20092,1521
"2473","lightgreen",TRUE,1.40943590972656e-23,14924,968,850,0.878099173553719,0.0569552398820692,"TF:M11529_1","TF","Factor: E2F-2; motif: GCGCGCGCNCS; match class: 1",20092,1507
"2474","lightgreen",TRUE,1.14463178602837e-22,13581,968,795,0.821280991735537,0.0585376629114204,"TF:M02089","TF","Factor: E2F-3; motif: GGCGGGN",20092,1536
"2475","lightgreen",TRUE,2.14980126978068e-22,13676,968,798,0.824380165289256,0.058350394852296,"TF:M11531","TF","Factor: E2F-2; motif: GCGCGCGCGYW",20092,1510
"2476","lightgreen",TRUE,2.67665678502144e-22,13100,968,774,0.799586776859504,0.0590839694656489,"TF:M02065","TF","Factor: ER81; motif: RCCGGAARYN",20092,2004
"2477","lightgreen",TRUE,5.0206196665006e-22,10540,968,661,0.682851239669422,0.0627134724857685,"TF:M00803_1","TF","Factor: E2F; motif: GGCGSG; match class: 1",20092,1591
"2478","lightgreen",TRUE,7.3855176692045e-22,15697,968,874,0.902892561983471,0.0556794291902911,"TF:M08525_1","TF","Factor: E2F-1:HES-7; motif: GGCRCGTGSYNNWNGGCGCSM; match class: 1",20092,1471
"2479","lightgreen",TRUE,7.59694613277639e-22,15644,968,872,0.900826446280992,0.0557402198926106,"TF:M04826_1","TF","Factor: p300; motif: ACNTCCG; match class: 1",20092,1995
"2480","lightgreen",TRUE,2.2575634354963e-21,13560,968,790,0.816115702479339,0.058259587020649,"TF:M11603_1","TF","Factor: TCF-1; motif: ACATCGRGRCGCTGW; match class: 1",20092,8633
"2481","lightgreen",TRUE,4.10460974681217e-21,9690,968,618,0.638429752066116,0.0637770897832817,"TF:M02089_1","TF","Factor: E2F-3; motif: GGCGGGN; match class: 1",20092,1537
"2482","lightgreen",TRUE,4.10460974681217e-21,12719,968,754,0.778925619834711,0.0592813900463873,"TF:M11531_1","TF","Factor: E2F-2; motif: GCGCGCGCGYW; match class: 1",20092,1511
"2483","lightgreen",TRUE,1.30247910348803e-20,12804,968,756,0.78099173553719,0.0590440487347704,"TF:M00333_1","TF","Factor: ZF5; motif: NRNGNGCGCGCWN; match class: 1",20092,9487
"2484","lightgreen",TRUE,1.68840093535337e-20,8450,968,556,0.574380165289256,0.0657988165680473,"TF:M11434","TF","Factor: Elk-1; motif: NRSCGGAAGNN",20092,1902
"2485","lightgreen",TRUE,2.31335736685264e-20,14434,968,822,0.849173553719008,0.0569488707219066,"TF:M12597","TF","Factor: E2F1; motif: GSGCGGGAAN",20092,1482
"2486","lightgreen",TRUE,8.48885535206928e-20,16348,968,892,0.921487603305785,0.0545632493271348,"TF:M11018_1","TF","Factor: IRX-1; motif: NACRYNNNNNNNNRYGNN; match class: 1",20092,4529
"2487","lightgreen",TRUE,1.37500957310679e-19,13943,968,800,0.826446280991736,0.0573764613067489,"TF:M09892","TF","Factor: E2F-1; motif: NNNNGGCGGGAARN",20092,1478
"2488","lightgreen",TRUE,2.2386221386171e-19,11037,968,674,0.696280991735537,0.0610673190178491,"TF:M11396","TF","Factor: Erg; motif: NACCGGAARTN",20092,2094
"2489","lightgreen",TRUE,2.54378836612169e-19,10583,968,653,0.674586776859504,0.0617027307946707,"TF:M00196","TF","Factor: Sp1; motif: NGGGGGCGGGGYN",20092,8070
"2490","lightgreen",TRUE,3.32261164396531e-19,16651,968,901,0.930785123966942,0.0541108642123596,"TF:M10438","TF","Factor: ZF5; motif: GGSGCGCGS",20092,9478
"2491","lightgreen",TRUE,3.46587114624772e-19,11055,968,674,0.696280991735537,0.0609678878335595,"TF:M07250","TF","Factor: E2F-1; motif: NNNSSCGCSAANN",20092,1490
"2492","lightgreen",TRUE,5.4839697460968e-19,13603,968,784,0.809917355371901,0.057634345364993,"TF:M01240_1","TF","Factor: BEN; motif: CAGCGRNV; match class: 1",20092,513
"2493","lightgreen",TRUE,8.9234741819676e-19,12006,968,715,0.738636363636364,0.0595535565550558,"TF:M11435","TF","Factor: Elk-1; motif: NNCCGGAAGTN",20092,1904
"2494","lightgreen",TRUE,9.04525678265313e-19,11579,968,696,0.71900826446281,0.0601088176871923,"TF:M04869","TF","Factor: Egr-1; motif: GCGCATGCG",20092,1650
"2495","lightgreen",TRUE,9.40751064508422e-19,7191,968,486,0.502066115702479,0.0675844806007509,"TF:M02065_1","TF","Factor: ER81; motif: RCCGGAARYN; match class: 1",20092,2005
"2496","lightgreen",TRUE,9.40751064508422e-19,7249,968,489,0.505165289256198,0.0674575803559112,"TF:M00695_1","TF","Factor: ETF; motif: GVGGMGG; match class: 1",20092,2221
"2497","lightgreen",TRUE,1.04059198412455e-18,16718,968,902,0.931818181818182,0.0539538222275392,"TF:M11529","TF","Factor: E2F-2; motif: GCGCGCGCNCS",20092,1506
"2498","lightgreen",TRUE,1.07135157583598e-18,17616,968,931,0.961776859504132,0.0528496821071753,"TF:M12599","TF","Factor: E2F4; motif: YCCCGCCNCNNSSNNSNN",20092,1554
"2499","lightgreen",TRUE,1.11595519607491e-18,13827,968,792,0.818181818181818,0.0572792362768496,"TF:M11530_1","TF","Factor: E2F-2; motif: NWTTTGGCGCCAWWNN; match class: 1",20092,1509
"2500","lightgreen",TRUE,1.11595519607491e-18,15500,968,858,0.886363636363636,0.0553548387096774,"TF:M00333","TF","Factor: ZF5; motif: NRNGNGCGCGCWN",20092,9486
"2501","lightgreen",TRUE,1.52069818865675e-18,10568,968,649,0.670454545454545,0.0614118092354277,"TF:M04869_1","TF","Factor: Egr-1; motif: GCGCATGCG; match class: 1",20092,1651
"2502","lightgreen",TRUE,1.6897752508454e-18,13385,968,773,0.798553719008264,0.0577512140455734,"TF:M07380","TF","Factor: E2F-4; motif: NTTTCSCGCC",20092,1556
"2503","lightgreen",TRUE,1.83669788131022e-18,8783,968,564,0.582644628099174,0.0642149607195719,"TF:M10071","TF","Factor: Sp1; motif: NGGGGGCGGGGCCNGGGGGGGG",20092,8052
"2504","lightgreen",TRUE,2.83664658766314e-18,11205,968,677,0.699380165289256,0.0604194556001785,"TF:M07206_1","TF","Factor: E2F-1; motif: NGGGCGGGARV; match class: 1",20092,1477
"2505","lightgreen",TRUE,2.83664658766314e-18,14603,968,822,0.849173553719008,0.0562898034650414,"TF:M00986","TF","Factor: Churchill; motif: CGGGNN",20092,854
"2506","lightgreen",TRUE,2.93474365359067e-18,10790,968,658,0.679752066115702,0.060982391102873,"TF:M03977","TF","Factor: ETS1; motif: ACCGGAARYN",20092,2224
"2507","lightgreen",TRUE,3.43882553464164e-18,10993,968,667,0.689049586776859,0.0606749749840808,"TF:M07395","TF","Factor: Sp1; motif: NGGGGCGGGGN",20092,8064
"2508","lightgreen",TRUE,4.18680728122033e-18,17527,968,927,0.957644628099174,0.052889827123866,"TF:M08525","TF","Factor: E2F-1:HES-7; motif: GGCRCGTGSYNNWNGGCGCSM",20092,1470
"2509","lightgreen",TRUE,4.3223359766013e-18,13137,968,761,0.786157024793388,0.0579279896475603,"TF:M04823","TF","Factor: E2F-4; motif: NNTTCCCGCCNN",20092,1546
"2510","lightgreen",TRUE,5.61948339654391e-18,9658,968,604,0.62396694214876,0.0625388279146821,"TF:M02059","TF","Factor: ELK-1; motif: ACCGGAAGTN",20092,1890
"2511","lightgreen",TRUE,5.91790051638972e-18,10277,968,633,0.653925619834711,0.0615938503454315,"TF:M00025","TF","Factor: Elk-1; motif: NNNNCCGGAARTNN",20092,1884
"2512","lightgreen",TRUE,6.2486167224899e-18,11370,968,683,0.705578512396694,0.0600703605980651,"TF:M01660","TF","Factor: GABP-alpha; motif: CTTCCK",20092,2992
"2513","lightgreen",TRUE,1.09468128703165e-17,10623,968,648,0.669421487603306,0.0609997175939,"TF:M00931","TF","Factor: Sp1; motif: GGGGCGGGGC",20092,8072
"2514","lightgreen",TRUE,1.10047833652414e-17,6467,968,444,0.458677685950413,0.0686562548322251,"TF:M10072_1","TF","Factor: sp4; motif: NNGNARGRGGCGGRGCNNRR; match class: 1",20092,8111
"2515","lightgreen",TRUE,1.64558903515538e-17,14996,968,835,0.862603305785124,0.0556815150706855,"TF:M07206","TF","Factor: E2F-1; motif: NGGGCGGGARV",20092,1476
"2516","lightgreen",TRUE,2.89140022566384e-17,11183,968,672,0.694214876033058,0.0600912098721273,"TF:M02064","TF","Factor: c-ets-2; motif: ACCGGAWRTN",20092,842
"2517","lightgreen",TRUE,3.58454620332141e-17,12609,968,735,0.759297520661157,0.0582916964073281,"TF:M12351","TF","Factor: TIEG1; motif: NCCCNSNCCCCGCCCCC",20092,9012
"2518","lightgreen",TRUE,4.96294312146875e-17,10766,968,652,0.673553719008264,0.0605610254504923,"TF:M00932","TF","Factor: Sp1; motif: NNGGGGCGGGGNN",20092,8068
"2519","lightgreen",TRUE,5.14505913724528e-17,7237,968,481,0.496900826446281,0.0664640044217217,"TF:M02066","TF","Factor: PEA3; motif: RCCGGAAGYN",20092,6690
"2520","lightgreen",TRUE,6.23940201304545e-17,8770,968,557,0.575413223140496,0.0635119726339795,"TF:M01199","TF","Factor: RNF96; motif: BCCCGCRGCC",20092,7494
"2521","lightgreen",TRUE,6.98972642200008e-17,11416,968,681,0.703512396694215,0.0596531184302733,"TF:M11601_1","TF","Factor: TCF-1; motif: ACATCGRGRCGCTGW; match class: 1",20092,8629
"2522","lightgreen",TRUE,8.35035027292866e-17,15206,968,841,0.868801652892562,0.0553071156122583,"TF:M11601","TF","Factor: TCF-1; motif: ACATCGRGRCGCTGW",20092,8628
"2523","lightgreen",TRUE,1.37312435046455e-16,8902,968,562,0.580578512396694,0.0631318804762975,"TF:M11392","TF","Factor: Erg; motif: NACCGGAARYN",20092,2086
"2524","lightgreen",TRUE,1.6863913156291e-16,8951,968,564,0.582644628099174,0.063009719584404,"TF:M12666","TF","Factor: SP1; motif: GGCCCCGCCCCCN",20092,8060
"2525","lightgreen",TRUE,1.92618345468255e-16,7920,968,513,0.52995867768595,0.0647727272727273,"TF:M13366","TF","Factor: ZBED4; motif: CCCGCYCCGC",20092,9310
"2526","lightgreen",TRUE,1.92618345468255e-16,10667,968,645,0.666322314049587,0.0604668604106122,"TF:M00736","TF","Factor: E2F-1:DP-1; motif: TTTCSCGC",20092,1460
"2527","lightgreen",TRUE,2.64725405534851e-16,5889,968,408,0.421487603305785,0.0692817116658176,"TF:M11435_1","TF","Factor: Elk-1; motif: NNCCGGAAGTN; match class: 1",20092,1905
"2528","lightgreen",TRUE,3.47534675459434e-16,10217,968,623,0.643595041322314,0.0609768033669375,"TF:M03975","TF","Factor: ERG; motif: ACCGGAARTN",20092,2074
"2529","lightgreen",TRUE,3.69275415602282e-16,13729,968,779,0.804752066115702,0.0567412047490713,"TF:M04515","TF","Factor: E2F-1; motif: WWTGGCGCCAAA",20092,1472
"2530","lightgreen",TRUE,3.95816202379284e-16,8249,968,528,0.545454545454545,0.0640077585161838,"TF:M02062","TF","Factor: Erg; motif: ACCGGAAGTN",20092,2072
"2531","lightgreen",TRUE,4.63063338494124e-16,14026,968,791,0.817148760330578,0.0563952659346927,"TF:M07039_1","TF","Factor: ETF; motif: CCCCGCCCCYN; match class: 1",20092,2223
"2532","lightgreen",TRUE,5.6450795237629e-16,16718,968,895,0.924586776859504,0.0535351118554851,"TF:M11603","TF","Factor: TCF-1; motif: ACATCGRGRCGCTGW",20092,8632
"2533","lightgreen",TRUE,5.7163725756945e-16,16523,968,888,0.917355371900826,0.0537432669612056,"TF:M00716","TF","Factor: ZF5; motif: GSGCGCGR",20092,9474
"2534","lightgreen",TRUE,5.7163725756945e-16,10388,968,630,0.650826446280992,0.0606469002695418,"TF:M02071","TF","Factor: ETV7; motif: NCCGGAANNN",20092,2390
"2535","lightgreen",TRUE,6.3815996275694e-16,15000,968,830,0.857438016528926,0.0553333333333333,"TF:M11530","TF","Factor: E2F-2; motif: NWTTTGGCGCCAWWNN",20092,1508
"2536","lightgreen",TRUE,6.7726494319994e-16,8883,968,558,0.576446280991736,0.0628166160081054,"TF:M12600","TF","Factor: ELF1; motif: NNNASCCGGAAGTGGNNNN",20092,1764
"2537","lightgreen",TRUE,8.82498951487159e-16,8504,968,539,0.556818181818182,0.063381937911571,"TF:M09905","TF","Factor: SAP-1; motif: NNCCGGAAGTGN",20092,1932
"2538","lightgreen",TRUE,9.00348823227268e-16,9475,968,586,0.605371900826446,0.0618469656992084,"TF:M09892_1","TF","Factor: E2F-1; motif: NNNNGGCGGGAARN; match class: 1",20092,1479
"2539","lightgreen",TRUE,9.66457665995145e-16,9228,968,574,0.59297520661157,0.0622019939315128,"TF:M00428","TF","Factor: E2F-1; motif: NKTSSCGC",20092,1484
"2540","lightgreen",TRUE,1.16291820172901e-15,17263,968,913,0.943181818181818,0.0528876788507212,"TF:M08526","TF","Factor: E2F-3:HES-7; motif: NNNSGCGCSNNNNNCRCGYGNN",20092,1520
"2541","lightgreen",TRUE,1.16887994946819e-15,6075,968,415,0.428719008264463,0.0683127572016461,"TF:M02067","TF","Factor: ER71; motif: ACCGGAARYN",20092,1996
"2542","lightgreen",TRUE,1.98617670348147e-15,7949,968,510,0.526859504132231,0.0641590137124167,"TF:M10435","TF","Factor: Sp2; motif: GGGGCGGGG",20092,8086
"2543","lightgreen",TRUE,2.58037886559613e-15,14702,968,816,0.84297520661157,0.0555026527003129,"TF:M08266","TF","Factor: ER71:Pax-5; motif: ACCGGAACYACGCWTSANTG",20092,2306
"2544","lightgreen",TRUE,2.86705787701528e-15,11058,968,658,0.679752066115702,0.0595044311810454,"TF:M13031","TF","Factor: ETV4; motif: ACCGGAAGTN",20092,2346
"2545","lightgreen",TRUE,2.9304358914019e-15,6451,968,433,0.447314049586777,0.0671213765307704,"TF:M09606","TF","Factor: nerf; motif: NRRNSCGGAAGNRNNNN",20092,1776
"2546","lightgreen",TRUE,2.94084105709296e-15,8531,968,538,0.555785123966942,0.0630641190950651,"TF:M08913","TF","Factor: FLI-1; motif: NAYTTCCGGT",20092,2528
"2547","lightgreen",TRUE,4.16056521875062e-15,5255,968,369,0.381198347107438,0.0702188392007612,"TF:M01660_1","TF","Factor: GABP-alpha; motif: CTTCCK; match class: 1",20092,2993
"2548","lightgreen",TRUE,4.43302310128103e-15,7780,968,500,0.516528925619835,0.06426735218509,"TF:M02063","TF","Factor: c-ets-1; motif: ACCGGAWGTN",20092,838
"2549","lightgreen",TRUE,5.06354436765444e-15,5616,968,388,0.400826446280992,0.0690883190883191,"TF:M07084_1","TF","Factor: E2F-4; motif: NGGCGGGAARN; match class: 1",20092,1549
"2550","lightgreen",TRUE,5.13436322838061e-15,10199,968,617,0.637396694214876,0.0604961270712815,"TF:M11400","TF","Factor: Fli-1; motif: NACCGGAARTN",20092,2538
"2551","lightgreen",TRUE,5.59556618950721e-15,9674,968,592,0.611570247933884,0.0611949555509613,"TF:M01752","TF","Factor: ERG; motif: ACCGGAART",20092,2070
"2552","lightgreen",TRUE,5.86135100876955e-15,17373,968,915,0.945247933884298,0.052667932999482,"TF:M11018","TF","Factor: IRX-1; motif: NACRYNNNNNNNNRYGNN",20092,4528
"2553","lightgreen",TRUE,6.40467995439567e-15,11136,968,660,0.681818181818182,0.0592672413793103,"TF:M11430","TF","Factor: PEA3; motif: NACCGGAAGTN",20092,6702
"2554","lightgreen",TRUE,6.40467995439567e-15,10337,968,623,0.643595041322314,0.0602689368288672,"TF:M09723","TF","Factor: BTEB1; motif: GGGGGCGGGGCNGSGGGNGS",20092,628
"2555","lightgreen",TRUE,6.50320259204105e-15,6175,968,417,0.430785123966942,0.0675303643724696,"TF:M02053","TF","Factor: ELF1; motif: NCCGGAARTN",20092,1842
"2556","lightgreen",TRUE,7.35662875309261e-15,10279,968,620,0.640495867768595,0.0603171514738788,"TF:M09896","TF","Factor: E2F-7; motif: GRGGCGGGAANNN",20092,1570
"2557","lightgreen",TRUE,7.4062696887406e-15,8103,968,515,0.53202479338843,0.0635567073923238,"TF:M04823_1","TF","Factor: E2F-4; motif: NNTTCCCGCCNN; match class: 1",20092,1547
"2558","lightgreen",TRUE,1.05215593778273e-14,11552,968,678,0.700413223140496,0.058691135734072,"TF:M08377","TF","Factor: meis1:Elf-1; motif: NTGCCGGAAGTN",20092,5248
"2559","lightgreen",TRUE,1.25241958573178e-14,5072,968,357,0.368801652892562,0.0703864353312303,"TF:M11396_1","TF","Factor: Erg; motif: NACCGGAARTN; match class: 1",20092,2095
"2560","lightgreen",TRUE,1.28978802188479e-14,5018,968,354,0.365702479338843,0.0705460342766042,"TF:M11430_1","TF","Factor: PEA3; motif: NACCGGAAGTN; match class: 1",20092,6703
"2561","lightgreen",TRUE,1.36268999791828e-14,8248,968,521,0.538223140495868,0.0631668283220175,"TF:M07380_1","TF","Factor: E2F-4; motif: NTTTCSCGCC; match class: 1",20092,1557
"2562","lightgreen",TRUE,1.43007340187795e-14,7968,968,507,0.523760330578512,0.0636295180722892,"TF:M09970","TF","Factor: KLF3; motif: NNNNNNGGGCGGGGCNNGN",20092,4724
"2563","lightgreen",TRUE,1.68657496281834e-14,10721,968,639,0.660123966942149,0.0596026490066225,"TF:M00986_1","TF","Factor: Churchill; motif: CGGGNN; match class: 1",20092,855
"2564","lightgreen",TRUE,1.74612548436958e-14,4536,968,327,0.337809917355372,0.0720899470899471,"TF:M00025_1","TF","Factor: Elk-1; motif: NNNNCCGGAARTNN; match class: 1",20092,1885
"2565","lightgreen",TRUE,1.81773581188196e-14,8463,968,531,0.548553719008264,0.0627437079049982,"TF:M10530","TF","Factor: sp4; motif: NNNGCYCCGCCCCCY",20092,8112
"2566","lightgreen",TRUE,1.93779543780845e-14,10192,968,614,0.634297520661157,0.060243328100471,"TF:M12597_1","TF","Factor: E2F1; motif: GSGCGGGAAN; match class: 1",20092,1483
"2567","lightgreen",TRUE,1.97892878768608e-14,10321,968,620,0.640495867768595,0.0600716984788296,"TF:M02052","TF","Factor: EHF; motif: CSCGGAARTN",20092,1716
"2568","lightgreen",TRUE,2.41338725094367e-14,14521,968,805,0.831611570247934,0.0554369533778665,"TF:M09636_1","TF","Factor: MAZ; motif: GGGMGGGGSSGGGGGGGGGGGG; match class: 1",20092,5147
"2569","lightgreen",TRUE,3.11205859059286e-14,7959,968,505,0.521694214876033,0.0634501821836914,"TF:M03567","TF","Factor: Sp2; motif: NYSGCCCCGCCCCCY",20092,8094
"2570","lightgreen",TRUE,3.26833082318507e-14,11556,968,676,0.698347107438017,0.0584977500865351,"TF:M03971","TF","Factor: ELK1; motif: NACTTCCGSCGGAAGYN",20092,1894
"2571","lightgreen",TRUE,3.50065104428818e-14,10580,968,631,0.651859504132231,0.059640831758034,"TF:M01104","TF","Factor: MOVO-B; motif: GNGGGGG",20092,5404
"2572","lightgreen",TRUE,4.08405935969036e-14,8557,968,534,0.551652892561983,0.0624050484983055,"TF:M03893","TF","Factor: WT1; motif: GNGGGGGCGGGG",20092,9226
"2573","lightgreen",TRUE,4.14552463394507e-14,12550,968,720,0.743801652892562,0.0573705179282869,"TF:M04515_1","TF","Factor: E2F-1; motif: WWTGGCGCCAAA; match class: 1",20092,1473
"2574","lightgreen",TRUE,5.17322168509109e-14,15879,968,858,0.886363636363636,0.0540336293217457,"TF:M11882","TF","Factor: pax-6; motif: NYACGCNYSANYGMNCN",20092,6596
"2575","lightgreen",TRUE,5.29654095050426e-14,5012,968,351,0.362603305785124,0.0700319233838787,"TF:M13031_1","TF","Factor: ETV4; motif: ACCGGAAGTN; match class: 1",20092,2347
"2576","lightgreen",TRUE,7.09892023438432e-14,8702,968,540,0.557851239669422,0.0620547000689497,"TF:M03807","TF","Factor: SP2; motif: GNNGGGGGCGGGGSN",20092,8096
"2577","lightgreen",TRUE,8.80642765442798e-14,8957,968,552,0.570247933884298,0.0616277771575304,"TF:M11404","TF","Factor: Fli-1; motif: NACCGGAARTN",20092,2544
"2578","lightgreen",TRUE,8.81799695489125e-14,4157,968,303,0.31301652892562,0.0728891027183065,"TF:M02052_1","TF","Factor: EHF; motif: CSCGGAARTN; match class: 1",20092,1717
"2579","lightgreen",TRUE,9.92710389265938e-14,12315,968,708,0.731404958677686,0.0574908647990256,"TF:M02090","TF","Factor: E2F-4; motif: GCGGGAAANA",20092,1558
"2580","lightgreen",TRUE,1.03137168842206e-13,10071,968,605,0.625,0.0600734783040413,"TF:M02036","TF","Factor: WT1; motif: CGCCCCCNCN",20092,9224
"2581","lightgreen",TRUE,1.21699821370584e-13,11988,968,693,0.715909090909091,0.0578078078078078,"TF:M09826","TF","Factor: BTEB3; motif: CCNNSCCNSCCCCKCCCCC",20092,642
"2582","lightgreen",TRUE,1.22055623670921e-13,8358,968,522,0.539256198347107,0.0624551328068916,"TF:M12351_1","TF","Factor: TIEG1; motif: NCCCNSNCCCCGCCCCC; match class: 1",20092,9013
"2583","lightgreen",TRUE,1.46948761724196e-13,11116,968,653,0.674586776859504,0.0587441525728679,"TF:M02070","TF","Factor: TEL1; motif: CNCGGAANNN",20092,8774
"2584","lightgreen",TRUE,1.6818780170441e-13,3787,968,281,0.290289256198347,0.0742012146818062,"TF:M01752_1","TF","Factor: ERG; motif: ACCGGAART; match class: 1",20092,2071
"2585","lightgreen",TRUE,1.71855976712073e-13,8089,968,508,0.524793388429752,0.0628013351464952,"TF:M00982","TF","Factor: KROX; motif: CCCGCCCCCRCCCC",20092,4766
"2586","lightgreen",TRUE,1.75551143554712e-13,10864,968,641,0.662190082644628,0.0590022091310751,"TF:M11427","TF","Factor: PEA3; motif: NACCGGAAGTN",20092,6696
"2587","lightgreen",TRUE,1.76066553290154e-13,8516,968,529,0.546487603305785,0.0621183654297792,"TF:M03988","TF","Factor: FLI1; motif: ACCGGAARTN",20092,2522
"2588","lightgreen",TRUE,3.36418070118499e-13,7337,968,469,0.484504132231405,0.0639225841624642,"TF:M03971_1","TF","Factor: ELK1; motif: NACTTCCGSCGGAAGYN; match class: 1",20092,1895
"2589","lightgreen",TRUE,3.44421820398802e-13,9221,968,562,0.580578512396694,0.0609478364602538,"TF:M08266_1","TF","Factor: ER71:Pax-5; motif: ACCGGAACYACGCWTSANTG; match class: 1",20092,2307
"2590","lightgreen",TRUE,3.47761997805779e-13,7063,968,455,0.47004132231405,0.0644202180376611,"TF:M02069","TF","Factor: Erm; motif: ACCGGAAGTN",20092,2102
"2591","lightgreen",TRUE,3.63838742117201e-13,10019,968,600,0.619834710743802,0.0598862161892404,"TF:M00933","TF","Factor: Sp1; motif: CCCCGCCCCN",20092,8062
"2592","lightgreen",TRUE,3.65009136008925e-13,7919,968,498,0.514462809917355,0.0628867281222377,"TF:M11447","TF","Factor: Elf-1; motif: NAMCCGGAAGTN",20092,1750
"2593","lightgreen",TRUE,3.7812932740254e-13,8978,968,550,0.568181818181818,0.0612608598797059,"TF:M00737","TF","Factor: E2F-1:DP-2; motif: TTTSSCGC",20092,1462
"2594","lightgreen",TRUE,4.72974244934241e-13,8010,968,502,0.518595041322314,0.0626716604244694,"TF:M04714","TF","Factor: Elf-1; motif: ACTTCCGGG",20092,1736
"2595","lightgreen",TRUE,5.05970496480538e-13,7000,968,451,0.465909090909091,0.0644285714285714,"TF:M03982","TF","Factor: ETV4; motif: ACCGGAAGTN",20092,2342
"2596","lightgreen",TRUE,5.75701487888522e-13,5809,968,389,0.401859504132231,0.0669650542262007,"TF:M12601","TF","Factor: ELF4; motif: NCCACTTCCGGNNNN",20092,1824
"2597","lightgreen",TRUE,5.92575941525121e-13,10551,968,624,0.644628099173554,0.0591413136195621,"TF:M04516_1","TF","Factor: E2F-1; motif: TTTGGCGCCAAA; match class: 1",20092,1475
"2598","lightgreen",TRUE,6.64525159888303e-13,11729,968,678,0.700413223140496,0.0578054395089095,"TF:M04516","TF","Factor: E2F-1; motif: TTTGGCGCCAAA",20092,1474
"2599","lightgreen",TRUE,6.84606934139162e-13,8167,968,509,0.525826446280992,0.06232398677605,"TF:M07354","TF","Factor: Egr-1; motif: GCGGGGGCGG",20092,1672
"2600","lightgreen",TRUE,6.93871761741667e-13,4992,968,345,0.356404958677686,0.0691105769230769,"TF:M02070_1","TF","Factor: TEL1; motif: CNCGGAANNN; match class: 1",20092,8775
"2601","lightgreen",TRUE,7.80084264106715e-13,11189,968,653,0.674586776859504,0.0583608901599785,"TF:M07084","TF","Factor: E2F-4; motif: NGGCGGGAARN",20092,1548
"2602","lightgreen",TRUE,1.00953670506456e-12,8042,968,502,0.518595041322314,0.0624222830141756,"TF:M00940","TF","Factor: E2F-1; motif: NTTTCGCGCS",20092,1496
"2603","lightgreen",TRUE,1.0963761470355e-12,8369,968,518,0.535123966942149,0.0618950890189987,"TF:M11424","TF","Factor: Erm; motif: NNSCGGAWGYN",20092,2110
"2604","lightgreen",TRUE,1.19498794950885e-12,7035,968,451,0.465909090909091,0.0641080312722104,"TF:M07615","TF","Factor: Sp3; motif: GGGGCGGGGSNN",20092,8106
"2605","lightgreen",TRUE,1.2252647408554e-12,8639,968,531,0.548553719008264,0.0614654473897442,"TF:M04106_1","TF","Factor: RUNX2; motif: NRACCGCAAACCGCAN; match class: 1",20092,7561
"2606","lightgreen",TRUE,1.2252647408554e-12,13104,968,738,0.762396694214876,0.0563186813186813,"TF:M08441_1","TF","Factor: AP-2gamma:Elk-1; motif: NGCCKNRGGSGRCGGAAGTG; match class: 1",20092,8815
"2607","lightgreen",TRUE,1.4343229138313e-12,7517,968,475,0.490702479338843,0.0631901024344818,"TF:M00938","TF","Factor: E2F-1; motif: TTGGCGCGRAANNGNM",20092,1486
"2608","lightgreen",TRUE,1.43581123644519e-12,6945,968,446,0.460743801652893,0.0642188624910007,"TF:M01873","TF","Factor: Egr-1; motif: GCGGGGGCGG",20092,1674
"2609","lightgreen",TRUE,1.43620935895892e-12,8769,968,537,0.554752066115702,0.0612384536435169,"TF:M07277","TF","Factor: BTEB2; motif: RGGGNGKGGN",20092,640
"2610","lightgreen",TRUE,1.46083636075441e-12,7340,968,466,0.481404958677686,0.0634877384196185,"TF:M08208_1","TF","Factor: E2F-3:FOXI1; motif: NGACACCGCGCCCAC; match class: 1",20092,1517
"2611","lightgreen",TRUE,1.72592395986113e-12,15883,968,853,0.881198347107438,0.0537052194169867,"TF:M08207_1","TF","Factor: E2F-3:TBR2; motif: ANGTGYKANGGCGCSTTNNCRNNT; match class: 1",20092,1515
"2612","lightgreen",TRUE,1.78203205096443e-12,4713,968,328,0.338842975206612,0.0695947379588373,"TF:M11427_1","TF","Factor: PEA3; motif: NACCGGAAGTN; match class: 1",20092,6697
"2613","lightgreen",TRUE,1.86586195273869e-12,7589,968,478,0.493801652892562,0.0629859006456714,"TF:M11425","TF","Factor: PEA3; motif: NACCGGAAGTN",20092,6694
"2614","lightgreen",TRUE,1.86586195273869e-12,10926,968,639,0.660123966942149,0.0584843492586491,"TF:M00189","TF","Factor: AP-2; motif: MKCCCSCNGGCG",20092,158
"2615","lightgreen",TRUE,1.86586195273869e-12,7729,968,485,0.50103305785124,0.0627506792599301,"TF:M02055","TF","Factor: ESE-1; motif: NSMGGAARTN",20092,2130
"2616","lightgreen",TRUE,1.86586195273869e-12,7729,968,485,0.50103305785124,0.0627506792599301,"TF:M01214","TF","Factor: ESE-1; motif: NSMGGAARTN",20092,2134
"2617","lightgreen",TRUE,1.91014919734693e-12,7076,968,452,0.466942148760331,0.0638778971170153,"TF:M11451","TF","Factor: Elf-1; motif: NANCCGGAAGTN",20092,1758
"2618","lightgreen",TRUE,2.19197351037842e-12,6593,968,427,0.441115702479339,0.0647656605490672,"TF:M02090_1","TF","Factor: E2F-4; motif: GCGGGAAANA; match class: 1",20092,1559
"2619","lightgreen",TRUE,2.43466173052114e-12,14444,968,794,0.820247933884298,0.054970922182221,"TF:M04710","TF","Factor: CHD2; motif: TCTCGCGAG",20092,856
"2620","lightgreen",TRUE,3.78275148681686e-12,10892,968,636,0.65702479338843,0.0583914799853103,"TF:M12722","TF","Factor: ZXDL; motif: GSGSCNNGGGMRGCNCCGGGS",20092,11990
"2621","lightgreen",TRUE,4.41369266771439e-12,16674,968,882,0.911157024793388,0.052896725440806,"TF:M09636","TF","Factor: MAZ; motif: GGGMGGGGSSGGGGGGGGGGGG",20092,5146
"2622","lightgreen",TRUE,4.76324110312473e-12,13118,968,736,0.760330578512397,0.0561061137368501,"TF:M13124","TF","Factor: ZNF670; motif: SNGGGCRGRG",20092,11252
"2623","lightgreen",TRUE,5.34221315343370e-12,7613,968,477,0.492768595041322,0.0626559831866544,"TF:M08523_1","TF","Factor: E2F-1:TBR2; motif: NGGTGNNANGGCGCNNTNNCRNNN; match class: 1",20092,1467
"2624","lightgreen",TRUE,6.34650354864808e-12,7740,968,483,0.49896694214876,0.0624031007751938,"TF:M01078","TF","Factor: c-Ets-1; motif: NNNRCCGGAWRYNNNN",20092,836
"2625","lightgreen",TRUE,8.04866325536313e-12,9673,968,577,0.596074380165289,0.059650573762018,"TF:M13032","TF","Factor: ETV5; motif: ACCGGAAGTN",20092,2382
"2626","lightgreen",TRUE,8.04964519912239e-12,6142,968,401,0.414256198347107,0.0652881797460111,"TF:M00196_1","TF","Factor: Sp1; motif: NGGGGGCGGGGYN; match class: 1",20092,8071
"2627","lightgreen",TRUE,8.69780679043996e-12,5460,968,365,0.377066115702479,0.0668498168498168,"TF:M02056","TF","Factor: ELF4; motif: NCCGGAARTN",20092,1812
"2628","lightgreen",TRUE,9.11859904282928e-12,14002,968,773,0.798553719008264,0.0552063990858449,"TF:M03876","TF","Factor: Kaiso; motif: GCMGGGRGCRGS",20092,4678
"2629","lightgreen",TRUE,9.61375038145804e-12,5164,968,349,0.360537190082645,0.0675832687838885,"TF:M08377_1","TF","Factor: meis1:Elf-1; motif: NTGCCGGAAGTN; match class: 1",20092,5249
"2630","lightgreen",TRUE,9.61375038145804e-12,7340,968,462,0.477272727272727,0.0629427792915531,"TF:M11428","TF","Factor: PEA3; motif: NACCGGAAGTN",20092,6698
"2631","lightgreen",TRUE,9.98156547489021e-12,11763,968,674,0.696280991735537,0.0572983082546969,"TF:M11882_1","TF","Factor: pax-6; motif: NYACGCNYSANYGMNCN; match class: 1",20092,6597
"2632","lightgreen",TRUE,1.07966813868062e-11,9813,968,583,0.602272727272727,0.0594109854274941,"TF:M00427","TF","Factor: E2F; motif: TTTSGCGS",20092,1604
"2633","lightgreen",TRUE,1.22100497748843e-11,5987,968,392,0.40495867768595,0.0654751962585602,"TF:M02073","TF","Factor: Fli-1; motif: ACCGGAAGYN",20092,2520
"2634","lightgreen",TRUE,1.22100497748843e-11,10304,968,606,0.62603305785124,0.0588121118012422,"TF:M12173","TF","Factor: GKLF; motif: NNCCMCRCCCN",20092,4738
"2635","lightgreen",TRUE,1.35899953847274e-11,6473,968,417,0.430785123966942,0.064421442916731,"TF:M07063","TF","Factor: Sp1; motif: GGGGCGGGGC",20092,8066
"2636","lightgreen",TRUE,1.42537539230685e-11,10375,968,609,0.629132231404959,0.0586987951807229,"TF:M00008","TF","Factor: Sp1; motif: GGGGCGGGGT",20092,8038
"2637","lightgreen",TRUE,1.52317592644905e-11,16800,968,885,0.914256198347107,0.0526785714285714,"TF:M07039","TF","Factor: ETF; motif: CCCCGCCCCYN",20092,2222
"2638","lightgreen",TRUE,1.55342080696913e-11,7421,968,465,0.480371900826446,0.062660018865382,"TF:M08874","TF","Factor: E2F1; motif: NNNNNGCGSSAAAN",20092,1492
"2639","lightgreen",TRUE,1.58027656071493e-11,12249,968,695,0.71797520661157,0.0567393256592375,"TF:M00426","TF","Factor: E2F; motif: TTTSGCGS",20092,1596
"2640","lightgreen",TRUE,1.84020922684903e-11,9754,968,579,0.598140495867769,0.0593602624564281,"TF:M11022","TF","Factor: IRX2a; motif: ACRYGNNNNACRYGT",20092,4538
"2641","lightgreen",TRUE,1.89035346038882e-11,10113,968,596,0.615702479338843,0.0589340452882429,"TF:M00738","TF","Factor: E2F-4:DP-1; motif: TTTSGCGC",20092,1538
"2642","lightgreen",TRUE,1.93509651371296e-11,4543,968,314,0.324380165289256,0.0691173233546115,"TF:M09935","TF","Factor: GABP-alpha; motif: NNNRCCGGAAGTGN",20092,2984
"2643","lightgreen",TRUE,1.96254766352818e-11,8518,968,519,0.536157024793388,0.0609297957266964,"TF:M08759","TF","Factor: c-Ets-2; motif: NCCGGAAGTG",20092,2234
"2644","lightgreen",TRUE,2.00869871969e-11,13047,968,730,0.754132231404959,0.0559515597455354,"TF:M08309","TF","Factor: GCMa:Elk-1; motif: RTGNGGGCGGAAGNN",20092,3152
"2645","lightgreen",TRUE,2.20018497471774e-11,6127,968,398,0.411157024793388,0.064958380936837,"TF:M00931_1","TF","Factor: Sp1; motif: GGGGCGGGGC; match class: 1",20092,8073
"2646","lightgreen",TRUE,3.19005492641205e-11,5512,968,365,0.377066115702479,0.0662191582002903,"TF:M00425_1","TF","Factor: E2F; motif: TTTCGCGC; match class: 1",20092,1593
"2647","lightgreen",TRUE,3.212645863454e-11,16908,968,888,0.917355371900826,0.0525195173882186,"TF:M01240","TF","Factor: BEN; motif: CAGCGRNV",20092,512
"2648","lightgreen",TRUE,3.42158469050664e-11,6590,968,421,0.434917355371901,0.0638846737481032,"TF:M07395_1","TF","Factor: Sp1; motif: NGGGGCGGGGN; match class: 1",20092,8065
"2649","lightgreen",TRUE,3.74997315808999e-11,7739,968,479,0.494834710743802,0.0618943015893526,"TF:M08878","TF","Factor: EGR; motif: CGCCCCCGCNN",20092,1712
"2650","lightgreen",TRUE,3.81251148430437e-11,7800,968,482,0.497933884297521,0.0617948717948718,"TF:M11448","TF","Factor: Elf-1; motif: NANGCGGAAGTN",20092,1752
"2651","lightgreen",TRUE,4.26839120621796e-11,3846,968,274,0.283057851239669,0.0712428497139886,"TF:M02059_1","TF","Factor: ELK-1; motif: ACCGGAAGTN; match class: 1",20092,1891
"2652","lightgreen",TRUE,4.72527500398808e-11,6274,968,404,0.417355371900826,0.0643927319094676,"TF:M00932_1","TF","Factor: Sp1; motif: NNGGGGCGGGGNN; match class: 1",20092,8069
"2653","lightgreen",TRUE,5.51582916760632e-11,5364,968,356,0.367768595041322,0.0663683818046234,"TF:M00933_1","TF","Factor: Sp1; motif: CCCCGCCCCN; match class: 1",20092,8063
"2654","lightgreen",TRUE,6.35925354318339e-11,12603,968,708,0.731404958677686,0.0561771006903118,"TF:M13127","TF","Factor: HA95; motif: CCSNSSCCNSCNCCWSCCNS",20092,3432
"2655","lightgreen",TRUE,8.32850269414408e-11,7714,968,476,0.491735537190083,0.0617059891107078,"TF:M09765","TF","Factor: SP1; motif: NRGKGGGCGGGGCN",20092,8050
"2656","lightgreen",TRUE,8.95875097024335e-11,2732,968,209,0.215909090909091,0.0765007320644217,"TF:M04714_1","TF","Factor: Elf-1; motif: ACTTCCGGG; match class: 1",20092,1737
"2657","lightgreen",TRUE,9.23270359530978e-11,3269,968,240,0.247933884297521,0.0734169470786173,"TF:M12600_1","TF","Factor: ELF1; motif: NNNASCCGGAAGTGGNNNN; match class: 1",20092,1765
"2658","lightgreen",TRUE,9.67224748287684e-11,11410,968,653,0.674586776859504,0.0572304995617879,"TF:M00425","TF","Factor: E2F; motif: TTTCGCGC",20092,1592
"2659","lightgreen",TRUE,1.13851592644538e-10,4590,968,313,0.323347107438017,0.0681917211328976,"TF:M02071_1","TF","Factor: ETV7; motif: NCCGGAANNN; match class: 1",20092,2391
"2660","lightgreen",TRUE,1.14446999632226e-10,18197,968,932,0.962809917355372,0.0512172336099357,"TF:M04826","TF","Factor: p300; motif: ACNTCCG",20092,1994
"2661","lightgreen",TRUE,1.32811880569459e-10,5380,968,355,0.366735537190083,0.0659851301115242,"TF:M03990","TF","Factor: GABPA; motif: ACCGGAAGTN",20092,2976
"2662","lightgreen",TRUE,1.43234682774951e-10,9703,968,572,0.590909090909091,0.0589508399464083,"TF:M13144","TF","Factor: ZNF138; motif: GCAGCRSCNSGSNCMGSGCS",20092,9758
"2663","lightgreen",TRUE,1.50153185647041e-10,12509,968,702,0.725206611570248,0.0561195938923975,"TF:M08523","TF","Factor: E2F-1:TBR2; motif: NGGTGNNANGGCGCNNTNNCRNNN",20092,1466
"2664","lightgreen",TRUE,1.74756793737211e-10,6001,968,387,0.399793388429752,0.0644892517913681,"TF:M00426_1","TF","Factor: E2F; motif: TTTSGCGS; match class: 1",20092,1597
"2665","lightgreen",TRUE,1.90239812349499e-10,8540,968,515,0.53202479338843,0.0603044496487119,"TF:M07226","TF","Factor: SP1; motif: NCCCCKCCCCC",20092,8048
"2666","lightgreen",TRUE,1.90239812349499e-10,7492,968,463,0.478305785123967,0.0617992525360384,"TF:M00431","TF","Factor: E2F-1; motif: TTTSGCGS",20092,1494
"2667","lightgreen",TRUE,2.04230599301071e-10,6433,968,409,0.422520661157025,0.063578423752526,"TF:M11452","TF","Factor: Elf-1; motif: NANGCGGAAGTR",20092,1760
"2668","lightgreen",TRUE,2.04960293402823e-10,6863,968,431,0.445247933884298,0.0628005245519452,"TF:M12722_1","TF","Factor: ZXDL; motif: GSGSCNNGGGMRGCNCCGGGS; match class: 1",20092,11991
"2669","lightgreen",TRUE,2.28981429040977e-10,4104,968,285,0.294421487603306,0.0694444444444444,"TF:M03975_1","TF","Factor: ERG; motif: ACCGGAARTN; match class: 1",20092,2075
"2670","lightgreen",TRUE,2.80004595811818e-10,11201,968,641,0.662190082644628,0.0572270333005982,"TF:M09973","TF","Factor: CPBP; motif: GNNRGGGHGGGGNNGGGRN",20092,966
"2671","lightgreen",TRUE,2.90705166859607e-10,11376,968,649,0.670454545454545,0.057049929676512,"TF:M13147","TF","Factor: ZNF253; motif: SNGNSCGNGGNGCKGNN",20092,10040
"2672","lightgreen",TRUE,3.78384164793586e-10,8879,968,530,0.547520661157025,0.0596914066899426,"TF:M05439","TF","Factor: RREB-1; motif: GGGWCSA",20092,7548
"2673","lightgreen",TRUE,3.81699502204351e-10,6208,968,396,0.409090909090909,0.0637886597938144,"TF:M11419","TF","Factor: ER81; motif: NNCCGGAWGYN",20092,2012
"2674","lightgreen",TRUE,4.12146696560543e-10,6483,968,410,0.423553719008264,0.0632423260836033,"TF:M07129","TF","Factor: Sp2; motif: GYCCCGCCYCYNNNN",20092,8082
"2675","lightgreen",TRUE,4.61827597633164e-10,5507,968,359,0.370867768595041,0.0651897584891956,"TF:M09901","TF","Factor: nerf; motif: NNNCCGGAAGTGN",20092,5658
"2676","lightgreen",TRUE,5.17198256507427e-10,4061,968,281,0.290289256198347,0.0691947796109333,"TF:M07226_1","TF","Factor: SP1; motif: NCCCCKCCCCC; match class: 1",20092,8049
"2677","lightgreen",TRUE,5.98534731886286e-10,3120,968,228,0.235537190082645,0.0730769230769231,"TF:M08913_1","TF","Factor: FLI-1; motif: NAYTTCCGGT; match class: 1",20092,2529
"2678","lightgreen",TRUE,6.60879753420407e-10,4788,968,320,0.330578512396694,0.0668337510442774,"TF:M00736_1","TF","Factor: E2F-1:DP-1; motif: TTTCSCGC; match class: 1",20092,1461
"2679","lightgreen",TRUE,6.60879753420407e-10,5770,968,372,0.384297520661157,0.064471403812825,"TF:M08226_1","TF","Factor: Elk-1:Pax-9; motif: ACCGGAACYACGCWYSANTG; match class: 1",20092,1871
"2680","lightgreen",TRUE,6.65381497919273e-10,6641,968,417,0.430785123966942,0.0627917482306881,"TF:M03978_1","TF","Factor: ETS1; motif: GCCGGAWGTACTTCCGGN; match class: 1",20092,2227
"2681","lightgreen",TRUE,6.74370333482078e-10,5867,968,377,0.389462809917355,0.0642577126299642,"TF:M13119","TF","Factor: ZBTB11; motif: RCTTCCGGNNSNNNN",20092,9328
"2682","lightgreen",TRUE,7.02972855832705e-10,17454,968,904,0.933884297520661,0.0517932852068294,"TF:M08207","TF","Factor: E2F-3:TBR2; motif: ANGTGYKANGGCGCSTTNNCRNNT",20092,1514
"2683","lightgreen",TRUE,7.03961441237311e-10,6410,968,405,0.418388429752066,0.063182527301092,"TF:M08875","TF","Factor: E2F; motif: NNTTTCGCGCN",20092,1602
"2684","lightgreen",TRUE,7.07025558545407e-10,8808,968,525,0.542355371900826,0.0596049046321526,"TF:M05332","TF","Factor: Sp2; motif: WGGGCGG",20092,8078
"2685","lightgreen",TRUE,7.07025558545407e-10,8808,968,525,0.542355371900826,0.0596049046321526,"TF:M05444","TF","Factor: CPBP; motif: NGGGCGG",20092,964
"2686","lightgreen",TRUE,7.07025558545407e-10,4904,968,326,0.336776859504132,0.0664763458401305,"TF:M03970","TF","Factor: ELK1; motif: ACCGGAAGTN",20092,1892
"2687","lightgreen",TRUE,7.07025558545407e-10,8808,968,525,0.542355371900826,0.0596049046321526,"TF:M05361","TF","Factor: Sp6; motif: WGGGCGG",20092,8124
"2688","lightgreen",TRUE,7.10624061911103e-10,3057,968,224,0.231404958677686,0.0732744520771999,"TF:M09905_1","TF","Factor: SAP-1; motif: NNCCGGAAGTGN; match class: 1",20092,1933
"2689","lightgreen",TRUE,7.18431910562129e-10,7515,968,461,0.476239669421488,0.0613439787092482,"TF:M03920","TF","Factor: SP1; motif: RCCMCRCCCMC",20092,8044
"2690","lightgreen",TRUE,8.67958086585932e-10,4301,968,293,0.302685950413223,0.0681236921646129,"TF:M11400_1","TF","Factor: Fli-1; motif: NACCGGAARTN; match class: 1",20092,2539
"2691","lightgreen",TRUE,9.37466720915199e-10,7928,968,481,0.496900826446281,0.0606710393541877,"TF:M09826_1","TF","Factor: BTEB3; motif: CCNNSCCNSCCCCKCCCCC; match class: 1",20092,643
"2692","lightgreen",TRUE,1.08940261802717e-09,9386,968,552,0.570247933884298,0.0588109950990837,"TF:M08911","TF","Factor: CTCF; motif: NCCRSTAGGGGGCGC",20092,1162
"2693","lightgreen",TRUE,1.15241033987519e-09,3003,968,220,0.227272727272727,0.0732600732600733,"TF:M03988_1","TF","Factor: FLI1; motif: ACCGGAARTN; match class: 1",20092,2523
"2694","lightgreen",TRUE,1.18081668753398e-09,8060,968,487,0.503099173553719,0.0604218362282878,"TF:M09895","TF","Factor: E2F-6; motif: NGGGCGGGARRNN",20092,1564
"2695","lightgreen",TRUE,1.2268502866579e-09,5760,968,370,0.382231404958678,0.0642361111111111,"TF:M13135","TF","Factor: SP4; motif: GGCCCCGCCCCCN",20092,8114
"2696","lightgreen",TRUE,1.26685287263227e-09,10570,968,608,0.628099173553719,0.0575212866603595,"TF:M11382","TF","Factor: ESE-1; motif: NWTRCGGAWGCN",20092,1802
"2697","lightgreen",TRUE,1.28615418725913e-09,12815,968,711,0.734504132231405,0.0554818571985954,"TF:M12598","TF","Factor: E2F3; motif: NNRGMKGGAR",20092,1534
"2698","lightgreen",TRUE,1.29943256315751e-09,10742,968,616,0.636363636363636,0.0573450009309253,"TF:M00740","TF","Factor: Rb:E2F-1:DP-1; motif: TTTSGCGC",20092,1458
"2699","lightgreen",TRUE,1.32826544305888e-09,7048,968,436,0.450413223140496,0.0618615209988649,"TF:M12151","TF","Factor: Sp1; motif: NWRGCCMCGCCCMCN",20092,8056
"2700","lightgreen",TRUE,1.38650149623101e-09,9316,968,548,0.566115702479339,0.0588235294117647,"TF:M08307","TF","Factor: GCMa:Elf-1; motif: NRCCCGCACGGAAGTN",20092,3150
"2701","lightgreen",TRUE,1.75239249288606e-09,15499,968,826,0.853305785123967,0.0532937608877992,"TF:M04691","TF","Factor: Kaiso; motif: TCTCGCGAG",20092,9366
"2702","lightgreen",TRUE,1.77238437064493e-09,3123,968,226,0.233471074380165,0.0723663144412424,"TF:M02054","TF","Factor: ELF2; motif: CCCGGAARYN",20092,1772
"2703","lightgreen",TRUE,1.77914430312403e-09,13485,968,740,0.764462809917355,0.0548757879124954,"TF:M11533","TF","Factor: E2F-1; motif: NTTTTGGCGCCAWWWN",20092,1480
"2704","lightgreen",TRUE,1.91809372223155e-09,4796,968,318,0.328512396694215,0.0663052543786489,"TF:M03977_1","TF","Factor: ETS1; motif: ACCGGAARYN; match class: 1",20092,2225
"2705","lightgreen",TRUE,2.24564141766613e-09,14347,968,777,0.802685950413223,0.0541576636230571,"TF:M08225","TF","Factor: Elk-1:Pax-5; motif: ACCGGAACYACGCWTSANYG",20092,1868
"2706","lightgreen",TRUE,2.25021850836602e-09,14324,968,776,0.801652892561983,0.0541748115051662,"TF:M08487","TF","Factor: GCMa:Erg; motif: ATGCGGGCGGAARKG",20092,3158
"2707","lightgreen",TRUE,2.30653978318882e-09,7173,968,441,0.455578512396694,0.0614805520702635,"TF:M12598_1","TF","Factor: E2F3; motif: NNRGMKGGAR; match class: 1",20092,1535
"2708","lightgreen",TRUE,2.36352758569807e-09,3239,968,232,0.239669421487603,0.0716270453843779,"TF:M11404_1","TF","Factor: Fli-1; motif: NACCGGAARTN; match class: 1",20092,2545
"2709","lightgreen",TRUE,3.00143019896938e-09,6205,968,391,0.403925619834711,0.063013698630137,"TF:M09723_1","TF","Factor: BTEB1; motif: GGGGGCGGGGCNGSGGGNGS; match class: 1",20092,629
"2710","lightgreen",TRUE,3.09108829588487e-09,3731,968,259,0.267561983471074,0.0694183864915572,"TF:M00428_1","TF","Factor: E2F-1; motif: NKTSSCGC; match class: 1",20092,1485
"2711","lightgreen",TRUE,3.21295636014088e-09,4538,968,303,0.31301652892562,0.0667695019832525,"TF:M12666_1","TF","Factor: SP1; motif: GGCCCCGCCCCCN; match class: 1",20092,8061
"2712","lightgreen",TRUE,3.57329568474427e-09,2659,968,198,0.204545454545455,0.0744640842421963,"TF:M11447_1","TF","Factor: Elf-1; motif: NAMCCGGAAGTN; match class: 1",20092,1751
"2713","lightgreen",TRUE,3.60946923583467e-09,3307,968,235,0.242768595041322,0.0710613849410342,"TF:M11392_1","TF","Factor: Erg; motif: NACCGGAARYN; match class: 1",20092,2087
"2714","lightgreen",TRUE,3.84719601330728e-09,8159,968,489,0.505165289256198,0.0599338154185562,"TF:M07415","TF","Factor: Elf-1; motif: AWCCCGGAAGTN",20092,1740
"2715","lightgreen",TRUE,4.01863051862852e-09,8364,968,499,0.515495867768595,0.0596604495456719,"TF:M09904","TF","Factor: Elk-1; motif: RCCGGAAGTGN",20092,1896
"2716","lightgreen",TRUE,4.46569401959917e-09,11775,968,661,0.682851239669422,0.056135881104034,"TF:M04710_1","TF","Factor: CHD2; motif: TCTCGCGAG; match class: 1",20092,857
"2717","lightgreen",TRUE,4.80689865517458e-09,7030,968,432,0.446280991735537,0.0614509246088193,"TF:M01219","TF","Factor: SP1:SP3; motif: CCSCCCCCYCC",20092,8036
"2718","lightgreen",TRUE,6.44529939031588e-09,4678,968,309,0.319214876033058,0.0660538691748611,"TF:M02064_1","TF","Factor: c-ets-2; motif: ACCGGAWRTN; match class: 1",20092,843
"2719","lightgreen",TRUE,6.5350154239235e-09,8449,968,502,0.518595041322314,0.0594153154219434,"TF:M13124_1","TF","Factor: ZNF670; motif: SNGGGCRGRG; match class: 1",20092,11253
"2720","lightgreen",TRUE,6.5350154239235e-09,3941,968,269,0.277892561983471,0.068256787617356,"TF:M08423","TF","Factor: TEF-3:ER81; motif: ACCGGAAATRCC",20092,8688
"2721","lightgreen",TRUE,7.52356096671244e-09,5726,968,364,0.37603305785124,0.0635696821515892,"TF:M08457_1","TF","Factor: ER71:SREBP-2; motif: NTSACGTGACGGAARY; match class: 1",20092,2317
"2722","lightgreen",TRUE,7.74755976014827e-09,2998,968,216,0.223140495867769,0.0720480320213476,"TF:M08759_1","TF","Factor: c-Ets-2; motif: NCCGGAAGTG; match class: 1",20092,2235
"2723","lightgreen",TRUE,7.76425535493744e-09,2771,968,203,0.209710743801653,0.0732587513533021,"TF:M02062_1","TF","Factor: Erg; motif: ACCGGAAGTN; match class: 1",20092,2073
"2724","lightgreen",TRUE,7.96298887169219e-09,7953,968,477,0.492768595041322,0.0599773670313089,"TF:M11883_1","TF","Factor: pax-6; motif: NYACGCNTSRNYGCNYN; match class: 1",20092,6599
"2725","lightgreen",TRUE,8.466799342071e-09,6860,968,422,0.43595041322314,0.0615160349854227,"TF:M09973_1","TF","Factor: CPBP; motif: GNNRGGGHGGGGNNGGGRN; match class: 1",20092,967
"2726","lightgreen",TRUE,8.85856654597045e-09,12890,968,710,0.733471074380165,0.0550814584949573,"TF:M08208","TF","Factor: E2F-3:FOXI1; motif: NGACACCGCGCCCAC",20092,1516
"2727","lightgreen",TRUE,8.87662921377236e-09,8649,968,511,0.527892561983471,0.059081974794774,"TF:M13127_1","TF","Factor: HA95; motif: CCSNSSCCNSCNCCWSCCNS; match class: 1",20092,3433
"2728","lightgreen",TRUE,8.87662921377236e-09,9932,968,573,0.591942148760331,0.0576923076923077,"TF:M08313_1","TF","Factor: GCMa:PEA3; motif: ATRCGGGCGGAAGTR; match class: 1",20092,3163
"2729","lightgreen",TRUE,1.02655080934603e-08,5760,968,365,0.377066115702479,0.0633680555555556,"TF:M00739","TF","Factor: E2F-4:DP-2; motif: TTTCSCGC",20092,1540
"2730","lightgreen",TRUE,1.18491673868101e-08,5728,968,363,0.375,0.063372905027933,"TF:M05327","TF","Factor: WT1; motif: NGCGGGGGGGTSMMCYN",20092,9216
"2731","lightgreen",TRUE,1.31092911590878e-08,4355,968,290,0.299586776859504,0.0665901262916188,"TF:M03807_1","TF","Factor: SP2; motif: GNNGGGGGCGGGGSN; match class: 1",20092,8097
"2732","lightgreen",TRUE,1.55809282841852e-08,2329,968,176,0.181818181818182,0.0755689136968656,"TF:M02066_1","TF","Factor: PEA3; motif: RCCGGAAGYN; match class: 1",20092,6691
"2733","lightgreen",TRUE,1.84100922528013e-08,7854,968,470,0.485537190082645,0.0598421186656481,"TF:M11433","TF","Factor: Elk-1; motif: NRCCGGAAGTN",20092,1900
"2734","lightgreen",TRUE,1.91030083730604e-08,5692,968,360,0.371900826446281,0.0632466619817287,"TF:M07250_1","TF","Factor: E2F-1; motif: NNNSSCGCSAANN; match class: 1",20092,1491
"2735","lightgreen",TRUE,1.92756869623054e-08,16367,968,857,0.885330578512397,0.0523614590334209,"TF:M04748","TF","Factor: GABP-alpha; motif: AACCGGAAR",20092,2980
"2736","lightgreen",TRUE,1.95788281342811e-08,4707,968,308,0.318181818181818,0.0654344593159125,"TF:M02074","TF","Factor: GABPalpha; motif: RCCGGAWRYN",20092,2974
"2737","lightgreen",TRUE,2.00305522595871e-08,3014,968,215,0.222107438016529,0.0713337757133378,"TF:M11434_1","TF","Factor: Elk-1; motif: NRSCGGAAGNN; match class: 1",20092,1903
"2738","lightgreen",TRUE,2.13069923712889e-08,7561,968,455,0.47004132231405,0.0601772252347573,"TF:M12152","TF","Factor: Sp1; motif: NWRGCCACGCCCMCN",20092,8058
"2739","lightgreen",TRUE,2.15194344718502e-08,2911,968,209,0.215909090909091,0.0717966334592923,"TF:M11424_1","TF","Factor: Erm; motif: NNSCGGAWGYN; match class: 1",20092,2111
"2740","lightgreen",TRUE,2.15337531003104e-08,9395,968,545,0.56301652892562,0.0580095795635977,"TF:M03876_1","TF","Factor: Kaiso; motif: GCMGGGRGCRGS; match class: 1",20092,4679
"2741","lightgreen",TRUE,2.37408209347843e-08,6225,968,387,0.399793388429752,0.0621686746987952,"TF:M03922","TF","Factor: SP4; motif: NWRGCCACGCCCMCTYN",20092,8108
"2742","lightgreen",TRUE,2.37408209347843e-08,4697,968,307,0.317148760330579,0.0653608686395572,"TF:M09896_1","TF","Factor: E2F-7; motif: GRGGCGGGAANNN; match class: 1",20092,1571
"2743","lightgreen",TRUE,2.474410283916e-08,4981,968,322,0.332644628099174,0.0646456534832363,"TF:M04744_1","TF","Factor: ATF-3; motif: GGCGCSSNSNGRTSACGTSA; match class: 1",20092,303
"2744","lightgreen",TRUE,2.56634994831459e-08,4328,968,287,0.296487603305785,0.0663123844731978,"TF:M07277_1","TF","Factor: BTEB2; motif: RGGGNGKGGN; match class: 1",20092,641
"2745","lightgreen",TRUE,2.6055724981035e-08,13779,968,747,0.771694214876033,0.05421293272371,"TF:M11883","TF","Factor: pax-6; motif: NYACGCNTSRNYGCNYN",20092,6598
"2746","lightgreen",TRUE,2.71653689007449e-08,2640,968,193,0.199380165289256,0.0731060606060606,"TF:M02061","TF","Factor: ERF; motif: ACCGGAARYN",20092,2066
"2747","lightgreen",TRUE,2.83205071562694e-08,4481,968,295,0.304752066115702,0.0658335193037268,"TF:M01199_1","TF","Factor: RNF96; motif: BCCCGCRGCC; match class: 1",20092,7495
"2748","lightgreen",TRUE,3.24792129556379e-08,8533,968,502,0.518595041322314,0.0588304230634009,"TF:M00981","TF","Factor: CREB,; motif: NTGACGTNA",20092,1078
"2749","lightgreen",TRUE,3.30141724342206e-08,12318,968,681,0.703512396694215,0.0552849488553337,"TF:M08226","TF","Factor: Elk-1:Pax-9; motif: ACCGGAACYACGCWYSANTG",20092,1870
"2750","lightgreen",TRUE,3.42498078249592e-08,14667,968,785,0.810950413223141,0.0535215108747528,"TF:M11417","TF","Factor: c-Ets-2; motif: NACCGGAAGYRCTTCCGGTN",20092,2238
"2751","lightgreen",TRUE,3.42498078249592e-08,8231,968,487,0.503099173553719,0.0591665654233993,"TF:M08225_1","TF","Factor: Elk-1:Pax-5; motif: ACCGGAACYACGCWTSANYG; match class: 1",20092,1869
"2752","lightgreen",TRUE,3.47738176220268e-08,3626,968,248,0.256198347107438,0.0683949255377827,"TF:M13032_1","TF","Factor: ETV5; motif: ACCGGAAGTN; match class: 1",20092,2383
"2753","lightgreen",TRUE,3.50254183238734e-08,3554,968,244,0.252066115702479,0.0686550365785031,"TF:M02068","TF","Factor: etv3; motif: ACCGGAAGYN",20092,2330
"2754","lightgreen",TRUE,3.66195751071459e-08,3286,968,229,0.236570247933884,0.0696895922093731,"TF:M04698","TF","Factor: GABP-alpha; motif: CACTTCCGG",20092,2978
"2755","lightgreen",TRUE,3.66195751071459e-08,7251,968,438,0.452479338842975,0.0604054613156806,"TF:M12603","TF","Factor: ERM; motif: NNCACTTCCGGNN",20092,2112
"2756","lightgreen",TRUE,4.01551864474131e-08,6271,968,388,0.400826446280992,0.0618721097113698,"TF:M00189_1","TF","Factor: AP-2; motif: MKCCCSCNGGCG; match class: 1",20092,159
"2757","lightgreen",TRUE,4.43202231204008e-08,5369,968,341,0.352272727272727,0.0635127584280127,"TF:M07409","TF","Factor: BTEB2; motif: GCCCCRCCCH",20092,4744
"2758","lightgreen",TRUE,4.54506940690972e-08,3655,968,249,0.257231404958678,0.0681258549931601,"TF:M10435_1","TF","Factor: Sp2; motif: GGGGCGGGG; match class: 1",20092,8087
"2759","lightgreen",TRUE,5.19172247438605e-08,6303,968,389,0.401859504132231,0.0617166428684753,"TF:M03896","TF","Factor: EGR1; motif: NACGCCCACGCANW",20092,1646
"2760","lightgreen",TRUE,5.3297394627812e-08,6775,968,413,0.426652892561983,0.0609594095940959,"TF:M08231","TF","Factor: Elk-1:T-bet; motif: TCACACCGGAAGNN",20092,1878
"2761","lightgreen",TRUE,6.35962229923834e-08,3433,968,236,0.243801652892562,0.0687445383046898,"TF:M05361_1","TF","Factor: Sp6; motif: WGGGCGG; match class: 1",20092,8125
"2762","lightgreen",TRUE,6.35962229923834e-08,3433,968,236,0.243801652892562,0.0687445383046898,"TF:M05444_1","TF","Factor: CPBP; motif: NGGGCGG; match class: 1",20092,965
"2763","lightgreen",TRUE,6.35962229923834e-08,3433,968,236,0.243801652892562,0.0687445383046898,"TF:M05332_1","TF","Factor: Sp2; motif: WGGGCGG; match class: 1",20092,8079
"2764","lightgreen",TRUE,7.01029185638738e-08,5736,968,359,0.370867768595041,0.0625871687587169,"TF:M11450","TF","Factor: Elf-1; motif: NANSCGGAAGTR",20092,1756
"2765","lightgreen",TRUE,7.14466922797044e-08,6280,968,387,0.399793388429752,0.0616242038216561,"TF:M11432","TF","Factor: Elk-1; motif: NACMGGAAGTN",20092,1898
"2766","lightgreen",TRUE,7.68165980066095e-08,9382,968,541,0.558884297520661,0.0576636111703262,"TF:M12186","TF","Factor: BTEB4; motif: NCCACGCCCM",20092,4714
"2767","lightgreen",TRUE,7.84854754404111e-08,6402,968,393,0.40599173553719,0.0613870665417057,"TF:M08213","TF","Factor: Elk-1:TBR2; motif: TNRCACCGGAAGN",20092,1846
"2768","lightgreen",TRUE,8.77991932836006e-08,5497,968,346,0.357438016528926,0.0629434236856467,"TF:M02036_1","TF","Factor: WT1; motif: CGCCCCCNCN; match class: 1",20092,9225
"2769","lightgreen",TRUE,8.92921039029974e-08,2822,968,201,0.207644628099174,0.0712260807937633,"TF:M08224_1","TF","Factor: Elk-1:Pax-1; motif: ACCGGAACTACGCWTSANTG; match class: 1",20092,1867
"2770","lightgreen",TRUE,9.1594048769271e-08,11397,968,636,0.65702479338843,0.0558041589892077,"TF:M12227","TF","Factor: ZIC4; motif: NNCCNCCCRYNGYGN",20092,9632
"2771","lightgreen",TRUE,9.19390610890416e-08,9413,968,542,0.559917355371901,0.0575799426325295,"TF:M01783","TF","Factor: SP2; motif: GGGCGGGAC",20092,8074
"2772","lightgreen",TRUE,1.15934825427535e-07,4731,968,305,0.315082644628099,0.0644683999154513,"TF:M00740_1","TF","Factor: Rb:E2F-1:DP-1; motif: TTTSGCGC; match class: 1",20092,1459
"2773","lightgreen",TRUE,1.16154123208999e-07,12103,968,668,0.690082644628099,0.0551929273733785,"TF:M11058","TF","Factor: Hey1; motif: NGCRCGYGYN",20092,3508
"2774","lightgreen",TRUE,1.17074272376437e-07,8257,968,485,0.50103305785124,0.0587380404505268,"TF:M00430","TF","Factor: E2F-1; motif: NTTSGCGG",20092,1488
"2775","lightgreen",TRUE,1.20115380430936e-07,6817,968,413,0.426652892561983,0.0605838345313188,"TF:M13147_1","TF","Factor: ZNF253; motif: SNGNSCGNGGNGCKGNN; match class: 1",20092,10041
"2776","lightgreen",TRUE,1.21102424758153e-07,8381,968,491,0.507231404958678,0.0585848944040091,"TF:M10436","TF","Factor: YY1; motif: CAANATGGCGGC",20092,9268
"2777","lightgreen",TRUE,1.31079137372419e-07,9102,968,526,0.543388429752066,0.0577894968138871,"TF:M08224","TF","Factor: Elk-1:Pax-1; motif: ACCGGAACTACGCWTSANTG",20092,1866
"2778","lightgreen",TRUE,1.3995778545971e-07,14370,968,769,0.794421487603306,0.0535142658315936,"TF:M11417_1","TF","Factor: c-Ets-2; motif: NACCGGAAGYRCTTCCGGTN; match class: 1",20092,2239
"2779","lightgreen",TRUE,1.41449922085504e-07,13937,968,750,0.774793388429752,0.0538135897251919,"TF:M09918","TF","Factor: Pet-1; motif: GCNGGAAGYG",20092,6724
"2780","lightgreen",TRUE,1.45558378920764e-07,10401,968,588,0.607438016528926,0.0565330256706086,"TF:M13129","TF","Factor: RERE; motif: CNGCNSCNNGSRCRGSGSS",20092,7348
"2781","lightgreen",TRUE,1.53590646184845e-07,9070,968,524,0.541322314049587,0.0577728776185226,"TF:M08487_1","TF","Factor: GCMa:Erg; motif: ATGCGGGCGGAARKG; match class: 1",20092,3159
"2782","lightgreen",TRUE,1.53590646184845e-07,2388,968,175,0.180785123966942,0.0732830820770519,"TF:M11425_1","TF","Factor: PEA3; motif: NACCGGAAGTN; match class: 1",20092,6695
"2783","lightgreen",TRUE,1.54785421066081e-07,3944,968,262,0.270661157024793,0.0664300202839757,"TF:M00427_1","TF","Factor: E2F; motif: TTTSGCGS; match class: 1",20092,1605
"2784","lightgreen",TRUE,1.55191794038061e-07,5989,968,370,0.382231404958678,0.061779929871431,"TF:M13129_1","TF","Factor: RERE; motif: CNGCNSCNNGSRCRGSGSS; match class: 1",20092,7349
"2785","lightgreen",TRUE,1.65124388360642e-07,7072,968,425,0.43904958677686,0.0600961538461538,"TF:M12183","TF","Factor: KLF14; motif: NRCCACRCCCMCN",20092,4692
"2786","lightgreen",TRUE,1.65964955671076e-07,6402,968,391,0.403925619834711,0.0610746641674477,"TF:M07208","TF","Factor: EGR1; motif: NCNCCGCCCCCGCN",20092,1656
"2787","lightgreen",TRUE,1.67283226811892e-07,11196,968,625,0.645661157024793,0.0558235083958557,"TF:M11535","TF","Factor: E2F-4; motif: TTTTGGCGCCAWWN",20092,1552
"2788","lightgreen",TRUE,1.69864086540349e-07,3930,968,261,0.269628099173554,0.066412213740458,"TF:M10530_1","TF","Factor: sp4; motif: NNNGCYCCGCCCCCY; match class: 1",20092,8113
"2789","lightgreen",TRUE,1.70820508106125e-07,10771,968,605,0.625,0.0561693436078359,"TF:M04691_1","TF","Factor: Kaiso; motif: TCTCGCGAG; match class: 1",20092,9367
"2790","lightgreen",TRUE,1.77270986057165e-07,5131,968,325,0.335743801652893,0.0633404794387059,"TF:M00008_1","TF","Factor: Sp1; motif: GGGGCGGGGT; match class: 1",20092,8039
"2791","lightgreen",TRUE,1.77270986057165e-07,13097,968,712,0.735537190082645,0.0543635947163473,"TF:M12160","TF","Factor: KLF15; motif: RCCMCRCCCMCN",20092,4704
"2792","lightgreen",TRUE,1.89528014407156e-07,15459,968,815,0.841942148760331,0.0527200983246006,"TF:M08568_1","TF","Factor: ER71:E2A; motif: CASSTGNACCGGAWRYN; match class: 1",20092,2321
"2793","lightgreen",TRUE,1.90091348518631e-07,4157,968,273,0.28202479338843,0.0656723598749098,"TF:M09967","TF","Factor: AP-2rep; motif: NGGGGCGGGGC",20092,152
"2794","lightgreen",TRUE,1.90439749823446e-07,9851,968,561,0.579545454545455,0.0569485331438433,"TF:M04148_1","TF","Factor: TFAP2A; motif: NGCCCYNNGGGCN; match class: 1",20092,8783
"2795","lightgreen",TRUE,1.91137690543789e-07,5460,968,342,0.353305785123967,0.0626373626373626,"TF:M09658","TF","Factor: Sp2; motif: GGSNNGGGGGCGGGGCCNGNGS",20092,8084
"2796","lightgreen",TRUE,1.95668763265668e-07,7381,968,440,0.454545454545455,0.0596125186289121,"TF:M00017","TF","Factor: ATF; motif: CNSTGACGTNNNYC",20092,374
"2797","lightgreen",TRUE,1.96159015220542e-07,5847,968,362,0.37396694214876,0.0619120916709424,"TF:M01104_1","TF","Factor: MOVO-B; motif: GNGGGGG; match class: 1",20092,5405
"2798","lightgreen",TRUE,1.98924149810898e-07,2712,968,193,0.199380165289256,0.071165191740413,"TF:M00940_1","TF","Factor: E2F-1; motif: NTTTCGCGCS; match class: 1",20092,1497
"2799","lightgreen",TRUE,2.11246008723035e-07,6006,968,370,0.382231404958678,0.0616050616050616,"TF:M00916","TF","Factor: CREB; motif: NNTKACGTCANNNS",20092,1092
"2800","lightgreen",TRUE,2.1160130546261e-07,10827,968,607,0.627066115702479,0.0560635448415997,"TF:M11005","TF","Factor: LHX4; motif: NNCRTTAN",20092,4856
"2801","lightgreen",TRUE,2.1160130546261e-07,3447,968,234,0.241735537190083,0.0678851174934726,"TF:M09765_1","TF","Factor: SP1; motif: NRGKGGGCGGGGCN; match class: 1",20092,8051
"2802","lightgreen",TRUE,2.19194518255998e-07,9589,968,548,0.566115702479339,0.0571488163520701,"TF:M10426","TF","Factor: ctcf; motif: CCRSCAGGGGGCGCN",20092,1172
"2803","lightgreen",TRUE,2.4519502152684e-07,2388,968,174,0.179752066115702,0.0728643216080402,"TF:M11448_1","TF","Factor: Elf-1; motif: NANGCGGAAGTN; match class: 1",20092,1753
"2804","lightgreen",TRUE,2.71750898652008e-07,1930,968,147,0.151859504132231,0.0761658031088083,"TF:M10119","TF","Factor: REX-1; motif: GGCMGCCATTTT",20092,7382
"2805","lightgreen",TRUE,2.72881366586708e-07,2759,968,195,0.201446280991736,0.0706777818050018,"TF:M08917","TF","Factor: GABP-ALPHA; motif: RCCGGAARTNN",20092,2982
"2806","lightgreen",TRUE,2.8196324787999e-07,2169,968,161,0.166322314049587,0.07422775472568,"TF:M11451_1","TF","Factor: Elf-1; motif: NANCCGGAAGTN; match class: 1",20092,1759
"2807","lightgreen",TRUE,2.97764587126583e-07,6434,968,391,0.403925619834711,0.0607709045694747,"TF:M01861","TF","Factor: ATF-1; motif: TNACGTCAN",20092,282
"2808","lightgreen",TRUE,2.99261434850763e-07,1405,968,115,0.118801652892562,0.0818505338078292,"TF:M09989","TF","Factor: MITF; motif: TCACGTGACC",20092,5346
"2809","lightgreen",TRUE,3.47477032944524e-07,7253,968,432,0.446280991735537,0.0595615607334896,"TF:M00050","TF","Factor: E2F; motif: TTTSGCGC",20092,1586
"2810","lightgreen",TRUE,3.47477032944524e-07,15728,968,825,0.852272727272727,0.0524542217700916,"TF:M08313","TF","Factor: GCMa:PEA3; motif: ATRCGGGCGGAAGTR",20092,3162
"2811","lightgreen",TRUE,3.47962814250544e-07,9284,968,532,0.549586776859504,0.0573028866867729,"TF:M10086","TF","Factor: TAFII250; motif: RARRWGGCGGMGGNGR",20092,8392
"2812","lightgreen",TRUE,3.47962814250544e-07,5337,968,334,0.34504132231405,0.0625819748922616,"TF:M09761","TF","Factor: EGR1; motif: NGNGKGGGYGGNGS",20092,1662
"2813","lightgreen",TRUE,3.48321062022569e-07,9367,968,536,0.553719008264463,0.0572221629123519,"TF:M12703","TF","Factor: ZNF383; motif: SSNGGGMGGNGSNGGS",20092,10408
"2814","lightgreen",TRUE,3.59392148923519e-07,11715,968,647,0.668388429752066,0.055228339735382,"TF:M13149","TF","Factor: ZNF219; motif: SNNCAGCACCNNGGNCAGCGSC",20092,9922
"2815","lightgreen",TRUE,3.64261822008604e-07,5686,968,352,0.363636363636364,0.0619064368624692,"TF:M00917","TF","Factor: CREB; motif: CNNTGACGTMA",20092,1098
"2816","lightgreen",TRUE,3.64261822008604e-07,1557,968,124,0.128099173553719,0.0796403339755941,"TF:M12601_1","TF","Factor: ELF4; motif: NCCACTTCCGGNNNN; match class: 1",20092,1825
"2817","lightgreen",TRUE,3.83543391053455e-07,7120,968,425,0.43904958677686,0.0596910112359551,"TF:M00516","TF","Factor: E2F-1; motif: TTTSGCGCGMNR",20092,1588
"2818","lightgreen",TRUE,3.83543391053455e-07,16755,968,867,0.895661157024793,0.0517457475380483,"TF:M08441","TF","Factor: AP-2gamma:Elk-1; motif: NGCCKNRGGSGRCGGAAGTG",20092,8814
"2819","lightgreen",TRUE,3.89151186141513e-07,4791,968,305,0.315082644628099,0.0636610310999791,"TF:M10071_1","TF","Factor: Sp1; motif: NGGGGGCGGGGCCNGGGGGGGG; match class: 1",20092,8053
"2820","lightgreen",TRUE,4.2263719286828e-07,7927,968,465,0.480371900826446,0.0586602750094613,"TF:M01165","TF","Factor: Elk-1; motif: RACCGGAAGTR",20092,1888
"2821","lightgreen",TRUE,4.39571745851298e-07,3789,968,251,0.259297520661157,0.0662443916600686,"TF:M07354_1","TF","Factor: Egr-1; motif: GCGGGGGCGG; match class: 1",20092,1673
"2822","lightgreen",TRUE,4.44486165599895e-07,13530,968,729,0.753099173553719,0.053880266075388,"TF:M00144","TF","Factor: Pax-5; motif: RRMSWGANWYCTNRAGCGKRACSRYNSM",20092,6570
"2823","lightgreen",TRUE,4.44486165599895e-07,8723,968,504,0.520661157024793,0.057778287286484,"TF:M12085","TF","Factor: ZNF501; motif: NNNCSACGCGAACAC",20092,10734
"2824","lightgreen",TRUE,4.61012398715566e-07,14141,968,756,0.78099173553719,0.0534615656601372,"TF:M04106","TF","Factor: RUNX2; motif: NRACCGCAAACCGCAN",20092,7560
"2825","lightgreen",TRUE,4.67890574423141e-07,4990,968,315,0.325413223140496,0.06312625250501,"TF:M10026_1","TF","Factor: PATZ; motif: GGGGNGGGGGMKGGRRNGGNRN; match class: 1",20092,6501
"2826","lightgreen",TRUE,4.67890574423141e-07,3627,968,242,0.25,0.0667218086572925,"TF:M02057_1","TF","Factor: Elf5; motif: CSMGGAARNN; match class: 1",20092,1829
"2827","lightgreen",TRUE,4.85738020700576e-07,6383,968,387,0.399793388429752,0.0606297979006737,"TF:M06948_1","TF","Factor: Sp2; motif: TGGGCGCGCCCA; match class: 1",20092,8081
"2828","lightgreen",TRUE,5.16246152237999e-07,9143,968,524,0.541322314049587,0.0573116045061796,"TF:M06948","TF","Factor: Sp2; motif: TGGGCGCGCCCA",20092,8080
"2829","lightgreen",TRUE,5.20776420273566e-07,2820,968,197,0.203512396694215,0.0698581560283688,"TF:M09895_1","TF","Factor: E2F-6; motif: NGGGCGGGARRNN; match class: 1",20092,1565
"2830","lightgreen",TRUE,5.24800801799101e-07,5880,968,361,0.372933884297521,0.0613945578231293,"TF:M12345","TF","Factor: Zbtb37; motif: NYACCGCRNTCACCGCR",20092,9382
"2831","lightgreen",TRUE,5.47033347140118e-07,7280,968,432,0.446280991735537,0.0593406593406593,"TF:M10098","TF","Factor: DP-1; motif: NRNNGGCGGGAANN",20092,8892
"2832","lightgreen",TRUE,5.51497433747808e-07,5941,968,364,0.37603305785124,0.0612691466083151,"TF:M09605","TF","Factor: Elf-1; motif: NAANCMGGAAGTGN",20092,1742
"2833","lightgreen",TRUE,5.71086647023434e-07,8188,968,477,0.492768595041322,0.0582559843673669,"TF:M01303","TF","Factor: SP1; motif: GGGGYGGGGNS",20092,8040
"2834","lightgreen",TRUE,6.10837966169104e-07,3329,968,225,0.232438016528926,0.0675878642234905,"TF:M08878_1","TF","Factor: EGR; motif: CGCCCCCGCNN; match class: 1",20092,1713
"2835","lightgreen",TRUE,6.70761545352037e-07,1741,968,134,0.138429752066116,0.0769672601952901,"TF:M11452_1","TF","Factor: Elf-1; motif: NANGCGGAAGTR; match class: 1",20092,1761
"2836","lightgreen",TRUE,7.0167993388864e-07,8139,968,474,0.489669421487603,0.0582381127902691,"TF:M05499","TF","Factor: LKLF; motif: NGGGCGG",20092,4918
"2837","lightgreen",TRUE,7.0167993388864e-07,8139,968,474,0.489669421487603,0.0582381127902691,"TF:M05386","TF","Factor: KLF17; motif: NGGGCGG",20092,4716
"2838","lightgreen",TRUE,7.21878885893864e-07,4746,968,301,0.31095041322314,0.0634218289085546,"TF:M09969","TF","Factor: EKLF; motif: NGGGYGKGGCNNGG",20092,1728
"2839","lightgreen",TRUE,7.6916305232563e-07,3230,968,219,0.226239669421488,0.0678018575851393,"TF:M03983","TF","Factor: ETV5; motif: NCCGGAWGYN",20092,2378
"2840","lightgreen",TRUE,8.19339500479565e-07,12811,968,695,0.71797520661157,0.0542502536882367,"TF:M11052","TF","Factor: Hey2; motif: NNCACGYGNN",20092,3516
"2841","lightgreen",TRUE,8.55287733509098e-07,6355,968,384,0.396694214876033,0.0604248623131393,"TF:M00244","TF","Factor: NGFI-C; motif: WTGCGTGGGYGG",20092,5940
"2842","lightgreen",TRUE,8.57857325733862e-07,5135,968,321,0.331611570247934,0.0625121713729309,"TF:M12173_1","TF","Factor: GKLF; motif: NNCCMCRCCCN; match class: 1",20092,4739
"2843","lightgreen",TRUE,8.87750105740609e-07,8417,968,487,0.503099173553719,0.0578590946893192,"TF:M00341","TF","Factor: GABP; motif: VCCGGAAGNGCR",20092,3000
"2844","lightgreen",TRUE,8.87750105740609e-07,6771,968,405,0.418388429752066,0.0598139122729287,"TF:M03966","TF","Factor: ELF1; motif: AACCCGGAAGTR",20092,1734
"2845","lightgreen",TRUE,8.93438002501756e-07,9861,968,557,0.575413223140496,0.0564851434945746,"TF:M09984","TF","Factor: MAZ; motif: GGGGGAGGGGGNGRGRRRGNRG",20092,5148
"2846","lightgreen",TRUE,8.99067379188594e-07,2824,968,196,0.202479338842975,0.0694050991501416,"TF:M09904_1","TF","Factor: Elk-1; motif: RCCGGAAGTGN; match class: 1",20092,1897
"2847","lightgreen",TRUE,9.13541918758471e-07,2419,968,173,0.178719008264463,0.0715171558495246,"TF:M08760","TF","Factor: ETV7; motif: NNSCGGAAGTR",20092,2392
"2848","lightgreen",TRUE,9.25999668616324e-07,8522,968,492,0.508264462809917,0.057732926543065,"TF:M10026","TF","Factor: PATZ; motif: GGGGNGGGGGMKGGRRNGGNRN",20092,6500
"2849","lightgreen",TRUE,9.55043353598407e-07,1786,968,136,0.140495867768595,0.0761478163493841,"TF:M08875_1","TF","Factor: E2F; motif: NNTTTCGCGCN; match class: 1",20092,1603
"2850","lightgreen",TRUE,1.05538919336889e-06,2233,968,162,0.167355371900826,0.0725481415136588,"TF:M01214_1","TF","Factor: ESE-1; motif: NSMGGAARTN; match class: 1",20092,2135
"2851","lightgreen",TRUE,1.05538919336889e-06,2233,968,162,0.167355371900826,0.0725481415136588,"TF:M02055_1","TF","Factor: ESE-1; motif: NSMGGAARTN; match class: 1",20092,2131
"2852","lightgreen",TRUE,1.05634148750898e-06,9684,968,548,0.566115702479339,0.0565881866997109,"TF:M00470","TF","Factor: AP-2gamma; motif: GCCYNNGGS",20092,142
"2853","lightgreen",TRUE,1.06847090281526e-06,2199,968,160,0.165289256198347,0.0727603456116417,"TF:M11428_1","TF","Factor: PEA3; motif: NACCGGAAGTN; match class: 1",20092,6699
"2854","lightgreen",TRUE,1.07798638718792e-06,10292,968,577,0.596074380165289,0.0560629615235134,"TF:M04148","TF","Factor: TFAP2A; motif: NGCCCYNNGGGCN",20092,8782
"2855","lightgreen",TRUE,1.13041563975619e-06,2012,968,149,0.153925619834711,0.0740556660039761,"TF:M03967_1","TF","Factor: ELF3; motif: WACCCGGAAGTAN; match class: 1",20092,1795
"2856","lightgreen",TRUE,1.13982896849743e-06,2445,968,174,0.179752066115702,0.0711656441717791,"TF:M02063_1","TF","Factor: c-ets-1; motif: ACCGGAWGTN; match class: 1",20092,839
"2857","lightgreen",TRUE,1.17736300060742e-06,2324,968,167,0.172520661157025,0.0718588640275387,"TF:M00431_1","TF","Factor: E2F-1; motif: TTTSGCGS; match class: 1",20092,1495
"2858","lightgreen",TRUE,1.27566050068256e-06,6634,968,397,0.410123966942149,0.0598432318359964,"TF:M04107_1","TF","Factor: RUNX2; motif: WRACCGCANWAACCGCAN; match class: 1",20092,7563
"2859","lightgreen",TRUE,1.28029767978579e-06,2502,968,177,0.182851239669421,0.0707434052757794,"TF:M01078_1","TF","Factor: c-Ets-1; motif: NNNRCCGGAWRYNNNN; match class: 1",20092,837
"2860","lightgreen",TRUE,1.35499992282614e-06,6205,968,375,0.387396694214876,0.0604351329572925,"TF:M00179","TF","Factor: ATF2; motif: VGTGACGTMACN",20092,1084
"2861","lightgreen",TRUE,1.42858897658228e-06,13376,968,719,0.742768595041322,0.053752990430622,"TF:M11880","TF","Factor: pax-6; motif: NYACGCWTSANYGMNCN",20092,6592
"2862","lightgreen",TRUE,1.43368184955156e-06,6621,968,396,0.409090909090909,0.0598096964204803,"TF:M12508","TF","Factor: EGR1; motif: NNMCGCCCACGCNN",20092,1670
"2863","lightgreen",TRUE,1.44872960708572e-06,1632,968,126,0.130165289256198,0.0772058823529412,"TF:M04797_1","TF","Factor: Egr-1; motif: CCGCCCMCG; match class: 1",20092,1649
"2864","lightgreen",TRUE,1.49274471860203e-06,9105,968,519,0.536157024793388,0.057001647446458,"TF:M00024","TF","Factor: E2F-1; motif: TWSGCGCGAAAAYKR",20092,1584
"2865","lightgreen",TRUE,1.60085382783144e-06,5264,968,326,0.336776859504132,0.0619300911854103,"TF:M04797","TF","Factor: Egr-1; motif: CCGCCCMCG",20092,1648
"2866","lightgreen",TRUE,1.81507465624488e-06,8583,968,493,0.509297520661157,0.0574391238494699,"TF:M08451","TF","Factor: Elk-1:HOXA1; motif: ACCGGAAGTAATTA",20092,1856
"2867","lightgreen",TRUE,1.81872873844601e-06,11342,968,625,0.645661157024793,0.0551049197672368,"TF:M12590","TF","Factor: CP2; motif: NRRRCCGGCYNRARCCGGNN",20092,8888
"2868","lightgreen",TRUE,1.83571033075009e-06,2746,968,190,0.196280991735537,0.0691915513474144,"TF:M09611","TF","Factor: ER81; motif: NNNGRCMGGAAGYRNNNNNNNS",20092,2006
"2869","lightgreen",TRUE,1.83807299374293e-06,4097,968,264,0.272727272727273,0.0644373932145472,"TF:M10121","TF","Factor: ZFX; motif: SNAGGCCNCR",20092,9600
"2870","lightgreen",TRUE,1.95171034244481e-06,9452,968,535,0.552685950413223,0.0566017774016081,"TF:M01857","TF","Factor: AP-2alpha; motif: NGCCYSNNGSN",20092,138
"2871","lightgreen",TRUE,1.98866133835536e-06,3326,968,222,0.229338842975207,0.0667468430547204,"TF:M09641","TF","Factor: NRF-1; motif: SYGCGCMTGCGCRNNGSN",20092,6220
"2872","lightgreen",TRUE,2.07663269516333e-06,7258,968,427,0.441115702479339,0.0588316340589694,"TF:M08309_1","TF","Factor: GCMa:Elk-1; motif: RTGNGGGCGGAAGNN; match class: 1",20092,3153
"2873","lightgreen",TRUE,2.25390754924273e-06,2506,968,176,0.181818181818182,0.0702314445331205,"TF:M13138_1","TF","Factor: ETV4; motif: NNCCGGAAGYNNN; match class: 1",20092,2349
"2874","lightgreen",TRUE,2.40679798372279e-06,1465,968,115,0.118801652892562,0.0784982935153584,"TF:M11436","TF","Factor: SAP-1; motif: NRNCGGAWRYN",20092,1934
"2875","lightgreen",TRUE,2.47745253323937e-06,3758,968,245,0.253099173553719,0.0651942522618414,"TF:M03567_1","TF","Factor: Sp2; motif: NYSGCCCCGCCCCCY; match class: 1",20092,8095
"2876","lightgreen",TRUE,2.60584741236628e-06,11343,968,624,0.644628099173554,0.0550119016133298,"TF:M08390","TF","Factor: A-Myb:Elf-1; motif: NMCCGGAACCGTTA",20092,5496
"2877","lightgreen",TRUE,2.6277933053572e-06,3650,968,239,0.246900826446281,0.0654794520547945,"TF:M00982_1","TF","Factor: KROX; motif: CCCGCCCCCRCCCC; match class: 1",20092,4767
"2878","lightgreen",TRUE,2.72356003608029e-06,8404,968,483,0.49896694214876,0.0574726320799619,"TF:M13138","TF","Factor: ETV4; motif: NNCCGGAAGYNNN",20092,2348
"2879","lightgreen",TRUE,2.72886814107626e-06,2673,968,185,0.191115702479339,0.0692106247661803,"TF:M00938_1","TF","Factor: E2F-1; motif: TTGGCGCGRAANNGNM; match class: 1",20092,1487
"2880","lightgreen",TRUE,2.73804634583034e-06,6678,968,397,0.410123966942149,0.0594489368074274,"TF:M02281","TF","Factor: SP1; motif: CCCCKCCCCC",20092,8042
"2881","lightgreen",TRUE,2.7440409837276e-06,1753,968,132,0.136363636363636,0.0752994865944096,"TF:M09606_1","TF","Factor: nerf; motif: NRRNSCGGAAGNRNNNN; match class: 1",20092,1777
"2882","lightgreen",TRUE,2.79440589118661e-06,7336,968,430,0.444214876033058,0.0586150490730643,"TF:M11881_1","TF","Factor: pax-6; motif: NYACGCNTSANYGCNYN; match class: 1",20092,6595
"2883","lightgreen",TRUE,2.79440589118661e-06,2621,968,182,0.18801652892562,0.0694391453643647,"TF:M12742","TF","Factor: ZNF93; motif: GGYAGCRGCAGCGGYG",20092,11914
"2884","lightgreen",TRUE,2.79440589118661e-06,2061,968,150,0.15495867768595,0.0727802037845706,"TF:M03982_1","TF","Factor: ETV4; motif: ACCGGAAGTN; match class: 1",20092,2343
"2885","lightgreen",TRUE,2.86925109075189e-06,4119,968,264,0.272727272727273,0.0640932265112892,"TF:M00738_1","TF","Factor: E2F-4:DP-1; motif: TTTSGCGC; match class: 1",20092,1539
"2886","lightgreen",TRUE,2.87027343925003e-06,11222,968,618,0.638429752066116,0.0550703974336125,"TF:M04950","TF","Factor: Egr-1; motif: NGCGTGCGY",20092,1654
"2887","lightgreen",TRUE,3.17248081667769e-06,10171,968,568,0.586776859504132,0.0558450496509684,"TF:M11058_1","TF","Factor: Hey1; motif: NGCRCGYGYN; match class: 1",20092,3509
"2888","lightgreen",TRUE,3.17248081667769e-06,12348,968,670,0.692148760330578,0.0542597991577583,"TF:M03978","TF","Factor: ETS1; motif: GCCGGAWGTACTTCCGGN",20092,2226
"2889","lightgreen",TRUE,3.21195916358492e-06,10910,968,603,0.622933884297521,0.0552703941338222,"TF:M07289_1","TF","Factor: GKLF; motif: NNNRGGNGNGGSN; match class: 1",20092,3291
"2890","lightgreen",TRUE,3.27219009842932e-06,3094,968,208,0.214876033057851,0.0672268907563025,"TF:M08307_1","TF","Factor: GCMa:Elf-1; motif: NRCCCGCACGGAAGTN; match class: 1",20092,3151
"2891","lightgreen",TRUE,3.30751190207715e-06,6512,968,388,0.400826446280992,0.0595823095823096,"TF:M09868","TF","Factor: ATF-3; motif: GGTSACGTGAN",20092,304
"2892","lightgreen",TRUE,3.46043914950828e-06,6102,968,367,0.379132231404959,0.0601442150114717,"TF:M12227_1","TF","Factor: ZIC4; motif: NNCCNCCCRYNGYGN; match class: 1",20092,9633
"2893","lightgreen",TRUE,3.63882919885205e-06,5521,968,337,0.348140495867769,0.0610396667270422,"TF:M13144_1","TF","Factor: ZNF138; motif: GCAGCRSCNSGSNCMGSGCS; match class: 1",20092,9759
"2894","lightgreen",TRUE,3.64479204472619e-06,2088,968,151,0.15599173553719,0.0723180076628352,"TF:M02102","TF","Factor: NRF-1; motif: YGCGCMTGCGC",20092,6228
"2895","lightgreen",TRUE,3.66766809328451e-06,5541,968,338,0.349173553719008,0.0609998195271612,"TF:M01972","TF","Factor: EGR-1; motif: TGCGTGGGCGK",20092,1644
"2896","lightgreen",TRUE,3.68225565940743e-06,6637,968,394,0.40702479338843,0.0593641705589875,"TF:M00939","TF","Factor: E2F; motif: TTTSGCGSG",20092,1600
"2897","lightgreen",TRUE,3.75222800973581e-06,12381,968,671,0.693181818181818,0.05419594540021,"TF:M08457","TF","Factor: ER71:SREBP-2; motif: NTSACGTGACGGAARY",20092,2316
"2898","lightgreen",TRUE,4.2254499905887e-06,2443,968,171,0.176652892561983,0.0699959066721244,"TF:M07415_1","TF","Factor: Elf-1; motif: AWCCCGGAAGTN; match class: 1",20092,1741
"2899","lightgreen",TRUE,4.6621365901192e-06,3055,968,205,0.211776859504132,0.0671031096563011,"TF:M01219_1","TF","Factor: SP1:SP3; motif: CCSCCCCCYCC; match class: 1",20092,8037
"2900","lightgreen",TRUE,4.8661755627584e-06,4239,968,269,0.277892561983471,0.0634583628214201,"TF:M11382_1","TF","Factor: ESE-1; motif: NWTRCGGAWGCN; match class: 1",20092,1803
"2901","lightgreen",TRUE,4.89457361336594e-06,9490,968,534,0.551652892561983,0.0562697576396207,"TF:M03895","TF","Factor: CTCF; motif: WGCGCCMYCTAGYGGYN",20092,1154
"2902","lightgreen",TRUE,5.09819111187757e-06,12053,968,655,0.676652892561983,0.0543433170165104,"TF:M09734","TF","Factor: ZNF692; motif: SYNGGSCCCASCCNC",20092,11340
"2903","lightgreen",TRUE,5.1444337753895e-06,2014,968,146,0.150826446280992,0.0724925521350546,"TF:M01167","TF","Factor: SAP-1a; motif: NACCGGAAGTV",20092,7644
"2904","lightgreen",TRUE,5.18083807499265e-06,7655,968,444,0.458677685950413,0.0580013063357283,"TF:M01241","TF","Factor: BEN; motif: CWGCGAYA",20092,514
"2905","lightgreen",TRUE,5.20846319637121e-06,2718,968,186,0.192148760330579,0.0684326710816777,"TF:M12554","TF","Factor: YY2; motif: NNATGGCGGCN",20092,9292
"2906","lightgreen",TRUE,6.02652218221508e-06,2141,968,153,0.158057851239669,0.0714619336758524,"TF:M09658_1","TF","Factor: Sp2; motif: GGSNNGGGGGCGGGGCCNGNGS; match class: 1",20092,8085
"2907","lightgreen",TRUE,6.13095684733688e-06,8313,968,476,0.491735537190083,0.0572597137014315,"TF:M12160_1","TF","Factor: KLF15; motif: RCCMCRCCCMCN; match class: 1",20092,4705
"2908","lightgreen",TRUE,6.30483731014186e-06,2230,968,158,0.163223140495868,0.0708520179372197,"TF:M08874_1","TF","Factor: E2F1; motif: NNNNNGCGSSAAAN; match class: 1",20092,1493
"2909","lightgreen",TRUE,6.35296815207246e-06,13490,968,720,0.743801652892562,0.0533728687916976,"TF:M11881","TF","Factor: pax-6; motif: NYACGCNTSANYGCNYN",20092,6594
"2910","lightgreen",TRUE,7.25562813249088e-06,7334,968,427,0.441115702479339,0.0582219798200164,"TF:M00144_1","TF","Factor: Pax-5; motif: RRMSWGANWYCTNRAGCGKRACSRYNSM; match class: 1",20092,6571
"2911","lightgreen",TRUE,7.28481432602864e-06,1701,968,127,0.131198347107438,0.0746619635508524,"TF:M12678","TF","Factor: TFEA; motif: NNNNSNGGTCACGTGACN",20092,8904
"2912","lightgreen",TRUE,7.4224939058427e-06,8795,968,499,0.515495867768595,0.0567367822626492,"TF:M13142","TF","Factor: ZBTB33; motif: GGYGCTG",20092,9376
"2913","lightgreen",TRUE,7.59533737184433e-06,6069,968,363,0.375,0.0598121601581809,"TF:M09887","TF","Factor: CREB1; motif: NRRTGACGTMA",20092,988
"2914","lightgreen",TRUE,7.68414710690865e-06,5350,968,326,0.336776859504132,0.0609345794392523,"TF:M09900","TF","Factor: Elf-1; motif: NNANCCGGAAGTGS",20092,1744
"2915","lightgreen",TRUE,7.84077108790402e-06,8963,968,507,0.523760330578512,0.0565658819591655,"TF:M11533_1","TF","Factor: E2F-1; motif: NTTTTGGCGCCAWWWN; match class: 1",20092,1481
"2916","lightgreen",TRUE,8.26008845461327e-06,4759,968,295,0.304752066115702,0.0619878125656651,"TF:M03925","TF","Factor: YY2; motif: NCCGCCATNTY",20092,9286
"2917","lightgreen",TRUE,8.31321992267746e-06,2990,968,200,0.206611570247934,0.0668896321070234,"TF:M11414","TF","Factor: GABP-alpha; motif: NACCGGAAGTN",20092,2986
"2918","lightgreen",TRUE,8.37784659362371e-06,3063,968,204,0.210743801652893,0.0666013712047013,"TF:M09632","TF","Factor: Kaiso; motif: GNTCTCGCGAGRNNNNGGN",20092,9370
"2919","lightgreen",TRUE,8.42621169887231e-06,8354,968,477,0.492768595041322,0.0570983959779746,"TF:M09608","TF","Factor: Erg; motif: NNACCGGAARTSN",20092,2078
"2920","lightgreen",TRUE,9.70610913742359e-06,7795,968,449,0.463842975206612,0.0576010262989096,"TF:M08222","TF","Factor: Elk-1:HOXB13; motif: ACCGGAAGTNGTAAAN",20092,1862
"2921","lightgreen",TRUE,9.70610913742359e-06,10601,968,585,0.604338842975207,0.0551834732572399,"TF:M08221","TF","Factor: Elk-1:HOXA3; motif: NCCGGAAATKR",20092,1860
"2922","lightgreen",TRUE,1.0109132690962e-05,4126,968,261,0.269628099173554,0.0632573921473582,"TF:M03893_1","TF","Factor: WT1; motif: GNGGGGGCGGGG; match class: 1",20092,9227
"2923","lightgreen",TRUE,1.01375585271765e-05,3017,968,201,0.207644628099174,0.0666224726549553,"TF:M07615_1","TF","Factor: Sp3; motif: GGGGCGGGGSNN; match class: 1",20092,8107
"2924","lightgreen",TRUE,1.03876833751483e-05,3735,968,240,0.247933884297521,0.0642570281124498,"TF:M01253","TF","Factor: CNOT3; motif: GGCCGCGSSS",20092,934
"2925","lightgreen",TRUE,1.07033501719417e-05,3220,968,212,0.21900826446281,0.0658385093167702,"TF:M12697","TF","Factor: ZNF142; motif: SNSCGCCCGCCCGCSCSS",20092,9772
"2926","lightgreen",TRUE,1.12423920556287e-05,8966,968,506,0.522727272727273,0.056435422708008,"TF:M10112","TF","Factor: Miz-1; motif: NNRGGWGGGGGAGGGGMRR",20092,5362
"2927","lightgreen",TRUE,1.20533365676369e-05,3409,968,222,0.229338842975207,0.0651217365796421,"TF:M09968","TF","Factor: KLF15; motif: RGGGMGGRGNNGGGGGNGG",20092,4696
"2928","lightgreen",TRUE,1.22404450684685e-05,2397,968,166,0.171487603305785,0.0692532332081769,"TF:M11421","TF","Factor: ER81; motif: NACCGGAAGTN",20092,2016
"2929","lightgreen",TRUE,1.26373340859276e-05,2918,968,195,0.201446280991736,0.066826593557231,"TF:M01258","TF","Factor: GABP; motif: CACTTCCGGNNN",20092,3002
"2930","lightgreen",TRUE,1.27399455014136e-05,8851,968,500,0.516528925619835,0.0564907920009039,"TF:M12593","TF","Factor: CTCF; motif: NNRSYGCCMCCTGSTGGCCN",20092,1174
"2931","lightgreen",TRUE,1.2838231388524e-05,2577,968,176,0.181818181818182,0.0682964687621265,"TF:M00430_1","TF","Factor: E2F-1; motif: NTTSGCGG; match class: 1",20092,1489
"2932","lightgreen",TRUE,1.28894276343394e-05,2613,968,178,0.183884297520661,0.0681209337925756,"TF:M07329_1","TF","Factor: Osx; motif: CCNCCCCCNNN; match class: 1",20092,6401
"2933","lightgreen",TRUE,1.30020183794589e-05,2382,968,165,0.170454545454545,0.0692695214105793,"TF:M03981","TF","Factor: ETV3; motif: ACCGGAAGTN",20092,2332
"2934","lightgreen",TRUE,1.33076274339251e-05,206,968,28,0.0289256198347107,0.135922330097087,"TF:M05821","TF","Factor: ZNF880; motif: GGAGGGCTYK",20092,11866
"2935","lightgreen",TRUE,1.35287800865119e-05,5344,968,324,0.334710743801653,0.0606287425149701,"TF:M00039","TF","Factor: CREB; motif: TGACGTMA",20092,1086
"2936","lightgreen",TRUE,1.38213068288449e-05,1337,968,104,0.107438016528926,0.0777860882572924,"TF:M11450_1","TF","Factor: Elf-1; motif: NANSCGGAAGTR; match class: 1",20092,1757
"2937","lightgreen",TRUE,1.38595294875104e-05,4807,968,296,0.305785123966942,0.0615768670688579,"TF:M09607","TF","Factor: SAP-1; motif: ACCGGAAGTNN",20092,1930
"2938","lightgreen",TRUE,1.41129070361617e-05,5774,968,346,0.357438016528926,0.0599237963283685,"TF:M03989_1","TF","Factor: FLI1; motif: ACCGGAAATCCGGT; match class: 1",20092,2525
"2939","lightgreen",TRUE,1.46340813195549e-05,3958,968,251,0.259297520661157,0.0634158665992926,"TF:M13366_1","TF","Factor: ZBED4; motif: CCCGCYCCGC; match class: 1",20092,9311
"2940","lightgreen",TRUE,1.56049217671957e-05,15055,968,787,0.81301652892562,0.0522749916971106,"TF:M07289","TF","Factor: GKLF; motif: NNNRGGNGNGGSN",20092,3290
"2941","lightgreen",TRUE,1.62745057175642e-05,3295,968,215,0.222107438016529,0.0652503793626707,"TF:M11420","TF","Factor: ER81; motif: NACCGGAAGTN",20092,2014
"2942","lightgreen",TRUE,1.66602901531085e-05,9178,968,515,0.53202479338843,0.0561124427979952,"TF:M01588","TF","Factor: GKLF; motif: GCCMCRCCCNNN",20092,3284
"2943","lightgreen",TRUE,1.6941369072954e-05,3132,968,206,0.212809917355372,0.0657726692209451,"TF:M03920_1","TF","Factor: SP1; motif: RCCMCRCCCMC; match class: 1",20092,8045
"2944","lightgreen",TRUE,1.83937413000218e-05,10308,968,569,0.587809917355372,0.0551998447807528,"TF:M04744","TF","Factor: ATF-3; motif: GGCGCSSNSNGRTSACGTSA",20092,302
"2945","lightgreen",TRUE,1.83937413000218e-05,12073,968,652,0.673553719008264,0.0540048041083409,"TF:M11401_1","TF","Factor: Fli-1; motif: NACCGGATATCCGGTN; match class: 1",20092,2541
"2946","lightgreen",TRUE,1.86557731502077e-05,3320,968,216,0.223140495867769,0.0650602409638554,"TF:M05439_1","TF","Factor: RREB-1; motif: GGGWCSA; match class: 1",20092,7549
"2947","lightgreen",TRUE,2.06897363504615e-05,5777,968,345,0.356404958677686,0.0597195776354509,"TF:M04918","TF","Factor: Egr-1; motif: ACCGCCC",20092,1652
"2948","lightgreen",TRUE,2.10543862743697e-05,9753,968,542,0.559917355371901,0.0555726443145699,"TF:M11052_1","TF","Factor: Hey2; motif: NNCACGYGNN; match class: 1",20092,3517
"2949","lightgreen",TRUE,2.18609032710474e-05,5976,968,355,0.366735537190083,0.0594042838018742,"TF:M01035","TF","Factor: YY1; motif: NYNKCCATNTT",20092,9280
"2950","lightgreen",TRUE,2.1947043817566e-05,6350,968,374,0.386363636363636,0.0588976377952756,"TF:M00919","TF","Factor: E2F; motif: NCSCGCSAAAN",20092,1598
"2951","lightgreen",TRUE,2.31879727673079e-05,1656,968,122,0.12603305785124,0.0736714975845411,"TF:M02067_1","TF","Factor: ER71; motif: ACCGGAARYN; match class: 1",20092,1997
"2952","lightgreen",TRUE,2.34744959367084e-05,2729,968,183,0.18904958677686,0.0670575302308538,"TF:M10111","TF","Factor: ZF5; motif: NGAGCGCGC",20092,9476
"2953","lightgreen",TRUE,2.48356863849117e-05,4287,968,267,0.275826446280992,0.0622813156053184,"TF:M01593","TF","Factor: Zfx; motif: SNSCAGGCCKCGSCSS",20092,9596
"2954","lightgreen",TRUE,2.58221945074756e-05,2446,968,167,0.172520661157025,0.0682747342600164,"TF:M02072","TF","Factor: Pet-1; motif: ACCGGAWRTN",20092,6722
"2955","lightgreen",TRUE,2.60765336764611e-05,11774,968,637,0.658057851239669,0.05410225921522,"TF:M11066","TF","Factor: HES-7; motif: GNCACGYGNN",20092,3492
"2956","lightgreen",TRUE,2.65860648508081e-05,4786,968,293,0.302685950413223,0.0612202256581697,"TF:M11422","TF","Factor: Erm; motif: NRCMGGAAGTN",20092,2106
"2957","lightgreen",TRUE,2.68005191765739e-05,12228,968,658,0.679752066115702,0.0538109257441937,"TF:M11401","TF","Factor: Fli-1; motif: NACCGGATATCCGGTN",20092,2540
"2958","lightgreen",TRUE,2.70265959834335e-05,3412,968,220,0.227272727272727,0.0644783118405627,"TF:M01273","TF","Factor: SP4; motif: SCCCCGCCCCS",20092,8118
"2959","lightgreen",TRUE,2.70265959834335e-05,11328,968,616,0.636363636363636,0.0543785310734463,"TF:M10849","TF","Factor: Cdx-2; motif: NRTCGTAANNNN",20092,700
"2960","lightgreen",TRUE,2.7061943373557e-05,6939,968,403,0.416322314049587,0.058077532785704,"TF:M12590_1","TF","Factor: CP2; motif: NRRRCCGGCYNRARCCGGNN; match class: 1",20092,8889
"2961","lightgreen",TRUE,2.7061943373557e-05,12728,968,681,0.703512396694215,0.0535040854808297,"TF:M04107","TF","Factor: RUNX2; motif: WRACCGCANWAACCGCAN",20092,7562
"2962","lightgreen",TRUE,2.78356531875489e-05,15829,968,819,0.846074380165289,0.0517404763408933,"TF:M04934_1","TF","Factor: TR4; motif: ACCCCGS; match class: 1",20092,6123
"2963","lightgreen",TRUE,2.79695701752525e-05,4389,968,272,0.28099173553719,0.0619731146046936,"TF:M11449","TF","Factor: Elf-1; motif: NANCCGGAAGTN",20092,1754
"2964","lightgreen",TRUE,2.79695701752525e-05,598,968,56,0.0578512396694215,0.0936454849498328,"TF:M03890_1","TF","Factor: TFEA; motif: GYCASVTGACYN; match class: 1",20092,8907
"2965","lightgreen",TRUE,2.79932503968619e-05,14232,968,749,0.773760330578512,0.052627880831928,"TF:M12591","TF","Factor: CREB1; motif: NNNNSSGGCGCSSNNNNRTGACGTCAC",20092,1008
"2966","lightgreen",TRUE,2.81973211387598e-05,2522,968,171,0.176652892561983,0.0678033306899286,"TF:M07129_1","TF","Factor: Sp2; motif: GYCCCGCCYCYNNNN; match class: 1",20092,8083
"2967","lightgreen",TRUE,2.86039728165122e-05,9381,968,523,0.540289256198347,0.0557509860356039,"TF:M00800","TF","Factor: AP-2; motif: GSCCSCRGGCNRNRNN",20092,154
"2968","lightgreen",TRUE,2.87020045456224e-05,5759,968,343,0.354338842975207,0.0595589512068067,"TF:M00470_1","TF","Factor: AP-2gamma; motif: GCCYNNGGS; match class: 1",20092,143
"2969","lightgreen",TRUE,2.88693047222842e-05,2010,968,142,0.146694214876033,0.0706467661691542,"TF:M12603_1","TF","Factor: ERM; motif: NNCACTTCCGGNN; match class: 1",20092,2113
"2970","lightgreen",TRUE,2.90860378413458e-05,4754,968,291,0.300619834710744,0.061211611274716,"TF:M01857_1","TF","Factor: AP-2alpha; motif: NGCCYSNNGSN; match class: 1",20092,139
"2971","lightgreen",TRUE,2.9684547423108e-05,6707,968,391,0.403925619834711,0.0582973013269718,"TF:M09898","TF","Factor: Egr-2; motif: GNGRRNGWGKGGGNGGRG",20092,1682
"2972","lightgreen",TRUE,3.00037982130975e-05,5762,968,343,0.354338842975207,0.0595279416869143,"TF:M00918","TF","Factor: E2F; motif: TTTSGCGSG",20092,1594
"2973","lightgreen",TRUE,3.33374880671835e-05,7213,968,416,0.429752066115702,0.0576736448079856,"TF:M11880_1","TF","Factor: pax-6; motif: NYACGCWTSANYGMNCN; match class: 1",20092,6593
"2974","lightgreen",TRUE,3.46649962129536e-05,3910,968,246,0.254132231404959,0.0629156010230179,"TF:M09970_1","TF","Factor: KLF3; motif: NNNNNNGGGCGGGGCNNGN; match class: 1",20092,4725
"2975","lightgreen",TRUE,3.57301563883937e-05,7378,968,424,0.43801652892562,0.0574681485497425,"TF:M07397","TF","Factor: ZBP89; motif: CCCCKCCCCCNN",20092,9314
"2976","lightgreen",TRUE,3.58728085950164e-05,1401,968,106,0.109504132231405,0.0756602426837973,"TF:M09901_1","TF","Factor: nerf; motif: NNNCCGGAAGTGN; match class: 1",20092,5659
"2977","lightgreen",TRUE,3.68864369806307e-05,3670,968,233,0.240702479338843,0.0634877384196185,"TF:M01303_1","TF","Factor: SP1; motif: GGGGYGGGGNS; match class: 1",20092,8041
"2978","lightgreen",TRUE,3.69364649909863e-05,2588,968,174,0.179752066115702,0.0672333848531685,"TF:M05386_1","TF","Factor: KLF17; motif: NGGGCGG; match class: 1",20092,4717
"2979","lightgreen",TRUE,3.69364649909863e-05,2588,968,174,0.179752066115702,0.0672333848531685,"TF:M05499_1","TF","Factor: LKLF; motif: NGGGCGG; match class: 1",20092,4919
"2980","lightgreen",TRUE,3.72717602711896e-05,5795,968,344,0.355371900826446,0.0593615185504745,"TF:M11221_1","TF","Factor: CREB1; motif: RTGACGYGTCAN; match class: 1",20092,1001
"2981","lightgreen",TRUE,3.78922631839751e-05,1623,968,119,0.122933884297521,0.0733210104744301,"TF:M09761_1","TF","Factor: EGR1; motif: NGNGKGGGYGGNGS; match class: 1",20092,1663
"2982","lightgreen",TRUE,3.79540171094909e-05,5855,968,347,0.358471074380165,0.059265584970111,"TF:M00920","TF","Factor: E2F; motif: NKCGCGCSAAAN",20092,1606
"2983","lightgreen",TRUE,3.88113829514389e-05,3026,968,198,0.204545454545455,0.0654329147389293,"TF:M00737_1","TF","Factor: E2F-1:DP-2; motif: TTTSSCGC; match class: 1",20092,1463
"2984","lightgreen",TRUE,3.88146979964726e-05,10677,968,584,0.603305785123967,0.0546970122693641,"TF:M03989","TF","Factor: FLI1; motif: ACCGGAAATCCGGT",20092,2524
"2985","lightgreen",TRUE,4.05455540284352e-05,5918,968,350,0.361570247933884,0.0591416018925313,"TF:M11541","TF","Factor: Foxn2; motif: NNGCGTCNNNNNGACGCNN",20092,2800
"2986","lightgreen",TRUE,4.2841726372733e-05,12025,968,647,0.668388429752066,0.0538045738045738,"TF:M10948","TF","Factor: rax; motif: NNCRTTAN",20092,7306
"2987","lightgreen",TRUE,4.30509351618877e-05,7774,968,443,0.457644628099174,0.056984821198868,"TF:M03967","TF","Factor: ELF3; motif: WACCCGGAAGTAN",20092,1794
"2988","lightgreen",TRUE,4.34289576602438e-05,6001,968,354,0.365702479338843,0.0589901683052825,"TF:M10999","TF","Factor: LIM-1; motif: NNCGTTAN",20092,4828
"2989","lightgreen",TRUE,4.34289576602438e-05,2722,968,181,0.18698347107438,0.0664952240999265,"TF:M12230_1","TF","Factor: LRF; motif: RCGACCACCNN; match class: 1",20092,9443
"2990","lightgreen",TRUE,4.44226046644776e-05,2435,968,165,0.170454545454545,0.0677618069815195,"TF:M09608_1","TF","Factor: Erg; motif: NNACCGGAARTSN; match class: 1",20092,2079
"2991","lightgreen",TRUE,4.51850792552361e-05,7174,968,413,0.426652892561983,0.0575689991636465,"TF:M09834","TF","Factor: ZNF148; motif: NNNNNNCCNNCCCCTCCCCCACCCN",20092,9776
"2992","lightgreen",TRUE,4.5309975026372e-05,10604,968,580,0.599173553719008,0.0546963410033949,"TF:M04748_1","TF","Factor: GABP-alpha; motif: AACCGGAAR; match class: 1",20092,2981
"2993","lightgreen",TRUE,4.69228607729145e-05,5556,968,331,0.341942148760331,0.0595752339812815,"TF:M12140","TF","Factor: Egr-1; motif: NNCRCCCMCGCNN",20092,1668
"2994","lightgreen",TRUE,4.86170364500491e-05,2314,968,158,0.163223140495868,0.0682800345721694,"TF:M12508_1","TF","Factor: EGR1; motif: NNMCGCCCACGCNN; match class: 1",20092,1671
"2995","lightgreen",TRUE,4.96005191848864e-05,11714,968,632,0.652892561983471,0.0539525354276934,"TF:M12231","TF","Factor: LRF; motif: NCGACCACCGN",20092,9444
"2996","lightgreen",TRUE,5.41413838899852e-05,6133,968,360,0.371900826446281,0.0586988423283874,"TF:M10104","TF","Factor: YY1; motif: CAARATGGCGGC",20092,9266
"2997","lightgreen",TRUE,5.55812895009061e-05,4087,968,254,0.262396694214876,0.0621482750183509,"TF:M10086_1","TF","Factor: TAFII250; motif: RARRWGGCGGMGGNGR; match class: 1",20092,8393
"2998","lightgreen",TRUE,6.17356558005946e-05,1470,968,109,0.112603305785124,0.0741496598639456,"TF:M13119_1","TF","Factor: ZBTB11; motif: RCTTCCGGNNSNNNN; match class: 1",20092,9329
"2999","lightgreen",TRUE,6.25381661498868e-05,3141,968,203,0.209710743801653,0.0646290990130532,"TF:M03806","TF","Factor: ZBTB7C; motif: GKCCCGGGCKG",20092,9454
"3000","lightgreen",TRUE,6.44753239709115e-05,3420,968,218,0.225206611570248,0.0637426900584795,"TF:M03969","TF","Factor: ELF5; motif: ANSMGGAAGTN",20092,1830
"3001","lightgreen",TRUE,6.52091425129137e-05,7661,968,436,0.450413223140496,0.0569116303354653,"TF:M01858","TF","Factor: AP-2beta; motif: GCNNNGGSCNGVGGGN",20092,140
"3002","lightgreen",TRUE,6.57675421288052e-05,1868,968,132,0.136363636363636,0.0706638115631692,"TF:M10018","TF","Factor: NRF-1; motif: CNSTGCGCATGCGCNNS",20092,6222
"3003","lightgreen",TRUE,6.57675421288052e-05,5382,968,321,0.331611570247934,0.0596432552954292,"TF:M01163","TF","Factor: Elk-1; motif: AACCGGAAGTR",20092,1886
"3004","lightgreen",TRUE,7.12370635267571e-05,6566,968,381,0.393595041322314,0.058026195552848,"TF:M11309","TF","Factor: ATF-2; motif: NRTGACGTMANN",20092,292
"3005","lightgreen",TRUE,7.15546097357435e-05,5758,968,340,0.351239669421488,0.0590482806530045,"TF:M00224","TF","Factor: STAT1; motif: NNNSANTTCCGGGAANTGNSN",20092,8304
"3006","lightgreen",TRUE,7.37678453520147e-05,3895,968,243,0.25103305785124,0.062387676508344,"TF:M12516","TF","Factor: E2F6; motif: NNNGGCGGGAANN",20092,1566
"3007","lightgreen",TRUE,7.4240828637174e-05,2638,968,175,0.180785123966942,0.0663381349507202,"TF:M08451_1","TF","Factor: Elk-1:HOXA1; motif: ACCGGAAGTAATTA; match class: 1",20092,1857
"3008","lightgreen",TRUE,7.59025114322571e-05,2102,968,145,0.149793388429752,0.0689819219790676,"TF:M08222_1","TF","Factor: Elk-1:HOXB13; motif: ACCGGAAGTNGTAAAN; match class: 1",20092,1863
"3009","lightgreen",TRUE,7.59215867577944e-05,6313,968,368,0.380165289256198,0.0582924124821796,"TF:M02044","TF","Factor: YY1; motif: GCCGCCATTTTG",20092,9254
"3010","lightgreen",TRUE,7.67503601185767e-05,4927,968,297,0.306818181818182,0.060280089303836,"TF:M08390_1","TF","Factor: A-Myb:Elf-1; motif: NMCCGGAACCGTTA; match class: 1",20092,5497
"3011","lightgreen",TRUE,7.72445173169993e-05,5334,968,318,0.328512396694215,0.0596175478065242,"TF:M00177","TF","Factor: CREB; motif: NSTGACGTAANN",20092,1090
"3012","lightgreen",TRUE,8.00447372414887e-05,5414,968,322,0.332644628099174,0.0594754340598448,"TF:M09600","TF","Factor: CREB1; motif: TKACGTCAYNN",20092,982
"3013","lightgreen",TRUE,8.24494174199611e-05,870,968,72,0.0743801652892562,0.0827586206896552,"TF:M04196_1","TF","Factor: USF1; motif: RNCACGTGAY; match class: 1",20092,9095
"3014","lightgreen",TRUE,8.37011296372312e-05,5612,968,332,0.34297520661157,0.0591589451176051,"TF:M01837","TF","Factor: FKLF; motif: BGGGNGGVMD",20092,2496
"3015","lightgreen",TRUE,8.37011296372312e-05,5651,968,334,0.34504132231405,0.0591045832596001,"TF:M11541_1","TF","Factor: Foxn2; motif: NNGCGTCNNNNNGACGCNN; match class: 1",20092,2801
"3016","lightgreen",TRUE,8.44022793504844e-05,3249,968,208,0.214876033057851,0.0640196983687288,"TF:M11379","TF","Factor: ESE-1; motif: ACCCGGAAGTRNNNNNNNNWWWW",20092,1798
"3017","lightgreen",TRUE,8.48117774049546e-05,3342,968,213,0.22004132231405,0.0637342908438061,"TF:M11415","TF","Factor: GABP-alpha; motif: NRCCGGAAGTN",20092,2988
"3018","lightgreen",TRUE,8.50294328381944e-05,2772,968,182,0.18801652892562,0.0656565656565657,"TF:M01873_1","TF","Factor: Egr-1; motif: GCGGGGGCGG; match class: 1",20092,1675
"3019","lightgreen",TRUE,9.4309290737656e-05,9529,968,526,0.543388429752066,0.0551999160457551,"TF:M04110","TF","Factor: RUNX3; motif: NRACCGCANWAACCRCAN",20092,7576
"3020","lightgreen",TRUE,9.47962273219425e-05,3966,968,246,0.254132231404959,0.0620272314674735,"TF:M11402","TF","Factor: Fli-1; motif: NACCGGAARTN",20092,2542
"3021","lightgreen",TRUE,9.47971545202469e-05,6447,968,374,0.386363636363636,0.0580114782069179,"TF:M01820","TF","Factor: CREM; motif: TGACGTCASYN",20092,1114
"3022","lightgreen",TRUE,9.57025407727833e-05,4232,968,260,0.268595041322314,0.0614366729678639,"TF:M05432","TF","Factor: ZSCAN18; motif: TRRCGRCGNMCC",20092,11950
"3023","lightgreen",TRUE,0.000100978245191109,1369,968,102,0.105371900826446,0.0745069393718042,"TF:M09811","TF","Factor: MITF; motif: NNNNGTCACGTGACNNNN",20092,5342
"3024","lightgreen",TRUE,0.000100978245191109,1369,968,102,0.105371900826446,0.0745069393718042,"TF:M09811_1","TF","Factor: MITF; motif: NNNNGTCACGTGACNNNN; match class: 1",20092,5343
"3025","lightgreen",TRUE,0.000101018716187436,8710,968,486,0.502066115702479,0.0557979334098737,"TF:M10880","TF","Factor: Alx-4; motif: NNCRTTAN",20092,64
"3026","lightgreen",TRUE,0.00010203532471322,1729,968,123,0.127066115702479,0.0711393869288606,"TF:M12534","TF","Factor: USF2; motif: NNGTCATGTGACNN",20092,9122
"3027","lightgreen",TRUE,0.000106919371481859,1627,968,117,0.120867768595041,0.0719114935464044,"TF:M08231_1","TF","Factor: Elk-1:T-bet; motif: TCACACCGGAAGNN; match class: 1",20092,1879
"3028","lightgreen",TRUE,0.0001079750417766,643,968,57,0.0588842975206612,0.088646967340591,"TF:M12682_1","TF","Factor: USF2; motif: NNNSSYCACGTGACNNNNNNNNNSCN; match class: 1",20092,9125
"3029","lightgreen",TRUE,0.000110568150782297,3412,968,216,0.223140495867769,0.063305978898007,"TF:M00469_1","TF","Factor: AP-2alpha; motif: GCCNNNRGS; match class: 1",20092,131
"3030","lightgreen",TRUE,0.000110568150782297,3730,968,233,0.240702479338843,0.0624664879356568,"TF:M12157","TF","Factor: KLF15; motif: RCCACGCCCCCC",20092,4698
"3031","lightgreen",TRUE,0.000114381604045459,6104,968,356,0.367768595041322,0.0583224115334207,"TF:M07234","TF","Factor: YY1; motif: CAARATGGCNGC",20092,9262
"3032","lightgreen",TRUE,0.000114456850020529,7058,968,404,0.417355371900826,0.0572400113346557,"TF:M07329","TF","Factor: Osx; motif: CCNCCCCCNNN",20092,6400
"3033","lightgreen",TRUE,0.000121361431633894,3867,968,240,0.247933884297521,0.0620636152055857,"TF:M04110_1","TF","Factor: RUNX3; motif: NRACCGCANWAACCRCAN; match class: 1",20092,7577
"3034","lightgreen",TRUE,0.000125542395898684,2627,968,173,0.178719008264463,0.0658545869813476,"TF:M11439","TF","Factor: Net; motif: NRCCGGAAGTN",20092,1912
"3035","lightgreen",TRUE,0.000126956607566111,9593,968,528,0.545454545454545,0.0550401334306265,"TF:M10432","TF","Factor: MAZ; motif: GGGMGGGGS",20092,5150
"3036","lightgreen",TRUE,0.000126956607566111,2537,968,168,0.173553719008264,0.0662199448167127,"TF:M11225_1","TF","Factor: CREM; motif: NNTGACGTCANN; match class: 1",20092,1109
"3037","lightgreen",TRUE,0.000127819466000872,2107,968,144,0.148760330578512,0.068343616516374,"TF:M12592_1","TF","Factor: CREM; motif: NRTGACGYMA; match class: 1",20092,1113
"3038","lightgreen",TRUE,0.000134814191984941,2056,968,141,0.145661157024793,0.068579766536965,"TF:M11442","TF","Factor: Net; motif: NACCGGAAGTN",20092,1918
"3039","lightgreen",TRUE,0.000137148957234492,5821,968,341,0.352272727272727,0.0585809998282082,"TF:M10885","TF","Factor: PRX-2; motif: NKCGTTAN",20092,7200
"3040","lightgreen",TRUE,0.000138686943790032,2505,968,166,0.171487603305785,0.0662674650698603,"TF:M12596","TF","Factor: DP2; motif: NNGGCGGGARN",20092,1388
"3041","lightgreen",TRUE,0.000147853673958052,5532,968,326,0.336776859504132,0.0589298626174982,"TF:M12158_1","TF","Factor: KLF15; motif: NCCMCGCCCMCN; match class: 1",20092,4701
"3042","lightgreen",TRUE,0.000150697146272673,8760,968,487,0.503099173553719,0.0555936073059361,"TF:M12230","TF","Factor: LRF; motif: RCGACCACCNN",20092,9442
"3043","lightgreen",TRUE,0.000154995065030593,8007,968,450,0.464876033057851,0.0562008242787561,"TF:M03976_1","TF","Factor: ERG; motif: ACCGGAWATCCGGT; match class: 1",20092,2077
"3044","lightgreen",TRUE,0.000160400186330712,2657,968,174,0.179752066115702,0.0654873917952578,"TF:M02281_1","TF","Factor: SP1; motif: CCCCKCCCCC; match class: 1",20092,8043
"3045","lightgreen",TRUE,0.000172687786994729,4324,968,263,0.271694214876033,0.0608233117483811,"TF:M07034","TF","Factor: ATF-1; motif: NNNTGACGTNNN",20092,278
"3046","lightgreen",TRUE,0.000179976623399039,2772,968,180,0.18595041322314,0.0649350649350649,"TF:M11225","TF","Factor: CREM; motif: NNTGACGTCANN",20092,1108
"3047","lightgreen",TRUE,0.000182350910093655,2846,968,184,0.190082644628099,0.0646521433591005,"TF:M11437","TF","Factor: SAP-1; motif: NRCCGGAWGYN",20092,1936
"3048","lightgreen",TRUE,0.000183119419597843,6751,968,387,0.399793388429752,0.0573248407643312,"TF:M10108","TF","Factor: WT1; motif: RGGNGGGGGAGGRGGNGGRG",20092,9218
"3049","lightgreen",TRUE,0.000184524727625659,5880,968,343,0.354338842975207,0.0583333333333333,"TF:M07370","TF","Factor: YY1; motif: NNNNAARATGGNNNN",20092,9276
"3050","lightgreen",TRUE,0.000186654979534929,2159,968,146,0.150826446280992,0.0676238999536823,"TF:M11413","TF","Factor: ER71; motif: NACCGGAARTN",20092,2328
"3051","lightgreen",TRUE,0.000191366991723657,11281,968,607,0.627066115702479,0.0538072865880684,"TF:M01770","TF","Factor: XBP-1; motif: WNNGMCACGTC",20092,9228
"3052","lightgreen",TRUE,0.000198121664536867,5708,968,334,0.34504132231405,0.0585143658023826,"TF:M10785","TF","Factor: hoxa9; motif: RTCGTWANNN",20092,3916
"3053","lightgreen",TRUE,0.000202534878908266,9628,968,528,0.545454545454545,0.0548400498545908,"TF:M10956","TF","Factor: isx; motif: NTCRTTAA",20092,4574
"3054","lightgreen",TRUE,0.000210426158743657,6721,968,385,0.397727272727273,0.0572831423895254,"TF:M07436","TF","Factor: WT1; motif: NNGGGNGGGSGN",20092,9220
"3055","lightgreen",TRUE,0.000213015813183092,4013,968,246,0.254132231404959,0.0613007724894094,"TF:M04109_1","TF","Factor: RUNX3; motif: NRACCGCAAACCGCAN; match class: 1",20092,7575
"3056","lightgreen",TRUE,0.00021350950958684,1481,968,107,0.110537190082645,0.0722484807562458,"TF:M04194","TF","Factor: TFEB; motif: RNCACGTGAC",20092,8910
"3057","lightgreen",TRUE,0.00021350950958684,5361,968,316,0.326446280991736,0.0589442268233539,"TF:M00178","TF","Factor: CREB; motif: NSTGACGTMANN",20092,1096
"3058","lightgreen",TRUE,0.000214690027264114,18584,968,927,0.957644628099174,0.0498816185966423,"TF:M08568","TF","Factor: ER71:E2A; motif: CASSTGNACCGGAWRYN",20092,2320
"3059","lightgreen",TRUE,0.00021524219996674,10783,968,583,0.602272727272727,0.0540665862932394,"TF:M12158","TF","Factor: KLF15; motif: NCCMCGCCCMCN",20092,4700
"3060","lightgreen",TRUE,0.000228931562997494,3321,968,209,0.215909090909091,0.0629328515507377,"TF:M11384","TF","Factor: ESE-1; motif: ACCCGGAAGTRNNNNNNNWWWWW",20092,1806
"3061","lightgreen",TRUE,0.000228931562997494,2222,968,149,0.153925619834711,0.0670567056705671,"TF:M01165_1","TF","Factor: Elk-1; motif: RACCGGAAGTR; match class: 1",20092,1889
"3062","lightgreen",TRUE,0.000230145933605788,5994,968,348,0.359504132231405,0.0580580580580581,"TF:M07597","TF","Factor: Egr-1; motif: GCGTGGGCGT",20092,1658
"3063","lightgreen",TRUE,0.000230459237565283,2730,968,177,0.182851239669421,0.0648351648351648,"TF:M00024_1","TF","Factor: E2F-1; motif: TWSGCGCGAAAAYKR; match class: 1",20092,1585
"3064","lightgreen",TRUE,0.000237513860871512,1163,968,88,0.0909090909090909,0.0756663800515907,"TF:M03985","TF","Factor: ETV6; motif: NSCGGAAGTR",20092,2386
"3065","lightgreen",TRUE,0.000244469151310417,6176,968,357,0.368801652892562,0.0578044041450777,"TF:M10625","TF","Factor: Nkx3-2; motif: NTCGTTAN",20092,6032
"3066","lightgreen",TRUE,0.000250778754284644,2012,968,137,0.141528925619835,0.0680914512922465,"TF:M02069_1","TF","Factor: Erm; motif: ACCGGAAGTN; match class: 1",20092,2103
"3067","lightgreen",TRUE,0.000252546547426082,5314,968,313,0.323347107438017,0.0589010161836658,"TF:M00469","TF","Factor: AP-2alpha; motif: GCCNNNRGS",20092,130
"3068","lightgreen",TRUE,0.000256208302608205,2644,968,172,0.177685950413223,0.065052950075643,"TF:M07063_1","TF","Factor: Sp1; motif: GGGGCGGGGC; match class: 1",20092,8067
"3069","lightgreen",TRUE,0.000256208302608205,11304,968,607,0.627066115702479,0.0536978060863411,"TF:M11081","TF","Factor: SREBP-1; motif: RTCRCGTGAY",20092,8206
"3070","lightgreen",TRUE,0.000257715217521383,6557,968,376,0.388429752066116,0.0573432972395913,"TF:M13146","TF","Factor: ZNF232; motif: NCAGCASCNNGGNCAGCGCC",20092,9986
"3071","lightgreen",TRUE,0.000262707008830868,3050,968,194,0.200413223140496,0.0636065573770492,"TF:M03791","TF","Factor: GABPalpha_GABPbeta; motif: CTTCCKGY",20092,2972
"3072","lightgreen",TRUE,0.000267625896610643,2628,968,171,0.176652892561983,0.0650684931506849,"TF:M12151_1","TF","Factor: Sp1; motif: NWRGCCMCGCCCMCN; match class: 1",20092,8057
"3073","lightgreen",TRUE,0.000271687197018368,2087,968,141,0.145661157024793,0.0675610924772401,"TF:M03899","TF","Factor: EGR4; motif: NNMCGCCCACGCANNN",20092,1706
"3074","lightgreen",TRUE,0.000274084114641947,11799,968,630,0.650826446280992,0.053394355453852,"TF:M11399_1","TF","Factor: Fli-1; motif: NACCGGAWWTCCGGTY; match class: 1",20092,2537
"3075","lightgreen",TRUE,0.0002782403204523,792,968,65,0.0671487603305785,0.0820707070707071,"TF:M09820_1","TF","Factor: USF2; motif: NNNGGTCACGTGRYNN; match class: 1",20092,9117
"3076","lightgreen",TRUE,0.000295256290010293,13250,968,697,0.72004132231405,0.0526037735849057,"TF:M11399","TF","Factor: Fli-1; motif: NACCGGAWWTCCGGTY",20092,2536
"3077","lightgreen",TRUE,0.000295256290010293,1580,968,112,0.115702479338843,0.0708860759493671,"TF:M11096","TF","Factor: USF2; motif: NNCACGTGACN",20092,9120
"3078","lightgreen",TRUE,0.000296999534361916,1615,968,114,0.117768595041322,0.0705882352941176,"TF:M03966_1","TF","Factor: ELF1; motif: AACCCGGAAGTR; match class: 1",20092,1735
"3079","lightgreen",TRUE,0.000297113021823234,2397,968,158,0.163223140495868,0.065915727993325,"TF:M12682","TF","Factor: USF2; motif: NNNSSYCACGTGACNNNNNNNNNSCN",20092,9124
"3080","lightgreen",TRUE,0.000297113021823234,4091,968,249,0.257231404958678,0.060865314104131,"TF:M12186_1","TF","Factor: BTEB4; motif: NCCACGCCCM; match class: 1",20092,4715
"3081","lightgreen",TRUE,0.000300194501512281,3788,968,233,0.240702479338843,0.0615100316789863,"TF:M03924_1","TF","Factor: YY1; motif: NNCGCCATTNN; match class: 1",20092,9257
"3082","lightgreen",TRUE,0.000310209157780268,1933,968,132,0.136363636363636,0.0682876357992757,"TF:M00050_1","TF","Factor: E2F; motif: TTTSGCGC; match class: 1",20092,1587
"3083","lightgreen",TRUE,0.000312482786538067,2255,968,150,0.15495867768595,0.0665188470066519,"TF:M10098_1","TF","Factor: DP-1; motif: NRNNGGCGGGAANN; match class: 1",20092,8893
"3084","lightgreen",TRUE,0.000315684701368318,1325,968,97,0.100206611570248,0.0732075471698113,"TF:M02056_1","TF","Factor: ELF4; motif: NCCGGAARTN; match class: 1",20092,1813
"3085","lightgreen",TRUE,0.000336550696274833,14006,968,731,0.755165289256198,0.0521919177495359,"TF:M08209","TF","Factor: E2F-3:FOXO6; motif: NAATGACACGCGCCCMC",20092,1518
"3086","lightgreen",TRUE,0.000341372806228244,4540,968,272,0.28099173553719,0.0599118942731277,"TF:M12557","TF","Factor: ETV5; motif: NNACTTCCGNN",20092,2380
"3087","lightgreen",TRUE,0.000348448789517926,8907,968,491,0.507231404958678,0.0551251824407769,"TF:M11395","TF","Factor: Erg; motif: NACCGGAWWTCCGGTN",20092,2092
"3088","lightgreen",TRUE,0.000359236994306688,4524,968,271,0.27995867768595,0.0599027409372237,"TF:M10426_1","TF","Factor: ctcf; motif: CCRSCAGGGGGCGCN; match class: 1",20092,1173
"3089","lightgreen",TRUE,0.000363440673663567,8664,968,479,0.494834710743802,0.055286241920591,"TF:M11218","TF","Factor: CREB1; motif: NRTGAYGCGTN",20092,994
"3090","lightgreen",TRUE,0.000370602508885385,2173,968,145,0.149793388429752,0.0667280257708237,"TF:M07052","TF","Factor: NRF-1; motif: GCGCMTGCGCN",20092,6224
"3091","lightgreen",TRUE,0.000386146842869521,1678,968,117,0.120867768595041,0.0697258641239571,"TF:M12569","TF","Factor: CTCFL; motif: NSCAGGGGGCGS",20092,1146
"3092","lightgreen",TRUE,0.000389295331295796,1113,968,84,0.0867768595041322,0.0754716981132075,"TF:M12542","TF","Factor: MITF; motif: NNNNRTCACGTGAYNNNN",20092,5348
"3093","lightgreen",TRUE,0.000389295331295796,1113,968,84,0.0867768595041322,0.0754716981132075,"TF:M12542_1","TF","Factor: MITF; motif: NNNNRTCACGTGAYNNNN; match class: 1",20092,5349
"3094","lightgreen",TRUE,0.000389295331295796,12298,968,652,0.673553719008264,0.0530167506911693,"TF:M11397","TF","Factor: Erg; motif: NACCGGATATCCGGTN",20092,2096
"3095","lightgreen",TRUE,0.000395777523811523,2832,968,181,0.18698347107438,0.0639124293785311,"TF:M11223_1","TF","Factor: CREB1; motif: NRTGACGTCANN; match class: 1",20092,1005
"3096","lightgreen",TRUE,0.000397204614219106,5326,968,312,0.322314049586777,0.058580548253849,"TF:M08867_1","TF","Factor: AP2; motif: GCCYGSGGSN; match class: 1",20092,157
"3097","lightgreen",TRUE,0.000404371314135125,4359,968,262,0.270661157024793,0.0601055287910071,"TF:M07248","TF","Factor: CREB1; motif: NNNNTGACGTNANNN",20092,1010
"3098","lightgreen",TRUE,0.000407200970196231,6392,968,366,0.378099173553719,0.0572590738423029,"TF:M12153","TF","Factor: Sp3; motif: NGCCACGCCCMCN",20092,8100
"3099","lightgreen",TRUE,0.00040953607109232,5681,968,330,0.340909090909091,0.0580883647245203,"TF:M09971","TF","Factor: GKLF; motif: WGGGYGKGGC",20092,3286
"3100","lightgreen",TRUE,0.00040953607109232,2577,968,167,0.172520661157025,0.0648040357004269,"TF:M12183_1","TF","Factor: KLF14; motif: NRCCACRCCCMCN; match class: 1",20092,4693
"3101","lightgreen",TRUE,0.000411936730107079,1507,968,107,0.110537190082645,0.0710019907100199,"TF:M02073_1","TF","Factor: Fli-1; motif: ACCGGAAGYN; match class: 1",20092,2521
"3102","lightgreen",TRUE,0.000411936730107079,1335,968,97,0.100206611570248,0.0726591760299626,"TF:M12742_1","TF","Factor: ZNF93; motif: GGYAGCRGCAGCGGYG; match class: 1",20092,11915
"3103","lightgreen",TRUE,0.000416310928969657,2946,968,187,0.193181818181818,0.0634758995247794,"TF:M11223","TF","Factor: CREB1; motif: NRTGACGTCANN",20092,1004
"3104","lightgreen",TRUE,0.000423650516879459,8800,968,485,0.50103305785124,0.0551136363636364,"TF:M04863_1","TF","Factor: TF3C-beta; motif: CCNGGAGGGCTTCCTGGAGGAG; match class: 1",20092,3427
"3105","lightgreen",TRUE,0.000429314116096401,3848,968,235,0.242768595041322,0.0610706860706861,"TF:M08221_1","TF","Factor: Elk-1:HOXA3; motif: NCCGGAAATKR; match class: 1",20092,1861
"3106","lightgreen",TRUE,0.000430803445664115,1371,968,99,0.102272727272727,0.0722100656455142,"TF:M12166","TF","Factor: CPBP; motif: NGCCACGCCCN",20092,968
"3107","lightgreen",TRUE,0.000432985501490089,7237,968,408,0.421487603305785,0.0563769517755976,"TF:M08982","TF","Factor: YY1; motif: NAANATGGCGNNN",20092,9264
"3108","lightgreen",TRUE,0.000449267793094235,2309,968,152,0.15702479338843,0.0658293633607622,"TF:M11433_1","TF","Factor: Elk-1; motif: NRCCGGAAGTN; match class: 1",20092,1901
"3109","lightgreen",TRUE,0.000454168071924203,13132,968,690,0.712809917355372,0.0525434054218702,"TF:M13128","TF","Factor: MED8; motif: CYYNSCYYCCTSCNCC",20092,5170
"3110","lightgreen",TRUE,0.000455032000323348,7928,968,442,0.456611570247934,0.0557517658930373,"TF:M10591","TF","Factor: BSX; motif: NNCGTTAN",20092,626
"3111","lightgreen",TRUE,0.000460414933627545,4081,968,247,0.255165289256198,0.0605243812790983,"TF:M07312","TF","Factor: ATF-2; motif: NNTGACGTCAN",20092,300
"3112","lightgreen",TRUE,0.000460414933627545,4599,968,274,0.283057851239669,0.0595781691672103,"TF:M00793","TF","Factor: YY1; motif: GCCATNTTN",20092,9278
"3113","lightgreen",TRUE,0.000471373764892755,9863,968,536,0.553719008264463,0.0543445199229443,"TF:M11221","TF","Factor: CREB1; motif: RTGACGYGTCAN",20092,1000
"3114","lightgreen",TRUE,0.000502137697540277,2206,968,146,0.150826446280992,0.0661831368993654,"TF:M11179","TF","Factor: ASH-2; motif: ACACGACGCN",20092,272
"3115","lightgreen",TRUE,0.000507655232952134,2957,968,187,0.193181818181818,0.0632397700371999,"TF:M09913","TF","Factor: ER81; motif: NNCCGGAAGYG",20092,2008
"3116","lightgreen",TRUE,0.000510961531924028,4394,968,263,0.271694214876033,0.0598543468365954,"TF:M00800_1","TF","Factor: AP-2; motif: GSCCSCRGGCNRNRNN; match class: 1",20092,155
"3117","lightgreen",TRUE,0.000510961531924028,6529,968,372,0.384297520661157,0.0569765660897534,"TF:M00237","TF","Factor: AhR:Arnt; motif: GRGKATYGCGTGMCWNSCC",20092,14
"3118","lightgreen",TRUE,0.000519672518964008,12022,968,638,0.659090909090909,0.0530693728165031,"TF:M11397_1","TF","Factor: Erg; motif: NACCGGATATCCGGTN; match class: 1",20092,2097
"3119","lightgreen",TRUE,0.000533896797426804,8144,968,452,0.466942148760331,0.0555009823182711,"TF:M11395_1","TF","Factor: Erg; motif: NACCGGAWWTCCGGTN; match class: 1",20092,2093
"3120","lightgreen",TRUE,0.000547439450499713,10000,968,542,0.559917355371901,0.0542,"TF:M04109","TF","Factor: RUNX3; motif: NRACCGCAAACCGCAN",20092,7574
"3121","lightgreen",TRUE,0.000548148136015766,5115,968,300,0.309917355371901,0.0586510263929619,"TF:M00113","TF","Factor: CREB; motif: NNGNTGACGTNN",20092,1088
"3122","lightgreen",TRUE,0.000559197196591627,7985,968,444,0.458677685950413,0.0556042579837195,"TF:M00032","TF","Factor: c-Ets-1(p54); motif: NCMGGAWGYN",20092,832
"3123","lightgreen",TRUE,0.000562049504137179,2284,968,150,0.15495867768595,0.0656742556917688,"TF:M00017_1","TF","Factor: ATF; motif: CNSTGACGTNNNYC; match class: 1",20092,375
"3124","lightgreen",TRUE,0.000562661839540965,4806,968,284,0.293388429752066,0.0590928006658344,"TF:M09603","TF","Factor: Egr-1; motif: NNNNNGYGKGGGNGGGNN",20092,1660
"3125","lightgreen",TRUE,0.00056610506683491,2158,968,143,0.147727272727273,0.0662650602409639,"TF:M09868_1","TF","Factor: ATF-3; motif: GGTSACGTGAN; match class: 1",20092,305
"3126","lightgreen",TRUE,0.000573246043866653,638,968,54,0.0557851239669422,0.0846394984326019,"TF:M01744","TF","Factor: REX1; motif: AANATGGCKGCN",20092,7378
"3127","lightgreen",TRUE,0.000601325003841969,1453,968,103,0.106404958677686,0.0708878183069511,"TF:M08213_1","TF","Factor: Elk-1:TBR2; motif: TNRCACCGGAAGN; match class: 1",20092,1847
"3128","lightgreen",TRUE,0.000607741317694143,3908,968,237,0.244834710743802,0.0606448311156602,"TF:M00338","TF","Factor: ATF; motif: NTGACGTCANYS",20092,376
"3129","lightgreen",TRUE,0.000641038697355264,2218,968,146,0.150826446280992,0.0658250676284941,"TF:M10105","TF","Factor: USF1; motif: NGTCACGTGRNS",20092,9098
"3130","lightgreen",TRUE,0.000674168553494084,5403,968,314,0.324380165289256,0.0581158615583935,"TF:M11877_1","TF","Factor: pax-2; motif: NCGTCACGCNYSRNYGCNYN; match class: 1",20092,6517
"3131","lightgreen",TRUE,0.000684952550004762,13056,968,685,0.707644628099174,0.0524662990196078,"TF:M07486","TF","Factor: ZNF300; motif: SWGGGGGSN",20092,10192
"3132","lightgreen",TRUE,0.000689842538848325,1668,968,115,0.118801652892562,0.0689448441247002,"TF:M04571","TF","Factor: TFEC; motif: RNCACRTGAY",20092,8916
"3133","lightgreen",TRUE,0.000696411274407889,1988,968,133,0.137396694214876,0.0669014084507042,"TF:M12153_1","TF","Factor: Sp3; motif: NGCCACGCCCMCN; match class: 1",20092,8101
"3134","lightgreen",TRUE,0.000704334389694773,2994,968,188,0.194214876033058,0.0627922511690047,"TF:M09834_1","TF","Factor: ZNF148; motif: NNNNNNCCNNCCCCTCCCCCACCCN; match class: 1",20092,9777
"3135","lightgreen",TRUE,0.000708435590716133,1564,968,109,0.112603305785124,0.069693094629156,"TF:M11432_1","TF","Factor: Elk-1; motif: NACMGGAAGTN; match class: 1",20092,1899
"3136","lightgreen",TRUE,0.000713206134126418,19042,968,942,0.973140495867769,0.0494695935300914,"TF:M01822_1","TF","Factor: CPBP; motif: SNCCCNN; match class: 1",20092,973
"3137","lightgreen",TRUE,0.000725249372577056,6277,968,358,0.369834710743802,0.0570336147841325,"TF:M08341","TF","Factor: HOXB2:Elk-1; motif: TAATKRCCGGAAGTN",20092,3960
"3138","lightgreen",TRUE,0.00073901467151369,445,968,41,0.0423553719008264,0.0921348314606742,"TF:M12310","TF","Factor: ZNF597; motif: NGCCGCCATTTTGN",20092,11068
"3139","lightgreen",TRUE,0.000747707259967938,10172,968,549,0.567148760330578,0.0539716869838773,"TF:M01865","TF","Factor: BTEB3; motif: BNRNGGGAGGNGT",20092,652
"3140","lightgreen",TRUE,0.000766995672768192,7524,968,420,0.433884297520661,0.0558213716108453,"TF:M00245","TF","Factor: Egr-3; motif: NTGCGTGGGCGK",20092,1692
"3141","lightgreen",TRUE,0.000766995672768192,2227,968,146,0.150826446280992,0.0655590480466996,"TF:M00032_1","TF","Factor: c-Ets-1(p54); motif: NCMGGAWGYN; match class: 1",20092,833
"3142","lightgreen",TRUE,0.000773457958234414,3205,968,199,0.205578512396694,0.0620904836193448,"TF:M09866","TF","Factor: ATF-1; motif: NNRTGACGYMA",20092,276
"3143","lightgreen",TRUE,0.000800029444400322,3076,968,192,0.198347107438017,0.0624187256176853,"TF:M07397_1","TF","Factor: ZBP89; motif: CCCCKCCCCCNN; match class: 1",20092,9315
"3144","lightgreen",TRUE,0.000808241586025012,1728,968,118,0.121900826446281,0.068287037037037,"TF:M00939_1","TF","Factor: E2F; motif: TTTSGCGSG; match class: 1",20092,1601
"3145","lightgreen",TRUE,0.000821708426758008,7368,968,412,0.425619834710744,0.0559174809989142,"TF:M02023","TF","Factor: MAZ; motif: NKGGGAGGGGRGGR",20092,5158
"3146","lightgreen",TRUE,0.000877538239460284,4180,968,250,0.258264462809917,0.0598086124401914,"TF:M03544","TF","Factor: CREB1; motif: NNNNACGTCANN",20092,1012
"3147","lightgreen",TRUE,0.000881649255585862,2951,968,185,0.191115702479339,0.0626906133514063,"TF:M12152_1","TF","Factor: Sp1; motif: NWRGCCACGCCCMCN; match class: 1",20092,8059
"3148","lightgreen",TRUE,0.00088434409486216,9562,968,519,0.536157024793388,0.0542773478351809,"TF:M12591_1","TF","Factor: CREB1; motif: NNNNSSGGCGCSSNNNNRTGACGTCAC; match class: 1",20092,1009
"3149","lightgreen",TRUE,0.000885690058145386,4085,968,245,0.253099173553719,0.0599755201958384,"TF:M01588_1","TF","Factor: GKLF; motif: GCCMCRCCCNNN; match class: 1",20092,3285
"3150","lightgreen",TRUE,0.000926128250837305,1628,968,112,0.115702479338843,0.0687960687960688,"TF:M11419_1","TF","Factor: ER81; motif: NNCCGGAWGYN; match class: 1",20092,2013
"3151","lightgreen",TRUE,0.000953098919495653,10234,968,551,0.569214876033058,0.0538401407074458,"TF:M11478","TF","Factor: AP-2beta; motif: NSCCNNNGGSN",20092,8804
"3152","lightgreen",TRUE,0.000986568634688748,7787,968,432,0.446280991735537,0.0554770771799152,"TF:M01100","TF","Factor: LRF; motif: GGGGKYNNB",20092,4952
"3153","lightgreen",TRUE,0.00100452941599694,8953,968,489,0.505165289256198,0.0546185636099631,"TF:M04953","TF","Factor: Sp1; motif: GGNDGGRGGCGGGG",20092,8046
"3154","lightgreen",TRUE,0.00100824659443768,6322,968,359,0.370867768595041,0.0567858272698513,"TF:M12969","TF","Factor: PAX2; motif: NCANTSRAGCGTGACGR",20092,6518
"3155","lightgreen",TRUE,0.00102541541325379,2187,968,143,0.147727272727273,0.0653863740283493,"TF:M03896_1","TF","Factor: EGR1; motif: NACGCCCACGCANW; match class: 1",20092,1647
"3156","lightgreen",TRUE,0.00106436605174452,468,968,42,0.0433884297520661,0.0897435897435897,"TF:M04694_1","TF","Factor: NRF-1; motif: CNCTGCGCATGCGC; match class: 1",20092,6219
"3157","lightgreen",TRUE,0.0010753764222807,3037,968,189,0.195247933884298,0.0622324662495884,"TF:M07348_1","TF","Factor: AP-2alpha; motif: NSCCNCRGGSN; match class: 1",20092,137
"3158","lightgreen",TRUE,0.00108584416243451,865,968,67,0.0692148760330579,0.0774566473988439,"TF:M10018_1","TF","Factor: NRF-1; motif: CNSTGCGCATGCGCNNS; match class: 1",20092,6223
"3159","lightgreen",TRUE,0.00112651274422826,2705,968,171,0.176652892561983,0.0632162661737523,"TF:M04932","TF","Factor: Sp2; motif: AAGGGGCGG",20092,8076
"3160","lightgreen",TRUE,0.00112651274422826,4505,968,266,0.274793388429752,0.0590455049944506,"TF:M12703_1","TF","Factor: ZNF383; motif: SSNGGGMGGNGSNGGS; match class: 1",20092,10409
"3161","lightgreen",TRUE,0.00113943685268471,7112,968,398,0.411157024793388,0.0559617547806524,"TF:M11271","TF","Factor: JunD; motif: NRTGACGCAYN",20092,4648
"3162","lightgreen",TRUE,0.00115446847901402,6552,968,370,0.382231404958678,0.0564713064713065,"TF:M00040_1","TF","Factor: ATF-2; motif: TTACGTAA; match class: 1",20092,1083
"3163","lightgreen",TRUE,0.00115446847901402,5995,968,342,0.353305785123967,0.057047539616347,"TF:M11438","TF","Factor: SAP-1; motif: NTCGTAAATGCN",20092,1938
"3164","lightgreen",TRUE,0.00117489202571273,6994,968,392,0.40495867768595,0.0560480411781527,"TF:M00040","TF","Factor: ATF-2; motif: TTACGTAA",20092,1082
"3165","lightgreen",TRUE,0.00119234404138787,1906,968,127,0.131198347107438,0.0666316894018888,"TF:M07409_1","TF","Factor: BTEB2; motif: GCCCCRCCCH; match class: 1",20092,4745
"3166","lightgreen",TRUE,0.00119276175843516,10337,968,555,0.573347107438017,0.0536906259069362,"TF:M08867","TF","Factor: AP2; motif: GCCYGSGGSN",20092,156
"3167","lightgreen",TRUE,0.00122938802787969,6577,968,371,0.383264462809917,0.0564086969743044,"TF:M12592","TF","Factor: CREM; motif: NRTGACGYMA",20092,1112
"3168","lightgreen",TRUE,0.00124685971053571,4223,968,251,0.259297520661157,0.0594364196069145,"TF:M04953_1","TF","Factor: Sp1; motif: GGNDGGRGGCGGGG; match class: 1",20092,8047
"3169","lightgreen",TRUE,0.00126932593845174,1379,968,97,0.100206611570248,0.0703408266860043,"TF:M09603_1","TF","Factor: Egr-1; motif: NNNNNGYGKGGGNGGGNN; match class: 1",20092,1661
"3170","lightgreen",TRUE,0.00127758762866765,1037,968,77,0.0795454545454545,0.0742526518804243,"TF:M03979","TF","Factor: ETV1; motif: ACCGGAAGTN",20092,2252
"3171","lightgreen",TRUE,0.00130862765311705,1021,968,76,0.0785123966942149,0.0744368266405485,"TF:M02074_1","TF","Factor: GABPalpha; motif: RCCGGAWRYN; match class: 1",20092,2975
"3172","lightgreen",TRUE,0.00132513782960113,2401,968,154,0.159090909090909,0.0641399416909621,"TF:M09670","TF","Factor: USF2; motif: NGGTCACGTGNNSNNNNNN",20092,9114
"3173","lightgreen",TRUE,0.0013526810408082,9889,968,533,0.550619834710744,0.053898270805946,"TF:M08458","TF","Factor: Erm:C/EBPdelta; motif: RSCGGAWRTTGCGYAAY",20092,2350
"3174","lightgreen",TRUE,0.00135692537444111,6685,968,376,0.388429752066116,0.056245325355273,"TF:M04146","TF","Factor: TFAP2A; motif: YGCCCNNRGGCN",20092,8778
"3175","lightgreen",TRUE,0.00135908741534704,4907,968,286,0.295454545454545,0.0582840839616874,"TF:M11528_1","TF","Factor: E2F-2; motif: NTTTTGGCGCCAWWWN; match class: 1",20092,1505
"3176","lightgreen",TRUE,0.00138632306196138,2239,968,145,0.149793388429752,0.064761054041983,"TF:M13367","TF","Factor: ZBTB11; motif: CACTTCCGG",20092,9330
"3177","lightgreen",TRUE,0.00139175573403227,5516,968,317,0.327479338842975,0.0574691805656273,"TF:M00243","TF","Factor: Egr-1; motif: WTGCGTGGGCGK",20092,1642
"3178","lightgreen",TRUE,0.00148765207380273,8045,968,443,0.457644628099174,0.0550652579241765,"TF:M00322","TF","Factor: c-Myc:Max; motif: GCCAYGYGSN",20092,5554
"3179","lightgreen",TRUE,0.00149432947726359,1230,968,88,0.0909090909090909,0.0715447154471545,"TF:M03990_1","TF","Factor: GABPA; motif: ACCGGAAGTN; match class: 1",20092,2977
"3180","lightgreen",TRUE,0.00151940029297055,1369,968,96,0.0991735537190083,0.0701241782322863,"TF:M12969_1","TF","Factor: PAX2; motif: NCANTSRAGCGTGACGR; match class: 1",20092,6519
"3181","lightgreen",TRUE,0.00156551466124277,1440,968,100,0.103305785123967,0.0694444444444444,"TF:M09967_1","TF","Factor: AP-2rep; motif: NGGGGCGGGGC; match class: 1",20092,153
"3182","lightgreen",TRUE,0.00156551466124277,4606,968,270,0.278925619834711,0.0586191923577942,"TF:M10849_1","TF","Factor: Cdx-2; motif: NRTCGTAANNNN; match class: 1",20092,701
"3183","lightgreen",TRUE,0.00161025930508036,6399,968,361,0.372933884297521,0.0564150648538834,"TF:M10727","TF","Factor: HOXB8; motif: RTCRTTAN",20092,4060
"3184","lightgreen",TRUE,0.00167409790001677,879,968,67,0.0692148760330579,0.0762229806598407,"TF:M12557_1","TF","Factor: ETV5; motif: NNACTTCCGNN; match class: 1",20092,2381
"3185","lightgreen",TRUE,0.00167974471815655,5059,968,293,0.302685950413223,0.0579165843051987,"TF:M07065","TF","Factor: STAT3; motif: TTCYGGGAAN",20092,8336
"3186","lightgreen",TRUE,0.00170094835051554,863,968,66,0.0681818181818182,0.0764774044032445,"TF:M09670_1","TF","Factor: USF2; motif: NGGTCACGTGNNSNNNNNN; match class: 1",20092,9115
"3187","lightgreen",TRUE,0.00172397318938311,464,968,41,0.0423553719008264,0.0883620689655172,"TF:M11437_1","TF","Factor: SAP-1; motif: NRCCGGAWGYN; match class: 1",20092,1937
"3188","lightgreen",TRUE,0.00190563963537495,1589,968,108,0.111570247933884,0.0679672750157332,"TF:M02053_1","TF","Factor: ELF1; motif: NCCGGAARTN; match class: 1",20092,1843
"3189","lightgreen",TRUE,0.00192699613287143,6433,968,362,0.37396694214876,0.0562723457173947,"TF:M11022_1","TF","Factor: IRX2a; motif: ACRYGNNNNACRYGT; match class: 1",20092,4539
"3190","lightgreen",TRUE,0.0019378356338519,4874,968,283,0.292355371900826,0.0580631924497333,"TF:M12704_1","TF","Factor: ZNF432; motif: NCAGNRCCNSRGRCAGC; match class: 1",20092,10537
"3191","lightgreen",TRUE,0.00195110502489331,1052,968,77,0.0795454545454545,0.0731939163498099,"TF:M04059_1","TF","Factor: NRF-1; motif: YGCGCATGCGCN; match class: 1",20092,6217
"3192","lightgreen",TRUE,0.00200212691429044,2943,968,182,0.18801652892562,0.0618416581719334,"TF:M10529_1","TF","Factor: Sp1; motif: RGGGMGGRGSNGGGG; match class: 1",20092,8055
"3193","lightgreen",TRUE,0.00206414552144636,1054,968,77,0.0795454545454545,0.0730550284629981,"TF:M01273_1","TF","Factor: SP4; motif: SCCCCGCCCCS; match class: 1",20092,8119
"3194","lightgreen",TRUE,0.00206573683183954,1575,968,107,0.110537190082645,0.0679365079365079,"TF:M00919_1","TF","Factor: E2F; motif: NCSCGCSAAAN; match class: 1",20092,1599
"3195","lightgreen",TRUE,0.00206742072712434,689,968,55,0.0568181818181818,0.0798258345428157,"TF:M04679_1","TF","Factor: USF2; motif: GTCACGTGA; match class: 1",20092,9109
"3196","lightgreen",TRUE,0.00211974451242366,6721,968,376,0.388429752066116,0.0559440559440559,"TF:M11535_1","TF","Factor: E2F-4; motif: TTTTGGCGCCAWWN; match class: 1",20092,1553
"3197","lightgreen",TRUE,0.00212331853461852,3078,968,189,0.195247933884298,0.0614035087719298,"TF:M12085_1","TF","Factor: ZNF501; motif: NNNCSACGCGAACAC; match class: 1",20092,10735
"3198","lightgreen",TRUE,0.00213368288229589,5746,968,327,0.337809917355372,0.0569091541942221,"TF:M07612","TF","Factor: PSF; motif: KWATCCGN",20092,7220
"3199","lightgreen",TRUE,0.00213708203800404,2280,968,146,0.150826446280992,0.0640350877192983,"TF:M11048","TF","Factor: BMAL1; motif: RTCAYGTGMN",20092,212
"3200","lightgreen",TRUE,0.00213900183335052,1630,968,110,0.113636363636364,0.0674846625766871,"TF:M12140_1","TF","Factor: Egr-1; motif: NNCRCCCMCGCNN; match class: 1",20092,1669
"3201","lightgreen",TRUE,0.0021578543815913,2244,968,144,0.148760330578512,0.0641711229946524,"TF:M08345_1","TF","Factor: HOXB2:PEA3; motif: ACCGGAAATGRN; match class: 1",20092,3971
"3202","lightgreen",TRUE,0.00216118750686768,1039,968,76,0.0785123966942149,0.0731472569778633,"TF:M01111","TF","Factor: RBP-Jkappa; motif: TTCCCACK",20092,7322
"3203","lightgreen",TRUE,0.0022623800943956,4091,968,242,0.25,0.0591542410168663,"TF:M08911_1","TF","Factor: CTCF; motif: NCCRSTAGGGGGCGC; match class: 1",20092,1163
"3204","lightgreen",TRUE,0.00229531636422986,12041,968,633,0.653925619834711,0.0525703845195582,"TF:M08418","TF","Factor: TEF-3:Elk-1; motif: RMATWCCGGAWGT",20092,8678
"3205","lightgreen",TRUE,0.00230672544874283,8246,968,451,0.465909090909091,0.0546931845743391,"TF:M08894","TF","Factor: OVOL; motif: ANRTAACGG",20092,6444
"3206","lightgreen",TRUE,0.00231774704397932,2011,968,131,0.135330578512397,0.0651417205370462,"TF:M07233","TF","Factor: USF1; motif: NNCAYGTGACC",20092,9096
"3207","lightgreen",TRUE,0.00245849839418781,9900,968,531,0.548553719008264,0.0536363636363636,"TF:M00915","TF","Factor: AP-2; motif: SNNNCCNCAGGCN",20092,160
"3208","lightgreen",TRUE,0.00247566542651217,9610,968,517,0.534090909090909,0.0537981269510926,"TF:M00649","TF","Factor: MAZ; motif: GGGGAGGG",20092,5156
"3209","lightgreen",TRUE,0.00248443497947873,10318,968,551,0.569214876033058,0.0534018220585385,"TF:M12704","TF","Factor: ZNF432; motif: NCAGNRCCNSRGRCAGC",20092,10536
"3210","lightgreen",TRUE,0.0025628973628698,4467,968,261,0.269628099173554,0.058428475486904,"TF:M12156","TF","Factor: Sp2; motif: NTAAGYCCCGCCCMCTN",20092,8090
"3211","lightgreen",TRUE,0.0025859205116842,712,968,56,0.0578512396694215,0.0786516853932584,"TF:M11356","TF","Factor: c-MAF; motif: NYGCTGACN",20092,906
"3212","lightgreen",TRUE,0.00259930128333598,13972,968,722,0.745867768595041,0.0516747781276839,"TF:M04863","TF","Factor: TF3C-beta; motif: CCNGGAGGGCTTCCTGGAGGAG",20092,3426
"3213","lightgreen",TRUE,0.00264357643748401,1445,968,99,0.102272727272727,0.0685121107266436,"TF:M07139","TF","Factor: USF2; motif: RYCAYGTGACY",20092,9112
"3214","lightgreen",TRUE,0.00264608458556943,7102,968,394,0.40702479338843,0.0554773303294847,"TF:M12275","TF","Factor: YY1; motif: NGCCGCCATYTTGN",20092,9272
"3215","lightgreen",TRUE,0.00264608458556943,9637,968,518,0.535123966942149,0.0537511673757393,"TF:M09862","TF","Factor: ZNF614; motif: NCYCWGCCYYNNN",20092,11116
"3216","lightgreen",TRUE,0.00275493862927007,617,968,50,0.0516528925619835,0.0810372771474878,"TF:M11049","TF","Factor: BMAL1; motif: RTCACGTGNN",20092,214
"3217","lightgreen",TRUE,0.00283321457007234,6826,968,380,0.392561983471074,0.0556694989745092,"TF:M13149_1","TF","Factor: ZNF219; motif: SNNCAGCACCNNGGNCAGCGSC; match class: 1",20092,9923
"3218","lightgreen",TRUE,0.00284310315822997,6286,968,353,0.364669421487603,0.0561565383391664,"TF:M12273","TF","Factor: YY1; motif: GGCSGCCATTTTGN",20092,9270
"3219","lightgreen",TRUE,0.00289639682129519,2966,968,182,0.18801652892562,0.0613621038435603,"TF:M00981_1","TF","Factor: CREB,; motif: NTGACGTNA; match class: 1",20092,1079
"3220","lightgreen",TRUE,0.00293213099905813,4691,968,272,0.28099173553719,0.0579833724152633,"TF:M00915_1","TF","Factor: AP-2; motif: SNNNCCNCAGGCN; match class: 1",20092,161
"3221","lightgreen",TRUE,0.00298912823459209,1000,968,73,0.0754132231404959,0.073,"TF:M01593_1","TF","Factor: Zfx; motif: SNSCAGGCCKCGSCSS; match class: 1",20092,9597
"3222","lightgreen",TRUE,0.00298912823459209,983,968,72,0.0743801652892562,0.0732451678535097,"TF:M03974","TF","Factor: ERF; motif: ACCGGAAGTR",20092,2068
"3223","lightgreen",TRUE,0.00299789175236317,3727,968,222,0.229338842975207,0.0595653340488328,"TF:M07617","TF","Factor: Sp4; motif: SCCCCKCCCCCSN",20092,8116
"3224","lightgreen",TRUE,0.00300559372394413,5774,968,327,0.337809917355372,0.0566331832351922,"TF:M09984_1","TF","Factor: MAZ; motif: GGGGGAGGGGGNGRGRRRGNRG; match class: 1",20092,5149
"3225","lightgreen",TRUE,0.00301407611644452,2595,968,162,0.167355371900826,0.0624277456647399,"TF:M12184","TF","Factor: KLF14; motif: NRCCACGCCCMCN",20092,4694
"3226","lightgreen",TRUE,0.00310798062102,850,968,64,0.0661157024793388,0.0752941176470588,"TF:M05318","TF","Factor: KLF8; motif: NGGGCGGGGG",20092,4748
"3227","lightgreen",TRUE,0.00310798062102,850,968,64,0.0661157024793388,0.0752941176470588,"TF:M05319","TF","Factor: KLF7; motif: NGGGCGGGGG",20092,4746
"3228","lightgreen",TRUE,0.0031709603914967,7928,968,434,0.448347107438017,0.0547426841574168,"TF:M04696","TF","Factor: YY1; motif: GCCGCCATNTTGNNNNNGGNCN",20092,9258
"3229","lightgreen",TRUE,0.00329621862601771,1993,968,129,0.133264462809917,0.0647265429001505,"TF:M11307_1","TF","Factor: ATF-2; motif: NNTGACGTMANN; match class: 1",20092,289
"3230","lightgreen",TRUE,0.00334591557452859,285,968,28,0.0289256198347107,0.0982456140350877,"TF:M12534_1","TF","Factor: USF2; motif: NNGTCATGTGACNN; match class: 1",20092,9123
"3231","lightgreen",TRUE,0.00337912919826171,496,968,42,0.0433884297520661,0.0846774193548387,"TF:M10129","TF","Factor: Staf; motif: NGCMTKCTGGGARWTGTAGTYY",20092,8298
"3232","lightgreen",TRUE,0.00338267565622808,1333,968,92,0.0950413223140496,0.0690172543135784,"TF:M11389","TF","Factor: elf5; motif: GAMCCGGAAGTN",20092,1840
"3233","lightgreen",TRUE,0.00344896242939776,8221,968,448,0.462809917355372,0.0544945870332076,"TF:M08345","TF","Factor: HOXB2:PEA3; motif: ACCGGAAATGRN",20092,3970
"3234","lightgreen",TRUE,0.00344896242939776,5390,968,307,0.317148760330579,0.0569573283858998,"TF:M01299","TF","Factor: MECP2; motif: CCGGNNTTWA",20092,5168
"3235","lightgreen",TRUE,0.00351117891682368,10874,968,576,0.59504132231405,0.0529703880816627,"TF:M08993","TF","Factor: ZNF777; motif: GTCCGYCCCGTCSAACAAT",20092,11638
"3236","lightgreen",TRUE,0.0035583521104361,8081,968,441,0.455578512396694,0.0545724539042198,"TF:M11081_1","TF","Factor: SREBP-1; motif: RTCRCGTGAY; match class: 1",20092,8207
"3237","lightgreen",TRUE,0.00359404071607223,1007,968,73,0.0754132231404959,0.0724925521350546,"TF:M09607_1","TF","Factor: SAP-1; motif: ACCGGAAGTNN; match class: 1",20092,1931
"3238","lightgreen",TRUE,0.00361411633785576,10625,968,564,0.582644628099174,0.0530823529411765,"TF:M02057","TF","Factor: Elf5; motif: CSMGGAARNN",20092,1828
"3239","lightgreen",TRUE,0.00361590934353994,16066,968,815,0.841942148760331,0.0507282459853106,"TF:M11381","TF","Factor: ESE-1; motif: SATKGCGGATGCN",20092,1800
"3240","lightgreen",TRUE,0.00365962754871364,2831,968,174,0.179752066115702,0.0614623807841752,"TF:M11217","TF","Factor: CREB1; motif: NRTGACGYN",20092,992
"3241","lightgreen",TRUE,0.00365962754871364,839,968,63,0.0650826446280992,0.0750893921334922,"TF:M12157_1","TF","Factor: KLF15; motif: RCCACGCCCCCC; match class: 1",20092,4699
"3242","lightgreen",TRUE,0.00371521926978687,3171,968,192,0.198347107438017,0.0605487228003784,"TF:M08229_1","TF","Factor: Elk-1:SREBP-2; motif: RTCACGTGACCGGAAGN; match class: 1",20092,1877
"3243","lightgreen",TRUE,0.00371521926978687,5357,968,305,0.315082644628099,0.0569348515960426,"TF:M08418_1","TF","Factor: TEF-3:Elk-1; motif: RMATWCCGGAWGT; match class: 1",20092,8679
"3244","lightgreen",TRUE,0.0039638902681725,742,968,57,0.0588842975206612,0.0768194070080863,"TF:M04287_1","TF","Factor: BARHL2; motif: NNTAAAYGNN; match class: 1",20092,419
"3245","lightgreen",TRUE,0.00402318210849182,2408,968,151,0.15599173553719,0.0627076411960133,"TF:M09966","TF","Factor: Kaiso; motif: SARNYCTCGCGAGAN",20092,9372
"3246","lightgreen",TRUE,0.00405424247509163,1500,968,101,0.104338842975207,0.0673333333333333,"TF:M04059","TF","Factor: NRF-1; motif: YGCGCATGCGCN",20092,6216
"3247","lightgreen",TRUE,0.00410572793557836,6899,968,382,0.394628099173554,0.0553703435280475,"TF:M11482","TF","Factor: AP-2gamma; motif: NSCCYNNRGSN",20092,8838
"3248","lightgreen",TRUE,0.00416971790188534,6000,968,337,0.348140495867769,0.0561666666666667,"TF:M08470","TF","Factor: Fli-1:Dlx-2; motif: RNCGGAARYAATTA",20092,2502
"3249","lightgreen",TRUE,0.00419847205492678,1325,968,91,0.0940082644628099,0.0686792452830189,"TF:M11406","TF","Factor: Pet-1; motif: NACCGGAAGTN",20092,2466
"3250","lightgreen",TRUE,0.004305747033635,7024,968,388,0.400826446280992,0.0552391799544419,"TF:M00327_1","TF","Factor: Pax-3; motif: NNNNNNCGTCACGSTYNNNNN; match class: 1",20092,6541
"3251","lightgreen",TRUE,0.00440725994111488,1845,968,120,0.12396694214876,0.0650406504065041,"TF:M05327_1","TF","Factor: WT1; motif: NGCGGGGGGGTSMMCYN; match class: 1",20092,9217
"3252","lightgreen",TRUE,0.00442549589356547,2137,968,136,0.140495867768595,0.0636406176883482,"TF:M11307","TF","Factor: ATF-2; motif: NNTGACGTMANN",20092,288
"3253","lightgreen",TRUE,0.0044476520335258,4373,968,254,0.262396694214876,0.0580836954036131,"TF:M09897","TF","Factor: Egr-1; motif: NNNNGCGKGGGYGGNRN",20092,1664
"3254","lightgreen",TRUE,0.00454521832314622,1016,968,73,0.0754132231404959,0.0718503937007874,"TF:M09641_1","TF","Factor: NRF-1; motif: SYGCGCMTGCGCRNNGSN; match class: 1",20092,6221
"3255","lightgreen",TRUE,0.00456064022607015,3930,968,231,0.238636363636364,0.0587786259541985,"TF:M08298_1","TF","Factor: FOXO1A:Elk-1; motif: RCCGGAWGTTNTN; match class: 1",20092,2815
"3256","lightgreen",TRUE,0.00465827111836712,5021,968,287,0.296487603305785,0.0571599283011352,"TF:M12165","TF","Factor: BTEB2; motif: NCCACRCCCN",20092,636
"3257","lightgreen",TRUE,0.0046685372838474,1830,968,119,0.122933884297521,0.0650273224043716,"TF:M04196","TF","Factor: USF1; motif: RNCACGTGAY",20092,9094
"3258","lightgreen",TRUE,0.00484198272513729,6252,968,349,0.360537190082645,0.0558221369161868,"TF:M10578","TF","Factor: Barhl-1; motif: NTAAACGN",20092,412
"3259","lightgreen",TRUE,0.00496397939601997,522,968,43,0.0444214876033058,0.0823754789272031,"TF:M06850","TF","Factor: ZNF96; motif: NGGWRCGGAGGA",20092,11920
"3260","lightgreen",TRUE,0.00497473015297403,4987,968,285,0.294421487603306,0.0571485863244436,"TF:M10632","TF","Factor: Nkx2-8; motif: STCGTTGAN",20092,6006
"3261","lightgreen",TRUE,0.00499216099115012,3457,968,206,0.212809917355372,0.0595892392247614,"TF:M08461","TF","Factor: Erm:EVX1; motif: NNCGGAAATKR",20092,2362
"3262","lightgreen",TRUE,0.0050320058468885,2701,968,166,0.171487603305785,0.0614587189929656,"TF:M08880","TF","Factor: ERG; motif: MNNSNGGAAG",20092,2100
"3263","lightgreen",TRUE,0.00519117492019862,2386,968,149,0.153925619834711,0.0624476110645432,"TF:M00341_1","TF","Factor: GABP; motif: VCCGGAAGNGCR; match class: 1",20092,3001
"3264","lightgreen",TRUE,0.0052249529868182,2220,968,140,0.144628099173554,0.0630630630630631,"TF:M03922_1","TF","Factor: SP4; motif: NWRGCCACGCCCMCTYN; match class: 1",20092,8109
"3265","lightgreen",TRUE,0.00541381578232646,7388,968,405,0.418388429752066,0.0548186247969681,"TF:M09918_1","TF","Factor: Pet-1; motif: GCNGGAAGYG; match class: 1",20092,6725
"3266","lightgreen",TRUE,0.00551965695922947,3065,968,185,0.191115702479339,0.0603588907014682,"TF:M10747","TF","Factor: GSH2; motif: NTCRTTAN",20092,3420
"3267","lightgreen",TRUE,0.00551965695922947,3065,968,185,0.191115702479339,0.0603588907014682,"TF:M10874","TF","Factor: alx3; motif: NKCRTTAN",20092,44
"3268","lightgreen",TRUE,0.00551965695922947,3065,968,185,0.191115702479339,0.0603588907014682,"TF:M10939","TF","Factor: CHX10; motif: NTCRTTAN",20092,9210
"3269","lightgreen",TRUE,0.00551965695922947,3065,968,185,0.191115702479339,0.0603588907014682,"TF:M10936","TF","Factor: CHX10; motif: NTCRTTAN",20092,9204
"3270","lightgreen",TRUE,0.00551965695922947,3065,968,185,0.191115702479339,0.0603588907014682,"TF:M10563","TF","Factor: Msx-1; motif: NTCRTTAN",20092,5444
"3271","lightgreen",TRUE,0.00551965695922947,3065,968,185,0.191115702479339,0.0603588907014682,"TF:M10945","TF","Factor: VSX1; motif: NTCRTTAN",20092,9198
"3272","lightgreen",TRUE,0.00551965695922947,3065,968,185,0.191115702479339,0.0603588907014682,"TF:M10942","TF","Factor: VSX1; motif: NTCRTTAN",20092,9192
"3273","lightgreen",TRUE,0.00566929781316706,1042,968,74,0.0764462809917355,0.0710172744721689,"TF:M09897_1","TF","Factor: Egr-1; motif: NNNNGCGKGGGYGGNRN; match class: 1",20092,1665
"3274","lightgreen",TRUE,0.00573774989309625,463,968,39,0.0402892561983471,0.0842332613390929,"TF:M01768_1","TF","Factor: TFEB; motif: RTCACGTGAY; match class: 1",20092,8909
"3275","lightgreen",TRUE,0.00573774989309625,463,968,39,0.0402892561983471,0.0842332613390929,"TF:M01768","TF","Factor: TFEB; motif: RTCACGTGAY",20092,8908
"3276","lightgreen",TRUE,0.00591893919995857,1879,968,121,0.125,0.0643959552953699,"TF:M12501","TF","Factor: USF1; motif: NNGTCATGTGACNN",20092,9104
"3277","lightgreen",TRUE,0.00598177464332254,1341,968,91,0.0940082644628099,0.0678598061148397,"TF:M11256","TF","Factor: AIBZIP; motif: NGCCACGTCAYN",20092,1048
"3278","lightgreen",TRUE,0.00611858381455351,1342,968,91,0.0940082644628099,0.0678092399403875,"TF:M09605_1","TF","Factor: Elf-1; motif: NAANCMGGAAGTGN; match class: 1",20092,1743
"3279","lightgreen",TRUE,0.00630000419400113,1937,968,124,0.128099173553719,0.0640165203923593,"TF:M13044","TF","Factor: E2F8; motif: TTCCCGCCANNA",20092,1582
"3280","lightgreen",TRUE,0.00635382924409705,13617,968,702,0.725206611570248,0.0515532055518837,"TF:M00327","TF","Factor: Pax-3; motif: NNNNNNCGTCACGSTYNNNNN",20092,6540
"3281","lightgreen",TRUE,0.0063829048479532,2066,968,131,0.135330578512397,0.0634075508228461,"TF:M11313_1","TF","Factor: CREBPA; motif: NRTGACGTMANN; match class: 1",20092,1073
"3282","lightgreen",TRUE,0.00639794692741219,2548,968,157,0.162190082644628,0.0616169544740973,"TF:M12147","TF","Factor: SP8; motif: RNCACGCCCMCN",20092,8130
"3283","lightgreen",TRUE,0.00639794692741219,4538,968,261,0.269628099173554,0.0575143234905245,"TF:M10432_1","TF","Factor: MAZ; motif: GGGMGGGGS; match class: 1",20092,5151
"3284","lightgreen",TRUE,0.00647409064402288,171,968,19,0.0196280991735537,0.111111111111111,"TF:M11179_1","TF","Factor: ASH-2; motif: ACACGACGCN; match class: 1",20092,273
"3285","lightgreen",TRUE,0.00657759377477975,12374,968,644,0.665289256198347,0.0520446096654275,"TF:M08220","TF","Factor: Elk-1:HOXA3; motif: ACCGGWAATKRNNTNWCNNATTAN",20092,1858
"3286","lightgreen",TRUE,0.00659382199607815,18475,968,916,0.946280991735537,0.0495805142083897,"TF:M04934","TF","Factor: TR4; motif: ACCCCGS",20092,6122
"3287","lightgreen",TRUE,0.00659382199607815,894,968,65,0.0671487603305785,0.0727069351230425,"TF:M01253_1","TF","Factor: CNOT3; motif: GGCCGCGSSS; match class: 1",20092,935
"3288","lightgreen",TRUE,0.00681310527383498,6905,968,380,0.392561983471074,0.055032585083273,"TF:M07249","TF","Factor: ctcf; motif: CCNCNAGRKGGCRSTN",20092,1180
"3289","lightgreen",TRUE,0.00681873142796086,8265,968,447,0.461776859504132,0.0540834845735027,"TF:M11478_1","TF","Factor: AP-2beta; motif: NSCCNNNGGSN; match class: 1",20092,8805
"3290","lightgreen",TRUE,0.006876219535774,2292,968,143,0.147727272727273,0.06239092495637,"TF:M13135_1","TF","Factor: SP4; motif: GGCCCCGCCCCCN; match class: 1",20092,8115
"3291","lightgreen",TRUE,0.00688731269592799,2089,968,132,0.136363636363636,0.0631881282910483,"TF:M04015","TF","Factor: IRF-4; motif: NCGAAACCGAAACYA",20092,4452
"3292","lightgreen",TRUE,0.00699824177286046,4195,968,243,0.25103305785124,0.0579261025029797,"TF:M13041_1","TF","Factor: TFE3; motif: GTCACGTGAC; match class: 1",20092,8901
"3293","lightgreen",TRUE,0.0070088532771353,437,968,37,0.0382231404958678,0.0846681922196796,"TF:M01258_1","TF","Factor: GABP; motif: CACTTCCGGNNN; match class: 1",20092,3003
"3294","lightgreen",TRUE,0.00713709773335091,4216,968,244,0.252066115702479,0.0578747628083491,"TF:M08993_1","TF","Factor: ZNF777; motif: GTCCGYCCCGTCSAACAAT; match class: 1",20092,11639
"3295","lightgreen",TRUE,0.00716611801795283,1835,968,118,0.121900826446281,0.0643051771117166,"TF:M00244_1","TF","Factor: NGFI-C; motif: WTGCGTGGGYGG; match class: 1",20092,5941
"3296","lightgreen",TRUE,0.00726141618407609,4101,968,238,0.245867768595041,0.0580346257010485,"TF:M11394","TF","Factor: Erg; motif: NACMGGAARTN",20092,2090
"3297","lightgreen",TRUE,0.00727897243984299,830,968,61,0.0630165289256198,0.0734939759036145,"TF:M10121_1","TF","Factor: ZFX; motif: SNAGGCCNCR; match class: 1",20092,9601
"3298","lightgreen",TRUE,0.0073169111079948,4257,968,246,0.254132231404959,0.0577871740662438,"TF:M13041","TF","Factor: TFE3; motif: GTCACGTGAC",20092,8900
"3299","lightgreen",TRUE,0.00733304106418882,10026,968,532,0.549586776859504,0.0530620386993816,"TF:M11381_1","TF","Factor: ESE-1; motif: SATKGCGGATGCN; match class: 1",20092,1801
"3300","lightgreen",TRUE,0.00741394364165374,7520,968,410,0.423553719008264,0.0545212765957447,"TF:M01175","TF","Factor: CKROX; motif: SCCCTCCCC",20092,872
"3301","lightgreen",TRUE,0.00744495984872027,3219,968,192,0.198347107438017,0.059645852749301,"TF:M08458_1","TF","Factor: Erm:C/EBPdelta; motif: RSCGGAWRTTGCGYAAY; match class: 1",20092,2351
"3302","lightgreen",TRUE,0.00761970821409043,9077,968,486,0.502066115702479,0.0535419191362785,"TF:M03811","TF","Factor: AP-2gamma; motif: GCCYNCRGSN",20092,148
"3303","lightgreen",TRUE,0.00772169933504926,6035,968,336,0.347107438016529,0.0556752278376139,"TF:M12313","TF","Factor: ZNF460; motif: NNACNCCCCCCNN",20092,10648
"3304","lightgreen",TRUE,0.00772169933504926,11774,968,615,0.635330578512397,0.0522337353490742,"TF:M13132","TF","Factor: ZNF609; motif: GNSNGGGNGCTGN",20092,11096
"3305","lightgreen",TRUE,0.00772169933504926,1212,968,83,0.0857438016528926,0.0684818481848185,"TF:M07034_1","TF","Factor: ATF-1; motif: NNNTGACGTNNN; match class: 1",20092,279
"3306","lightgreen",TRUE,0.00776468450752726,1604,968,105,0.108471074380165,0.0654613466334165,"TF:M08020","TF","Factor: YY2; motif: NNCCGCCATTW",20092,9288
"3307","lightgreen",TRUE,0.00798691557020999,716,968,54,0.0557851239669422,0.0754189944134078,"TF:M11449_1","TF","Factor: Elf-1; motif: NANCCGGAAGTN; match class: 1",20092,1755
"3308","lightgreen",TRUE,0.0080086538092483,5284,968,298,0.307851239669421,0.0563966691900076,"TF:M12231_1","TF","Factor: LRF; motif: NCGACCACCGN; match class: 1",20092,9445
"3309","lightgreen",TRUE,0.00813806591340166,988,968,70,0.0723140495867769,0.0708502024291498,"TF:M09866_1","TF","Factor: ATF-1; motif: NNRTGACGYMA; match class: 1",20092,277
"3310","lightgreen",TRUE,0.00837895176491303,7046,968,386,0.398760330578512,0.0547828555208629,"TF:M01118","TF","Factor: WT1; motif: SMCNCCNSC",20092,9222
"3311","lightgreen",TRUE,0.00850087140253996,11953,968,623,0.643595041322314,0.052120806492094,"TF:M08295","TF","Factor: FOXO1A:Elf-1; motif: NAGAAAACCGAANM",20092,2808
"3312","lightgreen",TRUE,0.0085181713188791,1234,968,84,0.0867768595041322,0.0680713128038898,"TF:M11438_1","TF","Factor: SAP-1; motif: NTCGTAAATGCN; match class: 1",20092,1939
"3313","lightgreen",TRUE,0.00873451180089002,5807,968,324,0.334710743801653,0.0557947304976752,"TF:M12354_1","TF","Factor: ZNF37A; motif: CCYYGGCTCCNTSCCMN; match class: 1",20092,10395
"3314","lightgreen",TRUE,0.00888977968275119,176,968,19,0.0196280991735537,0.107954545454545,"TF:M12404_1","TF","Factor: KLF15; motif: NCCCCGCCCCN; match class: 1",20092,4707
"3315","lightgreen",TRUE,0.0089138344953627,7619,968,414,0.427685950413223,0.0543378396114976,"TF:M07486_1","TF","Factor: ZNF300; motif: SWGGGGGSN; match class: 1",20092,10193
"3316","lightgreen",TRUE,0.00893864864237988,2123,968,133,0.137396694214876,0.0626471973622233,"TF:M00516_1","TF","Factor: E2F-1; motif: TTTSGCGCGMNR; match class: 1",20092,1589
"3317","lightgreen",TRUE,0.00893864864237988,787,968,58,0.0599173553719008,0.0736975857687421,"TF:M11407","TF","Factor: Pet-1; motif: NACCGGAAGTN",20092,2468
"3318","lightgreen",TRUE,0.00903638728081704,1343,968,90,0.0929752066115702,0.0670141474311244,"TF:M07483","TF","Factor: CXXC1; motif: KNRNAMCGMWAAMNN",20092,852
"3319","lightgreen",TRUE,0.00905825618886864,397,968,34,0.0351239669421488,0.0856423173803526,"TF:M04007","TF","Factor: HOMEZ; motif: AAAACGATTAWA",20092,3784
"3320","lightgreen",TRUE,0.00949025149362884,1081,968,75,0.0774793388429752,0.0693802035152636,"TF:M09935_1","TF","Factor: GABP-alpha; motif: NNNRCCGGAAGTGN; match class: 1",20092,2985
"3321","lightgreen",TRUE,0.0096986668828197,322,968,29,0.0299586776859504,0.0900621118012422,"TF:M00652_1","TF","Factor: NRF-1; motif: CGCATGCGCR; match class: 1",20092,6227
"3322","lightgreen",TRUE,0.0097050893609884,8464,968,455,0.47004132231405,0.0537570888468809,"TF:M11477","TF","Factor: AP-2beta; motif: NSCCYNRGGSN",20092,8802
"3323","lightgreen",TRUE,0.00998618761728808,2148,968,134,0.138429752066116,0.0623836126629423,"TF:M12180","TF","Factor: BTEB3; motif: NRCCACGCCCMCN",20092,646
"3324","lightgreen",TRUE,0.0101695726615719,6300,968,348,0.359504132231405,0.0552380952380952,"TF:M08232","TF","Factor: Elk-1:TEF; motif: RCCGGAAGTTACGTAAN",20092,1880
"3325","lightgreen",TRUE,0.0102516317212324,138,968,16,0.0165289256198347,0.115942028985507,"TF:M12277","TF","Factor: YY2; motif: NKCSGCCATTTTGN",20092,9290
"3326","lightgreen",TRUE,0.0105603061057215,8698,968,466,0.481404958677686,0.0535755346056565,"TF:M01047","TF","Factor: AP-2alphaA; motif: ANMGCCTNAGGCKNT",20092,134
"3327","lightgreen",TRUE,0.0105603061057215,8698,968,466,0.481404958677686,0.0535755346056565,"TF:M01047_1","TF","Factor: AP-2alphaA; motif: ANMGCCTNAGGCKNT; match class: 1",20092,135
"3328","lightgreen",TRUE,0.0109408679911406,1122,968,77,0.0795454545454545,0.0686274509803922,"TF:M03860_1","TF","Factor: USF2; motif: NNNCCACGTGACN; match class: 1",20092,9131
"3329","lightgreen",TRUE,0.0109534760214656,2098,968,131,0.135330578512397,0.0624404194470925,"TF:M09789","TF","Factor: TFDP1; motif: NSGCGGGAANN",20092,8890
"3330","lightgreen",TRUE,0.0109534760214656,8435,968,453,0.46797520661157,0.0537048014226437,"TF:M07040_1","TF","Factor: GKLF; motif: NNRRGRRNGNSNNN; match class: 1",20092,3289
"3331","lightgreen",TRUE,0.0109803629279148,727,968,54,0.0557851239669422,0.0742778541953232,"TF:M05938","TF","Factor: ZNF714; motif: NSGKTGGGCCGM",20092,11442
"3332","lightgreen",TRUE,0.0112536098158125,1587,968,103,0.106404958677686,0.0649023314429742,"TF:M04694","TF","Factor: NRF-1; motif: CNCTGCGCATGCGC",20092,6218
"3333","lightgreen",TRUE,0.0112538401613,2360,968,145,0.149793388429752,0.0614406779661017,"TF:M12185","TF","Factor: BTEB4; motif: RCCACGCCCC",20092,4712
"3334","lightgreen",TRUE,0.0116237754685636,8032,968,433,0.447314049586777,0.0539093625498008,"TF:M08209_1","TF","Factor: E2F-3:FOXO6; motif: NAATGACACGCGCCCMC; match class: 1",20092,1519
"3335","lightgreen",TRUE,0.0116237754685636,729,968,54,0.0557851239669422,0.0740740740740741,"TF:M00985","TF","Factor: Stra13; motif: NYSTCACGTGABNN",20092,8372
"3336","lightgreen",TRUE,0.0121336570972746,4650,968,264,0.272727272727273,0.0567741935483871,"TF:M08369","TF","Factor: HOXD12:PEA3; motif: RCCGGAAGTAATAAAM",20092,4196
"3337","lightgreen",TRUE,0.0122238237294816,8364,968,449,0.463842975206612,0.0536824485891918,"TF:M11066_1","TF","Factor: HES-7; motif: GNCACGYGNN; match class: 1",20092,3493
"3338","lightgreen",TRUE,0.0122726021285946,389,968,33,0.0340909090909091,0.0848329048843188,"TF:M11439_1","TF","Factor: Net; motif: NRCCGGAAGTN; match class: 1",20092,1913
"3339","lightgreen",TRUE,0.0122837464850009,664,968,50,0.0516528925619835,0.0753012048192771,"TF:M08423_1","TF","Factor: TEF-3:ER81; motif: ACCGGAAATRCC; match class: 1",20092,8689
"3340","lightgreen",TRUE,0.0123214864355092,6720,968,368,0.380165289256198,0.0547619047619048,"TF:M00114","TF","Factor: Tax/CREB; motif: GGGGGTTGACGYANA",20092,8416
"3341","lightgreen",TRUE,0.0123384787367456,631,968,48,0.0495867768595041,0.0760697305863708,"TF:M09846","TF","Factor: MITF; motif: NRTCACRTGRYNN",20092,5344
"3342","lightgreen",TRUE,0.0123536003683818,2124,968,132,0.136363636363636,0.0621468926553672,"TF:M09820","TF","Factor: USF2; motif: NNNGGTCACGTGRYNN",20092,9116
"3343","lightgreen",TRUE,0.012460471653377,1647,968,106,0.109504132231405,0.0643594414086217,"TF:M12181","TF","Factor: BTEB3; motif: NRCCACGCCCMCN",20092,648
"3344","lightgreen",TRUE,0.0124875346364141,1629,968,105,0.108471074380165,0.0644567219152855,"TF:M10795_1","TF","Factor: HOXA10; motif: NGTCGTAAAAN; match class: 1",20092,3799
"3345","lightgreen",TRUE,0.0125193866929614,2781,968,167,0.172520661157025,0.0600503416037397,"TF:M13004_1","TF","Factor: USF2; motif: NRTCACGTGAYN; match class: 1",20092,9127
"3346","lightgreen",TRUE,0.0125528116134092,2649,968,160,0.165289256198347,0.0604001510003775,"TF:M11375","TF","Factor: Spi-B; motif: NAWGCGGAAGTN",20092,8184
"3347","lightgreen",TRUE,0.012553644539657,7126,968,388,0.400826446280992,0.054448498456357,"TF:M10529","TF","Factor: Sp1; motif: RGGGMGGRGSNGGGG",20092,8054
"3348","lightgreen",TRUE,0.0125946112821988,1521,968,99,0.102272727272727,0.0650887573964497,"TF:M00039_1","TF","Factor: CREB; motif: TGACGTMA; match class: 1",20092,1087
"3349","lightgreen",TRUE,0.012748472159059,1342,968,89,0.0919421487603306,0.0663189269746647,"TF:M03987","TF","Factor: FEV; motif: ACCGGAAGTN",20092,2464
"3350","lightgreen",TRUE,0.0129709640656012,1236,968,83,0.0857438016528926,0.0671521035598705,"TF:M03972","TF","Factor: ELK3; motif: ACCGGAAGTN",20092,1910
"3351","lightgreen",TRUE,0.0130574879460145,2822,968,169,0.174586776859504,0.0598866052445074,"TF:M13004","TF","Factor: USF2; motif: NRTCACGTGAYN",20092,9126
"3352","lightgreen",TRUE,0.0130889694955271,11216,968,586,0.605371900826446,0.052246790299572,"TF:M12354","TF","Factor: ZNF37A; motif: CCYYGGCTCCNTSCCMN",20092,10394
"3353","lightgreen",TRUE,0.0130889694955271,10336,968,544,0.56198347107438,0.0526315789473684,"TF:M03924","TF","Factor: YY1; motif: NNCGCCATTNN",20092,9256
"3354","lightgreen",TRUE,0.0130985921732148,1113,968,76,0.0785123966942149,0.0682839173405211,"TF:M01002","TF","Factor: DEAF1; motif: RNNNRTTCGGGNRTTTCCGGRRNKN",20092,1244
"3355","lightgreen",TRUE,0.0132215579732184,7781,968,420,0.433884297520661,0.0539776378357538,"TF:M10115","TF","Factor: LRF; motif: NRGGGKCKY",20092,9440
"3356","lightgreen",TRUE,0.0135220211319129,1132,968,77,0.0795454545454545,0.0680212014134276,"TF:M03970_1","TF","Factor: ELK1; motif: ACCGGAAGTN; match class: 1",20092,1893
"3357","lightgreen",TRUE,0.013639641124612,392,968,33,0.0340909090909091,0.0841836734693878,"TF:M10102","TF","Factor: THAP11; motif: KGCMTKCTGGGARTTGTAGTYY",20092,8970
"3358","lightgreen",TRUE,0.0138650651565098,2374,968,145,0.149793388429752,0.061078348778433,"TF:M08214_1","TF","Factor: Elk-1:ETV7; motif: ANSCGGACGGATDTCCGGNT; match class: 1",20092,1849
"3359","lightgreen",TRUE,0.0138950440525483,1063,968,73,0.0754132231404959,0.0686735653809972,"TF:M01299_1","TF","Factor: MECP2; motif: CCGGNNTTWA; match class: 1",20092,5169
"3360","lightgreen",TRUE,0.0139605494870274,13049,968,672,0.694214876033058,0.0514981990957161,"TF:M07040","TF","Factor: GKLF; motif: NNRRGRRNGNSNNN",20092,3288
"3361","lightgreen",TRUE,0.0140603847027122,5772,968,320,0.330578512396694,0.0554400554400554,"TF:M11578","TF","Factor: foxl2; motif: NACGTMAACAN",20092,2782
"3362","lightgreen",TRUE,0.0143228139391324,6434,968,353,0.364669421487603,0.0548647808517252,"TF:M04810","TF","Factor: USF2; motif: AAGTCACG",20092,9110
"3363","lightgreen",TRUE,0.0143228139391324,4489,968,255,0.263429752066116,0.0568055246157273,"TF:M01783_1","TF","Factor: SP2; motif: GGGCGGGAC; match class: 1",20092,8075
"3364","lightgreen",TRUE,0.0149998767059969,5281,968,295,0.304752066115702,0.0558606324559742,"TF:M09613","TF","Factor: Fli-1; motif: RCMGGAAGYGNNN",20092,2530
"3365","lightgreen",TRUE,0.0152034475599175,5580,968,310,0.320247933884298,0.0555555555555556,"TF:M00360_1","TF","Factor: Pax-3; motif: TCGTCACRCTTHM; match class: 1",20092,6523
"3366","lightgreen",TRUE,0.0152378933710924,893,968,63,0.0650826446280992,0.070548712206047,"TF:M09974","TF","Factor: BTEB1; motif: GNRGKGGGCGTGGCC",20092,630
"3367","lightgreen",TRUE,0.0152609138273462,2119,968,131,0.135330578512397,0.0618216139688532,"TF:M08392","TF","Factor: A-Myb:TBR2; motif: NNGTGNNNAACGG",20092,5498
"3368","lightgreen",TRUE,0.0155285994449748,3620,968,210,0.216942148760331,0.0580110497237569,"TF:M03895_1","TF","Factor: CTCF; motif: WGCGCCMYCTAGYGGYN; match class: 1",20092,1155
"3369","lightgreen",TRUE,0.0155776623521786,4555,968,258,0.266528925619835,0.0566410537870472,"TF:M01864","TF","Factor: ATF-4; motif: KACGTCAKS",20092,344
"3370","lightgreen",TRUE,0.0155803736890309,4047,968,232,0.239669421487603,0.0573264146281196,"TF:M11418","TF","Factor: ER81; motif: NRCMGGAWGNN",20092,2010
"3371","lightgreen",TRUE,0.0158643480002903,590,968,45,0.0464876033057851,0.076271186440678,"TF:M04571_1","TF","Factor: TFEC; motif: RNCACRTGAY; match class: 1",20092,8917
"3372","lightgreen",TRUE,0.0160686481619997,1625,968,104,0.107438016528926,0.064,"TF:M00114_1","TF","Factor: Tax/CREB; motif: GGGGGTTGACGYANA; match class: 1",20092,8417
"3373","lightgreen",TRUE,0.0161065035504218,93,968,12,0.012396694214876,0.129032258064516,"TF:M05563","TF","Factor: ZNF691; motif: NGGTCCGGCGGM",20092,11334
"3374","lightgreen",TRUE,0.0165915212420092,2593,968,156,0.161157024793388,0.0601619745468569,"TF:M01252","TF","Factor: E2F-6; motif: CNTTTCNT",20092,1560
"3375","lightgreen",TRUE,0.0167747025201634,949,968,66,0.0681818181818182,0.0695468914646997,"TF:M11422_1","TF","Factor: Erm; motif: NRCMGGAAGTN; match class: 1",20092,2107
"3376","lightgreen",TRUE,0.0168604071434837,559,968,43,0.0444214876033058,0.0769230769230769,"TF:M11415_1","TF","Factor: GABP-alpha; motif: NRCCGGAAGTN; match class: 1",20092,2989
"3377","lightgreen",TRUE,0.016952780606377,2425,968,147,0.151859504132231,0.0606185567010309,"TF:M12150","TF","Factor: SP9; motif: NCCACGCCCMCN",20092,8138
"3378","lightgreen",TRUE,0.0169560350998977,12791,968,659,0.680785123966942,0.0515206004221718,"TF:M09817","TF","Factor: PAX5; motif: RNGCGTGACCNN",20092,6582
"3379","lightgreen",TRUE,0.0170703763037596,2482,968,150,0.15495867768595,0.0604351329572925,"TF:M11987","TF","Factor: NFATc3; motif: NAYGGAAANW",20092,5802
"3380","lightgreen",TRUE,0.0172216216187236,10679,968,559,0.577479338842975,0.0523457252551737,"TF:M11528","TF","Factor: E2F-2; motif: NTTTTGGCGCCAWWWN",20092,1504
"3381","lightgreen",TRUE,0.0172899638639318,1611,968,103,0.106404958677686,0.063935443823712,"TF:M03902","TF","Factor: GLI2; motif: GCGACCACMCTR",20092,3306
"3382","lightgreen",TRUE,0.0173923658593103,5454,968,303,0.31301652892562,0.0555555555555556,"TF:M10692","TF","Factor: HOXB6; motif: GTCGTTAN",20092,4040
"3383","lightgreen",TRUE,0.0175873309791724,8301,968,444,0.458677685950413,0.0534875316226961,"TF:M07348","TF","Factor: AP-2alpha; motif: NSCCNCRGGSN",20092,136
"3384","lightgreen",TRUE,0.0176724831143334,479,968,38,0.0392561983471074,0.0793319415448852,"TF:M11217_1","TF","Factor: CREB1; motif: NRTGACGYN; match class: 1",20092,993
"3385","lightgreen",TRUE,0.0180832214745974,5996,968,330,0.340909090909091,0.0550366911274183,"TF:M11480_1","TF","Factor: AP-2alpha; motif: NGCCTSAGGCN; match class: 1",20092,8793
"3386","lightgreen",TRUE,0.0180937034926676,1396,968,91,0.0940082644628099,0.0651862464183381,"TF:M00652","TF","Factor: NRF-1; motif: CGCATGCGCR",20092,6226
"3387","lightgreen",TRUE,0.0181717658757867,8756,968,466,0.481404958677686,0.0532206486980356,"TF:M10887","TF","Factor: PRX-2; motif: NNCRTTAN",20092,7204
"3388","lightgreen",TRUE,0.0184150379961395,12,968,4,0.00413223140495868,0.333333333333333,"TF:M05814","TF","Factor: ZNF605; motif: TGGGAATGGATN",20092,11086
"3389","lightgreen",TRUE,0.0184150379961395,12,968,4,0.00413223140495868,0.333333333333333,"TF:M08528","TF","Factor: E2F-3:OC-2; motif: NNSGCGCSNWWTATCGAYN",20092,1522
"3390","lightgreen",TRUE,0.0184721547054547,7085,968,384,0.396694214876033,0.0541990119971771,"TF:M12464","TF","Factor: ZNF148; motif: NNCCCCTCCCCC",20092,9778
"3391","lightgreen",TRUE,0.0186476311140802,546,968,42,0.0433884297520661,0.0769230769230769,"TF:M00478","TF","Factor: Cdc5; motif: GATTTAACATAA",20092,664
"3392","lightgreen",TRUE,0.018886495877978,6,968,3,0.00309917355371901,0.5,"TF:M05675","TF","Factor: ZNF31; motif: NMGTAAAAGGGA",20092,10238
"3393","lightgreen",TRUE,0.0190057669560843,2452,968,148,0.152892561983471,0.0603588907014682,"TF:M12149","TF","Factor: SP9; motif: RCCACGCCCMCY",20092,8136
"3394","lightgreen",TRUE,0.0191010532361565,323,968,28,0.0289256198347107,0.086687306501548,"TF:M08508","TF","Factor: A-Myb:OC-2; motif: YAACGGTTATCGATY",20092,5506
"3395","lightgreen",TRUE,0.0193863345731049,2303,968,140,0.144628099173554,0.060790273556231,"TF:M04193","TF","Factor: TFE3; motif: NNCACGTGAY",20092,8894
"3396","lightgreen",TRUE,0.019524550085075,10338,968,542,0.559917355371901,0.0524279357709422,"TF:M11391","TF","Factor: Erg; motif: NACCGGATATCCGGTN",20092,2084
"3397","lightgreen",TRUE,0.0195306017052405,3620,968,209,0.215909090909091,0.0577348066298343,"TF:M00778","TF","Factor: AhR; motif: NTNGCGTGNNN",20092,20
"3398","lightgreen",TRUE,0.0195306017052405,13967,968,713,0.736570247933884,0.0510489009808835,"TF:M11393_1","TF","Factor: Erg; motif: NACCGGATATCCGGTN; match class: 1",20092,2089
"3399","lightgreen",TRUE,0.0195306017052405,12487,968,644,0.665289256198347,0.0515736365820453,"TF:M00360","TF","Factor: Pax-3; motif: TCGTCACRCTTHM",20092,6522
"3400","lightgreen",TRUE,0.019877269471845,6568,968,358,0.369834710743802,0.0545066991473812,"TF:M10695","TF","Factor: HOXA6; motif: RTCRTTAN",20092,3896
"3401","lightgreen",TRUE,0.0198947117716857,10403,968,545,0.56301652892562,0.052388734019033,"TF:M04065","TF","Factor: Pax-6; motif: TTTCACGCWTGANTGMNYN",20092,6590
"3402","lightgreen",TRUE,0.0202750786975533,2026,968,125,0.129132231404959,0.0616979269496545,"TF:M10100_1","TF","Factor: TFEA; motif: RGTCACGTGA; match class: 1",20092,8903
"3403","lightgreen",TRUE,0.0204478454352652,2157,968,132,0.136363636363636,0.0611961057023644,"TF:M01241_1","TF","Factor: BEN; motif: CWGCGAYA; match class: 1",20092,515
"3404","lightgreen",TRUE,0.0205834535119875,2251,968,137,0.141528925619835,0.0608618391825855,"TF:M12154","TF","Factor: Sp3; motif: NGCCACGCCCMCN",20092,8102
"3405","lightgreen",TRUE,0.0205906689891667,751,968,54,0.0557851239669422,0.0719041278295606,"TF:M07052_1","TF","Factor: NRF-1; motif: GCGCMTGCGCN; match class: 1",20092,6225
"3406","lightgreen",TRUE,0.0209017213451364,8669,968,461,0.476239669421488,0.0531779905410082,"TF:M09890","TF","Factor: ctcf; motif: YGGCCACCAGRKGGCRSYN",20092,1170
"3407","lightgreen",TRUE,0.0209042368735077,2667,968,159,0.164256198347107,0.0596175478065242,"TF:M00483","TF","Factor: ATF6; motif: TGACGTGG",20092,358
"3408","lightgreen",TRUE,0.0210351086953254,667,968,49,0.0506198347107438,0.0734632683658171,"TF:M02102_1","TF","Factor: NRF-1; motif: YGCGCMTGCGC; match class: 1",20092,6229
"3409","lightgreen",TRUE,0.0214800938784369,1190,968,79,0.0816115702479339,0.0663865546218487,"TF:M09900_1","TF","Factor: Elf-1; motif: NNANCCGGAAGTGS; match class: 1",20092,1745
"3410","lightgreen",TRUE,0.0214800938784369,2,968,2,0.00206611570247934,1,"TF:M06091","TF","Factor: ZNF21; motif: NGNTAAAAAAGA",20092,9928
"3411","lightgreen",TRUE,0.0214800938784369,2,968,2,0.00206611570247934,1,"TF:M08508_1","TF","Factor: A-Myb:OC-2; motif: YAACGGTTATCGATY; match class: 1",20092,5507
"3412","lightgreen",TRUE,0.021505270230993,1460,968,94,0.0971074380165289,0.0643835616438356,"TF:M07347","TF","Factor: AhR; motif: NNNKNGCGTGNSNNNNN",20092,24
"3413","lightgreen",TRUE,0.0216451599331965,6376,968,348,0.359504132231405,0.0545796737766625,"TF:M01208","TF","Factor: FLI-1; motif: CMGGAWGTSAN",20092,2548
"3414","lightgreen",TRUE,0.0217069028124409,1155,968,77,0.0795454545454545,0.0666666666666667,"TF:M07612_1","TF","Factor: PSF; motif: KWATCCGN; match class: 1",20092,7221
"3415","lightgreen",TRUE,0.0217582196283373,2349,968,142,0.146694214876033,0.0604512558535547,"TF:M10436_1","TF","Factor: YY1; motif: CAANATGGCGGC; match class: 1",20092,9269
"3416","lightgreen",TRUE,0.0225382512895479,3768,968,216,0.223140495867769,0.0573248407643312,"TF:M10686","TF","Factor: HOXB7; motif: GTCRTTAN",20092,4052
"3417","lightgreen",TRUE,0.0226361432689661,1157,968,77,0.0795454545454545,0.0665514261019879,"TF:M00338_1","TF","Factor: ATF; motif: NTGACGTCANYS; match class: 1",20092,377
"3418","lightgreen",TRUE,0.022639734494279,1627,968,103,0.106404958677686,0.0633066994468347,"TF:M00917_1","TF","Factor: CREB; motif: CNNTGACGTMA; match class: 1",20092,1099
"3419","lightgreen",TRUE,0.0226843493823421,755,968,54,0.0557851239669422,0.071523178807947,"TF:M11460","TF","Factor: nerf; motif: NANSCGGAAGTN",20092,1784
"3420","lightgreen",TRUE,0.0226843493823421,7067,968,382,0.394628099173554,0.0540540540540541,"TF:M11527","TF","Factor: E2F-3; motif: NTTTTGGCGCCAAAAN",20092,1532
"3421","lightgreen",TRUE,0.0228060682996839,1409,968,91,0.0940082644628099,0.0645848119233499,"TF:M00177_1","TF","Factor: CREB; motif: NSTGACGTAANN; match class: 1",20092,1091
"3422","lightgreen",TRUE,0.0228544901614097,1247,968,82,0.0847107438016529,0.0657578187650361,"TF:M07248_1","TF","Factor: CREB1; motif: NNNNTGACGTNANNN; match class: 1",20092,1011
"3423","lightgreen",TRUE,0.0228747897469363,1573,968,100,0.103305785123967,0.0635727908455181,"TF:M12717","TF","Factor: ZNF740; motif: CNGCCCCCCCMCCCCC",20092,11526
"3424","lightgreen",TRUE,0.0228747897469363,1337,968,87,0.0898760330578512,0.0650710545998504,"TF:M00920_1","TF","Factor: E2F; motif: NKCGCGCSAAAN; match class: 1",20092,1607
"3425","lightgreen",TRUE,0.0229578480369185,859,968,60,0.0619834710743802,0.069848661233993,"TF:M02058","TF","Factor: SAP1A; motif: NCCGGAARYN",20092,7646
"3426","lightgreen",TRUE,0.0230881704049236,894,968,62,0.0640495867768595,0.0693512304250559,"TF:M07067_1","TF","Factor: USF1; motif: NNNNGTCACGTGGN; match class: 1",20092,9107
"3427","lightgreen",TRUE,0.0231779000093299,1392,968,90,0.0929752066115702,0.0646551724137931,"TF:M12179","TF","Factor: BTEB3; motif: NRCCACGCCCMCN",20092,644
"3428","lightgreen",TRUE,0.0237754211149914,6346,968,346,0.357438016528926,0.0545225338796092,"TF:M11480","TF","Factor: AP-2alpha; motif: NGCCTSAGGCN",20092,8792
"3429","lightgreen",TRUE,0.0238388727955415,740,968,53,0.0547520661157025,0.0716216216216216,"TF:M03914_1","TF","Factor: KLF16; motif: GMCACGCCCCC; match class: 1",20092,4711
"3430","lightgreen",TRUE,0.0240106239448605,1412,968,91,0.0940082644628099,0.0644475920679887,"TF:M10169","TF","Factor: ZNF76; motif: RNNGCMTKCTGGGARNTGTAGT",20092,11586
"3431","lightgreen",TRUE,0.0242205819787926,13002,968,667,0.689049586776859,0.0512998000307645,"TF:M08223","TF","Factor: Elk-1:OC-2; motif: RCCGGAASCGATCGATNN",20092,1864
"3432","lightgreen",TRUE,0.0244151879011036,2207,968,134,0.138429752066116,0.0607159039420027,"TF:M08282","TF","Factor: Fli-1:Prrxl1; motif: ACCGGAAGTAATTAN",20092,2504
"3433","lightgreen",TRUE,0.0244335001411484,13,968,4,0.00413223140495868,0.307692307692308,"TF:M12213_1","TF","Factor: gli3; motif: NGACCACCCACGNNG; match class: 1",20092,3327
"3434","lightgreen",TRUE,0.0244761861838992,6833,968,370,0.382231404958678,0.0541489828772135,"TF:M11527_1","TF","Factor: E2F-3; motif: NTTTTGGCGCCAAAAN; match class: 1",20092,1533
"3435","lightgreen",TRUE,0.0246137000904012,2264,968,137,0.141528925619835,0.0605123674911661,"TF:M01823","TF","Factor: STAT1; motif: TTMNRGGAAN",20092,8318
"3436","lightgreen",TRUE,0.0248741602585679,166,968,17,0.0175619834710744,0.102409638554217,"TF:M04211","TF","Factor: DBP; motif: NRTTACGTAAYN",20092,1230
"3437","lightgreen",TRUE,0.0248741602585679,166,968,17,0.0175619834710744,0.102409638554217,"TF:M04112_1","TF","Factor: GMEB2; motif: TTACGYAM; match class: 1",20092,3361
"3438","lightgreen",TRUE,0.0248741602585679,166,968,17,0.0175619834710744,0.102409638554217,"TF:M04504_1","TF","Factor: GMEB2; motif: TTACGTAA; match class: 1",20092,3367
"3439","lightgreen",TRUE,0.0248741602585679,166,968,17,0.0175619834710744,0.102409638554217,"TF:M04504","TF","Factor: GMEB2; motif: TTACGTAA",20092,3366
"3440","lightgreen",TRUE,0.0248741602585679,166,968,17,0.0175619834710744,0.102409638554217,"TF:M04211_1","TF","Factor: DBP; motif: NRTTACGTAAYN; match class: 1",20092,1231
"3441","lightgreen",TRUE,0.0252317668977314,74,968,10,0.0103305785123967,0.135135135135135,"TF:M10725_1","TF","Factor: HOXD8; motif: GYMATTAN; match class: 1",20092,4263
"3442","lightgreen",TRUE,0.0252317668977314,1021,968,69,0.0712809917355372,0.0675808031341822,"TF:M04020","TF","Factor: IRF8; motif: NCGAAACCGAAACT",20092,4502
"3443","lightgreen",TRUE,0.0254134654772672,7914,968,423,0.43698347107438,0.0534495830174374,"TF:M04152","TF","Factor: TFAP2C; motif: NGCCCNNRGGCA",20092,8826
"3444","lightgreen",TRUE,0.0254756124817019,2969,968,174,0.179752066115702,0.0586055911081172,"TF:M07313","TF","Factor: ATF-3; motif: SNTGACGYNATN",20092,320
"3445","lightgreen",TRUE,0.0257838428341536,1931,968,119,0.122933884297521,0.0616261004660798,"TF:M01861_1","TF","Factor: ATF-1; motif: TNACGTCAN; match class: 1",20092,283
"3446","lightgreen",TRUE,0.0268734832436721,1077,968,72,0.0743801652892562,0.0668523676880223,"TF:M09968_1","TF","Factor: KLF15; motif: RGGGMGGRGNNGGGGGNGG; match class: 1",20092,4697
"3447","lightgreen",TRUE,0.0277014902272981,2197,968,133,0.137396694214876,0.0605370960400546,"TF:M01876","TF","Factor: GABP-beta; motif: ASMGGAAGKGN",20092,2998
"3448","lightgreen",TRUE,0.028103300081392,41,968,7,0.00723140495867769,0.170731707317073,"TF:M12211_1","TF","Factor: Gli2; motif: NGACCACCCACGWNG; match class: 1",20092,3313
"3449","lightgreen",TRUE,0.028103300081392,2123,968,129,0.133264462809917,0.0607630711257654,"TF:M08700","TF","Factor: Erm:HES-7; motif: NCGGANGNNNNNCRCGYG",20092,2368
"3450","lightgreen",TRUE,0.028147517525718,1097,968,73,0.0754132231404959,0.0665451230628988,"TF:M11457","TF","Factor: nerf; motif: NANGCGGAAGTR",20092,1778
"3451","lightgreen",TRUE,0.0281658895042425,4218,968,238,0.245867768595041,0.0564248458985301,"TF:M10877","TF","Factor: alx3; motif: NNCRTTAN",20092,50
"3452","lightgreen",TRUE,0.0284192179541832,1531,968,97,0.100206611570248,0.0633572828216852,"TF:M01972_1","TF","Factor: EGR-1; motif: TGCGTGGGCGK; match class: 1",20092,1645
"3453","lightgreen",TRUE,0.0287956203466148,4220,968,238,0.245867768595041,0.0563981042654028,"TF:M10112_1","TF","Factor: Miz-1; motif: NNRGGWGGGGGAGGGGMRR; match class: 1",20092,5363
"3454","lightgreen",TRUE,0.0291481006882305,1224,968,80,0.0826446280991736,0.065359477124183,"TF:M03544_1","TF","Factor: CREB1; motif: NNNNACGTCANN; match class: 1",20092,1013
"3455","lightgreen",TRUE,0.0291867055096654,4516,968,253,0.261363636363636,0.0560230292294066,"TF:M12725_1","TF","Factor: PHB; motif: NCCCAGCCCCY; match class: 1",20092,6727
"3456","lightgreen",TRUE,0.0292634116811857,1995,968,122,0.12603305785124,0.0611528822055138,"TF:M11094","TF","Factor: USF1; motif: NNCACGTGACN",20092,9102
"3457","lightgreen",TRUE,0.0296313474690217,3250,968,188,0.194214876033058,0.0578461538461538,"TF:M01858_1","TF","Factor: AP-2beta; motif: GCNNNGGSCNGVGGGN; match class: 1",20092,141
"3458","lightgreen",TRUE,0.0298612577181408,1100,968,73,0.0754132231404959,0.0663636363636364,"TF:M11454","TF","Factor: ELFR; motif: NANGMGGAAGTN",20092,1818
"3459","lightgreen",TRUE,0.030205180617439,76,968,10,0.0103305785123967,0.131578947368421,"TF:M11754_1","TF","Factor: HNF-4alpha; motif: RRGGTCAAAGGTCAN; match class: 1",20092,3723
"3460","lightgreen",TRUE,0.0303094100800489,6715,968,363,0.375,0.0540580789277736,"TF:M11008","TF","Factor: LHX4; motif: NTCRTTAN",20092,4862
"3461","lightgreen",TRUE,0.0303094100800489,959,968,65,0.0671487603305785,0.0677789363920751,"TF:M04341","TF","Factor: HOXA13; motif: CYAATAAAAN",20092,3826
"3462","lightgreen",TRUE,0.0303094100800489,2449,968,146,0.150826446280992,0.0596161698652511,"TF:M00122","TF","Factor: USF; motif: NNRNCACGTGNYNN",20092,9134
"3463","lightgreen",TRUE,0.0303094100800489,4520,968,253,0.261363636363636,0.0559734513274336,"TF:M12648","TF","Factor: PATZ1; motif: SCNCCNCNSCCCCCASCCN",20092,6502
"3464","lightgreen",TRUE,0.0303094100800489,2449,968,146,0.150826446280992,0.0596161698652511,"TF:M00122_1","TF","Factor: USF; motif: NNRNCACGTGNYNN; match class: 1",20092,9135
"3465","lightgreen",TRUE,0.0303792039501226,5691,968,312,0.322314049586777,0.0548234053769109,"TF:M04152_1","TF","Factor: TFAP2C; motif: NGCCCNNRGGCA; match class: 1",20092,8827
"3466","lightgreen",TRUE,0.0305570944929671,3952,968,224,0.231404958677686,0.0566801619433198,"TF:M11074_1","TF","Factor: DEC1; motif: GTCACGTGAC; match class: 1",20092,567
"3467","lightgreen",TRUE,0.0305653617815302,942,968,64,0.0661157024793388,0.0679405520169851,"TF:M07617_1","TF","Factor: Sp4; motif: SCCCCKCCCCCSN; match class: 1",20092,8117
"3468","lightgreen",TRUE,0.0305879164878948,1191,968,78,0.0805785123966942,0.0654911838790932,"TF:M12162","TF","Factor: KLF3; motif: GRCCACGCCCN",20092,4728
"3469","lightgreen",TRUE,0.0310589910313081,5235,968,289,0.298553719008264,0.0552053486150907,"TF:M04147","TF","Factor: TFAP2A; motif: NGCCYSAGGCN",20092,8780
"3470","lightgreen",TRUE,0.0311902209330936,13074,968,669,0.691115702479339,0.0511702615878844,"TF:M03976","TF","Factor: ERG; motif: ACCGGAWATCCGGT",20092,2076
"3471","lightgreen",TRUE,0.0311902209330936,3487,968,200,0.206611570247934,0.0573558933180384,"TF:M03914","TF","Factor: KLF16; motif: GMCACGCCCCC",20092,4710
"3472","lightgreen",TRUE,0.0312453449593623,4543,968,254,0.262396694214876,0.0559101915034118,"TF:M00807","TF","Factor: Egr; motif: GTGGGSGCRRS",20092,1714
"3473","lightgreen",TRUE,0.0315813864523033,14,968,4,0.00413223140495868,0.285714285714286,"TF:M11350_1","TF","Factor: MafG; motif: NTGCTGACGTCAGCAN; match class: 1",20092,5069
"3474","lightgreen",TRUE,0.0315813864523033,14,968,4,0.00413223140495868,0.285714285714286,"TF:M11235_1","TF","Factor: OASIS; motif: YGCCACGTCANC; match class: 1",20092,1019
"3475","lightgreen",TRUE,0.0316500788172358,2358,968,141,0.145661157024793,0.0597964376590331,"TF:M11309_1","TF","Factor: ATF-2; motif: NRTGACGTMANN; match class: 1",20092,293
"3476","lightgreen",TRUE,0.0317851332659891,6984,968,376,0.388429752066116,0.0538373424971363,"TF:M12000","TF","Factor: AML3; motif: NNAACCGCAAWAACCGCAAN",20092,7572
"3477","lightgreen",TRUE,0.032403731734601,2303,968,138,0.142561983471074,0.0599218410768563,"TF:M10591_1","TF","Factor: BSX; motif: NNCGTTAN; match class: 1",20092,627
"3478","lightgreen",TRUE,0.0339823107292947,2973,968,173,0.178719008264463,0.0581903800874538,"TF:M11446","TF","Factor: Elf-1; motif: RANSMGGAAGTR",20092,1748
"3479","lightgreen",TRUE,0.0341242828821479,435,968,34,0.0351239669421488,0.0781609195402299,"TF:M11048_1","TF","Factor: BMAL1; motif: RTCAYGTGMN; match class: 1",20092,213
"3480","lightgreen",TRUE,0.0345369110942118,1820,968,112,0.115702479338843,0.0615384615384615,"TF:M00179_1","TF","Factor: ATF2; motif: VGTGACGTMACN; match class: 1",20092,1085
"3481","lightgreen",TRUE,0.0346533322000403,1932,968,118,0.121900826446281,0.0610766045548654,"TF:M01820_1","TF","Factor: CREM; motif: TGACGTCASYN; match class: 1",20092,1115
"3482","lightgreen",TRUE,0.0347941963718423,1895,968,116,0.119834710743802,0.0612137203166227,"TF:M00004_1","TF","Factor: c-Myb; motif: NCNRNNGRCNGTTGGKGG; match class: 1",20092,923
"3483","lightgreen",TRUE,0.0349181896798764,1162,968,76,0.0785123966942149,0.0654044750430293,"TF:M12404","TF","Factor: KLF15; motif: NCCCCGCCCCN",20092,4706
"3484","lightgreen",TRUE,0.0351820385714443,54,968,8,0.00826446280991736,0.148148148148148,"TF:M06130","TF","Factor: ZNF254; motif: KGGTWCKAAGGM",20092,10048
"3485","lightgreen",TRUE,0.0351820385714443,3614,968,206,0.212809917355372,0.0570005534034311,"TF:M12730","TF","Factor: ZBTB4; motif: NNGTSACKYSAYCTNN",20092,9430
"3486","lightgreen",TRUE,0.0354623618200959,2556,968,151,0.15599173553719,0.0590766823161189,"TF:M11095","TF","Factor: USF2; motif: RNCAYGTGACN",20092,9118
"3487","lightgreen",TRUE,0.0356722427703518,2958,968,172,0.177685950413223,0.0581473968897904,"TF:M10108_1","TF","Factor: WT1; motif: RGGNGGGGGAGGRGGNGGRG; match class: 1",20092,9219
"3488","lightgreen",TRUE,0.0361253496228382,2959,968,172,0.177685950413223,0.0581277458600879,"TF:M00322_1","TF","Factor: c-Myc:Max; motif: GCCAYGYGSN; match class: 1",20092,5555
"3489","lightgreen",TRUE,0.0362639302554561,1546,968,97,0.100206611570248,0.0627425614489004,"TF:M09969_1","TF","Factor: EKLF; motif: NGGGYGKGGCNNGG; match class: 1",20092,1729
"3490","lightgreen",TRUE,0.0364415754489675,11797,968,608,0.628099173553719,0.0515385267440875,"TF:M11877","TF","Factor: pax-2; motif: NCGTCACGCNYSRNYGCNYN",20092,6516
"3491","lightgreen",TRUE,0.0364689176503317,309,968,26,0.0268595041322314,0.0841423948220065,"TF:M04112","TF","Factor: GMEB2; motif: TTACGYAM",20092,3360
"3492","lightgreen",TRUE,0.0367586043423139,14145,968,718,0.741735537190083,0.0507599858607282,"TF:M10491","TF","Factor: ZNF586; motif: CAGGCCYRGAGG",20092,11034
"3493","lightgreen",TRUE,0.0370475424670877,14427,968,731,0.755165289256198,0.0506688847300201,"TF:M11393","TF","Factor: Erg; motif: NACCGGATATCCGGTN",20092,2088
"3494","lightgreen",TRUE,0.0373544097920438,4010,968,226,0.233471074380165,0.056359102244389,"TF:M00976","TF","Factor: AhR,; motif: NRCGTGNGN",20092,16
"3495","lightgreen",TRUE,0.0376143028120278,1733,968,107,0.110537190082645,0.0617426428159261,"TF:M00916_1","TF","Factor: CREB; motif: NNTKACGTCANNNS; match class: 1",20092,1093
"3496","lightgreen",TRUE,0.038173232178253,174,968,17,0.0175619834710744,0.0977011494252874,"TF:M11331_1","TF","Factor: Hlf; motif: NNTTACGTAANN; match class: 1",20092,3587
"3497","lightgreen",TRUE,0.038794733990005,6420,968,347,0.358471074380165,0.0540498442367601,"TF:M01045","TF","Factor: AP-2alphaA; motif: ANNGCCTNAGGSNNT",20092,132
"3498","lightgreen",TRUE,0.0391812235643351,1606,968,100,0.103305785123967,0.062266500622665,"TF:M10991","TF","Factor: lmx1b; motif: CTCGTTAA",20092,4940
"3499","lightgreen",TRUE,0.0396515176288468,4369,968,244,0.252066115702479,0.0558480201419089,"TF:M02011","TF","Factor: HES-1; motif: GSCACGMGMC",20092,3476
"3500","lightgreen",TRUE,0.0399235616304044,2413,968,143,0.147727272727273,0.0592623290509739,"TF:M00796","TF","Factor: USF; motif: NRCCACGTGASN",20092,9140
"3501","lightgreen",TRUE,0.0400662004673135,710,968,50,0.0516528925619835,0.0704225352112676,"TF:M03973","TF","Factor: ELK4; motif: ACCGGAARTN",20092,1926
"3502","lightgreen",TRUE,0.0403254785887237,15,968,4,0.00413223140495868,0.266666666666667,"TF:M11350","TF","Factor: MafG; motif: NTGCTGACGTCAGCAN",20092,5068
"3503","lightgreen",TRUE,0.0403517255851966,6687,968,360,0.371900826446281,0.053835800807537,"TF:M03962_1","TF","Factor: E2F-3; motif: NNTTTTGGCGCCAAAACT; match class: 1",20092,1527
"3504","lightgreen",TRUE,0.0403517255851966,4194,968,235,0.242768595041322,0.0560324272770625,"TF:M11074","TF","Factor: DEC1; motif: GTCACGTGAC",20092,566
"3505","lightgreen",TRUE,0.0403517255851966,920,968,62,0.0640495867768595,0.0673913043478261,"TF:M01843_1","TF","Factor: DEC2; motif: SNTCACGTGS; match class: 1",20092,1253
"3506","lightgreen",TRUE,0.0411380972635826,1776,968,109,0.112603305785124,0.0613738738738739,"TF:M02279","TF","Factor: CREB1; motif: TGACGTCA",20092,980
"3507","lightgreen",TRUE,0.0414075798192689,133,968,14,0.0144628099173554,0.105263157894737,"TF:M10810","TF","Factor: HOXC10; motif: NGYMATAAAAN",20092,4092
"3508","lightgreen",TRUE,0.0414075798192689,133,968,14,0.0144628099173554,0.105263157894737,"TF:M10792","TF","Factor: HOXD10; motif: GGTAATAAAAN",20092,4170
"3509","lightgreen",TRUE,0.0414081516425788,3922,968,221,0.228305785123967,0.0563488016318205,"TF:M03811_1","TF","Factor: AP-2gamma; motif: GCCYNCRGSN; match class: 1",20092,149
"3510","lightgreen",TRUE,0.0418828981421886,5366,968,294,0.303719008264463,0.0547894148341409,"TF:M11073_1","TF","Factor: DEC1; motif: GTCACGTGAC; match class: 1",20092,565
"3511","lightgreen",TRUE,0.0423383914860306,4297,968,240,0.247933884297521,0.0558529206423086,"TF:M11005_1","TF","Factor: LHX4; motif: NNCRTTAN; match class: 1",20092,4857
"3512","lightgreen",TRUE,0.0426028133098151,2973,968,172,0.177685950413223,0.0578540195089136,"TF:M12148","TF","Factor: SP8; motif: NCCACGCCCMCN",20092,8132
"3513","lightgreen",TRUE,0.0429261653012379,3808,968,215,0.222107438016529,0.0564600840336134,"TF:M00187","TF","Factor: USF; motif: GYCACGTGNC",20092,9138
"3514","lightgreen",TRUE,0.0429957925008148,800,968,55,0.0568181818181818,0.06875,"TF:M00302","TF","Factor: NFAT; motif: NANWGGAAAANN",20092,5824
"3515","lightgreen",TRUE,0.0430201886753787,2897,968,168,0.173553719008264,0.0579910251984812,"TF:M01112","TF","Factor: RBP-Jkappa; motif: ANCGTGGGAAM",20092,7316
"3516","lightgreen",TRUE,0.0433517229891346,8,968,3,0.00309917355371901,0.375,"TF:M04359_1","TF","Factor: HOXD11; motif: RTCGTAAAAN; match class: 1",20092,4181
"3517","lightgreen",TRUE,0.0433517229891346,8,968,3,0.00309917355371901,0.375,"TF:M13372","TF","Factor: ZNF547; motif: TGCTAATGCARCA",20092,10862
"3518","lightgreen",TRUE,0.0445083940103017,1800,968,110,0.113636363636364,0.0611111111111111,"TF:M12182","TF","Factor: BTEB3; motif: NRCCACGCCCMCN",20092,650
"3519","lightgreen",TRUE,0.0455707484226205,428,968,33,0.0340909090909091,0.0771028037383178,"TF:M09913_1","TF","Factor: ER81; motif: NNCCGGAAGYG; match class: 1",20092,2009
"3520","lightgreen",TRUE,0.0455931201340871,1340,968,85,0.0878099173553719,0.0634328358208955,"TF:M08232_1","TF","Factor: Elk-1:TEF; motif: RCCGGAAGTTACGTAAN; match class: 1",20092,1881
"3521","lightgreen",TRUE,0.0471120881016813,19718,968,960,0.991735537190083,0.0486864793589614,"TF:M01822","TF","Factor: CPBP; motif: SNCCCNN",20092,972
"3522","lightgreen",TRUE,0.0471120881016813,3446,968,196,0.202479338842975,0.0568775391758561,"TF:M13142_1","TF","Factor: ZBTB33; motif: GGYGCTG; match class: 1",20092,9377
"3523","lightgreen",TRUE,0.0471692550473008,3524,968,200,0.206611570247934,0.0567536889897843,"TF:M10085","TF","Factor: RBPJK; motif: NSNSTGGGAAN",20092,7320
"3524","lightgreen",TRUE,0.0475685369335742,1379,968,87,0.0898760330578512,0.0630891950688905,"TF:M09893_1","TF","Factor: E2F-3; motif: NNGGCGGGAAA; match class: 1",20092,1529
"3525","lightgreen",TRUE,0.0480816998155397,4408,968,245,0.253099173553719,0.0555807622504537,"TF:M00801","TF","Factor: CREB; motif: CGTCAN",20092,1094
"3526","lightgreen",TRUE,0.0483185074062351,9719,968,507,0.523760330578512,0.0521658606852557,"TF:M08229","TF","Factor: Elk-1:SREBP-2; motif: RTCACGTGACCGGAAGN",20092,1876
"3527","lightgreen",TRUE,0.0487493257353844,615,968,44,0.0454545454545455,0.0715447154471545,"TF:M11303","TF","Factor: batf3; motif: GRTGACGTCATC",20092,452
"3528","lightgreen",TRUE,0.0492244285354004,5483,968,299,0.308884297520661,0.0545321904067117,"TF:M00514","TF","Factor: ATF4; motif: CVTGACGYMABG",20092,340
"3529","lightgreen",TRUE,0.0494753408233986,5264,968,288,0.297520661157025,0.0547112462006079,"TF:M12694_1","TF","Factor: ZFP14; motif: SCNNYCCNGNNSCTSCNC; match class: 1",20092,9499
"3530","lightgreen",TRUE,0.0495596961497175,5384,968,294,0.303719008264463,0.0546062407132244,"TF:M12057","TF","Factor: ZBP99; motif: GCCCMTCCCCCR",20092,9528
"3531","lightgreen",TRUE,0.0495596961497175,35,968,6,0.00619834710743802,0.171428571428571,"TF:M05964","TF","Factor: ZNF553; motif: KGTGGCGGCTGM",20092,10890
"3532","lightgreen",TRUE,0.0498139528609623,1603,968,99,0.102272727272727,0.0617592014971928,"TF:M06069","TF","Factor: ZNF253; motif: KKGCARMMGM",20092,10038
"3533","lightgreen",TRUE,0.00282290766263515,421,478,46,0.096234309623431,0.109263657957245,"WP:WP2004","WP","miR targeted genes in lymphocytes",8752,64
"3534","lightgreen",TRUE,0.0076638822041808,132,478,20,0.0418410041841004,0.151515151515152,"WP:WP3915","WP","Angiopoietin like protein 8 regulatory pathway",8752,301
"3535","lightgreen",TRUE,0.0076638822041808,350,478,38,0.0794979079497908,0.108571428571429,"WP:WP2005","WP","miR targeted genes in muscle cell",8752,65
"3536","lightgreen",TRUE,0.00987988589105071,51,478,11,0.0230125523012552,0.215686274509804,"WP:WP3286","WP","Copper homeostasis",8752,208
"3537","lightgreen",TRUE,0.00987988589105071,68,478,13,0.0271966527196653,0.191176470588235,"WP:WP3303","WP","RAC1 PAK1 p38 MMP2 pathway",8752,216
"3538","lightgreen",TRUE,0.0129416295770446,64,478,12,0.0251046025104603,0.1875,"WP:WP4313","WP","Ferroptosis",8752,410
"3539","lightgreen",TRUE,0.0129416295770446,158,478,21,0.0439330543933054,0.132911392405063,"WP:WP437","WP","EGF EGFR signaling",8752,426
"3540","lightgreen",TRUE,0.0129416295770446,160,478,21,0.0439330543933054,0.13125,"WP:WP481","WP","Insulin signaling",8752,543
"3541","lightgreen",TRUE,0.0282216485542669,34,478,8,0.0167364016736402,0.235294117647059,"WP:WP313","WP","Hepatocyte growth factor receptor signaling",8752,204
"3542","lightgreen",TRUE,0.0311176518740697,126,478,17,0.0355648535564854,0.134920634920635,"WP:WP411","WP","mRNA processing",8752,346
"3543","lightgreen",TRUE,0.0358570941879847,85,478,13,0.0271966527196653,0.152941176470588,"WP:WP138","WP","Androgen receptor signaling",8752,12
"3544","lightgreen",TRUE,0.0358570941879847,4,478,3,0.00627615062761506,0.75,"WP:WP5189","WP","Copper metabolism",8752,709
