"","query","significant","p_value","term_size","query_size","intersection_size","precision","recall","term_id","source","term_name","effective_domain_size","source_order"
"1","magenta",TRUE,0.00269479110222428,3,22,2,0.0909090909090909,0.666666666666667,"CORUM:6586","CORUM","VEcad-VEGFR complex",3383,2236
"2","magenta",TRUE,0.00269479110222428,3,22,2,0.0909090909090909,0.666666666666667,"CORUM:2536","CORUM","PLC-gamma-2-SLP-76-Lyn-Grb2 complex",3383,1076
"3","magenta",TRUE,0.00269479110222428,2,22,2,0.0909090909090909,1,"CORUM:6418","CORUM","C1q complex",3383,2113
"4","magenta",TRUE,0.00402625021904926,4,22,2,0.0909090909090909,0.5,"CORUM:5772","CORUM","ZO1-(beta)cadherin-(VE)cadherin-VEGFR2 complex",3383,1809
"5","magenta",TRUE,0.0216503912892315,2,22,1,0.0454545454545455,0.5,"CORUM:6061","CORUM","DISC1-ZNF365 complex",3383,1865
"6","magenta",TRUE,0.0216503912892315,3,22,1,0.0454545454545455,0.333333333333333,"CORUM:1615","CORUM","G protein complex (BTK, GNG1, GNG2)",3383,789
"7","magenta",TRUE,0.0216503912892315,1,22,1,0.0454545454545455,1,"CORUM:2010","CORUM","AXL homodimer complex",3383,884
"8","magenta",TRUE,0.0216503912892315,3,22,1,0.0454545454545455,0.333333333333333,"CORUM:2390","CORUM","CD98-LAT2-ITGB1 complex",3383,1018
"9","magenta",TRUE,0.0216503912892315,2,22,1,0.0454545454545455,0.5,"CORUM:2420","CORUM","ITGA4-ITGB1-CD53 complex",3383,1033
"10","magenta",TRUE,0.0216503912892315,3,22,1,0.0454545454545455,0.333333333333333,"CORUM:2440","CORUM","ITGA9-ITGB1-ADAM9 complex",3383,1049
"11","magenta",TRUE,0.0216503912892315,2,22,1,0.0454545454545455,0.5,"CORUM:2442","CORUM","ITGA9-ITGB1-VCAM1 complex",3383,1050
"12","magenta",TRUE,0.0216503912892315,2,22,1,0.0454545454545455,0.5,"CORUM:2443","CORUM","ITGA9-ITGB1-TNC complex",3383,1051
"13","magenta",TRUE,0.0216503912892315,2,22,1,0.0454545454545455,0.5,"CORUM:2444","CORUM","ITGB1-ITGA9 complex",3383,1052
"14","magenta",TRUE,0.0216503912892315,3,22,1,0.0454545454545455,0.333333333333333,"CORUM:2445","CORUM","ITGA9-ITGB1-ADAM15 complex",3383,1053
"15","magenta",TRUE,0.0216503912892315,3,22,1,0.0454545454545455,0.333333333333333,"CORUM:2446","CORUM","ITGA9-ITGB1-FIGF complex",3383,1054
"16","magenta",TRUE,0.0216503912892315,3,22,1,0.0454545454545455,0.333333333333333,"CORUM:2447","CORUM","ITGA9-ITGB1-ADAM12 complex",3383,1055
"17","magenta",TRUE,0.0216503912892315,2,22,1,0.0454545454545455,0.5,"CORUM:6299","CORUM","ELK1-SAP1a-EWS-FLI-FLI complex",3383,2039
"18","magenta",TRUE,0.0216503912892315,3,22,1,0.0454545454545455,0.333333333333333,"CORUM:2534","CORUM","Cbl-SLP-76-Grb2 complex, Fc receptor gamma-R1 stimulated",3383,1074
"19","magenta",TRUE,0.0216503912892315,3,22,1,0.0454545454545455,0.333333333333333,"CORUM:831","CORUM","PAR-6-PAR-3-VE-cadherin complex, endothelial",3383,473
"20","magenta",TRUE,0.0216503912892315,2,22,1,0.0454545454545455,0.5,"CORUM:829","CORUM","PAR-6-VE-cadherin complex, endothelial",3383,472
"21","magenta",TRUE,0.0216503912892315,3,22,1,0.0454545454545455,0.333333333333333,"CORUM:826","CORUM","PAR-3-VE-cadherin-beta-catenin complex",3383,469
"22","magenta",TRUE,0.0216503912892315,3,22,1,0.0454545454545455,0.333333333333333,"CORUM:6616","CORUM","CADM1-4.1B-MPP3 complex",3383,2256
"23","magenta",TRUE,0.0216503912892315,2,22,1,0.0454545454545455,0.5,"CORUM:6758","CORUM","IL10 receptor",3383,2357
"24","magenta",TRUE,0.0216503912892315,3,22,1,0.0454545454545455,0.333333333333333,"CORUM:6799","CORUM","VEGFR2-S1PR1-ERK1/2-PKC-alpha complex",3383,2381
"25","magenta",TRUE,0.0216503912892315,3,22,1,0.0454545454545455,0.333333333333333,"CORUM:6800","CORUM","VEGFR2-S1PR2-ERK1/2-PKC-alpha complex",3383,2382
"26","magenta",TRUE,0.0216503912892315,3,22,1,0.0454545454545455,0.333333333333333,"CORUM:6801","CORUM","VEGFR2-S1PR3-ERK1/2-PKC-alpha complex",3383,2383
"27","magenta",TRUE,0.0216503912892315,3,22,1,0.0454545454545455,0.333333333333333,"CORUM:7004","CORUM","HTT-DISC1-PDE4B complex",3383,2513
"28","magenta",TRUE,0.0216503912892315,3,22,1,0.0454545454545455,0.333333333333333,"CORUM:7063","CORUM","C9orf72-SMCR8-WDR41 complex",3383,2560
"29","magenta",TRUE,0.0216503912892315,2,22,1,0.0454545454545455,0.5,"CORUM:7064","CORUM","C9orf72-SMCR8 complex",3383,2561
"30","magenta",TRUE,0.0216503912892315,1,22,1,0.0454545454545455,1,"CORUM:7235","CORUM","DISC1-DRD2 complex",3383,2710
"31","magenta",TRUE,0.0216503912892315,1,22,1,0.0454545454545455,1,"CORUM:7310","CORUM","IL10-IL10RA complex",3383,2762
"32","magenta",TRUE,0.0216503912892315,2,22,1,0.0454545454545455,0.5,"CORUM:7319","CORUM","CLEC4E-FCER1G complex",3383,2770
"33","magenta",TRUE,0.0216503912892315,2,22,1,0.0454545454545455,0.5,"CORUM:7345","CORUM","DISC1-TRAK1 complex",3383,2783
"34","magenta",TRUE,0.0216503912892315,2,22,1,0.0454545454545455,0.5,"CORUM:7346","CORUM","DISC1-RHOT1 complex",3383,2784
"35","magenta",TRUE,0.0216503912892315,2,22,1,0.0454545454545455,0.5,"CORUM:6046","CORUM","PDE4B-DISC1 complex",3383,1861
"36","magenta",TRUE,0.0216503912892315,3,22,1,0.0454545454545455,0.333333333333333,"CORUM:2535","CORUM","SLP-76-Cbl-Grb2-Shc complex, Fc receptor gamma-R1 stimulated",3383,1075
"37","magenta",TRUE,0.0216503912892315,2,22,1,0.0454545454545455,0.5,"CORUM:6256","CORUM","GM-CSF-receptor complex",3383,2010
"38","magenta",TRUE,0.0216503912892315,3,22,1,0.0454545454545455,0.333333333333333,"CORUM:6802","CORUM","VEGFR2-S1PR5-ERK1/2-PKC-alpha complex",3383,2384
"39","magenta",TRUE,0.0216503912892315,3,22,1,0.0454545454545455,0.333333333333333,"CORUM:2563","CORUM","FGFR2-c-Cbl-Lyn-Fyn complex",3383,1084
"40","magenta",TRUE,0.0216503912892315,2,22,1,0.0454545454545455,0.5,"CORUM:6043","CORUM","DISC-FEZ1-F-actin complex",3383,1860
"41","magenta",TRUE,0.0216503912892315,2,22,1,0.0454545454545455,0.5,"CORUM:3111","CORUM","ITGA9-ITGB1-SPP1 complex",3383,1400
"42","magenta",TRUE,0.0216503912892315,2,22,1,0.0454545454545455,0.5,"CORUM:3035","CORUM","LAT2-ITGB1 complex",3383,1346
"43","magenta",TRUE,0.0216503912892315,2,22,1,0.0454545454545455,0.5,"CORUM:6041","CORUM","DISC1-FEZ1 complex",3383,1859
"44","magenta",TRUE,0.0216503912892315,3,22,1,0.0454545454545455,0.333333333333333,"CORUM:2989","CORUM","ITGA9-ITGB1-ADAM8 complex",3383,1324
"45","magenta",TRUE,0.0216503912892315,2,22,1,0.0454545454545455,0.5,"CORUM:2972","CORUM","ITGA9-ITGB1-VEGFA complex",3383,1321
"46","magenta",TRUE,0.0216503912892315,3,22,1,0.0454545454545455,0.333333333333333,"CORUM:2971","CORUM","ITGA9-ITGB1-VEGFC complex",3383,1320
"47","magenta",TRUE,0.0216503912892315,2,22,1,0.0454545454545455,0.5,"CORUM:2963","CORUM","ITK-SLP-76 complex, anti-TCR stimulated",3383,1315
"48","magenta",TRUE,0.0216503912892315,2,22,1,0.0454545454545455,0.5,"CORUM:2961","CORUM","SLP-76-PLC-gamma-1-VAV complex, alpha-TCR stimulated",3383,1313
"49","magenta",TRUE,0.0216503912892315,2,22,1,0.0454545454545455,0.5,"CORUM:5673","CORUM","PlexinA1-Nrp2 complex",3383,1769
"50","magenta",TRUE,0.0216503912892315,2,22,1,0.0454545454545455,0.5,"CORUM:5341","CORUM","ELMO1-DOCK2 complex",3383,1643
"51","magenta",TRUE,0.0216503912892315,3,22,1,0.0454545454545455,0.333333333333333,"CORUM:2960","CORUM","SLP-76-PLC-gamma-1-ITK complex, alpha-TCR stimulated",3383,1312
"52","magenta",TRUE,0.0216503912892315,1,22,1,0.0454545454545455,1,"CORUM:2912","CORUM","PLC-gamma-2-SLP-76 complex",3383,1284
"53","magenta",TRUE,0.0216503912892315,1,22,1,0.0454545454545455,1,"CORUM:2910","CORUM","PLC-gamma-2-Lyn-FcR-gamma complex",3383,1282
"54","magenta",TRUE,0.0216503912892315,2,22,1,0.0454545454545455,0.5,"CORUM:5732","CORUM","NRP2-VEGFC complex",3383,1790
"55","magenta",TRUE,0.0216503912892315,2,22,1,0.0454545454545455,0.5,"CORUM:5733","CORUM","NRP2-VEGFD complex, heparin dependent",3383,1791
"56","magenta",TRUE,0.0216503912892315,2,22,1,0.0454545454545455,0.5,"CORUM:2909","CORUM","PLC-gamma-2-Syk-LAT-FcR-gamma complex",3383,1281
"57","magenta",TRUE,0.0216503912892315,3,22,1,0.0454545454545455,0.333333333333333,"CORUM:2565","CORUM","CD20-LCK-LYN-FYN-p75/80 complex, (Raji human B cell line)",3383,1086
"58","magenta",TRUE,0.0216503912892315,3,22,1,0.0454545454545455,0.333333333333333,"CORUM:2564","CORUM","p21(ras)GAP-Fyn-Lyn-Yes complex, thrombin stimulated",3383,1085
"59","magenta",TRUE,0.0216503912892315,2,22,1,0.0454545454545455,0.5,"CORUM:5740","CORUM","NRP2-VEGFR3 complex",3383,1795
"60","magenta",TRUE,0.0216503912892315,2,22,1,0.0454545454545455,0.5,"CORUM:6137","CORUM","GM-CSF receptor complex",3383,1920
"61","magenta",TRUE,0.0278494027340833,4,22,1,0.0454545454545455,0.25,"CORUM:2955","CORUM","LCK-SLP76-PLC-gamma-1-LAT complex, pervanadate-activated",3383,1307
"62","magenta",TRUE,0.0278494027340833,4,22,1,0.0454545454545455,0.25,"CORUM:2547","CORUM","PLC-gamma-1-SLP-76-SOS1-LAT complex",3383,1081
"63","magenta",TRUE,0.0395997620783922,6,22,1,0.0454545454545455,0.166666666666667,"CORUM:7265","CORUM","MLC1-Na,K-ATPase-Kir4.1-AQP4-TRPV4-syntrophin complex",3383,2730
"64","magenta",TRUE,0.0395997620783922,6,22,1,0.0454545454545455,0.166666666666667,"CORUM:7268","CORUM","HEPACAM-MLC1-Na,K-ATPase-Kir4.1-AQP4-TRPV4 complex",3383,2733
"65","magenta",TRUE,0.0395997620783922,6,22,1,0.0454545454545455,0.166666666666667,"CORUM:2529","CORUM","LAT-PLC-gamma-1-p85-GRB2-CBL-VAV-SLP-76 signaling complex, C305 activated",3383,1073
"66","magenta",TRUE,0.0453590604680744,7,22,1,0.0454545454545455,0.142857142857143,"CORUM:7065","CORUM","WDR41-(C9orf72-SMCR8)-(FIP200-ULK1-ATG13-ATG101) complex",3383,2562
"67","magenta",TRUE,6.85484459497281e-33,2871,169,92,0.544378698224852,0.0320445837687217,"GO:0002376","GO:BP","immune system process",21026,904
"68","magenta",TRUE,6.85484459497281e-33,2070,169,80,0.473372781065089,0.0386473429951691,"GO:0006955","GO:BP","immune response",21026,2575
"69","magenta",TRUE,1.64445630457096e-32,1581,169,71,0.420118343195266,0.0449082858950032,"GO:0002682","GO:BP","regulation of immune system process",21026,1198
"70","magenta",TRUE,7.00763980631746e-32,1853,169,75,0.443786982248521,0.0404749055585537,"GO:0006952","GO:BP","defense response",21026,2572
"71","magenta",TRUE,1.27819944930823e-26,8999,169,143,0.846153846153846,0.0158906545171686,"GO:0050896","GO:BP","response to stimulus",21026,13167
"72","magenta",TRUE,1.27819944930823e-26,947,169,52,0.307692307692308,0.0549102428722281,"GO:0050776","GO:BP","regulation of immune response",21026,13079
"73","magenta",TRUE,3.64943840280436e-26,2415,169,77,0.455621301775148,0.0318840579710145,"GO:0009605","GO:BP","response to external stimulus",21026,3519
"74","magenta",TRUE,1.30940669707485e-24,1099,169,53,0.313609467455621,0.0482256596906278,"GO:0002684","GO:BP","positive regulation of immune system process",21026,1200
"75","magenta",TRUE,8.9977859098642e-22,862,169,45,0.266272189349112,0.0522041763341067,"GO:0006954","GO:BP","inflammatory response",21026,2574
"76","magenta",TRUE,1.15529162380151e-21,3993,169,91,0.538461538461538,0.0227898822940145,"GO:0048583","GO:BP","regulation of response to stimulus",21026,12687
"77","magenta",TRUE,1.08743644176618e-20,781,169,42,0.248520710059172,0.0537772087067862,"GO:0001817","GO:BP","regulation of cytokine production",21026,472
"78","magenta",TRUE,1.33670801187168e-20,787,169,42,0.248520710059172,0.0533672172808132,"GO:0001816","GO:BP","cytokine production",21026,471
"79","magenta",TRUE,1.42944460937854e-20,980,169,46,0.272189349112426,0.0469387755102041,"GO:0045321","GO:BP","leukocyte activation",21026,11194
"80","magenta",TRUE,2.76459988099113e-20,760,169,41,0.242603550295858,0.0539473684210526,"GO:0050778","GO:BP","positive regulation of immune response",21026,13081
"81","magenta",TRUE,5.86081028387503e-20,732,169,40,0.236686390532544,0.0546448087431694,"GO:0002252","GO:BP","immune effector process",21026,782
"82","magenta",TRUE,8.11803983143733e-20,1132,169,48,0.284023668639053,0.0424028268551237,"GO:0001775","GO:BP","cell activation",21026,438
"83","magenta",TRUE,1.09099609027288e-19,2331,169,67,0.396449704142012,0.0287430287430287,"GO:0048584","GO:BP","positive regulation of response to stimulus",21026,12688
"84","magenta",TRUE,1.21375013056448e-19,540,169,35,0.207100591715976,0.0648148148148148,"GO:0002764","GO:BP","immune response-regulating signaling pathway",21026,1273
"85","magenta",TRUE,1.54527625579441e-19,3948,169,87,0.514792899408284,0.0220364741641337,"GO:0006950","GO:BP","response to stress",21026,2571
"86","magenta",TRUE,3.56400808867654e-18,6002,169,106,0.627218934911243,0.0176607797400866,"GO:0007165","GO:BP","signal transduction",21026,2716
"87","magenta",TRUE,8.13894844332091e-18,1634,169,54,0.319526627218935,0.0330477356181151,"GO:0009607","GO:BP","response to biotic stimulus",21026,3521
"88","magenta",TRUE,9.29722236146876e-18,6515,169,110,0.650887573964497,0.0168841135840368,"GO:0023052","GO:BP","signaling",21026,6607
"89","magenta",TRUE,1.23034884922119e-17,6540,169,110,0.650887573964497,0.0168195718654434,"GO:0007154","GO:BP","cell communication",21026,2705
"90","magenta",TRUE,1.23645903817268e-17,1592,169,53,0.313609467455621,0.0332914572864322,"GO:0051707","GO:BP","response to other organism",21026,13714
"91","magenta",TRUE,1.23645903817268e-17,1530,169,52,0.307692307692308,0.0339869281045752,"GO:0007155","GO:BP","cell adhesion",21026,2706
"92","magenta",TRUE,1.28302277263005e-17,1595,169,53,0.313609467455621,0.0332288401253919,"GO:0043207","GO:BP","response to external biotic stimulus",21026,10480
"93","magenta",TRUE,1.64867554230082e-17,7376,169,117,0.692307692307692,0.0158622559652928,"GO:0051716","GO:BP","cellular response to stimulus",21026,13719
"94","magenta",TRUE,2.49156775951578e-17,560,169,33,0.195266272189349,0.0589285714285714,"GO:0002253","GO:BP","activation of immune response",21026,783
"95","magenta",TRUE,8.13913218944848e-17,1667,169,53,0.313609467455621,0.0317936412717457,"GO:0051240","GO:BP","positive regulation of multicellular organismal process",21026,13408
"96","magenta",TRUE,2.61811127459004e-16,2956,169,70,0.414201183431953,0.023680649526387,"GO:0051239","GO:BP","regulation of multicellular organismal process",21026,13407
"97","magenta",TRUE,4.22956746159309e-16,341,169,26,0.153846153846154,0.0762463343108504,"GO:0002768","GO:BP","immune response-regulating cell surface receptor signaling pathway",21026,1277
"98","magenta",TRUE,5.02818846043263e-16,494,169,30,0.177514792899408,0.0607287449392713,"GO:0001819","GO:BP","positive regulation of cytokine production",21026,474
"99","magenta",TRUE,5.8032463933948e-16,814,169,37,0.218934911242604,0.0454545454545455,"GO:0046649","GO:BP","lymphocyte activation",21026,12121
"100","magenta",TRUE,7.28361762978251e-16,1759,169,53,0.313609467455621,0.0301307561114269,"GO:0044419","GO:BP","biological process involved in interspecies interaction between organisms",21026,10892
"101","magenta",TRUE,1.50426669854115e-15,2819,169,67,0.396449704142012,0.023767293366442,"GO:0007166","GO:BP","cell surface receptor signaling pathway",21026,2717
"102","magenta",TRUE,3.52116766706829e-15,762,169,35,0.207100591715976,0.0459317585301837,"GO:0002250","GO:BP","adaptive immune response",21026,780
"103","magenta",TRUE,5.73358063282057e-15,984,169,39,0.230769230769231,0.0396341463414634,"GO:0045087","GO:BP","innate immune response",21026,11116
"104","magenta",TRUE,5.73358063282057e-15,632,169,32,0.189349112426035,0.0506329113924051,"GO:0050865","GO:BP","regulation of cell activation",21026,13141
"105","magenta",TRUE,1.28484680454175e-14,6264,169,102,0.603550295857988,0.0162835249042146,"GO:0048518","GO:BP","positive regulation of biological process",21026,12634
"106","magenta",TRUE,1.72622643346097e-14,401,169,26,0.153846153846154,0.0648379052369077,"GO:0002697","GO:BP","regulation of immune effector process",21026,1213
"107","magenta",TRUE,2.85174463173816e-14,267,169,22,0.130177514792899,0.0823970037453183,"GO:0070663","GO:BP","regulation of leukocyte proliferation",21026,16016
"108","magenta",TRUE,3.27300824811051e-14,494,169,28,0.165680473372781,0.0566801619433198,"GO:0002757","GO:BP","immune response-activating signaling pathway",21026,1266
"109","magenta",TRUE,8.31877628683171e-14,316,169,23,0.136094674556213,0.0727848101265823,"GO:0002366","GO:BP","leukocyte activation involved in immune response",21026,896
"110","magenta",TRUE,9.00867162152027e-14,515,169,28,0.165680473372781,0.054368932038835,"GO:0002683","GO:BP","negative regulation of immune system process",21026,1199
"111","magenta",TRUE,9.52907960303166e-14,355,169,24,0.142011834319527,0.0676056338028169,"GO:0070661","GO:BP","leukocyte proliferation",21026,16014
"112","magenta",TRUE,1.02153722993352e-13,320,169,23,0.136094674556213,0.071875,"GO:0002263","GO:BP","cell activation involved in immune response",21026,793
"113","magenta",TRUE,1.07524324335549e-13,12743,169,149,0.881656804733728,0.0116926940280939,"GO:0065007","GO:BP","biological regulation",21026,15666
"114","magenta",TRUE,1.07524324335549e-13,1082,169,39,0.230769230769231,0.0360443622920518,"GO:0140546","GO:BP","defense response to symbiont",21026,19565
"115","magenta",TRUE,1.11651581229053e-13,1263,169,42,0.248520710059172,0.0332541567695962,"GO:0098542","GO:BP","defense response to other organism",21026,18545
"116","magenta",TRUE,3.55884242563668e-13,237,169,20,0.118343195266272,0.0843881856540084,"GO:0050670","GO:BP","regulation of lymphocyte proliferation",21026,13033
"117","magenta",TRUE,5.10990434079106e-13,242,169,20,0.118343195266272,0.0826446280991736,"GO:0032944","GO:BP","regulation of mononuclear cell proliferation",21026,7872
"118","magenta",TRUE,5.10990434079106e-13,310,169,22,0.130177514792899,0.0709677419354839,"GO:0002429","GO:BP","immune response-activating cell surface receptor signaling pathway",21026,950
"119","magenta",TRUE,5.34095265621497e-13,311,169,22,0.130177514792899,0.0707395498392283,"GO:0046651","GO:BP","lymphocyte proliferation",21026,12122
"120","magenta",TRUE,5.37441002199862e-13,1082,169,38,0.224852071005917,0.0351201478743068,"GO:0032101","GO:BP","regulation of response to external stimulus",21026,7318
"121","magenta",TRUE,6.73392204732139e-13,7322,169,108,0.63905325443787,0.0147500682873532,"GO:0032501","GO:BP","multicellular organismal process",21026,7557
"122","magenta",TRUE,8.53681101643228e-13,319,169,22,0.130177514792899,0.0689655172413793,"GO:0032943","GO:BP","mononuclear cell proliferation",21026,7871
"123","magenta",TRUE,8.96636815987903e-13,12336,169,145,0.857988165680473,0.011754215304799,"GO:0050789","GO:BP","regulation of biological process",21026,13086
"124","magenta",TRUE,1.13541837822982e-12,576,169,28,0.165680473372781,0.0486111111111111,"GO:0002694","GO:BP","regulation of leukocyte activation",21026,1210
"125","magenta",TRUE,1.15122942181441e-12,402,169,24,0.142011834319527,0.0597014925373134,"GO:0050900","GO:BP","leukocyte migration",21026,13170
"126","magenta",TRUE,1.20901834028683e-12,164,169,17,0.100591715976331,0.103658536585366,"GO:0070665","GO:BP","positive regulation of leukocyte proliferation",21026,16018
"127","magenta",TRUE,2.23917675365119e-12,415,169,24,0.142011834319527,0.0578313253012048,"GO:0007159","GO:BP","leukocyte cell-cell adhesion",21026,2710
"128","magenta",TRUE,2.31582739439131e-12,171,169,17,0.100591715976331,0.0994152046783626,"GO:1903555","GO:BP","regulation of tumor necrosis factor superfamily cytokine production",21026,22771
"129","magenta",TRUE,2.31582739439131e-12,171,169,17,0.100591715976331,0.0994152046783626,"GO:0071706","GO:BP","tumor necrosis factor superfamily cytokine production",21026,16639
"130","magenta",TRUE,2.45619877501084e-12,377,169,23,0.136094674556213,0.0610079575596817,"GO:1903037","GO:BP","regulation of leukocyte cell-cell adhesion",21026,22398
"131","magenta",TRUE,2.99766409827842e-12,509,169,26,0.153846153846154,0.0510805500982318,"GO:0051249","GO:BP","regulation of lymphocyte activation",21026,13414
"132","magenta",TRUE,2.99766409827842e-12,381,169,23,0.136094674556213,0.0603674540682415,"GO:0050867","GO:BP","positive regulation of cell activation",21026,13143
"133","magenta",TRUE,5.7068157090625e-12,244,169,19,0.112426035502959,0.0778688524590164,"GO:0002274","GO:BP","myeloid leukocyte activation",21026,804
"134","magenta",TRUE,6.30441144777318e-12,481,169,25,0.14792899408284,0.051975051975052,"GO:0002443","GO:BP","leukocyte mediated immunity",21026,964
"135","magenta",TRUE,6.36239900659729e-12,3909,169,73,0.431952662721893,0.0186748529035559,"GO:0042221","GO:BP","response to chemical",21026,9956
"136","magenta",TRUE,8.83714829698878e-12,582,169,27,0.159763313609467,0.0463917525773196,"GO:0042110","GO:BP","T cell activation",21026,9879
"137","magenta",TRUE,1.33706511047432e-11,642,169,28,0.165680473372781,0.043613707165109,"GO:0032103","GO:BP","positive regulation of response to external stimulus",21026,7320
"138","magenta",TRUE,1.87614035464729e-11,166,169,16,0.0946745562130177,0.0963855421686747,"GO:0032640","GO:BP","tumor necrosis factor production",21026,7632
"139","magenta",TRUE,1.87614035464729e-11,166,169,16,0.0946745562130177,0.0963855421686747,"GO:0032680","GO:BP","regulation of tumor necrosis factor production",21026,7671
"140","magenta",TRUE,2.38601446273526e-11,467,169,24,0.142011834319527,0.0513918629550321,"GO:0006935","GO:BP","chemotaxis",21026,2563
"141","magenta",TRUE,2.58021347677403e-11,469,169,24,0.142011834319527,0.0511727078891258,"GO:0042330","GO:BP","taxis",21026,10003
"142","magenta",TRUE,4.27837310266692e-11,728,169,29,0.171597633136095,0.0398351648351648,"GO:0009617","GO:BP","response to bacterium",21026,3529
"143","magenta",TRUE,4.64866346516249e-11,241,169,18,0.106508875739645,0.0746887966804979,"GO:0006909","GO:BP","phagocytosis",21026,2548
"144","magenta",TRUE,4.75315377457228e-11,277,169,19,0.112426035502959,0.0685920577617329,"GO:1903039","GO:BP","positive regulation of leukocyte cell-cell adhesion",21026,22400
"145","magenta",TRUE,5.04321609968718e-11,2192,169,51,0.301775147928994,0.0232664233576642,"GO:0070887","GO:BP","cellular response to chemical stimulus",21026,16130
"146","magenta",TRUE,6.56702311036874e-11,181,169,16,0.0946745562130177,0.0883977900552486,"GO:0042129","GO:BP","regulation of T cell proliferation",21026,9892
"147","magenta",TRUE,7.75534106944429e-11,215,169,17,0.100591715976331,0.0790697674418605,"GO:0042098","GO:BP","T cell proliferation",21026,9874
"148","magenta",TRUE,7.89832365755632e-11,976,169,33,0.195266272189349,0.0338114754098361,"GO:0098609","GO:BP","cell-cell adhesion",21026,18556
"149","magenta",TRUE,1.12271162847949e-10,255,169,18,0.106508875739645,0.0705882352941176,"GO:0002703","GO:BP","regulation of leukocyte mediated immunity",21026,1219
"150","magenta",TRUE,1.128675041718e-10,331,169,20,0.118343195266272,0.0604229607250755,"GO:0051251","GO:BP","positive regulation of lymphocyte activation",21026,13416
"151","magenta",TRUE,1.30533023019988e-10,190,169,16,0.0946745562130177,0.0842105263157895,"GO:0002695","GO:BP","negative regulation of leukocyte activation",21026,1211
"152","magenta",TRUE,1.57948416298806e-10,108,169,13,0.0769230769230769,0.12037037037037,"GO:1903557","GO:BP","positive regulation of tumor necrosis factor superfamily cytokine production",21026,22773
"153","magenta",TRUE,2.69459345969979e-10,1912,169,46,0.272189349112426,0.0240585774058577,"GO:0141124","GO:BP","intracellular signaling cassette",21026,19772
"154","magenta",TRUE,3.91189265357342e-10,143,169,14,0.0828402366863905,0.0979020979020979,"GO:0050671","GO:BP","positive regulation of lymphocyte proliferation",21026,13034
"155","magenta",TRUE,4.3807771271004e-10,922,169,31,0.183431952662722,0.0336225596529284,"GO:0098657","GO:BP","import into cell",21026,18564
"156","magenta",TRUE,4.67063197868924e-10,494,169,23,0.136094674556213,0.0465587044534413,"GO:0022407","GO:BP","regulation of cell-cell adhesion",21026,6566
"157","magenta",TRUE,5.02467322172627e-10,146,169,14,0.0828402366863905,0.0958904109589041,"GO:0032946","GO:BP","positive regulation of mononuclear cell proliferation",21026,7874
"158","magenta",TRUE,5.52578749679572e-10,363,169,20,0.118343195266272,0.0550964187327824,"GO:0002696","GO:BP","positive regulation of leukocyte activation",21026,1212
"159","magenta",TRUE,6.33945137251502e-10,212,169,16,0.0946745562130177,0.0754716981132075,"GO:0050866","GO:BP","negative regulation of cell activation",21026,13142
"160","magenta",TRUE,7.1647990853616e-10,11946,169,137,0.810650887573965,0.0114682738992131,"GO:0050794","GO:BP","regulation of cellular process",21026,13090
"161","magenta",TRUE,7.54097112756231e-10,328,169,19,0.112426035502959,0.0579268292682927,"GO:0022409","GO:BP","positive regulation of cell-cell adhesion",21026,6568
"162","magenta",TRUE,8.15820698802052e-10,152,169,14,0.0828402366863905,0.0921052631578947,"GO:0032675","GO:BP","regulation of interleukin-6 production",21026,7666
"163","magenta",TRUE,8.15820698802052e-10,152,169,14,0.0828402366863905,0.0921052631578947,"GO:0032635","GO:BP","interleukin-6 production",21026,7627
"164","magenta",TRUE,9.14775377600957e-10,292,169,18,0.106508875739645,0.0616438356164384,"GO:0001818","GO:BP","negative regulation of cytokine production",21026,473
"165","magenta",TRUE,1.10806460355826e-09,101,169,12,0.0710059171597633,0.118811881188119,"GO:0002275","GO:BP","myeloid cell activation involved in immune response",21026,805
"166","magenta",TRUE,1.48234131017818e-09,5920,169,88,0.520710059171598,0.0148648648648649,"GO:0048522","GO:BP","positive regulation of cellular process",21026,12638
"167","magenta",TRUE,1.48234131017818e-09,794,169,28,0.165680473372781,0.035264483627204,"GO:0030155","GO:BP","regulation of cell adhesion",21026,6655
"168","magenta",TRUE,1.52750241380071e-09,104,169,12,0.0710059171597633,0.115384615384615,"GO:0032760","GO:BP","positive regulation of tumor necrosis factor production",21026,7749
"169","magenta",TRUE,1.55839729065266e-09,387,169,20,0.118343195266272,0.0516795865633075,"GO:0050863","GO:BP","regulation of T cell activation",21026,13139
"170","magenta",TRUE,2.12547596606161e-09,164,169,14,0.0828402366863905,0.0853658536585366,"GO:0051250","GO:BP","negative regulation of lymphocyte activation",21026,13415
"171","magenta",TRUE,2.59945588786705e-09,1255,169,35,0.207100591715976,0.0278884462151394,"GO:0040011","GO:BP","locomotion",21026,9808
"172","magenta",TRUE,2.65801009808461e-09,1534,169,39,0.230769230769231,0.0254237288135593,"GO:0016477","GO:BP","cell migration",21026,5204
"173","magenta",TRUE,2.65801009808461e-09,2965,169,57,0.337278106508876,0.0192242833052277,"GO:0035556","GO:BP","intracellular signal transduction",21026,9022
"174","magenta",TRUE,3.0701620146695e-09,238,169,16,0.0946745562130177,0.0672268907563025,"GO:0097529","GO:BP","myeloid leukocyte migration",21026,18446
"175","magenta",TRUE,3.0701620146695e-09,238,169,16,0.0946745562130177,0.0672268907563025,"GO:0030595","GO:BP","leukocyte chemotaxis",21026,6824
"176","magenta",TRUE,3.12026092905095e-09,709,169,26,0.153846153846154,0.0366713681241185,"GO:0006897","GO:BP","endocytosis",21026,2540
"177","magenta",TRUE,3.38753459691488e-09,947,169,30,0.177514792899408,0.0316789862724393,"GO:0034097","GO:BP","response to cytokine",21026,8345
"178","magenta",TRUE,3.80262366297458e-09,88,169,11,0.0650887573964497,0.125,"GO:0050672","GO:BP","negative regulation of lymphocyte proliferation",21026,13035
"179","magenta",TRUE,3.97496735037941e-09,954,169,30,0.177514792899408,0.0314465408805031,"GO:0008284","GO:BP","positive regulation of cell population proliferation",21026,3137
"180","magenta",TRUE,4.11590068546007e-09,323,169,18,0.106508875739645,0.0557275541795666,"GO:0060326","GO:BP","cell chemotaxis",21026,14329
"181","magenta",TRUE,4.73474952636478e-09,962,169,30,0.177514792899408,0.0311850311850312,"GO:1901652","GO:BP","response to peptide",21026,21338
"182","magenta",TRUE,4.73474952636478e-09,90,169,11,0.0650887573964497,0.122222222222222,"GO:0032945","GO:BP","negative regulation of mononuclear cell proliferation",21026,7873
"183","magenta",TRUE,5.69462477497799e-09,3478,169,62,0.366863905325444,0.0178263369752731,"GO:0023051","GO:BP","regulation of signaling",21026,6606
"184","magenta",TRUE,6.2160284366092e-09,3486,169,62,0.366863905325444,0.0177854274239816,"GO:0010646","GO:BP","regulation of cell communication",21026,4275
"185","magenta",TRUE,6.56186227625895e-09,34,169,8,0.0473372781065089,0.235294117647059,"GO:0038094","GO:BP","Fc-gamma receptor signaling pathway",21026,9607
"186","magenta",TRUE,6.57784237246597e-09,854,169,28,0.165680473372781,0.0327868852459016,"GO:0071345","GO:BP","cellular response to cytokine stimulus",21026,16367
"187","magenta",TRUE,7.24966867781e-09,254,169,16,0.0946745562130177,0.062992125984252,"GO:0050870","GO:BP","positive regulation of T cell activation",21026,13146
"188","magenta",TRUE,9.58060549320954e-09,809,169,27,0.159763313609467,0.0333745364647713,"GO:0031347","GO:BP","regulation of defense response",21026,7099
"189","magenta",TRUE,1.01119208940349e-08,97,169,11,0.0650887573964497,0.11340206185567,"GO:0070664","GO:BP","negative regulation of leukocyte proliferation",21026,16017
"190","magenta",TRUE,1.19780326663332e-08,488,169,21,0.124260355029586,0.0430327868852459,"GO:0045785","GO:BP","positive regulation of cell adhesion",21026,11455
"191","magenta",TRUE,1.23768643290839e-08,264,169,16,0.0946745562130177,0.0606060606060606,"GO:0002699","GO:BP","positive regulation of immune effector process",21026,1215
"192","magenta",TRUE,1.62429168374007e-08,38,169,8,0.0473372781065089,0.210526315789474,"GO:0002478","GO:BP","antigen processing and presentation of exogenous peptide antigen",21026,999
"193","magenta",TRUE,1.68395209405812e-08,3034,169,56,0.331360946745562,0.018457481872116,"GO:0009966","GO:BP","regulation of signal transduction",21026,3789
"194","magenta",TRUE,1.68395209405812e-08,102,169,11,0.0650887573964497,0.107843137254902,"GO:0042102","GO:BP","positive regulation of T cell proliferation",21026,9876
"195","magenta",TRUE,1.80013700138769e-08,1087,169,31,0.183431952662722,0.0285188592456302,"GO:0051241","GO:BP","negative regulation of multicellular organismal process",21026,13409
"196","magenta",TRUE,1.88211498121003e-08,14,169,6,0.0355029585798817,0.428571428571429,"GO:0002430","GO:BP","complement receptor mediated signaling pathway",21026,951
"197","magenta",TRUE,2.28408551920047e-08,58,169,9,0.0532544378698225,0.155172413793103,"GO:0038093","GO:BP","Fc receptor signaling pathway",21026,9606
"198","magenta",TRUE,2.39878459676868e-08,1592,169,38,0.224852071005917,0.0238693467336683,"GO:0016192","GO:BP","vesicle-mediated transport",21026,5143
"199","magenta",TRUE,2.63652782419423e-08,59,169,9,0.0532544378698225,0.152542372881356,"GO:0002886","GO:BP","regulation of myeloid leukocyte mediated immunity",21026,1394
"200","magenta",TRUE,4.16957783124233e-08,85,169,10,0.0591715976331361,0.117647058823529,"GO:0043299","GO:BP","leukocyte degranulation",21026,10511
"201","magenta",TRUE,4.45317871535141e-08,636,169,23,0.136094674556213,0.0361635220125786,"GO:0002521","GO:BP","leukocyte differentiation",21026,1041
"202","magenta",TRUE,5.49039614564918e-08,534,169,21,0.124260355029586,0.0393258426966292,"GO:1903131","GO:BP","mononuclear cell differentiation",21026,22467
"203","magenta",TRUE,5.70626186959921e-08,339,169,17,0.100591715976331,0.0501474926253687,"GO:0032496","GO:BP","response to lipopolysaccharide",21026,7553
"204","magenta",TRUE,5.70626186959921e-08,1212,169,32,0.189349112426035,0.0264026402640264,"GO:0010628","GO:BP","positive regulation of gene expression",21026,4257
"205","magenta",TRUE,6.20109860678193e-08,116,169,11,0.0650887573964497,0.0948275862068965,"GO:0019882","GO:BP","antigen processing and presentation",21026,6028
"206","magenta",TRUE,6.74891999615011e-08,117,169,11,0.0650887573964497,0.094017094017094,"GO:0002444","GO:BP","myeloid leukocyte mediated immunity",21026,965
"207","magenta",TRUE,8.77755128999118e-08,47,169,8,0.0473372781065089,0.170212765957447,"GO:0019884","GO:BP","antigen processing and presentation of exogenous antigen",21026,6030
"208","magenta",TRUE,1.07745695954956e-07,1685,169,38,0.224852071005917,0.0225519287833828,"GO:0042127","GO:BP","regulation of cell population proliferation",21026,9890
"209","magenta",TRUE,1.08187254903268e-07,976,169,28,0.165680473372781,0.0286885245901639,"GO:0030097","GO:BP","hemopoiesis",21026,6642
"210","magenta",TRUE,1.18119349414883e-07,357,169,17,0.100591715976331,0.0476190476190476,"GO:0002237","GO:BP","response to molecule of bacterial origin",21026,768
"211","magenta",TRUE,1.31064849413643e-07,157,169,12,0.0710059171597633,0.0764331210191083,"GO:0097530","GO:BP","granulocyte migration",21026,18447
"212","magenta",TRUE,1.31989483189367e-07,360,169,17,0.100591715976331,0.0472222222222222,"GO:0006887","GO:BP","exocytosis",21026,2532
"213","magenta",TRUE,1.43178229925153e-07,232,169,14,0.0828402366863905,0.0603448275862069,"GO:0045055","GO:BP","regulated exocytosis",21026,11099
"214","magenta",TRUE,1.54488826213046e-07,98,169,10,0.0591715976331361,0.102040816326531,"GO:0032755","GO:BP","positive regulation of interleukin-6 production",21026,7744
"215","magenta",TRUE,1.6516474392251e-07,73,169,9,0.0532544378698225,0.123287671232877,"GO:0042130","GO:BP","negative regulation of T cell proliferation",21026,9893
"216","magenta",TRUE,1.6629052524717e-07,1793,169,39,0.230769230769231,0.0217512548800892,"GO:0048870","GO:BP","cell motility",21026,12944
"217","magenta",TRUE,1.70360816325386e-07,1953,169,41,0.242603550295858,0.0209933435739887,"GO:1902531","GO:BP","regulation of intracellular signal transduction",21026,22041
"218","magenta",TRUE,1.76767833592399e-07,10,169,5,0.029585798816568,0.5,"GO:0140105","GO:BP","interleukin-10-mediated signaling pathway",21026,19407
"219","magenta",TRUE,1.98320198710096e-07,20,169,6,0.0355029585798817,0.3,"GO:0002283","GO:BP","neutrophil activation involved in immune response",21026,813
"220","magenta",TRUE,2.89924309180807e-07,381,169,17,0.100591715976331,0.0446194225721785,"GO:0002449","GO:BP","lymphocyte mediated immunity",21026,970
"221","magenta",TRUE,3.88628738012311e-07,252,169,14,0.0828402366863905,0.0555555555555556,"GO:0071216","GO:BP","cellular response to biotic stimulus",21026,16248
"222","magenta",TRUE,4.13592515537928e-07,109,169,10,0.0591715976331361,0.0917431192660551,"GO:0031341","GO:BP","regulation of cell killing",21026,7093
"223","magenta",TRUE,4.65454272668842e-07,394,169,17,0.100591715976331,0.0431472081218274,"GO:0002460","GO:BP","adaptive immune response based on somatic recombination of immune receptors built from immunoglobulin superfamily domains",21026,981
"224","magenta",TRUE,5.33613158041951e-07,1795,169,38,0.224852071005917,0.0211699164345404,"GO:0010647","GO:BP","positive regulation of cell communication",21026,4276
"225","magenta",TRUE,5.33613158041951e-07,449,169,18,0.106508875739645,0.0400890868596882,"GO:0045088","GO:BP","regulation of innate immune response",21026,11117
"226","magenta",TRUE,5.35622755070952e-07,1796,169,38,0.224852071005917,0.0211581291759465,"GO:0023056","GO:BP","positive regulation of signaling",21026,6608
"227","magenta",TRUE,5.97339423807871e-07,506,169,19,0.112426035502959,0.0375494071146245,"GO:0031349","GO:BP","positive regulation of defense response",21026,7101
"228","magenta",TRUE,8.54748179243656e-07,518,169,19,0.112426035502959,0.0366795366795367,"GO:0019221","GO:BP","cytokine-mediated signaling pathway",21026,5568
"229","magenta",TRUE,8.54748179243656e-07,227,169,13,0.0769230769230769,0.0572687224669604,"GO:0002285","GO:BP","lymphocyte activation involved in immune response",21026,815
"230","magenta",TRUE,9.92883562654709e-07,120,169,10,0.0591715976331361,0.0833333333333333,"GO:0032649","GO:BP","regulation of type II interferon production",21026,7641
"231","magenta",TRUE,1.06838845799247e-06,121,169,10,0.0591715976331361,0.0826446280991736,"GO:0032609","GO:BP","type II interferon production",21026,7602
"232","magenta",TRUE,1.16583769296207e-06,2015,169,40,0.236686390532544,0.0198511166253102,"GO:0008283","GO:BP","cell population proliferation",21026,3136
"233","magenta",TRUE,1.19071026195107e-06,234,169,13,0.0769230769230769,0.0555555555555556,"GO:0002685","GO:BP","regulation of leukocyte migration",21026,1201
"234","magenta",TRUE,1.50076303448905e-06,68,169,8,0.0473372781065089,0.117647058823529,"GO:0048002","GO:BP","antigen processing and presentation of peptide antigen",21026,12293
"235","magenta",TRUE,1.50138614210679e-06,198,169,12,0.0710059171597633,0.0606060606060606,"GO:0050777","GO:BP","negative regulation of immune response",21026,13080
"236","magenta",TRUE,1.57366937123179e-06,540,169,19,0.112426035502959,0.0351851851851852,"GO:0002831","GO:BP","regulation of response to biotic stimulus",21026,1339
"237","magenta",TRUE,1.6352739595929e-06,28,169,6,0.0355029585798817,0.214285714285714,"GO:0019886","GO:BP","antigen processing and presentation of exogenous peptide antigen via MHC class II",21026,6032
"238","magenta",TRUE,1.7016899362771e-06,286,169,14,0.0828402366863905,0.048951048951049,"GO:0042113","GO:BP","B cell activation",21026,9880
"239","magenta",TRUE,1.87428918202305e-06,129,169,10,0.0591715976331361,0.0775193798449612,"GO:0071621","GO:BP","granulocyte chemotaxis",21026,16570
"240","magenta",TRUE,2.05605885496537e-06,1578,169,34,0.201183431952663,0.0215462610899873,"GO:0009967","GO:BP","positive regulation of signal transduction",21026,3790
"241","magenta",TRUE,2.09786214682162e-06,99,169,9,0.0532544378698225,0.0909090909090909,"GO:0050764","GO:BP","regulation of phagocytosis",21026,13067
"242","magenta",TRUE,2.13126021673542e-06,131,169,10,0.0591715976331361,0.0763358778625954,"GO:0050868","GO:BP","negative regulation of T cell activation",21026,13144
"243","magenta",TRUE,2.24444588552078e-06,72,169,8,0.0473372781065089,0.111111111111111,"GO:0050853","GO:BP","B cell receptor signaling pathway",21026,13129
"244","magenta",TRUE,2.26055613520437e-06,930,169,25,0.14792899408284,0.0268817204301075,"GO:0033993","GO:BP","response to lipid",21026,8310
"245","magenta",TRUE,2.40789685447692e-06,49,169,7,0.0414201183431953,0.142857142857143,"GO:0043300","GO:BP","regulation of leukocyte degranulation",21026,10512
"246","magenta",TRUE,2.68810464764923e-06,4407,169,65,0.384615384615385,0.0147492625368732,"GO:0006810","GO:BP","transport",21026,2482
"247","magenta",TRUE,2.79486331562416e-06,1680,169,35,0.207100591715976,0.0208333333333333,"GO:0048585","GO:BP","negative regulation of response to stimulus",21026,12689
"248","magenta",TRUE,2.83883082372298e-06,254,169,13,0.0769230769230769,0.0511811023622047,"GO:0031348","GO:BP","negative regulation of defense response",21026,7100
"249","magenta",TRUE,2.98728679360637e-06,400,169,16,0.0946745562130177,0.04,"GO:0002833","GO:BP","positive regulation of response to biotic stimulus",21026,1341
"250","magenta",TRUE,2.99561627220288e-06,1607,169,34,0.201183431952663,0.0211574362165526,"GO:0051049","GO:BP","regulation of transport",21026,13286
"251","magenta",TRUE,3.36743671385106e-06,215,169,12,0.0710059171597633,0.0558139534883721,"GO:0071222","GO:BP","cellular response to lipopolysaccharide",21026,16254
"252","magenta",TRUE,3.52123022439265e-06,32,169,6,0.0355029585798817,0.1875,"GO:0002495","GO:BP","antigen processing and presentation of peptide antigen via MHC class II",21026,1016
"253","magenta",TRUE,3.70213413080678e-06,2029,169,39,0.230769230769231,0.0192212912764909,"GO:0032879","GO:BP","regulation of localization",21026,7819
"254","magenta",TRUE,4.25982070822621e-06,142,169,10,0.0591715976331361,0.0704225352112676,"GO:1903038","GO:BP","negative regulation of leukocyte cell-cell adhesion",21026,22399
"255","magenta",TRUE,4.36828137928048e-06,79,169,8,0.0473372781065089,0.10126582278481,"GO:0002437","GO:BP","inflammatory response to antigenic stimulus",21026,958
"256","magenta",TRUE,4.78143010566347e-06,110,169,9,0.0532544378698225,0.0818181818181818,"GO:0032652","GO:BP","regulation of interleukin-1 production",21026,7644
"257","magenta",TRUE,4.78143010566347e-06,110,169,9,0.0532544378698225,0.0818181818181818,"GO:0032612","GO:BP","interleukin-1 production",21026,7605
"258","magenta",TRUE,5.29902240793214e-06,225,169,12,0.0710059171597633,0.0533333333333333,"GO:0071219","GO:BP","cellular response to molecule of bacterial origin",21026,16251
"259","magenta",TRUE,5.39302392773095e-06,531,169,18,0.106508875739645,0.0338983050847458,"GO:0060627","GO:BP","regulation of vesicle-mediated transport",21026,14590
"260","magenta",TRUE,5.5698787334793e-06,2947,169,49,0.289940828402367,0.0166270783847981,"GO:0065008","GO:BP","regulation of biological quality",21026,15667
"261","magenta",TRUE,5.73767652710765e-06,227,169,12,0.0710059171597633,0.052863436123348,"GO:0002440","GO:BP","production of molecular mediator of immune response",21026,961
"262","magenta",TRUE,5.87446521586612e-06,5555,169,75,0.443786982248521,0.0135013501350135,"GO:0051179","GO:BP","localization",21026,13378
"263","magenta",TRUE,6.23954618232853e-06,229,169,12,0.0710059171597633,0.0524017467248908,"GO:0001906","GO:BP","cell killing",21026,522
"264","magenta",TRUE,6.63469814067124e-06,374,169,15,0.0887573964497041,0.0401069518716578,"GO:0045089","GO:BP","positive regulation of innate immune response",21026,11118
"265","magenta",TRUE,6.88848426209687e-06,36,169,6,0.0355029585798817,0.166666666666667,"GO:0002504","GO:BP","antigen processing and presentation of peptide or polysaccharide antigen via MHC class II",21026,1025
"266","magenta",TRUE,7.31540625616615e-06,1067,169,26,0.153846153846154,0.0243673851921275,"GO:0040012","GO:BP","regulation of locomotion",21026,9809
"267","magenta",TRUE,8.31562614786973e-06,330,169,14,0.0828402366863905,0.0424242424242424,"GO:1902105","GO:BP","regulation of leukocyte differentiation",21026,21731
"268","magenta",TRUE,8.70867195534663e-06,194,169,11,0.0650887573964497,0.0567010309278351,"GO:0002700","GO:BP","regulation of production of molecular mediator of immune response",21026,1216
"269","magenta",TRUE,8.90603615868519e-06,155,169,10,0.0591715976331361,0.0645161290322581,"GO:0045807","GO:BP","positive regulation of endocytosis",21026,11469
"270","magenta",TRUE,9.07594435914548e-06,195,169,11,0.0650887573964497,0.0564102564102564,"GO:0050851","GO:BP","antigen receptor-mediated signaling pathway",21026,13127
"271","magenta",TRUE,1.01432044130879e-05,442,169,16,0.0946745562130177,0.0361990950226244,"GO:0030098","GO:BP","lymphocyte differentiation",21026,6643
"272","magenta",TRUE,1.01487985229024e-05,388,169,15,0.0887573964497041,0.038659793814433,"GO:0032102","GO:BP","negative regulation of response to external stimulus",21026,7319
"273","magenta",TRUE,1.03092867022503e-05,1387,169,30,0.177514792899408,0.0216294160057678,"GO:0080134","GO:BP","regulation of response to stress",21026,17581
"274","magenta",TRUE,1.07229001427275e-05,390,169,15,0.0887573964497041,0.0384615384615385,"GO:0050727","GO:BP","regulation of inflammatory response",21026,13055
"275","magenta",TRUE,1.07642515905202e-05,62,169,7,0.0414201183431953,0.112903225806452,"GO:0032655","GO:BP","regulation of interleukin-12 production",21026,7647
"276","magenta",TRUE,1.07642515905202e-05,62,169,7,0.0414201183431953,0.112903225806452,"GO:0032615","GO:BP","interleukin-12 production",21026,7608
"277","magenta",TRUE,1.29524823213863e-05,960,169,24,0.142011834319527,0.025,"GO:0030334","GO:BP","regulation of cell migration",21026,6743
"278","magenta",TRUE,1.33867484606261e-05,10,169,4,0.0236686390532544,0.4,"GO:0002765","GO:BP","immune response-inhibiting signal transduction",21026,1274
"279","magenta",TRUE,1.52324063520486e-05,1113,169,26,0.153846153846154,0.0233602875112309,"GO:1902533","GO:BP","positive regulation of intracellular signal transduction",21026,22043
"280","magenta",TRUE,1.71739340410956e-05,209,169,11,0.0650887573964497,0.0526315789473684,"GO:0050920","GO:BP","regulation of chemotaxis",21026,13190
"281","magenta",TRUE,1.85872032520327e-05,1669,169,33,0.195266272189349,0.0197723187537448,"GO:1901700","GO:BP","response to oxygen-containing compound",21026,21371
"282","magenta",TRUE,1.88732053013573e-05,43,169,6,0.0355029585798817,0.13953488372093,"GO:0032689","GO:BP","negative regulation of type II interferon production",21026,7680
"283","magenta",TRUE,1.88732053013573e-05,43,169,6,0.0355029585798817,0.13953488372093,"GO:0042119","GO:BP","neutrophil activation",21026,9884
"284","magenta",TRUE,2.02665391984445e-05,847,169,22,0.130177514792899,0.025974025974026,"GO:0051050","GO:BP","positive regulation of transport",21026,13287
"285","magenta",TRUE,2.08759560444738e-05,133,169,9,0.0532544378698225,0.0676691729323308,"GO:0050864","GO:BP","regulation of B cell activation",21026,13140
"286","magenta",TRUE,2.29891521082617e-05,854,169,22,0.130177514792899,0.0257611241217799,"GO:0032940","GO:BP","secretion by cell",21026,7869
"287","magenta",TRUE,2.32476046909191e-05,25,169,5,0.029585798816568,0.2,"GO:0038095","GO:BP","Fc-epsilon receptor signaling pathway",21026,9608
"288","magenta",TRUE,2.49166932504427e-05,264,169,12,0.0710059171597633,0.0454545454545455,"GO:0006898","GO:BP","receptor-mediated endocytosis",21026,2541
"289","magenta",TRUE,2.55689004889345e-05,71,169,7,0.0414201183431953,0.0985915492957746,"GO:0032732","GO:BP","positive regulation of interleukin-1 production",21026,7722
"290","magenta",TRUE,2.55689004889345e-05,71,169,7,0.0414201183431953,0.0985915492957746,"GO:0050766","GO:BP","positive regulation of phagocytosis",21026,13069
"291","magenta",TRUE,2.55689004889345e-05,3597,169,54,0.319526627218935,0.0150125104253545,"GO:0009893","GO:BP","positive regulation of metabolic process",21026,3738
"292","magenta",TRUE,2.59113825785819e-05,137,169,9,0.0532544378698225,0.0656934306569343,"GO:0045621","GO:BP","positive regulation of lymphocyte differentiation",21026,11310
"293","magenta",TRUE,2.76569227314074e-05,4928,169,67,0.396449704142012,0.0135957792207792,"GO:0051234","GO:BP","establishment of localization",21026,13403
"294","magenta",TRUE,2.77182241054582e-05,26,169,5,0.029585798816568,0.192307692307692,"GO:0032753","GO:BP","positive regulation of interleukin-4 production",21026,7742
"295","magenta",TRUE,2.82235200623292e-05,603,169,18,0.106508875739645,0.0298507462686567,"GO:0040017","GO:BP","positive regulation of locomotion",21026,9814
"296","magenta",TRUE,3.05950401920451e-05,4,169,3,0.0177514792899408,0.75,"GO:0002774","GO:BP","Fc receptor mediated inhibitory signaling pathway",21026,1283
"297","magenta",TRUE,3.05950401920451e-05,4,169,3,0.0177514792899408,0.75,"GO:0071226","GO:BP","cellular response to molecule of fungal origin",21026,16258
"298","magenta",TRUE,3.2884083642922e-05,74,169,7,0.0414201183431953,0.0945945945945946,"GO:0046635","GO:BP","positive regulation of alpha-beta T cell activation",21026,12107
"299","magenta",TRUE,3.42252399802862e-05,48,169,6,0.0355029585798817,0.125,"GO:0031295","GO:BP","T cell costimulation",21026,7078
"300","magenta",TRUE,3.48984176113257e-05,1022,169,24,0.142011834319527,0.0234833659491194,"GO:2000145","GO:BP","regulation of cell motility",21026,25054
"301","magenta",TRUE,3.55813483413121e-05,143,169,9,0.0532544378698225,0.0629370629370629,"GO:0001909","GO:BP","leukocyte mediated cytotoxicity",21026,524
"302","magenta",TRUE,3.59582635240906e-05,2876,169,46,0.272189349112426,0.0159944367176634,"GO:0048468","GO:BP","cell development",21026,12602
"303","magenta",TRUE,3.85827164162157e-05,76,169,7,0.0414201183431953,0.0921052631578947,"GO:0045123","GO:BP","cellular extravasation",21026,11135
"304","magenta",TRUE,4.10087106743508e-05,109,169,8,0.0473372781065089,0.073394495412844,"GO:0042116","GO:BP","macrophage activation",21026,9881
"305","magenta",TRUE,4.10087106743508e-05,109,169,8,0.0473372781065089,0.073394495412844,"GO:1990266","GO:BP","neutrophil migration",21026,24693
"306","magenta",TRUE,4.10087106743508e-05,1182,169,26,0.153846153846154,0.0219966159052453,"GO:1901701","GO:BP","cellular response to oxygen-containing compound",21026,21372
"307","magenta",TRUE,4.10248349060994e-05,146,169,9,0.0532544378698225,0.0616438356164384,"GO:0050921","GO:BP","positive regulation of chemotaxis",21026,13191
"308","magenta",TRUE,4.10248349060994e-05,559,169,17,0.100591715976331,0.0304114490161002,"GO:0030335","GO:BP","positive regulation of cell migration",21026,6744
"309","magenta",TRUE,4.19347210743493e-05,50,169,6,0.0355029585798817,0.12,"GO:0031294","GO:BP","lymphocyte costimulation",21026,7077
"310","magenta",TRUE,4.58562124175226e-05,29,169,5,0.029585798816568,0.172413793103448,"GO:0032703","GO:BP","negative regulation of interleukin-2 production",21026,7693
"311","magenta",TRUE,4.68261447614934e-05,51,169,6,0.0355029585798817,0.117647058823529,"GO:0036230","GO:BP","granulocyte activation",21026,9421
"312","magenta",TRUE,4.78949828816528e-05,284,169,12,0.0710059171597633,0.0422535211267606,"GO:0002758","GO:BP","innate immune response-activating signaling pathway",21026,1267
"313","magenta",TRUE,4.9637140523864e-05,568,169,17,0.100591715976331,0.0299295774647887,"GO:0009611","GO:BP","response to wounding",21026,3525
"314","magenta",TRUE,5.29356992640355e-05,193,169,10,0.0591715976331361,0.0518134715025907,"GO:1902107","GO:BP","positive regulation of leukocyte differentiation",21026,21733
"315","magenta",TRUE,5.29356992640355e-05,193,169,10,0.0591715976331361,0.0518134715025907,"GO:0046631","GO:BP","alpha-beta T cell activation",21026,12103
"316","magenta",TRUE,5.29356992640355e-05,193,169,10,0.0591715976331361,0.0518134715025907,"GO:1903708","GO:BP","positive regulation of hemopoiesis",21026,22882
"317","magenta",TRUE,5.31462924760818e-05,30,169,5,0.029585798816568,0.166666666666667,"GO:0002507","GO:BP","tolerance induction",21026,1027
"318","magenta",TRUE,5.36493308174858e-05,239,169,11,0.0650887573964497,0.0460251046025105,"GO:0018108","GO:BP","peptidyl-tyrosine phosphorylation",21026,5302
"319","magenta",TRUE,5.47729398727429e-05,194,169,10,0.0591715976331361,0.0515463917525773,"GO:0002706","GO:BP","regulation of lymphocyte mediated immunity",21026,1222
"320","magenta",TRUE,5.76506937269025e-05,241,169,11,0.0650887573964497,0.045643153526971,"GO:0018212","GO:BP","peptidyl-tyrosine modification",21026,5346
"321","magenta",TRUE,5.9536138007942e-05,196,169,10,0.0591715976331361,0.0510204081632653,"GO:0022408","GO:BP","negative regulation of cell-cell adhesion",21026,6567
"322","magenta",TRUE,6.01366182152413e-05,154,169,9,0.0532544378698225,0.0584415584415584,"GO:0002705","GO:BP","positive regulation of leukocyte mediated immunity",21026,1221
"323","magenta",TRUE,6.26738690093314e-05,293,169,12,0.0710059171597633,0.0409556313993174,"GO:0007162","GO:BP","negative regulation of cell adhesion",21026,2713
"324","magenta",TRUE,6.26738690093314e-05,155,169,9,0.0532544378698225,0.0580645161290323,"GO:0002687","GO:BP","positive regulation of leukocyte migration",21026,1203
"325","magenta",TRUE,6.26738690093314e-05,54,169,6,0.0355029585798817,0.111111111111111,"GO:0006911","GO:BP","phagocytosis, engulfment",21026,2550
"326","magenta",TRUE,6.43495018889409e-05,992,169,23,0.136094674556213,0.0231854838709677,"GO:0046903","GO:BP","secretion",21026,12263
"327","magenta",TRUE,6.72951652303073e-05,5,169,3,0.0177514792899408,0.6,"GO:0002238","GO:BP","response to molecule of fungal origin",21026,769
"328","magenta",TRUE,6.82291228418204e-05,15,169,4,0.0236686390532544,0.266666666666667,"GO:0098883","GO:BP","synapse pruning",21026,18679
"329","magenta",TRUE,7.04812369862902e-05,32,169,5,0.029585798816568,0.15625,"GO:0002431","GO:BP","Fc receptor mediated stimulatory signaling pathway",21026,952
"330","magenta",TRUE,7.04812369862902e-05,32,169,5,0.029585798816568,0.15625,"GO:0050869","GO:BP","negative regulation of B cell activation",21026,13145
"331","magenta",TRUE,7.15246879375044e-05,587,169,17,0.100591715976331,0.0289608177172061,"GO:2000147","GO:BP","positive regulation of cell motility",21026,25056
"332","magenta",TRUE,7.26518570134639e-05,928,169,22,0.130177514792899,0.0237068965517241,"GO:0140352","GO:BP","export from cell",21026,19493
"333","magenta",TRUE,7.27767248137667e-05,85,169,7,0.0414201183431953,0.0823529411764706,"GO:0030593","GO:BP","neutrophil chemotaxis",21026,6823
"334","magenta",TRUE,7.46567378211496e-05,56,169,6,0.0355029585798817,0.107142857142857,"GO:0031663","GO:BP","lipopolysaccharide-mediated signaling pathway",21026,7227
"335","magenta",TRUE,7.95456311584387e-05,121,169,8,0.0473372781065089,0.0661157024793388,"GO:1903305","GO:BP","regulation of regulated secretory pathway",21026,22562
"336","magenta",TRUE,8.03975494864217e-05,33,169,5,0.029585798816568,0.151515151515152,"GO:0032633","GO:BP","interleukin-4 production",21026,7625
"337","magenta",TRUE,8.03975494864217e-05,33,169,5,0.029585798816568,0.151515151515152,"GO:0032673","GO:BP","regulation of interleukin-4 production",21026,7664
"338","magenta",TRUE,8.85048744689749e-05,123,169,8,0.0473372781065089,0.0650406504065041,"GO:0002718","GO:BP","regulation of cytokine production involved in immune response",21026,1234
"339","magenta",TRUE,8.85048744689749e-05,123,169,8,0.0473372781065089,0.0650406504065041,"GO:0002367","GO:BP","cytokine production involved in immune response",21026,897
"340","magenta",TRUE,8.89899236053567e-05,305,169,12,0.0710059171597633,0.039344262295082,"GO:0002218","GO:BP","activation of innate immune response",21026,751
"341","magenta",TRUE,9.3284734353742e-05,124,169,8,0.0473372781065089,0.0645161290322581,"GO:0002688","GO:BP","regulation of leukocyte chemotaxis",21026,1204
"342","magenta",TRUE,9.7030708864897e-05,209,169,10,0.0591715976331361,0.0478468899521531,"GO:0016064","GO:BP","immunoglobulin mediated immune response",21026,5070
"343","magenta",TRUE,0.000104226025800057,126,169,8,0.0473372781065089,0.0634920634920635,"GO:0002698","GO:BP","negative regulation of immune effector process",21026,1214
"344","magenta",TRUE,0.000105816606076241,35,169,5,0.029585798816568,0.142857142857143,"GO:0045577","GO:BP","regulation of B cell differentiation",21026,11266
"345","magenta",TRUE,0.000108615647322434,1418,169,28,0.165680473372781,0.0197461212976023,"GO:2000026","GO:BP","regulation of multicellular organismal development",21026,24952
"346","magenta",TRUE,0.000108615647322434,212,169,10,0.0591715976331361,0.0471698113207547,"GO:0019724","GO:BP","B cell mediated immunity",21026,5987
"347","magenta",TRUE,0.000113297481314257,425,169,14,0.0828402366863905,0.0329411764705882,"GO:1903706","GO:BP","regulation of hemopoiesis",21026,22880
"348","magenta",TRUE,0.000124442138492871,93,169,7,0.0414201183431953,0.0752688172043011,"GO:0032651","GO:BP","regulation of interleukin-1 beta production",21026,7643
"349","magenta",TRUE,0.000124442138492871,93,169,7,0.0414201183431953,0.0752688172043011,"GO:0001910","GO:BP","regulation of leukocyte mediated cytotoxicity",21026,525
"350","magenta",TRUE,0.000124442138492871,93,169,7,0.0414201183431953,0.0752688172043011,"GO:0032611","GO:BP","interleukin-1 beta production",21026,7604
"351","magenta",TRUE,0.000130552960882568,217,169,10,0.0591715976331361,0.0460829493087558,"GO:0002819","GO:BP","regulation of adaptive immune response",21026,1327
"352","magenta",TRUE,0.000137502111907449,18,169,4,0.0236686390532544,0.222222222222222,"GO:0002524","GO:BP","hypersensitivity",21026,1044
"353","magenta",TRUE,0.000139270346362793,63,169,6,0.0355029585798817,0.0952380952380952,"GO:0099024","GO:BP","plasma membrane invagination",21026,18763
"354","magenta",TRUE,0.000150048120858216,221,169,10,0.0591715976331361,0.0452488687782805,"GO:0045619","GO:BP","regulation of lymphocyte differentiation",21026,11308
"355","magenta",TRUE,0.000150048120858216,64,169,6,0.0355029585798817,0.09375,"GO:0032663","GO:BP","regulation of interleukin-2 production",21026,7654
"356","magenta",TRUE,0.000150048120858216,96,169,7,0.0414201183431953,0.0729166666666667,"GO:0002690","GO:BP","positive regulation of leukocyte chemotaxis",21026,1206
"357","magenta",TRUE,0.000150048120858216,64,169,6,0.0355029585798817,0.09375,"GO:0006956","GO:BP","complement activation",21026,2576
"358","magenta",TRUE,0.000150048120858216,64,169,6,0.0355029585798817,0.09375,"GO:0032623","GO:BP","interleukin-2 production",21026,7615
"359","magenta",TRUE,0.000163472382090878,135,169,8,0.0473372781065089,0.0592592592592593,"GO:0002286","GO:BP","T cell activation involved in immune response",21026,816
"360","magenta",TRUE,0.000182817274839049,5997,169,74,0.437869822485207,0.0123395030848758,"GO:0048856","GO:BP","anatomical structure development",21026,12931
"361","magenta",TRUE,0.00018651771611425,227,169,10,0.0591715976331361,0.0440528634361234,"GO:0071674","GO:BP","mononuclear cell migration",21026,16616
"362","magenta",TRUE,0.000191866853841926,181,169,9,0.0532544378698225,0.0497237569060773,"GO:0017157","GO:BP","regulation of exocytosis",21026,5262
"363","magenta",TRUE,0.000199481575221732,139,169,8,0.0473372781065089,0.0575539568345324,"GO:0002702","GO:BP","positive regulation of production of molecular mediator of immune response",21026,1218
"364","magenta",TRUE,0.000200361447290769,3288,169,48,0.284023668639053,0.0145985401459854,"GO:0010604","GO:BP","positive regulation of macromolecule metabolic process",21026,4234
"365","magenta",TRUE,0.000203173344719362,7,169,3,0.0177514792899408,0.428571428571429,"GO:0002576","GO:BP","platelet degranulation",21026,1095
"366","magenta",TRUE,0.000204961995431892,20,169,4,0.0236686390532544,0.2,"GO:0002888","GO:BP","positive regulation of myeloid leukocyte mediated immunity",21026,1396
"367","magenta",TRUE,0.00021699030794758,41,169,5,0.029585798816568,0.121951219512195,"GO:0042554","GO:BP","superoxide anion generation",21026,10151
"368","magenta",TRUE,0.000224409078444737,69,169,6,0.0355029585798817,0.0869565217391304,"GO:0002704","GO:BP","negative regulation of leukocyte mediated immunity",21026,1220
"369","magenta",TRUE,0.000230528181094817,456,169,14,0.0828402366863905,0.0307017543859649,"GO:0043410","GO:BP","positive regulation of MAPK cascade",21026,10581
"370","magenta",TRUE,0.000241511200192238,70,169,6,0.0355029585798817,0.0857142857142857,"GO:0010324","GO:BP","membrane invagination",21026,4045
"371","magenta",TRUE,0.000241511200192238,42,169,5,0.029585798816568,0.119047619047619,"GO:0002691","GO:BP","regulation of cellular extravasation",21026,1207
"372","magenta",TRUE,0.000244844992122643,2457,169,39,0.230769230769231,0.0158730158730159,"GO:0050793","GO:BP","regulation of developmental process",21026,13089
"373","magenta",TRUE,0.000297655416142108,22,169,4,0.0236686390532544,0.181818181818182,"GO:0002433","GO:BP","immune response-regulating cell surface receptor signaling pathway involved in phagocytosis",21026,954
"374","magenta",TRUE,0.000297655416142108,22,169,4,0.0236686390532544,0.181818181818182,"GO:0038096","GO:BP","Fc-gamma receptor signaling pathway involved in phagocytosis",21026,9609
"375","magenta",TRUE,0.000300412732301859,44,169,5,0.029585798816568,0.113636363636364,"GO:0002861","GO:BP","regulation of inflammatory response to antigenic stimulus",21026,1369
"376","magenta",TRUE,0.000301195329405507,1343,169,26,0.153846153846154,0.0193596425912137,"GO:0051094","GO:BP","positive regulation of developmental process",21026,13316
"377","magenta",TRUE,0.000301355966728494,73,169,6,0.0355029585798817,0.0821917808219178,"GO:0045576","GO:BP","mast cell activation",21026,11265
"378","magenta",TRUE,0.000306740766855743,8,169,3,0.0177514792899408,0.375,"GO:0001788","GO:BP","antibody-dependent cellular cytotoxicity",21026,448
"379","magenta",TRUE,0.000306740766855743,8,169,3,0.0177514792899408,0.375,"GO:0002767","GO:BP","immune response-inhibiting cell surface receptor signaling pathway",21026,1276
"380","magenta",TRUE,0.000306740766855743,8,169,3,0.0177514792899408,0.375,"GO:0038156","GO:BP","interleukin-3-mediated signaling pathway",21026,9648
"381","magenta",TRUE,0.000306740766855743,8,169,3,0.0177514792899408,0.375,"GO:0043313","GO:BP","regulation of neutrophil degranulation",21026,10525
"382","magenta",TRUE,0.000320626934747703,74,169,6,0.0355029585798817,0.0810810810810811,"GO:0031343","GO:BP","positive regulation of cell killing",21026,7095
"383","magenta",TRUE,0.000324719970559868,297,169,11,0.0650887573964497,0.037037037037037,"GO:0030100","GO:BP","regulation of endocytosis",21026,6645
"384","magenta",TRUE,0.000324719970559868,6553,169,78,0.461538461538462,0.0119029452159316,"GO:0032502","GO:BP","developmental process",21026,7558
"385","magenta",TRUE,0.000324719970559868,602,169,16,0.0946745562130177,0.026578073089701,"GO:0003013","GO:BP","circulatory system process",21026,1462
"386","magenta",TRUE,0.000330923731923062,110,169,7,0.0414201183431953,0.0636363636363636,"GO:0002526","GO:BP","acute inflammatory response",21026,1046
"387","magenta",TRUE,0.000343102075430224,299,169,11,0.0650887573964497,0.0367892976588629,"GO:0070371","GO:BP","ERK1 and ERK2 cascade",21026,15858
"388","magenta",TRUE,0.000399555028623279,613,169,16,0.0946745562130177,0.0261011419249592,"GO:0071396","GO:BP","cellular response to lipid",21026,16418
"389","magenta",TRUE,0.000402473472176989,547,169,15,0.0887573964497041,0.0274223034734918,"GO:0001525","GO:BP","angiogenesis",21026,328
"390","magenta",TRUE,0.000405907307836861,24,169,4,0.0236686390532544,0.166666666666667,"GO:0045591","GO:BP","positive regulation of regulatory T cell differentiation",21026,11280
"391","magenta",TRUE,0.000433811096074996,115,169,7,0.0414201183431953,0.0608695652173913,"GO:0045446","GO:BP","endothelial cell differentiation",21026,11217
"392","magenta",TRUE,0.000439262931082628,9,169,3,0.0177514792899408,0.333333333333333,"GO:0001794","GO:BP","type IIa hypersensitivity",21026,449
"393","magenta",TRUE,0.000439262931082628,9,169,3,0.0177514792899408,0.333333333333333,"GO:0002445","GO:BP","type II hypersensitivity",21026,966
"394","magenta",TRUE,0.000439262931082628,9,169,3,0.0177514792899408,0.333333333333333,"GO:2001187","GO:BP","positive regulation of CD8-positive, alpha-beta T cell activation",21026,25933
"395","magenta",TRUE,0.000479619603938079,49,169,5,0.029585798816568,0.102040816326531,"GO:0061028","GO:BP","establishment of endothelial barrier",21026,14929
"396","magenta",TRUE,0.00048081006812575,257,169,10,0.0591715976331361,0.0389105058365759,"GO:1901136","GO:BP","carbohydrate derivative catabolic process",21026,20970
"397","magenta",TRUE,0.000511261928161115,560,169,15,0.0887573964497041,0.0267857142857143,"GO:0010562","GO:BP","positive regulation of phosphorus metabolic process",21026,4198
"398","magenta",TRUE,0.000511261928161115,560,169,15,0.0887573964497041,0.0267857142857143,"GO:0045937","GO:BP","positive regulation of phosphate metabolic process",21026,11569
"399","magenta",TRUE,0.000584077529580017,83,169,6,0.0355029585798817,0.072289156626506,"GO:0033627","GO:BP","cell adhesion mediated by integrin",21026,8268
"400","magenta",TRUE,0.000584313020675097,121,169,7,0.0414201183431953,0.0578512396694215,"GO:0045582","GO:BP","positive regulation of T cell differentiation",21026,11271
"401","magenta",TRUE,0.000590873959278578,319,169,11,0.0650887573964497,0.0344827586206897,"GO:0030217","GO:BP","T cell differentiation",21026,6688
"402","magenta",TRUE,0.000593210513826583,706,169,17,0.100591715976331,0.0240793201133144,"GO:0008285","GO:BP","negative regulation of cell population proliferation",21026,3138
"403","magenta",TRUE,0.000600283340838813,165,169,8,0.0473372781065089,0.0484848484848485,"GO:0050728","GO:BP","negative regulation of inflammatory response",21026,13056
"404","magenta",TRUE,0.000600283340838813,637,169,16,0.0946745562130177,0.0251177394034537,"GO:0043408","GO:BP","regulation of MAPK cascade",21026,10579
"405","magenta",TRUE,0.000606653243876701,122,169,7,0.0414201183431953,0.0573770491803279,"GO:0046634","GO:BP","regulation of alpha-beta T cell activation",21026,12106
"406","magenta",TRUE,0.00061922487990195,166,169,8,0.0473372781065089,0.0481927710843374,"GO:0045766","GO:BP","positive regulation of angiogenesis",21026,11440
"407","magenta",TRUE,0.00061922487990195,52,169,5,0.029585798816568,0.0961538461538462,"GO:0071622","GO:BP","regulation of granulocyte chemotaxis",21026,16571
"408","magenta",TRUE,0.000623283587707556,27,169,4,0.0236686390532544,0.148148148148148,"GO:0031342","GO:BP","negative regulation of cell killing",21026,7094
"409","magenta",TRUE,0.000636937625537012,267,169,10,0.0591715976331361,0.0374531835205993,"GO:0002221","GO:BP","pattern recognition receptor signaling pathway",21026,753
"410","magenta",TRUE,0.000648578238785303,2,169,2,0.0118343195266272,1,"GO:0032672","GO:BP","regulation of interleukin-3 production",21026,7663
"411","magenta",TRUE,0.000648578238785303,2,169,2,0.0118343195266272,1,"GO:0032632","GO:BP","interleukin-3 production",21026,7624
"412","magenta",TRUE,0.000692259199933896,169,169,8,0.0473372781065089,0.0473372781065089,"GO:1904018","GO:BP","positive regulation of vasculature development",21026,23106
"413","magenta",TRUE,0.00071016318495799,28,169,4,0.0236686390532544,0.142857142857143,"GO:0002438","GO:BP","acute inflammatory response to antigenic stimulus",21026,959
"414","magenta",TRUE,0.00071016318495799,28,169,4,0.0236686390532544,0.142857142857143,"GO:0150146","GO:BP","cell junction disassembly",21026,19895
"415","magenta",TRUE,0.000776286347545988,274,169,10,0.0591715976331361,0.0364963503649635,"GO:0070372","GO:BP","regulation of ERK1 and ERK2 cascade",21026,15859
"416","magenta",TRUE,0.000788375457352389,1105,169,22,0.130177514792899,0.0199095022624434,"GO:0051130","GO:BP","positive regulation of cellular component organization",21026,13334
"417","magenta",TRUE,0.000788453689914943,55,169,5,0.029585798816568,0.0909090909090909,"GO:0046638","GO:BP","positive regulation of alpha-beta T cell differentiation",21026,12110
"418","magenta",TRUE,0.000788453689914943,518,169,14,0.0828402366863905,0.027027027027027,"GO:0008015","GO:BP","blood circulation",21026,3082
"419","magenta",TRUE,0.000801143308227566,332,169,11,0.0650887573964497,0.0331325301204819,"GO:0042742","GO:BP","defense response to bacterium",21026,10242
"420","magenta",TRUE,0.000804769627036899,29,169,4,0.0236686390532544,0.137931034482759,"GO:0036037","GO:BP","CD8-positive, alpha-beta T cell activation",21026,9321
"421","magenta",TRUE,0.000864921782485622,956,169,20,0.118343195266272,0.0209205020920502,"GO:0019220","GO:BP","regulation of phosphate metabolic process",21026,5567
"422","magenta",TRUE,0.000866718925373254,458,169,13,0.0769230769230769,0.0283842794759825,"GO:0010720","GO:BP","positive regulation of cell development",21026,4329
"423","magenta",TRUE,0.000868137826256475,732,169,17,0.100591715976331,0.023224043715847,"GO:0001568","GO:BP","blood vessel development",21026,351
"424","magenta",TRUE,0.000869931677724554,957,169,20,0.118343195266272,0.0208986415882968,"GO:0051174","GO:BP","regulation of phosphorus metabolic process",21026,13374
"425","magenta",TRUE,0.000916412832790063,57,169,5,0.029585798816568,0.087719298245614,"GO:0043303","GO:BP","mast cell degranulation",21026,10515
"426","magenta",TRUE,0.00099363109222542,58,169,5,0.029585798816568,0.0862068965517241,"GO:0002707","GO:BP","negative regulation of lymphocyte mediated immunity",21026,1223
"427","magenta",TRUE,0.00103246253344889,31,169,4,0.0236686390532544,0.129032258064516,"GO:0043304","GO:BP","regulation of mast cell degranulation",21026,10516
"428","magenta",TRUE,0.00104176602586896,744,169,17,0.100591715976331,0.0228494623655914,"GO:0000165","GO:BP","MAPK cascade",21026,55
"429","magenta",TRUE,0.00106971897067057,59,169,5,0.029585798816568,0.0847457627118644,"GO:0002279","GO:BP","mast cell activation involved in immune response",21026,809
"430","magenta",TRUE,0.00114680526005297,60,169,5,0.029585798816568,0.0833333333333333,"GO:0032731","GO:BP","positive regulation of interleukin-1 beta production",21026,7721
"431","magenta",TRUE,0.00114680526005297,60,169,5,0.029585798816568,0.0833333333333333,"GO:0032653","GO:BP","regulation of interleukin-10 production",21026,7645
"432","magenta",TRUE,0.00114680526005297,60,169,5,0.029585798816568,0.0833333333333333,"GO:0032613","GO:BP","interleukin-10 production",21026,7606
"433","magenta",TRUE,0.00114680526005297,60,169,5,0.029585798816568,0.0833333333333333,"GO:0002448","GO:BP","mast cell mediated immunity",21026,969
"434","magenta",TRUE,0.00116040859855857,137,169,7,0.0414201183431953,0.0510948905109489,"GO:0007200","GO:BP","phospholipase C-activating G protein-coupled receptor signaling pathway",21026,2745
"435","magenta",TRUE,0.0011833001815862,96,169,6,0.0355029585798817,0.0625,"GO:0032642","GO:BP","regulation of chemokine production",21026,7634
"436","magenta",TRUE,0.0011833001815862,96,169,6,0.0355029585798817,0.0625,"GO:0032602","GO:BP","chemokine production",21026,7595
"437","magenta",TRUE,0.0011833001815862,1736,169,29,0.171597633136095,0.016705069124424,"GO:0042592","GO:BP","homeostatic process",21026,10159
"438","magenta",TRUE,0.00120119582844864,138,169,7,0.0414201183431953,0.0507246376811594,"GO:0003158","GO:BP","endothelium development",21026,1586
"439","magenta",TRUE,0.00122018356241765,1144,169,22,0.130177514792899,0.0192307692307692,"GO:0009628","GO:BP","response to abiotic stimulus",21026,3535
"440","magenta",TRUE,0.00123034649969035,237,169,9,0.0532544378698225,0.0379746835443038,"GO:0007160","GO:BP","cell-matrix adhesion",21026,2711
"441","magenta",TRUE,0.00125356542649656,293,169,10,0.0591715976331361,0.0341296928327645,"GO:0045765","GO:BP","regulation of angiogenesis",21026,11439
"442","magenta",TRUE,0.00126402501777724,13,169,3,0.0177514792899408,0.230769230769231,"GO:0036006","GO:BP","cellular response to macrophage colony-stimulating factor stimulus",21026,9307
"443","magenta",TRUE,0.00126402501777724,13,169,3,0.0177514792899408,0.230769230769231,"GO:0043312","GO:BP","neutrophil degranulation",21026,10524
"444","magenta",TRUE,0.00126402501777724,13,169,3,0.0177514792899408,0.230769230769231,"GO:0002503","GO:BP","peptide antigen assembly with MHC class II protein complex",21026,1024
"445","magenta",TRUE,0.00126402501777724,13,169,3,0.0177514792899408,0.230769230769231,"GO:0002399","GO:BP","MHC class II protein complex assembly",21026,921
"446","magenta",TRUE,0.00126435990793756,834,169,18,0.106508875739645,0.0215827338129496,"GO:0034330","GO:BP","cell junction organization",21026,8509
"447","magenta",TRUE,0.00127132822354556,187,169,8,0.0473372781065089,0.0427807486631016,"GO:0070374","GO:BP","positive regulation of ERK1 and ERK2 cascade",21026,15861
"448","magenta",TRUE,0.00128864743799915,62,169,5,0.029585798816568,0.0806451612903226,"GO:0032720","GO:BP","negative regulation of tumor necrosis factor production",21026,7710
"449","magenta",TRUE,0.00131053009616987,762,169,17,0.100591715976331,0.0223097112860892,"GO:0001944","GO:BP","vasculature development",21026,553
"450","magenta",TRUE,0.00135278469308075,99,169,6,0.0355029585798817,0.0606060606060606,"GO:0030101","GO:BP","natural killer cell activation",21026,6646
"451","magenta",TRUE,0.00135730022136942,356,169,11,0.0650887573964497,0.0308988764044944,"GO:0031589","GO:BP","cell-substrate adhesion",21026,7193
"452","magenta",TRUE,0.00143010944037046,1496,169,26,0.153846153846154,0.017379679144385,"GO:0065009","GO:BP","regulation of molecular function",21026,15668
"453","magenta",TRUE,0.00143223559085235,299,169,10,0.0591715976331361,0.0334448160535117,"GO:1901342","GO:BP","regulation of vasculature development",21026,21126
"454","magenta",TRUE,0.0014366903743957,143,169,7,0.0414201183431953,0.048951048951049,"GO:0071675","GO:BP","regulation of mononuclear cell migration",21026,16617
"455","magenta",TRUE,0.00146052540675608,2407,169,36,0.21301775147929,0.0149563772330702,"GO:0006796","GO:BP","phosphate-containing compound metabolic process",21026,2474
"456","magenta",TRUE,0.00146810910403316,64,169,5,0.029585798816568,0.078125,"GO:1903556","GO:BP","negative regulation of tumor necrosis factor superfamily cytokine production",21026,22772
"457","magenta",TRUE,0.00148501539399385,192,169,8,0.0473372781065089,0.0416666666666667,"GO:0071248","GO:BP","cellular response to metal ion",21026,16279
"458","magenta",TRUE,0.00148570942754636,2410,169,36,0.21301775147929,0.0149377593360996,"GO:0006793","GO:BP","phosphorus metabolic process",21026,2471
"459","magenta",TRUE,0.00168192367329203,3,169,2,0.0118343195266272,0.666666666666667,"GO:0002519","GO:BP","natural killer cell tolerance induction",21026,1039
"460","magenta",TRUE,0.00168192367329203,3,169,2,0.0118343195266272,0.666666666666667,"GO:2000524","GO:BP","negative regulation of T cell costimulation",21026,25382
"461","magenta",TRUE,0.00168192367329203,3,169,2,0.0118343195266272,0.666666666666667,"GO:0045957","GO:BP","negative regulation of complement activation, alternative pathway",21026,11587
"462","magenta",TRUE,0.00168192367329203,3,169,2,0.0118343195266272,0.666666666666667,"GO:0150102","GO:BP","negative regulation of monocyte activation",21026,19876
"463","magenta",TRUE,0.00168192367329203,3,169,2,0.0118343195266272,0.666666666666667,"GO:0150064","GO:BP","vertebrate eye-specific patterning",21026,19859
"464","magenta",TRUE,0.00169916752341434,36,169,4,0.0236686390532544,0.111111111111111,"GO:0045589","GO:BP","regulation of regulatory T cell differentiation",21026,11278
"465","magenta",TRUE,0.00170443656383292,635,169,15,0.0887573964497041,0.0236220472440945,"GO:0048514","GO:BP","blood vessel morphogenesis",21026,12632
"466","magenta",TRUE,0.00177385771198285,67,169,5,0.029585798816568,0.0746268656716418,"GO:0001885","GO:BP","endothelial cell development",21026,510
"467","magenta",TRUE,0.00177385771198285,67,169,5,0.029585798816568,0.0746268656716418,"GO:0002820","GO:BP","negative regulation of adaptive immune response",21026,1328
"468","magenta",TRUE,0.00179321993122308,433,169,12,0.0710059171597633,0.0277136258660508,"GO:0042060","GO:BP","wound healing",21026,9856
"469","magenta",TRUE,0.0018643154460719,15,169,3,0.0177514792899408,0.2,"GO:0010919","GO:BP","regulation of inositol phosphate biosynthetic process",21026,4485
"470","magenta",TRUE,0.0018643154460719,15,169,3,0.0177514792899408,0.2,"GO:0002468","GO:BP","dendritic cell antigen processing and presentation",21026,989
"471","magenta",TRUE,0.00202629684742143,202,169,8,0.0473372781065089,0.0396039603960396,"GO:0002822","GO:BP","regulation of adaptive immune response based on somatic recombination of immune receptors built from immunoglobulin superfamily domains",21026,1330
"472","magenta",TRUE,0.00205630341892617,38,169,4,0.0236686390532544,0.105263157894737,"GO:0097242","GO:BP","amyloid-beta clearance",21026,18316
"473","magenta",TRUE,0.00205630341892617,38,169,4,0.0236686390532544,0.105263157894737,"GO:0032814","GO:BP","regulation of natural killer cell activation",21026,7781
"474","magenta",TRUE,0.00207131624187701,153,169,7,0.0414201183431953,0.0457516339869281,"GO:0050729","GO:BP","positive regulation of inflammatory response",21026,13057
"475","magenta",TRUE,0.00213770168173215,70,169,5,0.029585798816568,0.0714285714285714,"GO:0006801","GO:BP","superoxide metabolic process",21026,2478
"476","magenta",TRUE,0.00216587336388575,443,169,12,0.0710059171597633,0.0270880361173815,"GO:0030099","GO:BP","myeloid cell differentiation",21026,6644
"477","magenta",TRUE,0.00222412021413292,879,169,18,0.106508875739645,0.0204778156996587,"GO:0045597","GO:BP","positive regulation of cell differentiation",21026,11286
"478","magenta",TRUE,0.00223130541849182,16,169,3,0.0177514792899408,0.1875,"GO:0006957","GO:BP","complement activation, alternative pathway",21026,2577
"479","magenta",TRUE,0.00223130541849182,16,169,3,0.0177514792899408,0.1875,"GO:0030214","GO:BP","hyaluronan catabolic process",21026,6686
"480","magenta",TRUE,0.00223853423598541,39,169,4,0.0236686390532544,0.102564102564103,"GO:0002446","GO:BP","neutrophil mediated immunity",21026,967
"481","magenta",TRUE,0.00240428983421952,72,169,5,0.029585798816568,0.0694444444444444,"GO:0032722","GO:BP","positive regulation of chemokine production",21026,7712
"482","magenta",TRUE,0.00245988501428299,40,169,4,0.0236686390532544,0.1,"GO:0045066","GO:BP","regulatory T cell differentiation",21026,11110
"483","magenta",TRUE,0.00246572772593479,158,169,7,0.0414201183431953,0.0443037974683544,"GO:0030183","GO:BP","B cell differentiation",21026,6667
"484","magenta",TRUE,0.0026422900412752,17,169,3,0.0177514792899408,0.176470588235294,"GO:0032695","GO:BP","negative regulation of interleukin-12 production",21026,7686
"485","magenta",TRUE,0.0026422900412752,17,169,3,0.0177514792899408,0.176470588235294,"GO:0032645","GO:BP","regulation of granulocyte macrophage colony-stimulating factor production",21026,7637
"486","magenta",TRUE,0.0026422900412752,17,169,3,0.0177514792899408,0.176470588235294,"GO:0036005","GO:BP","response to macrophage colony-stimulating factor",21026,9306
"487","magenta",TRUE,0.0026422900412752,17,169,3,0.0177514792899408,0.176470588235294,"GO:0032604","GO:BP","granulocyte macrophage colony-stimulating factor production",21026,7597
"488","magenta",TRUE,0.00268728252288236,74,169,5,0.029585798816568,0.0675675675675676,"GO:0071260","GO:BP","cellular response to mechanical stimulus",21026,16288
"489","magenta",TRUE,0.00273676821247283,2593,169,37,0.218934911242604,0.0142691862707289,"GO:0010557","GO:BP","positive regulation of macromolecule biosynthetic process",21026,4193
"490","magenta",TRUE,0.00277618567052166,4437,169,55,0.325443786982249,0.0123957629028623,"GO:0030154","GO:BP","cell differentiation",21026,6654
"491","magenta",TRUE,0.00278598734096974,4438,169,55,0.325443786982249,0.012392969806219,"GO:0048869","GO:BP","cellular developmental process",21026,12943
"492","magenta",TRUE,0.00282721591981454,75,169,5,0.029585798816568,0.0666666666666667,"GO:0071496","GO:BP","cellular response to external stimulus",21026,16498
"493","magenta",TRUE,0.00282721591981454,75,169,5,0.029585798816568,0.0666666666666667,"GO:0032729","GO:BP","positive regulation of type II interferon production",21026,7719
"494","magenta",TRUE,0.0028730577040771,116,169,6,0.0355029585798817,0.0517241379310345,"GO:0007229","GO:BP","integrin-mediated signaling pathway",21026,2766
"495","magenta",TRUE,0.00293837269153798,1489,169,25,0.14792899408284,0.0167897918065816,"GO:0009719","GO:BP","response to endogenous stimulus",21026,3602
"496","magenta",TRUE,0.0029499967826499,825,169,17,0.100591715976331,0.0206060606060606,"GO:0048871","GO:BP","multicellular organismal-level homeostasis",21026,12945
"497","magenta",TRUE,0.0030397710350332,18,169,3,0.0177514792899408,0.166666666666667,"GO:0002501","GO:BP","peptide antigen assembly with MHC protein complex",21026,1022
"498","magenta",TRUE,0.0030397710350332,4,169,2,0.0118343195266272,0.5,"GO:0030451","GO:BP","regulation of complement activation, alternative pathway",21026,6772
"499","magenta",TRUE,0.0030397710350332,4,169,2,0.0118343195266272,0.5,"GO:0150062","GO:BP","complement-mediated synapse pruning",21026,19857
"500","magenta",TRUE,0.0030397710350332,18,169,3,0.0177514792899408,0.166666666666667,"GO:0002396","GO:BP","MHC protein complex assembly",21026,918
"501","magenta",TRUE,0.0030397710350332,18,169,3,0.0177514792899408,0.166666666666667,"GO:0045579","GO:BP","positive regulation of B cell differentiation",21026,11268
"502","magenta",TRUE,0.0030397710350332,4,169,2,0.0118343195266272,0.5,"GO:0043315","GO:BP","positive regulation of neutrophil degranulation",21026,10527
"503","magenta",TRUE,0.0030397710350332,1320,169,23,0.136094674556213,0.0174242424242424,"GO:0016310","GO:BP","phosphorylation",21026,5173
"504","magenta",TRUE,0.00308898990042419,43,169,4,0.0236686390532544,0.0930232558139535,"GO:0032735","GO:BP","positive regulation of interleukin-12 production",21026,7725
"505","magenta",TRUE,0.00308898990042419,830,169,17,0.100591715976331,0.0204819277108434,"GO:0042325","GO:BP","regulation of phosphorylation",21026,10000
"506","magenta",TRUE,0.00308898990042419,43,169,4,0.0236686390532544,0.0930232558139535,"GO:0030866","GO:BP","cortical actin cytoskeleton organization",21026,6910
"507","magenta",TRUE,0.00339196325383998,2433,169,35,0.207100591715976,0.0143855322646938,"GO:0051128","GO:BP","regulation of cellular component organization",21026,13332
"508","magenta",TRUE,0.00348507124019414,169,169,7,0.0414201183431953,0.0414201183431953,"GO:0007204","GO:BP","positive regulation of cytosolic calcium ion concentration",21026,2746
"509","magenta",TRUE,0.00348507124019414,121,169,6,0.0355029585798817,0.0495867768595041,"GO:0002832","GO:BP","negative regulation of response to biotic stimulus",21026,1340
"510","magenta",TRUE,0.00351245437518279,19,169,3,0.0177514792899408,0.157894736842105,"GO:0032930","GO:BP","positive regulation of superoxide anion generation",21026,7864
"511","magenta",TRUE,0.00351245437518279,19,169,3,0.0177514792899408,0.157894736842105,"GO:0002643","GO:BP","regulation of tolerance induction",21026,1159
"512","magenta",TRUE,0.00351245437518279,19,169,3,0.0177514792899408,0.157894736842105,"GO:0010759","GO:BP","positive regulation of macrophage chemotaxis",21026,4363
"513","magenta",TRUE,0.00364237794830941,80,169,5,0.029585798816568,0.0625,"GO:0046637","GO:BP","regulation of alpha-beta T cell differentiation",21026,12109
"514","magenta",TRUE,0.00365769521644084,616,169,14,0.0828402366863905,0.0227272727272727,"GO:0050801","GO:BP","monoatomic ion homeostasis",21026,13095
"515","magenta",TRUE,0.00383988589798745,81,169,5,0.029585798816568,0.0617283950617284,"GO:0140029","GO:BP","exocytic process",21026,19381
"516","magenta",TRUE,0.00400768652406072,4727,169,57,0.337278106508876,0.0120583879839221,"GO:0007275","GO:BP","multicellular organism development",21026,2788
"517","magenta",TRUE,0.00403558269379916,82,169,5,0.029585798816568,0.0609756097560976,"GO:0002228","GO:BP","natural killer cell mediated immunity",21026,759
"518","magenta",TRUE,0.00403558269379916,20,169,3,0.0177514792899408,0.15,"GO:0032693","GO:BP","negative regulation of interleukin-10 production",21026,7684
"519","magenta",TRUE,0.00403558269379916,20,169,3,0.0177514792899408,0.15,"GO:2001185","GO:BP","regulation of CD8-positive, alpha-beta T cell activation",21026,25931
"520","magenta",TRUE,0.00403558269379916,20,169,3,0.0177514792899408,0.15,"GO:0002693","GO:BP","positive regulation of cellular extravasation",21026,1209
"521","magenta",TRUE,0.00423899322498016,83,169,5,0.029585798816568,0.0602409638554217,"GO:0002720","GO:BP","positive regulation of cytokine production involved in immune response",21026,1236
"522","magenta",TRUE,0.00426176040969378,554,169,13,0.0769230769230769,0.0234657039711191,"GO:0043085","GO:BP","positive regulation of catalytic activity",21026,10423
"523","magenta",TRUE,0.00429672911982599,779,169,16,0.0946745562130177,0.0205391527599487,"GO:0001932","GO:BP","regulation of protein phosphorylation",21026,544
"524","magenta",TRUE,0.00438593625906296,231,169,8,0.0473372781065089,0.0346320346320346,"GO:0072593","GO:BP","reactive oxygen species metabolic process",21026,17223
"525","magenta",TRUE,0.00442966234349195,84,169,5,0.029585798816568,0.0595238095238095,"GO:0032677","GO:BP","regulation of interleukin-8 production",21026,7668
"526","magenta",TRUE,0.00442966234349195,84,169,5,0.029585798816568,0.0595238095238095,"GO:0032637","GO:BP","interleukin-8 production",21026,7629
"527","magenta",TRUE,0.00448623302403401,48,169,4,0.0236686390532544,0.0833333333333333,"GO:0046633","GO:BP","alpha-beta T cell proliferation",21026,12105
"528","magenta",TRUE,0.00448623302403401,48,169,4,0.0236686390532544,0.0833333333333333,"GO:0032715","GO:BP","negative regulation of interleukin-6 production",21026,7705
"529","magenta",TRUE,0.00456974928583295,21,169,3,0.0177514792899408,0.142857142857143,"GO:0032928","GO:BP","regulation of superoxide anion generation",21026,7862
"530","magenta",TRUE,0.00456974928583295,21,169,3,0.0177514792899408,0.142857142857143,"GO:0032816","GO:BP","positive regulation of natural killer cell activation",21026,7783
"531","magenta",TRUE,0.00456974928583295,21,169,3,0.0177514792899408,0.142857142857143,"GO:0030449","GO:BP","regulation of complement activation",21026,6770
"532","magenta",TRUE,0.00468565364205484,234,169,8,0.0473372781065089,0.0341880341880342,"GO:0019722","GO:BP","calcium-mediated signaling",21026,5986
"533","magenta",TRUE,0.00468565364205484,5,169,2,0.0118343195266272,0.4,"GO:2001188","GO:BP","regulation of T cell activation via T cell receptor contact with antigen bound to MHC molecule on antigen presenting cell",21026,25934
"534","magenta",TRUE,0.00468565364205484,5,169,2,0.0118343195266272,0.4,"GO:0043378","GO:BP","positive regulation of CD8-positive, alpha-beta T cell differentiation",21026,10559
"535","magenta",TRUE,0.00468565364205484,5,169,2,0.0118343195266272,0.4,"GO:0071655","GO:BP","regulation of granulocyte colony-stimulating factor production",21026,16601
"536","magenta",TRUE,0.00468565364205484,5,169,2,0.0118343195266272,0.4,"GO:0071611","GO:BP","granulocyte colony-stimulating factor production",21026,16566
"537","magenta",TRUE,0.00476188552957298,49,169,4,0.0236686390532544,0.0816326530612245,"GO:0140894","GO:BP","endolysosomal toll-like receptor signaling pathway",21026,19670
"538","magenta",TRUE,0.0047624499229442,180,169,7,0.0414201183431953,0.0388888888888889,"GO:0048771","GO:BP","tissue remodeling",21026,12853
"539","magenta",TRUE,0.0047624499229442,563,169,13,0.0769230769230769,0.0230905861456483,"GO:1903530","GO:BP","regulation of secretion by cell",21026,22749
"540","magenta",TRUE,0.0047624499229442,1199,169,21,0.124260355029586,0.0175145954962469,"GO:0048646","GO:BP","anatomical structure formation involved in morphogenesis",21026,12737
"541","magenta",TRUE,0.00493992360261152,131,169,6,0.0355029585798817,0.0458015267175573,"GO:0045471","GO:BP","response to ethanol",21026,11237
"542","magenta",TRUE,0.00508977085898009,50,169,4,0.0236686390532544,0.08,"GO:0002548","GO:BP","monocyte chemotaxis",21026,1067
"543","magenta",TRUE,0.00511069614299736,238,169,8,0.0473372781065089,0.0336134453781513,"GO:0007599","GO:BP","hemostasis",21026,3044
"544","magenta",TRUE,0.00511069614299736,22,169,3,0.0177514792899408,0.136363636363636,"GO:0006907","GO:BP","pinocytosis",21026,2547
"545","magenta",TRUE,0.00511069614299736,2696,169,37,0.218934911242604,0.0137240356083086,"GO:0009891","GO:BP","positive regulation of biosynthetic process",21026,3736
"546","magenta",TRUE,0.00524992319764689,88,169,5,0.029585798816568,0.0568181818181818,"GO:0045824","GO:BP","negative regulation of innate immune response",21026,11482
"547","magenta",TRUE,0.00527116398140785,133,169,6,0.0355029585798817,0.0451127819548872,"GO:0002456","GO:BP","T cell mediated immunity",21026,977
"548","magenta",TRUE,0.00527116398140785,133,169,6,0.0355029585798817,0.0451127819548872,"GO:0002708","GO:BP","positive regulation of lymphocyte mediated immunity",21026,1224
"549","magenta",TRUE,0.00532137171961208,645,169,14,0.0828402366863905,0.0217054263565891,"GO:1901699","GO:BP","cellular response to nitrogen compound",21026,21370
"550","magenta",TRUE,0.00532762670033187,240,169,8,0.0473372781065089,0.0333333333333333,"GO:0002573","GO:BP","myeloid leukocyte differentiation",21026,1092
"551","magenta",TRUE,0.0054481795234621,134,169,6,0.0355029585798817,0.0447761194029851,"GO:0046632","GO:BP","alpha-beta T cell differentiation",21026,12104
"552","magenta",TRUE,0.00545849847629359,89,169,5,0.029585798816568,0.0561797752808989,"GO:0032418","GO:BP","lysosome localization",21026,7502
"553","magenta",TRUE,0.00565925263469451,884,169,17,0.100591715976331,0.0192307692307692,"GO:0044093","GO:BP","positive regulation of molecular function",21026,10818
"554","magenta",TRUE,0.0057072806276105,90,169,5,0.029585798816568,0.0555555555555556,"GO:0002532","GO:BP","production of molecular mediator involved in inflammatory response",21026,1052
"555","magenta",TRUE,0.0057072806276105,90,169,5,0.029585798816568,0.0555555555555556,"GO:1990849","GO:BP","vacuolar localization",21026,24879
"556","magenta",TRUE,0.00574026351500514,52,169,4,0.0236686390532544,0.0769230769230769,"GO:0002715","GO:BP","regulation of natural killer cell mediated immunity",21026,1231
"557","magenta",TRUE,0.00588754808241613,506,169,12,0.0710059171597633,0.0237154150197628,"GO:0042327","GO:BP","positive regulation of phosphorylation",21026,10002
"558","magenta",TRUE,0.00608911017388352,189,169,7,0.0414201183431953,0.037037037037037,"GO:0045580","GO:BP","regulation of T cell differentiation",21026,11269
"559","magenta",TRUE,0.00613275946782314,53,169,4,0.0236686390532544,0.0754716981132075,"GO:0010543","GO:BP","regulation of platelet activation",21026,4185
"560","magenta",TRUE,0.00613420820218903,1227,169,21,0.124260355029586,0.0171149144254279,"GO:0006468","GO:BP","protein phosphorylation",21026,2199
"561","magenta",TRUE,0.00622810525405384,92,169,5,0.029585798816568,0.0543478260869565,"GO:0001938","GO:BP","positive regulation of endothelial cell proliferation",21026,550
"562","magenta",TRUE,0.00636315480765765,1145,169,20,0.118343195266272,0.0174672489082969,"GO:0072359","GO:BP","circulatory system development",21026,17136
"563","magenta",TRUE,0.00637954771358599,24,169,3,0.0177514792899408,0.125,"GO:0001911","GO:BP","negative regulation of leukocyte mediated cytotoxicity",21026,526
"564","magenta",TRUE,0.00637954771358599,24,169,3,0.0177514792899408,0.125,"GO:0002043","GO:BP","blood vessel endothelial cell proliferation involved in sprouting angiogenesis",21026,641
"565","magenta",TRUE,0.00653265550790017,6,169,2,0.0118343195266272,0.333333333333333,"GO:0038043","GO:BP","interleukin-5-mediated signaling pathway",21026,9590
"566","magenta",TRUE,0.00653265550790017,6,169,2,0.0118343195266272,0.333333333333333,"GO:0036301","GO:BP","macrophage colony-stimulating factor production",21026,9465
"567","magenta",TRUE,0.00653265550790017,6,169,2,0.0118343195266272,0.333333333333333,"GO:1901256","GO:BP","regulation of macrophage colony-stimulating factor production",21026,21058
"568","magenta",TRUE,0.00653265550790017,6,169,2,0.0118343195266272,0.333333333333333,"GO:0002885","GO:BP","positive regulation of hypersensitivity",21026,1393
"569","magenta",TRUE,0.00653265550790017,6,169,2,0.0118343195266272,0.333333333333333,"GO:2000523","GO:BP","regulation of T cell costimulation",21026,25381
"570","magenta",TRUE,0.00658747924649563,140,169,6,0.0355029585798817,0.0428571428571429,"GO:0030168","GO:BP","platelet activation",21026,6662
"571","magenta",TRUE,0.0066140955462356,376,169,10,0.0591715976331361,0.0265957446808511,"GO:0050878","GO:BP","regulation of body fluid levels",21026,13151
"572","magenta",TRUE,0.00704126708334531,95,169,5,0.029585798816568,0.0526315789473684,"GO:0071677","GO:BP","positive regulation of mononuclear cell migration",21026,16619
"573","magenta",TRUE,0.00706501540198497,25,169,3,0.0177514792899408,0.12,"GO:0090023","GO:BP","positive regulation of neutrophil chemotaxis",21026,17722
"574","magenta",TRUE,0.00706501540198497,25,169,3,0.0177514792899408,0.12,"GO:0046641","GO:BP","positive regulation of alpha-beta T cell proliferation",21026,12113
"575","magenta",TRUE,0.00771642807053306,198,169,7,0.0414201183431953,0.0353535353535354,"GO:0050730","GO:BP","regulation of peptidyl-tyrosine phosphorylation",21026,13058
"576","magenta",TRUE,0.00776998414295837,57,169,4,0.0236686390532544,0.0701754385964912,"GO:0030865","GO:BP","cortical cytoskeleton organization",21026,6909
"577","magenta",TRUE,0.00776998414295837,57,169,4,0.0236686390532544,0.0701754385964912,"GO:0046456","GO:BP","icosanoid biosynthetic process",21026,11999
"578","magenta",TRUE,0.00776998414295837,57,169,4,0.0236686390532544,0.0701754385964912,"GO:0048010","GO:BP","vascular endothelial growth factor receptor signaling pathway",21026,12299
"579","magenta",TRUE,0.00805049141054655,1435,169,23,0.136094674556213,0.0160278745644599,"GO:0023057","GO:BP","negative regulation of signaling",21026,6609
"580","magenta",TRUE,0.00810913746476986,1436,169,23,0.136094674556213,0.016016713091922,"GO:0010648","GO:BP","negative regulation of cell communication",21026,4277
"581","magenta",TRUE,0.00831891629048617,201,169,7,0.0414201183431953,0.0348258706467662,"GO:0031334","GO:BP","positive regulation of protein-containing complex assembly",21026,7086
"582","magenta",TRUE,0.00854746972753186,606,169,13,0.0769230769230769,0.0214521452145215,"GO:0055080","GO:BP","monoatomic cation homeostasis",21026,14026
"583","magenta",TRUE,0.00862495001955011,27,169,3,0.0177514792899408,0.111111111111111,"GO:0072010","GO:BP","glomerular epithelium development",21026,16812
"584","magenta",TRUE,0.00862495001955011,27,169,3,0.0177514792899408,0.111111111111111,"GO:1905523","GO:BP","positive regulation of macrophage migration",21026,24283
"585","magenta",TRUE,0.00862495001955011,533,169,12,0.0710059171597633,0.0225140712945591,"GO:0006873","GO:BP","intracellular monoatomic ion homeostasis",21026,2522
"586","magenta",TRUE,0.00862495001955011,27,169,3,0.0177514792899408,0.111111111111111,"GO:0090025","GO:BP","regulation of monocyte chemotaxis",21026,17724
"587","magenta",TRUE,0.00862495001955011,27,169,3,0.0177514792899408,0.111111111111111,"GO:0032958","GO:BP","inositol phosphate biosynthetic process",21026,7885
"588","magenta",TRUE,0.00862495001955011,27,169,3,0.0177514792899408,0.111111111111111,"GO:0006027","GO:BP","glycosaminoglycan catabolic process",21026,1897
"589","magenta",TRUE,0.00862495001955011,27,169,3,0.0177514792899408,0.111111111111111,"GO:0043302","GO:BP","positive regulation of leukocyte degranulation",21026,10514
"590","magenta",TRUE,0.00871618376501879,7,169,2,0.0118343195266272,0.285714285714286,"GO:0045588","GO:BP","positive regulation of gamma-delta T cell differentiation",21026,11277
"591","magenta",TRUE,0.00871618376501879,7,169,2,0.0118343195266272,0.285714285714286,"GO:0048549","GO:BP","positive regulation of pinocytosis",21026,12662
"592","magenta",TRUE,0.0088823687328832,928,169,17,0.100591715976331,0.0183189655172414,"GO:0050790","GO:BP","regulation of catalytic activity",21026,13087
"593","magenta",TRUE,0.0089831224580157,847,169,16,0.0946745562130177,0.0188902007083825,"GO:0060284","GO:BP","regulation of cell development",21026,14292
"594","magenta",TRUE,0.00949431816417359,28,169,3,0.0177514792899408,0.107142857142857,"GO:0031664","GO:BP","regulation of lipopolysaccharide-mediated signaling pathway",21026,7228
"595","magenta",TRUE,0.00949431816417359,28,169,3,0.0177514792899408,0.107142857142857,"GO:0071624","GO:BP","positive regulation of granulocyte chemotaxis",21026,16573
"596","magenta",TRUE,0.00967284124307327,61,169,4,0.0236686390532544,0.0655737704918033,"GO:0034113","GO:BP","heterotypic cell-cell adhesion",21026,8358
"597","magenta",TRUE,0.00975004943366062,617,169,13,0.0769230769230769,0.0210696920583468,"GO:0051046","GO:BP","regulation of secretion",21026,13283
"598","magenta",TRUE,0.0100324661326373,104,169,5,0.029585798816568,0.0480769230769231,"GO:0002709","GO:BP","regulation of T cell mediated immunity",21026,1225
"599","magenta",TRUE,0.0102180406923117,62,169,4,0.0236686390532544,0.0645161290322581,"GO:0002823","GO:BP","negative regulation of adaptive immune response based on somatic recombination of immune receptors built from immunoglobulin superfamily domains",21026,1331
"600","magenta",TRUE,0.010390188692069,29,169,3,0.0177514792899408,0.103448275862069,"GO:0002862","GO:BP","negative regulation of inflammatory response to antigenic stimulus",21026,1370
"601","magenta",TRUE,0.010390188692069,29,169,3,0.0177514792899408,0.103448275862069,"GO:0090322","GO:BP","regulation of superoxide metabolic process",21026,17966
"602","magenta",TRUE,0.010390188692069,29,169,3,0.0177514792899408,0.103448275862069,"GO:0010758","GO:BP","regulation of macrophage chemotaxis",21026,4362
"603","magenta",TRUE,0.0111770181491589,107,169,5,0.029585798816568,0.0467289719626168,"GO:0002377","GO:BP","immunoglobulin production",21026,905
"604","magenta",TRUE,0.0111770181491589,8,169,2,0.0118343195266272,0.25,"GO:1903659","GO:BP","regulation of complement-dependent cytotoxicity",21026,22841
"605","magenta",TRUE,0.0111770181491589,8,169,2,0.0118343195266272,0.25,"GO:0002866","GO:BP","positive regulation of acute inflammatory response to antigenic stimulus",21026,1374
"606","magenta",TRUE,0.0111770181491589,8,169,2,0.0118343195266272,0.25,"GO:0046645","GO:BP","positive regulation of gamma-delta T cell activation",21026,12117
"607","magenta",TRUE,0.0111770181491589,8,169,2,0.0118343195266272,0.25,"GO:0001955","GO:BP","blood vessel maturation",21026,562
"608","magenta",TRUE,0.0111770181491589,107,169,5,0.029585798816568,0.0467289719626168,"GO:0042100","GO:BP","B cell proliferation",21026,9875
"609","magenta",TRUE,0.0111770181491589,8,169,2,0.0118343195266272,0.25,"GO:0043376","GO:BP","regulation of CD8-positive, alpha-beta T cell differentiation",21026,10557
"610","magenta",TRUE,0.011225617642751,30,169,3,0.0177514792899408,0.1,"GO:0071404","GO:BP","cellular response to low-density lipoprotein particle stimulus",21026,16426
"611","magenta",TRUE,0.011225617642751,629,169,13,0.0769230769230769,0.0206677265500795,"GO:0007169","GO:BP","cell surface receptor protein tyrosine kinase signaling pathway",21026,2720
"612","magenta",TRUE,0.011225617642751,64,169,4,0.0236686390532544,0.0625,"GO:0032757","GO:BP","positive regulation of interleukin-8 production",21026,7746
"613","magenta",TRUE,0.011225617642751,30,169,3,0.0177514792899408,0.1,"GO:0001945","GO:BP","lymph vessel development",21026,554
"614","magenta",TRUE,0.011225617642751,30,169,3,0.0177514792899408,0.1,"GO:0060055","GO:BP","angiogenesis involved in wound healing",21026,14110
"615","magenta",TRUE,0.0114316832996874,1039,169,18,0.106508875739645,0.0173243503368624,"GO:0051247","GO:BP","positive regulation of protein metabolic process",21026,13412
"616","magenta",TRUE,0.0115868619092319,159,169,6,0.0355029585798817,0.0377358490566038,"GO:0008037","GO:BP","cell recognition",21026,3085
"617","magenta",TRUE,0.0118495685983857,483,169,11,0.0650887573964497,0.0227743271221532,"GO:0001934","GO:BP","positive regulation of protein phosphorylation",21026,546
"618","magenta",TRUE,0.0122659572716958,31,169,3,0.0177514792899408,0.0967741935483871,"GO:0055094","GO:BP","response to lipoprotein particle",21026,14037
"619","magenta",TRUE,0.0124117890071668,66,169,4,0.0236686390532544,0.0606060606060606,"GO:0030888","GO:BP","regulation of B cell proliferation",21026,6916
"620","magenta",TRUE,0.0124547957649657,879,169,16,0.0946745562130177,0.0182025028441411,"GO:0035239","GO:BP","tube morphogenesis",21026,8855
"621","magenta",TRUE,0.01264584106211,1680,169,25,0.14792899408284,0.0148809523809524,"GO:0010629","GO:BP","negative regulation of gene expression",21026,4258
"622","magenta",TRUE,0.01264584106211,281,169,8,0.0473372781065089,0.0284697508896797,"GO:0006959","GO:BP","humoral immune response",21026,2579
"623","magenta",TRUE,0.0127922607138926,563,169,12,0.0710059171597633,0.0213143872113677,"GO:0050808","GO:BP","synapse organization",21026,13102
"624","magenta",TRUE,0.0129773668039446,67,169,4,0.0236686390532544,0.0597014925373134,"GO:0001912","GO:BP","positive regulation of leukocyte mediated cytotoxicity",21026,527
"625","magenta",TRUE,0.0129773668039446,67,169,4,0.0236686390532544,0.0597014925373134,"GO:0050854","GO:BP","regulation of antigen receptor-mediated signaling pathway",21026,13130
"626","magenta",TRUE,0.01313589198453,221,169,7,0.0414201183431953,0.0316742081447964,"GO:0043542","GO:BP","endothelial cell migration",21026,10662
"627","magenta",TRUE,0.013449704079883,222,169,7,0.0414201183431953,0.0315315315315315,"GO:0009612","GO:BP","response to mechanical stimulus",21026,3526
"628","magenta",TRUE,0.0136016331942711,351,169,9,0.0532544378698225,0.0256410256410256,"GO:0010038","GO:BP","response to metal ion",21026,3832
"629","magenta",TRUE,0.0136175266195863,9,169,2,0.0118343195266272,0.222222222222222,"GO:0002666","GO:BP","positive regulation of T cell tolerance induction",21026,1182
"630","magenta",TRUE,0.0136175266195863,9,169,2,0.0118343195266272,0.222222222222222,"GO:0032815","GO:BP","negative regulation of natural killer cell activation",21026,7782
"631","magenta",TRUE,0.0136175266195863,9,169,2,0.0118343195266272,0.222222222222222,"GO:0045586","GO:BP","regulation of gamma-delta T cell differentiation",21026,11275
"632","magenta",TRUE,0.0136175266195863,9,169,2,0.0118343195266272,0.222222222222222,"GO:1903589","GO:BP","positive regulation of blood vessel endothelial cell proliferation involved in sprouting angiogenesis",21026,22798
"633","magenta",TRUE,0.0136175266195863,9,169,2,0.0118343195266272,0.222222222222222,"GO:0042590","GO:BP","antigen processing and presentation of exogenous peptide antigen via MHC class I",21026,10158
"634","magenta",TRUE,0.0136175266195863,113,169,5,0.029585798816568,0.0442477876106195,"GO:0001776","GO:BP","leukocyte homeostasis",21026,439
"635","magenta",TRUE,0.0136175266195863,9,169,2,0.0118343195266272,0.222222222222222,"GO:0002578","GO:BP","negative regulation of antigen processing and presentation",21026,1097
"636","magenta",TRUE,0.0136175266195863,9,169,2,0.0118343195266272,0.222222222222222,"GO:0140367","GO:BP","antibacterial innate immune response",21026,19498
"637","magenta",TRUE,0.0137876241614743,1326,169,21,0.124260355029586,0.0158371040723982,"GO:0009968","GO:BP","negative regulation of signal transduction",21026,3791
"638","magenta",TRUE,0.0141257780553781,33,169,3,0.0177514792899408,0.0909090909090909,"GO:0035590","GO:BP","purinergic nucleotide receptor signaling pathway",21026,9038
"639","magenta",TRUE,0.0141257780553781,33,169,3,0.0177514792899408,0.0909090909090909,"GO:0001782","GO:BP","B cell homeostasis",21026,445
"640","magenta",TRUE,0.0141257780553781,33,169,3,0.0177514792899408,0.0909090909090909,"GO:0090022","GO:BP","regulation of neutrophil chemotaxis",21026,17721
"641","magenta",TRUE,0.0141257780553781,33,169,3,0.0177514792899408,0.0909090909090909,"GO:0006026","GO:BP","aminoglycan catabolic process",21026,1896
"642","magenta",TRUE,0.0143817686286125,1987,169,28,0.165680473372781,0.0140915953699044,"GO:0012501","GO:BP","programmed cell death",21026,4551
"643","magenta",TRUE,0.0147533258849831,1991,169,28,0.165680473372781,0.0140632847815168,"GO:0008219","GO:BP","cell death",21026,3132
"644","magenta",TRUE,0.0147533258849831,70,169,4,0.0236686390532544,0.0571428571428571,"GO:1902475","GO:BP","L-alpha-amino acid transmembrane transport",21026,22006
"645","magenta",TRUE,0.0149495935464516,169,169,6,0.0355029585798817,0.0355029585798817,"GO:0010594","GO:BP","regulation of endothelial cell migration",21026,4225
"646","magenta",TRUE,0.0152168037018391,34,169,3,0.0177514792899408,0.0882352941176471,"GO:0002717","GO:BP","positive regulation of natural killer cell mediated immunity",21026,1233
"647","magenta",TRUE,0.0152168037018391,34,169,3,0.0177514792899408,0.0882352941176471,"GO:0050901","GO:BP","leukocyte tethering or rolling",21026,13171
"648","magenta",TRUE,0.0152168037018391,34,169,3,0.0177514792899408,0.0882352941176471,"GO:0030212","GO:BP","hyaluronan metabolic process",21026,6684
"649","magenta",TRUE,0.0152430283795076,4053,169,48,0.284023668639053,0.0118430792005922,"GO:0048731","GO:BP","system development",21026,12821
"650","magenta",TRUE,0.015725802206065,821,169,15,0.0887573964497041,0.0182704019488429,"GO:0061024","GO:BP","membrane organization",21026,14925
"651","magenta",TRUE,0.0157486697434685,505,169,11,0.0650887573964497,0.0217821782178218,"GO:0044089","GO:BP","positive regulation of cellular component biogenesis",21026,10814
"652","magenta",TRUE,0.016078955602575,231,169,7,0.0414201183431953,0.0303030303030303,"GO:0007596","GO:BP","blood coagulation",21026,3041
"653","magenta",TRUE,0.0161393566423087,10,169,2,0.0118343195266272,0.2,"GO:0002883","GO:BP","regulation of hypersensitivity",21026,1391
"654","magenta",TRUE,0.0161393566423087,10,169,2,0.0118343195266272,0.2,"GO:0031666","GO:BP","positive regulation of lipopolysaccharide-mediated signaling pathway",21026,7230
"655","magenta",TRUE,0.0161393566423087,10,169,2,0.0118343195266272,0.2,"GO:0002349","GO:BP","histamine production involved in inflammatory response",21026,879
"656","magenta",TRUE,0.0161393566423087,10,169,2,0.0118343195266272,0.2,"GO:0002441","GO:BP","histamine secretion involved in inflammatory response",21026,962
"657","magenta",TRUE,0.0161393566423087,10,169,2,0.0118343195266272,0.2,"GO:0002553","GO:BP","histamine secretion by mast cell",21026,1072
"658","magenta",TRUE,0.0161393566423087,35,169,3,0.0177514792899408,0.0857142857142857,"GO:0030224","GO:BP","monocyte differentiation",21026,6695
"659","magenta",TRUE,0.0161393566423087,1080,169,18,0.106508875739645,0.0166666666666667,"GO:1901698","GO:BP","response to nitrogen compound",21026,21369
"660","magenta",TRUE,0.0161393566423087,10,169,2,0.0118343195266272,0.2,"GO:0032819","GO:BP","positive regulation of natural killer cell proliferation",21026,7786
"661","magenta",TRUE,0.0161393566423087,10,169,2,0.0118343195266272,0.2,"GO:0071314","GO:BP","cellular response to cocaine",21026,16340
"662","magenta",TRUE,0.0161393566423087,119,169,5,0.029585798816568,0.0420168067226891,"GO:0043534","GO:BP","blood vessel endothelial cell migration",21026,10658
"663","magenta",TRUE,0.0161393566423087,10,169,2,0.0118343195266272,0.2,"GO:0015820","GO:BP","L-leucine transport",21026,4908
"664","magenta",TRUE,0.0161393566423087,10,169,2,0.0118343195266272,0.2,"GO:0046643","GO:BP","regulation of gamma-delta T cell activation",21026,12115
"665","magenta",TRUE,0.01670259181579,174,169,6,0.0355029585798817,0.0344827586206897,"GO:0002753","GO:BP","cytoplasmic pattern recognition receptor signaling pathway",21026,1262
"666","magenta",TRUE,0.0171539957354302,831,169,15,0.0887573964497041,0.0180505415162455,"GO:0022603","GO:BP","regulation of anatomical structure morphogenesis",21026,6578
"667","magenta",TRUE,0.0172908758810927,36,169,3,0.0177514792899408,0.0833333333333333,"GO:0002474","GO:BP","antigen processing and presentation of peptide antigen via MHC class I",21026,995
"668","magenta",TRUE,0.0172908758810927,36,169,3,0.0177514792899408,0.0833333333333333,"GO:0045920","GO:BP","negative regulation of exocytosis",21026,11552
"669","magenta",TRUE,0.0172908758810927,439,169,10,0.0591715976331361,0.0227790432801822,"GO:0009410","GO:BP","response to xenobiotic stimulus",21026,3461
"670","magenta",TRUE,0.0172908758810927,36,169,3,0.0177514792899408,0.0833333333333333,"GO:1902624","GO:BP","positive regulation of neutrophil migration",21026,22090
"671","magenta",TRUE,0.0177185498517481,122,169,5,0.029585798816568,0.040983606557377,"GO:0006690","GO:BP","icosanoid metabolic process",21026,2390
"672","magenta",TRUE,0.0183418379992682,238,169,7,0.0414201183431953,0.0294117647058824,"GO:0050817","GO:BP","coagulation",21026,13107
"673","magenta",TRUE,0.018583395434372,37,169,3,0.0177514792899408,0.0810810810810811,"GO:0043372","GO:BP","positive regulation of CD4-positive, alpha-beta T cell differentiation",21026,10553
"674","magenta",TRUE,0.018583395434372,37,169,3,0.0177514792899408,0.0810810810810811,"GO:0071402","GO:BP","cellular response to lipoprotein particle stimulus",21026,16424
"675","magenta",TRUE,0.0188569307252331,76,169,4,0.0236686390532544,0.0526315789473684,"GO:0034103","GO:BP","regulation of tissue remodeling",21026,8348
"676","magenta",TRUE,0.0188615315814596,179,169,6,0.0355029585798817,0.0335195530726257,"GO:0046777","GO:BP","protein autophosphorylation",21026,12198
"677","magenta",TRUE,0.018986935437963,11,169,2,0.0118343195266272,0.181818181818182,"GO:0097012","GO:BP","response to granulocyte macrophage colony-stimulating factor",21026,18205
"678","magenta",TRUE,0.018986935437963,11,169,2,0.0118343195266272,0.181818181818182,"GO:0097048","GO:BP","dendritic cell apoptotic process",21026,18221
"679","magenta",TRUE,0.018986935437963,11,169,2,0.0118343195266272,0.181818181818182,"GO:0097278","GO:BP","complement-dependent cytotoxicity",21026,18328
"680","magenta",TRUE,0.018986935437963,11,169,2,0.0118343195266272,0.181818181818182,"GO:0060075","GO:BP","regulation of resting membrane potential",21026,14129
"681","magenta",TRUE,0.018986935437963,446,169,10,0.0591715976331361,0.0224215246636771,"GO:0022411","GO:BP","cellular component disassembly",21026,6570
"682","magenta",TRUE,0.018986935437963,11,169,2,0.0118343195266272,0.181818181818182,"GO:2000668","GO:BP","regulation of dendritic cell apoptotic process",21026,25494
"683","magenta",TRUE,0.018986935437963,11,169,2,0.0118343195266272,0.181818181818182,"GO:0002645","GO:BP","positive regulation of tolerance induction",21026,1161
"684","magenta",TRUE,0.018986935437963,11,169,2,0.0118343195266272,0.181818181818182,"GO:0097011","GO:BP","cellular response to granulocyte macrophage colony-stimulating factor stimulus",21026,18204
"685","magenta",TRUE,0.0192214316115535,125,169,5,0.029585798816568,0.04,"GO:0002761","GO:BP","regulation of myeloid leukocyte differentiation",21026,1270
"686","magenta",TRUE,0.0193854589089082,77,169,4,0.0236686390532544,0.051948051948052,"GO:0002637","GO:BP","regulation of immunoglobulin production",21026,1156
"687","magenta",TRUE,0.0193854589089082,77,169,4,0.0236686390532544,0.051948051948052,"GO:0042267","GO:BP","natural killer cell mediated cytotoxicity",21026,9972
"688","magenta",TRUE,0.0195753277524064,524,169,11,0.0650887573964497,0.0209923664122137,"GO:0030003","GO:BP","intracellular monoatomic cation homeostasis",21026,6615
"689","magenta",TRUE,0.0195753277524064,38,169,3,0.0177514792899408,0.0789473684210526,"GO:0030513","GO:BP","positive regulation of BMP signaling pathway",21026,6792
"690","magenta",TRUE,0.0202567985968923,1289,169,20,0.118343195266272,0.0155159038013964,"GO:0007186","GO:BP","G protein-coupled receptor signaling pathway",21026,2731
"691","magenta",TRUE,0.0203892776120098,244,169,7,0.0414201183431953,0.0286885245901639,"GO:0051924","GO:BP","regulation of calcium ion transport",21026,13803
"692","magenta",TRUE,0.0204435235686791,452,169,10,0.0591715976331361,0.0221238938053097,"GO:0043269","GO:BP","regulation of monoatomic ion transport",21026,10497
"693","magenta",TRUE,0.0209481427821692,39,169,3,0.0177514792899408,0.0769230769230769,"GO:0045730","GO:BP","respiratory burst",21026,11410
"694","magenta",TRUE,0.0219913507272192,80,169,4,0.0236686390532544,0.05,"GO:0002224","GO:BP","toll-like receptor signaling pathway",21026,756
"695","magenta",TRUE,0.0220923837606311,12,169,2,0.0118343195266272,0.166666666666667,"GO:0032817","GO:BP","regulation of natural killer cell proliferation",21026,7784
"696","magenta",TRUE,0.0220923837606311,12,169,2,0.0118343195266272,0.166666666666667,"GO:0090160","GO:BP","Golgi to lysosome transport",21026,17833
"697","magenta",TRUE,0.0220923837606311,12,169,2,0.0118343195266272,0.166666666666667,"GO:0034154","GO:BP","toll-like receptor 7 signaling pathway",21026,8399
"698","magenta",TRUE,0.0220923837606311,12,169,2,0.0118343195266272,0.166666666666667,"GO:0048548","GO:BP","regulation of pinocytosis",21026,12661
"699","magenta",TRUE,0.0220923837606311,12,169,2,0.0118343195266272,0.166666666666667,"GO:0001821","GO:BP","histamine secretion",21026,476
"700","magenta",TRUE,0.0220923837606311,12,169,2,0.0118343195266272,0.166666666666667,"GO:0042117","GO:BP","monocyte activation",21026,9882
"701","magenta",TRUE,0.0221220851195259,534,169,11,0.0650887573964497,0.0205992509363296,"GO:0098771","GO:BP","inorganic ion homeostasis",21026,18637
"702","magenta",TRUE,0.0221957115620848,40,169,3,0.0177514792899408,0.075,"GO:1904646","GO:BP","cellular response to amyloid-beta",21026,23608
"703","magenta",TRUE,0.0237334901878421,41,169,3,0.0177514792899408,0.0731707317073171,"GO:0009268","GO:BP","response to pH",21026,3419
"704","magenta",TRUE,0.0237334901878421,41,169,3,0.0177514792899408,0.0731707317073171,"GO:0061097","GO:BP","regulation of protein tyrosine kinase activity",21026,14991
"705","magenta",TRUE,0.024385565603978,1043,169,17,0.100591715976331,0.0162991371045062,"GO:0048878","GO:BP","chemical homeostasis",21026,12950
"706","magenta",TRUE,0.0246116754967407,83,169,4,0.0236686390532544,0.0481927710843374,"GO:0007193","GO:BP","adenylate cyclase-inhibiting G protein-coupled receptor signaling pathway",21026,2738
"707","magenta",TRUE,0.0251908657538448,13,169,2,0.0118343195266272,0.153846153846154,"GO:0002664","GO:BP","regulation of T cell tolerance induction",21026,1180
"708","magenta",TRUE,0.0251908657538448,13,169,2,0.0118343195266272,0.153846153846154,"GO:0034144","GO:BP","negative regulation of toll-like receptor 4 signaling pathway",21026,8389
"709","magenta",TRUE,0.0251908657538448,135,169,5,0.029585798816568,0.037037037037037,"GO:0001936","GO:BP","regulation of endothelial cell proliferation",21026,548
"710","magenta",TRUE,0.0251908657538448,13,169,2,0.0118343195266272,0.153846153846154,"GO:0038203","GO:BP","TORC2 signaling",21026,9680
"711","magenta",TRUE,0.0251908657538448,1049,169,17,0.100591715976331,0.0162059103908484,"GO:0031399","GO:BP","regulation of protein modification process",21026,7116
"712","magenta",TRUE,0.0251908657538448,13,169,2,0.0118343195266272,0.153846153846154,"GO:0002863","GO:BP","positive regulation of inflammatory response to antigenic stimulus",21026,1371
"713","magenta",TRUE,0.0251908657538448,42,169,3,0.0177514792899408,0.0714285714285714,"GO:0006958","GO:BP","complement activation, classical pathway",21026,2578
"714","magenta",TRUE,0.0251908657538448,13,169,2,0.0118343195266272,0.153846153846154,"GO:0040015","GO:BP","negative regulation of multicellular organism growth",21026,9812
"715","magenta",TRUE,0.0251908657538448,13,169,2,0.0118343195266272,0.153846153846154,"GO:0060732","GO:BP","positive regulation of inositol phosphate biosynthetic process",21026,14686
"716","magenta",TRUE,0.0251908657538448,13,169,2,0.0118343195266272,0.153846153846154,"GO:0042492","GO:BP","gamma-delta T cell differentiation",21026,10128
"717","magenta",TRUE,0.0251908657538448,13,169,2,0.0118343195266272,0.153846153846154,"GO:0043301","GO:BP","negative regulation of leukocyte degranulation",21026,10513
"718","magenta",TRUE,0.0251908657538448,13,169,2,0.0118343195266272,0.153846153846154,"GO:1903238","GO:BP","positive regulation of leukocyte tethering or rolling",21026,22522
"719","magenta",TRUE,0.0251908657538448,13,169,2,0.0118343195266272,0.153846153846154,"GO:0071801","GO:BP","regulation of podosome assembly",21026,16684
"720","magenta",TRUE,0.0251908657538448,42,169,3,0.0177514792899408,0.0714285714285714,"GO:0048246","GO:BP","macrophage chemotaxis",21026,12437
"721","magenta",TRUE,0.0251908657538448,13,169,2,0.0118343195266272,0.153846153846154,"GO:0002291","GO:BP","T cell activation via T cell receptor contact with antigen bound to MHC molecule on antigen presenting cell",21026,821
"722","magenta",TRUE,0.0259463642038981,136,169,5,0.029585798816568,0.0367647058823529,"GO:0031623","GO:BP","receptor internalization",21026,7200
"723","magenta",TRUE,0.0263708851279786,43,169,3,0.0177514792899408,0.0697674418604651,"GO:0043647","GO:BP","inositol phosphate metabolic process",21026,10730
"724","magenta",TRUE,0.0273487464873071,970,169,16,0.0946745562130177,0.0164948453608247,"GO:0007167","GO:BP","enzyme-linked receptor protein signaling pathway",21026,2718
"725","magenta",TRUE,0.0275999929505922,553,169,11,0.0650887573964497,0.0198915009041591,"GO:0044092","GO:BP","negative regulation of molecular function",21026,10817
"726","magenta",TRUE,0.0279228479369206,44,169,3,0.0177514792899408,0.0681818181818182,"GO:0097028","GO:BP","dendritic cell differentiation",21026,18211
"727","magenta",TRUE,0.0279228479369206,44,169,3,0.0177514792899408,0.0681818181818182,"GO:0002701","GO:BP","negative regulation of production of molecular mediator of immune response",21026,1217
"728","magenta",TRUE,0.0279228479369206,44,169,3,0.0177514792899408,0.0681818181818182,"GO:0045124","GO:BP","regulation of bone resorption",21026,11136
"729","magenta",TRUE,0.0280235817892043,2713,169,34,0.201183431952663,0.012532252119425,"GO:0009653","GO:BP","anatomical structure morphogenesis",21026,3557
"730","magenta",TRUE,0.0285510699861875,14,169,2,0.0118343195266272,0.142857142857143,"GO:0032725","GO:BP","positive regulation of granulocyte macrophage colony-stimulating factor production",21026,7715
"731","magenta",TRUE,0.0285510699861875,14,169,2,0.0118343195266272,0.142857142857143,"GO:0071639","GO:BP","positive regulation of monocyte chemotactic protein-1 production",21026,16585
"732","magenta",TRUE,0.0285510699861875,637,169,12,0.0710059171597633,0.0188383045525903,"GO:0031401","GO:BP","positive regulation of protein modification process",21026,7118
"733","magenta",TRUE,0.0285510699861875,14,169,2,0.0118343195266272,0.142857142857143,"GO:0045916","GO:BP","negative regulation of complement activation",21026,11548
"734","magenta",TRUE,0.0285510699861875,14,169,2,0.0118343195266272,0.142857142857143,"GO:0015803","GO:BP","branched-chain amino acid transport",21026,4893
"735","magenta",TRUE,0.0285510699861875,14,169,2,0.0118343195266272,0.142857142857143,"GO:0060100","GO:BP","positive regulation of phagocytosis, engulfment",21026,14149
"736","magenta",TRUE,0.0285510699861875,14,169,2,0.0118343195266272,0.142857142857143,"GO:1905155","GO:BP","positive regulation of membrane invagination",21026,24014
"737","magenta",TRUE,0.0288398788988072,88,169,4,0.0236686390532544,0.0454545454545455,"GO:0016239","GO:BP","positive regulation of macroautophagy",21026,5156
"738","magenta",TRUE,0.0288398788988072,88,169,4,0.0236686390532544,0.0454545454545455,"GO:0050871","GO:BP","positive regulation of B cell activation",21026,13147
"739","magenta",TRUE,0.029213313764842,45,169,3,0.0177514792899408,0.0666666666666667,"GO:0046640","GO:BP","regulation of alpha-beta T cell proliferation",21026,12112
"740","magenta",TRUE,0.029213313764842,45,169,3,0.0177514792899408,0.0666666666666667,"GO:1905521","GO:BP","regulation of macrophage migration",21026,24281
"741","magenta",TRUE,0.0298778937889664,89,169,4,0.0236686390532544,0.0449438202247191,"GO:2000106","GO:BP","regulation of leukocyte apoptotic process",21026,25020
"742","magenta",TRUE,0.0300364339261574,266,169,7,0.0414201183431953,0.0263157894736842,"GO:0007188","GO:BP","adenylate cyclase-modulating G protein-coupled receptor signaling pathway",21026,2733
"743","magenta",TRUE,0.0301230674121566,142,169,5,0.029585798816568,0.0352112676056338,"GO:0050731","GO:BP","positive regulation of peptidyl-tyrosine phosphorylation",21026,13059
"744","magenta",TRUE,0.0303785957486712,1923,169,26,0.153846153846154,0.0135205408216329,"GO:0006915","GO:BP","apoptotic process",21026,2553
"745","magenta",TRUE,0.0306598609475033,46,169,3,0.0177514792899408,0.0652173913043478,"GO:0002920","GO:BP","regulation of humoral immune response",21026,1428
"746","magenta",TRUE,0.0306598609475033,46,169,3,0.0177514792899408,0.0652173913043478,"GO:0042269","GO:BP","regulation of natural killer cell mediated cytotoxicity",21026,9974
"747","magenta",TRUE,0.0306598609475033,46,169,3,0.0177514792899408,0.0652173913043478,"GO:1903307","GO:BP","positive regulation of regulated secretory pathway",21026,22564
"748","magenta",TRUE,0.0306598609475033,46,169,3,0.0177514792899408,0.0652173913043478,"GO:2000516","GO:BP","positive regulation of CD4-positive, alpha-beta T cell activation",21026,25374
"749","magenta",TRUE,0.0306598609475033,46,169,3,0.0177514792899408,0.0652173913043478,"GO:0030890","GO:BP","positive regulation of B cell proliferation",21026,6918
"750","magenta",TRUE,0.0309101832600404,203,169,6,0.0355029585798817,0.0295566502463054,"GO:0002520","GO:BP","immune system development",21026,1040
"751","magenta",TRUE,0.0311998457193291,15,169,2,0.0118343195266272,0.133333333333333,"GO:0002864","GO:BP","regulation of acute inflammatory response to antigenic stimulus",21026,1372
"752","magenta",TRUE,0.0311998457193291,15,169,2,0.0118343195266272,0.133333333333333,"GO:0035589","GO:BP","G protein-coupled purinergic nucleotide receptor signaling pathway",21026,9037
"753","magenta",TRUE,0.0311998457193291,730,169,13,0.0769230769230769,0.0178082191780822,"GO:0055082","GO:BP","intracellular chemical homeostasis",21026,14028
"754","magenta",TRUE,0.0311998457193291,15,169,2,0.0118343195266272,0.133333333333333,"GO:0072672","GO:BP","neutrophil extravasation",21026,17256
"755","magenta",TRUE,0.0311998457193291,15,169,2,0.0118343195266272,0.133333333333333,"GO:0071361","GO:BP","cellular response to ethanol",21026,16383
"756","magenta",TRUE,0.0311998457193291,15,169,2,0.0118343195266272,0.133333333333333,"GO:0001768","GO:BP","establishment of T cell polarity",21026,432
"757","magenta",TRUE,0.0311998457193291,15,169,2,0.0118343195266272,0.133333333333333,"GO:0051608","GO:BP","histamine transport",21026,13634
"758","magenta",TRUE,0.0311998457193291,15,169,2,0.0118343195266272,0.133333333333333,"GO:0035865","GO:BP","cellular response to potassium ion",21026,9226
"759","magenta",TRUE,0.0311998457193291,15,169,2,0.0118343195266272,0.133333333333333,"GO:2001028","GO:BP","positive regulation of endothelial cell chemotaxis",21026,25825
"760","magenta",TRUE,0.0311998457193291,204,169,6,0.0355029585798817,0.0294117647058824,"GO:0051260","GO:BP","protein homooligomerization",21026,13425
"761","magenta",TRUE,0.0311998457193291,339,169,8,0.0473372781065089,0.023598820058997,"GO:0104004","GO:BP","cellular response to environmental stimulus",21026,18951
"762","magenta",TRUE,0.0311998457193291,15,169,2,0.0118343195266272,0.133333333333333,"GO:0046007","GO:BP","negative regulation of activated T cell proliferation",21026,11636
"763","magenta",TRUE,0.0311998457193291,15,169,2,0.0118343195266272,0.133333333333333,"GO:0001787","GO:BP","natural killer cell proliferation",21026,447
"764","magenta",TRUE,0.0311998457193291,144,169,5,0.029585798816568,0.0347222222222222,"GO:2000377","GO:BP","regulation of reactive oxygen species metabolic process",21026,25249
"765","magenta",TRUE,0.0311998457193291,91,169,4,0.0236686390532544,0.043956043956044,"GO:0002220","GO:BP","innate immune response activating cell surface receptor signaling pathway",21026,752
"766","magenta",TRUE,0.0311998457193291,339,169,8,0.0473372781065089,0.023598820058997,"GO:0071214","GO:BP","cellular response to abiotic stimulus",21026,16246
"767","magenta",TRUE,0.0311998457193291,204,169,6,0.0355029585798817,0.0294117647058824,"GO:0050679","GO:BP","positive regulation of epithelial cell proliferation",21026,13042
"768","magenta",TRUE,0.0311998457193291,15,169,2,0.0118343195266272,0.133333333333333,"GO:0002517","GO:BP","T cell tolerance induction",21026,1037
"769","magenta",TRUE,0.0311998457193291,91,169,4,0.0236686390532544,0.043956043956044,"GO:0015807","GO:BP","L-amino acid transport",21026,4897
"770","magenta",TRUE,0.0315434166216336,47,169,3,0.0177514792899408,0.0638297872340425,"GO:1902622","GO:BP","regulation of neutrophil migration",21026,22088
"771","magenta",TRUE,0.0315434166216336,47,169,3,0.0177514792899408,0.0638297872340425,"GO:0002673","GO:BP","regulation of acute inflammatory response",21026,1189
"772","magenta",TRUE,0.0320457072120929,92,169,4,0.0236686390532544,0.0434782608695652,"GO:0046849","GO:BP","bone remodeling",21026,12234
"773","magenta",TRUE,0.0320457072120929,92,169,4,0.0236686390532544,0.0434782608695652,"GO:0002292","GO:BP","T cell differentiation involved in immune response",21026,822
"774","magenta",TRUE,0.0322783930115017,272,169,7,0.0414201183431953,0.0257352941176471,"GO:0003018","GO:BP","vascular process in circulatory system",21026,1467
"775","magenta",TRUE,0.0331680356150889,48,169,3,0.0177514792899408,0.0625,"GO:0001914","GO:BP","regulation of T cell mediated cytotoxicity",21026,529
"776","magenta",TRUE,0.0331680356150889,48,169,3,0.0177514792899408,0.0625,"GO:0061756","GO:BP","leukocyte adhesion to vascular endothelial cell",21026,15433
"777","magenta",TRUE,0.0331680356150889,93,169,4,0.0236686390532544,0.043010752688172,"GO:0043535","GO:BP","regulation of blood vessel endothelial cell migration",21026,10659
"778","magenta",TRUE,0.0336773873843603,5834,169,62,0.366863905325444,0.0106273568735002,"GO:0048519","GO:BP","negative regulation of biological process",21026,12635
"779","magenta",TRUE,0.0342550323856561,94,169,4,0.0236686390532544,0.0425531914893617,"GO:1901222","GO:BP","regulation of non-canonical NF-kappaB signal transduction",21026,21041
"780","magenta",TRUE,0.0344471558782847,16,169,2,0.0118343195266272,0.125,"GO:0060099","GO:BP","regulation of phagocytosis, engulfment",21026,14148
"781","magenta",TRUE,0.0344471558782847,16,169,2,0.0118343195266272,0.125,"GO:0001771","GO:BP","immunological synapse formation",21026,435
"782","magenta",TRUE,0.0344471558782847,16,169,2,0.0118343195266272,0.125,"GO:0030167","GO:BP","proteoglycan catabolic process",21026,6661
"783","magenta",TRUE,0.0344471558782847,16,169,2,0.0118343195266272,0.125,"GO:1901741","GO:BP","positive regulation of myoblast fusion",21026,21403
"784","magenta",TRUE,0.0344471558782847,16,169,2,0.0118343195266272,0.125,"GO:0001767","GO:BP","establishment of lymphocyte polarity",21026,431
"785","magenta",TRUE,0.0344471558782847,49,169,3,0.0177514792899408,0.0612244897959184,"GO:0061082","GO:BP","myeloid leukocyte cytokine production",21026,14982
"786","magenta",TRUE,0.0344471558782847,16,169,2,0.0118343195266272,0.125,"GO:1905153","GO:BP","regulation of membrane invagination",21026,24012
"787","magenta",TRUE,0.0344471558782847,49,169,3,0.0177514792899408,0.0612244897959184,"GO:0007520","GO:BP","myoblast fusion",21026,2988
"788","magenta",TRUE,0.0344471558782847,16,169,2,0.0118343195266272,0.125,"GO:0043374","GO:BP","CD8-positive, alpha-beta T cell differentiation",21026,10555
"789","magenta",TRUE,0.0344471558782847,421,169,9,0.0532544378698225,0.0213776722090261,"GO:0043254","GO:BP","regulation of protein-containing complex assembly",21026,10492
"790","magenta",TRUE,0.0344471558782847,16,169,2,0.0118343195266272,0.125,"GO:0060046","GO:BP","regulation of acrosome reaction",21026,14102
"791","magenta",TRUE,0.0344471558782847,49,169,3,0.0177514792899408,0.0612244897959184,"GO:0033628","GO:BP","regulation of cell adhesion mediated by integrin",21026,8269
"792","magenta",TRUE,0.0346458105835778,277,169,7,0.0414201183431953,0.0252707581227437,"GO:0097305","GO:BP","response to alcohol",21026,18345
"793","magenta",TRUE,0.0346595300002758,1855,169,25,0.14792899408284,0.0134770889487871,"GO:0051246","GO:BP","regulation of protein metabolic process",21026,13411
"794","magenta",TRUE,0.0352275354658922,1,169,1,0.00591715976331361,1,"GO:0001928","GO:BP","regulation of exocyst assembly",21026,541
"795","magenta",TRUE,0.0352275354658922,1,169,1,0.00591715976331361,1,"GO:0002368","GO:BP","B cell cytokine production",21026,898
"796","magenta",TRUE,0.0352275354658922,1,169,1,0.00591715976331361,1,"GO:0002721","GO:BP","regulation of B cell cytokine production",21026,1237
"797","magenta",TRUE,0.0352275354658922,1,169,1,0.00591715976331361,1,"GO:0001927","GO:BP","exocyst assembly",21026,540
"798","magenta",TRUE,0.0352275354658922,505,169,10,0.0591715976331361,0.0198019801980198,"GO:0007264","GO:BP","small GTPase-mediated signal transduction",21026,2778
"799","magenta",TRUE,0.0352275354658922,1,169,1,0.00591715976331361,1,"GO:0002435","GO:BP","immune complex clearance by erythrocytes",21026,956
"800","magenta",TRUE,0.0352275354658922,1,169,1,0.00591715976331361,1,"GO:0008653","GO:BP","lipopolysaccharide metabolic process",21026,3210
"801","magenta",TRUE,0.0352275354658922,1,169,1,0.00591715976331361,1,"GO:0009104","GO:BP","lipopolysaccharide catabolic process",21026,3262
"802","magenta",TRUE,0.0352275354658922,1,169,1,0.00591715976331361,1,"GO:0001815","GO:BP","positive regulation of antibody-dependent cellular cytotoxicity",21026,470
"803","magenta",TRUE,0.0352275354658922,1,169,1,0.00591715976331361,1,"GO:0001812","GO:BP","positive regulation of type I hypersensitivity",21026,467
"804","magenta",TRUE,0.0352275354658922,51,169,3,0.0177514792899408,0.0588235294117647,"GO:0002686","GO:BP","negative regulation of leukocyte migration",21026,1202
"805","magenta",TRUE,0.0352275354658922,1,169,1,0.00591715976331361,1,"GO:1904303","GO:BP","positive regulation of maternal process involved in parturition",21026,23329
"806","magenta",TRUE,0.0352275354658922,7035,169,72,0.42603550295858,0.0102345415778252,"GO:0019222","GO:BP","regulation of metabolic process",21026,5569
"807","magenta",TRUE,0.0352275354658922,17,169,2,0.0118343195266272,0.117647058823529,"GO:0010950","GO:BP","positive regulation of endopeptidase activity",21026,4508
"808","magenta",TRUE,0.0352275354658922,51,169,3,0.0177514792899408,0.0588235294117647,"GO:0071320","GO:BP","cellular response to cAMP",21026,16346
"809","magenta",TRUE,0.0352275354658922,1,169,1,0.00591715976331361,1,"GO:0071258","GO:BP","cellular response to gravity",21026,16286
"810","magenta",TRUE,0.0352275354658922,1,169,1,0.00591715976331361,1,"GO:0070560","GO:BP","protein secretion by platelet",21026,15948
"811","magenta",TRUE,0.0352275354658922,1,169,1,0.00591715976331361,1,"GO:0061516","GO:BP","monocyte proliferation",21026,15301
"812","magenta",TRUE,0.0352275354658922,1,169,1,0.00591715976331361,1,"GO:0060945","GO:BP","cardiac neuron differentiation",21026,14859
"813","magenta",TRUE,0.0352275354658922,1,169,1,0.00591715976331361,1,"GO:0060305","GO:BP","regulation of cell diameter",21026,14309
"814","magenta",TRUE,0.0352275354658922,1,169,1,0.00591715976331361,1,"GO:0060178","GO:BP","regulation of exocyst localization",21026,14206
"815","magenta",TRUE,0.0352275354658922,1,169,1,0.00591715976331361,1,"GO:0051460","GO:BP","negative regulation of corticotropin secretion",21026,13535
"816","magenta",TRUE,0.0352275354658922,1576,169,22,0.130177514792899,0.0139593908629442,"GO:0045595","GO:BP","regulation of cell differentiation",21026,11284
"817","magenta",TRUE,0.0352275354658922,1,169,1,0.00591715976331361,1,"GO:0045584","GO:BP","negative regulation of cytotoxic T cell differentiation",21026,11273
"818","magenta",TRUE,0.0352275354658922,215,169,6,0.0355029585798817,0.027906976744186,"GO:0045216","GO:BP","cell-cell junction organization",21026,11173
"819","magenta",TRUE,0.0352275354658922,1,169,1,0.00591715976331361,1,"GO:0010925","GO:BP","positive regulation of inositol-polyphosphate 5-phosphatase activity",21026,4490
"820","magenta",TRUE,0.0352275354658922,1,169,1,0.00591715976331361,1,"GO:0038123","GO:BP","toll-like receptor TLR1:TLR2 signaling pathway",21026,9627
"821","magenta",TRUE,0.0352275354658922,1101,169,17,0.100591715976331,0.0154405086285195,"GO:0035295","GO:BP","tube development",21026,8887
"822","magenta",TRUE,0.0352275354658922,17,169,2,0.0118343195266272,0.117647058823529,"GO:0033623","GO:BP","regulation of integrin activation",21026,8264
"823","magenta",TRUE,0.0352275354658922,1,169,1,0.00591715976331361,1,"GO:0033382","GO:BP","maintenance of granzyme B location in T cell secretory granule",21026,8132
"824","magenta",TRUE,0.0352275354658922,1,169,1,0.00591715976331361,1,"GO:0033380","GO:BP","granzyme B localization to T cell secretory granule",21026,8130
"825","magenta",TRUE,0.0352275354658922,1,169,1,0.00591715976331361,1,"GO:0071656","GO:BP","negative regulation of granulocyte colony-stimulating factor production",21026,16602
"826","magenta",TRUE,0.0352275354658922,1,169,1,0.00591715976331361,1,"GO:0072682","GO:BP","eosinophil extravasation",21026,17266
"827","magenta",TRUE,0.0352275354658922,51,169,3,0.0177514792899408,0.0588235294117647,"GO:0089718","GO:BP","amino acid import across plasma membrane",21026,17710
"828","magenta",TRUE,0.0352275354658922,1,169,1,0.00591715976331361,1,"GO:0097087","GO:BP","interleukin-17A production",21026,18243
"829","magenta",TRUE,0.0352275354658922,1,169,1,0.00591715976331361,1,"GO:1904316","GO:BP","response to 2-O-acetyl-1-O-hexadecyl-sn-glycero-3-phosphocholine",21026,23341
"830","magenta",TRUE,0.0352275354658922,1,169,1,0.00591715976331361,1,"GO:1904317","GO:BP","cellular response to 2-O-acetyl-1-O-hexadecyl-sn-glycero-3-phosphocholine",21026,23342
"831","magenta",TRUE,0.0352275354658922,1,169,1,0.00591715976331361,1,"GO:1904643","GO:BP","response to curcumin",21026,23605
"832","magenta",TRUE,0.0352275354658922,50,169,3,0.0177514792899408,0.06,"GO:1904645","GO:BP","response to amyloid-beta",21026,23607
"833","magenta",TRUE,0.0352275354658922,1,169,1,0.00591715976331361,1,"GO:1903904","GO:BP","negative regulation of establishment of T cell polarity",21026,23024
"834","magenta",TRUE,0.0352275354658922,1,169,1,0.00591715976331361,1,"GO:1905872","GO:BP","negative regulation of protein localization to cell leading edge",21026,24546
"835","magenta",TRUE,0.0352275354658922,1,169,1,0.00591715976331361,1,"GO:1905875","GO:BP","negative regulation of postsynaptic density organization",21026,24549
"836","magenta",TRUE,0.0352275354658922,1,169,1,0.00591715976331361,1,"GO:1903661","GO:BP","positive regulation of complement-dependent cytotoxicity",21026,22843
"837","magenta",TRUE,0.0352275354658922,1,169,1,0.00591715976331361,1,"GO:0033379","GO:BP","maintenance of protease location in T cell secretory granule",21026,8129
"838","magenta",TRUE,0.0352275354658922,17,169,2,0.0118343195266272,0.117647058823529,"GO:1903587","GO:BP","regulation of blood vessel endothelial cell proliferation involved in sprouting angiogenesis",21026,22796
"839","magenta",TRUE,0.0352275354658922,1,169,1,0.00591715976331361,1,"GO:2000420","GO:BP","negative regulation of eosinophil extravasation",21026,25292
"840","magenta",TRUE,0.0352275354658922,51,169,3,0.0177514792899408,0.0588235294117647,"GO:1902930","GO:BP","regulation of alcohol biosynthetic process",21026,22319
"841","magenta",TRUE,0.0352275354658922,1,169,1,0.00591715976331361,1,"GO:1901257","GO:BP","negative regulation of macrophage colony-stimulating factor production",21026,21059
"842","magenta",TRUE,0.0352275354658922,1,169,1,0.00591715976331361,1,"GO:1900011","GO:BP","negative regulation of corticotropin-releasing hormone receptor activity",21026,20068
"843","magenta",TRUE,0.0352275354658922,1,169,1,0.00591715976331361,1,"GO:0150153","GO:BP","positive regulation of interleukin-17A production",21026,19899
"844","magenta",TRUE,0.0352275354658922,1,169,1,0.00591715976331361,1,"GO:0150151","GO:BP","regulation of interleukin-17A production",21026,19897
"845","magenta",TRUE,0.0352275354658922,1,169,1,0.00591715976331361,1,"GO:0150107","GO:BP","positive regulation of protein localization to cell-cell junction",21026,19881
"846","magenta",TRUE,0.0352275354658922,17,169,2,0.0118343195266272,0.117647058823529,"GO:0098712","GO:BP","L-glutamate import across plasma membrane",21026,18594
"847","magenta",TRUE,0.0352275354658922,1,169,1,0.00591715976331361,1,"GO:2000419","GO:BP","regulation of eosinophil extravasation",21026,25291
"848","magenta",TRUE,0.0352275354658922,1,169,1,0.00591715976331361,1,"GO:0033377","GO:BP","maintenance of protein location in T cell secretory granule",21026,8127
"849","magenta",TRUE,0.0352275354658922,213,169,6,0.0355029585798817,0.028169014084507,"GO:0045637","GO:BP","regulation of myeloid cell differentiation",21026,11326
"850","magenta",TRUE,0.0352275354658922,1,169,1,0.00591715976331361,1,"GO:0033368","GO:BP","protease localization to mast cell secretory granule",21026,8118
"851","magenta",TRUE,0.0352275354658922,1,169,1,0.00591715976331361,1,"GO:0032685","GO:BP","negative regulation of granulocyte macrophage colony-stimulating factor production",21026,7676
"852","magenta",TRUE,0.0352275354658922,1,169,1,0.00591715976331361,1,"GO:0032712","GO:BP","negative regulation of interleukin-3 production",21026,7702
"853","magenta",TRUE,0.0352275354658922,1,169,1,0.00591715976331361,1,"GO:0032752","GO:BP","positive regulation of interleukin-3 production",21026,7741
"854","magenta",TRUE,0.0352275354658922,1,169,1,0.00591715976331361,1,"GO:0033367","GO:BP","protein localization to mast cell secretory granule",21026,8117
"855","magenta",TRUE,0.0352275354658922,1,169,1,0.00591715976331361,1,"GO:1904301","GO:BP","regulation of maternal process involved in parturition",21026,23327
"856","magenta",TRUE,0.0352275354658922,1,169,1,0.00591715976331361,1,"GO:0016268","GO:BP","core 2 O-glycan biosynthetic process",21026,5171
"857","magenta",TRUE,0.0352275354658922,1,169,1,0.00591715976331361,1,"GO:0014861","GO:BP","regulation of skeletal muscle contraction via regulation of action potential",21026,4717
"858","magenta",TRUE,0.0352275354658922,1,169,1,0.00591715976331361,1,"GO:0033370","GO:BP","maintenance of protein location in mast cell secretory granule",21026,8120
"859","magenta",TRUE,0.0352275354658922,17,169,2,0.0118343195266272,0.117647058823529,"GO:0030889","GO:BP","negative regulation of B cell proliferation",21026,6917
"860","magenta",TRUE,0.0352275354658922,1,169,1,0.00591715976331361,1,"GO:0033375","GO:BP","protease localization to T cell secretory granule",21026,8125
"861","magenta",TRUE,0.0352275354658922,1,169,1,0.00591715976331361,1,"GO:0033371","GO:BP","T cell secretory granule organization",21026,8121
"862","magenta",TRUE,0.0352275354658922,1,169,1,0.00591715976331361,1,"GO:0012502","GO:BP","induction of programmed cell death",21026,4552
"863","magenta",TRUE,0.0352275354658922,1,169,1,0.00591715976331361,1,"GO:0033374","GO:BP","protein localization to T cell secretory granule",21026,8124
"864","magenta",TRUE,0.0352275354658922,1,169,1,0.00591715976331361,1,"GO:0033373","GO:BP","maintenance of protease location in mast cell secretory granule",21026,8123
"865","magenta",TRUE,0.0358641476385179,284,169,7,0.0414201183431953,0.0246478873239437,"GO:0098742","GO:BP","cell-cell adhesion via plasma-membrane adhesion molecules",21026,18618
"866","magenta",TRUE,0.0367047853378846,52,169,3,0.0177514792899408,0.0576923076923077,"GO:0002762","GO:BP","negative regulation of myeloid leukocyte differentiation",21026,1271
"867","magenta",TRUE,0.0367047853378846,52,169,3,0.0177514792899408,0.0576923076923077,"GO:0046850","GO:BP","regulation of bone remodeling",21026,12235
"868","magenta",TRUE,0.0367047853378846,52,169,3,0.0177514792899408,0.0576923076923077,"GO:0006968","GO:BP","cellular defense response",21026,2585
"869","magenta",TRUE,0.0374156072868987,156,169,5,0.029585798816568,0.032051282051282,"GO:0007043","GO:BP","cell-cell junction assembly",21026,2634
"870","magenta",TRUE,0.0375515755818911,100,169,4,0.0236686390532544,0.04,"GO:1990868","GO:BP","response to chemokine",21026,24887
"871","magenta",TRUE,0.0375515755818911,100,169,4,0.0236686390532544,0.04,"GO:1990869","GO:BP","cellular response to chemokine",21026,24888
"872","magenta",TRUE,0.0375515755818911,219,169,6,0.0355029585798817,0.0273972602739726,"GO:0002064","GO:BP","epithelial cell development",21026,653
"873","magenta",TRUE,0.0388870735333725,18,169,2,0.0118343195266272,0.111111111111111,"GO:0002921","GO:BP","negative regulation of humoral immune response",21026,1429
"874","magenta",TRUE,0.0388870735333725,18,169,2,0.0118343195266272,0.111111111111111,"GO:0045953","GO:BP","negative regulation of natural killer cell mediated cytotoxicity",21026,11583
"875","magenta",TRUE,0.0388870735333725,18,169,2,0.0118343195266272,0.111111111111111,"GO:1903236","GO:BP","regulation of leukocyte tethering or rolling",21026,22520
"876","magenta",TRUE,0.0390165637603371,2293,169,29,0.171597633136095,0.012647187091147,"GO:0003008","GO:BP","system process",21026,1457
"877","magenta",TRUE,0.0390165637603371,158,169,5,0.029585798816568,0.0316455696202532,"GO:0001935","GO:BP","endothelial cell proliferation",21026,547
"878","magenta",TRUE,0.0409536943121771,1506,169,21,0.124260355029586,0.0139442231075697,"GO:0043067","GO:BP","regulation of programmed cell death",21026,10418
"879","magenta",TRUE,0.0411865258217457,103,169,4,0.0236686390532544,0.0388349514563107,"GO:0043367","GO:BP","CD4-positive, alpha-beta T cell differentiation",21026,10548
"880","magenta",TRUE,0.0411865258217457,686,169,12,0.0710059171597633,0.0174927113702624,"GO:0018193","GO:BP","peptidyl-amino acid modification",21026,5328
"881","magenta",TRUE,0.0413186972543556,1223,169,18,0.106508875739645,0.0147179067865904,"GO:0071495","GO:BP","cellular response to endogenous stimulus",21026,16497
"882","magenta",TRUE,0.0420825510056106,55,169,3,0.0177514792899408,0.0545454545454545,"GO:0002639","GO:BP","positive regulation of immunoglobulin production",21026,1158
"883","magenta",TRUE,0.0426022854466436,19,169,2,0.0118343195266272,0.105263157894737,"GO:0002281","GO:BP","macrophage activation involved in immune response",21026,811
"884","magenta",TRUE,0.0426022854466436,19,169,2,0.0118343195266272,0.105263157894737,"GO:0019370","GO:BP","leukotriene biosynthetic process",21026,5700
"885","magenta",TRUE,0.0426022854466436,19,169,2,0.0118343195266272,0.105263157894737,"GO:0030502","GO:BP","negative regulation of bone mineralization",21026,6786
"886","magenta",TRUE,0.0426022854466436,19,169,2,0.0118343195266272,0.105263157894737,"GO:0002902","GO:BP","regulation of B cell apoptotic process",21026,1410
"887","magenta",TRUE,0.0426022854466436,19,169,2,0.0118343195266272,0.105263157894737,"GO:0002716","GO:BP","negative regulation of natural killer cell mediated immunity",21026,1232
"888","magenta",TRUE,0.0438303907951316,56,169,3,0.0177514792899408,0.0535714285714286,"GO:0002455","GO:BP","humoral immune response mediated by circulating immunoglobulin",21026,976
"889","magenta",TRUE,0.0438303907951316,56,169,3,0.0177514792899408,0.0535714285714286,"GO:0001913","GO:BP","T cell mediated cytotoxicity",21026,528
"890","magenta",TRUE,0.044848829518476,106,169,4,0.0236686390532544,0.0377358490566038,"GO:0003333","GO:BP","amino acid transmembrane transport",21026,1751
"891","magenta",TRUE,0.045279152111227,299,169,7,0.0414201183431953,0.0234113712374582,"GO:0043491","GO:BP","phosphatidylinositol 3-kinase/protein kinase B signal transduction",21026,10639
"892","magenta",TRUE,0.0458298082447053,57,169,3,0.0177514792899408,0.0526315789473684,"GO:0034142","GO:BP","toll-like receptor 4 signaling pathway",21026,8387
"893","magenta",TRUE,0.0460707624455551,374,169,8,0.0473372781065089,0.0213903743315508,"GO:0010959","GO:BP","regulation of metal ion transport",21026,4516
"894","magenta",TRUE,0.0460815941537966,107,169,4,0.0236686390532544,0.0373831775700935,"GO:0010595","GO:BP","positive regulation of endothelial cell migration",21026,4226
"895","magenta",TRUE,0.0462984176944723,20,169,2,0.0118343195266272,0.1,"GO:0002577","GO:BP","regulation of antigen processing and presentation",21026,1096
"896","magenta",TRUE,0.0462984176944723,20,169,2,0.0118343195266272,0.1,"GO:0061098","GO:BP","positive regulation of protein tyrosine kinase activity",21026,14992
"897","magenta",TRUE,0.0462984176944723,20,169,2,0.0118343195266272,0.1,"GO:0071605","GO:BP","monocyte chemotactic protein-1 production",21026,16560
"898","magenta",TRUE,0.0462984176944723,20,169,2,0.0118343195266272,0.1,"GO:0042953","GO:BP","lipoprotein transport",21026,10366
"899","magenta",TRUE,0.0462984176944723,20,169,2,0.0118343195266272,0.1,"GO:0090026","GO:BP","positive regulation of monocyte chemotaxis",21026,17725
"900","magenta",TRUE,0.0462984176944723,20,169,2,0.0118343195266272,0.1,"GO:0033003","GO:BP","regulation of mast cell activation",21026,7915
"901","magenta",TRUE,0.0462984176944723,20,169,2,0.0118343195266272,0.1,"GO:0071637","GO:BP","regulation of monocyte chemotactic protein-1 production",21026,16583
"902","magenta",TRUE,0.0464534153752061,1923,169,25,0.14792899408284,0.0130005200208008,"GO:0071705","GO:BP","nitrogen compound transport",21026,16638
"903","magenta",TRUE,0.0472647127685684,167,169,5,0.029585798816568,0.029940119760479,"GO:0031929","GO:BP","TOR signaling",21026,7248
"904","magenta",TRUE,0.0496089483916626,59,169,3,0.0177514792899408,0.0508474576271186,"GO:0015804","GO:BP","neutral amino acid transport",21026,4894
"905","magenta",TRUE,0.049947478665492,110,169,4,0.0236686390532544,0.0363636363636364,"GO:0030316","GO:BP","osteoclast differentiation",21026,6730
"906","magenta",TRUE,2.10171708841532e-36,5866,175,129,0.737142857142857,0.0219911353562905,"GO:0005886","GO:CC","plasma membrane",22149,409
"907","magenta",TRUE,2.42392896846565e-36,6347,175,133,0.76,0.0209547817866709,"GO:0071944","GO:CC","cell periphery",22149,2725
"908","magenta",TRUE,1.48401659441039e-25,9953,175,148,0.845714285714286,0.0148698884758364,"GO:0016020","GO:CC","membrane",22149,699
"909","magenta",TRUE,5.8946607997824e-18,914,175,41,0.234285714285714,0.0448577680525164,"GO:0009986","GO:CC","cell surface",22149,641
"910","magenta",TRUE,3.68331856689238e-15,4033,175,80,0.457142857142857,0.0198363501115795,"GO:0031982","GO:CC","vesicle",22149,1199
"911","magenta",TRUE,5.90699256899747e-15,2556,175,62,0.354285714285714,0.0242566510172144,"GO:0031410","GO:CC","cytoplasmic vesicle",22149,1078
"912","magenta",TRUE,5.90699256899747e-15,2562,175,62,0.354285714285714,0.024199843871975,"GO:0097708","GO:CC","intracellular vesicle",22149,3068
"913","magenta",TRUE,4.78177349934733e-13,319,175,22,0.125714285714286,0.0689655172413793,"GO:0030667","GO:CC","secretory granule membrane",22149,930
"914","magenta",TRUE,1.27699339936589e-12,746,175,31,0.177142857142857,0.0415549597855228,"GO:0098552","GO:CC","side of membrane",22149,3119
"915","magenta",TRUE,6.58604581491992e-12,408,175,23,0.131428571428571,0.0563725490196078,"GO:0009897","GO:CC","external side of plasma membrane",22149,634
"916","magenta",TRUE,7.79497400319517e-11,4872,175,80,0.457142857142857,0.0164203612479475,"GO:0012505","GO:CC","endomembrane system",22149,666
"917","magenta",TRUE,7.79497400319517e-11,1252,175,37,0.211428571428571,0.0295527156549521,"GO:0030659","GO:CC","cytoplasmic vesicle membrane",22149,923
"918","magenta",TRUE,1.10977506759083e-10,1271,175,37,0.211428571428571,0.029110936270653,"GO:0012506","GO:CC","vesicle membrane",22149,667
"919","magenta",TRUE,1.3769839473483e-10,907,175,31,0.177142857142857,0.0341786108048512,"GO:0030141","GO:CC","secretory granule",22149,891
"920","magenta",TRUE,7.65741926927622e-10,1099,175,33,0.188571428571429,0.0300272975432211,"GO:0099503","GO:CC","secretory vesicle",22149,3293
"921","magenta",TRUE,1.120334529688e-09,163,175,14,0.08,0.0858895705521472,"GO:0070820","GO:CC","tertiary granule",22149,2498
"922","magenta",TRUE,8.95204733286047e-09,351,175,18,0.102857142857143,0.0512820512820513,"GO:0030139","GO:CC","endocytic vesicle",22149,889
"923","magenta",TRUE,2.12565104111034e-08,2251,175,46,0.262857142857143,0.0204353620613061,"GO:0098588","GO:CC","bounding membrane of organelle",22149,3147
"924","magenta",TRUE,8.1841438965303e-08,1332,175,33,0.188571428571429,0.0247747747747748,"GO:0098590","GO:CC","plasma membrane region",22149,3148
"925","magenta",TRUE,1.8592591282933e-07,205,175,13,0.0742857142857143,0.0634146341463415,"GO:0030666","GO:CC","endocytic vesicle membrane",22149,929
"926","magenta",TRUE,7.84283975400028e-07,770,175,23,0.131428571428571,0.0298701298701299,"GO:0000323","GO:CC","lytic vacuole",22149,50
"927","magenta",TRUE,7.84283975400028e-07,770,175,23,0.131428571428571,0.0298701298701299,"GO:0005764","GO:CC","lysosome",22149,319
"928","magenta",TRUE,1.65000230639373e-06,72,175,8,0.0457142857142857,0.111111111111111,"GO:0070821","GO:CC","tertiary granule membrane",22149,2499
"929","magenta",TRUE,2.12222199629348e-06,4258,175,63,0.36,0.0147956787224049,"GO:0005576","GO:CC","extracellular region",22149,194
"930","magenta",TRUE,4.12939988238151e-06,147,175,10,0.0571428571428571,0.0680272108843537,"GO:0045335","GO:CC","phagocytic vesicle",22149,2124
"931","magenta",TRUE,5.47808536765451e-06,867,175,23,0.131428571428571,0.0265282583621684,"GO:0005773","GO:CC","vacuole",22149,327
"932","magenta",TRUE,7.46682923453612e-06,158,175,10,0.0571428571428571,0.0632911392405063,"GO:0042581","GO:CC","specific granule",22149,1760
"933","magenta",TRUE,5.70674037328447e-05,295,175,12,0.0685714285714286,0.0406779661016949,"GO:0045121","GO:CC","membrane raft",22149,2092
"934","magenta",TRUE,5.90361642704786e-05,297,175,12,0.0685714285714286,0.0404040404040404,"GO:0098857","GO:CC","membrane microdomain",22149,3219
"935","magenta",TRUE,9.217826892574e-05,90,175,7,0.04,0.0777777777777778,"GO:0035579","GO:CC","specific granule membrane",22149,1589
"936","magenta",TRUE,9.54487408050155e-05,60,175,6,0.0342857142857143,0.1,"GO:0101003","GO:CC","ficolin-1-rich granule membrane",22149,3313
"937","magenta",TRUE,0.00016482269638517,451,175,14,0.08,0.0310421286031042,"GO:0098852","GO:CC","lytic vacuole membrane",22149,3215
"938","magenta",TRUE,0.00016482269638517,451,175,14,0.08,0.0310421286031042,"GO:0005765","GO:CC","lysosomal membrane",22149,320
"939","magenta",TRUE,0.00016482269638517,3315,175,48,0.274285714285714,0.0144796380090498,"GO:0005615","GO:CC","extracellular space",22149,227
"940","magenta",TRUE,0.000189290248740866,3842,175,53,0.302857142857143,0.0137948984903696,"GO:0031090","GO:CC","organelle membrane",22149,1017
"941","magenta",TRUE,0.000258087882837021,22,175,4,0.0228571428571429,0.181818181818182,"GO:0005767","GO:CC","secondary lysosome",22149,322
"942","magenta",TRUE,0.000360299792260688,24,175,4,0.0228571428571429,0.166666666666667,"GO:0042611","GO:CC","MHC protein complex",22149,1773
"943","magenta",TRUE,0.000390173293122382,9,175,3,0.0171428571428571,0.333333333333333,"GO:0098888","GO:CC","extrinsic component of presynaptic membrane",22149,3228
"944","magenta",TRUE,0.000425873205580296,498,175,14,0.08,0.0281124497991968,"GO:0005774","GO:CC","vacuolar membrane",22149,328
"945","magenta",TRUE,0.000513602963451687,10,175,3,0.0171428571428571,0.3,"GO:0097197","GO:CC","tetraspanin-enriched microdomain",22149,2878
"946","magenta",TRUE,0.000513602963451687,84,175,6,0.0342857142857143,0.0714285714285714,"GO:0030670","GO:CC","phagocytic vesicle membrane",22149,933
"947","magenta",TRUE,0.000544216310374177,2,175,2,0.0114285714285714,1,"GO:0062167","GO:CC","complement component C1q complex",22149,2323
"948","magenta",TRUE,0.000544216310374177,2,175,2,0.0114285714285714,1,"GO:0005602","GO:CC","complement component C1 complex",22149,217
"949","magenta",TRUE,0.000558661243650332,725,175,17,0.0971428571428571,0.023448275862069,"GO:0098797","GO:CC","plasma membrane protein complex",22149,3189
"950","magenta",TRUE,0.000795477003778498,58,175,5,0.0285714285714286,0.0862068965517241,"GO:0035577","GO:CC","azurophil granule membrane",22149,1587
"951","magenta",TRUE,0.000890124715632678,1659,175,28,0.16,0.0168776371308017,"GO:0005794","GO:CC","Golgi apparatus",22149,345
"952","magenta",TRUE,0.00115136919811831,360,175,11,0.0628571428571429,0.0305555555555556,"GO:0031253","GO:CC","cell projection membrane",22149,1047
"953","magenta",TRUE,0.00127355494635454,14,175,3,0.0171428571428571,0.214285714285714,"GO:0098890","GO:CC","extrinsic component of postsynaptic membrane",22149,3229
"954","magenta",TRUE,0.00127355494635454,14,175,3,0.0171428571428571,0.214285714285714,"GO:0032009","GO:CC","early phagosome",22149,1205
"955","magenta",TRUE,0.00139676616469029,3,175,2,0.0114285714285714,0.666666666666667,"GO:0033001","GO:CC","Fc-gamma receptor III complex",22149,1320
"956","magenta",TRUE,0.00146477946151048,438,175,12,0.0685714285714286,0.0273972602739726,"GO:0005769","GO:CC","early endosome",22149,324
"957","magenta",TRUE,0.0016899297668373,155,175,7,0.04,0.0451612903225806,"GO:0005766","GO:CC","primary lysosome",22149,321
"958","magenta",TRUE,0.0016899297668373,155,175,7,0.04,0.0451612903225806,"GO:0042582","GO:CC","azurophil granule",22149,1761
"959","magenta",TRUE,0.00169496112668791,2111,175,32,0.182857142857143,0.0151586925627665,"GO:0070062","GO:CC","extracellular exosome",22149,2353
"960","magenta",TRUE,0.00204717010743464,17,175,3,0.0171428571428571,0.176470588235294,"GO:0042613","GO:CC","MHC class II protein complex",22149,1775
"961","magenta",TRUE,0.00204717010743464,2142,175,32,0.182857142857143,0.0149393090569561,"GO:0065010","GO:CC","extracellular membrane-bounded organelle",22149,2333
"962","magenta",TRUE,0.00204717010743464,2141,175,32,0.182857142857143,0.0149462867818776,"GO:1903561","GO:CC","extracellular vesicle",22149,3657
"963","magenta",TRUE,0.00204717010743464,2142,175,32,0.182857142857143,0.0149393090569561,"GO:0043230","GO:CC","extracellular organelle",22149,1844
"964","magenta",TRUE,0.00205137038284024,531,175,13,0.0742857142857143,0.0244821092278719,"GO:0043235","GO:CC","receptor complex",22149,1848
"965","magenta",TRUE,0.00232615653916335,1083,175,20,0.114285714285714,0.0184672206832872,"GO:0005768","GO:CC","endosome",22149,323
"966","magenta",TRUE,0.00318432341782231,47,175,4,0.0228571428571429,0.0851063829787234,"GO:0001772","GO:CC","immunological synapse",22149,157
"967","magenta",TRUE,0.00322812969732599,2401,175,34,0.194285714285714,0.0141607663473553,"GO:0030054","GO:CC","cell junction",22149,844
"968","magenta",TRUE,0.00344767357036099,21,175,3,0.0171428571428571,0.142857142857143,"GO:0099243","GO:CC","extrinsic component of synaptic membrane",22149,3289
"969","magenta",TRUE,0.00344767357036099,180,175,7,0.04,0.0388888888888889,"GO:0005775","GO:CC","vacuolar lumen",22149,329
"970","magenta",TRUE,0.00349058041595608,5,175,2,0.0114285714285714,0.4,"GO:0032997","GO:CC","Fc receptor complex",22149,1316
"971","magenta",TRUE,0.00349058041595608,5,175,2,0.0114285714285714,0.4,"GO:0036021","GO:CC","endolysosome lumen",22149,1632
"972","magenta",TRUE,0.00351631655579801,182,175,7,0.04,0.0384615384615385,"GO:0031256","GO:CC","leading edge membrane",22149,1050
"973","magenta",TRUE,0.0036959995589807,184,175,7,0.04,0.0380434782608696,"GO:0101002","GO:CC","ficolin-1-rich granule",22149,3312
"974","magenta",TRUE,0.0038959293503193,2441,175,34,0.194285714285714,0.0139287177386317,"GO:0042995","GO:CC","cell projection",22149,1807
"975","magenta",TRUE,0.00502750945897854,912,175,17,0.0971428571428571,0.018640350877193,"GO:0070161","GO:CC","anchoring junction",22149,2375
"976","magenta",TRUE,0.00634621658511003,100,175,5,0.0285714285714286,0.05,"GO:0043202","GO:CC","lysosomal lumen",22149,1831
"977","magenta",TRUE,0.0071916376366309,28,175,3,0.0171428571428571,0.107142857142857,"GO:0001891","GO:CC","phagocytic cup",22149,158
"978","magenta",TRUE,0.00786589099598171,29,175,3,0.0171428571428571,0.103448275862069,"GO:0036019","GO:CC","endolysosome",22149,1630
"979","magenta",TRUE,0.00858187528492302,8,175,2,0.0114285714285714,0.25,"GO:0032010","GO:CC","phagolysosome",22149,1206
"980","magenta",TRUE,0.00930990337160456,31,175,3,0.0171428571428571,0.0967741935483871,"GO:0098553","GO:CC","lumenal side of endoplasmic reticulum membrane",22149,3120
"981","magenta",TRUE,0.010079372297869,32,175,3,0.0171428571428571,0.09375,"GO:0008305","GO:CC","integrin complex",22149,489
"982","magenta",TRUE,0.0116348497997644,117,175,5,0.0285714285714286,0.0427350427350427,"GO:0044853","GO:CC","plasma membrane raft",22149,2084
"983","magenta",TRUE,0.0116348497997644,433,175,10,0.0571428571428571,0.023094688221709,"GO:0031252","GO:CC","cell leading edge",22149,1046
"984","magenta",TRUE,0.0118822551435615,2323,175,31,0.177142857142857,0.0133448127421438,"GO:0120025","GO:CC","plasma membrane bounded cell projection",22149,3372
"985","magenta",TRUE,0.0119052373763955,232,175,7,0.04,0.0301724137931034,"GO:0098858","GO:CC","actin-based cell projection",22149,3220
"986","magenta",TRUE,0.0155458226689958,12527,175,117,0.668571428571429,0.00933982597589207,"GO:0005737","GO:CC","cytoplasm",22149,304
"987","magenta",TRUE,0.015610657758817,311,175,8,0.0457142857142857,0.0257234726688103,"GO:0045178","GO:CC","basal part of cell",22149,2099
"988","magenta",TRUE,0.0186073232683238,321,175,8,0.0457142857142857,0.0249221183800623,"GO:0005770","GO:CC","late endosome",22149,325
"989","magenta",TRUE,0.0186073232683238,41,175,3,0.0171428571428571,0.0731707317073171,"GO:0098576","GO:CC","lumenal side of membrane",22149,3141
"990","magenta",TRUE,0.0235366875901617,14,175,2,0.0114285714285714,0.142857142857143,"GO:0001931","GO:CC","uropod",22149,160
"991","magenta",TRUE,0.0258744217737068,91,175,4,0.0228571428571429,0.043956043956044,"GO:0005581","GO:CC","collagen trimer",22149,197
"992","magenta",TRUE,0.0263962611683648,15,175,2,0.0114285714285714,0.133333333333333,"GO:0031254","GO:CC","cell trailing edge",22149,1048
"993","magenta",TRUE,0.0282125482532209,210,175,6,0.0342857142857143,0.0285714285714286,"GO:0098562","GO:CC","cytoplasmic side of membrane",22149,3129
"994","magenta",TRUE,0.0293369212912889,16,175,2,0.0114285714285714,0.125,"GO:0043020","GO:CC","NADPH oxidase complex",22149,1809
"995","magenta",TRUE,0.0296848842525984,1393,175,20,0.114285714285714,0.0143575017946877,"GO:0098796","GO:CC","membrane protein complex",22149,3188
"996","magenta",TRUE,0.0314290935889707,17,175,2,0.0114285714285714,0.117647058823529,"GO:0031092","GO:CC","platelet alpha granule membrane",22149,1019
"997","magenta",TRUE,0.0314290935889707,1,175,1,0.00571428571428571,1,"GO:0031257","GO:CC","cell trailing edge membrane",22149,1051
"998","magenta",TRUE,0.0314290935889707,99,175,4,0.0228571428571429,0.0404040404040404,"GO:0005902","GO:CC","microvillus",22149,423
"999","magenta",TRUE,0.0314290935889707,1,175,1,0.00571428571428571,1,"GO:0071065","GO:CC","alpha9-beta1 integrin-vascular cell adhesion molecule-1 complex",22149,2561
"1000","magenta",TRUE,0.0314290935889707,1,175,1,0.00571428571428571,1,"GO:0031259","GO:CC","uropod membrane",22149,1053
"1001","magenta",TRUE,0.0342204881819375,292,175,7,0.04,0.023972602739726,"GO:0009925","GO:CC","basal plasma membrane",22149,638
"1002","magenta",TRUE,0.0397943137845495,454,175,9,0.0514285714285714,0.0198237885462555,"GO:0097060","GO:CC","synaptic membrane",22149,2831
"1003","magenta",TRUE,0.0397943137845495,107,175,4,0.0228571428571429,0.0373831775700935,"GO:0030175","GO:CC","filopodium",22149,894
"1004","magenta",TRUE,0.0429857268944178,59,175,3,0.0171428571428571,0.0508474576271186,"GO:0012507","GO:CC","ER to Golgi transport vesicle membrane",22149,668
"1005","magenta",TRUE,0.0429857268944178,59,175,3,0.0171428571428571,0.0508474576271186,"GO:0098636","GO:CC","protein complex involved in cell adhesion",22149,3155
"1006","magenta",TRUE,0.0461248096469967,113,175,4,0.0228571428571429,0.0353982300884956,"GO:0019897","GO:CC","extrinsic component of plasma membrane",22149,802
"1007","magenta",TRUE,0.0461248096469967,61,175,3,0.0171428571428571,0.0491803278688525,"GO:0035580","GO:CC","specific granule lumen",22149,1590
"1008","magenta",TRUE,0.0482550504127459,641,175,11,0.0628571428571429,0.0171606864274571,"GO:0098793","GO:CC","presynapse",22149,3186
"1009","magenta",TRUE,0.0482550504127459,474,175,9,0.0514285714285714,0.0189873417721519,"GO:0045177","GO:CC","apical part of cell",22149,2098
"1010","magenta",TRUE,0.0491542315527269,178,175,5,0.0285714285714286,0.0280898876404494,"GO:0031902","GO:CC","late endosome membrane",22149,1169
"1011","magenta",TRUE,2.11277570509643e-15,152,176,20,0.113636363636364,0.131578947368421,"GO:0140375","GO:MF","immune receptor activity",20246,9367
"1012","magenta",TRUE,2.88852945001425e-11,2053,176,53,0.301136363636364,0.025815879201169,"GO:0060089","GO:MF","molecular transducer activity",20246,7750
"1013","magenta",TRUE,2.88852945001425e-11,2053,176,53,0.301136363636364,0.025815879201169,"GO:0038023","GO:MF","signaling receptor activity",20246,5012
"1014","magenta",TRUE,5.66002546849594e-11,1307,176,41,0.232954545454545,0.0313695485845448,"GO:0004888","GO:MF","transmembrane signaling receptor activity",20246,1116
"1015","magenta",TRUE,2.99316328776035e-07,8,176,5,0.0284090909090909,0.625,"GO:0032396","GO:MF","inhibitory MHC class I receptor activity",20246,4177
"1016","magenta",TRUE,2.01467082792633e-06,11,176,5,0.0284090909090909,0.454545454545455,"GO:0004875","GO:MF","complement receptor activity",20246,1110
"1017","magenta",TRUE,2.9395115578923e-06,12,176,5,0.0284090909090909,0.416666666666667,"GO:0032393","GO:MF","MHC class I receptor activity",20246,4174
"1018","magenta",TRUE,2.30584610249626e-05,76,176,8,0.0454545454545455,0.105263157894737,"GO:0038024","GO:MF","cargo receptor activity",20246,5013
"1019","magenta",TRUE,5.51293813000524e-05,21,176,5,0.0284090909090909,0.238095238095238,"GO:0033691","GO:MF","sialic acid binding",20246,4361
"1020","magenta",TRUE,0.000184254192883481,47,176,6,0.0340909090909091,0.127659574468085,"GO:0001784","GO:MF","phosphotyrosine residue binding",20246,237
"1021","magenta",TRUE,0.000230101284226795,2536,176,44,0.25,0.0173501577287066,"GO:0097367","GO:MF","carbohydrate derivative binding",20246,8439
"1022","magenta",TRUE,0.000454798797358881,1314,176,28,0.159090909090909,0.0213089802130898,"GO:0044877","GO:MF","protein-containing complex binding",20246,5529
"1023","magenta",TRUE,0.000457380585171886,158,176,9,0.0511363636363636,0.0569620253164557,"GO:0005178","GO:MF","integrin binding",20246,1312
"1024","magenta",TRUE,0.000506633664650294,59,176,6,0.0340909090909091,0.101694915254237,"GO:0045309","GO:MF","protein phosphorylated amino acid binding",20246,5568
"1025","magenta",TRUE,0.000560369305633464,254,176,11,0.0625,0.0433070866141732,"GO:0042277","GO:MF","peptide binding",20246,5086
"1026","magenta",TRUE,0.000611691303722644,93,176,7,0.0397727272727273,0.0752688172043011,"GO:0051219","GO:MF","phosphoprotein binding",20246,7398
"1027","magenta",TRUE,0.00105253340740701,42,176,5,0.0284090909090909,0.119047619047619,"GO:0042605","GO:MF","peptide antigen binding",20246,5128
"1028","magenta",TRUE,0.00106330343663301,183,176,9,0.0511363636363636,0.0491803278688525,"GO:0004713","GO:MF","protein tyrosine kinase activity",20246,974
"1029","magenta",TRUE,0.00151907638443893,24,176,4,0.0227272727272727,0.166666666666667,"GO:0019865","GO:MF","immunoglobulin binding",20246,3483
"1030","magenta",TRUE,0.00151907638443893,9,176,3,0.0170454545454545,0.333333333333333,"GO:0019864","GO:MF","IgG binding",20246,3482
"1031","magenta",TRUE,0.0020825593776446,2,176,2,0.0113636363636364,1,"GO:0004796","GO:MF","thromboxane-A synthase activity",20246,1042
"1032","magenta",TRUE,0.00219153465510048,27,176,4,0.0227272727272727,0.148148148148148,"GO:0005044","GO:MF","scavenger receptor activity",20246,1229
"1033","magenta",TRUE,0.00245489021517264,11,176,3,0.0170454545454545,0.272727272727273,"GO:0042608","GO:MF","T cell receptor binding",20246,5129
"1034","magenta",TRUE,0.00245489021517264,11,176,3,0.0170454545454545,0.272727272727273,"GO:0001851","GO:MF","complement component C3b binding",20246,249
"1035","magenta",TRUE,0.00312218210963939,12,176,3,0.0170454545454545,0.25,"GO:0019763","GO:MF","immunoglobulin receptor activity",20246,3436
"1036","magenta",TRUE,0.00415141388060713,33,176,4,0.0227272727272727,0.121212121212121,"GO:0023023","GO:MF","MHC protein complex binding",20246,3578
"1037","magenta",TRUE,0.00483146094435575,3,176,2,0.0113636363636364,0.666666666666667,"GO:0036134","GO:MF","12-hydroxyheptadecatrienoic acid synthase activity",20246,4920
"1038","magenta",TRUE,0.00499618740366379,100,176,6,0.0340909090909091,0.06,"GO:0019199","GO:MF","transmembrane receptor protein kinase activity",20246,3412
"1039","magenta",TRUE,0.00525010706822964,36,176,4,0.0227272727272727,0.111111111111111,"GO:0043394","GO:MF","proteoglycan binding",20246,5256
"1040","magenta",TRUE,0.00530106630002516,191,176,8,0.0454545454545455,0.0418848167539267,"GO:0019902","GO:MF","phosphatase binding",20246,3495
"1041","magenta",TRUE,0.00558247131898905,104,176,6,0.0340909090909091,0.0576923076923077,"GO:0004896","GO:MF","cytokine receptor activity",20246,1119
"1042","magenta",TRUE,0.00709488411484277,2685,176,40,0.227272727272727,0.0148975791433892,"GO:0043168","GO:MF","anion binding",20246,5225
"1043","magenta",TRUE,0.0078607556926102,4,176,2,0.0113636363636364,0.5,"GO:0004982","GO:MF","N-formyl peptide receptor activity",20246,1188
"1044","magenta",TRUE,0.00799915875327824,15123,176,150,0.852272727272727,0.00991866693116445,"GO:0005515","GO:MF","protein binding",20246,1462
"1045","magenta",TRUE,0.00799915875327824,18,176,3,0.0170454545454545,0.166666666666667,"GO:0042288","GO:MF","MHC class I protein binding",20246,5094
"1046","magenta",TRUE,0.00915514409067371,651,176,15,0.0852272727272727,0.0230414746543779,"GO:0032561","GO:MF","guanyl ribonucleotide binding",20246,4214
"1047","magenta",TRUE,0.00915514409067371,651,176,15,0.0852272727272727,0.0230414746543779,"GO:0019001","GO:MF","guanyl nucleotide binding",20246,3349
"1048","magenta",TRUE,0.00953640206564502,45,176,4,0.0227272727272727,0.0888888888888889,"GO:0004715","GO:MF","non-membrane spanning protein tyrosine kinase activity",20246,976
"1049","magenta",TRUE,0.00964033332383157,82,176,5,0.0284090909090909,0.0609756097560976,"GO:0001540","GO:MF","amyloid-beta binding",20246,185
"1050","magenta",TRUE,0.00964033332383157,5,176,2,0.0113636363636364,0.4,"GO:0019770","GO:MF","IgG receptor activity",20246,3441
"1051","magenta",TRUE,0.00964033332383157,81,176,5,0.0284090909090909,0.0617283950617284,"GO:0004714","GO:MF","transmembrane receptor protein tyrosine kinase activity",20246,975
"1052","magenta",TRUE,0.00964033332383157,1521,176,26,0.147727272727273,0.0170940170940171,"GO:0005102","GO:MF","signaling receptor binding",20246,1248
"1053","magenta",TRUE,0.00964033332383157,5,176,2,0.0113636363636364,0.4,"GO:0001847","GO:MF","opsonin receptor activity",20246,245
"1054","magenta",TRUE,0.00964033332383157,5,176,2,0.0113636363636364,0.4,"GO:0004185","GO:MF","serine-type carboxypeptidase activity",20246,636
"1055","magenta",TRUE,0.00964033332383157,5,176,2,0.0113636363636364,0.4,"GO:0045545","GO:MF","syndecan binding",20246,5612
"1056","magenta",TRUE,0.00968423298773008,21,176,3,0.0170454545454545,0.142857142857143,"GO:0001846","GO:MF","opsonin binding",20246,244
"1057","magenta",TRUE,0.010355496530366,174,176,7,0.0397727272727273,0.0402298850574713,"GO:0003823","GO:MF","antigen binding",20246,355
"1058","magenta",TRUE,0.0118904837485461,614,176,14,0.0795454545454545,0.0228013029315961,"GO:0005525","GO:MF","GTP binding",20246,1471
"1059","magenta",TRUE,0.0134814838409957,24,176,3,0.0170454545454545,0.125,"GO:0023026","GO:MF","MHC class II protein complex binding",20246,3581
"1060","magenta",TRUE,0.0134814838409957,184,176,7,0.0397727272727273,0.0380434782608696,"GO:0031406","GO:MF","carboxylic acid binding",20246,3873
"1061","magenta",TRUE,0.0159211338056249,245,176,8,0.0454545454545455,0.0326530612244898,"GO:0033218","GO:MF","amide binding",20246,4262
"1062","magenta",TRUE,0.0162214477125246,26,176,3,0.0170454545454545,0.115384615384615,"GO:0001848","GO:MF","complement binding",20246,246
"1063","magenta",TRUE,0.0165264977050117,7,176,2,0.0113636363636364,0.285714285714286,"GO:0106256","GO:MF","hydroperoxy icosatetraenoate dehydratase activity",20246,9054
"1064","magenta",TRUE,0.0165264977050117,7,176,2,0.0113636363636364,0.285714285714286,"GO:0005021","GO:MF","vascular endothelial growth factor receptor activity",20246,1218
"1065","magenta",TRUE,0.0176169645265083,196,176,7,0.0397727272727273,0.0357142857142857,"GO:0043177","GO:MF","organic acid binding",20246,5229
"1066","magenta",TRUE,0.0207563669590816,150,176,6,0.0340909090909091,0.04,"GO:0019955","GO:MF","cytokine binding",20246,3503
"1067","magenta",TRUE,0.0207563669590816,8,176,2,0.0113636363636364,0.25,"GO:0032395","GO:MF","MHC class II receptor activity",20246,4176
"1068","magenta",TRUE,0.0217636954225756,30,176,3,0.0170454545454545,0.1,"GO:0005540","GO:MF","hyaluronic acid binding",20246,1478
"1069","magenta",TRUE,0.0217636954225756,324,176,9,0.0511363636363636,0.0277777777777778,"GO:0019003","GO:MF","GDP binding",20246,3351
"1070","magenta",TRUE,0.0259478881623789,610,176,13,0.0738636363636364,0.0213114754098361,"GO:0008047","GO:MF","enzyme activator activity",20246,1502
"1071","magenta",TRUE,0.0298380915267673,34,176,3,0.0170454545454545,0.0882352941176471,"GO:0038187","GO:MF","pattern recognition receptor activity",20246,5039
"1072","magenta",TRUE,0.0298380915267673,10,176,2,0.0113636363636364,0.2,"GO:0140031","GO:MF","phosphorylation-dependent protein binding",20246,9262
"1073","magenta",TRUE,0.0298380915267673,1177,176,20,0.113636363636364,0.0169923534409516,"GO:0140677","GO:MF","molecular function activator activity",20246,9465
"1074","magenta",TRUE,0.0316413425472767,284,176,8,0.0454545454545455,0.028169014084507,"GO:0030246","GO:MF","carbohydrate binding",20246,3620
"1075","magenta",TRUE,0.0351128624359118,564,176,12,0.0681818181818182,0.0212765957446809,"GO:0050839","GO:MF","cell adhesion molecule binding",20246,7357
"1076","magenta",TRUE,0.0379698325752037,499,176,11,0.0625,0.0220440881763527,"GO:0060589","GO:MF","nucleoside-triphosphatase regulator activity",20246,7760
"1077","magenta",TRUE,0.0379698325752037,499,176,11,0.0625,0.0220440881763527,"GO:0030695","GO:MF","GTPase regulator activity",20246,3749
"1078","magenta",TRUE,0.0390433642915745,235,176,7,0.0397727272727273,0.0297872340425532,"GO:0005085","GO:MF","guanyl-nucleotide exchange factor activity",20246,1241
"1079","magenta",TRUE,0.0395031514369275,12,176,2,0.0113636363636364,0.166666666666667,"GO:0070008","GO:MF","serine-type exopeptidase activity",20246,7952
"1080","magenta",TRUE,0.0418933888106925,40,176,3,0.0170454545454545,0.075,"GO:0042287","GO:MF","MHC protein binding",20246,5093
"1081","magenta",TRUE,1.0840706762734e-06,581,53,24,0.452830188679245,0.0413080895008606,"HP:0011122","HP","Abnormality of skin physiology",5080,7501
"1082","magenta",TRUE,4.49844946003101e-06,308,53,17,0.320754716981132,0.0551948051948052,"HP:0002960","HP","Autoimmunity",5080,2136
"1083","magenta",TRUE,4.49844946003101e-06,509,53,21,0.39622641509434,0.0412573673870334,"HP:0011123","HP","Inflammatory abnormality of the skin",5080,7502
"1084","magenta",TRUE,4.49844946003101e-06,169,53,13,0.245283018867925,0.0769230769230769,"HP:0000988","HP","Skin rash",5080,768
"1085","magenta",TRUE,4.49844946003101e-06,666,53,24,0.452830188679245,0.036036036036036,"HP:0032251","HP","Abnormal immune system morphology",5080,12401
"1086","magenta",TRUE,1.52722338055173e-05,73,53,9,0.169811320754717,0.123287671232877,"HP:0002633","HP","Vasculitis",5080,1898
"1087","magenta",TRUE,3.19648129262589e-05,107,53,10,0.188679245283019,0.0934579439252336,"HP:0011450","HP","Unusual CNS infection",5080,7818
"1088","magenta",TRUE,3.83552222842007e-05,176,53,12,0.226415094339623,0.0681818181818182,"HP:0030057","HP","Autoimmune antibody positivity",5080,10337
"1089","magenta",TRUE,3.83552222842007e-05,84,53,9,0.169811320754717,0.107142857142857,"HP:0011227","HP","Elevated circulating C-reactive protein concentration",5080,7600
"1090","magenta",TRUE,3.94075861487737e-05,87,53,9,0.169811320754717,0.103448275862069,"HP:0032436","HP","Abnormal circulating C-reactive protein concentration",5080,12576
"1091","magenta",TRUE,3.94075861487737e-05,114,53,10,0.188679245283019,0.087719298245614,"HP:0032158","HP","Unusual infection by anatomical site",5080,12312
"1092","magenta",TRUE,8.90448836063498e-05,639,53,21,0.39622641509434,0.0328638497652582,"HP:0010987","HP","Abnormal cellular immune system morphology",5080,7370
"1093","magenta",TRUE,8.90448836063498e-05,17,53,5,0.0943396226415094,0.294117647058824,"HP:0034784","HP","Vasculitis by anatomical site",5080,14893
"1094","magenta",TRUE,8.90448836063498e-05,639,53,21,0.39622641509434,0.0328638497652582,"HP:0001881","HP","Abnormal leukocyte morphology",5080,1357
"1095","magenta",TRUE,0.000327437818856057,60,53,7,0.132075471698113,0.116666666666667,"HP:0005339","HP","Abnormality of complement system",5080,3616
"1096","magenta",TRUE,0.000467883434295031,424,53,16,0.30188679245283,0.0377358490566038,"HP:0001945","HP","Fever",5080,1407
"1097","magenta",TRUE,0.000564594928207879,1292,53,29,0.547169811320755,0.0224458204334365,"HP:0012647","HP","Abnormal inflammatory response",5080,8994
"1098","magenta",TRUE,0.000564594928207879,1292,53,29,0.547169811320755,0.0224458204334365,"HP:0012649","HP","Increased inflammatory response",5080,8996
"1099","magenta",TRUE,0.000758008553129328,250,53,12,0.226415094339623,0.048,"HP:0001369","HP","Arthritis",5080,1027
"1100","magenta",TRUE,0.000758008553129328,208,53,11,0.207547169811321,0.0528846153846154,"HP:0033331","HP","Acute phase response",5080,13453
"1101","magenta",TRUE,0.000772615036647976,47,53,6,0.113207547169811,0.127659574468085,"HP:0004311","HP","Abnormal macrophage morphology",5080,2999
"1102","magenta",TRUE,0.000849001898426035,73,53,7,0.132075471698113,0.0958904109589041,"HP:0000155","HP","Oral ulcer",5080,136
"1103","magenta",TRUE,0.000889798616734319,74,53,7,0.132075471698113,0.0945945945945946,"HP:0003493","HP","Antinuclear antibody positivity",5080,2508
"1104","magenta",TRUE,0.000945924963673781,105,53,8,0.150943396226415,0.0761904761904762,"HP:0031446","HP","Erosion of oral mucosa",5080,11640
"1105","magenta",TRUE,0.000978720502973255,76,53,7,0.132075471698113,0.0921052631578947,"HP:0025615","HP","Abscess",5080,10053
"1106","magenta",TRUE,0.00111922174390371,78,53,7,0.132075471698113,0.0897435897435897,"HP:0001287","HP","Meningitis",5080,974
"1107","magenta",TRUE,0.00126723377124894,146,53,9,0.169811320754717,0.0616438356164384,"HP:0000123","HP","Nephritis",5080,106
"1108","magenta",TRUE,0.00128691519187754,32,53,5,0.0943396226415094,0.15625,"HP:0005406","HP","Recurrent bacterial skin infections",5080,3652
"1109","magenta",TRUE,0.0014528987612969,33,53,5,0.0943396226415094,0.151515151515152,"HP:0031292","HP","Cutaneous abscess",5080,11492
"1110","magenta",TRUE,0.00148231551473304,115,53,8,0.150943396226415,0.0695652173913043,"HP:0000099","HP","Glomerulonephritis",5080,89
"1111","magenta",TRUE,0.00152848319363775,1815,53,34,0.641509433962264,0.018732782369146,"HP:0010978","HP","Abnormality of immune system physiology",5080,7363
"1112","magenta",TRUE,0.00158225741347352,57,53,6,0.113207547169811,0.105263157894737,"HP:0004431","HP","Reduced circulating complement concentration",5080,3100
"1113","magenta",TRUE,0.00165612831615399,1090,53,25,0.471698113207547,0.0229357798165138,"HP:0032101","HP","Unusual infection",5080,12259
"1114","magenta",TRUE,0.00165612831615399,496,53,16,0.30188679245283,0.032258064516129,"HP:0001744","HP","Splenomegaly",5080,1265
"1115","magenta",TRUE,0.00187670422672704,339,53,13,0.245283018867925,0.0383480825958702,"HP:0033796","HP","Abnormal leukocyte physiology",5080,13914
"1116","magenta",TRUE,0.00202643341831204,1502,53,30,0.566037735849057,0.0199733688415446,"HP:0001871","HP","Abnormality of blood and blood-forming tissues",5080,1347
"1117","magenta",TRUE,0.00202643341831204,37,53,5,0.0943396226415094,0.135135135135135,"HP:0006510","HP","Chronic pulmonary obstruction",5080,4239
"1118","magenta",TRUE,0.00222258771508462,38,53,5,0.0943396226415094,0.131578947368421,"HP:0007417","HP","Discoid lupus rash",5080,4722
"1119","magenta",TRUE,0.00222258771508462,348,53,13,0.245283018867925,0.0373563218390805,"HP:0005368","HP","Abnormality of humoral immunity",5080,3636
"1120","magenta",TRUE,0.00278709623503738,257,53,11,0.207547169811321,0.0428015564202335,"HP:0004332","HP","Abnormal lymphocyte morphology",5080,3016
"1121","magenta",TRUE,0.00306684041692183,8,53,3,0.0566037735849057,0.375,"HP:0200029","HP","Vasculitis in the skin",5080,16603
"1122","magenta",TRUE,0.00316381359996588,786,53,20,0.377358490566038,0.0254452926208651,"HP:0100763","HP","Abnormality of the lymphatic system",5080,16396
"1123","magenta",TRUE,0.00339597146497687,22,53,4,0.0754716981132075,0.181818181818182,"HP:0002722","HP","Recurrent abscess formation",5080,1968
"1124","magenta",TRUE,0.00359398088318741,267,53,11,0.207547169811321,0.0411985018726592,"HP:0002733","HP","Abnormal lymph node morphology",5080,1978
"1125","magenta",TRUE,0.00398340289809944,9,53,3,0.0566037735849057,0.333333333333333,"HP:0003203","HP","Decreased neutrophil oxidative burst",5080,2300
"1126","magenta",TRUE,0.00398340289809944,487,53,15,0.283018867924528,0.0308008213552361,"HP:0001872","HP","Abnormality of thrombocytes",5080,1348
"1127","magenta",TRUE,0.00398340289809944,608,53,17,0.320754716981132,0.0279605263157895,"HP:0025408","HP","Abnormal spleen morphology",5080,9865
"1128","magenta",TRUE,0.00402873221581962,141,53,8,0.150943396226415,0.0567375886524823,"HP:0001581","HP","Recurrent skin infections",5080,1148
"1129","magenta",TRUE,0.00468161824836829,2130,53,36,0.679245283018868,0.0169014084507042,"HP:0002715","HP","Abnormality of the immune system",5080,1961
"1130","magenta",TRUE,0.00468161824836829,557,53,16,0.30188679245283,0.0287253141831239,"HP:0004370","HP","Abnormality of temperature regulation",5080,3047
"1131","magenta",TRUE,0.00468161824836829,2,53,2,0.0377358490566038,1,"HP:0034601","HP","Decreased circulating C1q concentration",5080,14711
"1132","magenta",TRUE,0.00500916221858927,76,53,6,0.113207547169811,0.0789473684210526,"HP:0003565","HP","Elevated erythrocyte sedimentation rate",5080,2552
"1133","magenta",TRUE,0.00500916221858927,10,53,3,0.0566037735849057,0.3,"HP:0002955","HP","Granulomatosis",5080,2133
"1134","magenta",TRUE,0.00528048713916621,191,53,9,0.169811320754717,0.0471204188481675,"HP:0000245","HP","Abnormal paranasal sinus morphology",5080,207
"1135","magenta",TRUE,0.00551194032945473,78,53,6,0.113207547169811,0.0769230769230769,"HP:0025021","HP","Abnormal erythrocyte sedimentation rate",5080,9504
"1136","magenta",TRUE,0.0057346236989542,635,53,17,0.320754716981132,0.0267716535433071,"HP:0001743","HP","Abnormality of the spleen",5080,1264
"1137","magenta",TRUE,0.00585932141568602,637,53,17,0.320754716981132,0.0266875981161695,"HP:0001903","HP","Anemia",5080,1377
"1138","magenta",TRUE,0.00626970637946799,457,53,14,0.264150943396226,0.0306345733041575,"HP:0011873","HP","Abnormal platelet count",5080,8233
"1139","magenta",TRUE,0.00676396872019262,461,53,14,0.264150943396226,0.0303687635574837,"HP:0011875","HP","Abnormal platelet morphology",5080,8235
"1140","magenta",TRUE,0.00773513492648753,12,53,3,0.0566037735849057,0.25,"HP:0009710","HP","Chilblains",5080,6180
"1141","magenta",TRUE,0.00773513492648753,251,53,10,0.188679245283019,0.0398406374501992,"HP:0002716","HP","Lymphadenopathy",5080,1962
"1142","magenta",TRUE,0.00773513492648753,54,53,5,0.0943396226415094,0.0925925925925926,"HP:0031690","HP","Opportunistic infection",5080,11875
"1143","magenta",TRUE,0.00815907751816866,864,53,20,0.377358490566038,0.0231481481481481,"HP:0001438","HP","Abnormal abdomen morphology",5080,1069
"1144","magenta",TRUE,0.00922894239110647,88,53,6,0.113207547169811,0.0681818181818182,"HP:0002105","HP","Hemoptysis",5080,1545
"1145","magenta",TRUE,0.0100528902336459,424,53,13,0.245283018867925,0.0306603773584906,"HP:0001873","HP","Thrombocytopenia",5080,1349
"1146","magenta",TRUE,0.0100682319809192,32,53,4,0.0754716981132075,0.125,"HP:0040223","HP","Pulmonary hemorrhage",5080,15324
"1147","magenta",TRUE,0.011016553367866,171,53,8,0.150943396226415,0.0467836257309941,"HP:0000246","HP","Sinusitis",5080,208
"1148","magenta",TRUE,0.0143760044622319,328,53,11,0.207547169811321,0.0335365853658537,"HP:0031409","HP","Abnormal lymphocyte physiology",5080,11604
"1149","magenta",TRUE,0.014698191333583,766,53,18,0.339622641509434,0.0234986945169713,"HP:0003271","HP","Visceromegaly",5080,2355
"1150","magenta",TRUE,0.0150682481828232,700,53,17,0.320754716981132,0.0242857142857143,"HP:0001877","HP","Abnormal erythrocyte morphology",5080,1353
"1151","magenta",TRUE,0.0166930032340269,16,53,3,0.0566037735849057,0.1875,"HP:0012177","HP","Abnormal natural killer cell physiology",5080,8534
"1152","magenta",TRUE,0.0179831503051481,102,53,6,0.113207547169811,0.0588235294117647,"HP:0010975","HP","Abnormal B cell count",5080,7360
"1153","magenta",TRUE,0.0179831503051481,67,53,5,0.0943396226415094,0.0746268656716418,"HP:0025806","HP","Abnormal total B cell count",5080,10237
"1154","magenta",TRUE,0.0181962811143796,103,53,6,0.113207547169811,0.058252427184466,"HP:0045073","HP","Serositis",5080,15648
"1155","magenta",TRUE,0.0181962811143796,4,53,2,0.0377358490566038,0.5,"HP:0002740","HP","Recurrent E. coli infections",5080,1981
"1156","magenta",TRUE,0.0181962811143796,4,53,2,0.0377358490566038,0.5,"HP:0002741","HP","Recurrent Serratia marcescens infections",5080,1982
"1157","magenta",TRUE,0.0185531562536501,17,53,3,0.0566037735849057,0.176470588235294,"HP:0011990","HP","Abnormal neutrophil physiology",5080,8349
"1158","magenta",TRUE,0.0217070491911729,107,53,6,0.113207547169811,0.0560747663551402,"HP:0002846","HP","Abnormal B cell morphology",5080,2050
"1159","magenta",TRUE,0.022418710005286,1021,53,21,0.39622641509434,0.0205680705190989,"HP:0002719","HP","Recurrent infections",5080,1965
"1160","magenta",TRUE,0.0250741645464709,19,53,3,0.0566037735849057,0.157894736842105,"HP:0000031","HP","Epididymitis",5080,29
"1161","magenta",TRUE,0.0252937786515838,153,53,7,0.132075471698113,0.0457516339869281,"HP:0031983","HP","Abnormal pulmonary thoracic imaging finding",5080,12148
"1162","magenta",TRUE,0.0258385234847451,5,53,2,0.0377358490566038,0.4,"HP:0004358","HP","Abnormality of superoxide metabolism",5080,3037
"1163","magenta",TRUE,0.0258385234847451,5,53,2,0.0377358490566038,0.4,"HP:0002723","HP","Absence of bactericidal oxidative respiratory burst in phagocytes",5080,1969
"1164","magenta",TRUE,0.0258385234847451,5,53,2,0.0377358490566038,0.4,"HP:0003206","HP","Decreased activity of NADPH oxidase",5080,2303
"1165","magenta",TRUE,0.0258385234847451,5,53,2,0.0377358490566038,0.4,"HP:0000999","HP","Pyoderma",5080,777
"1166","magenta",TRUE,0.0258385234847451,5,53,2,0.0377358490566038,0.4,"HP:0010977","HP","Abnormal phagocytosis",5080,7362
"1167","magenta",TRUE,0.0258385234847451,5,53,2,0.0377358490566038,0.4,"HP:0011944","HP","Small vessel vasculitis",5080,8303
"1168","magenta",TRUE,0.0258385234847451,201,53,8,0.150943396226415,0.0398009950248756,"HP:0002829","HP","Arthralgia",5080,2037
"1169","magenta",TRUE,0.0263212060619696,20,53,3,0.0566037735849057,0.15,"HP:0002923","HP","Rheumatoid factor positive",5080,2111
"1170","magenta",TRUE,0.0274829089478411,115,53,6,0.113207547169811,0.0521739130434783,"HP:0000992","HP","Cutaneous photosensitivity",5080,771
"1171","magenta",TRUE,0.0275011157347272,426,53,12,0.226415094339623,0.028169014084507,"HP:0002014","HP","Diarrhea",5080,1468
"1172","magenta",TRUE,0.0276719570476753,206,53,8,0.150943396226415,0.0388349514563107,"HP:0000095","HP","Abnormal renal glomerulus morphology",5080,85
"1173","magenta",TRUE,0.027824745735173,116,53,6,0.113207547169811,0.0517241379310345,"HP:0020100","HP","Unusual fungal infection",5080,9301
"1174","magenta",TRUE,0.0279471919241559,207,53,8,0.150943396226415,0.0386473429951691,"HP:0031263","HP","Abnormal renal corpuscle morphology",5080,11464
"1175","magenta",TRUE,0.0283058224742658,370,53,11,0.207547169811321,0.0297297297297297,"HP:0000388","HP","Otitis media",5080,303
"1176","magenta",TRUE,0.030968181991797,211,53,8,0.150943396226415,0.037914691943128,"HP:0002718","HP","Recurrent bacterial infections",5080,1964
"1177","magenta",TRUE,0.031422005231123,376,53,11,0.207547169811321,0.0292553191489362,"HP:0011830","HP","Abnormal oral mucosa morphology",5080,8192
"1178","magenta",TRUE,0.031422005231123,164,53,7,0.132075471698113,0.0426829268292683,"HP:0001433","HP","Hepatosplenomegaly",5080,1065
"1179","magenta",TRUE,0.0314975268547912,22,53,3,0.0566037735849057,0.136363636363636,"HP:0012156","HP","Hemophagocytosis",5080,8513
"1180","magenta",TRUE,0.0338789644275892,6,53,2,0.0377358490566038,0.333333333333333,"HP:0002742","HP","Recurrent Klebsiella infections",5080,1983
"1181","magenta",TRUE,0.0340064168664829,49,53,4,0.0754716981132075,0.0816326530612245,"HP:0100658","HP","Cellulitis",5080,16305
"1182","magenta",TRUE,0.0340733190179633,83,53,5,0.0943396226415094,0.0602409638554217,"HP:0002583","HP","Colitis",5080,1860
"1183","magenta",TRUE,0.0342277134387402,23,53,3,0.0566037735849057,0.130434782608696,"HP:0002842","HP","Recurrent Burkholderia cepacia infections",5080,2048
"1184","magenta",TRUE,0.0342277134387402,23,53,3,0.0566037735849057,0.130434782608696,"HP:0025420","HP","Diffuse alveolar hemorrhage",5080,9875
"1185","magenta",TRUE,0.0348015688978921,124,53,6,0.113207547169811,0.0483870967741935,"HP:0011839","HP","Abnormal T cell count",5080,8201
"1186","magenta",TRUE,0.0351633977930903,509,53,13,0.245283018867925,0.0255402750491159,"HP:0011893","HP","Abnormal leukocyte count",5080,8253
"1187","magenta",TRUE,0.0377417731215649,24,53,3,0.0566037735849057,0.125,"HP:0002724","HP","Recurrent Aspergillus infections",5080,1970
"1188","magenta",TRUE,0.0398075538790734,128,53,6,0.113207547169811,0.046875,"HP:0002843","HP","Abnormal T cell morphology",5080,2049
"1189","magenta",TRUE,0.0410924813640408,175,53,7,0.132075471698113,0.04,"HP:0002110","HP","Bronchiectasis",5080,1548
"1190","magenta",TRUE,0.0416936841701181,7,53,2,0.0377358490566038,0.285714285714286,"HP:0033608","HP","Pulmonary nodule",5080,13727
"1191","magenta",TRUE,0.0416936841701181,7,53,2,0.0377358490566038,0.285714285714286,"HP:0025343","HP","Lupus anticoagulant",5080,9804
"1192","magenta",TRUE,0.0416936841701181,7,53,2,0.0377358490566038,0.285714285714286,"HP:0000024","HP","Prostatitis",5080,22
"1193","magenta",TRUE,0.0416936841701181,2130,53,33,0.622641509433962,0.0154929577464789,"HP:0000951","HP","Abnormality of the skin",5080,739
"1194","magenta",TRUE,0.0417241644225713,397,53,11,0.207547169811321,0.0277078085642317,"HP:0008609","HP","Abnormal middle ear morphology",5080,5392
"1195","magenta",TRUE,0.0437164600124866,132,53,6,0.113207547169811,0.0454545454545455,"HP:0002037","HP","Inflammation of the large intestine",5080,1486
"1196","magenta",TRUE,0.0450276001293054,133,53,6,0.113207547169811,0.0451127819548872,"HP:0032016","HP","Abnormal sputum",5080,12180
"1197","magenta",TRUE,0.0451242130599989,55,53,4,0.0754716981132075,0.0727272727272727,"HP:0003453","HP","Antineutrophil antibody positivity",5080,2480
"1198","magenta",TRUE,0.0452786158072927,232,53,8,0.150943396226415,0.0344827586206897,"HP:0000403","HP","Recurrent otitis media",5080,312
"1199","magenta",TRUE,0.0452786158072927,134,53,6,0.113207547169811,0.0447761194029851,"HP:0200042","HP","Skin ulcer",5080,16613
"1200","magenta",TRUE,0.0452786158072927,134,53,6,0.113207547169811,0.0447761194029851,"HP:0006536","HP","Airway obstruction",5080,4259
"1201","magenta",TRUE,0.045326724735556,92,53,5,0.0943396226415094,0.0543478260869565,"HP:0000022","HP","Abnormal male internal genitalia morphology",5080,20
"1202","magenta",TRUE,0.0456695967801702,182,53,7,0.132075471698113,0.0384615384615385,"HP:0012145","HP","Abnormality of multiple cell lineages in the bone marrow",5080,8502
"1203","magenta",TRUE,0.0456695967801702,27,53,3,0.0566037735849057,0.111111111111111,"HP:0032260","HP","Opportunistic bacterial infection",5080,12410
"1204","magenta",TRUE,0.0456695967801702,27,53,3,0.0566037735849057,0.111111111111111,"HP:0012490","HP","Panniculitis",5080,8838
"1205","magenta",TRUE,0.0456695967801702,56,53,4,0.0754716981132075,0.0714285714285714,"HP:0003281","HP","Increased circulating ferritin concentration",5080,2364
"1206","magenta",TRUE,0.0484928146282198,540,53,13,0.245283018867925,0.0240740740740741,"HP:0001892","HP","Abnormal bleeding",5080,1367
"1207","magenta",TRUE,0.0484928146282198,1365,53,24,0.452830188679245,0.0175824175824176,"HP:0002012","HP","Abnormality of the abdominal organs",5080,1466
"1208","magenta",TRUE,0.0484928146282198,28,53,3,0.0566037735849057,0.107142857142857,"HP:0009714","HP","Abnormal epididymis morphology",5080,6183
"1209","magenta",TRUE,0.0484928146282198,28,53,3,0.0566037735849057,0.107142857142857,"HP:0002102","HP","Pleuritis",5080,1542
"1210","magenta",TRUE,0.0484928146282198,8,53,2,0.0377358490566038,0.25,"HP:0032252","HP","Granuloma",5080,12402
"1211","magenta",TRUE,0.0484928146282198,237,53,8,0.150943396226415,0.0337552742616034,"HP:0040088","HP","Abnormal lymphocyte count",5080,15204
"1212","magenta",TRUE,4.17874288459124e-08,3145,124,70,0.564516129032258,0.0222575516693164,"HPA:0530712","HPA","Spleen; cells in red pulp[≥Medium]",10995,792
"1213","magenta",TRUE,4.02418947886976e-07,5332,124,93,0.75,0.0174418604651163,"HPA:0530711","HPA","Spleen; cells in red pulp[≥Low]",10995,791
"1214","magenta",TRUE,7.70646378403858e-07,3985,124,77,0.620967741935484,0.0193224592220828,"HPA:0310442","HPA","Lymph node; non-germinal center cells[≥Medium]",10995,464
"1215","magenta",TRUE,7.66406111294411e-06,466,124,21,0.169354838709677,0.0450643776824034,"HPA:0471443","HPA","Skin 2; fibrohistiocytic cells[High]",10995,721
"1216","magenta",TRUE,9.17727880889038e-06,5891,124,95,0.766129032258065,0.0161262943473095,"HPA:0530000","HPA","Spleen",10995,790
"1217","magenta",TRUE,9.17727880889038e-06,821,124,28,0.225806451612903,0.0341047503045067,"HPA:0530713","HPA","Spleen; cells in red pulp[High]",10995,793
"1218","magenta",TRUE,2.73359981432643e-05,26,124,6,0.0483870967741935,0.230769230769231,"HPA:0640411","HPA","Endometrium; macrophages[≥Low]",10995,291
"1219","magenta",TRUE,2.73359981432643e-05,26,124,6,0.0483870967741935,0.230769230769231,"HPA:0640412","HPA","Endometrium; macrophages[≥Medium]",10995,292
"1220","magenta",TRUE,6.81771839717034e-05,510,124,20,0.161290322580645,0.0392156862745098,"HPA:0131331","HPA","Colon; mucosal lymphoid cells[≥Low]",10995,237
"1221","magenta",TRUE,7.67983407336658e-05,6054,124,94,0.758064516129032,0.0155269243475388,"HPA:0310441","HPA","Lymph node; non-germinal center cells[≥Low]",10995,463
"1222","magenta",TRUE,9.38067220994237e-05,4256,124,74,0.596774193548387,0.0173872180451128,"HPA:0040082","HPA","Bone marrow; hematopoietic cells[≥Medium]",10995,52
"1223","magenta",TRUE,0.000109867206651164,20,124,5,0.0403225806451613,0.25,"HPA:0640413","HPA","Endometrium; macrophages[High]",10995,293
"1224","magenta",TRUE,0.000109867206651164,6518,124,98,0.790322580645161,0.0150352868978214,"HPA:0310000","HPA","Lymph node",10995,459
"1225","magenta",TRUE,0.00015035840748589,366,124,16,0.129032258064516,0.0437158469945355,"HPA:0131332","HPA","Colon; mucosal lymphoid cells[≥Medium]",10995,238
"1226","magenta",TRUE,0.000397866096414116,544,124,19,0.153225806451613,0.0349264705882353,"HPA:0401331","HPA","Rectum; mucosal lymphoid cells[≥Low]",10995,583
"1227","magenta",TRUE,0.000397866096414116,399,124,16,0.129032258064516,0.0401002506265664,"HPA:0401332","HPA","Rectum; mucosal lymphoid cells[≥Medium]",10995,584
"1228","magenta",TRUE,0.000464604656157335,407,124,16,0.129032258064516,0.0393120393120393,"HPA:0461443","HPA","Skin 1; fibrohistiocytic cells[High]",10995,669
"1229","magenta",TRUE,0.000464604656157335,6115,124,92,0.741935483870968,0.0150449713818479,"HPA:0600441","HPA","Tonsil; non-germinal center cells[≥Low]",10995,861
"1230","magenta",TRUE,0.000786399973359695,335,124,14,0.112903225806452,0.0417910447761194,"HPA:0030441","HPA","Appendix; non-germinal center cells[≥Low]",10995,47
"1231","magenta",TRUE,0.00121801052134976,262,124,12,0.0967741935483871,0.0458015267175573,"HPA:0030442","HPA","Appendix; non-germinal center cells[≥Medium]",10995,48
"1232","magenta",TRUE,0.00260948821308908,65,124,6,0.0483870967741935,0.0923076923076923,"HPA:0640691","HPA","Endometrium; smooth muscle cells[≥Low]",10995,300
"1233","magenta",TRUE,0.00358062783695294,6487,124,93,0.75,0.0143363650377678,"HPA:0040000","HPA","Bone marrow",10995,50
"1234","magenta",TRUE,0.00358062783695294,6487,124,93,0.75,0.0143363650377678,"HPA:0040081","HPA","Bone marrow; hematopoietic cells[≥Low]",10995,51
"1235","magenta",TRUE,0.00360931984722788,832,124,22,0.17741935483871,0.0264423076923077,"HPA:0471442","HPA","Skin 2; fibrohistiocytic cells[≥Medium]",10995,720
"1236","magenta",TRUE,0.00541036595851552,49,124,5,0.0403225806451613,0.102040816326531,"HPA:0640201","HPA","Endometrium; endothelial cells[≥Low]",10995,285
"1237","magenta",TRUE,0.00700108310941835,698,124,19,0.153225806451613,0.0272206303724928,"HPA:0461442","HPA","Skin 1; fibrohistiocytic cells[≥Medium]",10995,668
"1238","magenta",TRUE,0.00856663581800682,1210,124,27,0.217741935483871,0.0223140495867769,"HPA:0310443","HPA","Lymph node; non-germinal center cells[High]",10995,465
"1239","magenta",TRUE,0.00909433590910006,120,124,7,0.0564516129032258,0.0583333333333333,"HPA:0640000","HPA","Endometrium",10995,281
"1240","magenta",TRUE,0.00953992743587331,4198,124,66,0.532258064516129,0.0157217722725107,"HPA:0600442","HPA","Tonsil; non-germinal center cells[≥Medium]",10995,862
"1241","magenta",TRUE,0.0109329623459033,1371,124,29,0.233870967741935,0.0211524434719183,"HPA:0300413","HPA","Lung; macrophages[High]",10995,458
"1242","magenta",TRUE,0.0208938496641115,6768,124,93,0.75,0.0137411347517731,"HPA:0300411","HPA","Lung; macrophages[≥Low]",10995,456
"1243","magenta",TRUE,0.0220158198361436,104,124,6,0.0483870967741935,0.0576923076923077,"HPA:0030443","HPA","Appendix; non-germinal center cells[High]",10995,49
"1244","magenta",TRUE,0.0258702511666937,5049,124,74,0.596774193548387,0.0146563675975441,"HPA:0310431","HPA","Lymph node; germinal center cells[≥Low]",10995,460
"1245","magenta",TRUE,0.0272872578595319,1324,124,27,0.217741935483871,0.020392749244713,"HPA:0600443","HPA","Tonsil; non-germinal center cells[High]",10995,863
"1246","magenta",TRUE,0.0322712824248528,47,124,4,0.032258064516129,0.0851063829787234,"HPA:0640202","HPA","Endometrium; endothelial cells[≥Medium]",10995,286
"1247","magenta",TRUE,0.0322712824248528,156,124,7,0.0564516129032258,0.0448717948717949,"HPA:0131333","HPA","Colon; mucosal lymphoid cells[High]",10995,239
"1248","magenta",TRUE,0.0322712824248528,47,124,4,0.032258064516129,0.0851063829787234,"HPA:0640692","HPA","Endometrium; smooth muscle cells[≥Medium]",10995,301
"1249","magenta",TRUE,0.0354742827456607,49,124,4,0.032258064516129,0.0816326530612245,"HPA:0641531","HPA","Endometrium; stromal fibroblasts[≥Low]",10995,303
"1250","magenta",TRUE,0.0354742827456607,1020,124,22,0.17741935483871,0.0215686274509804,"HPA:0471441","HPA","Skin 2; fibrohistiocytic cells[≥Low]",10995,719
"1251","magenta",TRUE,1.04006746233654e-08,86,109,13,0.119266055045872,0.151162790697674,"KEGG:05150","KEGG","Staphylococcus aureus infection",8484,439
"1252","magenta",TRUE,3.83963274624314e-08,81,109,12,0.110091743119266,0.148148148148148,"KEGG:04662","KEGG","B cell receptor signaling pathway",8484,339
"1253","magenta",TRUE,7.70649924157797e-08,132,109,14,0.128440366972477,0.106060606060606,"KEGG:04380","KEGG","Osteoclast differentiation",8484,309
"1254","magenta",TRUE,4.04354718992314e-07,153,109,14,0.128440366972477,0.0915032679738562,"KEGG:04514","KEGG","Cell adhesion molecules",8484,315
"1255","magenta",TRUE,9.25995565973159e-07,72,109,10,0.0917431192660551,0.138888888888889,"KEGG:05140","KEGG","Leishmaniasis",8484,433
"1256","magenta",TRUE,1.1994593007198e-05,147,109,12,0.110091743119266,0.0816326530612245,"KEGG:04145","KEGG","Phagosome",8484,281
"1257","magenta",TRUE,7.26267410569076e-05,92,109,9,0.0825688073394495,0.0978260869565217,"KEGG:04640","KEGG","Hematopoietic cell lineage",8484,333
"1258","magenta",TRUE,0.000123155897446226,188,109,12,0.110091743119266,0.0638297872340425,"KEGG:04613","KEGG","Neutrophil extracellular trap formation",8484,323
"1259","magenta",TRUE,0.00032309430575833,175,109,11,0.100917431192661,0.0628571428571429,"KEGG:05152","KEGG","Tuberculosis",8484,440
"1260","magenta",TRUE,0.000590301833738723,124,109,9,0.0825688073394495,0.0725806451612903,"KEGG:04650","KEGG","Natural killer cell mediated cytotoxicity",8484,334
"1261","magenta",TRUE,0.000881096150273807,132,109,9,0.0825688073394495,0.0681818181818182,"KEGG:05322","KEGG","Systemic lupus erythematosus",8484,484
"1262","magenta",TRUE,0.00114428718346646,34,109,5,0.0458715596330275,0.147058823529412,"KEGG:05330","KEGG","Allograft rejection",8484,486
"1263","magenta",TRUE,0.00151767150884149,114,109,8,0.073394495412844,0.0701754385964912,"KEGG:04670","KEGG","Leukocyte transendothelial migration",8484,343
"1264","magenta",TRUE,0.00151767150884149,37,109,5,0.0458715596330275,0.135135135135135,"KEGG:05332","KEGG","Graft-versus-host disease",8484,487
"1265","magenta",TRUE,0.0015402666592111,86,109,7,0.0642201834862385,0.0813953488372093,"KEGG:04610","KEGG","Complement and coagulation cascades",8484,320
"1266","magenta",TRUE,0.00190891203582598,40,109,5,0.0458715596330275,0.125,"KEGG:04940","KEGG","Type I diabetes mellitus",8484,394
"1267","magenta",TRUE,0.00207434791324435,156,109,9,0.0825688073394495,0.0576923076923077,"KEGG:04148","KEGG","Efferocytosis",8484,283
"1268","magenta",TRUE,0.00212390214374644,124,109,8,0.073394495412844,0.0645161290322581,"KEGG:04611","KEGG","Platelet activation",8484,321
"1269","magenta",TRUE,0.00226510735426888,67,109,6,0.055045871559633,0.0895522388059701,"KEGG:04664","KEGG","Fc epsilon RI signaling pathway",8484,340
"1270","magenta",TRUE,0.00230683563200582,96,109,7,0.0642201834862385,0.0729166666666667,"KEGG:04666","KEGG","Fc gamma R-mediated phagocytosis",8484,341
"1271","magenta",TRUE,0.00241118802814274,69,109,6,0.055045871559633,0.0869565217391304,"KEGG:04612","KEGG","Antigen processing and presentation",8484,322
"1272","magenta",TRUE,0.00325819614815958,27,109,4,0.036697247706422,0.148148148148148,"KEGG:05310","KEGG","Asthma",8484,481
"1273","magenta",TRUE,0.00325819614815958,210,109,10,0.0917431192660551,0.0476190476190476,"KEGG:04015","KEGG","Rap1 signaling pathway",8484,248
"1274","magenta",TRUE,0.00336479958806577,49,109,5,0.0458715596330275,0.102040816326531,"KEGG:05320","KEGG","Autoimmune thyroid disease",8484,482
"1275","magenta",TRUE,0.0103276168950515,63,109,5,0.0458715596330275,0.0793650793650794,"KEGG:05416","KEGG","Viral myocarditis",8484,493
"1276","magenta",TRUE,0.0188568140398033,44,109,4,0.036697247706422,0.0909090909090909,"KEGG:04672","KEGG","Intestinal immune network for IgA production",8484,344
"1277","magenta",TRUE,0.0217644550630525,231,109,9,0.0825688073394495,0.038961038961039,"KEGG:05171","KEGG","Coronavirus disease - COVID-19",8484,452
"1278","magenta",TRUE,0.0224022413370662,190,109,8,0.073394495412844,0.0421052631578947,"KEGG:04062","KEGG","Chemokine signaling pathway",8484,255
"1279","magenta",TRUE,0.0278230205861778,198,109,8,0.073394495412844,0.0404040404040404,"KEGG:05169","KEGG","Epstein-Barr virus infection",8484,450
"1280","magenta",TRUE,3.0002739293306e-16,2085,131,70,0.534351145038168,0.0335731414868106,"REAC:R-HSA-168256","REAC","Immune System",11004,1183
"1281","magenta",TRUE,5.46353685672485e-12,1100,131,45,0.343511450381679,0.0409090909090909,"REAC:R-HSA-168249","REAC","Innate Immune System",11004,1217
"1282","magenta",TRUE,1.19717504984898e-09,476,131,27,0.206106870229008,0.0567226890756303,"REAC:R-HSA-6798695","REAC","Neutrophil degranulation",11004,1609
"1283","magenta",TRUE,4.12871402265803e-07,182,131,15,0.114503816793893,0.0824175824175824,"REAC:R-HSA-198933","REAC","Immunoregulatory interactions between a Lymphoid and a non-Lymphoid cell",11004,1184
"1284","magenta",TRUE,1.35255503935709e-06,810,131,30,0.229007633587786,0.037037037037037,"REAC:R-HSA-1280218","REAC","Adaptive Immune System",11004,118
"1285","magenta",TRUE,2.24462884165549e-05,675,131,25,0.190839694656489,0.037037037037037,"REAC:R-HSA-109582","REAC","Hemostasis",11004,1131
"1286","magenta",TRUE,0.000191935469814182,35,131,6,0.0458015267175573,0.171428571428571,"REAC:R-HSA-114604","REAC","GPVI-mediated activation cascade",11004,1034
"1287","magenta",TRUE,0.000208751710962029,104,131,9,0.0687022900763359,0.0865384615384615,"REAC:R-HSA-194138","REAC","Signaling by VEGF",11004,2330
"1288","magenta",TRUE,0.000387065472522471,214,131,12,0.0916030534351145,0.0560747663551402,"REAC:R-HSA-9824443","REAC","Parasitic Infection Pathways",11004,1730
"1289","magenta",TRUE,0.000387065472522471,214,131,12,0.0916030534351145,0.0560747663551402,"REAC:R-HSA-9658195","REAC","Leishmania infection",11004,1323
"1290","magenta",TRUE,0.000505807700417022,476,131,18,0.137404580152672,0.0378151260504202,"REAC:R-HSA-449147","REAC","Signaling by Interleukins",11004,2278
"1291","magenta",TRUE,0.000505807700417022,780,131,24,0.183206106870229,0.0307692307692308,"REAC:R-HSA-1280215","REAC","Cytokine Signaling in Immune system",11004,427
"1292","magenta",TRUE,0.000511573299856189,94,131,8,0.0610687022900763,0.0851063829787234,"REAC:R-HSA-4420097","REAC","VEGFA-VEGFR2 Pathway",11004,2652
"1293","magenta",TRUE,0.000543889038374854,192,131,11,0.083969465648855,0.0572916666666667,"REAC:R-HSA-202733","REAC","Cell surface interactions at the vascular wall",11004,329
"1294","magenta",TRUE,0.00176205994736312,84,131,7,0.0534351145038168,0.0833333333333333,"REAC:R-HSA-216083","REAC","Integrin cell surface interactions",11004,1229
"1295","magenta",TRUE,0.00265550227716482,21,131,4,0.0305343511450382,0.19047619047619,"REAC:R-HSA-912631","REAC","Regulation of signaling by CBL",11004,2065
"1296","magenta",TRUE,0.00355901198214726,67,131,6,0.0458015267175573,0.0895522388059701,"REAC:R-HSA-388841","REAC","Regulation of T cell activation by CD28 family",11004,2023
"1297","magenta",TRUE,0.00432752338588994,695,131,20,0.152671755725191,0.0287769784172662,"REAC:R-HSA-372790","REAC","Signaling by GPCR",11004,2273
"1298","magenta",TRUE,0.00432752338588994,45,131,5,0.0381679389312977,0.111111111111111,"REAC:R-HSA-6783783","REAC","Interleukin-10 signaling",11004,1247
"1299","magenta",TRUE,0.00432752338588994,25,131,4,0.0305343511450382,0.16,"REAC:R-HSA-2424491","REAC","DAP12 signaling",11004,435
"1300","magenta",TRUE,0.00513524753136485,140,131,8,0.0610687022900763,0.0571428571428571,"REAC:R-HSA-2029480","REAC","Fcgamma receptor (FCGR) dependent phagocytosis",11004,947
"1301","magenta",TRUE,0.00513524753136485,259,131,11,0.083969465648855,0.0424710424710425,"REAC:R-HSA-76002","REAC","Platelet activation, signaling and aggregation",11004,1778
"1302","magenta",TRUE,0.00522475250704526,49,131,5,0.0381679389312977,0.102040816326531,"REAC:R-HSA-512988","REAC","Interleukin-3, Interleukin-5 and GM-CSF signaling",11004,1259
"1303","magenta",TRUE,0.00597040343865273,184,131,9,0.0687022900763359,0.0489130434782609,"REAC:R-HSA-9013149","REAC","RAC1 GTPase cycle",11004,1852
"1304","magenta",TRUE,0.00597040343865273,12,131,3,0.0229007633587786,0.25,"REAC:R-HSA-2160916","REAC","Hyaluronan uptake and degradation",11004,1149
"1305","magenta",TRUE,0.00605227174232708,113,131,7,0.0534351145038168,0.0619469026548673,"REAC:R-HSA-9664417","REAC","Leishmania phagocytosis",11004,1325
"1306","magenta",TRUE,0.00605227174232708,113,131,7,0.0534351145038168,0.0619469026548673,"REAC:R-HSA-9664407","REAC","Parasite infection",11004,1729
"1307","magenta",TRUE,0.00605227174232708,113,131,7,0.0534351145038168,0.0619469026548673,"REAC:R-HSA-9664422","REAC","FCGR3A-mediated phagocytosis",11004,907
"1308","magenta",TRUE,0.00645284330126165,13,131,3,0.0229007633587786,0.230769230769231,"REAC:R-HSA-1679131","REAC","Trafficking and processing of endosomal TLR",11004,2549
"1309","magenta",TRUE,0.00653186600565362,83,131,6,0.0458015267175573,0.072289156626506,"REAC:R-HSA-2871809","REAC","FCERI mediated Ca+2 mobilization",11004,902
"1310","magenta",TRUE,0.00864708134826401,88,131,6,0.0458015267175573,0.0681818181818182,"REAC:R-HSA-9013404","REAC","RAC2 GTPase cycle",11004,1853
"1311","magenta",TRUE,0.00990147767824662,91,131,6,0.0458015267175573,0.0659340659340659,"REAC:R-HSA-877300","REAC","Interferon gamma signaling",11004,1242
"1312","magenta",TRUE,0.00990147767824662,35,131,4,0.0305343511450382,0.114285714285714,"REAC:R-HSA-2172127","REAC","DAP12 interactions",11004,434
"1313","magenta",TRUE,0.00998021095214842,92,131,6,0.0458015267175573,0.0652173913043478,"REAC:R-HSA-9664323","REAC","FCGR3A-mediated IL10 synthesis",11004,906
"1314","magenta",TRUE,0.0102780556678278,4,131,2,0.0152671755725191,0.5,"REAC:R-HSA-194306","REAC","Neurophilin interactions with VEGF and VEGFR",11004,1603
"1315","magenta",TRUE,0.0110939627913131,131,131,7,0.0534351145038168,0.0534351145038168,"REAC:R-HSA-9664433","REAC","Leishmania parasite growth and survival",11004,1324
"1316","magenta",TRUE,0.0110939627913131,131,131,7,0.0534351145038168,0.0534351145038168,"REAC:R-HSA-9662851","REAC","Anti-inflammatory response favouring Leishmania parasite infection",11004,151
"1317","magenta",TRUE,0.0113076963604819,17,131,3,0.0229007633587786,0.176470588235294,"REAC:R-HSA-2142845","REAC","Hyaluronan metabolism",11004,1148
"1318","magenta",TRUE,0.0126130492683085,460,131,14,0.106870229007634,0.0304347826086957,"REAC:R-HSA-500792","REAC","GPCR ligand binding",11004,1032
"1319","magenta",TRUE,0.0128275697148498,67,131,5,0.0381679389312977,0.0746268656716418,"REAC:R-HSA-2029481","REAC","FCGR activation",11004,905
"1320","magenta",TRUE,0.0193589384162045,328,131,11,0.083969465648855,0.0335365853658537,"REAC:R-HSA-373076","REAC","Class A/1 (Rhodopsin-like receptors)",11004,367
"1321","magenta",TRUE,0.0210799323036059,6,131,2,0.0152671755725191,0.333333333333333,"REAC:R-HSA-9706374","REAC","FLT3 signaling through SRC family kinases",11004,929
"1322","magenta",TRUE,0.0259895781868718,24,131,3,0.0229007633587786,0.125,"REAC:R-HSA-389948","REAC","Co-inhibition by PD-1",11004,379
"1323","magenta",TRUE,0.0259895781868718,622,131,16,0.122137404580153,0.0257234726688103,"REAC:R-HSA-388396","REAC","GPCR downstream signalling",11004,1031
"1324","magenta",TRUE,0.0259895781868718,7,131,2,0.0152671755725191,0.285714285714286,"REAC:R-HSA-164944","REAC","Nef and signal transduction",11004,1574
"1325","magenta",TRUE,0.0259895781868718,116,131,6,0.0458015267175573,0.0517241379310345,"REAC:R-HSA-2029482","REAC","Regulation of actin dynamics for phagocytic cup formation",11004,2036
"1326","magenta",TRUE,0.0259895781868718,24,131,3,0.0229007633587786,0.125,"REAC:R-HSA-5668599","REAC","RHO GTPases Activate NADPH Oxidases",11004,1865
"1327","magenta",TRUE,0.0259895781868718,7,131,2,0.0152671755725191,0.285714285714286,"REAC:R-HSA-444473","REAC","Formyl peptide receptors bind formyl peptides and many other ligands",11004,990
"1328","magenta",TRUE,0.0270658506475397,83,131,5,0.0381679389312977,0.0602409638554217,"REAC:R-HSA-2871796","REAC","FCERI mediated MAPK activation",11004,903
"1329","magenta",TRUE,0.0271166523536667,25,131,3,0.0229007633587786,0.12,"REAC:R-HSA-9705462","REAC","Inactivation of CSF3 (G-CSF) signaling",11004,1191
"1330","magenta",TRUE,0.0297933524450243,26,131,3,0.0229007633587786,0.115384615384615,"REAC:R-HSA-5621480","REAC","Dectin-2 family",11004,459
"1331","magenta",TRUE,0.0306988079970373,8,131,2,0.0152671755725191,0.25,"REAC:R-HSA-1236973","REAC","Cross-presentation of particulate exogenous antigens (phagosomes)",11004,417
"1332","magenta",TRUE,0.0306988079970373,125,131,6,0.0458015267175573,0.048,"REAC:R-HSA-1630316","REAC","Glycosaminoglycan metabolism",11004,1089
"1333","magenta",TRUE,0.031878712709233,311,131,10,0.0763358778625954,0.0321543408360129,"REAC:R-HSA-418594","REAC","G alpha (i) signalling events",11004,1000
"1334","magenta",TRUE,0.0344851396693197,2558,131,44,0.33587786259542,0.0172009382329945,"REAC:R-HSA-162582","REAC","Signal Transduction",11004,2229
"1335","magenta",TRUE,0.0402105559207972,30,131,3,0.0229007633587786,0.1,"REAC:R-HSA-9674555","REAC","Signaling by CSF3 (G-CSF)",11004,2244
"1336","magenta",TRUE,0.0402105559207972,30,131,3,0.0229007633587786,0.1,"REAC:R-HSA-9680350","REAC","Signaling by CSF1 (M-CSF) in myeloid cells",11004,2243
"1337","magenta",TRUE,0.0433749528655877,31,131,3,0.0229007633587786,0.0967741935483871,"REAC:R-HSA-389356","REAC","Co-stimulation by CD28",11004,380
"1338","magenta",TRUE,0.0442534308107871,182,131,7,0.0534351145038168,0.0384615384615385,"REAC:R-HSA-2454202","REAC","Fc epsilon receptor (FCERI) signaling",11004,946
"1339","magenta",TRUE,0.0495568201641571,11,131,2,0.0152671755725191,0.181818181818182,"REAC:R-HSA-1236977","REAC","Endosomal/Vacuolar pathway",11004,849
"1340","magenta",TRUE,0.0495568201641571,11,131,2,0.0152671755725191,0.181818181818182,"REAC:R-HSA-210990","REAC","PECAM1 interactions",11004,1676
"1341","magenta",TRUE,0.0495568201641571,11,131,2,0.0152671755725191,0.181818181818182,"REAC:R-HSA-389359","REAC","CD28 dependent Vav1 pathway",11004,270
"1342","magenta",TRUE,0.0495568201641571,101,131,5,0.0381679389312977,0.0495049504950495,"REAC:R-HSA-977606","REAC","Regulation of Complement cascade",11004,1987
"1343","magenta",TRUE,0.00025423159910315,6226,177,89,0.502824858757062,0.0142948923867652,"TF:M01808_1","TF","Factor: NMYC; motif: CAYCTG; match class: 1",20092,6075
"1344","magenta",TRUE,0.00025423159910315,4294,177,69,0.389830508474576,0.0160689333954355,"TF:M01172","TF","Factor: PU.1; motif: NNNNYYYACTTCCTCTTTY",20092,7230
"1345","magenta",TRUE,0.000273067225373817,2428,177,47,0.265536723163842,0.0193574958813839,"TF:M10073","TF","Factor: PU.1; motif: NRAAAGAGGAAGTGRNN",20092,8168
"1346","magenta",TRUE,0.000751626962610053,790,177,23,0.129943502824859,0.0291139240506329,"TF:M01204","TF","Factor: Spi-B; motif: AAAAWGMGGAAGTWNSN",20092,8174
"1347","magenta",TRUE,0.000751626962610053,2150,177,42,0.23728813559322,0.0195348837209302,"TF:M09725_1","TF","Factor: DREF; motif: CTYYCWCTTCCY; match class: 1",20092,1409
"1348","magenta",TRUE,0.000801343059612611,5120,177,75,0.423728813559322,0.0146484375,"TF:M09964","TF","Factor: JunD; motif: NRTGAGTCAYN",20092,4640
"1349","magenta",TRUE,0.000815336340151592,3368,177,56,0.31638418079096,0.0166270783847981,"TF:M00746","TF","Factor: Elf-1; motif: RNWMBAGGAART",20092,1770
"1350","magenta",TRUE,0.00107753943403951,2547,177,46,0.259887005649718,0.0180604632901453,"TF:M09659","TF","Factor: PU.1; motif: NRAAAGAGGAAGTGARA",20092,8166
"1351","magenta",TRUE,0.00372981917315787,2346,177,42,0.23728813559322,0.0179028132992327,"TF:M12497","TF","Factor: SPI1; motif: NNNAAAGAGGAAGTGANNNN",20092,8170
"1352","magenta",TRUE,0.00372981917315787,1627,177,33,0.186440677966102,0.0202827289489859,"TF:M10074","TF","Factor: Spi-B; motif: NRAAAGAGGAAGTGARA",20092,8180
"1353","magenta",TRUE,0.00476634131757802,2214,177,40,0.225988700564972,0.01806684733514,"TF:M03994","TF","Factor: SPI1; motif: AAAAAGCGGAAGTW",20092,8162
"1354","magenta",TRUE,0.00541885946615174,389,177,14,0.0790960451977401,0.0359897172236504,"TF:M12544_1","TF","Factor: ELF3; motif: NNCCACTTCCTGNN; match class: 1",20092,1811
"1355","magenta",TRUE,0.00541885946615174,3924,177,59,0.333333333333333,0.0150356778797146,"TF:M12589","TF","Factor: JUN; motif: NRTGACTCA",20092,4674
"1356","magenta",TRUE,0.0087592014404414,4183,177,61,0.344632768361582,0.0145828352856801,"TF:M09615","TF","Factor: Fra-1; motif: NRTGACTCATN",20092,2566
"1357","magenta",TRUE,0.01134218365282,1144,177,25,0.141242937853107,0.0218531468531469,"TF:M11618","TF","Factor: Sox-14; motif: NNNACAATGN",20092,7906
"1358","magenta",TRUE,0.01134218365282,3211,177,50,0.282485875706215,0.0155714730613516,"TF:M11211","TF","Factor: AP-4; motif: ANCATATGNT",20092,8868
"1359","magenta",TRUE,0.0165269918034532,4325,177,61,0.344632768361582,0.0141040462427746,"TF:M02280","TF","Factor: AP1; motif: TGACTCA",20092,112
"1360","magenta",TRUE,0.0165269918034532,2847,177,45,0.254237288135593,0.0158061116965227,"TF:M00924","TF","Factor: AP-1; motif: TGACTCANNSKN",20092,118
"1361","magenta",TRUE,0.0165269918034532,5416,177,72,0.406779661016949,0.0132939438700148,"TF:M08944","TF","Factor: JUNB:C-JUN; motif: NATGACKCAT",20092,4606
"1362","magenta",TRUE,0.0165269918034532,4323,177,61,0.344632768361582,0.0141105713624798,"TF:M03551","TF","Factor: JunB; motif: TGACTCAN",20092,4624
"1363","magenta",TRUE,0.0165269918034532,2668,177,43,0.242937853107345,0.0161169415292354,"TF:M01203","TF","Factor: SPI1; motif: NNAAWGNGGAASTNNNN",20092,8156
"1364","magenta",TRUE,0.0165269918034532,4911,177,67,0.378531073446328,0.0136428425982488,"TF:M00199","TF","Factor: AP-1; motif: NTGASTCAG",20092,114
"1365","magenta",TRUE,0.0165269918034532,4337,177,61,0.344632768361582,0.0140650219045423,"TF:M00199_1","TF","Factor: AP-1; motif: NTGASTCAG; match class: 1",20092,115
"1366","magenta",TRUE,0.0193391319214565,4560,177,63,0.355932203389831,0.0138157894736842,"TF:M09965","TF","Factor: c-Jun; motif: NRTGAGTCAYN",20092,4664
"1367","magenta",TRUE,0.0223426617347614,2540,177,41,0.231638418079096,0.0161417322834646,"TF:M11374","TF","Factor: Spi-B; motif: NAWGRGGAAGTR",20092,8182
"1368","magenta",TRUE,0.0227101106554381,4407,177,61,0.344632768361582,0.0138416156115271,"TF:M09923","TF","Factor: Fra-2; motif: NNRTGAGTCAYN",20092,2942
"1369","magenta",TRUE,0.0227101106554381,6224,177,79,0.446327683615819,0.0126928020565553,"TF:M08928","TF","Factor: FOSB:JUND; motif: NNTNACTNATN",20092,2550
"1370","magenta",TRUE,0.0227101106554381,3734,177,54,0.305084745762712,0.0144617032672737,"TF:M11209","TF","Factor: AP-4; motif: ANCATATGNT",20092,8864
"1371","magenta",TRUE,0.0235111968343618,161,177,8,0.0451977401129944,0.0496894409937888,"TF:M12497_1","TF","Factor: SPI1; motif: NNNAAAGAGGAAGTGANNNN; match class: 1",20092,8171
"1372","magenta",TRUE,0.0237263727875269,4164,177,58,0.327683615819209,0.0139289145052834,"TF:M01888","TF","Factor: Smad3; motif: NGNCAGACASNNN",20092,7804
"1373","magenta",TRUE,0.0237263727875269,9192,177,106,0.598870056497175,0.0115317667536989,"TF:M03580_1","TF","Factor: Smad2; motif: AGACAN; match class: 1",20092,7799
"1374","magenta",TRUE,0.0237263727875269,4651,177,63,0.355932203389831,0.0135454740915932,"TF:M09922","TF","Factor: Fra-1; motif: NNNTGAGTCAYN",20092,2568
"1375","magenta",TRUE,0.0237263727875269,7739,177,93,0.525423728813559,0.0120170564672438,"TF:M09725","TF","Factor: DREF; motif: CTYYCWCTTCCY",20092,1408
"1376","magenta",TRUE,0.0237263727875269,3589,177,52,0.293785310734463,0.0144887155196434,"TF:M03869","TF","Factor: Fra-1; motif: TGACTCAN",20092,2936
"1377","magenta",TRUE,0.0237263727875269,13301,177,140,0.790960451977401,0.0105255243966619,"TF:M03813","TF","Factor: BRN1; motif: HAATGCN",20092,614
"1378","magenta",TRUE,0.0237263727875269,674,177,17,0.096045197740113,0.0252225519287834,"TF:M00701_1","TF","Factor: SMAD3; motif: TGTCTGTCT; match class: 1",20092,7803
"1379","magenta",TRUE,0.025379690552985,494,177,14,0.0790960451977401,0.0283400809716599,"TF:M00495","TF","Factor: Bach1; motif: NNSATGAGTCATGNT",20092,390
"1380","magenta",TRUE,0.026022981069014,3519,177,51,0.288135593220339,0.0144927536231884,"TF:M07379","TF","Factor: c-Ets-2; motif: NNCTTCCTNNN",20092,2240
"1381","magenta",TRUE,0.0288536102226269,10320,177,115,0.649717514124294,0.0111434108527132,"TF:M08888","TF","Factor: MAFB; motif: NTCAGCN",20092,5026
"1382","magenta",TRUE,0.0288536102226269,1287,177,25,0.141242937853107,0.0194250194250194,"TF:M09903","TF","Factor: elf5; motif: NNNANSAGGAAGTNN",20092,1832
"1383","magenta",TRUE,0.0288536102226269,5198,177,68,0.384180790960452,0.0130819545979223,"TF:M09907_1","TF","Factor: Erg; motif: NRRSAGGAAGNGG; match class: 1",20092,2081
"1384","magenta",TRUE,0.0288536102226269,1772,177,31,0.175141242937853,0.0174943566591422,"TF:M01058","TF","Factor: Gfi1b; motif: TAAATCACTGCW",20092,3260
"1385","magenta",TRUE,0.0288536102226269,2803,177,43,0.242937853107345,0.015340706386015,"TF:M11209_1","TF","Factor: AP-4; motif: ANCATATGNT; match class: 1",20092,8865
"1386","magenta",TRUE,0.0306303677957073,3562,177,51,0.288135593220339,0.0143177989893318,"TF:M02078","TF","Factor: SPI1; motif: NGRGGAAGTN",20092,8158
"1387","magenta",TRUE,0.0323986750112642,3111,177,46,0.259887005649718,0.0147862423657988,"TF:M11213_1","TF","Factor: AP-4; motif: AHCATRTGKT; match class: 1",20092,8873
"1388","magenta",TRUE,0.0323986750112642,4249,177,58,0.327683615819209,0.0136502706519181,"TF:M11213","TF","Factor: AP-4; motif: AHCATRTGKT",20092,8872
"1389","magenta",TRUE,0.0323986750112642,3298,177,48,0.271186440677966,0.0145542753183748,"TF:M11207","TF","Factor: AP-4; motif: ANCATATGNT",20092,8860
"1390","magenta",TRUE,0.0328509034177837,1157,177,23,0.129943502824859,0.0198789974070873,"TF:M00983_1","TF","Factor: MAF; motif: NGCTGAGTCAN; match class: 1",20092,5105
"1391","magenta",TRUE,0.0328509034177837,3775,177,53,0.299435028248588,0.0140397350993377,"TF:M08938","TF","Factor: C-JUN:FRA-1; motif: NNATGACTCATNN",20092,4656
"1392","magenta",TRUE,0.0334726588983117,3311,177,48,0.271186440677966,0.0144971307762005,"TF:M08936","TF","Factor: C-JUN:FOSB; motif: NATGACTCAY",20092,4654
"1393","magenta",TRUE,0.0335890210816183,1485,177,27,0.152542372881356,0.0181818181818182,"TF:M01870_1","TF","Factor: C-ets-1; motif: AGGAAGN; match class: 1",20092,841
"1394","magenta",TRUE,0.0335890210816183,1559,177,28,0.15819209039548,0.0179602309172547,"TF:M07048_1","TF","Factor: MafG; motif: CMATGACTCAGCAGA; match class: 1",20092,5085
"1395","magenta",TRUE,0.0335890210816183,1485,177,27,0.152542372881356,0.0181818181818182,"TF:M07382_1","TF","Factor: Fli-1; motif: MGGAAGT; match class: 1",20092,2547
"1396","magenta",TRUE,0.0335890210816183,1485,177,27,0.152542372881356,0.0181818181818182,"TF:M03579_1","TF","Factor: PEA3; motif: AGGAAGT; match class: 1",20092,6709
"1397","magenta",TRUE,0.0335890210816183,2497,177,39,0.220338983050847,0.0156187424909892,"TF:M03815","TF","Factor: c-Fos; motif: TGACTCAN",20092,848
"1398","magenta",TRUE,0.0335890210816183,1485,177,27,0.152542372881356,0.0181818181818182,"TF:M02278_1","TF","Factor: SPI1; motif: AGGAAGT; match class: 1",20092,8161
"1399","magenta",TRUE,0.0351996949249888,2425,177,38,0.214689265536723,0.0156701030927835,"TF:M11641","TF","Factor: Sox-30; motif: NAACAATN",20092,7954
"1400","magenta",TRUE,0.0359998094203948,10316,177,114,0.644067796610169,0.0110507948817371,"TF:M07270","TF","Factor: TEF-3; motif: GNTATTTTT",20092,8746
"1401","magenta",TRUE,0.0359998094203948,472,177,13,0.0734463276836158,0.0275423728813559,"TF:M11616","TF","Factor: Sox-3; motif: NNAACAATRN",20092,7958
"1402","magenta",TRUE,0.0359998094203948,4894,177,64,0.361581920903955,0.0130772374335922,"TF:M08933","TF","Factor: JUND:C-FOS; motif: NNATGAGTCATNN",20092,4626
"1403","magenta",TRUE,0.0377470613862852,7530,177,89,0.502824858757062,0.0118193891102258,"TF:M04802","TF","Factor: c-Fos; motif: ACTCACCA",20092,2582
"1404","magenta",TRUE,0.0377470613862852,744,177,17,0.096045197740113,0.0228494623655914,"TF:M11376","TF","Factor: Spi-B; motif: RAAWGRGGAAGTN",20092,8186
"1405","magenta",TRUE,0.0377470613862852,13133,177,137,0.774011299435028,0.0104317368461128,"TF:M01808","TF","Factor: NMYC; motif: CAYCTG",20092,6074
"1406","magenta",TRUE,0.0377470613862852,675,177,16,0.0903954802259887,0.0237037037037037,"TF:M03996","TF","Factor: SPIC; motif: NAAAAGMGGAAGTA",20092,8196
"1407","magenta",TRUE,0.0377470613862852,1842,177,31,0.175141242937853,0.0168295331161781,"TF:M11297","TF","Factor: jdp2; motif: NRTGASTCAYN",20092,4592
"1408","magenta",TRUE,0.0401634109141037,6689,177,81,0.457627118644068,0.0121094333981163,"TF:M01070","TF","Factor: c-Maf; motif: NWNNNTGCTGACKNNNNNN",20092,902
"1409","magenta",TRUE,0.0405868678705886,4049,177,55,0.310734463276836,0.0135836008891084,"TF:M12556_1","TF","Factor: ETV4; motif: NCAGGAAGNN; match class: 1",20092,2345
"1410","magenta",TRUE,0.0407517928583616,4741,177,62,0.350282485875706,0.01307740982915,"TF:M12518","TF","Factor: FOSL1; motif: NNATGACTCATNN",20092,2576
"1411","magenta",TRUE,0.0467491522304178,1455,177,26,0.146892655367232,0.0178694158075601,"TF:M00339_1","TF","Factor: c-Ets-1; motif: RCAGGAAGTGNNTNS; match class: 1",20092,2233
"1412","magenta",TRUE,0.0471907265141079,5275,177,67,0.378531073446328,0.0127014218009479,"TF:M00340","TF","Factor: c-Ets; motif: KRCAGGAARTRNKT",20092,2246
"1413","magenta",TRUE,0.0477894356152957,495,177,13,0.0734463276836158,0.0262626262626263,"TF:M11377","TF","Factor: Spi-B; motif: NAAWGNGGAAGTN",20092,8188
"1414","magenta",TRUE,0.0484923497054978,842,177,18,0.101694915254237,0.0213776722090261,"TF:M00340_1","TF","Factor: c-Ets; motif: KRCAGGAARTRNKT; match class: 1",20092,2247
"1415","magenta",TRUE,0.0495004057756454,773,177,17,0.096045197740113,0.0219922380336352,"TF:M03995","TF","Factor: SPIB; motif: NAAAAGMGGAAGTN",20092,8178
"1416","magenta",TRUE,0.0495004057756454,2771,177,41,0.231638418079096,0.0147961024900758,"TF:M00351","TF","Factor: GATA-3; motif: ANAGATMWWA",20092,3052
"1417","magenta",TRUE,3.2974795772621e-13,40,113,13,0.115044247787611,0.325,"WP:WP3937","WP","Microglia pathogen phagocytosis pathway",8752,313
"1418","magenta",TRUE,2.22429183747051e-12,60,113,14,0.123893805309735,0.233333333333333,"WP:WP3945","WP","TYROBP causal network in microglia",8752,319
"1419","magenta",TRUE,0.00146519896248726,88,113,8,0.0707964601769911,0.0909090909090909,"WP:WP2328","WP","Allograft rejection",8752,102
"1420","magenta",TRUE,0.00214366761981903,48,113,6,0.0530973451327434,0.125,"WP:WP286","WP","IL3 signaling",8752,176
"1421","magenta",TRUE,0.00340286474489215,106,113,8,0.0707964601769911,0.0754716981132075,"WP:WP5090","WP","Complement system in neuronal development and plasticity",8752,644
"1422","magenta",TRUE,0.00459721022995799,37,113,5,0.0442477876106195,0.135135135135135,"WP:WP5269","WP","Genetic causes of porto sinusoidal vascular disease",8752,746
"1423","magenta",TRUE,0.00557334947583333,9,113,3,0.0265486725663717,0.333333333333333,"WP:WP4146","WP","Macrophage markers",8752,350
"1424","magenta",TRUE,0.00557334947583333,22,113,4,0.0353982300884956,0.181818181818182,"WP:WP545","WP","Complement activation",8752,851
"1425","magenta",TRUE,0.00599894263447178,94,113,7,0.0619469026548673,0.074468085106383,"WP:WP2806","WP","Complement system",8752,158
"1426","magenta",TRUE,0.00847764019703347,26,113,4,0.0353982300884956,0.153846153846154,"WP:WP5284","WP","Cell interactions in pancreatic cancer microenvironment",8752,756
"1427","magenta",TRUE,0.021071604760459,59,113,5,0.0442477876106195,0.0847457627118644,"WP:WP3896","WP","Dengue 2 interactions with complement and coagulation cascades",8752,299
"1428","magenta",TRUE,0.021071604760459,58,113,5,0.0442477876106195,0.0862068965517241,"WP:WP558","WP","Complement and coagulation cascades",8752,906
"1429","magenta",TRUE,0.0232106057120882,165,113,8,0.0707964601769911,0.0484848484848485,"WP:WP3929","WP","Chemokine signaling",8752,306
"1430","magenta",TRUE,0.0232106057120882,128,113,7,0.0619469026548673,0.0546875,"WP:WP4217","WP","Ebola virus infection in host",8752,374
"1431","magenta",TRUE,0.0232106057120882,37,113,4,0.0353982300884956,0.108108108108108,"WP:WP127","WP","IL5 signaling",8752,8
"1432","magenta",TRUE,0.0281899951177157,40,113,4,0.0353982300884956,0.1,"WP:WP3941","WP","Oxidative damage response",8752,315
"1433","magenta",TRUE,0.0282942036444267,258,113,10,0.0884955752212389,0.0387596899224806,"WP:WP455","WP","GPCRs class A rhodopsin like",8752,470
