"","query","significant","p_value","term_size","query_size","intersection_size","precision","recall","term_id","source","term_name","effective_domain_size","source_order"
"1","midnightblue",TRUE,0.00303933353296296,3,18,2,0.111111111111111,0.666666666666667,"CORUM:6991","CORUM","ABI3-WAVE2-CYFIP1 complex",3383,2505
"2","midnightblue",TRUE,0.0192075475099974,2,18,1,0.0555555555555556,0.5,"CORUM:6705","CORUM","KCNQ1-KCNE3 complex",3383,2317
"3","midnightblue",TRUE,0.0192075475099974,2,18,1,0.0555555555555556,0.5,"CORUM:7011","CORUM","FERMT3-RACK1 complex",3383,2515
"4","midnightblue",TRUE,0.0192075475099974,2,18,1,0.0555555555555556,0.5,"CORUM:7013","CORUM","ITGB2-RACK1 complex",3383,2517
"5","midnightblue",TRUE,0.0192075475099974,2,18,1,0.0555555555555556,0.5,"CORUM:6708","CORUM","KCNQ1-KCNE4 complex",3383,2320
"6","midnightblue",TRUE,0.0192075475099974,2,18,1,0.0555555555555556,0.5,"CORUM:6704","CORUM","KCNQ1-KCNE2 complex",3383,2316
"7","midnightblue",TRUE,0.0192075475099974,2,18,1,0.0555555555555556,0.5,"CORUM:7038","CORUM","BVR-PKCD-ERK2 complex",3383,2541
"8","midnightblue",TRUE,0.0192075475099974,1,18,1,0.0555555555555556,1,"CORUM:6699","CORUM","KCNQ1 homotetramer",3383,2312
"9","midnightblue",TRUE,0.0192075475099974,2,18,1,0.0555555555555556,0.5,"CORUM:6709","CORUM","KCNQ1-KCNE5 complex",3383,2321
"10","midnightblue",TRUE,0.0192075475099974,2,18,1,0.0555555555555556,0.5,"CORUM:6927","CORUM","Robo4–paxillin complex",3383,2465
"11","midnightblue",TRUE,0.0192075475099974,2,18,1,0.0555555555555556,0.5,"CORUM:1515","CORUM","IL4-IL4R-IL2RG complex",3383,770
"12","midnightblue",TRUE,0.0192075475099974,2,18,1,0.0555555555555556,0.5,"CORUM:5654","CORUM","SEMA4A-PlexinD1 complex",3383,1758
"13","midnightblue",TRUE,0.0192075475099974,1,18,1,0.0555555555555556,1,"CORUM:1957","CORUM","DAP12 signaling homodimer complex",3383,862
"14","midnightblue",TRUE,0.0192075475099974,1,18,1,0.0555555555555556,1,"CORUM:2019","CORUM","IL12A-IL12B-IL12RB1 complex",3383,888
"15","midnightblue",TRUE,0.0192075475099974,2,18,1,0.0555555555555556,0.5,"CORUM:3121","CORUM","OCT2-TLE4 complex",3383,1407
"16","midnightblue",TRUE,0.0192075475099974,2,18,1,0.0555555555555556,0.5,"CORUM:3045","CORUM","hs4 enhancer complex (faster migrating complex)",3383,1355
"17","midnightblue",TRUE,0.0192075475099974,2,18,1,0.0555555555555556,0.5,"CORUM:2020","CORUM","IL12B-IL12RB1-IL12RB2 complex",3383,889
"18","midnightblue",TRUE,0.0192075475099974,2,18,1,0.0555555555555556,0.5,"CORUM:2026","CORUM","IL12RB1-IL12RB2 complex",3383,892
"19","midnightblue",TRUE,0.0192075475099974,2,18,1,0.0555555555555556,0.5,"CORUM:2294","CORUM","ABI1-WASF2 complex",3383,973
"20","midnightblue",TRUE,0.0192075475099974,2,18,1,0.0555555555555556,0.5,"CORUM:5658","CORUM","Nrp1-PlexinD1 complex",3383,1761
"21","midnightblue",TRUE,0.0192075475099974,2,18,1,0.0555555555555556,0.5,"CORUM:2153","CORUM","ITGAM-ITGB2-CD11 complex",3383,918
"22","midnightblue",TRUE,0.0208109682689125,3,18,1,0.0555555555555556,0.333333333333333,"CORUM:2511","CORUM","CRKL-WIPF1-WAS complex",3383,1070
"23","midnightblue",TRUE,0.0208109682689125,3,18,1,0.0555555555555556,0.333333333333333,"CORUM:2378","CORUM","ITGA2b-ITGB3-TLN1 complex",3383,1011
"24","midnightblue",TRUE,0.0208109682689125,3,18,1,0.0555555555555556,0.333333333333333,"CORUM:2487","CORUM","GIPC1-NTRK1-RGS19 complex",3383,1067
"25","midnightblue",TRUE,0.0208109682689125,3,18,1,0.0555555555555556,0.333333333333333,"CORUM:6937","CORUM","ARHGEF2-MAPK1-MAPK3-PXN complex",3383,2474
"26","midnightblue",TRUE,0.0208109682689125,3,18,1,0.0555555555555556,0.333333333333333,"CORUM:520","CORUM","KCNQ1 macromolecular complex",3383,291
"27","midnightblue",TRUE,0.0208109682689125,3,18,1,0.0555555555555556,0.333333333333333,"CORUM:6213","CORUM","DOCK8-WIP-WASp complex",3383,1978
"28","midnightblue",TRUE,0.0208109682689125,3,18,1,0.0555555555555556,0.333333333333333,"CORUM:6248","CORUM","FBXW7-CSF3R-GSK3B complex",3383,2003
"29","midnightblue",TRUE,0.0208109682689125,3,18,1,0.0555555555555556,0.333333333333333,"CORUM:5659","CORUM","SEMA3C-PlexinD1-Nrp1 complex",3383,1762
"30","midnightblue",TRUE,0.0258926110353349,4,18,1,0.0555555555555556,0.25,"CORUM:2510","CORUM","ZAP70-CRKL-WIPF1-WAS complex",3383,1069
"31","midnightblue",TRUE,0.0258926110353349,4,18,1,0.0555555555555556,0.25,"CORUM:6990","CORUM","THSD1-FAK-talin-vinculin complex",3383,2504
"32","midnightblue",TRUE,0.0312756828608927,5,18,1,0.0555555555555556,0.2,"CORUM:186","CORUM","Wave-2 complex",3383,93
"33","midnightblue",TRUE,0.036302289513278,6,18,1,0.0555555555555556,0.166666666666667,"CORUM:486","CORUM","WIP-WASp-actin-myosin-IIa complex",3383,278
"34","midnightblue",TRUE,0.0398324792561306,7,18,1,0.0555555555555556,0.142857142857143,"CORUM:5177","CORUM","Polycystin-1 multiprotein complex (ACTN1, CDH1, SRC, JUP, VCL, CTNNB1, PXN, BCAR1, PKD1, PTK2, TLN1)",3383,1572
"35","midnightblue",TRUE,0.0398324792561306,7,18,1,0.0555555555555556,0.142857142857143,"CORUM:27","CORUM","Arp2/3 protein complex",3383,12
"36","midnightblue",TRUE,7.03550646726241e-18,2871,131,63,0.480916030534351,0.0219435736677116,"GO:0002376","GO:BP","immune system process",21026,904
"37","midnightblue",TRUE,4.58247958476274e-17,980,131,38,0.290076335877863,0.0387755102040816,"GO:0045321","GO:BP","leukocyte activation",21026,11194
"38","midnightblue",TRUE,4.95563103155101e-17,814,131,35,0.267175572519084,0.042997542997543,"GO:0046649","GO:BP","lymphocyte activation",21026,12121
"39","midnightblue",TRUE,5.04075044627974e-17,1132,131,40,0.305343511450382,0.0353356890459364,"GO:0001775","GO:BP","cell activation",21026,438
"40","midnightblue",TRUE,6.54363556247099e-15,8999,131,104,0.793893129770992,0.0115568396488499,"GO:0050896","GO:BP","response to stimulus",21026,13167
"41","midnightblue",TRUE,1.37775536005534e-14,582,131,28,0.213740458015267,0.0481099656357388,"GO:0042110","GO:BP","T cell activation",21026,9879
"42","midnightblue",TRUE,4.22158482576573e-14,509,131,26,0.198473282442748,0.0510805500982318,"GO:0051249","GO:BP","regulation of lymphocyte activation",21026,13414
"43","midnightblue",TRUE,4.22158482576573e-14,415,131,24,0.183206106870229,0.0578313253012048,"GO:0007159","GO:BP","leukocyte cell-cell adhesion",21026,2710
"44","midnightblue",TRUE,6.85922648031584e-14,1581,131,42,0.320610687022901,0.0265654648956357,"GO:0002682","GO:BP","regulation of immune system process",21026,1198
"45","midnightblue",TRUE,6.0642504486033e-13,576,131,26,0.198473282442748,0.0451388888888889,"GO:0002694","GO:BP","regulation of leukocyte activation",21026,1210
"46","midnightblue",TRUE,1.11954444455213e-12,2070,131,46,0.351145038167939,0.0222222222222222,"GO:0006955","GO:BP","immune response",21026,2575
"47","midnightblue",TRUE,1.53298344355627e-12,976,131,32,0.244274809160305,0.0327868852459016,"GO:0030097","GO:BP","hemopoiesis",21026,6642
"48","midnightblue",TRUE,2.54780288113621e-12,319,131,20,0.152671755725191,0.0626959247648903,"GO:0032943","GO:BP","mononuclear cell proliferation",21026,7871
"49","midnightblue",TRUE,2.82649811444297e-12,1530,131,39,0.297709923664122,0.0254901960784314,"GO:0007155","GO:BP","cell adhesion",21026,2706
"50","midnightblue",TRUE,3.60282444341832e-12,632,131,26,0.198473282442748,0.0411392405063291,"GO:0050865","GO:BP","regulation of cell activation",21026,13141
"51","midnightblue",TRUE,4.44712208056082e-12,2956,131,54,0.412213740458015,0.0182679296346414,"GO:0051239","GO:BP","regulation of multicellular organismal process",21026,13407
"52","midnightblue",TRUE,4.5532073071998e-12,1099,131,33,0.251908396946565,0.0300272975432211,"GO:0002684","GO:BP","positive regulation of immune system process",21026,1200
"53","midnightblue",TRUE,7.20896430353512e-12,3993,131,63,0.480916030534351,0.0157776108189331,"GO:0048583","GO:BP","regulation of response to stimulus",21026,12687
"54","midnightblue",TRUE,1.29360865739827e-11,355,131,20,0.152671755725191,0.0563380281690141,"GO:0070661","GO:BP","leukocyte proliferation",21026,16014
"55","midnightblue",TRUE,1.29360865739827e-11,311,131,19,0.145038167938931,0.0610932475884244,"GO:0046651","GO:BP","lymphocyte proliferation",21026,12122
"56","midnightblue",TRUE,2.04500907549945e-11,237,131,17,0.129770992366412,0.0717299578059072,"GO:0050670","GO:BP","regulation of lymphocyte proliferation",21026,13033
"57","midnightblue",TRUE,2.33375272302198e-11,636,131,25,0.190839694656489,0.0393081761006289,"GO:0002521","GO:BP","leukocyte differentiation",21026,1041
"58","midnightblue",TRUE,2.41042671431217e-11,1255,131,34,0.259541984732824,0.0270916334661355,"GO:0040011","GO:BP","locomotion",21026,9808
"59","midnightblue",TRUE,2.5177591713008e-11,242,131,17,0.129770992366412,0.0702479338842975,"GO:0032944","GO:BP","regulation of mononuclear cell proliferation",21026,7872
"60","midnightblue",TRUE,3.13903979783127e-11,331,131,19,0.145038167938931,0.0574018126888218,"GO:0051251","GO:BP","positive regulation of lymphocyte activation",21026,13416
"61","midnightblue",TRUE,3.13903979783127e-11,976,131,30,0.229007633587786,0.0307377049180328,"GO:0098609","GO:BP","cell-cell adhesion",21026,18556
"62","midnightblue",TRUE,4.61018769376891e-11,387,131,20,0.152671755725191,0.0516795865633075,"GO:0050863","GO:BP","regulation of T cell activation",21026,13139
"63","midnightblue",TRUE,8.63411445043661e-11,947,131,29,0.221374045801527,0.030623020063358,"GO:0050776","GO:BP","regulation of immune response",21026,13079
"64","midnightblue",TRUE,1.0289488578224e-10,267,131,17,0.129770992366412,0.0636704119850187,"GO:0070663","GO:BP","regulation of leukocyte proliferation",21026,16016
"65","midnightblue",TRUE,1.0386357609095e-10,1667,131,38,0.290076335877863,0.0227954409118176,"GO:0051240","GO:BP","positive regulation of multicellular organismal process",21026,13408
"66","midnightblue",TRUE,1.30899936734393e-10,363,131,19,0.145038167938931,0.0523415977961433,"GO:0002696","GO:BP","positive regulation of leukocyte activation",21026,1212
"67","midnightblue",TRUE,1.63633471881118e-10,6002,131,76,0.580152671755725,0.0126624458513829,"GO:0007165","GO:BP","signal transduction",21026,2716
"68","midnightblue",TRUE,1.63633471881118e-10,277,131,17,0.129770992366412,0.0613718411552347,"GO:1903039","GO:BP","positive regulation of leukocyte cell-cell adhesion",21026,22400
"69","midnightblue",TRUE,2.04923048513522e-10,534,131,22,0.16793893129771,0.0411985018726592,"GO:1903131","GO:BP","mononuclear cell differentiation",21026,22467
"70","midnightblue",TRUE,2.25494925845057e-10,377,131,19,0.145038167938931,0.0503978779840849,"GO:1903037","GO:BP","regulation of leukocyte cell-cell adhesion",21026,22398
"71","midnightblue",TRUE,2.63759260167481e-10,381,131,19,0.145038167938931,0.0498687664041995,"GO:0050867","GO:BP","positive regulation of cell activation",21026,13143
"72","midnightblue",TRUE,2.74911439087405e-10,794,131,26,0.198473282442748,0.0327455919395466,"GO:0030155","GO:BP","regulation of cell adhesion",21026,6655
"73","midnightblue",TRUE,2.86254689831005e-10,7376,131,85,0.648854961832061,0.0115238611713666,"GO:0051716","GO:BP","cellular response to stimulus",21026,13719
"74","midnightblue",TRUE,2.91954922336277e-10,732,131,25,0.190839694656489,0.0341530054644809,"GO:0002252","GO:BP","immune effector process",21026,782
"75","midnightblue",TRUE,3.22632742459023e-10,494,131,21,0.16030534351145,0.0425101214574899,"GO:0022407","GO:BP","regulation of cell-cell adhesion",21026,6566
"76","midnightblue",TRUE,4.08425505952426e-10,254,131,16,0.122137404580153,0.062992125984252,"GO:0050870","GO:BP","positive regulation of T cell activation",21026,13146
"77","midnightblue",TRUE,4.08425505952426e-10,1853,131,39,0.297709923664122,0.0210469508904479,"GO:0006952","GO:BP","defense response",21026,2572
"78","midnightblue",TRUE,9.81439298690494e-10,6515,131,78,0.595419847328244,0.0119723714504988,"GO:0023052","GO:BP","signaling",21026,6607
"79","midnightblue",TRUE,1.1847684698857e-09,6540,131,78,0.595419847328244,0.0119266055045872,"GO:0007154","GO:BP","cell communication",21026,2705
"80","midnightblue",TRUE,1.76322296223479e-09,328,131,17,0.129770992366412,0.0518292682926829,"GO:0022409","GO:BP","positive regulation of cell-cell adhesion",21026,6568
"81","midnightblue",TRUE,2.70244046309384e-09,442,131,19,0.145038167938931,0.0429864253393665,"GO:0030098","GO:BP","lymphocyte differentiation",21026,6643
"82","midnightblue",TRUE,2.74928258824699e-09,443,131,19,0.145038167938931,0.0428893905191874,"GO:0030099","GO:BP","myeloid cell differentiation",21026,6644
"83","midnightblue",TRUE,3.0413967230466e-09,825,131,25,0.190839694656489,0.0303030303030303,"GO:0030029","GO:BP","actin filament-based process",21026,6620
"84","midnightblue",TRUE,3.0413967230466e-09,1534,131,34,0.259541984732824,0.0221642764015645,"GO:0016477","GO:BP","cell migration",21026,5204
"85","midnightblue",TRUE,4.20589019823219e-09,401,131,18,0.137404580152672,0.0448877805486284,"GO:0002697","GO:BP","regulation of immune effector process",21026,1213
"86","midnightblue",TRUE,4.98323369789908e-09,215,131,14,0.106870229007634,0.0651162790697674,"GO:0042098","GO:BP","T cell proliferation",21026,9874
"87","midnightblue",TRUE,4.9980761961361e-09,7322,131,82,0.625954198473282,0.0111991259218793,"GO:0032501","GO:BP","multicellular organismal process",21026,7557
"88","midnightblue",TRUE,8.34435779643856e-09,316,131,16,0.122137404580153,0.0506329113924051,"GO:0002366","GO:BP","leukocyte activation involved in immune response",21026,896
"89","midnightblue",TRUE,8.34435779643856e-09,729,131,23,0.175572519083969,0.0315500685871056,"GO:0030036","GO:BP","actin cytoskeleton organization",21026,6627
"90","midnightblue",TRUE,9.52107040496397e-09,481,131,19,0.145038167938931,0.0395010395010395,"GO:0002443","GO:BP","leukocyte mediated immunity",21026,964
"91","midnightblue",TRUE,9.52903423561671e-09,320,131,16,0.122137404580153,0.05,"GO:0002263","GO:BP","cell activation involved in immune response",21026,793
"92","midnightblue",TRUE,9.52903423561671e-09,1793,131,36,0.274809160305344,0.0200780814277747,"GO:0048870","GO:BP","cell motility",21026,12944
"93","midnightblue",TRUE,1.12453987691502e-08,152,131,12,0.0916030534351145,0.0789473684210526,"GO:0032675","GO:BP","regulation of interleukin-6 production",21026,7666
"94","midnightblue",TRUE,1.12453987691502e-08,152,131,12,0.0916030534351145,0.0789473684210526,"GO:0032635","GO:BP","interleukin-6 production",21026,7627
"95","midnightblue",TRUE,1.34717064331437e-08,193,131,13,0.099236641221374,0.0673575129533679,"GO:1902107","GO:BP","positive regulation of leukocyte differentiation",21026,21733
"96","midnightblue",TRUE,1.34717064331437e-08,193,131,13,0.099236641221374,0.0673575129533679,"GO:1903708","GO:BP","positive regulation of hemopoiesis",21026,22882
"97","midnightblue",TRUE,1.37469505423424e-08,330,131,16,0.122137404580153,0.0484848484848485,"GO:1902105","GO:BP","regulation of leukocyte differentiation",21026,21731
"98","midnightblue",TRUE,1.71951349194511e-08,286,131,15,0.114503816793893,0.0524475524475524,"GO:0042113","GO:BP","B cell activation",21026,9880
"99","midnightblue",TRUE,1.7971015502576e-08,241,131,14,0.106870229007634,0.0580912863070539,"GO:0006909","GO:BP","phagocytosis",21026,2548
"100","midnightblue",TRUE,1.82697091107971e-08,505,131,19,0.145038167938931,0.0376237623762376,"GO:0007264","GO:BP","small GTPase-mediated signal transduction",21026,2778
"101","midnightblue",TRUE,2.42904690984426e-08,164,131,12,0.0916030534351145,0.0731707317073171,"GO:0051250","GO:BP","negative regulation of lymphocyte activation",21026,13415
"102","midnightblue",TRUE,2.58021086299877e-08,781,131,23,0.175572519083969,0.029449423815621,"GO:0001817","GO:BP","regulation of cytokine production",21026,472
"103","midnightblue",TRUE,2.64543753206157e-08,458,131,18,0.137404580152672,0.0393013100436681,"GO:0010720","GO:BP","positive regulation of cell development",21026,4329
"104","midnightblue",TRUE,2.69241478694141e-08,402,131,17,0.129770992366412,0.0422885572139304,"GO:0050900","GO:BP","leukocyte migration",21026,13170
"105","midnightblue",TRUE,2.86379676255568e-08,787,131,23,0.175572519083969,0.0292249047013977,"GO:0001816","GO:BP","cytokine production",21026,471
"106","midnightblue",TRUE,3.33503808040036e-08,133,131,11,0.083969465648855,0.0827067669172932,"GO:0050864","GO:BP","regulation of B cell activation",21026,13140
"107","midnightblue",TRUE,3.34398003161451e-08,255,131,14,0.106870229007634,0.0549019607843137,"GO:0002703","GO:BP","regulation of leukocyte mediated immunity",21026,1219
"108","midnightblue",TRUE,3.36084086360716e-08,467,131,18,0.137404580152672,0.0385438972162741,"GO:0006935","GO:BP","chemotaxis",21026,2563
"109","midnightblue",TRUE,3.42423464643065e-08,1022,131,26,0.198473282442748,0.025440313111546,"GO:2000145","GO:BP","regulation of cell motility",21026,25054
"110","midnightblue",TRUE,3.50141092754012e-08,469,131,18,0.137404580152672,0.0383795309168444,"GO:0042330","GO:BP","taxis",21026,10003
"111","midnightblue",TRUE,4.28068745312571e-08,137,131,11,0.083969465648855,0.0802919708029197,"GO:0045621","GO:BP","positive regulation of lymphocyte differentiation",21026,11310
"112","midnightblue",TRUE,4.33570166482659e-08,2415,131,41,0.312977099236641,0.0169772256728778,"GO:0009605","GO:BP","response to external stimulus",21026,3519
"113","midnightblue",TRUE,4.51358879560496e-08,960,131,25,0.190839694656489,0.0260416666666667,"GO:0030334","GO:BP","regulation of cell migration",21026,6743
"114","midnightblue",TRUE,5.44415112004306e-08,425,131,17,0.129770992366412,0.04,"GO:1903706","GO:BP","regulation of hemopoiesis",21026,22880
"115","midnightblue",TRUE,5.44415112004306e-08,221,131,13,0.099236641221374,0.0588235294117647,"GO:0045619","GO:BP","regulation of lymphocyte differentiation",21026,11308
"116","midnightblue",TRUE,6.07569051951456e-08,488,131,18,0.137404580152672,0.0368852459016393,"GO:0045785","GO:BP","positive regulation of cell adhesion",21026,11455
"117","midnightblue",TRUE,6.07569051951456e-08,181,131,12,0.0916030534351145,0.0662983425414365,"GO:0042129","GO:BP","regulation of T cell proliferation",21026,9892
"118","midnightblue",TRUE,6.07569051951456e-08,2876,131,45,0.343511450381679,0.0156467315716273,"GO:0048468","GO:BP","cell development",21026,12602
"119","midnightblue",TRUE,7.05919578907101e-08,760,131,22,0.16793893129771,0.0289473684210526,"GO:0050778","GO:BP","positive regulation of immune response",21026,13081
"120","midnightblue",TRUE,7.39215078979495e-08,1067,131,26,0.198473282442748,0.0243673851921275,"GO:0040012","GO:BP","regulation of locomotion",21026,9809
"121","midnightblue",TRUE,1.0072231439543e-07,190,131,12,0.0916030534351145,0.0631578947368421,"GO:0002695","GO:BP","negative regulation of leukocyte activation",21026,1211
"122","midnightblue",TRUE,1.54721858568122e-07,88,131,9,0.0687022900763359,0.102272727272727,"GO:0050672","GO:BP","negative regulation of lymphocyte proliferation",21026,13035
"123","midnightblue",TRUE,1.64474253407236e-07,244,131,13,0.099236641221374,0.0532786885245902,"GO:0002274","GO:BP","myeloid leukocyte activation",21026,804
"124","midnightblue",TRUE,1.70167374719005e-07,2331,131,39,0.297709923664122,0.0167310167310167,"GO:0048584","GO:BP","positive regulation of response to stimulus",21026,12688
"125","midnightblue",TRUE,1.7138091331612e-07,12336,131,108,0.824427480916031,0.00875486381322957,"GO:0050789","GO:BP","regulation of biological process",21026,13086
"126","midnightblue",TRUE,1.80942938369763e-07,90,131,9,0.0687022900763359,0.1,"GO:0032945","GO:BP","negative regulation of mononuclear cell proliferation",21026,7873
"127","midnightblue",TRUE,1.83183293452026e-07,12743,131,110,0.83969465648855,0.00863219022208271,"GO:0065007","GO:BP","biological regulation",21026,15666
"128","midnightblue",TRUE,2.6440987734962e-07,166,131,11,0.083969465648855,0.0662650602409639,"GO:0032640","GO:BP","tumor necrosis factor production",21026,7632
"129","midnightblue",TRUE,2.6440987734962e-07,166,131,11,0.083969465648855,0.0662650602409639,"GO:0032680","GO:BP","regulation of tumor necrosis factor production",21026,7671
"130","midnightblue",TRUE,3.14047051186825e-07,212,131,12,0.0916030534351145,0.0566037735849057,"GO:0050866","GO:BP","negative regulation of cell activation",21026,13142
"131","midnightblue",TRUE,3.34595390766309e-07,97,131,9,0.0687022900763359,0.0927835051546392,"GO:0070664","GO:BP","negative regulation of leukocyte proliferation",21026,16017
"132","midnightblue",TRUE,3.45886912030128e-07,171,131,11,0.083969465648855,0.064327485380117,"GO:0071706","GO:BP","tumor necrosis factor superfamily cytokine production",21026,16639
"133","midnightblue",TRUE,3.45886912030128e-07,171,131,11,0.083969465648855,0.064327485380117,"GO:1903555","GO:BP","regulation of tumor necrosis factor superfamily cytokine production",21026,22771
"134","midnightblue",TRUE,4.12325221177575e-07,494,131,17,0.129770992366412,0.034412955465587,"GO:0001819","GO:BP","positive regulation of cytokine production",21026,474
"135","midnightblue",TRUE,4.22008842933337e-07,319,131,14,0.106870229007634,0.0438871473354232,"GO:0030217","GO:BP","T cell differentiation",21026,6688
"136","midnightblue",TRUE,4.22008842933337e-07,847,131,22,0.16793893129771,0.025974025974026,"GO:0060284","GO:BP","regulation of cell development",21026,14292
"137","midnightblue",TRUE,4.44430803419308e-07,1912,131,34,0.259541984732824,0.0177824267782427,"GO:0141124","GO:BP","intracellular signaling cassette",21026,19772
"138","midnightblue",TRUE,5.66025749098367e-07,862,131,22,0.16793893129771,0.0255220417633411,"GO:0006954","GO:BP","inflammatory response",21026,2574
"139","midnightblue",TRUE,7.67889251658563e-07,1759,131,32,0.244274809160305,0.0181921546333144,"GO:0044419","GO:BP","biological process involved in interspecies interaction between organisms",21026,10892
"140","midnightblue",TRUE,9.12094261258729e-07,2819,131,42,0.320610687022901,0.0148989003192621,"GO:0007166","GO:BP","cell surface receptor signaling pathway",21026,2717
"141","midnightblue",TRUE,9.50145313701063e-07,461,131,16,0.122137404580153,0.03470715835141,"GO:0007015","GO:BP","actin filament organization",21026,2611
"142","midnightblue",TRUE,1.24571878265426e-06,1418,131,28,0.213740458015267,0.0197461212976023,"GO:2000026","GO:BP","regulation of multicellular organismal development",21026,24952
"143","midnightblue",TRUE,1.32729567798633e-06,11946,131,104,0.793893129770992,0.00870584295998661,"GO:0050794","GO:BP","regulation of cellular process",21026,13090
"144","midnightblue",TRUE,1.75901315242872e-06,922,131,22,0.16793893129771,0.0238611713665944,"GO:0098657","GO:BP","import into cell",21026,18564
"145","midnightblue",TRUE,2.03587476690284e-06,121,131,9,0.0687022900763359,0.0743801652892562,"GO:0045582","GO:BP","positive regulation of T cell differentiation",21026,11271
"146","midnightblue",TRUE,2.75930450108979e-06,6264,131,68,0.519083969465649,0.0108556832694764,"GO:0048518","GO:BP","positive regulation of biological process",21026,12634
"147","midnightblue",TRUE,3.00347798026484e-06,264,131,12,0.0916030534351145,0.0454545454545455,"GO:0002699","GO:BP","positive regulation of immune effector process",21026,1215
"148","midnightblue",TRUE,3.44264142251482e-06,879,131,21,0.16030534351145,0.0238907849829352,"GO:0045597","GO:BP","positive regulation of cell differentiation",21026,11286
"149","midnightblue",TRUE,3.44264142251482e-06,1685,131,30,0.229007633587786,0.0178041543026706,"GO:0042127","GO:BP","regulation of cell population proliferation",21026,9890
"150","midnightblue",TRUE,3.45440336442678e-06,323,131,13,0.099236641221374,0.0402476780185759,"GO:0060326","GO:BP","cell chemotaxis",21026,14329
"151","midnightblue",TRUE,3.50280456761667e-06,2965,131,42,0.320610687022901,0.0141652613827993,"GO:0035556","GO:BP","intracellular signal transduction",21026,9022
"152","midnightblue",TRUE,3.80144178446776e-06,131,131,9,0.0687022900763359,0.0687022900763359,"GO:0050868","GO:BP","negative regulation of T cell activation",21026,13144
"153","midnightblue",TRUE,3.89505604975449e-06,515,131,16,0.122137404580153,0.0310679611650485,"GO:0002683","GO:BP","negative regulation of immune system process",21026,1199
"154","midnightblue",TRUE,4.58223962037952e-06,332,131,13,0.099236641221374,0.0391566265060241,"GO:0048872","GO:BP","homeostasis of number of cells",21026,12946
"155","midnightblue",TRUE,4.64390196103042e-06,2015,131,33,0.251908396946565,0.0163771712158809,"GO:0008283","GO:BP","cell population proliferation",21026,3136
"156","midnightblue",TRUE,4.95433501328947e-06,98,131,8,0.0610687022900763,0.0816326530612245,"GO:0032755","GO:BP","positive regulation of interleukin-6 production",21026,7744
"157","midnightblue",TRUE,5.34955630016497e-06,41,131,6,0.0458015267175573,0.146341463414634,"GO:0042554","GO:BP","superoxide anion generation",21026,10151
"158","midnightblue",TRUE,5.82909838353752e-06,1634,131,29,0.221374045801527,0.0177478580171359,"GO:0009607","GO:BP","response to biotic stimulus",21026,3521
"159","midnightblue",TRUE,6.11243434043078e-06,101,131,8,0.0610687022900763,0.0792079207920792,"GO:0002275","GO:BP","myeloid cell activation involved in immune response",21026,805
"160","midnightblue",TRUE,6.71370926166288e-06,234,131,11,0.083969465648855,0.047008547008547,"GO:0002685","GO:BP","regulation of leukocyte migration",21026,1201
"161","midnightblue",TRUE,7.03392218807015e-06,70,131,7,0.0534351145038168,0.1,"GO:0006801","GO:BP","superoxide metabolic process",21026,2478
"162","midnightblue",TRUE,7.03392218807015e-06,142,131,9,0.0687022900763359,0.0633802816901408,"GO:1903038","GO:BP","negative regulation of leukocyte cell-cell adhesion",21026,22399
"163","midnightblue",TRUE,7.73157926258521e-06,4407,131,53,0.404580152671756,0.012026321760835,"GO:0006810","GO:BP","transport",21026,2482
"164","midnightblue",TRUE,7.88519333829982e-06,189,131,10,0.0763358778625954,0.0529100529100529,"GO:0045580","GO:BP","regulation of T cell differentiation",21026,11269
"165","midnightblue",TRUE,8.31423853998104e-06,240,131,11,0.083969465648855,0.0458333333333333,"GO:0002573","GO:BP","myeloid leukocyte differentiation",21026,1092
"166","midnightblue",TRUE,9.42307856260759e-06,193,131,10,0.0763358778625954,0.0518134715025907,"GO:0046631","GO:BP","alpha-beta T cell activation",21026,12103
"167","midnightblue",TRUE,9.92046118486647e-06,5920,131,64,0.488549618320611,0.0108108108108108,"GO:0048522","GO:BP","positive regulation of cellular process",21026,12638
"168","midnightblue",TRUE,1.06198161124508e-05,196,131,10,0.0763358778625954,0.0510204081632653,"GO:0022408","GO:BP","negative regulation of cell-cell adhesion",21026,6567
"169","midnightblue",TRUE,1.06198161124508e-05,3948,131,49,0.374045801526718,0.0124113475177305,"GO:0006950","GO:BP","response to stress",21026,2571
"170","midnightblue",TRUE,1.06469719244178e-05,709,131,18,0.137404580152672,0.0253878702397743,"GO:0006897","GO:BP","endocytosis",21026,2540
"171","midnightblue",TRUE,1.06701504348438e-05,1592,131,28,0.213740458015267,0.0175879396984925,"GO:0016192","GO:BP","vesicle-mediated transport",21026,5143
"172","midnightblue",TRUE,1.06701504348438e-05,1592,131,28,0.213740458015267,0.0175879396984925,"GO:0051707","GO:BP","response to other organism",21026,13714
"173","midnightblue",TRUE,1.10033538685553e-05,1595,131,28,0.213740458015267,0.0175548589341693,"GO:0043207","GO:BP","response to external biotic stimulus",21026,10480
"174","midnightblue",TRUE,1.46278829335632e-05,2457,131,36,0.274809160305344,0.0146520146520147,"GO:0050793","GO:BP","regulation of developmental process",21026,13089
"175","midnightblue",TRUE,1.57413807334535e-05,116,131,8,0.0610687022900763,0.0689655172413793,"GO:0019882","GO:BP","antigen processing and presentation",21026,6028
"176","midnightblue",TRUE,1.66898525082976e-05,117,131,8,0.0610687022900763,0.0683760683760684,"GO:0002444","GO:BP","myeloid leukocyte mediated immunity",21026,965
"177","midnightblue",TRUE,1.75711126648154e-05,984,131,21,0.16030534351145,0.0213414634146341,"GO:0045087","GO:BP","innate immune response",21026,11116
"178","midnightblue",TRUE,1.76127233985396e-05,28,131,5,0.0381679389312977,0.178571428571429,"GO:0019886","GO:BP","antigen processing and presentation of exogenous peptide antigen via MHC class II",21026,6032
"179","midnightblue",TRUE,1.76127233985396e-05,1736,131,29,0.221374045801527,0.016705069124424,"GO:0042592","GO:BP","homeostatic process",21026,10159
"180","midnightblue",TRUE,2.02419463823355e-05,1263,131,24,0.183206106870229,0.0190023752969121,"GO:0098542","GO:BP","defense response to other organism",21026,18545
"181","midnightblue",TRUE,2.0511453877424e-05,164,131,9,0.0687022900763359,0.0548780487804878,"GO:0070665","GO:BP","positive regulation of leukocyte proliferation",21026,16018
"182","midnightblue",TRUE,2.20242275211297e-05,122,131,8,0.0610687022900763,0.0655737704918033,"GO:0046634","GO:BP","regulation of alpha-beta T cell activation",21026,12106
"183","midnightblue",TRUE,2.30012556297962e-05,85,131,7,0.0534351145038168,0.0823529411764706,"GO:0043299","GO:BP","leukocyte degranulation",21026,10511
"184","midnightblue",TRUE,2.62958726356465e-05,55,131,6,0.0458015267175573,0.109090909090909,"GO:0046638","GO:BP","positive regulation of alpha-beta T cell differentiation",21026,12110
"185","midnightblue",TRUE,3.103396058046e-05,89,131,7,0.0534351145038168,0.0786516853932584,"GO:0061515","GO:BP","myeloid cell development",21026,15300
"186","midnightblue",TRUE,3.37347923433028e-05,32,131,5,0.0381679389312977,0.15625,"GO:0002495","GO:BP","antigen processing and presentation of peptide antigen via MHC class II",21026,1016
"187","midnightblue",TRUE,3.56884756999384e-05,227,131,10,0.0763358778625954,0.0440528634361234,"GO:0002285","GO:BP","lymphocyte activation involved in immune response",21026,815
"188","midnightblue",TRUE,3.57734874650893e-05,861,131,19,0.145038167938931,0.0220673635307782,"GO:0097435","GO:BP","supramolecular fiber organization",21026,18414
"189","midnightblue",TRUE,3.87462717496157e-05,59,131,6,0.0458015267175573,0.101694915254237,"GO:0002886","GO:BP","regulation of myeloid leukocyte mediated immunity",21026,1394
"190","midnightblue",TRUE,4.02204481892535e-05,4928,131,55,0.419847328244275,0.0111607142857143,"GO:0051234","GO:BP","establishment of localization",21026,13403
"191","midnightblue",TRUE,4.06944107625962e-05,231,131,10,0.0763358778625954,0.0432900432900433,"GO:0072593","GO:BP","reactive oxygen species metabolic process",21026,17223
"192","midnightblue",TRUE,4.53294845933665e-05,3909,131,47,0.358778625954198,0.0120235354310565,"GO:0042221","GO:BP","response to chemical",21026,9956
"193","midnightblue",TRUE,4.58227042037285e-05,559,131,15,0.114503816793893,0.0268336314847943,"GO:0030335","GO:BP","positive regulation of cell migration",21026,6744
"194","midnightblue",TRUE,4.8216686470941e-05,293,131,11,0.083969465648855,0.037542662116041,"GO:0007162","GO:BP","negative regulation of cell adhesion",21026,2713
"195","midnightblue",TRUE,5.1857402655728e-05,238,131,10,0.0763358778625954,0.0420168067226891,"GO:0030595","GO:BP","leukocyte chemotaxis",21026,6824
"196","midnightblue",TRUE,5.34996446719648e-05,1343,131,24,0.183206106870229,0.0178704393149665,"GO:0051094","GO:BP","positive regulation of developmental process",21026,13316
"197","midnightblue",TRUE,5.77020917730439e-05,36,131,5,0.0381679389312977,0.138888888888889,"GO:0002504","GO:BP","antigen processing and presentation of peptide or polysaccharide antigen via MHC class II",21026,1025
"198","midnightblue",TRUE,6.53122466233326e-05,5555,131,59,0.450381679389313,0.0106210621062106,"GO:0051179","GO:BP","localization",21026,13378
"199","midnightblue",TRUE,6.53122466233326e-05,143,131,8,0.0610687022900763,0.0559440559440559,"GO:0050671","GO:BP","positive regulation of lymphocyte proliferation",21026,13034
"200","midnightblue",TRUE,6.81732544759119e-05,1082,131,21,0.16030534351145,0.0194085027726433,"GO:0140546","GO:BP","defense response to symbiont",21026,19565
"201","midnightblue",TRUE,7.0286821040427e-05,102,131,7,0.0534351145038168,0.0686274509803922,"GO:0042102","GO:BP","positive regulation of T cell proliferation",21026,9876
"202","midnightblue",TRUE,7.15141731466414e-05,194,131,9,0.0687022900763359,0.0463917525773196,"GO:0002706","GO:BP","regulation of lymphocyte mediated immunity",21026,1222
"203","midnightblue",TRUE,7.15141731466414e-05,307,131,11,0.083969465648855,0.0358306188925081,"GO:0051056","GO:BP","regulation of small GTPase mediated signal transduction",21026,13293
"204","midnightblue",TRUE,7.15141731466414e-05,1087,131,21,0.16030534351145,0.0193192272309108,"GO:0051241","GO:BP","negative regulation of multicellular organismal process",21026,13409
"205","midnightblue",TRUE,7.24843155495429e-05,38,131,5,0.0381679389312977,0.131578947368421,"GO:0002478","GO:BP","antigen processing and presentation of exogenous peptide antigen",21026,999
"206","midnightblue",TRUE,7.31168143475032e-05,146,131,8,0.0610687022900763,0.0547945205479452,"GO:0032946","GO:BP","positive regulation of mononuclear cell proliferation",21026,7874
"207","midnightblue",TRUE,7.61708363497562e-05,310,131,11,0.083969465648855,0.0354838709677419,"GO:0002429","GO:BP","immune response-activating cell surface receptor signaling pathway",21026,950
"208","midnightblue",TRUE,7.61708363497562e-05,587,131,15,0.114503816793893,0.0255536626916525,"GO:2000147","GO:BP","positive regulation of cell motility",21026,25056
"209","midnightblue",TRUE,7.63456325497356e-05,104,131,7,0.0534351145038168,0.0673076923076923,"GO:0032760","GO:BP","positive regulation of tumor necrosis factor production",21026,7749
"210","midnightblue",TRUE,7.91186818438746e-05,68,131,6,0.0458015267175573,0.0882352941176471,"GO:0048002","GO:BP","antigen processing and presentation of peptide antigen",21026,12293
"211","midnightblue",TRUE,7.9458110967489e-05,39,131,5,0.0381679389312977,0.128205128205128,"GO:0045730","GO:BP","respiratory burst",21026,11410
"212","midnightblue",TRUE,7.9458110967489e-05,39,131,5,0.0381679389312977,0.128205128205128,"GO:0010591","GO:BP","regulation of lamellipodium assembly",21026,4222
"213","midnightblue",TRUE,8.47609467020771e-05,69,131,6,0.0458015267175573,0.0869565217391304,"GO:0002704","GO:BP","negative regulation of leukocyte mediated immunity",21026,1220
"214","midnightblue",TRUE,8.974313984106e-05,381,131,12,0.0916030534351145,0.031496062992126,"GO:0002449","GO:BP","lymphocyte mediated immunity",21026,970
"215","midnightblue",TRUE,9.48920967688538e-05,108,131,7,0.0534351145038168,0.0648148148148148,"GO:1903557","GO:BP","positive regulation of tumor necrosis factor superfamily cytokine production",21026,22773
"216","midnightblue",TRUE,0.000100323802100399,603,131,15,0.114503816793893,0.0248756218905473,"GO:0040017","GO:BP","positive regulation of locomotion",21026,9814
"217","midnightblue",TRUE,0.000102989113914992,1212,131,22,0.16793893129771,0.0181518151815182,"GO:0010628","GO:BP","positive regulation of gene expression",21026,4257
"218","midnightblue",TRUE,0.000103644478359227,1607,131,26,0.198473282442748,0.0161792159303049,"GO:0051049","GO:BP","regulation of transport",21026,13286
"219","midnightblue",TRUE,0.000104855617971949,110,131,7,0.0534351145038168,0.0636363636363636,"GO:0072676","GO:BP","lymphocyte migration",21026,17260
"220","midnightblue",TRUE,0.000105285827383433,155,131,8,0.0610687022900763,0.0516129032258065,"GO:0002687","GO:BP","positive regulation of leukocyte migration",21026,1203
"221","midnightblue",TRUE,0.00010721947224742,854,131,18,0.137404580152672,0.0210772833723653,"GO:0071345","GO:BP","cellular response to cytokine stimulus",21026,16367
"222","midnightblue",TRUE,0.000116236861168231,947,131,19,0.145038167938931,0.0200633579725449,"GO:0034097","GO:BP","response to cytokine",21026,8345
"223","midnightblue",TRUE,0.000119332482196611,158,131,8,0.0610687022900763,0.0506329113924051,"GO:0030183","GO:BP","B cell differentiation",21026,6667
"224","midnightblue",TRUE,0.000120262370553916,74,131,6,0.0458015267175573,0.0810810810810811,"GO:0046635","GO:BP","positive regulation of alpha-beta T cell activation",21026,12107
"225","midnightblue",TRUE,0.000120713468743697,113,131,7,0.0534351145038168,0.0619469026548673,"GO:0001776","GO:BP","leukocyte homeostasis",21026,439
"226","midnightblue",TRUE,0.000120713468743697,43,131,5,0.0381679389312977,0.116279069767442,"GO:0042119","GO:BP","neutrophil activation",21026,9884
"227","midnightblue",TRUE,0.000124426678770517,540,131,14,0.106870229007634,0.0259259259259259,"GO:0002764","GO:BP","immune response-regulating signaling pathway",21026,1273
"228","midnightblue",TRUE,0.000133065207858864,213,131,9,0.0687022900763359,0.0422535211267606,"GO:0045637","GO:BP","regulation of myeloid cell differentiation",21026,11326
"229","midnightblue",TRUE,0.000136165515306198,76,131,6,0.0458015267175573,0.0789473684210526,"GO:0045123","GO:BP","cellular extravasation",21026,11135
"230","midnightblue",TRUE,0.000136165515306198,76,131,6,0.0458015267175573,0.0789473684210526,"GO:0072678","GO:BP","T cell migration",21026,17262
"231","midnightblue",TRUE,0.00013863154104758,962,131,19,0.145038167938931,0.0197505197505198,"GO:1901652","GO:BP","response to peptide",21026,21338
"232","midnightblue",TRUE,0.000141734418645817,5997,131,61,0.465648854961832,0.0101717525429381,"GO:0048856","GO:BP","anatomical structure development",21026,12931
"233","midnightblue",TRUE,0.000141734418645817,706,131,16,0.122137404580153,0.0226628895184136,"GO:0008285","GO:BP","negative regulation of cell population proliferation",21026,3138
"234","midnightblue",TRUE,0.000155543475598784,218,131,9,0.0687022900763359,0.0412844036697248,"GO:0051235","GO:BP","maintenance of location",21026,13404
"235","midnightblue",TRUE,0.00015920005425695,2192,131,31,0.236641221374046,0.0141423357664234,"GO:0070887","GO:BP","cellular response to chemical stimulus",21026,16130
"236","midnightblue",TRUE,0.000161593117862834,341,131,11,0.083969465648855,0.032258064516129,"GO:0002768","GO:BP","immune response-regulating cell surface receptor signaling pathway",21026,1277
"237","midnightblue",TRUE,0.000175055784163096,412,131,12,0.0916030534351145,0.029126213592233,"GO:0051051","GO:BP","negative regulation of transport",21026,13288
"238","midnightblue",TRUE,0.000176169034685126,80,131,6,0.0458015267175573,0.075,"GO:0046637","GO:BP","regulation of alpha-beta T cell differentiation",21026,12109
"239","midnightblue",TRUE,0.0001764551472087,47,131,5,0.0381679389312977,0.106382978723404,"GO:0019884","GO:BP","antigen processing and presentation of exogenous antigen",21026,6030
"240","midnightblue",TRUE,0.0001764551472087,121,131,7,0.0534351145038168,0.0578512396694215,"GO:0032609","GO:BP","type II interferon production",21026,7602
"241","midnightblue",TRUE,0.00018605630695492,809,131,17,0.129770992366412,0.0210135970333745,"GO:0031347","GO:BP","regulation of defense response",21026,7099
"242","midnightblue",TRUE,0.00018605630695492,81,131,6,0.0458015267175573,0.0740740740740741,"GO:0051279","GO:BP","regulation of release of sequestered calcium ion into cytosol",21026,13433
"243","midnightblue",TRUE,0.00019497490607,1082,131,20,0.152671755725191,0.0184842883548983,"GO:0032101","GO:BP","regulation of response to external stimulus",21026,7318
"244","midnightblue",TRUE,0.000199368713447231,1576,131,25,0.190839694656489,0.0158629441624365,"GO:0045595","GO:BP","regulation of cell differentiation",21026,11284
"245","midnightblue",TRUE,0.000199368713447231,992,131,19,0.145038167938931,0.0191532258064516,"GO:0046903","GO:BP","secretion",21026,12263
"246","midnightblue",TRUE,0.00020279593348703,227,131,9,0.0687022900763359,0.039647577092511,"GO:0071674","GO:BP","mononuclear cell migration",21026,16616
"247","midnightblue",TRUE,0.000209026930110982,49,131,5,0.0381679389312977,0.102040816326531,"GO:0043300","GO:BP","regulation of leukocyte degranulation",21026,10512
"248","midnightblue",TRUE,0.000217035579527594,24,131,4,0.0305343511450382,0.166666666666667,"GO:0045591","GO:BP","positive regulation of regulatory T cell differentiation",21026,11280
"249","midnightblue",TRUE,0.000221501891470469,84,131,6,0.0458015267175573,0.0714285714285714,"GO:2000514","GO:BP","regulation of CD4-positive, alpha-beta T cell activation",21026,25372
"250","midnightblue",TRUE,0.000229794285912218,127,131,7,0.0534351145038168,0.0551181102362205,"GO:0051209","GO:BP","release of sequestered calcium ion into cytosol",21026,13388
"251","midnightblue",TRUE,0.000229794285912218,825,131,17,0.129770992366412,0.0206060606060606,"GO:0048871","GO:BP","multicellular organismal-level homeostasis",21026,12945
"252","midnightblue",TRUE,0.000233838551644904,85,131,6,0.0458015267175573,0.0705882352941176,"GO:0030593","GO:BP","neutrophil chemotaxis",21026,6823
"253","midnightblue",TRUE,0.000239621500468024,128,131,7,0.0534351145038168,0.0546875,"GO:0051283","GO:BP","negative regulation of sequestering of calcium ion",21026,13437
"254","midnightblue",TRUE,0.000245672439925947,51,131,5,0.0381679389312977,0.0980392156862745,"GO:0036230","GO:BP","granulocyte activation",21026,9421
"255","midnightblue",TRUE,0.000245672439925947,51,131,5,0.0381679389312977,0.0980392156862745,"GO:1902743","GO:BP","regulation of lamellipodium organization",21026,22164
"256","midnightblue",TRUE,0.000246562896673787,2029,131,29,0.221374045801527,0.0142927550517496,"GO:0032879","GO:BP","regulation of localization",21026,7819
"257","midnightblue",TRUE,0.000247379568030609,5834,131,59,0.450381679389313,0.0101131299280082,"GO:0048519","GO:BP","negative regulation of biological process",21026,12635
"258","midnightblue",TRUE,0.000247379568030609,129,131,7,0.0534351145038168,0.0542635658914729,"GO:0035710","GO:BP","CD4-positive, alpha-beta T cell activation",21026,9115
"259","midnightblue",TRUE,0.000257947979033099,130,131,7,0.0534351145038168,0.0538461538461538,"GO:0051282","GO:BP","regulation of sequestering of calcium ion",21026,13436
"260","midnightblue",TRUE,0.000268612742729575,181,131,8,0.0610687022900763,0.0441988950276243,"GO:0002262","GO:BP","myeloid cell homeostasis",21026,792
"261","midnightblue",TRUE,0.000274004897755915,88,131,6,0.0458015267175573,0.0681818181818182,"GO:0050871","GO:BP","positive regulation of B cell activation",21026,13147
"262","midnightblue",TRUE,0.000308462165589155,134,131,7,0.0534351145038168,0.0522388059701493,"GO:0046632","GO:BP","alpha-beta T cell differentiation",21026,12104
"263","midnightblue",TRUE,0.000308462165589155,134,131,7,0.0534351145038168,0.0522388059701493,"GO:0051208","GO:BP","sequestering of calcium ion",21026,13387
"264","midnightblue",TRUE,0.000310638901673613,1320,131,22,0.16793893129771,0.0166666666666667,"GO:0016310","GO:BP","phosphorylation",21026,5173
"265","midnightblue",TRUE,0.000312179095790601,762,131,16,0.122137404580153,0.020997375328084,"GO:0002250","GO:BP","adaptive immune response",21026,780
"266","midnightblue",TRUE,0.00031418370066626,443,131,12,0.0916030534351145,0.0270880361173815,"GO:0034762","GO:BP","regulation of transmembrane transport",21026,8666
"267","midnightblue",TRUE,0.000326974950788506,244,131,9,0.0687022900763359,0.0368852459016393,"GO:0051924","GO:BP","regulation of calcium ion transport",21026,13803
"268","midnightblue",TRUE,0.000328558909075488,374,131,11,0.083969465648855,0.0294117647058824,"GO:0010959","GO:BP","regulation of metal ion transport",21026,4516
"269","midnightblue",TRUE,0.000359735642990147,5629,131,57,0.435114503816794,0.0101261325279801,"GO:0048523","GO:BP","negative regulation of cellular process",21026,12639
"270","midnightblue",TRUE,0.000376105408312457,452,131,12,0.0916030534351145,0.0265486725663717,"GO:0043269","GO:BP","regulation of monoatomic ion transport",21026,10497
"271","midnightblue",TRUE,0.000429866633768338,3034,131,37,0.282442748091603,0.0121951219512195,"GO:0009966","GO:BP","regulation of signal transduction",21026,3789
"272","midnightblue",TRUE,0.000434231137965633,4437,131,48,0.366412213740458,0.0108181203515889,"GO:0030154","GO:BP","cell differentiation",21026,6654
"273","midnightblue",TRUE,0.00043504214806422,4438,131,48,0.366412213740458,0.010815682739973,"GO:0048869","GO:BP","cellular developmental process",21026,12943
"274","midnightblue",TRUE,0.000445513335952294,143,131,7,0.0534351145038168,0.048951048951049,"GO:0001909","GO:BP","leukocyte mediated cytotoxicity",21026,524
"275","midnightblue",TRUE,0.000445513335952294,143,131,7,0.0534351145038168,0.048951048951049,"GO:0071675","GO:BP","regulation of mononuclear cell migration",21026,16617
"276","midnightblue",TRUE,0.000459289693862406,59,131,5,0.0381679389312977,0.0847457627118644,"GO:0002279","GO:BP","mast cell activation involved in immune response",21026,809
"277","midnightblue",TRUE,0.000473388447929522,198,131,8,0.0610687022900763,0.0404040404040404,"GO:0050730","GO:BP","regulation of peptidyl-tyrosine phosphorylation",21026,13058
"278","midnightblue",TRUE,0.000473388447929522,198,131,8,0.0610687022900763,0.0404040404040404,"GO:0050777","GO:BP","negative regulation of immune response",21026,13080
"279","midnightblue",TRUE,0.000483129037332684,4727,131,50,0.381679389312977,0.01057753331923,"GO:0007275","GO:BP","multicellular organism development",21026,2788
"280","midnightblue",TRUE,0.000511059766793694,11,131,3,0.0229007633587786,0.272727272727273,"GO:0002887","GO:BP","negative regulation of myeloid leukocyte mediated immunity",21026,1395
"281","midnightblue",TRUE,0.000518639835215571,547,131,13,0.099236641221374,0.0237659963436929,"GO:0001525","GO:BP","angiogenesis",21026,328
"282","midnightblue",TRUE,0.000528247913437025,2947,131,36,0.274809160305344,0.0122158126908721,"GO:0065008","GO:BP","regulation of biological quality",21026,15667
"283","midnightblue",TRUE,0.000534687399508005,202,131,8,0.0610687022900763,0.0396039603960396,"GO:0002822","GO:BP","regulation of adaptive immune response based on somatic recombination of immune receptors built from immunoglobulin superfamily domains",21026,1330
"284","midnightblue",TRUE,0.000563800369495738,62,131,5,0.0381679389312977,0.0806451612903226,"GO:0032720","GO:BP","negative regulation of tumor necrosis factor production",21026,7710
"285","midnightblue",TRUE,0.000563800369495738,62,131,5,0.0381679389312977,0.0806451612903226,"GO:0043370","GO:BP","regulation of CD4-positive, alpha-beta T cell differentiation",21026,10551
"286","midnightblue",TRUE,0.000599721370277539,1387,131,22,0.16793893129771,0.0158615717375631,"GO:0080134","GO:BP","regulation of response to stress",21026,17581
"287","midnightblue",TRUE,0.000600799284397644,103,131,6,0.0458015267175573,0.058252427184466,"GO:0043367","GO:BP","CD4-positive, alpha-beta T cell differentiation",21026,10548
"288","midnightblue",TRUE,0.000613165781211052,996,131,18,0.137404580152672,0.0180722891566265,"GO:0000902","GO:BP","cell morphogenesis",21026,238
"289","midnightblue",TRUE,0.000618768190622587,334,131,10,0.0763358778625954,0.029940119760479,"GO:0032956","GO:BP","regulation of actin cytoskeleton organization",21026,7883
"290","midnightblue",TRUE,0.000639699503338782,208,131,8,0.0610687022900763,0.0384615384615385,"GO:0051651","GO:BP","maintenance of location in cell",21026,13674
"291","midnightblue",TRUE,0.000642308136642197,64,131,5,0.0381679389312977,0.078125,"GO:1903556","GO:BP","negative regulation of tumor necrosis factor superfamily cytokine production",21026,22772
"292","midnightblue",TRUE,0.000650210104161573,3478,131,40,0.305343511450382,0.0115008625646924,"GO:0023051","GO:BP","regulation of signaling",21026,6606
"293","midnightblue",TRUE,0.000654767040672292,730,131,15,0.114503816793893,0.0205479452054795,"GO:0055082","GO:BP","intracellular chemical homeostasis",21026,14028
"294","midnightblue",TRUE,0.00065699237856432,645,131,14,0.106870229007634,0.0217054263565891,"GO:1901699","GO:BP","cellular response to nitrogen compound",21026,21370
"295","midnightblue",TRUE,0.000677562597521286,3486,131,40,0.305343511450382,0.0114744693057946,"GO:0010646","GO:BP","regulation of cell communication",21026,4275
"296","midnightblue",TRUE,0.000698966826630538,340,131,10,0.0763358778625954,0.0294117647058824,"GO:0070588","GO:BP","calcium ion transmembrane transport",21026,15965
"297","midnightblue",TRUE,0.000728344416097613,66,131,5,0.0381679389312977,0.0757575757575758,"GO:0030888","GO:BP","regulation of B cell proliferation",21026,6916
"298","midnightblue",TRUE,0.000737330188543769,157,131,7,0.0534351145038168,0.0445859872611465,"GO:0097530","GO:BP","granulocyte migration",21026,18447
"299","midnightblue",TRUE,0.000765164805544336,1953,131,27,0.206106870229008,0.0138248847926267,"GO:1902531","GO:BP","regulation of intracellular signal transduction",21026,22041
"300","midnightblue",TRUE,0.000765164805544336,831,131,16,0.122137404580153,0.0192539109506619,"GO:0022603","GO:BP","regulation of anatomical structure morphogenesis",21026,6578
"301","midnightblue",TRUE,0.000780786963213536,494,131,12,0.0916030534351145,0.0242914979757085,"GO:0002757","GO:BP","immune response-activating signaling pathway",21026,1266
"302","midnightblue",TRUE,0.000780786963213536,109,131,6,0.0458015267175573,0.055045871559633,"GO:1990266","GO:BP","neutrophil migration",21026,24693
"303","midnightblue",TRUE,0.000790650677367837,13,131,3,0.0229007633587786,0.230769230769231,"GO:0002291","GO:BP","T cell activation via T cell receptor contact with antigen bound to MHC molecule on antigen presenting cell",21026,821
"304","midnightblue",TRUE,0.000790650677367837,835,131,16,0.122137404580153,0.0191616766467066,"GO:0019725","GO:BP","cellular homeostasis",21026,5988
"305","midnightblue",TRUE,0.000790650677367837,13,131,3,0.0229007633587786,0.230769230769231,"GO:0043301","GO:BP","negative regulation of leukocyte degranulation",21026,10513
"306","midnightblue",TRUE,0.000790650677367837,13,131,3,0.0229007633587786,0.230769230769231,"GO:0002399","GO:BP","MHC class II protein complex assembly",21026,921
"307","midnightblue",TRUE,0.000790650677367837,13,131,3,0.0229007633587786,0.230769230769231,"GO:0002503","GO:BP","peptide antigen assembly with MHC class II protein complex",21026,1024
"308","midnightblue",TRUE,0.000791278498302296,35,131,4,0.0305343511450382,0.114285714285714,"GO:0045577","GO:BP","regulation of B cell differentiation",21026,11266
"309","midnightblue",TRUE,0.000793359477872441,928,131,17,0.129770992366412,0.0183189655172414,"GO:0140352","GO:BP","export from cell",21026,19493
"310","midnightblue",TRUE,0.000799055457521682,217,131,8,0.0610687022900763,0.0368663594470046,"GO:0002819","GO:BP","regulation of adaptive immune response",21026,1327
"311","midnightblue",TRUE,0.000809027622075351,1529,131,23,0.175572519083969,0.0150425114453891,"GO:0007010","GO:BP","cytoskeleton organization",21026,2609
"312","midnightblue",TRUE,0.000820690191583374,161,131,7,0.0534351145038168,0.0434782608695652,"GO:0030041","GO:BP","actin filament polymerization",21026,6629
"313","midnightblue",TRUE,0.000869974609470102,36,131,4,0.0305343511450382,0.111111111111111,"GO:0045589","GO:BP","regulation of regulatory T cell differentiation",21026,11278
"314","midnightblue",TRUE,0.000883846055756305,284,131,9,0.0687022900763359,0.0316901408450704,"GO:1904062","GO:BP","regulation of monoatomic cation transmembrane transport",21026,23146
"315","midnightblue",TRUE,0.000904784766313023,70,131,5,0.0381679389312977,0.0714285714285714,"GO:2000401","GO:BP","regulation of lymphocyte migration",21026,25273
"316","midnightblue",TRUE,0.000950414058778144,114,131,6,0.0458015267175573,0.0526315789473684,"GO:0034763","GO:BP","negative regulation of transmembrane transport",21026,8667
"317","midnightblue",TRUE,0.000956967632323933,37,131,4,0.0305343511450382,0.108108108108108,"GO:0043372","GO:BP","positive regulation of CD4-positive, alpha-beta T cell differentiation",21026,10553
"318","midnightblue",TRUE,0.00095823470593125,71,131,5,0.0381679389312977,0.0704225352112676,"GO:0030032","GO:BP","lamellipodium assembly",21026,6623
"319","midnightblue",TRUE,0.000982683554707372,854,131,16,0.122137404580153,0.0187353629976581,"GO:0032940","GO:BP","secretion by cell",21026,7869
"320","midnightblue",TRUE,0.00100404572652781,167,131,7,0.0534351145038168,0.0419161676646707,"GO:1903169","GO:BP","regulation of calcium ion transmembrane transport",21026,22480
"321","midnightblue",TRUE,0.00102476784742616,434,131,11,0.083969465648855,0.0253456221198157,"GO:0006816","GO:BP","calcium ion transport",21026,2487
"322","midnightblue",TRUE,0.00106196117546445,292,131,9,0.0687022900763359,0.0308219178082192,"GO:0001818","GO:BP","negative regulation of cytokine production",21026,473
"323","midnightblue",TRUE,0.00107180083882704,73,131,5,0.0381679389312977,0.0684931506849315,"GO:0042130","GO:BP","negative regulation of T cell proliferation",21026,9893
"324","midnightblue",TRUE,0.00107180083882704,73,131,5,0.0381679389312977,0.0684931506849315,"GO:0045576","GO:BP","mast cell activation",21026,11265
"325","midnightblue",TRUE,0.00111500674314346,118,131,6,0.0458015267175573,0.0508474576271186,"GO:0071887","GO:BP","leukocyte apoptotic process",21026,16734
"326","midnightblue",TRUE,0.00113993536628227,39,131,4,0.0305343511450382,0.102564102564103,"GO:0010712","GO:BP","regulation of collagen metabolic process",21026,4321
"327","midnightblue",TRUE,0.00113993536628227,39,131,4,0.0305343511450382,0.102564102564103,"GO:0002335","GO:BP","mature B cell differentiation",21026,865
"328","midnightblue",TRUE,0.00115709000147248,15,131,3,0.0229007633587786,0.2,"GO:0032700","GO:BP","negative regulation of interleukin-17 production",21026,7690
"329","midnightblue",TRUE,0.00119053288387513,232,131,8,0.0610687022900763,0.0344827586206897,"GO:0045055","GO:BP","regulated exocytosis",21026,11099
"330","midnightblue",TRUE,0.00119458961012914,75,131,5,0.0381679389312977,0.0666666666666667,"GO:0032729","GO:BP","positive regulation of type II interferon production",21026,7719
"331","midnightblue",TRUE,0.00119874319853968,120,131,6,0.0458015267175573,0.05,"GO:0032649","GO:BP","regulation of type II interferon production",21026,7641
"332","midnightblue",TRUE,0.00122818717385283,299,131,9,0.0687022900763359,0.0301003344481605,"GO:1901342","GO:BP","regulation of vasculature development",21026,21126
"333","midnightblue",TRUE,0.00123512976383422,40,131,4,0.0305343511450382,0.1,"GO:0045066","GO:BP","regulatory T cell differentiation",21026,11110
"334","midnightblue",TRUE,0.00135973045758606,123,131,6,0.0458015267175573,0.0487804878048781,"GO:0034341","GO:BP","response to type II interferon",21026,8516
"335","midnightblue",TRUE,0.00139123905474269,238,131,8,0.0610687022900763,0.0336134453781513,"GO:0097529","GO:BP","myeloid leukocyte migration",21026,18446
"336","midnightblue",TRUE,0.00139123905474269,376,131,10,0.0763358778625954,0.0265957446808511,"GO:0032970","GO:BP","regulation of actin filament-based process",21026,7896
"337","midnightblue",TRUE,0.00142293530036184,239,131,8,0.0610687022900763,0.0334728033472803,"GO:0018108","GO:BP","peptidyl-tyrosine phosphorylation",21026,5302
"338","midnightblue",TRUE,0.00146616671844822,125,131,6,0.0458015267175573,0.048,"GO:0002761","GO:BP","regulation of myeloid leukocyte differentiation",21026,1270
"339","midnightblue",TRUE,0.00149081645874079,308,131,9,0.0687022900763359,0.0292207792207792,"GO:2000146","GO:BP","negative regulation of cell motility",21026,25055
"340","midnightblue",TRUE,0.00149081645874079,1496,131,22,0.16793893129771,0.0147058823529412,"GO:0065009","GO:BP","regulation of molecular function",21026,15668
"341","midnightblue",TRUE,0.00149081645874079,241,131,8,0.0610687022900763,0.033195020746888,"GO:0018212","GO:BP","peptidyl-tyrosine modification",21026,5346
"342","midnightblue",TRUE,0.00151173893421333,126,131,6,0.0458015267175573,0.0476190476190476,"GO:0002698","GO:BP","negative regulation of immune effector process",21026,1214
"343","midnightblue",TRUE,0.0015342625512055,181,131,7,0.0534351145038168,0.0386740331491713,"GO:0097553","GO:BP","calcium ion transmembrane import into cytosol",21026,18457
"344","midnightblue",TRUE,0.00154954208264246,80,131,5,0.0381679389312977,0.0625,"GO:0002260","GO:BP","lymphocyte homeostasis",21026,790
"345","midnightblue",TRUE,0.00155490782460623,540,131,12,0.0916030534351145,0.0222222222222222,"GO:0002831","GO:BP","regulation of response to biotic stimulus",21026,1339
"346","midnightblue",TRUE,0.0016143953610161,17,131,3,0.0229007633587786,0.176470588235294,"GO:0030889","GO:BP","negative regulation of B cell proliferation",21026,6917
"347","midnightblue",TRUE,0.00162862331421104,6553,131,61,0.465648854961832,0.00930871356630551,"GO:0032502","GO:BP","developmental process",21026,7558
"348","midnightblue",TRUE,0.00168664883049698,129,131,6,0.0458015267175573,0.0465116279069767,"GO:0071621","GO:BP","granulocyte chemotaxis",21026,16570
"349","midnightblue",TRUE,0.00170380111710123,1199,131,19,0.145038167938931,0.0158465387823186,"GO:0048646","GO:BP","anatomical structure formation involved in morphogenesis",21026,12737
"350","midnightblue",TRUE,0.001808765945667,635,131,13,0.099236641221374,0.0204724409448819,"GO:0048514","GO:BP","blood vessel morphogenesis",21026,12632
"351","midnightblue",TRUE,0.00185095166788724,250,131,8,0.0610687022900763,0.032,"GO:0005996","GO:BP","monosaccharide metabolic process",21026,1869
"352","midnightblue",TRUE,0.0018625823574191,18,131,3,0.0229007633587786,0.166666666666667,"GO:0061621","GO:BP","canonical glycolysis",21026,15373
"353","midnightblue",TRUE,0.0018625823574191,18,131,3,0.0229007633587786,0.166666666666667,"GO:0070206","GO:BP","protein trimerization",21026,15763
"354","midnightblue",TRUE,0.0018625823574191,18,131,3,0.0229007633587786,0.166666666666667,"GO:0061718","GO:BP","glucose catabolic process to pyruvate",21026,15411
"355","midnightblue",TRUE,0.0018625823574191,18,131,3,0.0229007633587786,0.166666666666667,"GO:0002501","GO:BP","peptide antigen assembly with MHC protein complex",21026,1022
"356","midnightblue",TRUE,0.0018625823574191,18,131,3,0.0229007633587786,0.166666666666667,"GO:0002396","GO:BP","MHC protein complex assembly",21026,918
"357","midnightblue",TRUE,0.0018625823574191,18,131,3,0.0229007633587786,0.166666666666667,"GO:0045579","GO:BP","positive regulation of B cell differentiation",21026,11268
"358","midnightblue",TRUE,0.00189396811771378,394,131,10,0.0763358778625954,0.0253807106598985,"GO:0002460","GO:BP","adaptive immune response based on somatic recombination of immune receptors built from immunoglobulin superfamily domains",21026,981
"359","midnightblue",TRUE,0.0019180502016585,321,131,9,0.0687022900763359,0.0280373831775701,"GO:0034765","GO:BP","regulation of monoatomic ion transmembrane transport",21026,8669
"360","midnightblue",TRUE,0.00195120597496135,642,131,13,0.099236641221374,0.0202492211838006,"GO:0032103","GO:BP","positive regulation of response to external stimulus",21026,7320
"361","midnightblue",TRUE,0.00195861969822411,46,131,4,0.0305343511450382,0.0869565217391304,"GO:2000516","GO:BP","positive regulation of CD4-positive, alpha-beta T cell activation",21026,25374
"362","midnightblue",TRUE,0.00201282611922735,191,131,7,0.0534351145038168,0.0366492146596859,"GO:0008154","GO:BP","actin polymerization or depolymerization",21026,3113
"363","midnightblue",TRUE,0.00205566629797324,560,131,12,0.0916030534351145,0.0214285714285714,"GO:0002253","GO:BP","activation of immune response",21026,783
"364","midnightblue",TRUE,0.00205566629797324,135,131,6,0.0458015267175573,0.0444444444444444,"GO:0002286","GO:BP","T cell activation involved in immune response",21026,816
"365","midnightblue",TRUE,0.00207715893839386,561,131,12,0.0916030534351145,0.0213903743315508,"GO:0005975","GO:BP","carbohydrate metabolic process",21026,1848
"366","midnightblue",TRUE,0.00209773844559824,1987,131,26,0.198473282442748,0.0130850528434826,"GO:0012501","GO:BP","programmed cell death",21026,4551
"367","midnightblue",TRUE,0.00209958299689394,326,131,9,0.0687022900763359,0.0276073619631902,"GO:0040013","GO:BP","negative regulation of locomotion",21026,9810
"368","midnightblue",TRUE,0.00211398320398873,136,131,6,0.0458015267175573,0.0441176470588235,"GO:0030218","GO:BP","erythrocyte differentiation",21026,6689
"369","midnightblue",TRUE,0.00212265235855497,19,131,3,0.0229007633587786,0.157894736842105,"GO:0032930","GO:BP","positive regulation of superoxide anion generation",21026,7864
"370","midnightblue",TRUE,0.00213860322121702,1227,131,19,0.145038167938931,0.0154849225753871,"GO:0006468","GO:BP","protein phosphorylation",21026,2199
"371","midnightblue",TRUE,0.00213860322121702,1991,131,26,0.198473282442748,0.0130587644399799,"GO:0008219","GO:BP","cell death",21026,3132
"372","midnightblue",TRUE,0.00221730806081339,195,131,7,0.0534351145038168,0.0358974358974359,"GO:0050851","GO:BP","antigen receptor-mediated signaling pathway",21026,13127
"373","midnightblue",TRUE,0.00223095596846106,48,131,4,0.0305343511450382,0.0833333333333333,"GO:0032715","GO:BP","negative regulation of interleukin-6 production",21026,7705
"374","midnightblue",TRUE,0.00223873988076431,4,131,2,0.0152671755725191,0.5,"GO:0033007","GO:BP","negative regulation of mast cell activation involved in immune response",21026,7919
"375","midnightblue",TRUE,0.00223873988076431,4,131,2,0.0152671755725191,0.5,"GO:1904151","GO:BP","positive regulation of microglial cell mediated cytotoxicity",21026,23217
"376","midnightblue",TRUE,0.00223873988076431,4,131,2,0.0152671755725191,0.5,"GO:0003273","GO:BP","cell migration involved in endocardial cushion formation",21026,1695
"377","midnightblue",TRUE,0.002257515896423,2713,131,32,0.244274809160305,0.0117950608182823,"GO:0009653","GO:BP","anatomical structure morphogenesis",21026,3557
"378","midnightblue",TRUE,0.00230309097375567,89,131,5,0.0381679389312977,0.0561797752808989,"GO:2000106","GO:BP","regulation of leukocyte apoptotic process",21026,25020
"379","midnightblue",TRUE,0.00230309097375567,139,131,6,0.0458015267175573,0.0431654676258993,"GO:0046718","GO:BP","symbiont entry into host cell",21026,12174
"380","midnightblue",TRUE,0.00237224357095172,140,131,6,0.0458015267175573,0.0428571428571429,"GO:0008360","GO:BP","regulation of cell shape",21026,3165
"381","midnightblue",TRUE,0.00237224357095172,20,131,3,0.0229007633587786,0.15,"GO:0002888","GO:BP","positive regulation of myeloid leukocyte mediated immunity",21026,1396
"382","midnightblue",TRUE,0.00237224357095172,20,131,3,0.0229007633587786,0.15,"GO:0002283","GO:BP","neutrophil activation involved in immune response",21026,813
"383","midnightblue",TRUE,0.00237224357095172,20,131,3,0.0229007633587786,0.15,"GO:0002577","GO:BP","regulation of antigen processing and presentation",21026,1096
"384","midnightblue",TRUE,0.00237224357095172,20,131,3,0.0229007633587786,0.15,"GO:0061620","GO:BP","glycolytic process through glucose-6-phosphate",21026,15372
"385","midnightblue",TRUE,0.00237224357095172,263,131,8,0.0610687022900763,0.0304182509505703,"GO:0110053","GO:BP","regulation of actin filament organization",21026,19117
"386","midnightblue",TRUE,0.00237309004244296,90,131,5,0.0381679389312977,0.0555555555555556,"GO:0097581","GO:BP","lamellipodium organization",21026,18459
"387","midnightblue",TRUE,0.00243131087425471,141,131,6,0.0458015267175573,0.0425531914893617,"GO:0050852","GO:BP","T cell receptor signaling pathway",21026,13128
"388","midnightblue",TRUE,0.00248999553097685,50,131,4,0.0305343511450382,0.08,"GO:2000404","GO:BP","regulation of T cell migration",21026,25276
"389","midnightblue",TRUE,0.00248999553097685,50,131,4,0.0305343511450382,0.08,"GO:0046636","GO:BP","negative regulation of alpha-beta T cell activation",21026,12108
"390","midnightblue",TRUE,0.00248999553097685,50,131,4,0.0305343511450382,0.08,"GO:0043368","GO:BP","positive T cell selection",21026,10549
"391","midnightblue",TRUE,0.00249738436885761,142,131,6,0.0458015267175573,0.0422535211267606,"GO:0050731","GO:BP","positive regulation of peptidyl-tyrosine phosphorylation",21026,13059
"392","midnightblue",TRUE,0.00268517249738521,144,131,6,0.0458015267175573,0.0416666666666667,"GO:0044409","GO:BP","symbiont entry into host",21026,10889
"393","midnightblue",TRUE,0.00269347246351654,21,131,3,0.0229007633587786,0.142857142857143,"GO:0032928","GO:BP","regulation of superoxide anion generation",21026,7862
"394","midnightblue",TRUE,0.00269568030795562,1578,131,22,0.16793893129771,0.0139416983523447,"GO:0055085","GO:BP","transmembrane transport",21026,14029
"395","midnightblue",TRUE,0.00269568030795562,93,131,5,0.0381679389312977,0.0537634408602151,"GO:0001910","GO:BP","regulation of leukocyte mediated cytotoxicity",21026,525
"396","midnightblue",TRUE,0.00285088103526877,52,131,4,0.0305343511450382,0.0769230769230769,"GO:0006968","GO:BP","cellular defense response",21026,2585
"397","midnightblue",TRUE,0.00285178474056468,146,131,6,0.0458015267175573,0.0410958904109589,"GO:0050921","GO:BP","positive regulation of chemotaxis",21026,13191
"398","midnightblue",TRUE,0.00285749814019652,1923,131,25,0.190839694656489,0.0130005200208008,"GO:0006915","GO:BP","apoptotic process",21026,2553
"399","midnightblue",TRUE,0.00293487828236491,147,131,6,0.0458015267175573,0.0408163265306122,"GO:0034101","GO:BP","erythrocyte homeostasis",21026,8346
"400","midnightblue",TRUE,0.00293487828236491,95,131,5,0.0381679389312977,0.0526315789473684,"GO:0071677","GO:BP","positive regulation of mononuclear cell migration",21026,16619
"401","midnightblue",TRUE,0.00303672567486857,22,131,3,0.0229007633587786,0.136363636363636,"GO:0050855","GO:BP","regulation of B cell receptor signaling pathway",21026,13131
"402","midnightblue",TRUE,0.00306403476042924,96,131,5,0.0381679389312977,0.0520833333333333,"GO:0002690","GO:BP","positive regulation of leukocyte chemotaxis",21026,1206
"403","midnightblue",TRUE,0.00312132949404268,2407,131,29,0.221374045801527,0.0120481927710843,"GO:0006796","GO:BP","phosphate-containing compound metabolic process",21026,2474
"404","midnightblue",TRUE,0.00317847276885496,2410,131,29,0.221374045801527,0.0120331950207469,"GO:0006793","GO:BP","phosphorus metabolic process",21026,2471
"405","midnightblue",TRUE,0.00321821120868464,54,131,4,0.0305343511450382,0.0740740740740741,"GO:0006911","GO:BP","phagocytosis, engulfment",21026,2550
"406","midnightblue",TRUE,0.003383913002654,23,131,3,0.0229007633587786,0.130434782608696,"GO:0006925","GO:BP","inflammatory cell apoptotic process",21026,2556
"407","midnightblue",TRUE,0.003383913002654,23,131,3,0.0229007633587786,0.130434782608696,"GO:0035855","GO:BP","megakaryocyte development",21026,9219
"408","midnightblue",TRUE,0.003383913002654,5,131,2,0.0152671755725191,0.4,"GO:0090634","GO:BP","microglial cell mediated cytotoxicity",21026,18140
"409","midnightblue",TRUE,0.003383913002654,5,131,2,0.0152671755725191,0.4,"GO:0033006","GO:BP","regulation of mast cell activation involved in immune response",21026,7918
"410","midnightblue",TRUE,0.003383913002654,5,131,2,0.0152671755725191,0.4,"GO:0071593","GO:BP","lymphocyte aggregation",21026,16552
"411","midnightblue",TRUE,0.003383913002654,5,131,2,0.0152671755725191,0.4,"GO:1904149","GO:BP","regulation of microglial cell mediated cytotoxicity",21026,23215
"412","midnightblue",TRUE,0.00343870713981928,99,131,5,0.0381679389312977,0.0505050505050505,"GO:0050764","GO:BP","regulation of phagocytosis",21026,13067
"413","midnightblue",TRUE,0.00350771967556015,517,131,11,0.083969465648855,0.0212765957446809,"GO:0051493","GO:BP","regulation of cytoskeleton organization",21026,13562
"414","midnightblue",TRUE,0.00350771967556015,356,131,9,0.0687022900763359,0.0252808988764045,"GO:0031589","GO:BP","cell-substrate adhesion",21026,7193
"415","midnightblue",TRUE,0.00357336459283099,100,131,5,0.0381679389312977,0.05,"GO:0071346","GO:BP","cellular response to type II interferon",21026,16368
"416","midnightblue",TRUE,0.0036034515128706,154,131,6,0.0458015267175573,0.038961038961039,"GO:0002705","GO:BP","positive regulation of leukocyte mediated immunity",21026,1221
"417","midnightblue",TRUE,0.00375977058758584,24,131,3,0.0229007633587786,0.125,"GO:1903306","GO:BP","negative regulation of regulated secretory pathway",21026,22563
"418","midnightblue",TRUE,0.00375977058758584,24,131,3,0.0229007633587786,0.125,"GO:0045061","GO:BP","thymic T cell selection",21026,11105
"419","midnightblue",TRUE,0.00375977058758584,24,131,3,0.0229007633587786,0.125,"GO:0061615","GO:BP","glycolytic process through fructose-6-phosphate",21026,15369
"420","midnightblue",TRUE,0.00375977058758584,360,131,9,0.0687022900763359,0.025,"GO:0006887","GO:BP","exocytosis",21026,2532
"421","midnightblue",TRUE,0.00379793524308785,57,131,4,0.0305343511450382,0.0701754385964912,"GO:0043303","GO:BP","mast cell degranulation",21026,10515
"422","midnightblue",TRUE,0.00401962212484363,103,131,5,0.0381679389312977,0.0485436893203883,"GO:0045639","GO:BP","positive regulation of myeloid cell differentiation",21026,11328
"423","midnightblue",TRUE,0.00403879905991103,58,131,4,0.0305343511450382,0.0689655172413793,"GO:0002707","GO:BP","negative regulation of lymphocyte mediated immunity",21026,1223
"424","midnightblue",TRUE,0.00415741202976434,617,131,12,0.0916030534351145,0.0194489465153971,"GO:0051046","GO:BP","regulation of secretion",21026,13283
"425","midnightblue",TRUE,0.00416944997105637,104,131,5,0.0381679389312977,0.0480769230769231,"GO:0002709","GO:BP","regulation of T cell mediated immunity",21026,1225
"426","midnightblue",TRUE,0.00419014433207955,1101,131,17,0.129770992366412,0.0154405086285195,"GO:0035295","GO:BP","tube development",21026,8887
"427","midnightblue",TRUE,0.00422805492320921,292,131,8,0.0610687022900763,0.0273972602739726,"GO:0030336","GO:BP","negative regulation of cell migration",21026,6745
"428","midnightblue",TRUE,0.00427863420004092,160,131,6,0.0458015267175573,0.0375,"GO:0051017","GO:BP","actin filament bundle assembly",21026,13269
"429","midnightblue",TRUE,0.00430238686110894,293,131,8,0.0610687022900763,0.0273037542662116,"GO:0045765","GO:BP","regulation of angiogenesis",21026,11439
"430","midnightblue",TRUE,0.00435304147339089,449,131,10,0.0763358778625954,0.022271714922049,"GO:0045088","GO:BP","regulation of innate immune response",21026,11117
"431","midnightblue",TRUE,0.00448212864477049,60,131,4,0.0305343511450382,0.0666666666666667,"GO:0032613","GO:BP","interleukin-10 production",21026,7606
"432","midnightblue",TRUE,0.00448212864477049,60,131,4,0.0305343511450382,0.0666666666666667,"GO:0032653","GO:BP","regulation of interleukin-10 production",21026,7645
"433","midnightblue",TRUE,0.00448212864477049,60,131,4,0.0305343511450382,0.0666666666666667,"GO:0002448","GO:BP","mast cell mediated immunity",21026,969
"434","midnightblue",TRUE,0.00455596643253499,226,131,7,0.0534351145038168,0.0309734513274336,"GO:0019318","GO:BP","hexose metabolic process",21026,5651
"435","midnightblue",TRUE,0.0045950302755614,26,131,3,0.0229007633587786,0.115384615384615,"GO:0010714","GO:BP","positive regulation of collagen metabolic process",21026,4323
"436","midnightblue",TRUE,0.0045950302755614,26,131,3,0.0229007633587786,0.115384615384615,"GO:0006007","GO:BP","glucose catabolic process",21026,1880
"437","midnightblue",TRUE,0.00460240496373645,107,131,5,0.0381679389312977,0.0467289719626168,"GO:0042100","GO:BP","B cell proliferation",21026,9875
"438","midnightblue",TRUE,0.00460240496373645,163,131,6,0.0458015267175573,0.0368098159509202,"GO:0061572","GO:BP","actin filament bundle organization",21026,15349
"439","midnightblue",TRUE,0.00468555045511341,6,131,2,0.0152671755725191,0.333333333333333,"GO:0043305","GO:BP","negative regulation of mast cell degranulation",21026,10517
"440","midnightblue",TRUE,0.00485354509430965,229,131,7,0.0534351145038168,0.0305676855895196,"GO:0001906","GO:BP","cell killing",21026,522
"441","midnightblue",TRUE,0.00494191327184336,109,131,5,0.0381679389312977,0.0458715596330275,"GO:0042116","GO:BP","macrophage activation",21026,9881
"442","midnightblue",TRUE,0.00494191327184336,62,131,4,0.0305343511450382,0.0645161290322581,"GO:0002763","GO:BP","positive regulation of myeloid leukocyte differentiation",21026,1272
"443","midnightblue",TRUE,0.00494191327184336,109,131,5,0.0381679389312977,0.0458715596330275,"GO:0031341","GO:BP","regulation of cell killing",21026,7093
"444","midnightblue",TRUE,0.00494191327184336,62,131,4,0.0305343511450382,0.0645161290322581,"GO:0045010","GO:BP","actin nucleation",21026,11073
"445","midnightblue",TRUE,0.00512388922162148,110,131,5,0.0381679389312977,0.0454545454545455,"GO:0030316","GO:BP","osteoclast differentiation",21026,6730
"446","midnightblue",TRUE,0.00521346534590325,63,131,4,0.0305343511450382,0.0634920634920635,"GO:0045058","GO:BP","T cell selection",21026,11102
"447","midnightblue",TRUE,0.00521346534590325,63,131,4,0.0305343511450382,0.0634920634920635,"GO:0099024","GO:BP","plasma membrane invagination",21026,18763
"448","midnightblue",TRUE,0.00526408503780212,168,131,6,0.0458015267175573,0.0357142857142857,"GO:0051048","GO:BP","negative regulation of secretion",21026,13285
"449","midnightblue",TRUE,0.00533125396997592,732,131,13,0.099236641221374,0.0177595628415301,"GO:0001568","GO:BP","blood vessel development",21026,351
"450","midnightblue",TRUE,0.00541409606193228,383,131,9,0.0687022900763359,0.0234986945169713,"GO:1902903","GO:BP","regulation of supramolecular fiber organization",21026,22295
"451","midnightblue",TRUE,0.00546952658686961,1680,131,22,0.16793893129771,0.0130952380952381,"GO:0048585","GO:BP","negative regulation of response to stimulus",21026,12689
"452","midnightblue",TRUE,0.00551718152297074,28,131,3,0.0229007633587786,0.107142857142857,"GO:0010592","GO:BP","positive regulation of lamellipodium assembly",21026,4223
"453","midnightblue",TRUE,0.00570607174381689,171,131,6,0.0458015267175573,0.0350877192982456,"GO:0001678","GO:BP","intracellular glucose homeostasis",21026,380
"454","midnightblue",TRUE,0.00571057635469144,1462,131,20,0.152671755725191,0.0136798905608755,"GO:0042981","GO:BP","regulation of apoptotic process",21026,10372
"455","midnightblue",TRUE,0.00575733193820512,65,131,4,0.0305343511450382,0.0615384615384615,"GO:0030225","GO:BP","macrophage differentiation",21026,6696
"456","midnightblue",TRUE,0.00602483609440456,1145,131,17,0.129770992366412,0.0148471615720524,"GO:0072359","GO:BP","circulatory system development",21026,17136
"457","midnightblue",TRUE,0.00602483609440456,29,131,3,0.0229007633587786,0.103448275862069,"GO:0090322","GO:BP","regulation of superoxide metabolic process",21026,17966
"458","midnightblue",TRUE,0.00602483609440456,29,131,3,0.0229007633587786,0.103448275862069,"GO:0097186","GO:BP","amelogenesis",21026,18291
"459","midnightblue",TRUE,0.00602483609440456,390,131,9,0.0687022900763359,0.0230769230769231,"GO:0050727","GO:BP","regulation of inflammatory response",21026,13055
"460","midnightblue",TRUE,0.00610614984457453,1043,131,16,0.122137404580153,0.0153403643336529,"GO:0048878","GO:BP","chemical homeostasis",21026,12950
"461","midnightblue",TRUE,0.00616665302453587,7,131,2,0.0152671755725191,0.285714285714286,"GO:0033029","GO:BP","regulation of neutrophil apoptotic process",21026,7933
"462","midnightblue",TRUE,0.00616665302453587,7,131,2,0.0152671755725191,0.285714285714286,"GO:0030046","GO:BP","parallel actin filament bundle assembly",21026,6632
"463","midnightblue",TRUE,0.00616665302453587,7,131,2,0.0152671755725191,0.285714285714286,"GO:0032831","GO:BP","positive regulation of CD4-positive, CD25-positive, alpha-beta regulatory T cell differentiation",21026,7798
"464","midnightblue",TRUE,0.00632027355895263,67,131,4,0.0305343511450382,0.0597014925373134,"GO:0014910","GO:BP","regulation of smooth muscle cell migration",21026,4762
"465","midnightblue",TRUE,0.00634923317104984,1048,131,16,0.122137404580153,0.0152671755725191,"GO:0034220","GO:BP","monoatomic ion transmembrane transport",21026,8445
"466","midnightblue",TRUE,0.00690855238893594,954,131,15,0.114503816793893,0.0157232704402516,"GO:0008284","GO:BP","positive regulation of cell population proliferation",21026,3137
"467","midnightblue",TRUE,0.00720832848629563,31,131,3,0.0229007633587786,0.0967741935483871,"GO:0043304","GO:BP","regulation of mast cell degranulation",21026,10516
"468","midnightblue",TRUE,0.00734987034992586,70,131,4,0.0305343511450382,0.0571428571428571,"GO:2000379","GO:BP","positive regulation of reactive oxygen species metabolic process",21026,25251
"469","midnightblue",TRUE,0.00734987034992586,70,131,4,0.0305343511450382,0.0571428571428571,"GO:0010324","GO:BP","membrane invagination",21026,4045
"470","midnightblue",TRUE,0.00734987034992586,762,131,13,0.099236641221374,0.0170603674540682,"GO:0001944","GO:BP","vasculature development",21026,553
"471","midnightblue",TRUE,0.00741174241954553,121,131,5,0.0381679389312977,0.0413223140495868,"GO:1903305","GO:BP","regulation of regulated secretory pathway",21026,22562
"472","midnightblue",TRUE,0.00764679544859308,3597,131,37,0.282442748091603,0.010286349735891,"GO:0009893","GO:BP","positive regulation of metabolic process",21026,3738
"473","midnightblue",TRUE,0.00766388724240733,1282,131,18,0.137404580152672,0.0140405616224649,"GO:0006811","GO:BP","monoatomic ion transport",21026,2483
"474","midnightblue",TRUE,0.00766388724240733,2696,131,30,0.229007633587786,0.0111275964391691,"GO:0009891","GO:BP","positive regulation of biosynthetic process",21026,3736
"475","midnightblue",TRUE,0.00777401046501616,32,131,3,0.0229007633587786,0.09375,"GO:0050869","GO:BP","negative regulation of B cell activation",21026,13145
"476","midnightblue",TRUE,0.0078205818024349,1506,131,20,0.152671755725191,0.0132802124833997,"GO:0043067","GO:BP","regulation of programmed cell death",21026,10418
"477","midnightblue",TRUE,0.00785069432208551,123,131,5,0.0381679389312977,0.040650406504065,"GO:0002367","GO:BP","cytokine production involved in immune response",21026,897
"478","midnightblue",TRUE,0.00785069432208551,123,131,5,0.0381679389312977,0.040650406504065,"GO:0002718","GO:BP","regulation of cytokine production involved in immune response",21026,1234
"479","midnightblue",TRUE,0.0078581674337102,8,131,2,0.0152671755725191,0.25,"GO:0001781","GO:BP","neutrophil apoptotic process",21026,444
"480","midnightblue",TRUE,0.0078581674337102,8,131,2,0.0152671755725191,0.25,"GO:0032829","GO:BP","regulation of CD4-positive, CD25-positive, alpha-beta regulatory T cell differentiation",21026,7796
"481","midnightblue",TRUE,0.0078581674337102,8,131,2,0.0152671755725191,0.25,"GO:0043313","GO:BP","regulation of neutrophil degranulation",21026,10525
"482","midnightblue",TRUE,0.0079311823354384,72,131,4,0.0305343511450382,0.0555555555555556,"GO:0050853","GO:BP","B cell receptor signaling pathway",21026,13129
"483","midnightblue",TRUE,0.0079311823354384,72,131,4,0.0305343511450382,0.0555555555555556,"GO:0032722","GO:BP","positive regulation of chemokine production",21026,7712
"484","midnightblue",TRUE,0.00799099576418446,185,131,6,0.0458015267175573,0.0324324324324324,"GO:0051701","GO:BP","biological process involved in interaction with host",21026,13711
"485","midnightblue",TRUE,0.00799584447171059,124,131,5,0.0381679389312977,0.0403225806451613,"GO:0002688","GO:BP","regulation of leukocyte chemotaxis",21026,1204
"486","midnightblue",TRUE,0.00799584447171059,254,131,7,0.0534351145038168,0.0275590551181102,"GO:0031348","GO:BP","negative regulation of defense response",21026,7100
"487","midnightblue",TRUE,0.00816132079533215,186,131,6,0.0458015267175573,0.032258064516129,"GO:0051897","GO:BP","positive regulation of phosphatidylinositol 3-kinase/protein kinase B signal transduction",21026,13787
"488","midnightblue",TRUE,0.00866979732723732,74,131,4,0.0305343511450382,0.0540540540540541,"GO:0014909","GO:BP","smooth muscle cell migration",21026,4761
"489","midnightblue",TRUE,0.00866979732723732,879,131,14,0.106870229007634,0.0159271899886234,"GO:0035239","GO:BP","tube morphogenesis",21026,8855
"490","midnightblue",TRUE,0.00896808111406554,34,131,3,0.0229007633587786,0.0882352941176471,"GO:0006734","GO:BP","NADH metabolic process",21026,2427
"491","midnightblue",TRUE,0.00896808111406554,34,131,3,0.0229007633587786,0.0882352941176471,"GO:0032965","GO:BP","regulation of collagen biosynthetic process",21026,7892
"492","midnightblue",TRUE,0.00897897069333155,883,131,14,0.106870229007634,0.0158550396375991,"GO:0030001","GO:BP","metal ion transport",21026,6613
"493","midnightblue",TRUE,0.00972178749252021,35,131,3,0.0229007633587786,0.0857142857142857,"GO:2000406","GO:BP","positive regulation of T cell migration",21026,25278
"494","midnightblue",TRUE,0.00977716390385693,9,131,2,0.0152671755725191,0.222222222222222,"GO:0050859","GO:BP","negative regulation of B cell receptor signaling pathway",21026,13135
"495","midnightblue",TRUE,0.00992027696613395,77,131,4,0.0305343511450382,0.051948051948052,"GO:0042267","GO:BP","natural killer cell mediated cytotoxicity",21026,9972
"496","midnightblue",TRUE,0.00992887957979601,194,131,6,0.0458015267175573,0.0309278350515464,"GO:0002700","GO:BP","regulation of production of molecular mediator of immune response",21026,1216
"497","midnightblue",TRUE,0.010443567861272,36,131,3,0.0229007633587786,0.0833333333333333,"GO:0045920","GO:BP","negative regulation of exocytosis",21026,11552
"498","midnightblue",TRUE,0.010443567861272,36,131,3,0.0229007633587786,0.0833333333333333,"GO:1902745","GO:BP","positive regulation of lamellipodium organization",21026,22166
"499","midnightblue",TRUE,0.0106120936737351,133,131,5,0.0381679389312977,0.037593984962406,"GO:0002456","GO:BP","T cell mediated immunity",21026,977
"500","midnightblue",TRUE,0.010792016493609,79,131,4,0.0305343511450382,0.0506329113924051,"GO:0150076","GO:BP","neuroinflammatory response",21026,19863
"501","midnightblue",TRUE,0.0108967316556936,518,131,10,0.0763358778625954,0.0193050193050193,"GO:0019221","GO:BP","cytokine-mediated signaling pathway",21026,5568
"502","midnightblue",TRUE,0.0119121069602097,10,131,2,0.0152671755725191,0.2,"GO:0033004","GO:BP","negative regulation of mast cell activation",21026,7916
"503","midnightblue",TRUE,0.0119121069602097,10,131,2,0.0152671755725191,0.2,"GO:0006013","GO:BP","mannose metabolic process",21026,1884
"504","midnightblue",TRUE,0.0119121069602097,10,131,2,0.0152671755725191,0.2,"GO:0051126","GO:BP","negative regulation of actin nucleation",21026,13330
"505","midnightblue",TRUE,0.0120456849567512,38,131,3,0.0229007633587786,0.0789473684210526,"GO:2000515","GO:BP","negative regulation of CD4-positive, alpha-beta T cell activation",21026,25373
"506","midnightblue",TRUE,0.0122263065211308,82,131,4,0.0305343511450382,0.0487804878048781,"GO:0002228","GO:BP","natural killer cell mediated immunity",21026,759
"507","midnightblue",TRUE,0.0128537322734729,531,131,10,0.0763358778625954,0.0188323917137476,"GO:0060627","GO:BP","regulation of vesicle-mediated transport",21026,14590
"508","midnightblue",TRUE,0.0128537322734729,39,131,3,0.0229007633587786,0.0769230769230769,"GO:0002446","GO:BP","neutrophil mediated immunity",21026,967
"509","midnightblue",TRUE,0.0128537322734729,39,131,3,0.0229007633587786,0.0769230769230769,"GO:0051125","GO:BP","regulation of actin nucleation",21026,13329
"510","midnightblue",TRUE,0.0128537322734729,39,131,3,0.0229007633587786,0.0769230769230769,"GO:0033028","GO:BP","myeloid cell apoptotic process",21026,7932
"511","midnightblue",TRUE,0.0131570163440153,533,131,10,0.0763358778625954,0.0187617260787993,"GO:0006873","GO:BP","intracellular monoatomic ion homeostasis",21026,2522
"512","midnightblue",TRUE,0.0131912867643734,84,131,4,0.0305343511450382,0.0476190476190476,"GO:0008625","GO:BP","extrinsic apoptotic signaling pathway via death domain receptors",21026,3200
"513","midnightblue",TRUE,0.0132825809612149,534,131,10,0.0763358778625954,0.0187265917602996,"GO:0098771","GO:BP","inorganic ion homeostasis",21026,18637
"514","midnightblue",TRUE,0.0136248718177294,928,131,14,0.106870229007634,0.0150862068965517,"GO:0050790","GO:BP","regulation of catalytic activity",21026,13087
"515","midnightblue",TRUE,0.0136338187054722,85,131,4,0.0305343511450382,0.0470588235294118,"GO:2001257","GO:BP","regulation of cation channel activity",21026,25989
"516","midnightblue",TRUE,0.0136338187054722,40,131,3,0.0229007633587786,0.075,"GO:0086091","GO:BP","regulation of heart rate by cardiac conduction",21026,17694
"517","midnightblue",TRUE,0.0136338187054722,40,131,3,0.0229007633587786,0.075,"GO:0014911","GO:BP","positive regulation of smooth muscle cell migration",21026,4763
"518","midnightblue",TRUE,0.0138163238296951,209,131,6,0.0458015267175573,0.0287081339712919,"GO:0050920","GO:BP","regulation of chemotaxis",21026,13190
"519","midnightblue",TRUE,0.0139068712842519,11,131,2,0.0152671755725191,0.181818181818182,"GO:0042167","GO:BP","heme catabolic process",21026,9908
"520","midnightblue",TRUE,0.0139068712842519,11,131,2,0.0152671755725191,0.181818181818182,"GO:0046149","GO:BP","pigment catabolic process",21026,11757
"521","midnightblue",TRUE,0.0139068712842519,11,131,2,0.0152671755725191,0.181818181818182,"GO:0070778","GO:BP","L-aspartate transmembrane transport",21026,16062
"522","midnightblue",TRUE,0.0139068712842519,11,131,2,0.0152671755725191,0.181818181818182,"GO:0032957","GO:BP","inositol trisphosphate metabolic process",21026,7884
"523","midnightblue",TRUE,0.0139068712842519,11,131,2,0.0152671755725191,0.181818181818182,"GO:2000343","GO:BP","positive regulation of chemokine (C-X-C motif) ligand 2 production",21026,25222
"524","midnightblue",TRUE,0.0139068712842519,11,131,2,0.0152671755725191,0.181818181818182,"GO:0002361","GO:BP","CD4-positive, CD25-positive, alpha-beta regulatory T cell differentiation",21026,891
"525","midnightblue",TRUE,0.0139167368571885,284,131,7,0.0534351145038168,0.0246478873239437,"GO:0051258","GO:BP","protein polymerization",21026,13423
"526","midnightblue",TRUE,0.0139259681877889,830,131,13,0.099236641221374,0.0156626506024096,"GO:0042325","GO:BP","regulation of phosphorylation",21026,10000
"527","midnightblue",TRUE,0.0141873471653749,144,131,5,0.0381679389312977,0.0347222222222222,"GO:2000377","GO:BP","regulation of reactive oxygen species metabolic process",21026,25249
"528","midnightblue",TRUE,0.0142862717256946,41,131,3,0.0229007633587786,0.0731707317073171,"GO:0032620","GO:BP","interleukin-17 production",21026,7612
"529","midnightblue",TRUE,0.0142862717256946,41,131,3,0.0229007633587786,0.0731707317073171,"GO:0032660","GO:BP","regulation of interleukin-17 production",21026,7651
"530","midnightblue",TRUE,0.0148310144610067,1489,131,19,0.145038167938931,0.012760241773002,"GO:0009719","GO:BP","response to endogenous stimulus",21026,3602
"531","midnightblue",TRUE,0.0150414484536441,88,131,4,0.0305343511450382,0.0454545454545455,"GO:0014812","GO:BP","muscle cell migration",21026,4671
"532","midnightblue",TRUE,0.0153636304724969,147,131,5,0.0381679389312977,0.0340136054421769,"GO:0008064","GO:BP","regulation of actin polymerization or depolymerization",21026,3099
"533","midnightblue",TRUE,0.0155800385020348,89,131,4,0.0305343511450382,0.0449438202247191,"GO:0032418","GO:BP","lysosome localization",21026,7502
"534","midnightblue",TRUE,0.0155800385020348,89,131,4,0.0305343511450382,0.0449438202247191,"GO:0033077","GO:BP","T cell differentiation in thymus",21026,7968
"535","midnightblue",TRUE,0.0156963678580124,148,131,5,0.0381679389312977,0.0337837837837838,"GO:1903531","GO:BP","negative regulation of secretion by cell",21026,22750
"536","midnightblue",TRUE,0.0156963678580124,148,131,5,0.0381679389312977,0.0337837837837838,"GO:1905039","GO:BP","carboxylic acid transmembrane transport",21026,23926
"537","midnightblue",TRUE,0.015921978284763,744,131,12,0.0916030534351145,0.0161290322580645,"GO:0000165","GO:BP","MAPK cascade",21026,55
"538","midnightblue",TRUE,0.015950924247426,2593,131,28,0.213740458015267,0.0107983031237948,"GO:0010557","GO:BP","positive regulation of macromolecule biosynthetic process",21026,4193
"539","midnightblue",TRUE,0.0159672199858137,12,131,2,0.0152671755725191,0.166666666666667,"GO:0002551","GO:BP","mast cell chemotaxis",21026,1070
"540","midnightblue",TRUE,0.0159672199858137,12,131,2,0.0152671755725191,0.166666666666667,"GO:0045060","GO:BP","negative thymic T cell selection",21026,11104
"541","midnightblue",TRUE,0.0159672199858137,90,131,4,0.0305343511450382,0.0444444444444444,"GO:1990849","GO:BP","vacuolar localization",21026,24879
"542","midnightblue",TRUE,0.0159672199858137,12,131,2,0.0152671755725191,0.166666666666667,"GO:0002357","GO:BP","defense response to tumor cell",21026,887
"543","midnightblue",TRUE,0.0159672199858137,90,131,4,0.0305343511450382,0.0444444444444444,"GO:0048145","GO:BP","regulation of fibroblast proliferation",21026,12379
"544","midnightblue",TRUE,0.0159672199858137,43,131,3,0.0229007633587786,0.0697674418604651,"GO:2000403","GO:BP","positive regulation of lymphocyte migration",21026,25275
"545","midnightblue",TRUE,0.0162795139069176,376,131,8,0.0610687022900763,0.0212765957446809,"GO:0050878","GO:BP","regulation of body fluid levels",21026,13151
"546","midnightblue",TRUE,0.0163111964761644,150,131,5,0.0381679389312977,0.0333333333333333,"GO:0030832","GO:BP","regulation of actin filament length",21026,6880
"547","midnightblue",TRUE,0.0167256107804564,956,131,14,0.106870229007634,0.0146443514644351,"GO:0019220","GO:BP","regulation of phosphate metabolic process",21026,5567
"548","midnightblue",TRUE,0.0168518939665857,957,131,14,0.106870229007634,0.0146290491118077,"GO:0051174","GO:BP","regulation of phosphorus metabolic process",21026,13374
"549","midnightblue",TRUE,0.0170313336546551,854,131,13,0.099236641221374,0.0152224824355972,"GO:0098662","GO:BP","inorganic cation transmembrane transport",21026,18569
"550","midnightblue",TRUE,0.0171385372822556,152,131,5,0.0381679389312977,0.0328947368421053,"GO:1903825","GO:BP","organic acid transmembrane transport",21026,22966
"551","midnightblue",TRUE,0.017223101186435,1631,131,20,0.152671755725191,0.0122624156958921,"GO:0030030","GO:BP","cell projection organization",21026,6621
"552","midnightblue",TRUE,0.0175336952608127,1069,131,15,0.114503816793893,0.0140318054256314,"GO:0006812","GO:BP","monoatomic cation transport",21026,2484
"553","midnightblue",TRUE,0.0175404421701009,93,131,4,0.0305343511450382,0.043010752688172,"GO:0032611","GO:BP","interleukin-1 beta production",21026,7604
"554","midnightblue",TRUE,0.0175404421701009,299,131,7,0.0534351145038168,0.0234113712374582,"GO:0043491","GO:BP","phosphatidylinositol 3-kinase/protein kinase B signal transduction",21026,10639
"555","midnightblue",TRUE,0.0175404421701009,93,131,4,0.0305343511450382,0.043010752688172,"GO:0032651","GO:BP","regulation of interleukin-1 beta production",21026,7643
"556","midnightblue",TRUE,0.0177079788071392,45,131,3,0.0229007633587786,0.0666666666666667,"GO:0002347","GO:BP","response to tumor cell",21026,877
"557","midnightblue",TRUE,0.0179810288239304,13,131,2,0.0152671755725191,0.153846153846154,"GO:1903054","GO:BP","negative regulation of extracellular matrix organization",21026,22414
"558","midnightblue",TRUE,0.0179810288239304,13,131,2,0.0152671755725191,0.153846153846154,"GO:0006002","GO:BP","fructose 6-phosphate metabolic process",21026,1875
"559","midnightblue",TRUE,0.0179810288239304,13,131,2,0.0152671755725191,0.153846153846154,"GO:0070278","GO:BP","extracellular matrix constituent secretion",21026,15808
"560","midnightblue",TRUE,0.0179810288239304,13,131,2,0.0152671755725191,0.153846153846154,"GO:0071415","GO:BP","cellular response to purine-containing compound",21026,16436
"561","midnightblue",TRUE,0.0179810288239304,13,131,2,0.0152671755725191,0.153846153846154,"GO:0070486","GO:BP","leukocyte aggregation",21026,15919
"562","midnightblue",TRUE,0.0179810288239304,13,131,2,0.0152671755725191,0.153846153846154,"GO:0046325","GO:BP","negative regulation of D-glucose import",21026,11895
"563","midnightblue",TRUE,0.0179810288239304,13,131,2,0.0152671755725191,0.153846153846154,"GO:0033015","GO:BP","tetrapyrrole catabolic process",21026,7923
"564","midnightblue",TRUE,0.0179810288239304,13,131,2,0.0152671755725191,0.153846153846154,"GO:2000562","GO:BP","negative regulation of CD4-positive, alpha-beta T cell proliferation",21026,25416
"565","midnightblue",TRUE,0.0179810288239304,13,131,2,0.0152671755725191,0.153846153846154,"GO:0043383","GO:BP","negative T cell selection",21026,10564
"566","midnightblue",TRUE,0.0179810288239304,13,131,2,0.0152671755725191,0.153846153846154,"GO:0006787","GO:BP","porphyrin-containing compound catabolic process",21026,2465
"567","midnightblue",TRUE,0.0179810288239304,13,131,2,0.0152671755725191,0.153846153846154,"GO:0043312","GO:BP","neutrophil degranulation",21026,10524
"568","midnightblue",TRUE,0.0180155024430389,155,131,5,0.0381679389312977,0.032258064516129,"GO:0051494","GO:BP","negative regulation of cytoskeleton organization",21026,13563
"569","midnightblue",TRUE,0.0180448098426925,225,131,6,0.0458015267175573,0.0266666666666667,"GO:0044403","GO:BP","biological process involved in symbiotic interaction",21026,10886
"570","midnightblue",TRUE,0.018262033804229,46,131,3,0.0229007633587786,0.0652173913043478,"GO:0071548","GO:BP","response to dexamethasone",21026,16525
"571","midnightblue",TRUE,0.018262033804229,46,131,3,0.0229007633587786,0.0652173913043478,"GO:0032964","GO:BP","collagen biosynthetic process",21026,7891
"572","midnightblue",TRUE,0.018262033804229,46,131,3,0.0229007633587786,0.0652173913043478,"GO:0019320","GO:BP","hexose catabolic process",21026,5653
"573","midnightblue",TRUE,0.018262033804229,46,131,3,0.0229007633587786,0.0652173913043478,"GO:1902041","GO:BP","regulation of extrinsic apoptotic signaling pathway via death domain receptors",21026,21676
"574","midnightblue",TRUE,0.0182759631335833,95,131,4,0.0305343511450382,0.0421052631578947,"GO:0006096","GO:BP","glycolytic process",21026,1952
"575","midnightblue",TRUE,0.018455176182201,304,131,7,0.0534351145038168,0.0230263157894737,"GO:0006874","GO:BP","intracellular calcium ion homeostasis",21026,2523
"576","midnightblue",TRUE,0.0184554393915053,1080,131,15,0.114503816793893,0.0138888888888889,"GO:1901698","GO:BP","response to nitrogen compound",21026,21369
"577","midnightblue",TRUE,0.0185375392123786,227,131,6,0.0458015267175573,0.026431718061674,"GO:0002440","GO:BP","production of molecular mediator of immune response",21026,961
"578","midnightblue",TRUE,0.0185375392123786,388,131,8,0.0610687022900763,0.0206185567010309,"GO:0032102","GO:BP","negative regulation of response to external stimulus",21026,7319
"579","midnightblue",TRUE,0.0186511302279055,157,131,5,0.0381679389312977,0.0318471337579618,"GO:1902904","GO:BP","negative regulation of supramolecular fiber organization",21026,22296
"580","midnightblue",TRUE,0.0187022779062838,3288,131,33,0.251908396946565,0.010036496350365,"GO:0010604","GO:BP","positive regulation of macromolecule metabolic process",21026,4234
"581","midnightblue",TRUE,0.0187022779062838,96,131,4,0.0305343511450382,0.0416666666666667,"GO:0032642","GO:BP","regulation of chemokine production",21026,7634
"582","midnightblue",TRUE,0.0187022779062838,96,131,4,0.0305343511450382,0.0416666666666667,"GO:0032602","GO:BP","chemokine production",21026,7595
"583","midnightblue",TRUE,0.0193784858688052,97,131,4,0.0305343511450382,0.0412371134020619,"GO:0046032","GO:BP","ADP catabolic process",21026,11647
"584","midnightblue",TRUE,0.019558339210728,230,131,6,0.0458015267175573,0.0260869565217391,"GO:0097191","GO:BP","extrinsic apoptotic signaling pathway",21026,18295
"585","midnightblue",TRUE,0.0199547842474222,877,131,13,0.099236641221374,0.0148232611174458,"GO:0098655","GO:BP","monoatomic cation transmembrane transport",21026,18562
"586","midnightblue",TRUE,0.0199547842474222,48,131,3,0.0229007633587786,0.0625,"GO:0046633","GO:BP","alpha-beta T cell proliferation",21026,12105
"587","midnightblue",TRUE,0.0199547842474222,14,131,2,0.0152671755725191,0.142857142857143,"GO:0014004","GO:BP","microglia differentiation",21026,4557
"588","midnightblue",TRUE,0.0199547842474222,48,131,3,0.0229007633587786,0.0625,"GO:0001774","GO:BP","microglial cell activation",21026,437
"589","midnightblue",TRUE,0.0199547842474222,14,131,2,0.0152671755725191,0.142857142857143,"GO:0019852","GO:BP","L-ascorbic acid metabolic process",21026,6017
"590","midnightblue",TRUE,0.0199547842474222,48,131,3,0.0229007633587786,0.0625,"GO:0061756","GO:BP","leukocyte adhesion to vascular endothelial cell",21026,15433
"591","midnightblue",TRUE,0.0199547842474222,14,131,2,0.0152671755725191,0.142857142857143,"GO:0003084","GO:BP","positive regulation of systemic arterial blood pressure",21026,1526
"592","midnightblue",TRUE,0.0199547842474222,48,131,3,0.0229007633587786,0.0625,"GO:0034314","GO:BP","Arp2/3 complex-mediated actin nucleation",21026,8505
"593","midnightblue",TRUE,0.0204436833121489,99,131,4,0.0305343511450382,0.0404040404040404,"GO:0030101","GO:BP","natural killer cell activation",21026,6646
"594","midnightblue",TRUE,0.0204436833121489,99,131,4,0.0305343511450382,0.0404040404040404,"GO:0019364","GO:BP","pyridine nucleotide catabolic process",21026,5695
"595","midnightblue",TRUE,0.0206828338758469,162,131,5,0.0381679389312977,0.0308641975308642,"GO:0046488","GO:BP","phosphatidylinositol metabolic process",21026,12027
"596","midnightblue",TRUE,0.0206828338758469,779,131,12,0.0916030534351145,0.0154043645699615,"GO:0001932","GO:BP","regulation of protein phosphorylation",21026,544
"597","midnightblue",TRUE,0.0208951041975224,49,131,3,0.0229007633587786,0.0612244897959184,"GO:0042088","GO:BP","T-helper 1 type immune response",21026,9871
"598","midnightblue",TRUE,0.0208951041975224,49,131,3,0.0229007633587786,0.0612244897959184,"GO:0043029","GO:BP","T cell homeostasis",21026,10389
"599","midnightblue",TRUE,0.0209692179750742,100,131,4,0.0305343511450382,0.04,"GO:0009181","GO:BP","purine ribonucleoside diphosphate catabolic process",21026,3333
"600","midnightblue",TRUE,0.0209692179750742,100,131,4,0.0305343511450382,0.04,"GO:0009137","GO:BP","purine nucleoside diphosphate catabolic process",21026,3290
"601","midnightblue",TRUE,0.0219689136295505,237,131,6,0.0458015267175573,0.0253164556962025,"GO:0007160","GO:BP","cell-matrix adhesion",21026,2711
"602","midnightblue",TRUE,0.0219725069578508,50,131,3,0.0229007633587786,0.06,"GO:0046365","GO:BP","monosaccharide catabolic process",21026,11932
"603","midnightblue",TRUE,0.0220598070474757,15,131,2,0.0152671755725191,0.133333333333333,"GO:0097531","GO:BP","mast cell migration",21026,18448
"604","midnightblue",TRUE,0.0220598070474757,165,131,5,0.0381679389312977,0.0303030303030303,"GO:0050728","GO:BP","negative regulation of inflammatory response",21026,13056
"605","midnightblue",TRUE,0.0220598070474757,15,131,2,0.0152671755725191,0.133333333333333,"GO:0046598","GO:BP","positive regulation of viral entry into host cell",21026,12083
"606","midnightblue",TRUE,0.0220598070474757,15,131,2,0.0152671755725191,0.133333333333333,"GO:0075294","GO:BP","positive regulation by symbiont of entry into host",21026,17472
"607","midnightblue",TRUE,0.0220598070474757,15,131,2,0.0152671755725191,0.133333333333333,"GO:0072683","GO:BP","T cell extravasation",21026,17267
"608","midnightblue",TRUE,0.0220598070474757,15,131,2,0.0152671755725191,0.133333333333333,"GO:0010715","GO:BP","regulation of extracellular matrix disassembly",21026,4324
"609","midnightblue",TRUE,0.0220598070474757,15,131,2,0.0152671755725191,0.133333333333333,"GO:0045059","GO:BP","positive thymic T cell selection",21026,11103
"610","midnightblue",TRUE,0.0220598070474757,238,131,6,0.0458015267175573,0.0252100840336134,"GO:0007599","GO:BP","hemostasis",21026,3044
"611","midnightblue",TRUE,0.0220598070474757,15,131,2,0.0152671755725191,0.133333333333333,"GO:0034616","GO:BP","response to laminar fluid shear stress",21026,8628
"612","midnightblue",TRUE,0.0220598070474757,686,131,11,0.083969465648855,0.0160349854227405,"GO:0018193","GO:BP","peptidyl-amino acid modification",21026,5328
"613","midnightblue",TRUE,0.0220598070474757,15,131,2,0.0152671755725191,0.133333333333333,"GO:1902166","GO:BP","negative regulation of intrinsic apoptotic signaling pathway in response to DNA damage by p53 class mediator",21026,21778
"614","midnightblue",TRUE,0.0220598070474757,102,131,4,0.0305343511450382,0.0392156862745098,"GO:0072526","GO:BP","pyridine-containing compound catabolic process",21026,17194
"615","midnightblue",TRUE,0.0226805525307037,51,131,3,0.0229007633587786,0.0588235294117647,"GO:0002269","GO:BP","leukocyte activation involved in inflammatory response",21026,799
"616","midnightblue",TRUE,0.0226805525307037,103,131,4,0.0305343511450382,0.0388349514563107,"GO:0009191","GO:BP","ribonucleoside diphosphate catabolic process",21026,3343
"617","midnightblue",TRUE,0.0227101028461601,1113,131,15,0.114503816793893,0.0134770889487871,"GO:1902533","GO:BP","positive regulation of intracellular signal transduction",21026,22043
"618","midnightblue",TRUE,0.0233402092130746,104,131,4,0.0305343511450382,0.0384615384615385,"GO:0046031","GO:BP","ADP metabolic process",21026,11646
"619","midnightblue",TRUE,0.0233402092130746,104,131,4,0.0305343511450382,0.0384615384615385,"GO:0032963","GO:BP","collagen metabolic process",21026,7890
"620","midnightblue",TRUE,0.0237393661421441,169,131,5,0.0381679389312977,0.029585798816568,"GO:1904018","GO:BP","positive regulation of vasculature development",21026,23106
"621","midnightblue",TRUE,0.0237659729588634,1578,131,19,0.145038167938931,0.0120405576679341,"GO:0009967","GO:BP","positive regulation of signal transduction",21026,3790
"622","midnightblue",TRUE,0.0240252927328366,1011,131,14,0.106870229007634,0.0138476755687438,"GO:0044087","GO:BP","regulation of cellular component biogenesis",21026,10812
"623","midnightblue",TRUE,0.0245989028343741,16,131,2,0.0152671755725191,0.125,"GO:0051152","GO:BP","positive regulation of smooth muscle cell differentiation",21026,13355
"624","midnightblue",TRUE,0.0245989028343741,16,131,2,0.0152671755725191,0.125,"GO:0045651","GO:BP","positive regulation of macrophage differentiation",21026,11340
"625","midnightblue",TRUE,0.0245989028343741,16,131,2,0.0152671755725191,0.125,"GO:0070207","GO:BP","protein homotrimerization",21026,15764
"626","midnightblue",TRUE,0.0245989028343741,16,131,2,0.0152671755725191,0.125,"GO:0030852","GO:BP","regulation of granulocyte differentiation",21026,6898
"627","midnightblue",TRUE,0.025010416367601,701,131,11,0.083969465648855,0.0156918687589158,"GO:0051129","GO:BP","negative regulation of cellular component organization",21026,13333
"628","midnightblue",TRUE,0.025010416367601,1588,131,19,0.145038167938931,0.0119647355163728,"GO:0120036","GO:BP","plasma membrane bounded cell projection organization",21026,19210
"629","midnightblue",TRUE,0.025010416367601,506,131,9,0.0687022900763359,0.0177865612648221,"GO:0031349","GO:BP","positive regulation of defense response",21026,7101
"630","midnightblue",TRUE,0.025010416367601,246,131,6,0.0458015267175573,0.024390243902439,"GO:0022604","GO:BP","regulation of cell morphogenesis",21026,6579
"631","midnightblue",TRUE,0.025010416367601,246,131,6,0.0458015267175573,0.024390243902439,"GO:0050769","GO:BP","positive regulation of neurogenesis",21026,13072
"632","midnightblue",TRUE,0.0252617512570282,107,131,4,0.0305343511450382,0.0373831775700935,"GO:0009134","GO:BP","nucleoside diphosphate catabolic process",21026,3287
"633","midnightblue",TRUE,0.0256110492453908,329,131,7,0.0534351145038168,0.0212765957446809,"GO:0055074","GO:BP","calcium ion homeostasis",21026,14023
"634","midnightblue",TRUE,0.0256110492453908,173,131,5,0.0381679389312977,0.0289017341040462,"GO:0016052","GO:BP","carbohydrate catabolic process",21026,5060
"635","midnightblue",TRUE,0.0258067372451427,54,131,3,0.0229007633587786,0.0555555555555556,"GO:2000107","GO:BP","negative regulation of leukocyte apoptotic process",21026,25021
"636","midnightblue",TRUE,0.0259847281178321,606,131,10,0.0763358778625954,0.0165016501650165,"GO:0055080","GO:BP","monoatomic cation homeostasis",21026,14026
"637","midnightblue",TRUE,0.0267508498922626,109,131,4,0.0305343511450382,0.036697247706422,"GO:0048144","GO:BP","fibroblast proliferation",21026,12378
"638","midnightblue",TRUE,0.0269006582363284,17,131,2,0.0152671755725191,0.117647058823529,"GO:0046642","GO:BP","negative regulation of alpha-beta T cell proliferation",21026,12114
"639","midnightblue",TRUE,0.0269006582363284,55,131,3,0.0229007633587786,0.0545454545454545,"GO:0048286","GO:BP","lung alveolus development",21026,12461
"640","midnightblue",TRUE,0.0269006582363284,55,131,3,0.0229007633587786,0.0545454545454545,"GO:0042743","GO:BP","hydrogen peroxide metabolic process",21026,10243
"641","midnightblue",TRUE,0.0269006582363284,55,131,3,0.0229007633587786,0.0545454545454545,"GO:0038066","GO:BP","p38MAPK cascade",21026,9596
"642","midnightblue",TRUE,0.0269006582363284,17,131,2,0.0152671755725191,0.117647058823529,"GO:0035672","GO:BP","oligopeptide transmembrane transport",21026,9082
"643","midnightblue",TRUE,0.0269006582363284,17,131,2,0.0152671755725191,0.117647058823529,"GO:1902165","GO:BP","regulation of intrinsic apoptotic signaling pathway in response to DNA damage by p53 class mediator",21026,21777
"644","midnightblue",TRUE,0.0269006582363284,17,131,2,0.0152671755725191,0.117647058823529,"GO:1901334","GO:BP","lactone metabolic process",21026,21119
"645","midnightblue",TRUE,0.0269006582363284,17,131,2,0.0152671755725191,0.117647058823529,"GO:0002679","GO:BP","respiratory burst involved in defense response",21026,1195
"646","midnightblue",TRUE,0.0271771812421718,110,131,4,0.0305343511450382,0.0363636363636364,"GO:0032652","GO:BP","regulation of interleukin-1 production",21026,7644
"647","midnightblue",TRUE,0.0271771812421718,110,131,4,0.0305343511450382,0.0363636363636364,"GO:0032612","GO:BP","interleukin-1 production",21026,7605
"648","midnightblue",TRUE,0.0275785908822578,613,131,10,0.0763358778625954,0.0163132137030995,"GO:0030031","GO:BP","cell projection assembly",21026,6622
"649","midnightblue",TRUE,0.0277735839066304,253,131,6,0.0458015267175573,0.0237154150197628,"GO:0009205","GO:BP","purine ribonucleoside triphosphate metabolic process",21026,3357
"650","midnightblue",TRUE,0.0279225614886999,111,131,4,0.0305343511450382,0.036036036036036,"GO:1902106","GO:BP","negative regulation of leukocyte differentiation",21026,21732
"651","midnightblue",TRUE,0.0283815564067679,616,131,10,0.0763358778625954,0.0162337662337662,"GO:0050801","GO:BP","monoatomic ion homeostasis",21026,13095
"652","midnightblue",TRUE,0.0287260038214966,112,131,4,0.0305343511450382,0.0357142857142857,"GO:1901655","GO:BP","cellular response to ketone",21026,21341
"653","midnightblue",TRUE,0.0291589232175576,57,131,3,0.0229007633587786,0.0526315789473684,"GO:0061900","GO:BP","glial cell activation",21026,15495
"654","midnightblue",TRUE,0.0292299010728048,18,131,2,0.0152671755725191,0.111111111111111,"GO:0098751","GO:BP","bone cell development",21026,18623
"655","midnightblue",TRUE,0.0292299010728048,18,131,2,0.0152671755725191,0.111111111111111,"GO:0036035","GO:BP","osteoclast development",21026,9319
"656","midnightblue",TRUE,0.0292299010728048,257,131,6,0.0458015267175573,0.0233463035019455,"GO:1901136","GO:BP","carbohydrate derivative catabolic process",21026,20970
"657","midnightblue",TRUE,0.0292299010728048,18,131,2,0.0152671755725191,0.111111111111111,"GO:2000341","GO:BP","regulation of chemokine (C-X-C motif) ligand 2 production",21026,25220
"658","midnightblue",TRUE,0.0292299010728048,113,131,4,0.0305343511450382,0.0353982300884956,"GO:0043271","GO:BP","negative regulation of monoatomic ion transport",21026,10499
"659","midnightblue",TRUE,0.0292299010728048,18,131,2,0.0152671755725191,0.111111111111111,"GO:0045953","GO:BP","negative regulation of natural killer cell mediated cytotoxicity",21026,11583
"660","midnightblue",TRUE,0.0292299010728048,180,131,5,0.0381679389312977,0.0277777777777778,"GO:0048771","GO:BP","tissue remodeling",21026,12853
"661","midnightblue",TRUE,0.0292299010728048,18,131,2,0.0152671755725191,0.111111111111111,"GO:0010829","GO:BP","negative regulation of D-glucose transmembrane transport",21026,4422
"662","midnightblue",TRUE,0.0292299010728048,18,131,2,0.0152671755725191,0.111111111111111,"GO:0110096","GO:BP","cellular response to aldehyde",21026,19149
"663","midnightblue",TRUE,0.0292299010728048,18,131,2,0.0152671755725191,0.111111111111111,"GO:0072567","GO:BP","chemokine (C-X-C motif) ligand 2 production",21026,17211
"664","midnightblue",TRUE,0.0292299010728048,18,131,2,0.0152671755725191,0.111111111111111,"GO:0002827","GO:BP","positive regulation of T-helper 1 type immune response",21026,1335
"665","midnightblue",TRUE,0.0294038105964287,181,131,5,0.0381679389312977,0.0276243093922652,"GO:0017157","GO:BP","regulation of exocytosis",21026,5262
"666","midnightblue",TRUE,0.0295408659526025,524,131,9,0.0687022900763359,0.017175572519084,"GO:0030003","GO:BP","intracellular monoatomic cation homeostasis",21026,6615
"667","midnightblue",TRUE,0.0306417907956492,260,131,6,0.0458015267175573,0.0230769230769231,"GO:0009199","GO:BP","ribonucleoside triphosphate metabolic process",21026,3351
"668","midnightblue",TRUE,0.0306417907956492,260,131,6,0.0458015267175573,0.0230769230769231,"GO:0009144","GO:BP","purine nucleoside triphosphate metabolic process",21026,3297
"669","midnightblue",TRUE,0.0306417907956492,1049,131,14,0.106870229007634,0.0133460438512869,"GO:0031399","GO:BP","regulation of protein modification process",21026,7116
"670","midnightblue",TRUE,0.0308484895945794,116,131,4,0.0305343511450382,0.0344827586206897,"GO:0007229","GO:BP","integrin-mediated signaling pathway",21026,2766
"671","midnightblue",TRUE,0.0308484895945794,116,131,4,0.0305343511450382,0.0344827586206897,"GO:0009179","GO:BP","purine ribonucleoside diphosphate metabolic process",21026,3331
"672","midnightblue",TRUE,0.0308484895945794,1,131,1,0.00763358778625954,1,"GO:0003108","GO:BP","negative regulation of the force of heart contraction by chemical signal",21026,1547
"673","midnightblue",TRUE,0.0308484895945794,1,131,1,0.00763358778625954,1,"GO:0002625","GO:BP","regulation of T cell antigen processing and presentation",21026,1144
"674","midnightblue",TRUE,0.0308484895945794,19,131,2,0.0152671755725191,0.105263157894737,"GO:0006857","GO:BP","oligopeptide transport",21026,2512
"675","midnightblue",TRUE,0.0308484895945794,1,131,1,0.00763358778625954,1,"GO:0014895","GO:BP","smooth muscle hypertrophy",21026,4749
"676","midnightblue",TRUE,0.0308484895945794,19,131,2,0.0152671755725191,0.105263157894737,"GO:0002716","GO:BP","negative regulation of natural killer cell mediated immunity",21026,1232
"677","midnightblue",TRUE,0.0308484895945794,1,131,1,0.00763358778625954,1,"GO:0002222","GO:BP","stimulatory killer cell immunoglobulin-like receptor signaling pathway",21026,754
"678","midnightblue",TRUE,0.0308484895945794,1,131,1,0.00763358778625954,1,"GO:0014008","GO:BP","positive regulation of microglia differentiation",21026,4561
"679","midnightblue",TRUE,0.0308484895945794,1,131,1,0.00763358778625954,1,"GO:0014006","GO:BP","regulation of microglia differentiation",21026,4559
"680","midnightblue",TRUE,0.0308484895945794,184,131,5,0.0381679389312977,0.0271739130434783,"GO:0006006","GO:BP","glucose metabolic process",21026,1879
"681","midnightblue",TRUE,0.0308484895945794,1,131,1,0.00763358778625954,1,"GO:0010189","GO:BP","vitamin E biosynthetic process",21026,3961
"682","midnightblue",TRUE,0.0308484895945794,116,131,4,0.0305343511450382,0.0344827586206897,"GO:0009135","GO:BP","purine nucleoside diphosphate metabolic process",21026,3288
"683","midnightblue",TRUE,0.0308484895945794,262,131,6,0.0458015267175573,0.0229007633587786,"GO:0042593","GO:BP","glucose homeostasis",21026,10160
"684","midnightblue",TRUE,0.0308484895945794,1,131,1,0.00763358778625954,1,"GO:1905834","GO:BP","response to pyrimidine ribonucleotide",21026,24516
"685","midnightblue",TRUE,0.0308484895945794,1,131,1,0.00763358778625954,1,"GO:1905835","GO:BP","cellular response to pyrimidine ribonucleotide",21026,24517
"686","midnightblue",TRUE,0.0308484895945794,263,131,6,0.0458015267175573,0.0228136882129278,"GO:0051896","GO:BP","regulation of phosphatidylinositol 3-kinase/protein kinase B signal transduction",21026,13786
"687","midnightblue",TRUE,0.0308484895945794,1,131,1,0.00763358778625954,1,"GO:1905641","GO:BP","cellular response to acetaldehyde",21026,24375
"688","midnightblue",TRUE,0.0308484895945794,60,131,3,0.0229007633587786,0.05,"GO:0051926","GO:BP","negative regulation of calcium ion transport",21026,13804
"689","midnightblue",TRUE,0.0308484895945794,1,131,1,0.00763358778625954,1,"GO:1905640","GO:BP","response to acetaldehyde",21026,24374
"690","midnightblue",TRUE,0.0308484895945794,1,131,1,0.00763358778625954,1,"GO:1905154","GO:BP","negative regulation of membrane invagination",21026,24013
"691","midnightblue",TRUE,0.0308484895945794,1,131,1,0.00763358778625954,1,"GO:0060101","GO:BP","negative regulation of phagocytosis, engulfment",21026,14150
"692","midnightblue",TRUE,0.0308484895945794,19,131,2,0.0152671755725191,0.105263157894737,"GO:0060263","GO:BP","regulation of respiratory burst",21026,14272
"693","midnightblue",TRUE,0.0308484895945794,1,131,1,0.00763358778625954,1,"GO:2000408","GO:BP","negative regulation of T cell extravasation",21026,25280
"694","midnightblue",TRUE,0.0308484895945794,116,131,4,0.0305343511450382,0.0344827586206897,"GO:1903707","GO:BP","negative regulation of hemopoiesis",21026,22881
"695","midnightblue",TRUE,0.0308484895945794,1,131,1,0.00763358778625954,1,"GO:1902567","GO:BP","negative regulation of eosinophil activation",21026,22059
"696","midnightblue",TRUE,0.0308484895945794,1,131,1,0.00763358778625954,1,"GO:0070239","GO:BP","regulation of activated T cell autonomous cell death",21026,15785
"697","midnightblue",TRUE,0.0308484895945794,1,131,1,0.00763358778625954,1,"GO:0070241","GO:BP","positive regulation of activated T cell autonomous cell death",21026,15787
"698","midnightblue",TRUE,0.0308484895945794,1,131,1,0.00763358778625954,1,"GO:1902566","GO:BP","regulation of eosinophil activation",21026,22058
"699","midnightblue",TRUE,0.0308484895945794,1,131,1,0.00763358778625954,1,"GO:0075512","GO:BP","clathrin-dependent endocytosis of virus by host cell",21026,17515
"700","midnightblue",TRUE,0.0308484895945794,1,131,1,0.00763358778625954,1,"GO:1901081","GO:BP","negative regulation of relaxation of smooth muscle",21026,20921
"701","midnightblue",TRUE,0.0308484895945794,944,131,13,0.099236641221374,0.013771186440678,"GO:0098660","GO:BP","inorganic ion transmembrane transport",21026,18567
"702","midnightblue",TRUE,0.0308484895945794,1,131,1,0.00763358778625954,1,"GO:0120158","GO:BP","positive regulation of collagen catabolic process",21026,19263
"703","midnightblue",TRUE,0.0308484895945794,1,131,1,0.00763358778625954,1,"GO:0070238","GO:BP","activated T cell autonomous cell death",21026,15784
"704","midnightblue",TRUE,0.0308484895945794,59,131,3,0.0229007633587786,0.0508474576271186,"GO:0050832","GO:BP","defense response to fungus",21026,13118
"705","midnightblue",TRUE,0.0308484895945794,19,131,2,0.0152671755725191,0.105263157894737,"GO:0051132","GO:BP","NK T cell activation",21026,13336
"706","midnightblue",TRUE,0.0308484895945794,263,131,6,0.0458015267175573,0.0228136882129278,"GO:0033500","GO:BP","carbohydrate homeostasis",21026,8183
"707","midnightblue",TRUE,0.0308484895945794,60,131,3,0.0229007633587786,0.05,"GO:0032731","GO:BP","positive regulation of interleukin-1 beta production",21026,7721
"708","midnightblue",TRUE,0.0308484895945794,19,131,2,0.0152671755725191,0.105263157894737,"GO:0045655","GO:BP","regulation of monocyte differentiation",21026,11344
"709","midnightblue",TRUE,0.0308484895945794,1,131,1,0.00763358778625954,1,"GO:0033030","GO:BP","negative regulation of neutrophil apoptotic process",21026,7934
"710","midnightblue",TRUE,0.0325501071275271,637,131,10,0.0763358778625954,0.0156985871271586,"GO:0043408","GO:BP","regulation of MAPK cascade",21026,10579
"711","midnightblue",TRUE,0.0330179722651015,847,131,12,0.0916030534351145,0.0141676505312869,"GO:0051050","GO:BP","positive regulation of transport",21026,13287
"712","midnightblue",TRUE,0.033157937494221,120,131,4,0.0305343511450382,0.0333333333333333,"GO:0015695","GO:BP","organic cation transport",21026,4792
"713","midnightblue",TRUE,0.033157937494221,20,131,2,0.0152671755725191,0.1,"GO:0033003","GO:BP","regulation of mast cell activation",21026,7915
"714","midnightblue",TRUE,0.033157937494221,20,131,2,0.0152671755725191,0.1,"GO:0098761","GO:BP","cellular response to interleukin-7",21026,18631
"715","midnightblue",TRUE,0.033157937494221,20,131,2,0.0152671755725191,0.1,"GO:2001185","GO:BP","regulation of CD8-positive, alpha-beta T cell activation",21026,25931
"716","midnightblue",TRUE,0.033157937494221,20,131,2,0.0152671755725191,0.1,"GO:0060973","GO:BP","cell migration involved in heart development",21026,14884
"717","midnightblue",TRUE,0.033157937494221,20,131,2,0.0152671755725191,0.1,"GO:0015810","GO:BP","aspartate transmembrane transport",21026,4899
"718","midnightblue",TRUE,0.033157937494221,20,131,2,0.0152671755725191,0.1,"GO:0032693","GO:BP","negative regulation of interleukin-10 production",21026,7684
"719","midnightblue",TRUE,0.0331970519486153,62,131,3,0.0229007633587786,0.0483870967741935,"GO:0022617","GO:BP","extracellular matrix disassembly",21026,6591
"720","midnightblue",TRUE,0.0331970519486153,62,131,3,0.0229007633587786,0.0483870967741935,"GO:0033619","GO:BP","membrane protein proteolysis",21026,8261
"721","midnightblue",TRUE,0.0331970519486153,62,131,3,0.0229007633587786,0.0483870967741935,"GO:0002823","GO:BP","negative regulation of adaptive immune response based on somatic recombination of immune receptors built from immunoglobulin superfamily domains",21026,1331
"722","midnightblue",TRUE,0.033714377173622,642,131,10,0.0763358778625954,0.0155763239875389,"GO:0120035","GO:BP","regulation of plasma membrane bounded cell projection organization",21026,19209
"723","midnightblue",TRUE,0.0339350166141858,356,131,7,0.0534351145038168,0.0196629213483146,"GO:0032535","GO:BP","regulation of cellular component size",21026,7574
"724","midnightblue",TRUE,0.0343886564686264,357,131,7,0.0534351145038168,0.0196078431372549,"GO:0031346","GO:BP","positive regulation of cell projection organization",21026,7098
"725","midnightblue",TRUE,0.0344991871484957,63,131,3,0.0229007633587786,0.0476190476190476,"GO:1903053","GO:BP","regulation of extracellular matrix organization",21026,22413
"726","midnightblue",TRUE,0.0357152594778867,21,131,2,0.0152671755725191,0.0952380952380952,"GO:0098760","GO:BP","response to interleukin-7",21026,18630
"727","midnightblue",TRUE,0.0357152594778867,21,131,2,0.0152671755725191,0.0952380952380952,"GO:0071800","GO:BP","podosome assembly",21026,16683
"728","midnightblue",TRUE,0.0357152594778867,21,131,2,0.0152671755725191,0.0952380952380952,"GO:0007213","GO:BP","G protein-coupled acetylcholine receptor signaling pathway",21026,2754
"729","midnightblue",TRUE,0.0357152594778867,21,131,2,0.0152671755725191,0.0952380952380952,"GO:0050765","GO:BP","negative regulation of phagocytosis",21026,13068
"730","midnightblue",TRUE,0.0357152594778867,64,131,3,0.0229007633587786,0.046875,"GO:0032757","GO:BP","positive regulation of interleukin-8 production",21026,7746
"731","midnightblue",TRUE,0.0357152594778867,64,131,3,0.0229007633587786,0.046875,"GO:0002889","GO:BP","regulation of immunoglobulin mediated immune response",21026,1397
"732","midnightblue",TRUE,0.0357152594778867,64,131,3,0.0229007633587786,0.046875,"GO:0002712","GO:BP","regulation of B cell mediated immunity",21026,1228
"733","midnightblue",TRUE,0.0357152594778867,21,131,2,0.0152671755725191,0.0952380952380952,"GO:0071474","GO:BP","cellular hyperosmotic response",21026,16476
"734","midnightblue",TRUE,0.0361789018967901,124,131,4,0.0305343511450382,0.032258064516129,"GO:0006090","GO:BP","pyruvate metabolic process",21026,1949
"735","midnightblue",TRUE,0.0367165154366638,1795,131,20,0.152671755725191,0.011142061281337,"GO:0010647","GO:BP","positive regulation of cell communication",21026,4276
"736","midnightblue",TRUE,0.0367309117500155,276,131,6,0.0458015267175573,0.0217391304347826,"GO:0009141","GO:BP","nucleoside triphosphate metabolic process",21026,3294
"737","midnightblue",TRUE,0.0368292426763395,1796,131,20,0.152671755725191,0.0111358574610245,"GO:0023056","GO:BP","positive regulation of signaling",21026,6608
"738","midnightblue",TRUE,0.0369118835471564,65,131,3,0.0229007633587786,0.0461538461538462,"GO:0072348","GO:BP","sulfur compound transport",21026,17131
"739","midnightblue",TRUE,0.037088155981085,456,131,8,0.0610687022900763,0.0175438596491228,"GO:0043410","GO:BP","positive regulation of MAPK cascade",21026,10581
"740","midnightblue",TRUE,0.0377209618004008,2433,131,25,0.190839694656489,0.010275380189067,"GO:0051128","GO:BP","regulation of cellular component organization",21026,13332
"741","midnightblue",TRUE,0.0378569510714837,126,131,4,0.0305343511450382,0.0317460317460317,"GO:0009185","GO:BP","ribonucleoside diphosphate metabolic process",21026,3337
"742","midnightblue",TRUE,0.0382782661664254,66,131,3,0.0229007633587786,0.0454545454545455,"GO:0030219","GO:BP","megakaryocyte differentiation",21026,6690
"743","midnightblue",TRUE,0.0384123701598733,22,131,2,0.0152671755725191,0.0909090909090909,"GO:0032482","GO:BP","Rab protein signal transduction",21026,7539
"744","midnightblue",TRUE,0.0384123701598733,22,131,2,0.0152671755725191,0.0909090909090909,"GO:0001780","GO:BP","neutrophil homeostasis",21026,443
"745","midnightblue",TRUE,0.0384123701598733,22,131,2,0.0152671755725191,0.0909090909090909,"GO:1902254","GO:BP","negative regulation of intrinsic apoptotic signaling pathway by p53 class mediator",21026,21860
"746","midnightblue",TRUE,0.0384123701598733,658,131,10,0.0763358778625954,0.0151975683890578,"GO:0031344","GO:BP","regulation of cell projection organization",21026,7096
"747","midnightblue",TRUE,0.0394309089932938,67,131,3,0.0229007633587786,0.0447761194029851,"GO:0002820","GO:BP","negative regulation of adaptive immune response",21026,1328
"748","midnightblue",TRUE,0.0394309089932938,560,131,9,0.0687022900763359,0.0160714285714286,"GO:0045937","GO:BP","positive regulation of phosphate metabolic process",21026,11569
"749","midnightblue",TRUE,0.0394309089932938,128,131,4,0.0305343511450382,0.03125,"GO:0030833","GO:BP","regulation of actin filament polymerization",21026,6881
"750","midnightblue",TRUE,0.0394309089932938,67,131,3,0.0229007633587786,0.0447761194029851,"GO:0050854","GO:BP","regulation of antigen receptor-mediated signaling pathway",21026,13130
"751","midnightblue",TRUE,0.0394309089932938,67,131,3,0.0229007633587786,0.0447761194029851,"GO:0001912","GO:BP","positive regulation of leukocyte mediated cytotoxicity",21026,527
"752","midnightblue",TRUE,0.0394309089932938,560,131,9,0.0687022900763359,0.0160714285714286,"GO:0010562","GO:BP","positive regulation of phosphorus metabolic process",21026,4198
"753","midnightblue",TRUE,0.0403663226793987,129,131,4,0.0305343511450382,0.0310077519379845,"GO:0009154","GO:BP","purine ribonucleotide catabolic process",21026,3307
"754","midnightblue",TRUE,0.0404820354289108,202,131,5,0.0381679389312977,0.0247524752475248,"GO:0120032","GO:BP","regulation of plasma membrane bounded cell projection assembly",21026,19206
"755","midnightblue",TRUE,0.0405820983165819,563,131,9,0.0687022900763359,0.0159857904085258,"GO:1903530","GO:BP","regulation of secretion by cell",21026,22749
"756","midnightblue",TRUE,0.0406836682765117,68,131,3,0.0229007633587786,0.0441176470588235,"GO:0031100","GO:BP","animal organ regeneration",21026,6989
"757","midnightblue",TRUE,0.0406836682765117,68,131,3,0.0229007633587786,0.0441176470588235,"GO:0045453","GO:BP","bone resorption",21026,11221
"758","midnightblue",TRUE,0.040921574762735,23,131,2,0.0152671755725191,0.0869565217391304,"GO:0060307","GO:BP","regulation of ventricular cardiac muscle cell membrane repolarization",21026,14311
"759","midnightblue",TRUE,0.040921574762735,130,131,4,0.0305343511450382,0.0307692307692308,"GO:0002824","GO:BP","positive regulation of adaptive immune response based on somatic recombination of immune receptors built from immunoglobulin superfamily domains",21026,1332
"760","midnightblue",TRUE,0.040921574762735,23,131,2,0.0152671755725191,0.0869565217391304,"GO:0046597","GO:BP","host-mediated suppression of symbiont invasion",21026,12082
"761","midnightblue",TRUE,0.040921574762735,23,131,2,0.0152671755725191,0.0869565217391304,"GO:0035739","GO:BP","CD4-positive, alpha-beta T cell proliferation",21026,9134
"762","midnightblue",TRUE,0.040921574762735,23,131,2,0.0152671755725191,0.0869565217391304,"GO:2000561","GO:BP","regulation of CD4-positive, alpha-beta T cell proliferation",21026,25415
"763","midnightblue",TRUE,0.040921574762735,23,131,2,0.0152671755725191,0.0869565217391304,"GO:0048015","GO:BP","phosphatidylinositol-mediated signaling",21026,12304
"764","midnightblue",TRUE,0.0415552673828634,204,131,5,0.0381679389312977,0.0245098039215686,"GO:0060491","GO:BP","regulation of cell projection assembly",21026,14474
"765","midnightblue",TRUE,0.0434382361326302,70,131,3,0.0229007633587786,0.0428571428571429,"GO:0009620","GO:BP","response to fungus",21026,3530
"766","midnightblue",TRUE,0.0434382361326302,70,131,3,0.0229007633587786,0.0428571428571429,"GO:0046847","GO:BP","filopodium assembly",21026,12233
"767","midnightblue",TRUE,0.0434382361326302,70,131,3,0.0229007633587786,0.0428571428571429,"GO:1902475","GO:BP","L-alpha-amino acid transmembrane transport",21026,22006
"768","midnightblue",TRUE,0.0439016289517806,133,131,4,0.0305343511450382,0.0300751879699248,"GO:0009132","GO:BP","nucleoside diphosphate metabolic process",21026,3285
"769","midnightblue",TRUE,0.043977688420335,24,131,2,0.0152671755725191,0.0833333333333333,"GO:0045649","GO:BP","regulation of macrophage differentiation",21026,11338
"770","midnightblue",TRUE,0.043977688420335,24,131,2,0.0152671755725191,0.0833333333333333,"GO:0001911","GO:BP","negative regulation of leukocyte mediated cytotoxicity",21026,526
"771","midnightblue",TRUE,0.043977688420335,24,131,2,0.0152671755725191,0.0833333333333333,"GO:0046835","GO:BP","carbohydrate phosphorylation",21026,12225
"772","midnightblue",TRUE,0.0447843210070189,71,131,3,0.0229007633587786,0.0422535211267606,"GO:0032732","GO:BP","positive regulation of interleukin-1 production",21026,7722
"773","midnightblue",TRUE,0.0447843210070189,71,131,3,0.0229007633587786,0.0422535211267606,"GO:0050766","GO:BP","positive regulation of phagocytosis",21026,13069
"774","midnightblue",TRUE,0.0452062042933698,209,131,5,0.0381679389312977,0.0239234449760766,"GO:0016064","GO:BP","immunoglobulin mediated immune response",21026,5070
"775","midnightblue",TRUE,0.0463963997643973,72,131,3,0.0229007633587786,0.0416666666666667,"GO:0045670","GO:BP","regulation of osteoclast differentiation",21026,11359
"776","midnightblue",TRUE,0.0467326126619468,136,131,4,0.0305343511450382,0.0294117647058824,"GO:0009261","GO:BP","ribonucleotide catabolic process",21026,3412
"777","midnightblue",TRUE,0.0467326126619468,136,131,4,0.0305343511450382,0.0294117647058824,"GO:0002821","GO:BP","positive regulation of adaptive immune response",21026,1329
"778","midnightblue",TRUE,0.0467326126619468,136,131,4,0.0305343511450382,0.0294117647058824,"GO:0030048","GO:BP","actin filament-based movement",21026,6634
"779","midnightblue",TRUE,0.0468446061757725,25,131,2,0.0152671755725191,0.08,"GO:0090023","GO:BP","positive regulation of neutrophil chemotaxis",21026,17722
"780","midnightblue",TRUE,0.0468446061757725,25,131,2,0.0152671755725191,0.08,"GO:0009110","GO:BP","vitamin biosynthetic process",21026,3265
"781","midnightblue",TRUE,0.0468446061757725,25,131,2,0.0152671755725191,0.08,"GO:0032967","GO:BP","positive regulation of collagen biosynthetic process",21026,7894
"782","midnightblue",TRUE,0.0468446061757725,25,131,2,0.0152671755725191,0.08,"GO:1903902","GO:BP","positive regulation of viral life cycle",21026,23022
"783","midnightblue",TRUE,0.0468446061757725,25,131,2,0.0152671755725191,0.08,"GO:0030220","GO:BP","platelet formation",21026,6691
"784","midnightblue",TRUE,0.0472329866720032,212,131,5,0.0381679389312977,0.0235849056603774,"GO:0019724","GO:BP","B cell mediated immunity",21026,5987
"785","midnightblue",TRUE,0.0474005977038064,137,131,4,0.0305343511450382,0.0291970802919708,"GO:0050680","GO:BP","negative regulation of epithelial cell proliferation",21026,13043
"786","midnightblue",TRUE,0.0474005977038064,296,131,6,0.0458015267175573,0.0202702702702703,"GO:0051962","GO:BP","positive regulation of nervous system development",21026,13837
"787","midnightblue",TRUE,0.0480785098276448,483,131,8,0.0610687022900763,0.0165631469979296,"GO:0001934","GO:BP","positive regulation of protein phosphorylation",21026,546
"788","midnightblue",TRUE,0.0484562092724326,138,131,4,0.0305343511450382,0.0289855072463768,"GO:0006195","GO:BP","purine nucleotide catabolic process",21026,2019
"789","midnightblue",TRUE,0.049050685168615,74,131,3,0.0229007633587786,0.0405405405405405,"GO:0031343","GO:BP","positive regulation of cell killing",21026,7095
"790","midnightblue",TRUE,0.0494595812180191,139,131,4,0.0305343511450382,0.0287769784172662,"GO:0002702","GO:BP","positive regulation of production of molecular mediator of immune response",21026,1218
"791","midnightblue",TRUE,0.0494595812180191,139,131,4,0.0305343511450382,0.0287769784172662,"GO:0002244","GO:BP","hematopoietic progenitor cell differentiation",21026,775
"792","midnightblue",TRUE,0.0498762470660412,26,131,2,0.0152671755725191,0.0769230769230769,"GO:0033622","GO:BP","integrin activation",21026,8263
"793","midnightblue",TRUE,0.0498762470660412,26,131,2,0.0152671755725191,0.0769230769230769,"GO:0032753","GO:BP","positive regulation of interleukin-4 production",21026,7742
"794","midnightblue",TRUE,3.48234647742946e-17,2562,133,56,0.421052631578947,0.0218579234972678,"GO:0097708","GO:CC","intracellular vesicle",22149,3068
"795","midnightblue",TRUE,3.48234647742946e-17,2556,133,56,0.421052631578947,0.0219092331768388,"GO:0031410","GO:CC","cytoplasmic vesicle",22149,1078
"796","midnightblue",TRUE,3.48234647742946e-17,4033,133,70,0.526315789473684,0.017356806347632,"GO:0031982","GO:CC","vesicle",22149,1199
"797","midnightblue",TRUE,1.77322912679286e-13,6347,133,82,0.616541353383459,0.0129194895226091,"GO:0071944","GO:CC","cell periphery",22149,2725
"798","midnightblue",TRUE,1.75347073704228e-11,5866,133,75,0.56390977443609,0.0127855438117968,"GO:0005886","GO:CC","plasma membrane",22149,409
"799","midnightblue",TRUE,3.66784651972707e-11,907,133,28,0.210526315789474,0.0308710033076075,"GO:0030141","GO:CC","secretory granule",22149,891
"800","midnightblue",TRUE,5.3771419848174e-10,1099,133,29,0.218045112781955,0.0263876251137398,"GO:0099503","GO:CC","secretory vesicle",22149,3293
"801","midnightblue",TRUE,1.19139509229601e-09,4258,133,59,0.443609022556391,0.0138562705495538,"GO:0005576","GO:CC","extracellular region",22149,194
"802","midnightblue",TRUE,1.57577464698522e-08,12527,133,109,0.819548872180451,0.0087012053963439,"GO:0005737","GO:CC","cytoplasm",22149,304
"803","midnightblue",TRUE,4.56236505434512e-08,2111,133,37,0.278195488721804,0.0175272382756987,"GO:0070062","GO:CC","extracellular exosome",22149,2353
"804","midnightblue",TRUE,5.23945048181849e-08,2142,133,37,0.278195488721804,0.0172735760971055,"GO:0065010","GO:CC","extracellular membrane-bounded organelle",22149,2333
"805","midnightblue",TRUE,5.23945048181849e-08,2141,133,37,0.278195488721804,0.017281644091546,"GO:1903561","GO:CC","extracellular vesicle",22149,3657
"806","midnightblue",TRUE,5.23945048181849e-08,2142,133,37,0.278195488721804,0.0172735760971055,"GO:0043230","GO:CC","extracellular organelle",22149,1844
"807","midnightblue",TRUE,9.74473962730707e-08,9953,133,93,0.699248120300752,0.00934391640711343,"GO:0016020","GO:CC","membrane",22149,699
"808","midnightblue",TRUE,9.74473962730707e-08,3315,133,47,0.353383458646617,0.0141779788838612,"GO:0005615","GO:CC","extracellular space",22149,227
"809","midnightblue",TRUE,1.43716727112303e-07,4872,133,59,0.443609022556391,0.0121100164203612,"GO:0012505","GO:CC","endomembrane system",22149,666
"810","midnightblue",TRUE,1.79357827338703e-07,323,133,14,0.105263157894737,0.043343653250774,"GO:0034774","GO:CC","secretory granule lumen",22149,1536
"811","midnightblue",TRUE,2.0250651374821e-07,329,133,14,0.105263157894737,0.0425531914893617,"GO:0031983","GO:CC","vesicle lumen",22149,1200
"812","midnightblue",TRUE,2.0250651374821e-07,328,133,14,0.105263157894737,0.0426829268292683,"GO:0060205","GO:CC","cytoplasmic vesicle lumen",22149,2222
"813","midnightblue",TRUE,2.40781211827785e-07,184,133,11,0.0827067669172932,0.0597826086956522,"GO:0101002","GO:CC","ficolin-1-rich granule",22149,3312
"814","midnightblue",TRUE,6.1947392742164e-07,158,133,10,0.075187969924812,0.0632911392405063,"GO:0042581","GO:CC","specific granule",22149,1760
"815","midnightblue",TRUE,8.87483209140155e-07,124,133,9,0.0676691729323308,0.0725806451612903,"GO:1904813","GO:CC","ficolin-1-rich granule lumen",22149,3676
"816","midnightblue",TRUE,9.72284048880811e-07,90,133,8,0.0601503759398496,0.0888888888888889,"GO:0035579","GO:CC","specific granule membrane",22149,1589
"817","midnightblue",TRUE,1.77317893957915e-06,1271,133,25,0.18796992481203,0.019669551534225,"GO:0012506","GO:CC","vesicle membrane",22149,667
"818","midnightblue",TRUE,1.77317893957915e-06,534,133,16,0.120300751879699,0.0299625468164794,"GO:0015629","GO:CC","actin cytoskeleton",22149,686
"819","midnightblue",TRUE,4.88752142044595e-06,1252,133,24,0.180451127819549,0.0191693290734824,"GO:0030659","GO:CC","cytoplasmic vesicle membrane",22149,923
"820","midnightblue",TRUE,5.25351033396828e-06,204,133,10,0.075187969924812,0.0490196078431373,"GO:0030027","GO:CC","lamellipodium",22149,843
"821","midnightblue",TRUE,5.98017525277899e-06,319,133,12,0.0902255639097744,0.0376175548589342,"GO:0030667","GO:CC","secretory granule membrane",22149,930
"822","midnightblue",TRUE,6.09571076179674e-06,914,133,20,0.150375939849624,0.0218818380743982,"GO:0009986","GO:CC","cell surface",22149,641
"823","midnightblue",TRUE,2.2351906867172e-05,16,133,4,0.0300751879699248,0.25,"GO:0043020","GO:CC","NADPH oxidase complex",22149,1809
"824","midnightblue",TRUE,2.2351906867172e-05,433,133,13,0.0977443609022556,0.0300230946882217,"GO:0031252","GO:CC","cell leading edge",22149,1046
"825","midnightblue",TRUE,2.77467424257759e-05,17,133,4,0.0300751879699248,0.235294117647059,"GO:0042613","GO:CC","MHC class II protein complex",22149,1775
"826","midnightblue",TRUE,5.36328955785026e-05,2441,133,33,0.24812030075188,0.0135190495698484,"GO:0042995","GO:CC","cell projection",22149,1807
"827","midnightblue",TRUE,7.02845070189157e-05,725,133,16,0.120300751879699,0.0220689655172414,"GO:0098797","GO:CC","plasma membrane protein complex",22149,3189
"828","midnightblue",TRUE,8.08808626926943e-05,912,133,18,0.135338345864662,0.0197368421052632,"GO:0070161","GO:CC","anchoring junction",22149,2375
"829","midnightblue",TRUE,8.08808626926943e-05,351,133,11,0.0827067669172932,0.0313390313390313,"GO:0030139","GO:CC","endocytic vesicle",22149,889
"830","midnightblue",TRUE,9.2135266081072e-05,746,133,16,0.120300751879699,0.0214477211796247,"GO:0098552","GO:CC","side of membrane",22149,3119
"831","midnightblue",TRUE,0.000100973431921793,24,133,4,0.0300751879699248,0.166666666666667,"GO:0042611","GO:CC","MHC protein complex",22149,1773
"832","midnightblue",TRUE,0.000119901718188929,184,133,8,0.0601503759398496,0.0434782608695652,"GO:0001726","GO:CC","ruffle",22149,152
"833","midnightblue",TRUE,0.000119901718188929,770,133,16,0.120300751879699,0.0207792207792208,"GO:0005764","GO:CC","lysosome",22149,319
"834","midnightblue",TRUE,0.000119901718188929,770,133,16,0.120300751879699,0.0207792207792208,"GO:0000323","GO:CC","lytic vacuole",22149,50
"835","midnightblue",TRUE,0.000119901718188929,2323,133,31,0.233082706766917,0.0133448127421438,"GO:0120025","GO:CC","plasma membrane bounded cell projection",22149,3372
"836","midnightblue",TRUE,0.000162195633298447,2251,133,30,0.225563909774436,0.0133274100399822,"GO:0098588","GO:CC","bounding membrane of organelle",22149,3147
"837","midnightblue",TRUE,0.000259462704579985,2,133,2,0.0150375939849624,1,"GO:0034687","GO:CC","integrin alphaL-beta2 complex",22149,1498
"838","midnightblue",TRUE,0.000259493561537332,408,133,11,0.0827067669172932,0.0269607843137255,"GO:0009897","GO:CC","external side of plasma membrane",22149,634
"839","midnightblue",TRUE,0.000363218001670619,5534,133,54,0.406015037593985,0.00975786049873509,"GO:0005829","GO:CC","cytosol",22149,367
"840","midnightblue",TRUE,0.000399029377299885,163,133,7,0.0526315789473684,0.0429447852760736,"GO:0070820","GO:CC","tertiary granule",22149,2498
"841","midnightblue",TRUE,0.00043592604782603,867,133,16,0.120300751879699,0.0184544405997693,"GO:0005773","GO:CC","vacuole",22149,327
"842","midnightblue",TRUE,0.000477632394770627,72,133,5,0.037593984962406,0.0694444444444444,"GO:0070821","GO:CC","tertiary granule membrane",22149,2499
"843","midnightblue",TRUE,0.000638750909634459,123,133,6,0.0451127819548872,0.0487804878048781,"GO:0005884","GO:CC","actin filament",22149,407
"844","midnightblue",TRUE,0.000788502815493824,2474,133,30,0.225563909774436,0.0121261115602264,"GO:0005856","GO:CC","cytoskeleton",22149,386
"845","midnightblue",TRUE,0.00149801352387183,205,133,7,0.0526315789473684,0.0341463414634146,"GO:0030666","GO:CC","endocytic vesicle membrane",22149,929
"846","midnightblue",TRUE,0.00159401611645232,147,133,6,0.0451127819548872,0.0408163265306122,"GO:0045335","GO:CC","phagocytic vesicle",22149,2124
"847","midnightblue",TRUE,0.00182456395992063,436,133,10,0.075187969924812,0.0229357798165138,"GO:0030055","GO:CC","cell-substrate junction",22149,845
"848","midnightblue",TRUE,0.00213393406548145,531,133,11,0.0827067669172932,0.0207156308851224,"GO:0043235","GO:CC","receptor complex",22149,1848
"849","midnightblue",TRUE,0.00353903026237363,28,133,3,0.0225563909774436,0.107142857142857,"GO:0001891","GO:CC","phagocytic cup",22149,158
"850","midnightblue",TRUE,0.00547680074161994,8,133,2,0.0150375939849624,0.25,"GO:0032010","GO:CC","phagolysosome",22149,1206
"851","midnightblue",TRUE,0.00607469836013867,426,133,9,0.0676691729323308,0.0211267605633803,"GO:0005925","GO:CC","focal adhesion",22149,438
"852","midnightblue",TRUE,0.00666321495614354,9,133,2,0.0150375939849624,0.222222222222222,"GO:0097651","GO:CC","phosphatidylinositol 3-kinase complex, class I",22149,3040
"853","midnightblue",TRUE,0.00666321495614354,9,133,2,0.0150375939849624,0.222222222222222,"GO:0005943","GO:CC","phosphatidylinositol 3-kinase complex, class IA",22149,450
"854","midnightblue",TRUE,0.00793748624031197,360,133,8,0.0601503759398496,0.0222222222222222,"GO:0031253","GO:CC","cell projection membrane",22149,1047
"855","midnightblue",TRUE,0.0087756427334257,1393,133,18,0.135338345864662,0.012921751615219,"GO:0098796","GO:CC","membrane protein complex",22149,3188
"856","midnightblue",TRUE,0.00886826848798938,3842,133,37,0.278195488721804,0.00963040083289953,"GO:0031090","GO:CC","organelle membrane",22149,1017
"857","midnightblue",TRUE,0.00923070201995322,41,133,3,0.0225563909774436,0.0731707317073171,"GO:0098576","GO:CC","lumenal side of membrane",22149,3141
"858","midnightblue",TRUE,0.00923070201995322,11,133,2,0.0150375939849624,0.181818181818182,"GO:0031209","GO:CC","SCAR complex",22149,1032
"859","midnightblue",TRUE,0.00923070201995322,41,133,3,0.0225563909774436,0.0731707317073171,"GO:0002102","GO:CC","podosome",22149,168
"860","midnightblue",TRUE,0.00929033271531563,292,133,7,0.0526315789473684,0.023972602739726,"GO:0009925","GO:CC","basal plasma membrane",22149,638
"861","midnightblue",TRUE,0.00992484194317841,659,133,11,0.0827067669172932,0.0166919575113809,"GO:0030424","GO:CC","axon",22149,907
"862","midnightblue",TRUE,0.0100819086944008,1083,133,15,0.112781954887218,0.0138504155124654,"GO:0005768","GO:CC","endosome",22149,323
"863","midnightblue",TRUE,0.0119361139496883,1332,133,17,0.12781954887218,0.0127627627627628,"GO:0098590","GO:CC","plasma membrane region",22149,3148
"864","midnightblue",TRUE,0.0124703178025291,311,133,7,0.0526315789473684,0.022508038585209,"GO:0045178","GO:CC","basal part of cell",22149,2099
"865","midnightblue",TRUE,0.0133434730021428,99,133,4,0.0300751879699248,0.0404040404040404,"GO:0005902","GO:CC","microvillus",22149,423
"866","midnightblue",TRUE,0.0134617761113608,14,133,2,0.0150375939849624,0.142857142857143,"GO:0001931","GO:CC","uropod",22149,160
"867","midnightblue",TRUE,0.0134617761113608,100,133,4,0.0300751879699248,0.04,"GO:0043202","GO:CC","lysosomal lumen",22149,1831
"868","midnightblue",TRUE,0.0137666022247576,101,133,4,0.0300751879699248,0.0396039603960396,"GO:0032587","GO:CC","ruffle membrane",22149,1288
"869","midnightblue",TRUE,0.0149850400556727,15,133,2,0.0150375939849624,0.133333333333333,"GO:0031254","GO:CC","cell trailing edge",22149,1048
"870","midnightblue",TRUE,0.0163525946600728,173,133,5,0.037593984962406,0.0289017341040462,"GO:0030427","GO:CC","site of polarized growth",22149,910
"871","midnightblue",TRUE,0.0174937870264294,2401,133,25,0.18796992481203,0.0104123281965848,"GO:0030054","GO:CC","cell junction",22149,844
"872","midnightblue",TRUE,0.0183434992587114,526,133,9,0.0676691729323308,0.0171102661596958,"GO:0005911","GO:CC","cell-cell junction",22149,426
"873","midnightblue",TRUE,0.018608867946535,180,133,5,0.037593984962406,0.0277777777777778,"GO:0005775","GO:CC","vacuolar lumen",22149,329
"874","midnightblue",TRUE,0.0192521490253128,182,133,5,0.037593984962406,0.0274725274725275,"GO:0031256","GO:CC","leading edge membrane",22149,1050
"875","midnightblue",TRUE,0.0230786344619981,1,133,1,0.0075187969924812,1,"GO:0031680","GO:CC","G-protein beta/gamma-subunit complex",22149,1162
"876","midnightblue",TRUE,0.0230786344619981,1,133,1,0.0075187969924812,1,"GO:0035693","GO:CC","NOS2-CD74 complex",22149,1600
"877","midnightblue",TRUE,0.0277814001022623,1355,133,16,0.120300751879699,0.0118081180811808,"GO:0043005","GO:CC","neuron projection",22149,1808
"878","midnightblue",TRUE,0.0286782737304248,22,133,2,0.0150375939849624,0.0909090909090909,"GO:0005767","GO:CC","secondary lysosome",22149,322
"879","midnightblue",TRUE,0.032994200705926,295,133,6,0.0451127819548872,0.0203389830508475,"GO:0045121","GO:CC","membrane raft",22149,2092
"880","midnightblue",TRUE,0.0336507363959875,297,133,6,0.0451127819548872,0.0202020202020202,"GO:0098857","GO:CC","membrane microdomain",22149,3219
"881","midnightblue",TRUE,0.0338468279918873,72,133,3,0.0225563909774436,0.0416666666666667,"GO:0030669","GO:CC","clathrin-coated endocytic vesicle membrane",22149,932
"882","midnightblue",TRUE,0.0366059164261681,397,133,7,0.0526315789473684,0.017632241813602,"GO:0062023","GO:CC","collagen-containing extracellular matrix",22149,2296
"883","midnightblue",TRUE,0.0386432546318419,2,133,1,0.0075187969924812,0.5,"GO:1990794","GO:CC","basolateral part of cell",22149,3985
"884","midnightblue",TRUE,0.0386432546318419,2,133,1,0.0075187969924812,0.5,"GO:0035692","GO:CC","macrophage migration inhibitory factor receptor complex",22149,1599
"885","midnightblue",TRUE,0.0386432546318419,147,133,4,0.0300751879699248,0.0272108843537415,"GO:1990204","GO:CC","oxidoreductase complex",22149,3789
"886","midnightblue",TRUE,0.0386432546318419,2,133,1,0.0075187969924812,0.5,"GO:0097133","GO:CC","cyclin D3-CDK6 complex",22149,2852
"887","midnightblue",TRUE,0.0386432546318419,2,133,1,0.0075187969924812,0.5,"GO:0036284","GO:CC","tubulobulbar complex",22149,1660
"888","midnightblue",TRUE,0.0386432546318419,2,133,1,0.0075187969924812,0.5,"GO:0070319","GO:CC","Golgi to plasma membrane transport vesicle",22149,2392
"889","midnightblue",TRUE,0.0386432546318419,2,133,1,0.0075187969924812,0.5,"GO:0034688","GO:CC","integrin alphaM-beta2 complex",22149,1499
"890","midnightblue",TRUE,0.0386432546318419,2,133,1,0.0075187969924812,0.5,"GO:0034689","GO:CC","integrin alphaX-beta2 complex",22149,1500
"891","midnightblue",TRUE,0.0386432546318419,2,133,1,0.0075187969924812,0.5,"GO:0097130","GO:CC","cyclin D3-CDK4 complex",22149,2849
"892","midnightblue",TRUE,0.0386432546318419,2,133,1,0.0075187969924812,0.5,"GO:0072563","GO:CC","endothelial microparticle",22149,2747
"893","midnightblue",TRUE,0.0411421439150876,29,133,2,0.0150375939849624,0.0689655172413793,"GO:0005942","GO:CC","phosphatidylinositol 3-kinase complex",22149,449
"894","midnightblue",TRUE,0.0411421439150876,232,133,5,0.037593984962406,0.021551724137931,"GO:0098858","GO:CC","actin-based cell projection",22149,3220
"895","midnightblue",TRUE,0.0411421439150876,321,133,6,0.0451127819548872,0.0186915887850467,"GO:0005770","GO:CC","late endosome",22149,325
"896","midnightblue",TRUE,0.043864848815799,84,133,3,0.0225563909774436,0.0357142857142857,"GO:0030670","GO:CC","phagocytic vesicle membrane",22149,933
"897","midnightblue",TRUE,0.0448385669960676,85,133,3,0.0225563909774436,0.0352941176470588,"GO:0030864","GO:CC","cortical actin cytoskeleton",22149,954
"898","midnightblue",TRUE,0.0451183491907632,31,133,2,0.0150375939849624,0.0645161290322581,"GO:0098553","GO:CC","lumenal side of endoplasmic reticulum membrane",22149,3120
"899","midnightblue",TRUE,0.0474867788188816,32,133,2,0.0150375939849624,0.0625,"GO:0008305","GO:CC","integrin complex",22149,489
"900","midnightblue",TRUE,0.0492523478043678,89,133,3,0.0225563909774436,0.0337078651685393,"GO:0045334","GO:CC","clathrin-coated endocytic vesicle",22149,2123
"901","midnightblue",TRUE,3.99177758007744e-08,442,131,19,0.145038167938931,0.0429864253393665,"GO:0003779","GO:MF","actin binding",20246,348
"902","midnightblue",TRUE,4.45407499872793e-07,15123,131,124,0.946564885496183,0.00819943132976261,"GO:0005515","GO:MF","protein binding",20246,1462
"903","midnightblue",TRUE,3.32143845927414e-06,1314,131,28,0.213740458015267,0.0213089802130898,"GO:0044877","GO:MF","protein-containing complex binding",20246,5529
"904","midnightblue",TRUE,7.00722349333807e-06,150,131,10,0.0763358778625954,0.0666666666666667,"GO:0019955","GO:MF","cytokine binding",20246,3503
"905","midnightblue",TRUE,1.33005072074384e-05,209,131,11,0.083969465648855,0.0526315789473684,"GO:0051015","GO:MF","actin filament binding",20246,7369
"906","midnightblue",TRUE,3.82228669032162e-05,24,131,5,0.0381679389312977,0.208333333333333,"GO:0023026","GO:MF","MHC class II protein complex binding",20246,3581
"907","midnightblue",TRUE,9.7850388083775e-05,121,131,8,0.0610687022900763,0.0661157024793388,"GO:0017124","GO:MF","SH3 domain binding",20246,3090
"908","midnightblue",TRUE,0.00015277083743905,33,131,5,0.0381679389312977,0.151515151515152,"GO:0023023","GO:MF","MHC protein complex binding",20246,3578
"909","midnightblue",TRUE,0.000295338633979611,1339,131,24,0.183206106870229,0.0179238237490665,"GO:0030234","GO:MF","enzyme regulator activity",20246,3618
"910","midnightblue",TRUE,0.000382799367647663,1001,131,20,0.152671755725191,0.01998001998002,"GO:0008092","GO:MF","cytoskeletal protein binding",20246,1514
"911","midnightblue",TRUE,0.000441694286850757,324,131,11,0.083969465648855,0.0339506172839506,"GO:0019003","GO:MF","GDP binding",20246,3351
"912","midnightblue",TRUE,0.000694660777934625,499,131,13,0.099236641221374,0.0260521042084168,"GO:0030695","GO:MF","GTPase regulator activity",20246,3749
"913","midnightblue",TRUE,0.000694660777934625,651,131,15,0.114503816793893,0.0230414746543779,"GO:0032561","GO:MF","guanyl ribonucleotide binding",20246,4214
"914","midnightblue",TRUE,0.000694660777934625,651,131,15,0.114503816793893,0.0230414746543779,"GO:0019001","GO:MF","guanyl nucleotide binding",20246,3349
"915","midnightblue",TRUE,0.000694660777934625,796,131,17,0.129770992366412,0.021356783919598,"GO:0003924","GO:MF","GTPase activity",20246,434
"916","midnightblue",TRUE,0.000694660777934625,906,131,18,0.137404580152672,0.0198675496688742,"GO:0016773","GO:MF","phosphotransferase activity, alcohol group as acceptor",20246,2906
"917","midnightblue",TRUE,0.000694660777934625,499,131,13,0.099236641221374,0.0260521042084168,"GO:0060589","GO:MF","nucleoside-triphosphatase regulator activity",20246,7760
"918","midnightblue",TRUE,0.000694660777934625,2195,131,31,0.236641221374046,0.014123006833713,"GO:0098772","GO:MF","molecular function regulator activity",20246,8521
"919","midnightblue",TRUE,0.0023700952971063,1000,131,18,0.137404580152672,0.018,"GO:0016301","GO:MF","kinase activity",20246,2705
"920","midnightblue",TRUE,0.0026753550754142,18498,131,130,0.99236641221374,0.00702778678776084,"GO:0005488","GO:MF","binding",20246,1450
"921","midnightblue",TRUE,0.00335114921166374,3,131,2,0.0152671755725191,0.666666666666667,"GO:0030369","GO:MF","ICAM-3 receptor activity",20246,3670
"922","midnightblue",TRUE,0.00359257801888707,16,131,3,0.0229007633587786,0.1875,"GO:0016175","GO:MF","superoxide-generating NAD(P)H oxidase activity",20246,2668
"923","midnightblue",TRUE,0.00366191428043407,235,131,8,0.0610687022900763,0.0340425531914894,"GO:0005085","GO:MF","guanyl-nucleotide exchange factor activity",20246,1241
"924","midnightblue",TRUE,0.00420043324645546,614,131,13,0.099236641221374,0.0211726384364821,"GO:0005525","GO:MF","GTP binding",20246,1471
"925","midnightblue",TRUE,0.00560602563041268,4,131,2,0.0152671755725191,0.5,"GO:0005534","GO:MF","galactose binding",20246,1474
"926","midnightblue",TRUE,0.00750300258131867,22,131,3,0.0229007633587786,0.136363636363636,"GO:0050664","GO:MF","oxidoreductase activity, acting on NAD(P)H, oxygen as acceptor",20246,7326
"927","midnightblue",TRUE,0.00750300258131867,5,131,2,0.0152671755725191,0.4,"GO:0004340","GO:MF","glucokinase activity",20246,677
"928","midnightblue",TRUE,0.00750300258131867,5,131,2,0.0152671755725191,0.4,"GO:0004396","GO:MF","hexokinase activity",20246,723
"929","midnightblue",TRUE,0.00750300258131867,5,131,2,0.0152671755725191,0.4,"GO:0008865","GO:MF","fructokinase activity",20246,1945
"930","midnightblue",TRUE,0.00750300258131867,491,131,11,0.083969465648855,0.0224032586558045,"GO:0005543","GO:MF","phospholipid binding",20246,1480
"931","midnightblue",TRUE,0.00750300258131867,22,131,3,0.0229007633587786,0.136363636363636,"GO:0031683","GO:MF","G-protein beta/gamma-subunit complex binding",20246,3907
"932","midnightblue",TRUE,0.00830853954506539,152,131,6,0.0458015267175573,0.0394736842105263,"GO:0140375","GO:MF","immune receptor activity",20246,9367
"933","midnightblue",TRUE,0.00911427184077541,284,131,8,0.0610687022900763,0.028169014084507,"GO:0030246","GO:MF","carbohydrate binding",20246,3620
"934","midnightblue",TRUE,0.00924027922030354,1176,131,18,0.137404580152672,0.0153061224489796,"GO:0016772","GO:MF","transferase activity, transferring phosphorus-containing groups",20246,2905
"935","midnightblue",TRUE,0.00924027922030354,104,131,5,0.0381679389312977,0.0480769230769231,"GO:0004896","GO:MF","cytokine receptor activity",20246,1119
"936","midnightblue",TRUE,0.00924027922030354,2053,131,26,0.198473282442748,0.0126643935703848,"GO:0060089","GO:MF","molecular transducer activity",20246,7750
"937","midnightblue",TRUE,0.00924027922030354,2053,131,26,0.198473282442748,0.0126643935703848,"GO:0038023","GO:MF","signaling receptor activity",20246,5012
"938","midnightblue",TRUE,0.00924027922030354,610,131,12,0.0916030534351145,0.019672131147541,"GO:0008047","GO:MF","enzyme activator activity",20246,1502
"939","midnightblue",TRUE,0.0106917677349997,1201,131,18,0.137404580152672,0.0149875104079933,"GO:0017111","GO:MF","ribonucleoside triphosphate phosphatase activity",20246,3086
"940","midnightblue",TRUE,0.0117160771791266,2685,131,31,0.236641221374046,0.0115456238361266,"GO:0043168","GO:MF","anion binding",20246,5225
"941","midnightblue",TRUE,0.0118124748904563,7,131,2,0.0152671755725191,0.285714285714286,"GO:0043120","GO:MF","tumor necrosis factor binding",20246,5216
"942","midnightblue",TRUE,0.0149537720567509,564,131,11,0.083969465648855,0.0195035460992908,"GO:0050839","GO:MF","cell adhesion molecule binding",20246,7357
"943","midnightblue",TRUE,0.0149537720567509,8,131,2,0.0152671755725191,0.25,"GO:0016176","GO:MF","superoxide-generating NADPH oxidase activator activity",20246,2669
"944","midnightblue",TRUE,0.015474075844912,2147,131,26,0.198473282442748,0.0121099208197485,"GO:0032555","GO:MF","purine ribonucleotide binding",20246,4208
"945","midnightblue",TRUE,0.0156001129300004,1261,131,18,0.137404580152672,0.014274385408406,"GO:0016462","GO:MF","pyrophosphatase activity",20246,2748
"946","midnightblue",TRUE,0.0156001129300004,1262,131,18,0.137404580152672,0.0142630744849445,"GO:0016818","GO:MF","hydrolase activity, acting on acid anhydrides, in phosphorus-containing anhydrides",20246,2941
"947","midnightblue",TRUE,0.0156001129300004,1262,131,18,0.137404580152672,0.0142630744849445,"GO:0016817","GO:MF","hydrolase activity, acting on acid anhydrides",20246,2940
"948","midnightblue",TRUE,0.0158988801230853,2164,131,26,0.198473282442748,0.0120147874306839,"GO:0032553","GO:MF","ribonucleotide binding",20246,4206
"949","midnightblue",TRUE,0.0160409946094973,2406,131,28,0.213740458015267,0.0116375727348296,"GO:0000166","GO:MF","nucleotide binding",20246,31
"950","midnightblue",TRUE,0.0163437753602128,9,131,2,0.0152671755725191,0.222222222222222,"GO:0015183","GO:MF","L-aspartate transmembrane transporter activity",20246,2341
"951","midnightblue",TRUE,0.0163437753602128,2536,131,29,0.221374045801527,0.0114353312302839,"GO:0097367","GO:MF","carbohydrate derivative binding",20246,8439
"952","midnightblue",TRUE,0.0168252233569852,77,131,4,0.0305343511450382,0.051948051948052,"GO:0048029","GO:MF","monosaccharide binding",20246,6703
"953","midnightblue",TRUE,0.0168252233569852,2424,131,28,0.213740458015267,0.0115511551155116,"GO:1901265","GO:MF","nucleoside phosphate binding",20246,9873
"954","midnightblue",TRUE,0.0176332597412389,2558,131,29,0.221374045801527,0.0113369820172009,"GO:1901363","GO:MF","heterocyclic compound binding",20246,9876
"955","midnightblue",TRUE,0.0182635325663251,786,131,13,0.099236641221374,0.0165394402035623,"GO:0004672","GO:MF","protein kinase activity",20246,947
"956","midnightblue",TRUE,0.0185733683125095,1521,131,20,0.152671755725191,0.0131492439184747,"GO:0005102","GO:MF","signaling receptor binding",20246,1248
"957","midnightblue",TRUE,0.0197242762673964,82,131,4,0.0305343511450382,0.0487804878048781,"GO:0015101","GO:MF","organic cation transmembrane transporter activity",20246,2269
"958","midnightblue",TRUE,0.0208922370252275,2241,131,26,0.198473282442748,0.0116019634091923,"GO:0017076","GO:MF","purine nucleotide binding",20246,3071
"959","midnightblue",TRUE,0.0208922370252275,11,131,2,0.0152671755725191,0.181818181818182,"GO:0034713","GO:MF","type I transforming growth factor beta receptor binding",20246,4757
"960","midnightblue",TRUE,0.0208922370252275,11,131,2,0.0152671755725191,0.181818181818182,"GO:0005114","GO:MF","type II transforming growth factor beta receptor binding",20246,1255
"961","midnightblue",TRUE,0.0234944437825251,42,131,3,0.0229007633587786,0.0714285714285714,"GO:0042605","GO:MF","peptide antigen binding",20246,5128
"962","midnightblue",TRUE,0.0236535703394082,12,131,2,0.0152671755725191,0.166666666666667,"GO:0106292","GO:MF","superoxide-generating NADPH oxidase activity",20246,9075
"963","midnightblue",TRUE,0.0236535703394082,12,131,2,0.0152671755725191,0.166666666666667,"GO:0005536","GO:MF","D-glucose binding",20246,1475
"964","midnightblue",TRUE,0.0274011190522969,13,131,2,0.0152671755725191,0.153846153846154,"GO:0035673","GO:MF","oligopeptide transmembrane transporter activity",20246,4875
"965","midnightblue",TRUE,0.0295085656825044,557,131,10,0.0763358778625954,0.0179533213644524,"GO:0004674","GO:MF","protein serine/threonine kinase activity",20246,949
"966","midnightblue",TRUE,0.0304075579747076,655,131,11,0.083969465648855,0.016793893129771,"GO:0019904","GO:MF","protein domain specific binding",20246,3497
"967","midnightblue",TRUE,0.0304075579747076,14,131,2,0.0152671755725191,0.142857142857143,"GO:0071933","GO:MF","Arp2/3 complex binding",20246,8172
"968","midnightblue",TRUE,0.030754909706234,857,131,13,0.099236641221374,0.015169194865811,"GO:0008289","GO:MF","lipid binding",20246,1613
"969","midnightblue",TRUE,0.030754909706234,2087,131,24,0.183206106870229,0.0114997604216579,"GO:0035639","GO:MF","purine ribonucleoside triphosphate binding",20246,4867
"970","midnightblue",TRUE,0.0315590154278583,1177,131,16,0.122137404580153,0.0135938827527613,"GO:0140677","GO:MF","molecular function activator activity",20246,9465
"971","midnightblue",TRUE,0.032969177877568,15,131,2,0.0152671755725191,0.133333333333333,"GO:0015556","GO:MF","C4-dicarboxylate transmembrane transporter activity",20246,2564
"972","midnightblue",TRUE,0.0369989212659586,16,131,2,0.0152671755725191,0.125,"GO:0008429","GO:MF","phosphatidylethanolamine binding",20246,1677
"973","midnightblue",TRUE,0.0426595893762517,1,131,1,0.00763358778625954,1,"GO:0047931","GO:MF","glucosamine kinase activity",20246,6631
"974","midnightblue",TRUE,0.0426595893762517,18,131,2,0.0152671755725191,0.111111111111111,"GO:0046624","GO:MF","sphingolipid transporter activity",20246,5683
"975","midnightblue",TRUE,0.0426595893762517,1,131,1,0.00763358778625954,1,"GO:0050121","GO:MF","N-acylglucosamine 2-epimerase activity",20246,6849
"976","midnightblue",TRUE,0.0426595893762517,1,131,1,0.00763358778625954,1,"GO:0015191","GO:MF","L-methionine transmembrane transporter activity",20246,2349
"977","midnightblue",TRUE,0.0426595893762517,1,131,1,0.00763358778625954,1,"GO:0043795","GO:MF","glyceraldehyde oxidoreductase activity",20246,5341
"978","midnightblue",TRUE,0.0426595893762517,1,131,1,0.00763358778625954,1,"GO:0051916","GO:MF","granulocyte colony-stimulating factor binding",20246,7495
"979","midnightblue",TRUE,0.0426595893762517,18,131,2,0.0152671755725191,0.111111111111111,"GO:0015172","GO:MF","acidic amino acid transmembrane transporter activity",20246,2334
"980","midnightblue",TRUE,0.0426595893762517,1,131,1,0.00763358778625954,1,"GO:0042658","GO:MF","MHC class II protein binding, via antigen binding groove",20246,5139
"981","midnightblue",TRUE,0.0426595893762517,1,131,1,0.00763358778625954,1,"GO:0140337","GO:MF","diacylglyceride transfer activity",20246,9351
"982","midnightblue",TRUE,0.0426595893762517,1,131,1,0.00763358778625954,1,"GO:0140340","GO:MF","cerebroside transfer activity",20246,9354
"983","midnightblue",TRUE,0.0426595893762517,1,131,1,0.00763358778625954,1,"GO:0016517","GO:MF","interleukin-12 receptor activity",20246,2770
"984","midnightblue",TRUE,0.0426595893762517,1,131,1,0.00763358778625954,1,"GO:0140339","GO:MF","phosphatidylglycerol transfer activity",20246,9353
"985","midnightblue",TRUE,0.0426595893762517,1,131,1,0.00763358778625954,1,"GO:0043865","GO:MF","methionine transmembrane transporter activity",20246,5394
"986","midnightblue",TRUE,0.0426595893762517,18,131,2,0.0152671755725191,0.111111111111111,"GO:0008381","GO:MF","mechanosensitive monoatomic ion channel activity",20246,1641
"987","midnightblue",TRUE,0.0472425483297328,61,131,3,0.0229007633587786,0.0491803278688525,"GO:0015179","GO:MF","L-amino acid transmembrane transporter activity",20246,2338
"988","midnightblue",TRUE,0.048851717402762,62,131,3,0.0229007633587786,0.0483870967741935,"GO:0015026","GO:MF","coreceptor activity",20246,2228
"989","midnightblue",TRUE,8.91137924984278e-07,581,46,22,0.478260869565217,0.0378657487091222,"HP:0011122","HP","Abnormality of skin physiology",5080,7501
"990","midnightblue",TRUE,8.91137924984278e-07,509,46,21,0.456521739130435,0.0412573673870334,"HP:0011123","HP","Inflammatory abnormality of the skin",5080,7502
"991","midnightblue",TRUE,1.23403592259305e-06,666,46,23,0.5,0.0345345345345345,"HP:0032251","HP","Abnormal immune system morphology",5080,12401
"992","midnightblue",TRUE,1.39143687601836e-06,141,46,12,0.260869565217391,0.0851063829787234,"HP:0001581","HP","Recurrent skin infections",5080,1148
"993","midnightblue",TRUE,1.86193834200672e-06,639,46,22,0.478260869565217,0.0344287949921753,"HP:0001881","HP","Abnormal leukocyte morphology",5080,1357
"994","midnightblue",TRUE,1.86193834200672e-06,639,46,22,0.478260869565217,0.0344287949921753,"HP:0010987","HP","Abnormal cellular immune system morphology",5080,7370
"995","midnightblue",TRUE,2.3965637936844e-06,191,46,13,0.282608695652174,0.0680628272251309,"HP:0000245","HP","Abnormal paranasal sinus morphology",5080,207
"996","midnightblue",TRUE,5.01447124521036e-06,76,46,9,0.195652173913043,0.118421052631579,"HP:0025615","HP","Abscess",5080,10053
"997","midnightblue",TRUE,5.64299812806744e-06,171,46,12,0.260869565217391,0.0701754385964912,"HP:0000246","HP","Sinusitis",5080,208
"998","midnightblue",TRUE,5.97630913104439e-06,107,46,10,0.217391304347826,0.0934579439252336,"HP:0011450","HP","Unusual CNS infection",5080,7818
"999","midnightblue",TRUE,1.00512701926993e-05,114,46,10,0.217391304347826,0.087719298245614,"HP:0032158","HP","Unusual infection by anatomical site",5080,12312
"1000","midnightblue",TRUE,4.10978676003168e-05,1090,46,26,0.565217391304348,0.0238532110091743,"HP:0032101","HP","Unusual infection",5080,12259
"1001","midnightblue",TRUE,4.51105161417792e-05,257,46,13,0.282608695652174,0.0505836575875486,"HP:0004332","HP","Abnormal lymphocyte morphology",5080,3016
"1002","midnightblue",TRUE,6.13185038309297e-05,78,46,8,0.173913043478261,0.102564102564103,"HP:0001287","HP","Meningitis",5080,974
"1003","midnightblue",TRUE,6.95287599122485e-05,110,46,9,0.195652173913043,0.0818181818181818,"HP:0002841","HP","Recurrent fungal infections",5080,2047
"1004","midnightblue",TRUE,9.36002856582781e-05,37,46,6,0.130434782608696,0.162162162162162,"HP:0006510","HP","Chronic pulmonary obstruction",5080,4239
"1005","midnightblue",TRUE,9.36002856582781e-05,37,46,6,0.130434782608696,0.162162162162162,"HP:0005420","HP","Recurrent gram-negative bacterial infections",5080,3658
"1006","midnightblue",TRUE,9.36002856582781e-05,9,46,4,0.0869565217391304,0.444444444444444,"HP:0005224","HP","Rectal abscess",5080,3529
"1007","midnightblue",TRUE,9.36002856582781e-05,237,46,12,0.260869565217391,0.0506329113924051,"HP:0040088","HP","Abnormal lymphocyte count",5080,15204
"1008","midnightblue",TRUE,9.36002856582781e-05,116,46,9,0.195652173913043,0.0775862068965517,"HP:0020100","HP","Unusual fungal infection",5080,9301
"1009","midnightblue",TRUE,0.000100320873847342,509,46,17,0.369565217391304,0.0333988212180747,"HP:0011893","HP","Abnormal leukocyte count",5080,8253
"1010","midnightblue",TRUE,0.000100320873847342,339,46,14,0.304347826086957,0.0412979351032448,"HP:0033796","HP","Abnormal leukocyte physiology",5080,13914
"1011","midnightblue",TRUE,0.000127888306512515,1021,46,24,0.521739130434783,0.0235063663075416,"HP:0002719","HP","Recurrent infections",5080,1965
"1012","midnightblue",TRUE,0.000148087295127037,127,46,9,0.195652173913043,0.0708661417322835,"HP:0100806","HP","Sepsis",5080,16433
"1013","midnightblue",TRUE,0.000150332336302519,1292,46,27,0.58695652173913,0.0208978328173375,"HP:0012649","HP","Increased inflammatory response",5080,8996
"1014","midnightblue",TRUE,0.000150332336302519,1292,46,27,0.58695652173913,0.0208978328173375,"HP:0012647","HP","Abnormal inflammatory response",5080,8994
"1015","midnightblue",TRUE,0.000155727805175376,810,46,21,0.456521739130435,0.0259259259259259,"HP:0011947","HP","Respiratory tract infection",5080,8306
"1016","midnightblue",TRUE,0.000155727805175376,211,46,11,0.239130434782609,0.0521327014218009,"HP:0002718","HP","Recurrent bacterial infections",5080,1964
"1017","midnightblue",TRUE,0.000155727805175376,169,46,10,0.217391304347826,0.0591715976331361,"HP:0000988","HP","Skin rash",5080,768
"1018","midnightblue",TRUE,0.000223844871025168,220,46,11,0.239130434782609,0.05,"HP:0002721","HP","Immunodeficiency",5080,1967
"1019","midnightblue",TRUE,0.000325443800742844,49,46,6,0.130434782608696,0.122448979591837,"HP:0100658","HP","Cellulitis",5080,16305
"1020","midnightblue",TRUE,0.000326173811210899,76,46,7,0.152173913043478,0.0921052631578947,"HP:0003565","HP","Elevated erythrocyte sedimentation rate",5080,2552
"1021","midnightblue",TRUE,0.000377073773305775,78,46,7,0.152173913043478,0.0897435897435897,"HP:0025021","HP","Abnormal erythrocyte sedimentation rate",5080,9504
"1022","midnightblue",TRUE,0.000461181121922014,343,46,13,0.282608695652174,0.0379008746355685,"HP:0010974","HP","Abnormal myeloid leukocyte morphology",5080,7359
"1023","midnightblue",TRUE,0.000509266682517969,294,46,12,0.260869565217391,0.0408163265306122,"HP:0010701","HP","Abnormal circulating immunoglobulin concentration",5080,7103
"1024","midnightblue",TRUE,0.000509266682517969,15,46,4,0.0869565217391304,0.266666666666667,"HP:0032170","HP","Severe varicella zoster infection",5080,12324
"1025","midnightblue",TRUE,0.000509607937456532,295,46,12,0.260869565217391,0.0406779661016949,"HP:0005372","HP","Abnormality of B cell physiology",5080,3638
"1026","midnightblue",TRUE,0.000539026681344694,84,46,7,0.152173913043478,0.0833333333333333,"HP:0011227","HP","Elevated circulating C-reactive protein concentration",5080,7600
"1027","midnightblue",TRUE,0.000549156477888413,669,46,18,0.391304347826087,0.0269058295964126,"HP:0002205","HP","Recurrent respiratory infections",5080,1617
"1028","midnightblue",TRUE,0.000558441915924809,56,46,6,0.130434782608696,0.107142857142857,"HP:0031392","HP","Abnormal CD4+ T cell subset proportion",5080,11589
"1029","midnightblue",TRUE,0.000584676162989063,86,46,7,0.152173913043478,0.0813953488372093,"HP:0025540","HP","Abnormal T cell subset distribution",5080,9987
"1030","midnightblue",TRUE,0.000605494410686869,87,46,7,0.152173913043478,0.0804597701149425,"HP:0032436","HP","Abnormal circulating C-reactive protein concentration",5080,12576
"1031","midnightblue",TRUE,0.000605494410686869,253,46,11,0.239130434782609,0.0434782608695652,"HP:0002783","HP","Recurrent lower respiratory tract infections",5080,2007
"1032","midnightblue",TRUE,0.000671970245625219,124,46,8,0.173913043478261,0.0645161290322581,"HP:0011839","HP","Abnormal T cell count",5080,8201
"1033","midnightblue",TRUE,0.000701001085005659,17,46,4,0.0869565217391304,0.235294117647059,"HP:0034784","HP","Vasculitis by anatomical site",5080,14893
"1034","midnightblue",TRUE,0.000727670588664392,6,46,3,0.0652173913043478,0.5,"HP:0002742","HP","Recurrent Klebsiella infections",5080,1983
"1035","midnightblue",TRUE,0.000744943616927021,1254,46,25,0.543478260869565,0.0199362041467305,"HP:0002088","HP","Abnormal lung morphology",5080,1530
"1036","midnightblue",TRUE,0.000746074589685081,36,46,5,0.108695652173913,0.138888888888889,"HP:0007499","HP","Recurrent staphylococcal infections",5080,4780
"1037","midnightblue",TRUE,0.000746074589685081,370,46,13,0.282608695652174,0.0351351351351351,"HP:0000388","HP","Otitis media",5080,303
"1038","midnightblue",TRUE,0.000747488912050844,128,46,8,0.173913043478261,0.0625,"HP:0002843","HP","Abnormal T cell morphology",5080,2049
"1039","midnightblue",TRUE,0.000747837602638043,316,46,12,0.260869565217391,0.0379746835443038,"HP:0001911","HP","Abnormal granulocyte morphology",5080,1383
"1040","midnightblue",TRUE,0.00077480500826325,18,46,4,0.0869565217391304,0.222222222222222,"HP:0002840","HP","Lymphadenitis",5080,2046
"1041","midnightblue",TRUE,0.000804774406262092,267,46,11,0.239130434782609,0.0411985018726592,"HP:0002733","HP","Abnormal lymph node morphology",5080,1978
"1042","midnightblue",TRUE,0.000804774406262092,267,46,11,0.239130434782609,0.0411985018726592,"HP:0001874","HP","Abnormality of neutrophils",5080,1350
"1043","midnightblue",TRUE,0.000851899918195362,132,46,8,0.173913043478261,0.0606060606060606,"HP:0002037","HP","Inflammation of the large intestine",5080,1486
"1044","midnightblue",TRUE,0.000886561529648226,382,46,13,0.282608695652174,0.0340314136125654,"HP:0005607","HP","Abnormal tracheobronchial morphology",5080,3772
"1045","midnightblue",TRUE,0.000886561529648226,134,46,8,0.173913043478261,0.0597014925373134,"HP:0200042","HP","Skin ulcer",5080,16613
"1046","midnightblue",TRUE,0.000886561529648226,134,46,8,0.173913043478261,0.0597014925373134,"HP:0006536","HP","Airway obstruction",5080,4259
"1047","midnightblue",TRUE,0.000886561529648226,443,46,14,0.304347826086957,0.0316027088036117,"HP:0002250","HP","Abnormal large intestine morphology",5080,1653
"1048","midnightblue",TRUE,0.000926914522778177,328,46,12,0.260869565217391,0.0365853658536585,"HP:0031409","HP","Abnormal lymphocyte physiology",5080,11604
"1049","midnightblue",TRUE,0.00101535441621196,20,46,4,0.0869565217391304,0.2,"HP:0032255","HP","Opportunistic fungal infection",5080,12405
"1050","midnightblue",TRUE,0.00101535441621196,180,46,9,0.195652173913043,0.05,"HP:0004386","HP","Gastrointestinal inflammation",5080,3063
"1051","midnightblue",TRUE,0.00108447576531217,139,46,8,0.173913043478261,0.0575539568345324,"HP:0006532","HP","Recurrent pneumonia",5080,4256
"1052","midnightblue",TRUE,0.0010978053154713,41,46,5,0.108695652173913,0.121951219512195,"HP:0032218","HP","Decreased proportion of CD4-positive T cells",5080,12369
"1053","midnightblue",TRUE,0.00117910787530774,397,46,13,0.282608695652174,0.0327455919395466,"HP:0008609","HP","Abnormal middle ear morphology",5080,5392
"1054","midnightblue",TRUE,0.00129550564244798,1502,46,27,0.58695652173913,0.0179760319573901,"HP:0001871","HP","Abnormality of blood and blood-forming tissues",5080,1347
"1055","midnightblue",TRUE,0.00132893073314691,43,46,5,0.108695652173913,0.116279069767442,"HP:0031379","HP","Abnormal T cell proliferation",5080,11576
"1056","midnightblue",TRUE,0.00136085543376178,8,46,3,0.0652173913043478,0.375,"HP:0005218","HP","Anoperineal fistula",5080,3524
"1057","midnightblue",TRUE,0.00137574229896038,106,46,7,0.152173913043478,0.0660377358490566,"HP:0001974","HP","Increased total leukocyte count",5080,1434
"1058","midnightblue",TRUE,0.00143613735523441,348,46,12,0.260869565217391,0.0344827586206897,"HP:0005368","HP","Abnormality of humoral immunity",5080,3636
"1059","midnightblue",TRUE,0.00144832598795886,1815,46,30,0.652173913043478,0.0165289256198347,"HP:0010978","HP","Abnormality of immune system physiology",5080,7363
"1060","midnightblue",TRUE,0.00144929524751824,73,46,6,0.130434782608696,0.0821917808219178,"HP:0002633","HP","Vasculitis",5080,1898
"1061","midnightblue",TRUE,0.00150385992091017,45,46,5,0.108695652173913,0.111111111111111,"HP:0031377","HP","Abnormal cell proliferation",5080,11574
"1062","midnightblue",TRUE,0.00150385992091017,45,46,5,0.108695652173913,0.111111111111111,"HP:0031378","HP","Abnormal lymphocyte proliferation",5080,11575
"1063","midnightblue",TRUE,0.00150385992091017,23,46,4,0.0869565217391304,0.173913043478261,"HP:0011897","HP","Increased total neutrophil count",5080,8257
"1064","midnightblue",TRUE,0.00160218606853648,75,46,6,0.130434782608696,0.08,"HP:0011108","HP","Recurrent sinusitis",5080,7487
"1065","midnightblue",TRUE,0.00176829127526488,9,46,3,0.0652173913043478,0.333333333333333,"HP:0003203","HP","Decreased neutrophil oxidative burst",5080,2300
"1066","midnightblue",TRUE,0.00176829127526488,9,46,3,0.0652173913043478,0.333333333333333,"HP:0010447","HP","Anal fistula",5080,6872
"1067","midnightblue",TRUE,0.00179039738861175,77,46,6,0.130434782608696,0.0779220779220779,"HP:0002850","HP","Decreased circulating total IgM",5080,2054
"1068","midnightblue",TRUE,0.00179313623456691,113,46,7,0.152173913043478,0.0619469026548673,"HP:0410243","HP","Abnormal circulating IgM concentration",5080,16843
"1069","midnightblue",TRUE,0.00221541208017996,311,46,11,0.239130434782609,0.0353697749196141,"HP:0002090","HP","Pneumonia",5080,1532
"1070","midnightblue",TRUE,0.00225230682981818,1467,46,26,0.565217391304348,0.0177232447171097,"HP:0012252","HP","Abnormal respiratory system morphology",5080,8607
"1071","midnightblue",TRUE,0.00225230682981818,50,46,5,0.108695652173913,0.1,"HP:0012475","HP","Decreased circulating level of specific antibody",5080,8823
"1072","midnightblue",TRUE,0.00230339512519281,10,46,3,0.0652173913043478,0.3,"HP:0002955","HP","Granulomatosis",5080,2133
"1073","midnightblue",TRUE,0.00230339512519281,10,46,3,0.0652173913043478,0.3,"HP:0100523","HP","Liver abscess",5080,16178
"1074","midnightblue",TRUE,0.00246003951880967,210,46,9,0.195652173913043,0.0428571428571429,"HP:0033151","HP","Abnormal pharynx morphology",5080,13275
"1075","midnightblue",TRUE,0.00248484114937692,83,46,6,0.130434782608696,0.072289156626506,"HP:0002583","HP","Colitis",5080,1860
"1076","midnightblue",TRUE,0.0025708834543857,52,46,5,0.108695652173913,0.0961538461538462,"HP:0002728","HP","Chronic mucocutaneous candidiasis",5080,1973
"1077","midnightblue",TRUE,0.00277655283165272,85,46,6,0.130434782608696,0.0705882352941176,"HP:0011840","HP","Abnormality of T cell physiology",5080,8202
"1078","midnightblue",TRUE,0.00302959580983442,514,46,14,0.304347826086957,0.0272373540856031,"HP:0002087","HP","Abnormality of the upper respiratory tract",5080,1529
"1079","midnightblue",TRUE,0.00351032157977647,2130,46,32,0.695652173913043,0.0150234741784038,"HP:0000951","HP","Abnormality of the skin",5080,739
"1080","midnightblue",TRUE,0.00351032157977647,2130,46,32,0.695652173913043,0.0150234741784038,"HP:0002715","HP","Abnormality of the immune system",5080,1961
"1081","midnightblue",TRUE,0.0035833574733374,30,46,4,0.0869565217391304,0.133333333333333,"HP:0100721","HP","Mediastinal lymphadenopathy",5080,16358
"1082","midnightblue",TRUE,0.00383027427649619,225,46,9,0.195652173913043,0.04,"HP:0004313","HP","Decreased circulating immunoglobulin concentration",5080,3001
"1083","midnightblue",TRUE,0.00399014019518099,58,46,5,0.108695652173913,0.0862068965517241,"HP:0031404","HP","Impaired antigen-specific response",5080,11599
"1084","midnightblue",TRUE,0.00399014019518099,31,46,4,0.0869565217391304,0.129032258064516,"HP:0031381","HP","Decreased mitogen-induced T-cell proliferation",5080,11578
"1085","midnightblue",TRUE,0.00444878248238462,32,46,4,0.0869565217391304,0.125,"HP:0040218","HP","Reduced total natural killer cell count",5080,15319
"1086","midnightblue",TRUE,0.00478249154827185,61,46,5,0.108695652173913,0.0819672131147541,"HP:0011370","HP","Recurrent cutaneous fungal infections",5080,7739
"1087","midnightblue",TRUE,0.00478249154827185,234,46,9,0.195652173913043,0.0384615384615385,"HP:0000600","HP","Abnormality of the pharynx",5080,464
"1088","midnightblue",TRUE,0.00478249154827185,33,46,4,0.0869565217391304,0.121212121212121,"HP:0200043","HP","Verrucae",5080,16614
"1089","midnightblue",TRUE,0.00478249154827185,33,46,4,0.0869565217391304,0.121212121212121,"HP:0002726","HP","Recurrent Staphylococcus aureus infections",5080,1972
"1090","midnightblue",TRUE,0.00478249154827185,183,46,8,0.173913043478261,0.0437158469945355,"HP:0002788","HP","Recurrent upper respiratory tract infections",5080,2010
"1091","midnightblue",TRUE,0.00533213003713366,34,46,4,0.0869565217391304,0.117647058823529,"HP:0000230","HP","Gingivitis",5080,194
"1092","midnightblue",TRUE,0.00556711017035679,14,46,3,0.0652173913043478,0.214285714285714,"HP:0004871","HP","Perineal fistula",5080,3317
"1093","midnightblue",TRUE,0.00577390699230545,142,46,7,0.152173913043478,0.0492957746478873,"HP:0002034","HP","Abnormal rectum morphology",5080,1483
"1094","midnightblue",TRUE,0.00639497611056331,102,46,6,0.130434782608696,0.0588235294117647,"HP:0010975","HP","Abnormal B cell count",5080,7360
"1095","midnightblue",TRUE,0.00667195961849675,786,46,17,0.369565217391304,0.0216284987277354,"HP:0100763","HP","Abnormality of the lymphatic system",5080,16396
"1096","midnightblue",TRUE,0.00684615307121713,195,46,8,0.173913043478261,0.041025641025641,"HP:0001739","HP","Abnormal nasopharynx morphology",5080,1261
"1097","midnightblue",TRUE,0.00684615307121713,67,46,5,0.108695652173913,0.0746268656716418,"HP:0002754","HP","Osteomyelitis",5080,1993
"1098","midnightblue",TRUE,0.00684615307121713,37,46,4,0.0869565217391304,0.108108108108108,"HP:0032140","HP","Decreased specific antibody response to vaccination",5080,12294
"1099","midnightblue",TRUE,0.00684615307121713,37,46,4,0.0869565217391304,0.108108108108108,"HP:0011117","HP","Abnormal circulating interleukin concentration",5080,7496
"1100","midnightblue",TRUE,0.00684615307121713,496,46,13,0.282608695652174,0.0262096774193548,"HP:0001744","HP","Splenomegaly",5080,1265
"1101","midnightblue",TRUE,0.00721280163744691,642,46,15,0.326086956521739,0.0233644859813084,"HP:0000370","HP","Abnormality of the middle ear",5080,291
"1102","midnightblue",TRUE,0.00721280163744691,251,46,9,0.195652173913043,0.0358565737051793,"HP:0002716","HP","Lymphadenopathy",5080,1962
"1103","midnightblue",TRUE,0.00758183365768167,107,46,6,0.130434782608696,0.0560747663551402,"HP:0002846","HP","Abnormal B cell morphology",5080,2050
"1104","midnightblue",TRUE,0.00758183365768167,16,46,3,0.0652173913043478,0.1875,"HP:0012177","HP","Abnormal natural killer cell physiology",5080,8534
"1105","midnightblue",TRUE,0.00805443845845634,39,46,4,0.0869565217391304,0.102564102564103,"HP:0031691","HP","Severe viral infection",5080,11876
"1106","midnightblue",TRUE,0.00899318451965644,17,46,3,0.0652173913043478,0.176470588235294,"HP:0011990","HP","Abnormal neutrophil physiology",5080,8349
"1107","midnightblue",TRUE,0.00949333007207367,4,46,2,0.0434782608695652,0.5,"HP:0002740","HP","Recurrent E. coli infections",5080,1981
"1108","midnightblue",TRUE,0.00949333007207367,4,46,2,0.0434782608695652,0.5,"HP:0002741","HP","Recurrent Serratia marcescens infections",5080,1982
"1109","midnightblue",TRUE,0.00949333007207367,4,46,2,0.0434782608695652,0.5,"HP:0005537","HP","Decreased mean platelet volume",5080,3726
"1110","midnightblue",TRUE,0.00949333007207367,208,46,8,0.173913043478261,0.0384615384615385,"HP:0033331","HP","Acute phase response",5080,13453
"1111","midnightblue",TRUE,0.00949333007207367,4,46,2,0.0434782608695652,0.5,"HP:0410305","HP","Partial absence of specific antibody response to Haemophilus influenzae type b (Hib) vaccine",5080,16904
"1112","midnightblue",TRUE,0.010138893478165,42,46,4,0.0869565217391304,0.0952380952380952,"HP:0040089","HP","Abnormal total natural killer cell count",5080,15205
"1113","midnightblue",TRUE,0.0109440385647496,76,46,5,0.108695652173913,0.0657894736842105,"HP:0032169","HP","Severe infection",5080,12323
"1114","midnightblue",TRUE,0.0113979353354757,19,46,3,0.0652173913043478,0.157894736842105,"HP:6000441","HP","Abnormal circulating interleukin 6 concentration",5080,18348
"1115","midnightblue",TRUE,0.0113979353354757,19,46,3,0.0652173913043478,0.157894736842105,"HP:0004432","HP","Agammaglobulinemia",5080,3101
"1116","midnightblue",TRUE,0.0113979353354757,19,46,3,0.0652173913043478,0.157894736842105,"HP:0030783","HP","Increased circulating interleukin 6 concentration",5080,11014
"1117","midnightblue",TRUE,0.0113979353354757,271,46,9,0.195652173913043,0.033210332103321,"HP:0032309","HP","Abnormal granulocyte count",5080,12455
"1118","midnightblue",TRUE,0.0113979353354757,755,46,16,0.347826086956522,0.0211920529801325,"HP:0002242","HP","Abnormal intestine morphology",5080,1645
"1119","midnightblue",TRUE,0.0113979353354757,1087,46,20,0.434782608695652,0.0183992640294388,"HP:0011354","HP","Generalized abnormality of skin",5080,7725
"1120","midnightblue",TRUE,0.0124294765452234,45,46,4,0.0869565217391304,0.0888888888888889,"HP:0012176","HP","Abnormal natural killer cell morphology",5080,8533
"1121","midnightblue",TRUE,0.01278600030815,121,46,6,0.130434782608696,0.0495867768595041,"HP:0410240","HP","Abnormal circulating IgA concentration",5080,16840
"1122","midnightblue",TRUE,0.0129221565672869,5,46,2,0.0434782608695652,0.4,"HP:0002723","HP","Absence of bactericidal oxidative respiratory burst in phagocytes",5080,1969
"1123","midnightblue",TRUE,0.0129221565672869,5,46,2,0.0434782608695652,0.4,"HP:0003206","HP","Decreased activity of NADPH oxidase",5080,2303
"1124","midnightblue",TRUE,0.0129221565672869,5,46,2,0.0434782608695652,0.4,"HP:0033351","HP","Candida esophagitis",5080,13473
"1125","midnightblue",TRUE,0.0129221565672869,224,46,8,0.173913043478261,0.0357142857142857,"HP:0100533","HP","Inflammatory abnormality of the eye",5080,16188
"1126","midnightblue",TRUE,0.0129221565672869,5,46,2,0.0434782608695652,0.4,"HP:0004358","HP","Abnormality of superoxide metabolism",5080,3037
"1127","midnightblue",TRUE,0.0129221565672869,171,46,7,0.152173913043478,0.0409356725146199,"HP:0012732","HP","Anorectal anomaly",5080,9078
"1128","midnightblue",TRUE,0.0129221565672869,47,46,4,0.0869565217391304,0.0851063829787234,"HP:0045026","HP","Abnormal mediastinum morphology",5080,15615
"1129","midnightblue",TRUE,0.0129221565672869,20,46,3,0.0652173913043478,0.15,"HP:0031393","HP","Abnormal CD8+ T cell proportion",5080,11590
"1130","midnightblue",TRUE,0.0129221565672869,766,46,16,0.347826086956522,0.02088772845953,"HP:0003271","HP","Visceromegaly",5080,2355
"1131","midnightblue",TRUE,0.0129221565672869,5,46,2,0.0434782608695652,0.4,"HP:0010977","HP","Abnormal phagocytosis",5080,7362
"1132","midnightblue",TRUE,0.0129221565672869,5,46,2,0.0434782608695652,0.4,"HP:0032434","HP","Delayed umbilical cord separation",5080,12574
"1133","midnightblue",TRUE,0.0129221565672869,47,46,4,0.0869565217391304,0.0851063829787234,"HP:0011112","HP","Abnormal circulating cytokine concentration",5080,7491
"1134","midnightblue",TRUE,0.0129221565672869,5,46,2,0.0434782608695652,0.4,"HP:0005386","HP","Recurrent protozoan infections",5080,3643
"1135","midnightblue",TRUE,0.0129221565672869,47,46,4,0.0869565217391304,0.0851063829787234,"HP:0200035","HP","Skin plaque",5080,16607
"1136","midnightblue",TRUE,0.0129221565672869,5,46,2,0.0434782608695652,0.4,"HP:0011944","HP","Small vessel vasculitis",5080,8303
"1137","midnightblue",TRUE,0.0129221565672869,5,46,2,0.0434782608695652,0.4,"HP:0006946","HP","Recurrent meningitis",5080,4487
"1138","midnightblue",TRUE,0.0129221565672869,5,46,2,0.0434782608695652,0.4,"HP:0005791","HP","Cortical thickening of long bone diaphyses",5080,3856
"1139","midnightblue",TRUE,0.0133128796047737,21,46,3,0.0652173913043478,0.142857142857143,"HP:0012310","HP","Abnormal monocyte count",5080,8663
"1140","midnightblue",TRUE,0.0133128796047737,21,46,3,0.0652173913043478,0.142857142857143,"HP:0012144","HP","Abnormal monocyte morphology",5080,8501
"1141","midnightblue",TRUE,0.0136403486590424,48,46,4,0.0869565217391304,0.0833333333333333,"HP:0005403","HP","Decreased total T cell count",5080,3650
"1142","midnightblue",TRUE,0.0136403486590424,48,46,4,0.0869565217391304,0.0833333333333333,"HP:0011111","HP","Abnormal immune serum protein physiology",5080,7490
"1143","midnightblue",TRUE,0.0137013516922712,228,46,8,0.173913043478261,0.0350877192982456,"HP:0011991","HP","Abnormal total neutrophil count",5080,8350
"1144","midnightblue",TRUE,0.0137845471808086,1117,46,20,0.434782608695652,0.017905102954342,"HP:0001392","HP","Abnormality of the liver",5080,1039
"1145","midnightblue",TRUE,0.0141825621335661,864,46,17,0.369565217391304,0.0196759259259259,"HP:0001438","HP","Abnormal abdomen morphology",5080,1069
"1146","midnightblue",TRUE,0.0147358058033551,22,46,3,0.0652173913043478,0.136363636363636,"HP:0002573","HP","Hematochezia",5080,1851
"1147","midnightblue",TRUE,0.0156109952361675,130,46,6,0.130434782608696,0.0461538461538462,"HP:0410242","HP","Abnormal circulating IgG concentration",5080,16842
"1148","midnightblue",TRUE,0.0157363214198585,234,46,8,0.173913043478261,0.0341880341880342,"HP:0002024","HP","Malabsorption",5080,1476
"1149","midnightblue",TRUE,0.0157892999153668,180,46,7,0.152173913043478,0.0388888888888889,"HP:0000964","HP","Eczematoid dermatitis",5080,750
"1150","midnightblue",TRUE,0.0162230334778011,23,46,3,0.0652173913043478,0.130434782608696,"HP:0002842","HP","Recurrent Burkholderia cepacia infections",5080,2048
"1151","midnightblue",TRUE,0.0162230334778011,51,46,4,0.0869565217391304,0.0784313725490196,"HP:0025085","HP","Bloody diarrhea",5080,9563
"1152","midnightblue",TRUE,0.0162230334778011,23,46,3,0.0652173913043478,0.130434782608696,"HP:0031394","HP","Abnormal CD4:CD8 ratio",5080,11591
"1153","midnightblue",TRUE,0.0162836525623491,424,46,11,0.239130434782609,0.0259433962264151,"HP:0001945","HP","Fever",5080,1407
"1154","midnightblue",TRUE,0.0168292709755256,426,46,11,0.239130434782609,0.0258215962441315,"HP:0002014","HP","Diarrhea",5080,1468
"1155","midnightblue",TRUE,0.0168372994393969,238,46,8,0.173913043478261,0.0336134453781513,"HP:0002031","HP","Abnormal esophagus morphology",5080,1480
"1156","midnightblue",TRUE,0.0170746699156288,6,46,2,0.0434782608695652,0.333333333333333,"HP:0012312","HP","Decreased total monocyte count",5080,8665
"1157","midnightblue",TRUE,0.0170746699156288,6,46,2,0.0434782608695652,0.333333333333333,"HP:0410302","HP","Decreased specific antibody response to protein-conjugated polysaccharide vaccine",5080,16901
"1158","midnightblue",TRUE,0.0176693119646778,24,46,3,0.0652173913043478,0.125,"HP:0002724","HP","Recurrent Aspergillus infections",5080,1970
"1159","midnightblue",TRUE,0.0176693119646778,24,46,3,0.0652173913043478,0.125,"HP:0005353","HP","Recurrent herpes",5080,3627
"1160","midnightblue",TRUE,0.0189683945975013,54,46,4,0.0869565217391304,0.0740740740740741,"HP:0045027","HP","Abnormality of the thoracic cavity",5080,15616
"1161","midnightblue",TRUE,0.0189683945975013,54,46,4,0.0869565217391304,0.0740740740740741,"HP:0031690","HP","Opportunistic infection",5080,11875
"1162","midnightblue",TRUE,0.0193851468395308,25,46,3,0.0652173913043478,0.12,"HP:0034318","HP","Unusual virus reactivation",5080,14430
"1163","midnightblue",TRUE,0.0193851468395308,896,46,17,0.369565217391304,0.0189732142857143,"HP:0011355","HP","Localized skin lesion",5080,7726
"1164","midnightblue",TRUE,0.0193851468395308,25,46,3,0.0652173913043478,0.12,"HP:0034317","HP","Unusual viral infection",5080,14429
"1165","midnightblue",TRUE,0.0194388334721398,897,46,17,0.369565217391304,0.0189520624303233,"HP:0410042","HP","Abnormal liver morphology",5080,16720
"1166","midnightblue",TRUE,0.0210520604701268,662,46,14,0.304347826086957,0.0211480362537764,"HP:0002240","HP","Hepatomegaly",5080,1644
"1167","midnightblue",TRUE,0.0210520604701268,56,46,4,0.0869565217391304,0.0714285714285714,"HP:0012740","HP","Papilloma",5080,9086
"1168","midnightblue",TRUE,0.021755457534336,376,46,10,0.217391304347826,0.0265957446808511,"HP:0011830","HP","Abnormal oral mucosa morphology",5080,8192
"1169","midnightblue",TRUE,0.0221910752840509,7,46,2,0.0434782608695652,0.285714285714286,"HP:0031014","HP","Arteria lusoria",5080,11230
"1170","midnightblue",TRUE,0.0244190852880084,1365,46,22,0.478260869565217,0.0161172161172161,"HP:0002012","HP","Abnormality of the abdominal organs",5080,1466
"1171","midnightblue",TRUE,0.0282547836340446,61,46,4,0.0869565217391304,0.0655737704918033,"HP:0001931","HP","Hypochromic anemia",5080,1397
"1172","midnightblue",TRUE,0.0283223410215551,8,46,2,0.0434782608695652,0.25,"HP:0006535","HP","Recurrent intrapulmonary hemorrhage",5080,4258
"1173","midnightblue",TRUE,0.0283223410215551,608,46,13,0.282608695652174,0.0213815789473684,"HP:0025408","HP","Abnormal spleen morphology",5080,9865
"1174","midnightblue",TRUE,0.0283223410215551,8,46,2,0.0434782608695652,0.25,"HP:0200029","HP","Vasculitis in the skin",5080,16603
"1175","midnightblue",TRUE,0.0283223410215551,8,46,2,0.0434782608695652,0.25,"HP:0031397","HP","Decreased proportion of naive T cells",5080,11593
"1176","midnightblue",TRUE,0.0283223410215551,8,46,2,0.0434782608695652,0.25,"HP:0030877","HP","Reduced FEV1/FVC ratio",5080,11107
"1177","midnightblue",TRUE,0.0297019542642728,328,46,9,0.195652173913043,0.0274390243902439,"HP:0000953","HP","Hyperpigmentation of the skin",5080,741
"1178","midnightblue",TRUE,0.0314043329230457,2671,46,34,0.739130434782609,0.0127293148633471,"HP:0001939","HP","Abnormality of metabolism/homeostasis",5080,1402
"1179","midnightblue",TRUE,0.0354505562273287,9,46,2,0.0434782608695652,0.222222222222222,"HP:0002963","HP","Abnormal delayed hypersensitivity skin test",5080,2138
"1180","midnightblue",TRUE,0.0354505562273287,9,46,2,0.0434782608695652,0.222222222222222,"HP:0033606","HP","Bone marrow maturation arrest",5080,13725
"1181","midnightblue",TRUE,0.036096434678412,32,46,3,0.0652173913043478,0.09375,"HP:0005406","HP","Recurrent bacterial skin infections",5080,3652
"1182","midnightblue",TRUE,0.036096434678412,32,46,3,0.0652173913043478,0.09375,"HP:0040223","HP","Pulmonary hemorrhage",5080,15324
"1183","midnightblue",TRUE,0.036096434678412,32,46,3,0.0652173913043478,0.09375,"HP:0001891","HP","Iron deficiency anemia",5080,1366
"1184","midnightblue",TRUE,0.0372449657611748,67,46,4,0.0869565217391304,0.0597014925373134,"HP:0025806","HP","Abnormal total B cell count",5080,10237
"1185","midnightblue",TRUE,0.0380641434156657,111,46,5,0.108695652173913,0.045045045045045,"HP:0004315","HP","Decreased circulating IgG concentration",5080,3002
"1186","midnightblue",TRUE,0.0388581001248838,33,46,3,0.0652173913043478,0.0909090909090909,"HP:0009098","HP","Chronic oral candidiasis",5080,5619
"1187","midnightblue",TRUE,0.0389354767762499,635,46,13,0.282608695652174,0.0204724409448819,"HP:0001743","HP","Abnormality of the spleen",5080,1264
"1188","midnightblue",TRUE,0.0389354767762499,112,46,5,0.108695652173913,0.0446428571428571,"HP:0010702","HP","Increased circulating immunoglobulin concentration",5080,7104
"1189","midnightblue",TRUE,0.0389354767762499,112,46,5,0.108695652173913,0.0446428571428571,"HP:0011001","HP","Increased bone mineral density",5080,7384
"1190","midnightblue",TRUE,0.0414665997458262,10,46,2,0.0434782608695652,0.2,"HP:0025289","HP","Cervical lymphadenopathy",5080,9754
"1191","midnightblue",TRUE,0.0414665997458262,10,46,2,0.0434782608695652,0.2,"HP:0032435","HP","Neonatal omphalitis",5080,12575
"1192","midnightblue",TRUE,0.0414665997458262,10,46,2,0.0434782608695652,0.2,"HP:0031382","HP","Decreased anti-CD3/28-induced T-cell proliferation",5080,11579
"1193","midnightblue",TRUE,0.0420807946979299,642,46,13,0.282608695652174,0.0202492211838006,"HP:0011017","HP","Abnormal cellular physiology",5080,7398
"1194","midnightblue",TRUE,0.0442412694725824,35,46,3,0.0652173913043478,0.0857142857142857,"HP:0100819","HP","Intestinal fistula",5080,16445
"1195","midnightblue",TRUE,0.0454256435770942,1252,46,20,0.434782608695652,0.0159744408945687,"HP:0012719","HP","Functional abnormality of the gastrointestinal tract",5080,9065
"1196","midnightblue",TRUE,0.0467660015997487,170,46,6,0.130434782608696,0.0352941176470588,"HP:0002778","HP","Abnormal tracheal morphology",5080,2003
"1197","midnightblue",TRUE,0.0482230623216969,230,46,7,0.152173913043478,0.0304347826086957,"HP:0005561","HP","Abnormal bone marrow cell morphology",5080,3741
"1198","midnightblue",TRUE,0.0482230623216969,11,46,2,0.0434782608695652,0.181818181818182,"HP:0005415","HP","Decreased CD8+ T cell proportion",5080,3655
"1199","midnightblue",TRUE,0.0482230623216969,11,46,2,0.0434782608695652,0.181818181818182,"HP:0031396","HP","Abnormal naive T cell proportion",5080,11592
"1200","midnightblue",TRUE,0.0482230623216969,11,46,2,0.0434782608695652,0.181818181818182,"HP:0032229","HP","Perinuclear antineutrophil antibody positivity",5080,12380
"1201","midnightblue",TRUE,0.0482230623216969,11,46,2,0.0434782608695652,0.181818181818182,"HP:0031545","HP","Abnormally low T cell receptor excision circle level",5080,11735
"1202","midnightblue",TRUE,0.0482230623216969,11,46,2,0.0434782608695652,0.181818181818182,"HP:0031251","HP","Abnormal subclavian artery morphology",5080,11453
"1203","midnightblue",TRUE,0.0496916896604837,37,46,3,0.0652173913043478,0.0810810810810811,"HP:0000778","HP","Hypoplasia of the thymus",5080,607
"1204","midnightblue",TRUE,3.24307989777882e-11,399,98,24,0.244897959183673,0.0601503759398496,"HPA:0401332","HPA","Rectum; mucosal lymphoid cells[≥Medium]",10995,584
"1205","midnightblue",TRUE,6.75892010682608e-11,177,98,17,0.173469387755102,0.096045197740113,"HPA:0401333","HPA","Rectum; mucosal lymphoid cells[High]",10995,585
"1206","midnightblue",TRUE,9.72666374325337e-10,156,98,15,0.153061224489796,0.0961538461538462,"HPA:0131333","HPA","Colon; mucosal lymphoid cells[High]",10995,239
"1207","midnightblue",TRUE,9.72666374325337e-10,366,98,21,0.214285714285714,0.0573770491803279,"HPA:0131332","HPA","Colon; mucosal lymphoid cells[≥Medium]",10995,238
"1208","midnightblue",TRUE,1.30129413877189e-09,510,98,24,0.244897959183673,0.0470588235294118,"HPA:0131331","HPA","Colon; mucosal lymphoid cells[≥Low]",10995,237
"1209","midnightblue",TRUE,1.54871276919318e-09,3145,98,60,0.612244897959184,0.0190779014308426,"HPA:0530712","HPA","Spleen; cells in red pulp[≥Medium]",10995,792
"1210","midnightblue",TRUE,3.60059151115578e-09,544,98,24,0.244897959183673,0.0441176470588235,"HPA:0401331","HPA","Rectum; mucosal lymphoid cells[≥Low]",10995,583
"1211","midnightblue",TRUE,2.25772058747664e-08,821,98,28,0.285714285714286,0.0341047503045067,"HPA:0530713","HPA","Spleen; cells in red pulp[High]",10995,793
"1212","midnightblue",TRUE,2.54496744037084e-08,1210,98,34,0.346938775510204,0.028099173553719,"HPA:0310443","HPA","Lymph node; non-germinal center cells[High]",10995,465
"1213","midnightblue",TRUE,4.89769151803586e-08,5332,98,77,0.785714285714286,0.0144411102775694,"HPA:0530711","HPA","Spleen; cells in red pulp[≥Low]",10995,791
"1214","midnightblue",TRUE,2.25021154169625e-07,1324,98,34,0.346938775510204,0.0256797583081571,"HPA:0600443","HPA","Tonsil; non-germinal center cells[High]",10995,863
"1215","midnightblue",TRUE,2.52896184465378e-07,5891,98,80,0.816326530612245,0.0135800373451027,"HPA:0530000","HPA","Spleen",10995,790
"1216","midnightblue",TRUE,3.01823117717179e-06,849,98,25,0.255102040816327,0.0294464075382803,"HPA:0530723","HPA","Spleen; cells in white pulp[High]",10995,796
"1217","midnightblue",TRUE,5.82217406939328e-06,4198,98,63,0.642857142857143,0.0150071462601239,"HPA:0600442","HPA","Tonsil; non-germinal center cells[≥Medium]",10995,862
"1218","midnightblue",TRUE,9.27211670073234e-06,203,98,12,0.122448979591837,0.0591133004926108,"HPA:0091021","HPA","Cerebellum; processes in granular layer[≥Low]",10995,158
"1219","midnightblue",TRUE,1.04081415821467e-05,338,98,15,0.153061224489796,0.0443786982248521,"HPA:0091001","HPA","Cerebellum; molecular layer cells - cytoplasm/membrane[≥Low]",10995,149
"1220","midnightblue",TRUE,1.63089210421034e-05,304,98,14,0.142857142857143,0.0460526315789474,"HPA:0091002","HPA","Cerebellum; molecular layer cells - cytoplasm/membrane[≥Medium]",10995,150
"1221","midnightblue",TRUE,1.7351223780867e-05,262,98,13,0.13265306122449,0.049618320610687,"HPA:0030442","HPA","Appendix; non-germinal center cells[≥Medium]",10995,48
"1222","midnightblue",TRUE,1.7351223780867e-05,180,98,11,0.112244897959184,0.0611111111111111,"HPA:0091003","HPA","Cerebellum; molecular layer cells - cytoplasm/membrane[High]",10995,151
"1223","midnightblue",TRUE,3.33695094200916e-05,3985,98,59,0.602040816326531,0.0148055207026349,"HPA:0310442","HPA","Lymph node; non-germinal center cells[≥Medium]",10995,464
"1224","midnightblue",TRUE,4.22220294197297e-05,335,98,14,0.142857142857143,0.0417910447761194,"HPA:0030441","HPA","Appendix; non-germinal center cells[≥Low]",10995,47
"1225","midnightblue",TRUE,4.382769815338e-05,1371,98,30,0.306122448979592,0.0218818380743982,"HPA:0300413","HPA","Lung; macrophages[High]",10995,458
"1226","midnightblue",TRUE,4.69485989887685e-05,942,98,24,0.244897959183673,0.0254777070063694,"HPA:0310433","HPA","Lymph node; germinal center cells[High]",10995,462
"1227","midnightblue",TRUE,8.53476265922328e-05,175,98,10,0.102040816326531,0.0571428571428571,"HPA:0091022","HPA","Cerebellum; processes in granular layer[≥Medium]",10995,159
"1228","midnightblue",TRUE,9.1547497545923e-05,2719,98,45,0.459183673469388,0.0165502022802501,"HPA:0530722","HPA","Spleen; cells in white pulp[≥Medium]",10995,795
"1229","midnightblue",TRUE,9.94100212464448e-05,222,98,11,0.112244897959184,0.0495495495495495,"HPA:0091072","HPA","Cerebellum; white matter cells - cytoplasm/membrane[≥Medium]",10995,177
"1230","midnightblue",TRUE,0.000128963417715125,229,98,11,0.112244897959184,0.0480349344978166,"HPA:0090972","HPA","Cerebellum; granular cells - cytoplasm/membrane[≥Medium]",10995,141
"1231","midnightblue",TRUE,0.000225800400053452,698,98,19,0.193877551020408,0.0272206303724928,"HPA:0461442","HPA","Skin 1; fibrohistiocytic cells[≥Medium]",10995,668
"1232","midnightblue",TRUE,0.000230374870259118,455,98,15,0.153061224489796,0.032967032967033,"HPA:0471473","HPA","Skin 2; lymphocytes[High]",10995,730
"1233","midnightblue",TRUE,0.000232973256791812,295,98,12,0.122448979591837,0.0406779661016949,"HPA:0090971","HPA","Cerebellum; granular cells - cytoplasm/membrane[≥Low]",10995,140
"1234","midnightblue",TRUE,0.000271422316120015,407,98,14,0.142857142857143,0.0343980343980344,"HPA:0461443","HPA","Skin 1; fibrohistiocytic cells[High]",10995,669
"1235","midnightblue",TRUE,0.00034516625240459,129,98,8,0.0816326530612245,0.062015503875969,"HPA:0090973","HPA","Cerebellum; granular cells - cytoplasm/membrane[High]",10995,142
"1236","midnightblue",TRUE,0.00034516625240459,7358,98,84,0.857142857142857,0.0114161456917641,"HPA:0300000","HPA","Lung",10995,443
"1237","midnightblue",TRUE,0.000375267015489362,6054,98,74,0.755102040816326,0.0122233234225306,"HPA:0310441","HPA","Lymph node; non-germinal center cells[≥Low]",10995,463
"1238","midnightblue",TRUE,0.000401617552118313,1020,98,23,0.23469387755102,0.0225490196078431,"HPA:0471441","HPA","Skin 2; fibrohistiocytic cells[≥Low]",10995,719
"1239","midnightblue",TRUE,0.000413503749841752,4338,98,59,0.602040816326531,0.0136007376671277,"HPA:0530721","HPA","Spleen; cells in white pulp[≥Low]",10995,794
"1240","midnightblue",TRUE,0.000432791382759214,884,98,21,0.214285714285714,0.0237556561085973,"HPA:0461441","HPA","Skin 1; fibrohistiocytic cells[≥Low]",10995,667
"1241","midnightblue",TRUE,0.000508200263393872,226,98,10,0.102040816326531,0.0442477876106195,"HPA:0030432","HPA","Appendix; germinal center cells[≥Medium]",10995,36
"1242","midnightblue",TRUE,0.000518664108908975,6115,98,74,0.755102040816326,0.0121013900245298,"HPA:0600441","HPA","Tonsil; non-germinal center cells[≥Low]",10995,861
"1243","midnightblue",TRUE,0.000573361666134061,104,98,7,0.0714285714285714,0.0673076923076923,"HPA:0030443","HPA","Appendix; non-germinal center cells[High]",10995,49
"1244","midnightblue",TRUE,0.000591306453612173,6518,98,77,0.785714285714286,0.0118134397054311,"HPA:0310000","HPA","Lymph node",10995,459
"1245","midnightblue",TRUE,0.000661176223951247,286,98,11,0.112244897959184,0.0384615384615385,"HPA:0030431","HPA","Appendix; germinal center cells[≥Low]",10995,35
"1246","midnightblue",TRUE,0.000666631389265356,287,98,11,0.112244897959184,0.0383275261324042,"HPA:0091071","HPA","Cerebellum; white matter cells - cytoplasm/membrane[≥Low]",10995,176
"1247","midnightblue",TRUE,0.000783575077254033,4888,98,63,0.642857142857143,0.0128887070376432,"HPA:0300412","HPA","Lung; macrophages[≥Medium]",10995,457
"1248","midnightblue",TRUE,0.000832274625390423,466,98,14,0.142857142857143,0.0300429184549356,"HPA:0471443","HPA","Skin 2; fibrohistiocytic cells[High]",10995,721
"1249","midnightblue",TRUE,0.00103989584080823,6487,98,76,0.775510204081633,0.011715739170649,"HPA:0040081","HPA","Bone marrow; hematopoietic cells[≥Low]",10995,51
"1250","midnightblue",TRUE,0.00103989584080823,6487,98,76,0.775510204081633,0.011715739170649,"HPA:0040000","HPA","Bone marrow",10995,50
"1251","midnightblue",TRUE,0.00108387292203347,205,98,9,0.0918367346938776,0.0439024390243902,"HPA:0091041","HPA","Cerebellum; processes in white matter[≥Low]",10995,164
"1252","midnightblue",TRUE,0.00110722796612814,119,98,7,0.0714285714285714,0.0588235294117647,"HPA:0091073","HPA","Cerebellum; white matter cells - cytoplasm/membrane[High]",10995,178
"1253","midnightblue",TRUE,0.00141089864698323,832,98,19,0.193877551020408,0.0228365384615385,"HPA:0471442","HPA","Skin 2; fibrohistiocytic cells[≥Medium]",10995,720
"1254","midnightblue",TRUE,0.00206143920076301,177,98,8,0.0816326530612245,0.0451977401129944,"HPA:0091042","HPA","Cerebellum; processes in white matter[≥Medium]",10995,165
"1255","midnightblue",TRUE,0.00206143920076301,646,98,16,0.163265306122449,0.0247678018575851,"HPA:0471472","HPA","Skin 2; lymphocytes[≥Medium]",10995,729
"1256","midnightblue",TRUE,0.00267604670163146,98,98,6,0.0612244897959184,0.0612244897959184,"HPA:0091043","HPA","Cerebellum; processes in white matter[High]",10995,166
"1257","midnightblue",TRUE,0.00268616344949215,185,98,8,0.0816326530612245,0.0432432432432432,"HPA:0091032","HPA","Cerebellum; processes in molecular layer[≥Medium]",10995,162
"1258","midnightblue",TRUE,0.00337993126467638,103,98,6,0.0612244897959184,0.058252427184466,"HPA:0091033","HPA","Cerebellum; processes in molecular layer[High]",10995,163
"1259","midnightblue",TRUE,0.00343117841477914,1456,98,26,0.26530612244898,0.0178571428571429,"HPA:0040083","HPA","Bone marrow; hematopoietic cells[High]",10995,53
"1260","midnightblue",TRUE,0.00389221916807828,197,98,8,0.0816326530612245,0.0406091370558376,"HPA:0091031","HPA","Cerebellum; processes in molecular layer[≥Low]",10995,161
"1261","midnightblue",TRUE,0.00403939169173445,765,98,17,0.173469387755102,0.0222222222222222,"HPA:0030073","HPA","Appendix; lymphoid tissue[High]",10995,46
"1262","midnightblue",TRUE,0.00613461317617173,266,98,9,0.0918367346938776,0.0338345864661654,"HPA:0471463","HPA","Skin 2; langerhans cells[High]",10995,727
"1263","midnightblue",TRUE,0.00661465248387012,801,98,17,0.173469387755102,0.0212234706616729,"HPA:0471471","HPA","Skin 2; lymphocytes[≥Low]",10995,728
"1264","midnightblue",TRUE,0.00737747427505241,394,98,11,0.112244897959184,0.0279187817258883,"HPA:0461473","HPA","Skin 1; lymphocytes[High]",10995,681
"1265","midnightblue",TRUE,0.00785984779247027,5049,98,61,0.622448979591837,0.0120816003168944,"HPA:0310431","HPA","Lymph node; germinal center cells[≥Low]",10995,460
"1266","midnightblue",TRUE,0.00961498542719769,1229,98,22,0.224489795918367,0.0179007323026851,"HPA:0600433","HPA","Tonsil; germinal center cells[High]",10995,860
"1267","midnightblue",TRUE,0.00985159288847268,178,98,7,0.0714285714285714,0.0393258426966292,"HPA:0381223","HPA","Placenta; syncytiotrophoblasts - microvilli[High]",10995,550
"1268","midnightblue",TRUE,0.0128843825960279,4256,98,53,0.540816326530612,0.012453007518797,"HPA:0040082","HPA","Bone marrow; hematopoietic cells[≥Medium]",10995,52
"1269","midnightblue",TRUE,0.0158172957927626,143,98,6,0.0612244897959184,0.041958041958042,"HPA:0271152","HPA","Kidney; proximal tubules (microvilli)[≥Medium]",10995,427
"1270","midnightblue",TRUE,0.0196696395217604,7774,98,82,0.836734693877551,0.010547980447646,"HPA:0600000","HPA","Tonsil",10995,857
"1271","midnightblue",TRUE,0.0202201476269102,151,98,6,0.0612244897959184,0.0397350993377483,"HPA:0271151","HPA","Kidney; proximal tubules (microvilli)[≥Low]",10995,426
"1272","midnightblue",TRUE,0.0210338707784824,6768,98,74,0.755102040816326,0.0109338061465721,"HPA:0300411","HPA","Lung; macrophages[≥Low]",10995,456
"1273","midnightblue",TRUE,0.0289347586927434,113,98,5,0.0510204081632653,0.0442477876106195,"HPA:0091023","HPA","Cerebellum; processes in granular layer[High]",10995,160
"1274","midnightblue",TRUE,0.0351061945698303,712,98,14,0.142857142857143,0.0196629213483146,"HPA:0461471","HPA","Skin 1; lymphocytes[≥Low]",10995,679
"1275","midnightblue",TRUE,0.0412027862051147,574,98,12,0.122448979591837,0.0209059233449477,"HPA:0461472","HPA","Skin 1; lymphocytes[≥Medium]",10995,680
"1276","midnightblue",TRUE,4.31184916431911e-06,72,80,9,0.1125,0.125,"KEGG:05140","KEGG","Leishmaniasis",8484,433
"1277","midnightblue",TRUE,0.000327000590810558,96,80,8,0.1,0.0833333333333333,"KEGG:04666","KEGG","Fc gamma R-mediated phagocytosis",8484,341
"1278","midnightblue",TRUE,0.000405713803699306,218,80,11,0.1375,0.0504587155963303,"KEGG:05166","KEGG","Human T-cell leukemia virus 1 infection",8484,447
"1279","midnightblue",TRUE,0.000682385073155485,153,80,9,0.1125,0.0588235294117647,"KEGG:04514","KEGG","Cell adhesion molecules",8484,315
"1280","midnightblue",TRUE,0.000944458705104321,62,80,6,0.075,0.0967741935483871,"KEGG:05321","KEGG","Inflammatory bowel disease",8484,483
"1281","midnightblue",TRUE,0.000944458705104321,63,80,6,0.075,0.0952380952380952,"KEGG:05416","KEGG","Viral myocarditis",8484,493
"1282","midnightblue",TRUE,0.000987534326077432,132,80,8,0.1,0.0606060606060606,"KEGG:04380","KEGG","Osteoclast differentiation",8484,309
"1283","midnightblue",TRUE,0.000997425018697981,175,80,9,0.1125,0.0514285714285714,"KEGG:05152","KEGG","Tuberculosis",8484,440
"1284","midnightblue",TRUE,0.00106211889023521,69,80,6,0.075,0.0869565217391304,"KEGG:04612","KEGG","Antigen processing and presentation",8484,322
"1285","midnightblue",TRUE,0.00121151172679996,105,80,7,0.0875,0.0666666666666667,"KEGG:04659","KEGG","Th17 cell differentiation",8484,337
"1286","midnightblue",TRUE,0.00124391363721705,188,80,9,0.1125,0.0478723404255319,"KEGG:04613","KEGG","Neutrophil extracellular trap formation",8484,323
"1287","midnightblue",TRUE,0.00124391363721705,147,80,8,0.1,0.054421768707483,"KEGG:04145","KEGG","Phagosome",8484,281
"1288","midnightblue",TRUE,0.00152044380359635,246,80,10,0.125,0.040650406504065,"KEGG:05131","KEGG","Shigellosis",8484,428
"1289","midnightblue",TRUE,0.00152044380359635,114,80,7,0.0875,0.0614035087719298,"KEGG:04670","KEGG","Leukocyte transendothelial migration",8484,343
"1290","midnightblue",TRUE,0.00220109317848082,86,80,6,0.075,0.0697674418604651,"KEGG:05150","KEGG","Staphylococcus aureus infection",8484,439
"1291","midnightblue",TRUE,0.00234328241533596,88,80,6,0.075,0.0681818181818182,"KEGG:05323","KEGG","Rheumatoid arthritis",8484,485
"1292","midnightblue",TRUE,0.00234727478407415,89,80,6,0.075,0.0674157303370786,"KEGG:04658","KEGG","Th1 and Th2 cell differentiation",8484,336
"1293","midnightblue",TRUE,0.00487531526292585,190,80,8,0.1,0.0421052631578947,"KEGG:04062","KEGG","Chemokine signaling pathway",8484,255
"1294","midnightblue",TRUE,0.00570148728911912,70,80,5,0.0625,0.0714285714285714,"KEGG:05230","KEGG","Central carbon metabolism in cancer",8484,478
"1295","midnightblue",TRUE,0.00570148728911912,108,80,6,0.075,0.0555555555555556,"KEGG:05145","KEGG","Toxoplasmosis",8484,437
"1296","midnightblue",TRUE,0.00628455540395759,202,80,8,0.1,0.0396039603960396,"KEGG:05415","KEGG","Diabetic cardiomyopathy",8484,492
"1297","midnightblue",TRUE,0.0074724635437424,44,80,4,0.05,0.0909090909090909,"KEGG:04672","KEGG","Intestinal immune network for IgA production",8484,344
"1298","midnightblue",TRUE,0.00767348878347275,162,80,7,0.0875,0.0432098765432099,"KEGG:04630","KEGG","JAK-STAT signaling pathway",8484,332
"1299","midnightblue",TRUE,0.00779270426200325,46,80,4,0.05,0.0869565217391304,"KEGG:04930","KEGG","Type II diabetes mellitus",8484,387
"1300","midnightblue",TRUE,0.00779270426200325,5,80,2,0.025,0.4,"KEGG:00524","KEGG","Neomycin, kanamycin and gentamicin biosynthesis",8484,73
"1301","midnightblue",TRUE,0.00783810556199721,81,80,5,0.0625,0.0617283950617284,"KEGG:04662","KEGG","B cell receptor signaling pathway",8484,339
"1302","midnightblue",TRUE,0.00783810556199721,47,80,4,0.05,0.0851063829787234,"KEGG:04973","KEGG","Carbohydrate digestion and absorption",8484,404
"1303","midnightblue",TRUE,0.00843546199521164,124,80,6,0.075,0.0483870967741935,"KEGG:04650","KEGG","Natural killer cell mediated cytotoxicity",8484,334
"1304","midnightblue",TRUE,0.00972968573560174,227,80,8,0.1,0.0352422907488987,"KEGG:04810","KEGG","Regulation of actin cytoskeleton",8484,365
"1305","midnightblue",TRUE,0.0126717324850451,136,80,6,0.075,0.0441176470588235,"KEGG:05135","KEGG","Yersinia infection",8484,432
"1306","midnightblue",TRUE,0.0142376022740728,27,80,3,0.0375,0.111111111111111,"KEGG:05310","KEGG","Asthma",8484,481
"1307","midnightblue",TRUE,0.0154785134246258,98,80,5,0.0625,0.0510204081632653,"KEGG:05231","KEGG","Choline metabolism in cancer",8484,479
"1308","midnightblue",TRUE,0.0156996724159668,101,80,5,0.0625,0.0495049504950495,"KEGG:05142","KEGG","Chagas disease",8484,434
"1309","midnightblue",TRUE,0.0156996724159668,197,80,7,0.0875,0.0355329949238579,"KEGG:05130","KEGG","Pathogenic Escherichia coli infection",8484,427
"1310","midnightblue",TRUE,0.0156996724159668,101,80,5,0.0625,0.0495049504950495,"KEGG:05146","KEGG","Amoebiasis",8484,438
"1311","midnightblue",TRUE,0.0156996724159668,198,80,7,0.0875,0.0353535353535354,"KEGG:05169","KEGG","Epstein-Barr virus infection",8484,450
"1312","midnightblue",TRUE,0.0195551254342665,32,80,3,0.0375,0.09375,"KEGG:00052","KEGG","Galactose metabolism",8484,7
"1313","midnightblue",TRUE,0.0220820247079278,34,80,3,0.0375,0.0882352941176471,"KEGG:05330","KEGG","Allograft rejection",8484,486
"1314","midnightblue",TRUE,0.0220820247079278,34,80,3,0.0375,0.0882352941176471,"KEGG:00051","KEGG","Fructose and mannose metabolism",8484,6
"1315","midnightblue",TRUE,0.0260909112110059,37,80,3,0.0375,0.0810810810810811,"KEGG:05332","KEGG","Graft-versus-host disease",8484,487
"1316","midnightblue",TRUE,0.0260909112110059,73,80,4,0.05,0.0547945205479452,"KEGG:00562","KEGG","Inositol phosphate metabolism",8484,86
"1317","midnightblue",TRUE,0.0260909112110059,167,80,6,0.075,0.0359281437125748,"KEGG:05164","KEGG","Influenza A",8484,445
"1318","midnightblue",TRUE,0.0301447226258451,77,80,4,0.05,0.051948051948052,"KEGG:05100","KEGG","Bacterial invasion of epithelial cells",8484,423
"1319","midnightblue",TRUE,0.0303443666135555,40,80,3,0.0375,0.075,"KEGG:04940","KEGG","Type I diabetes mellitus",8484,394
"1320","midnightblue",TRUE,0.0303443666135555,124,80,5,0.0625,0.0403225806451613,"KEGG:04611","KEGG","Platelet activation",8484,321
"1321","midnightblue",TRUE,0.0459222535459786,138,80,5,0.0625,0.036231884057971,"KEGG:05418","KEGG","Fluid shear stress and atherosclerosis",8484,495
"1322","midnightblue",TRUE,0.0481453617143732,49,80,3,0.0375,0.0612244897959184,"KEGG:05320","KEGG","Autoimmune thyroid disease",8484,482
"1323","midnightblue",TRUE,0.0481453617143732,49,80,3,0.0375,0.0612244897959184,"KEGG:00520","KEGG","Amino sugar and nucleotide sugar metabolism",8484,69
"1324","midnightblue",TRUE,0.0481453617143732,49,80,3,0.0375,0.0612244897959184,"KEGG:05144","KEGG","Malaria",8484,436
"1325","midnightblue",TRUE,0.0481453617143732,92,80,4,0.05,0.0434782608695652,"KEGG:04640","KEGG","Hematopoietic cell lineage",8484,333
"1326","midnightblue",TRUE,0.048976262132431,93,80,4,0.05,0.043010752688172,"KEGG:04520","KEGG","Adherens junction",8484,316
"1327","midnightblue",TRUE,2.59940189017238e-10,476,101,25,0.247524752475248,0.0525210084033613,"REAC:R-HSA-6798695","REAC","Neutrophil degranulation",11004,1609
"1328","midnightblue",TRUE,2.79867772118144e-09,2085,101,49,0.485148514851485,0.0235011990407674,"REAC:R-HSA-168256","REAC","Immune System",11004,1183
"1329","midnightblue",TRUE,1.97285374566867e-07,1100,101,32,0.316831683168317,0.0290909090909091,"REAC:R-HSA-168249","REAC","Innate Immune System",11004,1217
"1330","midnightblue",TRUE,6.02932591194667e-05,449,101,17,0.168316831683168,0.0378619153674833,"REAC:R-HSA-9012999","REAC","RHO GTPase cycle",11004,1863
"1331","midnightblue",TRUE,7.30887182815685e-05,184,101,11,0.108910891089109,0.0597826086956522,"REAC:R-HSA-9013149","REAC","RAC1 GTPase cycle",11004,1852
"1332","midnightblue",TRUE,0.00014780232927252,94,101,8,0.0792079207920792,0.0851063829787234,"REAC:R-HSA-9013423","REAC","RAC3 GTPase cycle",11004,1854
"1333","midnightblue",TRUE,0.000861712837255002,88,101,7,0.0693069306930693,0.0795454545454545,"REAC:R-HSA-9013404","REAC","RAC2 GTPase cycle",11004,1853
"1334","midnightblue",TRUE,0.000861712837255002,701,101,19,0.188118811881188,0.0271041369472183,"REAC:R-HSA-194315","REAC","Signaling by Rho GTPases",11004,2321
"1335","midnightblue",TRUE,0.001029745021749,716,101,19,0.188118811881188,0.026536312849162,"REAC:R-HSA-9716542","REAC","Signaling by Rho GTPases, Miro GTPases and RHOBTB3",11004,2322
"1336","midnightblue",TRUE,0.00148189421563822,810,101,20,0.198019801980198,0.0246913580246914,"REAC:R-HSA-1280218","REAC","Adaptive Immune System",11004,118
"1337","midnightblue",TRUE,0.00148189421563822,8,101,3,0.0297029702970297,0.375,"REAC:R-HSA-1236973","REAC","Cross-presentation of particulate exogenous antigens (phagosomes)",11004,417
"1338","midnightblue",TRUE,0.00190827469891205,192,101,9,0.0891089108910891,0.046875,"REAC:R-HSA-202733","REAC","Cell surface interactions at the vascular wall",11004,329
"1339","midnightblue",TRUE,0.00190827469891205,24,101,4,0.0396039603960396,0.166666666666667,"REAC:R-HSA-5668599","REAC","RHO GTPases Activate NADPH Oxidases",11004,1865
"1340","midnightblue",TRUE,0.00190827469891205,47,101,5,0.0495049504950495,0.106382978723404,"REAC:R-HSA-451927","REAC","Interleukin-2 family signaling",11004,1253
"1341","midnightblue",TRUE,0.00230762741189908,155,101,8,0.0792079207920792,0.0516129032258065,"REAC:R-HSA-9013148","REAC","CDC42 GTPase cycle",11004,271
"1342","midnightblue",TRUE,0.00289644992151101,28,101,4,0.0396039603960396,0.142857142857143,"REAC:R-HSA-912526","REAC","Interleukin receptor SHC signaling",11004,1243
"1343","midnightblue",TRUE,0.00470161695012242,59,101,5,0.0495049504950495,0.0847457627118644,"REAC:R-HSA-193648","REAC","NRAGE signals death through JNK",11004,1560
"1344","midnightblue",TRUE,0.00700163660164755,36,101,4,0.0396039603960396,0.111111111111111,"REAC:R-HSA-1222556","REAC","ROS and RNS production in phagocytes",11004,1926
"1345","midnightblue",TRUE,0.00909235404755998,149,101,7,0.0693069306930693,0.0469798657718121,"REAC:R-HSA-8980692","REAC","RHOA GTPase cycle",11004,1875
"1346","midnightblue",TRUE,0.0130409209664402,76,101,5,0.0495049504950495,0.0657894736842105,"REAC:R-HSA-204998","REAC","Cell death signalling via NRAGE, NRIF and NADE",11004,325
"1347","midnightblue",TRUE,0.0149872747747913,5,101,2,0.0198019801980198,0.4,"REAC:R-HSA-8949275","REAC","RUNX3 Regulates Immune Response and Cell Migration",11004,1947
"1348","midnightblue",TRUE,0.0149872747747913,80,101,5,0.0495049504950495,0.0625,"REAC:R-HSA-416482","REAC","G alpha (12/13) signalling events",11004,999
"1349","midnightblue",TRUE,0.0179910242762543,49,101,4,0.0396039603960396,0.0816326530612245,"REAC:R-HSA-512988","REAC","Interleukin-3, Interleukin-5 and GM-CSF signaling",11004,1259
"1350","midnightblue",TRUE,0.0201061559547554,675,101,15,0.148514851485149,0.0222222222222222,"REAC:R-HSA-109582","REAC","Hemostasis",11004,1131
"1351","midnightblue",TRUE,0.0215613382853408,476,101,12,0.118811881188119,0.0252100840336134,"REAC:R-HSA-449147","REAC","Signaling by Interleukins",11004,2278
"1352","midnightblue",TRUE,0.0216475426231182,182,101,7,0.0693069306930693,0.0384615384615385,"REAC:R-HSA-198933","REAC","Immunoregulatory interactions between a Lymphoid and a non-Lymphoid cell",11004,1184
"1353","midnightblue",TRUE,0.024345440714392,26,101,3,0.0297029702970297,0.115384615384615,"REAC:R-HSA-1855204","REAC","Synthesis of IP3 and IP4 in the cytosol",11004,2397
"1354","midnightblue",TRUE,0.024345440714392,7,101,2,0.0198019801980198,0.285714285714286,"REAC:R-HSA-8941855","REAC","RUNX3 regulates CDKN1A transcription",11004,1949
"1355","midnightblue",TRUE,0.0269635308289804,97,101,5,0.0495049504950495,0.0515463917525773,"REAC:R-HSA-193704","REAC","p75 NTR receptor-mediated signalling",11004,2739
"1356","midnightblue",TRUE,0.0301154280404432,8,101,2,0.0198019801980198,0.25,"REAC:R-HSA-434316","REAC","Fatty Acids bound to GPR40 (FFAR1) regulate insulin secretion",11004,942
"1357","midnightblue",TRUE,0.0360427021386594,64,101,4,0.0396039603960396,0.0625,"REAC:R-HSA-373755","REAC","Semaphorin interactions",11004,2210
"1358","midnightblue",TRUE,0.0360829873798998,9,101,2,0.0198019801980198,0.222222222222222,"REAC:R-HSA-8951936","REAC","RUNX3 regulates p14-ARF",11004,1954
"1359","midnightblue",TRUE,0.0385155266488958,2558,101,36,0.356435643564356,0.0140734949179046,"REAC:R-HSA-162582","REAC","Signal Transduction",11004,2229
"1360","midnightblue",TRUE,0.0408136975612337,35,101,3,0.0297029702970297,0.0857142857142857,"REAC:R-HSA-3299685","REAC","Detoxification of Reactive Oxygen Species",11004,739
"1361","midnightblue",TRUE,0.0408136975612337,35,101,3,0.0297029702970297,0.0857142857142857,"REAC:R-HSA-5663213","REAC","RHO GTPases Activate WASPs and WAVEs",11004,1868
"1362","midnightblue",TRUE,0.0408136975612337,70,101,4,0.0396039603960396,0.0571428571428571,"REAC:R-HSA-9013026","REAC","RHOB GTPase cycle",11004,1876
"1363","midnightblue",TRUE,0.0408136975612337,10,101,2,0.0198019801980198,0.2,"REAC:R-HSA-399997","REAC","Acetylcholine regulates insulin secretion",11004,57
"1364","midnightblue",TRUE,0.0408136975612337,111,101,5,0.0495049504950495,0.045045045045045,"REAC:R-HSA-6785807","REAC","Interleukin-4 and Interleukin-13 signaling",11004,1265
"1365","midnightblue",TRUE,0.0408136975612337,35,101,3,0.0297029702970297,0.0857142857142857,"REAC:R-HSA-114604","REAC","GPVI-mediated activation cascade",11004,1034
"1366","midnightblue",TRUE,0.0425137731782748,11,101,2,0.0198019801980198,0.181818181818182,"REAC:R-HSA-210990","REAC","PECAM1 interactions",11004,1676
"1367","midnightblue",TRUE,0.0425137731782748,11,101,2,0.0198019801980198,0.181818181818182,"REAC:R-HSA-400451","REAC","Free fatty acids regulate insulin secretion",11004,992
"1368","midnightblue",TRUE,0.046249119283401,780,101,15,0.148514851485149,0.0192307692307692,"REAC:R-HSA-1280215","REAC","Cytokine Signaling in Immune system",11004,427
"1369","midnightblue",TRUE,0.0483536717921244,12,101,2,0.0198019801980198,0.166666666666667,"REAC:R-HSA-9027276","REAC","Erythropoietin activates Phosphoinositide-3-kinase (PI3K)",11004,864
"1370","midnightblue",TRUE,0.0494324310603418,123,101,5,0.0495049504950495,0.040650406504065,"REAC:R-HSA-2132295","REAC","MHC class II antigen presentation",11004,1384
"1371","midnightblue",TRUE,2.15988518735714e-06,6930,134,81,0.604477611940298,0.0116883116883117,"TF:M00339","TF","Factor: c-Ets-1; motif: RCAGGAAGTGNNTNS",20092,2232
"1372","midnightblue",TRUE,2.15988518735714e-06,2346,134,42,0.313432835820896,0.0179028132992327,"TF:M12497","TF","Factor: SPI1; motif: NNNAAAGAGGAAGTGANNNN",20092,8170
"1373","midnightblue",TRUE,2.15988518735714e-06,11024,134,107,0.798507462686567,0.00970609579100145,"TF:M12556","TF","Factor: ETV4; motif: NCAGGAAGNN",20092,2344
"1374","midnightblue",TRUE,2.15988518735714e-06,9224,134,96,0.716417910447761,0.01040763226366,"TF:M09726_1","TF","Factor: GATAD2A; motif: CCTKTG; match class: 1",20092,3121
"1375","midnightblue",TRUE,5.9675539326404e-06,11938,134,111,0.828358208955224,0.00929803987267549,"TF:M09907","TF","Factor: Erg; motif: NRRSAGGAAGNGG",20092,2080
"1376","midnightblue",TRUE,6.11373208343208e-06,1455,134,31,0.23134328358209,0.0213058419243986,"TF:M00339_1","TF","Factor: c-Ets-1; motif: RCAGGAAGTGNNTNS; match class: 1",20092,2233
"1377","midnightblue",TRUE,8.36777066805119e-06,4049,134,56,0.417910447761194,0.0138305754507286,"TF:M12556_1","TF","Factor: ETV4; motif: NCAGGAAGNN; match class: 1",20092,2345
"1378","midnightblue",TRUE,9.4646853564305e-06,5939,134,71,0.529850746268657,0.0119548745580064,"TF:M04896","TF","Factor: AP-2alpha; motif: NNNGSCCTGRGGSN",20092,8784
"1379","midnightblue",TRUE,9.83390291417858e-06,3410,134,50,0.373134328358209,0.0146627565982405,"TF:M02111_1","TF","Factor: NR1B2; motif: NTGACCY; match class: 1",20092,6101
"1380","midnightblue",TRUE,1.01245359178878e-05,3542,134,51,0.380597014925373,0.0143986448334274,"TF:M07461_1","TF","Factor: KLF; motif: GGGNGGGG; match class: 1",20092,4759
"1381","midnightblue",TRUE,1.01245359178878e-05,10409,134,101,0.753731343283582,0.00970314151215295,"TF:M01835_1","TF","Factor: GKLF; motif: CCTCCYN; match class: 1",20092,3293
"1382","midnightblue",TRUE,1.29798707307175e-05,7404,134,81,0.604477611940298,0.0109400324149109,"TF:M09737","TF","Factor: ZNF644; motif: TCCWGCCTCTSN",20092,11178
"1383","midnightblue",TRUE,1.52589346094035e-05,1933,134,35,0.261194029850746,0.0181065700982928,"TF:M00531_1","TF","Factor: nerf; motif: YRNCAGGAAGYRGSTBDS; match class: 1",20092,5661
"1384","midnightblue",TRUE,1.82676959366521e-05,7619,134,82,0.611940298507463,0.0107625672660454,"TF:M07486_1","TF","Factor: ZNF300; motif: SWGGGGGSN; match class: 1",20092,10193
"1385","midnightblue",TRUE,2.05122219190808e-05,13049,134,115,0.858208955223881,0.00881293585715381,"TF:M07040","TF","Factor: GKLF; motif: NNRRGRRNGNSNNN",20092,3288
"1386","midnightblue",TRUE,2.28014045371357e-05,3685,134,51,0.380597014925373,0.0138398914518318,"TF:M01207_1","TF","Factor: c-Ets-2; motif: CTTCCTG; match class: 1",20092,2243
"1387","midnightblue",TRUE,2.28014045371357e-05,3562,134,50,0.373134328358209,0.0140370578326783,"TF:M02078","TF","Factor: SPI1; motif: NGRGGAAGTN",20092,8158
"1388","midnightblue",TRUE,2.28014045371357e-05,3685,134,51,0.380597014925373,0.0138398914518318,"TF:M07252_1","TF","Factor: Elk-1; motif: CTTCCKG; match class: 1",20092,1907
"1389","midnightblue",TRUE,2.6407855458564e-05,9844,134,96,0.716417910447761,0.00975213327915482,"TF:M02111","TF","Factor: NR1B2; motif: NTGACCY",20092,6100
"1390","midnightblue",TRUE,2.6407855458564e-05,8767,134,89,0.664179104477612,0.0101517052583552,"TF:M00749","TF","Factor: SREBP-1; motif: CACSCCA",20092,8228
"1391","midnightblue",TRUE,2.6407855458564e-05,4306,134,56,0.417910447761194,0.0130051091500232,"TF:M09862_1","TF","Factor: ZNF614; motif: NCYCWGCCYYNNN; match class: 1",20092,11117
"1392","midnightblue",TRUE,3.02725557875658e-05,9567,134,94,0.701492537313433,0.00982544162224313,"TF:M10550_1","TF","Factor: ZNF684; motif: MAAGGGGTGGACTGT; match class: 1",20092,11317
"1393","midnightblue",TRUE,3.02725557875658e-05,5198,134,63,0.470149253731343,0.0121200461716045,"TF:M09907_1","TF","Factor: Erg; motif: NRRSAGGAAGNGG; match class: 1",20092,2081
"1394","midnightblue",TRUE,3.82998682380552e-05,14031,134,119,0.888059701492537,0.00848122015537025,"TF:M13364_1","TF","Factor: IKZF2; motif: AGGAAG; match class: 1",20092,4377
"1395","midnightblue",TRUE,3.82998682380552e-05,14031,134,119,0.888059701492537,0.00848122015537025,"TF:M02031_1","TF","Factor: PU.1; motif: AGGAAG; match class: 1",20092,8173
"1396","midnightblue",TRUE,3.82998682380552e-05,2364,134,38,0.283582089552239,0.0160744500846024,"TF:M00971","TF","Factor: Ets; motif: ACTTCCTS",20092,2250
"1397","midnightblue",TRUE,3.82998682380552e-05,14031,134,119,0.888059701492537,0.00848122015537025,"TF:M01266_1","TF","Factor: Elf-1; motif: AGGAAG; match class: 1",20092,1769
"1398","midnightblue",TRUE,4.0569982348057e-05,6446,134,72,0.537313432835821,0.0111697176543593,"TF:M07041_1","TF","Factor: HDAC1; motif: KGCARGGTC; match class: 1",20092,3447
"1399","midnightblue",TRUE,5.92351176676275e-05,2210,134,36,0.26865671641791,0.016289592760181,"TF:M12498","TF","Factor: SPIB; motif: NNTCACTTCCTCTTTN",20092,8190
"1400","midnightblue",TRUE,6.18940662475824e-05,11201,134,103,0.76865671641791,0.00919560753504151,"TF:M09973","TF","Factor: CPBP; motif: GNNRGGGHGGGGNNGGGRN",20092,966
"1401","midnightblue",TRUE,8.68683054284004e-05,9486,134,92,0.686567164179104,0.00969850305713683,"TF:M09972","TF","Factor: BTEB2; motif: WGGGTGKGGCNGGN",20092,632
"1402","midnightblue",TRUE,9.02615905676192e-05,10777,134,100,0.746268656716418,0.00927902013547369,"TF:M00257","TF","Factor: RREB-1; motif: CCCCAAACMMCCCC",20092,7540
"1403","midnightblue",TRUE,9.04556418139708e-05,11623,134,105,0.783582089552239,0.00903381226877742,"TF:M01733","TF","Factor: MZF-1; motif: TGGGGAR",20092,5644
"1404","midnightblue",TRUE,9.67029888683233e-05,7871,134,81,0.604477611940298,0.0102909414305679,"TF:M10491_1","TF","Factor: ZNF586; motif: CAGGCCYRGAGG; match class: 1",20092,11035
"1405","midnightblue",TRUE,9.90274700385703e-05,5809,134,66,0.492537313432836,0.0113616801514891,"TF:M09915_1","TF","Factor: PEA3; motif: NNCAGGAARNN; match class: 1",20092,6693
"1406","midnightblue",TRUE,0.000122376380802353,7631,134,79,0.58955223880597,0.0103525095007207,"TF:M04595_1","TF","Factor: SALL2; motif: GGGTGGG; match class: 1",20092,7637
"1407","midnightblue",TRUE,0.000133695565496097,2308,134,36,0.26865671641791,0.0155979202772964,"TF:M02077_1","TF","Factor: Spic; motif: NGNGGAASTN; match class: 1",20092,8195
"1408","midnightblue",TRUE,0.000137466236666419,10558,134,98,0.73134328358209,0.00928206099640083,"TF:M01207","TF","Factor: c-Ets-2; motif: CTTCCTG",20092,2242
"1409","midnightblue",TRUE,0.000137466236666419,10558,134,98,0.73134328358209,0.00928206099640083,"TF:M07252","TF","Factor: Elk-1; motif: CTTCCKG",20092,1906
"1410","midnightblue",TRUE,0.000145661590785169,2428,134,37,0.276119402985075,0.0152388797364086,"TF:M10073","TF","Factor: PU.1; motif: NRAAAGAGGAAGTGRNN",20092,8168
"1411","midnightblue",TRUE,0.000146951716587342,15829,134,126,0.940298507462687,0.00796007328321435,"TF:M04934_1","TF","Factor: TR4; motif: ACCCCGS; match class: 1",20092,6123
"1412","midnightblue",TRUE,0.000146951716587342,5377,134,62,0.462686567164179,0.0115305932676214,"TF:M09590","TF","Factor: AP-2alpha; motif: NTNSCCTGRGGSNAN",20092,8788
"1413","midnightblue",TRUE,0.000146951716587342,2540,134,38,0.283582089552239,0.0149606299212598,"TF:M11374","TF","Factor: Spi-B; motif: NAWGRGGAAGTR",20092,8182
"1414","midnightblue",TRUE,0.000146951716587342,9637,134,92,0.686567164179104,0.00954653937947494,"TF:M09862","TF","Factor: ZNF614; motif: NCYCWGCCYYNNN",20092,11116
"1415","midnightblue",TRUE,0.000153925858663317,7279,134,76,0.567164179104478,0.0104409946421212,"TF:M07290","TF","Factor: GLI; motif: NGACCMCCCAN",20092,3298
"1416","midnightblue",TRUE,0.000159130482302977,6869,134,73,0.544776119402985,0.0106274566894745,"TF:M09916","TF","Factor: Erm; motif: NRRSAGGAARNGRN",20092,2104
"1417","midnightblue",TRUE,0.000166676777780382,9372,134,90,0.671641791044776,0.00960307298335467,"TF:M12721","TF","Factor: ZNFPT1; motif: YCNNCNCWGCCNY",20092,11944
"1418","midnightblue",TRUE,0.000166676777780382,370,134,13,0.0970149253731343,0.0351351351351351,"TF:M02078_1","TF","Factor: SPI1; motif: NGRGGAAGTN; match class: 1",20092,8159
"1419","midnightblue",TRUE,0.000166676777780382,1754,134,30,0.223880597014925,0.0171037628278221,"TF:M04711","TF","Factor: PU.1; motif: ACTTCCTCT",20092,8164
"1420","midnightblue",TRUE,0.000166676777780382,1287,134,25,0.186567164179104,0.0194250194250194,"TF:M09903","TF","Factor: elf5; motif: NNNANSAGGAAGTNN",20092,1832
"1421","midnightblue",TRUE,0.000167047172670313,4535,134,55,0.41044776119403,0.0121278941565601,"TF:M13137_1","TF","Factor: AP2BETA; motif: SCCYCAGGSNN; match class: 1",20092,8807
"1422","midnightblue",TRUE,0.000172028651241096,5298,134,61,0.455223880597015,0.011513778784447,"TF:M09732","TF","Factor: RFX3; motif: NYNCCMTGGCAACM",20092,7430
"1423","midnightblue",TRUE,0.000188146346420299,5314,134,61,0.455223880597015,0.0114791117802032,"TF:M00005","TF","Factor: AP-4; motif: WGARYCAGCTGYGGNCNK",20092,166
"1424","midnightblue",TRUE,0.00020988766062731,4086,134,51,0.380597014925373,0.0124816446402349,"TF:M09972_1","TF","Factor: BTEB2; motif: WGGGTGKGGCNGGN; match class: 1",20092,633
"1425","midnightblue",TRUE,0.000224336015351397,2829,134,40,0.298507462686567,0.0141392718275009,"TF:M09739_1","TF","Factor: ZGPAT; motif: GRGGCWGNGGNG; match class: 1",20092,9605
"1426","midnightblue",TRUE,0.000224336015351397,13118,134,112,0.835820895522388,0.00853788687299893,"TF:M13124","TF","Factor: ZNF670; motif: SNGGGCRGRG",20092,11252
"1427","midnightblue",TRUE,0.000240218510679301,4728,134,56,0.417910447761194,0.011844331641286,"TF:M00500","TF","Factor: STAT6; motif: NNYTTCCY",20092,8362
"1428","midnightblue",TRUE,0.000240218510679301,8114,134,81,0.604477611940298,0.0099827458713335,"TF:M00450_1","TF","Factor: Zic3; motif: NGGGKGGTC; match class: 1",20092,9619
"1429","midnightblue",TRUE,0.000252835400691975,12787,134,110,0.82089552238806,0.00860248690075858,"TF:M09915","TF","Factor: PEA3; motif: NNCAGGAARNN",20092,6692
"1430","midnightblue",TRUE,0.00025468078632897,1710,134,29,0.216417910447761,0.0169590643274854,"TF:M09916_1","TF","Factor: Erm; motif: NRRSAGGAARNGRN; match class: 1",20092,2105
"1431","midnightblue",TRUE,0.00025468078632897,744,134,18,0.134328358208955,0.0241935483870968,"TF:M11376","TF","Factor: Spi-B; motif: RAAWGRGGAAGTN",20092,8186
"1432","midnightblue",TRUE,0.000262467127128027,8435,134,83,0.619402985074627,0.00983995257854179,"TF:M07040_1","TF","Factor: GKLF; motif: NNRRGRRNGNSNNN; match class: 1",20092,3289
"1433","midnightblue",TRUE,0.000263443449093697,1625,134,28,0.208955223880597,0.0172307692307692,"TF:M08818","TF","Factor: KLF8; motif: NGGGGTGYGG",20092,4752
"1434","midnightblue",TRUE,0.000263443449093697,4631,134,55,0.41044776119403,0.0118764845605701,"TF:M00257_1","TF","Factor: RREB-1; motif: CCCCAAACMMCCCC; match class: 1",20092,7541
"1435","midnightblue",TRUE,0.000263443449093697,8743,134,85,0.634328358208955,0.0097220633649777,"TF:M03846","TF","Factor: SMAD5; motif: GSGGCAGM",20092,7824
"1436","midnightblue",TRUE,0.000263443449093697,8597,134,84,0.626865671641791,0.0097708502966151,"TF:M09591","TF","Factor: AP-2gamma; motif: NTGSCCTGRGGSNN",20092,8834
"1437","midnightblue",TRUE,0.000263443449093697,2649,134,38,0.283582089552239,0.0143450358625897,"TF:M11375","TF","Factor: Spi-B; motif: NAWGCGGAAGTN",20092,8184
"1438","midnightblue",TRUE,0.000329563026723709,9861,134,92,0.686567164179104,0.00932968258797282,"TF:M09984","TF","Factor: MAZ; motif: GGGGGAGGGGGNGRGRRRGNRG",20092,5148
"1439","midnightblue",TRUE,0.000342357981686139,5058,134,58,0.432835820895522,0.0114669829972321,"TF:M01733_1","TF","Factor: MZF-1; motif: TGGGGAR; match class: 1",20092,5645
"1440","midnightblue",TRUE,0.000356511397293578,8514,134,83,0.619402985074627,0.009748649283533,"TF:M02077","TF","Factor: Spic; motif: NGNGGAASTN",20092,8194
"1441","midnightblue",TRUE,0.000356511397293578,6520,134,69,0.514925373134328,0.0105828220858896,"TF:M09734_1","TF","Factor: ZNF692; motif: SYNGGSCCCASCCNC; match class: 1",20092,11341
"1442","midnightblue",TRUE,0.000364801168343289,7793,134,78,0.582089552238806,0.0100089824201206,"TF:M00531","TF","Factor: nerf; motif: YRNCAGGAAGYRGSTBDS",20092,5660
"1443","midnightblue",TRUE,0.000364801168343289,10688,134,97,0.723880597014925,0.00907559880239521,"TF:M13137","TF","Factor: AP2BETA; motif: SCCYCAGGSNN",20092,8806
"1444","midnightblue",TRUE,0.000377354054064911,4331,134,52,0.388059701492537,0.012006465019626,"TF:M09763_1","TF","Factor: NF1C; motif: WGCCARR; match class: 1",20092,5727
"1445","midnightblue",TRUE,0.000381903163669254,6271,134,67,0.5,0.0106841014192314,"TF:M12489","TF","Factor: KLF4; motif: NNCCCCACCCNN",20092,4742
"1446","midnightblue",TRUE,0.000403270594082399,187,134,9,0.0671641791044776,0.0481283422459893,"TF:M09659_1","TF","Factor: PU.1; motif: NRAAAGAGGAAGTGARA; match class: 1",20092,8167
"1447","midnightblue",TRUE,0.000403270594082399,12393,134,107,0.798507462686567,0.00863390623739208,"TF:M11595","TF","Factor: GCMa; motif: RTGCGGGTN",20092,3200
"1448","midnightblue",TRUE,0.000403270594082399,2496,134,36,0.26865671641791,0.0144230769230769,"TF:M01973_1","TF","Factor: PLAG1; motif: CCCCCKWNNNGGSCCC; match class: 1",20092,6827
"1449","midnightblue",TRUE,0.000453089115499455,9330,134,88,0.656716417910448,0.00943193997856377,"TF:M01721","TF","Factor: PUR1; motif: GGGNCAGNN",20092,7234
"1450","midnightblue",TRUE,0.000474909030068528,3300,134,43,0.32089552238806,0.013030303030303,"TF:M12721_1","TF","Factor: ZNFPT1; motif: YCNNCNCWGCCNY; match class: 1",20092,11945
"1451","midnightblue",TRUE,0.000475193928685189,15055,134,121,0.902985074626866,0.0080371969445367,"TF:M07289","TF","Factor: GKLF; motif: NNNRGGNGNGGSN",20092,3290
"1452","midnightblue",TRUE,0.000520535934643337,10940,134,98,0.73134328358209,0.00895795246800731,"TF:M09729","TF","Factor: LUMAN; motif: CYCAGCYYCY",20092,4982
"1453","midnightblue",TRUE,0.000533867458125056,1054,134,21,0.156716417910448,0.0199240986717268,"TF:M01273_1","TF","Factor: SP4; motif: SCCCCGCCCCS; match class: 1",20092,8119
"1454","midnightblue",TRUE,0.00053609728279968,5810,134,63,0.470149253731343,0.0108433734939759,"TF:M08819","TF","Factor: LKLF; motif: CNCCACCCS",20092,4926
"1455","midnightblue",TRUE,0.000552990178138824,15095,134,121,0.902985074626866,0.00801589930440543,"TF:M00378_1","TF","Factor: Pax-4; motif: NNNNNYCACCCB; match class: 1",20092,6543
"1456","midnightblue",TRUE,0.000552990178138824,8188,134,80,0.597014925373134,0.00977039570102589,"TF:M01303","TF","Factor: SP1; motif: GGGGYGGGGNS",20092,8040
"1457","midnightblue",TRUE,0.000552990178138824,15940,134,125,0.932835820895522,0.00784190715181932,"TF:M01835","TF","Factor: GKLF; motif: CCTCCYN",20092,3292
"1458","midnightblue",TRUE,0.000714184917312962,2574,134,36,0.26865671641791,0.013986013986014,"TF:M03846_1","TF","Factor: SMAD5; motif: GSGGCAGM; match class: 1",20092,7825
"1459","midnightblue",TRUE,0.000763920818915301,9452,134,88,0.656716417910448,0.00931019889970377,"TF:M01857","TF","Factor: AP-2alpha; motif: NGCCYSNNGSN",20092,138
"1460","midnightblue",TRUE,0.000768359149454915,4339,134,51,0.380597014925373,0.0117538603364831,"TF:M01109","TF","Factor: SZF1-1; motif: CCAGGGTAWCAGCNG",20092,8380
"1461","midnightblue",TRUE,0.000796823572277115,6841,134,70,0.522388059701492,0.0102324221605029,"TF:M13117","TF","Factor: SKIL; motif: NNCTGNCCYTKNCCCNN",20092,7764
"1462","midnightblue",TRUE,0.000807218641454623,10564,134,95,0.708955223880597,0.00899280575539568,"TF:M00444","TF","Factor: VDR; motif: GGGKNARNRRGGWSA",20092,9172
"1463","midnightblue",TRUE,0.000850260951453589,2935,134,39,0.291044776119403,0.0132879045996593,"TF:M12187","TF","Factor: KLF17; motif: NMCCACNCWCCCNTN",20092,4718
"1464","midnightblue",TRUE,0.000883206284559916,3519,134,44,0.328358208955224,0.0125035521454959,"TF:M07379","TF","Factor: c-Ets-2; motif: NNCTTCCTNNN",20092,2240
"1465","midnightblue",TRUE,0.000960998782839576,4758,134,54,0.402985074626866,0.0113493064312736,"TF:M09729_1","TF","Factor: LUMAN; motif: CYCAGCYYCY; match class: 1",20092,4983
"1466","midnightblue",TRUE,0.000960998782839576,13132,134,110,0.82089552238806,0.00837648492232714,"TF:M13128","TF","Factor: MED8; motif: CYYNSCYYCCTSCNCC",20092,5170
"1467","midnightblue",TRUE,0.000976458904690609,8464,134,81,0.604477611940298,0.00956994328922495,"TF:M11477","TF","Factor: AP-2beta; motif: NSCCYNRGGSN",20092,8802
"1468","midnightblue",TRUE,0.000983111364958133,12787,134,108,0.805970149253731,0.00844607804801752,"TF:M07041","TF","Factor: HDAC1; motif: KGCARGGTC",20092,3446
"1469","midnightblue",TRUE,0.000986486781581407,4641,134,53,0.395522388059701,0.0114199525964232,"TF:M08906","TF","Factor: TR4; motif: NCCCTGACCYB",20092,9062
"1470","midnightblue",TRUE,0.00102272341026221,2854,134,38,0.283582089552239,0.0133146461107218,"TF:M00749_1","TF","Factor: SREBP-1; motif: CACSCCA; match class: 1",20092,8229
"1471","midnightblue",TRUE,0.00113755778636986,10019,134,91,0.67910447761194,0.00908274278870147,"TF:M12725","TF","Factor: PHB; motif: NCCCAGCCCCY",20092,6726
"1472","midnightblue",TRUE,0.00121009401856241,4932,134,55,0.41044776119403,0.0111516626115166,"TF:M10056","TF","Factor: DRRS; motif: GNNGGGWGGG",20092,1426
"1473","midnightblue",TRUE,0.00123905152145249,5195,134,57,0.425373134328358,0.0109720885466795,"TF:M13368","TF","Factor: ZBTB24; motif: CCCAGGACCC",20092,9350
"1474","midnightblue",TRUE,0.00129144805452717,15487,134,122,0.91044776119403,0.0078775747401046,"TF:M09726","TF","Factor: GATAD2A; motif: CCTKTG",20092,3120
"1475","midnightblue",TRUE,0.00132754975834612,2668,134,36,0.26865671641791,0.0134932533733133,"TF:M01203","TF","Factor: SPI1; motif: NNAAWGNGGAASTNNNN",20092,8156
"1476","midnightblue",TRUE,0.00134050683690228,4827,134,54,0.402985074626866,0.0111870727159727,"TF:M03558","TF","Factor: P73; motif: GNNNRRRCNTGCMNNTSASN",20092,6494
"1477","midnightblue",TRUE,0.00146477671251423,7123,134,71,0.529850746268657,0.00996771023445178,"TF:M11477_1","TF","Factor: AP-2beta; motif: NSCCYNRGGSN; match class: 1",20092,8803
"1478","midnightblue",TRUE,0.00146477671251423,1624,134,26,0.194029850746269,0.0160098522167488,"TF:M08819_1","TF","Factor: LKLF; motif: CNCCACCCS; match class: 1",20092,4927
"1479","midnightblue",TRUE,0.00147616207206736,1627,134,26,0.194029850746269,0.015980331899201,"TF:M10074","TF","Factor: Spi-B; motif: NRAAAGAGGAAGTGARA",20092,8180
"1480","midnightblue",TRUE,0.00147616207206736,2141,134,31,0.23134328358209,0.014479215319944,"TF:M09658_1","TF","Factor: Sp2; motif: GGSNNGGGGGCGGGGCCNGNGS; match class: 1",20092,8085
"1481","midnightblue",TRUE,0.00164575220792451,11067,134,97,0.723880597014925,0.00876479624107708,"TF:M09763","TF","Factor: NF1C; motif: WGCCARR",20092,5726
"1482","midnightblue",TRUE,0.00177808538703193,14010,134,114,0.850746268656716,0.00813704496788009,"TF:M09746","TF","Factor: HNRPUL1; motif: NCNCAGN",20092,3782
"1483","midnightblue",TRUE,0.00191443790576574,4265,134,49,0.365671641791045,0.0114888628370457,"TF:M07261_1","TF","Factor: LKLF; motif: GGGGTGGKSN; match class: 1",20092,4925
"1484","midnightblue",TRUE,0.00191443790576574,4516,134,51,0.380597014925373,0.0112931798051373,"TF:M12725_1","TF","Factor: PHB; motif: NCCCAGCCCCY; match class: 1",20092,6727
"1485","midnightblue",TRUE,0.00193640377537959,12609,134,106,0.791044776119403,0.00840669363153303,"TF:M12351","TF","Factor: TIEG1; motif: NCCCNSNCCCCGCCCCC",20092,9012
"1486","midnightblue",TRUE,0.0019850014231294,5691,134,60,0.447761194029851,0.0105429625724829,"TF:M04152_1","TF","Factor: TFAP2C; motif: NGCCCNNRGGCA; match class: 1",20092,8827
"1487","midnightblue",TRUE,0.0019850014231294,7908,134,76,0.567164179104478,0.00961052099140111,"TF:M12726","TF","Factor: PURBETA; motif: NCWGRGGCTGGGG",20092,7236
"1488","midnightblue",TRUE,0.00200042009762873,507,134,13,0.0970149253731343,0.0256410256410256,"TF:M12723_1","TF","Factor: BRCA2; motif: TGMCYCWGN; match class: 1",20092,609
"1489","midnightblue",TRUE,0.00200042009762873,4158,134,48,0.358208955223881,0.0115440115440115,"TF:M09910_1","TF","Factor: ER-beta; motif: RGGTCASCNTGMCCY; match class: 1",20092,2167
"1490","midnightblue",TRUE,0.00200042009762873,2078,134,30,0.223880597014925,0.014436958614052,"TF:M06203_1","TF","Factor: ZXDA; motif: NAGGGTG; match class: 1",20092,11983
"1491","midnightblue",TRUE,0.00200042009762873,2078,134,30,0.223880597014925,0.014436958614052,"TF:M06202_1","TF","Factor: ZXDB; motif: NAGGGTG; match class: 1",20092,11987
"1492","midnightblue",TRUE,0.00235874391563086,1485,134,24,0.17910447761194,0.0161616161616162,"TF:M07382_1","TF","Factor: Fli-1; motif: MGGAAGT; match class: 1",20092,2547
"1493","midnightblue",TRUE,0.00235874391563086,1485,134,24,0.17910447761194,0.0161616161616162,"TF:M02278_1","TF","Factor: SPI1; motif: AGGAAGT; match class: 1",20092,8161
"1494","midnightblue",TRUE,0.00235874391563086,1485,134,24,0.17910447761194,0.0161616161616162,"TF:M01870_1","TF","Factor: C-ets-1; motif: AGGAAGN; match class: 1",20092,841
"1495","midnightblue",TRUE,0.00235874391563086,1485,134,24,0.17910447761194,0.0161616161616162,"TF:M03579_1","TF","Factor: PEA3; motif: AGGAAGT; match class: 1",20092,6709
"1496","midnightblue",TRUE,0.00239246026730863,7530,134,73,0.544776119402985,0.00969455511288181,"TF:M13148","TF","Factor: ZSCAN21; motif: NSNGNSCNNGGTGCTG",20092,9662
"1497","midnightblue",TRUE,0.0024678750022632,6420,134,65,0.485074626865672,0.0101246105919003,"TF:M01045","TF","Factor: AP-2alphaA; motif: ANNGCCTNAGGSNNT",20092,132
"1498","midnightblue",TRUE,0.00263981267013319,3599,134,43,0.32089552238806,0.0119477632675743,"TF:M12732_1","TF","Factor: ZNF532; motif: NGGRGCTGGG; match class: 1",20092,10817
"1499","midnightblue",TRUE,0.00263981267013319,1906,134,28,0.208955223880597,0.0146904512067156,"TF:M07409_1","TF","Factor: BTEB2; motif: GCCCCRCCCH; match class: 1",20092,4745
"1500","midnightblue",TRUE,0.00273239780272141,13056,134,108,0.805970149253731,0.00827205882352941,"TF:M07486","TF","Factor: ZNF300; motif: SWGGGGGSN",20092,10192
"1501","midnightblue",TRUE,0.00273239780272141,6721,134,67,0.5,0.00996875464960571,"TF:M07436","TF","Factor: WT1; motif: NNGGGNGGGSGN",20092,9220
"1502","midnightblue",TRUE,0.00273239780272141,6860,134,68,0.507462686567164,0.00991253644314869,"TF:M09973_1","TF","Factor: CPBP; motif: GNNRGGGHGGGGNNGGGRN; match class: 1",20092,967
"1503","midnightblue",TRUE,0.00278242271097285,3855,134,45,0.335820895522388,0.0116731517509728,"TF:M12544","TF","Factor: ELF3; motif: NNCCACTTCCTGNN",20092,1810
"1504","midnightblue",TRUE,0.00286516879155639,4356,134,49,0.365671641791045,0.0112488521579431,"TF:M09837","TF","Factor: ZNF449; motif: NNNAGCCCARCC",20092,10602
"1505","midnightblue",TRUE,0.0028758131139936,14145,134,114,0.850746268656716,0.0080593849416755,"TF:M10491","TF","Factor: ZNF586; motif: CAGGCCYRGAGG",20092,11034
"1506","midnightblue",TRUE,0.00291949665160728,3623,134,43,0.32089552238806,0.0118686171680927,"TF:M08835","TF","Factor: ZNF515; motif: WNSCCCCCWGCNG",20092,10764
"1507","midnightblue",TRUE,0.00292084181442378,4871,134,53,0.395522388059701,0.0108807226442209,"TF:M08962","TF","Factor: PPARGAMMA:RXR-ALPHA; motif: NNRGGTCAAWAGGTCAN",20092,7080
"1508","midnightblue",TRUE,0.00299219823894042,389,134,11,0.082089552238806,0.0282776349614396,"TF:M12544_1","TF","Factor: ELF3; motif: NNCCACTTCCTGNN; match class: 1",20092,1811
"1509","midnightblue",TRUE,0.00306888478259697,2926,134,37,0.276119402985075,0.0126452494873548,"TF:M00655_1","TF","Factor: PEA3; motif: ACWTCCK; match class: 1",20092,6707
"1510","midnightblue",TRUE,0.00306888478259697,6343,134,64,0.477611940298507,0.010089862840927,"TF:M01973","TF","Factor: PLAG1; motif: CCCCCKWNNNGGSCCC",20092,6826
"1511","midnightblue",TRUE,0.00330525754295924,784,134,16,0.119402985074627,0.0204081632653061,"TF:M07089_1","TF","Factor: Fli-1; motif: RCAGGAAGTGR; match class: 1",20092,2527
"1512","midnightblue",TRUE,0.00335183051309042,7623,134,73,0.544776119402985,0.00957628230355503,"TF:M06202","TF","Factor: ZXDB; motif: NAGGGTG",20092,11986
"1513","midnightblue",TRUE,0.00335183051309042,7623,134,73,0.544776119402985,0.00957628230355503,"TF:M06203","TF","Factor: ZXDA; motif: NAGGGTG",20092,11982
"1514","midnightblue",TRUE,0.00344884549921946,8649,134,80,0.597014925373134,0.00924962423401549,"TF:M13127_1","TF","Factor: HA95; motif: CCSNSSCCNSCNCCWSCCNS; match class: 1",20092,3433
"1515","midnightblue",TRUE,0.00355782140433463,2385,134,32,0.238805970149254,0.0134171907756813,"TF:M04149","TF","Factor: TFAP2B; motif: NGCCCNNRGGCA",20092,8796
"1516","midnightblue",TRUE,0.00357197897357786,1440,134,23,0.171641791044776,0.0159722222222222,"TF:M09967_1","TF","Factor: AP-2rep; motif: NGGGGCGGGGC; match class: 1",20092,153
"1517","midnightblue",TRUE,0.00364452903931252,4794,134,52,0.388059701492537,0.0108468919482687,"TF:M08826_1","TF","Factor: NF-E4; motif: GTGAGGS; match class: 1",20092,5853
"1518","midnightblue",TRUE,0.00364452903931252,4538,134,50,0.373134328358209,0.0110180696342001,"TF:M10432_1","TF","Factor: MAZ; motif: GGGMGGGGS; match class: 1",20092,5151
"1519","midnightblue",TRUE,0.00372363087300663,8087,134,76,0.567164179104478,0.00939779893656486,"TF:M04756_1","TF","Factor: sin3A; motif: TGTCCNNGGTGCTG; match class: 1",20092,7711
"1520","midnightblue",TRUE,0.00372363087300663,8379,134,78,0.582089552238806,0.00930898675259578,"TF:M03852","TF","Factor: SREBP-2; motif: NTCACCYNNNN",20092,8234
"1521","midnightblue",TRUE,0.00373958268400982,4294,134,48,0.358208955223881,0.0111783884489986,"TF:M01172","TF","Factor: PU.1; motif: NNNNYYYACTTCCTCTTTY",20092,7230
"1522","midnightblue",TRUE,0.00386917413901759,2854,134,36,0.26865671641791,0.0126138752627891,"TF:M01778","TF","Factor: PLAG1; motif: GRGGCNNHNNNRRGGG",20092,6824
"1523","midnightblue",TRUE,0.00409790599346081,982,134,18,0.134328358208955,0.0183299389002037,"TF:M12667","TF","Factor: SP192; motif: YNNNCNTCASYAMCANNSNCAGCNYMN",20092,8034
"1524","midnightblue",TRUE,0.00409790599346081,2864,134,36,0.26865671641791,0.0125698324022346,"TF:M03878","TF","Factor: MIBP1; motif: WNWCCCCAGCTR",20092,5338
"1525","midnightblue",TRUE,0.00409790599346081,11988,134,101,0.753731343283582,0.00842509175842509,"TF:M09826","TF","Factor: BTEB3; motif: CCNNSCCNSCCCCKCCCCC",20092,642
"1526","midnightblue",TRUE,0.0043134954733079,3463,134,41,0.305970149253731,0.0118394455674271,"TF:M09920_1","TF","Factor: Fli-1; motif: NNRGGMAGGAAGGRRRGR; match class: 1",20092,2533
"1527","midnightblue",TRUE,0.0043134954733079,2644,134,34,0.253731343283582,0.0128593040847201,"TF:M07063_1","TF","Factor: Sp1; motif: GGGGCGGGGC; match class: 1",20092,8067
"1528","midnightblue",TRUE,0.00439609504540605,1271,134,21,0.156716417910448,0.016522423288749,"TF:M13379_1","TF","Factor: FEZF2; motif: CCCAGCCT; match class: 1",20092,10221
"1529","midnightblue",TRUE,0.00439609504540605,4456,134,49,0.365671641791045,0.0109964093357271,"TF:M00448_1","TF","Factor: Zic1; motif: KGGGTGGTC; match class: 1",20092,9607
"1530","midnightblue",TRUE,0.0044074732240654,644,134,14,0.104477611940299,0.0217391304347826,"TF:M12092","TF","Factor: ZNF787; motif: TGCCTCAGTTTMCCN",20092,11684
"1531","midnightblue",TRUE,0.00454438913752134,2770,134,35,0.261194029850746,0.0126353790613718,"TF:M07282","TF","Factor: ER71; motif: CWTCCTGT",20092,2000
"1532","midnightblue",TRUE,0.00454438913752134,8439,134,78,0.582089552238806,0.00924280127977248,"TF:M09739","TF","Factor: ZGPAT; motif: GRGGCWGNGGNG",20092,9604
"1533","midnightblue",TRUE,0.00454438913752134,2770,134,35,0.261194029850746,0.0126353790613718,"TF:M03844","TF","Factor: SAP-1a; motif: CWTCCKGT",20092,7648
"1534","midnightblue",TRUE,0.00465525258703695,2547,134,33,0.246268656716418,0.0129564193168433,"TF:M09659","TF","Factor: PU.1; motif: NRAAAGAGGAAGTGARA",20092,8166
"1535","midnightblue",TRUE,0.00467484638521629,8449,134,78,0.582089552238806,0.00923186175878802,"TF:M13124_1","TF","Factor: ZNF670; motif: SNGGGCRGRG; match class: 1",20092,11253
"1536","midnightblue",TRUE,0.00467484638521629,11376,134,97,0.723880597014925,0.0085267229254571,"TF:M13147","TF","Factor: ZNF253; motif: SNGNSCGNGGNGCKGNN",20092,10040
"1537","midnightblue",TRUE,0.0049632714555267,10910,134,94,0.701492537313433,0.00861594867094409,"TF:M07289_1","TF","Factor: GKLF; motif: NNNRGGNGNGGSN; match class: 1",20092,3291
"1538","midnightblue",TRUE,0.00496809834604021,5131,134,54,0.402985074626866,0.0105242642759696,"TF:M00008_1","TF","Factor: Sp1; motif: GGGGCGGGGT; match class: 1",20092,8039
"1539","midnightblue",TRUE,0.00503923841284999,12053,134,101,0.753731343283582,0.0083796565170497,"TF:M09734","TF","Factor: ZNF692; motif: SYNGGSCCCASCCNC",20092,11340
"1540","midnightblue",TRUE,0.00509183072481439,6480,134,64,0.477611940298507,0.00987654320987654,"TF:M00646_1","TF","Factor: LF-A1; motif: GGGSTCWR; match class: 1",20092,4827
"1541","midnightblue",TRUE,0.00511570437025136,12059,134,101,0.753731343283582,0.00837548718799237,"TF:M07322_1","TF","Factor: HSF4; motif: CTGCMRN; match class: 1",20092,4331
"1542","midnightblue",TRUE,0.0052862396894204,8045,134,75,0.559701492537313,0.00932256059664388,"TF:M13128_1","TF","Factor: MED8; motif: CYYNSCYYCCTSCNCC; match class: 1",20092,5171
"1543","midnightblue",TRUE,0.00532478298778655,7759,134,73,0.544776119402985,0.00940842892125274,"TF:M09746_1","TF","Factor: HNRPUL1; motif: NCNCAGN; match class: 1",20092,3783
"1544","midnightblue",TRUE,0.00542203685478891,5023,134,53,0.395522388059701,0.0105514632689628,"TF:M07089","TF","Factor: Fli-1; motif: RCAGGAAGTGR",20092,2526
"1545","midnightblue",TRUE,0.00546480842306146,8790,134,80,0.597014925373134,0.00910125142207053,"TF:M09727","TF","Factor: GEMIN3; motif: NCWGGRARRGRGNGNG",20092,3258
"1546","midnightblue",TRUE,0.00552002366829724,7342,134,70,0.522388059701492,0.00953418687006265,"TF:M08299","TF","Factor: FOXO1A:Elk-1; motif: RWMAACAGGAAGTN",20092,2816
"1547","midnightblue",TRUE,0.00553333432469961,5959,134,60,0.447761194029851,0.0100688034905185,"TF:M13132_1","TF","Factor: ZNF609; motif: GNSNGGGNGCTGN; match class: 1",20092,11097
"1548","midnightblue",TRUE,0.00566644167755765,4776,134,51,0.380597014925373,0.010678391959799,"TF:M07602_1","TF","Factor: CP2; motif: NNNNCCAGNCNN; match class: 1",20092,961
"1549","midnightblue",TRUE,0.00575267358400899,7368,134,70,0.522388059701492,0.00950054288816504,"TF:M02023","TF","Factor: MAZ; motif: NKGGGAGGGGRGGR",20092,5158
"1550","midnightblue",TRUE,0.00575267358400899,842,134,16,0.119402985074627,0.0190023752969121,"TF:M00340_1","TF","Factor: c-Ets; motif: KRCAGGAARTRNKT; match class: 1",20092,2247
"1551","midnightblue",TRUE,0.00575267358400899,18475,134,133,0.992537313432836,0.00719891745602165,"TF:M04934","TF","Factor: TR4; motif: ACCCCGS",20092,6122
"1552","midnightblue",TRUE,0.00575267358400899,6941,134,67,0.5,0.00965278778274024,"TF:M02278","TF","Factor: SPI1; motif: AGGAAGT",20092,8160
"1553","midnightblue",TRUE,0.00575267358400899,4533,134,49,0.365671641791045,0.0108096183542908,"TF:M00658","TF","Factor: PU.1; motif: WGAGGAAG",20092,7232
"1554","midnightblue",TRUE,0.00575267358400899,6941,134,67,0.5,0.00965278778274024,"TF:M07382","TF","Factor: Fli-1; motif: MGGAAGT",20092,2546
"1555","midnightblue",TRUE,0.00575267358400899,3655,134,42,0.313432835820896,0.0114911080711354,"TF:M10435_1","TF","Factor: Sp2; motif: GGGGCGGGG; match class: 1",20092,8087
"1556","midnightblue",TRUE,0.00575267358400899,294,134,9,0.0671641791044776,0.0306122448979592,"TF:M08881_1","TF","Factor: ETSLIKE; motif: NACTTCCTNN; match class: 1",20092,2245
"1557","midnightblue",TRUE,0.00575267358400899,5840,134,59,0.440298507462687,0.0101027397260274,"TF:M00706","TF","Factor: TFII-I; motif: RGAGGKAGG",20092,8932
"1558","midnightblue",TRUE,0.00575267358400899,8966,134,81,0.604477611940298,0.00903412893151907,"TF:M10112","TF","Factor: Miz-1; motif: NNRGGWGGGGGAGGGGMRR",20092,5362
"1559","midnightblue",TRUE,0.00575267358400899,7085,134,68,0.507462686567164,0.00959774170783345,"TF:M12464","TF","Factor: ZNF148; motif: NNCCCCTCCCCC",20092,9778
"1560","midnightblue",TRUE,0.00575267358400899,6941,134,67,0.5,0.00965278778274024,"TF:M03579","TF","Factor: PEA3; motif: AGGAAGT",20092,6708
"1561","midnightblue",TRUE,0.00575267358400899,6941,134,67,0.5,0.00965278778274024,"TF:M01870","TF","Factor: C-ets-1; motif: AGGAAGN",20092,840
"1562","midnightblue",TRUE,0.00586207991993805,3910,134,44,0.328358208955224,0.0112531969309463,"TF:M09970_1","TF","Factor: KLF3; motif: NNNNNNGGGCGGGGCNNGN; match class: 1",20092,4725
"1563","midnightblue",TRUE,0.00589917226770468,18183,134,132,0.985074626865672,0.00725952813067151,"TF:M13364","TF","Factor: IKZF2; motif: AGGAAG",20092,4376
"1564","midnightblue",TRUE,0.00589917226770468,18183,134,132,0.985074626865672,0.00725952813067151,"TF:M02031","TF","Factor: PU.1; motif: AGGAAG",20092,8172
"1565","midnightblue",TRUE,0.00589917226770468,18183,134,132,0.985074626865672,0.00725952813067151,"TF:M01266","TF","Factor: Elf-1; motif: AGGAAG",20092,1768
"1566","midnightblue",TRUE,0.00603821898424563,9593,134,85,0.634328358208955,0.00886062754091525,"TF:M10432","TF","Factor: MAZ; motif: GGGMGGGGS",20092,5150
"1567","midnightblue",TRUE,0.00603821898424563,7959,134,74,0.552238805970149,0.00929765045860033,"TF:M08952","TF","Factor: NF-KAPPAB1; motif: NGGKRNTTYCCCN",20092,5884
"1568","midnightblue",TRUE,0.00603821898424563,9441,134,84,0.626865671641791,0.00889736256752463,"TF:M12732","TF","Factor: ZNF532; motif: NGGRGCTGGG",20092,10816
"1569","midnightblue",TRUE,0.00603821898424563,3190,134,38,0.283582089552239,0.0119122257053292,"TF:M08881","TF","Factor: ETSLIKE; motif: NACTTCCTNN",20092,2244
"1570","midnightblue",TRUE,0.00618338944611363,299,134,9,0.0671641791044776,0.0301003344481605,"TF:M02076","TF","Factor: Spi-B; motif: NGNGGAAGYN",20092,8176
"1571","midnightblue",TRUE,0.00623938098121242,10064,134,88,0.656716417910448,0.00874403815580286,"TF:M07261","TF","Factor: LKLF; motif: GGGGTGGKSN",20092,4924
"1572","midnightblue",TRUE,0.00623938098121242,79,134,5,0.0373134328358209,0.0632911392405063,"TF:M10074_1","TF","Factor: Spi-B; motif: NRAAAGAGGAAGTGARA; match class: 1",20092,8181
"1573","midnightblue",TRUE,0.00674341142100601,773,134,15,0.111940298507463,0.019404915912031,"TF:M03995","TF","Factor: SPIB; motif: NAAAAGMGGAAGTN",20092,8178
"1574","midnightblue",TRUE,0.00674341142100601,4962,134,52,0.388059701492537,0.0104796453043128,"TF:M12964","TF","Factor: CTCF; motif: CTGCAGTNCNNNNNNNNNNCCASYAGRKGGCRSYN",20092,1178
"1575","midnightblue",TRUE,0.00674341142100601,1959,134,27,0.201492537313433,0.0137825421133231,"TF:M05331","TF","Factor: Gli2; motif: NTRAAGTAGGGTGGCCC",20092,3308
"1576","midnightblue",TRUE,0.00690464858101032,2292,134,30,0.223880597014925,0.0130890052356021,"TF:M13135_1","TF","Factor: SP4; motif: GGCCCCGCCCCCN; match class: 1",20092,8115
"1577","midnightblue",TRUE,0.00691859024278001,9633,134,85,0.634328358208955,0.00882383473476591,"TF:M00655","TF","Factor: PEA3; motif: ACWTCCK",20092,6706
"1578","midnightblue",TRUE,0.00711945144827545,4717,134,50,0.373134328358209,0.0105999576001696,"TF:M00444_1","TF","Factor: VDR; motif: GGGKNARNRRGGWSA; match class: 1",20092,9173
"1579","midnightblue",TRUE,0.00712159410581306,9038,134,81,0.604477611940298,0.00896215976986059,"TF:M07461","TF","Factor: KLF; motif: GGGNGGGG",20092,4758
"1580","midnightblue",TRUE,0.00739360979445862,4091,134,45,0.335820895522388,0.0109997555609875,"TF:M12186_1","TF","Factor: BTEB4; motif: NCCACGCCCM; match class: 1",20092,4715
"1581","midnightblue",TRUE,0.00739360979445862,7160,134,68,0.507462686567164,0.00949720670391061,"TF:M05775","TF","Factor: ZXDL; motif: NGGGGWS",20092,11988
"1582","midnightblue",TRUE,0.00739360979445862,5916,134,59,0.440298507462687,0.00997295469912103,"TF:M07292","TF","Factor: GLI; motif: NTGGGTGGTN",20092,3352
"1583","midnightblue",TRUE,0.007451747305665,8313,134,76,0.567164179104478,0.00914230722964032,"TF:M12160_1","TF","Factor: KLF15; motif: RCCMCRCCCMCN; match class: 1",20092,4705
"1584","midnightblue",TRUE,0.00747718921685929,244,134,8,0.0597014925373134,0.0327868852459016,"TF:M11375_1","TF","Factor: Spi-B; motif: NAWGCGGAAGTN; match class: 1",20092,8185
"1585","midnightblue",TRUE,0.00837987133344217,2898,134,35,0.261194029850746,0.0120772946859903,"TF:M09591_1","TF","Factor: AP-2gamma; motif: NTGSCCTGRGGSNN; match class: 1",20092,8835
"1586","midnightblue",TRUE,0.00840301767090058,3017,134,36,0.26865671641791,0.0119323831620815,"TF:M07615_1","TF","Factor: Sp3; motif: GGGGCGGGGSNN; match class: 1",20092,8107
"1587","midnightblue",TRUE,0.00850651700939703,5681,134,57,0.425373134328358,0.0100334448160535,"TF:M09971","TF","Factor: GKLF; motif: WGGGYGKGGC",20092,3286
"1588","midnightblue",TRUE,0.00850850558088512,18259,134,132,0.985074626865672,0.00722931157237527,"TF:M00378","TF","Factor: Pax-4; motif: NNNNNYCACCCB",20092,6542
"1589","midnightblue",TRUE,0.00855075000950238,7914,134,73,0.544776119402985,0.00922415971695729,"TF:M04152","TF","Factor: TFAP2C; motif: NGCCCNNRGGCA",20092,8826
"1590","midnightblue",TRUE,0.00879193558218107,8800,134,79,0.58955223880597,0.00897727272727273,"TF:M04863_1","TF","Factor: TF3C-beta; motif: CCNGGAGGGCTTCCTGGAGGAG; match class: 1",20092,3427
"1591","midnightblue",TRUE,0.00887873523010132,14310,134,113,0.843283582089552,0.00789657582110412,"TF:M00450","TF","Factor: Zic3; motif: NGGGKGGTC",20092,9618
"1592","midnightblue",TRUE,0.00914355515464817,1079,134,18,0.134328358208955,0.0166821130676552,"TF:M13368_1","TF","Factor: ZBTB24; motif: CCCAGGACCC; match class: 1",20092,9351
"1593","midnightblue",TRUE,0.00920946969218409,4265,134,46,0.343283582089552,0.0107854630715123,"TF:M07407_1","TF","Factor: THAP1; motif: YTGCCCNNA; match class: 1",20092,8977
"1594","midnightblue",TRUE,0.00922628486133153,3889,134,43,0.32089552238806,0.0110568269478015,"TF:M04146_1","TF","Factor: TFAP2A; motif: YGCCCNNRGGCN; match class: 1",20092,8779
"1595","midnightblue",TRUE,0.00927861731926185,8522,134,77,0.574626865671642,0.00903543769068294,"TF:M10026","TF","Factor: PATZ; motif: GGGGNGGGGGMKGGRRNGGNRN",20092,6500
"1596","midnightblue",TRUE,0.0094099859240738,7943,134,73,0.544776119402985,0.0091904821855722,"TF:M00665","TF","Factor: Sp3; motif: ASMCTTGGGSRGGG",20092,8104
"1597","midnightblue",TRUE,0.0094099859240738,13104,134,106,0.791044776119403,0.00808913308913309,"TF:M08441_1","TF","Factor: AP-2gamma:Elk-1; motif: NGCCKNRGGSGRCGGAAGTG; match class: 1",20092,8815
"1598","midnightblue",TRUE,0.00968154446427725,7520,134,70,0.522388059701492,0.00930851063829787,"TF:M01175","TF","Factor: CKROX; motif: SCCCTCCCC",20092,872
"1599","midnightblue",TRUE,0.00968743706898688,14702,134,115,0.858208955223881,0.00782206502516664,"TF:M04756","TF","Factor: sin3A; motif: TGTCCNNGGTGCTG",20092,7710
"1600","midnightblue",TRUE,0.00968743706898688,6817,134,65,0.485074626865672,0.00953498606425114,"TF:M13147_1","TF","Factor: ZNF253; motif: SNGNSCGNGGNGCKGNN; match class: 1",20092,10041
"1601","midnightblue",TRUE,0.00968743706898688,2696,134,33,0.246268656716418,0.0122403560830861,"TF:M00947_1","TF","Factor: CP2/LBP-1c/LSF; motif: GCTGGNTNGNNCYNG; match class: 1",20092,959
"1602","midnightblue",TRUE,0.0100524515756565,6826,134,65,0.485074626865672,0.00952241429827132,"TF:M13149_1","TF","Factor: ZNF219; motif: SNNCAGCACCNNGGNCAGCGSC; match class: 1",20092,9923
"1603","midnightblue",TRUE,0.0103396635007814,140,134,6,0.0447761194029851,0.0428571428571429,"TF:M12498_1","TF","Factor: SPIB; motif: NNTCACTTCCTCTTTN; match class: 1",20092,8191
"1604","midnightblue",TRUE,0.0104520087200556,3670,134,41,0.305970149253731,0.0111716621253406,"TF:M01303_1","TF","Factor: SP1; motif: GGGGYGGGGNS; match class: 1",20092,8041
"1605","midnightblue",TRUE,0.0105123947004702,3305,134,38,0.283582089552239,0.0114977307110439,"TF:M09727_1","TF","Factor: GEMIN3; motif: NCWGGRARRGRGNGNG; match class: 1",20092,3259
"1606","midnightblue",TRUE,0.0109693608236317,6021,134,59,0.440298507462687,0.0097990367048663,"TF:M10107","TF","Factor: DB1; motif: GGRRRRGRRGGAGGGGGNGRRR",20092,1226
"1607","midnightblue",TRUE,0.0111084342424409,2150,134,28,0.208955223880597,0.0130232558139535,"TF:M09725_1","TF","Factor: DREF; motif: CTYYCWCTTCCY; match class: 1",20092,1409
"1608","midnightblue",TRUE,0.0114192284442305,9178,134,81,0.604477611940298,0.00882545216822837,"TF:M01588","TF","Factor: GKLF; motif: GCCMCRCCCNNN",20092,3284
"1609","midnightblue",TRUE,0.0114510812616421,8881,134,79,0.58955223880597,0.0088953946627632,"TF:M00446","TF","Factor: Spz1; motif: DNNGGRGGGWWNNNN",20092,8198
"1610","midnightblue",TRUE,0.011549038679698,11191,134,94,0.701492537313433,0.00839960682691449,"TF:M07407","TF","Factor: THAP1; motif: YTGCCCNNA",20092,8976
"1611","midnightblue",TRUE,0.011549038679698,1012,134,17,0.126865671641791,0.016798418972332,"TF:M10056_1","TF","Factor: DRRS; motif: GNNGGGWGGG; match class: 1",20092,1427
"1612","midnightblue",TRUE,0.011549038679698,3447,134,39,0.291044776119403,0.0113141862489121,"TF:M09765_1","TF","Factor: SP1; motif: NRGKGGGCGGGGCN; match class: 1",20092,8051
"1613","midnightblue",TRUE,0.0117378557456737,8302,134,75,0.559701492537313,0.00903396771862202,"TF:M09671","TF","Factor: VDR; motif: RRGGTCANNGRGKTCA",20092,9168
"1614","midnightblue",TRUE,0.0117378557456737,3088,134,36,0.26865671641791,0.0116580310880829,"TF:M04818_1","TF","Factor: IRF-4; motif: RGGAASWGR; match class: 1",20092,4455
"1615","midnightblue",TRUE,0.0117479361666369,2502,134,31,0.23134328358209,0.0123900879296563,"TF:M09671_1","TF","Factor: VDR; motif: RRGGTCANNGRGKTCA; match class: 1",20092,9169
"1616","midnightblue",TRUE,0.0120043132829043,1944,134,26,0.194029850746269,0.0133744855967078,"TF:M12026_1","TF","Factor: TBX2; motif: NNNGTGTSNN; match class: 1",20092,8509
"1617","midnightblue",TRUE,0.0120533735417814,337,134,9,0.0671641791044776,0.0267062314540059,"TF:M09978_1","TF","Factor: MafB; motif: TGCTGASTNNN; match class: 1",20092,5023
"1618","midnightblue",TRUE,0.0125970284971085,4990,134,51,0.380597014925373,0.0102204408817635,"TF:M10026_1","TF","Factor: PATZ; motif: GGGGNGGGGGMKGGRRNGGNRN; match class: 1",20092,6501
"1619","midnightblue",TRUE,0.0127276715148872,1953,134,26,0.194029850746269,0.0133128520225294,"TF:M03553","TF","Factor: KLF3; motif: CCMCACCCNG",20092,4732
"1620","midnightblue",TRUE,0.0130220527226092,6344,134,61,0.455223880597015,0.00961538461538462,"TF:M10059","TF","Factor: Smad2; motif: TGTCTGNCWCCT",20092,7794
"1621","midnightblue",TRUE,0.0131503845175606,4225,134,45,0.335820895522388,0.0106508875739645,"TF:M04154","TF","Factor: TFAP2C; motif: NGCCTNAGGCN",20092,8830
"1622","midnightblue",TRUE,0.0131863491354585,495,134,11,0.082089552238806,0.0222222222222222,"TF:M11377","TF","Factor: Spi-B; motif: NAAWGNGGAAGTN",20092,8188
"1623","midnightblue",TRUE,0.0131978577193132,8632,134,77,0.574626865671642,0.00892029657089898,"TF:M09724","TF","Factor: DATF1; motif: SNGGRRGCWGNGGG",20092,1222
"1624","midnightblue",TRUE,0.0132980461586014,14256,134,112,0.835820895522388,0.00785634118967452,"TF:M11814","TF","Factor: T3R-beta; motif: NRGGTCAAAGGTCRN",20092,8990
"1625","midnightblue",TRUE,0.0132980461586014,5806,134,57,0.425373134328358,0.00981743024457458,"TF:M04636_1","TF","Factor: TFII-I; motif: NAGGAAGTGN; match class: 1",20092,8935
"1626","midnightblue",TRUE,0.0134514285614015,11564,134,96,0.716417910447761,0.00830162573503978,"TF:M08826","TF","Factor: NF-E4; motif: GTGAGGS",20092,5852
"1627","midnightblue",TRUE,0.013496085562655,5948,134,58,0.432835820895522,0.0097511768661735,"TF:M09610","TF","Factor: ER-beta; motif: NRGGTCANKSTGACCTNN",20092,2164
"1628","midnightblue",TRUE,0.013496085562655,209,134,7,0.0522388059701493,0.0334928229665072,"TF:M11374_1","TF","Factor: Spi-B; motif: NAWGRGGAAGTR; match class: 1",20092,8183
"1629","midnightblue",TRUE,0.0136960807499272,4885,134,50,0.373134328358209,0.0102354145342886,"TF:M09738_1","TF","Factor: ZNF511; motif: GGRRGRGGCWGNG; match class: 1",20092,10755
"1630","midnightblue",TRUE,0.0136960807499272,6226,134,60,0.447761194029851,0.0096370061034372,"TF:M01808_1","TF","Factor: NMYC; motif: CAYCTG; match class: 1",20092,6075
"1631","midnightblue",TRUE,0.0138470148057932,3614,134,40,0.298507462686567,0.0110680686220255,"TF:M12720","TF","Factor: ZNF775; motif: RGRGAGAAGN",20092,11632
"1632","midnightblue",TRUE,0.0138782883690493,10783,134,91,0.67910447761194,0.00843920986738384,"TF:M12158","TF","Factor: KLF15; motif: NCCMCGCCCMCN",20092,4700
"1633","midnightblue",TRUE,0.0140599462626584,8953,134,79,0.58955223880597,0.00882385792471797,"TF:M04953","TF","Factor: Sp1; motif: GGNDGGRGGCGGGG",20092,8046
"1634","midnightblue",TRUE,0.0143021046922788,2312,134,29,0.216417910447761,0.0125432525951557,"TF:M11795_1","TF","Factor: NR1B1; motif: NRGGTCANNRGGTCAN; match class: 1",20092,7257
"1635","midnightblue",TRUE,0.0149132516545864,10647,134,90,0.671641791044776,0.0084530853761623,"TF:M08980","TF","Factor: VDR:RXR-ALPHA; motif: NRGGTCANNNGGTTCNN",20092,9160
"1636","midnightblue",TRUE,0.0149248573228186,10337,134,88,0.656716417910448,0.00851310825191061,"TF:M09723","TF","Factor: BTEB1; motif: GGGGGCGGGGCNGSGGGNGS",20092,628
"1637","midnightblue",TRUE,0.0153400474565067,5443,134,54,0.402985074626866,0.00992099944883336,"TF:M07231","TF","Factor: TFAP2A; motif: NNNNGCCYSAGGGCA",20092,8786
"1638","midnightblue",TRUE,0.0159328212804927,9741,134,84,0.626865671641791,0.00862334462580844,"TF:M09910","TF","Factor: ER-beta; motif: RGGTCASCNTGMCCY",20092,2166
"1639","midnightblue",TRUE,0.0161212713915198,6685,134,63,0.470149253731343,0.00942408376963351,"TF:M04146","TF","Factor: TFAP2A; motif: YGCCCNNRGGCN",20092,8778
"1640","midnightblue",TRUE,0.0161914105021986,12603,134,102,0.761194029850746,0.00809331111640086,"TF:M13127","TF","Factor: HA95; motif: CCSNSSCCNSCNCCWSCCNS",20092,3432
"1641","midnightblue",TRUE,0.0162872513556934,1777,134,24,0.17910447761194,0.0135059088351154,"TF:M13117_1","TF","Factor: SKIL; motif: NNCTGNCCYTKNCCCNN; match class: 1",20092,7765
"1642","midnightblue",TRUE,0.0162872513556934,15599,134,119,0.888059701492537,0.00762869414706071,"TF:M10550","TF","Factor: ZNF684; motif: MAAGGGGTGGACTGT",20092,11316
"1643","midnightblue",TRUE,0.016676268306609,4286,134,45,0.335820895522388,0.0104993000466636,"TF:M05467","TF","Factor: Sall1; motif: NGGTCCKRGKRA",20092,7630
"1644","midnightblue",TRUE,0.016676268306609,26,134,3,0.0223880597014925,0.115384615384615,"TF:M05512","TF","Factor: ZNF575; motif: NGGTGGGGGGGC",20092,10984
"1645","midnightblue",TRUE,0.0168891515862167,9610,134,83,0.619402985074627,0.00863683662851197,"TF:M00649","TF","Factor: MAZ; motif: GGGGAGGG",20092,5156
"1646","midnightblue",TRUE,0.0171015678878799,436,134,10,0.0746268656716418,0.0229357798165138,"TF:M00771_1","TF","Factor: Ets; motif: ANNCACTTCCTG; match class: 1",20092,2249
"1647","midnightblue",TRUE,0.0171015956628109,2930,134,34,0.253731343283582,0.0116040955631399,"TF:M07455","TF","Factor: Gli2; motif: NTGGGTGGTCNN",20092,3314
"1648","midnightblue",TRUE,0.0172626676054074,16800,134,125,0.932835820895522,0.00744047619047619,"TF:M07039","TF","Factor: ETF; motif: CCCCGCCCCYN",20092,2222
"1649","midnightblue",TRUE,0.0175427549923263,3668,134,40,0.298507462686567,0.0109051254089422,"TF:M00261","TF","Factor: Olf-1; motif: NNCDABTCCCYAGRGARBNKGN",20092,6332
"1650","midnightblue",TRUE,0.0175427549923263,14521,134,113,0.843283582089552,0.0077818332070794,"TF:M09636_1","TF","Factor: MAZ; motif: GGGMGGGGSSGGGGGGGGGGGG; match class: 1",20092,5147
"1651","midnightblue",TRUE,0.0176792126359168,61,134,4,0.0298507462686567,0.0655737704918033,"TF:M12453_1","TF","Factor: NEUROG2; motif: NNNNCAGATGGNN; match class: 1",20092,5711
"1652","midnightblue",TRUE,0.0176792126359168,19042,134,134,1,0.00703707593740153,"TF:M01822_1","TF","Factor: CPBP; motif: SNCCCNN; match class: 1",20092,973
"1653","midnightblue",TRUE,0.0178286895123646,161,134,6,0.0447761194029851,0.0372670807453416,"TF:M12497_1","TF","Factor: SPI1; motif: NNNAAAGAGGAAGTGANNNN; match class: 1",20092,8171
"1654","midnightblue",TRUE,0.0178752997086899,5759,134,56,0.417910447761194,0.0097239104011113,"TF:M00470_1","TF","Factor: AP-2gamma; motif: GCCYNNGGS; match class: 1",20092,143
"1655","midnightblue",TRUE,0.0178752997086899,2355,134,29,0.216417910447761,0.0123142250530786,"TF:M13148_1","TF","Factor: ZSCAN21; motif: NSNGNSCNNGGTGCTG; match class: 1",20092,9663
"1656","midnightblue",TRUE,0.0189244410987654,5235,134,52,0.388059701492537,0.00993314231136581,"TF:M04147","TF","Factor: TFAP2A; motif: NGCCYSAGGCN",20092,8780
"1657","midnightblue",TRUE,0.0193023207219629,3076,134,35,0.261194029850746,0.0113784135240572,"TF:M07397_1","TF","Factor: ZBP89; motif: CCCCKCCCCCNN; match class: 1",20092,9315
"1658","midnightblue",TRUE,0.0193859638412487,9506,134,82,0.611940298507463,0.00862613086471702,"TF:M09920","TF","Factor: Fli-1; motif: NNRGGMAGGAAGGRRRGR",20092,2532
"1659","midnightblue",TRUE,0.0193859638412487,14026,134,110,0.82089552238806,0.00784257806929987,"TF:M07039_1","TF","Factor: ETF; motif: CCCCGCCCCYN; match class: 1",20092,2223
"1660","midnightblue",TRUE,0.0193859638412487,1699,134,23,0.171641791044776,0.0135373749264273,"TF:M11445","TF","Factor: Elf-1; motif: NANCAGGAAGTR",20092,1746
"1661","midnightblue",TRUE,0.0193859638412487,7308,134,67,0.5,0.009168035030104,"TF:M07260_1","TF","Factor: Ikaros; motif: TGGGAGN; match class: 1",20092,4381
"1662","midnightblue",TRUE,0.0193859638412487,4328,134,45,0.335820895522388,0.0103974121996303,"TF:M07277_1","TF","Factor: BTEB2; motif: RGGGNGKGGN; match class: 1",20092,641
"1663","midnightblue",TRUE,0.0196731586506422,16040,134,121,0.902985074626866,0.00754364089775561,"TF:M12689","TF","Factor: ZBTB39; motif: CNCTGY",20092,9394
"1664","midnightblue",TRUE,0.0198178545585259,9667,134,83,0.619402985074627,0.00858591083066101,"TF:M12636","TF","Factor: MLLT10; motif: CYNNCCNNGGNGCTG",20092,5374
"1665","midnightblue",TRUE,0.0199541490671918,7605,134,69,0.514925373134328,0.00907297830374753,"TF:M12026","TF","Factor: TBX2; motif: NNNGTGTSNN",20092,8508
"1666","midnightblue",TRUE,0.0199872454440505,5121,134,51,0.380597014925373,0.00995899238429994,"TF:M03839","TF","Factor: Pax-2; motif: CAYSCCTSAGT",20092,6520
"1667","midnightblue",TRUE,0.0200259515096043,3088,134,35,0.261194029850746,0.0113341968911917,"TF:M07291","TF","Factor: GLI2; motif: TGGGTGGTCNS",20092,3316
"1668","midnightblue",TRUE,0.0203344330409419,13018,134,104,0.776119402985075,0.00798893839299432,"TF:M00646","TF","Factor: LF-A1; motif: GGGSTCWR",20092,4826
"1669","midnightblue",TRUE,0.0203549527581559,5127,134,51,0.380597014925373,0.00994733762434172,"TF:M10090","TF","Factor: Tbx3; motif: NRAGGTGNNAR",20092,8518
"1670","midnightblue",TRUE,0.0204807201979591,2268,134,28,0.208955223880597,0.0123456790123457,"TF:M10109","TF","Factor: ZNF324; motif: KNTCAAACCATCCTTNNCTKSCN",20092,10264
"1671","midnightblue",TRUE,0.0204807201979591,1186,134,18,0.134328358208955,0.015177065767285,"TF:M10037_1","TF","Factor: PPARalpha; motif: NWSTRGGNSAAAGGTCA; match class: 1",20092,7069
"1672","midnightblue",TRUE,0.0212550987935182,4874,134,49,0.365671641791045,0.0100533442757489,"TF:M12704_1","TF","Factor: ZNF432; motif: NCAGNRCCNSRGRCAGC; match class: 1",20092,10537
"1673","midnightblue",TRUE,0.0215834042145733,9395,134,81,0.604477611940298,0.0086216072378925,"TF:M03876_1","TF","Factor: Kaiso; motif: GCMGGGRGCRGS; match class: 1",20092,4679
"1674","midnightblue",TRUE,0.0215834042145733,5010,134,50,0.373134328358209,0.00998003992015968,"TF:M11481","TF","Factor: AP-2gamma; motif: NSCCYNRGGSN",20092,8836
"1675","midnightblue",TRUE,0.0216060546743275,2865,134,33,0.246268656716418,0.0115183246073298,"TF:M00051_1","TF","Factor: NF-kappaB; motif: GGGGATYCCC; match class: 1",20092,5875
"1676","midnightblue",TRUE,0.0216060546743275,1193,134,18,0.134328358208955,0.0150880134115675,"TF:M12540","TF","Factor: EHF; motif: NNCACTTCCTGNTNN",20092,1724
"1677","midnightblue",TRUE,0.0216061160980634,4489,134,46,0.343283582089552,0.0102472711071508,"TF:M01783_1","TF","Factor: SP2; motif: GGGCGGGAC; match class: 1",20092,8075
"1678","midnightblue",TRUE,0.0219081882292589,5959,134,57,0.425373134328358,0.00956536331599262,"TF:M09764","TF","Factor: ROX; motif: GNNNCASGTGGS",20092,7524
"1679","midnightblue",TRUE,0.0219081882292589,3232,134,36,0.26865671641791,0.0111386138613861,"TF:M02023_1","TF","Factor: MAZ; motif: NKGGGAGGGGRGGR; match class: 1",20092,5159
"1680","midnightblue",TRUE,0.0219081882292589,7928,134,71,0.529850746268657,0.00895560040363269,"TF:M09826_1","TF","Factor: BTEB3; motif: CCNNSCCNSCCCCKCCCCC; match class: 1",20092,643
"1681","midnightblue",TRUE,0.0220167737778835,2991,134,34,0.253731343283582,0.0113674356402541,"TF:M09724_1","TF","Factor: DATF1; motif: SNGGRRGCWGNGGG; match class: 1",20092,1223
"1682","midnightblue",TRUE,0.0222395417505878,2873,134,33,0.246268656716418,0.0114862513052558,"TF:M00698","TF","Factor: HEB; motif: RCCWGCTG",20092,3448
"1683","midnightblue",TRUE,0.0222870679319722,1726,134,23,0.171641791044776,0.0133256083429896,"TF:M12489_1","TF","Factor: KLF4; motif: NNCCCCACCCNN; match class: 1",20092,4743
"1684","midnightblue",TRUE,0.0223654790599199,2875,134,33,0.246268656716418,0.0114782608695652,"TF:M00733_1","TF","Factor: SMAD4; motif: GKSRKKCAGMCANCY; match class: 1",20092,7815
"1685","midnightblue",TRUE,0.0234663457295361,814,134,14,0.104477611940299,0.0171990171990172,"TF:M07281","TF","Factor: EKLF; motif: NCCMCACCCW",20092,1732
"1686","midnightblue",TRUE,0.0241391263962487,16897,134,125,0.932835820895522,0.00739776291649405,"TF:M07322","TF","Factor: HSF4; motif: CTGCMRN",20092,4330
"1687","midnightblue",TRUE,0.0241391263962487,3132,134,35,0.261194029850746,0.0111749680715198,"TF:M03920_1","TF","Factor: SP1; motif: RCCMCRCCCMC; match class: 1",20092,8045
"1688","midnightblue",TRUE,0.0241391263962487,3878,134,41,0.305970149253731,0.0105724600309438,"TF:M04482","TF","Factor: RARA; motif: ARRGGTCANSNGAGGTCA",20092,7242
"1689","midnightblue",TRUE,0.0241391263962487,465,134,10,0.0746268656716418,0.021505376344086,"TF:M05876","TF","Factor: ZNF526; motif: KGGGTGGGGWRC",20092,10792
"1690","midnightblue",TRUE,0.0247186049300025,9143,134,79,0.58955223880597,0.00864048999234387,"TF:M10477_1","TF","Factor: ZNF436; motif: TCCTCCAGGAAGCCY; match class: 1",20092,10553
"1691","midnightblue",TRUE,0.0250302033614126,7395,134,67,0.5,0.00906017579445571,"TF:M11814_1","TF","Factor: T3R-beta; motif: NRGGTCAAAGGTCRN; match class: 1",20092,8991
"1692","midnightblue",TRUE,0.0251031325740374,1967,134,25,0.186567164179104,0.012709710218607,"TF:M07290_1","TF","Factor: GLI; motif: NGACCMCCCAN; match class: 1",20092,3299
"1693","midnightblue",TRUE,0.0253523893174441,3389,134,37,0.276119402985075,0.0109176748303334,"TF:M08955_1","TF","Factor: FXR:RXR-ALPHA; motif: NRGGTCANRGGKN; match class: 1",20092,2963
"1694","midnightblue",TRUE,0.0253548791804372,11148,134,92,0.686567164179104,0.00825260136347327,"TF:M09738","TF","Factor: ZNF511; motif: GGRRGRGGCWGNG",20092,10754
"1695","midnightblue",TRUE,0.0256139543461239,2198,134,27,0.201492537313433,0.0122838944494995,"TF:M10151","TF","Factor: EZI; motif: GGGGAGGGGRRGGRGRRGGRRR",20092,2450
"1696","midnightblue",TRUE,0.0259968834036706,6842,134,63,0.470149253731343,0.00920783396667641,"TF:M10002","TF","Factor: NF-1C; motif: NYTGGCNNYNNGCCARN",20092,5728
"1697","midnightblue",TRUE,0.0263265393721219,3399,134,37,0.276119402985075,0.010885554574875,"TF:M07349","TF","Factor: AP-2gamma; motif: NNNNWGCCYNCRGSCN",20092,144
"1698","midnightblue",TRUE,0.0263265393721219,2671,134,31,0.23134328358209,0.0116061400224635,"TF:M09898_1","TF","Factor: Egr-2; motif: GNGRRNGWGKGGGNGGRG; match class: 1",20092,1683
"1699","midnightblue",TRUE,0.0263265393721219,4805,134,48,0.358208955223881,0.00998959417273673,"TF:M11481_1","TF","Factor: AP-2gamma; motif: NSCCYNRGGSN; match class: 1",20092,8837
"1700","midnightblue",TRUE,0.0272280069788282,394,134,9,0.0671641791044776,0.0228426395939086,"TF:M12187_1","TF","Factor: KLF17; motif: NMCCACNCWCCCNTN; match class: 1",20092,4719
"1701","midnightblue",TRUE,0.0276828961024312,6581,134,61,0.455223880597015,0.00926910803829205,"TF:M00051","TF","Factor: NF-kappaB; motif: GGGGATYCCC",20092,5874
"1702","midnightblue",TRUE,0.0278384247704149,740,134,13,0.0970149253731343,0.0175675675675676,"TF:M03914_1","TF","Factor: KLF16; motif: GMCACGCCCCC; match class: 1",20092,4711
"1703","midnightblue",TRUE,0.0282138630867075,1765,134,23,0.171641791044776,0.0130311614730878,"TF:M05775_1","TF","Factor: ZXDL; motif: NGGGGWS; match class: 1",20092,11989
"1704","midnightblue",TRUE,0.028340517474546,1877,134,24,0.17910447761194,0.0127863612147043,"TF:M09737_1","TF","Factor: ZNF644; motif: TCCWGCCTCTSN; match class: 1",20092,11179
"1705","midnightblue",TRUE,0.0288026492881395,3922,134,41,0.305970149253731,0.0104538500764916,"TF:M03811_1","TF","Factor: AP-2gamma; motif: GCCYNCRGSN; match class: 1",20092,149
"1706","midnightblue",TRUE,0.0292750524790433,839,134,14,0.104477611940299,0.0166865315852205,"TF:M12157_1","TF","Factor: KLF15; motif: RCCACGCCCCCC; match class: 1",20092,4699
"1707","midnightblue",TRUE,0.029812136206655,3930,134,41,0.305970149253731,0.0104325699745547,"TF:M10530_1","TF","Factor: sp4; motif: NNNGCYCCGCCCCCY; match class: 1",20092,8113
"1708","midnightblue",TRUE,0.0302249914149837,4061,134,42,0.313432835820896,0.0103422802265452,"TF:M07226_1","TF","Factor: SP1; motif: NCCCCKCCCCC; match class: 1",20092,8049
"1709","midnightblue",TRUE,0.0307905001189283,1891,134,24,0.17910447761194,0.0126916975145426,"TF:M04811_1","TF","Factor: RelA-p65; motif: BCWGGGRANNK; match class: 1",20092,7329
"1710","midnightblue",TRUE,0.0307905001189283,9,134,2,0.0149253731343284,0.222222222222222,"TF:M06073","TF","Factor: ZNF749; motif: KTGGCTGGTTT",20092,11534
"1711","midnightblue",TRUE,0.0313429797311896,5927,134,56,0.417910447761194,0.00944828749789101,"TF:M13379","TF","Factor: FEZF2; motif: CCCAGCCT",20092,10220
"1712","midnightblue",TRUE,0.031779526837452,6483,134,60,0.447761194029851,0.00925497454881999,"TF:M07129","TF","Factor: Sp2; motif: GYCCCGCCYCYNNNN",20092,8082
"1713","midnightblue",TRUE,0.0319316271728207,6346,134,59,0.440298507462687,0.00929719508351718,"TF:M11480","TF","Factor: AP-2alpha; motif: NGCCTSAGGCN",20092,8792
"1714","midnightblue",TRUE,0.0322302171448645,1046,134,16,0.119402985074627,0.0152963671128107,"TF:M08905_1","TF","Factor: TIEG1; motif: GGSGGKGNNN; match class: 1",20092,9015
"1715","midnightblue",TRUE,0.0322302171448645,6488,134,60,0.447761194029851,0.0092478421701603,"TF:M12657","TF","Factor: RELA; motif: GGGRMTKYCCC",20092,7338
"1716","midnightblue",TRUE,0.032885166751736,1905,134,24,0.17910447761194,0.0125984251968504,"TF:M10637","TF","Factor: Nkx2-3; motif: NSCACTTNNC",20092,5976
"1717","midnightblue",TRUE,0.032885166751736,10304,134,86,0.641791044776119,0.00834627329192547,"TF:M12173","TF","Factor: GKLF; motif: NNCCMCRCCCN",20092,4738
"1718","midnightblue",TRUE,0.032885166751736,4085,134,42,0.313432835820896,0.010281517747858,"TF:M01588_1","TF","Factor: GKLF; motif: GCCMCRCCCNNN; match class: 1",20092,3285
"1719","midnightblue",TRUE,0.032885166751736,759,134,13,0.0970149253731343,0.0171277997364954,"TF:M08906_1","TF","Factor: TR4; motif: NCCCTGACCYB; match class: 1",20092,9063
"1720","midnightblue",TRUE,0.032885166751736,1151,134,17,0.126865671641791,0.0147697654213727,"TF:M01269_1","TF","Factor: NURR1; motif: YRRCCTT; match class: 1",20092,6287
"1721","midnightblue",TRUE,0.032885166751736,7058,134,64,0.477611940298507,0.00906772456786625,"TF:M07329","TF","Factor: Osx; motif: CCNCCCCCNNN",20092,6400
"1722","midnightblue",TRUE,0.032885166751736,853,134,14,0.104477611940299,0.0164126611957796,"TF:M00807_1","TF","Factor: Egr; motif: GTGGGSGCRRS; match class: 1",20092,1715
"1723","midnightblue",TRUE,0.0334465032899136,1468,134,20,0.149253731343284,0.0136239782016349,"TF:M07460","TF","Factor: KLF3; motif: CCMCRCCCNG",20092,4734
"1724","midnightblue",TRUE,0.0342830599605569,10318,134,86,0.641791044776119,0.0083349486334561,"TF:M12704","TF","Factor: ZNF432; motif: NCAGNRCCNSRGRCAGC",20092,10536
"1725","midnightblue",TRUE,0.0344160610560036,9710,134,82,0.611940298507463,0.00844490216271885,"TF:M00518","TF","Factor: PPARalpha:RXRalpha; motif: NNRGGTCATWGGGGTSANG",20092,7066
"1726","midnightblue",TRUE,0.0344160610560036,6373,134,59,0.440298507462687,0.00925780637062608,"TF:M12286","TF","Factor: ZNF647; motif: NYAGGCCYAC",20092,11192
"1727","midnightblue",TRUE,0.0351770250993013,6939,134,63,0.470149253731343,0.00907911802853437,"TF:M12590_1","TF","Factor: CP2; motif: NRRRCCGGCYNRARCCGGNN; match class: 1",20092,8889
"1728","midnightblue",TRUE,0.0352752105618875,9567,134,81,0.604477611940298,0.00846660395108184,"TF:M04818","TF","Factor: IRF-4; motif: RGGAASWGR",20092,4454
"1729","midnightblue",TRUE,0.0353853810918822,2379,134,28,0.208955223880597,0.0117696511139134,"TF:M00665_1","TF","Factor: Sp3; motif: ASMCTTGGGSRGGG; match class: 1",20092,8105
"1730","midnightblue",TRUE,0.0355078875714636,2380,134,28,0.208955223880597,0.0117647058823529,"TF:M10115_1","TF","Factor: LRF; motif: NRGGGKCKY; match class: 1",20092,9441
"1731","midnightblue",TRUE,0.0358247220413964,7515,134,67,0.5,0.00891550232867598,"TF:M03920","TF","Factor: SP1; motif: RCCMCRCCCMC",20092,8044
"1732","midnightblue",TRUE,0.0358556123053626,2981,134,33,0.246268656716418,0.011070110701107,"TF:M00446_1","TF","Factor: Spz1; motif: DNNGGRGGGWWNNNN; match class: 1",20092,8199
"1733","midnightblue",TRUE,0.0361117226341677,16417,134,122,0.91044776119403,0.00743132119144789,"TF:M01743","TF","Factor: ING4; motif: CCACCA",20092,4382
"1734","midnightblue",TRUE,0.0361964218275782,8389,134,73,0.544776119402985,0.00870187149839075,"TF:M09760","TF","Factor: DPF2; motif: NYCACYTCCYCNYYCY",20092,1390
"1735","midnightblue",TRUE,0.0365593650832672,4505,134,45,0.335820895522388,0.00998890122086571,"TF:M12703_1","TF","Factor: ZNF383; motif: SSNGGGMGGNGSNGGS; match class: 1",20092,10409
"1736","midnightblue",TRUE,0.0375994758935452,13065,134,103,0.76865671641791,0.00788365862992729,"TF:M04636","TF","Factor: TFII-I; motif: NAGGAAGTGN",20092,8934
"1737","midnightblue",TRUE,0.0375994758935452,3487,134,37,0.276119402985075,0.0106108402638371,"TF:M03914","TF","Factor: KLF16; motif: GMCACGCCCCC",20092,4710
"1738","midnightblue",TRUE,0.0381106432675279,3241,134,35,0.261194029850746,0.0107991360691145,"TF:M10013","TF","Factor: LXR-alpha; motif: NNRRGGTYACTNNAGGNCA",20092,4986
"1739","midnightblue",TRUE,0.0386565725792965,5996,134,56,0.417910447761194,0.00933955970647098,"TF:M11480_1","TF","Factor: AP-2alpha; motif: NGCCTSAGGCN; match class: 1",20092,8793
"1740","midnightblue",TRUE,0.0386778065758456,506,134,10,0.0746268656716418,0.0197628458498024,"TF:M04482_1","TF","Factor: RARA; motif: ARRGGTCANSNGAGGTCA; match class: 1",20092,7243
"1741","midnightblue",TRUE,0.0386778065758456,11774,134,95,0.708955223880597,0.00806862578562935,"TF:M13132","TF","Factor: ZNF609; motif: GNSNGGGNGCTGN",20092,11096
"1742","midnightblue",TRUE,0.0395458321902111,3250,134,35,0.261194029850746,0.0107692307692308,"TF:M01858_1","TF","Factor: AP-2beta; motif: GCNNNGGSCNGVGGGN; match class: 1",20092,141
"1743","midnightblue",TRUE,0.0396475994578727,5460,134,52,0.388059701492537,0.00952380952380952,"TF:M09658","TF","Factor: Sp2; motif: GGSNNGGGGGCGGGGCCNGNGS",20092,8084
"1744","midnightblue",TRUE,0.0396475994578727,2522,134,29,0.216417910447761,0.0114988104678826,"TF:M07129_1","TF","Factor: Sp2; motif: GYCCCGCCYCYNNNN; match class: 1",20092,8083
"1745","midnightblue",TRUE,0.0412375760238032,2770,134,31,0.23134328358209,0.0111913357400722,"TF:M10107_1","TF","Factor: DB1; motif: GGRRRRGRRGGAGGGGGNGRRR; match class: 1",20092,1227
"1746","midnightblue",TRUE,0.0412375760238032,11637,134,94,0.701492537313433,0.00807768325169717,"TF:M00143","TF","Factor: Pax-5; motif: BCNNNRNGCANBGNTGNRTAGCSGCHNB",20092,6568
"1747","midnightblue",TRUE,0.0412375760238032,13097,134,103,0.76865671641791,0.0078643964266626,"TF:M12160","TF","Factor: KLF15; motif: RCCMCRCCCMCN",20092,4704
"1748","midnightblue",TRUE,0.0416944614301756,3766,134,39,0.291044776119403,0.0103558151885289,"TF:M12188","TF","Factor: KLF17; motif: NGMCMCRCCCTN",20092,4720
"1749","midnightblue",TRUE,0.042052029882339,4283,134,43,0.32089552238806,0.0100396918048097,"TF:M00649_1","TF","Factor: MAZ; motif: GGGGAGGG; match class: 1",20092,5157
"1750","midnightblue",TRUE,0.042052029882339,2535,134,29,0.216417910447761,0.011439842209073,"TF:M09911","TF","Factor: c-Ets-1; motif: NNRCMGGAAGTGG",20092,2230
"1751","midnightblue",TRUE,0.0457252364977109,353,134,8,0.0597014925373134,0.0226628895184136,"TF:M07379_1","TF","Factor: c-Ets-2; motif: NNCTTCCTNNN; match class: 1",20092,2241
"1752","midnightblue",TRUE,0.0462450776379937,5774,134,54,0.402985074626866,0.00935226879113266,"TF:M09984_1","TF","Factor: MAZ; motif: GGGGGAGGGGGNGRGRRRGNRG; match class: 1",20092,5149
"1753","midnightblue",TRUE,0.0462512722465511,610,134,11,0.082089552238806,0.0180327868852459,"TF:M08965_1","TF","Factor: NR1B1:RXR-GAMMA; motif: RRGGTCANNNNNRGGTCA; match class: 1",20092,6095
"1754","midnightblue",TRUE,0.0470238942973729,7174,134,64,0.477611940298507,0.00892110398661834,"TF:M09834","TF","Factor: ZNF148; motif: NNNNNNCCNNCCCCTCCCCCACCCN",20092,9776
"1755","midnightblue",TRUE,0.0470771265902571,6751,134,61,0.455223880597015,0.00903569841504962,"TF:M10108","TF","Factor: WT1; motif: RGGNGGGGGAGGRGGNGGRG",20092,9218
"1756","midnightblue",TRUE,0.0475539825913498,9070,134,77,0.574626865671642,0.00848952590959206,"TF:M08487_1","TF","Factor: GCMa:Erg; motif: ATGCGGGCGGAARKG; match class: 1",20092,3159
"1757","midnightblue",TRUE,0.0476524707474442,2322,134,27,0.201492537313433,0.0116279069767442,"TF:M12659_1","TF","Factor: RORA; motif: CCYTGNCCTN; match class: 1",20092,7507
"1758","midnightblue",TRUE,0.0476688842758255,1310,134,18,0.134328358208955,0.0137404580152672,"TF:M06190_1","TF","Factor: ZXDA; motif: NGGGGTC; match class: 1",20092,11981
"1759","midnightblue",TRUE,0.0476688842758255,1310,134,18,0.134328358208955,0.0137404580152672,"TF:M06191_1","TF","Factor: ZXDB; motif: NGGGGTC; match class: 1",20092,11985
"1760","midnightblue",TRUE,0.047775500891872,6899,134,62,0.462686567164179,0.00898680968256269,"TF:M11482","TF","Factor: AP-2gamma; motif: NSCCYNNRGSN",20092,8838
"1761","midnightblue",TRUE,0.0478190918525679,1527,134,20,0.149253731343284,0.0130975769482646,"TF:M10157","TF","Factor: ZNF554; motif: GCNGAGYCANNTRGNNNRCT",20092,10892
"1762","midnightblue",TRUE,0.0489383843509505,10292,134,85,0.634328358208955,0.00825884181888846,"TF:M04148","TF","Factor: TFAP2A; motif: NGCCCYNNGGGCN",20092,8782
"1763","midnightblue",TRUE,0.0489383843509505,9382,134,79,0.58955223880597,0.00842037945001066,"TF:M12186","TF","Factor: BTEB4; motif: NCCACGCCCM",20092,4714
"1764","midnightblue",TRUE,0.0490540092855726,7050,134,63,0.470149253731343,0.00893617021276596,"TF:M12963","TF","Factor: CTCF; motif: CTGCANTNCCNNNNNNNNCCASNAGRKGGCRSNN",20092,1176
"1765","midnightblue",TRUE,0.0496913246163354,145,134,5,0.0373134328358209,0.0344827586206897,"TF:M11138","TF","Factor: NeuroD-2; motif: RMCATATGYY",20092,5680
"1766","midnightblue",TRUE,4.05564593899751e-08,40,87,9,0.103448275862069,0.225,"WP:WP3937","WP","Microglia pathogen phagocytosis pathway",8752,313
"1767","midnightblue",TRUE,4.28330836358129e-08,60,87,10,0.114942528735632,0.166666666666667,"WP:WP3945","WP","TYROBP causal network in microglia",8752,319
"1768","midnightblue",TRUE,0.0131834755506585,50,87,5,0.0574712643678161,0.1,"WP:WP395","WP","IL4 signaling",8752,321
"1769","midnightblue",TRUE,0.0136436625989704,165,87,8,0.0919540229885057,0.0484848484848485,"WP:WP3929","WP","Chemokine signaling",8752,306
"1770","midnightblue",TRUE,0.0136436625989704,85,87,6,0.0689655172413793,0.0705882352941176,"WP:WP4298","WP","Acute viral myocarditis",8752,402
"1771","midnightblue",TRUE,0.0226183894879289,38,87,4,0.0459770114942529,0.105263157894737,"WP:WP524","WP","G13 signaling",8752,741
"1772","midnightblue",TRUE,0.0226183894879289,69,87,5,0.0574712643678161,0.072463768115942,"WP:WP5158","WP","Urotensin II mediated signaling",8752,690
"1773","midnightblue",TRUE,0.0226183894879289,17,87,3,0.0344827586206897,0.176470588235294,"WP:WP4493","WP","Cells and molecules involved in local acute inflammatory response ",8752,442
"1774","midnightblue",TRUE,0.0237083809565239,18,87,3,0.0344827586206897,0.166666666666667,"WP:WP5174","WP","Ulcerative colitis signaling",8752,697
"1775","midnightblue",TRUE,0.0256798626918104,43,87,4,0.0459770114942529,0.0930232558139535,"WP:WP5198","WP","Inflammatory bowel disease signaling",8752,716
"1776","midnightblue",TRUE,0.0354457572364304,48,87,4,0.0459770114942529,0.0833333333333333,"WP:WP286","WP","IL3 signaling",8752,176
