"","query","significant","p_value","term_size","query_size","intersection_size","precision","recall","term_id","source","term_name","effective_domain_size","source_order"
"1","purple",TRUE,2.36299889304323e-06,138,47,13,0.276595744680851,0.0942028985507246,"CORUM:351","CORUM","Spliceosome",3383,205
"2","purple",TRUE,0.00754331725991545,20,47,4,0.0851063829787234,0.2,"CORUM:1332","CORUM","Large Drosha complex",3383,734
"3","purple",TRUE,0.0105205084838164,10,47,3,0.0638297872340425,0.3,"CORUM:3082","CORUM","DGCR8 multiprotein complex",3383,1382
"4","purple",TRUE,0.0125857360289863,3,47,2,0.0425531914893617,0.666666666666667,"CORUM:7381","CORUM","DCS complex",3383,2809
"5","purple",TRUE,0.0125857360289863,3,47,2,0.0425531914893617,0.666666666666667,"CORUM:1288","CORUM","DCS complex (PTBP1, PTBP2, HNRPH1, HNRPF)",3383,720
"6","purple",TRUE,2.25070234952509e-17,187,150,22,0.146666666666667,0.117647058823529,"GO:0043484","GO:BP","regulation of RNA splicing",21026,10633
"7","purple",TRUE,1.43751016132627e-09,112,150,13,0.0866666666666667,0.116071428571429,"GO:0048024","GO:BP","regulation of mRNA splicing, via spliceosome",21026,12308
"8","purple",TRUE,9.75632866871063e-09,134,150,13,0.0866666666666667,0.0970149253731343,"GO:0050684","GO:BP","regulation of mRNA processing",21026,13044
"9","purple",TRUE,1.13424004577591e-08,3687,150,61,0.406666666666667,0.0165446162191484,"GO:0051252","GO:BP","regulation of RNA metabolic process",21026,13417
"10","purple",TRUE,6.53563312791127e-08,6782,150,86,0.573333333333333,0.0126806251843114,"GO:0141187","GO:BP","nucleic acid biosynthetic process",21026,19814
"11","purple",TRUE,6.53563312791127e-08,3990,150,62,0.413333333333333,0.0155388471177945,"GO:0019219","GO:BP","regulation of nucleobase-containing compound metabolic process",21026,5566
"12","purple",TRUE,6.53563312791127e-08,7434,150,91,0.606666666666667,0.012241054613936,"GO:0090304","GO:BP","nucleic acid metabolic process",21026,17951
"13","purple",TRUE,9.49591165122103e-08,5390,150,74,0.493333333333333,0.0137291280148423,"GO:0080090","GO:BP","regulation of primary metabolic process",21026,17565
"14","purple",TRUE,9.82438850630341e-08,5536,150,75,0.5,0.0135476878612717,"GO:0010468","GO:BP","regulation of gene expression",21026,4145
"15","purple",TRUE,9.82438850630341e-08,5644,150,76,0.506666666666667,0.0134656272147413,"GO:0010556","GO:BP","regulation of macromolecule biosynthetic process",21026,4192
"16","purple",TRUE,1.24050390300197e-07,6671,150,84,0.56,0.012591815320042,"GO:0032774","GO:BP","RNA biosynthetic process",21026,7758
"17","purple",TRUE,3.10791712546885e-07,5809,150,76,0.506666666666667,0.0130831468411086,"GO:0009889","GO:BP","regulation of biosynthetic process",21026,3734
"18","purple",TRUE,3.23964836648987e-07,7992,150,93,0.62,0.0116366366366366,"GO:0006139","GO:BP","nucleobase-containing compound metabolic process",21026,1979
"19","purple",TRUE,3.23964836648987e-07,7076,150,86,0.573333333333333,0.0121537591859808,"GO:0034654","GO:BP","nucleobase-containing compound biosynthetic process",21026,8645
"20","purple",TRUE,4.5435072435621e-07,6873,150,84,0.56,0.0122217372326495,"GO:0016070","GO:BP","RNA metabolic process",21026,5072
"21","purple",TRUE,6.75226923447751e-07,55,150,8,0.0533333333333333,0.145454545454545,"GO:0000381","GO:BP","regulation of alternative mRNA splicing, via spliceosome",21026,113
"22","purple",TRUE,1.03664836290312e-06,6492,150,80,0.533333333333333,0.0123228589032656,"GO:0060255","GO:BP","regulation of macromolecule metabolic process",21026,14264
"23","purple",TRUE,1.15943350159366e-06,12048,150,119,0.793333333333333,0.00987715803452855,"GO:0043170","GO:BP","macromolecule metabolic process",21026,10470
"24","purple",TRUE,2.74361653459447e-06,3409,150,52,0.346666666666667,0.015253740099736,"GO:0006355","GO:BP","regulation of DNA-templated transcription",21026,2124
"25","purple",TRUE,2.97016995557887e-06,7035,150,83,0.553333333333333,0.0117981520966596,"GO:0019222","GO:BP","regulation of metabolic process",21026,5569
"26","purple",TRUE,2.99784060959235e-06,3428,150,52,0.346666666666667,0.015169194865811,"GO:2001141","GO:BP","regulation of RNA biosynthetic process",21026,25908
"27","purple",TRUE,3.3490792651496e-06,3549,150,53,0.353333333333333,0.0149337841645534,"GO:0006351","GO:BP","DNA-templated transcription",21026,2120
"28","purple",TRUE,3.72803265018905e-06,71,150,8,0.0533333333333333,0.112676056338028,"GO:0000380","GO:BP","alternative mRNA splicing, via spliceosome",21026,112
"29","purple",TRUE,4.85266268518967e-06,312,150,14,0.0933333333333333,0.0448717948717949,"GO:1903311","GO:BP","regulation of mRNA metabolic process",21026,22565
"30","purple",TRUE,1.55381604240532e-05,1837,150,34,0.226666666666667,0.0185084376701143,"GO:0008380","GO:BP","RNA splicing",21026,3172
"31","purple",TRUE,1.67691642007846e-05,9643,150,100,0.666666666666667,0.0103702167375298,"GO:0009059","GO:BP","macromolecule biosynthetic process",21026,3221
"32","purple",TRUE,3.52987534212112e-05,12342,150,117,0.78,0.00947982498784638,"GO:0044238","GO:BP","primary metabolic process",21026,10839
"33","purple",TRUE,0.000196043359145431,9224,150,94,0.626666666666667,0.0101908065915004,"GO:0010467","GO:BP","gene expression",21026,4144
"34","purple",TRUE,0.000969756500067465,1027,150,21,0.14,0.0204479065238559,"GO:0043687","GO:BP","post-translational protein modification",21026,10741
"35","purple",TRUE,0.00112021062951091,14136,150,124,0.826666666666667,0.0087719298245614,"GO:0008152","GO:BP","metabolic process",21026,3111
"36","purple",TRUE,0.00138120334725468,975,150,20,0.133333333333333,0.0205128205128205,"GO:0070647","GO:BP","protein modification by small protein conjugation or removal",21026,16003
"37","purple",TRUE,0.00138120334725468,2578,150,37,0.246666666666667,0.0143522110162917,"GO:0006357","GO:BP","regulation of transcription by RNA polymerase II",21026,2126
"38","purple",TRUE,0.00146371368622689,1885,150,30,0.2,0.0159151193633952,"GO:0006397","GO:BP","mRNA processing",21026,2150
"39","purple",TRUE,0.00164168790922256,10664,150,101,0.673333333333333,0.00947111777944486,"GO:0009058","GO:BP","biosynthetic process",21026,3220
"40","purple",TRUE,0.00232680878989069,27,150,4,0.0266666666666667,0.148148148148148,"GO:0033119","GO:BP","negative regulation of RNA splicing",21026,7986
"41","purple",TRUE,0.00271879235294439,3322,150,43,0.286666666666667,0.0129440096327514,"GO:0006396","GO:BP","RNA processing",21026,2149
"42","purple",TRUE,0.00347236366907446,2711,150,37,0.246666666666667,0.0136481003319808,"GO:0006366","GO:BP","transcription by RNA polymerase II",21026,2133
"43","purple",TRUE,0.00347236366907446,884,150,18,0.12,0.0203619909502262,"GO:0006325","GO:BP","chromatin organization",21026,2114
"44","purple",TRUE,0.00528165074597394,2140,150,31,0.206666666666667,0.0144859813084112,"GO:0016071","GO:BP","mRNA metabolic process",21026,5073
"45","purple",TRUE,0.00654399772478178,768,150,16,0.106666666666667,0.0208333333333333,"GO:0016567","GO:BP","protein ubiquitination",21026,5229
"46","purple",TRUE,0.00662987128404884,853,150,17,0.113333333333333,0.0199296600234467,"GO:0032446","GO:BP","protein modification by small protein conjugation",21026,7514
"47","purple",TRUE,0.0110260454005379,725,150,15,0.1,0.0206896551724138,"GO:0006338","GO:BP","chromatin remodeling",21026,2118
"48","purple",TRUE,0.0114083337046004,1835,150,27,0.18,0.0147138964577657,"GO:0051254","GO:BP","positive regulation of RNA metabolic process",21026,13419
"49","purple",TRUE,0.013801933216114,3030,150,38,0.253333333333333,0.0125412541254125,"GO:0043412","GO:BP","macromolecule modification",21026,10582
"50","purple",TRUE,0.0174986462544,1691,150,25,0.166666666666667,0.0147841513897102,"GO:0000398","GO:BP","mRNA splicing, via spliceosome",21026,121
"51","purple",TRUE,0.0174986462544,1691,150,25,0.166666666666667,0.0147841513897102,"GO:0000377","GO:BP","RNA splicing, via transesterification reactions with bulged adenosine as nucleophile",21026,109
"52","purple",TRUE,0.0176245657822572,1695,150,25,0.166666666666667,0.0147492625368732,"GO:0000375","GO:BP","RNA splicing, via transesterification reactions",21026,107
"53","purple",TRUE,0.0176245657822572,1697,150,25,0.166666666666667,0.0147318797878609,"GO:0045893","GO:BP","positive regulation of DNA-templated transcription",21026,11529
"54","purple",TRUE,0.0176245657822572,1699,150,25,0.166666666666667,0.0147145379635079,"GO:1902680","GO:BP","positive regulation of RNA biosynthetic process",21026,22130
"55","purple",TRUE,0.021025645545227,22,150,3,0.02,0.136363636363636,"GO:0048025","GO:BP","negative regulation of mRNA splicing, via spliceosome",21026,12309
"56","purple",TRUE,0.02177231242037,2036,150,28,0.186666666666667,0.0137524557956778,"GO:0045935","GO:BP","positive regulation of nucleobase-containing compound metabolic process",21026,11567
"57","purple",TRUE,0.0231283216049246,23,150,3,0.02,0.130434782608696,"GO:0050686","GO:BP","negative regulation of mRNA processing",21026,13046
"58","purple",TRUE,0.0305699582030852,2846,150,35,0.233333333333333,0.0122979620520028,"GO:0036211","GO:BP","protein modification process",21026,9413
"59","purple",TRUE,0.0406947039645873,7,150,2,0.0133333333333333,0.285714285714286,"GO:2000794","GO:BP","regulation of epithelial cell proliferation involved in lung morphogenesis",21026,25601
"60","purple",TRUE,0.0483144845481249,2813,150,34,0.226666666666667,0.0120867401350871,"GO:0009890","GO:BP","negative regulation of biosynthetic process",21026,3735
"61","purple",TRUE,1.24735672020121e-14,419,158,26,0.164556962025316,0.0620525059665871,"GO:0016607","GO:CC","nuclear speck",22149,747
"62","purple",TRUE,3.73851739484317e-14,4255,158,76,0.481012658227848,0.01786133960047,"GO:0005654","GO:CC","nucleoplasm",22149,247
"63","purple",TRUE,4.52767715291422e-12,894,158,32,0.20253164556962,0.0357941834451902,"GO:0016604","GO:CC","nuclear body",22149,744
"64","purple",TRUE,2.47025163213016e-10,210,158,16,0.10126582278481,0.0761904761904762,"GO:0005681","GO:CC","spliceosomal complex",22149,266
"65","purple",TRUE,7.24317999868469e-10,10078,158,114,0.721518987341772,0.0113117682079778,"GO:0005634","GO:CC","nucleus",22149,238
"66","purple",TRUE,2.22260827457487e-09,5540,158,78,0.493670886075949,0.0140794223826715,"GO:0031981","GO:CC","nuclear lumen",22149,1198
"67","purple",TRUE,3.01638730501822e-07,14727,158,137,0.867088607594937,0.00930264140693964,"GO:0043231","GO:CC","intracellular membrane-bounded organelle",22149,1845
"68","purple",TRUE,3.98290830084358e-07,6695,158,82,0.518987341772152,0.0122479462285288,"GO:0031974","GO:CC","membrane-enclosed lumen",22149,1193
"69","purple",TRUE,3.98290830084358e-07,6695,158,82,0.518987341772152,0.0122479462285288,"GO:0070013","GO:CC","intracellular organelle lumen",22149,2334
"70","purple",TRUE,3.98290830084358e-07,6695,158,82,0.518987341772152,0.0122479462285288,"GO:0043233","GO:CC","organelle lumen",22149,1847
"71","purple",TRUE,1.43407378538484e-05,15780,158,139,0.879746835443038,0.008808618504436,"GO:0043227","GO:CC","membrane-bounded organelle",22149,1841
"72","purple",TRUE,3.85752282872814e-05,16147,158,140,0.886075949367089,0.0086703412398588,"GO:0043229","GO:CC","intracellular organelle",22149,1843
"73","purple",TRUE,3.99645671269216e-05,17944,158,149,0.943037974683544,0.00830361123495319,"GO:0005622","GO:CC","intracellular anatomical structure",22149,232
"74","purple",TRUE,0.000635789717161813,1779,158,29,0.183544303797468,0.016301292861158,"GO:1902494","GO:CC","catalytic complex",22149,3602
"75","purple",TRUE,0.000875388979060598,16936,158,141,0.892405063291139,0.00832546055739254,"GO:0043226","GO:CC","organelle",22149,1840
"76","purple",TRUE,0.00541411101988959,17,158,3,0.0189873417721519,0.176470588235294,"GO:0071004","GO:CC","U2-type prespliceosome",22149,2528
"77","purple",TRUE,0.00541411101988959,17,158,3,0.0189873417721519,0.176470588235294,"GO:0071010","GO:CC","prespliceosome",22149,2534
"78","purple",TRUE,0.0129727341157941,94,158,5,0.0316455696202532,0.0531914893617021,"GO:0005684","GO:CC","U2-type spliceosomal complex",22149,269
"79","purple",TRUE,0.0133262627058889,7956,158,77,0.487341772151899,0.00967823026646556,"GO:0032991","GO:CC","protein-containing complex",22149,1311
"80","purple",TRUE,0.0456304316809348,910,158,15,0.0949367088607595,0.0164835164835165,"GO:1990234","GO:CC","transferase complex",22149,3802
"81","purple",TRUE,0.0456889058610031,129,158,5,0.0316455696202532,0.0387596899224806,"GO:0034451","GO:CC","centriolar satellite",22149,1455
"82","purple",TRUE,7.66702303589463e-05,5433,159,73,0.459119496855346,0.0134364071415424,"GO:0003676","GO:MF","nucleic acid binding",20246,311
"83","purple",TRUE,0.000361337102963736,2542,159,42,0.264150943396226,0.016522423288749,"GO:0003677","GO:MF","DNA binding",20246,312
"84","purple",TRUE,0.00127608672491219,15123,159,141,0.886792452830189,0.00932354691529459,"GO:0005515","GO:MF","protein binding",20246,1462
"85","purple",TRUE,0.00218263082334084,1034,159,22,0.138364779874214,0.0212765957446809,"GO:0030674","GO:MF","protein-macromolecule adaptor activity",20246,3748
"86","purple",TRUE,0.00486870665217537,27,159,4,0.0251572327044025,0.148148148148148,"GO:0008143","GO:MF","poly(A) binding",20246,1548
"87","purple",TRUE,0.00702698138276448,1954,159,31,0.19496855345912,0.0158648925281474,"GO:0140110","GO:MF","transcription regulator activity",20246,9303
"88","purple",TRUE,0.00702698138276448,32,159,4,0.0251572327044025,0.125,"GO:0070717","GO:MF","poly-purine tract binding",20246,8070
"89","purple",TRUE,0.0075443977391861,491,159,13,0.0817610062893082,0.0264765784114053,"GO:0003712","GO:MF","transcription coregulator activity",20246,329
"90","purple",TRUE,0.00999155630383022,1212,159,22,0.138364779874214,0.0181518151815182,"GO:0060090","GO:MF","molecular adaptor activity",20246,7751
"91","purple",TRUE,0.0113877673798339,389,159,11,0.0691823899371069,0.0282776349614396,"GO:0003729","GO:MF","mRNA binding",20246,338
"92","purple",TRUE,0.0141395187230874,119,159,6,0.0377358490566038,0.0504201680672269,"GO:0032182","GO:MF","ubiquitin-like protein binding",20246,4162
"93","purple",TRUE,0.0142441484419486,45,159,4,0.0251572327044025,0.0888888888888889,"GO:0008375","GO:MF","acetylglucosaminyltransferase activity",20246,1637
"94","purple",TRUE,0.0142441484419486,19,159,3,0.0188679245283019,0.157894736842105,"GO:0140517","GO:MF","protein-RNA adaptor activity",20246,9412
"95","purple",TRUE,0.0172776643670275,85,159,5,0.0314465408805031,0.0588235294117647,"GO:0003727","GO:MF","single-stranded RNA binding",20246,337
"96","purple",TRUE,0.0324814168304784,58,159,4,0.0251572327044025,0.0689655172413793,"GO:0070063","GO:MF","RNA polymerase binding",20246,7971
"97","purple",TRUE,0.032721076632564,2849,159,37,0.232704402515723,0.012987012987013,"GO:0140096","GO:MF","catalytic activity, acting on a protein",20246,9292
"98","purple",TRUE,0.0381769707114591,485,159,11,0.0691823899371069,0.022680412371134,"GO:0004842","GO:MF","ubiquitin-protein transferase activity",20246,1083
"99","purple",TRUE,0.0381769707114591,18498,159,155,0.974842767295597,0.00837928424694562,"GO:0005488","GO:MF","binding",20246,1450
"100","purple",TRUE,0.0381769707114591,8,159,2,0.0125786163522013,0.25,"GO:0034046","GO:MF","poly(G) binding",20246,4654
"101","purple",TRUE,0.0473554503846026,359,159,9,0.0566037735849057,0.0250696378830084,"GO:0061630","GO:MF","ubiquitin protein ligase activity",20246,7798
"102","purple",TRUE,6.5291336343618e-12,4451,108,83,0.768518518518518,0.0186474949449562,"HPA:0090191","HPA","Cerebellum; cells in molecular layer[≥Low]",10995,134
"103","purple",TRUE,2.85151469555503e-10,7286,108,102,0.944444444444444,0.0139994510019215,"HPA:0610831","HPA","Urinary bladder; urothelial cells[≥Low]",10995,868
"104","purple",TRUE,2.85151469555503e-10,7286,108,102,0.944444444444444,0.0139994510019215,"HPA:0610000","HPA","Urinary bladder",10995,867
"105","purple",TRUE,3.95692534813936e-10,7170,108,101,0.935185185185185,0.0140864714086471,"HPA:0050000","HPA","Breast",10995,54
"106","purple",TRUE,6.17747382475395e-10,5947,108,92,0.851851851851852,0.0154699848663192,"HPA:0610832","HPA","Urinary bladder; urothelial cells[≥Medium]",10995,869
"107","purple",TRUE,8.23442752670139e-10,6814,108,98,0.907407407407407,0.0143821543880247,"HPA:0430051","HPA","Seminal vesicle; glandular cells[≥Low]",10995,619
"108","purple",TRUE,8.23442752670139e-10,6814,108,98,0.907407407407407,0.0143821543880247,"HPA:0430000","HPA","Seminal vesicle",10995,618
"109","purple",TRUE,1.41563929936883e-09,5564,108,88,0.814814814814815,0.0158159597411934,"HPA:0090161","HPA","Cerebellum; Purkinje cells[≥Low]",10995,116
"110","purple",TRUE,1.41563929936883e-09,7182,108,100,0.925925925925926,0.0139236981342244,"HPA:0090000","HPA","Cerebellum",10995,103
"111","purple",TRUE,1.56762444146992e-09,6905,108,98,0.907407407407407,0.0141926140477915,"HPA:0170000","HPA","Endometrium 2",10995,313
"112","purple",TRUE,1.56762444146992e-09,7050,108,99,0.916666666666667,0.0140425531914894,"HPA:0400051","HPA","Rectum; glandular cells[≥Low]",10995,577
"113","purple",TRUE,2.03273873066097e-09,5161,108,84,0.777777777777778,0.016275915520248,"HPA:0270351","HPA","Kidney; cells in glomeruli[≥Low]",10995,411
"114","purple",TRUE,3.30328772392616e-09,5441,108,86,0.796296296296296,0.0158059180297739,"HPA:0490000","HPA","Smooth muscle",10995,762
"115","purple",TRUE,3.30328772392616e-09,5441,108,86,0.796296296296296,0.0158059180297739,"HPA:0490691","HPA","Smooth muscle; smooth muscle cells[≥Low]",10995,763
"116","purple",TRUE,4.51982813853701e-09,4919,108,81,0.75,0.0164667615368977,"HPA:0100121","HPA","Cerebral cortex; glial cells[≥Low]",10995,186
"117","purple",TRUE,4.51982813853701e-09,6738,108,96,0.888888888888889,0.0142475512021371,"HPA:0030051","HPA","Appendix; glandular cells[≥Low]",10995,38
"118","purple",TRUE,9.49546392604937e-09,6952,108,97,0.898148148148148,0.0139528193325662,"HPA:0080000","HPA","Caudate",10995,90
"119","purple",TRUE,1.37634102879631e-08,3086,108,61,0.564814814814815,0.0197666882696047,"HPA:0270352","HPA","Kidney; cells in glomeruli[≥Medium]",10995,412
"120","purple",TRUE,1.37634102879631e-08,6712,108,95,0.87962962962963,0.0141537544696067,"HPA:0170051","HPA","Endometrium 2; glandular cells[≥Low]",10995,317
"121","purple",TRUE,1.46835012781267e-08,7774,108,102,0.944444444444444,0.0131206586056084,"HPA:0600000","HPA","Tonsil",10995,857
"122","purple",TRUE,1.74953668343588e-08,7322,108,99,0.916666666666667,0.0135208959300738,"HPA:0180051","HPA","Epididymis; glandular cells[≥Low]",10995,321
"123","purple",TRUE,1.74953668343588e-08,7322,108,99,0.916666666666667,0.0135208959300738,"HPA:0180000","HPA","Epididymis",10995,320
"124","purple",TRUE,1.99441109318187e-08,7817,108,102,0.944444444444444,0.0130484840731739,"HPA:0030000","HPA","Appendix",10995,22
"125","purple",TRUE,1.99441109318187e-08,6768,108,95,0.87962962962963,0.0140366430260047,"HPA:0300411","HPA","Lung; macrophages[≥Low]",10995,456
"126","purple",TRUE,2.14098649672436e-08,7065,108,97,0.898148148148148,0.0137296532200991,"HPA:0480051","HPA","Small intestine; glandular cells[≥Low]",10995,753
"127","purple",TRUE,2.14098649672436e-08,5427,108,84,0.777777777777778,0.0154781647318961,"HPA:0340000","HPA","Ovary",10995,492
"128","purple",TRUE,2.14098649672436e-08,7358,108,99,0.916666666666667,0.0134547431367219,"HPA:0300000","HPA","Lung",10995,443
"129","purple",TRUE,2.23373132079452e-08,6662,108,94,0.87037037037037,0.0141098769138397,"HPA:0390000","HPA","Prostate",10995,554
"130","purple",TRUE,2.23373132079452e-08,6662,108,94,0.87037037037037,0.0141098769138397,"HPA:0390051","HPA","Prostate; glandular cells[≥Low]",10995,555
"131","purple",TRUE,2.53575555756318e-08,5683,108,86,0.796296296296296,0.0151328523667077,"HPA:0630051","HPA","Cervix; glandular cells[≥Low]",10995,202
"132","purple",TRUE,2.53575555756318e-08,7093,108,97,0.898148148148148,0.0136754546736219,"HPA:0150051","HPA","Duodenum; glandular cells[≥Low]",10995,272
"133","purple",TRUE,2.77563957762152e-08,7397,108,99,0.916666666666667,0.0133838042449642,"HPA:0020051","HPA","Adrenal gland; glandular cells[≥Low]",10995,16
"134","purple",TRUE,2.9079408654668e-08,7404,108,99,0.916666666666667,0.0133711507293355,"HPA:0020000","HPA","Adrenal gland",10995,6
"135","purple",TRUE,2.92440284635118e-08,6317,108,91,0.842592592592593,0.0144055722653158,"HPA:0241101","HPA","Heart muscle; cardiomyocytes[≥Low]",10995,378
"136","purple",TRUE,2.92440284635118e-08,5590,108,85,0.787037037037037,0.0152057245080501,"HPA:0590052","HPA","Thyroid gland; glandular cells[≥Medium]",10995,855
"137","purple",TRUE,2.92440284635118e-08,6317,108,91,0.842592592592593,0.0144055722653158,"HPA:0240000","HPA","Heart muscle",10995,377
"138","purple",TRUE,2.98527212913068e-08,6983,108,96,0.888888888888889,0.0137476729199484,"HPA:0130051","HPA","Colon; glandular cells[≥Low]",10995,231
"139","purple",TRUE,3.10132344333729e-08,4728,108,77,0.712962962962963,0.0162859560067682,"HPA:0030071","HPA","Appendix; lymphoid tissue[≥Low]",10995,44
"140","purple",TRUE,3.65454596663737e-08,5975,108,88,0.814814814814815,0.0147280334728033,"HPA:0130052","HPA","Colon; glandular cells[≥Medium]",10995,232
"141","purple",TRUE,4.03239582534736e-08,2789,108,56,0.518518518518518,0.0200788813194693,"HPA:0090192","HPA","Cerebellum; cells in molecular layer[≥Medium]",10995,135
"142","purple",TRUE,4.05217655931404e-08,7454,108,99,0.916666666666667,0.0132814596189965,"HPA:0210000","HPA","Fallopian tube",10995,341
"143","purple",TRUE,4.69007717485926e-08,5651,108,85,0.787037037037037,0.0150415855600779,"HPA:0050091","HPA","Breast; myoepithelial cells[≥Low]",10995,61
"144","purple",TRUE,4.71278336676225e-08,4671,108,76,0.703703703703704,0.0162706058659816,"HPA:0210052","HPA","Fallopian tube; glandular cells[≥Medium]",10995,355
"145","purple",TRUE,4.98595663137098e-08,7187,108,97,0.898148148148148,0.0134965910672047,"HPA:0320000","HPA","Nasopharynx",10995,466
"146","purple",TRUE,5.027867140989e-08,3514,108,64,0.592592592592593,0.0182128628343768,"HPA:0170251","HPA","Endometrium 2; cells in endometrial stroma[≥Low]",10995,314
"147","purple",TRUE,5.05999274748183e-08,886,108,29,0.268518518518519,0.0327313769751693,"HPA:0301362","HPA","Lung; alveolar cells type I[≥Medium]",10995,448
"148","purple",TRUE,5.14238903046502e-08,7643,108,100,0.925925925925926,0.01308386759126,"HPA:0220000","HPA","Gallbladder",10995,360
"149","purple",TRUE,5.14238903046502e-08,7643,108,100,0.925925925925926,0.01308386759126,"HPA:0220051","HPA","Gallbladder; glandular cells[≥Low]",10995,361
"150","purple",TRUE,5.51891882423811e-08,5680,108,85,0.787037037037037,0.0149647887323944,"HPA:0180052","HPA","Epididymis; glandular cells[≥Medium]",10995,322
"151","purple",TRUE,5.53411961584313e-08,6799,108,94,0.87037037037037,0.0138255625827328,"HPA:0050051","HPA","Breast; glandular cells[≥Low]",10995,58
"152","purple",TRUE,5.53411961584313e-08,6666,108,93,0.861111111111111,0.013951395139514,"HPA:0190221","HPA","Esophagus; squamous epithelial cells[≥Low]",10995,325
"153","purple",TRUE,5.53411961584313e-08,6666,108,93,0.861111111111111,0.013951395139514,"HPA:0190000","HPA","Esophagus",10995,324
"154","purple",TRUE,7.81737210415107e-08,4033,108,69,0.638888888888889,0.0171088519712373,"HPA:0630052","HPA","Cervix; glandular cells[≥Medium]",10995,203
"155","purple",TRUE,8.38259841662206e-08,5614,108,84,0.777777777777778,0.0149625935162095,"HPA:0351181","HPA","Pancreas; pancreatic endocrine cells[≥Low]",10995,518
"156","purple",TRUE,8.38259841662206e-08,3123,108,59,0.546296296296296,0.0188920909382004,"HPA:0490692","HPA","Smooth muscle; smooth muscle cells[≥Medium]",10995,764
"157","purple",TRUE,9.18432545383041e-08,6339,108,90,0.833333333333333,0.0141978230004733,"HPA:0540052","HPA","Stomach 1; glandular cells[≥Medium]",10995,799
"158","purple",TRUE,1.15174751353998e-07,7592,108,99,0.916666666666667,0.0130400421496312,"HPA:0550051","HPA","Stomach 2; glandular cells[≥Low]",10995,802
"159","purple",TRUE,1.15174751353998e-07,5884,108,86,0.796296296296296,0.0146159075458872,"HPA:0360000","HPA","Parathyroid gland",10995,521
"160","purple",TRUE,1.15174751353998e-07,6888,108,94,0.87037037037037,0.0136469221835075,"HPA:0420000","HPA","Salivary gland",10995,614
"161","purple",TRUE,1.15174751353998e-07,6888,108,94,0.87037037037037,0.0136469221835075,"HPA:0420051","HPA","Salivary gland; glandular cells[≥Low]",10995,615
"162","purple",TRUE,1.15174751353998e-07,6005,108,87,0.805555555555556,0.0144879267277269,"HPA:0020052","HPA","Adrenal gland; glandular cells[≥Medium]",10995,17
"163","purple",TRUE,1.15174751353998e-07,5884,108,86,0.796296296296296,0.0146159075458872,"HPA:0360051","HPA","Parathyroid gland; glandular cells[≥Low]",10995,522
"164","purple",TRUE,1.15174751353998e-07,4882,108,77,0.712962962962963,0.0157722244981565,"HPA:0170052","HPA","Endometrium 2; glandular cells[≥Medium]",10995,318
"165","purple",TRUE,1.15174751353998e-07,7592,108,99,0.916666666666667,0.0130400421496312,"HPA:0550000","HPA","Stomach 2",10995,801
"166","purple",TRUE,1.16282914318686e-07,5894,108,86,0.796296296296296,0.0145911096029861,"HPA:0440341","HPA","Skeletal muscle; myocytes[≥Low]",10995,623
"167","purple",TRUE,1.16282914318686e-07,5894,108,86,0.796296296296296,0.0145911096029861,"HPA:0440000","HPA","Skeletal muscle",10995,622
"168","purple",TRUE,1.35959205102908e-07,7043,108,95,0.87962962962963,0.0134885702115576,"HPA:0160000","HPA","Endometrium 1",10995,306
"169","purple",TRUE,1.39114279465862e-07,8088,108,102,0.944444444444444,0.0126112759643917,"HPA:0100000","HPA","Cerebral cortex",10995,182
"170","purple",TRUE,1.61214603742822e-07,5814,108,85,0.787037037037037,0.0146198830409357,"HPA:0270362","HPA","Kidney; cells in tubules[≥Medium]",10995,415
"171","purple",TRUE,1.61214603742822e-07,6929,108,94,0.87037037037037,0.0135661711646702,"HPA:0350471","HPA","Pancreas; exocrine glandular cells[≥Low]",10995,515
"172","purple",TRUE,1.74544206634807e-07,6806,108,93,0.861111111111111,0.0136644137525713,"HPA:0160051","HPA","Endometrium 1; glandular cells[≥Low]",10995,310
"173","purple",TRUE,1.83842979805713e-07,7957,108,101,0.935185185185185,0.012693226090235,"HPA:0400000","HPA","Rectum",10995,558
"174","purple",TRUE,2.09955099007222e-07,6697,108,92,0.851851851851852,0.0137374944004778,"HPA:0100131","HPA","Cerebral cortex; neuronal cells[≥Low]",10995,189
"175","purple",TRUE,2.19587016036225e-07,5734,108,84,0.777777777777778,0.0146494593651901,"HPA:0210051","HPA","Fallopian tube; glandular cells[≥Low]",10995,354
"176","purple",TRUE,2.20723264045724e-07,1090,108,31,0.287037037037037,0.0284403669724771,"HPA:0301361","HPA","Lung; alveolar cells type I[≥Low]",10995,447
"177","purple",TRUE,2.35429326108365e-07,7111,108,95,0.87962962962963,0.013359583743496,"HPA:0590051","HPA","Thyroid gland; glandular cells[≥Low]",10995,854
"178","purple",TRUE,2.35429326108365e-07,7111,108,95,0.87962962962963,0.013359583743496,"HPA:0590000","HPA","Thyroid gland",10995,853
"179","purple",TRUE,2.35429326108365e-07,6095,108,87,0.805555555555556,0.0142739950779327,"HPA:0400052","HPA","Rectum; glandular cells[≥Medium]",10995,578
"180","purple",TRUE,2.36570504921462e-07,5981,108,86,0.796296296296296,0.0143788664102993,"HPA:0600431","HPA","Tonsil; germinal center cells[≥Low]",10995,858
"181","purple",TRUE,2.36570504921462e-07,7391,108,97,0.898148148148148,0.0131240698146394,"HPA:0350000","HPA","Pancreas",10995,514
"182","purple",TRUE,2.43737854430732e-07,4076,108,68,0.62962962962963,0.0166830225711482,"HPA:0160251","HPA","Endometrium 1; cells in endometrial stroma[≥Low]",10995,307
"183","purple",TRUE,2.43737854430732e-07,5757,108,84,0.777777777777778,0.0145909327774883,"HPA:0320101","HPA","Nasopharynx; respiratory epithelial cells[≥Low]",10995,485
"184","purple",TRUE,2.43737854430732e-07,5991,108,86,0.796296296296296,0.014354865631781,"HPA:0620221","HPA","Vagina; squamous epithelial cells[≥Low]",10995,872
"185","purple",TRUE,2.43737854430732e-07,5991,108,86,0.796296296296296,0.014354865631781,"HPA:0620000","HPA","Vagina",10995,871
"186","purple",TRUE,2.43737854430732e-07,5197,108,79,0.731481481481482,0.0152010775447373,"HPA:0510000","HPA","Soft tissue 2",10995,776
"187","purple",TRUE,2.43737854430732e-07,189,108,13,0.12037037037037,0.0687830687830688,"HPA:0461492","HPA","Skin 1; vascular mural cells[≥Medium]",10995,689
"188","purple",TRUE,2.46714602787995e-07,3983,108,67,0.62037037037037,0.0168214913381873,"HPA:0340461","HPA","Ovary; ovarian stroma cells[≥Low]",10995,508
"189","purple",TRUE,2.8466946394718e-07,7007,108,94,0.87037037037037,0.0134151562722991,"HPA:0270361","HPA","Kidney; cells in tubules[≥Low]",10995,414
"190","purple",TRUE,4.0417223683473e-07,6911,108,93,0.861111111111111,0.0134568079872667,"HPA:0630000","HPA","Cervix",10995,201
"191","purple",TRUE,4.33619173892841e-07,4231,108,69,0.638888888888889,0.0163082013708343,"HPA:0500651","HPA","Soft tissue 1; fibroblasts[≥Low]",10995,770
"192","purple",TRUE,5.78018219694921e-07,4866,108,75,0.694444444444444,0.0154130702836005,"HPA:0420052","HPA","Salivary gland; glandular cells[≥Medium]",10995,616
"193","purple",TRUE,6.21326406430421e-07,4982,108,76,0.703703703703704,0.0152549177037334,"HPA:0100132","HPA","Cerebral cortex; neuronal cells[≥Medium]",10995,190
"194","purple",TRUE,6.21326406430421e-07,1848,108,41,0.37962962962963,0.0221861471861472,"HPA:0100133","HPA","Cerebral cortex; neuronal cells[High]",10995,191
"195","purple",TRUE,6.21326406430421e-07,7647,108,98,0.907407407407407,0.0128154831960246,"HPA:0540051","HPA","Stomach 1; glandular cells[≥Low]",10995,798
"196","purple",TRUE,6.21326406430421e-07,7647,108,98,0.907407407407407,0.0128154831960246,"HPA:0540000","HPA","Stomach 1",10995,797
"197","purple",TRUE,7.67482039669529e-07,6601,108,90,0.833333333333333,0.0136342978336616,"HPA:0220052","HPA","Gallbladder; glandular cells[≥Medium]",10995,362
"198","purple",TRUE,8.07646159895762e-07,4801,108,74,0.685185185185185,0.0154134555300979,"HPA:0390052","HPA","Prostate; glandular cells[≥Medium]",10995,556
"199","purple",TRUE,8.15056302108305e-07,1233,108,32,0.296296296296296,0.0259529602595296,"HPA:0301372","HPA","Lung; alveolar cells type II[≥Medium]",10995,451
"200","purple",TRUE,8.24071810934832e-07,5227,108,78,0.722222222222222,0.0149225176965755,"HPA:0430052","HPA","Seminal vesicle; glandular cells[≥Medium]",10995,620
"201","purple",TRUE,8.47643482410567e-07,918,108,27,0.25,0.0294117647058824,"HPA:0090193","HPA","Cerebellum; cells in molecular layer[High]",10995,136
"202","purple",TRUE,9.93887075551888e-07,2680,108,51,0.472222222222222,0.0190298507462687,"HPA:0100122","HPA","Cerebral cortex; glial cells[≥Medium]",10995,187
"203","purple",TRUE,1.01483230470971e-06,7421,108,96,0.888888888888889,0.0129362619593047,"HPA:0060000","HPA","Bronchus",10995,64
"204","purple",TRUE,1.12982530495288e-06,7862,108,99,0.916666666666667,0.0125922157211905,"HPA:0480000","HPA","Small intestine",10995,740
"205","purple",TRUE,1.23254912979964e-06,2616,108,50,0.462962962962963,0.0191131498470948,"HPA:0510652","HPA","Soft tissue 2; fibroblasts[≥Medium]",10995,781
"206","purple",TRUE,1.37761127503817e-06,7884,108,99,0.916666666666667,0.0125570776255708,"HPA:0150000","HPA","Duodenum",10995,256
"207","purple",TRUE,1.63510499959038e-06,2724,108,51,0.472222222222222,0.0187224669603524,"HPA:0500652","HPA","Soft tissue 1; fibroblasts[≥Medium]",10995,771
"208","purple",TRUE,1.7308615574377e-06,6095,108,85,0.787037037037037,0.0139458572600492,"HPA:0150052","HPA","Duodenum; glandular cells[≥Medium]",10995,273
"209","purple",TRUE,1.73120563170762e-06,8216,108,101,0.935185185185185,0.0122930866601753,"HPA:0270000","HPA","Kidney",10995,407
"210","purple",TRUE,1.73120563170762e-06,6214,108,86,0.796296296296296,0.0138397167685871,"HPA:0250131","HPA","Hippocampus; neuronal cells[≥Low]",10995,385
"211","purple",TRUE,1.83671020192149e-06,3622,108,61,0.564814814814815,0.0168415240198785,"HPA:0351182","HPA","Pancreas; pancreatic endocrine cells[≥Medium]",10995,519
"212","purple",TRUE,1.83671020192149e-06,192,108,12,0.111111111111111,0.0625,"HPA:0471492","HPA","Skin 2; vascular mural cells[≥Medium]",10995,738
"213","purple",TRUE,1.913263499906e-06,1786,108,39,0.361111111111111,0.0218365061590146,"HPA:0320103","HPA","Nasopharynx; respiratory epithelial cells[High]",10995,487
"214","purple",TRUE,1.94651882360146e-06,7500,108,96,0.888888888888889,0.0128,"HPA:0380000","HPA","Placenta",10995,532
"215","purple",TRUE,1.94651882360146e-06,4905,108,74,0.685185185185185,0.0150866462793068,"HPA:0060102","HPA","Bronchus; respiratory epithelial cells[≥Medium]",10995,84
"216","purple",TRUE,1.94651882360146e-06,6115,108,85,0.787037037037037,0.0139002452984464,"HPA:0600441","HPA","Tonsil; non-germinal center cells[≥Low]",10995,861
"217","purple",TRUE,2.0323301893727e-06,4403,108,69,0.638888888888889,0.0156711333181921,"HPA:0360052","HPA","Parathyroid gland; glandular cells[≥Medium]",10995,523
"218","purple",TRUE,2.08159286034205e-06,4112,108,66,0.611111111111111,0.0160505836575875,"HPA:0080132","HPA","Caudate; neuronal cells[≥Medium]",10995,95
"219","purple",TRUE,2.56657666099907e-06,4937,108,74,0.685185185185185,0.0149888596313551,"HPA:0600222","HPA","Tonsil; squamous epithelial cells[≥Medium]",10995,865
"220","purple",TRUE,2.8372544466264e-06,4539,108,70,0.648148148148148,0.0154218990967173,"HPA:0090181","HPA","Cerebellum; cells in granular layer[≥Low]",10995,131
"221","purple",TRUE,3.00013167085656e-06,7020,108,92,0.851851851851852,0.0131054131054131,"HPA:0470000","HPA","Skin 2",10995,691
"222","purple",TRUE,3.02166826137288e-06,242,108,13,0.12037037037037,0.0537190082644628,"HPA:0461491","HPA","Skin 1; vascular mural cells[≥Low]",10995,688
"223","purple",TRUE,3.0233575069181e-06,3771,108,62,0.574074074074074,0.0164412622646513,"HPA:0050092","HPA","Breast; myoepithelial cells[≥Medium]",10995,62
"224","purple",TRUE,3.05133216285178e-06,5493,108,79,0.731481481481482,0.0143819406517386,"HPA:0030052","HPA","Appendix; glandular cells[≥Medium]",10995,39
"225","purple",TRUE,3.13389879168045e-06,6058,108,84,0.777777777777778,0.0138659623638164,"HPA:0480052","HPA","Small intestine; glandular cells[≥Medium]",10995,754
"226","purple",TRUE,3.61048345477982e-06,5296,108,77,0.712962962962963,0.0145392749244713,"HPA:0350472","HPA","Pancreas; exocrine glandular cells[≥Medium]",10995,516
"227","purple",TRUE,4.43111148204594e-06,4098,108,65,0.601851851851852,0.0158613958028306,"HPA:0600432","HPA","Tonsil; germinal center cells[≥Medium]",10995,859
"228","purple",TRUE,4.43111148204594e-06,6816,108,90,0.833333333333333,0.0132042253521127,"HPA:0250000","HPA","Hippocampus",10995,381
"229","purple",TRUE,4.59921194180096e-06,9012,108,105,0.972222222222222,0.0116511318242344,"HPA:0570000","HPA","Testis",10995,818
"230","purple",TRUE,5.28562381997893e-06,5891,108,82,0.759259259259259,0.0139195382787303,"HPA:0530000","HPA","Spleen",10995,790
"231","purple",TRUE,5.68746087581284e-06,6246,108,85,0.787037037037037,0.0136087095741274,"HPA:0330000","HPA","Oral mucosa",10995,488
"232","purple",TRUE,5.68746087581284e-06,6246,108,85,0.787037037037037,0.0136087095741274,"HPA:0330221","HPA","Oral mucosa; squamous epithelial cells[≥Low]",10995,489
"233","purple",TRUE,5.68746087581284e-06,7228,108,93,0.861111111111111,0.0128666297731046,"HPA:0460000","HPA","Skin 1",10995,636
"234","purple",TRUE,6.62177413245487e-06,4740,108,71,0.657407407407407,0.0149789029535865,"HPA:0320102","HPA","Nasopharynx; respiratory epithelial cells[≥Medium]",10995,486
"235","purple",TRUE,6.83376066248006e-06,6152,108,84,0.777777777777778,0.0136540962288687,"HPA:0080131","HPA","Caudate; neuronal cells[≥Low]",10995,94
"236","purple",TRUE,6.92639692018953e-06,3582,108,59,0.546296296296296,0.0164712451144612,"HPA:0380512","HPA","Placenta; decidual cells[≥Medium]",10995,537
"237","purple",TRUE,7.4629221120392e-06,6637,108,88,0.814814814814815,0.0132590025613982,"HPA:0600221","HPA","Tonsil; squamous epithelial cells[≥Low]",10995,864
"238","purple",TRUE,7.4629221120392e-06,7134,108,92,0.851851851851852,0.0128959910288758,"HPA:0570731","HPA","Testis; Leydig cells[≥Low]",10995,819
"239","purple",TRUE,7.4629221120392e-06,506,108,18,0.166666666666667,0.0355731225296443,"HPA:0301363","HPA","Lung; alveolar cells type I[High]",10995,449
"240","purple",TRUE,8.52976941054275e-06,1533,108,34,0.314814814814815,0.0221787345075016,"HPA:0301371","HPA","Lung; alveolar cells type II[≥Low]",10995,450
"241","purple",TRUE,8.76069067366012e-06,3985,108,63,0.583333333333333,0.0158092848180678,"HPA:0310442","HPA","Lymph node; non-germinal center cells[≥Medium]",10995,464
"242","purple",TRUE,9.62001181946268e-06,1543,108,34,0.314814814814815,0.0220349967595593,"HPA:0510702","HPA","Soft tissue 2; peripheral nerve[≥Medium]",10995,784
"243","purple",TRUE,9.62001181946268e-06,2233,108,43,0.398148148148148,0.019256605463502,"HPA:0160252","HPA","Endometrium 1; cells in endometrial stroma[≥Medium]",10995,308
"244","purple",TRUE,9.62001181946268e-06,5098,108,74,0.685185185185185,0.0145154962730483,"HPA:0050052","HPA","Breast; glandular cells[≥Medium]",10995,59
"245","purple",TRUE,1.20231754302244e-05,4117,108,64,0.592592592592593,0.0155452999757105,"HPA:0090162","HPA","Cerebellum; Purkinje cells[≥Medium]",10995,117
"246","purple",TRUE,1.24986450961235e-05,4122,108,64,0.592592592592593,0.0155264434740417,"HPA:0510651","HPA","Soft tissue 2; fibroblasts[≥Low]",10995,780
"247","purple",TRUE,1.24986450961235e-05,5667,108,79,0.731481481481482,0.0139403564496206,"HPA:0130201","HPA","Colon; endothelial cells[≥Low]",10995,216
"248","purple",TRUE,1.38068016122337e-05,5901,108,81,0.75,0.0137264870360956,"HPA:0060101","HPA","Bronchus; respiratory epithelial cells[≥Low]",10995,83
"249","purple",TRUE,1.39876860538672e-05,5357,108,76,0.703703703703704,0.0141870449878663,"HPA:0500000","HPA","Soft tissue 1",10995,766
"250","purple",TRUE,1.39876860538672e-05,5040,108,73,0.675925925925926,0.014484126984127,"HPA:0380522","HPA","Placenta; trophoblastic cells[≥Medium]",10995,552
"251","purple",TRUE,1.42576485603519e-05,240,108,12,0.111111111111111,0.05,"HPA:0471491","HPA","Skin 2; vascular mural cells[≥Low]",10995,737
"252","purple",TRUE,1.49039178553017e-05,5049,108,73,0.675925925925926,0.0144583085759556,"HPA:0190222","HPA","Esophagus; squamous epithelial cells[≥Medium]",10995,326
"253","purple",TRUE,1.49980722931729e-05,8322,108,100,0.925925925925926,0.0120163422254266,"HPA:0130000","HPA","Colon",10995,212
"254","purple",TRUE,1.70175679179218e-05,6271,108,84,0.777777777777778,0.013394992824111,"HPA:0550052","HPA","Stomach 2; glandular cells[≥Medium]",10995,803
"255","purple",TRUE,1.76453419535877e-05,3783,108,60,0.555555555555556,0.0158604282315623,"HPA:0440342","HPA","Skeletal muscle; myocytes[≥Medium]",10995,624
"256","purple",TRUE,1.88027315566124e-05,6518,108,86,0.796296296296296,0.0131942313593127,"HPA:0310000","HPA","Lymph node",10995,459
"257","purple",TRUE,1.88027315566124e-05,4369,108,66,0.611111111111111,0.0151064316777295,"HPA:0241102","HPA","Heart muscle; cardiomyocytes[≥Medium]",10995,379
"258","purple",TRUE,1.94524059384692e-05,4573,108,68,0.62962962962963,0.0148698884758364,"HPA:0080121","HPA","Caudate; glial cells[≥Low]",10995,91
"259","purple",TRUE,1.94524059384692e-05,3702,108,59,0.546296296296296,0.0159373311723393,"HPA:0460672","HPA","Skin 1; melanocytes[≥Medium]",10995,683
"260","purple",TRUE,1.98478969600039e-05,662,108,20,0.185185185185185,0.0302114803625378,"HPA:0301373","HPA","Lung; alveolar cells type II[High]",10995,452
"261","purple",TRUE,2.05044288218845e-05,2065,108,40,0.37037037037037,0.0193704600484262,"HPA:0340462","HPA","Ovary; ovarian stroma cells[≥Medium]",10995,509
"262","purple",TRUE,2.28522907553867e-05,4198,108,64,0.592592592592593,0.0152453549309195,"HPA:0600442","HPA","Tonsil; non-germinal center cells[≥Medium]",10995,862
"263","purple",TRUE,2.61284678714215e-05,5332,108,75,0.694444444444444,0.014066016504126,"HPA:0530711","HPA","Spleen; cells in red pulp[≥Low]",10995,791
"264","purple",TRUE,2.71752713754145e-05,2926,108,50,0.462962962962963,0.0170881749829118,"HPA:0090182","HPA","Cerebellum; cells in granular layer[≥Medium]",10995,132
"265","purple",TRUE,3.02436221200165e-05,4627,108,68,0.62962962962963,0.0146963475253944,"HPA:0100201","HPA","Cerebral cortex; endothelial cells[≥Low]",10995,183
"266","purple",TRUE,3.19975906840429e-05,5147,108,73,0.675925925925926,0.0141830192345055,"HPA:0160052","HPA","Endometrium 1; glandular cells[≥Medium]",10995,311
"267","purple",TRUE,3.29023648169076e-05,5362,108,75,0.694444444444444,0.0139873181648639,"HPA:0570732","HPA","Testis; Leydig cells[≥Medium]",10995,820
"268","purple",TRUE,3.57898695584925e-05,6487,108,85,0.787037037037037,0.0131031293355943,"HPA:0040081","HPA","Bone marrow; hematopoietic cells[≥Low]",10995,51
"269","purple",TRUE,3.57898695584925e-05,6487,108,85,0.787037037037037,0.0131031293355943,"HPA:0040000","HPA","Bone marrow",10995,50
"270","purple",TRUE,3.57898695584925e-05,574,108,18,0.166666666666667,0.0313588850174216,"HPA:0461472","HPA","Skin 1; lymphocytes[≥Medium]",10995,680
"271","purple",TRUE,3.61977340177387e-05,1880,108,37,0.342592592592593,0.0196808510638298,"HPA:0590053","HPA","Thyroid gland; glandular cells[High]",10995,856
"272","purple",TRUE,4.33268204080187e-05,6054,108,81,0.75,0.0133795837462834,"HPA:0310441","HPA","Lymph node; non-germinal center cells[≥Low]",10995,463
"273","purple",TRUE,4.43116292151712e-05,6284,108,83,0.768518518518518,0.0132081476766391,"HPA:0290000","HPA","Liver",10995,436
"274","purple",TRUE,5.25734931436272e-05,592,108,18,0.166666666666667,0.0304054054054054,"HPA:0460202","HPA","Skin 1; endothelial cells[≥Medium]",10995,659
"275","purple",TRUE,5.43760674905908e-05,1035,108,25,0.231481481481481,0.0241545893719807,"HPA:0630223","HPA","Cervix; squamous epithelial cells[High]",10995,207
"276","purple",TRUE,6.06478049391664e-05,2004,108,38,0.351851851851852,0.0189620758483034,"HPA:0250122","HPA","Hippocampus; glial cells[≥Medium]",10995,383
"277","purple",TRUE,6.13925325861659e-05,4222,108,63,0.583333333333333,0.0149218379914732,"HPA:0250132","HPA","Hippocampus; neuronal cells[≥Medium]",10995,386
"278","purple",TRUE,6.97813715924595e-05,4044,108,61,0.564814814814815,0.0150840751730959,"HPA:0620222","HPA","Vagina; squamous epithelial cells[≥Medium]",10995,873
"279","purple",TRUE,7.1887277252785e-05,6348,108,83,0.768518518518518,0.0130749842470069,"HPA:0380521","HPA","Placenta; trophoblastic cells[≥Low]",10995,551
"280","purple",TRUE,7.99994703851018e-05,2868,108,48,0.444444444444444,0.0167364016736402,"HPA:0220053","HPA","Gallbladder; glandular cells[High]",10995,363
"281","purple",TRUE,8.16859275650832e-05,798,108,21,0.194444444444444,0.0263157894736842,"HPA:0300201","HPA","Lung; endothelial cells[≥Low]",10995,453
"282","purple",TRUE,8.84476088090686e-05,3145,108,51,0.472222222222222,0.0162162162162162,"HPA:0530712","HPA","Spleen; cells in red pulp[≥Medium]",10995,792
"283","purple",TRUE,9.59991892091676e-05,5292,108,73,0.675925925925926,0.0137944066515495,"HPA:0460671","HPA","Skin 1; melanocytes[≥Low]",10995,682
"284","purple",TRUE,0.000106594283512745,2988,108,49,0.453703703703704,0.0163989290495315,"HPA:0030072","HPA","Appendix; lymphoid tissue[≥Medium]",10995,45
"285","purple",TRUE,0.000110093100097408,5738,108,77,0.712962962962963,0.0134193098640641,"HPA:0290401","HPA","Liver; hepatocytes[≥Low]",10995,440
"286","purple",TRUE,0.000110832981424659,1153,108,26,0.240740740740741,0.0225498699045967,"HPA:0330223","HPA","Oral mucosa; squamous epithelial cells[High]",10995,491
"287","purple",TRUE,0.000119613425454716,1830,108,35,0.324074074074074,0.0191256830601093,"HPA:0060103","HPA","Bronchus; respiratory epithelial cells[High]",10995,85
"288","purple",TRUE,0.000121166339498284,2234,108,40,0.37037037037037,0.017905102954342,"HPA:0010012","HPA","Adipose tissue; adipocytes[≥Medium]",10995,4
"289","purple",TRUE,0.000125525888359675,636,108,18,0.166666666666667,0.0283018867924528,"HPA:0470202","HPA","Skin 2; endothelial cells[≥Medium]",10995,711
"290","purple",TRUE,0.000125655912845981,2489,108,43,0.398148148148148,0.01727601446364,"HPA:0100202","HPA","Cerebral cortex; endothelial cells[≥Medium]",10995,184
"291","purple",TRUE,0.000132461466221293,3194,108,51,0.472222222222222,0.0159674389480276,"HPA:0510701","HPA","Soft tissue 2; peripheral nerve[≥Low]",10995,783
"292","purple",TRUE,0.000147105398871661,4141,108,61,0.564814814814815,0.0147307413668196,"HPA:0250121","HPA","Hippocampus; glial cells[≥Low]",10995,382
"293","purple",TRUE,0.000148111062478708,4338,108,63,0.583333333333333,0.0145228215767635,"HPA:0530721","HPA","Spleen; cells in white pulp[≥Low]",10995,794
"294","purple",TRUE,0.000148111062478708,1105,108,25,0.231481481481481,0.0226244343891403,"HPA:0080133","HPA","Caudate; neuronal cells[High]",10995,96
"295","purple",TRUE,0.000149379834939036,135,108,8,0.0740740740740741,0.0592592592592593,"HPA:0461493","HPA","Skin 1; vascular mural cells[High]",10995,690
"296","purple",TRUE,0.000154150467916506,1471,108,30,0.277777777777778,0.0203942895989123,"HPA:0600223","HPA","Tonsil; squamous epithelial cells[High]",10995,866
"297","purple",TRUE,0.000155401083801595,1180,108,26,0.240740740740741,0.0220338983050847,"HPA:0630053","HPA","Cervix; glandular cells[High]",10995,204
"298","purple",TRUE,0.000162344461127413,651,108,18,0.166666666666667,0.0276497695852535,"HPA:0300202","HPA","Lung; endothelial cells[≥Medium]",10995,454
"299","purple",TRUE,0.000163350659746893,591,108,17,0.157407407407407,0.0287648054145516,"HPA:0461412","HPA","Skin 1; cells in spinous layer[≥Medium]",10995,653
"300","purple",TRUE,0.000188478411814528,2036,108,37,0.342592592592593,0.0181728880157171,"HPA:0610833","HPA","Urinary bladder; urothelial cells[High]",10995,870
"301","purple",TRUE,0.000192869354200382,540,108,16,0.148148148148148,0.0296296296296296,"HPA:0500653","HPA","Soft tissue 1; fibroblasts[High]",10995,772
"302","purple",TRUE,0.000200842022500571,855,108,21,0.194444444444444,0.0245614035087719,"HPA:0130243","HPA","Colon; peripheral nerve/ganglion[High]",10995,242
"303","purple",TRUE,0.000210455269421345,4888,108,68,0.62962962962963,0.013911620294599,"HPA:0300412","HPA","Lung; macrophages[≥Medium]",10995,457
"304","purple",TRUE,0.000219719927203102,1207,108,26,0.240740740740741,0.0215410107705054,"HPA:0380513","HPA","Placenta; decidual cells[High]",10995,538
"305","purple",TRUE,0.000220337471495085,1656,108,32,0.296296296296296,0.0193236714975845,"HPA:0210053","HPA","Fallopian tube; glandular cells[High]",10995,356
"306","purple",TRUE,0.000257108916810955,2316,108,40,0.37037037037037,0.0172711571675302,"HPA:0080122","HPA","Caudate; glial cells[≥Medium]",10995,92
"307","purple",TRUE,0.000264999200041831,2574,108,43,0.398148148148148,0.0167055167055167,"HPA:0400053","HPA","Rectum; glandular cells[High]",10995,579
"308","purple",TRUE,0.000268537327080445,3937,108,58,0.537037037037037,0.0147320294640589,"HPA:0010000","HPA","Adipose tissue",10995,2
"309","purple",TRUE,0.000268537327080445,3937,108,58,0.537037037037037,0.0147320294640589,"HPA:0010011","HPA","Adipose tissue; adipocytes[≥Low]",10995,3
"310","purple",TRUE,0.000275461945897944,5030,108,69,0.638888888888889,0.0137176938369781,"HPA:0130241","HPA","Colon; peripheral nerve/ganglion[≥Low]",10995,240
"311","purple",TRUE,0.000290207851415386,2415,108,41,0.37962962962963,0.0169772256728778,"HPA:0130053","HPA","Colon; glandular cells[High]",10995,233
"312","purple",TRUE,0.000334559055457422,4354,108,62,0.574074074074074,0.0142397795130914,"HPA:0330222","HPA","Oral mucosa; squamous epithelial cells[≥Medium]",10995,490
"313","purple",TRUE,0.000338449477802337,2777,108,45,0.416666666666667,0.0162045372704357,"HPA:0050011","HPA","Breast; adipocytes[≥Low]",10995,55
"314","purple",TRUE,0.000380194577548934,637,108,17,0.157407407407407,0.0266875981161695,"HPA:0461392","HPA","Skin 1; cells in basal layer[≥Medium]",10995,644
"315","purple",TRUE,0.000390840557756008,577,108,16,0.148148148148148,0.0277296360485269,"HPA:0461462","HPA","Skin 1; langerhans cells[≥Medium]",10995,677
"316","purple",TRUE,0.000409079312621157,3710,108,55,0.509259259259259,0.0148247978436658,"HPA:0130202","HPA","Colon; endothelial cells[≥Medium]",10995,217
"317","purple",TRUE,0.000409079312621157,1258,108,26,0.240740740740741,0.0206677265500795,"HPA:0250133","HPA","Hippocampus; neuronal cells[High]",10995,387
"318","purple",TRUE,0.000444369462777805,710,108,18,0.166666666666667,0.0253521126760563,"HPA:0460181","HPA","Skin 1; cells in granular layer[≥Low]",10995,649
"319","purple",TRUE,0.000458099609170061,712,108,18,0.166666666666667,0.0252808988764045,"HPA:0461471","HPA","Skin 1; lymphocytes[≥Low]",10995,679
"320","purple",TRUE,0.000490255068983472,207,108,9,0.0833333333333333,0.0434782608695652,"HPA:0461413","HPA","Skin 1; cells in spinous layer[High]",10995,654
"321","purple",TRUE,0.000512551117486672,719,108,18,0.166666666666667,0.0250347705146036,"HPA:0470181","HPA","Skin 2; cells in granular layer[≥Low]",10995,701
"322","purple",TRUE,0.000558458750551375,5446,108,72,0.666666666666667,0.0132207124495042,"HPA:0630221","HPA","Cervix; squamous epithelial cells[≥Low]",10995,205
"323","purple",TRUE,0.000582929689567681,4834,108,66,0.611111111111111,0.0136532892014894,"HPA:0380511","HPA","Placenta; decidual cells[≥Low]",10995,536
"324","purple",TRUE,0.000594956440532494,3952,108,57,0.527777777777778,0.0144230769230769,"HPA:0460641","HPA","Skin 1; Langerhans[≥Low]",10995,637
"325","purple",TRUE,0.000775083794675717,949,108,21,0.194444444444444,0.0221285563751317,"HPA:0570763","HPA","Testis; pachytene spermatocytes[High]",10995,830
"326","purple",TRUE,0.000791856602351485,3426,108,51,0.472222222222222,0.0148861646234676,"HPA:0130242","HPA","Colon; peripheral nerve/ganglion[≥Medium]",10995,241
"327","purple",TRUE,0.00080101833928056,682,108,17,0.157407407407407,0.0249266862170088,"HPA:0471412","HPA","Skin 2; cells in spinous layer[≥Medium]",10995,705
"328","purple",TRUE,0.00080101833928056,1468,108,28,0.259259259259259,0.0190735694822888,"HPA:0570813","HPA","Testis; spermatogonia cells[High]",10995,845
"329","purple",TRUE,0.000822772820288213,557,108,15,0.138888888888889,0.0269299820466786,"HPA:0460182","HPA","Skin 1; cells in granular layer[≥Medium]",10995,650
"330","purple",TRUE,0.000829690926553328,1472,108,28,0.259259259259259,0.0190217391304348,"HPA:0160053","HPA","Endometrium 1; glandular cells[High]",10995,312
"331","purple",TRUE,0.000896853807037964,562,108,15,0.138888888888889,0.0266903914590747,"HPA:0470182","HPA","Skin 2; cells in granular layer[≥Medium]",10995,702
"332","purple",TRUE,0.000903800919967344,3727,108,54,0.5,0.0144888650389053,"HPA:0630222","HPA","Cervix; squamous epithelial cells[≥Medium]",10995,206
"333","purple",TRUE,0.000920302560980105,1961,108,34,0.314814814814815,0.0173380928097909,"HPA:0291162","HPA","Liver; cholangiocytes[≥Medium]",10995,438
"334","purple",TRUE,0.000937398547824902,759,108,18,0.166666666666667,0.0237154150197628,"HPA:0461411","HPA","Skin 1; cells in spinous layer[≥Low]",10995,652
"335","purple",TRUE,0.000946394746051209,1802,108,32,0.296296296296296,0.0177580466148724,"HPA:0170252","HPA","Endometrium 2; cells in endometrial stroma[≥Medium]",10995,315
"336","purple",TRUE,0.00117304979669729,455,108,13,0.12037037037037,0.0285714285714286,"HPA:0471473","HPA","Skin 2; lymphocytes[High]",10995,730
"337","purple",TRUE,0.00120641672025289,3960,108,56,0.518518518518518,0.0141414141414141,"HPA:0291161","HPA","Liver; cholangiocytes[≥Low]",10995,437
"338","purple",TRUE,0.00120641672025289,5049,108,67,0.62037037037037,0.013269954446425,"HPA:0310431","HPA","Lymph node; germinal center cells[≥Low]",10995,460
"339","purple",TRUE,0.0012369152323933,5678,108,73,0.675925925925926,0.0128566396618528,"HPA:0470681","HPA","Skin 2; epidermal cells[≥Low]",10995,713
"340","purple",TRUE,0.00124320754145276,646,108,16,0.148148148148148,0.0247678018575851,"HPA:0471472","HPA","Skin 2; lymphocytes[≥Medium]",10995,729
"341","purple",TRUE,0.00130521618891764,715,108,17,0.157407407407407,0.0237762237762238,"HPA:0461461","HPA","Skin 1; langerhans cells[≥Low]",10995,676
"342","purple",TRUE,0.00135959233133794,2603,108,41,0.37962962962963,0.0157510564733,"HPA:0150053","HPA","Duodenum; glandular cells[High]",10995,274
"343","purple",TRUE,0.00135959233133794,1842,108,32,0.296296296296296,0.0173724212812161,"HPA:0180053","HPA","Epididymis; glandular cells[High]",10995,323
"344","purple",TRUE,0.0014769488946522,244,108,9,0.0833333333333333,0.0368852459016393,"HPA:0380203","HPA","Placenta; endothelial cells[High]",10995,541
"345","purple",TRUE,0.00156227091277113,661,108,16,0.148148148148148,0.0242057488653555,"HPA:0471462","HPA","Skin 2; langerhans cells[≥Medium]",10995,726
"346","purple",TRUE,0.00158862331016196,2536,108,40,0.37037037037037,0.0157728706624606,"HPA:0570801","HPA","Testis; sertoli cells[≥Low]",10995,840
"347","purple",TRUE,0.00161918843950302,248,108,9,0.0833333333333333,0.0362903225806452,"HPA:0470183","HPA","Skin 2; cells in granular layer[High]",10995,703
"348","purple",TRUE,0.00161918843950302,248,108,9,0.0833333333333333,0.0362903225806452,"HPA:0460183","HPA","Skin 1; cells in granular layer[High]",10995,651
"349","purple",TRUE,0.00161918843950302,2452,108,39,0.361111111111111,0.015905383360522,"HPA:0540053","HPA","Stomach 1; glandular cells[High]",10995,800
"350","purple",TRUE,0.00161918843950302,248,108,9,0.0833333333333333,0.0362903225806452,"HPA:0471413","HPA","Skin 2; cells in spinous layer[High]",10995,706
"351","purple",TRUE,0.00165449739383614,801,108,18,0.166666666666667,0.0224719101123595,"HPA:0471471","HPA","Skin 2; lymphocytes[≥Low]",10995,728
"352","purple",TRUE,0.00168379650229338,602,108,15,0.138888888888889,0.0249169435215947,"HPA:0570803","HPA","Testis; sertoli cells[High]",10995,842
"353","purple",TRUE,0.00169094179756166,2547,108,40,0.37037037037037,0.0157047506870828,"HPA:0480053","HPA","Small intestine; glandular cells[High]",10995,755
"354","purple",TRUE,0.00186448952224589,880,108,19,0.175925925925926,0.0215909090909091,"HPA:0461391","HPA","Skin 1; cells in basal layer[≥Low]",10995,643
"355","purple",TRUE,0.00195738072647805,745,108,17,0.157407407407407,0.0228187919463087,"HPA:0100123","HPA","Cerebral cortex; glial cells[High]",10995,188
"356","purple",TRUE,0.00209783646200304,1490,108,27,0.25,0.0181208053691275,"HPA:0570782","HPA","Testis; preleptotene spermatocytes[≥Medium]",10995,835
"357","purple",TRUE,0.00213218173244065,5147,108,67,0.62037037037037,0.01301729162619,"HPA:0460661","HPA","Skin 1; keratinocytes[≥Low]",10995,673
"358","purple",TRUE,0.00220099770636124,754,108,17,0.157407407407407,0.0225464190981432,"HPA:0471392","HPA","Skin 2; cells in basal layer[≥Medium]",10995,696
"359","purple",TRUE,0.00220099770636124,3303,108,48,0.444444444444444,0.0145322434150772,"HPA:0340451","HPA","Ovary; follicle cells[≥Low]",10995,499
"360","purple",TRUE,0.00224184281271824,4256,108,58,0.537037037037037,0.0136278195488722,"HPA:0040082","HPA","Bone marrow; hematopoietic cells[≥Medium]",10995,52
"361","purple",TRUE,0.00239171530512186,4072,108,56,0.518518518518518,0.0137524557956778,"HPA:0460651","HPA","Skin 1; fibroblasts[≥Low]",10995,664
"362","purple",TRUE,0.00243125904455997,1350,108,25,0.231481481481481,0.0185185185185185,"HPA:0050053","HPA","Breast; glandular cells[High]",10995,60
"363","purple",TRUE,0.00252377788267899,266,108,9,0.0833333333333333,0.0338345864661654,"HPA:0471463","HPA","Skin 2; langerhans cells[High]",10995,727
"364","purple",TRUE,0.00271774373896598,840,108,18,0.166666666666667,0.0214285714285714,"HPA:0460201","HPA","Skin 1; endothelial cells[≥Low]",10995,658
"365","purple",TRUE,0.0027521966752734,985,108,20,0.185185185185185,0.0203045685279188,"HPA:0460673","HPA","Skin 1; melanocytes[High]",10995,684
"366","purple",TRUE,0.00280028979965489,218,108,8,0.0740740740740741,0.036697247706422,"HPA:0461463","HPA","Skin 1; langerhans cells[High]",10995,678
"367","purple",TRUE,0.00280028979965489,2355,108,37,0.342592592592593,0.0157112526539278,"HPA:0570742","HPA","Testis; cells in seminiferous ducts[≥Medium]",10995,823
"368","purple",TRUE,0.00290814054205654,1139,108,22,0.203703703703704,0.019315188762072,"HPA:0620223","HPA","Vagina; squamous epithelial cells[High]",10995,874
"369","purple",TRUE,0.00309016726742544,2631,108,40,0.37037037037037,0.0152033447358419,"HPA:0460642","HPA","Skin 1; Langerhans[≥Medium]",10995,638
"370","purple",TRUE,0.0031597142302845,853,108,18,0.166666666666667,0.0211019929660023,"HPA:0270353","HPA","Kidney; cells in glomeruli[High]",10995,413
"371","purple",TRUE,0.0033811965321024,394,108,11,0.101851851851852,0.0279187817258883,"HPA:0461473","HPA","Skin 1; lymphocytes[High]",10995,681
"372","purple",TRUE,0.00338294625525556,129,108,6,0.0555555555555556,0.0465116279069767,"HPA:0471493","HPA","Skin 2; vascular mural cells[High]",10995,739
"373","purple",TRUE,0.00338294625525556,788,108,17,0.157407407407407,0.0215736040609137,"HPA:0471461","HPA","Skin 2; langerhans cells[≥Low]",10995,725
"374","purple",TRUE,0.0035011322471264,521,108,13,0.12037037037037,0.0249520153550864,"HPA:0510653","HPA","Soft tissue 2; fibroblasts[High]",10995,782
"375","purple",TRUE,0.00357501873254622,723,108,16,0.148148148148148,0.0221300138312586,"HPA:0470671","HPA","Skin 2; melanocytes[≥Low]",10995,731
"376","purple",TRUE,0.00359976488407444,724,108,16,0.148148148148148,0.0220994475138122,"HPA:0570771","HPA","Testis; peritubular cells[≥Low]",10995,831
"377","purple",TRUE,0.00359976488407444,282,108,9,0.0833333333333333,0.0319148936170213,"HPA:0381203","HPA","Placenta; hofbauer cells[High]",10995,544
"378","purple",TRUE,0.0037890893959,3298,108,47,0.435185185185185,0.014251061249242,"HPA:0310432","HPA","Lymph node; germinal center cells[≥Medium]",10995,461
"379","purple",TRUE,0.00380996375012479,870,108,18,0.166666666666667,0.0206896551724138,"HPA:0471411","HPA","Skin 2; cells in spinous layer[≥Low]",10995,704
"380","purple",TRUE,0.003867161504442,1481,108,26,0.240740740740741,0.0175557056043214,"HPA:0420053","HPA","Salivary gland; glandular cells[High]",10995,617
"381","purple",TRUE,0.00416149386381873,1489,108,26,0.240740740740741,0.0174613834788449,"HPA:0050012","HPA","Breast; adipocytes[≥Medium]",10995,56
"382","purple",TRUE,0.00416578240168294,1899,108,31,0.287037037037037,0.0163243812532912,"HPA:0570762","HPA","Testis; pachytene spermatocytes[≥Medium]",10995,829
"383","purple",TRUE,0.0041864887980205,1900,108,31,0.287037037037037,0.0163157894736842,"HPA:0570781","HPA","Testis; preleptotene spermatocytes[≥Low]",10995,834
"384","purple",TRUE,0.00430469725231711,1335,108,24,0.222222222222222,0.0179775280898876,"HPA:0390053","HPA","Prostate; glandular cells[High]",10995,557
"385","purple",TRUE,0.00450748757308738,293,108,9,0.0833333333333333,0.0307167235494881,"HPA:0461452","HPA","Skin 1; hair follicles[≥Medium]",10995,671
"386","purple",TRUE,0.00450748757308738,293,108,9,0.0833333333333333,0.0307167235494881,"HPA:0300203","HPA","Lung; endothelial cells[High]",10995,455
"387","purple",TRUE,0.00456634085636736,2427,108,37,0.342592592592593,0.015245158632056,"HPA:0550053","HPA","Stomach 2; glandular cells[High]",10995,804
"388","purple",TRUE,0.00456634085636736,887,108,18,0.166666666666667,0.020293122886133,"HPA:0470201","HPA","Skin 2; endothelial cells[≥Low]",10995,710
"389","purple",TRUE,0.00458766415841946,961,108,19,0.175925925925926,0.0197710718002081,"HPA:0471391","HPA","Skin 2; cells in basal layer[≥Low]",10995,695
"390","purple",TRUE,0.00460329732737321,187,108,7,0.0648148148148148,0.0374331550802139,"HPA:0461422","HPA","Skin 1; eccrine glands[≥Medium]",10995,656
"391","purple",TRUE,0.00490574611305491,356,108,10,0.0925925925925926,0.0280898876404494,"HPA:0470673","HPA","Skin 2; melanocytes[High]",10995,733
"392","purple",TRUE,0.00515152529028105,684,108,15,0.138888888888889,0.0219298245614035,"HPA:0080123","HPA","Caudate; glial cells[High]",10995,93
"393","purple",TRUE,0.00542573051340183,246,108,8,0.0740740740740741,0.032520325203252,"HPA:0461421","HPA","Skin 1; eccrine glands[≥Low]",10995,655
"394","purple",TRUE,0.00547342083420766,620,108,14,0.12962962962963,0.0225806451612903,"HPA:0490693","HPA","Smooth muscle; smooth muscle cells[High]",10995,765
"395","purple",TRUE,0.0055202413682464,1771,108,29,0.268518518518519,0.0163749294184077,"HPA:0570733","HPA","Testis; Leydig cells[High]",10995,821
"396","purple",TRUE,0.0055202413682464,832,108,17,0.157407407407407,0.0204326923076923,"HPA:0471442","HPA","Skin 2; fibrohistiocytic cells[≥Medium]",10995,720
"397","purple",TRUE,0.00613919685565767,698,108,15,0.138888888888889,0.0214899713467049,"HPA:0461442","HPA","Skin 1; fibrohistiocytic cells[≥Medium]",10995,668
"398","purple",TRUE,0.00647217773671412,2568,108,38,0.351851851851852,0.014797507788162,"HPA:0570812","HPA","Testis; spermatogonia cells[≥Medium]",10995,844
"399","purple",TRUE,0.00679230544613248,1549,108,26,0.240740740740741,0.0167850225952227,"HPA:0090163","HPA","Cerebellum; Purkinje cells[High]",10995,118
"400","purple",TRUE,0.00703664640518497,639,108,14,0.12962962962963,0.0219092331768388,"HPA:0470672","HPA","Skin 2; melanocytes[≥Medium]",10995,732
"401","purple",TRUE,0.00749765666341465,2325,108,35,0.324074074074074,0.0150537634408602,"HPA:0570791","HPA","Testis; round or early spermatids[≥Low]",10995,837
"402","purple",TRUE,0.0076689149505591,381,108,10,0.0925925925925926,0.026246719160105,"HPA:0381202","HPA","Placenta; hofbauer cells[≥Medium]",10995,543
"403","purple",TRUE,0.00801009686145422,1652,108,27,0.25,0.0163438256658596,"HPA:0190223","HPA","Esophagus; squamous epithelial cells[High]",10995,327
"404","purple",TRUE,0.00801009686145422,2248,108,34,0.314814814814815,0.0151245551601423,"HPA:0340452","HPA","Ovary; follicle cells[≥Medium]",10995,500
"405","purple",TRUE,0.00849810160550434,1334,108,23,0.212962962962963,0.0172413793103448,"HPA:0170053","HPA","Endometrium 2; glandular cells[High]",10995,319
"406","purple",TRUE,0.00849810160550434,1912,108,30,0.277777777777778,0.0156903765690377,"HPA:0570792","HPA","Testis; round or early spermatids[≥Medium]",10995,838
"407","purple",TRUE,0.00961211519666721,459,108,11,0.101851851851852,0.0239651416122004,"HPA:0010013","HPA","Adipose tissue; adipocytes[High]",10995,5
"408","purple",TRUE,0.00964279318735548,2364,108,35,0.324074074074074,0.0148054145516074,"HPA:0570761","HPA","Testis; pachytene spermatocytes[≥Low]",10995,828
"409","purple",TRUE,0.00964279318735548,3744,108,50,0.462962962962963,0.0133547008547009,"HPA:0290402","HPA","Liver; hepatocytes[≥Medium]",10995,441
"410","purple",TRUE,0.00972481590331624,884,108,17,0.157407407407407,0.0192307692307692,"HPA:0461441","HPA","Skin 1; fibrohistiocytic cells[≥Low]",10995,667
"411","purple",TRUE,0.00972481590331624,3089,108,43,0.398148148148148,0.0139203625768857,"HPA:0570741","HPA","Testis; cells in seminiferous ducts[≥Low]",10995,822
"412","purple",TRUE,0.00978613667705963,334,108,9,0.0833333333333333,0.0269461077844311,"HPA:0380202","HPA","Placenta; endothelial cells[≥Medium]",10995,540
"413","purple",TRUE,0.0100722545152689,2284,108,34,0.314814814814815,0.0148861646234676,"HPA:0020053","HPA","Adrenal gland; glandular cells[High]",10995,18
"414","purple",TRUE,0.0100781814952124,3282,108,45,0.416666666666667,0.0137111517367459,"HPA:0460662","HPA","Skin 1; keratinocytes[≥Medium]",10995,674
"415","purple",TRUE,0.0109993769365803,1049,108,19,0.175925925925926,0.0181124880838894,"HPA:0470683","HPA","Skin 2; epidermal cells[High]",10995,715
"416","purple",TRUE,0.0110194981576298,1865,108,29,0.268518518518519,0.0155495978552279,"HPA:0570802","HPA","Testis; sertoli cells[≥Medium]",10995,841
"417","purple",TRUE,0.0111177191762036,2838,108,40,0.37037037037037,0.0140944326990839,"HPA:0460652","HPA","Skin 1; fibroblasts[≥Medium]",10995,665
"418","purple",TRUE,0.0111177191762036,405,108,10,0.0925925925925926,0.0246913580246914,"HPA:0380201","HPA","Placenta; endothelial cells[≥Low]",10995,539
"419","purple",TRUE,0.0112176944215044,751,108,15,0.138888888888889,0.0199733688415446,"HPA:0570783","HPA","Testis; preleptotene spermatocytes[High]",10995,836
"420","purple",TRUE,0.011425396524532,407,108,10,0.0925925925925926,0.0245700245700246,"HPA:0461443","HPA","Skin 1; fibrohistiocytic cells[High]",10995,669
"421","purple",TRUE,0.0116513381055674,1456,108,24,0.222222222222222,0.0164835164835165,"HPA:0040083","HPA","Bone marrow; hematopoietic cells[High]",10995,53
"422","purple",TRUE,0.0119286758606636,122,108,5,0.0462962962962963,0.040983606557377,"HPA:0461453","HPA","Skin 1; hair follicles[High]",10995,672
"423","purple",TRUE,0.0120722913125508,1880,108,29,0.268518518518519,0.0154255319148936,"HPA:0030053","HPA","Appendix; glandular cells[High]",10995,40
"424","purple",TRUE,0.0125608942623238,836,108,16,0.148148148148148,0.0191387559808612,"HPA:0050093","HPA","Breast; myoepithelial cells[High]",10995,63
"425","purple",TRUE,0.0126659236603682,1550,108,25,0.231481481481481,0.0161290322580645,"HPA:0360053","HPA","Parathyroid gland; glandular cells[High]",10995,524
"426","purple",TRUE,0.0129443290670225,765,108,15,0.138888888888889,0.0196078431372549,"HPA:0030073","HPA","Appendix; lymphoid tissue[High]",10995,46
"427","purple",TRUE,0.0131473878184135,1229,108,21,0.194444444444444,0.0170870626525631,"HPA:0600433","HPA","Tonsil; germinal center cells[High]",10995,860
"428","purple",TRUE,0.01333244382307,553,108,12,0.111111111111111,0.0216998191681736,"HPA:0250123","HPA","Hippocampus; glial cells[High]",10995,384
"429","purple",TRUE,0.0133721979664628,4995,108,62,0.574074074074074,0.0124124124124124,"HPA:0100211","HPA","Cerebral cortex; neuropil[≥Low]",10995,195
"430","purple",TRUE,0.0135798987731052,2159,108,32,0.296296296296296,0.0148216767021769,"HPA:0270363","HPA","Kidney; cells in tubules[High]",10995,416
"431","purple",TRUE,0.0166630835745028,367,108,9,0.0833333333333333,0.0245231607629428,"HPA:0461451","HPA","Skin 1; hair follicles[≥Low]",10995,670
"432","purple",TRUE,0.0168655013193229,1020,108,18,0.166666666666667,0.0176470588235294,"HPA:0471441","HPA","Skin 2; fibrohistiocytic cells[≥Low]",10995,719
"433","purple",TRUE,0.017400515809064,436,108,10,0.0925925925925926,0.0229357798165138,"HPA:0381201","HPA","Placenta; hofbauer cells[≥Low]",10995,542
"434","purple",TRUE,0.0183313574357838,1351,108,22,0.203703703703704,0.0162842339008142,"HPA:0500702","HPA","Soft tissue 1; peripheral nerve[≥Medium]",10995,774
"435","purple",TRUE,0.0184911016750979,310,108,8,0.0740740740740741,0.0258064516129032,"HPA:0050013","HPA","Breast; adipocytes[High]",10995,57
"436","purple",TRUE,0.0186349304999744,89,108,4,0.037037037037037,0.0449438202247191,"HPA:0461423","HPA","Skin 1; eccrine glands[High]",10995,657
"437","purple",TRUE,0.0186619380741931,726,108,14,0.12962962962963,0.0192837465564738,"HPA:0570743","HPA","Testis; cells in seminiferous ducts[High]",10995,824
"438","purple",TRUE,0.0188420184035271,802,108,15,0.138888888888889,0.0187032418952618,"HPA:0351183","HPA","Pancreas; pancreatic endocrine cells[High]",10995,520
"439","purple",TRUE,0.0203381851678032,316,108,8,0.0740740740740741,0.0253164556962025,"HPA:0460203","HPA","Skin 1; endothelial cells[High]",10995,660
"440","purple",TRUE,0.0211780992844451,1371,108,22,0.203703703703704,0.0160466812545587,"HPA:0300413","HPA","Lung; macrophages[High]",10995,458
"441","purple",TRUE,0.0216797610645136,320,108,8,0.0740740740740741,0.025,"HPA:0470203","HPA","Skin 2; endothelial cells[High]",10995,712
"442","purple",TRUE,0.0218165578404446,4007,108,51,0.472222222222222,0.0127277264786623,"HPA:0470682","HPA","Skin 2; epidermal cells[≥Medium]",10995,714
"443","purple",TRUE,0.0224290927395239,3061,108,41,0.37962962962963,0.0133943155831428,"HPA:0570811","HPA","Testis; spermatogonia cells[≥Low]",10995,843
"444","purple",TRUE,0.0225980957749591,526,108,11,0.101851851851852,0.0209125475285171,"HPA:0570772","HPA","Testis; peritubular cells[≥Medium]",10995,832
"445","purple",TRUE,0.0249966324128399,755,108,14,0.12962962962963,0.0185430463576159,"HPA:0090183","HPA","Cerebellum; cells in granular layer[High]",10995,133
"446","purple",TRUE,0.0284801969312543,3484,108,45,0.416666666666667,0.0129161882893226,"HPA:0301171","HPA","Lung; alveolar cells[≥Low]",10995,444
"447","purple",TRUE,0.0352094376674228,1960,108,28,0.259259259259259,0.0142857142857143,"HPA:0350473","HPA","Pancreas; exocrine glandular cells[High]",10995,517
"448","purple",TRUE,0.0358975435600829,1788,108,26,0.240740740740741,0.0145413870246085,"HPA:0301172","HPA","Lung; alveolar cells[≥Medium]",10995,445
"449","purple",TRUE,0.0359114881907352,1030,108,17,0.157407407407407,0.016504854368932,"HPA:0570793","HPA","Testis; round or early spermatids[High]",10995,839
"450","purple",TRUE,0.0365247101047482,165,108,5,0.0462962962962963,0.0303030303030303,"HPA:0461482","HPA","Skin 1; sebaceous glands[≥Medium]",10995,686
"451","purple",TRUE,0.0369085787956014,424,108,9,0.0833333333333333,0.0212264150943396,"HPA:0381192","HPA","Placenta; cytotrophoblasts[≥Medium]",10995,534
"452","purple",TRUE,0.0401256385008557,361,108,8,0.0740740740740741,0.0221606648199446,"HPA:0381213","HPA","Placenta; syncytiotrophoblasts - cell body[High]",10995,547
"453","purple",TRUE,0.0407091963922838,295,108,7,0.0648148148148148,0.023728813559322,"HPA:0381193","HPA","Placenta; cytotrophoblasts[High]",10995,535
"454","purple",TRUE,0.0412510098185979,296,108,7,0.0648148148148148,0.0236486486486486,"HPA:0471393","HPA","Skin 2; cells in basal layer[High]",10995,697
"455","purple",TRUE,0.0486599607661173,241,108,6,0.0555555555555556,0.024896265560166,"HPA:0500703","HPA","Soft tissue 1; peripheral nerve[High]",10995,775
"456","purple",TRUE,1.01241381570143e-06,174,55,11,0.2,0.0632183908045977,"KEGG:03040","KEGG","Spliceosome",8484,215
"457","purple",TRUE,0.000697666982692067,506,55,13,0.236363636363636,0.0256916996047431,"KEGG:05168","KEGG","Herpes simplex virus 1 infection",8484,449
"458","purple",TRUE,1.27604522552773e-06,1503,156,39,0.25,0.0259481037924152,"MIRNA:hsa-mir-4666-3p","MIRNA","hsa-mir-4666-3p",16638,390
"459","purple",TRUE,1.27604522552773e-06,1663,156,41,0.262820512820513,0.0246542393265183,"MIRNA:hsa-mir-181d","MIRNA","hsa-mir-181d",16638,2916
"460","purple",TRUE,1.27604522552773e-06,1638,156,41,0.262820512820513,0.025030525030525,"MIRNA:hsa-mir-3671","MIRNA","hsa-mir-3671",16638,1611
"461","purple",TRUE,1.27604522552773e-06,1663,156,41,0.262820512820513,0.0246542393265183,"MIRNA:hsa-mir-181b","MIRNA","hsa-mir-181b",16638,1501
"462","purple",TRUE,1.27604522552773e-06,2254,156,51,0.326923076923077,0.0226264418811003,"MIRNA:hsa-mir-4282","MIRNA","hsa-mir-4282",16638,1311
"463","purple",TRUE,1.27604522552773e-06,1663,156,41,0.262820512820513,0.0246542393265183,"MIRNA:hsa-mir-181c","MIRNA","hsa-mir-181c",16638,2368
"464","purple",TRUE,1.27604522552773e-06,1664,156,41,0.262820512820513,0.0246394230769231,"MIRNA:hsa-mir-181a","MIRNA","hsa-mir-181a",16638,2312
"465","purple",TRUE,1.27604522552773e-06,1382,156,37,0.237179487179487,0.0267727930535456,"MIRNA:hsa-mir-381","MIRNA","hsa-mir-381",16638,2518
"466","purple",TRUE,1.27604522552773e-06,1336,156,37,0.237179487179487,0.0276946107784431,"MIRNA:hsa-mir-101","MIRNA","hsa-mir-101",16638,2562
"467","purple",TRUE,2.01037057332266e-06,1425,156,37,0.237179487179487,0.0259649122807018,"MIRNA:hsa-mir-300","MIRNA","hsa-mir-300",16638,1953
"468","purple",TRUE,2.41776404217326e-06,1713,156,41,0.262820512820513,0.0239346176298891,"MIRNA:hsa-mir-4262","MIRNA","hsa-mir-4262",16638,2245
"469","purple",TRUE,5.03973315874531e-06,2907,156,56,0.358974358974359,0.0192638458892329,"MIRNA:hsa-mir-3613-3p","MIRNA","hsa-mir-3613-3p",16638,860
"470","purple",TRUE,5.39705186769385e-06,1494,156,37,0.237179487179487,0.0247657295850067,"MIRNA:hsa-mir-3658","MIRNA","hsa-mir-3658",16638,1343
"471","purple",TRUE,7.18251416084094e-06,2553,156,51,0.326923076923077,0.0199764982373678,"MIRNA:hsa-mir-3163","MIRNA","hsa-mir-3163",16638,2578
"472","purple",TRUE,7.18251416084094e-06,1059,156,30,0.192307692307692,0.028328611898017,"MIRNA:hsa-mir-4666-5p","MIRNA","hsa-mir-4666-5p",16638,2415
"473","purple",TRUE,1.00186839445829e-05,562,156,21,0.134615384615385,0.0373665480427046,"MIRNA:hsa-mir-643","MIRNA","hsa-mir-643",16638,2665
"474","purple",TRUE,1.05131976427711e-05,1480,156,36,0.230769230769231,0.0243243243243243,"MIRNA:hsa-mir-144","MIRNA","hsa-mir-144",16638,1002
"475","purple",TRUE,1.298453991424e-05,1778,156,40,0.256410256410256,0.0224971878515186,"MIRNA:hsa-mir-513a-3p","MIRNA","hsa-mir-513a-3p",16638,1866
"476","purple",TRUE,1.7724268030439e-05,3219,156,58,0.371794871794872,0.018018018018018,"MIRNA:hsa-mir-548c-3p","MIRNA","hsa-mir-548c-3p",16638,1005
"477","purple",TRUE,2.14852594866019e-05,1533,156,36,0.230769230769231,0.0234833659491194,"MIRNA:hsa-mir-4672","MIRNA","hsa-mir-4672",16638,36
"478","purple",TRUE,2.48022207771016e-05,46,156,7,0.0448717948717949,0.152173913043478,"MIRNA:hsa-mir-5094","MIRNA","hsa-mir-5094",16638,2007
"479","purple",TRUE,2.56982285696093e-05,717,156,23,0.147435897435897,0.0320781032078103,"MIRNA:hsa-mir-15b-5p","MIRNA","hsa-mir-15b-5p",16638,171
"480","purple",TRUE,3.04779542390712e-05,2230,156,45,0.288461538461538,0.0201793721973094,"MIRNA:hsa-mir-607","MIRNA","hsa-mir-607",16638,985
"481","purple",TRUE,4.13603005252237e-05,982,156,27,0.173076923076923,0.0274949083503055,"MIRNA:hsa-mir-4477b","MIRNA","hsa-mir-4477b",16638,1921
"482","purple",TRUE,6.46280663419336e-05,1409,156,33,0.211538461538462,0.0234208658623137,"MIRNA:hsa-mir-3143","MIRNA","hsa-mir-3143",16638,14
"483","purple",TRUE,6.46280663419336e-05,1340,156,32,0.205128205128205,0.0238805970149254,"MIRNA:hsa-mir-4795-3p","MIRNA","hsa-mir-4795-3p",16638,1978
"484","purple",TRUE,8.78237471242201e-05,396,156,16,0.102564102564103,0.0404040404040404,"MIRNA:hsa-mir-6838-5p","MIRNA","hsa-mir-6838-5p",16638,1060
"485","purple",TRUE,0.000100906984531238,669,156,21,0.134615384615385,0.031390134529148,"MIRNA:hsa-mir-15a-5p","MIRNA","hsa-mir-15a-5p",16638,975
"486","purple",TRUE,0.000108420304121685,1174,156,29,0.185897435897436,0.0247018739352641,"MIRNA:hsa-mir-548g","MIRNA","hsa-mir-548g",16638,98
"487","purple",TRUE,0.000139987546799893,1259,156,30,0.192307692307692,0.0238284352660842,"MIRNA:hsa-mir-519b-3p","MIRNA","hsa-mir-519b-3p",16638,699
"488","purple",TRUE,0.000142243037225542,1262,156,30,0.192307692307692,0.0237717908082409,"MIRNA:hsa-mir-519c-3p","MIRNA","hsa-mir-519c-3p",16638,1000
"489","purple",TRUE,0.000145920054747876,1064,156,27,0.173076923076923,0.0253759398496241,"MIRNA:hsa-mir-4724-5p","MIRNA","hsa-mir-4724-5p",16638,2264
"490","purple",TRUE,0.000156891925432889,637,156,20,0.128205128205128,0.0313971742543171,"MIRNA:hsa-mir-487a","MIRNA","hsa-mir-487a",16638,229
"491","purple",TRUE,0.000180216156615642,426,156,16,0.102564102564103,0.0375586854460094,"MIRNA:hsa-mir-497-5p","MIRNA","hsa-mir-497-5p",16638,2062
"492","purple",TRUE,0.000231557746874497,440,156,16,0.102564102564103,0.0363636363636364,"MIRNA:hsa-mir-424-5p","MIRNA","hsa-mir-424-5p",16638,497
"493","purple",TRUE,0.000231557746874497,1104,156,27,0.173076923076923,0.0244565217391304,"MIRNA:hsa-mir-323-3p","MIRNA","hsa-mir-323-3p",16638,2965
"494","purple",TRUE,0.000231557746874497,2125,156,41,0.262820512820513,0.0192941176470588,"MIRNA:hsa-mir-524-5p","MIRNA","hsa-mir-524-5p",16638,1696
"495","purple",TRUE,0.000231557746874497,2208,156,42,0.269230769230769,0.0190217391304348,"MIRNA:hsa-mir-3148","MIRNA","hsa-mir-3148",16638,925
"496","purple",TRUE,0.000231557746874497,720,156,21,0.134615384615385,0.0291666666666667,"MIRNA:hsa-mir-556-3p","MIRNA","hsa-mir-556-3p",16638,2335
"497","purple",TRUE,0.000231557746874497,603,156,19,0.121794871794872,0.0315091210613599,"MIRNA:hsa-mir-195-5p","MIRNA","hsa-mir-195-5p",16638,1560
"498","purple",TRUE,0.000231557746874497,2126,156,41,0.262820512820513,0.0192850423330198,"MIRNA:hsa-mir-520d-5p","MIRNA","hsa-mir-520d-5p",16638,2206
"499","purple",TRUE,0.000250893130586561,1179,156,28,0.179487179487179,0.0237489397794741,"MIRNA:hsa-mir-578","MIRNA","hsa-mir-578",16638,717
"500","purple",TRUE,0.000257784612236559,670,156,20,0.128205128205128,0.0298507462686567,"MIRNA:hsa-mir-4639-5p","MIRNA","hsa-mir-4639-5p",16638,2834
"501","purple",TRUE,0.000367092059409328,1349,156,30,0.192307692307692,0.022238695329874,"MIRNA:hsa-mir-338-5p","MIRNA","hsa-mir-338-5p",16638,862
"502","purple",TRUE,0.000367092059409328,1140,156,27,0.173076923076923,0.0236842105263158,"MIRNA:hsa-mir-499-3p","MIRNA","hsa-mir-499-3p",16638,749
"503","purple",TRUE,0.000367092059409328,1942,156,38,0.243589743589744,0.01956745623069,"MIRNA:hsa-mir-3646","MIRNA","hsa-mir-3646",16638,769
"504","purple",TRUE,0.000369120833091354,1569,156,33,0.211538461538462,0.0210325047801147,"MIRNA:hsa-mir-543","MIRNA","hsa-mir-543",16638,283
"505","purple",TRUE,0.000369120833091354,1143,156,27,0.173076923076923,0.0236220472440945,"MIRNA:hsa-mir-519a","MIRNA","hsa-mir-519a",16638,378
"506","purple",TRUE,0.00039918847080943,1015,156,25,0.16025641025641,0.0246305418719212,"MIRNA:hsa-mir-452","MIRNA","hsa-mir-452",16638,2700
"507","purple",TRUE,0.00039918847080943,1804,156,36,0.230769230769231,0.0199556541019956,"MIRNA:hsa-mir-1305","MIRNA","hsa-mir-1305",16638,2569
"508","purple",TRUE,0.00040327312583349,1814,156,36,0.230769230769231,0.019845644983462,"MIRNA:hsa-mir-548ae","MIRNA","hsa-mir-548ae",16638,184
"509","purple",TRUE,0.00040327312583349,1814,156,36,0.230769230769231,0.019845644983462,"MIRNA:hsa-mir-548x","MIRNA","hsa-mir-548x",16638,790
"510","purple",TRUE,0.00040327312583349,824,156,22,0.141025641025641,0.0266990291262136,"MIRNA:hsa-mir-485-3p","MIRNA","hsa-mir-485-3p",16638,892
"511","purple",TRUE,0.00040327312583349,1814,156,36,0.230769230769231,0.019845644983462,"MIRNA:hsa-mir-548am","MIRNA","hsa-mir-548am",16638,3037
"512","purple",TRUE,0.00040327312583349,1814,156,36,0.230769230769231,0.019845644983462,"MIRNA:hsa-mir-548aj","MIRNA","hsa-mir-548aj",16638,2088
"513","purple",TRUE,0.00040327312583349,1810,156,36,0.230769230769231,0.0198895027624309,"MIRNA:hsa-mir-4719","MIRNA","hsa-mir-4719",16638,1614
"514","purple",TRUE,0.000446516721967346,1166,156,27,0.173076923076923,0.023156089193825,"MIRNA:hsa-mir-499a-3p","MIRNA","hsa-mir-499a-3p",16638,1161
"515","purple",TRUE,0.000463168662741954,1033,156,25,0.16025641025641,0.0242013552758954,"MIRNA:hsa-mir-4676-3p","MIRNA","hsa-mir-4676-3p",16638,866
"516","purple",TRUE,0.000542255229589039,1251,156,28,0.179487179487179,0.0223820943245404,"MIRNA:hsa-mir-4495","MIRNA","hsa-mir-4495",16638,238
"517","purple",TRUE,0.000588864711038048,1698,156,34,0.217948717948718,0.0200235571260306,"MIRNA:hsa-mir-548p","MIRNA","hsa-mir-548p",16638,2536
"518","purple",TRUE,0.000594120525374555,984,156,24,0.153846153846154,0.024390243902439,"MIRNA:hsa-mir-409-3p","MIRNA","hsa-mir-409-3p",16638,40
"519","purple",TRUE,0.000998328266434139,1517,156,31,0.198717948717949,0.020435069215557,"MIRNA:hsa-mir-3065-5p","MIRNA","hsa-mir-3065-5p",16638,1904
"520","purple",TRUE,0.00100144569050539,885,156,22,0.141025641025641,0.0248587570621469,"MIRNA:hsa-mir-448","MIRNA","hsa-mir-448",16638,2698
"521","purple",TRUE,0.00100144569050539,951,156,23,0.147435897435897,0.0241850683491062,"MIRNA:hsa-mir-2053","MIRNA","hsa-mir-2053",16638,1393
"522","purple",TRUE,0.00103847926808988,1376,156,29,0.185897435897436,0.0210755813953488,"MIRNA:hsa-mir-944","MIRNA","hsa-mir-944",16638,759
"523","purple",TRUE,0.00117183558716788,1460,156,30,0.192307692307692,0.0205479452054795,"MIRNA:hsa-mir-4731-3p","MIRNA","hsa-mir-4731-3p",16638,654
"524","purple",TRUE,0.00126269704049746,1467,156,30,0.192307692307692,0.0204498977505112,"MIRNA:hsa-mir-548an","MIRNA","hsa-mir-548an",16638,1736
"525","purple",TRUE,0.00139472840572736,1257,156,27,0.173076923076923,0.0214797136038186,"MIRNA:hsa-mir-1283","MIRNA","hsa-mir-1283",16638,377
"526","purple",TRUE,0.00139472840572736,1256,156,27,0.173076923076923,0.0214968152866242,"MIRNA:hsa-mir-3653","MIRNA","hsa-mir-3653",16638,444
"527","purple",TRUE,0.00139889247698653,2020,156,37,0.237179487179487,0.0183168316831683,"MIRNA:hsa-mir-4698","MIRNA","hsa-mir-4698",16638,1257
"528","purple",TRUE,0.00160384890365807,599,156,17,0.108974358974359,0.0283806343906511,"MIRNA:hsa-mir-4484","MIRNA","hsa-mir-4484",16638,1022
"529","purple",TRUE,0.00170762899399631,1275,156,27,0.173076923076923,0.0211764705882353,"MIRNA:hsa-mir-4799-5p","MIRNA","hsa-mir-4799-5p",16638,630
"530","purple",TRUE,0.00219703399647324,807,156,20,0.128205128205128,0.0247831474597274,"MIRNA:hsa-mir-548b-3p","MIRNA","hsa-mir-548b-3p",16638,3001
"531","purple",TRUE,0.00259472704438466,1236,156,26,0.166666666666667,0.0210355987055016,"MIRNA:hsa-mir-3617","MIRNA","hsa-mir-3617",16638,2627
"532","purple",TRUE,0.00259472704438466,1459,156,29,0.185897435897436,0.019876627827279,"MIRNA:hsa-mir-4801","MIRNA","hsa-mir-4801",16638,149
"533","purple",TRUE,0.00276996620301842,1774,156,33,0.211538461538462,0.0186020293122886,"MIRNA:hsa-mir-548n","MIRNA","hsa-mir-548n",16638,2746
"534","purple",TRUE,0.00289596000818826,571,156,16,0.102564102564103,0.0280210157618214,"MIRNA:hsa-mir-4506","MIRNA","hsa-mir-4506",16638,56
"535","purple",TRUE,0.0030130715538785,1552,156,30,0.192307692307692,0.0193298969072165,"MIRNA:hsa-mir-548e","MIRNA","hsa-mir-548e",16638,116
"536","purple",TRUE,0.0030130715538785,1552,156,30,0.192307692307692,0.0193298969072165,"MIRNA:hsa-mir-548f","MIRNA","hsa-mir-548f",16638,2789
"537","purple",TRUE,0.00307412203215116,1870,156,34,0.217948717948718,0.0181818181818182,"MIRNA:hsa-mir-548ac","MIRNA","hsa-mir-548ac",16638,1128
"538","purple",TRUE,0.00307412203215116,1870,156,34,0.217948717948718,0.0181818181818182,"MIRNA:hsa-mir-548z","MIRNA","hsa-mir-548z",16638,3038
"539","purple",TRUE,0.00307412203215116,1634,156,31,0.198717948717949,0.0189718482252142,"MIRNA:hsa-mir-548a-3p","MIRNA","hsa-mir-548a-3p",16638,333
"540","purple",TRUE,0.00320015970594043,1875,156,34,0.217948717948718,0.0181333333333333,"MIRNA:hsa-mir-548d-3p","MIRNA","hsa-mir-548d-3p",16638,990
"541","purple",TRUE,0.00320662106766133,1046,156,23,0.147435897435897,0.0219885277246654,"MIRNA:hsa-mir-217","MIRNA","hsa-mir-217",16638,2030
"542","purple",TRUE,0.00320662106766133,2706,156,44,0.282051282051282,0.016260162601626,"MIRNA:hsa-mir-4775","MIRNA","hsa-mir-4775",16638,2863
"543","purple",TRUE,0.00325159581031456,1566,156,30,0.192307692307692,0.0191570881226054,"MIRNA:hsa-mir-377","MIRNA","hsa-mir-377",16638,1890
"544","purple",TRUE,0.00345888752843697,1053,156,23,0.147435897435897,0.0218423551756885,"MIRNA:hsa-mir-889","MIRNA","hsa-mir-889",16638,2847
"545","purple",TRUE,0.00355843252878805,1732,156,32,0.205128205128205,0.0184757505773672,"MIRNA:hsa-mir-495","MIRNA","hsa-mir-495",16638,3018
"546","purple",TRUE,0.00382415160162314,1280,156,26,0.166666666666667,0.0203125,"MIRNA:hsa-mir-3686","MIRNA","hsa-mir-3686",16638,2255
"547","purple",TRUE,0.0040254562474842,1285,156,26,0.166666666666667,0.0202334630350195,"MIRNA:hsa-mir-641","MIRNA","hsa-mir-641",16638,1905
"548","purple",TRUE,0.00408042929583987,536,156,15,0.0961538461538462,0.0279850746268657,"MIRNA:hsa-mir-19a-3p","MIRNA","hsa-mir-19a-3p",16638,2327
"549","purple",TRUE,0.00408042929583987,860,156,20,0.128205128205128,0.0232558139534884,"MIRNA:hsa-mir-3074-3p","MIRNA","hsa-mir-3074-3p",16638,358
"550","purple",TRUE,0.00408042929583987,725,156,18,0.115384615384615,0.0248275862068966,"MIRNA:hsa-mir-3129-3p","MIRNA","hsa-mir-3129-3p",16638,2997
"551","purple",TRUE,0.00411477938598604,1673,156,31,0.198717948717949,0.0185295875672445,"MIRNA:hsa-mir-3647-3p","MIRNA","hsa-mir-3647-3p",16638,110
"552","purple",TRUE,0.00416820269735909,1914,156,34,0.217948717948718,0.0177638453500522,"MIRNA:hsa-mir-570","MIRNA","hsa-mir-570",16638,2017
"553","purple",TRUE,0.00427030857174987,934,156,21,0.134615384615385,0.0224839400428266,"MIRNA:hsa-mir-361-5p","MIRNA","hsa-mir-361-5p",16638,563
"554","purple",TRUE,0.00430029658880645,603,156,16,0.102564102564103,0.0265339966832504,"MIRNA:hsa-mir-4684-3p","MIRNA","hsa-mir-4684-3p",16638,1658
"555","purple",TRUE,0.00431995873975676,1612,156,30,0.192307692307692,0.0186104218362283,"MIRNA:hsa-mir-302a","MIRNA","hsa-mir-302a",16638,1021
"556","purple",TRUE,0.00431995873975676,1612,156,30,0.192307692307692,0.0186104218362283,"MIRNA:hsa-mir-302d","MIRNA","hsa-mir-302d",16638,1979
"557","purple",TRUE,0.00431995873975676,1526,156,29,0.185897435897436,0.0190039318479685,"MIRNA:hsa-mir-4699-3p","MIRNA","hsa-mir-4699-3p",16638,2457
"558","purple",TRUE,0.00431995873975676,1612,156,30,0.192307692307692,0.0186104218362283,"MIRNA:hsa-mir-372","MIRNA","hsa-mir-372",16638,2404
"559","purple",TRUE,0.00431995873975676,1612,156,30,0.192307692307692,0.0186104218362283,"MIRNA:hsa-mir-302b","MIRNA","hsa-mir-302b",16638,262
"560","purple",TRUE,0.00431995873975676,673,156,17,0.108974358974359,0.025260029717682,"MIRNA:hsa-mir-4774-3p","MIRNA","hsa-mir-4774-3p",16638,939
"561","purple",TRUE,0.00431995873975676,1612,156,30,0.192307692307692,0.0186104218362283,"MIRNA:hsa-mir-373","MIRNA","hsa-mir-373",16638,1307
"562","purple",TRUE,0.00431995873975676,672,156,17,0.108974358974359,0.025297619047619,"MIRNA:hsa-mir-3654","MIRNA","hsa-mir-3654",16638,606
"563","purple",TRUE,0.00431995873975676,1011,156,22,0.141025641025641,0.0217606330365974,"MIRNA:hsa-mir-4511","MIRNA","hsa-mir-4511",16638,2791
"564","purple",TRUE,0.00431995873975676,1155,156,24,0.153846153846154,0.0207792207792208,"MIRNA:hsa-mir-3119","MIRNA","hsa-mir-3119",16638,562
"565","purple",TRUE,0.00431995873975676,1612,156,30,0.192307692307692,0.0186104218362283,"MIRNA:hsa-mir-302c","MIRNA","hsa-mir-302c",16638,2715
"566","purple",TRUE,0.00448272808315094,1540,156,29,0.185897435897436,0.0188311688311688,"MIRNA:hsa-mir-587","MIRNA","hsa-mir-587",16638,2204
"567","purple",TRUE,0.00448272808315094,318,156,11,0.0705128205128205,0.0345911949685535,"MIRNA:hsa-mir-519a-3p","MIRNA","hsa-mir-519a-3p",16638,585
"568","purple",TRUE,0.00448272808315094,1462,156,28,0.179487179487179,0.0191518467852257,"MIRNA:hsa-mir-16-5p","MIRNA","hsa-mir-16-5p",16638,335
"569","purple",TRUE,0.00450264937708994,1464,156,28,0.179487179487179,0.0191256830601093,"MIRNA:hsa-mir-4789-5p","MIRNA","hsa-mir-4789-5p",16638,2152
"570","purple",TRUE,0.00466275941981832,680,156,17,0.108974358974359,0.025,"MIRNA:hsa-mir-19b-3p","MIRNA","hsa-mir-19b-3p",16638,2575
"571","purple",TRUE,0.00470820018820583,747,156,18,0.115384615384615,0.0240963855421687,"MIRNA:hsa-mir-4720-3p","MIRNA","hsa-mir-4720-3p",16638,863
"572","purple",TRUE,0.00512039725859252,687,156,17,0.108974358974359,0.024745269286754,"MIRNA:hsa-mir-626","MIRNA","hsa-mir-626",16638,240
"573","purple",TRUE,0.00512039725859252,1478,156,28,0.179487179487179,0.0189445196211096,"MIRNA:hsa-mir-513b","MIRNA","hsa-mir-513b",16638,1685
"574","purple",TRUE,0.00548696562830058,134,156,7,0.0448717948717949,0.0522388059701493,"MIRNA:hsa-mir-302c-5p","MIRNA","hsa-mir-302c-5p",16638,2723
"575","purple",TRUE,0.00601608607121576,180,156,8,0.0512820512820513,0.0444444444444444,"MIRNA:hsa-mir-4524a-5p","MIRNA","hsa-mir-4524a-5p",16638,2032
"576","purple",TRUE,0.0060524375879201,903,156,20,0.128205128205128,0.0221483942414175,"MIRNA:hsa-mir-2116","MIRNA","hsa-mir-2116",16638,401
"577","purple",TRUE,0.00614092233290433,181,156,8,0.0512820512820513,0.0441988950276243,"MIRNA:hsa-mir-4524b-5p","MIRNA","hsa-mir-4524b-5p",16638,627
"578","purple",TRUE,0.00630259326499843,907,156,20,0.128205128205128,0.0220507166482911,"MIRNA:hsa-mir-600","MIRNA","hsa-mir-600",16638,1238
"579","purple",TRUE,0.00701311745870252,709,156,17,0.108974358974359,0.0239774330042313,"MIRNA:hsa-mir-4761-3p","MIRNA","hsa-mir-4761-3p",16638,1004
"580","purple",TRUE,0.00703309534141164,1834,156,32,0.205128205128205,0.0174482006543075,"MIRNA:hsa-mir-302e","MIRNA","hsa-mir-302e",16638,2011
"581","purple",TRUE,0.00703309534141164,1060,156,22,0.141025641025641,0.0207547169811321,"MIRNA:hsa-mir-4452","MIRNA","hsa-mir-4452",16638,2123
"582","purple",TRUE,0.00703309534141164,1833,156,32,0.205128205128205,0.0174577195853792,"MIRNA:hsa-mir-520a-3p","MIRNA","hsa-mir-520a-3p",16638,1179
"583","purple",TRUE,0.00703309534141164,1834,156,32,0.205128205128205,0.0174482006543075,"MIRNA:hsa-mir-520d-3p","MIRNA","hsa-mir-520d-3p",16638,2645
"584","purple",TRUE,0.00704547932777413,1835,156,32,0.205128205128205,0.0174386920980926,"MIRNA:hsa-mir-520e","MIRNA","hsa-mir-520e",16638,864
"585","purple",TRUE,0.00705825228393312,1836,156,32,0.205128205128205,0.0174291938997821,"MIRNA:hsa-mir-520b","MIRNA","hsa-mir-520b",16638,1480
"586","purple",TRUE,0.00720891851899305,1839,156,32,0.205128205128205,0.0174007612833061,"MIRNA:hsa-mir-520c-3p","MIRNA","hsa-mir-520c-3p",16638,2384
"587","purple",TRUE,0.00768514870610108,1219,156,24,0.153846153846154,0.0196882690730107,"MIRNA:hsa-mir-4803","MIRNA","hsa-mir-4803",16638,292
"588","purple",TRUE,0.00792839233239689,1298,156,25,0.16025641025641,0.0192604006163328,"MIRNA:hsa-mir-3607-3p","MIRNA","hsa-mir-3607-3p",16638,838
"589","purple",TRUE,0.00801527370906603,1149,156,23,0.147435897435897,0.0200174064403829,"MIRNA:hsa-mir-4680-3p","MIRNA","hsa-mir-4680-3p",16638,1535
"590","purple",TRUE,0.00817122136263475,724,156,17,0.108974358974359,0.0234806629834254,"MIRNA:hsa-mir-1243","MIRNA","hsa-mir-1243",16638,814
"591","purple",TRUE,0.00840151049949745,1007,156,21,0.134615384615385,0.0208540218470705,"MIRNA:hsa-mir-412","MIRNA","hsa-mir-412",16638,37
"592","purple",TRUE,0.00879625168203754,663,156,16,0.102564102564103,0.024132730015083,"MIRNA:hsa-mir-362-5p","MIRNA","hsa-mir-362-5p",16638,740
"593","purple",TRUE,0.00879625168203754,70,156,5,0.032051282051282,0.0714285714285714,"MIRNA:hsa-mir-6757-3p","MIRNA","hsa-mir-6757-3p",16638,2617
"594","purple",TRUE,0.00891906660095653,732,156,17,0.108974358974359,0.023224043715847,"MIRNA:hsa-mir-222","MIRNA","hsa-mir-222",16638,1116
"595","purple",TRUE,0.00891906660095653,732,156,17,0.108974358974359,0.023224043715847,"MIRNA:hsa-mir-221","MIRNA","hsa-mir-221",16638,1549
"596","purple",TRUE,0.00893238328507678,40,156,4,0.0256410256410256,0.1,"MIRNA:hsa-mir-27a-5p","MIRNA","hsa-mir-27a-5p",16638,2601
"597","purple",TRUE,0.00893655964544506,600,156,15,0.0961538461538462,0.025,"MIRNA:hsa-mir-1278","MIRNA","hsa-mir-1278",16638,2829
"598","purple",TRUE,0.00903686128680484,873,156,19,0.121794871794872,0.0217640320733104,"MIRNA:hsa-mir-433","MIRNA","hsa-mir-433",16638,2244
"599","purple",TRUE,0.00937666157172006,806,156,18,0.115384615384615,0.0223325062034739,"MIRNA:hsa-mir-616","MIRNA","hsa-mir-616",16638,1371
"600","purple",TRUE,0.00941950678275782,877,156,19,0.121794871794872,0.0216647662485747,"MIRNA:hsa-mir-548v","MIRNA","hsa-mir-548v",16638,2455
"601","purple",TRUE,0.00968722600263301,1801,156,31,0.198717948717949,0.0172126596335369,"MIRNA:hsa-mir-23a","MIRNA","hsa-mir-23a",16638,1232
"602","purple",TRUE,0.00968722600263301,1801,156,31,0.198717948717949,0.0172126596335369,"MIRNA:hsa-mir-23b","MIRNA","hsa-mir-23b",16638,1670
"603","purple",TRUE,0.0101273374615083,1330,156,25,0.16025641025641,0.018796992481203,"MIRNA:hsa-mir-4477a","MIRNA","hsa-mir-4477a",16638,1302
"604","purple",TRUE,0.0101273374615083,1408,156,26,0.166666666666667,0.0184659090909091,"MIRNA:hsa-mir-4738-3p","MIRNA","hsa-mir-4738-3p",16638,1585
"605","purple",TRUE,0.0101273374615083,1566,156,28,0.179487179487179,0.0178799489144317,"MIRNA:hsa-mir-466","MIRNA","hsa-mir-466",16638,407
"606","purple",TRUE,0.010390096754125,959,156,20,0.128205128205128,0.0208550573514077,"MIRNA:hsa-mir-548m","MIRNA","hsa-mir-548m",16638,132
"607","purple",TRUE,0.0103934231138564,1977,156,33,0.211538461538462,0.0166919575113809,"MIRNA:hsa-mir-4668-5p","MIRNA","hsa-mir-4668-5p",16638,2709
"608","purple",TRUE,0.0109610316806848,1819,156,31,0.198717948717949,0.017042330951072,"MIRNA:hsa-mir-4729","MIRNA","hsa-mir-4729",16638,1465
"609","purple",TRUE,0.0109610316806848,157,156,7,0.0448717948717949,0.0445859872611465,"MIRNA:hsa-mir-1468","MIRNA","hsa-mir-1468",16638,2996
"610","purple",TRUE,0.0114072263280083,429,156,12,0.0769230769230769,0.027972027972028,"MIRNA:hsa-mir-103a-3p","MIRNA","hsa-mir-103a-3p",16638,3031
"611","purple",TRUE,0.0116395655581134,1584,156,28,0.179487179487179,0.0176767676767677,"MIRNA:hsa-mir-340","MIRNA","hsa-mir-340",16638,452
"612","purple",TRUE,0.0118716007355897,623,156,15,0.0961538461538462,0.0240770465489567,"MIRNA:hsa-mir-500b","MIRNA","hsa-mir-500b",16638,2408
"613","purple",TRUE,0.012131435431015,692,156,16,0.102564102564103,0.023121387283237,"MIRNA:hsa-mir-4662a-3p","MIRNA","hsa-mir-4662a-3p",16638,2149
"614","purple",TRUE,0.012165976417923,1049,156,21,0.134615384615385,0.0200190657769304,"MIRNA:hsa-mir-4762-5p","MIRNA","hsa-mir-4762-5p",16638,2291
"615","purple",TRUE,0.012354581014784,45,156,4,0.0256410256410256,0.0888888888888889,"MIRNA:hsa-mir-6807-3p","MIRNA","hsa-mir-6807-3p",16638,1063
"616","purple",TRUE,0.012568275070652,1280,156,24,0.153846153846154,0.01875,"MIRNA:hsa-mir-3692","MIRNA","hsa-mir-3692",16638,2348
"617","purple",TRUE,0.0126081196007419,1054,156,21,0.134615384615385,0.0199240986717268,"MIRNA:hsa-mir-4528","MIRNA","hsa-mir-4528",16638,1597
"618","purple",TRUE,0.0126081196007419,1841,156,31,0.198717948717949,0.0168386746333514,"MIRNA:hsa-mir-23c","MIRNA","hsa-mir-23c",16638,1151
"619","purple",TRUE,0.0126609597523924,838,156,18,0.115384615384615,0.0214797136038186,"MIRNA:hsa-mir-548ai","MIRNA","hsa-mir-548ai",16638,203
"620","purple",TRUE,0.0126609597523924,767,156,17,0.108974358974359,0.0221642764015645,"MIRNA:hsa-mir-885-5p","MIRNA","hsa-mir-885-5p",16638,3019
"621","purple",TRUE,0.0126609597523924,838,156,18,0.115384615384615,0.0214797136038186,"MIRNA:hsa-mir-548ag","MIRNA","hsa-mir-548ag",16638,1650
"622","purple",TRUE,0.0126609597523924,1598,156,28,0.179487179487179,0.0175219023779725,"MIRNA:hsa-mir-548t","MIRNA","hsa-mir-548t",16638,867
"623","purple",TRUE,0.0126891432576338,1208,156,23,0.147435897435897,0.0190397350993377,"MIRNA:hsa-mir-544","MIRNA","hsa-mir-544",16638,2256
"624","purple",TRUE,0.0129411739228816,1062,156,21,0.134615384615385,0.019774011299435,"MIRNA:hsa-mir-577","MIRNA","hsa-mir-577",16638,1426
"625","purple",TRUE,0.0129411739228816,504,156,13,0.0833333333333333,0.0257936507936508,"MIRNA:hsa-mir-28-3p","MIRNA","hsa-mir-28-3p",16638,11
"626","purple",TRUE,0.0129411739228816,2884,156,43,0.275641025641026,0.0149098474341193,"MIRNA:hsa-mir-590-3p","MIRNA","hsa-mir-590-3p",16638,1965
"627","purple",TRUE,0.0129411739228816,915,156,19,0.121794871794872,0.0207650273224044,"MIRNA:hsa-mir-33a","MIRNA","hsa-mir-33a",16638,1254
"628","purple",TRUE,0.0129411739228816,770,156,17,0.108974358974359,0.0220779220779221,"MIRNA:hsa-mir-582-3p","MIRNA","hsa-mir-582-3p",16638,1901
"629","purple",TRUE,0.0129411739228816,915,156,19,0.121794871794872,0.0207650273224044,"MIRNA:hsa-mir-33b","MIRNA","hsa-mir-33b",16638,362
"630","purple",TRUE,0.0129411739228816,1288,156,24,0.153846153846154,0.0186335403726708,"MIRNA:hsa-mir-4760-3p","MIRNA","hsa-mir-4760-3p",16638,289
"631","purple",TRUE,0.0135605030647995,847,156,18,0.115384615384615,0.0212514757969303,"MIRNA:hsa-mir-4744","MIRNA","hsa-mir-4744",16638,458
"632","purple",TRUE,0.0139351436978053,995,156,20,0.128205128205128,0.0201005025125628,"MIRNA:hsa-mir-1264","MIRNA","hsa-mir-1264",16638,2423
"633","purple",TRUE,0.0143293870395277,576,156,14,0.0897435897435897,0.0243055555555556,"MIRNA:hsa-mir-21-5p","MIRNA","hsa-mir-21-5p",16638,1776
"634","purple",TRUE,0.0146040954526114,1150,156,22,0.141025641025641,0.0191304347826087,"MIRNA:hsa-mir-34b","MIRNA","hsa-mir-34b",16638,2407
"635","purple",TRUE,0.0146833289890453,1076,156,21,0.134615384615385,0.0195167286245353,"MIRNA:hsa-mir-132","MIRNA","hsa-mir-132",16638,2401
"636","purple",TRUE,0.0146833289890453,928,156,19,0.121794871794872,0.0204741379310345,"MIRNA:hsa-mir-4524","MIRNA","hsa-mir-4524",16638,1632
"637","purple",TRUE,0.0146833289890453,1076,156,21,0.134615384615385,0.0195167286245353,"MIRNA:hsa-mir-212","MIRNA","hsa-mir-212",16638,1091
"638","purple",TRUE,0.014902475877267,1231,156,23,0.147435897435897,0.0186839967506093,"MIRNA:hsa-mir-374c","MIRNA","hsa-mir-374c",16638,2459
"639","purple",TRUE,0.014902475877267,1231,156,23,0.147435897435897,0.0186839967506093,"MIRNA:hsa-mir-655","MIRNA","hsa-mir-655",16638,811
"640","purple",TRUE,0.0156094604811698,1083,156,21,0.134615384615385,0.0193905817174515,"MIRNA:hsa-mir-1245b-3p","MIRNA","hsa-mir-1245b-3p",16638,2796
"641","purple",TRUE,0.0156617401450044,85,156,5,0.032051282051282,0.0588235294117647,"MIRNA:hsa-mir-1271-3p","MIRNA","hsa-mir-1271-3p",16638,2541
"642","purple",TRUE,0.0156617401450044,85,156,5,0.032051282051282,0.0588235294117647,"MIRNA:hsa-mir-550a-3-5p","MIRNA","hsa-mir-550a-3-5p",16638,2953
"643","purple",TRUE,0.0165046442212534,867,156,18,0.115384615384615,0.0207612456747405,"MIRNA:hsa-mir-4732-3p","MIRNA","hsa-mir-4732-3p",16638,877
"644","purple",TRUE,0.0169088488152722,1326,156,24,0.153846153846154,0.0180995475113122,"MIRNA:hsa-mir-30d","MIRNA","hsa-mir-30d",16638,1335
"645","purple",TRUE,0.0169088488152722,1326,156,24,0.153846153846154,0.0180995475113122,"MIRNA:hsa-mir-30b","MIRNA","hsa-mir-30b",16638,1643
"646","purple",TRUE,0.0169088488152722,1326,156,24,0.153846153846154,0.0180995475113122,"MIRNA:hsa-mir-30c","MIRNA","hsa-mir-30c",16638,427
"647","purple",TRUE,0.0169088488152722,87,156,5,0.032051282051282,0.0574712643678161,"MIRNA:hsa-mir-550a-5p","MIRNA","hsa-mir-550a-5p",16638,2544
"648","purple",TRUE,0.0169088488152722,1326,156,24,0.153846153846154,0.0180995475113122,"MIRNA:hsa-mir-30e","MIRNA","hsa-mir-30e",16638,667
"649","purple",TRUE,0.0169088488152722,1326,156,24,0.153846153846154,0.0180995475113122,"MIRNA:hsa-mir-30a","MIRNA","hsa-mir-30a",16638,2556
"650","purple",TRUE,0.0178998889595248,284,156,9,0.0576923076923077,0.0316901408450704,"MIRNA:hsa-mir-335-3p","MIRNA","hsa-mir-335-3p",16638,3028
"651","purple",TRUE,0.0187738495253409,808,156,17,0.108974358974359,0.021039603960396,"MIRNA:hsa-mir-199a-3p","MIRNA","hsa-mir-199a-3p",16638,1208
"652","purple",TRUE,0.0190010477040692,1106,156,21,0.134615384615385,0.0189873417721519,"MIRNA:hsa-mir-513c","MIRNA","hsa-mir-513c",16638,3032
"653","purple",TRUE,0.0193303264093931,811,156,17,0.108974358974359,0.0209617755856967,"MIRNA:hsa-mir-526b","MIRNA","hsa-mir-526b",16638,2783
"654","purple",TRUE,0.0196426255104937,813,156,17,0.108974358974359,0.020910209102091,"MIRNA:hsa-mir-4275","MIRNA","hsa-mir-4275",16638,2852
"655","purple",TRUE,0.0196426255104937,603,156,14,0.0897435897435897,0.0232172470978441,"MIRNA:hsa-mir-3606","MIRNA","hsa-mir-3606",16638,718
"656","purple",TRUE,0.0198181487084241,743,156,16,0.102564102564103,0.0215343203230148,"MIRNA:hsa-mir-4760-5p","MIRNA","hsa-mir-4760-5p",16638,680
"657","purple",TRUE,0.0198181487084241,409,156,11,0.0705128205128205,0.0268948655256724,"MIRNA:hsa-mir-4661-5p","MIRNA","hsa-mir-4661-5p",16638,2521
"658","purple",TRUE,0.0200304670060404,674,156,15,0.0961538461538462,0.0222551928783383,"MIRNA:hsa-mir-4804-3p","MIRNA","hsa-mir-4804-3p",16638,2035
"659","purple",TRUE,0.020058485299044,1038,156,20,0.128205128205128,0.0192678227360308,"MIRNA:hsa-mir-3156-3p","MIRNA","hsa-mir-3156-3p",16638,837
"660","purple",TRUE,0.0203450726776135,818,156,17,0.108974358974359,0.0207823960880196,"MIRNA:hsa-mir-1298","MIRNA","hsa-mir-1298",16638,2768
"661","purple",TRUE,0.0203450726776135,676,156,15,0.0961538461538462,0.022189349112426,"MIRNA:hsa-mir-346","MIRNA","hsa-mir-346",16638,2708
"662","purple",TRUE,0.0206795249572453,1513,156,26,0.166666666666667,0.0171844018506279,"MIRNA:hsa-mir-4668-3p","MIRNA","hsa-mir-4668-3p",16638,2703
"663","purple",TRUE,0.0215174076846786,1278,156,23,0.147435897435897,0.0179968701095462,"MIRNA:hsa-mir-576-5p","MIRNA","hsa-mir-576-5p",16638,2445
"664","purple",TRUE,0.0216963755384657,239,156,8,0.0512820512820513,0.0334728033472803,"MIRNA:hsa-mir-548f-5p","MIRNA","hsa-mir-548f-5p",16638,1256
"665","purple",TRUE,0.0218857514644087,900,156,18,0.115384615384615,0.02,"MIRNA:hsa-mir-3913-3p","MIRNA","hsa-mir-3913-3p",16638,1550
"666","purple",TRUE,0.0218857514644087,547,156,13,0.0833333333333333,0.0237659963436929,"MIRNA:hsa-mir-515-3p","MIRNA","hsa-mir-515-3p",16638,1676
"667","purple",TRUE,0.0218857514644087,240,156,8,0.0512820512820513,0.0333333333333333,"MIRNA:hsa-mir-548x-5p","MIRNA","hsa-mir-548x-5p",16638,2234
"668","purple",TRUE,0.0218857514644087,240,156,8,0.0512820512820513,0.0333333333333333,"MIRNA:hsa-mir-548aj-5p","MIRNA","hsa-mir-548aj-5p",16638,684
"669","purple",TRUE,0.0218857514644087,240,156,8,0.0512820512820513,0.0333333333333333,"MIRNA:hsa-mir-548g-5p","MIRNA","hsa-mir-548g-5p",16638,687
"670","purple",TRUE,0.0222110219555531,241,156,8,0.0512820512820513,0.033195020746888,"MIRNA:hsa-mir-503-5p","MIRNA","hsa-mir-503-5p",16638,2079
"671","purple",TRUE,0.0222127242656862,902,156,18,0.115384615384615,0.0199556541019956,"MIRNA:hsa-mir-4464","MIRNA","hsa-mir-4464",16638,2760
"672","purple",TRUE,0.0222709393439863,757,156,16,0.102564102564103,0.0211360634081902,"MIRNA:hsa-mir-4712-3p","MIRNA","hsa-mir-4712-3p",16638,1089
"673","purple",TRUE,0.0222744126890187,903,156,18,0.115384615384615,0.0199335548172757,"MIRNA:hsa-mir-4748","MIRNA","hsa-mir-4748",16638,1641
"674","purple",TRUE,0.0231424897745334,1370,156,24,0.153846153846154,0.0175182481751825,"MIRNA:hsa-mir-142-5p","MIRNA","hsa-mir-142-5p",16638,2442
"675","purple",TRUE,0.023218935896892,1213,156,22,0.141025641025641,0.0181368507831822,"MIRNA:hsa-mir-19a","MIRNA","hsa-mir-19a",16638,771
"676","purple",TRUE,0.023218935896892,1213,156,22,0.141025641025641,0.0181368507831822,"MIRNA:hsa-mir-19b","MIRNA","hsa-mir-19b",16638,1387
"677","purple",TRUE,0.0236970802242172,2296,156,35,0.224358974358974,0.0152439024390244,"MIRNA:hsa-mir-3662","MIRNA","hsa-mir-3662",16638,1626
"678","purple",TRUE,0.0237140361817368,245,156,8,0.0512820512820513,0.0326530612244898,"MIRNA:hsa-mir-548aw","MIRNA","hsa-mir-548aw",16638,932
"679","purple",TRUE,0.0242107211743525,246,156,8,0.0512820512820513,0.032520325203252,"MIRNA:hsa-mir-1468-3p","MIRNA","hsa-mir-1468-3p",16638,2494
"680","purple",TRUE,0.0256997158616418,60,156,4,0.0256410256410256,0.0666666666666667,"MIRNA:hsa-mir-10a-3p","MIRNA","hsa-mir-10a-3p",16638,2943
"681","purple",TRUE,0.0273823975935002,776,156,16,0.102564102564103,0.0206185567010309,"MIRNA:hsa-mir-297","MIRNA","hsa-mir-297",16638,934
"682","purple",TRUE,0.0275925204327382,101,156,5,0.032051282051282,0.0495049504950495,"MIRNA:hsa-mir-4636","MIRNA","hsa-mir-4636",16638,1844
"683","purple",TRUE,0.02790786853645,1315,156,23,0.147435897435897,0.0174904942965779,"MIRNA:hsa-mir-506","MIRNA","hsa-mir-506",16638,2451
"684","purple",TRUE,0.02790786853645,1640,156,27,0.173076923076923,0.0164634146341463,"MIRNA:hsa-mir-186","MIRNA","hsa-mir-186",16638,2908
"685","purple",TRUE,0.02790786853645,1315,156,23,0.147435897435897,0.0174904942965779,"MIRNA:hsa-mir-124","MIRNA","hsa-mir-124",16638,1880
"686","purple",TRUE,0.02790786853645,1641,156,27,0.173076923076923,0.0164533820840951,"MIRNA:hsa-mir-107","MIRNA","hsa-mir-107",16638,2945
"687","purple",TRUE,0.0279148576455642,1396,156,24,0.153846153846154,0.0171919770773639,"MIRNA:hsa-mir-3973","MIRNA","hsa-mir-3973",16638,307
"688","purple",TRUE,0.0279255063254954,1560,156,26,0.166666666666667,0.0166666666666667,"MIRNA:hsa-mir-298","MIRNA","hsa-mir-298",16638,3006
"689","purple",TRUE,0.0279255063254954,30,156,3,0.0192307692307692,0.1,"MIRNA:hsa-mir-6876-3p","MIRNA","hsa-mir-6876-3p",16638,235
"690","purple",TRUE,0.0280760708218522,1811,156,29,0.185897435897436,0.0160132523467697,"MIRNA:hsa-mir-371-5p","MIRNA","hsa-mir-371-5p",16638,1536
"691","purple",TRUE,0.0281837693113436,1812,156,29,0.185897435897436,0.0160044150110375,"MIRNA:hsa-mir-4328","MIRNA","hsa-mir-4328",16638,1470
"692","purple",TRUE,0.0287612258215688,784,156,16,0.102564102564103,0.0204081632653061,"MIRNA:hsa-mir-3129-5p","MIRNA","hsa-mir-3129-5p",16638,1915
"693","purple",TRUE,0.0287612258215688,1008,156,19,0.121794871794872,0.0188492063492063,"MIRNA:hsa-mir-139-5p","MIRNA","hsa-mir-139-5p",16638,596
"694","purple",TRUE,0.0289545037124035,785,156,16,0.102564102564103,0.0203821656050955,"MIRNA:hsa-mir-199b-3p","MIRNA","hsa-mir-199b-3p",16638,723
"695","purple",TRUE,0.0289545037124035,1485,156,25,0.16025641025641,0.0168350168350168,"MIRNA:hsa-mir-4755-5p","MIRNA","hsa-mir-4755-5p",16638,2490
"696","purple",TRUE,0.0295719322573758,1167,156,21,0.134615384615385,0.0179948586118252,"MIRNA:hsa-mir-514b-5p","MIRNA","hsa-mir-514b-5p",16638,447
"697","purple",TRUE,0.0298765286916452,1408,156,24,0.153846153846154,0.0170454545454545,"MIRNA:hsa-mir-3140-3p","MIRNA","hsa-mir-3140-3p",16638,1924
"698","purple",TRUE,0.0317850262015271,943,156,18,0.115384615384615,0.0190880169671262,"MIRNA:hsa-mir-3942-5p","MIRNA","hsa-mir-3942-5p",16638,1936
"699","purple",TRUE,0.0319804994167894,869,156,17,0.108974358974359,0.0195627157652474,"MIRNA:hsa-mir-802","MIRNA","hsa-mir-802",16638,2560
"700","purple",TRUE,0.0319804994167894,722,156,15,0.0961538461538462,0.0207756232686981,"MIRNA:hsa-mir-499-5p","MIRNA","hsa-mir-499-5p",16638,438
"701","purple",TRUE,0.0321042001047375,945,156,18,0.115384615384615,0.019047619047619,"MIRNA:hsa-mir-4703-5p","MIRNA","hsa-mir-4703-5p",16638,747
"702","purple",TRUE,0.0326267309065573,1420,156,24,0.153846153846154,0.0169014084507042,"MIRNA:hsa-mir-582-5p","MIRNA","hsa-mir-582-5p",16638,2806
"703","purple",TRUE,0.0327129380285188,1180,156,21,0.134615384615385,0.0177966101694915,"MIRNA:hsa-mir-4457","MIRNA","hsa-mir-4457",16638,1210
"704","purple",TRUE,0.0339472946040023,728,156,15,0.0961538461538462,0.0206043956043956,"MIRNA:hsa-mir-590-5p","MIRNA","hsa-mir-590-5p",16638,294
"705","purple",TRUE,0.0346829234107185,730,156,15,0.0961538461538462,0.0205479452054795,"MIRNA:hsa-mir-633","MIRNA","hsa-mir-633",16638,2039
"706","purple",TRUE,0.0349850110883531,731,156,15,0.0961538461538462,0.0205198358413133,"MIRNA:hsa-mir-337-3p","MIRNA","hsa-mir-337-3p",16638,135
"707","purple",TRUE,0.0351869615914286,1514,156,25,0.16025641025641,0.0165125495376486,"MIRNA:hsa-mir-509-3-5p","MIRNA","hsa-mir-509-3-5p",16638,419
"708","purple",TRUE,0.0351869615914286,2025,156,31,0.198717948717949,0.0153086419753086,"MIRNA:hsa-mir-497","MIRNA","hsa-mir-497",16638,2108
"709","purple",TRUE,0.0351869615914286,2025,156,31,0.198717948717949,0.0153086419753086,"MIRNA:hsa-mir-15a","MIRNA","hsa-mir-15a",16638,2474
"710","purple",TRUE,0.0351869615914286,1515,156,25,0.16025641025641,0.0165016501650165,"MIRNA:hsa-mir-4418","MIRNA","hsa-mir-4418",16638,3017
"711","purple",TRUE,0.0351869615914286,68,156,4,0.0256410256410256,0.0588235294117647,"MIRNA:hsa-mir-5701","MIRNA","hsa-mir-5701",16638,2373
"712","purple",TRUE,0.0351869615914286,2025,156,31,0.198717948717949,0.0153086419753086,"MIRNA:hsa-mir-195","MIRNA","hsa-mir-195",16638,1584
"713","purple",TRUE,0.0351869615914286,1516,156,25,0.16025641025641,0.016490765171504,"MIRNA:hsa-mir-509-5p","MIRNA","hsa-mir-509-5p",16638,1617
"714","purple",TRUE,0.0351869615914286,808,156,16,0.102564102564103,0.0198019801980198,"MIRNA:hsa-mir-142-3p","MIRNA","hsa-mir-142-3p",16638,1102
"715","purple",TRUE,0.0351869615914286,2025,156,31,0.198717948717949,0.0153086419753086,"MIRNA:hsa-mir-16","MIRNA","hsa-mir-16",16638,2501
"716","purple",TRUE,0.0351869615914286,2025,156,31,0.198717948717949,0.0153086419753086,"MIRNA:hsa-mir-424","MIRNA","hsa-mir-424",16638,2207
"717","purple",TRUE,0.0351869615914286,2025,156,31,0.198717948717949,0.0153086419753086,"MIRNA:hsa-mir-15b","MIRNA","hsa-mir-15b",16638,1325
"718","purple",TRUE,0.0355249006188051,1943,156,30,0.192307692307692,0.0154400411734431,"MIRNA:hsa-mir-579","MIRNA","hsa-mir-579",16638,2239
"719","purple",TRUE,0.0355249006188051,1197,156,21,0.134615384615385,0.0175438596491228,"MIRNA:hsa-mir-1273e","MIRNA","hsa-mir-1273e",16638,2142
"720","purple",TRUE,0.0355249006188051,1275,156,22,0.141025641025641,0.0172549019607843,"MIRNA:hsa-mir-1236","MIRNA","hsa-mir-1236",16638,201
"721","purple",TRUE,0.0355249006188051,887,156,17,0.108974358974359,0.0191657271702368,"MIRNA:hsa-mir-380","MIRNA","hsa-mir-380",16638,214
"722","purple",TRUE,0.0355249006188051,666,156,14,0.0897435897435897,0.021021021021021,"MIRNA:hsa-mir-491-3p","MIRNA","hsa-mir-491-3p",16638,1923
"723","purple",TRUE,0.0355249006188051,111,156,5,0.032051282051282,0.045045045045045,"MIRNA:hsa-mir-376a-3p","MIRNA","hsa-mir-376a-3p",16638,1076
"724","purple",TRUE,0.0355249006188051,69,156,4,0.0256410256410256,0.0579710144927536,"MIRNA:hsa-mir-6889-3p","MIRNA","hsa-mir-6889-3p",16638,2201
"725","purple",TRUE,0.0355249006188051,526,156,12,0.0769230769230769,0.0228136882129278,"MIRNA:hsa-mir-519e","MIRNA","hsa-mir-519e",16638,1317
"726","purple",TRUE,0.0355249006188051,811,156,16,0.102564102564103,0.0197287299630086,"MIRNA:hsa-mir-568","MIRNA","hsa-mir-568",16638,1399
"727","purple",TRUE,0.0362833775664812,1443,156,24,0.153846153846154,0.0166320166320166,"MIRNA:hsa-mir-450b-5p","MIRNA","hsa-mir-450b-5p",16638,659
"728","purple",TRUE,0.0366652726336735,669,156,14,0.0897435897435897,0.0209267563527653,"MIRNA:hsa-mir-606","MIRNA","hsa-mir-606",16638,1970
"729","purple",TRUE,0.0378407106179354,531,156,12,0.0769230769230769,0.0225988700564972,"MIRNA:hsa-mir-550b","MIRNA","hsa-mir-550b",16638,2883
"730","purple",TRUE,0.0378449820268351,274,156,8,0.0512820512820513,0.0291970802919708,"MIRNA:hsa-mir-3713","MIRNA","hsa-mir-3713",16638,917
"731","purple",TRUE,0.0378449820268351,819,156,16,0.102564102564103,0.0195360195360195,"MIRNA:hsa-mir-4728-3p","MIRNA","hsa-mir-4728-3p",16638,1930
"732","purple",TRUE,0.0383570548818931,71,156,4,0.0256410256410256,0.0563380281690141,"MIRNA:hsa-mir-551b","MIRNA","hsa-mir-551b",16638,1795
"733","purple",TRUE,0.0387920704237742,1130,156,20,0.128205128205128,0.0176991150442478,"MIRNA:hsa-mir-4272","MIRNA","hsa-mir-4272",16638,2894
"734","purple",TRUE,0.0387983929707984,1620,156,26,0.166666666666667,0.0160493827160494,"MIRNA:hsa-mir-3609","MIRNA","hsa-mir-3609",16638,611
"735","purple",TRUE,0.0389863106218899,115,156,5,0.032051282051282,0.0434782608695652,"MIRNA:hsa-mir-126-5p","MIRNA","hsa-mir-126-5p",16638,891
"736","purple",TRUE,0.0392698069398886,1054,156,19,0.121794871794872,0.0180265654648956,"MIRNA:hsa-mir-125b","MIRNA","hsa-mir-125b",16638,2274
"737","purple",TRUE,0.0392698069398886,824,156,16,0.102564102564103,0.0194174757281553,"MIRNA:hsa-mir-605","MIRNA","hsa-mir-605",16638,822
"738","purple",TRUE,0.0404747324715471,166,156,6,0.0384615384615385,0.036144578313253,"MIRNA:hsa-mir-5680","MIRNA","hsa-mir-5680",16638,572
"739","purple",TRUE,0.041278671424505,1547,156,25,0.16025641025641,0.0161603102779573,"MIRNA:hsa-mir-4307","MIRNA","hsa-mir-4307",16638,665
"740","purple",TRUE,0.041278671424505,610,156,13,0.0833333333333333,0.0213114754098361,"MIRNA:hsa-mir-592","MIRNA","hsa-mir-592",16638,2273
"741","purple",TRUE,0.041278671424505,117,156,5,0.032051282051282,0.0427350427350427,"MIRNA:hsa-mir-552-5p","MIRNA","hsa-mir-552-5p",16638,1731
"742","purple",TRUE,0.0417951508543188,1141,156,20,0.128205128205128,0.0175284837861525,"MIRNA:hsa-mir-410","MIRNA","hsa-mir-410",16638,1976
"743","purple",TRUE,0.0425926184868305,833,156,16,0.102564102564103,0.0192076830732293,"MIRNA:hsa-mir-503","MIRNA","hsa-mir-503",16638,2263
"744","purple",TRUE,0.0441665111435967,688,156,14,0.0897435897435897,0.0203488372093023,"MIRNA:hsa-mir-1284","MIRNA","hsa-mir-1284",16638,432
"745","purple",TRUE,0.0442229396487883,762,156,15,0.0961538461538462,0.0196850393700787,"MIRNA:hsa-mir-376c","MIRNA","hsa-mir-376c",16638,1400
"746","purple",TRUE,0.0451456493429052,226,156,7,0.0448717948717949,0.0309734513274336,"MIRNA:hsa-mir-1295","MIRNA","hsa-mir-1295",16638,719
"747","purple",TRUE,0.0460239359065262,1732,156,27,0.173076923076923,0.0155889145496536,"MIRNA:hsa-mir-498","MIRNA","hsa-mir-498",16638,2739
"748","purple",TRUE,0.0461713262526329,76,156,4,0.0256410256410256,0.0526315789473684,"MIRNA:hsa-mir-551a","MIRNA","hsa-mir-551a",16638,92
"749","purple",TRUE,0.0485481665012102,1240,156,21,0.134615384615385,0.0169354838709677,"MIRNA:hsa-mir-3678-3p","MIRNA","hsa-mir-3678-3p",16638,1672
"750","purple",TRUE,0.0487998947603844,924,156,17,0.108974358974359,0.0183982683982684,"MIRNA:hsa-mir-3908","MIRNA","hsa-mir-3908",16638,2321
"751","purple",TRUE,0.0496646382298012,926,156,17,0.108974358974359,0.0183585313174946,"MIRNA:hsa-mir-659","MIRNA","hsa-mir-659",16638,211
"752","purple",TRUE,1.42579133781422e-09,276,88,18,0.204545454545455,0.0652173913043478,"REAC:R-HSA-72203","REAC","Processing of Capped Intron-Containing Pre-mRNA",11004,1812
"753","purple",TRUE,1.42579133781422e-09,209,88,16,0.181818181818182,0.076555023923445,"REAC:R-HSA-72172","REAC","mRNA Splicing",11004,2724
"754","purple",TRUE,7.13766957218821e-09,202,88,15,0.170454545454545,0.0742574257425743,"REAC:R-HSA-72163","REAC","mRNA Splicing - Major Pathway",11004,2725
"755","purple",TRUE,5.7899235672817e-05,710,88,20,0.227272727272727,0.028169014084507,"REAC:R-HSA-8953854","REAC","Metabolism of RNA",11004,1432
"756","purple",TRUE,0.00657903490052324,56,88,5,0.0568181818181818,0.0892857142857143,"REAC:R-HSA-72187","REAC","mRNA 3'-end processing",11004,2719
"757","purple",TRUE,0.0112048680915345,65,88,5,0.0568181818181818,0.0769230769230769,"REAC:R-HSA-73856","REAC","RNA Polymerase II Transcription Termination",11004,1911
"758","purple",TRUE,0.0145804652121146,71,88,5,0.0568181818181818,0.0704225352112676,"REAC:R-HSA-159236","REAC","Transport of Mature mRNA derived from an Intron-Containing Transcript",11004,2604
"759","purple",TRUE,0.0162487277984643,1451,88,24,0.272727272727273,0.0165403170227429,"REAC:R-HSA-597592","REAC","Post-translational protein modification",11004,1792
"760","purple",TRUE,0.0197921508981739,80,88,5,0.0568181818181818,0.0625,"REAC:R-HSA-72202","REAC","Transport of Mature Transcript to Cytoplasm",11004,2602
"761","purple",TRUE,0.023121762555317,48,88,4,0.0454545454545455,0.0833333333333333,"REAC:R-HSA-72165","REAC","mRNA Splicing - Minor Pathway",11004,2726
"762","purple",TRUE,6.09596617555003e-08,7191,163,101,0.619631901840491,0.0140453344458351,"TF:M02065_1","TF","Factor: ER81; motif: RCCGGAARYN; match class: 1",20092,2005
"763","purple",TRUE,8.63711330387907e-08,1604,163,41,0.251533742331288,0.0255610972568579,"TF:M08020","TF","Factor: YY2; motif: NNCCGCCATTW",20092,9288
"764","purple",TRUE,1.18141706562509e-06,4599,163,73,0.447852760736196,0.0158730158730159,"TF:M00793","TF","Factor: YY1; motif: GCCATNTTN",20092,9278
"765","purple",TRUE,1.80638007640488e-06,15301,163,153,0.938650306748466,0.00999934644794458,"TF:M10438_1","TF","Factor: ZF5; motif: GGSGCGCGS; match class: 1",20092,9479
"766","purple",TRUE,1.80638007640488e-06,16106,163,157,0.96319018404908,0.00974792002980256,"TF:M12599_1","TF","Factor: E2F4; motif: YCCCGCCNCNNSSNNSNN; match class: 1",20092,1555
"767","purple",TRUE,1.80638007640488e-06,16348,163,158,0.969325153374233,0.00966479080009787,"TF:M11018_1","TF","Factor: IRX-1; motif: NACRYNNNNNNNNRYGNN; match class: 1",20092,4529
"768","purple",TRUE,4.21314344722727e-06,6313,163,87,0.533742331288344,0.0137810866466022,"TF:M02044","TF","Factor: YY1; motif: GCCGCCATTTTG",20092,9254
"769","purple",TRUE,4.21314344722727e-06,14532,163,148,0.907975460122699,0.0101844205890449,"TF:M00716_1","TF","Factor: ZF5; motif: GSGCGCGR; match class: 1",20092,9475
"770","purple",TRUE,4.69658345080301e-06,16523,163,158,0.969325153374233,0.00956242813048478,"TF:M00716","TF","Factor: ZF5; motif: GSGCGCGR",20092,9474
"771","purple",TRUE,4.69658345080301e-06,6133,163,85,0.521472392638037,0.0138594488830915,"TF:M10104","TF","Factor: YY1; motif: CAARATGGCGGC",20092,9266
"772","purple",TRUE,5.82330494324448e-06,10277,163,119,0.730061349693252,0.0115792546462976,"TF:M00025","TF","Factor: Elk-1; motif: NNNNCCGGAARTNN",20092,1884
"773","purple",TRUE,6.39328058960739e-06,5436,163,78,0.478527607361963,0.0143487858719647,"TF:M08220_1","TF","Factor: Elk-1:HOXA3; motif: ACCGGWAATKRNNTNWCNNATTAN; match class: 1",20092,1859
"774","purple",TRUE,7.17444437472786e-06,4536,163,69,0.423312883435583,0.0152116402116402,"TF:M00025_1","TF","Factor: Elk-1; motif: NNNNCCGGAARTNN; match class: 1",20092,1885
"775","purple",TRUE,7.17444437472786e-06,13676,163,142,0.871165644171779,0.0103831529687043,"TF:M11531","TF","Factor: E2F-2; motif: GCGCGCGCGYW",20092,1510
"776","purple",TRUE,7.67232941512251e-06,2408,163,46,0.282208588957055,0.0191029900332226,"TF:M09966","TF","Factor: Kaiso; motif: SARNYCTCGCGAGAN",20092,9372
"777","purple",TRUE,7.83979222962282e-06,16651,163,158,0.969325153374233,0.00948891958440934,"TF:M10438","TF","Factor: ZF5; motif: GGSGCGCGS",20092,9478
"778","purple",TRUE,7.83979222962282e-06,1685,163,37,0.226993865030675,0.0219584569732938,"TF:M08982_1","TF","Factor: YY1; motif: NAANATGGCGNNN; match class: 1",20092,9265
"779","purple",TRUE,8.14378280132125e-06,1930,163,40,0.245398773006135,0.0207253886010363,"TF:M10119","TF","Factor: REX-1; motif: GGCMGCCATTTT",20092,7382
"780","purple",TRUE,8.25095891885642e-06,2349,163,45,0.276073619631902,0.0191570881226054,"TF:M10436_1","TF","Factor: YY1; motif: CAANATGGCGGC; match class: 1",20092,9269
"781","purple",TRUE,8.25095891885642e-06,4590,163,69,0.423312883435583,0.0150326797385621,"TF:M02071_1","TF","Factor: ETV7; motif: NCCGGAANNN; match class: 1",20092,2391
"782","purple",TRUE,8.47520363243678e-06,1258,163,31,0.190184049079755,0.0246422893481717,"TF:M02044_1","TF","Factor: YY1; motif: GCCGCCATTTTG; match class: 1",20092,9255
"783","purple",TRUE,9.40172041572548e-06,7928,163,99,0.607361963190184,0.0124873864783047,"TF:M04696","TF","Factor: YY1; motif: GCCGCCATNTTGNNNNNGGNCN",20092,9258
"784","purple",TRUE,9.40172041572548e-06,8531,163,104,0.638036809815951,0.0121908334310163,"TF:M08913","TF","Factor: FLI-1; motif: NAYTTCCGGT",20092,2528
"785","purple",TRUE,1.07267857135372e-05,6451,163,86,0.52760736196319,0.0133312664703147,"TF:M09606","TF","Factor: nerf; motif: NRRNSCGGAAGNRNNNN",20092,1776
"786","purple",TRUE,1.69019036425012e-05,8381,163,102,0.625766871165644,0.0121703853955375,"TF:M10436","TF","Factor: YY1; motif: CAANATGGCGGC",20092,9268
"787","purple",TRUE,1.81457244288636e-05,3063,163,52,0.319018404907975,0.0169768201110023,"TF:M09632","TF","Factor: Kaiso; motif: GNTCTCGCGAGRNNNNGGN",20092,9370
"788","purple",TRUE,1.81457244288636e-05,5880,163,80,0.49079754601227,0.0136054421768707,"TF:M07370","TF","Factor: YY1; motif: NNNNAARATGGNNNN",20092,9276
"789","purple",TRUE,1.81457244288636e-05,8902,163,106,0.650306748466258,0.0119074365311166,"TF:M11392","TF","Factor: Erg; motif: NACCGGAARYN",20092,2086
"790","purple",TRUE,1.81457244288636e-05,15421,163,151,0.926380368098159,0.00979184229297711,"TF:M08526_1","TF","Factor: E2F-3:HES-7; motif: NNNSGCGCSNNNNNCRCGYGNN; match class: 1",20092,1521
"791","purple",TRUE,1.83048781316825e-05,6104,163,82,0.503067484662577,0.0134338138925295,"TF:M07234","TF","Factor: YY1; motif: CAARATGGCNGC",20092,9262
"792","purple",TRUE,1.9690238562266e-05,14924,163,148,0.907975460122699,0.00991691235593675,"TF:M11529_1","TF","Factor: E2F-2; motif: GCGCGCGCNCS; match class: 1",20092,1507
"793","purple",TRUE,2.10335228271924e-05,8450,163,102,0.625766871165644,0.0120710059171598,"TF:M11434","TF","Factor: Elk-1; motif: NRSCGGAAGNN",20092,1902
"794","purple",TRUE,2.10335228271924e-05,10751,163,120,0.736196319018405,0.011161752395126,"TF:M00695","TF","Factor: ETF; motif: GVGGMGG",20092,2220
"795","purple",TRUE,2.12682105952816e-05,16645,163,157,0.96319018404908,0.00943226194052268,"TF:M09894","TF","Factor: E2F-4; motif: SNGGGCGGGAANN",20092,1550
"796","purple",TRUE,2.13505933245943e-05,4759,163,69,0.423312883435583,0.01449884429502,"TF:M03925","TF","Factor: YY2; motif: NCCGCCATNTY",20092,9286
"797","purple",TRUE,2.15158562339478e-05,4157,163,63,0.386503067484663,0.015155159971133,"TF:M02052_1","TF","Factor: EHF; motif: CSCGGAARTN; match class: 1",20092,1717
"798","purple",TRUE,2.20598555635628e-05,10113,163,115,0.705521472392638,0.0113715020270938,"TF:M00738","TF","Factor: E2F-4:DP-1; motif: TTTSGCGC",20092,1538
"799","purple",TRUE,2.28899851897726e-05,11055,163,122,0.748466257668712,0.0110357304387155,"TF:M07250","TF","Factor: E2F-1; motif: NNNSSCGCSAANN",20092,1490
"800","purple",TRUE,2.63169571334619e-05,4796,163,69,0.423312883435583,0.0143869891576314,"TF:M03977_1","TF","Factor: ETS1; motif: ACCGGAARYN; match class: 1",20092,2225
"801","purple",TRUE,2.92287743592164e-05,4606,163,67,0.411042944785276,0.0145462440295267,"TF:M10849_1","TF","Factor: Cdx-2; motif: NRTCGTAANNNN; match class: 1",20092,701
"802","purple",TRUE,2.95555127756808e-05,6433,163,84,0.515337423312883,0.0130576713819369,"TF:M11452","TF","Factor: Elf-1; motif: NANGCGGAAGTR",20092,1760
"803","purple",TRUE,2.95555127756808e-05,7237,163,91,0.558282208588957,0.0125742711068122,"TF:M08982","TF","Factor: YY1; motif: NAANATGGCGNNN",20092,9264
"804","purple",TRUE,2.95555127756808e-05,1606,163,34,0.208588957055215,0.0211706102117061,"TF:M12275_1","TF","Factor: YY1; motif: NGCCGCCATYTTGN; match class: 1",20092,9273
"805","purple",TRUE,2.95555127756808e-05,16718,163,157,0.96319018404908,0.0093910754874985,"TF:M11529","TF","Factor: E2F-2; motif: GCGCGCGCNCS",20092,1506
"806","purple",TRUE,2.95555127756808e-05,2173,163,41,0.251533742331288,0.0188679245283019,"TF:M07052","TF","Factor: NRF-1; motif: GCGCMTGCGCN",20092,6224
"807","purple",TRUE,4.18752776564855e-05,10771,163,119,0.730061349693252,0.0110481849410454,"TF:M04691_1","TF","Factor: Kaiso; motif: TCTCGCGAG; match class: 1",20092,9367
"808","purple",TRUE,5.5703196562573e-05,7102,163,89,0.54601226993865,0.0125316812165587,"TF:M12275","TF","Factor: YY1; motif: NGCCGCCATYTTGN",20092,9272
"809","purple",TRUE,5.5703196562573e-05,1981,163,38,0.233128834355828,0.0191822311963655,"TF:M04696_1","TF","Factor: YY1; motif: GCCGCCATNTTGNNNNNGGNCN; match class: 1",20092,9259
"810","purple",TRUE,5.5703196562573e-05,4707,163,67,0.411042944785276,0.0142341193966433,"TF:M02074","TF","Factor: GABPalpha; motif: RCCGGAWRYN",20092,2974
"811","purple",TRUE,5.5703196562573e-05,4301,163,63,0.386503067484663,0.0146477563357359,"TF:M11400_1","TF","Factor: Fli-1; motif: NACCGGAARTN; match class: 1",20092,2539
"812","purple",TRUE,5.96583591595103e-05,4927,163,69,0.423312883435583,0.0140044651918003,"TF:M08390_1","TF","Factor: A-Myb:Elf-1; motif: NMCCGGAACCGTTA; match class: 1",20092,5497
"813","purple",TRUE,6.13223031085177e-05,13100,163,135,0.828220858895706,0.0103053435114504,"TF:M02065","TF","Factor: ER81; motif: RCCGGAARYN",20092,2004
"814","purple",TRUE,6.41714913830122e-05,2169,163,40,0.245398773006135,0.0184416781927155,"TF:M11451_1","TF","Factor: Elf-1; motif: NANCCGGAAGTN; match class: 1",20092,1759
"815","purple",TRUE,7.20914952754114e-05,6252,163,81,0.496932515337423,0.0129558541266795,"TF:M10578","TF","Factor: Barhl-1; motif: NTAAACGN",20092,412
"816","purple",TRUE,9.77463051059603e-05,6075,163,79,0.484662576687117,0.0130041152263374,"TF:M02067","TF","Factor: ER71; motif: ACCGGAARYN",20092,1996
"817","purple",TRUE,0.000100208318748616,8516,163,100,0.613496932515337,0.0117426021606388,"TF:M03988","TF","Factor: FLI1; motif: ACCGGAARTN",20092,2522
"818","purple",TRUE,0.00010603120330077,5981,163,78,0.478527607361963,0.0130412974418993,"TF:M08223_1","TF","Factor: Elk-1:OC-2; motif: RCCGGAASCGATCGATNN; match class: 1",20092,1865
"819","purple",TRUE,0.000108888168425351,6208,163,80,0.49079754601227,0.0128865979381443,"TF:M11419","TF","Factor: ER81; motif: NNCCGGAWGYN",20092,2012
"820","purple",TRUE,0.000117766107072171,17373,163,159,0.975460122699387,0.00915213261958211,"TF:M11018","TF","Factor: IRX-1; motif: NACRYNNNNNNNNRYGNN",20092,4528
"821","purple",TRUE,0.0001253173939719,17616,163,160,0.98159509202454,0.00908265213442325,"TF:M12599","TF","Factor: E2F4; motif: YCCCGCCNCNNSSNNSNN",20092,1554
"822","purple",TRUE,0.000129621046408487,1114,163,26,0.159509202453988,0.0233393177737881,"TF:M01035_1","TF","Factor: YY1; motif: NYNKCCATNTT; match class: 1",20092,9281
"823","purple",TRUE,0.000138287483293466,4540,163,64,0.392638036809816,0.0140969162995595,"TF:M12557","TF","Factor: ETV5; motif: NNACTTCCGNN",20092,2380
"824","purple",TRUE,0.000138287483293466,1741,163,34,0.208588957055215,0.0195290063182079,"TF:M11452_1","TF","Factor: Elf-1; motif: NANGCGGAAGTR; match class: 1",20092,1761
"825","purple",TRUE,0.000138825794782107,1270,163,28,0.171779141104294,0.0220472440944882,"TF:M12273_1","TF","Factor: YY1; motif: GGCSGCCATTTTGN; match class: 1",20092,9271
"826","purple",TRUE,0.000155338037055781,5507,163,73,0.447852760736196,0.0132558561830398,"TF:M09901","TF","Factor: nerf; motif: NNNCCGGAAGTGN",20092,5658
"827","purple",TRUE,0.000157624690895456,15000,163,146,0.895705521472393,0.00973333333333333,"TF:M11530","TF","Factor: E2F-2; motif: NWTTTGGCGCCAWWNN",20092,1508
"828","purple",TRUE,0.000163795302377011,6175,163,79,0.484662576687117,0.0127935222672065,"TF:M02053","TF","Factor: ELF1; motif: NCCGGAARTN",20092,1842
"829","purple",TRUE,0.000167418826257021,14371,163,142,0.871165644171779,0.00988101036810243,"TF:M09894_1","TF","Factor: E2F-4; motif: SNGGGCGGGAANN; match class: 1",20092,1551
"830","purple",TRUE,0.000167418826257021,12719,163,131,0.803680981595092,0.0102995518515607,"TF:M11531_1","TF","Factor: E2F-2; motif: GCGCGCGCGYW; match class: 1",20092,1511
"831","purple",TRUE,0.000168648897885246,15697,163,150,0.920245398773006,0.00955596610817354,"TF:M08525_1","TF","Factor: E2F-1:HES-7; motif: GGCRCGTGSYNNWNGGCGCSM; match class: 1",20092,1471
"832","purple",TRUE,0.000174752480542159,7800,163,93,0.570552147239264,0.0119230769230769,"TF:M11448","TF","Factor: Elf-1; motif: NANGCGGAAGTN",20092,1752
"833","purple",TRUE,0.000174752480542159,2640,163,44,0.269938650306748,0.0166666666666667,"TF:M02061","TF","Factor: ERF; motif: ACCGGAARYN",20092,2066
"834","purple",TRUE,0.000176679933761659,5867,163,76,0.466257668711656,0.0129538094426453,"TF:M13119","TF","Factor: ZBTB11; motif: RCTTCCGGNNSNNNN",20092,9328
"835","purple",TRUE,0.000183324843492052,9658,163,108,0.662576687116564,0.0111824394284531,"TF:M02059","TF","Factor: ELK-1; motif: ACCGGAAGTN",20092,1890
"836","purple",TRUE,0.000183324843492052,2382,163,41,0.251533742331288,0.0172124265323258,"TF:M03981","TF","Factor: ETV3; motif: ACCGGAAGTN",20092,2332
"837","purple",TRUE,0.000183324843492052,1615,163,32,0.196319018404908,0.0198142414860681,"TF:M03966_1","TF","Factor: ELF1; motif: AACCCGGAAGTR; match class: 1",20092,1735
"838","purple",TRUE,0.000183324843492052,138,163,9,0.0552147239263804,0.0652173913043478,"TF:M12277","TF","Factor: YY2; motif: NKCSGCCATTTTGN",20092,9290
"839","purple",TRUE,0.000183324843492052,1148,163,26,0.159509202453988,0.0226480836236934,"TF:M10104_1","TF","Factor: YY1; motif: CAARATGGCGGC; match class: 1",20092,9267
"840","purple",TRUE,0.000183577544508222,7237,163,88,0.539877300613497,0.0121597346966975,"TF:M02066","TF","Factor: PEA3; motif: RCCGGAAGYN",20092,6690
"841","purple",TRUE,0.000189894685086106,3123,163,49,0.300613496932515,0.015690041626641,"TF:M02054","TF","Factor: ELF2; motif: CCCGGAARYN",20092,1772
"842","purple",TRUE,0.000205621398841408,2397,163,41,0.251533742331288,0.017104714226116,"TF:M11421","TF","Factor: ER81; motif: NACCGGAAGTN",20092,2016
"843","purple",TRUE,0.000217560626944174,10336,163,113,0.693251533742331,0.0109326625386997,"TF:M03924","TF","Factor: YY1; motif: NNCGCCATTNN",20092,9256
"844","purple",TRUE,0.000218281302248205,14444,163,142,0.871165644171779,0.00983107172528385,"TF:M04710","TF","Factor: CHD2; motif: TCTCGCGAG",20092,856
"845","purple",TRUE,0.000218281302248205,5809,163,75,0.460122699386503,0.0129110001721467,"TF:M12601","TF","Factor: ELF4; motif: NCCACTTCCGGNNNN",20092,1824
"846","purple",TRUE,0.000218281302248205,2056,163,37,0.226993865030675,0.0179961089494163,"TF:M11442","TF","Factor: Net; motif: NACCGGAAGTN",20092,1918
"847","purple",TRUE,0.000235398700794217,1325,163,28,0.171779141104294,0.0211320754716981,"TF:M11406","TF","Factor: Pet-1; motif: NACCGGAAGTN",20092,2466
"848","purple",TRUE,0.000258480843421218,7421,163,89,0.54601226993865,0.0119929928581054,"TF:M08874","TF","Factor: E2F1; motif: NNNNNGCGSSAAAN",20092,1492
"849","purple",TRUE,0.000267904348222359,11579,163,122,0.748466257668712,0.0105363157440193,"TF:M04869","TF","Factor: Egr-1; motif: GCGCATGCG",20092,1650
"850","purple",TRUE,0.000272067467014194,8504,163,98,0.601226993865031,0.0115239887111947,"TF:M09905","TF","Factor: SAP-1; motif: NNCCGGAAGTGN",20092,1932
"851","purple",TRUE,0.000281203948441917,1342,163,28,0.171779141104294,0.0208643815201192,"TF:M03987","TF","Factor: FEV; motif: ACCGGAAGTN",20092,2464
"852","purple",TRUE,0.000281203948441917,11058,163,118,0.723926380368098,0.0106710074154458,"TF:M13031","TF","Factor: ETV4; motif: ACCGGAAGTN",20092,2346
"853","purple",TRUE,0.000281203948441917,8883,163,101,0.619631901840491,0.0113700326466284,"TF:M12600","TF","Factor: ELF1; motif: NNNASCCGGAAGTGGNNNN",20092,1764
"854","purple",TRUE,0.000281203948441917,4992,163,67,0.411042944785276,0.0134214743589744,"TF:M02070_1","TF","Factor: TEL1; motif: CNCGGAANNN; match class: 1",20092,8775
"855","purple",TRUE,0.000292919461209576,5976,163,76,0.466257668711656,0.0127175368139224,"TF:M01035","TF","Factor: YY1; motif: NYNKCCATNTT",20092,9280
"856","purple",TRUE,0.000295490041403469,3286,163,50,0.306748466257669,0.0152160681679854,"TF:M04698","TF","Factor: GABP-alpha; motif: CACTTCCGG",20092,2978
"857","purple",TRUE,0.000314622724463831,4807,163,65,0.398773006134969,0.0135219471603911,"TF:M09607","TF","Factor: SAP-1; motif: ACCGGAAGTNN",20092,1930
"858","purple",TRUE,0.000314622724463831,15499,163,148,0.907975460122699,0.00954900316149429,"TF:M04691","TF","Factor: Kaiso; motif: TCTCGCGAG",20092,9366
"859","purple",TRUE,0.000314622724463831,15500,163,148,0.907975460122699,0.00954838709677419,"TF:M00333","TF","Factor: ZF5; motif: NRNGNGCGCGCWN",20092,9486
"860","purple",TRUE,0.000329505080525118,10568,163,114,0.699386503067485,0.0107872823618471,"TF:M04869_1","TF","Factor: Egr-1; motif: GCGCATGCG; match class: 1",20092,1651
"861","purple",TRUE,0.000332745846278755,14860,163,144,0.883435582822086,0.00969044414535666,"TF:M08205","TF","Factor: E2F-1:Elk-1; motif: SGCGCSNNAMCGGAAGT",20092,1464
"862","purple",TRUE,0.000332745846278755,3307,163,50,0.306748466257669,0.0151194436044754,"TF:M11392_1","TF","Factor: Erg; motif: NACCGGAARYN; match class: 1",20092,2087
"863","purple",TRUE,0.000332745846278755,5460,163,71,0.43558282208589,0.013003663003663,"TF:M02056","TF","Factor: ELF4; motif: NCCGGAARTN",20092,1812
"864","purple",TRUE,0.000356261225450393,10199,163,111,0.680981595092024,0.0108834199431317,"TF:M11400","TF","Factor: Fli-1; motif: NACCGGAARTN",20092,2538
"865","purple",TRUE,0.000363361011125227,2659,163,43,0.263803680981595,0.0161714930424972,"TF:M11447_1","TF","Factor: Elf-1; motif: NAMCCGGAAGTN; match class: 1",20092,1751
"866","purple",TRUE,0.000366944715276283,2388,163,40,0.245398773006135,0.016750418760469,"TF:M11448_1","TF","Factor: Elf-1; motif: NANGCGGAAGTN; match class: 1",20092,1753
"867","purple",TRUE,0.000373431763942916,3326,163,50,0.306748466257669,0.0150330727600722,"TF:M09641","TF","Factor: NRF-1; motif: SYGCGCMTGCGCRNNGSN",20092,6220
"868","purple",TRUE,0.000373431763942916,8957,163,101,0.619631901840491,0.0112760969074467,"TF:M11404","TF","Factor: Fli-1; motif: NACCGGAARTN",20092,2544
"869","purple",TRUE,0.000373431763942916,15883,163,150,0.920245398773006,0.00944405968645722,"TF:M08207_1","TF","Factor: E2F-3:TBR2; motif: ANGTGYKANGGCGCSTTNNCRNNT; match class: 1",20092,1515
"870","purple",TRUE,0.000373431763942916,3230,163,49,0.300613496932515,0.0151702786377709,"TF:M03983","TF","Factor: ETV5; motif: NCCGGAWGYN",20092,2378
"871","purple",TRUE,0.000399933443512507,8364,163,96,0.588957055214724,0.0114777618364419,"TF:M09904","TF","Factor: Elk-1; motif: RCCGGAAGTGN",20092,1896
"872","purple",TRUE,0.000399933443512507,299,163,12,0.0736196319018405,0.040133779264214,"TF:M12238_1","TF","Factor: DREF; motif: MTRTCGCGAYAK; match class: 1",20092,1411
"873","purple",TRUE,0.000399933443512507,5072,163,67,0.411042944785276,0.0132097791798107,"TF:M11396_1","TF","Factor: Erg; motif: NACCGGAARTN; match class: 1",20092,2095
"874","purple",TRUE,0.000399933443512507,652,163,18,0.110429447852761,0.0276073619631902,"TF:M00793_1","TF","Factor: YY1; motif: GCCATNTTN; match class: 1",20092,9279
"875","purple",TRUE,0.000399933443512507,13827,163,137,0.840490797546012,0.00990815071960657,"TF:M11530_1","TF","Factor: E2F-2; motif: NWTTTGGCGCCAWWNN; match class: 1",20092,1509
"876","purple",TRUE,0.000403084357397917,8369,163,96,0.588957055214724,0.0114709045286175,"TF:M11424","TF","Factor: Erm; motif: NNSCGGAWGYN",20092,2110
"877","purple",TRUE,0.000404794908852874,1465,163,29,0.177914110429448,0.0197952218430034,"TF:M11436","TF","Factor: SAP-1; motif: NRNCGGAWRYN",20092,1934
"878","purple",TRUE,0.000410588115256563,3941,163,56,0.343558282208589,0.0142095914742451,"TF:M08423","TF","Factor: TEF-3:ER81; motif: ACCGGAAATRCC",20092,8688
"879","purple",TRUE,0.000418578811586082,6286,163,78,0.478527607361963,0.0124085268851416,"TF:M12273","TF","Factor: YY1; motif: GGCSGCCATTTTGN",20092,9270
"880","purple",TRUE,0.000421139231571922,11037,163,117,0.717791411042945,0.0106007067137809,"TF:M11396","TF","Factor: Erg; motif: NACCGGAARTN",20092,2094
"881","purple",TRUE,0.000432449408056869,10388,163,112,0.687116564417178,0.0107816711590297,"TF:M02071","TF","Factor: ETV7; motif: NCCGGAANNN",20092,2390
"882","purple",TRUE,0.000433717836053473,1236,163,26,0.159509202453988,0.0210355987055016,"TF:M03972","TF","Factor: ELK3; motif: ACCGGAAGTN",20092,1910
"883","purple",TRUE,0.000436984303839609,6410,163,79,0.484662576687117,0.0123244929797192,"TF:M08875","TF","Factor: E2F; motif: NNTTTCGCGCN",20092,1602
"884","purple",TRUE,0.000519974022367855,7589,163,89,0.54601226993865,0.0117275003294242,"TF:M11425","TF","Factor: PEA3; motif: NACCGGAAGTN",20092,6694
"885","purple",TRUE,0.000543499107099415,5889,163,74,0.45398773006135,0.0125658006452708,"TF:M11435_1","TF","Factor: Elk-1; motif: NNCCGGAAGTN; match class: 1",20092,1905
"886","purple",TRUE,0.000550784162364795,2446,163,40,0.245398773006135,0.0163532297628782,"TF:M02072","TF","Factor: Pet-1; motif: ACCGGAWRTN",20092,6722
"887","purple",TRUE,0.000563671150767086,7729,163,90,0.552147239263804,0.0116444559451417,"TF:M02055","TF","Factor: ESE-1; motif: NSMGGAARTN",20092,2130
"888","purple",TRUE,0.000563671150767086,7729,163,90,0.552147239263804,0.0116444559451417,"TF:M01214","TF","Factor: ESE-1; motif: NSMGGAARTN",20092,2134
"889","purple",TRUE,0.000563671150767086,17263,163,157,0.96319018404908,0.00909459537739674,"TF:M08526","TF","Factor: E2F-3:HES-7; motif: NNNSGCGCSNNNNNCRCGYGNN",20092,1520
"890","purple",TRUE,0.000563671150767086,4612,163,62,0.380368098159509,0.0134431916738942,"TF:M10628","TF","Factor: NKX3A; motif: NTCGTTAN",20092,6018
"891","purple",TRUE,0.000563671150767086,1180,163,25,0.153374233128834,0.0211864406779661,"TF:M07234_1","TF","Factor: YY1; motif: CAARATGGCNGC; match class: 1",20092,9263
"892","purple",TRUE,0.000580107821398046,14521,163,141,0.865030674846626,0.00971007506370085,"TF:M09636_1","TF","Factor: MAZ; motif: GGGMGGGGSSGGGGGGGGGGGG; match class: 1",20092,5147
"893","purple",TRUE,0.000582100902346607,5255,163,68,0.417177914110429,0.0129400570884872,"TF:M01660_1","TF","Factor: GABP-alpha; motif: CTTCCK; match class: 1",20092,2993
"894","purple",TRUE,0.000588082650632703,4517,163,61,0.374233128834356,0.0135045384104494,"TF:M04287","TF","Factor: BARHL2; motif: NNTAAAYGNN",20092,418
"895","purple",TRUE,0.000603837640138192,3607,163,52,0.319018404907975,0.0144164125311894,"TF:M04517_1","TF","Factor: E2F2; motif: AAAATGGCGCCATTTT; match class: 1",20092,1503
"896","purple",TRUE,0.000607302950387623,8831,163,99,0.607361963190184,0.0112105084361907,"TF:M01393","TF","Factor: Msx-2; motif: NNNGACYAATTAGYNNT",20092,5460
"897","purple",TRUE,0.00065202674320118,14702,163,142,0.871165644171779,0.00965854985716229,"TF:M08266","TF","Factor: ER71:Pax-5; motif: ACCGGAACYACGCWTSANTG",20092,2306
"898","purple",TRUE,0.000674876500701455,11953,163,123,0.754601226993865,0.0102903036894503,"TF:M08295","TF","Factor: FOXO1A:Elf-1; motif: NAGAAAACCGAANM",20092,2808
"899","purple",TRUE,0.000686512097111196,8010,163,92,0.56441717791411,0.0114856429463171,"TF:M04714","TF","Factor: Elf-1; motif: ACTTCCGGG",20092,1736
"900","purple",TRUE,0.000688701770536268,10757,163,114,0.699386503067485,0.0105977503021288,"TF:M08205_1","TF","Factor: E2F-1:Elk-1; motif: SGCGCSNNAMCGGAAGT; match class: 1",20092,1465
"901","purple",TRUE,0.000688701770536268,2759,163,43,0.263803680981595,0.0155853570134107,"TF:M08917","TF","Factor: GABP-ALPHA; motif: RCCGGAARTNN",20092,2982
"902","purple",TRUE,0.000829145399251168,3554,163,51,0.312883435582822,0.0143500281373101,"TF:M02068","TF","Factor: etv3; motif: ACCGGAAGYN",20092,2330
"903","purple",TRUE,0.000982031992051223,1307,163,26,0.159509202453988,0.0198928844682479,"TF:M01298","TF","Factor: MECP2; motif: CCGGSNNNANNAWWT",20092,5166
"904","purple",TRUE,0.00104301453696576,10321,163,110,0.674846625766871,0.0106578819881794,"TF:M02052","TF","Factor: EHF; motif: CSCGGAARTN",20092,1716
"905","purple",TRUE,0.00104301453696576,3787,163,53,0.325153374233129,0.0139952468972802,"TF:M01752_1","TF","Factor: ERG; motif: ACCGGAART; match class: 1",20092,2071
"906","purple",TRUE,0.00104301453696576,4297,163,58,0.355828220858896,0.0134977891552246,"TF:M11005_1","TF","Factor: LHX4; motif: NNCRTTAN; match class: 1",20092,4857
"907","purple",TRUE,0.00104888281527425,11370,163,118,0.723926380368098,0.0103781882145998,"TF:M01660","TF","Factor: GABP-alpha; motif: CTTCCK",20092,2992
"908","purple",TRUE,0.00111033464161789,2537,163,40,0.245398773006135,0.0157666535277887,"TF:M11225_1","TF","Factor: CREM; motif: NNTGACGTCANN; match class: 1",20092,1109
"909","purple",TRUE,0.00114907588107703,3014,163,45,0.276073619631902,0.0149303251493033,"TF:M11434_1","TF","Factor: Elk-1; motif: NRSCGGAAGNN; match class: 1",20092,1903
"910","purple",TRUE,0.00118415530509621,8479,163,95,0.582822085889571,0.011204151432952,"TF:M00069","TF","Factor: YY1; motif: NNNCGGCCATCTTGNCTSNW",20092,9252
"911","purple",TRUE,0.00120395004057588,6720,163,80,0.49079754601227,0.0119047619047619,"TF:M00114","TF","Factor: Tax/CREB; motif: GGGGGTTGACGYANA",20092,8416
"912","purple",TRUE,0.00124046711513292,13485,163,133,0.815950920245399,0.00986281053021876,"TF:M11533","TF","Factor: E2F-1; motif: NTTTTGGCGCCAWWWN",20092,1480
"913","purple",TRUE,0.00125113334106382,1094,163,23,0.141104294478528,0.0210237659963437,"TF:M07370_1","TF","Factor: YY1; motif: NNNNAARATGGNNNN; match class: 1",20092,9277
"914","purple",TRUE,0.00125576083428895,3419,163,49,0.300613496932515,0.0143316759286341,"TF:M10956_1","TF","Factor: isx; motif: NTCRTTAA; match class: 1",20092,4575
"915","purple",TRUE,0.00134630194445361,2846,163,43,0.263803680981595,0.0151089248067463,"TF:M11437","TF","Factor: SAP-1; motif: NRCCGGAWGYN",20092,1936
"916","purple",TRUE,0.00134630194445361,2197,163,36,0.220858895705521,0.0163859808830223,"TF:M01876","TF","Factor: GABP-beta; motif: ASMGGAAGKGN",20092,2998
"917","purple",TRUE,0.0013576078572147,15644,163,147,0.901840490797546,0.00939657376630018,"TF:M04826_1","TF","Factor: p300; motif: ACNTCCG; match class: 1",20092,1995
"918","purple",TRUE,0.00140240031525031,7919,163,90,0.552147239263804,0.0113650713473923,"TF:M11447","TF","Factor: Elf-1; motif: NAMCCGGAAGTN",20092,1750
"919","purple",TRUE,0.00144178856833361,3342,163,48,0.294478527607362,0.0143626570915619,"TF:M11415","TF","Factor: GABP-alpha; motif: NRCCGGAAGTN",20092,2988
"920","purple",TRUE,0.00147816983274733,3846,163,53,0.325153374233129,0.0137805512220489,"TF:M02059_1","TF","Factor: ELK-1; motif: ACCGGAAGTN; match class: 1",20092,1891
"921","purple",TRUE,0.00149091893164885,13385,163,132,0.809815950920245,0.00986178558087411,"TF:M07380","TF","Factor: E2F-4; motif: NTTTCSCGCC",20092,1556
"922","purple",TRUE,0.00150263664898896,10026,163,107,0.656441717791411,0.0106722521444245,"TF:M11381_1","TF","Factor: ESE-1; motif: SATKGCGGATGCN; match class: 1",20092,1801
"923","purple",TRUE,0.00150263664898896,4786,163,62,0.380368098159509,0.0129544504805683,"TF:M11422","TF","Factor: Erm; motif: NRCMGGAAGTN",20092,2106
"924","purple",TRUE,0.00150263664898896,3057,163,45,0.276073619631902,0.014720314033366,"TF:M09905_1","TF","Factor: SAP-1; motif: NNCCGGAAGTGN; match class: 1",20092,1933
"925","purple",TRUE,0.00151431564396312,2772,163,42,0.257668711656442,0.0151515151515152,"TF:M11225","TF","Factor: CREM; motif: NNTGACGTCANN",20092,1108
"926","purple",TRUE,0.00152430451571756,1037,163,22,0.134969325153374,0.0212150433944069,"TF:M03979","TF","Factor: ETV1; motif: ACCGGAAGTN",20092,2252
"927","purple",TRUE,0.00152430451571756,5987,163,73,0.447852760736196,0.012193085017538,"TF:M02073","TF","Factor: Fli-1; motif: ACCGGAAGYN",20092,2520
"928","purple",TRUE,0.00153169703755256,6552,163,78,0.478527607361963,0.0119047619047619,"TF:M00040_1","TF","Factor: ATF-2; motif: TTACGTAA; match class: 1",20092,1083
"929","purple",TRUE,0.00153169703755256,356,163,12,0.0736196319018405,0.0337078651685393,"TF:M12238","TF","Factor: DREF; motif: MTRTCGCGAYAK",20092,1410
"930","purple",TRUE,0.00156513432185549,4904,163,63,0.386503067484663,0.0128466557911909,"TF:M03970","TF","Factor: ELK1; motif: ACCGGAAGTN",20092,1892
"931","purple",TRUE,0.00157855038168137,3966,163,54,0.331288343558282,0.0136157337367625,"TF:M11402","TF","Factor: Fli-1; motif: NACCGGAARTN",20092,2542
"932","purple",TRUE,0.00157997455114856,11343,163,117,0.717791411042945,0.0103147315524993,"TF:M08390","TF","Factor: A-Myb:Elf-1; motif: NMCCGGAACCGTTA",20092,5496
"933","purple",TRUE,0.00175312954886517,13002,163,129,0.791411042944785,0.00992155053068759,"TF:M08223","TF","Factor: Elk-1:OC-2; motif: RCCGGAASCGATCGATNN",20092,1864
"934","purple",TRUE,0.00186978015746084,12049,163,122,0.748466257668712,0.0101253216034526,"TF:M08206","TF","Factor: E2F-3:Prrxl1; motif: SGCGCTAATTNN",20092,1512
"935","purple",TRUE,0.00186978015746084,15879,163,148,0.907975460122699,0.00932048617671138,"TF:M11882","TF","Factor: pax-6; motif: NYACGCNYSANYGMNCN",20092,6596
"936","purple",TRUE,0.00195005243568031,10217,163,108,0.662576687116564,0.0105706175981208,"TF:M03975","TF","Factor: ERG; motif: ACCGGAARTN",20092,2074
"937","purple",TRUE,0.00196519601945759,2159,163,35,0.214723926380368,0.016211208893006,"TF:M11413","TF","Factor: ER71; motif: NACCGGAARTN",20092,2328
"938","purple",TRUE,0.00200138872520544,5164,163,65,0.398773006134969,0.0125871417505809,"TF:M08377_1","TF","Factor: meis1:Elf-1; motif: NTGCCGGAAGTN; match class: 1",20092,5249
"939","purple",TRUE,0.00203490730595749,2627,163,40,0.245398773006135,0.0152264940997335,"TF:M11439","TF","Factor: Net; motif: NRCCGGAAGTN",20092,1912
"940","purple",TRUE,0.00203490730595749,11136,163,115,0.705521472392638,0.010326867816092,"TF:M11430","TF","Factor: PEA3; motif: NACCGGAAGTN",20092,6702
"941","purple",TRUE,0.00206258538634653,5941,163,72,0.441717791411043,0.0121191718565898,"TF:M09605","TF","Factor: Elf-1; motif: NAANCMGGAAGTGN",20092,1742
"942","purple",TRUE,0.00206258538634653,558,163,15,0.0920245398773006,0.0268817204301075,"TF:M07140","TF","Factor: Kaiso; motif: NTCTCGCGAGANYTN",20092,9368
"943","purple",TRUE,0.00206258538634653,7076,163,82,0.503067484662577,0.0115884680610514,"TF:M11451","TF","Factor: Elf-1; motif: NANCCGGAAGTN",20092,1758
"944","purple",TRUE,0.00225098502269303,2088,163,34,0.208588957055215,0.0162835249042146,"TF:M02102","TF","Factor: NRF-1; motif: YGCGCMTGCGC",20092,6228
"945","purple",TRUE,0.00225098502269303,5736,163,70,0.429447852760736,0.0122036262203626,"TF:M11450","TF","Factor: Elf-1; motif: NANSCGGAAGTR",20092,1756
"946","purple",TRUE,0.00225098502269303,7795,163,88,0.539877300613497,0.0112892880051315,"TF:M08222","TF","Factor: Elk-1:HOXB13; motif: ACCGGAAGTNGTAAAN",20092,1862
"947","purple",TRUE,0.00228390222478212,1396,163,26,0.159509202453988,0.0186246418338109,"TF:M00652","TF","Factor: NRF-1; motif: CGCATGCGCR",20092,6226
"948","purple",TRUE,0.00228603179584336,12374,163,124,0.760736196319018,0.0100210117989332,"TF:M08220","TF","Factor: Elk-1:HOXA3; motif: ACCGGWAATKRNNTNWCNNATTAN",20092,1858
"949","purple",TRUE,0.00231363537301641,4981,163,63,0.386503067484663,0.0126480626380245,"TF:M04744_1","TF","Factor: ATF-3; motif: GGCGCSSNSNGRTSACGTSA; match class: 1",20092,303
"950","purple",TRUE,0.00235664042505845,7340,163,84,0.515337423312883,0.0114441416893733,"TF:M11428","TF","Factor: PEA3; motif: NACCGGAAGTN",20092,6698
"951","purple",TRUE,0.00235664042505845,7928,163,89,0.54601226993865,0.011226034308779,"TF:M10591","TF","Factor: BSX; motif: NNCGTTAN",20092,626
"952","purple",TRUE,0.00240311076356378,17527,163,157,0.96319018404908,0.00895760826153934,"TF:M08525","TF","Factor: E2F-1:HES-7; motif: GGCRCGTGSYNNWNGGCGCSM",20092,1470
"953","purple",TRUE,0.00240311076356378,10790,163,112,0.687116564417178,0.0103799814643188,"TF:M03977","TF","Factor: ETS1; motif: ACCGGAARYN",20092,2224
"954","purple",TRUE,0.00241471933785799,13943,163,135,0.828220858895706,0.00968227784551388,"TF:M09892","TF","Factor: E2F-1; motif: NNNNGGCGGGAARN",20092,1478
"955","purple",TRUE,0.00250449447813986,2014,163,33,0.202453987730061,0.0163853028798411,"TF:M01167","TF","Factor: SAP-1a; motif: NACCGGAAGTV",20092,7644
"956","purple",TRUE,0.00266528104902918,859,163,19,0.116564417177914,0.0221187427240978,"TF:M02058","TF","Factor: SAP1A; motif: NCCGGAARYN",20092,7646
"957","purple",TRUE,0.00266528104902918,3551,163,49,0.300613496932515,0.0137989298789073,"TF:M00074","TF","Factor: c-Ets-1(p54); motif: NNACMGGAWRTNN",20092,834
"958","purple",TRUE,0.00266528104902918,445,163,13,0.0797546012269939,0.0292134831460674,"TF:M12310","TF","Factor: ZNF597; motif: NGCCGCCATTTTGN",20092,11068
"959","purple",TRUE,0.00266528104902918,1933,163,32,0.196319018404908,0.016554578375582,"TF:M10584","TF","Factor: Barhl2; motif: NTAAACGN",20092,432
"960","purple",TRUE,0.00272353712872888,9674,163,103,0.631901840490798,0.0106470953070085,"TF:M01752","TF","Factor: ERG; motif: ACCGGAART",20092,2070
"961","purple",TRUE,0.00281703629680031,1337,163,25,0.153374233128834,0.018698578908003,"TF:M11450_1","TF","Factor: Elf-1; motif: NANSCGGAAGTR; match class: 1",20092,1757
"962","purple",TRUE,0.00282785783613495,4281,163,56,0.343558282208589,0.0130810558280776,"TF:M03958_1","TF","Factor: E2F2; motif: AAAAATGGCGCCAAAAWG; match class: 1",20092,1499
"963","purple",TRUE,0.00293858244103744,3269,163,46,0.282208588957055,0.0140715815234017,"TF:M12600_1","TF","Factor: ELF1; motif: NNNASCCGGAAGTGGNNNN; match class: 1",20092,1765
"964","purple",TRUE,0.0031646744377803,454,163,13,0.0797546012269939,0.0286343612334802,"TF:M11440","TF","Factor: Net; motif: NRCCGGAAGTN",20092,1914
"965","purple",TRUE,0.00327732742532891,2990,163,43,0.263803680981595,0.01438127090301,"TF:M11414","TF","Factor: GABP-alpha; motif: NACCGGAAGTN",20092,2986
"966","purple",TRUE,0.00327732742532891,10864,163,112,0.687116564417178,0.0103092783505155,"TF:M11427","TF","Factor: PEA3; motif: NACCGGAAGTN",20092,6696
"967","purple",TRUE,0.00335300814451902,5382,163,66,0.404907975460123,0.012263099219621,"TF:M01163","TF","Factor: Elk-1; motif: AACCGGAAGTR",20092,1886
"968","purple",TRUE,0.00335300814451902,13729,163,133,0.815950920245399,0.00968752276203656,"TF:M04515","TF","Factor: E2F-1; motif: WWTGGCGCCAAA",20092,1472
"969","purple",TRUE,0.00336313805689059,4104,163,54,0.331288343558282,0.0131578947368421,"TF:M03975_1","TF","Factor: ERG; motif: ACCGGAARTN; match class: 1",20092,2075
"970","purple",TRUE,0.00344658442772822,3295,163,46,0.282208588957055,0.0139605462822458,"TF:M11420","TF","Factor: ER81; motif: NACCGGAAGTN",20092,2014
"971","purple",TRUE,0.00378814500062104,4543,163,58,0.355828220858896,0.0127668941228263,"TF:M09935","TF","Factor: GABP-alpha; motif: NNNRCCGGAAGTGN",20092,2984
"972","purple",TRUE,0.00386077658049961,13617,163,132,0.809815950920245,0.00969376514650804,"TF:M00327","TF","Factor: Pax-3; motif: NNNNNNCGTCACGSTYNNNNN",20092,6540
"973","purple",TRUE,0.00402606058483153,2445,163,37,0.226993865030675,0.0151329243353783,"TF:M02063_1","TF","Factor: c-ets-1; motif: ACCGGAWGTN; match class: 1",20092,839
"974","purple",TRUE,0.00402606058483153,4239,163,55,0.337423312883436,0.0129747581976881,"TF:M11382_1","TF","Factor: ESE-1; motif: NWTRCGGAWGCN; match class: 1",20092,1803
"975","purple",TRUE,0.0041131589726295,7000,163,80,0.49079754601227,0.0114285714285714,"TF:M03982","TF","Factor: ETV4; motif: ACCGGAAGTN",20092,2342
"976","purple",TRUE,0.0041131589726295,3026,163,43,0.263803680981595,0.0142101784534038,"TF:M00737_1","TF","Factor: E2F-1:DP-2; motif: TTTSSCGC; match class: 1",20092,1463
"977","purple",TRUE,0.00414804453290259,10279,163,107,0.656441717791411,0.0104095729156533,"TF:M09896","TF","Factor: E2F-7; motif: GRGGCGGGAANNN",20092,1570
"978","purple",TRUE,0.00453607146979894,1219,163,23,0.141104294478528,0.0188679245283019,"TF:M10885_1","TF","Factor: PRX-2; motif: NKCGTTAN; match class: 1",20092,7201
"979","purple",TRUE,0.00454647096200528,3239,163,45,0.276073619631902,0.0138931769064526,"TF:M11404_1","TF","Factor: Fli-1; motif: NACCGGAARTN; match class: 1",20092,2545
"980","purple",TRUE,0.00457592432082481,7024,163,80,0.49079754601227,0.0113895216400911,"TF:M00327_1","TF","Factor: Pax-3; motif: NNNNNNCGTCACGSTYNNNNN; match class: 1",20092,6541
"981","purple",TRUE,0.00457592432082481,17454,163,156,0.957055214723926,0.0089377793056033,"TF:M08207","TF","Factor: E2F-3:TBR2; motif: ANGTGYKANGGCGCSTTNNCRNNT",20092,1514
"982","purple",TRUE,0.00458771469339104,6001,163,71,0.43558282208589,0.01183136143976,"TF:M10999","TF","Factor: LIM-1; motif: NNCGTTAN",20092,4828
"983","purple",TRUE,0.00458967539203176,97,163,6,0.0368098159509202,0.0618556701030928,"TF:M08020_1","TF","Factor: YY2; motif: NNCCGCCATTW; match class: 1",20092,9289
"984","purple",TRUE,0.00459260840925759,5012,163,62,0.380368098159509,0.0123703112529928,"TF:M13031_1","TF","Factor: ETV4; motif: ACCGGAAGTN; match class: 1",20092,2347
"985","purple",TRUE,0.00471739202422355,10827,163,111,0.680981595092024,0.0102521474092546,"TF:M11005","TF","Factor: LHX4; motif: NNCRTTAN",20092,4856
"986","purple",TRUE,0.00471739202422355,10570,163,109,0.668711656441718,0.0103122043519395,"TF:M11382","TF","Factor: ESE-1; motif: NWTRCGGAWGCN",20092,1802
"987","purple",TRUE,0.00471739202422355,5018,163,62,0.380368098159509,0.0123555201275409,"TF:M11430_1","TF","Factor: PEA3; motif: NACCGGAAGTN; match class: 1",20092,6703
"988","purple",TRUE,0.00475593656804812,7740,163,86,0.52760736196319,0.0111111111111111,"TF:M01078","TF","Factor: c-Ets-1; motif: NNNRCCGGAWRYNNNN",20092,836
"989","purple",TRUE,0.00499440394372973,8710,163,94,0.576687116564417,0.0107921928817451,"TF:M10880","TF","Factor: Alx-4; motif: NNCRTTAN",20092,64
"990","purple",TRUE,0.00506911228843268,11763,163,118,0.723926380368098,0.0100314545609113,"TF:M11882_1","TF","Factor: pax-6; motif: NYACGCNYSANYGMNCN; match class: 1",20092,6597
"991","purple",TRUE,0.00508925469738952,2201,163,34,0.208588957055215,0.0154475238527942,"TF:M11975","TF","Factor: RFX7; motif: SGTTGCTRN",20092,7470
"992","purple",TRUE,0.00511438419998349,4713,163,59,0.361963190184049,0.012518565669425,"TF:M11427_1","TF","Factor: PEA3; motif: NACCGGAAGTN; match class: 1",20092,6697
"993","purple",TRUE,0.00524490198436087,1931,163,31,0.190184049079755,0.016053858104609,"TF:M01861_1","TF","Factor: ATF-1; motif: TNACGTCAN; match class: 1",20092,283
"994","purple",TRUE,0.00524490198436087,6715,163,77,0.47239263803681,0.0114668652271035,"TF:M11008","TF","Factor: LHX4; motif: NTCRTTAN",20092,4862
"995","purple",TRUE,0.00524647051498568,11775,163,118,0.723926380368098,0.0100212314225053,"TF:M04710_1","TF","Factor: CHD2; motif: TCTCGCGAG; match class: 1",20092,857
"996","purple",TRUE,0.00524647051498568,7063,163,80,0.49079754601227,0.0113266317428855,"TF:M02069","TF","Factor: Erm; motif: ACCGGAAGTN",20092,2102
"997","purple",TRUE,0.00529085297384467,64,163,5,0.0306748466257669,0.078125,"TF:M02162_1","TF","Factor: HNF1A; motif: GGTTAATNATTAMC; match class: 1",20092,3631
"998","purple",TRUE,0.00539951777878512,7655,163,85,0.521472392638037,0.0111038536903984,"TF:M01241","TF","Factor: BEN; motif: CWGCGAYA",20092,514
"999","purple",TRUE,0.00547824362709424,5380,163,65,0.398773006134969,0.0120817843866171,"TF:M03990","TF","Factor: GABPA; motif: ACCGGAAGTN",20092,2976
"1000","purple",TRUE,0.00551357538267183,14434,163,137,0.840490797546012,0.0094914784536511,"TF:M12597","TF","Factor: E2F1; motif: GSGCGGGAAN",20092,1482
"1001","purple",TRUE,0.0056694210513227,1500,163,26,0.159509202453988,0.0173333333333333,"TF:M04059","TF","Factor: NRF-1; motif: YGCGCATGCGCN",20092,6216
"1002","purple",TRUE,0.00570370456491755,2694,163,39,0.239263803680982,0.0144766146993318,"TF:M10887_1","TF","Factor: PRX-2; motif: NNCRTTAN; match class: 1",20092,7205
"1003","purple",TRUE,0.00575181779771093,13581,163,131,0.803680981595092,0.00964582873131581,"TF:M02089","TF","Factor: E2F-3; motif: GGCGGGN",20092,1536
"1004","purple",TRUE,0.00575716419077118,6512,163,75,0.460122699386503,0.011517199017199,"TF:M09868","TF","Factor: ATF-3; motif: GGTSACGTGAN",20092,304
"1005","purple",TRUE,0.00585604892446075,702,163,16,0.098159509202454,0.0227920227920228,"TF:M09632_1","TF","Factor: Kaiso; motif: GNTCTCGCGAGRNNNNGGN; match class: 1",20092,9371
"1006","purple",TRUE,0.00598421962889026,4218,163,54,0.331288343558282,0.0128022759601707,"TF:M10877","TF","Factor: alx3; motif: NNCRTTAN",20092,50
"1007","purple",TRUE,0.00608618174131372,9628,163,101,0.619631901840491,0.0104902368093062,"TF:M10956","TF","Factor: isx; motif: NTCRTTAA",20092,4574
"1008","purple",TRUE,0.00609215264828723,9754,163,102,0.625766871165644,0.0104572483083863,"TF:M11022","TF","Factor: IRX2a; motif: ACRYGNNNNACRYGT",20092,4538
"1009","purple",TRUE,0.00610240768661665,2419,163,36,0.220858895705521,0.0148821827201323,"TF:M08760","TF","Factor: ETV7; motif: NNSCGGAAGTR",20092,2392
"1010","purple",TRUE,0.00629693955682625,3710,163,49,0.300613496932515,0.0132075471698113,"TF:M11570","TF","Factor: HNF-3alpha; motif: CNYTAAGTAAACAAAN",20092,2606
"1011","purple",TRUE,0.00629693955682625,6994,163,79,0.484662576687117,0.0112953960537604,"TF:M00040","TF","Factor: ATF-2; motif: TTACGTAA",20092,1082
"1012","purple",TRUE,0.00659103248919073,2718,163,39,0.239263803680982,0.0143487858719647,"TF:M12554","TF","Factor: YY2; motif: NNATGGCGGCN",20092,9292
"1013","purple",TRUE,0.00670878171370586,787,163,17,0.104294478527607,0.0216010165184244,"TF:M11407","TF","Factor: Pet-1; motif: NACCGGAAGTN",20092,2468
"1014","purple",TRUE,0.00676090304079946,2918,163,41,0.251533742331288,0.0140507196710075,"TF:M01258","TF","Factor: GABP; motif: CACTTCCGGNNN",20092,3002
"1015","purple",TRUE,0.00676090304079946,1698,163,28,0.171779141104294,0.016489988221437,"TF:M01894_1","TF","Factor: YY1; motif: CCATNTT; match class: 1",20092,9283
"1016","purple",TRUE,0.00695214124855856,255,163,9,0.0552147239263804,0.0352941176470588,"TF:M12554_1","TF","Factor: YY2; motif: NNATGGCGGCN; match class: 1",20092,9293
"1017","purple",TRUE,0.00718898791983741,2732,163,39,0.239263803680982,0.0142752562225476,"TF:M04714_1","TF","Factor: Elf-1; motif: ACTTCCGGG; match class: 1",20092,1737
"1018","purple",TRUE,0.00752477714567806,9932,163,103,0.631901840490798,0.0103705195328232,"TF:M08313_1","TF","Factor: GCMa:PEA3; motif: ATRCGGGCGGAAGTR; match class: 1",20092,3163
"1019","purple",TRUE,0.00760774377825668,12006,163,119,0.730061349693252,0.00991171081126104,"TF:M11435","TF","Factor: Elk-1; motif: NNCCGGAAGTN",20092,1904
"1020","purple",TRUE,0.00760774377825668,5343,163,64,0.392638036809816,0.0119782893505521,"TF:M11316","TF","Factor: C/EBPbeta; motif: NRTTGCGYAAYN",20092,760
"1021","purple",TRUE,0.00786577555537601,2746,163,39,0.239263803680982,0.0142024763292061,"TF:M10880_1","TF","Factor: Alx-4; motif: NNCRTTAN; match class: 1",20092,65
"1022","purple",TRUE,0.00787787664721754,14232,163,135,0.828220858895706,0.00948566610455312,"TF:M12591","TF","Factor: CREB1; motif: NNNNSSGGCGCSSNNNNRTGACGTCAC",20092,1008
"1023","purple",TRUE,0.00787787664721754,1628,163,27,0.165644171779141,0.0165847665847666,"TF:M11419_1","TF","Factor: ER81; motif: NNCCGGAWGYN; match class: 1",20092,2013
"1024","purple",TRUE,0.00787787664721754,15728,163,145,0.889570552147239,0.00921922685656155,"TF:M08313","TF","Factor: GCMa:PEA3; motif: ATRCGGGCGGAAGTR",20092,3162
"1025","purple",TRUE,0.00796254183559391,2946,163,41,0.251533742331288,0.0139171758316361,"TF:M11223","TF","Factor: CREB1; motif: NRTGACGTCANN",20092,1004
"1026","purple",TRUE,0.00824410583332803,1288,163,23,0.141104294478528,0.0178571428571429,"TF:M10999_1","TF","Factor: LIM-1; motif: NNCGTTAN; match class: 1",20092,4829
"1027","purple",TRUE,0.00854632621475282,11116,163,112,0.687116564417178,0.0100755667506297,"TF:M02070","TF","Factor: TEL1; motif: CNCGGAANNN",20092,8774
"1028","purple",TRUE,0.00860658907702796,8249,163,89,0.54601226993865,0.0107891865680689,"TF:M02062","TF","Factor: Erg; motif: ACCGGAAGTN",20092,2072
"1029","purple",TRUE,0.00861282593238346,8978,163,95,0.582822085889571,0.0105814212519492,"TF:M00737","TF","Factor: E2F-1:DP-2; motif: TTTSSCGC",20092,1462
"1030","purple",TRUE,0.00861282593238346,10604,163,108,0.662576687116564,0.010184835910977,"TF:M04748_1","TF","Factor: GABP-alpha; motif: AACCGGAAR; match class: 1",20092,2981
"1031","purple",TRUE,0.00881091577573601,5821,163,68,0.417177914110429,0.0116818416079711,"TF:M10885","TF","Factor: PRX-2; motif: NKCGTTAN",20092,7200
"1032","purple",TRUE,0.00881635267092822,7780,163,85,0.521472392638037,0.0109254498714653,"TF:M02063","TF","Factor: c-ets-1; motif: ACCGGAWGTN",20092,838
"1033","purple",TRUE,0.00894265534092437,13137,163,127,0.779141104294479,0.00966735175458628,"TF:M04823","TF","Factor: E2F-4; motif: NNTTCCCGCCNN",20092,1546
"1034","purple",TRUE,0.00901961626751753,2771,163,39,0.239263803680982,0.0140743413929989,"TF:M02062_1","TF","Factor: Erg; motif: ACCGGAAGTN; match class: 1",20092,2073
"1035","purple",TRUE,0.00917804746386684,2388,163,35,0.214723926380368,0.0146566164154104,"TF:M11425_1","TF","Factor: PEA3; motif: NACCGGAAGTN; match class: 1",20092,6695
"1036","purple",TRUE,0.00917804746386684,1561,163,26,0.159509202453988,0.0166559897501602,"TF:M00178_1","TF","Factor: CREB; motif: NSTGACGTMANN; match class: 1",20092,1097
"1037","purple",TRUE,0.00917804746386684,1052,163,20,0.122699386503067,0.0190114068441065,"TF:M04059_1","TF","Factor: NRF-1; motif: YGCGCATGCGCN; match class: 1",20092,6217
"1038","purple",TRUE,0.00924962783832901,11797,163,117,0.717791411042945,0.00991777570568789,"TF:M11877","TF","Factor: pax-2; motif: NCGTCACGCNYSRNYGCNYN",20092,6516
"1039","purple",TRUE,0.00925177193008139,8756,163,93,0.570552147239264,0.0106212882594792,"TF:M10887","TF","Factor: PRX-2; motif: NNCRTTAN",20092,7204
"1040","purple",TRUE,0.00931916579617224,3788,163,49,0.300613496932515,0.012935586061246,"TF:M03924_1","TF","Factor: YY1; motif: NNCGCCATTNN; match class: 1",20092,9257
"1041","purple",TRUE,0.00931916579617224,6176,163,71,0.43558282208589,0.0114961139896373,"TF:M10625","TF","Factor: Nkx3-2; motif: NTCGTTAN",20092,6032
"1042","purple",TRUE,0.00932514945373887,667,163,15,0.0920245398773006,0.0224887556221889,"TF:M02102_1","TF","Factor: NRF-1; motif: YGCGCMTGCGC; match class: 1",20092,6229
"1043","purple",TRUE,0.00948196485882083,14141,163,134,0.822085889570552,0.00947599179690262,"TF:M04106","TF","Factor: RUNX2; motif: NRACCGCAAACCGCAN",20092,7560
"1044","purple",TRUE,0.00948863932288963,8042,163,87,0.533742331288344,0.0108182044267595,"TF:M00940","TF","Factor: E2F-1; motif: NTTTCGCGCS",20092,1496
"1045","purple",TRUE,0.00954206946473839,16908,163,152,0.932515337423313,0.00898982730068607,"TF:M01240","TF","Factor: BEN; motif: CAGCGRNV",20092,512
"1046","purple",TRUE,0.00968898525759489,459,163,12,0.0736196319018405,0.0261437908496732,"TF:M09966_1","TF","Factor: Kaiso; motif: SARNYCTCGCGAGAN; match class: 1",20092,9373
"1047","purple",TRUE,0.00969591370873129,13582,163,130,0.797546012269939,0.00957149168016492,"TF:M00803","TF","Factor: E2F; motif: GGCGSG",20092,1590
"1048","purple",TRUE,0.0101502223513416,983,163,19,0.116564417177914,0.0193285859613428,"TF:M03974","TF","Factor: ERF; motif: ACCGGAAGTR",20092,2068
"1049","purple",TRUE,0.0101502223513416,2502,163,36,0.220858895705521,0.0143884892086331,"TF:M01078_1","TF","Factor: c-Ets-1; motif: NNNRCCGGAWRYNNNN; match class: 1",20092,837
"1050","purple",TRUE,0.0105867544869576,10665,163,108,0.662576687116564,0.010126582278481,"TF:M08298","TF","Factor: FOXO1A:Elk-1; motif: RCCGGAWGTTNTN",20092,2814
"1051","purple",TRUE,0.0106393425950058,6322,163,72,0.441717791411043,0.0113888010123379,"TF:M12969","TF","Factor: PAX2; motif: NCANTSRAGCGTGACGR",20092,6518
"1052","purple",TRUE,0.0108195481545004,3003,163,41,0.251533742331288,0.0136530136530137,"TF:M03988_1","TF","Factor: FLI1; motif: ACCGGAARTN; match class: 1",20092,2523
"1053","purple",TRUE,0.0110453194423359,12381,163,121,0.742331288343558,0.0097730393344641,"TF:M08457","TF","Factor: ER71:SREBP-2; motif: NTSACGTGACGGAARY",20092,2316
"1054","purple",TRUE,0.0110453194423359,12249,163,120,0.736196319018405,0.00979671809943669,"TF:M00426","TF","Factor: E2F; motif: TTTSGCGS",20092,1596
"1055","purple",TRUE,0.0110453194423359,15206,163,141,0.865030674846626,0.00927265553071156,"TF:M11601","TF","Factor: TCF-1; motif: ACATCGRGRCGCTGW",20092,8628
"1056","purple",TRUE,0.0110453194423359,6447,163,73,0.447852760736196,0.0113230960136498,"TF:M01820","TF","Factor: CREM; motif: TGACGTCASYN",20092,1114
"1057","purple",TRUE,0.0110453194423359,1587,163,26,0.159509202453988,0.0163831127914304,"TF:M04694","TF","Factor: NRF-1; motif: CNCTGCGCATGCGC",20092,6218
"1058","purple",TRUE,0.0111669228655084,2911,163,40,0.245398773006135,0.0137409824802473,"TF:M11424_1","TF","Factor: Erm; motif: NNSCGGAWGYN; match class: 1",20092,2111
"1059","purple",TRUE,0.0111848885474414,2233,163,33,0.202453987730061,0.0147783251231527,"TF:M01214_1","TF","Factor: ESE-1; motif: NSMGGAARTN; match class: 1",20092,2135
"1060","purple",TRUE,0.0111848885474414,2233,163,33,0.202453987730061,0.0147783251231527,"TF:M02055_1","TF","Factor: ESE-1; motif: NSMGGAARTN; match class: 1",20092,2131
"1061","purple",TRUE,0.0112550321017145,7030,163,78,0.478527607361963,0.0110953058321479,"TF:M01219","TF","Factor: SP1:SP3; motif: CCSCCCCCYCC",20092,8036
"1062","purple",TRUE,0.0112550321017145,5332,163,63,0.386503067484663,0.0118154538634659,"TF:M10948_1","TF","Factor: rax; motif: NNCRTTAN; match class: 1",20092,7307
"1063","purple",TRUE,0.0112550321017145,4678,163,57,0.349693251533742,0.0121846943138093,"TF:M02064_1","TF","Factor: c-ets-2; motif: ACCGGAWRTN; match class: 1",20092,843
"1064","purple",TRUE,0.0112908962505463,1863,163,29,0.177914110429448,0.0155662909286098,"TF:M02013","TF","Factor: HNF-1alpha; motif: RGTTAATNWTT",20092,3640
"1065","purple",TRUE,0.0115278432526335,12804,163,124,0.760736196319018,0.00968447360199937,"TF:M00333_1","TF","Factor: ZF5; motif: NRNGNGCGCGCWN; match class: 1",20092,9487
"1066","purple",TRUE,0.0115561471024421,7743,163,84,0.515337423312883,0.0108485083301046,"TF:M02026","TF","Factor: MEF-2D; motif: WAAATAR",20092,5218
"1067","purple",TRUE,0.0115561471024421,1163,163,21,0.128834355828221,0.0180567497850387,"TF:M03985","TF","Factor: ETV6; motif: NSCGGAAGTR",20092,2386
"1068","purple",TRUE,0.0116034601878353,8583,163,91,0.558282208588957,0.0106023534894559,"TF:M08451","TF","Factor: Elk-1:HOXA1; motif: ACCGGAAGTAATTA",20092,1856
"1069","purple",TRUE,0.0116034601878353,1868,163,29,0.177914110429448,0.015524625267666,"TF:M10018","TF","Factor: NRF-1; motif: CNSTGCGCATGCGCNNS",20092,6222
"1070","purple",TRUE,0.011627219770239,2242,163,33,0.202453987730061,0.0147190008920607,"TF:M00069_1","TF","Factor: YY1; motif: NNNCGGCCATCTTGNCTSNW; match class: 1",20092,9253
"1071","purple",TRUE,0.0116407648923537,5454,163,64,0.392638036809816,0.0117345067840117,"TF:M10692","TF","Factor: HOXB6; motif: GTCGTTAN",20092,4040
"1072","purple",TRUE,0.0116541113503368,5789,163,67,0.411042944785276,0.0115736742097081,"TF:M08930","TF","Factor: JUND:FRA-1; motif: RTGACGTMAY",20092,4630
"1073","purple",TRUE,0.0119512426206352,5350,163,63,0.386503067484663,0.0117757009345794,"TF:M09900","TF","Factor: Elf-1; motif: NNANCCGGAAGTGS",20092,1744
"1074","purple",TRUE,0.0119512426206352,1425,163,24,0.147239263803681,0.0168421052631579,"TF:M10578_1","TF","Factor: Barhl-1; motif: NTAAACGN; match class: 1",20092,413
"1075","purple",TRUE,0.0120185075272805,8354,163,89,0.54601226993865,0.010653579123773,"TF:M09608","TF","Factor: Erg; motif: NNACCGGAARTSN",20092,2078
"1076","purple",TRUE,0.0120185075272805,12550,163,122,0.748466257668712,0.0097211155378486,"TF:M04515_1","TF","Factor: E2F-1; motif: WWTGGCGCCAAA; match class: 1",20092,1473
"1077","purple",TRUE,0.0120865772085217,2832,163,39,0.239263803680982,0.013771186440678,"TF:M11223_1","TF","Factor: CREB1; motif: NRTGACGTCANN; match class: 1",20092,1005
"1078","purple",TRUE,0.0122904392613666,13376,163,128,0.785276073619632,0.00956937799043062,"TF:M11880","TF","Factor: pax-6; motif: NYACGCWTSANYGMNCN",20092,6592
"1079","purple",TRUE,0.0128649885014129,9719,163,100,0.613496932515337,0.0102891243955139,"TF:M08229","TF","Factor: Elk-1:SREBP-2; motif: RTCACGTGACCGGAAGN",20092,1876
"1080","purple",TRUE,0.0130869172756403,9228,163,96,0.588957055214724,0.0104031209362809,"TF:M00428","TF","Factor: E2F-1; motif: NKTSSCGC",20092,1484
"1081","purple",TRUE,0.0137260186656024,3768,163,48,0.294478527607362,0.0127388535031847,"TF:M10686","TF","Factor: HOXB7; motif: GTCRTTAN",20092,4052
"1082","purple",TRUE,0.0139829599906961,5164,163,61,0.374233128834356,0.0118125484120837,"TF:M08206_1","TF","Factor: E2F-3:Prrxl1; motif: SGCGCTAATTNN; match class: 1",20092,1513
"1083","purple",TRUE,0.014243595089062,4302,163,53,0.325153374233129,0.0123198512319851,"TF:M10723","TF","Factor: HOXD8; motif: RTCRTTAN",20092,4258
"1084","purple",TRUE,0.0143533131734685,7212,163,79,0.484662576687117,0.0109539656128674,"TF:M10593","TF","Factor: Dlx-6; motif: NTCRTTAN",20092,1328
"1085","purple",TRUE,0.014395846656034,5726,163,66,0.404907975460123,0.0115263709395739,"TF:M08457_1","TF","Factor: ER71:SREBP-2; motif: NTSACGTGACGGAARY; match class: 1",20092,2317
"1086","purple",TRUE,0.0149024984542147,2966,163,40,0.245398773006135,0.0134861766689144,"TF:M00981_1","TF","Factor: CREB,; motif: NTGACGTNA; match class: 1",20092,1079
"1087","purple",TRUE,0.0155072015185964,423,163,11,0.0674846625766871,0.0260047281323877,"TF:M06597","TF","Factor: ZNF775; motif: KGTTTAAGSG",20092,11630
"1088","purple",TRUE,0.0159969120771693,5414,163,63,0.386503067484663,0.0116364979682305,"TF:M09600","TF","Factor: CREB1; motif: TKACGTCAYNN",20092,982
"1089","purple",TRUE,0.0163570799868788,7243,163,79,0.484662576687117,0.0109070827005385,"TF:M08216","TF","Factor: Elk-1:FOXI1; motif: ACCGGAAGTRTMAACAN",20092,1852
"1090","purple",TRUE,0.0164231621988726,2199,163,32,0.196319018404908,0.0145520691223283,"TF:M11428_1","TF","Factor: PEA3; motif: NACCGGAAGTN; match class: 1",20092,6699
"1091","purple",TRUE,0.0165722673745654,10540,163,106,0.650306748466258,0.0100569259962049,"TF:M00803_1","TF","Factor: E2F; motif: GGCGSG; match class: 1",20092,1591
"1092","purple",TRUE,0.016669945129747,7249,163,79,0.484662576687117,0.0108980549041247,"TF:M00695_1","TF","Factor: ETF; motif: GVGGMGG; match class: 1",20092,2221
"1093","purple",TRUE,0.0172817444666083,10551,163,106,0.650306748466258,0.0100464410956307,"TF:M04516_1","TF","Factor: E2F-1; motif: TTTGGCGCCAAA; match class: 1",20092,1475
"1094","purple",TRUE,0.0172864919045525,2303,163,33,0.202453987730061,0.014329135909683,"TF:M10591_1","TF","Factor: BSX; motif: NNCGTTAN; match class: 1",20092,627
"1095","purple",TRUE,0.0176609926488937,11328,163,112,0.687116564417178,0.00988700564971751,"TF:M10849","TF","Factor: Cdx-2; motif: NRTCGTAANNNN",20092,700
"1096","purple",TRUE,0.0176811432419166,2697,163,37,0.226993865030675,0.0137189469781238,"TF:M11324","TF","Factor: C/EBPgamma; motif: NNTTGCGYMANN",20092,812
"1097","purple",TRUE,0.0178278872982524,2998,163,40,0.245398773006135,0.0133422281521014,"TF:M08759_1","TF","Factor: c-Ets-2; motif: NCCGGAAGTG; match class: 1",20092,2235
"1098","purple",TRUE,0.0178278872982524,23,163,3,0.0184049079754601,0.130434782608696,"TF:M04631_1","TF","Factor: RREB-1; motif: GCACCCMRACY; match class: 1",20092,7553
"1099","purple",TRUE,0.0179523097319116,11205,163,111,0.680981595092024,0.00990629183400268,"TF:M07206_1","TF","Factor: E2F-1; motif: NGGGCGGGARV; match class: 1",20092,1477
"1100","purple",TRUE,0.0181205696523688,11729,163,115,0.705521472392638,0.00980475743882684,"TF:M04516","TF","Factor: E2F-1; motif: TTTGGCGCCAAA",20092,1474
"1101","purple",TRUE,0.0181205696523688,8221,163,87,0.533742331288344,0.0105826541783238,"TF:M08345","TF","Factor: HOXB2:PEA3; motif: ACCGGAAATGRN",20092,3970
"1102","purple",TRUE,0.0181250242195519,503,163,12,0.0736196319018405,0.0238568588469185,"TF:M11420_1","TF","Factor: ER81; motif: NACCGGAAGTN; match class: 1",20092,2015
"1103","purple",TRUE,0.0181250242195519,187,163,7,0.0429447852760736,0.0374331550802139,"TF:M11975_1","TF","Factor: RFX7; motif: SGTTGCTRN; match class: 1",20092,7471
"1104","purple",TRUE,0.0187882672901715,2222,163,32,0.196319018404908,0.0144014401440144,"TF:M01165_1","TF","Factor: Elk-1; motif: RACCGGAAGTR; match class: 1",20092,1889
"1105","purple",TRUE,0.0187882672901715,1753,163,27,0.165644171779141,0.0154021677124929,"TF:M09606_1","TF","Factor: nerf; motif: NRRNSCGGAAGNRNNNN; match class: 1",20092,1777
"1106","purple",TRUE,0.0194292804773802,580,163,13,0.0797546012269939,0.0224137931034483,"TF:M02060","TF","Factor: Net; motif: ACCGGAARTN",20092,5662
"1107","purple",TRUE,0.0194569982145425,13635,163,129,0.791411042944785,0.00946094609460946,"TF:M01292","TF","Factor: HOXA13; motif: ATAAMA",20092,3822
"1108","purple",TRUE,0.0197965754304165,5692,163,65,0.398773006134969,0.0114195361911455,"TF:M07250_1","TF","Factor: E2F-1; motif: NNNSSCGCSAANN; match class: 1",20092,1491
"1109","purple",TRUE,0.0197965754304165,13779,163,130,0.797546012269939,0.00943464692648233,"TF:M11883","TF","Factor: pax-6; motif: NYACGCNTSRNYGCNYN",20092,6598
"1110","purple",TRUE,0.0197965754304165,733,163,15,0.0920245398773006,0.0204638472032742,"TF:M08757","TF","Factor: nerf; motif: AAMCCGGAAGTN",20092,1774
"1111","purple",TRUE,0.0198546718613646,8248,163,87,0.533742331288344,0.0105480116391853,"TF:M07380_1","TF","Factor: E2F-4; motif: NTTTCSCGCC; match class: 1",20092,1557
"1112","purple",TRUE,0.0199003978578561,2329,163,33,0.202453987730061,0.0141691713181623,"TF:M02066_1","TF","Factor: PEA3; motif: RCCGGAAGYN; match class: 1",20092,6691
"1113","purple",TRUE,0.0201536522191706,12025,163,117,0.717791411042945,0.00972972972972973,"TF:M10948","TF","Factor: rax; motif: NNCRTTAN",20092,7306
"1114","purple",TRUE,0.0202539093503953,814,163,16,0.098159509202454,0.0196560196560197,"TF:M00006","TF","Factor: MEF-2A; motif: CTCTAAAAATAACYCY",20092,5220
"1115","purple",TRUE,0.0202662625213058,10858,163,108,0.662576687116564,0.00994658316448701,"TF:M10072","TF","Factor: sp4; motif: NNGNARGRGGCGGRGCNNRR",20092,8110
"1116","purple",TRUE,0.020370406576202,192,163,7,0.0429447852760736,0.0364583333333333,"TF:M07064_1","TF","Factor: STAT1; motif: TTCNRGGAAN; match class: 1",20092,8317
"1117","purple",TRUE,0.0204601813602262,13104,163,125,0.766871165644172,0.00953907203907204,"TF:M08441_1","TF","Factor: AP-2gamma:Elk-1; motif: NGCCKNRGGSGRCGGAAGTG; match class: 1",20092,8815
"1118","purple",TRUE,0.0204601813602262,5591,163,64,0.392638036809816,0.0114469683419782,"TF:M11320","TF","Factor: C/EBPdelta; motif: NRTTGCGYAAYN",20092,774
"1119","purple",TRUE,0.0204601813602262,2239,163,32,0.196319018404908,0.0142920946851273,"TF:M13367","TF","Factor: ZBTB11; motif: CACTTCCGG",20092,9330
"1120","purple",TRUE,0.0207531978411111,2435,163,34,0.208588957055215,0.0139630390143737,"TF:M09608_1","TF","Factor: Erg; motif: NNACCGGAARTSN; match class: 1",20092,2079
"1121","purple",TRUE,0.0213944477216135,6280,163,70,0.429447852760736,0.0111464968152866,"TF:M11432","TF","Factor: Elk-1; motif: NACMGGAAGTN",20092,1898
"1122","purple",TRUE,0.0217236734019566,1325,163,22,0.134969325153374,0.0166037735849057,"TF:M02056_1","TF","Factor: ELF4; motif: NCCGGAARTN; match class: 1",20092,1813
"1123","purple",TRUE,0.0217492307139479,8518,163,89,0.54601226993865,0.0104484620803005,"TF:M08759","TF","Factor: c-Ets-2; motif: NCCGGAAGTG",20092,2234
"1124","purple",TRUE,0.0217492307139479,1777,163,27,0.165644171779141,0.0151941474395048,"TF:M08216_1","TF","Factor: Elk-1:FOXI1; motif: ACCGGAAGTRTMAACAN; match class: 1",20092,1853
"1125","purple",TRUE,0.0217492307139479,6399,163,71,0.43558282208589,0.0110954836693233,"TF:M10727","TF","Factor: HOXB8; motif: RTCRTTAN",20092,4060
"1126","purple",TRUE,0.0218914699626136,9872,163,100,0.613496932515337,0.010129659643436,"TF:M02086_1","TF","Factor: Cdx-1; motif: TTTATK; match class: 1",20092,691
"1127","purple",TRUE,0.0220532101000264,4621,163,55,0.337423312883436,0.0119021856740965,"TF:M10589","TF","Factor: BSX; motif: NTCRTTAN",20092,622
"1128","purple",TRUE,0.0220532101000264,4621,163,55,0.337423312883436,0.0119021856740965,"TF:M10560","TF","Factor: Msx-2; motif: NTCRTTAN",20092,5466
"1129","purple",TRUE,0.0220532101000264,1506,163,24,0.147239263803681,0.0159362549800797,"TF:M04237","TF","Factor: FOXC2; motif: WAWGTAAACAWW",20092,2644
"1130","purple",TRUE,0.0220532101000264,6867,163,75,0.460122699386503,0.0109217999126256,"TF:M01894","TF","Factor: YY1; motif: CCATNTT",20092,9282
"1131","purple",TRUE,0.0221974315883856,7927,163,84,0.515337423312883,0.0105966948404188,"TF:M01165","TF","Factor: Elk-1; motif: RACCGGAAGTR",20092,1888
"1132","purple",TRUE,0.0225076131356643,3050,163,40,0.245398773006135,0.0131147540983607,"TF:M03791","TF","Factor: GABPalpha_GABPbeta; motif: CTTCCKGY",20092,2972
"1133","purple",TRUE,0.0225076131356643,5620,163,64,0.392638036809816,0.0113879003558719,"TF:M10572","TF","Factor: Gbx2; motif: NTCRTTAN",20092,3136
"1134","purple",TRUE,0.0225076131356643,5620,163,64,0.392638036809816,0.0113879003558719,"TF:M10566","TF","Factor: Msx-1; motif: NTCRTTAN",20092,5450
"1135","purple",TRUE,0.0225076131356643,5620,163,64,0.392638036809816,0.0113879003558719,"TF:M10749","TF","Factor: gsh-1; motif: NTCRTTAN",20092,3414
"1136","purple",TRUE,0.0226185669396391,1693,163,26,0.159509202453988,0.0153573538098051,"TF:M04332","TF","Factor: HMBOX1; motif: MYTAGTTAMN",20092,3592
"1137","purple",TRUE,0.0234595825440673,11552,163,113,0.693251533742331,0.00978185595567867,"TF:M08377","TF","Factor: meis1:Elf-1; motif: NTGCCGGAAGTN",20092,5248
"1138","purple",TRUE,0.0234688580083599,2957,163,39,0.239263803680982,0.0131890429489347,"TF:M09913","TF","Factor: ER81; motif: NNCCGGAAGYG",20092,2008
"1139","purple",TRUE,0.0236520083371239,1885,163,28,0.171779141104294,0.0148541114058355,"TF:M07356","TF","Factor: HIF2A; motif: ACGTGNNN",20092,3564
"1140","purple",TRUE,0.0237925134374754,3065,163,40,0.245398773006135,0.0130505709624796,"TF:M10563","TF","Factor: Msx-1; motif: NTCRTTAN",20092,5444
"1141","purple",TRUE,0.0237925134374754,3065,163,40,0.245398773006135,0.0130505709624796,"TF:M10874","TF","Factor: alx3; motif: NKCRTTAN",20092,44
"1142","purple",TRUE,0.0237925134374754,6433,163,71,0.43558282208589,0.0110368412871133,"TF:M11022_1","TF","Factor: IRX2a; motif: ACRYGNNNNACRYGT; match class: 1",20092,4539
"1143","purple",TRUE,0.0237925134374754,16800,163,150,0.920245398773006,0.00892857142857143,"TF:M07039","TF","Factor: ETF; motif: CCCCGCCCCYN",20092,2222
"1144","purple",TRUE,0.0237925134374754,3065,163,40,0.245398773006135,0.0130505709624796,"TF:M10942","TF","Factor: VSX1; motif: NTCRTTAN",20092,9192
"1145","purple",TRUE,0.0237925134374754,3065,163,40,0.245398773006135,0.0130505709624796,"TF:M10747","TF","Factor: GSH2; motif: NTCRTTAN",20092,3420
"1146","purple",TRUE,0.0237925134374754,3065,163,40,0.245398773006135,0.0130505709624796,"TF:M10945","TF","Factor: VSX1; motif: NTCRTTAN",20092,9198
"1147","purple",TRUE,0.0237925134374754,3065,163,40,0.245398773006135,0.0130505709624796,"TF:M10936","TF","Factor: CHX10; motif: NTCRTTAN",20092,9204
"1148","purple",TRUE,0.0237925134374754,5302,163,61,0.374233128834356,0.0115050924179555,"TF:M01425","TF","Factor: HNF-1beta; motif: NNNNGTTAACTAGNNNT",20092,3642
"1149","purple",TRUE,0.0237925134374754,3065,163,40,0.245398773006135,0.0130505709624796,"TF:M10939","TF","Factor: CHX10; motif: NTCRTTAN",20092,9210
"1150","purple",TRUE,0.024245824533389,836,163,16,0.098159509202454,0.0191387559808612,"TF:M11552","TF","Factor: FOXD2; motif: NYWANGTAAACAN",20092,2666
"1151","purple",TRUE,0.024508518235431,1171,163,20,0.122699386503067,0.0170794192997438,"TF:M10785_1","TF","Factor: hoxa9; motif: RTCGTWANNN; match class: 1",20092,3917
"1152","purple",TRUE,0.0250589916186108,2973,163,39,0.239263803680982,0.0131180625630676,"TF:M11446","TF","Factor: Elf-1; motif: RANSMGGAAGTR",20092,1748
"1153","purple",TRUE,0.0257636377946756,6568,163,72,0.441717791411043,0.0109622411693057,"TF:M10695","TF","Factor: HOXA6; motif: RTCRTTAN",20092,3896
"1154","purple",TRUE,0.0257636377946756,11196,163,110,0.674846625766871,0.0098249374776706,"TF:M11535","TF","Factor: E2F-4; motif: TTTTGGCGCCAWWN",20092,1552
"1155","purple",TRUE,0.0258888084809993,101,163,5,0.0306748466257669,0.0495049504950495,"TF:M02091","TF","Factor: E4F1; motif: RTGACGTAAC",20092,1618
"1156","purple",TRUE,0.0259660131001743,15740,163,143,0.877300613496933,0.0090851334180432,"TF:M01230","TF","Factor: ZNF333; motif: ATAAT",20092,10292
"1157","purple",TRUE,0.0259660131001743,2680,163,36,0.220858895705521,0.0134328358208955,"TF:M12333","TF","Factor: ZBTB20; motif: NNAAYGTATRKN",20092,9346
"1158","purple",TRUE,0.0259660131001743,4234,163,51,0.312883435582822,0.012045347189419,"TF:M04765_1","TF","Factor: Pasx-5; motif: GTCACGSTT; match class: 1",20092,6577
"1159","purple",TRUE,0.0259660131001743,2482,163,34,0.208588957055215,0.0136986301369863,"TF:M11987","TF","Factor: NFATc3; motif: NAYGGAAANW",20092,5802
"1160","purple",TRUE,0.0259660131001743,6001,163,67,0.411042944785276,0.0111648058656891,"TF:M00426_1","TF","Factor: E2F; motif: TTTSGCGS; match class: 1",20092,1597
"1161","purple",TRUE,0.026130010865974,463,163,11,0.0674846625766871,0.0237580993520518,"TF:M01768","TF","Factor: TFEB; motif: RTCACGTGAY",20092,8908
"1162","purple",TRUE,0.026130010865974,463,163,11,0.0674846625766871,0.0237580993520518,"TF:M01768_1","TF","Factor: TFEB; motif: RTCACGTGAY; match class: 1",20092,8909
"1163","purple",TRUE,0.0261458499353742,18197,163,158,0.969325153374233,0.0086827499038303,"TF:M04826","TF","Factor: p300; motif: ACNTCCG",20092,1994
"1164","purple",TRUE,0.0262073004320948,1627,163,25,0.153374233128834,0.0153657037492317,"TF:M00917_1","TF","Factor: CREB; motif: CNNTGACGTMA; match class: 1",20092,1099
"1165","purple",TRUE,0.0265316395943841,13603,163,128,0.785276073619632,0.00940968903918253,"TF:M01240_1","TF","Factor: BEN; motif: CAGCGRNV; match class: 1",20092,513
"1166","purple",TRUE,0.0269080915611649,16674,163,149,0.914110429447853,0.00893606813002279,"TF:M09636","TF","Factor: MAZ; motif: GGGMGGGGSSGGGGGGGGGGGG",20092,5146
"1167","purple",TRUE,0.0276863800182831,1016,163,18,0.110429447852761,0.0177165354330709,"TF:M09641_1","TF","Factor: NRF-1; motif: SYGCGCMTGCGCRNNGSN; match class: 1",20092,6221
"1168","purple",TRUE,0.0277843880804052,8723,163,90,0.552147239263804,0.0103175513011579,"TF:M12085","TF","Factor: ZNF501; motif: NNNCSACGCGAACAC",20092,10734
"1169","purple",TRUE,0.0277866873001759,2010,163,29,0.177914110429448,0.0144278606965174,"TF:M12603_1","TF","Factor: ERM; motif: NNCACTTCCGGNN; match class: 1",20092,2113
"1170","purple",TRUE,0.0279536749887572,2398,163,33,0.202453987730061,0.0137614678899083,"TF:M13509","TF","Factor: RFX7; motif: CGTTGCYA",20092,7474
"1171","purple",TRUE,0.028072780576418,2012,163,29,0.177914110429448,0.0144135188866799,"TF:M03967_1","TF","Factor: ELF3; motif: WACCCGGAAGTAN; match class: 1",20092,1795
"1172","purple",TRUE,0.0287853690192446,1733,163,26,0.159509202453988,0.015002885170225,"TF:M00916_1","TF","Factor: CREB; motif: NNTKACGTCANNNS; match class: 1",20092,1093
"1173","purple",TRUE,0.0293342344989341,1643,163,25,0.153374233128834,0.0152160681679854,"TF:M08930_1","TF","Factor: JUND:FRA-1; motif: RTGACGTMAY; match class: 1",20092,4631
"1174","purple",TRUE,0.0302377029693967,8144,163,85,0.521472392638037,0.0104371316306483,"TF:M11395_1","TF","Factor: Erg; motif: NACCGGAWWTCCGGTN; match class: 1",20092,2093
"1175","purple",TRUE,0.0302377029693967,942,163,17,0.104294478527607,0.0180467091295117,"TF:M03832","TF","Factor: Net; motif: CACTTCCKGK",20092,5664
"1176","purple",TRUE,0.0308264161454442,5483,163,62,0.380368098159509,0.0113076782783148,"TF:M00514","TF","Factor: ATF4; motif: CVTGACGYMABG",20092,340
"1177","purple",TRUE,0.0308264161454442,3848,163,47,0.288343558282209,0.0122141372141372,"TF:M08221_1","TF","Factor: Elk-1:HOXA3; motif: NCCGGAAATKR; match class: 1",20092,1861
"1178","purple",TRUE,0.030935637576423,3430,163,43,0.263803680981595,0.012536443148688,"TF:M00999","TF","Factor: AIRE; motif: WTNNNWNNTGGWWNNNWNGGNNWNWN",20092,28
"1179","purple",TRUE,0.030935637576423,3120,163,40,0.245398773006135,0.0128205128205128,"TF:M08913_1","TF","Factor: FLI-1; motif: NAYTTCCGGT; match class: 1",20092,2529
"1180","purple",TRUE,0.030935637576423,9863,163,99,0.607361963190184,0.0100375139409916,"TF:M11221","TF","Factor: CREB1; motif: RTGACGYGTCAN",20092,1000
"1181","purple",TRUE,0.0314942145509816,16094,163,145,0.889570552147239,0.00900956878339754,"TF:M01337","TF","Factor: HOXA3; motif: NNNNRNTAATTARY",20092,3870
"1182","purple",TRUE,0.0318967091949691,2129,163,30,0.184049079754601,0.0140911225927666,"TF:M00622_1","TF","Factor: C/EBPgamma; motif: YTBATTTCARAAW; match class: 1",20092,819
"1183","purple",TRUE,0.0318967091949691,1656,163,25,0.153374233128834,0.0150966183574879,"TF:M02067_1","TF","Factor: ER71; motif: ACCGGAARYN; match class: 1",20092,1997
"1184","purple",TRUE,0.0323250304567673,7334,163,78,0.478527607361963,0.0106353967821107,"TF:M00144_1","TF","Factor: Pax-5; motif: RRMSWGANWYCTNRAGCGKRACSRYNSM; match class: 1",20092,6571
"1185","purple",TRUE,0.0323534241360342,2824,163,37,0.226993865030675,0.0131019830028329,"TF:M09904_1","TF","Factor: Elk-1; motif: RCCGGAAGTGN; match class: 1",20092,1897
"1186","purple",TRUE,0.0323740530908094,12183,163,117,0.717791411042945,0.0096035459246491,"TF:M01337_1","TF","Factor: HOXA3; motif: NNNNRNTAATTARY; match class: 1",20092,3871
"1187","purple",TRUE,0.033234820520174,6069,163,67,0.411042944785276,0.0110397100016477,"TF:M09887","TF","Factor: CREB1; motif: NRRTGACGTMA",20092,988
"1188","purple",TRUE,0.0337395436764622,710,163,14,0.0858895705521472,0.0197183098591549,"TF:M03973","TF","Factor: ELK4; motif: ACCGGAARTN",20092,1926
"1189","purple",TRUE,0.0343669890531532,4846,163,56,0.343558282208589,0.0115559224102352,"TF:M01594","TF","Factor: TCF-3; motif: NCTTTGWTNTKYW",20092,8580
"1190","purple",TRUE,0.0346682004360264,7708,163,81,0.496932515337423,0.0105085625324338,"TF:M08281","TF","Factor: Fli-1:C/EBPbeta; motif: RNCGGAWRTTGCGCAAY",20092,2498
"1191","purple",TRUE,0.0358671858320108,1132,163,19,0.116564417177914,0.0167844522968198,"TF:M03970_1","TF","Factor: ELK1; motif: ACCGGAAGTN; match class: 1",20092,1893
"1192","purple",TRUE,0.0362576881913515,2346,163,32,0.196319018404908,0.0136402387041773,"TF:M12497","TF","Factor: SPI1; motif: NNNAAAGAGGAAGTGANNNN",20092,8170
"1193","purple",TRUE,0.0362576881913515,6205,163,68,0.417177914110429,0.010958904109589,"TF:M00179","TF","Factor: ATF2; motif: VGTGACGTMACN",20092,1084
"1194","purple",TRUE,0.0362576881913515,879,163,16,0.098159509202454,0.0182025028441411,"TF:M12557_1","TF","Factor: ETV5; motif: NNACTTCCGNN; match class: 1",20092,2381
"1195","purple",TRUE,0.0367427609437182,7253,163,77,0.47239263803681,0.0106162967048118,"TF:M00050","TF","Factor: E2F; motif: TTTSGCGC",20092,1586
"1196","purple",TRUE,0.0367427609437182,718,163,14,0.0858895705521472,0.0194986072423398,"TF:M07424","TF","Factor: MEF-2; motif: NNYTATTTTTAGN",20092,5232
"1197","purple",TRUE,0.0370426820515119,8931,163,91,0.558282208588957,0.0101892285298399,"TF:M01275","TF","Factor: ipf1; motif: CATTAR",20092,4408
"1198","purple",TRUE,0.0375632394445535,9673,163,97,0.595092024539877,0.010027912746821,"TF:M13032","TF","Factor: ETV5; motif: ACCGGAAGTN",20092,2382
"1199","purple",TRUE,0.0375756825370137,10677,163,105,0.644171779141104,0.00983422309637539,"TF:M03989","TF","Factor: FLI1; motif: ACCGGAAATCCGGT",20092,2524
"1200","purple",TRUE,0.037955579737216,7854,163,82,0.503067484662577,0.0104405398523046,"TF:M11433","TF","Factor: Elk-1; motif: NRCCGGAAGTN",20092,1900
"1201","purple",TRUE,0.0381699790707006,6566,163,71,0.43558282208589,0.010813280536095,"TF:M11309","TF","Factor: ATF-2; motif: NRTGACGTMANN",20092,292
"1202","purple",TRUE,0.0383476276844374,3062,163,39,0.239263803680982,0.0127367733507511,"TF:M11976","TF","Factor: RFX7; motif: CGTTGCYAY",20092,7472
"1203","purple",TRUE,0.0394701684036528,569,163,12,0.0736196319018405,0.0210896309314587,"TF:M11418_1","TF","Factor: ER81; motif: NRCMGGAWGNN; match class: 1",20092,2011
"1204","purple",TRUE,0.0395342083697254,10316,163,102,0.625766871165644,0.00988755331523846,"TF:M07270","TF","Factor: TEF-3; motif: GNTATTTTT",20092,8746
"1205","purple",TRUE,0.0395342083697254,9690,163,97,0.595092024539877,0.0100103199174407,"TF:M02089_1","TF","Factor: E2F-3; motif: GGCGGGN; match class: 1",20092,1537
"1206","purple",TRUE,0.0395342083697254,1145,163,19,0.116564417177914,0.0165938864628821,"TF:M07209","TF","Factor: ELK4; motif: NCRCTTCCGGN",20092,1928
"1207","purple",TRUE,0.0395342083697254,1878,163,27,0.165644171779141,0.0143769968051118,"TF:M09887_1","TF","Factor: CREB1; motif: NRRTGACGTMA; match class: 1",20092,989
"1208","purple",TRUE,0.0395342083697254,16155,163,145,0.889570552147239,0.00897554936552151,"TF:M03564","TF","Factor: SATB1; motif: NTTTAT",20092,7656
"1209","purple",TRUE,0.0402981160230012,1507,163,23,0.141104294478528,0.0152621101526211,"TF:M02073_1","TF","Factor: Fli-1; motif: ACCGGAAGYN; match class: 1",20092,2521
"1210","purple",TRUE,0.0424455493616254,12133,163,116,0.711656441717791,0.00956070221709388,"TF:M11075","TF","Factor: Sohlh2; motif: NNCACGTGNN",20092,7868
"1211","purple",TRUE,0.0424455493616254,5569,163,62,0.380368098159509,0.0111330579996409,"TF:M10953","TF","Factor: isx; motif: NTCRTTAA",20092,4570
"1212","purple",TRUE,0.0424455493616254,8007,163,83,0.50920245398773,0.010365929811415,"TF:M03976_1","TF","Factor: ERG; motif: ACCGGAWATCCGGT; match class: 1",20092,2077
"1213","purple",TRUE,0.0426235636726002,291,163,8,0.049079754601227,0.0274914089347079,"TF:M11443","TF","Factor: Net; motif: ACCGGAAGTN",20092,1920
"1214","purple",TRUE,0.0426928493570655,5124,163,58,0.355828220858896,0.0113192818110851,"TF:M04202","TF","Factor: CEBPD; motif: RTTRCGCAAY",20092,770
"1215","purple",TRUE,0.0427132338765213,654,163,13,0.0797546012269939,0.0198776758409786,"TF:M00223_1","TF","Factor: STAT; motif: TTCCCGKAA; match class: 1",20092,8369
"1216","purple",TRUE,0.0435293788180023,9105,163,92,0.56441717791411,0.0101043382756727,"TF:M00024","TF","Factor: E2F-1; motif: TWSGCGCGAAAAYKR",20092,1584
"1217","purple",TRUE,0.0435293788180023,14026,163,130,0.797546012269939,0.00926850135462712,"TF:M07039_1","TF","Factor: ETF; motif: CCCCGCCCCYN; match class: 1",20092,2223
"1218","purple",TRUE,0.0435293788180023,6721,163,72,0.441717791411043,0.0107126915637554,"TF:M11535_1","TF","Factor: E2F-4; motif: TTTTGGCGCCAWWN; match class: 1",20092,1553
"1219","purple",TRUE,0.0435293788180023,656,163,13,0.0797546012269939,0.0198170731707317,"TF:M07482","TF","Factor: CXXC1; motif: NMNMNMNAAAAMNANNNNMCG",20092,850
"1220","purple",TRUE,0.0441851359190156,1521,163,23,0.141104294478528,0.0151216305062459,"TF:M00039_1","TF","Factor: CREB; motif: TGACGTMA; match class: 1",20092,1087
"1221","purple",TRUE,0.044187551943928,5922,163,65,0.398773006134969,0.0109760216143195,"TF:M00007","TF","Factor: Elk-1; motif: NAAACMGGAAGTNCVH",20092,1882
"1222","purple",TRUE,0.0466722509732341,5708,163,63,0.386503067484663,0.0110371408549404,"TF:M10785","TF","Factor: hoxa9; motif: RTCGTWANNN",20092,3916
"1223","purple",TRUE,0.0473395947622096,174,163,6,0.0368098159509202,0.0344827586206897,"TF:M10119_1","TF","Factor: REX-1; motif: GGCMGCCATTTT; match class: 1",20092,7383
"1224","purple",TRUE,0.047854812077238,3212,163,40,0.245398773006135,0.012453300124533,"TF:M12633","TF","Factor: MEF2D; motif: NNCYAAAAATAGMN",20092,5216
"1225","purple",TRUE,0.0483101327774361,12175,163,116,0.711656441717791,0.00952772073921971,"TF:M03564_1","TF","Factor: SATB1; motif: NTTTAT; match class: 1",20092,7657
"1226","purple",TRUE,0.0483101327774361,8770,163,89,0.54601226993865,0.0101482326111745,"TF:M01199","TF","Factor: RNF96; motif: BCCCGCRGCC",20092,7494
"1227","purple",TRUE,0.0483101327774361,4277,163,50,0.306748466257669,0.0116904372223521,"TF:M11032_1","TF","Factor: Six-2; motif: NNGTAWCRNN; match class: 1",20092,7743
"1228","purple",TRUE,0.0487409549332947,3321,163,41,0.251533742331288,0.0123456790123457,"TF:M11384","TF","Factor: ESE-1; motif: ACCCGGAAGTRNNNNNNNWWWWW",20092,1806
"1229","purple",TRUE,0.0488658973634758,4389,163,51,0.312883435582822,0.01161995898838,"TF:M11449","TF","Factor: Elf-1; motif: NANCCGGAAGTN",20092,1754
"1230","purple",TRUE,0.049216939260683,9143,163,92,0.56441717791411,0.0100623427758941,"TF:M06948","TF","Factor: Sp2; motif: TGGGCGCGCCCA",20092,8080
"1231","purple",TRUE,0.0498523980698493,16066,163,144,0.883435582822086,0.008963027511515,"TF:M11381","TF","Factor: ESE-1; motif: SATKGCGGATGCN",20092,1800
"1232","purple",TRUE,0.0499917202386379,9889,163,98,0.601226993865031,0.00991000101122459,"TF:M08458","TF","Factor: Erm:C/EBPdelta; motif: RSCGGAWRTTGCGYAAY",20092,2350
"1233","purple",TRUE,1.34478477190319e-10,126,58,13,0.224137931034483,0.103174603174603,"WP:WP411","WP","mRNA processing",8752,346
