"","query","significant","p_value","term_size","query_size","intersection_size","precision","recall","term_id","source","term_name","effective_domain_size","source_order"
"1","tan",TRUE,2.4742786608014e-07,78,80,14,0.175,0.179487179487179,"CORUM:320","CORUM","55S ribosome, mitochondrial",3383,191
"2","tan",TRUE,4.91611543214884e-06,48,80,10,0.125,0.208333333333333,"CORUM:324","CORUM","39S ribosomal subunit, mitochondrial",3383,193
"3","tan",TRUE,4.91611543214884e-06,74,80,12,0.15,0.162162162162162,"CORUM:306","CORUM","Ribosome, cytoplasmic",3383,183
"4","tan",TRUE,0.000122983495364474,29,80,7,0.0875,0.241379310344828,"CORUM:338","CORUM","40S ribosomal subunit, cytoplasmic",3383,199
"5","tan",TRUE,0.000159555261150948,31,80,7,0.0875,0.225806451612903,"CORUM:305","CORUM","40S ribosomal subunit, cytoplasmic",3383,182
"6","tan",TRUE,0.00147195058374715,19,80,5,0.0625,0.263157894736842,"CORUM:181","CORUM","26S proteasome",3383,92
"7","tan",TRUE,0.00182031256908577,11,80,4,0.05,0.363636363636364,"CORUM:191","CORUM","20S proteasome",3383,96
"8","tan",TRUE,0.00234633024771053,12,80,4,0.05,0.333333333333333,"CORUM:194","CORUM","PA28gamma-20S proteasome",3383,99
"9","tan",TRUE,0.00295859593323793,13,80,4,0.05,0.307692307692308,"CORUM:192","CORUM","PA28-20S proteasome",3383,97
"10","tan",TRUE,0.00753443046728999,44,80,6,0.075,0.136363636363636,"CORUM:178","CORUM","Respiratory chain complex I (holoenzyme), mitochondrial",3383,90
"11","tan",TRUE,0.0126385537511869,33,80,5,0.0625,0.151515151515152,"CORUM:193","CORUM","PA700-20S-PA28 complex",3383,98
"12","tan",TRUE,0.0205318015334715,3,80,2,0.025,0.666666666666667,"CORUM:6405","CORUM","MITRAC12-SURF1-COX1 complex",3383,2104
"13","tan",TRUE,0.0259094131083838,12,80,3,0.0375,0.25,"CORUM:6442","CORUM","Cytochrome c oxidase, mitochondrial",3383,2131
"14","tan",TRUE,0.0259094131083838,12,80,3,0.0375,0.25,"CORUM:563","CORUM","F1F0-ATP synthase, mitochondrial",3383,318
"15","tan",TRUE,0.031249990416276,43,80,5,0.0625,0.116279069767442,"CORUM:308","CORUM","60S ribosomal subunit, cytoplasmic",3383,184
"16","tan",TRUE,0.0465455999150001,5,80,2,0.025,0.4,"CORUM:2903","CORUM","Respiratory chain complex I (intermediate V/380kD and VI/480kD), mitochondrial",3383,1275
"17","tan",TRUE,0.0465455999150001,30,80,4,0.05,0.133333333333333,"CORUM:315","CORUM","28S ribosomal subunit, mitochondrial",3383,190
"18","tan",TRUE,0.0465455999150001,16,80,3,0.0375,0.1875,"CORUM:2920","CORUM","Respiratory chain complex I (lambda subunit) mitochondrial",3383,1290
"19","tan",TRUE,0.0465455999150001,93,80,7,0.0875,0.0752688172043011,"CORUM:3055","CORUM","Nop56p-associated pre-rRNA complex",3383,1362
"20","tan",TRUE,1.70726907851063e-17,146,144,20,0.138888888888889,0.136986301369863,"GO:0006119","GO:BP","oxidative phosphorylation",21026,1972
"21","tan",TRUE,1.70726907851063e-17,199,144,22,0.152777777777778,0.110552763819095,"GO:0009060","GO:BP","aerobic respiration",21026,3222
"22","tan",TRUE,1.06020266619179e-16,99,144,17,0.118055555555556,0.171717171717172,"GO:0042775","GO:BP","mitochondrial ATP synthesis coupled electron transport",21026,10267
"23","tan",TRUE,1.06020266619179e-16,99,144,17,0.118055555555556,0.171717171717172,"GO:0042773","GO:BP","ATP synthesis coupled electron transport",21026,10265
"24","tan",TRUE,4.95108850707696e-16,242,144,22,0.152777777777778,0.0909090909090909,"GO:0045333","GO:BP","cellular respiration",21026,11198
"25","tan",TRUE,8.73502285610075e-16,115,144,17,0.118055555555556,0.147826086956522,"GO:0022904","GO:BP","respiratory electron transport chain",21026,6598
"26","tan",TRUE,8.73502285610075e-16,727,144,33,0.229166666666667,0.0453920220082531,"GO:0006412","GO:BP","translation",21026,2162
"27","tan",TRUE,3.799218403945e-15,126,144,17,0.118055555555556,0.134920634920635,"GO:0022900","GO:BP","electron transport chain",21026,6597
"28","tan",TRUE,5.82238071688326e-15,130,144,17,0.118055555555556,0.130769230769231,"GO:0032543","GO:BP","mitochondrial translation",21026,7580
"29","tan",TRUE,1.1617230523155e-14,91,144,15,0.104166666666667,0.164835164835165,"GO:0019646","GO:BP","aerobic electron transport chain",21026,5935
"30","tan",TRUE,3.81411618233985e-13,168,144,17,0.118055555555556,0.101190476190476,"GO:0140053","GO:BP","mitochondrial gene expression",21026,19392
"31","tan",TRUE,3.81411618233985e-13,345,144,22,0.152777777777778,0.063768115942029,"GO:0015980","GO:BP","energy derivation by oxidation of organic compounds",21026,5036
"32","tan",TRUE,8.3869451628714e-13,122,144,15,0.104166666666667,0.122950819672131,"GO:0033108","GO:BP","mitochondrial respiratory chain complex assembly",21026,7985
"33","tan",TRUE,2.39792665804002e-12,190,144,17,0.118055555555556,0.0894736842105263,"GO:1902600","GO:BP","proton transmembrane transport",21026,22070
"34","tan",TRUE,2.99087957093337e-12,478,144,24,0.166666666666667,0.0502092050209205,"GO:0006091","GO:BP","generation of precursor metabolites and energy",21026,1950
"35","tan",TRUE,1.46229693520516e-08,165,144,13,0.0902777777777778,0.0787878787878788,"GO:0002181","GO:BP","cytoplasmic translation",21026,727
"36","tan",TRUE,1.67583734480941e-08,78,144,10,0.0694444444444444,0.128205128205128,"GO:0015986","GO:BP","proton motive force-driven ATP synthesis",21026,5038
"37","tan",TRUE,1.72264423300484e-08,435,144,19,0.131944444444444,0.0436781609195402,"GO:0007005","GO:BP","mitochondrion organization",21026,2604
"38","tan",TRUE,3.56667192690287e-08,26,144,7,0.0486111111111111,0.269230769230769,"GO:0033617","GO:BP","mitochondrial cytochrome c oxidase assembly",21026,8259
"39","tan",TRUE,3.56667192690287e-08,42,144,8,0.0555555555555556,0.19047619047619,"GO:0017004","GO:BP","cytochrome complex assembly",21026,5241
"40","tan",TRUE,3.56667192690287e-08,114,144,11,0.0763888888888889,0.0964912280701754,"GO:0009145","GO:BP","purine nucleoside triphosphate biosynthetic process",21026,3298
"41","tan",TRUE,3.56667192690287e-08,113,144,11,0.0763888888888889,0.0973451327433628,"GO:0009206","GO:BP","purine ribonucleoside triphosphate biosynthetic process",21026,3358
"42","tan",TRUE,3.80009333311631e-08,4721,144,66,0.458333333333333,0.0139800889642025,"GO:0019538","GO:BP","protein metabolic process",21026,5841
"43","tan",TRUE,5.02239458305957e-08,119,144,11,0.0763888888888889,0.092436974789916,"GO:0009201","GO:BP","ribonucleoside triphosphate biosynthetic process",21026,3353
"44","tan",TRUE,6.31102704742606e-08,323,144,16,0.111111111111111,0.0495356037151703,"GO:0042254","GO:BP","ribosome biogenesis",21026,9967
"45","tan",TRUE,8.5187966312106e-08,30,144,7,0.0486111111111111,0.233333333333333,"GO:0008535","GO:BP","respiratory chain complex IV assembly",21026,3175
"46","tan",TRUE,8.99040999717914e-08,127,144,11,0.0763888888888889,0.0866141732283465,"GO:0009142","GO:BP","nucleoside triphosphate biosynthetic process",21026,3295
"47","tan",TRUE,1.49820436978719e-07,102,144,10,0.0694444444444444,0.0980392156862745,"GO:0006754","GO:BP","ATP biosynthetic process",21026,2443
"48","tan",TRUE,2.27704213049702e-07,260,144,14,0.0972222222222222,0.0538461538461538,"GO:0009144","GO:BP","purine nucleoside triphosphate metabolic process",21026,3297
"49","tan",TRUE,4.72565872227536e-07,276,144,14,0.0972222222222222,0.0507246376811594,"GO:0009141","GO:BP","nucleoside triphosphate metabolic process",21026,3294
"50","tan",TRUE,6.00362854564619e-07,193,144,12,0.0833333333333333,0.0621761658031088,"GO:0006164","GO:BP","purine nucleotide biosynthetic process",21026,1994
"51","tan",TRUE,9.31345075531153e-07,161,144,11,0.0763888888888889,0.0683229813664596,"GO:0009152","GO:BP","purine ribonucleotide biosynthetic process",21026,3305
"52","tan",TRUE,1.13774779065463e-06,67,144,8,0.0555555555555556,0.119402985074627,"GO:0042776","GO:BP","proton motive force-driven mitochondrial ATP synthesis",21026,10268
"53","tan",TRUE,1.26789747205417e-06,253,144,13,0.0902777777777778,0.0513833992094862,"GO:0009205","GO:BP","purine ribonucleoside triphosphate metabolic process",21026,3357
"54","tan",TRUE,1.70062789097568e-06,260,144,13,0.0902777777777778,0.05,"GO:0009199","GO:BP","ribonucleoside triphosphate metabolic process",21026,3351
"55","tan",TRUE,2.0835624735169e-06,176,144,11,0.0763888888888889,0.0625,"GO:0009260","GO:BP","ribonucleotide biosynthetic process",21026,3411
"56","tan",TRUE,2.24127161754942e-06,104,144,9,0.0625,0.0865384615384615,"GO:0042274","GO:BP","ribosomal small subunit biogenesis",21026,9978
"57","tan",TRUE,2.62561811687349e-06,493,144,17,0.118055555555556,0.0344827586206897,"GO:0009117","GO:BP","nucleotide metabolic process",21026,3272
"58","tan",TRUE,2.62561811687349e-06,225,144,12,0.0833333333333333,0.0533333333333333,"GO:0006364","GO:BP","rRNA processing",21026,2132
"59","tan",TRUE,2.73126373973841e-06,51,144,7,0.0486111111111111,0.137254901960784,"GO:0006120","GO:BP","mitochondrial electron transport, NADH to ubiquinone",21026,1973
"60","tan",TRUE,2.73126373973841e-06,183,144,11,0.0763888888888889,0.0601092896174863,"GO:0046390","GO:BP","ribose phosphate biosynthetic process",21026,11953
"61","tan",TRUE,2.88969141928936e-06,229,144,12,0.0833333333333333,0.0524017467248908,"GO:0046034","GO:BP","ATP metabolic process",21026,11649
"62","tan",TRUE,2.88969141928936e-06,229,144,12,0.0833333333333333,0.0524017467248908,"GO:0009165","GO:BP","nucleotide biosynthetic process",21026,3317
"63","tan",TRUE,9.8927114025078e-06,257,144,12,0.0833333333333333,0.0466926070038911,"GO:0072522","GO:BP","purine-containing compound biosynthetic process",21026,17190
"64","tan",TRUE,1.3997979340383e-05,266,144,12,0.0833333333333333,0.0451127819548872,"GO:0016072","GO:BP","rRNA metabolic process",21026,5074
"65","tan",TRUE,1.48974010483995e-05,22,144,5,0.0347222222222222,0.227272727272727,"GO:0006123","GO:BP","mitochondrial electron transport, cytochrome c to oxygen",21026,1976
"66","tan",TRUE,3.99490957748734e-05,351,144,13,0.0902777777777778,0.037037037037037,"GO:0009150","GO:BP","purine ribonucleotide metabolic process",21026,3303
"67","tan",TRUE,6.7544017182098e-05,430,144,14,0.0972222222222222,0.0325581395348837,"GO:0006163","GO:BP","purine nucleotide metabolic process",21026,1993
"68","tan",TRUE,7.25135341317571e-05,314,144,12,0.0833333333333333,0.0382165605095541,"GO:1901293","GO:BP","nucleoside phosphate biosynthetic process",21026,21093
"69","tan",TRUE,7.25135341317571e-05,372,144,13,0.0902777777777778,0.0349462365591398,"GO:0009259","GO:BP","ribonucleotide metabolic process",21026,3410
"70","tan",TRUE,8.64017464018575e-05,646,144,17,0.118055555555556,0.0263157894736842,"GO:0006753","GO:BP","nucleoside phosphate metabolic process",21026,2442
"71","tan",TRUE,8.70884863927099e-05,380,144,13,0.0902777777777778,0.0342105263157895,"GO:0019693","GO:BP","ribose phosphate metabolic process",21026,5978
"72","tan",TRUE,0.000125705193429856,594,144,16,0.111111111111111,0.0269360269360269,"GO:1901137","GO:BP","carbohydrate derivative biosynthetic process",21026,20971
"73","tan",TRUE,0.000141123200960428,673,144,17,0.118055555555556,0.025260029717682,"GO:0055086","GO:BP","nucleobase-containing small molecule metabolic process",21026,14030
"74","tan",TRUE,0.000166362947448485,63,144,6,0.0416666666666667,0.0952380952380952,"GO:0010257","GO:BP","NADH dehydrogenase complex assembly",21026,4015
"75","tan",TRUE,0.000166362947448485,63,144,6,0.0416666666666667,0.0952380952380952,"GO:0032981","GO:BP","mitochondrial respiratory chain complex I assembly",21026,7906
"76","tan",TRUE,0.00021766413537084,854,144,19,0.131944444444444,0.022248243559719,"GO:0098662","GO:BP","inorganic cation transmembrane transport",21026,18569
"77","tan",TRUE,0.000311828775537813,877,144,19,0.131944444444444,0.0216647662485747,"GO:0098655","GO:BP","monoatomic cation transmembrane transport",21026,18562
"78","tan",TRUE,0.00083316963226808,14136,144,119,0.826388888888889,0.00841822297679683,"GO:0008152","GO:BP","metabolic process",21026,3111
"79","tan",TRUE,0.000839210844653506,944,144,19,0.131944444444444,0.0201271186440678,"GO:0098660","GO:BP","inorganic ion transmembrane transport",21026,18567
"80","tan",TRUE,0.00103217429150718,53,144,5,0.0347222222222222,0.0943396226415094,"GO:0030490","GO:BP","maturation of SSU-rRNA",21026,6778
"81","tan",TRUE,0.00110280418364404,563,144,14,0.0972222222222222,0.024866785079929,"GO:0072521","GO:BP","purine-containing compound metabolic process",21026,17189
"82","tan",TRUE,0.00135254417613384,1069,144,20,0.138888888888889,0.0187090739008419,"GO:0006812","GO:BP","monoatomic cation transport",21026,2484
"83","tan",TRUE,0.00145761710799596,2,144,2,0.0138888888888889,1,"GO:0070476","GO:BP","rRNA (guanine-N7)-methylation",21026,15911
"84","tan",TRUE,0.00145761710799596,1077,144,20,0.138888888888889,0.0185701021355617,"GO:0019637","GO:BP","organophosphate metabolic process",21026,5929
"85","tan",TRUE,0.00151368868511583,11,144,3,0.0208333333333333,0.272727272727273,"GO:0032372","GO:BP","negative regulation of sterol transport",21026,7473
"86","tan",TRUE,0.00151368868511583,11,144,3,0.0208333333333333,0.272727272727273,"GO:0032375","GO:BP","negative regulation of cholesterol transport",21026,7476
"87","tan",TRUE,0.0021467517687106,63,144,5,0.0347222222222222,0.0793650793650794,"GO:0042255","GO:BP","ribosome assembly",21026,9968
"88","tan",TRUE,0.00252217596583064,13,144,3,0.0208333333333333,0.230769230769231,"GO:0006122","GO:BP","mitochondrial electron transport, ubiquinol to cytochrome c",21026,1975
"89","tan",TRUE,0.00268334970095585,619,144,14,0.0972222222222222,0.0226171243941842,"GO:0090407","GO:BP","organophosphate biosynthetic process",21026,18037
"90","tan",TRUE,0.00268334970095585,35,144,4,0.0277777777777778,0.114285714285714,"GO:0000154","GO:BP","rRNA modification",21026,52
"91","tan",TRUE,0.00283401749083532,1048,144,19,0.131944444444444,0.0181297709923664,"GO:0034220","GO:BP","monoatomic ion transmembrane transport",21026,8445
"92","tan",TRUE,0.00301893296884272,14,144,3,0.0208333333333333,0.214285714285714,"GO:0033700","GO:BP","phospholipid efflux",21026,8295
"93","tan",TRUE,0.0037344349993019,983,144,18,0.125,0.0183112919633774,"GO:1901135","GO:BP","carbohydrate derivative metabolic process",21026,20969
"94","tan",TRUE,0.0037344349993019,4980,144,54,0.375,0.0108433734939759,"GO:0044085","GO:BP","cellular component biogenesis",21026,10811
"95","tan",TRUE,0.00426082200385652,40,144,4,0.0277777777777778,0.1,"GO:0034381","GO:BP","plasma lipoprotein particle clearance",21026,8542
"96","tan",TRUE,0.00628850017182919,18,144,3,0.0208333333333333,0.166666666666667,"GO:0000028","GO:BP","ribosomal small subunit assembly",21026,13
"97","tan",TRUE,0.00713119163690622,4,144,2,0.0138888888888889,0.5,"GO:0010916","GO:BP","negative regulation of very-low-density lipoprotein particle clearance",21026,4482
"98","tan",TRUE,0.00713119163690622,4,144,2,0.0138888888888889,0.5,"GO:0010915","GO:BP","regulation of very-low-density lipoprotein particle clearance",21026,4481
"99","tan",TRUE,0.00754231026003221,380,144,10,0.0694444444444444,0.0263157894736842,"GO:0006417","GO:BP","regulation of translation",21026,2166
"100","tan",TRUE,0.00959789116726641,21,144,3,0.0208333333333333,0.142857142857143,"GO:0010984","GO:BP","regulation of lipoprotein particle clearance",21026,4538
"101","tan",TRUE,0.0112894757100137,3594,144,41,0.284722222222222,0.0114079020589872,"GO:0006996","GO:BP","organelle organization",21026,2598
"102","tan",TRUE,0.011602278460387,1282,144,20,0.138888888888889,0.015600624024961,"GO:0006811","GO:BP","monoatomic ion transport",21026,2483
"103","tan",TRUE,0.0121442518774774,12342,144,104,0.722222222222222,0.00842651110030789,"GO:0044238","GO:BP","primary metabolic process",21026,10839
"104","tan",TRUE,0.0147023934318887,57,144,4,0.0277777777777778,0.0701754385964912,"GO:0032371","GO:BP","regulation of sterol transport",21026,7472
"105","tan",TRUE,0.0147023934318887,57,144,4,0.0277777777777778,0.0701754385964912,"GO:0033344","GO:BP","cholesterol efflux",21026,8094
"106","tan",TRUE,0.0147023934318887,57,144,4,0.0277777777777778,0.0701754385964912,"GO:0032374","GO:BP","regulation of cholesterol transport",21026,7475
"107","tan",TRUE,0.0149742770300736,25,144,3,0.0208333333333333,0.12,"GO:0000470","GO:BP","maturation of LSU-rRNA",21026,159
"108","tan",TRUE,0.0153381548308713,6,144,2,0.0138888888888889,0.333333333333333,"GO:0034382","GO:BP","chylomicron remnant clearance",21026,8543
"109","tan",TRUE,0.0153381548308713,6,144,2,0.0138888888888889,0.333333333333333,"GO:0034447","GO:BP","very-low-density lipoprotein particle clearance",21026,8577
"110","tan",TRUE,0.0153381548308713,6,144,2,0.0138888888888889,0.333333333333333,"GO:0010901","GO:BP","regulation of very-low-density lipoprotein particle remodeling",21026,4470
"111","tan",TRUE,0.0157677875204851,3434,144,39,0.270833333333333,0.0113570180547467,"GO:0043933","GO:BP","protein-containing complex organization",21026,10766
"112","tan",TRUE,0.0157677875204851,26,144,3,0.0208333333333333,0.115384615384615,"GO:0070129","GO:BP","regulation of mitochondrial translation",21026,15704
"113","tan",TRUE,0.0157677875204851,26,144,3,0.0208333333333333,0.115384615384615,"GO:0031167","GO:BP","rRNA methylation",21026,7042
"114","tan",TRUE,0.017464363919054,27,144,3,0.0208333333333333,0.111111111111111,"GO:0032369","GO:BP","negative regulation of lipid transport",21026,7470
"115","tan",TRUE,0.0190715763407599,7,144,2,0.0138888888888889,0.285714285714286,"GO:0009438","GO:BP","methylglyoxal metabolic process",21026,3472
"116","tan",TRUE,0.0190715763407599,7,144,2,0.0138888888888889,0.285714285714286,"GO:0036265","GO:BP","RNA (guanine-N7)-methylation",21026,9438
"117","tan",TRUE,0.0190715763407599,7,144,2,0.0138888888888889,0.285714285714286,"GO:0030091","GO:BP","protein repair",21026,6641
"118","tan",TRUE,0.0190715763407599,3238,144,37,0.256944444444444,0.0114268066707844,"GO:0065003","GO:BP","protein-containing complex assembly",21026,15663
"119","tan",TRUE,0.0190715763407599,7,144,2,0.0138888888888889,0.285714285714286,"GO:0071830","GO:BP","triglyceride-rich lipoprotein particle clearance",21026,16702
"120","tan",TRUE,0.0190715763407599,28,144,3,0.0208333333333333,0.107142857142857,"GO:0050995","GO:BP","negative regulation of lipid catabolic process",21026,13258
"121","tan",TRUE,0.0190715763407599,7,144,2,0.0138888888888889,0.285714285714286,"GO:0060696","GO:BP","regulation of phospholipid catabolic process",21026,14657
"122","tan",TRUE,0.0192498700934754,64,144,4,0.0277777777777778,0.0625,"GO:0050994","GO:BP","regulation of lipid catabolic process",21026,13257
"123","tan",TRUE,0.0197305065049435,29,144,3,0.0208333333333333,0.103448275862069,"GO:0045116","GO:BP","protein neddylation",21026,11132
"124","tan",TRUE,0.024808032873129,174,144,6,0.0416666666666667,0.0344827586206897,"GO:0009451","GO:BP","RNA modification",21026,3484
"125","tan",TRUE,0.0261514792210802,70,144,4,0.0277777777777778,0.0571428571428571,"GO:0042273","GO:BP","ribosomal large subunit biogenesis",21026,9977
"126","tan",TRUE,0.0278078146411361,33,144,3,0.0208333333333333,0.0909090909090909,"GO:0034369","GO:BP","plasma lipoprotein particle remodeling",21026,8530
"127","tan",TRUE,0.0278078146411361,33,144,3,0.0208333333333333,0.0909090909090909,"GO:0034368","GO:BP","protein-lipid complex remodeling",21026,8529
"128","tan",TRUE,0.0278825566029482,638,144,12,0.0833333333333333,0.0188087774294671,"GO:0019941","GO:BP","modification-dependent protein catabolic process",21026,6040
"129","tan",TRUE,0.0294982529155904,643,144,12,0.0833333333333333,0.0186625194401244,"GO:0043632","GO:BP","modification-dependent macromolecule catabolic process",21026,10715
"130","tan",TRUE,0.0295082542862215,34,144,3,0.0208333333333333,0.0882352941176471,"GO:0062125","GO:BP","regulation of mitochondrial gene expression",21026,15608
"131","tan",TRUE,0.0295082542862215,9,144,2,0.0138888888888889,0.222222222222222,"GO:1901984","GO:BP","negative regulation of protein acetylation",21026,21629
"132","tan",TRUE,0.0316733817240132,75,144,4,0.0277777777777778,0.0533333333333333,"GO:0097006","GO:BP","regulation of plasma lipoprotein particle levels",21026,18201
"133","tan",TRUE,0.0326516171381596,127,144,5,0.0347222222222222,0.0393700787401575,"GO:0006413","GO:BP","translational initiation",21026,2163
"134","tan",TRUE,0.0336673340432078,36,144,3,0.0208333333333333,0.0833333333333333,"GO:0034367","GO:BP","protein-containing complex remodeling",21026,8528
"135","tan",TRUE,0.0348527380798682,10,144,2,0.0138888888888889,0.2,"GO:0070475","GO:BP","rRNA base methylation",21026,15910
"136","tan",TRUE,0.0348527380798682,10,144,2,0.0138888888888889,0.2,"GO:0060192","GO:BP","negative regulation of lipase activity",21026,14216
"137","tan",TRUE,0.0348527380798682,10,144,2,0.0138888888888889,0.2,"GO:2000234","GO:BP","positive regulation of rRNA processing",21026,25123
"138","tan",TRUE,0.0383521047531479,414,144,9,0.0625,0.0217391304347826,"GO:0043161","GO:BP","proteasome-mediated ubiquitin-dependent protein catabolic process",21026,10465
"139","tan",TRUE,0.0395566638087557,81,144,4,0.0277777777777778,0.0493827160493827,"GO:0001510","GO:BP","RNA methylation",21026,322
"140","tan",TRUE,0.0410164114242836,11,144,2,0.0138888888888889,0.181818181818182,"GO:0034384","GO:BP","high-density lipoprotein particle clearance",21026,8545
"141","tan",TRUE,0.0410164114242836,11,144,2,0.0138888888888889,0.181818181818182,"GO:0010985","GO:BP","negative regulation of lipoprotein particle clearance",21026,4539
"142","tan",TRUE,0.046739075674039,10664,144,90,0.625,0.00843960990247562,"GO:0009058","GO:BP","biosynthetic process",21026,3220
"143","tan",TRUE,0.0478231501915451,12,144,2,0.0138888888888889,0.166666666666667,"GO:0034370","GO:BP","triglyceride-rich lipoprotein particle remodeling",21026,8531
"144","tan",TRUE,0.0478231501915451,12,144,2,0.0138888888888889,0.166666666666667,"GO:0034372","GO:BP","very-low-density lipoprotein particle remodeling",21026,8533
"145","tan",TRUE,9.69176650859287e-31,1844,148,67,0.452702702702703,0.0363340563991323,"GO:0005739","GO:CC","mitochondrion",22149,305
"146","tan",TRUE,2.72064369625435e-30,514,148,41,0.277027027027027,0.0797665369649805,"GO:0005743","GO:CC","mitochondrial inner membrane",22149,309
"147","tan",TRUE,1.43828535280464e-29,840,148,48,0.324324324324324,0.0571428571428571,"GO:0005740","GO:CC","mitochondrial envelope",22149,306
"148","tan",TRUE,9.10625256234398e-29,571,148,41,0.277027027027027,0.0718038528896672,"GO:0019866","GO:CC","organelle inner membrane",22149,800
"149","tan",TRUE,1.28988059511355e-26,187,148,27,0.182432432432432,0.144385026737968,"GO:0044391","GO:CC","ribosomal subunit",22149,2038
"150","tan",TRUE,1.28988059511355e-26,790,148,44,0.297297297297297,0.0556962025316456,"GO:0031966","GO:CC","mitochondrial membrane",22149,1186
"151","tan",TRUE,7.00585073944537e-24,1329,148,51,0.344594594594595,0.0383747178329571,"GO:0031967","GO:CC","organelle envelope",22149,1187
"152","tan",TRUE,7.49767953871962e-21,12527,148,137,0.925675675675676,0.0109363774247625,"GO:0005737","GO:CC","cytoplasm",22149,304
"153","tan",TRUE,8.34171526317177e-17,114,148,17,0.114864864864865,0.149122807017544,"GO:0015934","GO:CC","large ribosomal subunit",22149,688
"154","tan",TRUE,3.40987403895978e-16,102,148,16,0.108108108108108,0.156862745098039,"GO:0098803","GO:CC","respiratory chain complex",22149,3194
"155","tan",TRUE,4.20317828241552e-15,14727,148,140,0.945945945945946,0.00950634888300401,"GO:0043231","GO:CC","intracellular membrane-bounded organelle",22149,1845
"156","tan",TRUE,4.89455230581379e-15,525,148,27,0.182432432432432,0.0514285714285714,"GO:0005840","GO:CC","ribosome",22149,376
"157","tan",TRUE,2.6150072692893e-14,514,148,26,0.175675675675676,0.0505836575875486,"GO:0005759","GO:CC","mitochondrial matrix",22149,314
"158","tan",TRUE,2.66849565282566e-14,89,148,14,0.0945945945945946,0.157303370786517,"GO:0005761","GO:CC","mitochondrial ribosome",22149,316
"159","tan",TRUE,2.66849565282566e-14,89,148,14,0.0945945945945946,0.157303370786517,"GO:0000313","GO:CC","organellar ribosome",22149,46
"160","tan",TRUE,4.31370723079057e-13,7956,148,99,0.668918918918919,0.0124434389140271,"GO:0032991","GO:CC","protein-containing complex",22149,1311
"161","tan",TRUE,1.6966050124204e-12,55,148,11,0.0743243243243243,0.2,"GO:0000315","GO:CC","organellar large ribosomal subunit",22149,48
"162","tan",TRUE,1.6966050124204e-12,15780,148,141,0.952702702702703,0.00893536121673004,"GO:0043227","GO:CC","membrane-bounded organelle",22149,1841
"163","tan",TRUE,1.6966050124204e-12,55,148,11,0.0743243243243243,0.2,"GO:0005762","GO:CC","mitochondrial large ribosomal subunit",22149,317
"164","tan",TRUE,2.19053151409674e-12,183,148,16,0.108108108108108,0.087431693989071,"GO:0098798","GO:CC","mitochondrial protein-containing complex",22149,3190
"165","tan",TRUE,2.19809006680231e-12,76,148,12,0.0810810810810811,0.157894736842105,"GO:0015935","GO:CC","small ribosomal subunit",22149,689
"166","tan",TRUE,1.6364578342292e-11,115,148,13,0.0878378378378378,0.11304347826087,"GO:0022626","GO:CC","cytosolic ribosome",22149,833
"167","tan",TRUE,2.38245883760035e-11,16147,148,141,0.952702702702703,0.00873227224871493,"GO:0043229","GO:CC","intracellular organelle",22149,1843
"168","tan",TRUE,3.50483933304901e-11,3842,148,62,0.418918918918919,0.0161374284226965,"GO:0031090","GO:CC","organelle membrane",22149,1017
"169","tan",TRUE,7.57924693715543e-11,1779,148,40,0.27027027027027,0.0224845418774592,"GO:1902494","GO:CC","catalytic complex",22149,3602
"170","tan",TRUE,2.49542199235913e-10,6695,148,84,0.567567567567568,0.0125466766243465,"GO:0043233","GO:CC","organelle lumen",22149,1847
"171","tan",TRUE,2.49542199235913e-10,6695,148,84,0.567567567567568,0.0125466766243465,"GO:0031974","GO:CC","membrane-enclosed lumen",22149,1193
"172","tan",TRUE,2.49542199235913e-10,17944,148,146,0.986486486486487,0.00813642443156487,"GO:0005622","GO:CC","intracellular anatomical structure",22149,232
"173","tan",TRUE,2.49542199235913e-10,6695,148,84,0.567567567567568,0.0125466766243465,"GO:0070013","GO:CC","intracellular organelle lumen",22149,2334
"174","tan",TRUE,4.39620917743747e-09,42,148,8,0.0540540540540541,0.19047619047619,"GO:0022627","GO:CC","cytosolic small ribosomal subunit",22149,834
"175","tan",TRUE,4.39620917743747e-09,147,148,12,0.0810810810810811,0.0816326530612245,"GO:1990204","GO:CC","oxidoreductase complex",22149,3789
"176","tan",TRUE,5.64815425214917e-09,16936,148,141,0.952702702702703,0.00832546055739254,"GO:0043226","GO:CC","organelle",22149,1840
"177","tan",TRUE,2.47547404048967e-08,518,148,19,0.128378378378378,0.0366795366795367,"GO:1990351","GO:CC","transporter complex",22149,3849
"178","tan",TRUE,1.28122186023186e-07,91,148,9,0.0608108108108108,0.0989010989010989,"GO:0005758","GO:CC","mitochondrial intermembrane space",22149,313
"179","tan",TRUE,3.41772181523972e-07,102,148,9,0.0608108108108108,0.0882352941176471,"GO:0031970","GO:CC","organelle envelope lumen",22149,1190
"180","tan",TRUE,3.861456899366e-07,490,148,17,0.114864864864865,0.0346938775510204,"GO:1902495","GO:CC","transmembrane transporter complex",22149,3603
"181","tan",TRUE,4.06107093763807e-07,4255,148,57,0.385135135135135,0.0133960047003525,"GO:0005654","GO:CC","nucleoplasm",22149,247
"182","tan",TRUE,7.07677638620434e-07,32,148,6,0.0405405405405405,0.1875,"GO:0070069","GO:CC","cytochrome complex",22149,2358
"183","tan",TRUE,5.48867850799598e-06,45,148,6,0.0405405405405405,0.133333333333333,"GO:0045271","GO:CC","respiratory chain complex I",22149,2115
"184","tan",TRUE,5.48867850799598e-06,45,148,6,0.0405405405405405,0.133333333333333,"GO:0030964","GO:CC","NADH dehydrogenase complex",22149,986
"185","tan",TRUE,5.48867850799598e-06,1393,148,27,0.182432432432432,0.0193826274228284,"GO:0098796","GO:CC","membrane protein complex",22149,3188
"186","tan",TRUE,5.89523912612602e-06,73,148,7,0.0472972972972973,0.0958904109589041,"GO:0032040","GO:CC","small-subunit processome",22149,1210
"187","tan",TRUE,5.9344348097275e-06,107,148,8,0.0540540540540541,0.0747663551401869,"GO:0030684","GO:CC","preribosome",22149,942
"188","tan",TRUE,5.9344348097275e-06,11,148,4,0.027027027027027,0.363636363636364,"GO:0019774","GO:CC","proteasome core complex, beta-subunit complex",22149,789
"189","tan",TRUE,1.68473837357446e-05,55,148,6,0.0405405405405405,0.109090909090909,"GO:0022625","GO:CC","cytosolic large ribosomal subunit",22149,832
"190","tan",TRUE,2.32321914481597e-05,2725,148,39,0.263513513513513,0.0143119266055046,"GO:1990904","GO:CC","ribonucleoprotein complex",22149,4008
"191","tan",TRUE,4.66128408830558e-05,946,148,20,0.135135135135135,0.0211416490486258,"GO:0140535","GO:CC","intracellular protein-containing complex",22149,3498
"192","tan",TRUE,4.83299705633305e-05,18,148,4,0.027027027027027,0.222222222222222,"GO:0045277","GO:CC","respiratory chain complex IV",22149,2118
"193","tan",TRUE,0.000133486185952308,23,148,4,0.027027027027027,0.173913043478261,"GO:0005839","GO:CC","proteasome core complex",22149,375
"194","tan",TRUE,0.000159589429450403,49,148,5,0.0337837837837838,0.102040816326531,"GO:0016469","GO:CC","proton-transporting two-sector ATPase complex",22149,722
"195","tan",TRUE,0.000181321845424868,25,148,4,0.027027027027027,0.16,"GO:0005732","GO:CC","sno(s)RNA-containing ribonucleoprotein complex",22149,302
"196","tan",TRUE,0.000224871940019075,130,148,7,0.0472972972972973,0.0538461538461538,"GO:1905368","GO:CC","peptidase complex",22149,3688
"197","tan",TRUE,0.000324430024952142,94,148,6,0.0405405405405405,0.0638297872340425,"GO:0005684","GO:CC","U2-type spliceosomal complex",22149,269
"198","tan",TRUE,0.000372414614808471,5540,148,59,0.398648648648649,0.0106498194945848,"GO:0031981","GO:CC","nuclear lumen",22149,1198
"199","tan",TRUE,0.000577753743056599,34,148,4,0.027027027027027,0.117647058823529,"GO:0005763","GO:CC","mitochondrial small ribosomal subunit",22149,318
"200","tan",TRUE,0.000577753743056599,34,148,4,0.027027027027027,0.117647058823529,"GO:0000314","GO:CC","organellar small ribosomal subunit",22149,47
"201","tan",TRUE,0.000643773826892262,67,148,5,0.0337837837837838,0.0746268656716418,"GO:0000502","GO:CC","proteasome complex",22149,81
"202","tan",TRUE,0.000680589800083615,5534,148,58,0.391891891891892,0.0104806649801229,"GO:0005829","GO:CC","cytosol",22149,367
"203","tan",TRUE,0.000715823418047388,14,148,3,0.0202702702702703,0.214285714285714,"GO:0008250","GO:CC","oligosaccharyltransferase complex",22149,482
"204","tan",TRUE,0.000715823418047388,14,148,3,0.0202702702702703,0.214285714285714,"GO:0042627","GO:CC","chylomicron",22149,1777
"205","tan",TRUE,0.000875802918671058,15,148,3,0.0202702702702703,0.2,"GO:0033177","GO:CC","proton-transporting two-sector ATPase complex, proton-transporting domain",22149,1363
"206","tan",TRUE,0.00127521108345123,17,148,3,0.0202702702702703,0.176470588235294,"GO:0045259","GO:CC","proton-transporting ATP synthase complex",22149,2114
"207","tan",TRUE,0.0023328718238384,50,148,4,0.027027027027027,0.08,"GO:0071005","GO:CC","U2-type precatalytic spliceosome",22149,2529
"208","tan",TRUE,0.0023328718238384,21,148,3,0.0202702702702703,0.142857142857143,"GO:0034361","GO:CC","very-low-density lipoprotein particle",22149,1439
"209","tan",TRUE,0.0023328718238384,21,148,3,0.0202702702702703,0.142857142857143,"GO:0034385","GO:CC","triglyceride-rich plasma lipoprotein particle",22149,1445
"210","tan",TRUE,0.00346454640981668,56,148,4,0.027027027027027,0.0714285714285714,"GO:0071011","GO:CC","precatalytic spliceosome",22149,2535
"211","tan",TRUE,0.00374571518296652,101,148,5,0.0337837837837838,0.0495049504950495,"GO:1905369","GO:CC","endopeptidase complex",22149,3689
"212","tan",TRUE,0.00397784342154953,103,148,5,0.0337837837837838,0.0485436893203883,"GO:0015030","GO:CC","Cajal body",22149,683
"213","tan",TRUE,0.00397784342154953,6,148,2,0.0135135135135135,0.333333333333333,"GO:0170049","GO:CC","box C/D RNP complex",22149,3588
"214","tan",TRUE,0.00397784342154953,6,148,2,0.0135135135135135,0.333333333333333,"GO:0031428","GO:CC","box C/D methylation guide snoRNP complex",22149,1086
"215","tan",TRUE,0.00444486681780215,2111,148,27,0.182432432432432,0.0127901468498342,"GO:0070062","GO:CC","extracellular exosome",22149,2353
"216","tan",TRUE,0.00501293785837303,28,148,3,0.0202702702702703,0.107142857142857,"GO:0034364","GO:CC","high-density lipoprotein particle",22149,1442
"217","tan",TRUE,0.00524546429194681,2141,148,27,0.182432432432432,0.0126109294722092,"GO:1903561","GO:CC","extracellular vesicle",22149,3657
"218","tan",TRUE,0.00524546429194681,2142,148,27,0.182432432432432,0.0126050420168067,"GO:0043230","GO:CC","extracellular organelle",22149,1844
"219","tan",TRUE,0.00524546429194681,2142,148,27,0.182432432432432,0.0126050420168067,"GO:0065010","GO:CC","extracellular membrane-bounded organelle",22149,2333
"220","tan",TRUE,0.00677925710006176,8,148,2,0.0135135135135135,0.25,"GO:0034366","GO:CC","spherical high-density lipoprotein particle",22149,1444
"221","tan",TRUE,0.0113483550692803,38,148,3,0.0202702702702703,0.0789473684210526,"GO:0034358","GO:CC","plasma lipoprotein particle",22149,1436
"222","tan",TRUE,0.0113483550692803,38,148,3,0.0202702702702703,0.0789473684210526,"GO:1990777","GO:CC","lipoprotein particle",22149,3980
"223","tan",TRUE,0.0120794494627846,39,148,3,0.0202702702702703,0.0769230769230769,"GO:0070461","GO:CC","SAGA-type complex",22149,2426
"224","tan",TRUE,0.0124851182555173,11,148,2,0.0135135135135135,0.181818181818182,"GO:0045275","GO:CC","respiratory chain complex III",22149,2117
"225","tan",TRUE,0.0134428112778148,41,148,3,0.0202702702702703,0.0731707317073171,"GO:0032994","GO:CC","protein-lipid complex",22149,1314
"226","tan",TRUE,0.0134428112778148,41,148,3,0.0202702702702703,0.0731707317073171,"GO:0101031","GO:CC","protein folding chaperone complex",22149,3316
"227","tan",TRUE,0.0143774511385666,12,148,2,0.0135135135135135,0.166666666666667,"GO:1990062","GO:CC","RPAP3/R2TP/prefoldin-like complex",22149,3734
"228","tan",TRUE,0.0148220191682853,210,148,6,0.0405405405405405,0.0285714285714286,"GO:0005681","GO:CC","spliceosomal complex",22149,266
"229","tan",TRUE,0.0220435100805197,15,148,2,0.0135135135135135,0.133333333333333,"GO:0005665","GO:CC","RNA polymerase II, core complex",22149,255
"230","tan",TRUE,0.0252072959765057,4033,148,40,0.27027027027027,0.00991817505578974,"GO:0031982","GO:CC","vesicle",22149,1199
"231","tan",TRUE,0.0319835881702122,1,148,1,0.00675675675675676,1,"GO:0071254","GO:CC","cytoplasmic U snRNP body",22149,2659
"232","tan",TRUE,0.0319835881702122,9953,148,82,0.554054054054054,0.00823872199336883,"GO:0016020","GO:CC","membrane",22149,699
"233","tan",TRUE,0.0319835881702122,1,148,1,0.00675675675675676,1,"GO:0001651","GO:CC","dense fibrillar component",22149,146
"234","tan",TRUE,0.0383978740634521,910,148,13,0.0878378378378378,0.0142857142857143,"GO:1990234","GO:CC","transferase complex",22149,3802
"235","tan",TRUE,9.33268477619774e-13,449,147,25,0.170068027210884,0.0556792873051225,"GO:0003735","GO:MF","structural constituent of ribosome",20246,340
"236","tan",TRUE,6.54171292715481e-12,186,147,17,0.115646258503401,0.0913978494623656,"GO:0015078","GO:MF","proton transmembrane transporter activity",20246,2250
"237","tan",TRUE,6.95893517499504e-12,66,147,12,0.0816326530612245,0.181818181818182,"GO:0015453","GO:MF","oxidoreduction-driven active transmembrane transporter activity",20246,2505
"238","tan",TRUE,2.2941283949354e-10,114,147,13,0.0884353741496599,0.114035087719298,"GO:0009055","GO:MF","electron transfer activity",20246,2091
"239","tan",TRUE,2.87435781733514e-10,118,147,13,0.0884353741496599,0.110169491525424,"GO:0022853","GO:MF","active monoatomic ion transmembrane transporter activity",20246,3552
"240","tan",TRUE,1.98793708500649e-08,167,147,13,0.0884353741496599,0.0778443113772455,"GO:0015399","GO:MF","primary active transmembrane transporter activity",20246,2467
"241","tan",TRUE,9.34351048245351e-08,68,147,9,0.0612244897959184,0.132352941176471,"GO:0019843","GO:MF","rRNA binding",20246,3478
"242","tan",TRUE,3.33071369312671e-07,1106,147,28,0.19047619047619,0.0253164556962025,"GO:0005198","GO:MF","structural molecule activity",20246,1318
"243","tan",TRUE,1.73403101101844e-06,14,147,5,0.0340136054421769,0.357142857142857,"GO:0004129","GO:MF","cytochrome-c oxidase activity",20246,591
"244","tan",TRUE,2.32727180336929e-06,15,147,5,0.0340136054421769,0.333333333333333,"GO:0016675","GO:MF","oxidoreductase activity, acting on a heme group of donors",20246,2833
"245","tan",TRUE,1.91144988817973e-05,41,147,6,0.0408163265306122,0.146341463414634,"GO:0008137","GO:MF","NADH dehydrogenase (ubiquinone) activity",20246,1543
"246","tan",TRUE,2.70195286912642e-05,44,147,6,0.0408163265306122,0.136363636363636,"GO:0003954","GO:MF","NADH dehydrogenase activity",20246,455
"247","tan",TRUE,0.000117638667141543,702,147,18,0.122448979591837,0.0256410256410256,"GO:0022890","GO:MF","inorganic cation transmembrane transporter activity",20246,3575
"248","tan",TRUE,0.000122151834144177,58,147,6,0.0408163265306122,0.103448275862069,"GO:0016655","GO:MF","oxidoreductase activity, acting on NAD(P)H, quinone or similar compound as acceptor",20246,2820
"249","tan",TRUE,0.000214602673001727,741,147,18,0.122448979591837,0.0242914979757085,"GO:0008324","GO:MF","monoatomic cation transmembrane transporter activity",20246,1627
"250","tan",TRUE,0.00024312756128032,827,147,19,0.129251700680272,0.0229746070133011,"GO:0015318","GO:MF","inorganic molecular entity transmembrane transporter activity",20246,2425
"251","tan",TRUE,0.000450064271338745,868,147,19,0.129251700680272,0.021889400921659,"GO:0015075","GO:MF","monoatomic ion transmembrane transporter activity",20246,2249
"252","tan",TRUE,0.000739380260237967,458,147,13,0.0884353741496599,0.0283842794759825,"GO:0022804","GO:MF","active transmembrane transporter activity",20246,3529
"253","tan",TRUE,0.000866362477569298,759,147,17,0.115646258503401,0.0223978919631094,"GO:0016491","GO:MF","oxidoreductase activity",20246,2753
"254","tan",TRUE,0.00133606026043126,3091,147,41,0.27891156462585,0.013264315755419,"GO:0003723","GO:MF","RNA binding",20246,333
"255","tan",TRUE,0.00140296746107776,95,147,6,0.0408163265306122,0.0631578947368421,"GO:0016651","GO:MF","oxidoreductase activity, acting on NAD(P)H",20246,2817
"256","tan",TRUE,0.00149067781953152,12,147,3,0.0204081632653061,0.25,"GO:0141047","GO:MF","molecular tag activity",20246,9662
"257","tan",TRUE,0.00149067781953152,12,147,3,0.0204081632653061,0.25,"GO:0031386","GO:MF","protein tag activity",20246,3868
"258","tan",TRUE,0.0029076475646698,15,147,3,0.0204081632653061,0.2,"GO:0055102","GO:MF","lipase inhibitor activity",20246,7741
"259","tan",TRUE,0.0108430718268293,1235,147,20,0.136054421768707,0.0161943319838057,"GO:0022857","GO:MF","transmembrane transporter activity",20246,3555
"260","tan",TRUE,0.0124428302279461,1351,147,21,0.142857142857143,0.0155440414507772,"GO:0005215","GO:MF","transporter activity",20246,1325
"261","tan",TRUE,0.0124428302279461,6,147,2,0.0136054421768707,0.333333333333333,"GO:0060228","GO:MF","phosphatidylcholine-sterol O-acyltransferase activator activity",20246,7754
"262","tan",TRUE,0.0156032714181974,61,147,4,0.0272108843537415,0.0655737704918033,"GO:0005507","GO:MF","copper ion binding",20246,1460
"263","tan",TRUE,0.0156032714181974,7,147,2,0.0136054421768707,0.285714285714286,"GO:0004607","GO:MF","phosphatidylcholine-sterol O-acyltransferase activity",20246,892
"264","tan",TRUE,0.0156032714181974,7,147,2,0.0136054421768707,0.285714285714286,"GO:0016531","GO:MF","copper chaperone activity",20246,2776
"265","tan",TRUE,0.0188229996972242,8,147,2,0.0136054421768707,0.25,"GO:1903136","GO:MF","cuprous ion binding",20246,9930
"266","tan",TRUE,0.0188229996972242,8,147,2,0.0136054421768707,0.25,"GO:0070181","GO:MF","small ribosomal subunit rRNA binding",20246,7983
"267","tan",TRUE,0.0188229996972242,8,147,2,0.0136054421768707,0.25,"GO:0051920","GO:MF","peroxiredoxin activity",20246,7496
"268","tan",TRUE,0.0204411433165483,32,147,3,0.0204081632653061,0.09375,"GO:0030515","GO:MF","snoRNA binding",20246,3693
"269","tan",TRUE,0.0208710373131364,15123,147,125,0.850340136054422,0.00826555577597038,"GO:0005515","GO:MF","protein binding",20246,1462
"270","tan",TRUE,0.0220786769080948,9,147,2,0.0136054421768707,0.222222222222222,"GO:0004298","GO:MF","threonine-type endopeptidase activity",20246,644
"271","tan",TRUE,0.02672472933611,10,147,2,0.0136054421768707,0.2,"GO:0097177","GO:MF","mitochondrial ribosome binding",20246,8415
"272","tan",TRUE,8.8106922363833e-08,147,41,13,0.317073170731707,0.0884353741496599,"HP:0011922","HP","Abnormal activity of mitochondrial respiratory chain",5080,8282
"273","tan",TRUE,2.06622033847993e-07,106,41,11,0.268292682926829,0.10377358490566,"HP:0002490","HP","Increased CSF lactate",5080,1795
"274","tan",TRUE,2.06622033847993e-07,106,41,11,0.268292682926829,0.10377358490566,"HP:0030085","HP","Abnormal CSF lactate concentration",5080,10364
"275","tan",TRUE,2.61651717905395e-07,143,41,12,0.292682926829268,0.0839160839160839,"HP:0008972","HP","Decreased activity of mitochondrial respiratory chain",5080,5563
"276","tan",TRUE,1.52863710660231e-06,211,41,13,0.317073170731707,0.0616113744075829,"HP:0003287","HP","Abnormality of mitochondrial metabolism",5080,2367
"277","tan",TRUE,1.52863710660231e-06,213,41,13,0.317073170731707,0.0610328638497653,"HP:0002151","HP","Increased circulating lactate concentration",5080,1573
"278","tan",TRUE,3.52124770817307e-06,231,41,13,0.317073170731707,0.0562770562770563,"HP:0012103","HP","Abnormality of the mitochondrion",5080,8462
"279","tan",TRUE,4.41871423866709e-06,88,41,9,0.219512195121951,0.102272727272727,"HP:0003800","HP","Muscle abnormality related to mitochondrial dysfunction",5080,2674
"280","tan",TRUE,5.33564376663888e-06,159,41,11,0.268292682926829,0.0691823899371069,"HP:0025454","HP","Abnormal CSF metabolite concentration",5080,9905
"281","tan",TRUE,4.07384041745435e-05,405,41,15,0.365853658536585,0.037037037037037,"HP:0001941","HP","Acidosis",5080,1403
"282","tan",TRUE,9.43571271227546e-05,435,41,15,0.365853658536585,0.0344827586206897,"HP:0004360","HP","Abnormality of acid-base homeostasis",5080,3039
"283","tan",TRUE,0.000174241048035221,183,41,10,0.24390243902439,0.0546448087431694,"HP:0003128","HP","Lactic acidosis",5080,2245
"284","tan",TRUE,0.000704705719379483,33,41,5,0.121951219512195,0.151515151515152,"HP:0003688","HP","Cytochrome C oxidase-negative muscle fibers",5080,2607
"285","tan",TRUE,0.00128776081555365,98,41,7,0.170731707317073,0.0714285714285714,"HP:0011923","HP","Decreased activity of mitochondrial complex I",5080,8283
"286","tan",TRUE,0.00177713312438387,69,41,6,0.146341463414634,0.0869565217391304,"HP:0008347","HP","Decreased activity of mitochondrial complex IV",5080,5247
"287","tan",TRUE,0.00575081800903975,280,41,10,0.24390243902439,0.0357142857142857,"HP:0001639","HP","Hypertrophic cardiomyopathy",5080,1185
"288","tan",TRUE,0.0135623782275048,34,41,4,0.0975609756097561,0.117647058823529,"HP:0012748","HP","Focal T2 hyperintense brainstem lesion",5080,9094
"289","tan",TRUE,0.0135623782275048,678,41,15,0.365853658536585,0.0221238938053097,"HP:0025354","HP","Abnormal cellular phenotype",5080,9815
"290","tan",TRUE,0.0199138536395181,38,41,4,0.0975609756097561,0.105263157894737,"HP:0007704","HP","Paroxysmal involuntary eye movements",5080,4896
"291","tan",TRUE,0.0209576783701343,39,41,4,0.0975609756097561,0.102564102564103,"HP:0008316","HP","Abnormal mitochondria in muscle tissue",5080,5230
"292","tan",TRUE,0.0226603638998793,115,41,6,0.146341463414634,0.0521739130434783,"HP:0000124","HP","Renal tubular dysfunction",5080,107
"293","tan",TRUE,0.0233545658525837,167,41,7,0.170731707317073,0.0419161676646707,"HP:0001942","HP","Metabolic acidosis",5080,1404
"294","tan",TRUE,0.0233545658525837,642,41,14,0.341463414634146,0.0218068535825545,"HP:0011017","HP","Abnormal cellular physiology",5080,7398
"295","tan",TRUE,0.0233545658525837,42,41,4,0.0975609756097561,0.0952380952380952,"HP:0012747","HP","Abnormal brainstem MRI signal intensity",5080,9093
"296","tan",TRUE,0.0339571551615524,128,41,6,0.146341463414634,0.046875,"HP:0003819","HP","Death in childhood",5080,2682
"297","tan",TRUE,0.0359136940842335,764,41,15,0.365853658536585,0.0196335078534031,"HP:0430071","HP","Abnormal circulating organic compound concentration",5080,17058
"298","tan",TRUE,0.0439811220307446,51,41,4,0.0975609756097561,0.0784313725490196,"HP:0000114","HP","Proximal tubulopathy",5080,100
"299","tan",TRUE,0.0456777947019408,52,41,4,0.0975609756097561,0.0769230769230769,"HP:0012131","HP","Abnormal number of erythroid precursors",5080,8490
"300","tan",TRUE,0.0492252812514362,54,41,4,0.0975609756097561,0.0740740740740741,"HP:0003542","HP","Increased circulating pyruvate concentration",5080,2534
"301","tan",TRUE,0.0492252812514362,54,41,4,0.0975609756097561,0.0740740740740741,"HP:0003737","HP","Mitochondrial myopathy",5080,2636
"302","tan",TRUE,1.26534341194483e-14,7111,103,101,0.980582524271845,0.0142033469272957,"HPA:0590051","HPA","Thyroid gland; glandular cells[≥Low]",10995,854
"303","tan",TRUE,1.26534341194483e-14,7111,103,101,0.980582524271845,0.0142033469272957,"HPA:0590000","HPA","Thyroid gland",10995,853
"304","tan",TRUE,7.29313036283295e-14,5296,103,89,0.864077669902913,0.0168051359516616,"HPA:0350472","HPA","Pancreas; exocrine glandular cells[≥Medium]",10995,516
"305","tan",TRUE,2.77877661007499e-13,7391,103,101,0.980582524271845,0.0136652685698823,"HPA:0350000","HPA","Pancreas",10995,514
"306","tan",TRUE,3.57395761008424e-13,6005,103,93,0.902912621359223,0.0154870940882598,"HPA:0020052","HPA","Adrenal gland; glandular cells[≥Medium]",10995,17
"307","tan",TRUE,4.9114420003273e-13,5614,103,90,0.87378640776699,0.0160313501959387,"HPA:0351181","HPA","Pancreas; pancreatic endocrine cells[≥Low]",10995,518
"308","tan",TRUE,1.04709783549983e-12,6929,103,98,0.951456310679612,0.0141434550440179,"HPA:0350471","HPA","Pancreas; exocrine glandular cells[≥Low]",10995,515
"309","tan",TRUE,1.59273113202113e-12,6662,103,96,0.932038834951456,0.0144100870609427,"HPA:0390000","HPA","Prostate",10995,554
"310","tan",TRUE,1.59273113202113e-12,7404,103,100,0.970873786407767,0.0135062128579146,"HPA:0020000","HPA","Adrenal gland",10995,6
"311","tan",TRUE,1.59273113202113e-12,7397,103,100,0.970873786407767,0.0135189941868325,"HPA:0020051","HPA","Adrenal gland; glandular cells[≥Low]",10995,16
"312","tan",TRUE,1.59273113202113e-12,6806,103,97,0.941747572815534,0.014252130473112,"HPA:0160051","HPA","Endometrium 1; glandular cells[≥Low]",10995,310
"313","tan",TRUE,1.59273113202113e-12,6662,103,96,0.932038834951456,0.0144100870609427,"HPA:0390051","HPA","Prostate; glandular cells[≥Low]",10995,555
"314","tan",TRUE,1.59273113202113e-12,7862,103,102,0.990291262135922,0.0129737980157721,"HPA:0480000","HPA","Small intestine",10995,740
"315","tan",TRUE,1.59273113202113e-12,6799,103,97,0.941747572815534,0.0142668039417561,"HPA:0050051","HPA","Breast; glandular cells[≥Low]",10995,58
"316","tan",TRUE,1.89301575477469e-12,7884,103,102,0.990291262135922,0.012937595129376,"HPA:0150000","HPA","Duodenum",10995,256
"317","tan",TRUE,1.99697509506684e-12,7043,103,98,0.951456310679612,0.0139145250603436,"HPA:0160000","HPA","Endometrium 1",10995,306
"318","tan",TRUE,3.36742062756638e-12,7286,103,99,0.961165048543689,0.0135877024430414,"HPA:0610831","HPA","Urinary bladder; urothelial cells[≥Low]",10995,868
"319","tan",TRUE,3.36742062756638e-12,7286,103,99,0.961165048543689,0.0135877024430414,"HPA:0610000","HPA","Urinary bladder",10995,867
"320","tan",TRUE,3.36742062756638e-12,6271,103,93,0.902912621359223,0.0148301706266943,"HPA:0550052","HPA","Stomach 2; glandular cells[≥Medium]",10995,803
"321","tan",TRUE,4.82312993183217e-12,5738,103,89,0.864077669902913,0.0155106308818404,"HPA:0290401","HPA","Liver; hepatocytes[≥Low]",10995,440
"322","tan",TRUE,4.82312993183217e-12,7134,103,98,0.951456310679612,0.0137370339220634,"HPA:0570731","HPA","Testis; Leydig cells[≥Low]",10995,819
"323","tan",TRUE,5.62188278228572e-12,6637,103,95,0.922330097087379,0.014313695946964,"HPA:0600221","HPA","Tonsil; squamous epithelial cells[≥Low]",10995,864
"324","tan",TRUE,6.30960933506279e-12,6339,103,93,0.902912621359223,0.0146710837671557,"HPA:0540052","HPA","Stomach 1; glandular cells[≥Medium]",10995,799
"325","tan",TRUE,6.62672467103978e-12,7170,103,98,0.951456310679612,0.0136680613668061,"HPA:0050000","HPA","Breast",10995,54
"326","tan",TRUE,9.15492425420097e-12,7592,103,100,0.970873786407767,0.0131717597471022,"HPA:0550051","HPA","Stomach 2; glandular cells[≥Low]",10995,802
"327","tan",TRUE,9.15492425420097e-12,7592,103,100,0.970873786407767,0.0131717597471022,"HPA:0550000","HPA","Stomach 2",10995,801
"328","tan",TRUE,1.26803104767823e-11,6888,103,96,0.932038834951456,0.0139372822299652,"HPA:0420051","HPA","Salivary gland; glandular cells[≥Low]",10995,615
"329","tan",TRUE,1.26803104767823e-11,6888,103,96,0.932038834951456,0.0139372822299652,"HPA:0420000","HPA","Salivary gland",10995,614
"330","tan",TRUE,1.26803104767823e-11,5975,103,90,0.87378640776699,0.0150627615062762,"HPA:0130052","HPA","Colon; glandular cells[≥Medium]",10995,232
"331","tan",TRUE,1.45697937080812e-11,5590,103,87,0.844660194174757,0.0155635062611807,"HPA:0590052","HPA","Thyroid gland; glandular cells[≥Medium]",10995,855
"332","tan",TRUE,1.6724241212086e-11,7454,103,99,0.961165048543689,0.0132814596189965,"HPA:0210000","HPA","Fallopian tube",10995,341
"333","tan",TRUE,5.76611121837426e-11,7020,103,96,0.932038834951456,0.0136752136752137,"HPA:0470000","HPA","Skin 2",10995,691
"334","tan",TRUE,6.67394654696812e-11,7774,103,100,0.970873786407767,0.0128633907898122,"HPA:0600000","HPA","Tonsil",10995,857
"335","tan",TRUE,8.58337274588022e-11,754,103,30,0.29126213592233,0.0397877984084881,"HPA:0471392","HPA","Skin 2; cells in basal layer[≥Medium]",10995,696
"336","tan",TRUE,9.23311105542463e-11,5493,103,85,0.825242718446602,0.015474239941744,"HPA:0030052","HPA","Appendix; glandular cells[≥Medium]",10995,39
"337","tan",TRUE,1.31089360213989e-10,3744,103,69,0.669902912621359,0.0184294871794872,"HPA:0290402","HPA","Liver; hepatocytes[≥Medium]",10995,441
"338","tan",TRUE,1.40280278413334e-10,7647,103,99,0.961165048543689,0.0129462534327187,"HPA:0540051","HPA","Stomach 1; glandular cells[≥Low]",10995,798
"339","tan",TRUE,1.40280278413334e-10,7647,103,99,0.961165048543689,0.0129462534327187,"HPA:0540000","HPA","Stomach 1",10995,797
"340","tan",TRUE,1.61721218755112e-10,8322,103,102,0.990291262135922,0.0122566690699351,"HPA:0130000","HPA","Colon",10995,212
"341","tan",TRUE,1.74561631238712e-10,5683,103,86,0.83495145631068,0.0151328523667077,"HPA:0630051","HPA","Cervix; glandular cells[≥Low]",10995,202
"342","tan",TRUE,2.09144507841649e-10,7322,103,97,0.941747572815534,0.013247746517345,"HPA:0180051","HPA","Epididymis; glandular cells[≥Low]",10995,321
"343","tan",TRUE,2.09144507841649e-10,7322,103,97,0.941747572815534,0.013247746517345,"HPA:0180000","HPA","Epididymis",10995,320
"344","tan",TRUE,2.44720342596608e-10,6115,103,89,0.864077669902913,0.0145543744889616,"HPA:0600441","HPA","Tonsil; non-germinal center cells[≥Low]",10995,861
"345","tan",TRUE,3.10234268663755e-10,6712,103,93,0.902912621359223,0.0138557806912992,"HPA:0170051","HPA","Endometrium 2; glandular cells[≥Low]",10995,317
"346","tan",TRUE,3.35217827880054e-10,6284,103,90,0.87378640776699,0.0143220878421388,"HPA:0290000","HPA","Liver",10995,436
"347","tan",TRUE,4.20233073146756e-10,7957,103,100,0.970873786407767,0.0125675505843911,"HPA:0400000","HPA","Rectum",10995,558
"348","tan",TRUE,4.58470444044337e-10,6905,103,94,0.912621359223301,0.0136133236784938,"HPA:0170000","HPA","Endometrium 2",10995,313
"349","tan",TRUE,4.88610970291762e-10,5049,103,80,0.776699029126214,0.0158447217270747,"HPA:0190222","HPA","Esophagus; squamous epithelial cells[≥Medium]",10995,326
"350","tan",TRUE,5.41728458706821e-10,6058,103,88,0.854368932038835,0.0145262462859029,"HPA:0480052","HPA","Small intestine; glandular cells[≥Medium]",10995,754
"351","tan",TRUE,6.31661774072177e-10,8216,103,101,0.980582524271845,0.0122930866601753,"HPA:0270000","HPA","Kidney",10995,407
"352","tan",TRUE,8.1734390334306e-10,4866,103,78,0.757281553398058,0.0160295930949445,"HPA:0420052","HPA","Salivary gland; glandular cells[≥Medium]",10995,616
"353","tan",TRUE,9.32496065197202e-10,5227,103,81,0.786407766990291,0.0154964606849053,"HPA:0430052","HPA","Seminal vesicle; glandular cells[≥Medium]",10995,620
"354","tan",TRUE,9.74960472957086e-10,961,103,32,0.310679611650485,0.0332986472424558,"HPA:0471391","HPA","Skin 2; cells in basal layer[≥Low]",10995,695
"355","tan",TRUE,9.99257895512063e-10,4338,103,73,0.70873786407767,0.0168280313508529,"HPA:0530721","HPA","Spleen; cells in white pulp[≥Low]",10995,794
"356","tan",TRUE,1.01995782966089e-09,5991,103,87,0.844660194174757,0.014521782674011,"HPA:0620000","HPA","Vagina",10995,871
"357","tan",TRUE,1.01995782966089e-09,5991,103,87,0.844660194174757,0.014521782674011,"HPA:0620221","HPA","Vagina; squamous epithelial cells[≥Low]",10995,872
"358","tan",TRUE,1.26441554914899e-09,801,103,29,0.281553398058252,0.0362047440699126,"HPA:0471471","HPA","Skin 2; lymphocytes[≥Low]",10995,728
"359","tan",TRUE,1.79080779638821e-09,870,103,30,0.29126213592233,0.0344827586206897,"HPA:0471411","HPA","Skin 2; cells in spinous layer[≥Low]",10995,704
"360","tan",TRUE,2.24983894858886e-09,6911,103,93,0.902912621359223,0.0134568079872667,"HPA:0630000","HPA","Cervix",10995,201
"361","tan",TRUE,2.81010892748019e-09,5098,103,79,0.766990291262136,0.0154962730482542,"HPA:0050052","HPA","Breast; glandular cells[≥Medium]",10995,59
"362","tan",TRUE,2.94030561648518e-09,2452,103,52,0.504854368932039,0.0212071778140294,"HPA:0540053","HPA","Stomach 1; glandular cells[High]",10995,800
"363","tan",TRUE,3.00356320139758e-09,6095,103,87,0.844660194174757,0.0142739950779327,"HPA:0150052","HPA","Duodenum; glandular cells[≥Medium]",10995,273
"364","tan",TRUE,3.44998963254179e-09,6246,103,88,0.854368932038835,0.0140890169708614,"HPA:0330221","HPA","Oral mucosa; squamous epithelial cells[≥Low]",10995,489
"365","tan",TRUE,3.44998963254179e-09,6246,103,88,0.854368932038835,0.0140890169708614,"HPA:0330000","HPA","Oral mucosa",10995,488
"366","tan",TRUE,3.44998963254179e-09,6814,103,92,0.893203883495146,0.0135016143234517,"HPA:0430051","HPA","Seminal vesicle; glandular cells[≥Low]",10995,619
"367","tan",TRUE,3.44998963254179e-09,6666,103,91,0.883495145631068,0.0136513651365137,"HPA:0190221","HPA","Esophagus; squamous epithelial cells[≥Low]",10995,325
"368","tan",TRUE,3.44998963254179e-09,5362,103,81,0.786407766990291,0.015106303618053,"HPA:0570732","HPA","Testis; Leydig cells[≥Medium]",10995,820
"369","tan",TRUE,3.44998963254179e-09,6666,103,91,0.883495145631068,0.0136513651365137,"HPA:0190000","HPA","Esophagus",10995,324
"370","tan",TRUE,3.44998963254179e-09,6814,103,92,0.893203883495146,0.0135016143234517,"HPA:0430000","HPA","Seminal vesicle",10995,618
"371","tan",TRUE,3.6245522019386e-09,788,103,28,0.271844660194175,0.0355329949238579,"HPA:0471461","HPA","Skin 2; langerhans cells[≥Low]",10995,725
"372","tan",TRUE,3.97850276686734e-09,4801,103,76,0.737864077669903,0.0158300354092897,"HPA:0390052","HPA","Prostate; glandular cells[≥Medium]",10995,556
"373","tan",TRUE,4.095489778493e-09,6983,103,93,0.902912621359223,0.0133180581412001,"HPA:0130051","HPA","Colon; glandular cells[≥Low]",10995,231
"374","tan",TRUE,4.46898807489333e-09,7817,103,98,0.951456310679612,0.0125367788154023,"HPA:0030000","HPA","Appendix",10995,22
"375","tan",TRUE,4.54566066148338e-09,7643,103,97,0.941747572815534,0.0126913515635222,"HPA:0220000","HPA","Gallbladder",10995,360
"376","tan",TRUE,4.54566066148338e-09,7643,103,97,0.941747572815534,0.0126913515635222,"HPA:0220051","HPA","Gallbladder; glandular cells[≥Low]",10995,361
"377","tan",TRUE,5.04791784680009e-09,7007,103,93,0.902912621359223,0.0132724418438704,"HPA:0270361","HPA","Kidney; cells in tubules[≥Low]",10995,414
"378","tan",TRUE,5.71169333518894e-09,2427,103,51,0.495145631067961,0.0210135970333745,"HPA:0550053","HPA","Stomach 2; glandular cells[High]",10995,804
"379","tan",TRUE,6.26650805011249e-09,6317,103,88,0.854368932038835,0.0139306632895362,"HPA:0241101","HPA","Heart muscle; cardiomyocytes[≥Low]",10995,378
"380","tan",TRUE,6.26650805011249e-09,6317,103,88,0.854368932038835,0.0139306632895362,"HPA:0240000","HPA","Heart muscle",10995,377
"381","tan",TRUE,6.39203355077741e-09,6738,103,91,0.883495145631068,0.0135054912436925,"HPA:0030051","HPA","Appendix; glandular cells[≥Low]",10995,38
"382","tan",TRUE,7.42066075988736e-09,5814,103,84,0.815533980582524,0.0144478844169247,"HPA:0270362","HPA","Kidney; cells in tubules[≥Medium]",10995,415
"383","tan",TRUE,7.84555884396035e-09,5947,103,85,0.825242718446602,0.0142929208004036,"HPA:0610832","HPA","Urinary bladder; urothelial cells[≥Medium]",10995,869
"384","tan",TRUE,8.67884489629781e-09,7065,103,93,0.902912621359223,0.0131634819532909,"HPA:0480051","HPA","Small intestine; glandular cells[≥Low]",10995,753
"385","tan",TRUE,9.36633196998698e-09,7228,103,94,0.912621359223301,0.0130049806308799,"HPA:0460000","HPA","Skin 1",10995,636
"386","tan",TRUE,9.36633196998698e-09,6095,103,86,0.83495145631068,0.014109926168991,"HPA:0400052","HPA","Rectum; glandular cells[≥Medium]",10995,578
"387","tan",TRUE,1.11952799571177e-08,723,103,26,0.252427184466019,0.0359612724757953,"HPA:0470671","HPA","Skin 2; melanocytes[≥Low]",10995,731
"388","tan",TRUE,1.11952799571177e-08,7093,103,93,0.902912621359223,0.013111518398421,"HPA:0150051","HPA","Duodenum; glandular cells[≥Low]",10995,272
"389","tan",TRUE,1.13110823418113e-08,6518,103,89,0.864077669902913,0.0136544952439399,"HPA:0310000","HPA","Lymph node",10995,459
"390","tan",TRUE,2.26335008405005e-08,639,103,24,0.233009708737864,0.0375586854460094,"HPA:0470672","HPA","Skin 2; melanocytes[≥Medium]",10995,732
"391","tan",TRUE,2.26335008405005e-08,6054,103,85,0.825242718446602,0.0140403039312851,"HPA:0310441","HPA","Lymph node; non-germinal center cells[≥Low]",10995,463
"392","tan",TRUE,2.27524407994214e-08,5680,103,82,0.796116504854369,0.0144366197183099,"HPA:0180052","HPA","Epididymis; glandular cells[≥Medium]",10995,322
"393","tan",TRUE,2.33768108217299e-08,3622,103,63,0.611650485436893,0.0173937051352844,"HPA:0351182","HPA","Pancreas; pancreatic endocrine cells[≥Medium]",10995,519
"394","tan",TRUE,2.35972740802337e-08,5564,103,81,0.786407766990291,0.0145578720345075,"HPA:0090161","HPA","Cerebellum; Purkinje cells[≥Low]",10995,116
"395","tan",TRUE,2.55345647121324e-08,6601,103,89,0.864077669902913,0.0134828056355098,"HPA:0220052","HPA","Gallbladder; glandular cells[≥Medium]",10995,362
"396","tan",TRUE,2.65550085030768e-08,4882,103,75,0.728155339805825,0.0153625563293732,"HPA:0170052","HPA","Endometrium 2; glandular cells[≥Medium]",10995,318
"397","tan",TRUE,2.78671453955393e-08,7500,103,95,0.922330097087379,0.0126666666666667,"HPA:0380000","HPA","Placenta",10995,532
"398","tan",TRUE,2.99666833589845e-08,4044,103,67,0.650485436893204,0.0165677546983185,"HPA:0620222","HPA","Vagina; squamous epithelial cells[≥Medium]",10995,873
"399","tan",TRUE,3.06500678355342e-08,7050,103,92,0.893203883495146,0.0130496453900709,"HPA:0400051","HPA","Rectum; glandular cells[≥Low]",10995,577
"400","tan",TRUE,3.23539357445812e-08,6768,103,90,0.87378640776699,0.0132978723404255,"HPA:0300411","HPA","Lung; macrophages[≥Low]",10995,456
"401","tan",TRUE,3.52126843765422e-08,712,103,25,0.242718446601942,0.0351123595505618,"HPA:0461471","HPA","Skin 1; lymphocytes[≥Low]",10995,679
"402","tan",TRUE,3.62165279177143e-08,887,103,28,0.271844660194175,0.0315670800450958,"HPA:0470201","HPA","Skin 2; endothelial cells[≥Low]",10995,710
"403","tan",TRUE,5.9799667029175e-08,7421,103,94,0.912621359223301,0.0126667565018192,"HPA:0060000","HPA","Bronchus",10995,64
"404","tan",TRUE,6.53480753387887e-08,4117,103,67,0.650485436893204,0.0162739859120719,"HPA:0090162","HPA","Cerebellum; Purkinje cells[≥Medium]",10995,117
"405","tan",TRUE,1.12119834155041e-07,7182,103,92,0.893203883495146,0.0128098022834865,"HPA:0090000","HPA","Cerebellum",10995,103
"406","tan",TRUE,1.20258162280566e-07,646,103,23,0.223300970873786,0.0356037151702786,"HPA:0471472","HPA","Skin 2; lymphocytes[≥Medium]",10995,729
"407","tan",TRUE,1.23844909359786e-07,5981,103,83,0.805825242718447,0.0138772780471493,"HPA:0600431","HPA","Tonsil; germinal center cells[≥Low]",10995,858
"408","tan",TRUE,1.27215771258388e-07,1550,103,37,0.359223300970874,0.0238709677419355,"HPA:0360053","HPA","Parathyroid gland; glandular cells[High]",10995,524
"409","tan",TRUE,1.41639934406526e-07,7358,103,93,0.902912621359223,0.0126393041587388,"HPA:0300000","HPA","Lung",10995,443
"410","tan",TRUE,1.54089808307229e-07,9012,103,102,0.990291262135922,0.0113182423435419,"HPA:0570000","HPA","Testis",10995,818
"411","tan",TRUE,1.67842584297353e-07,5891,103,82,0.796116504854369,0.0139195382787303,"HPA:0530000","HPA","Spleen",10995,790
"412","tan",TRUE,1.82056589040943e-07,719,103,24,0.233009708737864,0.0333796940194715,"HPA:0470181","HPA","Skin 2; cells in granular layer[≥Low]",10995,701
"413","tan",TRUE,1.94431786058064e-07,455,103,19,0.184466019417476,0.0417582417582418,"HPA:0471473","HPA","Skin 2; lymphocytes[High]",10995,730
"414","tan",TRUE,2.55083384888357e-07,4671,103,71,0.689320388349515,0.0152001712695354,"HPA:0210052","HPA","Fallopian tube; glandular cells[≥Medium]",10995,355
"415","tan",TRUE,2.56112460268688e-07,4354,103,68,0.660194174757282,0.0156178226917777,"HPA:0330222","HPA","Oral mucosa; squamous epithelial cells[≥Medium]",10995,490
"416","tan",TRUE,2.97643740309131e-07,4369,103,68,0.660194174757282,0.0155642023346304,"HPA:0241102","HPA","Heart muscle; cardiomyocytes[≥Medium]",10995,379
"417","tan",TRUE,3.73570204692061e-07,5734,103,80,0.776699029126214,0.0139518660620858,"HPA:0210051","HPA","Fallopian tube; glandular cells[≥Low]",10995,354
"418","tan",TRUE,4.82566737106594e-07,880,103,26,0.252427184466019,0.0295454545454545,"HPA:0461391","HPA","Skin 1; cells in basal layer[≥Low]",10995,643
"419","tan",TRUE,6.25596798187479e-07,4982,103,73,0.70873786407767,0.0146527498996387,"HPA:0100132","HPA","Cerebral cortex; neuronal cells[≥Medium]",10995,190
"420","tan",TRUE,6.76720792537936e-07,2719,103,50,0.485436893203884,0.0183891136447223,"HPA:0530722","HPA","Spleen; cells in white pulp[≥Medium]",10995,795
"421","tan",TRUE,6.79288436629705e-07,715,103,23,0.223300970873786,0.0321678321678322,"HPA:0461461","HPA","Skin 1; langerhans cells[≥Low]",10995,676
"422","tan",TRUE,7.39500378063173e-07,661,103,22,0.213592233009709,0.0332829046898638,"HPA:0471462","HPA","Skin 2; langerhans cells[≥Medium]",10995,726
"423","tan",TRUE,7.58286466650502e-07,840,103,25,0.242718446601942,0.0297619047619048,"HPA:0460201","HPA","Skin 1; endothelial cells[≥Low]",10995,658
"424","tan",TRUE,1.02022946510618e-06,562,103,20,0.194174757281553,0.0355871886120996,"HPA:0470182","HPA","Skin 2; cells in granular layer[≥Medium]",10995,702
"425","tan",TRUE,1.24222344779899e-06,682,103,22,0.213592233009709,0.032258064516129,"HPA:0471412","HPA","Skin 2; cells in spinous layer[≥Medium]",10995,705
"426","tan",TRUE,1.373393636952e-06,4740,103,70,0.679611650485437,0.0147679324894515,"HPA:0320102","HPA","Nasopharynx; respiratory epithelial cells[≥Medium]",10995,486
"427","tan",TRUE,1.571625761563e-06,3727,103,60,0.58252427184466,0.016098738932117,"HPA:0630222","HPA","Cervix; squamous epithelial cells[≥Medium]",10995,206
"428","tan",TRUE,1.87003654853156e-06,759,103,23,0.223300970873786,0.0303030303030303,"HPA:0461411","HPA","Skin 1; cells in spinous layer[≥Low]",10995,652
"429","tan",TRUE,1.93052083522072e-06,5446,103,76,0.737864077669903,0.0139551964744767,"HPA:0630221","HPA","Cervix; squamous epithelial cells[≥Low]",10995,205
"430","tan",TRUE,2.29413072804393e-06,4905,103,71,0.689320388349515,0.0144750254841998,"HPA:0060102","HPA","Bronchus; respiratory epithelial cells[≥Medium]",10995,84
"431","tan",TRUE,2.4579197502272e-06,6697,103,86,0.83495145631068,0.0128415708526206,"HPA:0100131","HPA","Cerebral cortex; neuronal cells[≥Low]",10995,189
"432","tan",TRUE,2.75955358392182e-06,5147,103,73,0.70873786407767,0.0141830192345055,"HPA:0160052","HPA","Endometrium 1; glandular cells[≥Medium]",10995,311
"433","tan",TRUE,3.0261822164872e-06,4403,103,66,0.640776699029126,0.014989779695662,"HPA:0360052","HPA","Parathyroid gland; glandular cells[≥Medium]",10995,523
"434","tan",TRUE,3.06894752073959e-06,5049,103,72,0.699029126213592,0.0142602495543672,"HPA:0310431","HPA","Lymph node; germinal center cells[≥Low]",10995,460
"435","tan",TRUE,3.65373340311135e-06,5292,103,74,0.718446601941748,0.0139833711262283,"HPA:0460671","HPA","Skin 1; melanocytes[≥Low]",10995,682
"436","tan",TRUE,3.79558137409928e-06,4222,103,64,0.621359223300971,0.0151586925627665,"HPA:0250132","HPA","Hippocampus; neuronal cells[≥Medium]",10995,386
"437","tan",TRUE,3.99170253366136e-06,5884,103,79,0.766990291262136,0.0134262406526173,"HPA:0360051","HPA","Parathyroid gland; glandular cells[≥Low]",10995,522
"438","tan",TRUE,3.99170253366136e-06,5884,103,79,0.766990291262136,0.0134262406526173,"HPA:0360000","HPA","Parathyroid gland",10995,521
"439","tan",TRUE,4.06346139335288e-06,5651,103,77,0.747572815533981,0.0136259069191294,"HPA:0050091","HPA","Breast; myoepithelial cells[≥Low]",10995,61
"440","tan",TRUE,4.54897420601596e-06,356,103,15,0.145631067961165,0.0421348314606742,"HPA:0470673","HPA","Skin 2; melanocytes[High]",10995,733
"441","tan",TRUE,6.87985228654755e-06,6952,103,87,0.844660194174757,0.0125143843498274,"HPA:0080000","HPA","Caudate",10995,90
"442","tan",TRUE,7.06121913900112e-06,1020,103,26,0.252427184466019,0.0254901960784314,"HPA:0471441","HPA","Skin 2; fibrohistiocytic cells[≥Low]",10995,719
"443","tan",TRUE,8.4960644325927e-06,1533,103,33,0.320388349514563,0.0215264187866928,"HPA:0301371","HPA","Lung; alveolar cells type II[≥Low]",10995,450
"444","tan",TRUE,8.69262448896122e-06,710,103,21,0.203883495145631,0.0295774647887324,"HPA:0460181","HPA","Skin 1; cells in granular layer[≥Low]",10995,649
"445","tan",TRUE,1.05773039981697e-05,1549,103,33,0.320388349514563,0.0213040671400904,"HPA:0090163","HPA","Cerebellum; Purkinje cells[High]",10995,118
"446","tan",TRUE,1.06872010714297e-05,4033,103,61,0.592233009708738,0.0151252169600793,"HPA:0630052","HPA","Cervix; glandular cells[≥Medium]",10995,203
"447","tan",TRUE,1.36692458437396e-05,6152,103,80,0.776699029126214,0.0130039011703511,"HPA:0080131","HPA","Caudate; neuronal cells[≥Low]",10995,94
"448","tan",TRUE,1.3810440364741e-05,248,103,12,0.116504854368932,0.0483870967741935,"HPA:0471413","HPA","Skin 2; cells in spinous layer[High]",10995,706
"449","tan",TRUE,1.9309878509266e-05,4937,103,69,0.669902912621359,0.0139760988454527,"HPA:0600222","HPA","Tonsil; squamous epithelial cells[≥Medium]",10995,865
"450","tan",TRUE,2.15874046150498e-05,4112,103,61,0.592233009708738,0.0148346303501946,"HPA:0080132","HPA","Caudate; neuronal cells[≥Medium]",10995,95
"451","tan",TRUE,2.1866291132349e-05,884,103,23,0.223300970873786,0.0260180995475113,"HPA:0461441","HPA","Skin 1; fibrohistiocytic cells[≥Low]",10995,667
"452","tan",TRUE,2.22832404623377e-05,6214,103,80,0.776699029126214,0.0128741551335694,"HPA:0250131","HPA","Hippocampus; neuronal cells[≥Low]",10995,385
"453","tan",TRUE,2.31418663160562e-05,8088,103,94,0.912621359223301,0.01162215628091,"HPA:0100000","HPA","Cerebral cortex",10995,182
"454","tan",TRUE,2.3650812183262e-05,577,103,18,0.174757281553398,0.0311958405545927,"HPA:0461462","HPA","Skin 1; langerhans cells[≥Medium]",10995,677
"455","tan",TRUE,2.38716813186601e-05,637,103,19,0.184466019417476,0.0298273155416013,"HPA:0461392","HPA","Skin 1; cells in basal layer[≥Medium]",10995,644
"456","tan",TRUE,2.72955004650579e-05,6487,103,82,0.796116504854369,0.0126406659472792,"HPA:0040081","HPA","Bone marrow; hematopoietic cells[≥Low]",10995,51
"457","tan",TRUE,2.72955004650579e-05,6487,103,82,0.796116504854369,0.0126406659472792,"HPA:0040000","HPA","Bone marrow",10995,50
"458","tan",TRUE,2.98152344244652e-05,2284,103,41,0.398058252427184,0.0179509632224168,"HPA:0020053","HPA","Adrenal gland; glandular cells[High]",10995,18
"459","tan",TRUE,3.06415960916236e-05,5901,103,77,0.747572815533981,0.0130486358244365,"HPA:0060101","HPA","Bronchus; respiratory epithelial cells[≥Low]",10995,83
"460","tan",TRUE,3.169552519102e-05,591,103,18,0.174757281553398,0.0304568527918782,"HPA:0461412","HPA","Skin 1; cells in spinous layer[≥Medium]",10995,653
"461","tan",TRUE,3.60315584973624e-05,4076,103,60,0.58252427184466,0.014720314033366,"HPA:0160251","HPA","Endometrium 1; cells in endometrial stroma[≥Low]",10995,307
"462","tan",TRUE,4.38181547207584e-05,7187,103,87,0.844660194174757,0.0121051899262557,"HPA:0320000","HPA","Nasopharynx",10995,466
"463","tan",TRUE,5.58996607777426e-05,557,103,17,0.16504854368932,0.0305206463195691,"HPA:0460182","HPA","Skin 1; cells in granular layer[≥Medium]",10995,650
"464","tan",TRUE,5.76537909568533e-05,1153,103,26,0.252427184466019,0.0225498699045967,"HPA:0330223","HPA","Oral mucosa; squamous epithelial cells[High]",10995,491
"465","tan",TRUE,6.8393470843207e-05,160,103,9,0.087378640776699,0.05625,"HPA:0471452","HPA","Skin 2; hair follicles[≥Medium]",10995,723
"466","tan",TRUE,7.05853478448636e-05,89,103,7,0.0679611650485437,0.0786516853932584,"HPA:0471421","HPA","Skin 2; eccrine glands[≥Low]",10995,707
"467","tan",TRUE,8.0429500509689e-05,574,103,17,0.16504854368932,0.029616724738676,"HPA:0461472","HPA","Skin 1; lymphocytes[≥Medium]",10995,680
"468","tan",TRUE,8.66665731732633e-05,832,103,21,0.203883495145631,0.0252403846153846,"HPA:0471442","HPA","Skin 2; fibrohistiocytic cells[≥Medium]",10995,720
"469","tan",TRUE,9.09058807034384e-05,5030,103,68,0.660194174757282,0.0135188866799205,"HPA:0130241","HPA","Colon; peripheral nerve/ganglion[≥Low]",10995,240
"470","tan",TRUE,9.78449315513357e-05,4098,103,59,0.572815533980582,0.0143972669594924,"HPA:0600432","HPA","Tonsil; germinal center cells[≥Medium]",10995,859
"471","tan",TRUE,9.78449315513357e-05,466,103,15,0.145631067961165,0.0321888412017167,"HPA:0471443","HPA","Skin 2; fibrohistiocytic cells[High]",10995,721
"472","tan",TRUE,0.000126913271941994,6816,103,83,0.805825242718447,0.0121772300469484,"HPA:0250000","HPA","Hippocampus",10995,381
"473","tan",TRUE,0.000133554569628114,3937,103,57,0.553398058252427,0.0144780289560579,"HPA:0010000","HPA","Adipose tissue",10995,2
"474","tan",TRUE,0.000133554569628114,266,103,11,0.106796116504854,0.0413533834586466,"HPA:0471463","HPA","Skin 2; langerhans cells[High]",10995,727
"475","tan",TRUE,0.000133554569628114,3937,103,57,0.553398058252427,0.0144780289560579,"HPA:0010011","HPA","Adipose tissue; adipocytes[≥Low]",10995,3
"476","tan",TRUE,0.00014532679380961,6348,103,79,0.766990291262136,0.0124448645242596,"HPA:0380521","HPA","Placenta; trophoblastic cells[≥Low]",10995,551
"477","tan",TRUE,0.000146646004563029,5427,103,71,0.689320388349515,0.0130827344757693,"HPA:0340000","HPA","Ovary",10995,492
"478","tan",TRUE,0.000199142987891573,5357,103,70,0.679611650485437,0.0130670151204032,"HPA:0500000","HPA","Soft tissue 1",10995,766
"479","tan",TRUE,0.00020606334779756,1880,103,34,0.330097087378641,0.0180851063829787,"HPA:0030053","HPA","Appendix; glandular cells[High]",10995,40
"480","tan",TRUE,0.000227691963030846,4728,103,64,0.621359223300971,0.0135363790186125,"HPA:0030071","HPA","Appendix; lymphoid tissue[≥Low]",10995,44
"481","tan",TRUE,0.000227691963030846,4834,103,65,0.631067961165049,0.0134464211832851,"HPA:0380511","HPA","Placenta; decidual cells[≥Low]",10995,536
"482","tan",TRUE,0.000253355391117366,2415,103,40,0.388349514563107,0.0165631469979296,"HPA:0130053","HPA","Colon; glandular cells[High]",10995,233
"483","tan",TRUE,0.000255210615435689,394,103,13,0.12621359223301,0.032994923857868,"HPA:0461473","HPA","Skin 1; lymphocytes[High]",10995,681
"484","tan",TRUE,0.000287405335070965,1830,103,33,0.320388349514563,0.0180327868852459,"HPA:0060103","HPA","Bronchus; respiratory epithelial cells[High]",10995,85
"485","tan",TRUE,0.000307279397580637,5757,103,73,0.70873786407767,0.01268021538996,"HPA:0320101","HPA","Nasopharynx; respiratory epithelial cells[≥Low]",10995,485
"486","tan",TRUE,0.000309511710757469,197,103,9,0.087378640776699,0.0456852791878173,"HPA:0471451","HPA","Skin 2; hair follicles[≥Low]",10995,722
"487","tan",TRUE,0.000330438065611913,4888,103,65,0.631067961165049,0.0132978723404255,"HPA:0300412","HPA","Lung; macrophages[≥Medium]",10995,457
"488","tan",TRUE,0.000418917619525276,2926,103,45,0.436893203883495,0.0153793574846206,"HPA:0090182","HPA","Cerebellum; cells in granular layer[≥Medium]",10995,132
"489","tan",TRUE,0.000441868377092502,1233,103,25,0.242718446601942,0.0202757502027575,"HPA:0301372","HPA","Lung; alveolar cells type II[≥Medium]",10995,451
"490","tan",TRUE,0.000452489939061775,1960,103,34,0.330097087378641,0.0173469387755102,"HPA:0350473","HPA","Pancreas; exocrine glandular cells[High]",10995,517
"491","tan",TRUE,0.000452489939061775,3702,103,53,0.514563106796116,0.0143165856293895,"HPA:0460672","HPA","Skin 1; melanocytes[≥Medium]",10995,683
"492","tan",TRUE,0.000469803362525736,1880,103,33,0.320388349514563,0.0175531914893617,"HPA:0590053","HPA","Thyroid gland; glandular cells[High]",10995,856
"493","tan",TRUE,0.000475281822330014,3514,103,51,0.495145631067961,0.014513375071144,"HPA:0170251","HPA","Endometrium 2; cells in endometrial stroma[≥Low]",10995,314
"494","tan",TRUE,0.000541743306546293,88,103,6,0.058252427184466,0.0681818181818182,"HPA:0461381","HPA","Skin 1; arrector pili muscle cells[≥Low]",10995,640
"495","tan",TRUE,0.000542395343655826,56,103,5,0.0485436893203883,0.0892857142857143,"HPA:0461382","HPA","Skin 1; arrector pili muscle cells[≥Medium]",10995,641
"496","tan",TRUE,0.000580776576892699,2159,103,36,0.349514563106796,0.0166743862899491,"HPA:0270363","HPA","Kidney; cells in tubules[High]",10995,416
"497","tan",TRUE,0.000602323609270888,4451,103,60,0.58252427184466,0.0134801168276792,"HPA:0090191","HPA","Cerebellum; cells in molecular layer[≥Low]",10995,134
"498","tan",TRUE,0.000734455532578586,5332,103,68,0.660194174757282,0.0127531882970743,"HPA:0530711","HPA","Spleen; cells in red pulp[≥Low]",10995,791
"499","tan",TRUE,0.000754296397878979,698,103,17,0.16504854368932,0.0243553008595989,"HPA:0461442","HPA","Skin 1; fibrohistiocytic cells[≥Medium]",10995,668
"500","tan",TRUE,0.000819485021288047,3298,103,48,0.466019417475728,0.0145542753183748,"HPA:0310432","HPA","Lymph node; germinal center cells[≥Medium]",10995,461
"501","tan",TRUE,0.000915534036350979,849,103,19,0.184466019417476,0.0223792697290931,"HPA:0530723","HPA","Spleen; cells in white pulp[High]",10995,796
"502","tan",TRUE,0.00110596545470912,1472,103,27,0.262135922330097,0.0183423913043478,"HPA:0430053","HPA","Seminal vesicle; glandular cells[High]",10995,621
"503","tan",TRUE,0.00114322657975991,2777,103,42,0.407766990291262,0.01512423478574,"HPA:0050011","HPA","Breast; adipocytes[≥Low]",10995,55
"504","tan",TRUE,0.00124255193209926,293,103,10,0.0970873786407767,0.0341296928327645,"HPA:0461452","HPA","Skin 1; hair follicles[≥Medium]",10995,671
"505","tan",TRUE,0.00130199103452801,1652,103,29,0.281553398058252,0.0175544794188862,"HPA:0190223","HPA","Esophagus; squamous epithelial cells[High]",10995,327
"506","tan",TRUE,0.00133324483039919,296,103,10,0.0970873786407767,0.0337837837837838,"HPA:0471393","HPA","Skin 2; cells in basal layer[High]",10995,697
"507","tan",TRUE,0.00135036018652577,4995,103,64,0.621359223300971,0.0128128128128128,"HPA:0100211","HPA","Cerebral cortex; neuropil[≥Low]",10995,195
"508","tan",TRUE,0.00143239591710765,1105,103,22,0.213592233009709,0.0199095022624434,"HPA:0080133","HPA","Caudate; neuronal cells[High]",10995,96
"509","tan",TRUE,0.00145746634972423,3771,103,52,0.504854368932039,0.0137894457703527,"HPA:0050092","HPA","Breast; myoepithelial cells[≥Medium]",10995,62
"510","tan",TRUE,0.00152561871774689,248,103,9,0.087378640776699,0.0362903225806452,"HPA:0470183","HPA","Skin 2; cells in granular layer[High]",10995,703
"511","tan",TRUE,0.00163058247982419,72,103,5,0.0485436893203883,0.0694444444444444,"HPA:0471422","HPA","Skin 2; eccrine glands[≥Medium]",10995,708
"512","tan",TRUE,0.00170727064599567,4198,103,56,0.543689320388349,0.0133396855645545,"HPA:0600442","HPA","Tonsil; non-germinal center cells[≥Medium]",10995,862
"513","tan",TRUE,0.00182382865850994,367,103,11,0.106796116504854,0.0299727520435967,"HPA:0461451","HPA","Skin 1; hair follicles[≥Low]",10995,670
"514","tan",TRUE,0.00193965152738978,75,103,5,0.0485436893203883,0.0666666666666667,"HPA:0471381","HPA","Skin 2; arrector pili muscle cells[≥Low]",10995,692
"515","tan",TRUE,0.00233319294532905,636,103,15,0.145631067961165,0.0235849056603774,"HPA:0470202","HPA","Skin 2; endothelial cells[≥Medium]",10995,711
"516","tan",TRUE,0.00233319294532905,320,103,10,0.0970873786407767,0.03125,"HPA:0470203","HPA","Skin 2; endothelial cells[High]",10995,712
"517","tan",TRUE,0.00242698577851481,2603,103,39,0.378640776699029,0.0149827122550903,"HPA:0150053","HPA","Duodenum; glandular cells[High]",10995,274
"518","tan",TRUE,0.00257035753169395,4573,103,59,0.572815533980582,0.0129018150010934,"HPA:0080121","HPA","Caudate; glial cells[≥Low]",10995,91
"519","tan",TRUE,0.00310402865118494,4919,103,62,0.601941747572815,0.0126041878430575,"HPA:0100121","HPA","Cerebral cortex; glial cells[≥Low]",10995,186
"520","tan",TRUE,0.00316659169505409,2186,103,34,0.330097087378641,0.0155535224153705,"HPA:0500111","HPA","Soft tissue 1; chondrocytes[≥Low]",10995,767
"521","tan",TRUE,0.00335829456902124,592,103,14,0.135922330097087,0.0236486486486486,"HPA:0460202","HPA","Skin 1; endothelial cells[≥Medium]",10995,659
"522","tan",TRUE,0.00355905459246761,4627,103,59,0.572815533980582,0.0127512427058569,"HPA:0100201","HPA","Cerebral cortex; endothelial cells[≥Low]",10995,183
"523","tan",TRUE,0.00375200619055534,1771,103,29,0.281553398058252,0.0163749294184077,"HPA:0570733","HPA","Testis; Leydig cells[High]",10995,821
"524","tan",TRUE,0.00432938424266131,1961,103,31,0.300970873786408,0.01580826109128,"HPA:0291162","HPA","Liver; cholangiocytes[≥Medium]",10995,438
"525","tan",TRUE,0.00460421419801811,755,103,16,0.155339805825243,0.0211920529801325,"HPA:0090183","HPA","Cerebellum; cells in granular layer[High]",10995,133
"526","tan",TRUE,0.00484519619286987,1139,103,21,0.203883495145631,0.0184372256365233,"HPA:0620223","HPA","Vagina; squamous epithelial cells[High]",10995,874
"527","tan",TRUE,0.00542644225908906,5667,103,68,0.660194174757282,0.0119992941591671,"HPA:0130201","HPA","Colon; endothelial cells[≥Low]",10995,216
"528","tan",TRUE,0.00551640455252458,3983,103,52,0.504854368932039,0.0130554858147125,"HPA:0340461","HPA","Ovary; ovarian stroma cells[≥Low]",10995,508
"529","tan",TRUE,0.00551640455252458,5894,103,70,0.679611650485437,0.0118764845605701,"HPA:0440000","HPA","Skeletal muscle",10995,622
"530","tan",TRUE,0.00551640455252458,5894,103,70,0.679611650485437,0.0118764845605701,"HPA:0440341","HPA","Skeletal muscle; myocytes[≥Low]",10995,623
"531","tan",TRUE,0.00653550388592775,29,103,3,0.029126213592233,0.103448275862069,"HPA:0471423","HPA","Skin 2; eccrine glands[High]",10995,709
"532","tan",TRUE,0.00661369035218905,5161,103,63,0.611650485436893,0.012206936640186,"HPA:0270351","HPA","Kidney; cells in glomeruli[≥Low]",10995,411
"533","tan",TRUE,0.00672015223219446,1335,103,23,0.223300970873786,0.0172284644194757,"HPA:0390053","HPA","Prostate; glandular cells[High]",10995,557
"534","tan",TRUE,0.00701016853286549,1258,103,22,0.213592233009709,0.0174880763116057,"HPA:0250133","HPA","Hippocampus; neuronal cells[High]",10995,387
"535","tan",TRUE,0.00717892304879722,2574,103,37,0.359223300970874,0.0143745143745144,"HPA:0400053","HPA","Rectum; glandular cells[High]",10995,579
"536","tan",TRUE,0.00745888447351149,202,103,7,0.0679611650485437,0.0346534653465347,"HPA:0461481","HPA","Skin 1; sebaceous glands[≥Low]",10995,685
"537","tan",TRUE,0.00762901400251272,1350,103,23,0.223300970873786,0.017037037037037,"HPA:0050053","HPA","Breast; glandular cells[High]",10995,60
"538","tan",TRUE,0.0078585730468766,3061,103,42,0.407766990291262,0.0137210062071219,"HPA:0570811","HPA","Testis; spermatogonia cells[≥Low]",10995,843
"539","tan",TRUE,0.00788780551575601,5197,103,63,0.611650485436893,0.0121223782951703,"HPA:0510000","HPA","Soft tissue 2",10995,776
"540","tan",TRUE,0.00816704490523473,1035,103,19,0.184466019417476,0.0183574879227053,"HPA:0630223","HPA","Cervix; squamous epithelial cells[High]",10995,207
"541","tan",TRUE,0.00836611206607817,207,103,7,0.0679611650485437,0.0338164251207729,"HPA:0461413","HPA","Skin 1; cells in spinous layer[High]",10995,654
"542","tan",TRUE,0.00907346936675936,5441,103,65,0.631067961165049,0.0119463333945966,"HPA:0490000","HPA","Smooth muscle",10995,762
"543","tan",TRUE,0.00907346936675936,5441,103,65,0.631067961165049,0.0119463333945966,"HPA:0490691","HPA","Smooth muscle; smooth muscle cells[≥Low]",10995,763
"544","tan",TRUE,0.00931908424926701,110,103,5,0.0485436893203883,0.0454545454545455,"HPA:0471482","HPA","Skin 2; sebaceous glands[≥Medium]",10995,735
"545","tan",TRUE,0.0102106662061577,273,103,8,0.0776699029126214,0.0293040293040293,"HPA:0271123","HPA","Kidney; collecting ducts[High]",10995,419
"546","tan",TRUE,0.0108431780599413,2547,103,36,0.349514563106796,0.0141342756183746,"HPA:0480053","HPA","Small intestine; glandular cells[High]",10995,755
"547","tan",TRUE,0.0112290974405799,1481,103,24,0.233009708737864,0.0162052667116813,"HPA:0420053","HPA","Salivary gland; glandular cells[High]",10995,617
"548","tan",TRUE,0.0119363551520938,1489,103,24,0.233009708737864,0.0161182001343183,"HPA:0050012","HPA","Breast; adipocytes[≥Medium]",10995,56
"549","tan",TRUE,0.0119363551520938,4539,103,56,0.543689320388349,0.0123375192773739,"HPA:0090181","HPA","Cerebellum; cells in granular layer[≥Low]",10995,131
"550","tan",TRUE,0.0119933778703121,4231,103,53,0.514563106796116,0.0125265894587568,"HPA:0500651","HPA","Soft tissue 1; fibroblasts[≥Low]",10995,770
"551","tan",TRUE,0.0130012637193946,1848,103,28,0.271844660194175,0.0151515151515152,"HPA:0100133","HPA","Cerebral cortex; neuronal cells[High]",10995,191
"552","tan",TRUE,0.0132973729335707,1087,103,19,0.184466019417476,0.0174793008279669,"HPA:0510111","HPA","Soft tissue 2; chondrocytes[≥Low]",10995,777
"553","tan",TRUE,0.0138461813090964,1173,103,20,0.194174757281553,0.0170502983802217,"HPA:0241103","HPA","Heart muscle; cardiomyocytes[High]",10995,380
"554","tan",TRUE,0.0143172730697762,3960,103,50,0.485436893203884,0.0126262626262626,"HPA:0291161","HPA","Liver; cholangiocytes[≥Low]",10995,437
"555","tan",TRUE,0.0148609810209514,2789,103,38,0.368932038834951,0.0136249551810685,"HPA:0090192","HPA","Cerebellum; cells in molecular layer[≥Medium]",10995,135
"556","tan",TRUE,0.0150843348460612,2792,103,38,0.368932038834951,0.0136103151862464,"HPA:0500701","HPA","Soft tissue 1; peripheral nerve[≥Low]",10995,773
"557","tan",TRUE,0.0155231585585816,1786,103,27,0.262135922330097,0.0151175811870101,"HPA:0320103","HPA","Nasopharynx; respiratory epithelial cells[High]",10995,487
"558","tan",TRUE,0.0158694023369995,868,103,16,0.155339805825243,0.0184331797235023,"HPA:0290403","HPA","Liver; hepatocytes[High]",10995,442
"559","tan",TRUE,0.0159077471218865,2613,103,36,0.349514563106796,0.0137772675086108,"HPA:0100212","HPA","Cerebral cortex; neuropil[≥Medium]",10995,196
"560","tan",TRUE,0.0165914090116801,1448,103,23,0.223300970873786,0.0158839779005525,"HPA:0500112","HPA","Soft tissue 1; chondrocytes[≥Medium]",10995,768
"561","tan",TRUE,0.0171879702496368,240,103,7,0.0679611650485437,0.0291666666666667,"HPA:0471491","HPA","Skin 2; vascular mural cells[≥Low]",10995,737
"562","tan",TRUE,0.01776612936194,802,103,15,0.145631067961165,0.0187032418952618,"HPA:0351183","HPA","Pancreas; pancreatic endocrine cells[High]",10995,520
"563","tan",TRUE,0.0177938313093491,83,103,4,0.0388349514563107,0.0481927710843374,"HPA:0461483","HPA","Skin 1; sebaceous glands[High]",10995,687
"564","tan",TRUE,0.0185241480441645,132,103,5,0.0485436893203883,0.0378787878787879,"HPA:0471481","HPA","Skin 2; sebaceous glands[≥Low]",10995,734
"565","tan",TRUE,0.0185548239957102,1210,103,20,0.194174757281553,0.0165289256198347,"HPA:0310443","HPA","Lymph node; non-germinal center cells[High]",10995,465
"566","tan",TRUE,0.0186335408321755,886,103,16,0.155339805825243,0.018058690744921,"HPA:0301362","HPA","Lung; alveolar cells type I[≥Medium]",10995,448
"567","tan",TRUE,0.0189425548566705,4122,103,51,0.495145631067961,0.012372634643377,"HPA:0510651","HPA","Soft tissue 2; fibroblasts[≥Low]",10995,780
"568","tan",TRUE,0.0196392136346074,736,103,14,0.135922330097087,0.0190217391304348,"HPA:0510112","HPA","Soft tissue 2; chondrocytes[≥Medium]",10995,778
"569","tan",TRUE,0.0196716106100636,2004,103,29,0.281553398058252,0.0144710578842315,"HPA:0250122","HPA","Hippocampus; glial cells[≥Medium]",10995,383
"570","tan",TRUE,0.0197310684195283,248,103,7,0.0679611650485437,0.0282258064516129,"HPA:0460183","HPA","Skin 1; cells in granular layer[High]",10995,651
"571","tan",TRUE,0.0205726790424428,191,103,6,0.058252427184466,0.031413612565445,"HPA:0461393","HPA","Skin 1; cells in basal layer[High]",10995,645
"572","tan",TRUE,0.0207980142039396,1656,103,25,0.242718446601942,0.0150966183574879,"HPA:0210053","HPA","Fallopian tube; glandular cells[High]",10995,356
"573","tan",TRUE,0.0217173243206256,47,103,3,0.029126213592233,0.0638297872340425,"HPA:0471453","HPA","Skin 2; hair follicles[High]",10995,724
"574","tan",TRUE,0.0218839718463544,985,103,17,0.16504854368932,0.017258883248731,"HPA:0460673","HPA","Skin 1; melanocytes[High]",10995,684
"575","tan",TRUE,0.023925595500012,2036,103,29,0.281553398058252,0.0142436149312377,"HPA:0610833","HPA","Urinary bladder; urothelial cells[High]",10995,870
"576","tan",TRUE,0.0259441533422663,3582,103,45,0.436893203883495,0.0125628140703518,"HPA:0380512","HPA","Placenta; decidual cells[≥Medium]",10995,537
"577","tan",TRUE,0.0260324695701858,2234,103,31,0.300970873786408,0.013876454789615,"HPA:0010012","HPA","Adipose tissue; adipocytes[≥Medium]",10995,4
"578","tan",TRUE,0.0265612623895418,203,103,6,0.058252427184466,0.0295566502463054,"HPA:0271112","HPA","Kidney; bowman's capsule[≥Medium]",10995,409
"579","tan",TRUE,0.0279367434278022,5147,103,60,0.58252427184466,0.0116572760831552,"HPA:0460661","HPA","Skin 1; keratinocytes[≥Low]",10995,673
"580","tan",TRUE,0.0282312870997658,3303,103,42,0.407766990291262,0.0127157129881926,"HPA:0340451","HPA","Ovary; follicle cells[≥Low]",10995,499
"581","tan",TRUE,0.0302419267051627,1802,103,26,0.252427184466019,0.0144284128745838,"HPA:0170252","HPA","Endometrium 2; cells in endometrial stroma[≥Medium]",10995,315
"582","tan",TRUE,0.0318456059390023,3426,103,43,0.41747572815534,0.0125510799766492,"HPA:0130242","HPA","Colon; peripheral nerve/ganglion[≥Medium]",10995,241
"583","tan",TRUE,0.0332229444137379,4141,103,50,0.485436893203884,0.0120743781695243,"HPA:0250121","HPA","Hippocampus; glial cells[≥Low]",10995,382
"584","tan",TRUE,0.0337190485446159,156,103,5,0.0485436893203883,0.032051282051282,"HPA:0131333","HPA","Colon; mucosal lymphoid cells[High]",10995,239
"585","tan",TRUE,0.0346241673394692,2568,103,34,0.330097087378641,0.0132398753894081,"HPA:0570812","HPA","Testis; spermatogonia cells[≥Medium]",10995,844
"586","tan",TRUE,0.0354067075719324,1471,103,22,0.213592233009709,0.0149558123725357,"HPA:0600223","HPA","Tonsil; squamous epithelial cells[High]",10995,866
"587","tan",TRUE,0.0354832597844827,218,103,6,0.058252427184466,0.0275229357798165,"HPA:0461463","HPA","Skin 1; langerhans cells[High]",10995,678
"588","tan",TRUE,0.0380791058243285,22,103,2,0.0194174757281553,0.0909090909090909,"HPA:0461383","HPA","Skin 1; arrector pili muscle cells[High]",10995,642
"589","tan",TRUE,0.0403352013174939,1229,103,19,0.184466019417476,0.015459723352319,"HPA:0600433","HPA","Tonsil; germinal center cells[High]",10995,860
"590","tan",TRUE,0.0408940596125243,2316,103,31,0.300970873786408,0.0133851468048359,"HPA:0080122","HPA","Caudate; glial cells[≥Medium]",10995,92
"591","tan",TRUE,0.0409469132102002,165,103,5,0.0485436893203883,0.0303030303030303,"HPA:0461482","HPA","Skin 1; sebaceous glands[≥Medium]",10995,686
"592","tan",TRUE,0.0424354474494211,1324,103,20,0.194174757281553,0.0151057401812689,"HPA:0600443","HPA","Tonsil; non-germinal center cells[High]",10995,863
"593","tan",TRUE,0.0424354474494211,5678,103,64,0.621359223300971,0.0112715744980627,"HPA:0470681","HPA","Skin 2; epidermal cells[≥Low]",10995,713
"594","tan",TRUE,0.043299336535733,662,103,12,0.116504854368932,0.0181268882175227,"HPA:0301373","HPA","Lung; alveolar cells type II[High]",10995,452
"595","tan",TRUE,0.043299336535733,295,103,7,0.0679611650485437,0.023728813559322,"HPA:0381193","HPA","Placenta; cytotrophoblasts[High]",10995,535
"596","tan",TRUE,0.0445928799105084,366,103,8,0.0776699029126214,0.0218579234972678,"HPA:0131332","HPA","Colon; mucosal lymphoid cells[≥Medium]",10995,238
"597","tan",TRUE,0.0462801747538334,2724,103,35,0.339805825242718,0.012848751835536,"HPA:0500652","HPA","Soft tissue 1; fibroblasts[≥Medium]",10995,771
"598","tan",TRUE,0.0495495509231799,304,103,7,0.0679611650485437,0.0230263157894737,"HPA:0091002","HPA","Cerebellum; molecular layer cells - cytoplasm/membrane[≥Medium]",10995,150
"599","tan",TRUE,1.17206113119564e-18,153,91,23,0.252747252747253,0.150326797385621,"KEGG:03010","KEGG","Ribosome",8484,208
"600","tan",TRUE,6.11858617446161e-15,134,91,19,0.208791208791209,0.141791044776119,"KEGG:00190","KEGG","Oxidative phosphorylation",8484,18
"601","tan",TRUE,7.28795882603276e-14,232,91,22,0.241758241758242,0.0948275862068965,"KEGG:04714","KEGG","Thermogenesis",8484,349
"602","tan",TRUE,7.9397621890915e-14,265,91,23,0.252747252747253,0.0867924528301887,"KEGG:05012","KEGG","Parkinson disease",8484,412
"603","tan",TRUE,1.33874982402652e-12,305,91,23,0.252747252747253,0.0754098360655738,"KEGG:05016","KEGG","Huntington disease",8484,414
"604","tan",TRUE,9.76351603842249e-12,271,91,21,0.230769230769231,0.0774907749077491,"KEGG:05020","KEGG","Prion disease",8484,416
"605","tan",TRUE,8.19417004661202e-10,382,91,22,0.241758241758242,0.0575916230366492,"KEGG:05010","KEGG","Alzheimer disease",8484,411
"606","tan",TRUE,1.96693627731789e-09,363,91,21,0.230769230769231,0.0578512396694215,"KEGG:05014","KEGG","Amyotrophic lateral sclerosis",8484,413
"607","tan",TRUE,3.86325397379884e-09,202,91,16,0.175824175824176,0.0792079207920792,"KEGG:05415","KEGG","Diabetic cardiomyopathy",8484,492
"608","tan",TRUE,5.95608407760677e-09,474,91,23,0.252747252747253,0.0485232067510548,"KEGG:05022","KEGG","Pathways of neurodegeneration - multiple diseases",8484,417
"609","tan",TRUE,7.3979061621263e-09,154,91,14,0.153846153846154,0.0909090909090909,"KEGG:04932","KEGG","Non-alcoholic fatty liver disease",8484,389
"610","tan",TRUE,1.09608010464112e-08,221,91,16,0.175824175824176,0.0723981900452489,"KEGG:05208","KEGG","Chemical carcinogenesis - reactive oxygen species",8484,460
"611","tan",TRUE,3.14633432720771e-05,87,91,8,0.0879120879120879,0.0919540229885057,"KEGG:04260","KEGG","Cardiac muscle contraction",8484,296
"612","tan",TRUE,4.5778988460348e-05,231,91,12,0.131868131868132,0.051948051948052,"KEGG:05171","KEGG","Coronavirus disease - COVID-19",8484,452
"613","tan",TRUE,0.00089493637840865,46,91,5,0.0549450549450549,0.108695652173913,"KEGG:03050","KEGG","Proteasome",8484,216
"614","tan",TRUE,0.0252062676298415,139,91,6,0.0659340659340659,0.0431654676258993,"KEGG:03008","KEGG","Ribosome biogenesis in eukaryotes",8484,207
"615","tan",TRUE,0.0322358225527408,148,91,6,0.0659340659340659,0.0405405405405405,"KEGG:04723","KEGG","Retrograde endocannabinoid signaling",8484,353
"616","tan",TRUE,1.04276965217234e-16,292,116,28,0.241379310344828,0.0958904109589041,"REAC:R-HSA-72766","REAC","Translation",11004,2583
"617","tan",TRUE,8.91304723890667e-14,209,116,22,0.189655172413793,0.105263157894737,"REAC:R-HSA-1428517","REAC","Aerobic respiration and respiratory electron transport",11004,128
"618","tan",TRUE,3.96306482446806e-13,112,116,17,0.146551724137931,0.151785714285714,"REAC:R-HSA-611105","REAC","Respiratory electron transport",11004,2097
"619","tan",TRUE,2.61191050641055e-11,710,116,33,0.28448275862069,0.0464788732394366,"REAC:R-HSA-8953854","REAC","Metabolism of RNA",11004,1432
"620","tan",TRUE,2.63102784361252e-11,87,116,14,0.120689655172414,0.160919540229885,"REAC:R-HSA-5389840","REAC","Mitochondrial translation elongation",11004,1487
"621","tan",TRUE,2.63102784361252e-11,87,116,14,0.120689655172414,0.160919540229885,"REAC:R-HSA-5419276","REAC","Mitochondrial translation termination",11004,1489
"622","tan",TRUE,2.63102784361252e-11,87,116,14,0.120689655172414,0.160919540229885,"REAC:R-HSA-5368286","REAC","Mitochondrial translation initiation",11004,1488
"623","tan",TRUE,5.99093443879862e-11,93,116,14,0.120689655172414,0.150537634408602,"REAC:R-HSA-5368287","REAC","Mitochondrial translation",11004,1486
"624","tan",TRUE,9.77634205366538e-11,192,116,18,0.155172413793103,0.09375,"REAC:R-HSA-8868773","REAC","rRNA processing in the nucleus and cytosol",11004,2752
"625","tan",TRUE,1.15395282698086e-10,2064,116,55,0.474137931034483,0.0266472868217054,"REAC:R-HSA-392499","REAC","Metabolism of proteins",11004,1448
"626","tan",TRUE,1.3667034079517e-10,171,116,17,0.146551724137931,0.0994152046783626,"REAC:R-HSA-9010553","REAC","Regulation of expression of SLITs and ROBOs",11004,2047
"627","tan",TRUE,1.75024310552463e-10,202,116,18,0.155172413793103,0.0891089108910891,"REAC:R-HSA-72312","REAC","rRNA processing",11004,2750
"628","tan",TRUE,7.82738597146032e-10,94,116,13,0.112068965517241,0.138297872340426,"REAC:R-HSA-72764","REAC","Eukaryotic Translation Termination",11004,879
"629","tan",TRUE,2.10396406937337e-09,102,116,13,0.112068965517241,0.127450980392157,"REAC:R-HSA-72689","REAC","Formation of a pool of free 40S subunits",11004,961
"630","tan",TRUE,3.06193671581319e-09,182,116,16,0.137931034482759,0.0879120879120879,"REAC:R-HSA-6791226","REAC","Major pathway of rRNA processing in the nucleolus and cytosol",11004,1402
"631","tan",TRUE,4.1011622123585e-09,133,116,14,0.120689655172414,0.105263157894737,"REAC:R-HSA-168273","REAC","Influenza Viral RNA Transcription and Replication",11004,1199
"632","tan",TRUE,4.1011622123585e-09,217,116,17,0.146551724137931,0.0783410138248848,"REAC:R-HSA-376176","REAC","Signaling by ROBO receptors",11004,2318
"633","tan",TRUE,5.00852776158157e-09,90,116,12,0.103448275862069,0.133333333333333,"REAC:R-HSA-156902","REAC","Peptide chain elongation",11004,1736
"634","tan",TRUE,5.00852776158157e-09,90,116,12,0.103448275862069,0.133333333333333,"REAC:R-HSA-192823","REAC","Viral mRNA Translation",11004,2668
"635","tan",TRUE,5.00852776158157e-09,112,116,13,0.112068965517241,0.116071428571429,"REAC:R-HSA-156827","REAC","L13a-mediated translational silencing of Ceruloplasmin expression",11004,1306
"636","tan",TRUE,5.22815763135014e-09,113,116,13,0.112068965517241,0.115044247787611,"REAC:R-HSA-72706","REAC","GTP hydrolysis and joining of the 60S ribosomal subunit",11004,1040
"637","tan",TRUE,7.33098414631523e-09,94,116,12,0.103448275862069,0.127659574468085,"REAC:R-HSA-2408557","REAC","Selenocysteine synthesis",11004,2205
"638","tan",TRUE,7.33098414631523e-09,94,116,12,0.103448275862069,0.127659574468085,"REAC:R-HSA-156842","REAC","Eukaryotic Translation Elongation",11004,877
"639","tan",TRUE,9.02981215466042e-09,96,116,12,0.103448275862069,0.125,"REAC:R-HSA-975956","REAC","Nonsense Mediated Decay (NMD) independent of the Exon Junction Complex (EJC)",11004,1619
"640","tan",TRUE,9.05959003563266e-09,120,116,13,0.112068965517241,0.108333333333333,"REAC:R-HSA-72737","REAC","Cap-dependent Translation Initiation",11004,306
"641","tan",TRUE,9.05959003563266e-09,120,116,13,0.112068965517241,0.108333333333333,"REAC:R-HSA-72613","REAC","Eukaryotic Translation Initiation",11004,878
"642","tan",TRUE,1.64669701439053e-08,102,116,12,0.103448275862069,0.117647058823529,"REAC:R-HSA-9633012","REAC","Response of EIF2AK4 (GCN2) to amino acid deficiency",11004,2103
"643","tan",TRUE,1.78255903565505e-08,154,116,14,0.120689655172414,0.0909090909090909,"REAC:R-HSA-168255","REAC","Influenza Infection",11004,1198
"644","tan",TRUE,4.93251534622474e-08,113,116,12,0.103448275862069,0.106194690265487,"REAC:R-HSA-1799339","REAC","SRP-dependent cotranslational protein targeting to membrane",11004,2173
"645","tan",TRUE,4.93251534622474e-08,796,116,29,0.25,0.0364321608040201,"REAC:R-HSA-2262752","REAC","Cellular responses to stress",11004,342
"646","tan",TRUE,6.25399738237106e-08,116,116,12,0.103448275862069,0.103448275862069,"REAC:R-HSA-927802","REAC","Nonsense-Mediated Decay (NMD)",11004,1620
"647","tan",TRUE,6.25399738237106e-08,116,116,12,0.103448275862069,0.103448275862069,"REAC:R-HSA-975957","REAC","Nonsense Mediated Decay (NMD) enhanced by the Exon Junction Complex (EJC)",11004,1618
"648","tan",TRUE,6.50136337960334e-08,117,116,12,0.103448275862069,0.102564102564103,"REAC:R-HSA-2408522","REAC","Selenoamino acid metabolism",11004,2204
"649","tan",TRUE,6.50136337960334e-08,810,116,29,0.25,0.0358024691358025,"REAC:R-HSA-8953897","REAC","Cellular responses to stimuli",11004,341
"650","tan",TRUE,9.77273722046421e-08,210,116,15,0.129310344827586,0.0714285714285714,"REAC:R-HSA-9711123","REAC","Cellular response to chemical stress",11004,335
"651","tan",TRUE,1.34275566661213e-07,2100,116,49,0.422413793103448,0.0233333333333333,"REAC:R-HSA-1430728","REAC","Metabolism",11004,1430
"652","tan",TRUE,1.7825650324675e-07,157,116,13,0.112068965517241,0.0828025477707006,"REAC:R-HSA-9711097","REAC","Cellular response to starvation",11004,339
"653","tan",TRUE,9.47537247687802e-07,51,116,8,0.0689655172413793,0.156862745098039,"REAC:R-HSA-9754678","REAC","SARS-CoV-2 modulates host translation machinery",11004,2141
"654","tan",TRUE,1.08159095874001e-06,52,116,8,0.0689655172413793,0.153846153846154,"REAC:R-HSA-72695","REAC","Formation of the ternary complex, and subsequently, the 43S complex",11004,986
"655","tan",TRUE,1.64851749744827e-06,37,116,7,0.0603448275862069,0.189189189189189,"REAC:R-HSA-9735869","REAC","SARS-CoV-1 modulates host translation machinery",11004,2132
"656","tan",TRUE,2.78350217312755e-06,59,116,8,0.0689655172413793,0.135593220338983,"REAC:R-HSA-72702","REAC","Ribosomal scanning and start codon recognition",11004,2122
"657","tan",TRUE,2.78350217312755e-06,59,116,8,0.0689655172413793,0.135593220338983,"REAC:R-HSA-72649","REAC","Translation initiation complex formation",11004,2584
"658","tan",TRUE,3.10970045102035e-06,60,116,8,0.0689655172413793,0.133333333333333,"REAC:R-HSA-72662","REAC","Activation of the mRNA upon binding of the cap-binding complex and eIFs, and subsequent binding to 43S",11004,106
"659","tan",TRUE,3.63261253913026e-06,363,116,17,0.146551724137931,0.046831955922865,"REAC:R-HSA-71291","REAC","Metabolism of amino acids and derivatives",11004,1434
"660","tan",TRUE,3.85854293474177e-06,62,116,8,0.0689655172413793,0.129032258064516,"REAC:R-HSA-9707564","REAC","Cytoprotection by HMOX1",11004,428
"661","tan",TRUE,1.26547959762977e-05,98,116,9,0.0775862068965517,0.0918367346938776,"REAC:R-HSA-9837999","REAC","Mitochondrial protein degradation",11004,1480
"662","tan",TRUE,1.26547959762977e-05,543,116,20,0.172413793103448,0.0368324125230203,"REAC:R-HSA-422475","REAC","Axon guidance",11004,196
"663","tan",TRUE,1.56696725606134e-05,52,116,7,0.0603448275862069,0.134615384615385,"REAC:R-HSA-75815","REAC","Ubiquitin-dependent degradation of Cyclin D",11004,2638
"664","tan",TRUE,2.44396020490032e-05,568,116,20,0.172413793103448,0.0352112676056338,"REAC:R-HSA-9675108","REAC","Nervous system development",11004,1596
"665","tan",TRUE,3.60969964678049e-05,59,116,7,0.0603448275862069,0.11864406779661,"REAC:R-HSA-6790901","REAC","rRNA modification in the nucleus and cytosol",11004,2749
"666","tan",TRUE,3.62120506455887e-05,84,116,8,0.0689655172413793,0.0952380952380952,"REAC:R-HSA-5628897","REAC","TP53 Regulates Metabolic Genes",11004,2469
"667","tan",TRUE,3.89531819911677e-05,60,116,7,0.0603448275862069,0.116666666666667,"REAC:R-HSA-187577","REAC","SCF(Skp2)-mediated degradation of p27/p21",11004,2145
"668","tan",TRUE,5.93765838190487e-05,64,116,7,0.0603448275862069,0.109375,"REAC:R-HSA-174084","REAC","Autodegradation of Cdh1 by Cdh1:APC/C",11004,192
"669","tan",TRUE,8.62451805661831e-05,68,116,7,0.0603448275862069,0.102941176470588,"REAC:R-HSA-174154","REAC","APC/C:Cdc20 mediated degradation of Securin",11004,26
"670","tan",TRUE,8.62451805661831e-05,95,116,8,0.0689655172413793,0.0842105263157895,"REAC:R-HSA-9692914","REAC","SARS-CoV-1-host interactions",11004,2135
"671","tan",TRUE,0.000131621063886837,873,116,24,0.206896551724138,0.0274914089347079,"REAC:R-HSA-9824446","REAC","Viral Infection Pathways",11004,2665
"672","tan",TRUE,0.000131621063886837,73,116,7,0.0603448275862069,0.0958904109589041,"REAC:R-HSA-69017","REAC","CDK-mediated phosphorylation and removal of Cdc6",11004,274
"673","tan",TRUE,0.000131621063886837,73,116,7,0.0603448275862069,0.0958904109589041,"REAC:R-HSA-174184","REAC","Cdc20:Phospho-APC/C mediated degradation of Cyclin A",11004,321
"674","tan",TRUE,0.00013931337842051,74,116,7,0.0603448275862069,0.0945945945945946,"REAC:R-HSA-174178","REAC","APC/C:Cdh1 mediated degradation of Cdc20 and other APC/C:Cdh1 targeted proteins in late mitosis/early G1",11004,28
"675","tan",TRUE,0.00013931337842051,74,116,7,0.0603448275862069,0.0945945945945946,"REAC:R-HSA-179419","REAC","APC:Cdc20 mediated degradation of cell cycle proteins prior to satisfation of the cell cycle checkpoint",11004,29
"676","tan",TRUE,0.000148415585369115,50,116,6,0.0517241379310345,0.12,"REAC:R-HSA-211733","REAC","Regulation of activated PAK-2p34 by proteasome mediated degradation",11004,2037
"677","tan",TRUE,0.000160967293072462,76,116,7,0.0603448275862069,0.0921052631578947,"REAC:R-HSA-176409","REAC","APC/C:Cdc20 mediated degradation of mitotic proteins",11004,27
"678","tan",TRUE,0.000165242291658411,77,116,7,0.0603448275862069,0.0909090909090909,"REAC:R-HSA-176814","REAC","Activation of APC/C and APC/C:Cdc20 mediated degradation of mitotic proteins",11004,75
"679","tan",TRUE,0.000165242291658411,52,116,6,0.0517241379310345,0.115384615384615,"REAC:R-HSA-349425","REAC","Autodegradation of the E3 ubiquitin ligase COP1",11004,193
"680","tan",TRUE,0.000165242291658411,52,116,6,0.0517241379310345,0.115384615384615,"REAC:R-HSA-9762114","REAC","GSK3B and BTRC:CUL1-mediated-degradation of NFE2L2",11004,1039
"681","tan",TRUE,0.000165242291658411,52,116,6,0.0517241379310345,0.115384615384615,"REAC:R-HSA-69613","REAC","p53-Independent G1/S DNA damage checkpoint",11004,2738
"682","tan",TRUE,0.000165242291658411,52,116,6,0.0517241379310345,0.115384615384615,"REAC:R-HSA-69610","REAC","p53-Independent DNA Damage Response",11004,2737
"683","tan",TRUE,0.000165242291658411,52,116,6,0.0517241379310345,0.115384615384615,"REAC:R-HSA-180534","REAC","Vpu mediated degradation of CD4",11004,2684
"684","tan",TRUE,0.000165242291658411,52,116,6,0.0517241379310345,0.115384615384615,"REAC:R-HSA-69601","REAC","Ubiquitin Mediated Degradation of Phosphorylated Cdc25A",11004,2637
"685","tan",TRUE,0.000177049769501939,53,116,6,0.0517241379310345,0.113207547169811,"REAC:R-HSA-169911","REAC","Regulation of Apoptosis",11004,1980
"686","tan",TRUE,0.000177049769501939,53,116,6,0.0517241379310345,0.113207547169811,"REAC:R-HSA-180585","REAC","Vif-mediated degradation of APOBEC3G",11004,2664
"687","tan",TRUE,0.000177049769501939,53,116,6,0.0517241379310345,0.113207547169811,"REAC:R-HSA-9604323","REAC","Negative regulation of NOTCH4 signaling",11004,1588
"688","tan",TRUE,0.000194776930063347,54,116,6,0.0517241379310345,0.111111111111111,"REAC:R-HSA-450408","REAC","AUF1 (hnRNP D0) binds and destabilizes mRNA",11004,41
"689","tan",TRUE,0.000200299714370429,81,116,7,0.0603448275862069,0.0864197530864197,"REAC:R-HSA-176408","REAC","Regulation of APC/C activators between G1/S and early anaphase",11004,1979
"690","tan",TRUE,0.000200299714370429,55,116,6,0.0517241379310345,0.109090909090909,"REAC:R-HSA-8941858","REAC","Regulation of RUNX3 expression and activity",11004,2022
"691","tan",TRUE,0.000200299714370429,55,116,6,0.0517241379310345,0.109090909090909,"REAC:R-HSA-174113","REAC","SCF-beta-TrCP mediated degradation of Emi1",11004,2146
"692","tan",TRUE,0.000200299714370429,55,116,6,0.0517241379310345,0.109090909090909,"REAC:R-HSA-8854050","REAC","FBXL7 down-regulates AURKA during mitotic entry and in early mitosis",11004,900
"693","tan",TRUE,0.000200299714370429,81,116,7,0.0603448275862069,0.0864197530864197,"REAC:R-HSA-9013694","REAC","Signaling by NOTCH4",11004,2300
"694","tan",TRUE,0.000200299714370429,55,116,6,0.0517241379310345,0.109090909090909,"REAC:R-HSA-4641257","REAC","Degradation of AXIN",11004,722
"695","tan",TRUE,0.000205943521929339,82,116,7,0.0603448275862069,0.0853658536585366,"REAC:R-HSA-69202","REAC","Cyclin E associated events during G1/S transition ",11004,423
"696","tan",TRUE,0.000214285345350167,56,116,6,0.0517241379310345,0.107142857142857,"REAC:R-HSA-5362768","REAC","Hh mutants are degraded by ERAD",11004,1135
"697","tan",TRUE,0.000214285345350167,226,116,11,0.0948275862068965,0.0486725663716814,"REAC:R-HSA-162906","REAC","HIV Infection",11004,1115
"698","tan",TRUE,0.00022640909971808,57,116,6,0.0517241379310345,0.105263157894737,"REAC:R-HSA-69541","REAC","Stabilization of p53",11004,2368
"699","tan",TRUE,0.00022640909971808,57,116,6,0.0517241379310345,0.105263157894737,"REAC:R-HSA-6799198","REAC","Complex I biogenesis",11004,393
"700","tan",TRUE,0.00022640909971808,84,116,7,0.0603448275862069,0.0833333333333333,"REAC:R-HSA-69656","REAC","Cyclin A:Cdk2-associated events at S phase entry",11004,421
"701","tan",TRUE,0.00022640909971808,57,116,6,0.0517241379310345,0.105263157894737,"REAC:R-HSA-4641258","REAC","Degradation of DVL",11004,724
"702","tan",TRUE,0.000253854098424594,18,116,4,0.0344827586206897,0.222222222222222,"REAC:R-HSA-163210","REAC","Formation of ATP by chemiosmotic coupling",11004,952
"703","tan",TRUE,0.000267034337284961,59,116,6,0.0517241379310345,0.101694915254237,"REAC:R-HSA-5676590","REAC","NIK-->noncanonical NF-kB signaling",11004,1541
"704","tan",TRUE,0.000267034337284961,59,116,6,0.0517241379310345,0.101694915254237,"REAC:R-HSA-5387390","REAC","Hh mutants abrogate ligand secretion",11004,1134
"705","tan",TRUE,0.000275596485052718,88,116,7,0.0603448275862069,0.0795454545454545,"REAC:R-HSA-453276","REAC","Regulation of mitotic cell cycle",11004,2060
"706","tan",TRUE,0.000275596485052718,60,116,6,0.0517241379310345,0.1,"REAC:R-HSA-5610783","REAC","Degradation of GLI2 by the proteasome",11004,727
"707","tan",TRUE,0.000275596485052718,60,116,6,0.0517241379310345,0.1,"REAC:R-HSA-5610780","REAC","Degradation of GLI1 by the proteasome",11004,726
"708","tan",TRUE,0.000275596485052718,60,116,6,0.0517241379310345,0.1,"REAC:R-HSA-5610785","REAC","GLI3 is processed to GLI3R by the proteasome",11004,1029
"709","tan",TRUE,0.000275596485052718,60,116,6,0.0517241379310345,0.1,"REAC:R-HSA-5607761","REAC","Dectin-1 mediated noncanonical NF-kB signaling",11004,458
"710","tan",TRUE,0.000275596485052718,88,116,7,0.0603448275862069,0.0795454545454545,"REAC:R-HSA-174143","REAC","APC/C-mediated degradation of cell cycle proteins",11004,24
"711","tan",TRUE,0.000287365560292442,121,116,8,0.0689655172413793,0.0661157024793388,"REAC:R-HSA-69239","REAC","Synthesis of DNA",11004,2393
"712","tan",TRUE,0.000296808145401235,61,116,6,0.0517241379310345,0.0983606557377049,"REAC:R-HSA-5678895","REAC","Defective CFTR causes cystic fibrosis",11004,507
"713","tan",TRUE,0.000308267696433956,90,116,7,0.0603448275862069,0.0777777777777778,"REAC:R-HSA-1236974","REAC","ER-Phagosome pathway",11004,831
"714","tan",TRUE,0.000351663982943931,92,116,7,0.0603448275862069,0.0760869565217391,"REAC:R-HSA-69052","REAC","Switching of origins to a post-replicative state",11004,2382
"715","tan",TRUE,0.000356426586171811,162,116,9,0.0775862068965517,0.0555555555555556,"REAC:R-HSA-69242","REAC","S Phase",11004,2127
"716","tan",TRUE,0.000375145387814942,64,116,6,0.0517241379310345,0.09375,"REAC:R-HSA-4608870","REAC","Asymmetric localization of PCP proteins",11004,186
"717","tan",TRUE,0.000382347296357518,127,116,8,0.0689655172413793,0.062992125984252,"REAC:R-HSA-162909","REAC","Host Interactions of HIV factors",11004,1145
"718","tan",TRUE,0.000401818614633925,65,116,6,0.0517241379310345,0.0923076923076923,"REAC:R-HSA-5358346","REAC","Hedgehog ligand biogenesis",11004,1127
"719","tan",TRUE,0.000425833184463187,66,116,6,0.0517241379310345,0.0909090909090909,"REAC:R-HSA-69580","REAC","p53-Dependent G1/S DNA damage checkpoint",11004,2736
"720","tan",TRUE,0.000425833184463187,66,116,6,0.0517241379310345,0.0909090909090909,"REAC:R-HSA-69563","REAC","p53-Dependent G1 DNA Damage Response",11004,2735
"721","tan",TRUE,0.000425833184463187,66,116,6,0.0517241379310345,0.0909090909090909,"REAC:R-HSA-1234176","REAC","Oxygen-dependent proline hydroxylation of Hypoxia-inducible Factor Alpha",11004,1668
"722","tan",TRUE,0.000450972130242865,67,116,6,0.0517241379310345,0.0895522388059701,"REAC:R-HSA-5658442","REAC","Regulation of RAS by GAPs",11004,2019
"723","tan",TRUE,0.000450972130242865,131,116,8,0.0689655172413793,0.0610687022900763,"REAC:R-HSA-69206","REAC","G1/S Transition",11004,1015
"724","tan",TRUE,0.000450972130242865,67,116,6,0.0517241379310345,0.0895522388059701,"REAC:R-HSA-1169091","REAC","Activation of NF-kappaB in B cells",11004,88
"725","tan",TRUE,0.000485944944248283,68,116,6,0.0517241379310345,0.0882352941176471,"REAC:R-HSA-69615","REAC","G1/S DNA Damage Checkpoints",11004,1014
"726","tan",TRUE,0.000522940295413915,69,116,6,0.0517241379310345,0.0869565217391304,"REAC:R-HSA-8948751","REAC","Regulation of PTEN stability and activity",11004,2018
"727","tan",TRUE,0.000570492056720438,1062,116,25,0.21551724137931,0.0235404896421846,"REAC:R-HSA-5663205","REAC","Infectious disease",11004,1196
"728","tan",TRUE,0.000592809678502256,102,116,7,0.0603448275862069,0.0686274509803922,"REAC:R-HSA-5689603","REAC","UCH proteinases",11004,2633
"729","tan",TRUE,0.000592809678502256,71,116,6,0.0517241379310345,0.0845070422535211,"REAC:R-HSA-68949","REAC","Orc1 removal from chromatin",11004,1657
"730","tan",TRUE,0.000592809678502256,71,116,6,0.0517241379310345,0.0845070422535211,"REAC:R-HSA-8939902","REAC","Regulation of RUNX2 expression and activity",11004,2021
"731","tan",TRUE,0.000599620636313945,359,116,13,0.112068965517241,0.0362116991643454,"REAC:R-HSA-3700989","REAC","Transcriptional Regulation by TP53",11004,2564
"732","tan",TRUE,0.000662910917218853,140,116,8,0.0689655172413793,0.0571428571428571,"REAC:R-HSA-9678108","REAC","SARS-CoV-1 Infection",11004,2130
"733","tan",TRUE,0.000684972392280985,105,116,7,0.0603448275862069,0.0666666666666667,"REAC:R-HSA-1236975","REAC","Antigen processing-Cross presentation",11004,154
"734","tan",TRUE,0.000778383020703664,75,116,6,0.0517241379310345,0.08,"REAC:R-HSA-1234174","REAC","Cellular response to hypoxia",11004,337
"735","tan",TRUE,0.000904078004579681,49,116,5,0.0431034482758621,0.102040816326531,"REAC:R-HSA-1236978","REAC","Cross-presentation of soluble exogenous antigens (endosomes)",11004,418
"736","tan",TRUE,0.000942973735463043,148,116,8,0.0689655172413793,0.0540540540540541,"REAC:R-HSA-453279","REAC","Mitotic G1 phase and G1/S transition",11004,1493
"737","tan",TRUE,0.000943978680123072,78,116,6,0.0517241379310345,0.0769230769230769,"REAC:R-HSA-5619084","REAC","ABC transporter disorders",11004,7
"738","tan",TRUE,0.0010046450455746,79,116,6,0.0517241379310345,0.0759493670886076,"REAC:R-HSA-8852276","REAC","The role of GTSE1 in G2/M progression after G2 checkpoint",11004,2521
"739","tan",TRUE,0.0010596391688072,51,116,5,0.0431034482758621,0.0980392156862745,"REAC:R-HSA-350562","REAC","Regulation of ornithine decarboxylase (ODC)",11004,2062
"740","tan",TRUE,0.0010596391688072,80,116,6,0.0517241379310345,0.075,"REAC:R-HSA-1168372","REAC","Downstream signaling events of B Cell Receptor (BCR)",11004,798
"741","tan",TRUE,0.00126072211013279,197,116,9,0.0775862068965517,0.0456852791878173,"REAC:R-HSA-9705683","REAC","SARS-CoV-2-host interactions",11004,2144
"742","tan",TRUE,0.00127689311829501,83,116,6,0.0517241379310345,0.072289156626506,"REAC:R-HSA-195253","REAC","Degradation of beta-catenin by the destruction complex",11004,728
"743","tan",TRUE,0.00130721160407912,118,116,7,0.0603448275862069,0.0593220338983051,"REAC:R-HSA-8878166","REAC","Transcriptional regulation by RUNX2",11004,2571
"744","tan",TRUE,0.00143196833806914,85,116,6,0.0517241379310345,0.0705882352941176,"REAC:R-HSA-5632684","REAC","Hedgehog 'on' state",11004,1126
"745","tan",TRUE,0.00143441876811106,159,116,8,0.0689655172413793,0.050314465408805,"REAC:R-HSA-69002","REAC","DNA Replication Pre-Initiation",11004,448
"746","tan",TRUE,0.00143678042419407,55,116,5,0.0431034482758621,0.0909090909090909,"REAC:R-HSA-9824272","REAC","Somitogenesis",11004,2358
"747","tan",TRUE,0.00145004766406115,202,116,9,0.0775862068965517,0.0445544554455446,"REAC:R-HSA-72163","REAC","mRNA Splicing - Major Pathway",11004,2725
"748","tan",TRUE,0.00148038560190767,86,116,6,0.0517241379310345,0.0697674418604651,"REAC:R-HSA-450531","REAC","Regulation of mRNA stability by proteins that bind AU-rich elements",11004,2059
"749","tan",TRUE,0.00152469381343147,31,116,4,0.0344827586206897,0.129032258064516,"REAC:R-HSA-8949613","REAC","Cristae formation",11004,416
"750","tan",TRUE,0.00175709544984279,89,116,6,0.0517241379310345,0.0674157303370786,"REAC:R-HSA-5687128","REAC","MAPK6/MAPK4 signaling",11004,1366
"751","tan",TRUE,0.00177770956903987,58,116,5,0.0431034482758621,0.0862068965517241,"REAC:R-HSA-351202","REAC","Metabolism of polyamines",11004,1446
"752","tan",TRUE,0.00179651804219715,209,116,9,0.0775862068965517,0.0430622009569378,"REAC:R-HSA-72172","REAC","mRNA Splicing",11004,2724
"753","tan",TRUE,0.00205597212580599,92,116,6,0.0517241379310345,0.0652173913043478,"REAC:R-HSA-4086400","REAC","PCP/CE pathway",11004,1672
"754","tan",TRUE,0.00240772770257416,95,116,6,0.0517241379310345,0.0631578947368421,"REAC:R-HSA-8878159","REAC","Transcriptional regulation by RUNX3",11004,2572
"755","tan",TRUE,0.00240772770257416,95,116,6,0.0517241379310345,0.0631578947368421,"REAC:R-HSA-9759194","REAC","Nuclear events mediated by NFE2L2",11004,1630
"756","tan",TRUE,0.00267224101965182,97,116,6,0.0517241379310345,0.0618556701030928,"REAC:R-HSA-5607764","REAC","CLEC7A (Dectin-1) signaling",11004,277
"757","tan",TRUE,0.00280249946185944,98,116,6,0.0517241379310345,0.0612244897959184,"REAC:R-HSA-202424","REAC","Downstream TCR signaling",11004,796
"758","tan",TRUE,0.00309831491041559,100,116,6,0.0517241379310345,0.06,"REAC:R-HSA-5668541","REAC","TNFR2 non-canonical NF-kB pathway",11004,2467
"759","tan",TRUE,0.00356126138744862,142,116,7,0.0603448275862069,0.0492957746478873,"REAC:R-HSA-68867","REAC","Assembly of the pre-replicative complex",11004,183
"760","tan",TRUE,0.00357268410413218,103,116,6,0.0517241379310345,0.058252427184466,"REAC:R-HSA-382556","REAC","ABC-family proteins mediated transport",11004,9
"761","tan",TRUE,0.0037048020467842,69,116,5,0.0431034482758621,0.072463768115942,"REAC:R-HSA-9793380","REAC","Formation of paraxial mesoderm",11004,970
"762","tan",TRUE,0.00373963351719616,187,116,8,0.0689655172413793,0.0427807486631016,"REAC:R-HSA-69306","REAC","DNA Replication",11004,447
"763","tan",TRUE,0.00386886611430821,18,116,3,0.0258620689655172,0.166666666666667,"REAC:R-HSA-8963898","REAC","Plasma lipoprotein assembly",11004,1771
"764","tan",TRUE,0.00502536308328971,244,116,9,0.0775862068965517,0.0368852459016393,"REAC:R-HSA-8951664","REAC","Neddylation",11004,1571
"765","tan",TRUE,0.00526748219054516,75,116,5,0.0431034482758621,0.0666666666666667,"REAC:R-HSA-6781827","REAC","Transcription-Coupled Nucleotide Excision Repair (TC-NER)",11004,2559
"766","tan",TRUE,0.00553126754120445,113,116,6,0.0517241379310345,0.0530973451327434,"REAC:R-HSA-5610787","REAC","Hedgehog 'off' state",11004,1125
"767","tan",TRUE,0.00553126754120445,113,116,6,0.0517241379310345,0.0530973451327434,"REAC:R-HSA-9020702","REAC","Interleukin-1 signaling",11004,1246
"768","tan",TRUE,0.00719573192347656,48,116,4,0.0344827586206897,0.0833333333333333,"REAC:R-HSA-72165","REAC","mRNA Splicing - Minor Pathway",11004,2726
"769","tan",TRUE,0.00743726046293596,120,116,6,0.0517241379310345,0.05,"REAC:R-HSA-202403","REAC","TCR signaling",11004,2439
"770","tan",TRUE,0.00827210669879857,50,116,4,0.0344827586206897,0.08,"REAC:R-HSA-6781823","REAC","Formation of TC-NER Pre-Incision Complex",11004,959
"771","tan",TRUE,0.00867586428998865,124,116,6,0.0517241379310345,0.0483870967741935,"REAC:R-HSA-9755511","REAC","KEAP1-NFE2L2 pathway",11004,1294
"772","tan",TRUE,0.0105250633703722,129,116,6,0.0517241379310345,0.0465116279069767,"REAC:R-HSA-8939236","REAC","RUNX1 regulates transcription of genes involved in differentiation of HSCs",11004,1938
"773","tan",TRUE,0.0110552693511063,276,116,9,0.0775862068965517,0.0326086956521739,"REAC:R-HSA-72203","REAC","Processing of Capped Intron-Containing Pre-mRNA",11004,1812
"774","tan",TRUE,0.0121591415567022,228,116,8,0.0689655172413793,0.0350877192982456,"REAC:R-HSA-68882","REAC","Mitotic Anaphase",11004,1492
"775","tan",TRUE,0.012412498358868,229,116,8,0.0689655172413793,0.0349344978165939,"REAC:R-HSA-2555396","REAC","Mitotic Metaphase and Anaphase",11004,1495
"776","tan",TRUE,0.0132805424327286,136,116,6,0.0517241379310345,0.0441176470588235,"REAC:R-HSA-5621481","REAC","C-type lectin receptors (CLRs)",11004,263
"777","tan",TRUE,0.0132805424327286,136,116,6,0.0517241379310345,0.0441176470588235,"REAC:R-HSA-2871837","REAC","FCERI mediated NF-kB activation",11004,904
"778","tan",TRUE,0.0141886842458337,138,116,6,0.0517241379310345,0.0434782608695652,"REAC:R-HSA-6807070","REAC","PTEN Regulation",11004,1716
"779","tan",TRUE,0.0154852401172501,292,116,9,0.0775862068965517,0.0308219178082192,"REAC:R-HSA-9694516","REAC","SARS-CoV-2 Infection",11004,2138
"780","tan",TRUE,0.0154852401172501,188,116,7,0.0603448275862069,0.0372340425531915,"REAC:R-HSA-2467813","REAC","Separation of Sister Chromatids",11004,2221
"781","tan",TRUE,0.0160174733073744,61,116,4,0.0344827586206897,0.0655737704918033,"REAC:R-HSA-6782210","REAC","Gap-filling DNA repair synthesis and ligation in TC-NER",11004,1051
"782","tan",TRUE,0.0164995146384273,143,116,6,0.0517241379310345,0.041958041958042,"REAC:R-HSA-3858494","REAC","Beta-catenin independent WNT signaling",11004,218
"783","tan",TRUE,0.016782741704137,62,116,4,0.0344827586206897,0.0645161290322581,"REAC:R-HSA-6782135","REAC","Dual incision in TC-NER",11004,815
"784","tan",TRUE,0.0190410682434689,10,116,2,0.0172413793103448,0.2,"REAC:R-HSA-8963901","REAC","Chylomicron remodeling",11004,362
"785","tan",TRUE,0.0190410682434689,10,116,2,0.0172413793103448,0.2,"REAC:R-HSA-8963888","REAC","Chylomicron assembly",11004,360
"786","tan",TRUE,0.0196851872537904,149,116,6,0.0517241379310345,0.0402684563758389,"REAC:R-HSA-5358351","REAC","Signaling by Hedgehog",11004,2275
"787","tan",TRUE,0.0205084781344913,66,116,4,0.0344827586206897,0.0606060606060606,"REAC:R-HSA-1268020","REAC","Mitochondrial protein import",11004,1481
"788","tan",TRUE,0.0207532882677782,151,116,6,0.0517241379310345,0.0397350993377483,"REAC:R-HSA-446652","REAC","Interleukin-1 family signaling",11004,1244
"789","tan",TRUE,0.0214388585465539,107,116,5,0.0431034482758621,0.0467289719626168,"REAC:R-HSA-5696398","REAC","Nucleotide Excision Repair",11004,1635
"790","tan",TRUE,0.0249466221710343,36,116,3,0.0258620689655172,0.0833333333333333,"REAC:R-HSA-432720","REAC","Lysosome Vesicle Biogenesis",11004,1354
"791","tan",TRUE,0.0259571324028857,71,116,4,0.0344827586206897,0.0563380281690141,"REAC:R-HSA-174824","REAC","Plasma lipoprotein assembly, remodeling, and clearance",11004,1772
"792","tan",TRUE,0.0292202913842027,163,116,6,0.0517241379310345,0.0368098159509202,"REAC:R-HSA-983705","REAC","Signaling by the B Cell Receptor (BCR)",11004,2345
"793","tan",TRUE,0.0325646077459046,167,116,6,0.0517241379310345,0.0359281437125748,"REAC:R-HSA-69481","REAC","G2/M Checkpoints",11004,1018
"794","tan",TRUE,0.0339545068111669,221,116,7,0.0603448275862069,0.0316742081447964,"REAC:R-HSA-5689880","REAC","Ub-specific processing proteases",11004,2635
"795","tan",TRUE,0.0344058398331207,1384,116,24,0.206896551724138,0.0173410404624277,"REAC:R-HSA-1266738","REAC","Developmental Biology",11004,741
"796","tan",TRUE,0.0377485509860365,173,116,6,0.0517241379310345,0.0346820809248555,"REAC:R-HSA-5619115","REAC","Disorders of transmembrane transporters",11004,785
"797","tan",TRUE,0.0389681769685768,125,116,5,0.0431034482758621,0.04,"REAC:R-HSA-9758941","REAC","Gastrulation",11004,1053
"798","tan",TRUE,0.0404219796876562,176,116,6,0.0517241379310345,0.0340909090909091,"REAC:R-HSA-109581","REAC","Apoptosis",11004,160
"799","tan",TRUE,0.0415156686600372,231,116,7,0.0603448275862069,0.0303030303030303,"REAC:R-HSA-157118","REAC","Signaling by NOTCH",11004,2291
"800","tan",TRUE,0.044774266069419,16,116,2,0.0172413793103448,0.125,"REAC:R-HSA-205043","REAC","NRIF signals cell death from the nucleus",11004,1561
"801","tan",TRUE,0.044921310948138,46,116,3,0.0258620689655172,0.0652173913043478,"REAC:R-HSA-167162","REAC","RNA Polymerase II HIV Promoter Escape",11004,1903
"802","tan",TRUE,0.044921310948138,46,116,3,0.0258620689655172,0.0652173913043478,"REAC:R-HSA-73779","REAC","RNA Polymerase II Transcription Pre-Initiation And Promoter Opening",11004,1910
"803","tan",TRUE,0.044921310948138,46,116,3,0.0258620689655172,0.0652173913043478,"REAC:R-HSA-76042","REAC","RNA Polymerase II Transcription Initiation And Promoter Clearance",11004,1909
"804","tan",TRUE,0.044921310948138,46,116,3,0.0258620689655172,0.0652173913043478,"REAC:R-HSA-75953","REAC","RNA Polymerase II Transcription Initiation",11004,1908
"805","tan",TRUE,0.044921310948138,46,116,3,0.0258620689655172,0.0652173913043478,"REAC:R-HSA-73776","REAC","RNA Polymerase II Promoter Escape",11004,1905
"806","tan",TRUE,0.044921310948138,46,116,3,0.0258620689655172,0.0652173913043478,"REAC:R-HSA-167161","REAC","HIV Transcription Initiation",11004,1118
"807","tan",TRUE,0.044921310948138,182,116,6,0.0517241379310345,0.032967032967033,"REAC:R-HSA-2454202","REAC","Fc epsilon receptor (FCERI) signaling",11004,946
"808","tan",TRUE,0.0479836414701416,298,116,8,0.0689655172413793,0.0268456375838926,"REAC:R-HSA-5688426","REAC","Deubiquitination",11004,740
"809","tan",TRUE,2.08929445110226e-16,10864,149,132,0.885906040268456,0.0121502209131075,"TF:M11427","TF","Factor: PEA3; motif: NACCGGAAGTN",20092,6696
"810","tan",TRUE,2.08929445110226e-16,7076,149,107,0.718120805369127,0.0151215375918598,"TF:M11451","TF","Factor: Elf-1; motif: NANCCGGAAGTN",20092,1758
"811","tan",TRUE,2.08929445110226e-16,11136,149,134,0.899328859060403,0.0120330459770115,"TF:M11430","TF","Factor: PEA3; motif: NACCGGAAGTN",20092,6702
"812","tan",TRUE,3.1775421169961e-16,8516,149,117,0.785234899328859,0.0137388445279474,"TF:M03988","TF","Factor: FLI1; motif: ACCGGAARTN",20092,2522
"813","tan",TRUE,5.76457344265344e-16,11058,149,132,0.885906040268456,0.0119370591427021,"TF:M13031","TF","Factor: ETV4; motif: ACCGGAAGTN",20092,2346
"814","tan",TRUE,5.76457344265344e-16,7919,149,112,0.751677852348993,0.0141431998989771,"TF:M11447","TF","Factor: Elf-1; motif: NAMCCGGAAGTN",20092,1750
"815","tan",TRUE,5.76457344265344e-16,9673,149,124,0.832214765100671,0.0128191874289259,"TF:M13032","TF","Factor: ETV5; motif: ACCGGAAGTN",20092,2382
"816","tan",TRUE,5.76457344265344e-16,7237,149,107,0.718120805369127,0.0147851319607572,"TF:M02066","TF","Factor: PEA3; motif: RCCGGAAGYN",20092,6690
"817","tan",TRUE,6.97902578431981e-16,8957,149,119,0.798657718120805,0.0132856983364966,"TF:M11404","TF","Factor: Fli-1; motif: NACCGGAARTN",20092,2544
"818","tan",TRUE,1.14787164548373e-15,5507,149,92,0.61744966442953,0.0167060105320501,"TF:M09901","TF","Factor: nerf; motif: NNNCCGGAAGTGN",20092,5658
"819","tan",TRUE,1.99686497317982e-15,4904,149,86,0.577181208053691,0.017536704730832,"TF:M03970","TF","Factor: ELK1; motif: ACCGGAAGTN",20092,1892
"820","tan",TRUE,1.99686497317982e-15,3230,149,69,0.463087248322148,0.0213622291021672,"TF:M03983","TF","Factor: ETV5; motif: NCCGGAWGYN",20092,2378
"821","tan",TRUE,1.99686497317982e-15,10199,149,126,0.845637583892617,0.0123541523678792,"TF:M11400","TF","Factor: Fli-1; motif: NACCGGAARTN",20092,2538
"822","tan",TRUE,1.99686497317982e-15,8364,149,114,0.76510067114094,0.0136298421807747,"TF:M09904","TF","Factor: Elk-1; motif: RCCGGAAGTGN",20092,1896
"823","tan",TRUE,2.93440494164044e-15,7191,149,105,0.704697986577181,0.0146015853149771,"TF:M02065_1","TF","Factor: ER81; motif: RCCGGAARYN; match class: 1",20092,2005
"824","tan",TRUE,4.45075840153046e-15,2759,149,63,0.422818791946309,0.0228343602754621,"TF:M08917","TF","Factor: GABP-ALPHA; motif: RCCGGAARTNN",20092,2982
"825","tan",TRUE,6.88002951197769e-15,5350,149,89,0.597315436241611,0.0166355140186916,"TF:M09900","TF","Factor: Elf-1; motif: NNANCCGGAAGTGS",20092,1744
"826","tan",TRUE,8.35971268963432e-15,8531,149,114,0.76510067114094,0.0133630289532294,"TF:M08913","TF","Factor: FLI-1; motif: NAYTTCCGGT",20092,2528
"827","tan",TRUE,8.35971268963432e-15,8249,149,112,0.751677852348993,0.0135774033216147,"TF:M02062","TF","Factor: Erg; motif: ACCGGAAGTN",20092,2072
"828","tan",TRUE,8.57746379048e-15,6075,149,95,0.63758389261745,0.0156378600823045,"TF:M02067","TF","Factor: ER71; motif: ACCGGAARYN",20092,1996
"829","tan",TRUE,8.57746379048e-15,6433,149,98,0.657718120805369,0.015233949945593,"TF:M11452","TF","Factor: Elf-1; motif: NANGCGGAAGTR",20092,1760
"830","tan",TRUE,1.0536590534586e-14,5072,149,86,0.577181208053691,0.0169558359621451,"TF:M11396_1","TF","Factor: Erg; motif: NACCGGAARTN; match class: 1",20092,2095
"831","tan",TRUE,1.06376897002444e-14,4543,149,81,0.543624161073825,0.0178296279991195,"TF:M09935","TF","Factor: GABP-alpha; motif: NNNRCCGGAAGTGN",20092,2984
"832","tan",TRUE,1.55176801853927e-14,7000,149,102,0.684563758389262,0.0145714285714286,"TF:M03982","TF","Factor: ETV4; motif: ACCGGAAGTN",20092,2342
"833","tan",TRUE,1.55176801853927e-14,9658,149,121,0.812080536912752,0.0125284738041002,"TF:M02059","TF","Factor: ELK-1; motif: ACCGGAAGTN",20092,1890
"834","tan",TRUE,1.70244211535312e-14,9674,149,121,0.812080536912752,0.0125077527393012,"TF:M01752","TF","Factor: ERG; motif: ACCGGAART",20092,2070
"835","tan",TRUE,1.86208609239276e-14,5809,149,92,0.61744966442953,0.0158374935444999,"TF:M12601","TF","Factor: ELF4; motif: NCCACTTCCGGNNNN",20092,1824
"836","tan",TRUE,1.99631362962955e-14,8369,149,112,0.751677852348993,0.0133827219500538,"TF:M11424","TF","Factor: Erm; motif: NNSCGGAWGYN",20092,2110
"837","tan",TRUE,2.08943202183461e-14,8518,149,113,0.758389261744966,0.0132660248884715,"TF:M08759","TF","Factor: c-Ets-2; motif: NCCGGAAGTG",20092,2234
"838","tan",TRUE,2.40875834548159e-14,11037,149,129,0.865771812080537,0.0116879586844251,"TF:M11396","TF","Factor: Erg; motif: NACCGGAARTN",20092,2094
"839","tan",TRUE,2.78591719596587e-14,6208,149,95,0.63758389261745,0.0153028350515464,"TF:M11419","TF","Factor: ER81; motif: NNCCGGAWGYN",20092,2012
"840","tan",TRUE,3.15289502004512e-14,7740,149,107,0.718120805369127,0.0138242894056848,"TF:M01078","TF","Factor: c-Ets-1; motif: NNNRCCGGAWRYNNNN",20092,836
"841","tan",TRUE,6.24214484284605e-14,4389,149,78,0.523489932885906,0.0177717019822283,"TF:M11449","TF","Factor: Elf-1; motif: NANCCGGAAGTN",20092,1754
"842","tan",TRUE,6.55594229618126e-14,8504,149,112,0.751677852348993,0.013170272812794,"TF:M09905","TF","Factor: SAP-1; motif: NNCCGGAAGTGN",20092,1932
"843","tan",TRUE,9.41403733414813e-14,2382,149,56,0.375838926174497,0.0235096557514694,"TF:M03981","TF","Factor: ETV3; motif: ACCGGAAGTN",20092,2332
"844","tan",TRUE,1.14311831073649e-13,8010,149,108,0.724832214765101,0.0134831460674157,"TF:M04714","TF","Factor: Elf-1; motif: ACTTCCGGG",20092,1736
"845","tan",TRUE,1.67136262280284e-13,7780,149,106,0.711409395973154,0.0136246786632391,"TF:M02063","TF","Factor: c-ets-1; motif: ACCGGAWGTN",20092,838
"846","tan",TRUE,1.79265720664119e-13,8902,149,114,0.76510067114094,0.0128061109862952,"TF:M11392","TF","Factor: Erg; motif: NACCGGAARYN",20092,2086
"847","tan",TRUE,2.09028503260458e-13,2771,149,60,0.402684563758389,0.021652832912306,"TF:M02062_1","TF","Factor: Erg; motif: ACCGGAAGTN; match class: 1",20092,2073
"848","tan",TRUE,2.31618102316345e-13,5941,149,91,0.610738255033557,0.0153172866520788,"TF:M09605","TF","Factor: Elf-1; motif: NAANCMGGAAGTGN",20092,1742
"849","tan",TRUE,3.238262907912e-13,7589,149,104,0.697986577181208,0.0137040453287653,"TF:M11425","TF","Factor: PEA3; motif: NACCGGAAGTN",20092,6694
"850","tan",TRUE,4.2252441656854e-13,3554,149,68,0.456375838926175,0.0191333708497468,"TF:M02068","TF","Factor: etv3; motif: ACCGGAAGYN",20092,2330
"851","tan",TRUE,4.2252441656854e-13,8159,149,108,0.724832214765101,0.0132369162887609,"TF:M07415","TF","Factor: Elf-1; motif: AWCCCGGAAGTN",20092,1740
"852","tan",TRUE,4.2252441656854e-13,10217,149,122,0.818791946308725,0.0119408828423216,"TF:M03975","TF","Factor: ERG; motif: ACCGGAARTN",20092,2074
"853","tan",TRUE,4.79393040680605e-13,2918,149,61,0.409395973154362,0.020904729266621,"TF:M01258","TF","Factor: GABP; motif: CACTTCCGGNNN",20092,3002
"854","tan",TRUE,4.79766291697316e-13,4157,149,74,0.496644295302013,0.0178012990137118,"TF:M02052_1","TF","Factor: EHF; motif: CSCGGAARTN; match class: 1",20092,1717
"855","tan",TRUE,6.00381783307656e-13,2846,149,60,0.402684563758389,0.0210822206605762,"TF:M11437","TF","Factor: SAP-1; motif: NRCCGGAWGYN",20092,1936
"856","tan",TRUE,6.62799223008153e-13,10277,149,122,0.818791946308725,0.0118711686289773,"TF:M00025","TF","Factor: Elk-1; motif: NNNNCCGGAARTNN",20092,1884
"857","tan",TRUE,9.22587365833294e-13,2445,149,55,0.369127516778524,0.0224948875255624,"TF:M02063_1","TF","Factor: c-ets-1; motif: ACCGGAWGTN; match class: 1",20092,839
"858","tan",TRUE,9.22587365833294e-13,7063,149,99,0.664429530201342,0.0140167067818208,"TF:M02069","TF","Factor: Erm; motif: ACCGGAAGTN",20092,2102
"859","tan",TRUE,1.43870332883807e-12,3846,149,70,0.469798657718121,0.0182007280291212,"TF:M02059_1","TF","Factor: ELK-1; motif: ACCGGAAGTN; match class: 1",20092,1891
"860","tan",TRUE,1.53586367530146e-12,2911,149,60,0.402684563758389,0.020611473720371,"TF:M11424_1","TF","Factor: Erm; motif: NNSCGGAWGYN; match class: 1",20092,2111
"861","tan",TRUE,1.56106493999178e-12,8450,149,109,0.731543624161074,0.0128994082840237,"TF:M11434","TF","Factor: Elk-1; motif: NRSCGGAAGNN",20092,1902
"862","tan",TRUE,1.59184091228444e-12,2233,149,52,0.348993288590604,0.0232870577698164,"TF:M01214_1","TF","Factor: ESE-1; motif: NSMGGAARTN; match class: 1",20092,2135
"863","tan",TRUE,1.59184091228444e-12,2233,149,52,0.348993288590604,0.0232870577698164,"TF:M02055_1","TF","Factor: ESE-1; motif: NSMGGAARTN; match class: 1",20092,2131
"864","tan",TRUE,1.74789365160601e-12,3014,149,61,0.409395973154362,0.0202388852023889,"TF:M11434_1","TF","Factor: Elk-1; motif: NRSCGGAAGNN; match class: 1",20092,1903
"865","tan",TRUE,1.99306507034544e-12,1628,149,44,0.295302013422819,0.027027027027027,"TF:M11419_1","TF","Factor: ER81; motif: NNCCGGAWGYN; match class: 1",20092,2013
"866","tan",TRUE,2.2140342667063e-12,3123,149,62,0.416107382550336,0.0198527057316683,"TF:M02054","TF","Factor: ELF2; motif: CCCGGAARYN",20092,1772
"867","tan",TRUE,2.91107843171445e-12,5736,149,87,0.583892617449664,0.0151673640167364,"TF:M11450","TF","Factor: Elf-1; motif: NANSCGGAAGTR",20092,1756
"868","tan",TRUE,2.98859676974231e-12,10790,149,124,0.832214765100671,0.0114921223354958,"TF:M03977","TF","Factor: ETS1; motif: ACCGGAARYN",20092,2224
"869","tan",TRUE,3.16913887182742e-12,7340,149,100,0.671140939597315,0.0136239782016349,"TF:M11428","TF","Factor: PEA3; motif: NACCGGAAGTN",20092,6698
"870","tan",TRUE,3.16913887182742e-12,10321,149,121,0.812080536912752,0.0117236701869974,"TF:M02052","TF","Factor: EHF; motif: CSCGGAARTN",20092,1716
"871","tan",TRUE,3.16913887182742e-12,5987,149,89,0.597315436241611,0.0148655420076833,"TF:M02073","TF","Factor: Fli-1; motif: ACCGGAAGYN",20092,2520
"872","tan",TRUE,3.16913887182742e-12,3342,149,64,0.429530201342282,0.0191502094554159,"TF:M11415","TF","Factor: GABP-alpha; motif: NRCCGGAAGTN",20092,2988
"873","tan",TRUE,3.16913887182742e-12,7729,149,103,0.691275167785235,0.0133264329149955,"TF:M01214","TF","Factor: ESE-1; motif: NSMGGAARTN",20092,2134
"874","tan",TRUE,3.16913887182742e-12,7729,149,103,0.691275167785235,0.0133264329149955,"TF:M02055","TF","Factor: ESE-1; motif: NSMGGAARTN",20092,2130
"875","tan",TRUE,3.544964504922e-12,2627,149,56,0.375838926174497,0.0213170917396269,"TF:M11439","TF","Factor: Net; motif: NRCCGGAAGTN",20092,1912
"876","tan",TRUE,4.17858928068163e-12,2638,149,56,0.375838926174497,0.0212282031842305,"TF:M08451_1","TF","Factor: Elk-1:HOXA1; motif: ACCGGAAGTAATTA; match class: 1",20092,1857
"877","tan",TRUE,4.4343080370454e-12,2998,149,60,0.402684563758389,0.0200133422281521,"TF:M08759_1","TF","Factor: c-Ets-2; motif: NCCGGAAGTG; match class: 1",20092,2235
"878","tan",TRUE,4.7756402555307e-12,2824,149,58,0.389261744966443,0.0205382436260623,"TF:M09904_1","TF","Factor: Elk-1; motif: RCCGGAAGTGN; match class: 1",20092,1897
"879","tan",TRUE,5.31806644020259e-12,6280,149,91,0.610738255033557,0.0144904458598726,"TF:M11432","TF","Factor: Elk-1; motif: NACMGGAAGTN",20092,1898
"880","tan",TRUE,6.69130154726689e-12,3120,149,61,0.409395973154362,0.0195512820512821,"TF:M08913_1","TF","Factor: FLI-1; motif: NAYTTCCGGT; match class: 1",20092,2529
"881","tan",TRUE,6.84050381461319e-12,949,149,33,0.221476510067114,0.0347734457323498,"TF:M11422_1","TF","Factor: Erm; motif: NRCMGGAAGTN; match class: 1",20092,2107
"882","tan",TRUE,7.03777415985635e-12,5380,149,83,0.557046979865772,0.0154275092936803,"TF:M03990","TF","Factor: GABPA; motif: ACCGGAAGTN",20092,2976
"883","tan",TRUE,7.69951804837708e-12,1557,149,42,0.281879194630872,0.0269749518304432,"TF:M12601_1","TF","Factor: ELF4; motif: NCCACTTCCGGNNNN; match class: 1",20092,1825
"884","tan",TRUE,9.36858284339758e-12,5867,149,87,0.583892617449664,0.0148287029146071,"TF:M13119","TF","Factor: ZBTB11; motif: RCTTCCGGNNSNNNN",20092,9328
"885","tan",TRUE,1.37871129544683e-11,8583,149,108,0.724832214765101,0.0125830129325411,"TF:M08451","TF","Factor: Elk-1:HOXA1; motif: ACCGGAAGTAATTA",20092,1856
"886","tan",TRUE,1.37871129544683e-11,3269,149,62,0.416107382550336,0.0189660446619761,"TF:M12600_1","TF","Factor: ELF1; motif: NNNASCCGGAAGTGGNNNN; match class: 1",20092,1765
"887","tan",TRUE,1.41075752296925e-11,4786,149,77,0.516778523489933,0.0160885917258671,"TF:M11422","TF","Factor: Erm; motif: NRCMGGAAGTN",20092,2106
"888","tan",TRUE,1.48139792138692e-11,2640,149,55,0.369127516778524,0.0208333333333333,"TF:M02061","TF","Factor: ERF; motif: ACCGGAARYN",20092,2066
"889","tan",TRUE,1.54506938009464e-11,5460,149,83,0.557046979865772,0.0152014652014652,"TF:M02056","TF","Factor: ELF4; motif: NCCGGAARTN",20092,1812
"890","tan",TRUE,1.54506938009464e-11,8883,149,110,0.738255033557047,0.0123832038725656,"TF:M12600","TF","Factor: ELF1; motif: NNNASCCGGAAGTGGNNNN",20092,1764
"891","tan",TRUE,1.57603292385799e-11,2388,149,52,0.348993288590604,0.0217755443886097,"TF:M11425_1","TF","Factor: PEA3; motif: NACCGGAAGTN; match class: 1",20092,6695
"892","tan",TRUE,1.62530248907424e-11,3286,149,62,0.416107382550336,0.0188679245283019,"TF:M04698","TF","Factor: GABP-alpha; motif: CACTTCCGG",20092,2978
"893","tan",TRUE,1.78676001680615e-11,6175,149,89,0.597315436241611,0.014412955465587,"TF:M02053","TF","Factor: ELF1; motif: NCCGGAARTN",20092,1842
"894","tan",TRUE,2.00167840383115e-11,3787,149,67,0.449664429530201,0.0176921045682598,"TF:M01752_1","TF","Factor: ERG; motif: ACCGGAART; match class: 1",20092,2071
"895","tan",TRUE,2.10215981866641e-11,3307,149,62,0.416107382550336,0.0187481100695494,"TF:M11392_1","TF","Factor: Erg; motif: NACCGGAARYN; match class: 1",20092,2087
"896","tan",TRUE,2.26985242385411e-11,2329,149,51,0.342281879194631,0.0218978102189781,"TF:M02066_1","TF","Factor: PEA3; motif: RCCGGAAGYN; match class: 1",20092,6691
"897","tan",TRUE,2.34270760461677e-11,4104,149,70,0.469798657718121,0.017056530214425,"TF:M03975_1","TF","Factor: ERG; motif: ACCGGAARTN; match class: 1",20092,2075
"898","tan",TRUE,2.37072340594215e-11,1401,149,39,0.261744966442953,0.0278372591006424,"TF:M09901_1","TF","Factor: nerf; motif: NNNCCGGAAGTGN; match class: 1",20092,5659
"899","tan",TRUE,2.56376450375482e-11,3420,149,63,0.422818791946309,0.0184210526315789,"TF:M03969","TF","Factor: ELF5; motif: ANSMGGAAGTN",20092,1830
"900","tan",TRUE,2.96618871142112e-11,3626,149,65,0.436241610738255,0.0179260893546608,"TF:M13032_1","TF","Factor: ETV5; motif: ACCGGAAGTN; match class: 1",20092,2383
"901","tan",TRUE,2.96618871142112e-11,1342,149,38,0.25503355704698,0.0283159463487332,"TF:M09605_1","TF","Factor: Elf-1; motif: NAANCMGGAAGTGN; match class: 1",20092,1743
"902","tan",TRUE,4.16878270335142e-11,13100,149,135,0.906040268456376,0.0103053435114504,"TF:M02065","TF","Factor: ER81; motif: RCCGGAARYN",20092,2004
"903","tan",TRUE,4.56615818199837e-11,12006,149,129,0.865771812080537,0.0107446276861569,"TF:M11435","TF","Factor: Elk-1; motif: NNCCGGAAGTN",20092,1904
"904","tan",TRUE,4.74827418510981e-11,1656,149,42,0.281879194630872,0.0253623188405797,"TF:M02067_1","TF","Factor: ER71; motif: ACCGGAARYN; match class: 1",20092,1997
"905","tan",TRUE,5.44246243767728e-11,2388,149,51,0.342281879194631,0.021356783919598,"TF:M11448_1","TF","Factor: Elf-1; motif: NANGCGGAAGTN; match class: 1",20092,1753
"906","tan",TRUE,5.64222724535644e-11,4713,149,75,0.503355704697987,0.0159134309357097,"TF:M11427_1","TF","Factor: PEA3; motif: NACCGGAAGTN; match class: 1",20092,6697
"907","tan",TRUE,5.64222724535644e-11,10388,149,119,0.798657718120805,0.011455525606469,"TF:M02071","TF","Factor: ETV7; motif: NCCGGAANNN",20092,2390
"908","tan",TRUE,5.64222724535644e-11,3295,149,61,0.409395973154362,0.0185128983308042,"TF:M11420","TF","Factor: ER81; motif: NACCGGAAGTN",20092,2014
"909","tan",TRUE,5.64222724535644e-11,8354,149,105,0.704697986577181,0.0125688293033277,"TF:M09608","TF","Factor: Erg; motif: NNACCGGAARTSN",20092,2078
"910","tan",TRUE,5.73283927597626e-11,2061,149,47,0.315436241610738,0.0228044638524988,"TF:M03982_1","TF","Factor: ETV4; motif: ACCGGAAGTN; match class: 1",20092,2343
"911","tan",TRUE,5.99355624734397e-11,2659,149,54,0.36241610738255,0.0203083866115081,"TF:M11447_1","TF","Factor: Elf-1; motif: NAMCCGGAAGTN; match class: 1",20092,1751
"912","tan",TRUE,5.99355624734397e-11,626,149,26,0.174496644295302,0.0415335463258786,"TF:M02068_1","TF","Factor: etv3; motif: ACCGGAAGYN; match class: 1",20092,2331
"913","tan",TRUE,7.46124601343699e-11,7985,149,102,0.684563758389262,0.012773951158422,"TF:M00032","TF","Factor: c-Ets-1(p54); motif: NCMGGAWGYN",20092,832
"914","tan",TRUE,8.62345648926129e-11,2169,149,48,0.322147651006711,0.0221300138312586,"TF:M11451_1","TF","Factor: Elf-1; motif: NANCCGGAAGTN; match class: 1",20092,1759
"915","tan",TRUE,1.03160754392805e-10,1333,149,37,0.248322147651007,0.0277569392348087,"TF:M11389","TF","Factor: elf5; motif: GAMCCGGAAGTN",20092,1840
"916","tan",TRUE,1.12679426678342e-10,7251,149,96,0.644295302013423,0.0132395531650807,"TF:M12603","TF","Factor: ERM; motif: NNCACTTCCGGNN",20092,2112
"917","tan",TRUE,1.33625244225466e-10,2199,149,48,0.322147651006711,0.0218281036834925,"TF:M11428_1","TF","Factor: PEA3; motif: NACCGGAAGTN; match class: 1",20092,6699
"918","tan",TRUE,1.33625244225466e-10,5018,149,77,0.516778523489933,0.0153447588680749,"TF:M11430_1","TF","Factor: PEA3; motif: NACCGGAAGTN; match class: 1",20092,6703
"919","tan",TRUE,1.33625244225466e-10,1564,149,40,0.268456375838926,0.0255754475703325,"TF:M11432_1","TF","Factor: Elk-1; motif: NACMGGAAGTN; match class: 1",20092,1899
"920","tan",TRUE,1.33625244225466e-10,6771,149,92,0.61744966442953,0.0135873578496529,"TF:M03966","TF","Factor: ELF1; motif: AACCCGGAAGTR",20092,1734
"921","tan",TRUE,1.33625244225466e-10,2990,149,57,0.38255033557047,0.0190635451505017,"TF:M11414","TF","Factor: GABP-alpha; motif: NACCGGAAGTN",20092,2986
"922","tan",TRUE,1.35052743072274e-10,7927,149,101,0.677852348993289,0.0127412640343131,"TF:M01165","TF","Factor: Elk-1; motif: RACCGGAAGTR",20092,1888
"923","tan",TRUE,1.40262923464478e-10,7800,149,100,0.671140939597315,0.0128205128205128,"TF:M11448","TF","Factor: Elf-1; motif: NANGCGGAAGTN",20092,1752
"924","tan",TRUE,1.56265230202077e-10,1081,149,33,0.221476510067114,0.030527289546716,"TF:M09935_1","TF","Factor: GABP-alpha; motif: NNNRCCGGAAGTGN; match class: 1",20092,2985
"925","tan",TRUE,1.5777694347191e-10,2732,149,54,0.36241610738255,0.0197657393850659,"TF:M04714_1","TF","Factor: Elf-1; motif: ACTTCCGGG; match class: 1",20092,1737
"926","tan",TRUE,1.72470206008532e-10,5382,149,80,0.536912751677852,0.0148643626904496,"TF:M01163","TF","Factor: Elk-1; motif: AACCGGAAGTR",20092,1886
"927","tan",TRUE,2.19721457965329e-10,7854,149,100,0.671140939597315,0.0127323656735421,"TF:M11433","TF","Factor: Elk-1; motif: NRCCGGAAGTN",20092,1900
"928","tan",TRUE,2.58036453932536e-10,2159,149,47,0.315436241610738,0.0217693376563224,"TF:M11413","TF","Factor: ER71; motif: NACCGGAARTN",20092,2328
"929","tan",TRUE,2.60386627185992e-10,2502,149,51,0.342281879194631,0.0203836930455636,"TF:M01078_1","TF","Factor: c-Ets-1; motif: NNNRCCGGAWRYNNNN; match class: 1",20092,837
"930","tan",TRUE,3.38715959207704e-10,7774,149,99,0.664429530201342,0.0127347568819141,"TF:M03967","TF","Factor: ELF3; motif: WACCCGGAAGTAN",20092,1794
"931","tan",TRUE,3.409771560527e-10,2012,149,45,0.302013422818792,0.0223658051689861,"TF:M03967_1","TF","Factor: ELF3; motif: WACCCGGAAGTAN; match class: 1",20092,1795
"932","tan",TRUE,3.66860570378521e-10,5012,149,76,0.51006711409396,0.0151636073423783,"TF:M13031_1","TF","Factor: ETV4; motif: ACCGGAAGTN; match class: 1",20092,2347
"933","tan",TRUE,3.95164038856157e-10,1190,149,34,0.228187919463087,0.0285714285714286,"TF:M09900_1","TF","Factor: Elf-1; motif: NNANCCGGAAGTGS; match class: 1",20092,1745
"934","tan",TRUE,4.0216995279719e-10,2446,149,50,0.335570469798658,0.0204415372035977,"TF:M02072","TF","Factor: Pet-1; motif: ACCGGAWRTN",20092,6722
"935","tan",TRUE,4.55869046714102e-10,4707,149,73,0.48993288590604,0.0155088166560442,"TF:M02074","TF","Factor: GABPalpha; motif: RCCGGAWRYN",20092,2974
"936","tan",TRUE,5.61975492386522e-10,4301,149,69,0.463087248322148,0.0160427807486631,"TF:M11400_1","TF","Factor: Fli-1; motif: NACCGGAARTN; match class: 1",20092,2539
"937","tan",TRUE,6.05518372761697e-10,11183,149,122,0.818791946308725,0.0109094160779755,"TF:M02064","TF","Factor: c-ets-2; motif: ACCGGAWRTN",20092,842
"938","tan",TRUE,6.76469059645402e-10,2309,149,48,0.322147651006711,0.0207882200086618,"TF:M11433_1","TF","Factor: Elk-1; motif: NRCCGGAAGTN; match class: 1",20092,1901
"939","tan",TRUE,7.07600849878407e-10,1507,149,38,0.25503355704698,0.0252156602521566,"TF:M02073_1","TF","Factor: Fli-1; motif: ACCGGAAGYN; match class: 1",20092,2521
"940","tan",TRUE,7.36666184936697e-10,4540,149,71,0.476510067114094,0.0156387665198238,"TF:M12557","TF","Factor: ETV5; motif: NNACTTCCGNN",20092,2380
"941","tan",TRUE,7.50882676792106e-10,1741,149,41,0.275167785234899,0.0235496840896037,"TF:M11452_1","TF","Factor: Elf-1; motif: NANGCGGAAGTR; match class: 1",20092,1761
"942","tan",TRUE,8.35184942579182e-10,2239,149,47,0.315436241610738,0.0209915140687807,"TF:M13367","TF","Factor: ZBTB11; motif: CACTTCCGG",20092,9330
"943","tan",TRUE,8.89049512059394e-10,2957,149,55,0.369127516778524,0.0185999323638823,"TF:M09913","TF","Factor: ER81; motif: NNCCGGAAGYG",20092,2008
"944","tan",TRUE,1.18034962533691e-09,2010,149,44,0.295302013422819,0.0218905472636816,"TF:M12603_1","TF","Factor: ERM; motif: NNCACTTCCGGNN; match class: 1",20092,2113
"945","tan",TRUE,2.13754220140587e-09,8404,149,102,0.684563758389262,0.0121370775821038,"TF:M13138","TF","Factor: ETV4; motif: NNCCGGAAGYNNN",20092,2348
"946","tan",TRUE,2.13754220140587e-09,4536,149,70,0.469798657718121,0.0154320987654321,"TF:M00025_1","TF","Factor: Elk-1; motif: NNNNCCGGAARTNN; match class: 1",20092,1885
"947","tan",TRUE,2.2534915004233e-09,5889,149,82,0.550335570469799,0.0139242655798947,"TF:M11435_1","TF","Factor: Elk-1; motif: NNCCGGAAGTN; match class: 1",20092,1905
"948","tan",TRUE,2.3668749537773e-09,2397,149,48,0.322147651006711,0.0200250312891114,"TF:M11421","TF","Factor: ER81; motif: NACCGGAAGTN",20092,2016
"949","tan",TRUE,2.97906346162244e-09,4678,149,71,0.476510067114094,0.0151774262505344,"TF:M02064_1","TF","Factor: c-ets-2; motif: ACCGGAWRTN; match class: 1",20092,843
"950","tan",TRUE,3.33414057244524e-09,7795,149,97,0.651006711409396,0.0124438742783836,"TF:M08222","TF","Factor: Elk-1:HOXB13; motif: ACCGGAAGTNGTAAAN",20092,1862
"951","tan",TRUE,3.74418724229967e-09,5255,149,76,0.51006711409396,0.0144624167459562,"TF:M01660_1","TF","Factor: GABP-alpha; motif: CTTCCK; match class: 1",20092,2993
"952","tan",TRUE,3.90310479449310e-09,1230,149,33,0.221476510067114,0.0268292682926829,"TF:M03990_1","TF","Factor: GABPA; motif: ACCGGAAGTN; match class: 1",20092,2977
"953","tan",TRUE,3.90310479449310e-09,3966,149,64,0.429530201342282,0.016137165910237,"TF:M11402","TF","Factor: Fli-1; motif: NACCGGAARTN",20092,2542
"954","tan",TRUE,4.86334127721416e-09,1615,149,38,0.25503355704698,0.0235294117647059,"TF:M03966_1","TF","Factor: ELF1; motif: AACCCGGAAGTR; match class: 1",20092,1735
"955","tan",TRUE,5.05423014047296e-09,716,149,25,0.167785234899329,0.0349162011173184,"TF:M11449_1","TF","Factor: Elf-1; motif: NANCCGGAAGTN; match class: 1",20092,1755
"956","tan",TRUE,5.05423014047296e-09,3003,149,54,0.36241610738255,0.017982017982018,"TF:M03988_1","TF","Factor: FLI1; motif: ACCGGAARTN; match class: 1",20092,2523
"957","tan",TRUE,5.09058546189543e-09,1465,149,36,0.241610738255034,0.0245733788395904,"TF:M11436","TF","Factor: SAP-1; motif: NRNCGGAWRYN",20092,1934
"958","tan",TRUE,6.73086064738411e-09,10570,149,116,0.778523489932886,0.0109744560075686,"TF:M11382","TF","Factor: ESE-1; motif: NWTRCGGAWGCN",20092,1802
"959","tan",TRUE,7.2179118804508e-09,4992,149,73,0.48993288590604,0.0146233974358974,"TF:M02070_1","TF","Factor: TEL1; motif: CNCGGAANNN; match class: 1",20092,8775
"960","tan",TRUE,7.47998874384532e-09,4239,149,66,0.442953020134228,0.0155697098372258,"TF:M11382_1","TF","Factor: ESE-1; motif: NWTRCGGAWGCN; match class: 1",20092,1803
"961","tan",TRUE,7.64606051141362e-09,11370,149,121,0.812080536912752,0.0106420404573439,"TF:M01660","TF","Factor: GABP-alpha; motif: CTTCCK",20092,2992
"962","tan",TRUE,7.64860951229432e-09,2222,149,45,0.302013422818792,0.0202520252025203,"TF:M01165_1","TF","Factor: Elk-1; motif: RACCGGAAGTR; match class: 1",20092,1889
"963","tan",TRUE,8.36853081162811e-09,3239,149,56,0.375838926174497,0.0172892868169188,"TF:M11404_1","TF","Factor: Fli-1; motif: NACCGGAARTN; match class: 1",20092,2545
"964","tan",TRUE,8.51310738215676e-09,3941,149,63,0.422818791946309,0.0159857904085258,"TF:M08423","TF","Factor: TEF-3:ER81; motif: ACCGGAAATRCC",20092,8688
"965","tan",TRUE,8.85387715305401e-09,4796,149,71,0.476510067114094,0.0148040033361134,"TF:M03977_1","TF","Factor: ETS1; motif: ACCGGAARYN; match class: 1",20092,2225
"966","tan",TRUE,9.09935991089659e-09,1132,149,31,0.208053691275168,0.0273851590106007,"TF:M03970_1","TF","Factor: ELK1; motif: ACCGGAAGTN; match class: 1",20092,1893
"967","tan",TRUE,9.24864501082059e-09,3057,149,54,0.36241610738255,0.0176643768400393,"TF:M09905_1","TF","Factor: SAP-1; motif: NNCCGGAAGTGN; match class: 1",20092,1933
"968","tan",TRUE,1.00683918292675e-08,2419,149,47,0.315436241610738,0.0194295163290616,"TF:M08760","TF","Factor: ETV7; motif: NNSCGGAAGTR",20092,2392
"969","tan",TRUE,1.22857368643225e-08,6451,149,85,0.570469798657718,0.0131762517439157,"TF:M09606","TF","Factor: nerf; motif: NRRNSCGGAAGNRNNNN",20092,1776
"970","tan",TRUE,1.24303241763787e-08,2435,149,47,0.315436241610738,0.0193018480492813,"TF:M09608_1","TF","Factor: Erg; motif: NNACCGGAARTSN; match class: 1",20092,2079
"971","tan",TRUE,1.60959765137809e-08,16106,149,145,0.973154362416107,0.00900285607848007,"TF:M12599_1","TF","Factor: E2F4; motif: YCCCGCCNCNNSSNNSNN; match class: 1",20092,1555
"972","tan",TRUE,1.61012118484779e-08,1021,149,29,0.194630872483221,0.0284035259549461,"TF:M02074_1","TF","Factor: GABPalpha; motif: RCCGGAWRYN; match class: 1",20092,2975
"973","tan",TRUE,1.89537492269772e-08,646,149,23,0.154362416107383,0.0356037151702786,"TF:M11455","TF","Factor: ELFR; motif: NANSCGGAAGTN",20092,1820
"974","tan",TRUE,2.10308619911177e-08,15644,149,143,0.959731543624161,0.00914088468422398,"TF:M04826_1","TF","Factor: p300; motif: ACNTCCG; match class: 1",20092,1995
"975","tan",TRUE,2.71470783315605e-08,4807,149,70,0.469798657718121,0.0145620969419596,"TF:M09607","TF","Factor: SAP-1; motif: ACCGGAAGTNN",20092,1930
"976","tan",TRUE,3.34730150242272e-08,5164,149,73,0.48993288590604,0.0141363284275755,"TF:M08377_1","TF","Factor: meis1:Elf-1; motif: NTGCCGGAAGTN; match class: 1",20092,5249
"977","tan",TRUE,4.50279143596299e-08,2443,149,46,0.308724832214765,0.018829308227589,"TF:M07415_1","TF","Factor: Elf-1; motif: AWCCCGGAAGTN; match class: 1",20092,1741
"978","tan",TRUE,4.85905129353316e-08,6376,149,83,0.557046979865772,0.0130175658720201,"TF:M01208","TF","Factor: FLI-1; motif: CMGGAWGTSAN",20092,2548
"979","tan",TRUE,4.95092249863945e-08,2012,149,41,0.275167785234899,0.0203777335984095,"TF:M02069_1","TF","Factor: Erm; motif: ACCGGAAGTN; match class: 1",20092,2103
"980","tan",TRUE,5.86625513016049e-08,2197,149,43,0.288590604026846,0.0195721438324989,"TF:M01876","TF","Factor: GABP-beta; motif: ASMGGAAGKGN",20092,2998
"981","tan",TRUE,6.1006298934383e-08,3321,149,55,0.369127516778524,0.0165612767238783,"TF:M11384","TF","Factor: ESE-1; motif: ACCCGGAAGTRNNNNNNNWWWWW",20092,1806
"982","tan",TRUE,6.13803577268134e-08,120,149,11,0.0738255033557047,0.0916666666666667,"TF:M03984","TF","Factor: ETV6; motif: CCGGAASCGGAAGTR",20092,2384
"983","tan",TRUE,6.88716828861224e-08,755,149,24,0.161073825503356,0.0317880794701987,"TF:M11460","TF","Factor: nerf; motif: NANSCGGAAGTN",20092,1784
"984","tan",TRUE,7.50112491253164e-08,4590,149,67,0.449664429530201,0.0145969498910675,"TF:M02071_1","TF","Factor: ETV7; motif: NCCGGAANNN; match class: 1",20092,2391
"985","tan",TRUE,7.7724864193718e-08,1097,149,29,0.194630872483221,0.0264357338195077,"TF:M11457","TF","Factor: nerf; motif: NANGCGGAAGTR",20092,1778
"986","tan",TRUE,8.22363741427645e-08,1100,149,29,0.194630872483221,0.0263636363636364,"TF:M11454","TF","Factor: ELFR; motif: NANGMGGAAGTN",20092,1818
"987","tan",TRUE,8.55048534715046e-08,2227,149,43,0.288590604026846,0.01930848675348,"TF:M00032_1","TF","Factor: c-Ets-1(p54); motif: NCMGGAWGYN; match class: 1",20092,833
"988","tan",TRUE,8.90330821194004e-08,2056,149,41,0.275167785234899,0.0199416342412451,"TF:M11442","TF","Factor: Net; motif: NACCGGAAGTN",20092,1918
"989","tan",TRUE,8.90330821194004e-08,369,149,17,0.114093959731544,0.046070460704607,"TF:M02061_1","TF","Factor: ERF; motif: ACCGGAARYN; match class: 1",20092,2067
"990","tan",TRUE,1.26113956569676e-07,1345,149,32,0.214765100671141,0.0237918215613383,"TF:M08341_1","TF","Factor: HOXB2:Elk-1; motif: TAATKRCCGGAAGTN; match class: 1",20092,3961
"991","tan",TRUE,1.73815718342264e-07,5357,149,73,0.48993288590604,0.0136270300541348,"TF:M08418_1","TF","Factor: TEF-3:Elk-1; motif: RMATWCCGGAWGT; match class: 1",20092,8679
"992","tan",TRUE,2.24548353324391e-07,3050,149,51,0.342281879194631,0.0167213114754098,"TF:M03791","TF","Factor: GABPalpha_GABPbeta; motif: CTTCCKGY",20092,2972
"993","tan",TRUE,2.30099704588905e-07,3249,149,53,0.355704697986577,0.0163127116035703,"TF:M11379","TF","Factor: ESE-1; motif: ACCCGGAAGTRNNNNNNNNWWWW",20092,1798
"994","tan",TRUE,2.88401838157971e-07,11116,149,116,0.778523489932886,0.0104354084202951,"TF:M02070","TF","Factor: TEL1; motif: CNCGGAANNN",20092,8774
"995","tan",TRUE,2.9584713559352e-07,2506,149,45,0.302013422818792,0.0179569034317638,"TF:M13138_1","TF","Factor: ETV4; motif: NNCCGGAAGYNNN; match class: 1",20092,2349
"996","tan",TRUE,3.17847194408715e-07,456,149,18,0.120805369127517,0.0394736842105263,"TF:M03969_1","TF","Factor: ELF5; motif: ANSMGGAAGTN; match class: 1",20092,1831
"997","tan",TRUE,5.15639357542256e-07,1589,149,34,0.228187919463087,0.0213971050975456,"TF:M02053_1","TF","Factor: ELF1; motif: NCCGGAARTN; match class: 1",20092,1843
"998","tan",TRUE,7.40665674925623e-07,12041,149,121,0.812080536912752,0.0100489992525538,"TF:M08418","TF","Factor: TEF-3:Elk-1; motif: RMATWCCGGAWGT",20092,8678
"999","tan",TRUE,7.9680482289241e-07,10665,149,112,0.751677852348993,0.0105016408813877,"TF:M08298","TF","Factor: FOXO1A:Elk-1; motif: RCCGGAWGTTNTN",20092,2814
"1000","tan",TRUE,7.97026858606967e-07,664,149,21,0.140939597315436,0.0316265060240964,"TF:M08423_1","TF","Factor: TEF-3:ER81; motif: ACCGGAAATRCC; match class: 1",20092,8689
"1001","tan",TRUE,8.81598519751874e-07,546,149,19,0.12751677852349,0.0347985347985348,"TF:M03983_1","TF","Factor: ETV5; motif: NCCGGAWGYN; match class: 1",20092,2379
"1002","tan",TRUE,9.45955779909052e-07,6277,149,79,0.530201342281879,0.0125856300780628,"TF:M08341","TF","Factor: HOXB2:Elk-1; motif: TAATKRCCGGAAGTN",20092,3960
"1003","tan",TRUE,1.00411645005291e-06,15301,149,139,0.932885906040268,0.00908437357035488,"TF:M10438_1","TF","Factor: ZF5; motif: GGSGCGCGS; match class: 1",20092,9479
"1004","tan",TRUE,1.2241806894202e-06,1325,149,30,0.201342281879195,0.0226415094339623,"TF:M11406","TF","Factor: Pet-1; motif: NACCGGAAGTN",20092,2466
"1005","tan",TRUE,1.25422132165517e-06,559,149,19,0.12751677852349,0.0339892665474061,"TF:M11415_1","TF","Factor: GABP-alpha; motif: NRCCGGAAGTN; match class: 1",20092,2989
"1006","tan",TRUE,1.2926114222869e-06,5375,149,71,0.476510067114094,0.0132093023255814,"TF:M00678","TF","Factor: Tel-2; motif: YTACTTCCTG",20092,8776
"1007","tan",TRUE,1.47354522508714e-06,1337,149,30,0.201342281879195,0.0224382946896036,"TF:M11450_1","TF","Factor: Elf-1; motif: NANSCGGAAGTR; match class: 1",20092,1757
"1008","tan",TRUE,2.25974764744995e-06,17616,149,148,0.993288590604027,0.00840145322434151,"TF:M12599","TF","Factor: E2F4; motif: YCCCGCCNCNNSSNNSNN",20092,1554
"1009","tan",TRUE,2.34147550935327e-06,464,149,17,0.114093959731544,0.0366379310344828,"TF:M11437_1","TF","Factor: SAP-1; motif: NRCCGGAWGYN; match class: 1",20092,1937
"1010","tan",TRUE,3.20965887667201e-06,418,149,16,0.10738255033557,0.0382775119617225,"TF:M11379_1","TF","Factor: ESE-1; motif: ACCCGGAAGTRNNNNNNNNWWWW; match class: 1",20092,1799
"1011","tan",TRUE,3.34798476134165e-06,1470,149,31,0.208053691275168,0.0210884353741497,"TF:M13119_1","TF","Factor: ZBTB11; motif: RCTTCCGGNNSNNNN; match class: 1",20092,9329
"1012","tan",TRUE,3.61917614925408e-06,422,149,16,0.10738255033557,0.037914691943128,"TF:M11384_1","TF","Factor: ESE-1; motif: ACCCGGAAGTRNNNNNNNWWWWW; match class: 1",20092,1807
"1013","tan",TRUE,3.98881225279038e-06,733,149,21,0.140939597315436,0.0286493860845839,"TF:M08757","TF","Factor: nerf; motif: AAMCCGGAAGTN",20092,1774
"1014","tan",TRUE,4.03967913666488e-06,10336,149,108,0.724832214765101,0.0104489164086687,"TF:M03924","TF","Factor: YY1; motif: NNCGCCATTNN",20092,9256
"1015","tan",TRUE,4.55726692481581e-06,609,149,19,0.12751677852349,0.0311986863711002,"TF:M11402_1","TF","Factor: Fli-1; motif: NACCGGAARTN; match class: 1",20092,2543
"1016","tan",TRUE,4.84231538169312e-06,2102,149,38,0.25503355704698,0.0180780209324453,"TF:M08222_1","TF","Factor: Elk-1:HOXB13; motif: ACCGGAAGTNGTAAAN; match class: 1",20092,1863
"1017","tan",TRUE,7.10849593260983e-06,503,149,17,0.114093959731544,0.0337972166998012,"TF:M11420_1","TF","Factor: ER81; motif: NACCGGAAGTN; match class: 1",20092,2015
"1018","tan",TRUE,7.26156648601547e-06,389,149,15,0.100671140939597,0.038560411311054,"TF:M11439_1","TF","Factor: Net; motif: NRCCGGAAGTN; match class: 1",20092,1913
"1019","tan",TRUE,8.55807274861548e-06,13937,149,130,0.87248322147651,0.00932768888569994,"TF:M09918","TF","Factor: Pet-1; motif: GCNGGAAGYG",20092,6724
"1020","tan",TRUE,8.55807274861548e-06,451,149,16,0.10738255033557,0.0354767184035477,"TF:M11414_1","TF","Factor: GABP-alpha; motif: NACCGGAAGTN; match class: 1",20092,2987
"1021","tan",TRUE,8.78912017552629e-06,5281,149,68,0.456375838926175,0.0128763491762924,"TF:M09613","TF","Factor: Fli-1; motif: RCMGGAAGYGNNN",20092,2530
"1022","tan",TRUE,1.1771984182075e-05,16523,149,143,0.959731543624161,0.00865460267505901,"TF:M00716","TF","Factor: ZF5; motif: GSGCGCGR",20092,9474
"1023","tan",TRUE,1.30038680881986e-05,1007,149,24,0.161073825503356,0.0238331678252234,"TF:M09607_1","TF","Factor: SAP-1; motif: ACCGGAAGTNN; match class: 1",20092,1931
"1024","tan",TRUE,1.35925932187218e-05,1163,149,26,0.174496644295302,0.0223559759243336,"TF:M03985","TF","Factor: ETV6; motif: NSCGGAAGTR",20092,2386
"1025","tan",TRUE,1.43697644539936e-05,2014,149,36,0.241610738255034,0.0178748758689176,"TF:M01167","TF","Factor: SAP-1a; motif: NACCGGAAGTV",20092,7644
"1026","tan",TRUE,1.51158910274877e-05,2973,149,46,0.308724832214765,0.015472586612849,"TF:M11446","TF","Factor: Elf-1; motif: RANSMGGAAGTR",20092,1748
"1027","tan",TRUE,1.66786514926297e-05,8221,149,91,0.610738255033557,0.0110692129911203,"TF:M08345","TF","Factor: HOXB2:PEA3; motif: ACCGGAAATGRN",20092,3970
"1028","tan",TRUE,1.7316730793468e-05,1101,149,25,0.167785234899329,0.0227066303360581,"TF:M01163_1","TF","Factor: Elk-1; motif: AACCGGAAGTR; match class: 1",20092,1887
"1029","tan",TRUE,1.99753470691633e-05,4047,149,56,0.375838926174497,0.0138374104274771,"TF:M11418","TF","Factor: ER81; motif: NRCMGGAWGNN",20092,2010
"1030","tan",TRUE,2.7877830309195e-05,16651,149,143,0.959731543624161,0.00858807278842112,"TF:M10438","TF","Factor: ZF5; motif: GGSGCGCGS",20092,9478
"1031","tan",TRUE,2.9807804988956e-05,437,149,15,0.100671140939597,0.034324942791762,"TF:M01258_1","TF","Factor: GABP; motif: CACTTCCGGNNN; match class: 1",20092,3003
"1032","tan",TRUE,3.46622286699929e-05,13827,149,128,0.859060402684564,0.00925725030736964,"TF:M11530_1","TF","Factor: E2F-2; motif: NWTTTGGCGCCAWWNN; match class: 1",20092,1509
"1033","tan",TRUE,3.46622286699929e-05,14702,149,133,0.89261744966443,0.00904638824649708,"TF:M08266","TF","Factor: ER71:Pax-5; motif: ACCGGAACYACGCWTSANTG",20092,2306
"1034","tan",TRUE,4.02551362381625e-05,14371,149,131,0.879194630872483,0.00911557998747478,"TF:M09894_1","TF","Factor: E2F-4; motif: SNGGGCGGGAANN; match class: 1",20092,1551
"1035","tan",TRUE,4.45652630218142e-05,393,149,14,0.0939597315436242,0.0356234096692112,"TF:M08917_1","TF","Factor: GABP-ALPHA; motif: RCCGGAARTNN; match class: 1",20092,2983
"1036","tan",TRUE,4.75007341971871e-05,11196,149,111,0.74496644295302,0.00991425509110396,"TF:M11535","TF","Factor: E2F-4; motif: TTTTGGCGCCAWWN",20092,1552
"1037","tan",TRUE,4.84720344044909e-05,8533,149,92,0.61744966442953,0.0107816711590297,"TF:M00981","TF","Factor: CREB,; motif: NTGACGTNA",20092,1078
"1038","tan",TRUE,4.84720344044909e-05,15697,149,138,0.926174496644295,0.00879148881951965,"TF:M08525_1","TF","Factor: E2F-1:HES-7; motif: GGCRCGTGSYNNWNGGCGCSM; match class: 1",20092,1471
"1039","tan",TRUE,5.68044384356693e-05,1342,149,27,0.181208053691275,0.0201192250372578,"TF:M03987","TF","Factor: FEV; motif: ACCGGAAGTN",20092,2464
"1040","tan",TRUE,5.71032222183467e-05,462,149,15,0.100671140939597,0.0324675324675325,"TF:M02054_1","TF","Factor: ELF2; motif: CCCGGAARYN; match class: 1",20092,1773
"1041","tan",TRUE,7.58514383329269e-05,9562,149,99,0.664429530201342,0.0103534825350345,"TF:M12591_1","TF","Factor: CREB1; motif: NNNNSSGGCGCSSNNNNRTGACGTCAC; match class: 1",20092,1009
"1042","tan",TRUE,8.571300341918e-05,303,149,12,0.0805369127516778,0.0396039603960396,"TF:M11421_1","TF","Factor: ER81; motif: NACCGGAAGTN; match class: 1",20092,2017
"1043","tan",TRUE,9.31512742659155e-05,15421,149,136,0.912751677852349,0.00881914272744958,"TF:M08526_1","TF","Factor: E2F-3:HES-7; motif: NNNSGCGCSNNNNNCRCGYGNN; match class: 1",20092,1521
"1044","tan",TRUE,0.00011171751708299,16645,149,142,0.953020134228188,0.00853109041754281,"TF:M09894","TF","Factor: E2F-4; motif: SNGGGCGGGAANN",20092,1550
"1045","tan",TRUE,0.000114605920786377,8417,149,90,0.604026845637584,0.0106926458358085,"TF:M00341","TF","Factor: GABP; motif: VCCGGAAGNGCR",20092,3000
"1046","tan",TRUE,0.000125527839930661,1753,149,31,0.208053691275168,0.0176839703365659,"TF:M09606_1","TF","Factor: nerf; motif: NRRNSCGGAAGNRNNNN; match class: 1",20092,1777
"1047","tan",TRUE,0.000127385441670337,5436,149,66,0.442953020134228,0.0121412803532009,"TF:M08220_1","TF","Factor: Elk-1:HOXA3; motif: ACCGGWAATKRNNTNWCNNATTAN; match class: 1",20092,1859
"1048","tan",TRUE,0.000127445720724466,1236,149,25,0.167785234899329,0.0202265372168285,"TF:M03972","TF","Factor: ELK3; motif: ACCGGAAGTN",20092,1910
"1049","tan",TRUE,0.000135404682924332,5922,149,70,0.469798657718121,0.0118203309692671,"TF:M00007","TF","Factor: Elk-1; motif: NAAACMGGAAGTNCVH",20092,1882
"1050","tan",TRUE,0.000136646049877824,1325,149,26,0.174496644295302,0.019622641509434,"TF:M02056_1","TF","Factor: ELF4; motif: NCCGGAARTN; match class: 1",20092,1813
"1051","tan",TRUE,0.00014319517890823,1500,149,28,0.187919463087248,0.0186666666666667,"TF:M04059","TF","Factor: NRF-1; motif: YGCGCATGCGCN",20092,6216
"1052","tan",TRUE,0.000144101253436286,11552,149,112,0.751677852348993,0.00969529085872576,"TF:M08377","TF","Factor: meis1:Elf-1; motif: NTGCCGGAAGTN",20092,5248
"1053","tan",TRUE,0.000158737385223266,6313,149,73,0.48993288590604,0.0115634405195628,"TF:M02044","TF","Factor: YY1; motif: GCCGCCATTTTG",20092,9254
"1054","tan",TRUE,0.000177472599135308,18197,149,148,0.993288590604027,0.00813320877067649,"TF:M04826","TF","Factor: p300; motif: ACNTCCG",20092,1994
"1055","tan",TRUE,0.000210167134878125,12381,149,117,0.785234899328859,0.00944996365398595,"TF:M08457","TF","Factor: ER71:SREBP-2; motif: NTSACGTGACGGAARY",20092,2316
"1056","tan",TRUE,0.000232023088845866,879,149,20,0.134228187919463,0.0227531285551763,"TF:M12557_1","TF","Factor: ETV5; motif: NNACTTCCGNN; match class: 1",20092,2381
"1057","tan",TRUE,0.000248664730723704,230,149,10,0.0671140939597315,0.0434782608695652,"TF:M11442_1","TF","Factor: Net; motif: NACCGGAAGTN; match class: 1",20092,1919
"1058","tan",TRUE,0.000249287584530382,6512,149,74,0.496644295302013,0.0113636363636364,"TF:M09868","TF","Factor: ATF-3; motif: GGTSACGTGAN",20092,304
"1059","tan",TRUE,0.00027176474746059,6775,149,76,0.51006711409396,0.0112177121771218,"TF:M08231","TF","Factor: Elk-1:T-bet; motif: TCACACCGGAAGNN",20092,1878
"1060","tan",TRUE,0.00027176474746059,597,149,16,0.10738255033557,0.0268006700167504,"TF:M04698_1","TF","Factor: GABP-alpha; motif: CACTTCCGG; match class: 1",20092,2979
"1061","tan",TRUE,0.000284100067849936,13385,149,123,0.825503355704698,0.00918939110945088,"TF:M07380","TF","Factor: E2F-4; motif: NTTTCSCGCC",20092,1556
"1062","tan",TRUE,0.000289581160118367,101,149,7,0.0469798657718121,0.0693069306930693,"TF:M11389_1","TF","Factor: elf5; motif: GAMCCGGAAGTN; match class: 1",20092,1841
"1063","tan",TRUE,0.000474220322461812,9221,149,94,0.630872483221476,0.0101941221125691,"TF:M08266_1","TF","Factor: ER71:Pax-5; motif: ACCGGAACYACGCWTSANTG; match class: 1",20092,2307
"1064","tan",TRUE,0.000525987574744385,428,149,13,0.087248322147651,0.0303738317757009,"TF:M09913_1","TF","Factor: ER81; motif: NNCCGGAAGYG; match class: 1",20092,2009
"1065","tan",TRUE,0.000598665968486491,371,149,12,0.0805369127516778,0.032345013477089,"TF:M03965","TF","Factor: EHF; motif: NACCCGGAAGTA",20092,1718
"1066","tan",TRUE,0.000598665968486491,3205,149,44,0.295302013422819,0.0137285491419657,"TF:M09866","TF","Factor: ATF-1; motif: NNRTGACGYMA",20092,276
"1067","tan",TRUE,0.000601376200511985,5334,149,63,0.422818791946309,0.0118110236220472,"TF:M00177","TF","Factor: CREB; motif: NSTGACGTAANN",20092,1090
"1068","tan",TRUE,0.000708664317429748,5361,149,63,0.422818791946309,0.0117515388919978,"TF:M00178","TF","Factor: CREB; motif: NSTGACGTMANN",20092,1096
"1069","tan",TRUE,0.000739697968952069,1037,149,21,0.140939597315436,0.0202507232401157,"TF:M03979","TF","Factor: ETV1; motif: ACCGGAAGTN",20092,2252
"1070","tan",TRUE,0.000762024336125364,9316,149,94,0.630872483221476,0.0100901674538429,"TF:M08307","TF","Factor: GCMa:Elf-1; motif: NRCCCGCACGGAAGTN",20092,3150
"1071","tan",TRUE,0.000772833075164176,2822,149,40,0.268456375838926,0.0141743444365698,"TF:M08224_1","TF","Factor: Elk-1:Pax-1; motif: ACCGGAACTACGCWTSANTG; match class: 1",20092,1867
"1072","tan",TRUE,0.000822624335527769,266,149,10,0.0671140939597315,0.037593984962406,"TF:M11413_1","TF","Factor: ER71; motif: NACCGGAARTN; match class: 1",20092,2329
"1073","tan",TRUE,0.000825827909988047,2831,149,40,0.268456375838926,0.0141292829388909,"TF:M11217","TF","Factor: CREB1; motif: NRTGACGYN",20092,992
"1074","tan",TRUE,0.000869206561950583,3908,149,50,0.335570469798658,0.0127942681678608,"TF:M00338","TF","Factor: ATF; motif: NTGACGTCANYS",20092,376
"1075","tan",TRUE,0.000876246603473467,326,149,11,0.0738255033557047,0.0337423312883436,"TF:M02072_1","TF","Factor: Pet-1; motif: ACCGGAWRTN; match class: 1",20092,6723
"1076","tan",TRUE,0.000914589693827801,11328,149,108,0.724832214765101,0.00953389830508475,"TF:M10849","TF","Factor: Cdx-2; motif: NRTCGTAANNNN",20092,700
"1077","tan",TRUE,0.000947456501423469,5414,149,63,0.422818791946309,0.0116364979682305,"TF:M09600","TF","Factor: CREB1; motif: TKACGTCAYNN",20092,982
"1078","tan",TRUE,0.000973664967369193,2648,149,38,0.25503355704698,0.0143504531722054,"TF:M11387","TF","Factor: elf5; motif: NNNNMGGAAGTN",20092,1836
"1079","tan",TRUE,0.00098132214444622,457,149,13,0.087248322147651,0.0284463894967177,"TF:M11462","TF","Factor: nerf; motif: AAYSCGGAAGTR",20092,1788
"1080","tan",TRUE,0.000986935860941692,9510,149,95,0.63758389261745,0.00998948475289169,"TF:M01229_1","TF","Factor: GTF2IRD1-isoform2; motif: GGGATTRNR; match class: 1",20092,3425
"1081","tan",TRUE,0.000987005643894268,3930,149,50,0.335570469798658,0.0127226463104326,"TF:M08298_1","TF","Factor: FOXO1A:Elk-1; motif: RCCGGAWGTTNTN; match class: 1",20092,2815
"1082","tan",TRUE,0.000989291220616935,7524,149,80,0.536912751677852,0.0106326422115896,"TF:M08872","TF","Factor: DEC; motif: NNNSCACSTGAS",20092,1258
"1083","tan",TRUE,0.00104080399461458,983,149,20,0.134228187919463,0.0203458799593082,"TF:M03974","TF","Factor: ERF; motif: ACCGGAAGTR",20092,2068
"1084","tan",TRUE,0.00108033049686504,15500,149,134,0.899328859060403,0.00864516129032258,"TF:M00333","TF","Factor: ZF5; motif: NRNGNGCGCGCWN",20092,9486
"1085","tan",TRUE,0.00108172871731853,335,149,11,0.0738255033557047,0.0328358208955224,"TF:M03981_1","TF","Factor: ETV3; motif: ACCGGAAGTN; match class: 1",20092,2333
"1086","tan",TRUE,0.00120648446210649,16066,149,137,0.919463087248322,0.0085273247852608,"TF:M11381","TF","Factor: ESE-1; motif: SATKGCGGATGCN",20092,1800
"1087","tan",TRUE,0.00121956072433236,15000,149,131,0.879194630872483,0.00873333333333333,"TF:M11530","TF","Factor: E2F-2; motif: NWTTTGGCGCCAWWNN",20092,1508
"1088","tan",TRUE,0.0012462355139229,6069,149,68,0.456375838926175,0.0112044817927171,"TF:M09887","TF","Factor: CREB1; motif: NRRTGACGTMA",20092,988
"1089","tan",TRUE,0.00128689069058841,17263,149,143,0.959731543624161,0.00828361235011296,"TF:M08526","TF","Factor: E2F-3:HES-7; motif: NNNSGCGCSNNNNNCRCGYGNN",20092,1520
"1090","tan",TRUE,0.00133930948698936,14347,149,127,0.852348993288591,0.00885202481354987,"TF:M08225","TF","Factor: Elk-1:Pax-5; motif: ACCGGAACYACGCWTSANYG",20092,1868
"1091","tan",TRUE,0.0016414673610106,3788,149,48,0.322147651006711,0.0126715945089757,"TF:M03924_1","TF","Factor: YY1; motif: NNCGCCATTNN; match class: 1",20092,9257
"1092","tan",TRUE,0.00169977638177296,2416,149,35,0.23489932885906,0.0144867549668874,"TF:M11033_1","TF","Factor: Six-2; motif: NCGTATCRYN; match class: 1",20092,7745
"1093","tan",TRUE,0.0017073840948305,6006,149,67,0.449664429530201,0.0111555111555112,"TF:M00916","TF","Factor: CREB; motif: NNTKACGTCANNNS",20092,1092
"1094","tan",TRUE,0.00172632988334615,7381,149,78,0.523489932885906,0.0105676737569435,"TF:M00017","TF","Factor: ATF; motif: CNSTGACGTNNNYC",20092,374
"1095","tan",TRUE,0.00179044830668417,16908,149,141,0.946308724832215,0.00833924769339957,"TF:M01240","TF","Factor: BEN; motif: CAGCGRNV",20092,512
"1096","tan",TRUE,0.00186593707342228,16718,149,140,0.939597315436242,0.00837420744108147,"TF:M11529","TF","Factor: E2F-2; motif: GCGCGCGCNCS",20092,1506
"1097","tan",TRUE,0.00194307165920847,14924,149,130,0.87248322147651,0.00871080139372822,"TF:M11529_1","TF","Factor: E2F-2; motif: GCGCGCGCNCS; match class: 1",20092,1507
"1098","tan",TRUE,0.00195739504116848,6402,149,70,0.469798657718121,0.0109340830990316,"TF:M08213","TF","Factor: Elk-1:TBR2; motif: TNRCACCGGAAGN",20092,1846
"1099","tan",TRUE,0.00196100806924414,1118,149,21,0.140939597315436,0.018783542039356,"TF:M00007_1","TF","Factor: Elk-1; motif: NAAACMGGAAGTNCVH; match class: 1",20092,1883
"1100","tan",TRUE,0.0021268686737567,5686,149,64,0.429530201342282,0.0112557157931762,"TF:M00917","TF","Factor: CREB; motif: CNNTGACGTMA",20092,1098
"1101","tan",TRUE,0.00212759529174802,15459,149,133,0.89261744966443,0.00860340254867715,"TF:M08568_1","TF","Factor: ER71:E2A; motif: CASSTGNACCGGAWRYN; match class: 1",20092,2321
"1102","tan",TRUE,0.00217408990735802,5332,149,61,0.409395973154362,0.0114403600900225,"TF:M10948_1","TF","Factor: rax; motif: NNCRTTAN; match class: 1",20092,7307
"1103","tan",TRUE,0.00225203978394417,304,149,10,0.0671140939597315,0.0328947368421053,"TF:M13367_1","TF","Factor: ZBTB11; motif: CACTTCCGG; match class: 1",20092,9331
"1104","tan",TRUE,0.0022793113754527,6434,149,70,0.469798657718121,0.0108797015853279,"TF:M01861","TF","Factor: ATF-1; motif: TNACGTCAN",20092,282
"1105","tan",TRUE,0.00231850361405696,4297,149,52,0.348993288590604,0.0121014661391669,"TF:M11005_1","TF","Factor: LHX4; motif: NNCRTTAN; match class: 1",20092,4857
"1106","tan",TRUE,0.0023360432696198,3627,149,46,0.308724832214765,0.0126826578439482,"TF:M02057_1","TF","Factor: Elf5; motif: CSMGGAARNN; match class: 1",20092,1829
"1107","tan",TRUE,0.00237765326996343,14470,149,127,0.852348993288591,0.0087767795438839,"TF:M03819","TF","Factor: Elk-1; motif: GGAAGN",20092,1908
"1108","tan",TRUE,0.00238850729766789,8231,149,84,0.563758389261745,0.0102053213461305,"TF:M08225_1","TF","Factor: Elk-1:Pax-5; motif: ACCGGAACYACGCWTSANYG; match class: 1",20092,1869
"1109","tan",TRUE,0.00242295616122135,436,149,12,0.0805369127516778,0.0275229357798165,"TF:M03791_1","TF","Factor: GABPalpha_GABPbeta; motif: CTTCCKGY; match class: 1",20092,2973
"1110","tan",TRUE,0.00242295616122135,13047,149,118,0.791946308724832,0.00904422472599065,"TF:M08309","TF","Factor: GCMa:Elk-1; motif: RTGNGGGCGGAAGNN",20092,3152
"1111","tan",TRUE,0.00242919811034773,4081,149,50,0.335570469798658,0.0122518990443519,"TF:M07312","TF","Factor: ATF-2; motif: NNTGACGTCAN",20092,300
"1112","tan",TRUE,0.00244601742180699,1315,149,23,0.154362416107383,0.0174904942965779,"TF:M01208_1","TF","Factor: FLI-1; motif: CMGGAWGTSAN; match class: 1",20092,2549
"1113","tan",TRUE,0.00244601742180699,6577,149,71,0.476510067114094,0.0107951953778318,"TF:M12592","TF","Factor: CREM; motif: NRTGACGYMA",20092,1112
"1114","tan",TRUE,0.00260763941401191,1145,149,21,0.140939597315436,0.0183406113537118,"TF:M07209","TF","Factor: ELK4; motif: NCRCTTCCGGN",20092,1928
"1115","tan",TRUE,0.0026413451028553,10288,149,99,0.664429530201342,0.00962286158631415,"TF:M08453","TF","Factor: ERF:SREBP-2; motif: NSCGGAARTCACGTGAT",20092,2062
"1116","tan",TRUE,0.00271416206167433,4101,149,50,0.335570469798658,0.0121921482565228,"TF:M11394","TF","Factor: Erg; motif: NACMGGAARTN",20092,2090
"1117","tan",TRUE,0.00272629083294406,1326,149,23,0.154362416107383,0.0173453996983409,"TF:M10680","TF","Factor: HPX42B; motif: CGATTANCG",20092,9178
"1118","tan",TRUE,0.00282262780575968,7237,149,76,0.51006711409396,0.0105015890562388,"TF:M08982","TF","Factor: YY1; motif: NAANATGGCGNNN",20092,9264
"1119","tan",TRUE,0.00308294418408613,14860,149,129,0.865771812080537,0.00868102288021534,"TF:M08205","TF","Factor: E2F-1:Elk-1; motif: SGCGCSNNAMCGGAAGT",20092,1464
"1120","tan",TRUE,0.00311226050726833,14532,149,127,0.852348993288591,0.00873933388384255,"TF:M00716_1","TF","Factor: ZF5; motif: GSGCGCGR; match class: 1",20092,9475
"1121","tan",TRUE,0.0032663684257246,9102,149,90,0.604026845637584,0.00988793671720501,"TF:M08224","TF","Factor: Elk-1:Pax-1; motif: ACCGGAACTACGCWTSANTG",20092,1866
"1122","tan",TRUE,0.00348544862622213,1627,149,26,0.174496644295302,0.015980331899201,"TF:M08231_1","TF","Factor: Elk-1:T-bet; motif: TCACACCGGAAGNN; match class: 1",20092,1879
"1123","tan",TRUE,0.00354972027237837,2832,149,38,0.25503355704698,0.0134180790960452,"TF:M11223_1","TF","Factor: CREB1; motif: NRTGACGTCANN; match class: 1",20092,1005
"1124","tan",TRUE,0.00365170772488375,4496,149,53,0.355704697986577,0.011788256227758,"TF:M08286","TF","Factor: Fli-1:FOXI1; motif: NCCGGATGTTKAY",20092,2510
"1125","tan",TRUE,0.00391685414115322,1453,149,24,0.161073825503356,0.0165175498967653,"TF:M08213_1","TF","Factor: Elk-1:TBR2; motif: TNRCACCGGAAGN; match class: 1",20092,1847
"1126","tan",TRUE,0.00402469192653289,3171,149,41,0.275167785234899,0.0129296751813308,"TF:M08229_1","TF","Factor: Elk-1:SREBP-2; motif: RTCACGTGACCGGAAGN; match class: 1",20092,1877
"1127","tan",TRUE,0.00404083446383607,2746,149,37,0.248322147651007,0.0134741442097597,"TF:M09611","TF","Factor: ER81; motif: NNNGRCMGGAAGYRNNNNNNNS",20092,2006
"1128","tan",TRUE,0.00411546329583858,10113,149,97,0.651006711409396,0.00959161475328785,"TF:M00738","TF","Factor: E2F-4:DP-1; motif: TTTSGCGC",20092,1538
"1129","tan",TRUE,0.0041680255582254,5344,149,60,0.402684563758389,0.0112275449101796,"TF:M00039","TF","Factor: CREB; motif: TGACGTMA",20092,1086
"1130","tan",TRUE,0.00417919631411445,6566,149,70,0.469798657718121,0.0106609808102345,"TF:M11309","TF","Factor: ATF-2; motif: NRTGACGTMANN",20092,292
"1131","tan",TRUE,0.00419997950451588,4408,149,52,0.348993288590604,0.0117967332123412,"TF:M00801","TF","Factor: CREB; motif: CGTCAN",20092,1094
"1132","tan",TRUE,0.00439016165414749,6205,149,67,0.449664429530201,0.0107977437550363,"TF:M00179","TF","Factor: ATF2; motif: VGTGACGTMACN",20092,1084
"1133","tan",TRUE,0.00440508400302455,2244,149,32,0.214765100671141,0.0142602495543672,"TF:M08345_1","TF","Factor: HOXB2:PEA3; motif: ACCGGAAATGRN; match class: 1",20092,3971
"1134","tan",TRUE,0.00442803195518956,4650,149,54,0.36241610738255,0.0116129032258065,"TF:M08369","TF","Factor: HOXD12:PEA3; motif: RCCGGAAGTAATAAAM",20092,4196
"1135","tan",TRUE,0.00458103663332525,5726,149,63,0.422818791946309,0.0110024449877751,"TF:M08457_1","TF","Factor: ER71:SREBP-2; motif: NTSACGTGACGGAARY; match class: 1",20092,2317
"1136","tan",TRUE,0.00475650616438703,942,149,18,0.120805369127517,0.0191082802547771,"TF:M03832","TF","Factor: Net; motif: CACTTCCKGK",20092,5664
"1137","tan",TRUE,0.004824079224829,7102,149,74,0.496644295302013,0.0104196001126443,"TF:M12275","TF","Factor: YY1; motif: NGCCGCCATYTTGN",20092,9272
"1138","tan",TRUE,0.00486556987705007,16348,149,137,0.919463087248322,0.00838022999755322,"TF:M11018_1","TF","Factor: IRX-1; motif: NACRYNNNNNNNNRYGNN; match class: 1",20092,4529
"1139","tan",TRUE,0.00492355771132784,4324,149,51,0.342281879194631,0.0117946345975948,"TF:M07034","TF","Factor: ATF-1; motif: NNNTGACGTNNN",20092,278
"1140","tan",TRUE,0.00517650809142257,1035,149,19,0.12751677852349,0.0183574879227053,"TF:M12155_1","TF","Factor: Sp2; motif: NTWAGTCCCGCCCMCTT; match class: 1",20092,8089
"1141","tan",TRUE,0.00527156341863672,6000,149,65,0.436241610738255,0.0108333333333333,"TF:M08470","TF","Factor: Fli-1:Dlx-2; motif: RNCGGAARYAATTA",20092,2502
"1142","tan",TRUE,0.00550799274920084,17527,149,143,0.959731543624161,0.00815884064586067,"TF:M08525","TF","Factor: E2F-1:HES-7; motif: GGCRCGTGSYNNWNGGCGCSM",20092,1470
"1143","tan",TRUE,0.00563423118267674,14996,149,129,0.865771812080537,0.00860229394505201,"TF:M07206","TF","Factor: E2F-1; motif: NGGGCGGGARV",20092,1476
"1144","tan",TRUE,0.00595800825826979,2807,149,37,0.248322147651007,0.0131813323833274,"TF:M08415_1","TF","Factor: TEF-3:Elf-1; motif: RGAATGCGGAAGTN; match class: 1",20092,8675
"1145","tan",TRUE,0.00595800825826979,7024,149,73,0.48993288590604,0.0103929384965831,"TF:M00327_1","TF","Factor: Pax-3; motif: NNNNNNCGTCACGSTYNNNNN; match class: 1",20092,6541
"1146","tan",TRUE,0.00595800825826979,3457,149,43,0.288590604026846,0.01243853051779,"TF:M08461","TF","Factor: Erm:EVX1; motif: NNCGGAAATKR",20092,2362
"1147","tan",TRUE,0.00604469289883335,13729,149,121,0.812080536912752,0.00881346055794304,"TF:M04515","TF","Factor: E2F-1; motif: WWTGGCGCCAAA",20092,1472
"1148","tan",TRUE,0.00617111412959205,4599,149,53,0.355704697986577,0.0115242444009567,"TF:M00793","TF","Factor: YY1; motif: GCCATNTTN",20092,9278
"1149","tan",TRUE,0.0062217573197498,13581,149,120,0.805369127516778,0.00883587364700685,"TF:M02089","TF","Factor: E2F-3; motif: GGCGGGN",20092,1536
"1150","tan",TRUE,0.00623221773436494,13582,149,120,0.805369127516778,0.00883522308938301,"TF:M00803","TF","Factor: E2F; motif: GGCGSG",20092,1590
"1151","tan",TRUE,0.00623585344467648,2710,149,36,0.241610738255034,0.0132841328413284,"TF:M11325","TF","Factor: C/EBPgamma; motif: NNTTGCGYAANN",20092,814
"1152","tan",TRUE,0.0063183023711557,12374,149,112,0.751677852348993,0.00905123646355261,"TF:M08220","TF","Factor: Elk-1:HOXA3; motif: ACCGGWAATKRNNTNWCNNATTAN",20092,1858
"1153","tan",TRUE,0.00658557980814924,4730,149,54,0.36241610738255,0.0114164904862579,"TF:M12155","TF","Factor: Sp2; motif: NTWAGTCCCGCCCMCTT",20092,8088
"1154","tan",TRUE,0.00674030820395505,19042,149,149,1,0.00782480831845394,"TF:M01822_1","TF","Factor: CPBP; motif: SNCCCNN; match class: 1",20092,973
"1155","tan",TRUE,0.00674731938927921,569,149,13,0.087248322147651,0.0228471001757469,"TF:M11418_1","TF","Factor: ER81; motif: NRCMGGAWGNN; match class: 1",20092,2011
"1156","tan",TRUE,0.0070495371032653,17373,149,142,0.953020134228188,0.00817360271685949,"TF:M11018","TF","Factor: IRX-1; motif: NACRYNNNNNNNNRYGNN",20092,4528
"1157","tan",TRUE,0.0070495371032653,893,149,17,0.114093959731544,0.019036954087346,"TF:M00678_1","TF","Factor: Tel-2; motif: YTACTTCCTG; match class: 1",20092,8777
"1158","tan",TRUE,0.00708669080266556,4281,149,50,0.335570469798658,0.0116795141322121,"TF:M03958_1","TF","Factor: E2F2; motif: AAAAATGGCGCCAAAAWG; match class: 1",20092,1499
"1159","tan",TRUE,0.00715882012804556,2946,149,38,0.25503355704698,0.0128988458927359,"TF:M11223","TF","Factor: CREB1; motif: NRTGACGTCANN",20092,1004
"1160","tan",TRUE,0.00725942250555852,10679,149,100,0.671140939597315,0.00936417267534413,"TF:M11528","TF","Factor: E2F-2; motif: NTTTTGGCGCCAWWWN",20092,1504
"1161","tan",TRUE,0.0074694543415392,10827,149,101,0.677852348993289,0.00932853052553801,"TF:M11005","TF","Factor: LHX4; motif: NNCRTTAN",20092,4856
"1162","tan",TRUE,0.00765822336158328,8248,149,82,0.550335570469799,0.00994180407371484,"TF:M07380_1","TF","Factor: E2F-4; motif: NTTTCSCGCC; match class: 1",20092,1557
"1163","tan",TRUE,0.00801219700077421,7608,149,77,0.516778523489933,0.0101209253417455,"TF:M03819_1","TF","Factor: Elk-1; motif: GGAAGN; match class: 1",20092,1909
"1164","tan",TRUE,0.00813533529206916,6721,149,70,0.469798657718121,0.0104151167980955,"TF:M11535_1","TF","Factor: E2F-4; motif: TTTTGGCGCCAWWN; match class: 1",20092,1553
"1165","tan",TRUE,0.00813903677099306,10568,149,99,0.664429530201342,0.00936790310370931,"TF:M04869_1","TF","Factor: Egr-1; motif: GCGCATGCG; match class: 1",20092,1651
"1166","tan",TRUE,0.00820922164703457,1930,149,28,0.187919463087248,0.0145077720207254,"TF:M10119","TF","Factor: REX-1; motif: GGCMGCCATTTT",20092,7382
"1167","tan",TRUE,0.00874268493949567,131,149,6,0.0402684563758389,0.0458015267175573,"TF:M03968","TF","Factor: ELF4; motif: AACCCGGAAGTR",20092,1814
"1168","tan",TRUE,0.0087663372568161,10308,149,97,0.651006711409396,0.00941016686069073,"TF:M04744","TF","Factor: ATF-3; motif: GGCGCSSNSNGRTSACGTSA",20092,302
"1169","tan",TRUE,0.00905417609818516,13676,149,120,0.805369127516778,0.00877449546651068,"TF:M11531","TF","Factor: E2F-2; motif: GCGCGCGCGYW",20092,1510
"1170","tan",TRUE,0.00905541663127054,6001,149,64,0.429530201342282,0.0106648891851358,"TF:M10999","TF","Factor: LIM-1; motif: NNCGTTAN",20092,4828
"1171","tan",TRUE,0.00911719151922337,2772,149,36,0.241610738255034,0.012987012987013,"TF:M11225","TF","Factor: CREM; motif: NNTGACGTCANN",20092,1108
"1172","tan",TRUE,0.00923948139847936,10742,149,100,0.671140939597315,0.00930925339787749,"TF:M00740","TF","Factor: Rb:E2F-1:DP-1; motif: TTTSGCGC",20092,1458
"1173","tan",TRUE,0.00930718955033777,10604,149,99,0.664429530201342,0.00933609958506224,"TF:M04748_1","TF","Factor: GABP-alpha; motif: AACCGGAAR; match class: 1",20092,2981
"1174","tan",TRUE,0.00935197711840765,8963,149,87,0.583892617449664,0.00970657146044851,"TF:M11533_1","TF","Factor: E2F-1; motif: NTTTTGGCGCCAWWWN; match class: 1",20092,1481
"1175","tan",TRUE,0.00956915600138742,5770,149,62,0.416107382550336,0.0107452339688042,"TF:M08226_1","TF","Factor: Elk-1:Pax-9; motif: ACCGGAACYACGCWYSANTG; match class: 1",20092,1871
"1176","tan",TRUE,0.00966094185940666,3660,149,44,0.295302013422819,0.0120218579234973,"TF:M12724","TF","Factor: ZNF416; motif: GGGRNGCCSAGRN",20092,10476
"1177","tan",TRUE,0.0100268736383472,7280,149,74,0.496644295302013,0.0101648351648352,"TF:M10098","TF","Factor: DP-1; motif: NRNNGGCGGGAANN",20092,8892
"1178","tan",TRUE,0.0104100695068832,4359,149,50,0.335570469798658,0.0114705207616426,"TF:M07248","TF","Factor: CREB1; motif: NNNNTGACGTNANNN",20092,1010
"1179","tan",TRUE,0.0105319203858676,17454,149,142,0.953020134228188,0.00813567090638249,"TF:M08207","TF","Factor: E2F-3:TBR2; motif: ANGTGYKANGGCGCSTTNNCRNNT",20092,1514
"1180","tan",TRUE,0.010699830020544,137,149,6,0.0402684563758389,0.0437956204379562,"TF:M11436_1","TF","Factor: SAP-1; motif: NRNCGGAWRYN; match class: 1",20092,1935
"1181","tan",TRUE,0.0109638393647884,2590,149,34,0.228187919463087,0.0131274131274131,"TF:M12622","TF","Factor: HNF4A; motif: TGGACTTTG",20092,3740
"1182","tan",TRUE,0.0112362391134062,8743,149,85,0.570469798657718,0.0097220633649777,"TF:M03846","TF","Factor: SMAD5; motif: GSGGCAGM",20092,7824
"1183","tan",TRUE,0.011457970060487,139,149,6,0.0402684563758389,0.0431654676258993,"TF:M11463","TF","Factor: nerf; motif: NACCCGGAAGTR",20092,1790
"1184","tan",TRUE,0.0117309295589905,6559,149,68,0.456375838926175,0.0103674340600701,"TF:M03821","TF","Factor: ER-beta; motif: ANNSTGACCYRGNN",20092,2028
"1185","tan",TRUE,0.0117950517530785,10667,149,99,0.664429530201342,0.00928095997000094,"TF:M00736","TF","Factor: E2F-1:DP-1; motif: TTTCSCGC",20092,1460
"1186","tan",TRUE,0.0123788990399401,859,149,16,0.10738255033557,0.0186263096623981,"TF:M02058","TF","Factor: SAP1A; motif: NCCGGAARYN",20092,7646
"1187","tan",TRUE,0.0124573475879217,5708,149,61,0.409395973154362,0.0106867554309741,"TF:M10785","TF","Factor: hoxa9; motif: RTCGTWANNN",20092,3916
"1188","tan",TRUE,0.0128841530456584,8381,149,82,0.550335570469799,0.00978403531798115,"TF:M10436","TF","Factor: YY1; motif: CAANATGGCGGC",20092,9268
"1189","tan",TRUE,0.0129063197965736,863,149,16,0.10738255033557,0.018539976825029,"TF:M09670_1","TF","Factor: USF2; motif: NGGTCACGTGNNSNNNNNN; match class: 1",20092,9115
"1190","tan",TRUE,0.0130369118304706,2303,149,31,0.208053691275168,0.0134607034303083,"TF:M10591_1","TF","Factor: BSX; motif: NNCGTTAN; match class: 1",20092,627
"1191","tan",TRUE,0.0133928366658145,12719,149,113,0.758389261744966,0.00888434625363629,"TF:M11531_1","TF","Factor: E2F-2; motif: GCGCGCGCGYW; match class: 1",20092,1511
"1192","tan",TRUE,0.0134408192882426,5483,149,59,0.395973154362416,0.0107605325551705,"TF:M00514","TF","Factor: ATF4; motif: CVTGACGYMABG",20092,340
"1193","tan",TRUE,0.0136421292006951,2207,149,30,0.201342281879195,0.0135931128228364,"TF:M08282","TF","Factor: Fli-1:Prrxl1; motif: ACCGGAAGTAATTAN",20092,2504
"1194","tan",TRUE,0.0136421292006951,3840,149,45,0.302013422818792,0.01171875,"TF:M01843","TF","Factor: DEC2; motif: SNTCACGTGS",20092,1252
"1195","tan",TRUE,0.0138474614063621,870,149,16,0.10738255033557,0.0183908045977011,"TF:M04196_1","TF","Factor: USF1; motif: RNCACGTGAY; match class: 1",20092,9095
"1196","tan",TRUE,0.013993784770739,13485,149,118,0.791946308724832,0.00875046347793845,"TF:M11533","TF","Factor: E2F-1; motif: NTTTTGGCGCCAWWWN",20092,1480
"1197","tan",TRUE,0.013993784770739,6230,149,65,0.436241610738255,0.0104333868378812,"TF:M09893","TF","Factor: E2F-3; motif: NNGGCGGGAAA",20092,1528
"1198","tan",TRUE,0.0142413800484307,10026,149,94,0.630872483221476,0.00937562337921404,"TF:M11381_1","TF","Factor: ESE-1; motif: SATKGCGGATGCN; match class: 1",20092,1801
"1199","tan",TRUE,0.0142633400807432,202,149,7,0.0469798657718121,0.0346534653465347,"TF:M10777","TF","Factor: hoxd9; motif: GTCGTAAAAN",20092,4276
"1200","tan",TRUE,0.0142633400807432,9483,149,90,0.604026845637584,0.00949066751028156,"TF:M11270","TF","Factor: JunD; motif: NRTGACGTCATS",20092,4646
"1201","tan",TRUE,0.0142633400807432,202,149,7,0.0469798657718121,0.0346534653465347,"TF:M10775","TF","Factor: hoxd9; motif: GTCGTAAANN",20092,4272
"1202","tan",TRUE,0.0142633400807432,202,149,7,0.0469798657718121,0.0346534653465347,"TF:M10769","TF","Factor: HOXB9; motif: GTCGTAAAAN",20092,4066
"1203","tan",TRUE,0.0142633400807432,10304,149,96,0.644295302013423,0.0093167701863354,"TF:M12173","TF","Factor: GKLF; motif: NNCCMCRCCCN",20092,4738
"1204","tan",TRUE,0.0144445232707327,3628,149,43,0.288590604026846,0.0118522601984564,"TF:M12276_1","TF","Factor: YY1; motif: NGCCATYTTKGRCNWWNNGTGCK; match class: 1",20092,9275
"1205","tan",TRUE,0.0146246522101426,1143,149,19,0.12751677852349,0.0166229221347332,"TF:M10815","TF","Factor: HOXC11; motif: NRTCGTAAANN",20092,4106
"1206","tan",TRUE,0.0147136826815866,792,149,15,0.100671140939597,0.0189393939393939,"TF:M09820_1","TF","Factor: USF2; motif: NNNGGTCACGTGRYNN; match class: 1",20092,9117
"1207","tan",TRUE,0.0149383979767047,710,149,14,0.0939597315436242,0.0197183098591549,"TF:M03973","TF","Factor: ELK4; motif: ACCGGAARTN",20092,1926
"1208","tan",TRUE,0.0150368444104947,7388,149,74,0.496644295302013,0.0100162425554954,"TF:M09918_1","TF","Factor: Pet-1; motif: GCNGGAAGYG; match class: 1",20092,6725
"1209","tan",TRUE,0.0151981557141194,12318,149,110,0.738255033557047,0.00893002110732262,"TF:M08226","TF","Factor: Elk-1:Pax-9; motif: ACCGGAACYACGCWYSANTG",20092,1870
"1210","tan",TRUE,0.0151981557141194,1920,149,27,0.181208053691275,0.0140625,"TF:M01863","TF","Factor: ATF-3; motif: RTKRCGTCANN",20092,318
"1211","tan",TRUE,0.0155557099097877,3419,149,41,0.275167785234899,0.0119918104708979,"TF:M10956_1","TF","Factor: isx; motif: NTCRTTAA; match class: 1",20092,4575
"1212","tan",TRUE,0.0160812695910224,9382,149,89,0.597315436241611,0.0094862502664677,"TF:M12186","TF","Factor: BTEB4; motif: NCCACGCCCM",20092,4714
"1213","tan",TRUE,0.0160812695910224,3878,149,45,0.302013422818792,0.0116039195461578,"TF:M04482","TF","Factor: RARA; motif: ARRGGTCANSNGAGGTCA",20092,7242
"1214","tan",TRUE,0.0163712200343828,270,149,8,0.0536912751677852,0.0296296296296296,"TF:M04353","TF","Factor: HOXC11; motif: NGTCGTAAAAN",20092,4094
"1215","tan",TRUE,0.0163712200343828,2449,149,32,0.214765100671141,0.0130665577786852,"TF:M00122","TF","Factor: USF; motif: NNRNCACGTGNYNN",20092,9134
"1216","tan",TRUE,0.0163712200343828,2449,149,32,0.214765100671141,0.0130665577786852,"TF:M00122_1","TF","Factor: USF; motif: NNRNCACGTGNYNN; match class: 1",20092,9135
"1217","tan",TRUE,0.0166704816074089,408,149,10,0.0671140939597315,0.0245098039215686,"TF:M10805","TF","Factor: HOXC10; motif: NGTCGTAAANN",20092,4082
"1218","tan",TRUE,0.0167177174199921,10771,149,99,0.664429530201342,0.00919134713582768,"TF:M04691_1","TF","Factor: Kaiso; motif: TCTCGCGAG; match class: 1",20092,9367
"1219","tan",TRUE,0.0167597713065434,338,149,9,0.0604026845637584,0.0266272189349112,"TF:M08760_1","TF","Factor: ETV7; motif: NNSCGGAAGTR; match class: 1",20092,2393
"1220","tan",TRUE,0.0172508805571621,15441,149,130,0.87248322147651,0.00841914383783434,"TF:M01229","TF","Factor: GTF2IRD1-isoform2; motif: GGGATTRNR",20092,3424
"1221","tan",TRUE,0.0176841032983148,643,149,13,0.087248322147651,0.0202177293934681,"TF:M12682_1","TF","Factor: USF2; motif: NNNSSYCACGTGACNNNNNNNNNSCN; match class: 1",20092,9125
"1222","tan",TRUE,0.0177945648108409,1546,149,23,0.154362416107383,0.0148771021992238,"TF:M00187_1","TF","Factor: USF; motif: GYCACGTGNC; match class: 1",20092,9139
"1223","tan",TRUE,0.0177945648108409,13104,149,115,0.771812080536913,0.00877594627594628,"TF:M08441_1","TF","Factor: AP-2gamma:Elk-1; motif: NGCCKNRGGSGRCGGAAGTG; match class: 1",20092,8815
"1224","tan",TRUE,0.0185757229373014,1171,149,19,0.12751677852349,0.0162254483347566,"TF:M10785_1","TF","Factor: hoxa9; motif: RTCGTWANNN; match class: 1",20092,3917
"1225","tan",TRUE,0.0187778389466218,902,149,16,0.10738255033557,0.0177383592017738,"TF:M11083_1","TF","Factor: SREBP-2; motif: ATCAGGTGAT; match class: 1",20092,8213
"1226","tan",TRUE,0.0187778389466218,2158,149,29,0.194630872483221,0.0134383688600556,"TF:M09868_1","TF","Factor: ATF-3; motif: GGTSACGTGAN; match class: 1",20092,305
"1227","tan",TRUE,0.0192968269358145,5821,149,61,0.409395973154362,0.0104792990895035,"TF:M10885","TF","Factor: PRX-2; motif: NKCGTTAN",20092,7200
"1228","tan",TRUE,0.0197833624252165,419,149,10,0.0671140939597315,0.0238663484486874,"TF:M00074_1","TF","Factor: c-Ets-1(p54); motif: NNACMGGAWRTNN; match class: 1",20092,835
"1229","tan",TRUE,0.0197833624252165,419,149,10,0.0671140939597315,0.0238663484486874,"TF:M11093_1","TF","Factor: USF1; motif: ANCATGTGACN; match class: 1",20092,9101
"1230","tan",TRUE,0.0197881391590395,2482,149,32,0.214765100671141,0.0128928283642224,"TF:M11987","TF","Factor: NFATc3; motif: NAYGGAAANW",20092,5802
"1231","tan",TRUE,0.0198971273035488,7337,149,73,0.48993288590604,0.00994957066921085,"TF:M03971_1","TF","Factor: ELK1; motif: NACTTCCGSCGGAAGYN; match class: 1",20092,1895
"1232","tan",TRUE,0.019969416678682,13137,149,115,0.771812080536913,0.00875390119509782,"TF:M04823","TF","Factor: E2F-4; motif: NNTTCCCGCCNN",20092,1546
"1233","tan",TRUE,0.0203617048984983,16674,149,137,0.919463087248322,0.0082163847906921,"TF:M09636","TF","Factor: MAZ; motif: GGGMGGGGSSGGGGGGGGGGGG",20092,5146
"1234","tan",TRUE,0.0210065416929015,1868,149,26,0.174496644295302,0.0139186295503212,"TF:M10018","TF","Factor: NRF-1; motif: CNSTGCGCATGCGCNNS",20092,6222
"1235","tan",TRUE,0.0214137070522853,4759,149,52,0.348993288590604,0.0109266652658121,"TF:M03925","TF","Factor: YY2; motif: NCCGCCATNTY",20092,9286
"1236","tan",TRUE,0.0214275110053804,4523,149,50,0.335570469798658,0.011054609772275,"TF:M09592","TF","Factor: ATF-1; motif: NRTGACGTMAN",20092,274
"1237","tan",TRUE,0.0215613429023989,15499,149,130,0.87248322147651,0.00838763791212336,"TF:M04691","TF","Factor: Kaiso; motif: TCTCGCGAG",20092,9366
"1238","tan",TRUE,0.0217552147619316,5976,149,62,0.416107382550336,0.0103748326639893,"TF:M01035","TF","Factor: YY1; motif: NYNKCCATNTT",20092,9280
"1239","tan",TRUE,0.0221900732138573,4180,149,47,0.315436241610738,0.011244019138756,"TF:M03544","TF","Factor: CREB1; motif: NNNNACGTCANN",20092,1012
"1240","tan",TRUE,0.0225815153721886,1481,149,22,0.147651006711409,0.0148548278190412,"TF:M04194","TF","Factor: TFEB; motif: RNCACGTGAC",20092,8910
"1241","tan",TRUE,0.0227319969526488,1580,149,23,0.154362416107383,0.0145569620253165,"TF:M11096","TF","Factor: USF2; motif: NNCACGTGACN",20092,9120
"1242","tan",TRUE,0.0227428187334331,665,149,13,0.087248322147651,0.0195488721804511,"TF:M08369_1","TF","Factor: HOXD12:PEA3; motif: RCCGGAAGTAATAAAM; match class: 1",20092,4197
"1243","tan",TRUE,0.0227428187334331,2401,149,31,0.208053691275168,0.0129112869637651,"TF:M09670","TF","Factor: USF2; motif: NGGTCACGTGNNSNNNNNN",20092,9114
"1244","tan",TRUE,0.0231717406862986,430,149,10,0.0671140939597315,0.0232558139534884,"TF:M12285_1","TF","Factor: ZNF647; motif: NTAGGCCTAN; match class: 1",20092,11191
"1245","tan",TRUE,0.0236608703261761,3848,149,44,0.295302013422819,0.0114345114345114,"TF:M08221_1","TF","Factor: Elk-1:HOXA3; motif: NCCGGAAATKR; match class: 1",20092,1861
"1246","tan",TRUE,0.0242717452439405,10601,149,97,0.651006711409396,0.00915008018111499,"TF:M08221","TF","Factor: Elk-1:HOXA3; motif: NCCGGAAATKR",20092,1860
"1247","tan",TRUE,0.0244182827682996,2413,149,31,0.208053691275168,0.0128470783257356,"TF:M00796","TF","Factor: USF; motif: NRCCACGTGASN",20092,9140
"1248","tan",TRUE,0.02442069998597,16718,149,137,0.919463087248322,0.00819476013877258,"TF:M11603","TF","Factor: TCF-1; motif: ACATCGRGRCGCTGW",20092,8632
"1249","tan",TRUE,0.0250976913717853,3519,149,41,0.275167785234899,0.0116510372264848,"TF:M07379","TF","Factor: c-Ets-2; motif: NNCTTCCTNNN",20092,2240
"1250","tan",TRUE,0.0250976913717853,167,149,6,0.0402684563758389,0.0359281437125748,"TF:M10768","TF","Factor: HOXB9; motif: GTCGTAAANY",20092,4064
"1251","tan",TRUE,0.0250976913717853,227,149,7,0.0469798657718121,0.0308370044052863,"TF:M13030","TF","Factor: ELK3; motif: ACCGGAAGTNN",20092,1924
"1252","tan",TRUE,0.0251628055234601,10753,149,98,0.657718120805369,0.00911373570166465,"TF:M01743_1","TF","Factor: ING4; motif: CCACCA; match class: 1",20092,4383
"1253","tan",TRUE,0.025503515717227,10757,149,98,0.657718120805369,0.00911034675095287,"TF:M08205_1","TF","Factor: E2F-1:Elk-1; motif: SGCGCSNNAMCGGAAGT; match class: 1",20092,1465
"1254","tan",TRUE,0.0257187809824094,7928,149,77,0.516778523489933,0.00971241170534813,"TF:M10591","TF","Factor: BSX; motif: NNCGTTAN",20092,626
"1255","tan",TRUE,0.0258868546220156,15879,149,132,0.885906040268456,0.00831286604949934,"TF:M11882","TF","Factor: pax-6; motif: NYACGCNYSANYGMNCN",20092,6596
"1256","tan",TRUE,0.0260316861262918,7031,149,70,0.469798657718121,0.00995590954345043,"TF:M11819","TF","Factor: T3R-beta; motif: RTGACCTYACRTGACCTYA",20092,9000
"1257","tan",TRUE,0.0260316861262918,1405,149,21,0.140939597315436,0.0149466192170819,"TF:M09989","TF","Factor: MITF; motif: TCACGTGACC",20092,5346
"1258","tan",TRUE,0.0260316861262918,4690,149,51,0.342281879194631,0.0108742004264392,"TF:M10635","TF","Factor: Nkx2-3; motif: GNCGTTRAG",20092,5972
"1259","tan",TRUE,0.0261313080083559,169,149,6,0.0402684563758389,0.0355029585798817,"TF:M12976","TF","Factor: FEV; motif: NACCGGAAGTNN",20092,2470
"1260","tan",TRUE,0.0261313080083559,1029,149,17,0.114093959731544,0.0165208940719145,"TF:M12156_1","TF","Factor: Sp2; motif: NTAAGYCCCGCCCMCTN; match class: 1",20092,8091
"1261","tan",TRUE,0.0261763501119558,6654,149,67,0.449664429530201,0.0100691313495642,"TF:M11073","TF","Factor: DEC1; motif: GTCACGTGAC",20092,564
"1262","tan",TRUE,0.02634760717947,1907,149,26,0.174496644295302,0.0136339800734137,"TF:M10783","TF","Factor: hoxa9; motif: RTCGTWAANN",20092,3914
"1263","tan",TRUE,0.02634760717947,1704,149,24,0.161073825503356,0.0140845070422535,"TF:M08339","TF","Factor: HOXB2:Elf-1; motif: SCGGAAGTMRTTA",20092,3956
"1264","tan",TRUE,0.02634760717947,2537,149,32,0.214765100671141,0.012613322822231,"TF:M11225_1","TF","Factor: CREM; motif: NNTGACGTCANN; match class: 1",20092,1109
"1265","tan",TRUE,0.0267583651064571,3087,149,37,0.248322147651007,0.0119857466796242,"TF:M00979_1","TF","Factor: Pax-6; motif: CTGACCTGGAACTM; match class: 1",20092,6601
"1266","tan",TRUE,0.0274166831528307,8740,149,83,0.557046979865772,0.00949656750572082,"TF:M11033","TF","Factor: Six-2; motif: NCGTATCRYN",20092,7744
"1267","tan",TRUE,0.0280251102625921,16755,149,137,0.919463087248322,0.00817666368248284,"TF:M08441","TF","Factor: AP-2gamma:Elk-1; motif: NGCCKNRGGSGRCGGAAGTG",20092,8814
"1268","tan",TRUE,0.0287344340607837,1517,149,22,0.147651006711409,0.014502307185234,"TF:M11271_1","TF","Factor: JunD; motif: NRTGACGCAYN; match class: 1",20092,4649
"1269","tan",TRUE,0.0287344340607837,3551,149,41,0.275167785234899,0.0115460433680653,"TF:M00074","TF","Factor: c-Ets-1(p54); motif: NNACMGGAWRTNN",20092,834
"1270","tan",TRUE,0.0291135531940076,1820,149,25,0.167785234899329,0.0137362637362637,"TF:M00179_1","TF","Factor: ATF2; motif: VGTGACGTMACN; match class: 1",20092,1085
"1271","tan",TRUE,0.0292028855986148,689,149,13,0.087248322147651,0.0188679245283019,"TF:M10830","TF","Factor: HOXD12; motif: NGTCGTWAAN",20092,4212
"1272","tan",TRUE,0.0297491102655628,11797,149,105,0.704697986577181,0.00890056794100195,"TF:M11877","TF","Factor: pax-2; motif: NCGTCACGCNYSRNYGCNYN",20092,6516
"1273","tan",TRUE,0.030119074614287,10951,149,99,0.664429530201342,0.00904027029495023,"TF:M10638","TF","Factor: Nkx2-3; motif: NNCGTTRWS",20092,5978
"1274","tan",TRUE,0.0302333132688006,175,149,6,0.0402684563758389,0.0342857142857143,"TF:M10811","TF","Factor: HOXC11; motif: NGTCGTAAANN",20092,4098
"1275","tan",TRUE,0.0306677530063793,1931,149,26,0.174496644295302,0.0134645261522527,"TF:M01861_1","TF","Factor: ATF-1; motif: TNACGTCAN; match class: 1",20092,283
"1276","tan",TRUE,0.030869726567277,34,149,3,0.0201342281879195,0.0882352941176471,"TF:M03973_1","TF","Factor: ELK4; motif: ACCGGAARTN; match class: 1",20092,1927
"1277","tan",TRUE,0.0310554330720957,9719,149,90,0.604026845637584,0.00926021195596255,"TF:M08229","TF","Factor: Elk-1:SREBP-2; motif: RTCACGTGACCGGAAGN",20092,1876
"1278","tan",TRUE,0.0310690080276972,377,149,9,0.0604026845637584,0.0238726790450928,"TF:M10771","TF","Factor: hoxd9; motif: GTCGTAAANN",20092,4264
"1279","tan",TRUE,0.0316121071576033,5343,149,56,0.375838926174497,0.0104810031817331,"TF:M11316","TF","Factor: C/EBPbeta; motif: NRTTGCGYAAYN",20092,760
"1280","tan",TRUE,0.0316791429486471,4981,149,53,0.355704697986577,0.0106404336478619,"TF:M04744_1","TF","Factor: ATF-3; motif: GGCGCSSNSNGRTSACGTSA; match class: 1",20092,303
"1281","tan",TRUE,0.0317481376060119,1733,149,24,0.161073825503356,0.0138488170802077,"TF:M00916_1","TF","Factor: CREB; motif: NNTKACGTCANNNS; match class: 1",20092,1093
"1282","tan",TRUE,0.031754290377495,454,149,10,0.0671140939597315,0.0220264317180617,"TF:M11440","TF","Factor: Net; motif: NRCCGGAAGTN",20092,1914
"1283","tan",TRUE,0.0318593360070865,379,149,9,0.0604026845637584,0.0237467018469657,"TF:M11095_1","TF","Factor: USF2; motif: RNCAYGTGACN; match class: 1",20092,9119
"1284","tan",TRUE,0.0320988238411273,10279,149,94,0.630872483221476,0.00914485844926549,"TF:M09896","TF","Factor: E2F-7; motif: GRGGCGGGAANNN",20092,1570
"1285","tan",TRUE,0.0327755459821013,4277,149,47,0.315436241610738,0.010989010989011,"TF:M11032_1","TF","Factor: Six-2; motif: NNGTAWCRNN; match class: 1",20092,7743
"1286","tan",TRUE,0.032793556559713,787,149,14,0.0939597315436242,0.0177890724269377,"TF:M11407","TF","Factor: Pet-1; motif: NACCGGAAGTN",20092,2468
"1287","tan",TRUE,0.0330296820941052,3244,149,38,0.25503355704698,0.0117139334155364,"TF:M11027","TF","Factor: Six-1; motif: NCGTATCRNN",20092,7722
"1288","tan",TRUE,0.0332214167343488,4755,149,51,0.342281879194631,0.0107255520504732,"TF:M08018","TF","Factor: RARA; motif: GAGGTCAAAAGGTCAAKK",20092,7246
"1289","tan",TRUE,0.0333469893656455,458,149,10,0.0671140939597315,0.0218340611353712,"TF:M04359","TF","Factor: HOXD11; motif: RTCGTAAAAN",20092,4180
"1290","tan",TRUE,0.0334065874286355,11410,149,102,0.684563758389262,0.00893952673093777,"TF:M00425","TF","Factor: E2F; motif: TTTCGCGC",20092,1592
"1291","tan",TRUE,0.0342281386187439,13603,149,117,0.785234899328859,0.00860104388737779,"TF:M01240_1","TF","Factor: BEN; motif: CAGCGRNV; match class: 1",20092,513
"1292","tan",TRUE,0.0357303751104443,9628,149,89,0.597315436241611,0.00924387203988367,"TF:M10956","TF","Factor: isx; motif: NTCRTTAA",20092,4574
"1293","tan",TRUE,0.0361893245081069,5995,149,61,0.409395973154362,0.0101751459549625,"TF:M11438","TF","Factor: SAP-1; motif: NTCGTAAATGCN",20092,1938
"1294","tan",TRUE,0.0362685103813447,9228,149,86,0.577181208053691,0.00931946250541829,"TF:M00428","TF","Factor: E2F-1; motif: NKTSSCGC",20092,1484
"1295","tan",TRUE,0.0365872683994624,11579,149,103,0.691275167785235,0.00889541411175404,"TF:M04869","TF","Factor: Egr-1; motif: GCGCATGCG",20092,1650
"1296","tan",TRUE,0.0365872683994624,3607,149,41,0.275167785234899,0.0113667868034378,"TF:M04517_1","TF","Factor: E2F2; motif: AAAATGGCGCCATTTT; match class: 1",20092,1503
"1297","tan",TRUE,0.0366302116884685,3154,149,37,0.248322147651007,0.0117311350665821,"TF:M11804","TF","Factor: RAR-gamma; motif: NRGGTCAAAAGGTCAN",20092,7286
"1298","tan",TRUE,0.0366805248207466,5021,149,53,0.355704697986577,0.0105556662019518,"TF:M12165","TF","Factor: BTEB2; motif: NCCACRCCCN",20092,636
"1299","tan",TRUE,0.0366939645242839,2386,149,30,0.201342281879195,0.0125733445096396,"TF:M00341_1","TF","Factor: GABP; motif: VCCGGAAGNGCR; match class: 1",20092,3001
"1300","tan",TRUE,0.0367679802999291,2822,149,34,0.228187919463087,0.0120481927710843,"TF:M13004","TF","Factor: USF2; motif: NRTCACGTGAYN",20092,9126
"1301","tan",TRUE,0.0367805695578631,4663,149,50,0.335570469798658,0.0107227107012653,"TF:M11285_1","TF","Factor: Fra-1; motif: GRTGACGTCATC; match class: 1",20092,2573
"1302","tan",TRUE,0.0367886769905819,466,149,10,0.0671140939597315,0.0214592274678112,"TF:M10829","TF","Factor: HOXD12; motif: NRTCGTAAAN",20092,4210
"1303","tan",TRUE,0.0375653824052868,6133,149,62,0.416107382550336,0.0101092450676667,"TF:M10104","TF","Factor: YY1; motif: CAARATGGCGGC",20092,9266
"1304","tan",TRUE,0.0383169164551064,2611,149,32,0.214765100671141,0.0122558406740712,"TF:M09843","TF","Factor: GABPBETA; motif: YCACTTCCKGN",20092,2994
"1305","tan",TRUE,0.0384337171641374,4555,149,49,0.328859060402685,0.0107574094401756,"TF:M01864","TF","Factor: ATF-4; motif: KACGTCAKS",20092,344
"1306","tan",TRUE,0.0384677688451646,894,149,15,0.100671140939597,0.0167785234899329,"TF:M07067_1","TF","Factor: USF1; motif: NNNNGTCACGTGGN; match class: 1",20092,9107
"1307","tan",TRUE,0.0384677688451646,12315,149,108,0.724832214765101,0.00876979293544458,"TF:M02090","TF","Factor: E2F-4; motif: GCGGGAAANA",20092,1558
"1308","tan",TRUE,0.0386151538002865,7928,149,76,0.51006711409396,0.00958627648839556,"TF:M04696","TF","Factor: YY1; motif: GCCGCCATNTTGNNNNNGGNCN",20092,9258
"1309","tan",TRUE,0.0389262605457518,9932,149,91,0.610738255033557,0.00916230366492147,"TF:M08313_1","TF","Factor: GCMa:PEA3; motif: ATRCGGGCGGAAGTR; match class: 1",20092,3163
"1310","tan",TRUE,0.0413122659599198,993,149,16,0.10738255033557,0.0161127895266868,"TF:M01798","TF","Factor: RPC155; motif: TCMNGRGTTCRAGWCC",20092,7538
"1311","tan",TRUE,0.0415268042409796,7818,149,75,0.503355704697987,0.00959324635456638,"TF:M11285","TF","Factor: Fra-1; motif: GRTGACGTCATC",20092,2572
"1312","tan",TRUE,0.0416057823483745,5789,149,59,0.395973154362416,0.0101917429607877,"TF:M08930","TF","Factor: JUND:FRA-1; motif: RTGACGTMAY",20092,4630
"1313","tan",TRUE,0.0427238778805299,7700,149,74,0.496644295302013,0.00961038961038961,"TF:M00004","TF","Factor: c-Myb; motif: NCNRNNGRCNGTTGGKGG",20092,922
"1314","tan",TRUE,0.0427238778805299,2966,149,35,0.23489932885906,0.0118004045853001,"TF:M00981_1","TF","Factor: CREB,; motif: NTGACGTNA; match class: 1",20092,1079
"1315","tan",TRUE,0.0427238778805299,14434,149,122,0.818791946308725,0.00845226548427324,"TF:M12597","TF","Factor: E2F1; motif: GSGCGGGAAN",20092,1482
"1316","tan",TRUE,0.0427238778805299,2524,149,31,0.208053691275168,0.0122820919175911,"TF:M00121","TF","Factor: USF; motif: NNRYCACGTGRYNN",20092,9132
"1317","tan",TRUE,0.0427238778805299,2524,149,31,0.208053691275168,0.0122820919175911,"TF:M00121_1","TF","Factor: USF; motif: NNRYCACGTGRYNN; match class: 1",20092,9133
"1318","tan",TRUE,0.0427238778805299,559,149,11,0.0738255033557047,0.0196779964221825,"TF:M10817","TF","Factor: HOXC11; motif: NGTCGTAAANN",20092,4110
"1319","tan",TRUE,0.0427238778805299,191,149,6,0.0402684563758389,0.031413612565445,"TF:M01167_1","TF","Factor: SAP-1a; motif: NACCGGAAGTV; match class: 1",20092,7645
"1320","tan",TRUE,0.0427238778805299,3646,149,41,0.275167785234899,0.0112452002194185,"TF:M09668","TF","Factor: RelA-p65; motif: GGGRNTTTCCM",20092,7334
"1321","tan",TRUE,0.0428063079863137,4467,149,48,0.322147651006711,0.0107454667562122,"TF:M12156","TF","Factor: Sp2; motif: NTAAGYCCCGCCCMCTN",20092,8090
"1322","tan",TRUE,0.0428063079863137,729,149,13,0.087248322147651,0.0178326474622771,"TF:M12340_1","TF","Factor: BCL-6; motif: NCGYWATCTAGGAATN; match class: 1",20092,499
"1323","tan",TRUE,0.0428063079863137,2746,149,33,0.221476510067114,0.0120174799708667,"TF:M10880_1","TF","Factor: Alx-4; motif: NNCRTTAN; match class: 1",20092,65
"1324","tan",TRUE,0.0428063079863137,401,149,9,0.0604026845637584,0.0224438902743142,"TF:M08616","TF","Factor: A-Myb:Max; motif: YAACSGNNNNNNNNNNCACGTG",20092,5504
"1325","tan",TRUE,0.0428784595178974,3306,149,38,0.25503355704698,0.0114942528735632,"TF:M09755","TF","Factor: ZNF295; motif: NYCYCWGCYYCCCN",20092,10180
"1326","tan",TRUE,0.0429551619263908,6176,149,62,0.416107382550336,0.0100388601036269,"TF:M10625","TF","Factor: Nkx3-2; motif: NTCGTTAN",20092,6032
"1327","tan",TRUE,0.0434096674860508,2314,149,29,0.194630872483221,0.0125324114088159,"TF:M11028","TF","Factor: Six-1; motif: NCGTATCRNN",20092,7724
"1328","tan",TRUE,0.04356195355523,2861,149,34,0.228187919463087,0.011883956658511,"TF:M00997_1","TF","Factor: DEC; motif: SCCCAMGTGAAGN; match class: 1",20092,1257
"1329","tan",TRUE,0.0436011798650925,14444,149,122,0.818791946308725,0.00844641373580726,"TF:M04710","TF","Factor: CHD2; motif: TCTCGCGAG",20092,856
"1330","tan",TRUE,0.0436080634741501,1288,149,19,0.12751677852349,0.0147515527950311,"TF:M10999_1","TF","Factor: LIM-1; motif: NNCGTTAN; match class: 1",20092,4829
"1331","tan",TRUE,0.0438234399004068,6434,149,64,0.429530201342282,0.00994715573515698,"TF:M04810","TF","Factor: USF2; motif: AAGTCACG",20092,9110
"1332","tan",TRUE,0.0439601685123998,1587,149,22,0.147651006711409,0.0138626339004411,"TF:M04694","TF","Factor: NRF-1; motif: CNCTGCGCATGCGC",20092,6218
"1333","tan",TRUE,0.0444568335006607,18584,149,146,0.979865771812081,0.00785622040464916,"TF:M08568","TF","Factor: ER71:E2A; motif: CASSTGNACCGGAWRYN",20092,2320
"1334","tan",TRUE,0.0454148235562534,3094,149,36,0.241610738255034,0.0116354234001293,"TF:M08307_1","TF","Factor: GCMa:Elf-1; motif: NRCCCGCACGGAAGTN; match class: 1",20092,3151
"1335","tan",TRUE,0.0475509526448182,15728,149,130,0.87248322147651,0.00826551373346897,"TF:M08313","TF","Factor: GCMa:PEA3; motif: ATRCGGGCGGAAGTR",20092,3162
"1336","tan",TRUE,0.0478114146007001,1701,149,23,0.154362416107383,0.0135214579659024,"TF:M12678","TF","Factor: TFEA; motif: NNNNSNGGTCACGTGACN",20092,8904
"1337","tan",TRUE,0.0484117950428076,1109,149,17,0.114093959731544,0.0153291253381425,"TF:M08233_1","TF","Factor: ERF:C/EBPdelta; motif: NNCGGAWRTTGCGCAAY; match class: 1",20092,2031
"1338","tan",TRUE,0.0488679749295978,1016,149,16,0.10738255033557,0.015748031496063,"TF:M09641_1","TF","Factor: NRF-1; motif: SYGCGCMTGCGCRNNGSN; match class: 1",20092,6221
"1339","tan",TRUE,0.0488679749295978,4502,149,48,0.322147651006711,0.0106619280319858,"TF:M11083","TF","Factor: SREBP-2; motif: ATCAGGTGAT",20092,8212
"1340","tan",TRUE,0.0492374397750719,2124,149,27,0.181208053691275,0.0127118644067797,"TF:M09820","TF","Factor: USF2; motif: NNNGGTCACGTGRYNN",20092,9116
"1341","tan",TRUE,9.74833565233695e-17,104,93,19,0.204301075268817,0.182692307692308,"WP:WP111","WP","Electron transport chain OXPHOS system in mitochondria",8752,5
"1342","tan",TRUE,8.56928927672214e-11,34,93,10,0.10752688172043,0.294117647058824,"WP:WP4922","WP","Mitochondrial complex IV assembly",8752,585
"1343","tan",TRUE,5.10104450932869e-09,88,93,12,0.129032258064516,0.136363636363636,"WP:WP477","WP","Cytoplasmic ribosomal proteins",8752,529
"1344","tan",TRUE,2.22843145859004e-08,153,93,14,0.150537634408602,0.0915032679738562,"WP:WP4396","WP","Nonalcoholic fatty liver disease",8752,429
"1345","tan",TRUE,3.17999311839769e-07,60,93,9,0.0967741935483871,0.15,"WP:WP623","WP","Oxidative phosphorylation",8752,915
"1346","tan",TRUE,0.00047334112988402,16,93,4,0.043010752688172,0.25,"WP:WP4921","WP","Mitochondrial complex III assembly",8752,584
"1347","tan",TRUE,0.00053296946516061,56,93,6,0.0645161290322581,0.107142857142857,"WP:WP4324","WP","Mitochondrial complex I assembly model OXPHOS system",8752,417
"1348","tan",TRUE,0.00458882411299645,54,93,5,0.0537634408602151,0.0925925925925926,"WP:WP5510","WP","16p12 2 copy number variation syndrome 520kb ",8752,884
"1349","tan",TRUE,0.00780692579878535,62,93,5,0.0537634408602151,0.0806451612903226,"WP:WP183","WP","Proteasome degradation",8752,48
