"","query","significant","p_value","term_size","query_size","intersection_size","precision","recall","term_id","source","term_name","effective_domain_size","source_order"
"1","white",TRUE,0.0472257498002547,2,21,1,0.0476190476190476,0.5,"CORUM:7514","CORUM","SCAP-SREBF2 complex",3383,2867
"2","white",TRUE,0.0472257498002547,3,21,1,0.0476190476190476,0.333333333333333,"CORUM:7513","CORUM","PAQR3-SCAP-SREBF2 complex",3383,2866
"3","white",TRUE,0.0472257498002547,2,21,1,0.0476190476190476,0.5,"CORUM:3848","CORUM","TCL1(trimer)-AKT2 complex",3383,1514
"4","white",TRUE,0.0472257498002547,2,21,1,0.0476190476190476,0.5,"CORUM:3138","CORUM","POSH-AKT2 complex",3383,1419
"5","white",TRUE,0.0472257498002547,2,21,1,0.0476190476190476,0.5,"CORUM:2991","CORUM","mTOR complex (MTOR, RAPTOR)",3383,1326
"6","white",TRUE,0.0472257498002547,4,21,1,0.0476190476190476,0.25,"CORUM:7483","CORUM","ARF1-ARL1-PKD2-ARFIP2 complex",3383,2856
"7","white",TRUE,0.0472257498002547,3,21,1,0.0476190476190476,0.333333333333333,"CORUM:2990","CORUM","mTOR complex (MTOR, RAPTOR, MLST8)",3383,1325
"8","white",TRUE,0.0472257498002547,2,21,1,0.0476190476190476,0.5,"CORUM:5401","CORUM","PLEKHM2-KIF5B complex",3383,1669
"9","white",TRUE,0.0472257498002547,3,21,1,0.0476190476190476,0.333333333333333,"CORUM:5165","CORUM","AP1G1-PACS1-FURIN complex",3383,1569
"10","white",TRUE,0.0472257498002547,3,21,1,0.0476190476190476,0.333333333333333,"CORUM:3980","CORUM","mTOR complex (MTOR, RAPTOR, MLST8)",3383,1524
"11","white",TRUE,0.0472257498002547,4,21,1,0.0476190476190476,0.25,"CORUM:7126","CORUM","HSPA9-GRPEL1-GRPEL2-TIMM44 complex",3383,2617
"12","white",TRUE,0.0472257498002547,2,21,1,0.0476190476190476,0.5,"CORUM:7423","CORUM","PPP1CA-PPP1R13L complex",3383,2833
"13","white",TRUE,0.0472257498002547,3,21,1,0.0476190476190476,0.333333333333333,"CORUM:6195","CORUM","Stargazin-AP-2-AP-3a complex",3383,1966
"14","white",TRUE,0.0472257498002547,4,21,1,0.0476190476190476,0.25,"CORUM:6939","CORUM","Norrin receptor complex",3383,2475
"15","white",TRUE,0.0472257498002547,4,21,1,0.0476190476190476,0.25,"CORUM:7366","CORUM","KATNA1-KATNAL1-KATNB1-KATNBL1 complex",3383,2796
"16","white",TRUE,0.0472257498002547,3,21,1,0.0476190476190476,0.333333333333333,"CORUM:6644","CORUM","CCDC22-COMMD1-CUL2 complex",3383,2276
"17","white",TRUE,0.0472257498002547,4,21,1,0.0476190476190476,0.25,"CORUM:7140","CORUM","SEC23-SEC24-SCAP-SREBP1c complex",3383,2629
"18","white",TRUE,0.0472257498002547,2,21,1,0.0476190476190476,0.5,"CORUM:2985","CORUM","mTOR complex (MTOR, RAPTOR)",3383,1323
"19","white",TRUE,0.0472257498002547,3,21,1,0.0476190476190476,0.333333333333333,"CORUM:6658","CORUM","CCDC22-COMMD8-CUL1 complex",3383,2288
"20","white",TRUE,0.0472257498002547,3,21,1,0.0476190476190476,0.333333333333333,"CORUM:7132","CORUM","CCDC22-CCDC93-C16orf62 complex",3383,2623
"21","white",TRUE,0.0472257498002547,3,21,1,0.0476190476190476,0.333333333333333,"CORUM:6659","CORUM","Ubiquitin E3 ligase (CCDC22, COMMD8, CUL3)",3383,2289
"22","white",TRUE,0.0472257498002547,2,21,1,0.0476190476190476,0.5,"CORUM:6706","CORUM","CAPN1-HSP90AB1 complex",3383,2318
"23","white",TRUE,0.0472257498002547,2,21,1,0.0476190476190476,0.5,"CORUM:6710","CORUM","Calpain 1",3383,2322
"24","white",TRUE,0.0472257498002547,4,21,1,0.0476190476190476,0.25,"CORUM:6905","CORUM","PELI1-IRAK4-IRAK1-TRAF6 complex, IL-1-induced",3383,2452
"25","white",TRUE,0.0472257498002547,4,21,1,0.0476190476190476,0.25,"CORUM:7131","CORUM","COMMD1-CCDC22-CCDC93-C16orf62 complex",3383,2622
"26","white",TRUE,0.0472257498002547,4,21,1,0.0476190476190476,0.25,"CORUM:7476","CORUM","AP1B1-AP1G2-AP1M-1AP1S1 complex",3383,2851
"27","white",TRUE,0.0472257498002547,3,21,1,0.0476190476190476,0.333333333333333,"CORUM:2970","CORUM","mTORC1 complex",3383,1319
"28","white",TRUE,0.0472257498002547,2,21,1,0.0476190476190476,0.5,"CORUM:7520","CORUM","INSIG1-SCAP complex",3383,2872
"29","white",TRUE,0.0472257498002547,2,21,1,0.0476190476190476,0.5,"CORUM:1945","CORUM","IRAK1-IRAK3 complex",3383,861
"30","white",TRUE,0.0472257498002547,2,21,1,0.0476190476190476,0.5,"CORUM:1944","CORUM","IRAK1-IRAK2 complex",3383,860
"31","white",TRUE,0.0472257498002547,3,21,1,0.0476190476190476,0.333333333333333,"CORUM:1897","CORUM","mTOR complex (MTOR, RAPTOR, MLST8)",3383,855
"32","white",TRUE,0.0472257498002547,4,21,1,0.0476190476190476,0.25,"CORUM:605","CORUM","TIM (TIM17A, TIM17B, TIM23, TIM44) complex, mitochondrial",3383,332
"33","white",TRUE,0.0472257498002547,3,21,1,0.0476190476190476,0.333333333333333,"CORUM:520","CORUM","KCNQ1 macromolecular complex",3383,291
"34","white",TRUE,0.0472257498002547,4,21,1,0.0476190476190476,0.25,"CORUM:247","CORUM","RalBP1-CCNB1-AP2A-NUMB-EPN1 complex",3383,136
"35","white",TRUE,0.0472257498002547,2,21,1,0.0476190476190476,0.5,"CORUM:180","CORUM","PNUTS-PP1 complex",3383,91
"36","white",TRUE,0.0472257498002547,2,21,1,0.0476190476190476,0.5,"CORUM:7515","CORUM","PAQR3-SCAP-complex",3383,2868
"37","white",TRUE,0.0472257498002547,2,21,1,0.0476190476190476,0.5,"CORUM:1990","CORUM","PGRMC1-SCAP complex",3383,874
"38","white",TRUE,3.01823383187941e-06,5555,53,35,0.660377358490566,0.0063006300630063,"GO:0051179","GO:BP","localization",21026,13378
"39","white",TRUE,7.46800569428256e-06,3228,53,26,0.490566037735849,0.0080545229244114,"GO:0033036","GO:BP","macromolecule localization",21026,7939
"40","white",TRUE,2.65206072710992e-05,4928,53,31,0.584905660377358,0.00629058441558442,"GO:0051234","GO:BP","establishment of localization",21026,13403
"41","white",TRUE,3.01281897970672e-05,4407,53,29,0.547169811320755,0.00658044020875879,"GO:0006810","GO:BP","transport",21026,2482
"42","white",TRUE,6.5645908883272e-05,1592,53,17,0.320754716981132,0.010678391959799,"GO:0016192","GO:BP","vesicle-mediated transport",21026,5143
"43","white",TRUE,7.97676044153261e-05,2782,53,22,0.415094339622642,0.00790797987059669,"GO:0070727","GO:BP","cellular macromolecule localization",21026,16048
"44","white",TRUE,7.97676044153261e-05,2770,53,22,0.415094339622642,0.00794223826714801,"GO:0008104","GO:BP","protein localization",21026,3109
"45","white",TRUE,0.000230984549185987,312,53,8,0.150943396226415,0.0256410256410256,"GO:0048193","GO:BP","Golgi vesicle transport",21026,12403
"46","white",TRUE,0.000447433382053075,3661,53,24,0.452830188679245,0.0065555859054903,"GO:0051641","GO:BP","cellular localization",21026,13664
"47","white",TRUE,0.0005136544343703,1937,53,17,0.320754716981132,0.00877645844088797,"GO:0045184","GO:BP","establishment of protein localization",21026,11159
"48","white",TRUE,0.00145506447292259,1444,53,14,0.264150943396226,0.00969529085872576,"GO:0015031","GO:BP","protein transport",21026,4772
"49","white",TRUE,0.0018186669530257,1923,53,16,0.30188679245283,0.00832033281331253,"GO:0071705","GO:BP","nitrogen compound transport",21026,16638
"50","white",TRUE,0.00242951420738924,129,53,5,0.0943396226415094,0.0387596899224806,"GO:0045834","GO:BP","positive regulation of lipid metabolic process",21026,11488
"51","white",TRUE,0.00291121981873677,136,53,5,0.0943396226415094,0.0367647058823529,"GO:0006888","GO:BP","endoplasmic reticulum to Golgi vesicle-mediated transport",21026,2533
"52","white",TRUE,0.00369703719962494,145,53,5,0.0943396226415094,0.0344827586206897,"GO:0062013","GO:BP","positive regulation of small molecule metabolic process",21026,15560
"53","white",TRUE,0.00414819854917901,75,53,4,0.0754716981132075,0.0533333333333333,"GO:0097006","GO:BP","regulation of plasma lipoprotein particle levels",21026,18201
"54","white",TRUE,0.00472348204096025,2639,53,18,0.339622641509434,0.0068207654414551,"GO:0009056","GO:BP","catabolic process",21026,3218
"55","white",TRUE,0.00507921935864679,29,53,3,0.0566037735849057,0.103448275862069,"GO:0034315","GO:BP","regulation of Arp2/3 complex-mediated actin nucleation",21026,8506
"56","white",TRUE,0.00573254009554003,709,53,9,0.169811320754717,0.0126939351198872,"GO:0006897","GO:BP","endocytosis",21026,2540
"57","white",TRUE,0.00670368794570659,92,53,4,0.0754716981132075,0.0434782608695652,"GO:0042632","GO:BP","cholesterol homeostasis",21026,10172
"58","white",TRUE,0.00670368794570659,92,53,4,0.0754716981132075,0.0434782608695652,"GO:0046889","GO:BP","positive regulation of lipid biosynthetic process",21026,12257
"59","white",TRUE,0.00670368794570659,922,53,10,0.188679245283019,0.0108459869848156,"GO:0098657","GO:BP","import into cell",21026,18564
"60","white",TRUE,0.00670368794570659,93,53,4,0.0754716981132075,0.043010752688172,"GO:0055092","GO:BP","sterol homeostasis",21026,14035
"61","white",TRUE,0.00705739581037287,36,53,3,0.0566037735849057,0.0833333333333333,"GO:0032885","GO:BP","regulation of polysaccharide biosynthetic process",21026,7824
"62","white",TRUE,0.00705739581037287,297,53,6,0.113207547169811,0.0202020202020202,"GO:0030100","GO:BP","regulation of endocytosis",21026,6645
"63","white",TRUE,0.00846696039064765,1381,53,12,0.226415094339623,0.00868935553946416,"GO:0046907","GO:BP","intracellular transport",21026,12264
"64","white",TRUE,0.00846696039064765,39,53,3,0.0566037735849057,0.0769230769230769,"GO:0051125","GO:BP","regulation of actin nucleation",21026,13329
"65","white",TRUE,0.00849646606201895,104,53,4,0.0754716981132075,0.0384615384615385,"GO:0030301","GO:BP","cholesterol transport",21026,6723
"66","white",TRUE,0.00983354111694477,109,53,4,0.0754716981132075,0.036697247706422,"GO:0015918","GO:BP","sterol transport",21026,4989
"67","white",TRUE,0.0107547392422281,44,53,3,0.0566037735849057,0.0681818181818182,"GO:0032881","GO:BP","regulation of polysaccharide metabolic process",21026,7821
"68","white",TRUE,0.0130739576131006,1040,53,10,0.188679245283019,0.00961538461538462,"GO:0009894","GO:BP","regulation of catabolic process",21026,3739
"69","white",TRUE,0.0130739576131006,48,53,3,0.0566037735849057,0.0625,"GO:0034314","GO:BP","Arp2/3 complex-mediated actin nucleation",21026,8505
"70","white",TRUE,0.0134805891869284,49,53,3,0.0566037735849057,0.0612244897959184,"GO:0071827","GO:BP","plasma lipoprotein particle organization",21026,16699
"71","white",TRUE,0.015611160235286,52,53,3,0.0566037735849057,0.0576923076923077,"GO:0071825","GO:BP","protein-lipid complex organization",21026,16697
"72","white",TRUE,0.0164890890854308,54,53,3,0.0566037735849057,0.0555555555555556,"GO:0006890","GO:BP","retrograde vesicle-mediated transport, Golgi to endoplasmic reticulum",21026,2534
"73","white",TRUE,0.0164890890854308,2010,53,14,0.264150943396226,0.00696517412935323,"GO:0051649","GO:BP","establishment of localization in cell",21026,13672
"74","white",TRUE,0.016938880106024,55,53,3,0.0566037735849057,0.0545454545454545,"GO:0000271","GO:BP","polysaccharide biosynthetic process",21026,74
"75","white",TRUE,0.0170645212476688,2029,53,14,0.264150943396226,0.00689995071463775,"GO:0032879","GO:BP","regulation of localization",21026,7819
"76","white",TRUE,0.0211752322411151,13,53,2,0.0377358490566038,0.153846153846154,"GO:0010867","GO:BP","positive regulation of triglyceride biosynthetic process",21026,4441
"77","white",TRUE,0.0211752322411151,145,53,4,0.0754716981132075,0.0275862068965517,"GO:0008203","GO:BP","cholesterol metabolic process",21026,3116
"78","white",TRUE,0.0217640746735567,62,53,3,0.0566037735849057,0.0483870967741935,"GO:0045010","GO:BP","actin nucleation",21026,11073
"79","white",TRUE,0.0243469277681323,1391,53,11,0.207547169811321,0.00790797987059669,"GO:0006629","GO:BP","lipid metabolic process",21026,2334
"80","white",TRUE,0.0259340788173571,156,53,4,0.0754716981132075,0.0256410256410256,"GO:1902652","GO:BP","secondary alcohol metabolic process",21026,22113
"81","white",TRUE,0.0278657273829086,160,53,4,0.0754716981132075,0.025,"GO:0016125","GO:BP","sterol metabolic process",21026,5118
"82","white",TRUE,0.028541980707374,162,53,4,0.0754716981132075,0.0246913580246914,"GO:1905952","GO:BP","regulation of lipid localization",21026,24607
"83","white",TRUE,0.0287736622866368,436,53,6,0.113207547169811,0.0137614678899083,"GO:0006869","GO:BP","lipid transport",21026,2521
"84","white",TRUE,0.0287736622866368,17,53,2,0.0377358490566038,0.117647058823529,"GO:0006878","GO:BP","intracellular copper ion homeostasis",21026,2525
"85","white",TRUE,0.0287736622866368,17,53,2,0.0377358490566038,0.117647058823529,"GO:0010885","GO:BP","regulation of cholesterol storage",21026,4454
"86","white",TRUE,0.0287736622866368,17,53,2,0.0377358490566038,0.117647058823529,"GO:0045725","GO:BP","positive regulation of glycogen biosynthetic process",21026,11405
"87","white",TRUE,0.0287736622866368,167,53,4,0.0754716981132075,0.0239520958083832,"GO:0055088","GO:BP","lipid homeostasis",21026,14031
"88","white",TRUE,0.0291189550964227,616,53,7,0.132075471698113,0.0113636363636364,"GO:0032787","GO:BP","monocarboxylic acid metabolic process",21026,7765
"89","white",TRUE,0.0315499923762226,173,53,4,0.0754716981132075,0.023121387283237,"GO:0016052","GO:BP","carbohydrate catabolic process",21026,5060
"90","white",TRUE,0.0317060018158726,175,53,4,0.0754716981132075,0.0228571428571429,"GO:0006109","GO:BP","regulation of carbohydrate metabolic process",21026,1964
"91","white",TRUE,0.0317060018158726,456,53,6,0.113207547169811,0.0131578947368421,"GO:0010876","GO:BP","lipid localization",21026,4445
"92","white",TRUE,0.0337949918168962,20,53,2,0.0377358490566038,0.1,"GO:0010866","GO:BP","regulation of triglyceride biosynthetic process",21026,4440
"93","white",TRUE,0.0337949918168962,20,53,2,0.0377358490566038,0.1,"GO:0070875","GO:BP","positive regulation of glycogen metabolic process",21026,16123
"94","white",TRUE,0.0337949918168962,20,53,2,0.0377358490566038,0.1,"GO:0055070","GO:BP","copper ion homeostasis",21026,14021
"95","white",TRUE,0.0337949918168962,182,53,4,0.0754716981132075,0.021978021978022,"GO:0046890","GO:BP","regulation of lipid biosynthetic process",21026,12258
"96","white",TRUE,0.0337949918168962,80,53,3,0.0566037735849057,0.0375,"GO:0045913","GO:BP","positive regulation of carbohydrate metabolic process",21026,11545
"97","white",TRUE,0.0343557587976147,184,53,4,0.0754716981132075,0.0217391304347826,"GO:0006006","GO:BP","glucose metabolic process",21026,1879
"98","white",TRUE,0.0343786873778335,21,53,2,0.0377358490566038,0.0952380952380952,"GO:0034162","GO:BP","toll-like receptor 9 signaling pathway",21026,8407
"99","white",TRUE,0.0343786873778335,320,53,5,0.0943396226415094,0.015625,"GO:0019216","GO:BP","regulation of lipid metabolic process",21026,5563
"100","white",TRUE,0.0343786873778335,320,53,5,0.0943396226415094,0.015625,"GO:0062012","GO:BP","regulation of small molecule metabolic process",21026,15559
"101","white",TRUE,0.0343786873778335,21,53,2,0.0377358490566038,0.0952380952380952,"GO:0090208","GO:BP","positive regulation of triglyceride metabolic process",21026,17873
"102","white",TRUE,0.0344570176876319,1776,53,12,0.226415094339623,0.00675675675675676,"GO:0044281","GO:BP","small molecule metabolic process",21026,10850
"103","white",TRUE,0.0366114851651014,22,53,2,0.0377358490566038,0.0909090909090909,"GO:0032770","GO:BP","positive regulation of monooxygenase activity",21026,7756
"104","white",TRUE,0.0389531147238326,23,53,2,0.0377358490566038,0.0869565217391304,"GO:0010878","GO:BP","cholesterol storage",21026,4447
"105","white",TRUE,0.0389531147238326,335,53,5,0.0943396226415094,0.0149253731343284,"GO:0008202","GO:BP","steroid metabolic process",21026,3115
"106","white",TRUE,0.0400952134140775,686,53,7,0.132075471698113,0.0102040816326531,"GO:0006886","GO:BP","intracellular protein transport",21026,2531
"107","white",TRUE,0.0411111253414158,24,53,2,0.0377358490566038,0.0833333333333333,"GO:0010884","GO:BP","positive regulation of lipid storage",21026,4453
"108","white",TRUE,0.0420856900600484,94,53,3,0.0566037735849057,0.0319148936170213,"GO:0019217","GO:BP","regulation of fatty acid metabolic process",21026,5564
"109","white",TRUE,0.0440804054127417,96,53,3,0.0566037735849057,0.03125,"GO:0043255","GO:BP","regulation of carbohydrate biosynthetic process",21026,10493
"110","white",TRUE,0.0456076790367432,1607,53,11,0.207547169811321,0.00684505289359054,"GO:0051049","GO:BP","regulation of transport",21026,13286
"111","white",TRUE,0.0456456567367321,26,53,2,0.0377358490566038,0.0769230769230769,"GO:0006007","GO:BP","glucose catabolic process",21026,1880
"112","white",TRUE,0.0468603937351451,213,53,4,0.0754716981132075,0.0187793427230047,"GO:0042180","GO:BP","ketone metabolic process",21026,9916
"113","white",TRUE,0.0468603937351451,28,53,2,0.0377358490566038,0.0714285714285714,"GO:0010962","GO:BP","regulation of glucan biosynthetic process",21026,4519
"114","white",TRUE,0.0468603937351451,226,53,4,0.0754716981132075,0.0176991150442478,"GO:0019318","GO:BP","hexose metabolic process",21026,5651
"115","white",TRUE,0.0468603937351451,27,53,2,0.0377358490566038,0.0740740740740741,"GO:0032369","GO:BP","negative regulation of lipid transport",21026,7470
"116","white",TRUE,0.0468603937351451,28,53,2,0.0377358490566038,0.0714285714285714,"GO:0032801","GO:BP","receptor catabolic process",21026,7773
"117","white",TRUE,0.0468603937351451,28,53,2,0.0377358490566038,0.0714285714285714,"GO:0005979","GO:BP","regulation of glycogen biosynthetic process",21026,1852
"118","white",TRUE,0.0468603937351451,371,53,5,0.0943396226415094,0.0134770889487871,"GO:0044282","GO:BP","small molecule catabolic process",21026,10851
"119","white",TRUE,0.0468603937351451,1,53,1,0.0188679245283019,1,"GO:0044357","GO:BP","regulation of rRNA stability",21026,10873
"120","white",TRUE,0.0468603937351451,6264,53,26,0.490566037735849,0.0041507024265645,"GO:0048518","GO:BP","positive regulation of biological process",21026,12634
"121","white",TRUE,0.0468603937351451,5920,53,25,0.471698113207547,0.00422297297297297,"GO:0048522","GO:BP","positive regulation of cellular process",21026,12638
"122","white",TRUE,0.0468603937351451,102,53,3,0.0566037735849057,0.0294117647058824,"GO:0005976","GO:BP","polysaccharide metabolic process",21026,1849
"123","white",TRUE,0.0468603937351451,729,53,7,0.132075471698113,0.00960219478737997,"GO:0008610","GO:BP","lipid biosynthetic process",21026,3192
"124","white",TRUE,0.0468603937351451,531,53,6,0.113207547169811,0.0112994350282486,"GO:0060627","GO:BP","regulation of vesicle-mediated transport",21026,14590
"125","white",TRUE,0.0468603937351451,2433,53,14,0.264150943396226,0.00575421290587752,"GO:0051128","GO:BP","regulation of cellular component organization",21026,13332
"126","white",TRUE,0.0468603937351451,1417,53,10,0.188679245283019,0.00705716302046577,"GO:0009057","GO:BP","macromolecule catabolic process",21026,3219
"127","white",TRUE,0.0468603937351451,1,53,1,0.0188679245283019,1,"GO:0090340","GO:BP","positive regulation of secretion of lysosomal enzymes",21026,17984
"128","white",TRUE,0.0468603937351451,1,53,1,0.0188679245283019,1,"GO:0090472","GO:BP","dibasic protein processing",21026,18069
"129","white",TRUE,0.0468603937351451,1,53,1,0.0188679245283019,1,"GO:1902374","GO:BP","regulation of rRNA catabolic process",21026,21949
"130","white",TRUE,0.0468603937351451,1,53,1,0.0188679245283019,1,"GO:1990386","GO:BP","mitotic cleavage furrow ingression",21026,24710
"131","white",TRUE,0.0468603937351451,1,53,1,0.0188679245283019,1,"GO:0070407","GO:BP","oxidation-dependent protein catabolic process",21026,15878
"132","white",TRUE,6.14999949906003e-06,4872,55,31,0.563636363636364,0.00636288998357964,"GO:0012505","GO:CC","endomembrane system",22149,666
"133","white",TRUE,6.14999949906003e-06,2556,55,22,0.4,0.00860719874804382,"GO:0031410","GO:CC","cytoplasmic vesicle",22149,1078
"134","white",TRUE,6.14999949906003e-06,2562,55,22,0.4,0.00858704137392662,"GO:0097708","GO:CC","intracellular vesicle",22149,3068
"135","white",TRUE,7.50687902368437e-06,9953,55,44,0.8,0.0044207776549784,"GO:0016020","GO:CC","membrane",22149,699
"136","white",TRUE,1.13582046808174e-05,770,55,12,0.218181818181818,0.0155844155844156,"GO:0005764","GO:CC","lysosome",22149,319
"137","white",TRUE,1.13582046808174e-05,770,55,12,0.218181818181818,0.0155844155844156,"GO:0000323","GO:CC","lytic vacuole",22149,50
"138","white",TRUE,1.13582046808174e-05,1659,55,17,0.309090909090909,0.0102471368294153,"GO:0005794","GO:CC","Golgi apparatus",22149,345
"139","white",TRUE,1.13582046808174e-05,3842,55,26,0.472727272727273,0.00676730869338886,"GO:0031090","GO:CC","organelle membrane",22149,1017
"140","white",TRUE,2.44864984814741e-05,4033,55,26,0.472727272727273,0.00644681378626333,"GO:0031982","GO:CC","vesicle",22149,1199
"141","white",TRUE,2.66907425583275e-05,318,55,8,0.145454545454545,0.0251572327044025,"GO:0030135","GO:CC","coated vesicle",22149,886
"142","white",TRUE,2.66907425583275e-05,2251,55,19,0.345454545454545,0.00844069302532208,"GO:0098588","GO:CC","bounding membrane of organelle",22149,3147
"143","white",TRUE,2.66907425583275e-05,867,55,12,0.218181818181818,0.013840830449827,"GO:0005773","GO:CC","vacuole",22149,327
"144","white",TRUE,8.87741662626119e-05,96,55,5,0.0909090909090909,0.0520833333333333,"GO:0005798","GO:CC","Golgi-associated vesicle",22149,349
"145","white",TRUE,9.08110278981048e-05,12527,55,47,0.854545454545454,0.00375189590484553,"GO:0005737","GO:CC","cytoplasm",22149,304
"146","white",TRUE,0.000123557653348947,688,55,10,0.181818181818182,0.0145348837209302,"GO:0000139","GO:CC","Golgi membrane",22149,18
"147","white",TRUE,0.000195911431841897,1083,55,12,0.218181818181818,0.0110803324099723,"GO:0005768","GO:CC","endosome",22149,323
"148","white",TRUE,0.000219833811464506,58,55,4,0.0727272727272727,0.0689655172413793,"GO:0030660","GO:CC","Golgi-associated vesicle membrane",22149,924
"149","white",TRUE,0.000220039068257251,451,55,8,0.145454545454545,0.0177383592017738,"GO:0005765","GO:CC","lysosomal membrane",22149,320
"150","white",TRUE,0.000220039068257251,451,55,8,0.145454545454545,0.0177383592017738,"GO:0098852","GO:CC","lytic vacuole membrane",22149,3215
"151","white",TRUE,0.000259942829378424,63,55,4,0.0727272727272727,0.0634920634920635,"GO:0030120","GO:CC","vesicle coat",22149,871
"152","white",TRUE,0.000333425431979897,139,55,5,0.0909090909090909,0.0359712230215827,"GO:0005793","GO:CC","endoplasmic reticulum-Golgi intermediate compartment",22149,344
"153","white",TRUE,0.000386097887348545,498,55,8,0.145454545454545,0.0160642570281124,"GO:0005774","GO:CC","vacuolar membrane",22149,328
"154","white",TRUE,0.000386097887348545,5534,55,28,0.509090909090909,0.00505963136971449,"GO:0005829","GO:CC","cytosol",22149,367
"155","white",TRUE,0.00107081740438411,1562,55,13,0.236363636363636,0.00832266325224072,"GO:0031984","GO:CC","organelle subcompartment",22149,1201
"156","white",TRUE,0.00114313959537683,99,55,4,0.0727272727272727,0.0404040404040404,"GO:0048475","GO:CC","coated membrane",22149,2168
"157","white",TRUE,0.00114313959537683,99,55,4,0.0727272727272727,0.0404040404040404,"GO:0030117","GO:CC","membrane coat",22149,868
"158","white",TRUE,0.00114313959537683,14727,55,49,0.890909090909091,0.0033272221090514,"GO:0043231","GO:CC","intracellular membrane-bounded organelle",22149,1845
"159","white",TRUE,0.00124061099522483,104,55,4,0.0727272727272727,0.0384615384615385,"GO:0005796","GO:CC","Golgi lumen",22149,347
"160","white",TRUE,0.00124061099522483,39,55,3,0.0545454545454545,0.0769230769230769,"GO:0030140","GO:CC","trans-Golgi network transport vesicle",22149,890
"161","white",TRUE,0.00124061099522483,2095,55,15,0.272727272727273,0.00715990453460621,"GO:0005783","GO:CC","endoplasmic reticulum",22149,335
"162","white",TRUE,0.00127024868505389,200,55,5,0.0909090909090909,0.025,"GO:0030662","GO:CC","coated vesicle membrane",22149,926
"163","white",TRUE,0.00169203976090219,1233,55,11,0.2,0.0089213300892133,"GO:0005789","GO:CC","endoplasmic reticulum membrane",22149,341
"164","white",TRUE,0.00171168708666507,1239,55,11,0.2,0.00887812752219532,"GO:0098827","GO:CC","endoplasmic reticulum subcompartment",22149,3199
"165","white",TRUE,0.00184213809105575,16147,55,51,0.927272727272727,0.00315848145166285,"GO:0043229","GO:CC","intracellular organelle",22149,1843
"166","white",TRUE,0.00184213809105575,1258,55,11,0.2,0.00874403815580286,"GO:0042175","GO:CC","nuclear outer membrane-endoplasmic reticulum membrane network",22149,1742
"167","white",TRUE,0.00301875715103994,15780,55,50,0.909090909090909,0.00316856780735108,"GO:0043227","GO:CC","membrane-bounded organelle",22149,1841
"168","white",TRUE,0.00358678521045764,13,55,2,0.0363636363636364,0.153846153846154,"GO:0030126","GO:CC","COPI vesicle coat",22149,877
"169","white",TRUE,0.00654276989890192,1252,55,10,0.181818181818182,0.00798722044728434,"GO:0030659","GO:CC","cytoplasmic vesicle membrane",22149,923
"170","white",TRUE,0.00654276989890192,18,55,2,0.0363636363636364,0.111111111111111,"GO:0030663","GO:CC","COPI-coated vesicle membrane",22149,927
"171","white",TRUE,0.00654276989890192,453,55,6,0.109090909090909,0.0132450331125828,"GO:0030133","GO:CC","transport vesicle",22149,884
"172","white",TRUE,0.00699083437258846,1271,55,10,0.181818181818182,0.00786782061369001,"GO:0012506","GO:CC","vesicle membrane",22149,667
"173","white",TRUE,0.00699083437258846,19,55,2,0.0363636363636364,0.105263157894737,"GO:0030130","GO:CC","clathrin coat of trans-Golgi network vesicle",22149,881
"174","white",TRUE,0.00796431948948786,84,55,3,0.0545454545454545,0.0357142857142857,"GO:0033116","GO:CC","endoplasmic reticulum-Golgi intermediate compartment membrane",22149,1352
"175","white",TRUE,0.00801761324119051,21,55,2,0.0363636363636364,0.0952380952380952,"GO:0012510","GO:CC","trans-Golgi network transport vesicle membrane",22149,671
"176","white",TRUE,0.00928512988492507,90,55,3,0.0545454545454545,0.0333333333333333,"GO:0030134","GO:CC","COPII-coated ER to Golgi transport vesicle",22149,885
"177","white",TRUE,0.00954539144826395,16936,55,51,0.927272727272727,0.00301133679735475,"GO:0043226","GO:CC","organelle",22149,1840
"178","white",TRUE,0.0106546126797807,25,55,2,0.0363636363636364,0.08,"GO:0030137","GO:CC","COPI-coated vesicle",22149,888
"179","white",TRUE,0.0121674267640611,27,55,2,0.0363636363636364,0.0740740740740741,"GO:0030131","GO:CC","clathrin adaptor complex",22149,882
"180","white",TRUE,0.0144936750265629,1,55,1,0.0181818181818182,1,"GO:0032936","GO:CC","SREBP-SCAP complex",22149,1306
"181","white",TRUE,0.0195505447773239,35,55,2,0.0363636363636364,0.0571428571428571,"GO:0030125","GO:CC","clathrin vesicle coat",22149,876
"182","white",TRUE,0.0267669548557803,2111,55,12,0.218181818181818,0.00568450971103742,"GO:0070062","GO:CC","extracellular exosome",22149,2353
"183","white",TRUE,0.0267669548557803,2,55,1,0.0181818181818182,0.5,"GO:0062157","GO:CC","mitochondrial ATP-gated potassium channel complex",22149,2320
"184","white",TRUE,0.0267669548557803,2,55,1,0.0181818181818182,0.5,"GO:0032311","GO:CC","angiogenin-PRI complex",22149,1262
"185","white",TRUE,0.027126417042069,43,55,2,0.0363636363636364,0.0465116279069767,"GO:0030119","GO:CC","AP-type membrane coat adaptor complex",22149,870
"186","white",TRUE,0.0273381016458701,6695,55,26,0.472727272727273,0.00388349514563107,"GO:0070013","GO:CC","intracellular organelle lumen",22149,2334
"187","white",TRUE,0.0273381016458701,2142,55,12,0.218181818181818,0.00560224089635854,"GO:0065010","GO:CC","extracellular membrane-bounded organelle",22149,2333
"188","white",TRUE,0.0273381016458701,2141,55,12,0.218181818181818,0.00560485754320411,"GO:1903561","GO:CC","extracellular vesicle",22149,3657
"189","white",TRUE,0.0273381016458701,2142,55,12,0.218181818181818,0.00560224089635854,"GO:0043230","GO:CC","extracellular organelle",22149,1844
"190","white",TRUE,0.0273381016458701,6695,55,26,0.472727272727273,0.00388349514563107,"GO:0031974","GO:CC","membrane-enclosed lumen",22149,1193
"191","white",TRUE,0.0273381016458701,6695,55,26,0.472727272727273,0.00388349514563107,"GO:0043233","GO:CC","organelle lumen",22149,1847
"192","white",TRUE,0.0334790302374019,51,55,2,0.0363636363636364,0.0392156862745098,"GO:0030118","GO:CC","clathrin coat",22149,869
"193","white",TRUE,0.0337361863004237,3,55,1,0.0181818181818182,0.333333333333333,"GO:0048237","GO:CC","rough endoplasmic reticulum lumen",22149,2163
"194","white",TRUE,0.0337361863004237,3,55,1,0.0181818181818182,0.333333333333333,"GO:0005945","GO:CC","6-phosphofructokinase complex",22149,452
"195","white",TRUE,0.0435444246006905,4,55,1,0.0181818181818182,0.25,"GO:1990851","GO:CC","Wnt-Frizzled-LRP5/6 complex",22149,3996
"196","white",TRUE,0.0435444246006905,4,55,1,0.0181818181818182,0.25,"GO:0140284","GO:CC","endoplasmic reticulum-endosome membrane contact site",22149,3478
"197","white",TRUE,0.000247620489761328,7643,38,38,1,0.00497186968467879,"HPA:0220051","HPA","Gallbladder; glandular cells[≥Low]",10995,361
"198","white",TRUE,0.000247620489761328,7643,38,38,1,0.00497186968467879,"HPA:0220000","HPA","Gallbladder",10995,360
"199","white",TRUE,0.00072061525912311,7404,38,37,0.973684210526316,0.00499729875742842,"HPA:0020000","HPA","Adrenal gland",10995,6
"200","white",TRUE,0.00072061525912311,7397,38,37,0.973684210526316,0.00500202784912802,"HPA:0020051","HPA","Adrenal gland; glandular cells[≥Low]",10995,16
"201","white",TRUE,0.000906659866561325,7500,38,37,0.973684210526316,0.00493333333333333,"HPA:0380000","HPA","Placenta",10995,532
"202","white",TRUE,0.000971831652403555,7111,38,36,0.947368421052632,0.00506257910279848,"HPA:0590051","HPA","Thyroid gland; glandular cells[≥Low]",10995,854
"203","white",TRUE,0.000971831652403555,7111,38,36,0.947368421052632,0.00506257910279848,"HPA:0590000","HPA","Thyroid gland",10995,853
"204","white",TRUE,0.000971831652403555,8216,38,38,1,0.00462512171372931,"HPA:0270000","HPA","Kidney",10995,407
"205","white",TRUE,0.00262141269509638,6929,38,35,0.921052631578947,0.00505123394429211,"HPA:0350471","HPA","Pancreas; exocrine glandular cells[≥Low]",10995,515
"206","white",TRUE,0.00298542525487567,6983,38,35,0.921052631578947,0.0050121724187312,"HPA:0130051","HPA","Colon; glandular cells[≥Low]",10995,231
"207","white",TRUE,0.00298651516378186,6601,38,34,0.894736842105263,0.00515073473716104,"HPA:0220052","HPA","Gallbladder; glandular cells[≥Medium]",10995,362
"208","white",TRUE,0.00331985788329577,7050,38,35,0.921052631578947,0.0049645390070922,"HPA:0400051","HPA","Rectum; glandular cells[≥Low]",10995,577
"209","white",TRUE,0.00384485209806407,7187,38,35,0.921052631578947,0.00486990399332127,"HPA:0320000","HPA","Nasopharynx",10995,466
"210","white",TRUE,0.00384485209806407,7647,38,36,0.947368421052632,0.00470772852098862,"HPA:0540051","HPA","Stomach 1; glandular cells[≥Low]",10995,798
"211","white",TRUE,0.00384485209806407,7592,38,36,0.947368421052632,0.0047418335089568,"HPA:0550051","HPA","Stomach 2; glandular cells[≥Low]",10995,802
"212","white",TRUE,0.00384485209806407,6738,38,34,0.894736842105263,0.00504600771742357,"HPA:0030051","HPA","Appendix; glandular cells[≥Low]",10995,38
"213","white",TRUE,0.00384485209806407,7592,38,36,0.947368421052632,0.0047418335089568,"HPA:0550000","HPA","Stomach 2",10995,801
"214","white",TRUE,0.00384485209806407,6814,38,34,0.894736842105263,0.00498972703257998,"HPA:0430000","HPA","Seminal vesicle",10995,618
"215","white",TRUE,0.00384485209806407,6814,38,34,0.894736842105263,0.00498972703257998,"HPA:0430051","HPA","Seminal vesicle; glandular cells[≥Low]",10995,619
"216","white",TRUE,0.00384485209806407,7647,38,36,0.947368421052632,0.00470772852098862,"HPA:0540000","HPA","Stomach 1",10995,797
"217","white",TRUE,0.00384485209806407,4740,38,28,0.736842105263158,0.00590717299578059,"HPA:0320102","HPA","Nasopharynx; respiratory epithelial cells[≥Medium]",10995,486
"218","white",TRUE,0.00405008582028543,4231,38,26,0.684210526315789,0.00614511935712597,"HPA:0500651","HPA","Soft tissue 1; fibroblasts[≥Low]",10995,770
"219","white",TRUE,0.00441127949258608,5493,38,30,0.789473684210526,0.00546149645002731,"HPA:0030052","HPA","Appendix; glandular cells[≥Medium]",10995,39
"220","white",TRUE,0.00441127949258608,6905,38,34,0.894736842105263,0.00492396813902969,"HPA:0170000","HPA","Endometrium 2",10995,313
"221","white",TRUE,0.00441127949258608,6888,38,34,0.894736842105263,0.00493612078977933,"HPA:0420000","HPA","Salivary gland",10995,614
"222","white",TRUE,0.00441127949258608,6888,38,34,0.894736842105263,0.00493612078977933,"HPA:0420051","HPA","Salivary gland; glandular cells[≥Low]",10995,615
"223","white",TRUE,0.00441127949258608,7322,38,35,0.921052631578947,0.00478011472275335,"HPA:0180051","HPA","Epididymis; glandular cells[≥Low]",10995,321
"224","white",TRUE,0.00441127949258608,7322,38,35,0.921052631578947,0.00478011472275335,"HPA:0180000","HPA","Epididymis",10995,320
"225","white",TRUE,0.00445698973254469,7774,38,36,0.947368421052632,0.00463082068433239,"HPA:0600000","HPA","Tonsil",10995,857
"226","white",TRUE,0.00445698973254469,4905,38,28,0.736842105263158,0.00570846075433231,"HPA:0060102","HPA","Bronchus; respiratory epithelial cells[≥Medium]",10995,84
"227","white",TRUE,0.00456154302146301,6214,38,32,0.842105263157895,0.00514966205342774,"HPA:0250131","HPA","Hippocampus; neuronal cells[≥Low]",10995,385
"228","white",TRUE,0.00509027970980905,8322,38,37,0.973684210526316,0.00444604662340783,"HPA:0130000","HPA","Colon",10995,212
"229","white",TRUE,0.00509027970980905,7391,38,35,0.921052631578947,0.00473548910837505,"HPA:0350000","HPA","Pancreas",10995,514
"230","white",TRUE,0.00535372721694152,6637,38,33,0.868421052631579,0.00497212596052433,"HPA:0600221","HPA","Tonsil; squamous epithelial cells[≥Low]",10995,864
"231","white",TRUE,0.00630752983539331,7065,38,34,0.894736842105263,0.00481245576786978,"HPA:0480051","HPA","Small intestine; glandular cells[≥Low]",10995,753
"232","white",TRUE,0.00665152870707984,6712,38,33,0.868421052631579,0.0049165673420739,"HPA:0170051","HPA","Endometrium 2; glandular cells[≥Low]",10995,317
"233","white",TRUE,0.00665152870707984,7093,38,34,0.894736842105263,0.00479345833920767,"HPA:0150051","HPA","Duodenum; glandular cells[≥Low]",10995,272
"234","white",TRUE,0.00692305604113996,9012,38,38,1,0.00421660008877053,"HPA:0570000","HPA","Testis",10995,818
"235","white",TRUE,0.00700180117889932,7957,38,36,0.947368421052632,0.0045243182103808,"HPA:0400000","HPA","Rectum",10995,558
"236","white",TRUE,0.00737611335775653,6058,38,31,0.815789473684211,0.00511720039617035,"HPA:0480052","HPA","Small intestine; glandular cells[≥Medium]",10995,754
"237","white",TRUE,0.00787748659085905,7170,38,34,0.894736842105263,0.00474198047419805,"HPA:0050000","HPA","Breast",10995,54
"238","white",TRUE,0.00787748659085905,5757,38,30,0.789473684210526,0.00521104742053153,"HPA:0320101","HPA","Nasopharynx; respiratory epithelial cells[≥Low]",10995,485
"239","white",TRUE,0.00789974454548564,6095,38,31,0.815789473684211,0.00508613617719442,"HPA:0400052","HPA","Rectum; glandular cells[≥Medium]",10995,578
"240","white",TRUE,0.00793014469529105,6806,38,33,0.868421052631579,0.00484866294446077,"HPA:0160051","HPA","Endometrium 1; glandular cells[≥Low]",10995,310
"241","white",TRUE,0.00805141945675527,6816,38,33,0.868421052631579,0.00484154929577465,"HPA:0250000","HPA","Hippocampus",10995,381
"242","white",TRUE,0.0098823198560123,8088,38,36,0.947368421052632,0.00445103857566766,"HPA:0100000","HPA","Cerebral cortex",10995,182
"243","white",TRUE,0.0120617779661437,5901,38,30,0.789473684210526,0.00508388408744281,"HPA:0060101","HPA","Bronchus; respiratory epithelial cells[≥Low]",10995,83
"244","white",TRUE,0.0124407375958794,4403,38,25,0.657894736842105,0.00567794685441744,"HPA:0360052","HPA","Parathyroid gland; glandular cells[≥Medium]",10995,523
"245","white",TRUE,0.0132828991457758,6271,38,31,0.815789473684211,0.0049433902088981,"HPA:0550052","HPA","Stomach 2; glandular cells[≥Medium]",10995,803
"246","white",TRUE,0.0136400880021363,6284,38,31,0.815789473684211,0.00493316359007002,"HPA:0290000","HPA","Liver",10995,436
"247","white",TRUE,0.0142576498976188,5040,38,27,0.710526315789474,0.00535714285714286,"HPA:0380522","HPA","Placenta; trophoblastic cells[≥Medium]",10995,552
"248","white",TRUE,0.0142576498976188,5975,38,30,0.789473684210526,0.00502092050209205,"HPA:0130052","HPA","Colon; glandular cells[≥Medium]",10995,232
"249","white",TRUE,0.0150984905220521,7817,38,35,0.921052631578947,0.00447742100550083,"HPA:0030000","HPA","Appendix",10995,22
"250","white",TRUE,0.0150984905220521,5683,38,29,0.763157894736842,0.00510293858877353,"HPA:0630051","HPA","Cervix; glandular cells[≥Low]",10995,202
"251","white",TRUE,0.0150984905220521,7043,38,33,0.868421052631579,0.00468550333664632,"HPA:0160000","HPA","Endometrium 1",10995,306
"252","white",TRUE,0.0152556537571956,6348,38,31,0.815789473684211,0.00488342785129175,"HPA:0380521","HPA","Placenta; trophoblastic cells[≥Low]",10995,551
"253","white",TRUE,0.0152556537571956,6697,38,32,0.842105263157895,0.00477825892190533,"HPA:0100131","HPA","Cerebral cortex; neuronal cells[≥Low]",10995,189
"254","white",TRUE,0.0154114286775474,4801,38,26,0.684210526315789,0.00541553842949386,"HPA:0390052","HPA","Prostate; glandular cells[≥Medium]",10995,556
"255","white",TRUE,0.0154114286775474,3960,38,23,0.605263157894737,0.00580808080808081,"HPA:0291161","HPA","Liver; cholangiocytes[≥Low]",10995,437
"256","white",TRUE,0.0162114120738615,7862,38,35,0.921052631578947,0.00445179343678453,"HPA:0480000","HPA","Small intestine",10995,740
"257","white",TRUE,0.0163834595056955,5738,38,29,0.763157894736842,0.00505402579295922,"HPA:0290401","HPA","Liver; hepatocytes[≥Low]",10995,440
"258","white",TRUE,0.0169786124576108,7884,38,35,0.921052631578947,0.00443937087772704,"HPA:0150000","HPA","Duodenum",10995,256
"259","white",TRUE,0.0175773880923727,6095,38,30,0.789473684210526,0.00492206726825267,"HPA:0150052","HPA","Duodenum; glandular cells[≥Medium]",10995,273
"260","white",TRUE,0.0175773880923727,7134,38,33,0.868421052631579,0.00462573591253154,"HPA:0570731","HPA","Testis; Leydig cells[≥Low]",10995,819
"261","white",TRUE,0.0175773880923727,6768,38,32,0.842105263157895,0.00472813238770686,"HPA:0300411","HPA","Lung; macrophages[≥Low]",10995,456
"262","white",TRUE,0.0185602399067015,4888,38,26,0.684210526315789,0.00531914893617021,"HPA:0300412","HPA","Lung; macrophages[≥Medium]",10995,457
"263","white",TRUE,0.0185602399067015,6799,38,32,0.842105263157895,0.00470657449624945,"HPA:0050051","HPA","Breast; glandular cells[≥Low]",10995,58
"264","white",TRUE,0.019121051012488,5197,38,27,0.710526315789474,0.00519530498364441,"HPA:0510000","HPA","Soft tissue 2",10995,776
"265","white",TRUE,0.0198846328021391,6152,38,30,0.789473684210526,0.00487646293888166,"HPA:0080131","HPA","Caudate; neuronal cells[≥Low]",10995,94
"266","white",TRUE,0.0211545219356869,728,38,8,0.210526315789474,0.010989010989011,"HPA:0271141","HPA","Kidney; proximal tubules (cell body)[≥Low]",10995,423
"267","white",TRUE,0.0211545219356869,567,38,7,0.184210526315789,0.0123456790123457,"HPA:0271142","HPA","Kidney; proximal tubules (cell body)[≥Medium]",10995,424
"268","white",TRUE,0.023134334348149,4122,38,23,0.605263157894737,0.00557981562348375,"HPA:0510651","HPA","Soft tissue 2; fibroblasts[≥Low]",10995,780
"269","white",TRUE,0.0240642724511495,5590,38,28,0.736842105263158,0.00500894454382826,"HPA:0590052","HPA","Thyroid gland; glandular cells[≥Medium]",10995,855
"270","white",TRUE,0.0246417897937657,5296,38,27,0.710526315789474,0.00509818731117825,"HPA:0350472","HPA","Pancreas; exocrine glandular cells[≥Medium]",10995,516
"271","white",TRUE,0.0248594858089542,5614,38,28,0.736842105263158,0.00498753117206983,"HPA:0351181","HPA","Pancreas; pancreatic endocrine cells[≥Low]",10995,518
"272","white",TRUE,0.0248594858089542,7286,38,33,0.868421052631579,0.00452923414768048,"HPA:0610000","HPA","Urinary bladder",10995,867
"273","white",TRUE,0.0248594858089542,7286,38,33,0.868421052631579,0.00452923414768048,"HPA:0610831","HPA","Urinary bladder; urothelial cells[≥Low]",10995,868
"274","white",TRUE,0.026507475909085,6952,38,32,0.842105263157895,0.0046029919447641,"HPA:0080000","HPA","Caudate",10995,90
"275","white",TRUE,0.0271799220956001,1533,38,12,0.315789473684211,0.00782778864970646,"HPA:0301371","HPA","Lung; alveolar cells type II[≥Low]",10995,450
"276","white",TRUE,0.0275622476350671,5357,38,27,0.710526315789474,0.0050401344035841,"HPA:0500000","HPA","Soft tissue 1",10995,766
"277","white",TRUE,0.0275622476350671,455,38,6,0.157894736842105,0.0131868131868132,"HPA:0471473","HPA","Skin 2; lymphocytes[High]",10995,730
"278","white",TRUE,0.0276760019181563,5362,38,27,0.710526315789474,0.00503543453935099,"HPA:0570732","HPA","Testis; Leydig cells[≥Medium]",10995,820
"279","white",TRUE,0.0281110963129064,1550,38,12,0.315789473684211,0.00774193548387097,"HPA:0360053","HPA","Parathyroid gland; glandular cells[High]",10995,524
"280","white",TRUE,0.0281110963129064,5680,38,28,0.736842105263158,0.00492957746478873,"HPA:0180052","HPA","Epididymis; glandular cells[≥Medium]",10995,322
"281","white",TRUE,0.0286205522314417,6662,38,31,0.815789473684211,0.00465325728009607,"HPA:0390000","HPA","Prostate",10995,554
"282","white",TRUE,0.0286205522314417,6662,38,31,0.815789473684211,0.00465325728009607,"HPA:0390051","HPA","Prostate; glandular cells[≥Low]",10995,555
"283","white",TRUE,0.0296271977905101,7020,38,32,0.842105263157895,0.00455840455840456,"HPA:0470000","HPA","Skin 2",10995,691
"284","white",TRUE,0.0337989525699814,7421,38,33,0.868421052631579,0.00444684004851098,"HPA:0060000","HPA","Bronchus",10995,64
"285","white",TRUE,0.0361273882903348,4882,38,25,0.657894736842105,0.00512085210979107,"HPA:0170052","HPA","Endometrium 2; glandular cells[≥Medium]",10995,318
"286","white",TRUE,0.0361273882903348,3771,38,21,0.552631578947368,0.00556881463802705,"HPA:0050092","HPA","Breast; myoepithelial cells[≥Medium]",10995,62
"287","white",TRUE,0.0363113863283312,7454,38,33,0.868421052631579,0.00442715320633217,"HPA:0210000","HPA","Fallopian tube",10995,341
"288","white",TRUE,0.0376059232580414,6115,38,29,0.763157894736842,0.00474243663123467,"HPA:0600441","HPA","Tonsil; non-germinal center cells[≥Low]",10995,861
"289","white",TRUE,0.0399850434000745,2547,38,16,0.421052631578947,0.00628190027483314,"HPA:0480053","HPA","Small intestine; glandular cells[High]",10995,755
"290","white",TRUE,0.0407596093865427,5227,38,26,0.684210526315789,0.00497417256552516,"HPA:0430052","HPA","Seminal vesicle; glandular cells[≥Medium]",10995,620
"291","white",TRUE,0.0419011683721084,6487,38,30,0.789473684210526,0.00462463388315092,"HPA:0040000","HPA","Bone marrow",10995,50
"292","white",TRUE,0.0419011683721084,6487,38,30,0.789473684210526,0.00462463388315092,"HPA:0040081","HPA","Bone marrow; hematopoietic cells[≥Low]",10995,51
"293","white",TRUE,0.0426680860910338,4671,38,24,0.631578947368421,0.00513808606294155,"HPA:0210052","HPA","Fallopian tube; glandular cells[≥Medium]",10995,355
"294","white",TRUE,0.0446234943035801,5884,38,28,0.736842105263158,0.00475866757307954,"HPA:0360051","HPA","Parathyroid gland; glandular cells[≥Low]",10995,522
"295","white",TRUE,0.0446234943035801,5884,38,28,0.736842105263158,0.00475866757307954,"HPA:0360000","HPA","Parathyroid gland",10995,521
"296","white",TRUE,0.0446234943035801,4982,38,25,0.657894736842105,0.00501806503412284,"HPA:0100132","HPA","Cerebral cortex; neuronal cells[≥Medium]",10995,190
"297","white",TRUE,0.0474282592920065,3622,38,20,0.526315789473684,0.00552181115405853,"HPA:0351182","HPA","Pancreas; pancreatic endocrine cells[≥Medium]",10995,519
"298","white",TRUE,0.0495557320636204,6246,38,29,0.763157894736842,0.00464297150176113,"HPA:0330221","HPA","Oral mucosa; squamous epithelial cells[≥Low]",10995,489
"299","white",TRUE,0.0495557320636204,6246,38,29,0.763157894736842,0.00464297150176113,"HPA:0330000","HPA","Oral mucosa",10995,488
"300","white",TRUE,0.0495557320636204,5030,38,25,0.657894736842105,0.00497017892644135,"HPA:0130241","HPA","Colon; peripheral nerve/ganglion[≥Low]",10995,240
"301","white",TRUE,5.3399713363698e-06,1550,53,21,0.39622641509434,0.0135483870967742,"MIRNA:hsa-mir-1909","MIRNA","hsa-mir-1909",16638,1434
"302","white",TRUE,0.000585090990212731,1629,53,18,0.339622641509434,0.0110497237569061,"MIRNA:hsa-mir-4498","MIRNA","hsa-mir-4498",16638,1474
"303","white",TRUE,0.000585090990212731,1634,53,18,0.339622641509434,0.011015911872705,"MIRNA:hsa-mir-762","MIRNA","hsa-mir-762",16638,1683
"304","white",TRUE,0.000585090990212731,1630,53,18,0.339622641509434,0.0110429447852761,"MIRNA:hsa-mir-4492","MIRNA","hsa-mir-4492",16638,1533
"305","white",TRUE,0.000730880076396768,284,53,8,0.150943396226415,0.028169014084507,"MIRNA:hsa-mir-4743","MIRNA","hsa-mir-4743",16638,1954
"306","white",TRUE,0.000730880076396768,2108,53,20,0.377358490566038,0.0094876660341556,"MIRNA:hsa-mir-4763-3p","MIRNA","hsa-mir-4763-3p",16638,270
"307","white",TRUE,0.000730880076396768,2108,53,20,0.377358490566038,0.0094876660341556,"MIRNA:hsa-mir-1207-5p","MIRNA","hsa-mir-1207-5p",16638,1137
"308","white",TRUE,0.00125695619477531,951,53,13,0.245283018867925,0.0136698212407992,"MIRNA:hsa-mir-2861","MIRNA","hsa-mir-2861",16638,1593
"309","white",TRUE,0.00160837576195305,833,53,12,0.226415094339623,0.014405762304922,"MIRNA:hsa-mir-296-5p","MIRNA","hsa-mir-296-5p",16638,869
"310","white",TRUE,0.00206170794018639,1349,53,15,0.283018867924528,0.011119347664937,"MIRNA:hsa-mir-4292","MIRNA","hsa-mir-4292",16638,507
"311","white",TRUE,0.0130543942063639,751,53,10,0.188679245283019,0.0133155792276964,"MIRNA:hsa-mir-4417","MIRNA","hsa-mir-4417",16638,796
"312","white",TRUE,0.0130543942063639,79,53,4,0.0754716981132075,0.0506329113924051,"MIRNA:hsa-mir-3186-3p","MIRNA","hsa-mir-3186-3p",16638,18
"313","white",TRUE,0.0130543942063639,909,53,11,0.207547169811321,0.0121012101210121,"MIRNA:hsa-mir-4721","MIRNA","hsa-mir-4721",16638,1461
"314","white",TRUE,0.0130543942063639,1618,53,15,0.283018867924528,0.00927070457354759,"MIRNA:hsa-mir-486-3p","MIRNA","hsa-mir-486-3p",16638,586
"315","white",TRUE,0.0147049599950126,957,53,11,0.207547169811321,0.0114942528735632,"MIRNA:hsa-mir-4745-5p","MIRNA","hsa-mir-4745-5p",16638,1879
"316","white",TRUE,0.0147049599950126,957,53,11,0.207547169811321,0.0114942528735632,"MIRNA:hsa-mir-4481","MIRNA","hsa-mir-4481",16638,1233
"317","white",TRUE,0.0147049599950126,162,53,5,0.0943396226415094,0.0308641975308642,"MIRNA:hsa-mir-4520a-5p","MIRNA","hsa-mir-4520a-5p",16638,1681
"318","white",TRUE,0.0147049599950126,162,53,5,0.0943396226415094,0.0308641975308642,"MIRNA:hsa-mir-4520b-5p","MIRNA","hsa-mir-4520b-5p",16638,190
"319","white",TRUE,0.0147049599950126,948,53,11,0.207547169811321,0.0116033755274262,"MIRNA:hsa-mir-1291","MIRNA","hsa-mir-1291",16638,1732
"320","white",TRUE,0.0154418906342029,1509,53,14,0.264150943396226,0.00927766732935719,"MIRNA:hsa-mir-4685-5p","MIRNA","hsa-mir-4685-5p",16638,2530
"321","white",TRUE,0.0161148665849357,387,53,7,0.132075471698113,0.0180878552971576,"MIRNA:hsa-mir-744-5p","MIRNA","hsa-mir-744-5p",16638,160
"322","white",TRUE,0.0277095862533149,1611,53,14,0.264150943396226,0.00869025450031037,"MIRNA:hsa-mir-4736","MIRNA","hsa-mir-4736",16638,2909
"323","white",TRUE,0.0358858293207377,1275,53,12,0.226415094339623,0.00941176470588235,"MIRNA:hsa-mir-4640-5p","MIRNA","hsa-mir-4640-5p",16638,2624
"324","white",TRUE,0.0358858293207377,1275,53,12,0.226415094339623,0.00941176470588235,"MIRNA:hsa-mir-4726-5p","MIRNA","hsa-mir-4726-5p",16638,1037
"325","white",TRUE,0.0369374710662798,757,53,9,0.169811320754717,0.011889035667107,"MIRNA:hsa-mir-663b","MIRNA","hsa-mir-663b",16638,1864
"326","white",TRUE,0.0377236029572554,217,53,5,0.0943396226415094,0.0230414746543779,"MIRNA:hsa-mir-3177-3p","MIRNA","hsa-mir-3177-3p",16638,1275
"327","white",TRUE,0.0377236029572554,12,53,2,0.0377358490566038,0.166666666666667,"MIRNA:hsa-mir-6770-3p","MIRNA","hsa-mir-6770-3p",16638,90
"328","white",TRUE,0.0433374361793861,1521,53,13,0.245283018867925,0.00854700854700855,"MIRNA:hsa-mir-939","MIRNA","hsa-mir-939",16638,276
"329","white",TRUE,0.0435841543343876,1942,53,15,0.283018867924528,0.00772399588053553,"MIRNA:hsa-mir-1915","MIRNA","hsa-mir-1915",16638,589
"330","white",TRUE,0.0436440968400999,1147,53,11,0.207547169811321,0.00959023539668701,"MIRNA:hsa-mir-4690-3p","MIRNA","hsa-mir-4690-3p",16638,2788
"331","white",TRUE,0.0465596925314302,1356,53,12,0.226415094339623,0.00884955752212389,"MIRNA:hsa-mir-4447","MIRNA","hsa-mir-4447",16638,1981
"332","white",TRUE,0.0465596925314302,1356,53,12,0.226415094339623,0.00884955752212389,"MIRNA:hsa-mir-4472","MIRNA","hsa-mir-4472",16638,2031
"333","white",TRUE,0.0219786173858025,21,38,3,0.0789473684210526,0.142857142857143,"REAC:R-HSA-164938","REAC","Nef-mediates down modulation of cell surface receptors by recruiting them to clathrin adapters",11004,1577
"334","white",TRUE,0.0238248779681088,27,38,3,0.0789473684210526,0.111111111111111,"REAC:R-HSA-164952","REAC","The role of Nef in HIV-1 replication and disease pathogenesis",11004,2522
"335","white",TRUE,0.0244633716968596,747,38,10,0.263157894736842,0.0133868808567604,"REAC:R-HSA-556833","REAC","Metabolism of lipids",11004,1442
"336","white",TRUE,0.0467290752459558,9,38,2,0.0526315789473684,0.222222222222222,"REAC:R-HSA-167590","REAC","Nef Mediated CD4 Down-regulation",11004,1572
"337","white",TRUE,6.41660730359025e-05,11376,55,50,0.909090909090909,0.00439521800281294,"TF:M13147","TF","Factor: ZNF253; motif: SNGNSCGNGGNGCKGNN",20092,10040
"338","white",TRUE,6.41660730359025e-05,7928,55,42,0.763636363636364,0.00529767911200807,"TF:M09826_1","TF","Factor: BTEB3; motif: CCNNSCCNSCCCCKCCCCC; match class: 1",20092,643
"339","white",TRUE,6.41660730359025e-05,8358,55,43,0.781818181818182,0.00514477147642977,"TF:M12351_1","TF","Factor: TIEG1; motif: NCCCNSNCCCCGCCCCC; match class: 1",20092,9013
"340","white",TRUE,6.44252133371743e-05,3447,55,27,0.490909090909091,0.00783289817232376,"TF:M09765_1","TF","Factor: SP1; motif: NRGKGGGCGGGGCN; match class: 1",20092,8051
"341","white",TRUE,6.44252133371743e-05,5497,55,34,0.618181818181818,0.00618519192286702,"TF:M02036_1","TF","Factor: WT1; motif: CGCCCCCNCN; match class: 1",20092,9225
"342","white",TRUE,6.44252133371743e-05,3758,55,28,0.509090909090909,0.00745077168706759,"TF:M03567_1","TF","Factor: Sp2; motif: NYSGCCCCGCCCCCY; match class: 1",20092,8095
"343","white",TRUE,6.44252133371743e-05,14026,55,54,0.981818181818182,0.00384999287038357,"TF:M07039_1","TF","Factor: ETF; motif: CCCCGCCCCYN; match class: 1",20092,2223
"344","white",TRUE,6.44252133371743e-05,1753,55,19,0.345454545454545,0.0108385624643468,"TF:M09606_1","TF","Factor: nerf; motif: NRRNSCGGAAGNRNNNN; match class: 1",20092,1777
"345","white",TRUE,0.000100302450132702,7258,55,39,0.709090909090909,0.00537338109672086,"TF:M08309_1","TF","Factor: GCMa:Elk-1; motif: RTGNGGGCGGAAGNN; match class: 1",20092,3153
"346","white",TRUE,0.000115042802107355,4791,55,31,0.563636363636364,0.00647046545606345,"TF:M10071_1","TF","Factor: Sp1; motif: NGGGGGCGGGGCCNGGGGGGGG; match class: 1",20092,8053
"347","white",TRUE,0.000115042802107355,14371,55,54,0.981818181818182,0.00375756732308121,"TF:M09894_1","TF","Factor: E2F-4; motif: SNGGGCGGGAANN; match class: 1",20092,1551
"348","white",TRUE,0.000140460528331429,6817,55,37,0.672727272727273,0.00542760745195834,"TF:M13147_1","TF","Factor: ZNF253; motif: SNGNSCGNGGNGCKGNN; match class: 1",20092,10041
"349","white",TRUE,0.000140460528331429,15301,55,55,1,0.00359453630481668,"TF:M10438_1","TF","Factor: ZF5; motif: GGSGCGCGS; match class: 1",20092,9479
"350","white",TRUE,0.000140460528331429,6467,55,36,0.654545454545455,0.00556672336477501,"TF:M10072_1","TF","Factor: sp4; motif: NNGNARGRGGCGGRGCNNRR; match class: 1",20092,8111
"351","white",TRUE,0.000140460528331429,9395,55,44,0.8,0.00468334220329963,"TF:M03876_1","TF","Factor: Kaiso; motif: GCMGGGRGCRGS; match class: 1",20092,4679
"352","white",TRUE,0.000140460528331429,6127,55,35,0.636363636363636,0.00571242043414395,"TF:M00931_1","TF","Factor: Sp1; motif: GGGGCGGGGC; match class: 1",20092,8073
"353","white",TRUE,0.000140460528331429,12609,55,51,0.927272727272727,0.00404472995479419,"TF:M12351","TF","Factor: TIEG1; motif: NCCCNSNCCCCGCCCCC",20092,9012
"354","white",TRUE,0.000140460528331429,6142,55,35,0.636363636363636,0.00569846955389124,"TF:M00196_1","TF","Factor: Sp1; motif: NGGGGGCGGGGYN; match class: 1",20092,8071
"355","white",TRUE,0.000149894002955268,14603,55,54,0.981818181818182,0.00369787030062316,"TF:M00986","TF","Factor: Churchill; motif: CGGGNN",20092,854
"356","white",TRUE,0.000151624896796026,4691,55,30,0.545454545454545,0.00639522489874227,"TF:M00915_1","TF","Factor: AP-2; motif: SNNNCCNCAGGCN; match class: 1",20092,161
"357","white",TRUE,0.000151624896796026,10751,55,47,0.854545454545454,0.0043716863547577,"TF:M00695","TF","Factor: ETF; motif: GVGGMGG",20092,2220
"358","white",TRUE,0.000166028432027654,6590,55,36,0.654545454545455,0.00546282245827011,"TF:M07395_1","TF","Factor: Sp1; motif: NGGGGCGGGGN; match class: 1",20092,8065
"359","white",TRUE,0.000166028432027654,4754,55,30,0.545454545454545,0.00631047538914598,"TF:M01857_1","TF","Factor: AP-2alpha; motif: NGCCYSNNGSN; match class: 1",20092,139
"360","white",TRUE,0.000166028432027654,14006,55,53,0.963636363636364,0.0037840925317721,"TF:M08209","TF","Factor: E2F-3:FOXO6; motif: NAATGACACGCGCCCMC",20092,1518
"361","white",TRUE,0.000166028432027654,9932,55,45,0.818181818181818,0.00453080950463149,"TF:M08313_1","TF","Factor: GCMa:PEA3; motif: ATRCGGGCGGAAGTR; match class: 1",20092,3163
"362","white",TRUE,0.000166028432027654,6274,55,35,0.636363636363636,0.00557857825948358,"TF:M00932_1","TF","Factor: Sp1; motif: NNGGGGCGGGGNN; match class: 1",20092,8069
"363","white",TRUE,0.000180661386493057,1628,55,17,0.309090909090909,0.0104422604422604,"TF:M11419_1","TF","Factor: ER81; motif: NNCCGGAWGYN; match class: 1",20092,2013
"364","white",TRUE,0.000180661386493057,10892,55,47,0.854545454545454,0.00431509364671318,"TF:M12722","TF","Factor: ZXDL; motif: GSGSCNNGGGMRGCNCCGGGS",20092,11990
"365","white",TRUE,0.000200934270496626,8463,55,41,0.745454545454545,0.00484461774784355,"TF:M10530","TF","Factor: sp4; motif: NNNGCYCCGCCCCCY",20092,8112
"366","white",TRUE,0.000200934270496626,4538,55,29,0.527272727272727,0.00639048038783605,"TF:M12666_1","TF","Factor: SP1; motif: GGCCCCGCCCCCN; match class: 1",20092,8061
"367","white",TRUE,0.000225573080023566,9690,55,44,0.8,0.00454076367389061,"TF:M02089_1","TF","Factor: E2F-3; motif: GGCGGGN; match class: 1",20092,1537
"368","white",TRUE,0.000229668183855356,13582,55,52,0.945454545454545,0.00382859667206597,"TF:M00803","TF","Factor: E2F; motif: GGCGSG",20092,1590
"369","white",TRUE,0.000229668183855356,3250,55,24,0.436363636363636,0.00738461538461538,"TF:M01858_1","TF","Factor: AP-2beta; motif: GCNNNGGSCNGVGGGN; match class: 1",20092,141
"370","white",TRUE,0.000229668183855356,13581,55,52,0.945454545454545,0.00382887858036963,"TF:M02089","TF","Factor: E2F-3; motif: GGCGGGN",20092,1536
"371","white",TRUE,0.000229668183855356,11988,55,49,0.890909090909091,0.00408742075408742,"TF:M09826","TF","Factor: BTEB3; motif: CCNNSCCNSCCCCKCCCCC",20092,642
"372","white",TRUE,0.000229668183855356,3269,55,24,0.436363636363636,0.00734169470786173,"TF:M12600_1","TF","Factor: ELF1; motif: NNNASCCGGAAGTGGNNNN; match class: 1",20092,1765
"373","white",TRUE,0.000229668183855356,8557,55,41,0.745454545454545,0.00479139885473881,"TF:M03893","TF","Factor: WT1; motif: GNGGGGGCGGGG",20092,9226
"374","white",TRUE,0.000254806549244334,4355,55,28,0.509090909090909,0.00642939150401837,"TF:M03807_1","TF","Factor: SP2; motif: GNNGGGGGCGGGGSN; match class: 1",20092,8097
"375","white",TRUE,0.000276358269901288,830,55,12,0.218181818181818,0.0144578313253012,"TF:M10121_1","TF","Factor: ZFX; motif: SNAGGCCNCR; match class: 1",20092,9601
"376","white",TRUE,0.000276358269901288,14996,55,54,0.981818181818182,0.00360096025606828,"TF:M07206","TF","Factor: E2F-1; motif: NGGGCGGGARV",20092,1476
"377","white",TRUE,0.000276358269901288,15000,55,54,0.981818181818182,0.0036,"TF:M11530","TF","Factor: E2F-2; motif: NWTTTGGCGCCAWWNN",20092,1508
"378","white",TRUE,0.000287454970957125,9070,55,42,0.763636363636364,0.00463065049614112,"TF:M08487_1","TF","Factor: GCMa:Erg; motif: ATGCGGGCGGAARKG; match class: 1",20092,3159
"379","white",TRUE,0.000287454970957125,6225,55,34,0.618181818181818,0.00546184738955823,"TF:M03922","TF","Factor: SP4; motif: NWRGCCACGCCCMCTYN",20092,8108
"380","white",TRUE,0.000287454970957125,10721,55,46,0.836363636363636,0.00429064452942822,"TF:M00986_1","TF","Factor: Churchill; motif: CGGGNN; match class: 1",20092,855
"381","white",TRUE,0.000287454970957125,10304,55,45,0.818181818181818,0.00436723602484472,"TF:M12173","TF","Factor: GKLF; motif: NNCCMCRCCCN",20092,4738
"382","white",TRUE,0.000287454970957125,9077,55,42,0.763636363636364,0.00462707943153024,"TF:M03811","TF","Factor: AP-2gamma; motif: GCCYNCRGSN",20092,148
"383","white",TRUE,0.000287454970957125,9452,55,43,0.781818181818182,0.00454930173508252,"TF:M01857","TF","Factor: AP-2alpha; motif: NGCCYSNNGSN",20092,138
"384","white",TRUE,0.000287454970957125,15883,55,55,1,0.00346282188503431,"TF:M08207_1","TF","Factor: E2F-3:TBR2; motif: ANGTGYKANGGCGCSTTNNCRNNT; match class: 1",20092,1515
"385","white",TRUE,0.000289207143774389,5012,55,30,0.545454545454545,0.00598563447725459,"TF:M13031_1","TF","Factor: ETV4; motif: ACCGGAAGTN; match class: 1",20092,2347
"386","white",TRUE,0.000308726132272381,10337,55,45,0.818181818181818,0.00435329399245429,"TF:M08867","TF","Factor: AP2; motif: GCCYGSGGSN",20092,156
"387","white",TRUE,0.000361848362613091,2911,55,22,0.4,0.00755754036413604,"TF:M11424_1","TF","Factor: Erm; motif: NNSCGGAWGYN; match class: 1",20092,2111
"388","white",TRUE,0.000398356665896835,10858,55,46,0.836363636363636,0.00423650764413336,"TF:M10072","TF","Factor: sp4; motif: NNGNARGRGGCGGRGCNNRR",20092,8110
"389","white",TRUE,0.000415475132516512,9228,55,42,0.763636363636364,0.00455136540962289,"TF:M00428","TF","Factor: E2F-1; motif: NKTSSCGC",20092,1484
"390","white",TRUE,0.000415475132516512,14521,55,53,0.963636363636364,0.00364988637146202,"TF:M09636_1","TF","Factor: MAZ; motif: GGGMGGGGSSGGGGGGGGGGGG; match class: 1",20092,5147
"391","white",TRUE,0.000415475132516512,8089,55,39,0.709090909090909,0.00482136234392385,"TF:M00982","TF","Factor: KROX; motif: CCCGCCCCCRCCCC",20092,4766
"392","white",TRUE,0.000415475132516512,7030,55,36,0.654545454545455,0.00512091038406828,"TF:M01219","TF","Factor: SP1:SP3; motif: CCSCCCCCYCC",20092,8036
"393","white",TRUE,0.000423366230237718,14532,55,53,0.963636363636364,0.00364712358932012,"TF:M00716_1","TF","Factor: ZF5; motif: GSGCGCGR; match class: 1",20092,9475
"394","white",TRUE,0.000429001128188976,7058,55,36,0.654545454545455,0.00510059506942477,"TF:M07329","TF","Factor: Osx; motif: CCNCCCCCNNN",20092,6400
"395","white",TRUE,0.000439958933980794,10071,55,44,0.8,0.00436898024029391,"TF:M02036","TF","Factor: WT1; motif: CGCCCCCNCN",20092,9224
"396","white",TRUE,0.000482017236007634,16106,55,55,1,0.00341487644356141,"TF:M12599_1","TF","Factor: E2F4; motif: YCCCGCCNCNNSSNNSNN; match class: 1",20092,1555
"397","white",TRUE,0.000529538812745062,10993,55,46,0.836363636363636,0.00418448103338488,"TF:M07395","TF","Factor: Sp1; motif: NGGGGCGGGGN",20092,8064
"398","white",TRUE,0.000532570428232931,3014,55,22,0.4,0.0072992700729927,"TF:M11434_1","TF","Factor: Elk-1; motif: NRSCGGAAGNN; match class: 1",20092,1903
"399","white",TRUE,0.000533017877370897,8951,55,41,0.745454545454545,0.00458049379957547,"TF:M12666","TF","Factor: SP1; motif: GGCCCCGCCCCCN",20092,8060
"400","white",TRUE,0.000541629779733146,10583,55,45,0.818181818181818,0.00425210242842294,"TF:M00196","TF","Factor: Sp1; motif: NGGGGGCGGGGYN",20092,8070
"401","white",TRUE,0.000541629779733146,1470,55,15,0.272727272727273,0.0102040816326531,"TF:M13119_1","TF","Factor: ZBTB11; motif: RCTTCCGGNNSNNNN; match class: 1",20092,9329
"402","white",TRUE,0.000598768250481472,8248,55,39,0.709090909090909,0.00472841901066925,"TF:M07380_1","TF","Factor: E2F-4; motif: NTTTCSCGCC; match class: 1",20092,1557
"403","white",TRUE,0.000622138237175323,3057,55,22,0.4,0.00719659797186784,"TF:M09905_1","TF","Factor: SAP-1; motif: NNCCGGAAGTGN; match class: 1",20092,1933
"404","white",TRUE,0.000622138237175323,6208,55,33,0.6,0.00531572164948454,"TF:M11419","TF","Factor: ER81; motif: NNCCGGAWGYN",20092,2012
"405","white",TRUE,0.000622138237175323,9813,55,43,0.781818181818182,0.00438194232141037,"TF:M00427","TF","Factor: E2F; motif: TTTSGCGS",20092,1604
"406","white",TRUE,0.000625706169914614,10234,55,44,0.8,0.00429939417627516,"TF:M11478","TF","Factor: AP-2beta; motif: NSCCNNNGGSN",20092,8804
"407","white",TRUE,0.000625706169914614,13530,55,51,0.927272727272727,0.00376940133037694,"TF:M00144","TF","Factor: Pax-5; motif: RRMSWGANWYCTNRAGCGKRACSRYNSM",20092,6570
"408","white",TRUE,0.000649200340518536,15421,55,54,0.981818181818182,0.0035017184358991,"TF:M08526_1","TF","Factor: E2F-3:HES-7; motif: NNNSGCGCSNNNNNCRCGYGNN; match class: 1",20092,1521
"409","white",TRUE,0.000664109668447544,13560,55,51,0.927272727272727,0.00376106194690265,"TF:M11603_1","TF","Factor: TCF-1; motif: ACATCGRGRCGCTGW; match class: 1",20092,8633
"410","white",TRUE,0.000712310521007758,7968,55,38,0.690909090909091,0.00476907630522088,"TF:M09970","TF","Factor: KLF3; motif: NNNNNNGGGCGGGGCNNGN",20092,4724
"411","white",TRUE,0.000712859960165911,12550,55,49,0.890909090909091,0.00390438247011952,"TF:M04515_1","TF","Factor: E2F-1; motif: WWTGGCGCCAAA; match class: 1",20092,1473
"412","white",TRUE,0.000751869054117627,6945,55,35,0.636363636363636,0.00503959683225342,"TF:M01873","TF","Factor: Egr-1; motif: GCGGGGGCGG",20092,1674
"413","white",TRUE,0.000772530144939465,11183,55,46,0.836363636363636,0.00411338639005634,"TF:M02064","TF","Factor: c-ets-2; motif: ACCGGAWRTN",20092,842
"414","white",TRUE,0.000775725875706524,10337,55,44,0.8,0.00425655412595531,"TF:M09723","TF","Factor: BTEB1; motif: GGGGGCGGGGCNGSGGGNGS",20092,628
"415","white",TRUE,0.000775725875706524,13104,55,50,0.909090909090909,0.00381562881562882,"TF:M08441_1","TF","Factor: AP-2gamma:Elk-1; motif: NGCCKNRGGSGRCGGAAGTG; match class: 1",20092,8815
"416","white",TRUE,0.000775725875706524,11189,55,46,0.836363636363636,0.00411118062382697,"TF:M07084","TF","Factor: E2F-4; motif: NGGCGGGAARN",20092,1548
"417","white",TRUE,0.000780115436644348,12603,55,49,0.890909090909091,0.00388796318336904,"TF:M13127","TF","Factor: HA95; motif: CCSNSSCCNSCNCCWSCCNS",20092,3432
"418","white",TRUE,0.000800697632059652,8032,55,38,0.690909090909091,0.00473107569721116,"TF:M08209_1","TF","Factor: E2F-3:FOXO6; motif: NAATGACACGCGCCCMC; match class: 1",20092,1519
"419","white",TRUE,0.000829461710700858,13137,55,50,0.909090909090909,0.00380604399786862,"TF:M04823","TF","Factor: E2F-4; motif: NNTTCCCGCCNN",20092,1546
"420","white",TRUE,0.000883184971579812,3958,55,25,0.454545454545455,0.00631632137443153,"TF:M13366_1","TF","Factor: ZBED4; motif: CCCGCYCCGC; match class: 1",20092,9311
"421","white",TRUE,0.00092508960119682,10000,55,43,0.781818181818182,0.0043,"TF:M04109","TF","Factor: RUNX3; motif: NRACCGCAAACCGCAN",20092,7574
"422","white",TRUE,0.000959911883502473,7048,55,35,0.636363636363636,0.00496594778660613,"TF:M12151","TF","Factor: Sp1; motif: NWRGCCMCGCCCMCN",20092,8056
"423","white",TRUE,0.000994692498189112,14924,55,53,0.963636363636364,0.00355132672205843,"TF:M11529_1","TF","Factor: E2F-2; motif: GCGCGCGCNCS; match class: 1",20092,1507
"424","white",TRUE,0.000998569755716547,5760,55,31,0.563636363636364,0.00538194444444444,"TF:M13135","TF","Factor: SP4; motif: GGCCCCGCCCCCN",20092,8114
"425","white",TRUE,0.00100388024804153,11763,55,47,0.854545454545454,0.00399557935900706,"TF:M11882_1","TF","Factor: pax-6; motif: NYACGCNYSANYGMNCN; match class: 1",20092,6597
"426","white",TRUE,0.00106178896609369,2718,55,20,0.363636363636364,0.00735835172921266,"TF:M12554","TF","Factor: YY2; motif: NNATGGCGGCN",20092,9292
"427","white",TRUE,0.00106178896609369,6102,55,32,0.581818181818182,0.00524418223533268,"TF:M12227_1","TF","Factor: ZIC4; motif: NNCCNCCCRYNGYGN; match class: 1",20092,9633
"428","white",TRUE,0.00109307133632176,4590,55,27,0.490909090909091,0.00588235294117647,"TF:M02071_1","TF","Factor: ETV7; motif: NCCGGAANNN; match class: 1",20092,2391
"429","white",TRUE,0.00124025968163353,15697,55,54,0.981818181818182,0.00344014779894247,"TF:M08525_1","TF","Factor: E2F-1:HES-7; motif: GGCRCGTGSYNNWNGGCGCSM; match class: 1",20092,1471
"430","white",TRUE,0.00125429343846071,16523,55,55,1,0.00332869333656116,"TF:M00716","TF","Factor: ZF5; motif: GSGCGCGR",20092,9474
"431","white",TRUE,0.00125429343846071,3789,55,24,0.436363636363636,0.0063341250989707,"TF:M07354_1","TF","Factor: Egr-1; motif: GCGGGGGCGG; match class: 1",20092,1673
"432","white",TRUE,0.0012570426492361,11410,55,46,0.836363636363636,0.00403155127081507,"TF:M00425","TF","Factor: E2F; motif: TTTCGCGC",20092,1592
"433","white",TRUE,0.00133951122473818,3808,55,24,0.436363636363636,0.00630252100840336,"TF:M00187","TF","Factor: USF; motif: GYCACGTGNC",20092,9138
"434","white",TRUE,0.00140403827861945,9382,55,41,0.745454545454545,0.00437007034747389,"TF:M12186","TF","Factor: BTEB4; motif: NCCACGCCCM",20092,4714
"435","white",TRUE,0.00152126497101504,12890,55,49,0.890909090909091,0.00380139643134213,"TF:M08208","TF","Factor: E2F-3:FOXI1; motif: NGACACCGCGCCCAC",20092,1516
"436","white",TRUE,0.00152126497101504,3055,55,21,0.381818181818182,0.00687397708674304,"TF:M00466","TF","Factor: HIF1; motif: NGTACGTGCNGB",20092,3556
"437","white",TRUE,0.00152126497101504,10623,55,44,0.8,0.00414195613291914,"TF:M00931","TF","Factor: Sp1; motif: GGGGCGGGGC",20092,8072
"438","white",TRUE,0.00163345902229643,8313,55,38,0.690909090909091,0.00457115361482016,"TF:M12160_1","TF","Factor: KLF15; motif: RCCMCRCCCMCN; match class: 1",20092,4705
"439","white",TRUE,0.00169285179611266,16645,55,55,1,0.00330429558425954,"TF:M09894","TF","Factor: E2F-4; motif: SNGGGCGGGAANN",20092,1550
"440","white",TRUE,0.00169285179611266,8702,55,39,0.709090909090909,0.00448172833831303,"TF:M03807","TF","Factor: SP2; motif: GNNGGGGGCGGGGSN",20092,8096
"441","white",TRUE,0.00169285179611266,7613,55,36,0.654545454545455,0.00472875344804939,"TF:M08523_1","TF","Factor: E2F-1:TBR2; motif: NGGTGNNANGGCGCNNTNNCRNNN; match class: 1",20092,1467
"442","white",TRUE,0.00170653786589116,16651,55,55,1,0.00330310491862351,"TF:M10438","TF","Factor: ZF5; motif: GGSGCGCGS",20092,9478
"443","white",TRUE,0.00181245608333508,3626,55,23,0.418181818181818,0.0063430777716492,"TF:M13032_1","TF","Factor: ETV5; motif: ACCGGAAGTN; match class: 1",20092,2383
"444","white",TRUE,0.0018452695599523,7661,55,36,0.654545454545455,0.00469912544054301,"TF:M01858","TF","Factor: AP-2beta; motif: GCNNNGGSCNGVGGGN",20092,140
"445","white",TRUE,0.0018452695599523,5364,55,29,0.527272727272727,0.00540641312453393,"TF:M00933_1","TF","Factor: Sp1; motif: CCCCGCCCCN; match class: 1",20092,8063
"446","white",TRUE,0.0018452695599523,2141,55,17,0.309090909090909,0.00794021485287249,"TF:M09658_1","TF","Factor: Sp2; motif: GGSNNGGGGGCGGGGCCNGNGS; match class: 1",20092,8085
"447","white",TRUE,0.0018452695599523,3910,55,24,0.436363636363636,0.0061381074168798,"TF:M09970_1","TF","Factor: KLF3; motif: NNNNNNGGGCGGGGCNNGN; match class: 1",20092,4725
"448","white",TRUE,0.00201220748734898,16718,55,55,1,0.00328986720899629,"TF:M11529","TF","Factor: E2F-2; motif: GCGCGCGCNCS",20092,1506
"449","white",TRUE,0.00201220748734898,10766,55,44,0.8,0.00408694036782463,"TF:M00932","TF","Factor: Sp1; motif: NNGGGGCGGGGNN",20092,8068
"450","white",TRUE,0.00201220748734898,6343,55,32,0.581818181818182,0.0050449314204635,"TF:M01973","TF","Factor: PLAG1; motif: CCCCCKWNNNGGSCCC",20092,6826
"451","white",TRUE,0.00201220748734898,4796,55,27,0.490909090909091,0.00562969140950792,"TF:M03977_1","TF","Factor: ETS1; motif: ACCGGAARYN; match class: 1",20092,2225
"452","white",TRUE,0.00201220748734898,8783,55,39,0.709090909090909,0.0044403962199704,"TF:M10071","TF","Factor: Sp1; motif: NGGGGGCGGGGCCNGGGGGGGG",20092,8052
"453","white",TRUE,0.0020433498075527,6035,55,31,0.563636363636364,0.00513670256835128,"TF:M12313","TF","Factor: ZNF460; motif: NNACNCCCCCCNN",20092,10648
"454","white",TRUE,0.0020433498075527,7714,55,36,0.654545454545455,0.00466683951257454,"TF:M09765","TF","Factor: SP1; motif: NRGKGGGCGGGGCN",20092,8050
"455","white",TRUE,0.0020433498075527,3409,55,22,0.4,0.00645350542681138,"TF:M09968","TF","Factor: KLF15; motif: RGGGMGGRGNNGGGGGNGG",20092,4696
"456","white",TRUE,0.0020433498075527,13047,55,49,0.890909090909091,0.00375565264045374,"TF:M08309","TF","Factor: GCMa:Elk-1; motif: RTGNGGGCGGAAGNN",20092,3152
"457","white",TRUE,0.00212083994408463,8449,55,38,0.690909090909091,0.00449757367735827,"TF:M13124_1","TF","Factor: ZNF670; motif: SNGGGCRGRG; match class: 1",20092,11253
"458","white",TRUE,0.00216280534575335,4536,55,26,0.472727272727273,0.00573192239858906,"TF:M00025_1","TF","Factor: Elk-1; motif: NNNNCCGGAARTNN; match class: 1",20092,1885
"459","white",TRUE,0.00221944434242215,12133,55,47,0.854545454545454,0.003873732794857,"TF:M11075","TF","Factor: Sohlh2; motif: NNCACGTGNN",20092,7868
"460","white",TRUE,0.00235713073654889,5460,55,29,0.527272727272727,0.00531135531135531,"TF:M09658","TF","Factor: Sp2; motif: GGSNNGGGGGCGGGGCCNGNGS",20092,8084
"461","white",TRUE,0.00235916192279482,16800,55,55,1,0.00327380952380952,"TF:M07039","TF","Factor: ETF; motif: CCCCGCCCCYN",20092,2222
"462","white",TRUE,0.00235916192279482,6420,55,32,0.581818181818182,0.00498442367601246,"TF:M01045","TF","Factor: AP-2alphaA; motif: ANNGCCTNAGGSNNT",20092,132
"463","white",TRUE,0.00235916192279482,2443,55,18,0.327272727272727,0.0073679901760131,"TF:M07415_1","TF","Factor: Elf-1; motif: AWCCCGGAAGTN; match class: 1",20092,1741
"464","white",TRUE,0.0023623520445405,13118,55,49,0.890909090909091,0.00373532550693703,"TF:M13124","TF","Factor: ZNF670; motif: SNGGGCRGRG",20092,11252
"465","white",TRUE,0.00238633754456105,4287,55,25,0.454545454545455,0.00583158385817588,"TF:M01593","TF","Factor: Zfx; motif: SNSCAGGCCKCGSCSS",20092,9596
"466","white",TRUE,0.00240875315993168,1557,55,14,0.254545454545455,0.00899165061014772,"TF:M12601_1","TF","Factor: ELF4; motif: NCCACTTCCGGNNNN; match class: 1",20092,1825
"467","white",TRUE,0.00240875315993168,4013,55,24,0.436363636363636,0.00598056316969848,"TF:M04109_1","TF","Factor: RUNX3; motif: NRACCGCAAACCGCAN; match class: 1",20092,7575
"468","white",TRUE,0.00240875315993168,6433,55,32,0.581818181818182,0.00497435100264262,"TF:M11022_1","TF","Factor: IRX2a; motif: ACRYGNNNNACRYGT; match class: 1",20092,4539
"469","white",TRUE,0.00250159603155703,2957,55,20,0.363636363636364,0.00676361176868448,"TF:M09913","TF","Factor: ER81; motif: NNCCGGAAGYG",20092,2008
"470","white",TRUE,0.00264090499580874,13676,55,50,0.909090909090909,0.00365603977771278,"TF:M11531","TF","Factor: E2F-2; motif: GCGCGCGCGYW",20092,1510
"471","white",TRUE,0.00268295920622464,2012,55,16,0.290909090909091,0.00795228628230616,"TF:M02069_1","TF","Factor: Erm; motif: ACCGGAAGTN; match class: 1",20092,2103
"472","white",TRUE,0.00272705083922739,6483,55,32,0.581818181818182,0.00493598642603733,"TF:M07129","TF","Factor: Sp2; motif: GYCCCGCCYCYNNNN",20092,8082
"473","white",TRUE,0.00277306493387923,7854,55,36,0.654545454545455,0.00458365164247517,"TF:M11433","TF","Factor: Elk-1; motif: NRCCGGAAGTN",20092,1900
"474","white",TRUE,0.00277655391110277,9330,55,40,0.727272727272727,0.00428724544480171,"TF:M01721","TF","Factor: PUR1; motif: GGGNCAGNN",20092,7234
"475","white",TRUE,0.00278462895011298,12719,55,48,0.872727272727273,0.00377388159446497,"TF:M11531_1","TF","Factor: E2F-2; motif: GCGCGCGCGYW; match class: 1",20092,1511
"476","white",TRUE,0.00290394136103977,10540,55,43,0.781818181818182,0.00407969639468691,"TF:M00803_1","TF","Factor: E2F; motif: GGCGSG; match class: 1",20092,1591
"477","white",TRUE,0.00290394136103977,2502,55,18,0.327272727272727,0.00719424460431655,"TF:M01078_1","TF","Factor: c-Ets-1; motif: NNNRCCGGAWRYNNNN; match class: 1",20092,837
"478","white",TRUE,0.00291025976200162,13729,55,50,0.909090909090909,0.00364192585038969,"TF:M04515","TF","Factor: E2F-1; motif: WWTGGCGCCAAA",20092,1472
"479","white",TRUE,0.00296214795743978,5255,55,28,0.509090909090909,0.00532825880114177,"TF:M01660_1","TF","Factor: GABP-alpha; motif: CTTCCK; match class: 1",20092,2993
"480","white",TRUE,0.0029919256227427,6860,55,33,0.6,0.00481049562682216,"TF:M09973_1","TF","Factor: CPBP; motif: GNNRGGGHGGGGNNGGGRN; match class: 1",20092,967
"481","white",TRUE,0.00300329662322306,6205,55,31,0.563636363636364,0.00499597099113618,"TF:M09723_1","TF","Factor: BTEB1; motif: GGGGGCGGGGCNGSGGGNGS; match class: 1",20092,629
"482","white",TRUE,0.00302500551877522,5889,55,30,0.545454545454545,0.00509424350483953,"TF:M11435_1","TF","Factor: Elk-1; motif: NNCCGGAAGTN; match class: 1",20092,1905
"483","white",TRUE,0.00302845337562313,7561,55,35,0.636363636363636,0.00462901732575056,"TF:M12152","TF","Factor: Sp1; motif: NWRGCCACGCCCMCN",20092,8058
"484","white",TRUE,0.00302845337562313,10580,55,43,0.781818181818182,0.00406427221172023,"TF:M01104","TF","Factor: MOVO-B; motif: GNGGGGG",20092,5404
"485","white",TRUE,0.00302845337562313,9381,55,40,0.727272727272727,0.0042639377465089,"TF:M00800","TF","Factor: AP-2; motif: GSCCSCRGGCNRNRNN",20092,154
"486","white",TRUE,0.00302845337562313,2522,55,18,0.327272727272727,0.00713719270420301,"TF:M07129_1","TF","Factor: Sp2; motif: GYCCCGCCYCYNNNN; match class: 1",20092,8083
"487","white",TRUE,0.00302845337562313,4097,55,24,0.436363636363636,0.00585794483768611,"TF:M10121","TF","Factor: ZFX; motif: SNAGGCCNCR",20092,9600
"488","white",TRUE,0.00304337055723658,2772,55,19,0.345454545454545,0.00685425685425685,"TF:M01873_1","TF","Factor: Egr-1; motif: GCGGGGGCGG; match class: 1",20092,1675
"489","white",TRUE,0.00304945630563917,14860,55,52,0.945454545454545,0.00349932705248991,"TF:M08205","TF","Factor: E2F-1:Elk-1; motif: SGCGCSNNAMCGGAAGT",20092,1464
"490","white",TRUE,0.00306537136697831,4394,55,25,0.454545454545455,0.00568957669549386,"TF:M00800_1","TF","Factor: AP-2; motif: GSCCSCRGGCNRNRNN; match class: 1",20092,155
"491","white",TRUE,0.00316089370519482,9413,55,40,0.727272727272727,0.00424944226070328,"TF:M01783","TF","Factor: SP2; motif: GGGCGGGAC",20092,8074
"492","white",TRUE,0.00317165806480067,5298,55,28,0.509090909090909,0.00528501321253303,"TF:M09732","TF","Factor: RFX3; motif: NYNCCMTGGCAACM",20092,7430
"493","white",TRUE,0.00317946767395935,7249,55,34,0.618181818181818,0.00469030211063595,"TF:M00695_1","TF","Factor: ETF; motif: GVGGMGG; match class: 1",20092,2221
"494","white",TRUE,0.00317946767395935,2303,55,17,0.309090909090909,0.00738167607468519,"TF:M04193","TF","Factor: TFE3; motif: NNCACGTGAY",20092,8894
"495","white",TRUE,0.00317946767395935,14324,55,51,0.927272727272727,0.00356045797263334,"TF:M08487","TF","Factor: GCMa:Erg; motif: ATGCGGGCGGAARKG",20092,3158
"496","white",TRUE,0.00317946767395935,12348,55,47,0.854545454545454,0.00380628441852932,"TF:M03978","TF","Factor: ETS1; motif: GCCGGAWGTACTTCCGGN",20092,2226
"497","white",TRUE,0.00322358693835799,3050,55,20,0.363636363636364,0.00655737704918033,"TF:M03791","TF","Factor: GABPalpha_GABPbeta; motif: CTTCCKGY",20092,2972
"498","white",TRUE,0.00323859441409199,7959,55,36,0.654545454545455,0.00452318130418394,"TF:M03567","TF","Factor: Sp2; motif: NYSGCCCCGCCCCCY",20092,8094
"499","white",TRUE,0.00323859441409199,5941,55,30,0.545454545454545,0.00504965494024575,"TF:M09605","TF","Factor: Elf-1; motif: NAANCMGGAAGTGN",20092,1742
"500","white",TRUE,0.00323935944716487,3055,55,20,0.363636363636364,0.00654664484451719,"TF:M01219_1","TF","Factor: SP1:SP3; motif: CCSCCCCCYCC; match class: 1",20092,8037
"501","white",TRUE,0.00325291187672102,2314,55,17,0.309090909090909,0.00734658599827139,"TF:M12508_1","TF","Factor: EGR1; motif: NNMCGCCCACGCNN; match class: 1",20092,1671
"502","white",TRUE,0.00325291187672102,5018,55,27,0.490909090909091,0.00538062973296134,"TF:M11430_1","TF","Factor: PEA3; motif: NACCGGAAGTN; match class: 1",20092,6703
"503","white",TRUE,0.00329972056329311,3867,55,23,0.418181818181818,0.00594776312386863,"TF:M04110_1","TF","Factor: RUNX3; motif: NRACCGCANWAACCRCAN; match class: 1",20092,7577
"504","white",TRUE,0.00348121686785643,6621,55,32,0.581818181818182,0.00483310678145295,"TF:M12508","TF","Factor: EGR1; motif: NNMCGCCCACGCNN",20092,1670
"505","white",TRUE,0.00350150834274419,3342,55,21,0.381818181818182,0.00628366247755835,"TF:M11415","TF","Factor: GABP-alpha; motif: NRCCGGAAGTN",20092,2988
"506","white",TRUE,0.00350150834274419,4746,55,26,0.472727272727273,0.00547829751369574,"TF:M09969","TF","Factor: EKLF; motif: NGGGYGKGGCNNGG",20092,1728
"507","white",TRUE,0.0035277653756369,2577,55,18,0.327272727272727,0.0069848661233993,"TF:M12183_1","TF","Factor: KLF14; motif: NRCCACRCCCMCN; match class: 1",20092,4693
"508","white",TRUE,0.00369844743812536,3094,55,20,0.363636363636364,0.00646412411118293,"TF:M08307_1","TF","Factor: GCMa:Elf-1; motif: NRCCCGCACGGAAGTN; match class: 1",20092,3151
"509","white",TRUE,0.00376030862835696,5380,55,28,0.509090909090909,0.00520446096654275,"TF:M03990","TF","Factor: GABPA; motif: ACCGGAAGTN",20092,2976
"510","white",TRUE,0.00376030862835696,5072,55,27,0.490909090909091,0.00532334384858044,"TF:M11396_1","TF","Factor: Erg; motif: NACCGGAARTN; match class: 1",20092,2095
"511","white",TRUE,0.00376030862835696,2846,55,19,0.345454545454545,0.00667603654251581,"TF:M11437","TF","Factor: SAP-1; motif: NRCCGGAWGYN",20092,1936
"512","white",TRUE,0.00376030862835696,1668,55,14,0.254545454545455,0.00839328537170264,"TF:M04571","TF","Factor: TFEC; motif: RNCACRTGAY",20092,8916
"513","white",TRUE,0.00376030862835696,11552,55,45,0.818181818181818,0.00389542936288089,"TF:M08377","TF","Factor: meis1:Elf-1; motif: NTGCCGGAAGTN",20092,5248
"514","white",TRUE,0.00380339821248362,8769,55,38,0.690909090909091,0.00433344737142206,"TF:M07277","TF","Factor: BTEB2; motif: RGGGNGKGGN",20092,640
"515","white",TRUE,0.00380350063945443,4489,55,25,0.454545454545455,0.00556916907997327,"TF:M01783_1","TF","Factor: SP2; motif: GGGCGGGAC; match class: 1",20092,8075
"516","white",TRUE,0.00381351979384502,3922,55,23,0.418181818181818,0.00586435492095869,"TF:M03811_1","TF","Factor: AP-2gamma; motif: GCCYNCRGSN; match class: 1",20092,149
"517","white",TRUE,0.00381351979384502,14434,55,51,0.927272727272727,0.00353332409588472,"TF:M12597","TF","Factor: E2F1; motif: GSGCGGGAAN",20092,1482
"518","white",TRUE,0.00385826844130499,3650,55,22,0.4,0.00602739726027397,"TF:M00982_1","TF","Factor: KROX; motif: CCCGCCCCCRCCCC; match class: 1",20092,4767
"519","white",TRUE,0.00389124327854266,3120,55,20,0.363636363636364,0.00641025641025641,"TF:M08913_1","TF","Factor: FLI-1; motif: NAYTTCCGGT; match class: 1",20092,2529
"520","white",TRUE,0.00389124327854266,3930,55,23,0.418181818181818,0.00585241730279898,"TF:M10530_1","TF","Factor: sp4; motif: NNNGCYCCGCCCCCY; match class: 1",20092,8113
"521","white",TRUE,0.00392080738216694,10742,55,43,0.781818181818182,0.00400297896108732,"TF:M00740","TF","Factor: Rb:E2F-1:DP-1; motif: TTTSGCGC",20092,1458
"522","white",TRUE,0.00406725438749869,10757,55,43,0.781818181818182,0.00399739704378544,"TF:M08205_1","TF","Factor: E2F-1:Elk-1; motif: SGCGCSNNAMCGGAAGT; match class: 1",20092,1465
"523","white",TRUE,0.00409041491416638,13943,55,50,0.909090909090909,0.00358602883167181,"TF:M09892","TF","Factor: E2F-1; motif: NNNNGGCGGGAARN",20092,1478
"524","white",TRUE,0.00418225985680375,7740,55,35,0.636363636363636,0.00452196382428941,"TF:M01078","TF","Factor: c-Ets-1; motif: NNNRCCGGAWRYNNNN",20092,836
"525","white",TRUE,0.00418225985680375,12053,55,46,0.836363636363636,0.00381647722558699,"TF:M09734","TF","Factor: ZNF692; motif: SYNGGSCCCASCCNC",20092,11340
"526","white",TRUE,0.00431248008957155,7404,55,34,0.618181818181818,0.00459211237169098,"TF:M09737","TF","Factor: ZNF644; motif: TCCWGCCTCTSN",20092,11178
"527","white",TRUE,0.00442200541476697,7072,55,33,0.6,0.00466628959276018,"TF:M12183","TF","Factor: KLF14; motif: NRCCACRCCCMCN",20092,4692
"528","white",TRUE,0.00453454047181119,3433,55,21,0.381818181818182,0.00611709874745121,"TF:M05332_1","TF","Factor: Sp2; motif: WGGGCGG; match class: 1",20092,8079
"529","white",TRUE,0.00453454047181119,3433,55,21,0.381818181818182,0.00611709874745121,"TF:M05444_1","TF","Factor: CPBP; motif: NGGGCGG; match class: 1",20092,965
"530","white",TRUE,0.00453454047181119,3433,55,21,0.381818181818182,0.00611709874745121,"TF:M05361_1","TF","Factor: Sp6; motif: WGGGCGG; match class: 1",20092,8125
"531","white",TRUE,0.00453454047181119,5777,55,29,0.527272727272727,0.00501990652587848,"TF:M04918","TF","Factor: Egr-1; motif: ACCGCCC",20092,1652
"532","white",TRUE,0.00454682047564148,7780,55,35,0.636363636363636,0.0044987146529563,"TF:M02063","TF","Factor: c-ets-1; motif: ACCGGAWGTN",20092,838
"533","white",TRUE,0.00455320041336333,16348,55,54,0.981818181818182,0.00330315634940054,"TF:M11018_1","TF","Factor: IRX-1; motif: NACRYNNNNNNNNRYGNN; match class: 1",20092,4529
"534","white",TRUE,0.00456423667735264,14002,55,50,0.909090909090909,0.00357091844022283,"TF:M03876","TF","Factor: Kaiso; motif: GCMGGGRGCRGS",20092,4678
"535","white",TRUE,0.00466553541655947,2918,55,19,0.345454545454545,0.00651130911583276,"TF:M01258","TF","Factor: GABP; motif: CACTTCCGGNNN",20092,3002
"536","white",TRUE,0.00482708454019661,2187,55,16,0.290909090909091,0.00731595793324188,"TF:M03896_1","TF","Factor: EGR1; motif: NACGCCCACGCANW; match class: 1",20092,1647
"537","white",TRUE,0.00482708454019661,7120,55,33,0.6,0.00463483146067416,"TF:M00516","TF","Factor: E2F-1; motif: TTTSGCGCGMNR",20092,1588
"538","white",TRUE,0.00482708454019661,8167,55,36,0.654545454545455,0.00440798334761846,"TF:M07354","TF","Factor: Egr-1; motif: GCGGGGGCGG",20092,1672
"539","white",TRUE,0.00482708454019661,5807,55,29,0.527272727272727,0.00499397279145858,"TF:M12354_1","TF","Factor: ZNF37A; motif: CCYYGGCTCCNTSCCMN; match class: 1",20092,10395
"540","white",TRUE,0.00487672919378299,4301,55,24,0.436363636363636,0.0055800976517089,"TF:M11400_1","TF","Factor: Fli-1; motif: NACCGGAARTN; match class: 1",20092,2539
"541","white",TRUE,0.00487672919378299,8173,55,36,0.654545454545455,0.00440474733879848,"TF:M11075_1","TF","Factor: Sohlh2; motif: NNCACGTGNN; match class: 1",20092,7869
"542","white",TRUE,0.00488149046583563,436,55,7,0.127272727272727,0.0160550458715596,"TF:M03791_1","TF","Factor: GABPalpha_GABPbeta; motif: CTTCCKGY; match class: 1",20092,2973
"543","white",TRUE,0.00489762350535258,9284,55,39,0.709090909090909,0.00420077552778975,"TF:M10086","TF","Factor: TAFII250; motif: RARRWGGCGGMGGNGR",20092,8392
"544","white",TRUE,0.00497668962146686,8188,55,36,0.654545454545455,0.00439667806546165,"TF:M01303","TF","Factor: SP1; motif: GGGGYGGGGNS",20092,8040
"545","white",TRUE,0.00497668962146686,5512,55,28,0.509090909090909,0.00507982583454282,"TF:M00425_1","TF","Factor: E2F; motif: TTTCGCGC; match class: 1",20092,1593
"546","white",TRUE,0.00497668962146686,6473,55,31,0.563636363636364,0.00478912405376178,"TF:M07063","TF","Factor: Sp1; motif: GGGGCGGGGC",20092,8066
"547","white",TRUE,0.0050644584189782,7492,55,34,0.618181818181818,0.00453817405232248,"TF:M00431","TF","Factor: E2F-1; motif: TTTSGCGS",20092,1494
"548","white",TRUE,0.00522968930005583,5847,55,29,0.527272727272727,0.00495980844877715,"TF:M01104_1","TF","Factor: MOVO-B; motif: GNGGGGG; match class: 1",20092,5405
"549","white",TRUE,0.00522968930005583,9316,55,39,0.709090909090909,0.00418634607127523,"TF:M08307","TF","Factor: GCMa:Elf-1; motif: NRCCCGCACGGAAGTN",20092,3150
"550","white",TRUE,0.00533452558663107,6175,55,30,0.545454545454545,0.0048582995951417,"TF:M02053","TF","Factor: ELF1; motif: NCCGGAARTN",20092,1842
"551","white",TRUE,0.00542319686153872,7871,55,35,0.636363636363636,0.00444670308728243,"TF:M10491_1","TF","Factor: ZNF586; motif: CAGGCCYRGAGG; match class: 1",20092,11035
"552","white",TRUE,0.00554111593491717,2227,55,16,0.290909090909091,0.00718455321059722,"TF:M00032_1","TF","Factor: c-Ets-1(p54); motif: NCMGGAWGYN; match class: 1",20092,833
"553","white",TRUE,0.00554111593491717,3239,55,20,0.363636363636364,0.00617474529175671,"TF:M11404_1","TF","Factor: Fli-1; motif: NACCGGAARTN; match class: 1",20092,2545
"554","white",TRUE,0.00554111593491717,10926,55,43,0.781818181818182,0.00393556653853194,"TF:M00189","TF","Factor: AP-2; motif: MKCCCSCNGGCG",20092,158
"555","white",TRUE,0.00570638637590336,43,55,3,0.0545454545454545,0.0697674418604651,"TF:M13113_1","TF","Factor: DMTF1; motif: NCATCCGGG; match class: 1",20092,1385
"556","white",TRUE,0.0057469776773422,1342,55,12,0.218181818181818,0.00894187779433681,"TF:M09605_1","TF","Factor: Elf-1; motif: NAANCMGGAAGTGN; match class: 1",20092,1743
"557","white",TRUE,0.00597837036673379,17263,55,55,1,0.00318600475004345,"TF:M08526","TF","Factor: E2F-3:HES-7; motif: NNNSGCGCSNNNNNCRCGYGNN",20092,1520
"558","white",TRUE,0.00600212519909133,2010,55,15,0.272727272727273,0.00746268656716418,"TF:M12603_1","TF","Factor: ERM; motif: NNCACTTCCGGNN; match class: 1",20092,2113
"559","white",TRUE,0.00603874914526258,14145,55,50,0.909090909090909,0.00353481795687522,"TF:M10491","TF","Factor: ZNF586; motif: CAGGCCYRGAGG",20092,11034
"560","white",TRUE,0.00607771151021035,4678,55,25,0.454545454545455,0.00534416417272339,"TF:M02064_1","TF","Factor: c-ets-2; motif: ACCGGAWRTN; match class: 1",20092,843
"561","white",TRUE,0.00611526598229437,15829,55,53,0.963636363636364,0.00334828479373302,"TF:M04934_1","TF","Factor: TR4; motif: ACCCCGS; match class: 1",20092,6123
"562","white",TRUE,0.00611526598229437,8649,55,37,0.672727272727273,0.00427795120823217,"TF:M13127_1","TF","Factor: HA95; motif: CCSNSSCCNSCNCCWSCCNS; match class: 1",20092,3433
"563","white",TRUE,0.00614989723076304,11397,55,44,0.8,0.00386066508730368,"TF:M12227","TF","Factor: ZIC4; motif: NNCCNCCCRYNGYGN",20092,9632
"564","white",TRUE,0.00627862455931272,4992,55,26,0.472727272727273,0.00520833333333333,"TF:M02070_1","TF","Factor: TEL1; motif: CNCGGAANNN; match class: 1",20092,8775
"565","white",TRUE,0.00631032287168142,3017,55,19,0.345454545454545,0.00629764666887637,"TF:M07615_1","TF","Factor: Sp3; motif: GGGGCGGGGSNN; match class: 1",20092,8107
"566","white",TRUE,0.00631032287168142,7251,55,33,0.6,0.00455109640049648,"TF:M12603","TF","Factor: ERM; motif: NNCACTTCCGGNN",20092,2112
"567","white",TRUE,0.00659170490610029,4126,55,23,0.418181818181818,0.00557440620455647,"TF:M03893_1","TF","Factor: WT1; motif: GNGGGGGCGGGG; match class: 1",20092,9227
"568","white",TRUE,0.00663852313722114,4713,55,25,0.454545454545455,0.00530447697856991,"TF:M11427_1","TF","Factor: PEA3; motif: NACCGGAAGTN; match class: 1",20092,6697
"569","white",TRUE,0.00675840819162467,5326,55,27,0.490909090909091,0.00506947052196771,"TF:M08867_1","TF","Factor: AP2; motif: GCCYGSGGSN; match class: 1",20092,157
"570","white",TRUE,0.0071779193273455,2292,55,16,0.290909090909091,0.00698080279232112,"TF:M13135_1","TF","Factor: SP4; motif: GGCCCCGCCCCCN; match class: 1",20092,8115
"571","white",TRUE,0.00725341350263069,5350,55,27,0.490909090909091,0.00504672897196262,"TF:M09900","TF","Factor: Elf-1; motif: NNANCCGGAAGTGS",20092,1744
"572","white",TRUE,0.00729349509467326,8364,55,36,0.654545454545455,0.00430416068866571,"TF:M09904","TF","Factor: Elk-1; motif: RCCGGAAGTGN",20092,1896
"573","white",TRUE,0.0074278742124018,3329,55,20,0.363636363636364,0.00600781015319916,"TF:M08878_1","TF","Factor: EGR; motif: CGCCCCCGCNN; match class: 1",20092,1713
"574","white",TRUE,0.00764063845812456,4467,55,24,0.436363636363636,0.00537273337810611,"TF:M12156","TF","Factor: Sp2; motif: NTAAGYCCCGCCCMCTN",20092,8090
"575","white",TRUE,0.00764063845812456,2309,55,16,0.290909090909091,0.00692940666955392,"TF:M11433_1","TF","Factor: Elk-1; motif: NRCCGGAAGTN; match class: 1",20092,1901
"576","white",TRUE,0.00764063845812456,6325,55,30,0.545454545454545,0.00474308300395257,"TF:M09817_1","TF","Factor: PAX5; motif: RNGCGTGACCNN; match class: 1",20092,6583
"577","white",TRUE,0.0078130709540486,7340,55,33,0.6,0.00449591280653951,"TF:M11428","TF","Factor: PEA3; motif: NACCGGAAGTN",20092,6698
"578","white",TRUE,0.00787269123335262,8404,55,36,0.654545454545455,0.0042836744407425,"TF:M13138","TF","Factor: ETV4; motif: NNCCGGAAGYNNN",20092,2348
"579","white",TRUE,0.00787269123335262,644,55,8,0.145454545454545,0.0124223602484472,"TF:M12092","TF","Factor: ZNF787; motif: TGCCTCAGTTTMCCN",20092,11684
"580","white",TRUE,0.00787269123335262,8770,55,37,0.672727272727273,0.00421892816419612,"TF:M01199","TF","Factor: RNF96; motif: BCCCGCRGCC",20092,7494
"581","white",TRUE,0.00787269123335262,9900,55,40,0.727272727272727,0.00404040404040404,"TF:M00915","TF","Factor: AP-2; motif: SNNNCCNCAGGCN",20092,160
"582","white",TRUE,0.00787269123335262,1000,55,10,0.181818181818182,0.01,"TF:M01593_1","TF","Factor: Zfx; motif: SNSCAGGCCKCGSCSS; match class: 1",20092,9597
"583","white",TRUE,0.00822636489455012,1413,55,12,0.218181818181818,0.00849256900212314,"TF:M09944_1","TF","Factor: HIF-1alpha; motif: GNACGTGM; match class: 1",20092,3547
"584","white",TRUE,0.00840253374168447,5727,55,28,0.509090909090909,0.00488912170420814,"TF:M09944","TF","Factor: HIF-1alpha; motif: GNACGTGM",20092,3546
"585","white",TRUE,0.00840253374168447,7035,55,32,0.581818181818182,0.00454868514570007,"TF:M07615","TF","Factor: Sp3; motif: GGGGCGGGGSNN",20092,8106
"586","white",TRUE,0.00840253374168447,7378,55,33,0.6,0.00447275684467335,"TF:M07397","TF","Factor: ZBP89; motif: CCCCKCCCCCNN",20092,9314
"587","white",TRUE,0.00844163068313813,8808,55,37,0.672727272727273,0.00420072661217075,"TF:M05332","TF","Factor: Sp2; motif: WGGGCGG",20092,8078
"588","white",TRUE,0.00844163068313813,8808,55,37,0.672727272727273,0.00420072661217075,"TF:M05361","TF","Factor: Sp6; motif: WGGGCGG",20092,8124
"589","white",TRUE,0.00844163068313813,9178,55,38,0.690909090909091,0.00414033558509479,"TF:M01588","TF","Factor: GKLF; motif: GCCMCRCCCNNN",20092,3284
"590","white",TRUE,0.00844163068313813,8808,55,37,0.672727272727273,0.00420072661217075,"TF:M05444","TF","Factor: CPBP; motif: NGGGCGG",20092,964
"591","white",TRUE,0.0084922555524366,3655,55,21,0.381818181818182,0.00574555403556772,"TF:M10435_1","TF","Factor: Sp2; motif: GGGGCGGGG; match class: 1",20092,8087
"592","white",TRUE,0.00860348054470937,13827,55,49,0.890909090909091,0.00354379113328994,"TF:M11530_1","TF","Factor: E2F-2; motif: NWTTTGGCGCCAWWNN; match class: 1",20092,1509
"593","white",TRUE,0.00871407382786463,4524,55,24,0.436363636363636,0.00530503978779841,"TF:M10426_1","TF","Factor: ctcf; motif: CCRSCAGGGGGCGCN; match class: 1",20092,1173
"594","white",TRUE,0.0087631843947891,7063,55,32,0.581818181818182,0.00453065269715418,"TF:M02069","TF","Factor: Erm; motif: ACCGGAAGTN",20092,2102
"595","white",TRUE,0.0087631843947891,8464,55,36,0.654545454545455,0.00425330812854442,"TF:M11477","TF","Factor: AP-2beta; motif: NSCCYNRGGSN",20092,8802
"596","white",TRUE,0.00882241261579868,3670,55,21,0.381818181818182,0.00572207084468665,"TF:M01303_1","TF","Factor: SP1; motif: GGGGYGGGGNS; match class: 1",20092,8041
"597","white",TRUE,0.00883852186984957,5759,55,28,0.509090909090909,0.00486195520055565,"TF:M00470_1","TF","Factor: AP-2gamma; motif: GCCYNNGGS; match class: 1",20092,143
"598","white",TRUE,0.00883852186984957,5135,55,26,0.472727272727273,0.00506329113924051,"TF:M12173_1","TF","Factor: GKLF; motif: NNCCMCRCCCN; match class: 1",20092,4739
"599","white",TRUE,0.00884369461054946,8114,55,35,0.636363636363636,0.00431353216662558,"TF:M00450_1","TF","Factor: Zic3; motif: NGGGKGGTC; match class: 1",20092,9619
"600","white",TRUE,0.00893670560771026,3132,55,19,0.345454545454545,0.00606641123882503,"TF:M03920_1","TF","Factor: SP1; motif: RCCMCRCCCMC; match class: 1",20092,8045
"601","white",TRUE,0.00902257755246651,2121,55,15,0.272727272727273,0.00707213578500707,"TF:M11482_1","TF","Factor: AP-2gamma; motif: NSCCYNNRGSN; match class: 1",20092,8839
"602","white",TRUE,0.00903359750315834,16674,55,54,0.981818181818182,0.00323857502698813,"TF:M09636","TF","Factor: MAZ; motif: GGGMGGGGSSGGGGGGGGGGGG",20092,5146
"603","white",TRUE,0.00903596963202901,1230,55,11,0.2,0.00894308943089431,"TF:M03990_1","TF","Factor: GABPA; motif: ACCGGAAGTN; match class: 1",20092,2977
"604","white",TRUE,0.00903812898507591,17454,55,55,1,0.00315114013979604,"TF:M08207","TF","Factor: E2F-3:TBR2; motif: ANGTGYKANGGCGCSTTNNCRNNT",20092,1514
"605","white",TRUE,0.00923551468949092,10790,55,42,0.763636363636364,0.00389249304911956,"TF:M03977","TF","Factor: ETS1; motif: ACCGGAARYN",20092,2224
"606","white",TRUE,0.00936733385610924,2627,55,17,0.309090909090909,0.00647125999238675,"TF:M11439","TF","Factor: Net; motif: NRCCGGAAGTN",20092,1912
"607","white",TRUE,0.00943650156839245,10401,55,41,0.745454545454545,0.0039419286607057,"TF:M13129","TF","Factor: RERE; motif: CNGCNSCNNGSRCRGSGSS",20092,7348
"608","white",TRUE,0.00962810049528267,8518,55,36,0.654545454545455,0.0042263442122564,"TF:M08759","TF","Factor: c-Ets-2; motif: NCCGGAAGTG",20092,2234
"609","white",TRUE,0.00962810049528267,11637,55,44,0.8,0.00378104322419868,"TF:M00143","TF","Factor: Pax-5; motif: BCNNNRNGCANBGNTGNRTAGCSGCHNB",20092,6568
"610","white",TRUE,0.00976346604362686,12509,55,46,0.836363636363636,0.00367735230633944,"TF:M08523","TF","Factor: E2F-1:TBR2; motif: NGGTGNNANGGCGCNNTNNCRNNN",20092,1466
"611","white",TRUE,0.00978622105617555,7123,55,32,0.581818181818182,0.00449248911975291,"TF:M11477_1","TF","Factor: AP-2beta; motif: NSCCYNRGGSN; match class: 1",20092,8803
"612","white",TRUE,0.00988845911006707,2644,55,17,0.309090909090909,0.00642965204236006,"TF:M07063_1","TF","Factor: Sp1; motif: GGGGCGGGGC; match class: 1",20092,8067
"613","white",TRUE,0.0105677030808968,15500,55,52,0.945454545454545,0.00335483870967742,"TF:M00333","TF","Factor: ZF5; motif: NRNGNGCGCGCWN",20092,9486
"614","white",TRUE,0.0105879005528108,5210,55,26,0.472727272727273,0.00499040307101727,"TF:M08868","TF","Factor: ARNTLIKE; motif: NNNSCACGTG",20092,206
"615","white",TRUE,0.0105879005528108,10064,55,40,0.727272727272727,0.00397456279809221,"TF:M07261","TF","Factor: LKLF; motif: GGGGTGGKSN",20092,4924
"616","white",TRUE,0.0106993293555683,10864,55,42,0.763636363636364,0.0038659793814433,"TF:M11427","TF","Factor: PEA3; motif: NACCGGAAGTN",20092,6696
"617","white",TRUE,0.0106993293555683,9684,55,39,0.709090909090909,0.0040272614622057,"TF:M00470","TF","Factor: AP-2gamma; motif: GCCYNNGGS",20092,142
"618","white",TRUE,0.0107295460190383,14444,55,50,0.909090909090909,0.0034616449736915,"TF:M04710","TF","Factor: CHD2; motif: TCTCGCGAG",20092,856
"619","white",TRUE,0.0107614353799793,17527,55,55,1,0.00313801563302334,"TF:M08525","TF","Factor: E2F-1:HES-7; motif: GGCRCGTGSYNNWNGGCGCSM",20092,1470
"620","white",TRUE,0.0107614353799793,16755,55,54,0.981818181818182,0.00322291853178156,"TF:M08441","TF","Factor: AP-2gamma:Elk-1; motif: NGCCKNRGGSGRCGGAAGTG",20092,8814
"621","white",TRUE,0.0109016031417591,7517,55,33,0.6,0.004390049221764,"TF:M03867","TF","Factor: c-Myc; motif: CACGTGGC",20092,932
"622","white",TRUE,0.0110089255375288,9703,55,39,0.709090909090909,0.00401937545089148,"TF:M13144","TF","Factor: ZNF138; motif: GCAGCRSCNSGSNCMGSGCS",20092,9758
"623","white",TRUE,0.011230034972239,5867,55,28,0.509090909090909,0.00477245611044827,"TF:M13119","TF","Factor: ZBTB11; motif: RCTTCCGGNNSNNNN",20092,9328
"624","white",TRUE,0.011230034972239,2943,55,18,0.327272727272727,0.00611620795107034,"TF:M10529_1","TF","Factor: Sp1; motif: RGGGMGGRGSNGGGG; match class: 1",20092,8055
"625","white",TRUE,0.0114896670698642,11729,55,44,0.8,0.00375138545485549,"TF:M04516","TF","Factor: E2F-1; motif: TTTGGCGCCAAA",20092,1474
"626","white",TRUE,0.0114896670698642,10113,55,40,0.727272727272727,0.00395530505290221,"TF:M00738","TF","Factor: E2F-4:DP-1; motif: TTTSGCGC",20092,1538
"627","white",TRUE,0.0114896670698642,6863,55,31,0.563636363636364,0.0045169750837826,"TF:M12722_1","TF","Factor: ZXDL; motif: GSGSCNNGGGMRGCNCCGGGS; match class: 1",20092,11991
"628","white",TRUE,0.0114896670698642,5880,55,28,0.509090909090909,0.00476190476190476,"TF:M12345","TF","Factor: Zbtb37; motif: NYACCGCRNTCACCGCR",20092,9382
"629","white",TRUE,0.0116323688609591,4061,55,22,0.4,0.00541738488057129,"TF:M07226_1","TF","Factor: SP1; motif: NCCCCKCCCCC; match class: 1",20092,8049
"630","white",TRUE,0.0118861114462608,5264,55,26,0.472727272727273,0.00493920972644377,"TF:M04797","TF","Factor: Egr-1; motif: CCGCCCMCG",20092,1648
"631","white",TRUE,0.011892230793697,9367,55,38,0.690909090909091,0.00405679513184584,"TF:M12703","TF","Factor: ZNF383; motif: SSNGGGMGGNGSNGGS",20092,10408
"632","white",TRUE,0.011892230793697,2199,55,15,0.272727272727273,0.00682128240109141,"TF:M11428_1","TF","Factor: PEA3; motif: NACCGGAAGTN; match class: 1",20092,6699
"633","white",TRUE,0.0120492167080764,9754,55,39,0.709090909090909,0.00399835964732418,"TF:M11022","TF","Factor: IRX2a; motif: ACRYGNNNNACRYGT",20092,4538
"634","white",TRUE,0.0120492167080764,1505,55,12,0.218181818181818,0.0079734219269103,"TF:M12485_1","TF","Factor: TFAP2A; motif: NNNGCCTCAGGCNN; match class: 1",20092,8795
"635","white",TRUE,0.0121353458781551,8639,55,36,0.654545454545455,0.00416714897557588,"TF:M04106_1","TF","Factor: RUNX2; motif: NRACCGCAAACCGCAN; match class: 1",20092,7561
"636","white",TRUE,0.0125214762602453,10551,55,41,0.745454545454545,0.00388588759359302,"TF:M04516_1","TF","Factor: E2F-1; motif: TTTGGCGCCAAA; match class: 1",20092,1475
"637","white",TRUE,0.0125750125635509,7589,55,33,0.6,0.00434839899855053,"TF:M11425","TF","Factor: PEA3; motif: NACCGGAAGTN",20092,6694
"638","white",TRUE,0.0126335491971012,13097,55,47,0.854545454545454,0.00358860807818584,"TF:M12160","TF","Factor: KLF15; motif: RCCMCRCCCMCN",20092,4704
"639","white",TRUE,0.0127233931612916,8301,55,35,0.636363636363636,0.00421635947476208,"TF:M07348","TF","Factor: AP-2alpha; motif: NSCCNCRGGSN",20092,136
"640","white",TRUE,0.012724308246884,15055,55,51,0.927272727272727,0.00338757887744935,"TF:M07289","TF","Factor: GKLF; motif: NNNRGGNGNGGSN",20092,3290
"641","white",TRUE,0.0128856883932139,10971,55,42,0.763636363636364,0.0038282745419743,"TF:M12694","TF","Factor: ZFP14; motif: SCNNYCCNGNNSCTSCNC",20092,9498
"642","white",TRUE,0.0128856883932139,3816,55,21,0.381818181818182,0.00550314465408805,"TF:M03860","TF","Factor: USF2; motif: NNNCCACGTGACN",20092,9130
"643","white",TRUE,0.0131248276513766,17616,55,55,1,0.00312216167120799,"TF:M12599","TF","Factor: E2F4; motif: YCCCGCCNCNNSSNNSNN",20092,1554
"644","white",TRUE,0.0133000907862354,6271,55,29,0.527272727272727,0.00462446180832403,"TF:M00189_1","TF","Factor: AP-2; motif: MKCCCSCNGGCG; match class: 1",20092,159
"645","white",TRUE,0.0133790864656999,3003,55,18,0.327272727272727,0.00599400599400599,"TF:M03988_1","TF","Factor: FLI1; motif: ACCGGAARTN; match class: 1",20092,2523
"646","white",TRUE,0.0134519800358761,7280,55,32,0.581818181818182,0.0043956043956044,"TF:M10098","TF","Factor: DP-1; motif: NRNNGGCGGGAANN",20092,8892
"647","white",TRUE,0.0134969367428071,12249,55,45,0.818181818181818,0.00367376928728876,"TF:M00426","TF","Factor: E2F; motif: TTTSGCGS",20092,1596
"648","white",TRUE,0.0135187748149691,5959,55,28,0.509090909090909,0.00469877496224199,"TF:M13132_1","TF","Factor: ZNF609; motif: GNSNGGGNGCTGN; match class: 1",20092,11097
"649","white",TRUE,0.0135187748149691,5959,55,28,0.509090909090909,0.00469877496224199,"TF:M09764","TF","Factor: ROX; motif: GNNNCASGTGGS",20092,7524
"650","white",TRUE,0.0135187748149691,2746,55,17,0.309090909090909,0.00619082301529497,"TF:M09611","TF","Factor: ER81; motif: NNNGRCMGGAAGYRNNNNNNNS",20092,2006
"651","white",TRUE,0.0135882507675176,3840,55,21,0.381818181818182,0.00546875,"TF:M01843","TF","Factor: DEC2; motif: SNTCACGTGS",20092,1252
"652","white",TRUE,0.0135882507675176,7985,55,34,0.618181818181818,0.00425798371947401,"TF:M00032","TF","Factor: c-Ets-1(p54); motif: NCMGGAWGYN",20092,832
"653","white",TRUE,0.0136993687935797,15644,55,52,0.945454545454545,0.00332395806699054,"TF:M04826_1","TF","Factor: p300; motif: ACNTCCG; match class: 1",20092,1995
"654","white",TRUE,0.0139114113001659,558,55,7,0.127272727272727,0.0125448028673835,"TF:M12642_1","TF","Factor: NFYA; motif: NNRGCCAATSRGMRSSNNSN; match class: 1",20092,5915
"655","white",TRUE,0.0140141977077248,559,55,7,0.127272727272727,0.0125223613595707,"TF:M11415_1","TF","Factor: GABP-alpha; motif: NRCCGGAAGTN; match class: 1",20092,2989
"656","white",TRUE,0.0143033962358274,920,55,9,0.163636363636364,0.00978260869565217,"TF:M01843_1","TF","Factor: DEC2; motif: SNTCACGTGS; match class: 1",20092,1253
"657","white",TRUE,0.0143314628959287,5989,55,28,0.509090909090909,0.0046752379362164,"TF:M13129_1","TF","Factor: RERE; motif: CNGCNSCNNGSRCRGSGSS; match class: 1",20092,7349
"658","white",TRUE,0.0143314628959287,8369,55,35,0.636363636363636,0.0041821006093918,"TF:M11424","TF","Factor: Erm; motif: NNSCGGAWGYN",20092,2110
"659","white",TRUE,0.0143314628959287,5355,55,26,0.472727272727273,0.00485527544351074,"TF:M07387","TF","Factor: LRF; motif: NGKGGGTSNCN",20092,4954
"660","white",TRUE,0.0144331567848528,5359,55,26,0.472727272727273,0.00485165142750513,"TF:M01652_1","TF","Factor: p53; motif: RGRCWWGYCYNGRCWWGYYY; match class: 1",20092,6471
"661","white",TRUE,0.0144331567848528,1122,55,10,0.181818181818182,0.0089126559714795,"TF:M03860_1","TF","Factor: USF2; motif: NNNCCACGTGACN; match class: 1",20092,9131
"662","white",TRUE,0.0145762339899225,4157,55,22,0.4,0.00529227808515757,"TF:M02052_1","TF","Factor: EHF; motif: CSCGGAARTN; match class: 1",20092,1717
"663","white",TRUE,0.0145810672128064,4158,55,22,0.4,0.00529100529100529,"TF:M09910_1","TF","Factor: ER-beta; motif: RGGTCASCNTGMCCY; match class: 1",20092,2167
"664","white",TRUE,0.0145905207453835,270,55,5,0.0909090909090909,0.0185185185185185,"TF:M12235","TF","Factor: ZNF740; motif: NYGCCCCCCCCAC",20092,11520
"665","white",TRUE,0.0146527725483924,4456,55,23,0.418181818181818,0.00516157989228007,"TF:M00448_1","TF","Factor: Zic1; motif: KGGGTGGTC; match class: 1",20092,9607
"666","white",TRUE,0.0146527725483924,68,55,3,0.0545454545454545,0.0441176470588235,"TF:M03991","TF","Factor: SPDEF; motif: AMCCGGATGTN",20092,8140
"667","white",TRUE,0.0148381999609315,2781,55,17,0.309090909090909,0.00611290902553038,"TF:M13004_1","TF","Factor: USF2; motif: NRTCACGTGAYN; match class: 1",20092,9127
"668","white",TRUE,0.0149704727738314,1341,55,11,0.2,0.00820283370618941,"TF:M04918_1","TF","Factor: Egr-1; motif: ACCGCCC; match class: 1",20092,1653
"669","white",TRUE,0.0149791987423001,14141,55,49,0.890909090909091,0.00346510147797185,"TF:M04106","TF","Factor: RUNX2; motif: NRACCGCAAACCGCAN",20092,7560
"670","white",TRUE,0.0151915373656151,6346,55,29,0.527272727272727,0.00456980775291522,"TF:M11480","TF","Factor: AP-2alpha; motif: NGCCTSAGGCN",20092,8792
"671","white",TRUE,0.0158132589481611,1573,55,12,0.218181818181818,0.00762873490146217,"TF:M12717","TF","Factor: ZNF740; motif: CNGCCCCCCCMCCCCC",20092,11526
"672","white",TRUE,0.0158132589481611,9529,55,38,0.690909090909091,0.00398782663448421,"TF:M04110","TF","Factor: RUNX3; motif: NRACCGCANWAACCRCAN",20092,7576
"673","white",TRUE,0.0158154509866647,4786,55,24,0.436363636363636,0.00501462599247806,"TF:M11422","TF","Factor: Erm; motif: NRCMGGAAGTN",20092,2106
"674","white",TRUE,0.0160109596575007,14667,55,50,0.909090909090909,0.00340901343151292,"TF:M11417","TF","Factor: c-Ets-2; motif: NACCGGAAGYRCTTCCGGTN",20092,2238
"675","white",TRUE,0.0160109596575007,8795,55,36,0.654545454545455,0.00409323479249574,"TF:M13142","TF","Factor: ZBTB33; motif: GGYGCTG",20092,9376
"676","white",TRUE,0.0160252439177548,15728,55,52,0.945454545454545,0.00330620549338759,"TF:M08313","TF","Factor: GCMa:PEA3; motif: ATRCGGGCGGAAGTR",20092,3162
"677","white",TRUE,0.0160357040485134,10308,55,40,0.727272727272727,0.00388048117966628,"TF:M04744","TF","Factor: ATF-3; motif: GGCGCSSNSNGRTSACGTSA",20092,302
"678","white",TRUE,0.0161316606390162,3076,55,18,0.327272727272727,0.005851755526658,"TF:M07397_1","TF","Factor: ZBP89; motif: CCCCKCCCCCNN; match class: 1",20092,9315
"679","white",TRUE,0.0163176437104717,13250,55,47,0.854545454545454,0.00354716981132075,"TF:M11399","TF","Factor: Fli-1; motif: NACCGGAWWTCCGGTY",20092,2536
"680","white",TRUE,0.0163482303611774,12804,55,46,0.836363636363636,0.00359262730396751,"TF:M00333_1","TF","Factor: ZF5; motif: NRNGNGCGCGCWN; match class: 1",20092,9487
"681","white",TRUE,0.0164342076860604,4505,55,23,0.418181818181818,0.0051054384017758,"TF:M12703_1","TF","Factor: ZNF383; motif: SSNGGGMGGNGSNGGS; match class: 1",20092,10409
"682","white",TRUE,0.0167798452700011,2822,55,17,0.309090909090909,0.00602409638554217,"TF:M13004","TF","Factor: USF2; motif: NRTCACGTGAYN",20092,9126
"683","white",TRUE,0.0169278133424604,4516,55,23,0.418181818181818,0.00509300265721878,"TF:M12725_1","TF","Factor: PHB; motif: NCCCAGCCCCY; match class: 1",20092,6727
"684","white",TRUE,0.0170248338154864,6075,55,28,0.509090909090909,0.00460905349794239,"TF:M02067","TF","Factor: ER71; motif: ACCGGAARYN",20092,1996
"685","white",TRUE,0.0172651051288132,5443,55,26,0.472727272727273,0.00477677751240125,"TF:M07231","TF","Factor: TFAP2A; motif: NNNNGCCYSAGGGCA",20092,8786
"686","white",TRUE,0.017406385777876,1830,55,13,0.236363636363636,0.00710382513661202,"TF:M04196","TF","Factor: USF1; motif: RNCACGTGAY",20092,9094
"687","white",TRUE,0.017567114219722,9589,55,38,0.690909090909091,0.0039628741266034,"TF:M10426","TF","Factor: ctcf; motif: CCRSCAGGGGGCGCN",20092,1172
"688","white",TRUE,0.0179957357332008,3952,55,21,0.381818181818182,0.00531376518218623,"TF:M11074_1","TF","Factor: DEC1; motif: GTCACGTGAC; match class: 1",20092,567
"689","white",TRUE,0.0182474059154951,10375,55,40,0.727272727272727,0.00385542168674699,"TF:M00008","TF","Factor: Sp1; motif: GGGGCGGGGT",20092,8038
"690","white",TRUE,0.018279253513256,10771,55,41,0.745454545454545,0.00380651750069631,"TF:M04691_1","TF","Factor: Kaiso; motif: TCTCGCGAG; match class: 1",20092,9367
"691","white",TRUE,0.0183678419129643,4252,55,22,0.4,0.00517403574788335,"TF:M07601_1","TF","Factor: C-Myc; motif: NGCCACGTGNN; match class: 1",20092,931
"692","white",TRUE,0.0184610097124701,6771,55,30,0.545454545454545,0.00443066016836509,"TF:M03966","TF","Factor: ELF1; motif: AACCCGGAAGTR",20092,1734
"693","white",TRUE,0.0185547331468511,10783,55,41,0.745454545454545,0.00380228136882129,"TF:M12158","TF","Factor: KLF15; motif: NCCMCGCCCMCN",20092,4700
"694","white",TRUE,0.0185547331468511,5164,55,25,0.454545454545455,0.00484120836560806,"TF:M08377_1","TF","Factor: meis1:Elf-1; motif: NTGCCGGAAGTN; match class: 1",20092,5249
"695","white",TRUE,0.0185547331468511,1847,55,13,0.236363636363636,0.00703844071467244,"TF:M12345_1","TF","Factor: Zbtb37; motif: NYACCGCRNTCACCGCR; match class: 1",20092,9383
"696","white",TRUE,0.0186135472421624,6446,55,29,0.527272727272727,0.00449891405522805,"TF:M07041_1","TF","Factor: HDAC1; motif: KGCARGGTC; match class: 1",20092,3447
"697","white",TRUE,0.0189852468428729,8888,55,36,0.654545454545455,0.00405040504050405,"TF:M09876","TF","Factor: DEC1; motif: NGCACGTGAS",20092,1246
"698","white",TRUE,0.0190367538728324,7126,55,31,0.563636363636364,0.00435026662924502,"TF:M10529","TF","Factor: Sp1; motif: RGGGMGGRGSNGGGG",20092,8054
"699","white",TRUE,0.0190570358564821,11201,55,42,0.763636363636364,0.00374966520846353,"TF:M09973","TF","Factor: CPBP; motif: GNNRGGGHGGGGNNGGGRN",20092,966
"700","white",TRUE,0.0190570358564821,3412,55,19,0.345454545454545,0.00556858147713951,"TF:M00469_1","TF","Factor: AP-2alpha; motif: GCCNNNRGS; match class: 1",20092,131
"701","white",TRUE,0.0190570358564821,10019,55,39,0.709090909090909,0.00389260405230063,"TF:M00933","TF","Factor: Sp1; motif: CCCCGCCCCN",20092,8062
"702","white",TRUE,0.0191262649825957,11205,55,42,0.763636363636364,0.0037483266398929,"TF:M07206_1","TF","Factor: E2F-1; motif: NGGGCGGGARV; match class: 1",20092,1477
"703","white",TRUE,0.0192635381732896,3141,55,18,0.327272727272727,0.00573065902578797,"TF:M03806","TF","Factor: ZBTB7C; motif: GKCCCGGGCKG",20092,9454
"704","white",TRUE,0.0193596785941143,8540,55,35,0.636363636363636,0.00409836065573771,"TF:M07226","TF","Factor: SP1; motif: NCCCCKCCCCC",20092,8048
"705","white",TRUE,0.0194073997281051,6805,55,30,0.545454545454545,0.00440852314474651,"TF:M00539","TF","Factor: Arnt; motif: NNNNNRTCACGTGAYNNNNN",20092,220
"706","white",TRUE,0.0194073997281051,6805,55,30,0.545454545454545,0.00440852314474651,"TF:M00539_1","TF","Factor: Arnt; motif: NNNNNRTCACGTGAYNNNNN; match class: 1",20092,221
"707","white",TRUE,0.0194073997281051,11216,55,42,0.763636363636364,0.00374465049928673,"TF:M12354","TF","Factor: ZNF37A; motif: CCYYGGCTCCNTSCCMN",20092,10394
"708","white",TRUE,0.0195993231416649,11222,55,42,0.763636363636364,0.00374264836927464,"TF:M04950","TF","Factor: Egr-1; motif: NGCGTGCGY",20092,1654
"709","white",TRUE,0.0196140828230593,1632,55,12,0.218181818181818,0.00735294117647059,"TF:M04797_1","TF","Factor: Egr-1; motif: CCGCCCMCG; match class: 1",20092,1649
"710","white",TRUE,0.0197918060891317,1408,55,11,0.2,0.0078125,"TF:M12585","TF","Factor: ARNTL; motif: NNCCACGTGAC",20092,216
"711","white",TRUE,0.0201436562016585,5521,55,26,0.472727272727273,0.00470929179496468,"TF:M13144_1","TF","Factor: ZNF138; motif: GCAGCRSCNSGSNCMGSGCS; match class: 1",20092,9759
"712","white",TRUE,0.0201436562016585,1412,55,11,0.2,0.00779036827195467,"TF:M10169","TF","Factor: ZNF76; motif: RNNGCMTKCTGGGARNTGTAGT",20092,11586
"713","white",TRUE,0.0202227709622175,14310,55,49,0.890909090909091,0.00342417889587701,"TF:M00450","TF","Factor: Zic3; motif: NGGGKGGTC",20092,9618
"714","white",TRUE,0.0206401503379687,2124,55,14,0.254545454545455,0.00659133709981168,"TF:M09820","TF","Factor: USF2; motif: NNNGGTCACGTGRYNN",20092,9116
"715","white",TRUE,0.0206401503379687,3727,55,20,0.363636363636364,0.00536624631070566,"TF:M07617","TF","Factor: Sp4; motif: SCCCCKCCCCCSN",20092,8116
"716","white",TRUE,0.0206724427557678,3446,55,19,0.345454545454545,0.00551363900174115,"TF:M13142_1","TF","Factor: ZBTB33; motif: GGYGCTG; match class: 1",20092,9377
"717","white",TRUE,0.0208005315116345,3731,55,20,0.363636363636364,0.00536049316537121,"TF:M00428_1","TF","Factor: E2F-1; motif: NKTSSCGC; match class: 1",20092,1485
"718","white",TRUE,0.0209431214110744,8228,55,34,0.618181818181818,0.00413223140495868,"TF:M01652","TF","Factor: p53; motif: RGRCWWGYCYNGRCWWGYYY",20092,6470
"719","white",TRUE,0.0209760158421219,3735,55,20,0.363636363636364,0.00535475234270415,"TF:M01253","TF","Factor: CNOT3; motif: GGCCGCGSSS",20092,934
"720","white",TRUE,0.0211500974303931,3179,55,18,0.327272727272727,0.00566215791129286,"TF:M07067","TF","Factor: USF1; motif: NNNNGTCACGTGGN",20092,9106
"721","white",TRUE,0.0211500974303931,15879,55,52,0.945454545454545,0.00327476541343913,"TF:M11882","TF","Factor: pax-6; motif: NYACGCNYSANYGMNCN",20092,6596
"722","white",TRUE,0.02116301196121,7191,55,31,0.563636363636364,0.00431094423585037,"TF:M02065_1","TF","Factor: ER81; motif: RCCGGAARYN; match class: 1",20092,2005
"723","white",TRUE,0.0212449931257916,4927,55,24,0.436363636363636,0.00487111832758271,"TF:M01034","TF","Factor: Ebox; motif: NCACSTGNCN",20092,1638
"724","white",TRUE,0.0217258676967147,8249,55,34,0.618181818181818,0.00412171172263305,"TF:M02062","TF","Factor: Erg; motif: ACCGGAAGTN",20092,2072
"725","white",TRUE,0.0218250186783098,3468,55,19,0.345454545454545,0.00547866205305652,"TF:M11090_1","TF","Factor: TFEA; motif: YRCACGTGACN; match class: 1",20092,8899
"726","white",TRUE,0.0220281882751626,2397,55,15,0.272727272727273,0.00625782227784731,"TF:M12682","TF","Factor: USF2; motif: NNNSSYCACGTGACNNNNNNNNNSCN",20092,9124
"727","white",TRUE,0.0220460549350523,2657,55,16,0.290909090909091,0.00602182913059842,"TF:M02281_1","TF","Factor: SP1; motif: CCCCKCCCCC; match class: 1",20092,8043
"728","white",TRUE,0.0223738939963668,8265,55,34,0.618181818181818,0.00411373260738052,"TF:M11478_1","TF","Factor: AP-2beta; motif: NSCCNNNGGSN; match class: 1",20092,8805
"729","white",TRUE,0.0224931782267793,14370,55,49,0.890909090909091,0.00340988169798191,"TF:M11417_1","TF","Factor: c-Ets-2; motif: NACCGGAAGYRCTTCCGGTN; match class: 1",20092,2239
"730","white",TRUE,0.022760946410901,7920,55,33,0.6,0.00416666666666667,"TF:M13366","TF","Factor: ZBED4; motif: CCCGCYCCGC",20092,9310
"731","white",TRUE,0.0232061302139155,2413,55,15,0.272727272727273,0.00621632822213013,"TF:M00796","TF","Factor: USF; motif: NRCCACGTGASN",20092,9140
"732","white",TRUE,0.0232061302139155,3490,55,19,0.345454545454545,0.00544412607449857,"TF:M01721_1","TF","Factor: PUR1; motif: GGGNCAGNN; match class: 1",20092,7235
"733","white",TRUE,0.0236010320679158,6905,55,30,0.545454545454545,0.00434467776973208,"TF:M07249","TF","Factor: ctcf; motif: CCNCNAGRKGGCRSTN",20092,1180
"734","white",TRUE,0.0238397971824039,1021,55,9,0.163636363636364,0.00881488736532811,"TF:M02074_1","TF","Factor: GABPalpha; motif: RCCGGAWRYN; match class: 1",20092,2975
"735","white",TRUE,0.0239892628155943,4373,55,22,0.4,0.00503087125543105,"TF:M09897","TF","Factor: Egr-1; motif: NNNNGCGKGGGYGGNRN",20092,1664
"736","white",TRUE,0.0239892628155943,2951,55,17,0.309090909090909,0.00576075906472382,"TF:M12152_1","TF","Factor: Sp1; motif: NWRGCCACGCCCMCN; match class: 1",20092,8059
"737","white",TRUE,0.0240061681835626,4981,55,24,0.436363636363636,0.00481830957639028,"TF:M04744_1","TF","Factor: ATF-3; motif: GGCGCSSNSNGRTSACGTSA; match class: 1",20092,303
"738","white",TRUE,0.0240061681835626,7949,55,33,0.6,0.00415146559315637,"TF:M10435","TF","Factor: Sp2; motif: GGGGCGGGG",20092,8086
"739","white",TRUE,0.0242754173603247,8669,55,35,0.636363636363636,0.00403737455300496,"TF:M09890","TF","Factor: ctcf; motif: YGGCCACCAGRKGGCRSYN",20092,1170
"740","white",TRUE,0.0243050848879517,4085,55,21,0.381818181818182,0.00514075887392901,"TF:M01588_1","TF","Factor: GKLF; motif: GCCMCRCCCNNN; match class: 1",20092,3285
"741","white",TRUE,0.0247150534343977,4091,55,21,0.381818181818182,0.00513321926179418,"TF:M08911_1","TF","Factor: CTCF; motif: NCCRSTAGGGGGCGC; match class: 1",20092,1163
"742","white",TRUE,0.0250900052956477,10568,55,40,0.727272727272727,0.00378501135503407,"TF:M04869_1","TF","Factor: Egr-1; motif: GCGCATGCG; match class: 1",20092,1651
"743","white",TRUE,0.0250900052956477,11774,55,43,0.781818181818182,0.00365211482928486,"TF:M13132","TF","Factor: ZNF609; motif: GNSNGGGNGCTGN",20092,11096
"744","white",TRUE,0.0251966941178015,13056,55,46,0.836363636363636,0.00352328431372549,"TF:M07486","TF","Factor: ZNF300; motif: SWGGGGGSN",20092,10192
"745","white",TRUE,0.0251966941178015,5314,55,25,0.454545454545455,0.00470455400828002,"TF:M00469","TF","Factor: AP-2alpha; motif: GCCNNNRGS",20092,130
"746","white",TRUE,0.0254463943533137,4104,55,21,0.381818181818182,0.00511695906432749,"TF:M03975_1","TF","Factor: ERG; motif: ACCGGAARTN; match class: 1",20092,2075
"747","white",TRUE,0.0255189777252148,10192,55,39,0.709090909090909,0.0038265306122449,"TF:M12597_1","TF","Factor: E2F1; motif: GSGCGGGAAN; match class: 1",20092,1483
"748","white",TRUE,0.0255189777252148,4704,55,23,0.418181818181818,0.00488945578231293,"TF:M01770_1","TF","Factor: XBP-1; motif: WNNGMCACGTC; match class: 1",20092,9229
"749","white",TRUE,0.0260800271923033,11797,55,43,0.781818181818182,0.00364499449012461,"TF:M11877","TF","Factor: pax-2; motif: NCGTCACGCNYSRNYGCNYN",20092,6516
"750","white",TRUE,0.0261376791098681,11799,55,43,0.781818181818182,0.00364437664208831,"TF:M11399_1","TF","Factor: Fli-1; motif: NACCGGAWWTCCGGTY; match class: 1",20092,2537
"751","white",TRUE,0.0261625383480295,652,55,7,0.127272727272727,0.0107361963190184,"TF:M12411","TF","Factor: ZBTB6; motif: NNSCTTGAGCCNN",20092,9436
"752","white",TRUE,0.0265712221564351,6303,55,28,0.509090909090909,0.00444232904965889,"TF:M03896","TF","Factor: EGR1; motif: NACGCCCACGCANW",20092,1646
"753","white",TRUE,0.0266042948801194,2990,55,17,0.309090909090909,0.00568561872909699,"TF:M11414","TF","Factor: GABP-alpha; motif: NACCGGAAGTN",20092,2986
"754","white",TRUE,0.0269339080462692,2994,55,17,0.309090909090909,0.00567802271209085,"TF:M09834_1","TF","Factor: ZNF148; motif: NNNNNNCCNNCCCCTCCCCCACCCN; match class: 1",20092,9777
"755","white",TRUE,0.0271003898010969,5987,55,27,0.490909090909091,0.00450977117087022,"TF:M07601","TF","Factor: C-Myc; motif: NGCCACGTGNN",20092,930
"756","white",TRUE,0.027137362058139,2998,55,17,0.309090909090909,0.0056704469646431,"TF:M08759_1","TF","Factor: c-Ets-2; motif: NCCGGAAGTG; match class: 1",20092,2235
"757","white",TRUE,0.027137362058139,13100,55,46,0.836363636363636,0.00351145038167939,"TF:M02065","TF","Factor: ER81; motif: RCCGGAARYN",20092,2004
"758","white",TRUE,0.0273528772647604,9851,55,38,0.690909090909091,0.00385747639833519,"TF:M04148_1","TF","Factor: TFAP2A; motif: NGCCCYNNGGGCN; match class: 1",20092,8783
"759","white",TRUE,0.0273528772647604,5994,55,27,0.490909090909091,0.0045045045045045,"TF:M07597","TF","Factor: Egr-1; motif: GCGTGGGCGT",20092,1658
"760","white",TRUE,0.027434928830616,5996,55,27,0.490909090909091,0.00450300200133422,"TF:M11480_1","TF","Factor: AP-2alpha; motif: NGCCTSAGGCN; match class: 1",20092,8793
"761","white",TRUE,0.027650265736668,7334,55,31,0.563636363636364,0.00422688846468503,"TF:M00144_1","TF","Factor: Pax-5; motif: RRMSWGANWYCTNRAGCGKRACSRYNSM; match class: 1",20092,6571
"762","white",TRUE,0.0278952169489199,488,55,6,0.109090909090909,0.0122950819672131,"TF:M03939","TF","Factor: ZNF740; motif: CCCCCCCCAC",20092,11514
"763","white",TRUE,0.0279227372764959,2220,55,14,0.254545454545455,0.00630630630630631,"TF:M03922_1","TF","Factor: SP4; motif: NWRGCCACGCCCMCTYN; match class: 1",20092,8109
"764","white",TRUE,0.0279227372764959,7000,55,30,0.545454545454545,0.00428571428571429,"TF:M03982","TF","Factor: ETV4; motif: ACCGGAAGTN",20092,2342
"765","white",TRUE,0.028660735851577,4157,55,21,0.381818181818182,0.00505171999037768,"TF:M09967","TF","Factor: AP-2rep; motif: NGGGGCGGGGC",20092,152
"766","white",TRUE,0.028660735851577,13132,55,46,0.836363636363636,0.00350289369479135,"TF:M13128","TF","Factor: MED8; motif: CYYNSCYYCCTSCNCC",20092,5170
"767","white",TRUE,0.0286762705801496,6678,55,29,0.527272727272727,0.00434261755016472,"TF:M02281","TF","Factor: SP1; motif: CCCCKCCCCC",20092,8042
"768","white",TRUE,0.0286762705801496,4759,55,23,0.418181818181818,0.00483294809833999,"TF:M03925","TF","Factor: YY2; motif: NCCGCCATNTY",20092,9286
"769","white",TRUE,0.0289282471665078,11055,55,41,0.745454545454545,0.00370872908186341,"TF:M07250","TF","Factor: E2F-1; motif: NNNSSCGCSAANN",20092,1490
"770","white",TRUE,0.0289282471665078,8060,55,33,0.6,0.00409429280397022,"TF:M09895","TF","Factor: E2F-6; motif: NGGGCGGGARRNN",20092,1564
"771","white",TRUE,0.0289282471665078,2233,55,14,0.254545454545455,0.00626959247648903,"TF:M02055_1","TF","Factor: ESE-1; motif: NSMGGAARTN; match class: 1",20092,2131
"772","white",TRUE,0.0289282471665078,2233,55,14,0.254545454545455,0.00626959247648903,"TF:M01214_1","TF","Factor: ESE-1; motif: NSMGGAARTN; match class: 1",20092,2135
"773","white",TRUE,0.0289282471665078,7708,55,32,0.581818181818182,0.0041515308770109,"TF:M08281","TF","Factor: Fli-1:C/EBPbeta; motif: RNCGGAWRTTGCGCAAY",20092,2498
"774","white",TRUE,0.0291987771535694,10667,55,40,0.727272727272727,0.003749882816162,"TF:M00736","TF","Factor: E2F-1:DP-1; motif: TTTCSCGC",20092,1460
"775","white",TRUE,0.0291987771535694,10279,55,39,0.709090909090909,0.00379414339916334,"TF:M09896","TF","Factor: E2F-7; motif: GRGGCGGGAANNN",20092,1570
"776","white",TRUE,0.0291987771535694,3307,55,18,0.327272727272727,0.00544299969761113,"TF:M11392_1","TF","Factor: Erg; motif: NACCGGAARYN; match class: 1",20092,2087
"777","white",TRUE,0.0292384954683791,2496,55,15,0.272727272727273,0.00600961538461538,"TF:M01973_1","TF","Factor: PLAG1; motif: CCCCCKWNNNGGSCCC; match class: 1",20092,6827
"778","white",TRUE,0.0292579577047408,1988,55,13,0.236363636363636,0.00653923541247485,"TF:M12153_1","TF","Factor: Sp3; motif: NGCCACGCCCMCN; match class: 1",20092,8101
"779","white",TRUE,0.0293601933905354,203,55,4,0.0727272727272727,0.0197044334975369,"TF:M06798","TF","Factor: PRDM15; motif: NYGGGACTTT",20092,7108
"780","white",TRUE,0.0296346760524558,10292,55,39,0.709090909090909,0.00378935095219588,"TF:M04148","TF","Factor: TFAP2A; motif: NGCCCYNNGGGCN",20092,8782
"781","white",TRUE,0.0296346760524558,3037,55,17,0.309090909090909,0.00559762923938097,"TF:M07348_1","TF","Factor: AP-2alpha; motif: NSCCNCRGGSN; match class: 1",20092,137
"782","white",TRUE,0.0296346760524558,5403,55,25,0.454545454545455,0.00462705904127337,"TF:M11877_1","TF","Factor: pax-2; motif: NCGTCACGCNYSRNYGCNYN; match class: 1",20092,6517
"783","white",TRUE,0.0297142327538143,2771,55,16,0.290909090909091,0.00577408877661494,"TF:M02062_1","TF","Factor: Erg; motif: ACCGGAAGTN; match class: 1",20092,2073
"784","white",TRUE,0.0297142327538143,8081,55,33,0.6,0.00408365301324094,"TF:M11081_1","TF","Factor: SREBP-1; motif: RTCRCGTGAY; match class: 1",20092,8207
"785","white",TRUE,0.0297142327538143,6051,55,27,0.490909090909091,0.0044620723847298,"TF:M00726","TF","Factor: USF2; motif: CASGYG",20092,9128
"786","white",TRUE,0.0297142327538143,6051,55,27,0.490909090909091,0.0044620723847298,"TF:M08950_1","TF","Factor: MAX; motif: CACGTG; match class: 1",20092,5129
"787","white",TRUE,0.0297142327538143,6051,55,27,0.490909090909091,0.0044620723847298,"TF:M00726_1","TF","Factor: USF2; motif: CASGYG; match class: 1",20092,9129
"788","white",TRUE,0.0297142327538143,6051,55,27,0.490909090909091,0.0044620723847298,"TF:M08950","TF","Factor: MAX; motif: CACGTG",20092,5128
"789","white",TRUE,0.0297142327538143,3889,55,20,0.363636363636364,0.00514271020827976,"TF:M04146_1","TF","Factor: TFAP2A; motif: YGCCCNNRGGCN; match class: 1",20092,8779
"790","white",TRUE,0.029841630858919,7050,55,30,0.545454545454545,0.00425531914893617,"TF:M12963","TF","Factor: CTCF; motif: CTGCANTNCCNNNNNNNNCCASNAGRKGGCRSNN",20092,1176
"791","white",TRUE,0.0298631493426081,7739,55,32,0.581818181818182,0.00413490115001938,"TF:M08878","TF","Factor: EGR; motif: CGCCCCCGCNN",20092,1712
"792","white",TRUE,0.0299263289674397,679,55,7,0.127272727272727,0.0103092783505155,"TF:M08312","TF","Factor: GCMa:ER81; motif: ATRNGGGCGGAWGKN",20092,3160
"793","white",TRUE,0.0299401609934351,8093,55,33,0.6,0.00407759792413197,"TF:M08870","TF","Factor: DEC1; motif: NCNCACRTGNSC",20092,1250
"794","white",TRUE,0.0300377367355224,6721,55,29,0.527272727272727,0.00431483410206814,"TF:M07436","TF","Factor: WT1; motif: NNGGGNGGGSGN",20092,9220
"795","white",TRUE,0.0300377367355224,4195,55,21,0.381818181818182,0.00500595947556615,"TF:M13041_1","TF","Factor: TFE3; motif: GTCACGTGAC; match class: 1",20092,8901
"796","white",TRUE,0.0300377367355224,6721,55,29,0.527272727272727,0.00431483410206814,"TF:M11535_1","TF","Factor: E2F-4; motif: TTTTGGCGCCAWWN; match class: 1",20092,1553
"797","white",TRUE,0.0300377367355224,6392,55,28,0.509090909090909,0.00438047559449312,"TF:M12153","TF","Factor: Sp3; motif: NGCCACGCCCMCN",20092,8100
"798","white",TRUE,0.0300377367355224,4194,55,21,0.381818181818182,0.0050071530758226,"TF:M11074","TF","Factor: DEC1; motif: GTCACGTGAC",20092,566
"799","white",TRUE,0.0300377367355224,27,55,2,0.0363636363636364,0.0740740740740741,"TF:M09648_1","TF","Factor: PRDM14; motif: NRGTTAGRGACCYN; match class: 1",20092,7105
"800","white",TRUE,0.0300377367355224,27,55,2,0.0363636363636364,0.0740740740740741,"TF:M08702","TF","Factor: ETV7:T-bet; motif: NCCGGAARYNNNNNTCACACCT",20092,2388
"801","white",TRUE,0.0301271083924955,2517,55,15,0.272727272727273,0.00595947556615018,"TF:M11061_1","TF","Factor: HES-1; motif: GGCRCGTGNC; match class: 1",20092,3469
"802","white",TRUE,0.0302572960848136,505,55,6,0.109090909090909,0.0118811881188119,"TF:M12237","TF","Factor: ZNF740; motif: NYNCCCCCCCCAC",20092,11524
"803","white",TRUE,0.0306341919562783,9567,55,37,0.672727272727273,0.00386746106407442,"TF:M10550_1","TF","Factor: ZNF684; motif: MAAGGGGTGGACTGT; match class: 1",20092,11317
"804","white",TRUE,0.0306346938811124,2012,55,13,0.236363636363636,0.00646123260437376,"TF:M03967_1","TF","Factor: ELF3; motif: WACCCGGAAGTAN; match class: 1",20092,1795
"805","white",TRUE,0.0306346938811124,2524,55,15,0.272727272727273,0.00594294770206022,"TF:M00121","TF","Factor: USF; motif: NNRYCACGTGRYNN",20092,9132
"806","white",TRUE,0.0306346938811124,2524,55,15,0.272727272727273,0.00594294770206022,"TF:M00121_1","TF","Factor: USF; motif: NNRYCACGTGRYNN; match class: 1",20092,9133
"807","white",TRUE,0.030750006300979,11116,55,41,0.745454545454545,0.00368837711406981,"TF:M02070","TF","Factor: TEL1; motif: CNCGGAANNN",20092,8774
"808","white",TRUE,0.0317377112764147,28,55,2,0.0363636363636364,0.0714285714285714,"TF:M11470_1","TF","Factor: PDEF; motif: NAMCCGGATGYN; match class: 1",20092,8149
"809","white",TRUE,0.031821290858425,8851,55,35,0.636363636363636,0.00395435544006327,"TF:M12593","TF","Factor: CTCF; motif: NNRSYGCCMCCTGSTGGCCN",20092,1174
"810","white",TRUE,0.0318939627317693,9593,55,37,0.672727272727273,0.00385697904722193,"TF:M10432","TF","Factor: MAZ; motif: GGGMGGGGS",20092,5150
"811","white",TRUE,0.0318939627317693,9221,55,36,0.654545454545455,0.00390413187289882,"TF:M08266_1","TF","Factor: ER71:Pax-5; motif: ACCGGAACYACGCWTSANTG; match class: 1",20092,2307
"812","white",TRUE,0.0318939627317693,11136,55,41,0.745454545454545,0.00368175287356322,"TF:M11430","TF","Factor: PEA3; motif: NACCGGAAGTN",20092,6702
"813","white",TRUE,0.031966589256652,12791,55,45,0.818181818181818,0.00351809866312251,"TF:M09817","TF","Factor: PAX5; motif: RNGCGTGACCNN",20092,6582
"814","white",TRUE,0.0322876691903494,1,55,1,0.0181818181818182,1,"TF:M03991_1","TF","Factor: SPDEF; motif: AMCCGGATGTN; match class: 1",20092,8141
"815","white",TRUE,0.0333046269084544,12811,55,45,0.818181818181818,0.0035126063539146,"TF:M11052","TF","Factor: Hey2; motif: NNCACGYGNN",20092,3516
"816","white",TRUE,0.0333257848410318,8159,55,33,0.6,0.00404461331045471,"TF:M07415","TF","Factor: Elf-1; motif: AWCCCGGAAGTN",20092,1740
"817","white",TRUE,0.0335535069495605,6783,55,29,0.527272727272727,0.00427539436827363,"TF:M02012","TF","Factor: HIF-1alpha; motif: NCACGT",20092,3552
"818","white",TRUE,0.033577105093557,2039,55,13,0.236363636363636,0.00637567435017165,"TF:M12643","TF","Factor: NFYB; motif: RGCCAATSRGNRNNNNSNG",20092,5922
"819","white",TRUE,0.0336607256600962,1325,55,10,0.181818181818182,0.00754716981132075,"TF:M02056_1","TF","Factor: ELF4; motif: NCCGGAARTN; match class: 1",20092,1813
"820","white",TRUE,0.0337071418917673,2824,55,16,0.290909090909091,0.0056657223796034,"TF:M09904_1","TF","Factor: Elk-1; motif: RCCGGAAGTGN; match class: 1",20092,1897
"821","white",TRUE,0.0339649274635687,16718,55,53,0.963636363636364,0.0031702356741237,"TF:M11603","TF","Factor: TCF-1; motif: ACATCGRGRCGCTGW",20092,8632
"822","white",TRUE,0.0343089922819389,4257,55,21,0.381818181818182,0.00493305144467935,"TF:M13041","TF","Factor: TFE3; motif: GTCACGTGAC",20092,8900
"823","white",TRUE,0.0343089922819389,5809,55,26,0.472727272727273,0.00447581339301085,"TF:M12601","TF","Factor: ELF4; motif: NCCACTTCCGGNNNN",20092,1824
"824","white",TRUE,0.0343257286072523,2047,55,13,0.236363636363636,0.00635075720566683,"TF:M12693","TF","Factor: ZBTB5; motif: NNNGNNNYCNCYNNGGTCCGN",20092,9434
"825","white",TRUE,0.0345813156501041,2304,55,14,0.254545454545455,0.00607638888888889,"TF:M13146_1","TF","Factor: ZNF232; motif: NCAGCASCNNGGNCAGCGCC; match class: 1",20092,9987
"826","white",TRUE,0.0345813156501041,10019,55,38,0.690909090909091,0.00379279369198523,"TF:M12725","TF","Factor: PHB; motif: NCCCAGCCCCY",20092,6726
"827","white",TRUE,0.0347219658784235,6806,55,29,0.527272727272727,0.00426094622392007,"TF:M00615_1","TF","Factor: c-Myc:Max; motif: NNNNNNNCACGTGNNNNNNN; match class: 1",20092,5551
"828","white",TRUE,0.0347219658784235,6806,55,29,0.527272727272727,0.00426094622392007,"TF:M00615","TF","Factor: c-Myc:Max; motif: NNNNNNNCACGTGNNNNNNN",20092,5550
"829","white",TRUE,0.0354816965121281,5507,55,25,0.454545454545455,0.00453967677501362,"TF:M09901","TF","Factor: nerf; motif: NNNCCGGAAGTGN",20092,5658
"830","white",TRUE,0.0357557149969003,221,55,4,0.0727272727272727,0.0180995475113122,"TF:M11472","TF","Factor: PDEF; motif: NAMCCGGATGTN",20092,8152
"831","white",TRUE,0.0359239042437656,2061,55,13,0.236363636363636,0.00630761766132945,"TF:M03982_1","TF","Factor: ETV4; motif: ACCGGAAGTN; match class: 1",20092,2343
"832","white",TRUE,0.0361299708724622,2850,55,16,0.290909090909091,0.0056140350877193,"TF:M12642","TF","Factor: NFYA; motif: NNRGCCAATSRGMRSSNNSN",20092,5914
"833","white",TRUE,0.0363425822988483,17373,55,54,0.981818181818182,0.00310827145570713,"TF:M11018","TF","Factor: IRX-1; motif: NACRYNNNNNNNNRYGNN",20092,4528
"834","white",TRUE,0.0364301519741422,9674,55,37,0.672727272727273,0.00382468472193508,"TF:M01752","TF","Factor: ERG; motif: ACCGGAART",20092,2070
"835","white",TRUE,0.0364301519741422,9673,55,37,0.672727272727273,0.00382508011992143,"TF:M13032","TF","Factor: ETV5; motif: ACCGGAAGTN",20092,2382
"836","white",TRUE,0.0364301519741422,2588,55,15,0.272727272727273,0.00579598145285935,"TF:M05386_1","TF","Factor: KLF17; motif: NGGGCGG; match class: 1",20092,4717
"837","white",TRUE,0.0364301519741422,31,55,2,0.0363636363636364,0.0645161290322581,"TF:M05319_1","TF","Factor: KLF7; motif: NGGGCGGGGG; match class: 1",20092,4747
"838","white",TRUE,0.0364301519741422,31,55,2,0.0363636363636364,0.0645161290322581,"TF:M05318_1","TF","Factor: KLF8; motif: NGGGCGGGGG; match class: 1",20092,4749
"839","white",TRUE,0.0364301519741422,2588,55,15,0.272727272727273,0.00579598145285935,"TF:M05499_1","TF","Factor: LKLF; motif: NGGGCGG; match class: 1",20092,4919
"840","white",TRUE,0.0364301519741422,7515,55,31,0.563636363636364,0.00412508316699933,"TF:M03920","TF","Factor: SP1; motif: RCCMCRCCCMC",20092,8044
"841","white",TRUE,0.0364301519741422,7174,55,30,0.545454545454545,0.00418176749372735,"TF:M09834","TF","Factor: ZNF148; motif: NNNNNNCCNNCCCCTCCCCCACCCN",20092,9776
"842","white",TRUE,0.0367886262457922,5532,55,25,0.454545454545455,0.00451916124367317,"TF:M12158_1","TF","Factor: KLF15; motif: NCCMCGCCCMCN; match class: 1",20092,4701
"843","white",TRUE,0.0367886262457922,4904,55,23,0.418181818181818,0.00469004893964111,"TF:M03970","TF","Factor: ELK1; motif: ACCGGAAGTN",20092,1892
"844","white",TRUE,0.0367886262457922,7524,55,31,0.563636363636364,0.00412014885699096,"TF:M00245","TF","Factor: Egr-3; motif: NTGCGTGGGCGK",20092,1692
"845","white",TRUE,0.0376733524661834,8957,55,35,0.636363636363636,0.0039075583342637,"TF:M11404","TF","Factor: Fli-1; motif: NACCGGAARTN",20092,2544
"846","white",TRUE,0.0382478458309282,9332,55,36,0.654545454545455,0.00385769395627947,"TF:M11391_1","TF","Factor: Erg; motif: NACCGGATATCCGGTN; match class: 1",20092,2085
"847","white",TRUE,0.0389056775338363,5556,55,25,0.454545454545455,0.0044996400287977,"TF:M12140","TF","Factor: Egr-1; motif: NNCRCCCMCGCNN",20092,1668
"848","white",TRUE,0.0389056775338363,2088,55,13,0.236363636363636,0.00622605363984674,"TF:M02102","TF","Factor: NRF-1; motif: YGCGCMTGCGC",20092,6228
"849","white",TRUE,0.0394024075723033,2349,55,14,0.254545454545455,0.00595998297147722,"TF:M10436_1","TF","Factor: YY1; motif: CAANATGGCGGC; match class: 1",20092,9269
"850","white",TRUE,0.0396112228487501,730,55,7,0.127272727272727,0.00958904109589041,"TF:M11470","TF","Factor: PDEF; motif: NAMCCGGATGYN",20092,8148
"851","white",TRUE,0.0396112228487501,2351,55,14,0.254545454545455,0.00595491280306253,"TF:M01045_1","TF","Factor: AP-2alphaA; motif: ANNGCCTNAGGSNNT; match class: 1",20092,133
"852","white",TRUE,0.0396996792692748,15206,55,50,0.909090909090909,0.00328817572011048,"TF:M11601","TF","Factor: TCF-1; motif: ACATCGRGRCGCTGW",20092,8628
"853","white",TRUE,0.0403703612050445,11281,55,41,0.745454545454545,0.00363442957184647,"TF:M01770","TF","Factor: XBP-1; motif: WNNGMCACGTC",20092,9228
"854","white",TRUE,0.0404818254038907,4036,55,20,0.363636363636364,0.00495540138751239,"TF:M08980_1","TF","Factor: VDR:RXR-ALPHA; motif: NRGGTCANNNGGTTCNN; match class: 1",20092,9161
"855","white",TRUE,0.0407387724323195,9741,55,37,0.672727272727273,0.00379837798993943,"TF:M09910","TF","Factor: ER-beta; motif: RGGTCASCNTGMCCY",20092,2166
"856","white",TRUE,0.0408963619890433,5264,55,24,0.436363636363636,0.00455927051671732,"TF:M12694_1","TF","Factor: ZFP14; motif: SCNNYCCNGNNSCTSCNC; match class: 1",20092,9499
"857","white",TRUE,0.0409224242560955,7237,55,30,0.545454545454545,0.00414536410114688,"TF:M02066","TF","Factor: PEA3; motif: RCCGGAAGYN",20092,6690
"858","white",TRUE,0.0410204792954682,6899,55,29,0.527272727272727,0.00420350775474706,"TF:M11482","TF","Factor: AP-2gamma; motif: NSCCYNNRGSN",20092,8838
"859","white",TRUE,0.0414275801344039,9753,55,37,0.672727272727273,0.00379370450117912,"TF:M11052_1","TF","Factor: Hey2; motif: NNCACGYGNN; match class: 1",20092,3517
"860","white",TRUE,0.0414275801344039,551,55,6,0.109090909090909,0.0108892921960073,"TF:M11276","TF","Factor: XBP-1; motif: NNMCACGTCANN",20092,9238
"861","white",TRUE,0.0417771453561471,9386,55,36,0.654545454545455,0.00383549968037503,"TF:M08911","TF","Factor: CTCF; motif: NCCRSTAGGGGGCGC",20092,1162
"862","white",TRUE,0.0417771453561471,383,55,5,0.0909090909090909,0.0130548302872063,"TF:M12234","TF","Factor: ZNF740; motif: CYGCCCCCCCCAC",20092,11518
"863","white",TRUE,0.0417771453561471,11304,55,41,0.745454545454545,0.00362703467799009,"TF:M11081","TF","Factor: SREBP-1; motif: RTCRCGTGAY",20092,8206
"864","white",TRUE,0.042516502274246,2914,55,16,0.290909090909091,0.00549073438572409,"TF:M12616","TF","Factor: HMGXB3; motif: NRGCCAATSRGNRNNS",20092,3608
"865","white",TRUE,0.0430746520434444,2380,55,14,0.254545454545455,0.00588235294117647,"TF:M10115_1","TF","Factor: LRF; motif: NRGGGKCKY; match class: 1",20092,9441
"866","white",TRUE,0.0434052560663272,238,55,4,0.0727272727272727,0.0168067226890756,"TF:M00483_1","TF","Factor: ATF6; motif: TGACGTGG; match class: 1",20092,359
"867","white",TRUE,0.0435131266898175,1872,55,12,0.218181818181818,0.00641025641025641,"TF:M09991","TF","Factor: N-Myc; motif: NGCCACGTGSNN",20092,6076
"868","white",TRUE,0.0435131266898175,4369,55,21,0.381818181818182,0.00480659189745937,"TF:M02011","TF","Factor: HES-1; motif: GSCACGMGMC",20092,3476
"869","white",TRUE,0.0436505246570758,7619,55,31,0.563636363636364,0.00406877542984644,"TF:M07486_1","TF","Factor: ZNF300; motif: SWGGGGGSN; match class: 1",20092,10193
"870","white",TRUE,0.0436600588987122,2386,55,14,0.254545454545455,0.00586756077116513,"TF:M00341_1","TF","Factor: GABP; motif: VCCGGAAGNGCR; match class: 1",20092,3001
"871","white",TRUE,0.0441496255473509,4990,55,23,0.418181818181818,0.00460921843687375,"TF:M10026_1","TF","Factor: PATZ; motif: GGGGNGGGGGMKGGRRNGGNRN; match class: 1",20092,6501
"872","white",TRUE,0.0448032339073301,6280,55,27,0.490909090909091,0.00429936305732484,"TF:M11432","TF","Factor: Elk-1; motif: NACMGGAAGTN",20092,1898
"873","white",TRUE,0.0448032339073301,3787,55,19,0.345454545454545,0.00501716398204383,"TF:M01752_1","TF","Factor: ERG; motif: ACCGGAART; match class: 1",20092,2071
"874","white",TRUE,0.0450666166822469,1401,55,10,0.181818181818182,0.00713775874375446,"TF:M09901_1","TF","Factor: nerf; motif: NNNCCGGAAGTGN; match class: 1",20092,5659
"875","white",TRUE,0.0450797664260589,4086,55,20,0.363636363636364,0.0048947626040137,"TF:M09972_1","TF","Factor: BTEB2; motif: WGGGTGKGGCNGGN; match class: 1",20092,633
"876","white",TRUE,0.0451275646398165,4087,55,20,0.363636363636364,0.00489356496207487,"TF:M10086_1","TF","Factor: TAFII250; motif: RARRWGGCGGMGGNGR; match class: 1",20092,8393
"877","white",TRUE,0.0452820762120225,4389,55,21,0.381818181818182,0.00478468899521531,"TF:M11449","TF","Factor: Elf-1; motif: NANCCGGAAGTN",20092,1754
"878","white",TRUE,0.0453946222795242,1405,55,10,0.181818181818182,0.00711743772241993,"TF:M09989","TF","Factor: MITF; motif: TCACGTGACC",20092,5346
"879","white",TRUE,0.0453946222795242,3220,55,17,0.309090909090909,0.00527950310559006,"TF:M12697","TF","Factor: ZNF142; motif: SNSCGCCCGCCCGCSCSS",20092,9772
"880","white",TRUE,0.0453946222795242,2401,55,14,0.254545454545455,0.00583090379008746,"TF:M09670","TF","Factor: USF2; motif: NGGTCACGTGNNSNNNNNN",20092,9114
"881","white",TRUE,0.0453946222795242,4697,55,22,0.4,0.00468384074941452,"TF:M09896_1","TF","Factor: E2F-7; motif: GRGGCGGGAANNN; match class: 1",20092,1571
"882","white",TRUE,0.0463815758657199,6634,55,28,0.509090909090909,0.00422068133855894,"TF:M04107_1","TF","Factor: RUNX2; motif: WRACCGCANWAACCGCAN; match class: 1",20092,7563
"883","white",TRUE,0.0463815758657199,4707,55,22,0.4,0.0046738899511366,"TF:M02074","TF","Factor: GABPalpha; motif: RCCGGAWRYN",20092,2974
"884","white",TRUE,0.0463815758657199,3230,55,17,0.309090909090909,0.00526315789473684,"TF:M03983","TF","Factor: ETV5; motif: NCCGGAWGYN",20092,2378
"885","white",TRUE,0.0463887466030103,11775,55,42,0.763636363636364,0.00356687898089172,"TF:M04710_1","TF","Factor: CHD2; motif: TCTCGCGAG; match class: 1",20092,857
"886","white",TRUE,0.0464286235895339,8364,55,33,0.6,0.0039454806312769,"TF:M11066_1","TF","Factor: HES-7; motif: GNCACGYGNN; match class: 1",20092,3493
"887","white",TRUE,0.0464286235895339,3232,55,17,0.309090909090909,0.00525990099009901,"TF:M02023_1","TF","Factor: MAZ; motif: NKGGGAGGGGRGGR; match class: 1",20092,5159
"888","white",TRUE,0.0465062332266987,122,55,3,0.0545454545454545,0.0245901639344262,"TF:M07256_1","TF","Factor: FXR:RXR; motif: RGGTCANTGACCTN; match class: 1",20092,2965
"889","white",TRUE,0.0465733442658365,6308,55,27,0.490909090909091,0.00428027901077996,"TF:M11090","TF","Factor: TFEA; motif: YRCACGTGACN",20092,8898
"890","white",TRUE,0.0470550808993553,6313,55,27,0.490909090909091,0.00427688895929035,"TF:M02044","TF","Factor: YY1; motif: GCCGCCATTTTG",20092,9254
"891","white",TRUE,0.0470939469449337,10217,55,38,0.690909090909091,0.00371929137711657,"TF:M03975","TF","Factor: ERG; motif: ACCGGAARTN",20092,2074
"892","white",TRUE,0.0478494743545971,6654,55,28,0.509090909090909,0.00420799519086264,"TF:M11073","TF","Factor: DEC1; motif: GTCACGTGAC",20092,564
"893","white",TRUE,0.0479791626342418,401,55,5,0.0909090909090909,0.0124688279301746,"TF:M13090","TF","Factor: GLI3; motif: RGACCACCCACGWNGN",20092,3328
"894","white",TRUE,0.0482446039109166,4423,55,21,0.381818181818182,0.00474790865928103,"TF:M13141","TF","Factor: MAD5; motif: SSNSSSNSSSSGCCACGTGC",20092,5336
"895","white",TRUE,0.0482446039109166,4730,55,22,0.4,0.00465116279069767,"TF:M12155","TF","Factor: Sp2; motif: NTWAGTCCCGCCCMCTT",20092,8088
"896","white",TRUE,0.0482446039109166,249,55,4,0.0727272727272727,0.0160642570281124,"TF:M05884","TF","Factor: znf439; motif: NTAACCWTTTCT",20092,10556
"897","white",TRUE,0.0482596888618999,16908,55,53,0.963636363636364,0.00313461083510764,"TF:M01240","TF","Factor: BEN; motif: CAGCGRNV",20092,512
"898","white",TRUE,0.0483721778769962,13485,55,46,0.836363636363636,0.00341119762699296,"TF:M11533","TF","Factor: E2F-1; motif: NTTTTGGCGCCAWWWN",20092,1480
"899","white",TRUE,0.0486703380638975,2429,55,14,0.254545454545455,0.00576368876080692,"TF:M01702","TF","Factor: GLI1; motif: GACCACCCAMG",20092,3294
"900","white",TRUE,0.0486958360078583,8042,55,32,0.581818181818182,0.0039791096742104,"TF:M00940","TF","Factor: E2F-1; motif: NTTTCGCGCS",20092,1496
"901","white",TRUE,0.0489112548703789,2169,55,13,0.236363636363636,0.00599354541263255,"TF:M08885_1","TF","Factor: HAIRYLIKE; motif: NNNNCANGTG; match class: 1",20092,3435
"902","white",TRUE,0.0489925037568646,5366,55,24,0.436363636363636,0.00447260529258293,"TF:M11073_1","TF","Factor: DEC1; motif: GTCACGTGAC; match class: 1",20092,565
"903","white",TRUE,0.0492820058558043,5369,55,24,0.436363636363636,0.00447010616502142,"TF:M07409","TF","Factor: BTEB2; motif: GCCCCRCCCH",20092,4744
"904","white",TRUE,0.0493113711020108,12228,55,43,0.781818181818182,0.00351651946352633,"TF:M11401","TF","Factor: Fli-1; motif: NACCGGATATCCGGTN",20092,2540
"905","white",TRUE,0.0493632673572986,5691,55,25,0.454545454545455,0.00439290107186786,"TF:M04152_1","TF","Factor: TFAP2C; motif: NGCCCNNRGGCA; match class: 1",20092,8827
"906","white",TRUE,0.0493995787136544,5692,55,25,0.454545454545455,0.00439212930428672,"TF:M07250_1","TF","Factor: E2F-1; motif: NNNSSCGCSAANN; match class: 1",20092,1491
