"","query","significant","p_value","term_size","query_size","intersection_size","precision","recall","term_id","source","term_name","effective_domain_size","source_order"
"1","yellow",TRUE,0.00128059779876034,621,248,24,0.0967741935483871,0.0386473429951691,"GO:0006281","GO:BP","DNA repair",21026,2088
"2","yellow",TRUE,0.00393204445364656,1005,248,30,0.120967741935484,0.0298507462686567,"GO:0006259","GO:BP","DNA metabolic process",21026,2071
"3","yellow",TRUE,0.00393204445364656,908,248,28,0.112903225806452,0.0308370044052863,"GO:0006974","GO:BP","DNA damage response",21026,2590
"4","yellow",TRUE,0.00654979295746387,1280,248,34,0.137096774193548,0.0265625,"GO:0022402","GO:BP","cell cycle process",21026,6561
"5","yellow",TRUE,0.00706530509266957,5390,248,94,0.379032258064516,0.0174397031539889,"GO:0080090","GO:BP","regulation of primary metabolic process",21026,17565
"6","yellow",TRUE,0.00706530509266957,1663,248,40,0.161290322580645,0.0240529164161155,"GO:0007049","GO:BP","cell cycle",21026,2636
"7","yellow",TRUE,0.00827180132567148,347,248,15,0.0604838709677419,0.0432276657060519,"GO:0006310","GO:BP","DNA recombination",21026,2107
"8","yellow",TRUE,0.0166300531366822,17,248,4,0.0161290322580645,0.235294117647059,"GO:0031573","GO:BP","mitotic intra-S DNA damage checkpoint signaling",21026,7182
"9","yellow",TRUE,0.0191277785708779,427,248,16,0.0645161290322581,0.0374707259953162,"GO:0007059","GO:BP","chromosome segregation",21026,2645
"10","yellow",TRUE,0.03821942352908,319,248,13,0.0524193548387097,0.0407523510971787,"GO:0006302","GO:BP","double-strand break repair",21026,2101
"11","yellow",TRUE,0.0399700798294191,4721,248,81,0.326612903225806,0.0171573819106122,"GO:0019538","GO:BP","protein metabolic process",21026,5841
"12","yellow",TRUE,0.0474720089825473,103,248,7,0.0282258064516129,0.0679611650485437,"GO:0042147","GO:BP","retrograde transport, endosome to Golgi",21026,9898
"13","yellow",TRUE,0.0474720089825473,3990,248,70,0.282258064516129,0.0175438596491228,"GO:0019219","GO:BP","regulation of nucleobase-containing compound metabolic process",21026,5566
"14","yellow",TRUE,0.0474720089825473,70,248,6,0.0241935483870968,0.0857142857142857,"GO:0044773","GO:BP","mitotic DNA damage checkpoint signaling",21026,11002
"15","yellow",TRUE,0.0474720089825473,74,248,6,0.0241935483870968,0.0810810810810811,"GO:0044774","GO:BP","mitotic DNA integrity checkpoint signaling",21026,11003
"16","yellow",TRUE,0.0474720089825473,12342,248,173,0.69758064516129,0.0140171771187814,"GO:0044238","GO:BP","primary metabolic process",21026,10839
"17","yellow",TRUE,0.0474720089825473,6492,248,103,0.415322580645161,0.0158656808379544,"GO:0060255","GO:BP","regulation of macromolecule metabolic process",21026,14264
"18","yellow",TRUE,2.98752228625936e-05,4255,257,85,0.330739299610895,0.0199764982373678,"GO:0005654","GO:CC","nucleoplasm",22149,247
"19","yellow",TRUE,2.98752228625936e-05,419,257,20,0.0778210116731518,0.0477326968973747,"GO:0016607","GO:CC","nuclear speck",22149,747
"20","yellow",TRUE,3.5106068155776e-05,894,257,30,0.116731517509728,0.0335570469798658,"GO:0016604","GO:CC","nuclear body",22149,744
"21","yellow",TRUE,0.00187807337206325,17944,257,233,0.906614785992218,0.0129848417298261,"GO:0005622","GO:CC","intracellular anatomical structure",22149,232
"22","yellow",TRUE,0.0114190218352278,5540,257,91,0.35408560311284,0.0164259927797834,"GO:0031981","GO:CC","nuclear lumen",22149,1198
"23","yellow",TRUE,0.0114190218352278,2474,257,49,0.190661478599222,0.0198059822150364,"GO:0005856","GO:CC","cytoskeleton",22149,386
"24","yellow",TRUE,0.0182299558444933,886,257,23,0.0894941634241245,0.0259593679458239,"GO:0005815","GO:CC","microtubule organizing center",22149,355
"25","yellow",TRUE,0.0182299558444933,12527,257,173,0.673151750972763,0.0138101700327293,"GO:0005737","GO:CC","cytoplasm",22149,304
"26","yellow",TRUE,0.0182299558444933,1436,257,32,0.124513618677043,0.0222841225626741,"GO:0015630","GO:CC","microtubule cytoskeleton",22149,687
"27","yellow",TRUE,0.0240516342845093,235,257,10,0.0389105058365759,0.0425531914893617,"GO:0000228","GO:CC","nuclear chromosome",22149,37
"28","yellow",TRUE,0.0333872800709168,4,257,2,0.00778210116731518,0.5,"GO:0048476","GO:CC","Holliday junction resolvase complex",22149,2169
"29","yellow",TRUE,0.0333872800709168,4,257,2,0.00778210116731518,0.5,"GO:0030905","GO:CC","retromer, tubulation complex",22149,972
"30","yellow",TRUE,0.0333872800709168,94,257,6,0.0233463035019455,0.0638297872340425,"GO:0005684","GO:CC","U2-type spliceosomal complex",22149,269
"31","yellow",TRUE,0.0385697782573863,98,257,6,0.0233463035019455,0.0612244897959184,"GO:0035861","GO:CC","site of double-strand break",22149,1615
"32","yellow",TRUE,0.0444768698719866,5,257,2,0.00778210116731518,0.4,"GO:1905347","GO:CC","endodeoxyribonuclease complex",22149,3684
"33","yellow",TRUE,0.0444768698719866,5,257,2,0.00778210116731518,0.4,"GO:0097422","GO:CC","tubular endosome",22149,2923
"34","yellow",TRUE,2.11772492606675e-05,15123,264,233,0.882575757575758,0.0154069959664088,"GO:0005515","GO:MF","protein binding",20246,1462
"35","yellow",TRUE,0.00312168598549766,260,264,14,0.053030303030303,0.0538461538461538,"GO:0140097","GO:MF","catalytic activity, acting on DNA",20246,9293
"36","yellow",TRUE,0.0159326564818661,2406,264,52,0.196969696969697,0.0216126350789692,"GO:0000166","GO:MF","nucleotide binding",20246,31
"37","yellow",TRUE,0.0159326564818661,6577,264,113,0.428030303030303,0.017181085601338,"GO:0036094","GO:MF","small molecule binding",20246,4911
"38","yellow",TRUE,0.0159326564818661,2087,264,46,0.174242424242424,0.0220412074748443,"GO:0035639","GO:MF","purine ribonucleoside triphosphate binding",20246,4867
"39","yellow",TRUE,0.0159326564818661,1558,264,38,0.143939393939394,0.024390243902439,"GO:0032559","GO:MF","adenyl ribonucleotide binding",20246,4212
"40","yellow",TRUE,0.0159326564818661,626,264,20,0.0757575757575758,0.0319488817891374,"GO:0140657","GO:MF","ATP-dependent activity",20246,9453
"41","yellow",TRUE,0.0159326564818661,1651,264,40,0.151515151515152,0.0242277407631738,"GO:0030554","GO:MF","adenyl nucleotide binding",20246,3707
"42","yellow",TRUE,0.0159326564818661,290,264,13,0.0492424242424242,0.0448275862068966,"GO:0120543","GO:MF","macromolecular conformation isomerase activity",20246,9242
"43","yellow",TRUE,0.0159326564818661,1516,264,38,0.143939393939394,0.025065963060686,"GO:0005524","GO:MF","ATP binding",20246,1470
"44","yellow",TRUE,0.0159326564818661,18498,264,256,0.96969696969697,0.0138393339820521,"GO:0005488","GO:MF","binding",20246,1450
"45","yellow",TRUE,0.0159326564818661,2424,264,52,0.196969696969697,0.0214521452145215,"GO:1901265","GO:MF","nucleoside phosphate binding",20246,9873
"46","yellow",TRUE,0.0160415300850701,6377,264,110,0.416666666666667,0.0172494903559668,"GO:0043167","GO:MF","ion binding",20246,5224
"47","yellow",TRUE,0.0161950223001145,2164,264,47,0.178030303030303,0.0217190388170055,"GO:0032553","GO:MF","ribonucleotide binding",20246,4206
"48","yellow",TRUE,0.0175777690471884,2241,264,48,0.181818181818182,0.0214190093708166,"GO:0017076","GO:MF","purine nucleotide binding",20246,3071
"49","yellow",TRUE,0.0175777690471884,2558,264,53,0.200757575757576,0.0207193119624707,"GO:1901363","GO:MF","heterocyclic compound binding",20246,9876
"50","yellow",TRUE,0.0210261562502318,2147,264,46,0.174242424242424,0.0214252445272473,"GO:0032555","GO:MF","purine ribonucleotide binding",20246,4208
"51","yellow",TRUE,0.0229132504779501,2536,264,52,0.196969696969697,0.0205047318611987,"GO:0097367","GO:MF","carbohydrate derivative binding",20246,8439
"52","yellow",TRUE,0.0321271202343612,645,264,19,0.071969696969697,0.0294573643410853,"GO:0140640","GO:MF","catalytic activity, acting on a nucleic acid",20246,9450
"53","yellow",TRUE,0.0380659189729799,411,264,14,0.053030303030303,0.0340632603406326,"GO:0016887","GO:MF","ATP hydrolysis activity",20246,2998
"54","yellow",TRUE,0.0271530654846339,4,70,3,0.0428571428571429,0.75,"HP:0040183","HP","Encopresis",5080,15287
"55","yellow",TRUE,1.23762424035438e-07,7007,171,146,0.853801169590643,0.0208363065505923,"HPA:0270361","HPA","Kidney; cells in tubules[≥Low]",10995,414
"56","yellow",TRUE,3.66058818813778e-06,7397,171,147,0.859649122807018,0.0198729214546438,"HPA:0020051","HPA","Adrenal gland; glandular cells[≥Low]",10995,16
"57","yellow",TRUE,3.66058818813778e-06,7404,171,147,0.859649122807018,0.0198541329011345,"HPA:0020000","HPA","Adrenal gland",10995,6
"58","yellow",TRUE,3.67731480893481e-06,6888,171,140,0.818713450292398,0.0203252032520325,"HPA:0420000","HPA","Salivary gland",10995,614
"59","yellow",TRUE,3.67731480893481e-06,6888,171,140,0.818713450292398,0.0203252032520325,"HPA:0420051","HPA","Salivary gland; glandular cells[≥Low]",10995,615
"60","yellow",TRUE,1.31472990500514e-05,5292,171,116,0.678362573099415,0.0219198790627362,"HPA:0460671","HPA","Skin 1; melanocytes[≥Low]",10995,682
"61","yellow",TRUE,1.6961781723124e-05,6905,171,138,0.807017543859649,0.0199855177407676,"HPA:0170000","HPA","Endometrium 2",10995,313
"62","yellow",TRUE,1.6961781723124e-05,5493,171,118,0.690058479532164,0.0214818860367741,"HPA:0030052","HPA","Appendix; glandular cells[≥Medium]",10995,39
"63","yellow",TRUE,1.6961781723124e-05,5975,171,125,0.730994152046784,0.0209205020920502,"HPA:0130052","HPA","Colon; glandular cells[≥Medium]",10995,232
"64","yellow",TRUE,1.6961781723124e-05,7286,171,143,0.83625730994152,0.0196266813066154,"HPA:0610831","HPA","Urinary bladder; urothelial cells[≥Low]",10995,868
"65","yellow",TRUE,1.6961781723124e-05,8216,171,154,0.900584795321637,0.0187439143135346,"HPA:0270000","HPA","Kidney",10995,407
"66","yellow",TRUE,1.6961781723124e-05,7286,171,143,0.83625730994152,0.0196266813066154,"HPA:0610000","HPA","Urinary bladder",10995,867
"67","yellow",TRUE,1.82919278295172e-05,6814,171,136,0.795321637426901,0.0199589081303199,"HPA:0430000","HPA","Seminal vesicle",10995,618
"68","yellow",TRUE,1.82919278295172e-05,6814,171,136,0.795321637426901,0.0199589081303199,"HPA:0430051","HPA","Seminal vesicle; glandular cells[≥Low]",10995,619
"69","yellow",TRUE,1.82919278295172e-05,6738,171,135,0.789473684210526,0.0200356188780053,"HPA:0030051","HPA","Appendix; glandular cells[≥Low]",10995,38
"70","yellow",TRUE,1.82919278295172e-05,7500,171,145,0.847953216374269,0.0193333333333333,"HPA:0380000","HPA","Placenta",10995,532
"71","yellow",TRUE,1.82919278295172e-05,5814,171,122,0.713450292397661,0.020983832129343,"HPA:0270362","HPA","Kidney; cells in tubules[≥Medium]",10995,415
"72","yellow",TRUE,1.82919278295172e-05,4369,171,100,0.584795321637427,0.0228885328450446,"HPA:0241102","HPA","Heart muscle; cardiomyocytes[≥Medium]",10995,379
"73","yellow",TRUE,2.40591458147506e-05,7454,171,144,0.842105263157895,0.0193184867185404,"HPA:0210000","HPA","Fallopian tube",10995,341
"74","yellow",TRUE,2.68820619698958e-05,7322,171,142,0.830409356725146,0.0193936083037421,"HPA:0180051","HPA","Epididymis; glandular cells[≥Low]",10995,321
"75","yellow",TRUE,2.68820619698958e-05,7322,171,142,0.830409356725146,0.0193936083037421,"HPA:0180000","HPA","Epididymis",10995,320
"76","yellow",TRUE,2.68820619698958e-05,7093,171,139,0.812865497076023,0.0195967855632314,"HPA:0150051","HPA","Duodenum; glandular cells[≥Low]",10995,272
"77","yellow",TRUE,2.68820619698958e-05,7391,171,143,0.83625730994152,0.0193478554999323,"HPA:0350000","HPA","Pancreas",10995,514
"78","yellow",TRUE,2.91498858455679e-05,5678,171,119,0.695906432748538,0.0209580838323353,"HPA:0470681","HPA","Skin 2; epidermal cells[≥Low]",10995,713
"79","yellow",TRUE,2.91498858455679e-05,7111,171,139,0.812865497076023,0.0195471804246941,"HPA:0590000","HPA","Thyroid gland",10995,853
"80","yellow",TRUE,2.91498858455679e-05,7421,171,143,0.83625730994152,0.0192696402102143,"HPA:0060000","HPA","Bronchus",10995,64
"81","yellow",TRUE,2.91498858455679e-05,7111,171,139,0.812865497076023,0.0195471804246941,"HPA:0590051","HPA","Thyroid gland; glandular cells[≥Low]",10995,854
"82","yellow",TRUE,3.23445342948126e-05,7050,171,138,0.807017543859649,0.0195744680851064,"HPA:0400051","HPA","Rectum; glandular cells[≥Low]",10995,577
"83","yellow",TRUE,3.34863427219541e-05,2926,171,74,0.432748538011696,0.0252904989747095,"HPA:0090182","HPA","Cerebellum; cells in granular layer[≥Medium]",10995,132
"84","yellow",TRUE,3.34863427219541e-05,6983,171,137,0.801169590643275,0.0196190748961764,"HPA:0130051","HPA","Colon; glandular cells[≥Low]",10995,231
"85","yellow",TRUE,3.64715067439592e-05,6339,171,128,0.748538011695906,0.0201924593784509,"HPA:0540052","HPA","Stomach 1; glandular cells[≥Medium]",10995,799
"86","yellow",TRUE,4.41667425177566e-05,3702,171,87,0.508771929824561,0.0235008103727715,"HPA:0460672","HPA","Skin 1; melanocytes[≥Medium]",10995,683
"87","yellow",TRUE,4.42539376465804e-05,7957,171,149,0.871345029239766,0.0187256503707427,"HPA:0400000","HPA","Rectum",10995,558
"88","yellow",TRUE,4.42539376465804e-05,7170,171,139,0.812865497076023,0.0193863319386332,"HPA:0050000","HPA","Breast",10995,54
"89","yellow",TRUE,4.42539376465804e-05,6799,171,134,0.783625730994152,0.0197087807030446,"HPA:0050051","HPA","Breast; glandular cells[≥Low]",10995,58
"90","yellow",TRUE,4.7757054903455e-05,6095,171,124,0.725146198830409,0.0203445447087777,"HPA:0150052","HPA","Duodenum; glandular cells[≥Medium]",10995,273
"91","yellow",TRUE,7.36677678470764e-05,5590,171,116,0.678362573099415,0.0207513416815742,"HPA:0590052","HPA","Thyroid gland; glandular cells[≥Medium]",10995,855
"92","yellow",TRUE,7.60671368003072e-05,6712,171,132,0.771929824561403,0.0196662693682956,"HPA:0170051","HPA","Endometrium 2; glandular cells[≥Low]",10995,317
"93","yellow",TRUE,7.60671368003072e-05,6929,171,135,0.789473684210526,0.0194833309279838,"HPA:0350471","HPA","Pancreas; exocrine glandular cells[≥Low]",10995,515
"94","yellow",TRUE,8.46468551704909e-05,4888,171,105,0.614035087719298,0.021481178396072,"HPA:0300412","HPA","Lung; macrophages[≥Medium]",10995,457
"95","yellow",TRUE,8.87283171065003e-05,2631,171,67,0.391812865497076,0.0254656024325352,"HPA:0460642","HPA","Skin 1; Langerhans[≥Medium]",10995,638
"96","yellow",TRUE,9.41704399999404e-05,7643,171,144,0.842105263157895,0.0188407693314144,"HPA:0220000","HPA","Gallbladder",10995,360
"97","yellow",TRUE,9.41704399999404e-05,5296,171,111,0.649122807017544,0.0209592145015106,"HPA:0350472","HPA","Pancreas; exocrine glandular cells[≥Medium]",10995,516
"98","yellow",TRUE,9.41704399999404e-05,7643,171,144,0.842105263157895,0.0188407693314144,"HPA:0220051","HPA","Gallbladder; glandular cells[≥Low]",10995,361
"99","yellow",TRUE,9.47285646528401e-05,7187,171,138,0.807017543859649,0.0192013357450953,"HPA:0320000","HPA","Nasopharynx",10995,466
"100","yellow",TRUE,0.000108694957624923,7817,171,146,0.853801169590643,0.0186772419086606,"HPA:0030000","HPA","Appendix",10995,22
"101","yellow",TRUE,0.000121576882413994,7065,171,136,0.795321637426901,0.0192498230714791,"HPA:0480051","HPA","Small intestine; glandular cells[≥Low]",10995,753
"102","yellow",TRUE,0.000127501919810857,8322,171,152,0.888888888888889,0.0182648401826484,"HPA:0130000","HPA","Colon",10995,212
"103","yellow",TRUE,0.000170241661523666,6666,171,130,0.760233918128655,0.0195019501950195,"HPA:0190000","HPA","Esophagus",10995,324
"104","yellow",TRUE,0.000170241661523666,6666,171,130,0.760233918128655,0.0195019501950195,"HPA:0190221","HPA","Esophagus; squamous epithelial cells[≥Low]",10995,325
"105","yellow",TRUE,0.000194422611156948,7043,171,135,0.789473684210526,0.0191679681953713,"HPA:0160000","HPA","Endometrium 1",10995,306
"106","yellow",TRUE,0.000199385947264849,5651,171,115,0.672514619883041,0.0203503804636348,"HPA:0050091","HPA","Breast; myoepithelial cells[≥Low]",10995,61
"107","yellow",TRUE,0.000199385947264849,6058,171,121,0.707602339181287,0.0199735886431165,"HPA:0480052","HPA","Small intestine; glandular cells[≥Medium]",10995,754
"108","yellow",TRUE,0.000199385947264849,7884,171,146,0.853801169590643,0.0185185185185185,"HPA:0150000","HPA","Duodenum",10995,256
"109","yellow",TRUE,0.000207601514699842,6271,171,124,0.725146198830409,0.0197735608355924,"HPA:0550052","HPA","Stomach 2; glandular cells[≥Medium]",10995,803
"110","yellow",TRUE,0.000212448089537868,7134,171,136,0.795321637426901,0.0190636389122512,"HPA:0570731","HPA","Testis; Leydig cells[≥Low]",10995,819
"111","yellow",TRUE,0.000214717451901758,5332,171,110,0.64327485380117,0.0206301575393848,"HPA:0530711","HPA","Spleen; cells in red pulp[≥Low]",10995,791
"112","yellow",TRUE,0.000273008876778027,5891,171,118,0.690058479532164,0.0200305550840265,"HPA:0530000","HPA","Spleen",10995,790
"113","yellow",TRUE,0.000283049335267656,7020,171,134,0.783625730994152,0.0190883190883191,"HPA:0470000","HPA","Skin 2",10995,691
"114","yellow",TRUE,0.000299089757630909,6317,171,124,0.725146198830409,0.0196295709988919,"HPA:0241101","HPA","Heart muscle; cardiomyocytes[≥Low]",10995,378
"115","yellow",TRUE,0.000299089757630909,6317,171,124,0.725146198830409,0.0196295709988919,"HPA:0240000","HPA","Heart muscle",10995,377
"116","yellow",TRUE,0.000304405145638123,6601,171,128,0.748538011695906,0.0193910013634298,"HPA:0220052","HPA","Gallbladder; glandular cells[≥Medium]",10995,362
"117","yellow",TRUE,0.000407224717244822,3952,171,87,0.508771929824561,0.0220141700404858,"HPA:0460641","HPA","Skin 1; Langerhans[≥Low]",10995,637
"118","yellow",TRUE,0.000414934947137275,5147,171,106,0.619883040935672,0.0205945210802409,"HPA:0160052","HPA","Endometrium 1; glandular cells[≥Medium]",10995,311
"119","yellow",TRUE,0.000430446968097209,7592,171,141,0.824561403508772,0.0185721812434141,"HPA:0550000","HPA","Stomach 2",10995,801
"120","yellow",TRUE,0.000430446968097209,7592,171,141,0.824561403508772,0.0185721812434141,"HPA:0550051","HPA","Stomach 2; glandular cells[≥Low]",10995,802
"121","yellow",TRUE,0.000457826451130586,5098,171,105,0.614035087719298,0.0205963122793252,"HPA:0050052","HPA","Breast; glandular cells[≥Medium]",10995,59
"122","yellow",TRUE,0.000457826451130586,7228,171,136,0.795321637426901,0.0188157166574433,"HPA:0460000","HPA","Skin 1",10995,636
"123","yellow",TRUE,0.000510959133822432,6806,171,130,0.760233918128655,0.0191007934175727,"HPA:0160051","HPA","Endometrium 1; glandular cells[≥Low]",10995,310
"124","yellow",TRUE,0.000549600047299074,7774,171,143,0.83625730994152,0.0183946488294314,"HPA:0600000","HPA","Tonsil",10995,857
"125","yellow",TRUE,0.000642954921064546,4007,171,87,0.508771929824561,0.0217120039930122,"HPA:0470682","HPA","Skin 2; epidermal cells[≥Medium]",10995,714
"126","yellow",TRUE,0.000668937948109031,7647,171,141,0.824561403508772,0.0184386033738721,"HPA:0540000","HPA","Stomach 1",10995,797
"127","yellow",TRUE,0.000668937948109031,6697,171,128,0.748538011695906,0.0191130356876213,"HPA:0100131","HPA","Cerebral cortex; neuronal cells[≥Low]",10995,189
"128","yellow",TRUE,0.000668937948109031,7647,171,141,0.824561403508772,0.0184386033738721,"HPA:0540051","HPA","Stomach 1; glandular cells[≥Low]",10995,798
"129","yellow",TRUE,0.000674999763843093,1549,171,43,0.251461988304094,0.0277598450613299,"HPA:0090163","HPA","Cerebellum; Purkinje cells[High]",10995,118
"130","yellow",TRUE,0.000690634027807674,2233,171,56,0.327485380116959,0.0250783699059561,"HPA:0160252","HPA","Endometrium 1; cells in endometrial stroma[≥Medium]",10995,308
"131","yellow",TRUE,0.000692845501347587,5947,171,117,0.684210526315789,0.019673785101732,"HPA:0610832","HPA","Urinary bladder; urothelial cells[≥Medium]",10995,869
"132","yellow",TRUE,0.000692930342201458,5680,171,113,0.660818713450292,0.0198943661971831,"HPA:0180052","HPA","Epididymis; glandular cells[≥Medium]",10995,322
"133","yellow",TRUE,0.000727639249348025,5357,171,108,0.631578947368421,0.0201605376143364,"HPA:0500000","HPA","Soft tissue 1",10995,766
"134","yellow",TRUE,0.000727639249348025,4905,171,101,0.590643274853801,0.0205912334352701,"HPA:0060102","HPA","Bronchus; respiratory epithelial cells[≥Medium]",10995,84
"135","yellow",TRUE,0.000806599979399366,5901,171,116,0.678362573099415,0.0196576851381122,"HPA:0060101","HPA","Bronchus; respiratory epithelial cells[≥Low]",10995,83
"136","yellow",TRUE,0.00081961991803753,1880,171,49,0.286549707602339,0.026063829787234,"HPA:0590053","HPA","Thyroid gland; glandular cells[High]",10995,856
"137","yellow",TRUE,0.00081961991803753,5441,171,109,0.637426900584795,0.0200330821540158,"HPA:0490691","HPA","Smooth muscle; smooth muscle cells[≥Low]",10995,763
"138","yellow",TRUE,0.00081961991803753,5441,171,109,0.637426900584795,0.0200330821540158,"HPA:0490000","HPA","Smooth muscle",10995,762
"139","yellow",TRUE,0.000848892284229839,5446,171,109,0.637426900584795,0.0200146896804995,"HPA:0630221","HPA","Cervix; squamous epithelial cells[≥Low]",10995,205
"140","yellow",TRUE,0.000999517931553967,4882,171,100,0.584795321637427,0.0204834084391643,"HPA:0170052","HPA","Endometrium 2; glandular cells[≥Medium]",10995,318
"141","yellow",TRUE,0.00101834859180112,5667,171,112,0.654970760233918,0.0197635433209811,"HPA:0130201","HPA","Colon; endothelial cells[≥Low]",10995,216
"142","yellow",TRUE,0.00101834859180112,5734,171,113,0.660818713450292,0.0197070108126962,"HPA:0210051","HPA","Fallopian tube; glandular cells[≥Low]",10995,354
"143","yellow",TRUE,0.00101917840770505,3123,171,71,0.415204678362573,0.0227345501120717,"HPA:0490692","HPA","Smooth muscle; smooth muscle cells[≥Medium]",10995,764
"144","yellow",TRUE,0.00101917840770505,6005,171,117,0.684210526315789,0.0194837635303913,"HPA:0020052","HPA","Adrenal gland; glandular cells[≥Medium]",10995,17
"145","yellow",TRUE,0.00111012904038527,3783,171,82,0.47953216374269,0.0216759185831351,"HPA:0440342","HPA","Skeletal muscle; myocytes[≥Medium]",10995,624
"146","yellow",TRUE,0.00111012904038527,2452,171,59,0.345029239766082,0.0240619902120718,"HPA:0540053","HPA","Stomach 1; glandular cells[High]",10995,800
"147","yellow",TRUE,0.00113591513331143,3727,171,81,0.473684210526316,0.0217332975583579,"HPA:0630222","HPA","Cervix; squamous epithelial cells[≥Medium]",10995,206
"148","yellow",TRUE,0.00116552568892279,648,171,23,0.134502923976608,0.0354938271604938,"HPA:0460663","HPA","Skin 1; keratinocytes[High]",10995,675
"149","yellow",TRUE,0.00116957280719307,5427,171,108,0.631578947368421,0.0199004975124378,"HPA:0340000","HPA","Ovary",10995,492
"150","yellow",TRUE,0.00117112670195548,6095,171,118,0.690058479532164,0.0193601312551272,"HPA:0400052","HPA","Rectum; glandular cells[≥Medium]",10995,578
"151","yellow",TRUE,0.00124822957502028,4728,171,97,0.567251461988304,0.0205160744500846,"HPA:0030071","HPA","Appendix; lymphoid tissue[≥Low]",10995,44
"152","yellow",TRUE,0.00138904098956217,5981,171,116,0.678362573099415,0.019394750041799,"HPA:0600431","HPA","Tonsil; germinal center cells[≥Low]",10995,858
"153","yellow",TRUE,0.00144221166505761,3282,171,73,0.426900584795322,0.02224253503961,"HPA:0460662","HPA","Skin 1; keratinocytes[≥Medium]",10995,674
"154","yellow",TRUE,0.00147383097021152,5991,171,116,0.678362573099415,0.0193623768986814,"HPA:0620221","HPA","Vagina; squamous epithelial cells[≥Low]",10995,872
"155","yellow",TRUE,0.00147383097021152,5991,171,116,0.678362573099415,0.0193623768986814,"HPA:0620000","HPA","Vagina",10995,871
"156","yellow",TRUE,0.00159516098565066,3771,171,81,0.473684210526316,0.0214797136038186,"HPA:0050092","HPA","Breast; myoepithelial cells[≥Medium]",10995,62
"157","yellow",TRUE,0.00172330756904342,6214,171,119,0.695906432748538,0.0191503057611844,"HPA:0250131","HPA","Hippocampus; neuronal cells[≥Low]",10995,385
"158","yellow",TRUE,0.00179955396753239,8088,171,145,0.847953216374269,0.0179277942631058,"HPA:0100000","HPA","Cerebral cortex",10995,182
"159","yellow",TRUE,0.00181259503374808,7862,171,142,0.830409356725146,0.0180615619435258,"HPA:0480000","HPA","Small intestine",10995,740
"160","yellow",TRUE,0.00183711225850959,4403,171,91,0.532163742690059,0.0206677265500795,"HPA:0360052","HPA","Parathyroid gland; glandular cells[≥Medium]",10995,523
"161","yellow",TRUE,0.00187239752042971,5757,171,112,0.654970760233918,0.019454577036651,"HPA:0320101","HPA","Nasopharynx; respiratory epithelial cells[≥Low]",10995,485
"162","yellow",TRUE,0.0018970366173335,5894,171,114,0.666666666666667,0.0193417034272141,"HPA:0440341","HPA","Skeletal muscle; myocytes[≥Low]",10995,623
"163","yellow",TRUE,0.0018970366173335,5894,171,114,0.666666666666667,0.0193417034272141,"HPA:0440000","HPA","Skeletal muscle",10995,622
"164","yellow",TRUE,0.00194559266344408,7358,171,135,0.789473684210526,0.0183473770046208,"HPA:0300000","HPA","Lung",10995,443
"165","yellow",TRUE,0.00209594686258941,6246,171,119,0.695906432748538,0.0190521934037784,"HPA:0330221","HPA","Oral mucosa; squamous epithelial cells[≥Low]",10995,489
"166","yellow",TRUE,0.00209594686258941,6246,171,119,0.695906432748538,0.0190521934037784,"HPA:0330000","HPA","Oral mucosa",10995,488
"167","yellow",TRUE,0.00210035421464004,6662,171,125,0.730994152046784,0.0187631341939358,"HPA:0390000","HPA","Prostate",10995,554
"168","yellow",TRUE,0.00210035421464004,6662,171,125,0.730994152046784,0.0187631341939358,"HPA:0390051","HPA","Prostate; glandular cells[≥Low]",10995,555
"169","yellow",TRUE,0.00210035421464004,4740,171,96,0.56140350877193,0.020253164556962,"HPA:0320102","HPA","Nasopharynx; respiratory epithelial cells[≥Medium]",10995,486
"170","yellow",TRUE,0.002240334491221,5197,171,103,0.60233918128655,0.0198191264190879,"HPA:0510000","HPA","Soft tissue 2",10995,776
"171","yellow",TRUE,0.00251905652336244,5147,171,102,0.596491228070175,0.0198173693413639,"HPA:0460661","HPA","Skin 1; keratinocytes[≥Low]",10995,673
"172","yellow",TRUE,0.00262546968488576,565,171,20,0.116959064327485,0.0353982300884956,"HPA:0460643","HPA","Skin 1; Langerhans[High]",10995,639
"173","yellow",TRUE,0.00265901099404484,6487,171,122,0.713450292397661,0.0188068444581471,"HPA:0040000","HPA","Bone marrow",10995,50
"174","yellow",TRUE,0.00265901099404484,6487,171,122,0.713450292397661,0.0188068444581471,"HPA:0040081","HPA","Bone marrow; hematopoietic cells[≥Low]",10995,51
"175","yellow",TRUE,0.00268547642043795,6284,171,119,0.695906432748538,0.0189369828134946,"HPA:0290000","HPA","Liver",10995,436
"176","yellow",TRUE,0.00269238628827769,5884,171,113,0.660818713450292,0.0192046227056424,"HPA:0360000","HPA","Parathyroid gland",10995,521
"177","yellow",TRUE,0.00269238628827769,5884,171,113,0.660818713450292,0.0192046227056424,"HPA:0360051","HPA","Parathyroid gland; glandular cells[≥Low]",10995,522
"178","yellow",TRUE,0.00269238628827769,6152,171,117,0.684210526315789,0.0190182054616385,"HPA:0080131","HPA","Caudate; neuronal cells[≥Low]",10995,94
"179","yellow",TRUE,0.00269238628827769,6768,171,126,0.736842105263158,0.0186170212765957,"HPA:0300411","HPA","Lung; macrophages[≥Low]",10995,456
"180","yellow",TRUE,0.0027889370721879,5362,171,105,0.614035087719298,0.0195822454308094,"HPA:0570732","HPA","Testis; Leydig cells[≥Medium]",10995,820
"181","yellow",TRUE,0.00288998749353401,985,171,29,0.169590643274854,0.0294416243654822,"HPA:0460673","HPA","Skin 1; melanocytes[High]",10995,684
"182","yellow",TRUE,0.00292477485486728,4539,171,92,0.538011695906433,0.0202687816699714,"HPA:0090181","HPA","Cerebellum; cells in granular layer[≥Low]",10995,131
"183","yellow",TRUE,0.00296757430299182,5049,171,100,0.584795321637427,0.0198059021588433,"HPA:0190222","HPA","Esophagus; squamous epithelial cells[≥Medium]",10995,326
"184","yellow",TRUE,0.00303399695121016,620,171,21,0.12280701754386,0.0338709677419355,"HPA:0490693","HPA","Smooth muscle; smooth muscle cells[High]",10995,765
"185","yellow",TRUE,0.00303399695121016,4671,171,94,0.549707602339181,0.0201241704131878,"HPA:0210052","HPA","Fallopian tube; glandular cells[≥Medium]",10995,355
"186","yellow",TRUE,0.00311421844625569,4866,171,97,0.567251461988304,0.01993423756679,"HPA:0420052","HPA","Salivary gland; glandular cells[≥Medium]",10995,616
"187","yellow",TRUE,0.00311421844625569,6518,171,122,0.713450292397661,0.0187173979748389,"HPA:0310000","HPA","Lymph node",10995,459
"188","yellow",TRUE,0.00339449455996685,6054,171,115,0.672514619883041,0.0189957053187975,"HPA:0310441","HPA","Lymph node; non-germinal center cells[≥Low]",10995,463
"189","yellow",TRUE,0.00379961279983435,1934,171,47,0.274853801169591,0.0243019648397104,"HPA:0380523","HPA","Placenta; trophoblastic cells[High]",10995,553
"190","yellow",TRUE,0.00406323878427159,6348,171,119,0.695906432748538,0.0187460617517328,"HPA:0380521","HPA","Placenta; trophoblastic cells[≥Low]",10995,551
"191","yellow",TRUE,0.00407373862558079,7182,171,131,0.766081871345029,0.018240044555834,"HPA:0090000","HPA","Cerebellum",10995,103
"192","yellow",TRUE,0.00457392445258473,5564,171,107,0.625730994152047,0.0192307692307692,"HPA:0090161","HPA","Cerebellum; Purkinje cells[≥Low]",10995,116
"193","yellow",TRUE,0.00457392445258473,4982,171,98,0.573099415204678,0.0196708149337615,"HPA:0100132","HPA","Cerebral cortex; neuronal cells[≥Medium]",10995,190
"194","yellow",TRUE,0.00463801017125215,4354,171,88,0.514619883040936,0.0202112999540652,"HPA:0330222","HPA","Oral mucosa; squamous epithelial cells[≥Medium]",10995,490
"195","yellow",TRUE,0.00513055691649892,1802,171,44,0.257309941520468,0.0244173140954495,"HPA:0170252","HPA","Endometrium 2; cells in endometrial stroma[≥Medium]",10995,315
"196","yellow",TRUE,0.00517977725045404,4122,171,84,0.491228070175439,0.0203784570596798,"HPA:0510651","HPA","Soft tissue 2; fibroblasts[≥Low]",10995,780
"197","yellow",TRUE,0.00517977725045404,4937,171,97,0.567251461988304,0.019647559246506,"HPA:0600222","HPA","Tonsil; squamous epithelial cells[≥Medium]",10995,865
"198","yellow",TRUE,0.00543579328498055,4627,171,92,0.538011695906433,0.0198832937108278,"HPA:0100201","HPA","Cerebral cortex; endothelial cells[≥Low]",10995,183
"199","yellow",TRUE,0.00574499363842757,4198,171,85,0.497076023391813,0.0202477370176274,"HPA:0600442","HPA","Tonsil; non-germinal center cells[≥Medium]",10995,862
"200","yellow",TRUE,0.00595181951973855,2036,171,48,0.280701754385965,0.0235756385068762,"HPA:0610833","HPA","Urinary bladder; urothelial cells[High]",10995,870
"201","yellow",TRUE,0.00639472724147137,5614,171,107,0.625730994152047,0.0190594941218383,"HPA:0351181","HPA","Pancreas; pancreatic endocrine cells[≥Low]",10995,518
"202","yellow",TRUE,0.0064156360997122,4338,171,87,0.508771929824561,0.0200553250345781,"HPA:0530721","HPA","Spleen; cells in white pulp[≥Low]",10995,794
"203","yellow",TRUE,0.00647629074748186,5227,171,101,0.590643274853801,0.0193227472737708,"HPA:0430052","HPA","Seminal vesicle; glandular cells[≥Medium]",10995,620
"204","yellow",TRUE,0.00672780357766806,4098,171,83,0.485380116959064,0.0202537823328453,"HPA:0600432","HPA","Tonsil; germinal center cells[≥Medium]",10995,859
"205","yellow",TRUE,0.0069449111830844,2616,171,58,0.339181286549708,0.02217125382263,"HPA:0510652","HPA","Soft tissue 2; fibroblasts[≥Medium]",10995,781
"206","yellow",TRUE,0.00709221812035485,6637,171,122,0.713450292397661,0.0183817990055748,"HPA:0600221","HPA","Tonsil; squamous epithelial cells[≥Low]",10995,864
"207","yellow",TRUE,0.00729589734125971,2680,171,59,0.345029239766082,0.0220149253731343,"HPA:0100122","HPA","Cerebral cortex; glial cells[≥Medium]",10995,187
"208","yellow",TRUE,0.00777153132845414,724,171,22,0.128654970760234,0.0303867403314917,"HPA:0570771","HPA","Testis; peritubular cells[≥Low]",10995,831
"209","yellow",TRUE,0.00777153132845414,1848,171,44,0.257309941520468,0.0238095238095238,"HPA:0100133","HPA","Cerebral cortex; neuronal cells[High]",10995,191
"210","yellow",TRUE,0.00777153132845414,2574,171,57,0.333333333333333,0.0221445221445221,"HPA:0400053","HPA","Rectum; glandular cells[High]",10995,579
"211","yellow",TRUE,0.00797280748867958,6115,171,114,0.666666666666667,0.0186426819296811,"HPA:0600441","HPA","Tonsil; non-germinal center cells[≥Low]",10995,861
"212","yellow",TRUE,0.00807009994345962,2868,171,62,0.362573099415205,0.0216178521617852,"HPA:0220053","HPA","Gallbladder; glandular cells[High]",10995,363
"213","yellow",TRUE,0.00826038435448255,3582,171,74,0.432748538011696,0.0206588498045784,"HPA:0380512","HPA","Placenta; decidual cells[≥Medium]",10995,537
"214","yellow",TRUE,0.00840277964145511,4072,171,82,0.47953216374269,0.0201375245579568,"HPA:0460651","HPA","Skin 1; fibroblasts[≥Low]",10995,664
"215","yellow",TRUE,0.00862063327378098,4076,171,82,0.47953216374269,0.0201177625122669,"HPA:0160251","HPA","Endometrium 1; cells in endometrial stroma[≥Low]",10995,307
"216","yellow",TRUE,0.0089381370141871,6952,171,126,0.736842105263158,0.0181242807825086,"HPA:0080000","HPA","Caudate",10995,90
"217","yellow",TRUE,0.0089381370141871,9012,171,154,0.900584795321637,0.0170883266755437,"HPA:0570000","HPA","Testis",10995,818
"218","yellow",TRUE,0.00945801602294846,2316,171,52,0.304093567251462,0.0224525043177893,"HPA:0080122","HPA","Caudate; glial cells[≥Medium]",10995,92
"219","yellow",TRUE,0.00945801602294846,5161,171,99,0.578947368421053,0.0191823290060066,"HPA:0270351","HPA","Kidney; cells in glomeruli[≥Low]",10995,411
"220","yellow",TRUE,0.00956497265630011,5683,171,107,0.625730994152047,0.0188280837585782,"HPA:0630051","HPA","Cervix; glandular cells[≥Low]",10995,202
"221","yellow",TRUE,0.00986848790120378,5040,171,97,0.567251461988304,0.0192460317460317,"HPA:0380522","HPA","Placenta; trophoblastic cells[≥Medium]",10995,552
"222","yellow",TRUE,0.00996815323909787,1448,171,36,0.210526315789474,0.0248618784530387,"HPA:0500112","HPA","Soft tissue 1; chondrocytes[≥Medium]",10995,768
"223","yellow",TRUE,0.0105057552954023,2789,171,60,0.350877192982456,0.0215130871280029,"HPA:0090192","HPA","Cerebellum; cells in molecular layer[≥Medium]",10995,135
"224","yellow",TRUE,0.0105960230617319,6911,171,125,0.730994152046784,0.018087107509767,"HPA:0630000","HPA","Cervix",10995,201
"225","yellow",TRUE,0.010639995365628,3622,171,74,0.432748538011696,0.0204307012700166,"HPA:0351182","HPA","Pancreas; pancreatic endocrine cells[≥Medium]",10995,519
"226","yellow",TRUE,0.0111153388775358,4117,171,82,0.47953216374269,0.019917415593879,"HPA:0090162","HPA","Cerebellum; Purkinje cells[≥Medium]",10995,117
"227","yellow",TRUE,0.011636159506344,3514,171,72,0.421052631578947,0.0204894706886739,"HPA:0170251","HPA","Endometrium 2; cells in endometrial stroma[≥Low]",10995,314
"228","yellow",TRUE,0.0116413206596329,1842,171,43,0.251461988304094,0.0233441910966341,"HPA:0180053","HPA","Epididymis; glandular cells[High]",10995,323
"229","yellow",TRUE,0.0117778819929198,2065,171,47,0.274853801169591,0.0227602905569007,"HPA:0340462","HPA","Ovary; ovarian stroma cells[≥Medium]",10995,509
"230","yellow",TRUE,0.0117778819929198,158,171,8,0.0467836257309941,0.0506329113924051,"HPA:0060843","HPA","Bronchus; basal cells[High]",10995,67
"231","yellow",TRUE,0.0118967449412826,310,171,12,0.0701754385964912,0.0387096774193548,"HPA:0050013","HPA","Breast; adipocytes[High]",10995,57
"232","yellow",TRUE,0.0122220468097716,2988,171,63,0.368421052631579,0.0210843373493976,"HPA:0030072","HPA","Appendix; lymphoid tissue[≥Medium]",10995,45
"233","yellow",TRUE,0.0124154627553185,4573,171,89,0.52046783625731,0.0194620599169036,"HPA:0080121","HPA","Caudate; glial cells[≥Low]",10995,91
"234","yellow",TRUE,0.0132331490009049,765,171,22,0.128654970760234,0.0287581699346405,"HPA:0030073","HPA","Appendix; lymphoid tissue[High]",10995,46
"235","yellow",TRUE,0.013518394867934,5030,171,96,0.56140350877193,0.0190854870775348,"HPA:0130241","HPA","Colon; peripheral nerve/ganglion[≥Low]",10995,240
"236","yellow",TRUE,0.013518394867934,6816,171,123,0.719298245614035,0.0180457746478873,"HPA:0250000","HPA","Hippocampus",10995,381
"237","yellow",TRUE,0.0145185617784342,201,171,9,0.0526315789473684,0.0447761194029851,"HPA:0320843","HPA","Nasopharynx; basal cells[High]",10995,469
"238","yellow",TRUE,0.0145682272269315,98,171,6,0.0350877192982456,0.0612244897959184,"HPA:0090931","HPA","Cerebellum; GLUC cells - nucleus[≥Low]",10995,113
"239","yellow",TRUE,0.0151535706885846,540,171,17,0.0994152046783626,0.0314814814814815,"HPA:0500653","HPA","Soft tissue 1; fibroblasts[High]",10995,772
"240","yellow",TRUE,0.0151535706885846,3983,171,79,0.461988304093567,0.0198342957569671,"HPA:0340461","HPA","Ovary; ovarian stroma cells[≥Low]",10995,508
"241","yellow",TRUE,0.0157198559597514,4801,171,92,0.538011695906433,0.0191626744428244,"HPA:0390052","HPA","Prostate; glandular cells[≥Medium]",10995,556
"242","yellow",TRUE,0.0157936079786404,1880,171,43,0.251461988304094,0.0228723404255319,"HPA:0030053","HPA","Appendix; glandular cells[High]",10995,40
"243","yellow",TRUE,0.0174799262032943,1139,171,29,0.169590643274854,0.0254609306409131,"HPA:0620223","HPA","Vagina; squamous epithelial cells[High]",10995,874
"244","yellow",TRUE,0.0179213082990055,1351,171,33,0.192982456140351,0.0244263508512213,"HPA:0500702","HPA","Soft tissue 1; peripheral nerve[≥Medium]",10995,774
"245","yellow",TRUE,0.0193950362811591,4834,171,92,0.538011695906433,0.0190318576748035,"HPA:0380511","HPA","Placenta; decidual cells[≥Low]",10995,536
"246","yellow",TRUE,0.0202143069147187,1049,171,27,0.157894736842105,0.0257387988560534,"HPA:0470683","HPA","Skin 2; epidermal cells[High]",10995,715
"247","yellow",TRUE,0.0205294837079214,2248,171,49,0.286549707602339,0.021797153024911,"HPA:0340452","HPA","Ovary; follicle cells[≥Medium]",10995,500
"248","yellow",TRUE,0.0207893013633904,3303,171,67,0.391812865497076,0.0202845897668786,"HPA:0340451","HPA","Ovary; follicle cells[≥Low]",10995,499
"249","yellow",TRUE,0.0218892877976412,4919,171,93,0.543859649122807,0.0189062817645863,"HPA:0100121","HPA","Cerebral cortex; glial cells[≥Low]",10995,186
"250","yellow",TRUE,0.0218892877976412,2719,171,57,0.333333333333333,0.0209635895549834,"HPA:0530722","HPA","Spleen; cells in white pulp[≥Medium]",10995,795
"251","yellow",TRUE,0.0220107359326261,2489,171,53,0.309941520467836,0.0212936922458819,"HPA:0100202","HPA","Cerebral cortex; endothelial cells[≥Medium]",10995,184
"252","yellow",TRUE,0.0220107359326261,2547,171,54,0.315789473684211,0.0212014134275618,"HPA:0480053","HPA","Small intestine; glandular cells[High]",10995,755
"253","yellow",TRUE,0.0220107359326261,4044,171,79,0.461988304093567,0.0195351137487636,"HPA:0620222","HPA","Vagina; squamous epithelial cells[≥Medium]",10995,873
"254","yellow",TRUE,0.0220202709199612,4231,171,82,0.47953216374269,0.0193807610493973,"HPA:0500651","HPA","Soft tissue 1; fibroblasts[≥Low]",10995,770
"255","yellow",TRUE,0.0228367858389574,521,171,16,0.0935672514619883,0.0307101727447217,"HPA:0510653","HPA","Soft tissue 2; fibroblasts[High]",10995,782
"256","yellow",TRUE,0.0231653504247226,616,171,18,0.105263157894737,0.0292207792207792,"HPA:0060841","HPA","Bronchus; basal cells[≥Low]",10995,65
"257","yellow",TRUE,0.0232817499911953,1489,171,35,0.204678362573099,0.0235057085292142,"HPA:0050012","HPA","Breast; adipocytes[≥Medium]",10995,56
"258","yellow",TRUE,0.0232817499911953,1543,171,36,0.210526315789474,0.0233311730395334,"HPA:0510702","HPA","Soft tissue 2; peripheral nerve[≥Medium]",10995,784
"259","yellow",TRUE,0.0259598036869907,113,171,6,0.0350877192982456,0.0530973451327434,"HPA:0090962","HPA","Cerebellum; Purkinje cells - nucleus[≥Medium]",10995,126
"260","yellow",TRUE,0.0267495212604872,4451,171,85,0.497076023391813,0.0190968321725455,"HPA:0090191","HPA","Cerebellum; cells in molecular layer[≥Low]",10995,134
"261","yellow",TRUE,0.0278540061864098,5738,171,105,0.614035087719298,0.018299058905542,"HPA:0290401","HPA","Liver; hepatocytes[≥Low]",10995,440
"262","yellow",TRUE,0.0289137406320387,1350,171,32,0.187134502923977,0.0237037037037037,"HPA:0050053","HPA","Breast; glandular cells[High]",10995,60
"263","yellow",TRUE,0.0289658993785434,3298,171,66,0.385964912280702,0.0200121285627653,"HPA:0310432","HPA","Lymph node; germinal center cells[≥Medium]",10995,461
"264","yellow",TRUE,0.0301287961468541,4222,171,81,0.473684210526316,0.0191852202747513,"HPA:0250132","HPA","Hippocampus; neuronal cells[≥Medium]",10995,386
"265","yellow",TRUE,0.0303255286862185,2536,171,53,0.309941520467836,0.0208990536277603,"HPA:0570801","HPA","Testis; sertoli cells[≥Low]",10995,840
"266","yellow",TRUE,0.0320483205508588,3194,171,64,0.374269005847953,0.0200375704445836,"HPA:0510701","HPA","Soft tissue 2; peripheral nerve[≥Low]",10995,783
"267","yellow",TRUE,0.0330831009594216,2724,171,56,0.327485380116959,0.0205580029368576,"HPA:0500652","HPA","Soft tissue 1; fibroblasts[≥Medium]",10995,771
"268","yellow",TRUE,0.0334256397797846,1153,171,28,0.16374269005848,0.0242844752818734,"HPA:0330223","HPA","Oral mucosa; squamous epithelial cells[High]",10995,491
"269","yellow",TRUE,0.034039176774678,121,171,6,0.0350877192982456,0.0495867768595041,"HPA:0090961","HPA","Cerebellum; Purkinje cells - nucleus[≥Low]",10995,125
"270","yellow",TRUE,0.0341718094708649,3937,171,76,0.444444444444444,0.0193040386080772,"HPA:0010000","HPA","Adipose tissue",10995,2
"271","yellow",TRUE,0.0341718094708649,3086,171,62,0.362573099415205,0.0200907323395982,"HPA:0270352","HPA","Kidney; cells in glomeruli[≥Medium]",10995,412
"272","yellow",TRUE,0.0341718094708649,3937,171,76,0.444444444444444,0.0193040386080772,"HPA:0010011","HPA","Adipose tissue; adipocytes[≥Low]",10995,3
"273","yellow",TRUE,0.0356347831737465,849,171,22,0.128654970760234,0.0259128386336867,"HPA:0530723","HPA","Spleen; cells in white pulp[High]",10995,796
"274","yellow",TRUE,0.035950615775129,506,171,15,0.087719298245614,0.0296442687747036,"HPA:0301363","HPA","Lung; alveolar cells type I[High]",10995,449
"275","yellow",TRUE,0.0360445773877028,602,171,17,0.0994152046783626,0.0282392026578073,"HPA:0570803","HPA","Testis; sertoli cells[High]",10995,842
"276","yellow",TRUE,0.0375440674234123,90,171,5,0.0292397660818713,0.0555555555555556,"HPA:0090932","HPA","Cerebellum; GLUC cells - nucleus[≥Medium]",10995,114
"277","yellow",TRUE,0.0383170904394245,1771,171,39,0.228070175438596,0.0220214568040655,"HPA:0570733","HPA","Testis; Leydig cells[High]",10995,821
"278","yellow",TRUE,0.0386789973230797,3960,171,76,0.444444444444444,0.0191919191919192,"HPA:0291161","HPA","Liver; cholangiocytes[≥Low]",10995,437
"279","yellow",TRUE,0.0413860333510848,4033,171,77,0.450292397660819,0.0190924869823952,"HPA:0630052","HPA","Cervix; glandular cells[≥Medium]",10995,203
"280","yellow",TRUE,0.0427034889092906,2415,171,50,0.292397660818713,0.020703933747412,"HPA:0130053","HPA","Colon; glandular cells[High]",10995,233
"281","yellow",TRUE,0.0427034889092906,918,171,23,0.134502923976608,0.0250544662309368,"HPA:0090193","HPA","Cerebellum; cells in molecular layer[High]",10995,136
"282","yellow",TRUE,0.0429906419477572,167,171,7,0.0409356725146199,0.0419161676646707,"HPA:0211093","HPA","Fallopian tube; non-ciliated cells[High]",10995,359
"283","yellow",TRUE,0.0429906419477572,2186,171,46,0.269005847953216,0.0210430009149131,"HPA:0500111","HPA","Soft tissue 1; chondrocytes[≥Low]",10995,767
"284","yellow",TRUE,0.0429906419477572,5049,171,93,0.543859649122807,0.0184194890077243,"HPA:0310431","HPA","Lymph node; germinal center cells[≥Low]",10995,460
"285","yellow",TRUE,0.0440817245744992,1961,171,42,0.245614035087719,0.0214176440591535,"HPA:0291162","HPA","Liver; cholangiocytes[≥Medium]",10995,438
"286","yellow",TRUE,0.0457586930348247,2603,171,53,0.309941520467836,0.0203611217825586,"HPA:0150053","HPA","Duodenum; glandular cells[High]",10995,274
"287","yellow",TRUE,0.0458663914963224,477,171,14,0.0818713450292398,0.0293501048218029,"HPA:0060842","HPA","Bronchus; basal cells[≥Medium]",10995,66
"288","yellow",TRUE,0.0459682555220482,672,171,18,0.105263157894737,0.0267857142857143,"HPA:0460653","HPA","Skin 1; fibroblasts[High]",10995,666
"289","yellow",TRUE,0.0491301466302155,2792,171,56,0.327485380116959,0.0200573065902579,"HPA:0500701","HPA","Soft tissue 1; peripheral nerve[≥Low]",10995,773
"290","yellow",TRUE,0.049254010798158,1472,171,33,0.192982456140351,0.0224184782608696,"HPA:0430053","HPA","Seminal vesicle; glandular cells[High]",10995,621
"291","yellow",TRUE,0.049254010798158,98,171,5,0.0292397660818713,0.0510204081632653,"HPA:0091043","HPA","Cerebellum; processes in white matter[High]",10995,166
"292","yellow",TRUE,1.14903487530877e-11,7048,277,161,0.581227436823105,0.0228433598183882,"TF:M12151","TF","Factor: Sp1; motif: NWRGCCMCGCCCMCN",20092,8056
"293","yellow",TRUE,1.14903487530877e-11,9178,277,191,0.689530685920578,0.0208106341250817,"TF:M01588","TF","Factor: GKLF; motif: GCCMCRCCCNNN",20092,3284
"294","yellow",TRUE,1.80075837195671e-11,16106,277,266,0.96028880866426,0.0165155842543152,"TF:M12599_1","TF","Factor: E2F4; motif: YCCCGCCNCNNSSNNSNN; match class: 1",20092,1555
"295","yellow",TRUE,1.14684152244578e-10,14371,277,249,0.898916967509025,0.0173265604342078,"TF:M09894_1","TF","Factor: E2F-4; motif: SNGGGCGGGAANN; match class: 1",20092,1551
"296","yellow",TRUE,1.40545584892599e-10,10304,277,202,0.729241877256318,0.0196040372670807,"TF:M12173","TF","Factor: GKLF; motif: NNCCMCRCCCN",20092,4738
"297","yellow",TRUE,1.40545584892599e-10,7515,277,164,0.592057761732852,0.0218230206254158,"TF:M03920","TF","Factor: SP1; motif: RCCMCRCCCMC",20092,8044
"298","yellow",TRUE,1.87461926702021e-10,13581,277,240,0.866425992779783,0.0176717472940137,"TF:M02089","TF","Factor: E2F-3; motif: GGCGGGN",20092,1536
"299","yellow",TRUE,3.54812954650458e-10,5760,277,136,0.490974729241877,0.0236111111111111,"TF:M13135","TF","Factor: SP4; motif: GGCCCCGCCCCCN",20092,8114
"300","yellow",TRUE,3.54812954650458e-10,14521,277,249,0.898916967509025,0.0171475793678121,"TF:M09636_1","TF","Factor: MAZ; motif: GGGMGGGGSSGGGGGGGGGGGG; match class: 1",20092,5147
"301","yellow",TRUE,5.46062721583221e-10,10858,277,207,0.747292418772563,0.0190642843986001,"TF:M10072","TF","Factor: sp4; motif: NNGNARGRGGCGGRGCNNRR",20092,8110
"302","yellow",TRUE,6.6429531470412e-10,9413,277,188,0.67870036101083,0.0199723786253054,"TF:M01783","TF","Factor: SP2; motif: GGGCGGGAC",20092,8074
"303","yellow",TRUE,9.72264920522632e-10,10923,277,207,0.747292418772563,0.0189508376819555,"TF:M11796","TF","Factor: NR1B1; motif: NRGGNCRTGACCTN",20092,7258
"304","yellow",TRUE,1.23567363655488e-09,16651,277,267,0.963898916967509,0.0160350729685905,"TF:M10438","TF","Factor: ZF5; motif: GGSGCGCGS",20092,9478
"305","yellow",TRUE,1.42604655237908e-09,16800,277,268,0.967509025270758,0.015952380952381,"TF:M07039","TF","Factor: ETF; motif: CCCCGCCCCYN",20092,2222
"306","yellow",TRUE,1.42604655237908e-09,7561,277,161,0.581227436823105,0.0212934796984526,"TF:M12152","TF","Factor: Sp1; motif: NWRGCCACGCCCMCN",20092,8058
"307","yellow",TRUE,1.59166646643617e-09,15000,277,252,0.909747292418773,0.0168,"TF:M11530","TF","Factor: E2F-2; motif: NWTTTGGCGCCAWWNN",20092,1508
"308","yellow",TRUE,1.6024205621571e-09,14026,277,242,0.873646209386282,0.0172536717524597,"TF:M07039_1","TF","Factor: ETF; motif: CCCCGCCCCYN; match class: 1",20092,2223
"309","yellow",TRUE,1.6024205621571e-09,4085,277,106,0.382671480144404,0.0259485924112607,"TF:M01588_1","TF","Factor: GKLF; motif: GCCMCRCCCNNN; match class: 1",20092,3285
"310","yellow",TRUE,1.66834715893111e-09,4091,277,106,0.382671480144404,0.0259105353214373,"TF:M12186_1","TF","Factor: BTEB4; motif: NCCACGCCCM; match class: 1",20092,4715
"311","yellow",TRUE,1.74077281584337e-09,14924,277,251,0.906137184115523,0.0168185473063522,"TF:M11529_1","TF","Factor: E2F-2; motif: GCGCGCGCNCS; match class: 1",20092,1507
"312","yellow",TRUE,1.86069728682522e-09,16718,277,267,0.963898916967509,0.0159708099054911,"TF:M11529","TF","Factor: E2F-2; motif: GCGCGCGCNCS",20092,1506
"313","yellow",TRUE,3.16939261039528e-09,9382,277,185,0.667870036101083,0.0197186101044553,"TF:M12186","TF","Factor: BTEB4; motif: NCCACGCCCM",20092,4714
"314","yellow",TRUE,3.35730450053488e-09,16645,277,266,0.96028880866426,0.0159807750075098,"TF:M09894","TF","Factor: E2F-4; motif: SNGGGCGGGAANN",20092,1550
"315","yellow",TRUE,4.20707660445891e-09,7968,277,165,0.595667870036101,0.0207078313253012,"TF:M09970","TF","Factor: KLF3; motif: NNNNNNGGGCGGGGCNNGN",20092,4724
"316","yellow",TRUE,4.49889600701747e-09,16674,277,266,0.96028880866426,0.0159529806884971,"TF:M09636","TF","Factor: MAZ; motif: GGGMGGGGSSGGGGGGGGGGGG",20092,5146
"317","yellow",TRUE,4.76340532125812e-09,6225,277,139,0.501805054151625,0.0223293172690763,"TF:M03922","TF","Factor: SP4; motif: NWRGCCACGCCCMCTYN",20092,8108
"318","yellow",TRUE,6.21157995351553e-09,7871,277,163,0.588447653429603,0.0207089315207725,"TF:M10491_1","TF","Factor: ZNF586; motif: CAGGCCYRGAGG; match class: 1",20092,11035
"319","yellow",TRUE,6.38395248518963e-09,9690,277,188,0.67870036101083,0.0194014447884417,"TF:M02089_1","TF","Factor: E2F-3; motif: GGCGGGN; match class: 1",20092,1537
"320","yellow",TRUE,1.0715361273934e-08,10583,277,199,0.71841155234657,0.018803741850137,"TF:M00196","TF","Factor: Sp1; motif: NGGGGGCGGGGYN",20092,8070
"321","yellow",TRUE,1.47074276123892e-08,6392,277,140,0.505415162454874,0.0219023779724656,"TF:M12153","TF","Factor: Sp3; motif: NGCCACGCCCMCN",20092,8100
"322","yellow",TRUE,1.5258432022934e-08,5369,277,124,0.447653429602888,0.0230955485192773,"TF:M07409","TF","Factor: BTEB2; motif: GCCCCRCCCH",20092,4744
"323","yellow",TRUE,1.5519585504165e-08,11342,277,208,0.750902527075812,0.0183389172985364,"TF:M12590","TF","Factor: CP2; motif: NRRRCCGGCYNRARCCGGNN",20092,8888
"324","yellow",TRUE,1.5519585504165e-08,8463,277,170,0.613718411552347,0.0200874394422782,"TF:M10530","TF","Factor: sp4; motif: NNNGCYCCGCCCCCY",20092,8112
"325","yellow",TRUE,1.98959370123374e-08,1753,277,59,0.212996389891697,0.033656588705077,"TF:M09606_1","TF","Factor: nerf; motif: NRRNSCGGAAGNRNNNN; match class: 1",20092,1777
"326","yellow",TRUE,2.15770365446037e-08,17616,277,272,0.981949458483754,0.0154405086285195,"TF:M12599","TF","Factor: E2F4; motif: YCCCGCCNCNNSSNNSNN",20092,1554
"327","yellow",TRUE,2.15770365446037e-08,13943,277,238,0.859205776173285,0.0170694972387578,"TF:M09892","TF","Factor: E2F-1; motif: NNNNGGCGGGAARN",20092,1478
"328","yellow",TRUE,2.2622610833946e-08,14996,277,249,0.898916967509025,0.016604427847426,"TF:M07206","TF","Factor: E2F-1; motif: NGGGCGGGARV",20092,1476
"329","yellow",TRUE,2.29225487539182e-08,10993,277,203,0.732851985559567,0.0184662967342855,"TF:M07395","TF","Factor: Sp1; motif: NGGGGCGGGGN",20092,8064
"330","yellow",TRUE,2.65873752602983e-08,8313,277,167,0.602888086642599,0.0200890172019728,"TF:M12160_1","TF","Factor: KLF15; motif: RCCMCRCCCMCN; match class: 1",20092,4705
"331","yellow",TRUE,2.75616811111587e-08,10623,277,198,0.714801444043321,0.0186388025981361,"TF:M00931","TF","Factor: Sp1; motif: GGGGCGGGGC",20092,8072
"332","yellow",TRUE,3.57472991215751e-08,11201,277,205,0.740072202166065,0.0183019373270244,"TF:M09973","TF","Factor: CPBP; motif: GNNRGGGHGGGGNNGGGRN",20092,966
"333","yellow",TRUE,3.6997546001796e-08,13118,277,228,0.823104693140794,0.0173806982771764,"TF:M13124","TF","Factor: ZNF670; motif: SNGGGCRGRG",20092,11252
"334","yellow",TRUE,3.6997546001796e-08,17527,277,271,0.978339350180505,0.0154618588463513,"TF:M08525","TF","Factor: E2F-1:HES-7; motif: GGCRCGTGSYNNWNGGCGCSM",20092,1470
"335","yellow",TRUE,4.42662694372026e-08,3269,277,87,0.314079422382672,0.0266136433159988,"TF:M12600_1","TF","Factor: ELF1; motif: NNNASCCGGAAGTGGNNNN; match class: 1",20092,1765
"336","yellow",TRUE,4.54461489959891e-08,8951,277,175,0.631768953068592,0.0195508881689197,"TF:M12666","TF","Factor: SP1; motif: GGCCCCGCCCCCN",20092,8060
"337","yellow",TRUE,4.5832634620739e-08,8449,277,168,0.606498194945848,0.019884009942005,"TF:M13124_1","TF","Factor: ZNF670; motif: SNGGGCRGRG; match class: 1",20092,11253
"338","yellow",TRUE,4.63155429927353e-08,12053,277,215,0.776173285198556,0.0178378826848088,"TF:M09734","TF","Factor: ZNF692; motif: SYNGGSCCCASCCNC",20092,11340
"339","yellow",TRUE,4.63155429927353e-08,10766,277,199,0.71841155234657,0.0184841166635705,"TF:M00932","TF","Factor: Sp1; motif: NNGGGGCGGGGNN",20092,8068
"340","yellow",TRUE,4.63155429927353e-08,5681,277,127,0.458483754512635,0.0223552191515578,"TF:M09971","TF","Factor: GKLF; motif: WGGGYGKGGC",20092,3286
"341","yellow",TRUE,4.9559520803761e-08,15697,277,255,0.92057761732852,0.016245142383895,"TF:M08525_1","TF","Factor: E2F-1:HES-7; motif: GGCRCGTGSYNNWNGGCGCSM; match class: 1",20092,1471
"342","yellow",TRUE,5.43622465341504e-08,14434,277,242,0.873646209386282,0.0167659692392961,"TF:M12597","TF","Factor: E2F1; motif: GSGCGGGAAN",20092,1482
"343","yellow",TRUE,5.43622465341504e-08,15301,277,251,0.906137184115523,0.0164041565910725,"TF:M10438_1","TF","Factor: ZF5; motif: GGSGCGCGS; match class: 1",20092,9479
"344","yellow",TRUE,6.3643981927209e-08,13104,277,227,0.819494584837545,0.0173229548229548,"TF:M08441_1","TF","Factor: AP-2gamma:Elk-1; motif: NGCCKNRGGSGRCGGAAGTG; match class: 1",20092,8815
"345","yellow",TRUE,7.55320464383727e-08,13827,277,235,0.848375451263538,0.0169957329861864,"TF:M11530_1","TF","Factor: E2F-2; motif: NWTTTGGCGCCAWWNN; match class: 1",20092,1509
"346","yellow",TRUE,9.51475918824474e-08,12550,277,220,0.794223826714801,0.0175298804780877,"TF:M04515_1","TF","Factor: E2F-1; motif: WWTGGCGCCAAA; match class: 1",20092,1473
"347","yellow",TRUE,1.11588279446328e-07,11988,277,213,0.768953068592058,0.0177677677677678,"TF:M09826","TF","Factor: BTEB3; motif: CCNNSCCNSCCCCKCCCCC",20092,642
"348","yellow",TRUE,1.11588279446328e-07,14603,277,243,0.877256317689531,0.0166404163528042,"TF:M00986","TF","Factor: Churchill; motif: CGGGNN",20092,854
"349","yellow",TRUE,1.24732939636271e-07,4467,277,106,0.382671480144404,0.0237295724199687,"TF:M12156","TF","Factor: Sp2; motif: NTAAGYCCCGCCCMCTN",20092,8090
"350","yellow",TRUE,1.25927976505589e-07,8783,277,171,0.617328519855596,0.0194694295798702,"TF:M10071","TF","Factor: Sp1; motif: NGGGGGCGGGGCCNGGGGGGGG",20092,8052
"351","yellow",TRUE,1.27566648346797e-07,13097,277,226,0.815884476534296,0.0172558601206383,"TF:M12160","TF","Factor: KLF15; motif: RCCMCRCCCMCN",20092,4704
"352","yellow",TRUE,1.32608746474655e-07,14532,277,242,0.873646209386282,0.0166529039361409,"TF:M00716_1","TF","Factor: ZF5; motif: GSGCGCGR; match class: 1",20092,9475
"353","yellow",TRUE,1.63785115423216e-07,10375,277,192,0.693140794223827,0.0185060240963855,"TF:M00008","TF","Factor: Sp1; motif: GGGGCGGGGT",20092,8038
"354","yellow",TRUE,1.82641627258419e-07,13137,277,226,0.815884476534296,0.0172033188703661,"TF:M04823","TF","Factor: E2F-4; motif: NNTTCCCGCCNN",20092,1546
"355","yellow",TRUE,2.17786096979322e-07,4157,277,100,0.36101083032491,0.0240558094779889,"TF:M09967","TF","Factor: AP-2rep; motif: NGGGGCGGGGC",20092,152
"356","yellow",TRUE,2.17786096979322e-07,5135,277,116,0.418772563176895,0.0225900681596884,"TF:M12173_1","TF","Factor: GKLF; motif: NNCCMCRCCCN; match class: 1",20092,4739
"357","yellow",TRUE,2.26143157520064e-07,10337,277,191,0.689530685920578,0.018477314501306,"TF:M09723","TF","Factor: BTEB1; motif: GGGGGCGGGGCNGSGGGNGS",20092,628
"358","yellow",TRUE,2.6814446846302e-07,3132,277,82,0.296028880866426,0.0261813537675607,"TF:M03920_1","TF","Factor: SP1; motif: RCCMCRCCCMC; match class: 1",20092,8045
"359","yellow",TRUE,3.37526752588426e-07,13378,277,228,0.823104693140794,0.0170429062640155,"TF:M04595","TF","Factor: SALL2; motif: GGGTGGG",20092,7636
"360","yellow",TRUE,3.55720898339895e-07,9486,277,179,0.646209386281588,0.0188699135568206,"TF:M09972","TF","Factor: BTEB2; motif: WGGGTGKGGCNGGN",20092,632
"361","yellow",TRUE,3.55720898339895e-07,13560,277,230,0.830324909747292,0.0169616519174041,"TF:M11603_1","TF","Factor: TCF-1; motif: ACATCGRGRCGCTGW; match class: 1",20092,8633
"362","yellow",TRUE,4.0412391514826e-07,5131,277,115,0.415162454873646,0.0224127850321575,"TF:M00008_1","TF","Factor: Sp1; motif: GGGGCGGGGT; match class: 1",20092,8039
"363","yellow",TRUE,4.12347057841976e-07,8702,277,168,0.606498194945848,0.0193059066881177,"TF:M03807","TF","Factor: SP2; motif: GNNGGGGGCGGGGSN",20092,8096
"364","yellow",TRUE,4.13329934098837e-07,7714,277,154,0.555956678700361,0.0199637023593466,"TF:M09765","TF","Factor: SP1; motif: NRGKGGGCGGGGCN",20092,8050
"365","yellow",TRUE,4.6041512076631e-07,11196,277,201,0.725631768953069,0.0179528403001072,"TF:M11535","TF","Factor: E2F-4; motif: TTTTGGCGCCAWWN",20092,1552
"366","yellow",TRUE,5.25310658857364e-07,3412,277,86,0.310469314079422,0.0252051582649472,"TF:M01273","TF","Factor: SP4; motif: SCCCCGCCCCS",20092,8118
"367","yellow",TRUE,5.28867467574353e-07,7191,277,146,0.527075812274368,0.0203031567236824,"TF:M02065_1","TF","Factor: ER81; motif: RCCGGAARYN; match class: 1",20092,2005
"368","yellow",TRUE,5.63531984893019e-07,2911,277,77,0.277978339350181,0.0264513912744761,"TF:M11424_1","TF","Factor: Erm; motif: NNSCGGAWGYN; match class: 1",20092,2111
"369","yellow",TRUE,6.91816366687878e-07,2435,277,68,0.245487364620939,0.0279260780287474,"TF:M09608_1","TF","Factor: Erg; motif: NNACCGGAARTSN; match class: 1",20092,2079
"370","yellow",TRUE,7.0674069262286e-07,10783,277,195,0.703971119133574,0.018084021144394,"TF:M12158","TF","Factor: KLF15; motif: NCCMCGCCCMCN",20092,4700
"371","yellow",TRUE,7.0674069262286e-07,2386,277,67,0.24187725631769,0.0280804694048617,"TF:M00341_1","TF","Factor: GABP; motif: VCCGGAAGNGCR; match class: 1",20092,3001
"372","yellow",TRUE,7.0674069262286e-07,13729,277,231,0.833935018050541,0.0168256974288003,"TF:M04515","TF","Factor: E2F-1; motif: WWTGGCGCCAAA",20092,1472
"373","yellow",TRUE,7.0674069262286e-07,15095,277,246,0.888086642599278,0.0162967870155681,"TF:M00378_1","TF","Factor: Pax-4; motif: NNNNNYCACCCB; match class: 1",20092,6543
"374","yellow",TRUE,8.77067917100344e-07,16523,277,260,0.938628158844765,0.01573564122738,"TF:M00716","TF","Factor: ZF5; motif: GSGCGCGR",20092,9474
"375","yellow",TRUE,8.77067917100344e-07,3057,277,79,0.285198555956679,0.0258423290807982,"TF:M09905_1","TF","Factor: SAP-1; motif: NNCCGGAAGTGN; match class: 1",20092,1933
"376","yellow",TRUE,8.82368740799256e-07,7388,277,148,0.534296028880866,0.0200324851109908,"TF:M09918_1","TF","Factor: Pet-1; motif: GCNGGAAGYG; match class: 1",20092,6725
"377","yellow",TRUE,1.01110726384643e-06,16755,277,262,0.945848375451264,0.015637123246792,"TF:M08441","TF","Factor: AP-2gamma:Elk-1; motif: NGCCKNRGGSGRCGGAAGTG",20092,8814
"378","yellow",TRUE,1.34375908092135e-06,10019,277,184,0.664259927797834,0.0183651062980337,"TF:M00933","TF","Factor: Sp1; motif: CCCCGCCCCN",20092,8062
"379","yellow",TRUE,1.61177040800639e-06,11189,277,199,0.71841155234657,0.0177853248726428,"TF:M07084","TF","Factor: E2F-4; motif: NGGCGGGAARN",20092,1548
"380","yellow",TRUE,1.62000162380263e-06,8504,277,163,0.588447653429603,0.019167450611477,"TF:M09905","TF","Factor: SAP-1; motif: NNCCGGAAGTGN",20092,1932
"381","yellow",TRUE,1.6279370913704e-06,4707,277,106,0.382671480144404,0.0225196515827491,"TF:M02074","TF","Factor: GABPalpha; motif: RCCGGAWRYN",20092,2974
"382","yellow",TRUE,1.67438232871703e-06,3626,277,88,0.317689530685921,0.02426916712631,"TF:M13032_1","TF","Factor: ETV5; motif: ACCGGAAGTN; match class: 1",20092,2383
"383","yellow",TRUE,1.73232710606857e-06,4104,277,96,0.346570397111913,0.0233918128654971,"TF:M03975_1","TF","Factor: ERG; motif: ACCGGAARTN; match class: 1",20092,2075
"384","yellow",TRUE,2.14849052914321e-06,6939,277,140,0.505415162454874,0.0201758178411875,"TF:M12590_1","TF","Factor: CP2; motif: NRRRCCGGCYNRARCCGGNN; match class: 1",20092,8889
"385","yellow",TRUE,2.20317523530423e-06,6274,277,130,0.469314079422383,0.0207204335352247,"TF:M00932_1","TF","Factor: Sp1; motif: NNGGGGCGGGGNN; match class: 1",20092,8069
"386","yellow",TRUE,2.30240569604362e-06,14310,277,236,0.851985559566787,0.016491963661775,"TF:M00450","TF","Factor: Zic3; motif: NGGGKGGTC",20092,9618
"387","yellow",TRUE,2.3589863922793e-06,5889,277,124,0.447653429602888,0.0210562064866701,"TF:M11435_1","TF","Factor: Elk-1; motif: NNCCGGAAGTN; match class: 1",20092,1905
"388","yellow",TRUE,2.4857268134052e-06,10551,277,190,0.685920577617328,0.0180077717751872,"TF:M04516_1","TF","Factor: E2F-1; motif: TTTGGCGCCAAA; match class: 1",20092,1475
"389","yellow",TRUE,2.65845684222649e-06,9143,277,171,0.617328519855596,0.018702832768238,"TF:M06948","TF","Factor: Sp2; motif: TGGGCGCGCCCA",20092,8080
"390","yellow",TRUE,2.84442526478099e-06,10721,277,192,0.693140794223827,0.0179087771663091,"TF:M00986_1","TF","Factor: Churchill; motif: CGGGNN; match class: 1",20092,855
"391","yellow",TRUE,3.11648571216136e-06,2169,277,61,0.220216606498195,0.0281235592438912,"TF:M11451_1","TF","Factor: Elf-1; motif: NANCCGGAAGTN; match class: 1",20092,1759
"392","yellow",TRUE,3.11648571216136e-06,1557,277,49,0.176895306859206,0.031470777135517,"TF:M12601_1","TF","Factor: ELF4; motif: NCCACTTCCGGNNNN; match class: 1",20092,1825
"393","yellow",TRUE,3.31056929787804e-06,2659,277,70,0.252707581227437,0.0263256863482512,"TF:M11447_1","TF","Factor: Elf-1; motif: NAMCCGGAAGTN; match class: 1",20092,1751
"394","yellow",TRUE,3.74634287379349e-06,6467,277,132,0.476534296028881,0.020411319004175,"TF:M10072_1","TF","Factor: sp4; motif: NNGNARGRGGCGGRGCNNRR; match class: 1",20092,8111
"395","yellow",TRUE,4.38664447270652e-06,8769,277,165,0.595667870036101,0.0188162846390694,"TF:M07277","TF","Factor: BTEB2; motif: RGGGNGKGGN",20092,640
"396","yellow",TRUE,4.50866934672275e-06,4746,277,105,0.379061371841155,0.0221238938053097,"TF:M09969","TF","Factor: EKLF; motif: NGGGYGKGGCNNGG",20092,1728
"397","yellow",TRUE,5.3063143895025e-06,8435,277,160,0.577617328519856,0.018968583283936,"TF:M07040_1","TF","Factor: GKLF; motif: NNRRGRRNGNSNNN; match class: 1",20092,3289
"398","yellow",TRUE,5.3063143895025e-06,5012,277,109,0.393501805054152,0.0217478052673583,"TF:M13031_1","TF","Factor: ETV4; motif: ACCGGAAGTN; match class: 1",20092,2347
"399","yellow",TRUE,5.51753775176892e-06,12791,277,217,0.783393501805054,0.0169650535532796,"TF:M09817","TF","Factor: PAX5; motif: RNGCGTGACCNN",20092,6582
"400","yellow",TRUE,6.22483290617173e-06,6860,277,137,0.494584837545126,0.0199708454810496,"TF:M09973_1","TF","Factor: CPBP; motif: GNNRGGGHGGGGNNGGGRN; match class: 1",20092,967
"401","yellow",TRUE,6.22483290617173e-06,7063,277,140,0.505415162454874,0.0198216055500496,"TF:M02069","TF","Factor: Erm; motif: ACCGGAAGTN",20092,2102
"402","yellow",TRUE,6.62827169731621e-06,1453,277,46,0.166064981949458,0.0316586373021335,"TF:M08213_1","TF","Factor: Elk-1:TBR2; motif: TNRCACCGGAAGN; match class: 1",20092,1847
"403","yellow",TRUE,7.56209351061667e-06,3003,277,75,0.270758122743682,0.024975024975025,"TF:M03988_1","TF","Factor: FLI1; motif: ACCGGAARTN; match class: 1",20092,2523
"404","yellow",TRUE,7.64620297968813e-06,4489,277,100,0.36101083032491,0.0222766763198931,"TF:M01783_1","TF","Factor: SP2; motif: GGGCGGGAC; match class: 1",20092,8075
"405","yellow",TRUE,7.71760415012326e-06,3120,277,77,0.277978339350181,0.0246794871794872,"TF:M08913_1","TF","Factor: FLI-1; motif: NAYTTCCGGT; match class: 1",20092,2529
"406","yellow",TRUE,8.05744057453324e-06,3239,277,79,0.285198555956679,0.024390243902439,"TF:M11404_1","TF","Factor: Fli-1; motif: NACCGGAARTN; match class: 1",20092,2545
"407","yellow",TRUE,8.39794583256428e-06,2957,277,74,0.267148014440433,0.0250253635441326,"TF:M09913","TF","Factor: ER81; motif: NNCCGGAAGYG",20092,2008
"408","yellow",TRUE,8.39794583256428e-06,7237,277,142,0.512635379061372,0.0196213900787619,"TF:M02066","TF","Factor: PEA3; motif: RCCGGAAGYN",20092,6690
"409","yellow",TRUE,8.44745502646115e-06,5255,277,112,0.404332129963899,0.0213130352045671,"TF:M01660_1","TF","Factor: GABP-alpha; motif: CTTCCK; match class: 1",20092,2993
"410","yellow",TRUE,9.45004436889133e-06,3487,277,83,0.299638989169675,0.0238026957269859,"TF:M03914","TF","Factor: KLF16; motif: GMCACGCCCCC",20092,4710
"411","yellow",TRUE,9.62708928635023e-06,4086,277,93,0.335740072202166,0.0227606461086637,"TF:M09972_1","TF","Factor: BTEB2; motif: WGGGTGKGGCNGGN; match class: 1",20092,633
"412","yellow",TRUE,1.02569135217433e-05,8879,277,165,0.595667870036101,0.0185831737808312,"TF:M05439","TF","Factor: RREB-1; motif: GGGWCSA",20092,7548
"413","yellow",TRUE,1.07149860982965e-05,8957,277,166,0.59927797833935,0.0185329909567936,"TF:M11404","TF","Factor: Fli-1; motif: NACCGGAARTN",20092,2544
"414","yellow",TRUE,1.07235273799303e-05,4713,277,103,0.371841155234657,0.021854445151708,"TF:M11427_1","TF","Factor: PEA3; motif: NACCGGAAGTN; match class: 1",20092,6697
"415","yellow",TRUE,1.08468602281479e-05,11205,277,196,0.707581227436823,0.0174921909861669,"TF:M07206_1","TF","Factor: E2F-1; motif: NGGGCGGGARV; match class: 1",20092,1477
"416","yellow",TRUE,1.09097512280264e-05,8531,277,160,0.577617328519856,0.0187551283554097,"TF:M08913","TF","Factor: FLI-1; motif: NAYTTCCGGT",20092,2528
"417","yellow",TRUE,1.1060542380459e-05,10292,277,184,0.664259927797834,0.0178779634667703,"TF:M04148","TF","Factor: TFAP2A; motif: NGCCCYNNGGGCN",20092,8782
"418","yellow",TRUE,1.14588689992219e-05,4536,277,100,0.36101083032491,0.0220458553791887,"TF:M00025_1","TF","Factor: Elk-1; motif: NNNNCCGGAARTNN; match class: 1",20092,1885
"419","yellow",TRUE,1.14588689992219e-05,5164,277,110,0.397111913357401,0.0213013168086754,"TF:M08377_1","TF","Factor: meis1:Elf-1; motif: NTGCCGGAAGTN; match class: 1",20092,5249
"420","yellow",TRUE,1.15561157004507e-05,9851,277,178,0.642599277978339,0.0180692315500964,"TF:M04148_1","TF","Factor: TFAP2A; motif: NGCCCYNNGGGCN; match class: 1",20092,8783
"421","yellow",TRUE,1.25733078686129e-05,14347,277,234,0.844765342960289,0.0163100299714226,"TF:M08225","TF","Factor: Elk-1:Pax-5; motif: ACCGGAACYACGCWTSANYG",20092,1868
"422","yellow",TRUE,1.27621499662882e-05,4301,277,96,0.346570397111913,0.0223203906068356,"TF:M11400_1","TF","Factor: Fli-1; motif: NACCGGAARTN; match class: 1",20092,2539
"423","yellow",TRUE,1.3319834432948e-05,8417,277,158,0.570397111913357,0.0187715338006416,"TF:M00341","TF","Factor: GABP; motif: VCCGGAAGNGCR",20092,3000
"424","yellow",TRUE,1.34211008591272e-05,2718,277,69,0.249097472924188,0.0253863134657837,"TF:M12554","TF","Factor: YY2; motif: NNATGGCGGCN",20092,9292
"425","yellow",TRUE,1.40596535557164e-05,3766,277,87,0.314079422382672,0.023101433882103,"TF:M12188","TF","Factor: KLF17; motif: NGMCMCRCCCTN",20092,4720
"426","yellow",TRUE,1.41368361974275e-05,16718,277,259,0.935018050541516,0.0154922837660007,"TF:M11603","TF","Factor: TCF-1; motif: ACATCGRGRCGCTGW",20092,8632
"427","yellow",TRUE,1.49029116543779e-05,13937,277,229,0.826714801444043,0.0164310827294253,"TF:M09918","TF","Factor: Pet-1; motif: GCNGGAAGYG",20092,6724
"428","yellow",TRUE,1.54090928399613e-05,11729,277,202,0.729241877256318,0.0172222695882002,"TF:M04516","TF","Factor: E2F-1; motif: TTTGGCGCCAAA",20092,1474
"429","yellow",TRUE,1.54090928399613e-05,10192,277,182,0.657039711191336,0.0178571428571429,"TF:M12597_1","TF","Factor: E2F1; motif: GSGCGGGAAN; match class: 1",20092,1483
"430","yellow",TRUE,1.54090928399613e-05,10647,277,188,0.67870036101083,0.0176575561190946,"TF:M08980","TF","Factor: VDR:RXR-ALPHA; motif: NRGGTCANNNGGTTCNN",20092,9160
"431","yellow",TRUE,1.54090928399613e-05,9673,277,175,0.631768953068592,0.0180915951617906,"TF:M13032","TF","Factor: ETV5; motif: ACCGGAAGTN",20092,2382
"432","yellow",TRUE,1.54090928399613e-05,12609,277,213,0.768953068592058,0.0168926956935522,"TF:M12351","TF","Factor: TIEG1; motif: NCCCNSNCCCCGCCCCC",20092,9012
"433","yellow",TRUE,1.54090928399613e-05,3014,277,74,0.267148014440433,0.0245520902455209,"TF:M11434_1","TF","Factor: Elk-1; motif: NRSCGGAAGNN; match class: 1",20092,1903
"434","yellow",TRUE,1.56223194777521e-05,2292,277,61,0.220216606498195,0.0266143106457243,"TF:M13135_1","TF","Factor: SP4; motif: GGCCCCGCCCCCN; match class: 1",20092,8115
"435","yellow",TRUE,1.56324397352741e-05,8516,277,159,0.574007220216607,0.0186707374354157,"TF:M03988","TF","Factor: FLI1; motif: ACCGGAARTN",20092,2522
"436","yellow",TRUE,1.61345024776137e-05,5018,277,107,0.386281588447653,0.0213232363491431,"TF:M11430_1","TF","Factor: PEA3; motif: NACCGGAAGTN; match class: 1",20092,6703
"437","yellow",TRUE,1.63831345814623e-05,19042,277,277,1,0.0145467913034345,"TF:M01822_1","TF","Factor: CPBP; motif: SNCCCNN; match class: 1",20092,973
"438","yellow",TRUE,1.64865388845867e-05,7959,277,151,0.545126353790614,0.0189722326925493,"TF:M03567","TF","Factor: Sp2; motif: NYSGCCCCGCCCCCY",20092,8094
"439","yellow",TRUE,1.69081292578247e-05,3730,277,86,0.310469314079422,0.0230563002680965,"TF:M12157","TF","Factor: KLF15; motif: RCCACGCCCCCC",20092,4698
"440","yellow",TRUE,1.75572462402872e-05,7619,277,146,0.527075812274368,0.0191626197663735,"TF:M07486_1","TF","Factor: ZNF300; motif: SWGGGGGSN; match class: 1",20092,10193
"441","yellow",TRUE,1.76206304965995e-05,4036,277,91,0.328519855595668,0.0225470763131814,"TF:M08980_1","TF","Factor: VDR:RXR-ALPHA; motif: NRGGTCANNNGGTTCNN; match class: 1",20092,9161
"442","yellow",TRUE,1.76614265908202e-05,10217,277,182,0.657039711191336,0.0178134481746109,"TF:M03975","TF","Factor: ERG; motif: ACCGGAARTN",20092,2074
"443","yellow",TRUE,1.8348619772871e-05,7076,277,138,0.498194945848375,0.0195025438100622,"TF:M11451","TF","Factor: Elf-1; motif: NANCCGGAAGTN",20092,1758
"444","yellow",TRUE,1.88533571617399e-05,2309,277,61,0.220216606498195,0.0264183629276743,"TF:M11433_1","TF","Factor: Elk-1; motif: NRCCGGAAGTN; match class: 1",20092,1901
"445","yellow",TRUE,1.9248078348932e-05,4538,277,99,0.357400722021661,0.0218157778757162,"TF:M12666_1","TF","Factor: SP1; motif: GGCCCCGCCCCCN; match class: 1",20092,8061
"446","yellow",TRUE,1.93334288165819e-05,9932,277,178,0.642599277978339,0.017921868707209,"TF:M08313_1","TF","Factor: GCMa:PEA3; motif: ATRCGGGCGGAAGTR; match class: 1",20092,3163
"447","yellow",TRUE,1.96604890074705e-05,12815,277,215,0.776173285198556,0.0167772142021069,"TF:M12598","TF","Factor: E2F3; motif: NNRGMKGGAR",20092,1534
"448","yellow",TRUE,1.96604890074705e-05,14860,277,239,0.862815884476534,0.0160834454912517,"TF:M08205","TF","Factor: E2F-1:Elk-1; motif: SGCGCSNNAMCGGAAGT",20092,1464
"449","yellow",TRUE,1.96604890074705e-05,9567,277,173,0.624548736462094,0.0180829936239155,"TF:M10550_1","TF","Factor: ZNF684; motif: MAAGGGGTGGACTGT; match class: 1",20092,11317
"450","yellow",TRUE,1.96604890074705e-05,5364,277,112,0.404332129963899,0.0208799403430276,"TF:M00933_1","TF","Factor: Sp1; motif: CCCCGCCCCN; match class: 1",20092,8063
"451","yellow",TRUE,2.2216030042459e-05,15055,277,241,0.870036101083033,0.0160079707738293,"TF:M07289","TF","Factor: GKLF; motif: NNNRGGNGNGGSN",20092,3290
"452","yellow",TRUE,2.2237186739108e-05,15421,277,245,0.884476534296029,0.0158874262369496,"TF:M08526_1","TF","Factor: E2F-3:HES-7; motif: NNNSGCGCSNNNNNCRCGYGNN; match class: 1",20092,1521
"453","yellow",TRUE,2.25083861499422e-05,2998,277,73,0.263537906137184,0.0243495663775851,"TF:M08759_1","TF","Factor: c-Ets-2; motif: NCCGGAAGTG; match class: 1",20092,2235
"454","yellow",TRUE,2.27750187183749e-05,1741,277,50,0.180505415162455,0.0287191269385411,"TF:M11452_1","TF","Factor: Elf-1; motif: NANGCGGAAGTR; match class: 1",20092,1761
"455","yellow",TRUE,2.36512236526585e-05,2329,277,61,0.220216606498195,0.0261914984972091,"TF:M02066_1","TF","Factor: PEA3; motif: RCCGGAAGYN; match class: 1",20092,6691
"456","yellow",TRUE,2.41324420699737e-05,1849,277,52,0.187725631768953,0.0281233098972418,"TF:M08964_1","TF","Factor: NR1B1:RXR-ALPHA; motif: RRGGTCANNNNNRGGTCA; match class: 1",20092,6093
"457","yellow",TRUE,2.45489359429332e-05,13676,277,225,0.812274368231047,0.0164521789997075,"TF:M11531","TF","Factor: E2F-2; motif: GCGCGCGCGYW",20092,1510
"458","yellow",TRUE,2.46683932761862e-05,2388,277,62,0.223826714801444,0.025963149078727,"TF:M11448_1","TF","Factor: Elf-1; motif: NANGCGGAAGTN; match class: 1",20092,1753
"459","yellow",TRUE,2.48445738399512e-05,2951,277,72,0.259927797833935,0.0243985089800068,"TF:M12152_1","TF","Factor: Sp1; motif: NWRGCCACGCCCMCN; match class: 1",20092,8059
"460","yellow",TRUE,2.5765385563361e-05,8808,277,162,0.584837545126354,0.0183923705722071,"TF:M05332","TF","Factor: Sp2; motif: WGGGCGG",20092,8078
"461","yellow",TRUE,2.5765385563361e-05,8808,277,162,0.584837545126354,0.0183923705722071,"TF:M05444","TF","Factor: CPBP; motif: NGGGCGG",20092,964
"462","yellow",TRUE,2.5765385563361e-05,8808,277,162,0.584837545126354,0.0183923705722071,"TF:M05361","TF","Factor: Sp6; motif: WGGGCGG",20092,8124
"463","yellow",TRUE,2.61300903575926e-05,6520,277,129,0.465703971119134,0.0197852760736196,"TF:M09734_1","TF","Factor: ZNF692; motif: SYNGGSCCCASCCNC; match class: 1",20092,11341
"464","yellow",TRUE,2.61300903575926e-05,9684,277,174,0.628158844765343,0.0179677819083024,"TF:M00470","TF","Factor: AP-2gamma; motif: GCCYNNGGS",20092,142
"465","yellow",TRUE,2.76244823392729e-05,8248,277,154,0.555956678700361,0.0186711930164888,"TF:M07380_1","TF","Factor: E2F-4; motif: NTTTCSCGCC; match class: 1",20092,1557
"466","yellow",TRUE,2.83396169134839e-05,9475,277,171,0.617328519855596,0.0180474934036939,"TF:M09892_1","TF","Factor: E2F-1; motif: NNNNGGCGGGAARN; match class: 1",20092,1479
"467","yellow",TRUE,2.92828211950926e-05,4157,277,92,0.332129963898917,0.0221313447197498,"TF:M02052_1","TF","Factor: EHF; motif: CSCGGAARTN; match class: 1",20092,1717
"468","yellow",TRUE,2.92828211950926e-05,4590,277,99,0.357400722021661,0.0215686274509804,"TF:M02071_1","TF","Factor: ETV7; motif: NCCGGAANNN; match class: 1",20092,2391
"469","yellow",TRUE,2.96304498832388e-05,2628,277,66,0.23826714801444,0.0251141552511416,"TF:M12151_1","TF","Factor: Sp1; motif: NWRGCCMCGCCCMCN; match class: 1",20092,8057
"470","yellow",TRUE,3.015346188436e-05,7631,277,145,0.523465703971119,0.0190014414886647,"TF:M04595_1","TF","Factor: SALL2; motif: GGGTGGG; match class: 1",20092,7637
"471","yellow",TRUE,3.14037188145995e-05,2746,277,68,0.245487364620939,0.0247632920611799,"TF:M09611","TF","Factor: ER81; motif: NNNGRCMGGAAGYRNNNNNNNS",20092,2006
"472","yellow",TRUE,3.30503161451434e-05,4355,277,95,0.342960288808664,0.0218140068886338,"TF:M03807_1","TF","Factor: SP2; motif: GNNGGGGGCGGGGSN; match class: 1",20092,8097
"473","yellow",TRUE,3.34427627890901e-05,4794,277,102,0.368231046931408,0.0212765957446809,"TF:M08826_1","TF","Factor: NF-E4; motif: GTGAGGS; match class: 1",20092,5853
"474","yellow",TRUE,3.37187846291166e-05,15206,277,242,0.873646209386282,0.0159147704853347,"TF:M11601","TF","Factor: TCF-1; motif: ACATCGRGRCGCTGW",20092,8628
"475","yellow",TRUE,3.59116135729064e-05,4992,277,105,0.379061371841155,0.0210336538461538,"TF:M02070_1","TF","Factor: TEL1; motif: CNCGGAANNN; match class: 1",20092,8775
"476","yellow",TRUE,3.76958721941382e-05,11556,277,198,0.714801444043321,0.0171339563862928,"TF:M03971","TF","Factor: ELK1; motif: NACTTCCGSCGGAAGYN",20092,1894
"477","yellow",TRUE,3.76958721941382e-05,17263,277,263,0.949458483754513,0.0152348954411168,"TF:M08526","TF","Factor: E2F-3:HES-7; motif: NNNSGCGCSNNNNNCRCGYGNN",20092,1520
"478","yellow",TRUE,3.98913549151376e-05,2824,277,69,0.249097472924188,0.0244334277620397,"TF:M09904_1","TF","Factor: Elk-1; motif: RCCGGAAGTGN; match class: 1",20092,1897
"479","yellow",TRUE,4.08031947113662e-05,13582,277,223,0.805054151624549,0.0164187895744368,"TF:M00803","TF","Factor: E2F; motif: GGCGSG",20092,1590
"480","yellow",TRUE,4.11703552793638e-05,5072,277,106,0.382671480144404,0.0208990536277603,"TF:M11396_1","TF","Factor: Erg; motif: NACCGGAARTN; match class: 1",20092,2095
"481","yellow",TRUE,4.18792209699508e-05,11416,277,196,0.707581227436823,0.0171688857743518,"TF:M11601_1","TF","Factor: TCF-1; motif: ACATCGRGRCGCTGW; match class: 1",20092,8629
"482","yellow",TRUE,4.43013201108535e-05,11579,277,198,0.714801444043321,0.0170999222730806,"TF:M04869","TF","Factor: Egr-1; motif: GCGCATGCG",20092,1650
"483","yellow",TRUE,4.77965678189473e-05,18475,277,273,0.985559566787004,0.0147767253044655,"TF:M04934","TF","Factor: TR4; motif: ACCCCGS",20092,6122
"484","yellow",TRUE,5.02655884117034e-05,3727,277,84,0.303249097472924,0.0225382345049638,"TF:M07617","TF","Factor: Sp4; motif: SCCCCKCCCCCSN",20092,8116
"485","yellow",TRUE,5.13393101019913e-05,1906,277,52,0.187725631768953,0.0272822665267576,"TF:M07409_1","TF","Factor: BTEB2; motif: GCCCCRCCCH; match class: 1",20092,4745
"486","yellow",TRUE,5.31586705800284e-05,1101,277,36,0.129963898916967,0.0326975476839237,"TF:M01163_1","TF","Factor: Elk-1; motif: AACCGGAAGTR; match class: 1",20092,1887
"487","yellow",TRUE,5.36974411594964e-05,12315,277,207,0.747292418772563,0.0168087697929354,"TF:M02090","TF","Factor: E2F-4; motif: GCGGGAAANA",20092,1558
"488","yellow",TRUE,5.78668267005948e-05,2239,277,58,0.209386281588448,0.0259044216167932,"TF:M13367","TF","Factor: ZBTB11; motif: CACTTCCGG",20092,9330
"489","yellow",TRUE,6.00725115407987e-05,2918,277,70,0.252707581227437,0.023989033584647,"TF:M01258","TF","Factor: GABP; motif: CACTTCCGGNNN",20092,3002
"490","yellow",TRUE,6.44816471671725e-05,8364,277,154,0.555956678700361,0.0184122429459589,"TF:M09904","TF","Factor: Elk-1; motif: RCCGGAAGTGN",20092,1896
"491","yellow",TRUE,6.59098671106367e-05,14324,277,231,0.833935018050541,0.0161267802289863,"TF:M08487","TF","Factor: GCMa:Erg; motif: ATGCGGGCGGAARKG",20092,3158
"492","yellow",TRUE,6.72188253152872e-05,10564,277,184,0.664259927797834,0.0174176448315032,"TF:M00444","TF","Factor: VDR; motif: GGGKNARNRRGGWSA",20092,9172
"493","yellow",TRUE,7.03123983705249e-05,3342,277,77,0.277978339350181,0.0230400957510473,"TF:M11415","TF","Factor: GABP-alpha; motif: NRCCGGAAGTN",20092,2988
"494","yellow",TRUE,7.57202739885917e-05,1988,277,53,0.191335740072202,0.0266599597585513,"TF:M12153_1","TF","Factor: Sp3; motif: NGCCACGCCCMCN; match class: 1",20092,8101
"495","yellow",TRUE,7.57202739885917e-05,14002,277,227,0.819494584837545,0.0162119697186116,"TF:M03876","TF","Factor: Kaiso; motif: GCMGGGRGCRGS",20092,4678
"496","yellow",TRUE,7.60415263025748e-05,842,277,30,0.108303249097473,0.0356294536817102,"TF:M03558_1","TF","Factor: P73; motif: GNNNRRRCNTGCMNNTSASN; match class: 1",20092,6495
"497","yellow",TRUE,7.69690330925194e-05,187,277,13,0.0469314079422383,0.0695187165775401,"TF:M12729_1","TF","Factor: ZNF850; motif: CNSYGGGAGCCCCTCTCNGGGCTGNCC; match class: 1",20092,11833
"498","yellow",TRUE,7.87259240698226e-05,9038,277,163,0.588447653429603,0.0180349634874972,"TF:M07461","TF","Factor: KLF; motif: GGGNGGGG",20092,4758
"499","yellow",TRUE,7.87259240698226e-05,6127,277,121,0.436823104693141,0.0197486535008977,"TF:M00931_1","TF","Factor: Sp1; motif: GGGGCGGGGC; match class: 1",20092,8073
"500","yellow",TRUE,8.10862241376081e-05,8540,277,156,0.563176895306859,0.0182669789227166,"TF:M07226","TF","Factor: SP1; motif: NCCCCKCCCCC",20092,8048
"501","yellow",TRUE,8.79697663086103e-05,3846,277,85,0.306859205776173,0.0221008840353614,"TF:M02059_1","TF","Factor: ELK-1; motif: ACCGGAAGTN; match class: 1",20092,1891
"502","yellow",TRUE,8.99826125205642e-05,10910,277,188,0.67870036101083,0.0172318973418882,"TF:M07289_1","TF","Factor: GKLF; motif: NNNRGGNGNGGSN; match class: 1",20092,3291
"503","yellow",TRUE,9.44498850746005e-05,1380,277,41,0.148014440433213,0.0297101449275362,"TF:M09971_1","TF","Factor: GKLF; motif: WGGGYGKGGC; match class: 1",20092,3287
"504","yellow",TRUE,9.44498850746005e-05,3433,277,78,0.28158844765343,0.0227206524905331,"TF:M05444_1","TF","Factor: CPBP; motif: NGGGCGG; match class: 1",20092,965
"505","yellow",TRUE,9.44498850746005e-05,10388,277,181,0.653429602888087,0.0174239507123604,"TF:M02071","TF","Factor: ETV7; motif: NCCGGAANNN",20092,2390
"506","yellow",TRUE,9.44498850746005e-05,3433,277,78,0.28158844765343,0.0227206524905331,"TF:M05361_1","TF","Factor: Sp6; motif: WGGGCGG; match class: 1",20092,8125
"507","yellow",TRUE,9.44498850746005e-05,3433,277,78,0.28158844765343,0.0227206524905331,"TF:M05332_1","TF","Factor: Sp2; motif: WGGGCGG; match class: 1",20092,8079
"508","yellow",TRUE,9.71247769575159e-05,8354,277,153,0.552346570397112,0.0183145798419919,"TF:M09608","TF","Factor: Erg; motif: NNACCGGAARTSN",20092,2078
"509","yellow",TRUE,9.71247769575159e-05,9070,277,163,0.588447653429603,0.0179713340683572,"TF:M08487_1","TF","Factor: GCMa:Erg; motif: ATGCGGGCGGAARKG; match class: 1",20092,3159
"510","yellow",TRUE,9.75679591873385e-05,13047,277,215,0.776173285198556,0.016478884034644,"TF:M08309","TF","Factor: GCMa:Elk-1; motif: RTGNGGGCGGAAGNN",20092,3152
"511","yellow",TRUE,9.83167377838514e-05,7035,277,134,0.483754512635379,0.019047619047619,"TF:M07615","TF","Factor: Sp3; motif: GGGGCGGGGSNN",20092,8106
"512","yellow",TRUE,9.83167377838514e-05,2012,277,53,0.191335740072202,0.0263419483101392,"TF:M02069_1","TF","Factor: Erm; motif: ACCGGAAGTN; match class: 1",20092,2103
"513","yellow",TRUE,9.83167377838514e-05,7173,277,136,0.490974729241877,0.0189599888470654,"TF:M12598_1","TF","Factor: E2F3; motif: NNRGMKGGAR; match class: 1",20092,1535
"514","yellow",TRUE,9.83167377838514e-05,4543,277,96,0.346570397111913,0.0211314109619194,"TF:M09935","TF","Factor: GABP-alpha; motif: NNNRCCGGAAGTGN",20092,2984
"515","yellow",TRUE,9.83167377838514e-05,13132,277,216,0.779783393501805,0.0164483703929333,"TF:M13128","TF","Factor: MED8; motif: CYYNSCYYCCTSCNCC",20092,5170
"516","yellow",TRUE,9.88069807214393e-05,9221,277,165,0.595667870036101,0.0178939377507862,"TF:M08266_1","TF","Factor: ER71:Pax-5; motif: ACCGGAACYACGCWTSANTG; match class: 1",20092,2307
"517","yellow",TRUE,0.000100077643047569,6297,277,123,0.444043321299639,0.0195331110052406,"TF:M04617","TF","Factor: LRF; motif: NGNAGNGGGTYN",20092,4956
"518","yellow",TRUE,0.000106126062018452,1440,277,42,0.151624548736462,0.0291666666666667,"TF:M09967_1","TF","Factor: AP-2rep; motif: NGGGGCGGGGC; match class: 1",20092,153
"519","yellow",TRUE,0.000106921363268691,10790,277,186,0.671480144404332,0.0172381835032437,"TF:M03977","TF","Factor: ETS1; motif: ACCGGAARYN",20092,2224
"520","yellow",TRUE,0.000117497339911695,6451,277,125,0.451263537906137,0.019376840799876,"TF:M09606","TF","Factor: nerf; motif: NRRNSCGGAAGNRNNNN",20092,1776
"521","yellow",TRUE,0.000117497339911695,5460,277,110,0.397111913357401,0.0201465201465201,"TF:M02056","TF","Factor: ELF4; motif: NCCGGAARTN",20092,1812
"522","yellow",TRUE,0.000124580017544649,5532,277,111,0.40072202166065,0.0200650759219089,"TF:M12158_1","TF","Factor: KLF15; motif: NCCMCGCCCMCN; match class: 1",20092,4701
"523","yellow",TRUE,0.000125672361283805,3050,277,71,0.256317689530686,0.0232786885245902,"TF:M03791","TF","Factor: GABPalpha_GABPbeta; motif: CTTCCKGY",20092,2972
"524","yellow",TRUE,0.000127072808969172,7072,277,134,0.483754512635379,0.018947963800905,"TF:M12183","TF","Factor: KLF14; motif: NRCCACRCCCMCN",20092,4692
"525","yellow",TRUE,0.000139078606807143,13100,277,215,0.776173285198556,0.016412213740458,"TF:M02065","TF","Factor: ER81; motif: RCCGGAARYN",20092,2004
"526","yellow",TRUE,0.000142035975448077,2771,277,66,0.23826714801444,0.0238181162035366,"TF:M02062_1","TF","Factor: Erg; motif: ACCGGAAGTN; match class: 1",20092,2073
"527","yellow",TRUE,0.000142035975448077,6142,277,120,0.433212996389892,0.0195376098990557,"TF:M00196_1","TF","Factor: Sp1; motif: NGGGGGCGGGGYN; match class: 1",20092,8071
"528","yellow",TRUE,0.000143539970145332,1615,277,45,0.162454873646209,0.0278637770897833,"TF:M03966_1","TF","Factor: ELF1; motif: AACCCGGAAGTR; match class: 1",20092,1735
"529","yellow",TRUE,0.00015174736850725,3787,277,83,0.299638989169675,0.0219170847636652,"TF:M01752_1","TF","Factor: ERG; motif: ACCGGAART; match class: 1",20092,2071
"530","yellow",TRUE,0.000161190097849939,8358,277,152,0.548736462093863,0.0181861689399378,"TF:M12351_1","TF","Factor: TIEG1; motif: NCCCNSNCCCCGCCCCC; match class: 1",20092,9013
"531","yellow",TRUE,0.000164554840046529,11774,277,198,0.714801444043321,0.0168167147953117,"TF:M13132","TF","Factor: ZNF609; motif: GNSNGGGNGCTGN",20092,11096
"532","yellow",TRUE,0.000170340332357465,1627,277,45,0.162454873646209,0.0276582667486171,"TF:M08231_1","TF","Factor: Elk-1:T-bet; motif: TCACACCGGAAGNN; match class: 1",20092,1879
"533","yellow",TRUE,0.000170340332357465,13049,277,214,0.772563176895307,0.0163997241167906,"TF:M07040","TF","Factor: GKLF; motif: NNRRGRRNGNSNNN",20092,3288
"534","yellow",TRUE,0.000173229399644275,2732,277,65,0.234657039711191,0.023792093704246,"TF:M04714_1","TF","Factor: Elf-1; motif: ACTTCCGGG; match class: 1",20092,1737
"535","yellow",TRUE,0.000176414719716401,7949,277,146,0.527075812274368,0.0183670902000252,"TF:M10435","TF","Factor: Sp2; motif: GGGGCGGGG",20092,8086
"536","yellow",TRUE,0.000179948976724826,2061,277,53,0.191335740072202,0.0257156720038816,"TF:M03982_1","TF","Factor: ETV4; motif: ACCGGAAGTN; match class: 1",20092,2343
"537","yellow",TRUE,0.000179948976724826,9674,277,170,0.613718411552347,0.0175728757494315,"TF:M01752","TF","Factor: ERG; motif: ACCGGAART",20092,2070
"538","yellow",TRUE,0.000179948976724826,8518,277,154,0.555956678700361,0.0180793613524301,"TF:M08759","TF","Factor: c-Ets-2; motif: NCCGGAAGTG",20092,2234
"539","yellow",TRUE,0.000180031880873287,13385,277,218,0.787003610108303,0.0162868883078072,"TF:M07380","TF","Factor: E2F-4; motif: NTTTCSCGCC",20092,1556
"540","yellow",TRUE,0.000181066317026719,10568,277,182,0.657039711191336,0.017221801665405,"TF:M04869_1","TF","Factor: Egr-1; motif: GCGCATGCG; match class: 1",20092,1651
"541","yellow",TRUE,0.000183338856552699,1325,277,39,0.140794223826715,0.0294339622641509,"TF:M02056_1","TF","Factor: ELF4; motif: NCCGGAARTN; match class: 1",20092,1813
"542","yellow",TRUE,0.000183939534087794,8381,277,152,0.548736462093863,0.0181362605894285,"TF:M10436","TF","Factor: YY1; motif: CAANATGGCGGC",20092,9268
"543","yellow",TRUE,0.000185808537954461,10199,277,177,0.63898916967509,0.0173546426120208,"TF:M11400","TF","Factor: Fli-1; motif: NACCGGAARTN",20092,2538
"544","yellow",TRUE,0.000187753993120121,13972,277,225,0.812274368231047,0.0161036358431148,"TF:M04863","TF","Factor: TF3C-beta; motif: CCNGGAGGGCTTCCTGGAGGAG",20092,3426
"545","yellow",TRUE,0.000188564081679005,8103,277,148,0.534296028880866,0.0182648401826484,"TF:M04823_1","TF","Factor: E2F-4; motif: NNTTCCCGCCNN; match class: 1",20092,1547
"546","yellow",TRUE,0.000188569675801585,10277,277,178,0.642599277978339,0.0173202296389997,"TF:M00025","TF","Factor: Elk-1; motif: NNNNCCGGAARTNN",20092,1884
"547","yellow",TRUE,0.000189252463629217,11491,277,194,0.700361010830325,0.0168827778261248,"TF:M08571","TF","Factor: Erm:E2A; motif: CASGTGNNNCGGAAGNN",20092,2376
"548","yellow",TRUE,0.000193697107323847,8249,277,150,0.541516245487365,0.018184022305734,"TF:M02062","TF","Factor: Erg; motif: ACCGGAAGTN",20092,2072
"549","yellow",TRUE,0.000202141492750054,4759,277,98,0.353790613718412,0.0205925614624921,"TF:M03925","TF","Factor: YY2; motif: NCCGCCATNTY",20092,9286
"550","yellow",TRUE,0.000203401964676845,11195,277,190,0.685920577617328,0.0169718624385887,"TF:M00448","TF","Factor: Zic1; motif: KGGGTGGTC",20092,9606
"551","yellow",TRUE,0.000209109460487012,8902,277,159,0.574007220216607,0.0178611547966749,"TF:M11392","TF","Factor: Erg; motif: NACCGGAARYN",20092,2086
"552","yellow",TRUE,0.000209576241016987,5867,277,115,0.415162454873646,0.0196011590250554,"TF:M13119","TF","Factor: ZBTB11; motif: RCTTCCGGNNSNNNN",20092,9328
"553","yellow",TRUE,0.000219264701565011,6473,277,124,0.447653429602888,0.0191564962150471,"TF:M07063","TF","Factor: Sp1; motif: GGGGCGGGGC",20092,8066
"554","yellow",TRUE,0.000221793694632553,900,277,30,0.108303249097473,0.0333333333333333,"TF:M09613_1","TF","Factor: Fli-1; motif: RCMGGAAGYGNNN; match class: 1",20092,2531
"555","yellow",TRUE,0.000223836962407723,7919,277,145,0.523465703971119,0.0183103927263543,"TF:M11447","TF","Factor: Elf-1; motif: NAMCCGGAAGTN",20092,1750
"556","yellow",TRUE,0.000230498792462051,15829,277,246,0.888086642599278,0.0155410954577042,"TF:M04934_1","TF","Factor: TR4; motif: ACCCCGS; match class: 1",20092,6123
"557","yellow",TRUE,0.000238385024118358,7928,277,145,0.523465703971119,0.0182896064581231,"TF:M09826_1","TF","Factor: BTEB3; motif: CCNNSCCNSCCCCKCCCCC; match class: 1",20092,643
"558","yellow",TRUE,0.000241373257858021,10019,277,174,0.628158844765343,0.0173670026948797,"TF:M12725","TF","Factor: PHB; motif: NCCCAGCCCCY",20092,6726
"559","yellow",TRUE,0.000241373257858021,2199,277,55,0.1985559566787,0.0250113688040018,"TF:M11428_1","TF","Factor: PEA3; motif: NACCGGAAGTN; match class: 1",20092,6699
"560","yellow",TRUE,0.000248735012463855,10172,277,176,0.635379061371841,0.0173023987416437,"TF:M01865","TF","Factor: BTEB3; motif: BNRNGGGAGGNGT",20092,652
"561","yellow",TRUE,0.000248833969379332,12393,277,205,0.740072202166065,0.0165415960622932,"TF:M11595","TF","Factor: GCMa; motif: RTGCGGGTN",20092,3200
"562","yellow",TRUE,0.000251804395408633,9658,277,169,0.610108303249097,0.0174984468834127,"TF:M02059","TF","Factor: ELK-1; motif: ACCGGAAGTN",20092,1890
"563","yellow",TRUE,0.000257693001863367,8649,277,155,0.55956678700361,0.017921146953405,"TF:M13127_1","TF","Factor: HA95; motif: CCSNSSCCNSCNCCWSCCNS; match class: 1",20092,3433
"564","yellow",TRUE,0.000257693001863367,4791,277,98,0.353790613718412,0.0204550198288458,"TF:M10071_1","TF","Factor: Sp1; motif: NGGGGGCGGGGCCNGGGGGGGG; match class: 1",20092,8053
"565","yellow",TRUE,0.000260616821551868,3307,277,74,0.267148014440433,0.0223767765346235,"TF:M11392_1","TF","Factor: Erg; motif: NACCGGAARYN; match class: 1",20092,2087
"566","yellow",TRUE,0.000266344613042481,6841,277,129,0.465703971119134,0.0188568922672124,"TF:M13117","TF","Factor: SKIL; motif: NNCTGNCCYTKNCCCNN",20092,7764
"567","yellow",TRUE,0.000279031987192458,7258,277,135,0.487364620938628,0.018600165334803,"TF:M08309_1","TF","Factor: GCMa:Elk-1; motif: RTGNGGGCGGAAGNN; match class: 1",20092,3153
"568","yellow",TRUE,0.000290927662437895,1777,277,47,0.169675090252708,0.0264490714687676,"TF:M13117_1","TF","Factor: SKIL; motif: NNCTGNCCYTKNCCCNN; match class: 1",20092,7765
"569","yellow",TRUE,0.000294320639029367,2846,277,66,0.23826714801444,0.0231904427266339,"TF:M11437","TF","Factor: SAP-1; motif: NRCCGGAWGYN",20092,1936
"570","yellow",TRUE,0.000296176139954966,6720,277,127,0.458483754512635,0.0188988095238095,"TF:M00114","TF","Factor: Tax/CREB; motif: GGGGGTTGACGYANA",20092,8416
"571","yellow",TRUE,0.000297373268589602,436,277,19,0.0685920577617329,0.0435779816513761,"TF:M03791_1","TF","Factor: GABPalpha_GABPbeta; motif: CTTCCKGY; match class: 1",20092,2973
"572","yellow",TRUE,0.000297373268589602,3930,277,84,0.303249097472924,0.0213740458015267,"TF:M10530_1","TF","Factor: sp4; motif: NNNGCYCCGCCCCCY; match class: 1",20092,8113
"573","yellow",TRUE,0.000297373268589602,2848,277,66,0.23826714801444,0.0231741573033708,"TF:M01100_1","TF","Factor: LRF; motif: GGGGKYNNB; match class: 1",20092,4953
"574","yellow",TRUE,0.000300011647356559,9395,277,165,0.595667870036101,0.0175625332623736,"TF:M03876_1","TF","Factor: Kaiso; motif: GCMGGGRGCRGS; match class: 1",20092,4679
"575","yellow",TRUE,0.000303555886031484,15599,277,243,0.877256317689531,0.015577921661645,"TF:M10550","TF","Factor: ZNF684; motif: MAAGGGGTGGACTGT",20092,11316
"576","yellow",TRUE,0.000304388856200169,1465,277,41,0.148014440433213,0.0279863481228669,"TF:M11436","TF","Factor: SAP-1; motif: NRNCGGAWRYN",20092,1934
"577","yellow",TRUE,0.000306953005547527,7000,277,131,0.472924187725632,0.0187142857142857,"TF:M03982","TF","Factor: ETV4; motif: ACCGGAAGTN",20092,2342
"578","yellow",TRUE,0.000313728487449964,16908,277,257,0.927797833935018,0.0151999053702389,"TF:M01240","TF","Factor: BEN; motif: CAGCGRNV",20092,512
"579","yellow",TRUE,0.000316274358847047,8045,277,146,0.527075812274368,0.0181479179614667,"TF:M13128_1","TF","Factor: MED8; motif: CYYNSCYYCCTSCNCC; match class: 1",20092,5171
"580","yellow",TRUE,0.000323648345545292,10892,277,185,0.667870036101083,0.0169849430774881,"TF:M12722","TF","Factor: ZXDL; motif: GSGSCNNGGGMRGCNCCGGGS",20092,11990
"581","yellow",TRUE,0.000347145846351113,9637,277,168,0.606498194945848,0.0174328110407803,"TF:M09862","TF","Factor: ZNF614; motif: NCYCWGCCYYNNN",20092,11116
"582","yellow",TRUE,0.000355023756861792,9059,277,160,0.577617328519856,0.0176619935975273,"TF:M01177","TF","Factor: SREBP-2; motif: NNGYCACNNSMN",20092,8232
"583","yellow",TRUE,0.000366790660677316,12298,277,203,0.732851985559567,0.0165067490648886,"TF:M11397","TF","Factor: Erg; motif: NACCGGATATCCGGTN",20092,2096
"584","yellow",TRUE,0.0003727119691209,3407,277,75,0.270758122743682,0.0220135016143235,"TF:M03871","TF","Factor: GLI; motif: MCVNNGACCACCCAV",20092,3354
"585","yellow",TRUE,0.000373764055983045,1325,277,38,0.137184115523466,0.0286792452830189,"TF:M11406","TF","Factor: Pet-1; motif: NACCGGAAGTN",20092,2466
"586","yellow",TRUE,0.000384575197519618,6964,277,130,0.469314079422383,0.0186674325100517,"TF:M11490","TF","Factor: LBP-1; motif: NRCCGGTNNNNACCGGYN",20092,4770
"587","yellow",TRUE,0.000387356989716079,4717,277,96,0.346570397111913,0.0203519185923256,"TF:M00444_1","TF","Factor: VDR; motif: GGGKNARNRRGGWSA; match class: 1",20092,9173
"588","yellow",TRUE,0.000396535851430194,15459,277,241,0.870036101083033,0.0155896241671518,"TF:M08568_1","TF","Factor: ER71:E2A; motif: CASSTGNACCGGAWRYN; match class: 1",20092,2321
"589","yellow",TRUE,0.000398517586061007,8221,277,148,0.534296028880866,0.0180026760734704,"TF:M08345","TF","Factor: HOXB2:PEA3; motif: ACCGGAAATGRN",20092,3970
"590","yellow",TRUE,0.000398517586061007,8010,277,145,0.523465703971119,0.0181023720349563,"TF:M04714","TF","Factor: Elf-1; motif: ACTTCCGGG",20092,1736
"591","yellow",TRUE,0.000432599500542246,6573,277,124,0.447653429602888,0.018865054008824,"TF:M11745","TF","Factor: COUP-TF1; motif: RAGGTCANTGACCTY",20092,6162
"592","yellow",TRUE,0.000441252531088575,5314,277,105,0.379061371841155,0.0197591268347761,"TF:M00005","TF","Factor: AP-4; motif: WGARYCAGCTGYGGNCNK",20092,166
"593","yellow",TRUE,0.000444701931793315,11475,277,192,0.693140794223827,0.0167320261437909,"TF:M11818_1","TF","Factor: T3R-beta; motif: NTGACCTYRNYRAGGTCAN; match class: 1",20092,8999
"594","yellow",TRUE,0.000448474898224715,1236,277,36,0.129963898916967,0.029126213592233,"TF:M03972","TF","Factor: ELK3; motif: ACCGGAAGTN",20092,1910
"595","yellow",TRUE,0.000448474898224715,1546,277,42,0.151624548736462,0.0271668822768435,"TF:M09969_1","TF","Factor: EKLF; motif: NGGGYGKGGCNNGG; match class: 1",20092,1729
"596","yellow",TRUE,0.000454246418169447,9754,277,169,0.610108303249097,0.0173262251384048,"TF:M11022","TF","Factor: IRX2a; motif: ACRYGNNNNACRYGT",20092,4538
"597","yellow",TRUE,0.000460390593410737,13699,277,220,0.794223826714801,0.0160595663917074,"TF:M03818","TF","Factor: egr-3; motif: GTGGGY",20092,1702
"598","yellow",TRUE,0.000466858575617141,7131,277,132,0.476534296028881,0.0185107278081615,"TF:M08964","TF","Factor: NR1B1:RXR-ALPHA; motif: RRGGTCANNNNNRGGTCA",20092,6092
"599","yellow",TRUE,0.000468975564208205,1656,277,44,0.15884476534296,0.0265700483091787,"TF:M02067_1","TF","Factor: ER71; motif: ACCGGAARYN; match class: 1",20092,1997
"600","yellow",TRUE,0.000472019874417623,1342,277,38,0.137184115523466,0.0283159463487332,"TF:M09605_1","TF","Factor: Elf-1; motif: NAANCMGGAAGTGN; match class: 1",20092,1743
"601","yellow",TRUE,0.00047790528151609,11183,277,188,0.67870036101083,0.0168112313332737,"TF:M02064","TF","Factor: c-ets-2; motif: ACCGGAWRTN",20092,842
"602","yellow",TRUE,0.00048406523668048,11799,277,196,0.707581227436823,0.0166115772523095,"TF:M11399_1","TF","Factor: Fli-1; motif: NACCGGAWWTCCGGTY; match class: 1",20092,2537
"603","yellow",TRUE,0.000491601611326959,8114,277,146,0.527075812274368,0.0179935913236382,"TF:M00450_1","TF","Factor: Zic3; motif: NGGGKGGTC; match class: 1",20092,9619
"604","yellow",TRUE,0.000493755067793998,11037,277,186,0.671480144404332,0.0168524055449851,"TF:M11396","TF","Factor: Erg; motif: NACCGGAARTN",20092,2094
"605","yellow",TRUE,0.000519616102852534,12043,277,199,0.71841155234657,0.0165241218965374,"TF:M11818","TF","Factor: T3R-beta; motif: NTGACCTYRNYRAGGTCAN",20092,8998
"606","yellow",TRUE,0.000525733232313147,2443,277,58,0.209386281588448,0.0237413016782644,"TF:M07415_1","TF","Factor: Elf-1; motif: AWCCCGGAAGTN; match class: 1",20092,1741
"607","yellow",TRUE,0.000538210692316444,2388,277,57,0.205776173285199,0.0238693467336683,"TF:M11425_1","TF","Factor: PEA3; motif: NACCGGAAGTN; match class: 1",20092,6695
"608","yellow",TRUE,0.000545322726505484,6205,277,118,0.425992779783394,0.019016921837228,"TF:M09723_1","TF","Factor: BTEB1; motif: GGGGGCGGGGCNGSGGGNGS; match class: 1",20092,629
"609","yellow",TRUE,0.000556287198224787,5809,277,112,0.404332129963899,0.019280426923739,"TF:M12601","TF","Factor: ELF4; motif: NCCACTTCCGGNNNN",20092,1824
"610","yellow",TRUE,0.000556287198224787,859,277,28,0.101083032490975,0.0325960419091967,"TF:M02058","TF","Factor: SAP1A; motif: NCCGGAARYN",20092,7646
"611","yellow",TRUE,0.000556287198224787,6075,277,116,0.418772563176895,0.0190946502057613,"TF:M02067","TF","Factor: ER71; motif: ACCGGAARYN",20092,1996
"612","yellow",TRUE,0.000556287198224787,5941,277,114,0.411552346570397,0.0191886887729339,"TF:M09605","TF","Factor: Elf-1; motif: NAANCMGGAAGTGN",20092,1742
"613","yellow",TRUE,0.000582250119323881,11216,277,188,0.67870036101083,0.0167617689015692,"TF:M12354","TF","Factor: ZNF37A; motif: CCYYGGCTCCNTSCCMN",20092,10394
"614","yellow",TRUE,0.000587775402304195,26,277,5,0.0180505415162455,0.192307692307692,"TF:M07281_1","TF","Factor: EKLF; motif: NCCMCACCCW; match class: 1",20092,1733
"615","yellow",TRUE,0.000625575518982863,7661,277,139,0.501805054151625,0.0181438454509855,"TF:M01858","TF","Factor: AP-2beta; motif: GCNNNGGSCNGVGGGN",20092,140
"616","yellow",TRUE,0.000647337553280783,8369,277,149,0.537906137184116,0.0178037997371251,"TF:M11424","TF","Factor: Erm; motif: NNSCGGAWGYN",20092,2110
"617","yellow",TRUE,0.000676369546753564,14006,277,223,0.805054151624549,0.0159217478223618,"TF:M08209","TF","Factor: E2F-3:FOXO6; motif: NAATGACACGCGCCCMC",20092,1518
"618","yellow",TRUE,0.000684620799629491,5507,277,107,0.386281588447653,0.0194298165970583,"TF:M09901","TF","Factor: nerf; motif: NNNCCGGAAGTGN",20092,5658
"619","yellow",TRUE,0.000689751735091342,8450,277,150,0.541516245487365,0.0177514792899408,"TF:M11434","TF","Factor: Elk-1; motif: NRSCGGAAGNN",20092,1902
"620","yellow",TRUE,0.000698576988941484,12719,277,207,0.747292418772563,0.0162748643761302,"TF:M11531_1","TF","Factor: E2F-2; motif: GCGCGCGCGYW; match class: 1",20092,1511
"621","yellow",TRUE,0.000698576988941484,4796,277,96,0.346570397111913,0.0200166805671393,"TF:M03977_1","TF","Factor: ETS1; motif: ACCGGAARYN; match class: 1",20092,2225
"622","yellow",TRUE,0.000698576988941484,5380,277,105,0.379061371841155,0.0195167286245353,"TF:M03990","TF","Factor: GABPA; motif: ACCGGAAGTN",20092,2976
"623","yellow",TRUE,0.000698576988941484,6175,277,117,0.422382671480144,0.0189473684210526,"TF:M02053","TF","Factor: ELF1; motif: NCCGGAARTN",20092,1842
"624","yellow",TRUE,0.000718941896984755,12804,277,208,0.750902527075812,0.0162449234614183,"TF:M00333_1","TF","Factor: ZF5; motif: NRNGNGCGCGCWN; match class: 1",20092,9487
"625","yellow",TRUE,0.000719017621487682,18259,277,269,0.971119133574007,0.0147324607043102,"TF:M00378","TF","Factor: Pax-4; motif: NNNNNYCACCCB",20092,6542
"626","yellow",TRUE,0.000721600400189544,14,277,4,0.0144404332129964,0.285714285714286,"TF:M05978","TF","Factor: ZNF230; motif: NGCTTTGGAGTT",20092,9982
"627","yellow",TRUE,0.000722302804325082,6721,277,125,0.451263537906137,0.018598422853742,"TF:M11535_1","TF","Factor: E2F-4; motif: TTTTGGCGCCAWWN; match class: 1",20092,1553
"628","yellow",TRUE,0.000739845037467427,5718,277,110,0.397111913357401,0.0192374956278419,"TF:M12660","TF","Factor: SATB2; motif: GSCGCTGTCCNNGGTGCTGN",20092,7658
"629","yellow",TRUE,0.000745779219531293,4678,277,94,0.339350180505415,0.0200940572894399,"TF:M02064_1","TF","Factor: c-ets-2; motif: ACCGGAWRTN; match class: 1",20092,843
"630","yellow",TRUE,0.000745779219531293,10580,277,179,0.646209386281588,0.0169187145557656,"TF:M01104","TF","Factor: MOVO-B; motif: GNGGGGG",20092,5404
"631","yellow",TRUE,0.000745779219531293,4871,277,97,0.350180505415162,0.0199137754054609,"TF:M08962","TF","Factor: PPARGAMMA:RXR-ALPHA; motif: NNRGGTCAAWAGGTCAN",20092,7080
"632","yellow",TRUE,0.000752568980364646,15644,277,242,0.873646209386282,0.0154691894656098,"TF:M04826_1","TF","Factor: p300; motif: ACNTCCG; match class: 1",20092,1995
"633","yellow",TRUE,0.000754044915953107,6055,277,115,0.415162454873646,0.0189925681255161,"TF:M06191","TF","Factor: ZXDB; motif: NGGGGTC",20092,11984
"634","yellow",TRUE,0.000754044915953107,6055,277,115,0.415162454873646,0.0189925681255161,"TF:M06190","TF","Factor: ZXDA; motif: NGGGGTC",20092,11980
"635","yellow",TRUE,0.000759480085266635,3554,277,76,0.274368231046931,0.0213843556555993,"TF:M02068","TF","Factor: etv3; motif: ACCGGAAGYN",20092,2330
"636","yellow",TRUE,0.000762510060326066,9844,277,169,0.610108303249097,0.0171678179601788,"TF:M02111","TF","Factor: NR1B2; motif: NTGACCY",20092,6100
"637","yellow",TRUE,0.00076950841971107,15040,277,235,0.848375451263538,0.015625,"TF:M10477","TF","Factor: ZNF436; motif: TCCTCCAGGAAGCCY",20092,10552
"638","yellow",TRUE,0.000782292639728261,14702,277,231,0.833935018050541,0.0157121480070739,"TF:M08266","TF","Factor: ER71:Pax-5; motif: ACCGGAACYACGCWTSANTG",20092,2306
"639","yellow",TRUE,0.000788339345192628,10071,277,172,0.620938628158845,0.0170787409393308,"TF:M02036","TF","Factor: WT1; motif: CGCCCCCNCN",20092,9224
"640","yellow",TRUE,0.000810500071821027,787,277,26,0.0938628158844765,0.0330368487928844,"TF:M11407","TF","Factor: Pet-1; motif: NACCGGAAGTN",20092,2468
"641","yellow",TRUE,0.000821326148531755,9710,277,167,0.602888086642599,0.0171987641606591,"TF:M00518","TF","Factor: PPARalpha:RXRalpha; motif: NNRGGTCATWGGGGTSANG",20092,7066
"642","yellow",TRUE,0.000829423554674906,1029,277,31,0.111913357400722,0.0301263362487852,"TF:M12156_1","TF","Factor: Sp2; motif: NTAAGYCCCGCCCMCTN; match class: 1",20092,8091
"643","yellow",TRUE,0.000835477121517044,5409,277,105,0.379061371841155,0.0194120909595119,"TF:M11743","TF","Factor: COUP-TF1; motif: RAGGTCANYGACCTY",20092,6158
"644","yellow",TRUE,0.00086464106356158,11058,277,185,0.667870036101083,0.0167299692530295,"TF:M13031","TF","Factor: ETV4; motif: ACCGGAAGTN",20092,2346
"645","yellow",TRUE,0.000873679151970636,12603,277,205,0.740072202166065,0.0162659684202174,"TF:M13127","TF","Factor: HA95; motif: CCSNSSCCNSCNCCWSCCNS",20092,3432
"646","yellow",TRUE,0.00092671153280681,15500,277,240,0.866425992779783,0.0154838709677419,"TF:M00333","TF","Factor: ZF5; motif: NRNGNGCGCGCWN",20092,9486
"647","yellow",TRUE,0.000965264874635873,569,277,21,0.075812274368231,0.0369068541300527,"TF:M11418_1","TF","Factor: ER81; motif: NRCMGGAWGNN; match class: 1",20092,2011
"648","yellow",TRUE,0.000970406007193837,11763,277,194,0.700361010830325,0.0164923913967525,"TF:M11882_1","TF","Factor: pax-6; motif: NYACGCNYSANYGMNCN; match class: 1",20092,6597
"649","yellow",TRUE,0.000988014483690844,7251,277,132,0.476534296028881,0.0182043856019859,"TF:M12603","TF","Factor: ERM; motif: NNCACTTCCGGNN",20092,2112
"650","yellow",TRUE,0.000990260089460651,8159,277,145,0.523465703971119,0.0177717857580586,"TF:M07415","TF","Factor: Elf-1; motif: AWCCCGGAAGTN",20092,1740
"651","yellow",TRUE,0.000995995901458568,2222,277,53,0.191335740072202,0.0238523852385239,"TF:M01165_1","TF","Factor: Elk-1; motif: RACCGGAAGTR; match class: 1",20092,1889
"652","yellow",TRUE,0.000995995901458568,7739,277,139,0.501805054151625,0.0179609768703967,"TF:M08878","TF","Factor: EGR; motif: CGCCCCCGCNN",20092,1712
"653","yellow",TRUE,0.00102278843427608,1401,277,38,0.137184115523466,0.027123483226267,"TF:M09901_1","TF","Factor: nerf; motif: NNNCCGGAAGTGN; match class: 1",20092,5659
"654","yellow",TRUE,0.00102278843427608,10337,277,175,0.631768953068592,0.0169294766373222,"TF:M08867","TF","Factor: AP2; motif: GCCYGSGGSN",20092,156
"655","yellow",TRUE,0.00102969384556732,12006,277,197,0.711191335740072,0.0164084624354489,"TF:M11435","TF","Factor: Elk-1; motif: NNCCGGAAGTN",20092,1904
"656","yellow",TRUE,0.0010310946404368,2056,277,50,0.180505415162455,0.0243190661478599,"TF:M11442","TF","Factor: Net; motif: NACCGGAAGTN",20092,1918
"657","yellow",TRUE,0.00103442546262638,7607,277,137,0.494584837545126,0.0180097278822137,"TF:M09602","TF","Factor: ctcf; motif: NNNCCASYAGRKGGCRSYNN",20092,1164
"658","yellow",TRUE,0.00104135861870052,8881,277,155,0.55956678700361,0.0174529895282063,"TF:M00446","TF","Factor: Spz1; motif: DNNGGRGGGWWNNNN",20092,8198
"659","yellow",TRUE,0.00106764608154767,3230,277,70,0.252707581227437,0.021671826625387,"TF:M03983","TF","Factor: ETV5; motif: NCCGGAWGYN",20092,2378
"660","yellow",TRUE,0.00106854327843825,4730,277,94,0.339350180505415,0.0198731501057082,"TF:M12155","TF","Factor: Sp2; motif: NTWAGTCCCGCCCMCTT",20092,8088
"661","yellow",TRUE,0.00107579129830093,710,277,24,0.0866425992779783,0.0338028169014084,"TF:M03973","TF","Factor: ELK4; motif: ACCGGAARTN",20092,1926
"662","yellow",TRUE,0.00109708065945057,3910,277,81,0.292418772563177,0.0207161125319693,"TF:M09970_1","TF","Factor: KLF3; motif: NNNNNNGGGCGGGGCNNGN; match class: 1",20092,4725
"663","yellow",TRUE,0.00112041159804864,2349,277,55,0.1985559566787,0.0234142188165177,"TF:M10436_1","TF","Factor: YY1; motif: CAANATGGCGGC; match class: 1",20092,9269
"664","yellow",TRUE,0.00112302550032686,2640,277,60,0.216606498194946,0.0227272727272727,"TF:M02061","TF","Factor: ERF; motif: ACCGGAARYN",20092,2066
"665","yellow",TRUE,0.00113293470250046,6186,277,116,0.418772563176895,0.0187520206918849,"TF:M11490_1","TF","Factor: LBP-1; motif: NRCCGGTNNNNACCGGYN; match class: 1",20092,4771
"666","yellow",TRUE,0.00113293470250046,2759,277,62,0.223826714801444,0.0224719101123595,"TF:M08917","TF","Factor: GABP-ALPHA; motif: RCCGGAARTNN",20092,2982
"667","yellow",TRUE,0.00113334804505166,12728,277,206,0.743682310469314,0.0161847894406034,"TF:M04107","TF","Factor: RUNX2; motif: WRACCGCANWAACCGCAN",20092,7562
"668","yellow",TRUE,0.00113334804505166,2010,277,49,0.176895306859206,0.0243781094527363,"TF:M12603_1","TF","Factor: ERM; motif: NNCACTTCCGGNN; match class: 1",20092,2113
"669","yellow",TRUE,0.00113451310685486,11564,277,191,0.689530685920578,0.0165167762020062,"TF:M08826","TF","Factor: NF-E4; motif: GTGAGGS",20092,5852
"670","yellow",TRUE,0.00113803702231408,5987,277,113,0.407942238267148,0.0188742274929013,"TF:M02073","TF","Factor: Fli-1; motif: ACCGGAAGYN",20092,2520
"671","yellow",TRUE,0.0011437742011465,10064,277,171,0.617328519855596,0.0169912559618442,"TF:M07261","TF","Factor: LKLF; motif: GGGGTGGKSN",20092,4924
"672","yellow",TRUE,0.00114757144281674,4807,277,95,0.342960288808664,0.0197628458498024,"TF:M09607","TF","Factor: SAP-1; motif: ACCGGAAGTNN",20092,1930
"673","yellow",TRUE,0.00114757144281674,12890,277,208,0.750902527075812,0.0161365399534523,"TF:M08208","TF","Factor: E2F-3:FOXI1; motif: NGACACCGCGCCCAC",20092,1516
"674","yellow",TRUE,0.001157694978543,5460,277,105,0.379061371841155,0.0192307692307692,"TF:M09658","TF","Factor: Sp2; motif: GGSNNGGGGGCGGGGCCNGNGS",20092,8084
"675","yellow",TRUE,0.00116526713396966,8404,277,148,0.534296028880866,0.0176106615897192,"TF:M13138","TF","Factor: ETV4; motif: NNCCGGAAGYNNN",20092,2348
"676","yellow",TRUE,0.00116661397919763,2014,277,49,0.176895306859206,0.0243296921549156,"TF:M01167","TF","Factor: SAP-1a; motif: NACCGGAAGTV",20092,7644
"677","yellow",TRUE,0.00116923763338049,1628,277,42,0.151624548736462,0.0257985257985258,"TF:M11419_1","TF","Factor: ER81; motif: NNCCGGAWGYN; match class: 1",20092,2013
"678","yellow",TRUE,0.00117262032800425,11116,277,185,0.667870036101083,0.0166426772220223,"TF:M02070","TF","Factor: TEL1; motif: CNCGGAANNN",20092,8774
"679","yellow",TRUE,0.0011866846568611,13056,277,210,0.75812274368231,0.0160845588235294,"TF:M07486","TF","Factor: ZNF300; motif: SWGGGGGSN",20092,10192
"680","yellow",TRUE,0.00123534224052289,7780,277,139,0.501805054151625,0.017866323907455,"TF:M02063","TF","Factor: c-ets-1; motif: ACCGGAWGTN",20092,838
"681","yellow",TRUE,0.00123656393295286,8557,277,150,0.541516245487365,0.017529508005142,"TF:M03893","TF","Factor: WT1; motif: GNGGGGGCGGGG",20092,9226
"682","yellow",TRUE,0.00123773789328659,7781,277,139,0.501805054151625,0.017864027759928,"TF:M10115","TF","Factor: LRF; motif: NRGGGKCKY",20092,9440
"683","yellow",TRUE,0.00123902860765436,5736,277,109,0.393501805054152,0.0190027894002789,"TF:M11450","TF","Factor: Elf-1; motif: NANSCGGAAGTR",20092,1756
"684","yellow",TRUE,0.00130562607013784,4061,277,83,0.299638989169675,0.0204383156857917,"TF:M07226_1","TF","Factor: SP1; motif: NCCCCKCCCCC; match class: 1",20092,8049
"685","yellow",TRUE,0.00131350460494453,4827,277,95,0.342960288808664,0.0196809612595815,"TF:M03558","TF","Factor: P73; motif: GNNNRRRCNTGCMNNTSASN",20092,6494
"686","yellow",TRUE,0.00135988419361308,7378,277,133,0.48014440433213,0.0180265654648956,"TF:M07397","TF","Factor: ZBP89; motif: CCCCKCCCCCNN",20092,9314
"687","yellow",TRUE,0.00138173453481423,7589,277,136,0.490974729241877,0.0179206746606931,"TF:M11425","TF","Factor: PEA3; motif: NACCGGAAGTN",20092,6694
"688","yellow",TRUE,0.00140293065626533,1589,277,41,0.148014440433213,0.025802391441158,"TF:M02053_1","TF","Factor: ELF1; motif: NCCGGAARTN; match class: 1",20092,1843
"689","yellow",TRUE,0.00143698436885326,9228,277,159,0.574007220216607,0.0172301690507152,"TF:M00428","TF","Factor: E2F-1; motif: NKTSSCGC",20092,1484
"690","yellow",TRUE,0.00147163638724918,8800,277,153,0.552346570397112,0.0173863636363636,"TF:M04863_1","TF","Factor: TF3C-beta; motif: CCNGGAGGGCTTCCTGGAGGAG; match class: 1",20092,3427
"691","yellow",TRUE,0.00148474037161235,6433,277,119,0.429602888086643,0.0184983677910773,"TF:M11452","TF","Factor: Elf-1; motif: NANGCGGAAGTR",20092,1760
"692","yellow",TRUE,0.00157834314909822,8883,277,154,0.555956678700361,0.0173364854215918,"TF:M12600","TF","Factor: ELF1; motif: NNNASCCGGAAGTGGNNNN",20092,1764
"693","yellow",TRUE,0.00157834314909822,8597,277,150,0.541516245487365,0.0174479469582412,"TF:M09591","TF","Factor: AP-2gamma; motif: NTGSCCTGRGGSNN",20092,8834
"694","yellow",TRUE,0.00158509520961578,7126,277,129,0.465703971119134,0.0181027224249228,"TF:M10529","TF","Factor: Sp1; motif: RGGGMGGRGSNGGGG",20092,8054
"695","yellow",TRUE,0.00164501216846177,2981,277,65,0.234657039711191,0.0218047635021805,"TF:M00446_1","TF","Factor: Spz1; motif: DNNGGRGGGWWNNNN; match class: 1",20092,8199
"696","yellow",TRUE,0.00164791414187754,1230,277,34,0.122743682310469,0.0276422764227642,"TF:M03990_1","TF","Factor: GABPA; motif: ACCGGAAGTN; match class: 1",20092,2977
"697","yellow",TRUE,0.00165075634740978,7340,277,132,0.476534296028881,0.017983651226158,"TF:M11428","TF","Factor: PEA3; motif: NACCGGAAGTN",20092,6698
"698","yellow",TRUE,0.00165890772589302,10874,277,181,0.653429602888087,0.016645208754828,"TF:M08993","TF","Factor: ZNF777; motif: GTCCGYCCCGTCSAACAAT",20092,11638
"699","yellow",TRUE,0.00166085912495317,4990,277,97,0.350180505415162,0.019438877755511,"TF:M10026_1","TF","Factor: PATZ; motif: GGGGNGGGGGMKGGRRNGGNRN; match class: 1",20092,6501
"700","yellow",TRUE,0.00166085912495317,3286,277,70,0.252707581227437,0.0213024954351795,"TF:M04698","TF","Factor: GABP-alpha; motif: CACTTCCGG",20092,2978
"701","yellow",TRUE,0.0016742465076718,2627,277,59,0.212996389891697,0.022459078797107,"TF:M11439","TF","Factor: Net; motif: NRCCGGAAGTN",20092,1912
"702","yellow",TRUE,0.00167538299711578,2220,277,52,0.187725631768953,0.0234234234234234,"TF:M03922_1","TF","Factor: SP4; motif: NWRGCCACGCCCMCTYN; match class: 1",20092,8109
"703","yellow",TRUE,0.00168447022982344,6590,277,121,0.436823104693141,0.018361153262519,"TF:M07395_1","TF","Factor: Sp1; motif: NGGGGCGGGGN; match class: 1",20092,8065
"704","yellow",TRUE,0.00170514195780011,12022,277,196,0.707581227436823,0.0163034436865746,"TF:M11397_1","TF","Factor: Erg; motif: NACCGGATATCCGGTN; match class: 1",20092,2097
"705","yellow",TRUE,0.00171753486048455,3048,277,66,0.23826714801444,0.0216535433070866,"TF:M12164","TF","Factor: BTEB2; motif: NMCACGCCCN",20092,634
"706","yellow",TRUE,0.00179838689929341,1342,277,36,0.129963898916967,0.0268256333830104,"TF:M03987","TF","Factor: FEV; motif: ACCGGAAGTN",20092,2464
"707","yellow",TRUE,0.00187583127759584,1345,277,36,0.129963898916967,0.0267657992565056,"TF:M08341_1","TF","Factor: HOXB2:Elk-1; motif: TAATKRCCGGAAGTN; match class: 1",20092,3961
"708","yellow",TRUE,0.00190701493211038,5403,277,103,0.371841155234657,0.0190634832500463,"TF:M11877_1","TF","Factor: pax-2; motif: NCGTCACGCNYSRNYGCNYN; match class: 1",20092,6517
"709","yellow",TRUE,0.00191867515050086,7854,277,139,0.501805054151625,0.0176979882862236,"TF:M11433","TF","Factor: Elk-1; motif: NRCCGGAAGTN",20092,1900
"710","yellow",TRUE,0.00191867515050086,1190,277,33,0.11913357400722,0.0277310924369748,"TF:M09900_1","TF","Factor: Elf-1; motif: NNANCCGGAAGTGS; match class: 1",20092,1745
"711","yellow",TRUE,0.00195430721349623,7787,277,138,0.498194945848375,0.0177218440991396,"TF:M01100","TF","Factor: LRF; motif: GGGGKYNNB",20092,4952
"712","yellow",TRUE,0.00196052249026749,10234,277,172,0.620938628158845,0.0168067226890756,"TF:M11478","TF","Factor: AP-2beta; motif: NSCCNNNGGSN",20092,8804
"713","yellow",TRUE,0.00201476633373447,5281,277,101,0.364620938628159,0.0191251656883166,"TF:M09613","TF","Factor: Fli-1; motif: RCMGGAAGYGNNN",20092,2530
"714","yellow",TRUE,0.00201476633373447,6483,277,119,0.429602888086643,0.0183556995218263,"TF:M07129","TF","Factor: Sp2; motif: GYCCCGCCYCYNNNN",20092,8082
"715","yellow",TRUE,0.00201476633373447,11136,277,184,0.664259927797834,0.0165229885057471,"TF:M11430","TF","Factor: PEA3; motif: NACCGGAAGTN",20092,6702
"716","yellow",TRUE,0.00201476633373447,990,277,29,0.104693140794224,0.0292929292929293,"TF:M08315","TF","Factor: GCMa:FIGLA; motif: CASSTGNACCCGCAY",20092,3166
"717","yellow",TRUE,0.00203803559006659,5021,277,97,0.350180505415162,0.0193188607847042,"TF:M12165","TF","Factor: BTEB2; motif: NCCACRCCCN",20092,636
"718","yellow",TRUE,0.00210395471777646,10321,277,173,0.624548736462094,0.0167619416723186,"TF:M02052","TF","Factor: EHF; motif: CSCGGAARTN",20092,1716
"719","yellow",TRUE,0.00213124278447763,5355,277,102,0.368231046931408,0.019047619047619,"TF:M07387","TF","Factor: LRF; motif: NGKGGGTSNCN",20092,4954
"720","yellow",TRUE,0.00213766205633777,7524,277,134,0.483754512635379,0.0178096757044125,"TF:M00245","TF","Factor: Egr-3; motif: NTGCGTGGGCGK",20092,1692
"721","yellow",TRUE,0.00220660750383142,10926,277,181,0.653429602888087,0.0165659893831228,"TF:M00189","TF","Factor: AP-2; motif: MKCCCSCNGGCG",20092,158
"722","yellow",TRUE,0.00221507895662543,6771,277,123,0.444043321299639,0.0181657066902969,"TF:M03966","TF","Factor: ELF1; motif: AACCCGGAAGTR",20092,1734
"723","yellow",TRUE,0.00223780040889979,9452,277,161,0.581227436823105,0.0170334320778671,"TF:M01857","TF","Factor: AP-2alpha; motif: NGCCYSNNGSN",20092,138
"724","yellow",TRUE,0.0022458530586415,3447,277,72,0.259927797833935,0.02088772845953,"TF:M09765_1","TF","Factor: SP1; motif: NRGKGGGCGGGGCN; match class: 1",20092,8051
"725","yellow",TRUE,0.0022538457437588,3758,277,77,0.277978339350181,0.0204896221394359,"TF:M03567_1","TF","Factor: Sp2; motif: NYSGCCCCGCCCCCY; match class: 1",20092,8095
"726","yellow",TRUE,0.0022625265496686,6707,277,122,0.44043321299639,0.0181899507976741,"TF:M09898","TF","Factor: Egr-2; motif: GNGRRNGWGKGGGNGGRG",20092,1682
"727","yellow",TRUE,0.00228496357710091,2722,277,60,0.216606498194946,0.0220426157237326,"TF:M12230_1","TF","Factor: LRF; motif: RCGACCACCNN; match class: 1",20092,9443
"728","yellow",TRUE,0.00228861435476404,949,277,28,0.101083032490975,0.029504741833509,"TF:M11422_1","TF","Factor: Erm; motif: NRCMGGAAGTN; match class: 1",20092,2107
"729","yellow",TRUE,0.00237207650617819,6307,277,116,0.418772563176895,0.0183922625654035,"TF:M08877","TF","Factor: EGR3; motif: NCMCRCCCACTNMN",20092,1704
"730","yellow",TRUE,0.00237931144555972,9102,277,156,0.563176895306859,0.017139090309822,"TF:M08224","TF","Factor: Elk-1:Pax-1; motif: ACCGGAACTACGCWTSANTG",20092,1866
"731","yellow",TRUE,0.00244887383753585,12787,277,205,0.740072202166065,0.0160319074059592,"TF:M07041","TF","Factor: HDAC1; motif: KGCARGGTC",20092,3446
"732","yellow",TRUE,0.00250570389677417,10279,277,172,0.620938628158845,0.0167331452475922,"TF:M09896","TF","Factor: E2F-7; motif: GRGGCGGGAANNN",20092,1570
"733","yellow",TRUE,0.00257198281684673,5384,277,102,0.368231046931408,0.0189450222882615,"TF:M12057","TF","Factor: ZBP99; motif: GCCCMTCCCCCR",20092,9528
"734","yellow",TRUE,0.00262693665923283,11715,277,191,0.689530685920578,0.0163038839095177,"TF:M13149","TF","Factor: ZNF219; motif: SNNCAGCACCNNGGNCAGCGSC",20092,9922
"735","yellow",TRUE,0.00266061167122148,6325,277,116,0.418772563176895,0.0183399209486166,"TF:M09817_1","TF","Factor: PAX5; motif: RNGCGTGACCNN; match class: 1",20092,6583
"736","yellow",TRUE,0.00270885289393819,4097,277,82,0.296028880866426,0.0200146448620942,"TF:M10121","TF","Factor: ZFX; motif: SNAGGCCNCR",20092,9600
"737","yellow",TRUE,0.00277236079810401,2506,277,56,0.202166064981949,0.0223463687150838,"TF:M13138_1","TF","Factor: ETV4; motif: NNCCGGAAGYNNN; match class: 1",20092,2349
"738","yellow",TRUE,0.00278185001129918,8060,277,141,0.509025270758123,0.0174937965260546,"TF:M09895","TF","Factor: E2F-6; motif: NGGGCGGGARRNN",20092,1564
"739","yellow",TRUE,0.00278185001129918,2804,277,61,0.220216606498195,0.0217546362339515,"TF:M11745_1","TF","Factor: COUP-TF1; motif: RAGGTCANTGACCTY; match class: 1",20092,6163
"740","yellow",TRUE,0.00278185001129918,5795,277,108,0.389891696750903,0.0186367558239862,"TF:M10014","TF","Factor: FXR; motif: NRGGKCANTGRCCNNNNGG",20092,2968
"741","yellow",TRUE,0.00283046647542168,2159,277,50,0.180505415162455,0.0231588698471515,"TF:M11413","TF","Factor: ER71; motif: NACCGGAARTN",20092,2328
"742","yellow",TRUE,0.0028462371117881,2807,277,61,0.220216606498195,0.0217313858211614,"TF:M08415_1","TF","Factor: TEF-3:Elf-1; motif: RGAATGCGGAAGTN; match class: 1",20092,8675
"743","yellow",TRUE,0.00285695436959776,3232,277,68,0.245487364620939,0.021039603960396,"TF:M02023_1","TF","Factor: MAZ; motif: NKGGGAGGGGRGGR; match class: 1",20092,5159
"744","yellow",TRUE,0.0028866542898934,626,277,21,0.075812274368231,0.0335463258785942,"TF:M02068_1","TF","Factor: etv3; motif: ACCGGAAGYN; match class: 1",20092,2331
"745","yellow",TRUE,0.0028866542898934,3542,277,73,0.263537906137184,0.020609824957651,"TF:M07461_1","TF","Factor: KLF; motif: GGGNGGGG; match class: 1",20092,4759
"746","yellow",TRUE,0.00291743850298704,4880,277,94,0.339350180505415,0.0192622950819672,"TF:M11816_1","TF","Factor: T3R-beta; motif: NRGGTCAAAGGTCAN; match class: 1",20092,8995
"747","yellow",TRUE,0.00298253220519962,4239,277,84,0.303249097472924,0.0198159943382873,"TF:M11382_1","TF","Factor: ESE-1; motif: NWTRCGGAWGCN; match class: 1",20092,1803
"748","yellow",TRUE,0.00298253220519962,5807,277,108,0.389891696750903,0.0185982434992251,"TF:M12354_1","TF","Factor: ZNF37A; motif: CCYYGGCTCCNTSCCMN; match class: 1",20092,10395
"749","yellow",TRUE,0.00302730693565828,6280,277,115,0.415162454873646,0.018312101910828,"TF:M11432","TF","Factor: Elk-1; motif: NACMGGAAGTN",20092,1898
"750","yellow",TRUE,0.00304689801441625,4306,277,85,0.306859205776173,0.0197398978169995,"TF:M09862_1","TF","Factor: ZNF614; motif: NCYCWGCCYYNNN; match class: 1",20092,11117
"751","yellow",TRUE,0.00305773302449721,5018,277,96,0.346570397111913,0.0191311279394181,"TF:M11743_1","TF","Factor: COUP-TF1; motif: RAGGTCANYGACCTY; match class: 1",20092,6159
"752","yellow",TRUE,0.00309115216622849,9367,277,159,0.574007220216607,0.016974484893776,"TF:M12703","TF","Factor: ZNF383; motif: SSNGGGMGGNGSNGGS",20092,10408
"753","yellow",TRUE,0.00312727856522382,1021,277,29,0.104693140794224,0.0284035259549461,"TF:M02074_1","TF","Factor: GABPalpha; motif: RCCGGAWRYN; match class: 1",20092,2975
"754","yellow",TRUE,0.00313920093637751,11370,277,186,0.671480144404332,0.0163588390501319,"TF:M01660","TF","Factor: GABP-alpha; motif: CTTCCK",20092,2992
"755","yellow",TRUE,0.00313920093637751,5616,277,105,0.379061371841155,0.0186965811965812,"TF:M07084_1","TF","Factor: E2F-4; motif: NGGCGGGAARN; match class: 1",20092,1549
"756","yellow",TRUE,0.00322430514072636,10401,277,173,0.624548736462094,0.0166330160561484,"TF:M13129","TF","Factor: RERE; motif: CNGCNSCNNGSRCRGSGSS",20092,7348
"757","yellow",TRUE,0.00322430514072636,2763,277,60,0.216606498194946,0.0217155266015201,"TF:M00765","TF","Factor: COUP; motif: TGACCTTTGACCC",20092,944
"758","yellow",TRUE,0.00323374601062878,2644,277,58,0.209386281588448,0.0219364599092284,"TF:M07063_1","TF","Factor: Sp1; motif: GGGGCGGGGC; match class: 1",20092,8067
"759","yellow",TRUE,0.00325990358147419,369,277,15,0.0541516245487365,0.040650406504065,"TF:M02061_1","TF","Factor: ERF; motif: ACCGGAARYN; match class: 1",20092,2067
"760","yellow",TRUE,0.00329661080741972,15879,277,242,0.873646209386282,0.0152402544240821,"TF:M11882","TF","Factor: pax-6; motif: NYACGCNYSANYGMNCN",20092,6596
"761","yellow",TRUE,0.00331272625350676,4641,277,90,0.324909747292419,0.0193923723335488,"TF:M08906","TF","Factor: TR4; motif: NCCCTGACCYB",20092,9062
"762","yellow",TRUE,0.00335757961760759,7605,277,134,0.483754512635379,0.0176199868507561,"TF:M12026","TF","Factor: TBX2; motif: NNNGTGTSNN",20092,8508
"763","yellow",TRUE,0.00335870820536177,9529,277,161,0.581227436823105,0.0168957917934726,"TF:M04110","TF","Factor: RUNX3; motif: NRACCGCANWAACCRCAN",20092,7576
"764","yellow",TRUE,0.00337464819626885,4904,277,94,0.339350180505415,0.0191680261011419,"TF:M03970","TF","Factor: ELK1; motif: ACCGGAAGTN",20092,1892
"765","yellow",TRUE,0.00346474073323204,1132,277,31,0.111913357400722,0.0273851590106007,"TF:M03970_1","TF","Factor: ELK1; motif: ACCGGAAGTN; match class: 1",20092,1893
"766","yellow",TRUE,0.00349509451622982,10864,277,179,0.646209386281588,0.0164764359351988,"TF:M11427","TF","Factor: PEA3; motif: NACCGGAAGTN",20092,6696
"767","yellow",TRUE,0.00350140631933697,7058,277,126,0.454873646209386,0.0178520827429867,"TF:M07329","TF","Factor: Osx; motif: CCNCCCCCNNN",20092,6400
"768","yellow",TRUE,0.00353577431917471,546,277,19,0.0685920577617329,0.0347985347985348,"TF:M03983_1","TF","Factor: ETV5; motif: NCCGGAWGYN; match class: 1",20092,2379
"769","yellow",TRUE,0.00358495348671036,8963,277,153,0.552346570397112,0.0170701773959612,"TF:M11533_1","TF","Factor: E2F-1; motif: NTTTTGGCGCCAWWWN; match class: 1",20092,1481
"770","yellow",TRUE,0.0036058093136431,7340,277,130,0.469314079422383,0.0177111716621253,"TF:M08208_1","TF","Factor: E2F-3:FOXI1; motif: NGACACCGCGCCCAC; match class: 1",20092,1517
"771","yellow",TRUE,0.00364163475106196,149,277,9,0.0324909747292419,0.0604026845637584,"TF:M12266","TF","Factor: ZNF385D; motif: NYGTCGCGACRK",20092,10416
"772","yellow",TRUE,0.00364344213098937,4786,277,92,0.332129963898917,0.0192227329711659,"TF:M11422","TF","Factor: Erm; motif: NRCMGGAAGTN",20092,2106
"773","yellow",TRUE,0.00365097965998882,5443,277,102,0.368231046931408,0.0187396656255741,"TF:M07231","TF","Factor: TFAP2A; motif: NNNNGCCYSAGGGCA",20092,8786
"774","yellow",TRUE,0.00366951243098337,6383,277,116,0.418772563176895,0.0181732727557575,"TF:M06948_1","TF","Factor: Sp2; motif: TGGGCGCGCCCA; match class: 1",20092,8081
"775","yellow",TRUE,0.00374345789955291,15728,277,240,0.866425992779783,0.0152594099694812,"TF:M08313","TF","Factor: GCMa:PEA3; motif: ATRCGGGCGGAAGTR",20092,3162
"776","yellow",TRUE,0.00382465085818052,12559,277,201,0.725631768953069,0.0160044589537384,"TF:M11385","TF","Factor: ESE-1; motif: NTGTGCGGATGCN",20092,1808
"777","yellow",TRUE,0.00383942112151439,4535,277,88,0.317689530685921,0.0194046306504961,"TF:M13137_1","TF","Factor: AP2BETA; motif: SCCYCAGGSNN; match class: 1",20092,8807
"778","yellow",TRUE,0.00384681321546869,1037,277,29,0.104693140794224,0.0279652844744455,"TF:M03979","TF","Factor: ETV1; motif: ACCGGAAGTN",20092,2252
"779","yellow",TRUE,0.00400388537292263,11797,277,191,0.689530685920578,0.0161905569212512,"TF:M11877","TF","Factor: pax-2; motif: NCGTCACGCNYSRNYGCNYN",20092,6516
"780","yellow",TRUE,0.00403044094260919,8770,277,150,0.541516245487365,0.0171037628278221,"TF:M01199","TF","Factor: RNF96; motif: BCCCGCRGCC",20092,7494
"781","yellow",TRUE,0.00406666709733812,120,277,8,0.0288808664259928,0.0666666666666667,"TF:M03984","TF","Factor: ETV6; motif: CCGGAASCGGAAGTR",20092,2384
"782","yellow",TRUE,0.00409203893788052,2613,277,57,0.205776173285199,0.0218140068886338,"TF:M07329_1","TF","Factor: Osx; motif: CCNCCCCCNNN; match class: 1",20092,6401
"783","yellow",TRUE,0.00409523458729934,6402,277,116,0.418772563176895,0.0181193377069666,"TF:M08213","TF","Factor: Elk-1:TBR2; motif: TNRCACCGGAAGN",20092,1846
"784","yellow",TRUE,0.00409523458729934,5728,277,106,0.382671480144404,0.0185055865921788,"TF:M12728","TF","Factor: THAP7; motif: GNCGCCATSTTGRGNGKGGC",20092,8980
"785","yellow",TRUE,0.00410666288596631,3655,277,74,0.267148014440433,0.0202462380300958,"TF:M10435_1","TF","Factor: Sp2; motif: GGGGCGGGG; match class: 1",20092,8087
"786","yellow",TRUE,0.00410666288596631,8135,277,141,0.509025270758123,0.0173325138291334,"TF:M08284","TF","Factor: Fli-1:FIGLA; motif: NCCGGAARCASSTGN",20092,2508
"787","yellow",TRUE,0.00419327094608399,8139,277,141,0.509025270758123,0.0173239955768522,"TF:M05386","TF","Factor: KLF17; motif: NGGGCGG",20092,4716
"788","yellow",TRUE,0.00419327094608399,8139,277,141,0.509025270758123,0.0173239955768522,"TF:M05499","TF","Factor: LKLF; motif: NGGGCGG",20092,4918
"789","yellow",TRUE,0.00421362562839453,6886,277,123,0.444043321299639,0.0178623293639268,"TF:M03818_1","TF","Factor: egr-3; motif: GTGGGY; match class: 1",20092,1703
"790","yellow",TRUE,0.00422427168167243,13603,277,214,0.772563176895307,0.0157318238623833,"TF:M01240_1","TF","Factor: BEN; motif: CAGCGRNV; match class: 1",20092,513
"791","yellow",TRUE,0.00422427168167243,1470,277,37,0.133574007220217,0.0251700680272109,"TF:M13119_1","TF","Factor: ZBTB11; motif: RCTTCCGGNNSNNNN; match class: 1",20092,9329
"792","yellow",TRUE,0.00423777512797813,12348,277,198,0.714801444043321,0.0160349854227405,"TF:M03978","TF","Factor: ETS1; motif: GCCGGAWGTACTTCCGGN",20092,2226
"793","yellow",TRUE,0.00439839911758104,7308,277,129,0.465703971119134,0.0176518883415435,"TF:M07260_1","TF","Factor: Ikaros; motif: TGGGAGN; match class: 1",20092,4381
"794","yellow",TRUE,0.00442753922886248,2445,277,54,0.194945848375451,0.0220858895705521,"TF:M02063_1","TF","Factor: c-ets-1; motif: ACCGGAWGTN; match class: 1",20092,839
"795","yellow",TRUE,0.00449279467748902,559,277,19,0.0685920577617329,0.0339892665474061,"TF:M11415_1","TF","Factor: GABP-alpha; motif: NRCCGGAAGTN; match class: 1",20092,2989
"796","yellow",TRUE,0.00451539239991632,3295,277,68,0.245487364620939,0.0206373292867982,"TF:M11420","TF","Factor: ER81; motif: NACCGGAAGTN",20092,2014
"797","yellow",TRUE,0.00455527786728819,9589,277,161,0.581227436823105,0.0167900719574512,"TF:M10426","TF","Factor: ctcf; motif: CCRSCAGGGGGCGCN",20092,1172
"798","yellow",TRUE,0.00461860471539874,4051,277,80,0.288808664259928,0.0197482103184399,"TF:M08965","TF","Factor: NR1B1:RXR-GAMMA; motif: RRGGTCANNNNNRGGTCA",20092,6094
"799","yellow",TRUE,0.00465038240339817,9593,277,161,0.581227436823105,0.016783070989263,"TF:M10432","TF","Factor: MAZ; motif: GGGMGGGGS",20092,5150
"800","yellow",TRUE,0.00468624189712511,8231,277,142,0.512635379061372,0.017251852751792,"TF:M08225_1","TF","Factor: Elk-1:Pax-5; motif: ACCGGAACYACGCWTSANYG; match class: 1",20092,1869
"801","yellow",TRUE,0.00469162391074473,6700,277,120,0.433212996389892,0.017910447761194,"TF:M04727","TF","Factor: CTCF; motif: ACCAGGKGGC",20092,1158
"802","yellow",TRUE,0.00475704049835789,7046,277,125,0.451263537906137,0.0177405620210048,"TF:M01118","TF","Factor: WT1; motif: SMCNCCNSC",20092,9222
"803","yellow",TRUE,0.00482639613123578,6842,277,122,0.44043321299639,0.0178310435545162,"TF:M10002","TF","Factor: NF-1C; motif: NYTGGCNNYNNGCCARN",20092,5728
"804","yellow",TRUE,0.00485060528272702,8167,277,141,0.509025270758123,0.017264601444839,"TF:M07354","TF","Factor: Egr-1; motif: GCGGGGGCGG",20092,1672
"805","yellow",TRUE,0.0048510764761593,8522,277,146,0.527075812274368,0.0171321286083079,"TF:M10026","TF","Factor: PATZ; motif: GGGGNGGGGGMKGGRRNGGNRN",20092,6500
"806","yellow",TRUE,0.00486456159013726,5759,277,106,0.382671480144404,0.0184059732592464,"TF:M00470_1","TF","Factor: AP-2gamma; motif: GCCYNNGGS; match class: 1",20092,143
"807","yellow",TRUE,0.00491683548996092,10338,277,171,0.617328519855596,0.0165409170052234,"TF:M11391","TF","Factor: Erg; motif: NACCGGATATCCGGTN",20092,2084
"808","yellow",TRUE,0.00492650948711866,6641,277,119,0.429602888086643,0.0179189881042012,"TF:M03978_1","TF","Factor: ETS1; motif: GCCGGAWGTACTTCCGGN; match class: 1",20092,2227
"809","yellow",TRUE,0.00494796264523796,9316,277,157,0.566787003610108,0.0168527264920567,"TF:M08307","TF","Factor: GCMa:Elf-1; motif: NRCCCGCACGGAAGTN",20092,3150
"810","yellow",TRUE,0.00513268082021353,7337,277,129,0.465703971119134,0.0175821180318931,"TF:M03971_1","TF","Factor: ELK1; motif: NACTTCCGSCGGAAGYN; match class: 1",20092,1895
"811","yellow",TRUE,0.00522365895353943,6446,277,116,0.418772563176895,0.0179956562209122,"TF:M07041_1","TF","Factor: HDAC1; motif: KGCARGGTC; match class: 1",20092,3447
"812","yellow",TRUE,0.00530539757940905,4328,277,84,0.303249097472924,0.0194085027726433,"TF:M07277_1","TF","Factor: BTEB2; motif: RGGGNGKGGN; match class: 1",20092,641
"813","yellow",TRUE,0.0053262021992022,13250,277,209,0.754512635379061,0.0157735849056604,"TF:M11399","TF","Factor: Fli-1; motif: NACCGGAWWTCCGGTY",20092,2536
"814","yellow",TRUE,0.00542199959949996,6863,277,122,0.44043321299639,0.0177764825877896,"TF:M12722_1","TF","Factor: ZXDL; motif: GSGSCNNGGGMRGCNCCGGGS; match class: 1",20092,11991
"815","yellow",TRUE,0.00542628378112699,2410,277,53,0.191335740072202,0.0219917012448133,"TF:M11398","TF","Factor: Fli-1; motif: NACMGGAARTN",20092,2534
"816","yellow",TRUE,0.00561899485578151,8265,277,142,0.512635379061372,0.0171808832425892,"TF:M11478_1","TF","Factor: AP-2beta; motif: NSCCNNNGGSN; match class: 1",20092,8805
"817","yellow",TRUE,0.00562405393471366,15883,277,241,0.870036101083033,0.0151734558962413,"TF:M08207_1","TF","Factor: E2F-3:TBR2; motif: ANGTGYKANGGCGCSTTNNCRNNT; match class: 1",20092,1515
"818","yellow",TRUE,0.00567035595431566,11714,277,189,0.682310469314079,0.016134539866826,"TF:M12231","TF","Factor: LRF; motif: NCGACCACCGN",20092,9444
"819","yellow",TRUE,0.00589705515645058,1894,277,44,0.15884476534296,0.0232312565997888,"TF:M12729","TF","Factor: ZNF850; motif: CNSYGGGAGCCCCTCTCNGGGCTGNCC",20092,11832
"820","yellow",TRUE,0.00595833456211818,5994,277,109,0.393501805054152,0.0181848515181849,"TF:M07597","TF","Factor: Egr-1; motif: GCGTGGGCGT",20092,1658
"821","yellow",TRUE,0.00596387600864295,1337,277,34,0.122743682310469,0.0254300673148841,"TF:M11450_1","TF","Factor: Elf-1; motif: NANSCGGAAGTR; match class: 1",20092,1757
"822","yellow",TRUE,0.00608061170602581,6404,277,115,0.415162454873646,0.0179575265459088,"TF:M00246","TF","Factor: Egr-2; motif: NTGCGTRGGCGK",20092,1676
"823","yellow",TRUE,0.00609278561959168,18197,277,266,0.96028880866426,0.0146177941418915,"TF:M04826","TF","Factor: p300; motif: ACNTCCG",20092,1994
"824","yellow",TRUE,0.00610510618309359,8851,277,150,0.541516245487365,0.0169472376002712,"TF:M12593","TF","Factor: CTCF; motif: NNRSYGCCMCCTGSTGGCCN",20092,1174
"825","yellow",TRUE,0.00613971070974123,3966,277,78,0.28158844765343,0.0196671709531014,"TF:M11402","TF","Factor: Fli-1; motif: NACCGGAARTN",20092,2542
"826","yellow",TRUE,0.00617587936530078,10308,277,170,0.613718411552347,0.0164920450135817,"TF:M04744","TF","Factor: ATF-3; motif: GGCGCSSNSNGRTSACGTSA",20092,302
"827","yellow",TRUE,0.00626613408717942,198,277,10,0.036101083032491,0.0505050505050505,"TF:M01876_1","TF","Factor: GABP-beta; motif: ASMGGAAGKGN; match class: 1",20092,2999
"828","yellow",TRUE,0.0063277592821282,1507,277,37,0.133574007220217,0.0245520902455209,"TF:M02073_1","TF","Factor: Fli-1; motif: ACCGGAAGYN; match class: 1",20092,2521
"829","yellow",TRUE,0.00634664841446236,5337,277,99,0.357400722021661,0.0185497470489039,"TF:M09761","TF","Factor: EGR1; motif: NGNGKGGGYGGNGS",20092,1662
"830","yellow",TRUE,0.00640045885678577,356,277,14,0.0505415162454874,0.0393258426966292,"TF:M12123","TF","Factor: ZNF449; motif: RCGCCCAACC",20092,10610
"831","yellow",TRUE,0.00649859134912542,10540,277,173,0.624548736462094,0.0164136622390892,"TF:M00803_1","TF","Factor: E2F; motif: GGCGSG; match class: 1",20092,1591
"832","yellow",TRUE,0.00650532987055826,7800,277,135,0.487364620938628,0.0173076923076923,"TF:M11448","TF","Factor: Elf-1; motif: NANGCGGAAGTN",20092,1752
"833","yellow",TRUE,0.00660123501967272,6899,277,122,0.44043321299639,0.0176837222785911,"TF:M11482","TF","Factor: AP-2gamma; motif: NSCCYNNRGSN",20092,8838
"834","yellow",TRUE,0.0067023815446667,5948,277,108,0.389891696750903,0.0181573638197714,"TF:M09610","TF","Factor: ER-beta; motif: NRGGTCANKSTGACCTNN",20092,2164
"835","yellow",TRUE,0.00672644240854988,6355,277,114,0.411552346570397,0.0179386309992132,"TF:M00244","TF","Factor: NGFI-C; motif: WTGCGTGGGYGG",20092,5940
"836","yellow",TRUE,0.00677769680667174,16348,277,246,0.888086642599278,0.0150477122583802,"TF:M11018_1","TF","Factor: IRX-1; motif: NACRYNNNNNNNNRYGNN; match class: 1",20092,4529
"837","yellow",TRUE,0.00677769680667174,9667,277,161,0.581227436823105,0.0166545981173063,"TF:M12636","TF","Factor: MLLT10; motif: CYNNCCNNGGNGCTG",20092,5374
"838","yellow",TRUE,0.00680105635991073,9741,277,162,0.584837545126354,0.0166307360640591,"TF:M09910","TF","Factor: ER-beta; motif: RGGTCASCNTGMCCY",20092,2166
"839","yellow",TRUE,0.00684981267951619,11148,277,181,0.653429602888087,0.0162360961607463,"TF:M09738","TF","Factor: ZNF511; motif: GGRRGRGGCWGNG",20092,10754
"840","yellow",TRUE,0.00688795273347721,2983,277,62,0.223826714801444,0.0207844451894066,"TF:M09890_1","TF","Factor: ctcf; motif: YGGCCACCAGRKGGCRSYN; match class: 1",20092,1171
"841","yellow",TRUE,0.00693637146348703,10777,277,176,0.635379061371841,0.0163310754384337,"TF:M00257","TF","Factor: RREB-1; motif: CCCCAAACMMCCCC",20092,7540
"842","yellow",TRUE,0.00698061544909294,7395,277,129,0.465703971119134,0.0174442190669371,"TF:M11814_1","TF","Factor: T3R-beta; motif: NRGGTCAAAGGTCRN; match class: 1",20092,8991
"843","yellow",TRUE,0.00706706933527204,6775,277,120,0.433212996389892,0.0177121771217712,"TF:M08231","TF","Factor: Elk-1:T-bet; motif: TCACACCGGAAGNN",20092,1878
"844","yellow",TRUE,0.00712562720312295,1033,277,28,0.101083032490975,0.0271055179090029,"TF:M09590_1","TF","Factor: AP-2alpha; motif: NTNSCCTGRGGSNAN; match class: 1",20092,8789
"845","yellow",TRUE,0.00715411740104112,8669,277,147,0.530685920577617,0.0169569731226208,"TF:M09890","TF","Factor: ctcf; motif: YGGCCACCAGRKGGCRSYN",20092,1170
"846","yellow",TRUE,0.00720481770021454,5360,277,99,0.357400722021661,0.0184701492537313,"TF:M00763","TF","Factor: PPAR; motif: TGACCTTTGNCCY",20092,7070
"847","yellow",TRUE,0.00720481770021454,8032,277,138,0.498194945848375,0.0171812749003984,"TF:M08209_1","TF","Factor: E2F-3:FOXO6; motif: NAATGACACGCGCCCMC; match class: 1",20092,1519
"848","yellow",TRUE,0.00722253242141878,2990,277,62,0.223826714801444,0.0207357859531773,"TF:M11414","TF","Factor: GABP-alpha; motif: NACCGGAAGTN",20092,2986
"849","yellow",TRUE,0.00725416756137381,4834,277,91,0.328519855595668,0.0188249896565991,"TF:M01227_1","TF","Factor: MafB; motif: GNTGAC; match class: 1",20092,5021
"850","yellow",TRUE,0.00725416756137381,983,277,27,0.0974729241877256,0.0274669379450661,"TF:M03974","TF","Factor: ERF; motif: ACCGGAAGTR",20092,2068
"851","yellow",TRUE,0.00725416756137381,2446,277,53,0.191335740072202,0.0216680294358136,"TF:M02072","TF","Factor: Pet-1; motif: ACCGGAWRTN",20092,6722
"852","yellow",TRUE,0.00743225769075107,12228,277,195,0.703971119133574,0.0159470068694799,"TF:M11401","TF","Factor: Fli-1; motif: NACCGGATATCCGGTN",20092,2540
"853","yellow",TRUE,0.00744994149491519,74,277,6,0.0216606498194946,0.0810810810810811,"TF:M12459","TF","Factor: TCF12; motif: NNCACCTGCNN",20092,8558
"854","yellow",TRUE,0.00791443173790704,4456,277,85,0.306859205776173,0.0190754039497307,"TF:M00448_1","TF","Factor: Zic1; motif: KGGGTGGTC; match class: 1",20092,9607
"855","yellow",TRUE,0.00797069298944084,2397,277,52,0.187725631768953,0.0216937838965373,"TF:M11421","TF","Factor: ER81; motif: NACCGGAAGTN",20092,2016
"856","yellow",TRUE,0.00801831528669373,1310,277,33,0.11913357400722,0.0251908396946565,"TF:M06191_1","TF","Factor: ZXDB; motif: NGGGGTC; match class: 1",20092,11985
"857","yellow",TRUE,0.00801831528669373,1310,277,33,0.11913357400722,0.0251908396946565,"TF:M06190_1","TF","Factor: ZXDA; motif: NGGGGTC; match class: 1",20092,11981
"858","yellow",TRUE,0.00801831528669373,7213,277,126,0.454873646209386,0.0174684597254956,"TF:M11880_1","TF","Factor: pax-6; motif: NYACGCWTSANYGMNCN; match class: 1",20092,6593
"859","yellow",TRUE,0.00807961197048184,454,277,16,0.0577617328519856,0.0352422907488987,"TF:M11440","TF","Factor: Net; motif: NRCCGGAAGTN",20092,1914
"860","yellow",TRUE,0.00813594057392229,14370,277,222,0.8014440433213,0.0154488517745303,"TF:M11417_1","TF","Factor: c-Ets-2; motif: NACCGGAAGYRCTTCCGGTN; match class: 1",20092,2239
"861","yellow",TRUE,0.00816946559364932,5382,277,99,0.357400722021661,0.0183946488294314,"TF:M01163","TF","Factor: Elk-1; motif: AACCGGAAGTR",20092,1886
"862","yellow",TRUE,0.00816946559364932,5918,277,107,0.386281588447653,0.0180804325785738,"TF:M11541","TF","Factor: Foxn2; motif: NNGCGTCNNNNNGACGCNN",20092,2800
"863","yellow",TRUE,0.00824425021776021,11943,277,191,0.689530685920578,0.0159926316670853,"TF:M01227","TF","Factor: MafB; motif: GNTGAC",20092,5020
"864","yellow",TRUE,0.00831798136673062,2225,277,49,0.176895306859206,0.0220224719101124,"TF:M01816","TF","Factor: ZBP89; motif: YCCYCCCCCM",20092,9312
"865","yellow",TRUE,0.00833596478481654,10667,277,174,0.628158844765343,0.0163119902503047,"TF:M00736","TF","Factor: E2F-1:DP-1; motif: TTTCSCGC",20092,1460
"866","yellow",TRUE,0.00843525325334937,137,277,8,0.0288808664259928,0.0583941605839416,"TF:M11436_1","TF","Factor: SAP-1; motif: NRNCGGAWRYN; match class: 1",20092,1935
"867","yellow",TRUE,0.00848144607700733,3636,277,72,0.259927797833935,0.0198019801980198,"TF:M01704","TF","Factor: gli3; motif: GACCACCCANG",20092,3320
"868","yellow",TRUE,0.00864169677513323,2588,277,55,0.1985559566787,0.0212519319938176,"TF:M05386_1","TF","Factor: KLF17; motif: NGGGCGG; match class: 1",20092,4717
"869","yellow",TRUE,0.00864169677513323,2588,277,55,0.1985559566787,0.0212519319938176,"TF:M05499_1","TF","Factor: LKLF; motif: NGGGCGG; match class: 1",20092,4919
"870","yellow",TRUE,0.0087885271652722,13,277,3,0.0108303249097473,0.230769230769231,"TF:M11502","TF","Factor: OC-2; motif: NTATCGATCSNN",20092,6372
"871","yellow",TRUE,0.0087885271652722,3017,277,62,0.223826714801444,0.0205502154458071,"TF:M07615_1","TF","Factor: Sp3; motif: GGGGCGGGGSNN; match class: 1",20092,8107
"872","yellow",TRUE,0.00880237206448705,1319,277,33,0.11913357400722,0.0250189537528431,"TF:M11751","TF","Factor: EAR2; motif: NRGGTCAAAGGTCRN",20092,6176
"873","yellow",TRUE,0.0088271349636479,14145,277,219,0.790613718411552,0.0154825026511135,"TF:M10491","TF","Factor: ZNF586; motif: CAGGCCYRGAGG",20092,11034
"874","yellow",TRUE,0.0089464859916343,173,277,9,0.0324909747292419,0.0520231213872832,"TF:M00762_1","TF","Factor: PPAR,; motif: RGGNCAAAGGTCA; match class: 1",20092,1401
"875","yellow",TRUE,0.00897212631644141,329,277,13,0.0469314079422383,0.0395136778115502,"TF:M09611_1","TF","Factor: ER81; motif: NNNGRCMGGAAGYRNNNNNNNS; match class: 1",20092,2007
"876","yellow",TRUE,0.00898515781930141,6343,277,113,0.407942238267148,0.0178149140785117,"TF:M01973","TF","Factor: PLAG1; motif: CCCCCKWNNNGGSCCC",20092,6826
"877","yellow",TRUE,0.00918350966971457,1054,277,28,0.101083032490975,0.0265654648956357,"TF:M01273_1","TF","Factor: SP4; motif: SCCCCGCCCCS; match class: 1",20092,8119
"878","yellow",TRUE,0.00920255594436927,10688,277,174,0.628158844765343,0.0162799401197605,"TF:M13137","TF","Factor: AP2BETA; motif: SCCYCAGGSNN",20092,8806
"879","yellow",TRUE,0.00942039970141462,2359,277,51,0.184115523465704,0.0216193302246715,"TF:M01224","TF","Factor: P50:RELA-P65; motif: GGANTTYCCCWN",20092,6458
"880","yellow",TRUE,0.0094240237282036,2419,277,52,0.187725631768953,0.0214964861513022,"TF:M08760","TF","Factor: ETV7; motif: NNSCGGAAGTR",20092,2392
"881","yellow",TRUE,0.0094240237282036,8228,277,140,0.505415162454874,0.0170150704910063,"TF:M01652","TF","Factor: p53; motif: RGRCWWGYCYNGRCWWGYYY",20092,6470
"882","yellow",TRUE,0.00943233400706929,8087,277,138,0.498194945848375,0.0170644243848151,"TF:M04756_1","TF","Factor: sin3A; motif: TGTCCNNGGTGCTG; match class: 1",20092,7711
"883","yellow",TRUE,0.0095220617831372,2361,277,51,0.184115523465704,0.0216010165184244,"TF:M11805","TF","Factor: RAR-gamma; motif: RAGGTCRTGACCTY",20092,7288
"884","yellow",TRUE,0.0095220617831372,8089,277,138,0.498194945848375,0.0170602052169613,"TF:M00982","TF","Factor: KROX; motif: CCCGCCCCCRCCCC",20092,4766
"885","yellow",TRUE,0.00956906718418996,5612,277,102,0.368231046931408,0.0181753385602281,"TF:M01837","TF","Factor: FKLF; motif: BGGGNGGVMD",20092,2496
"886","yellow",TRUE,0.00970495652316911,11222,277,181,0.653429602888087,0.0161290322580645,"TF:M04950","TF","Factor: Egr-1; motif: NGCGTGCGY",20092,1654
"887","yellow",TRUE,0.00970854057834354,1439,277,35,0.126353790613718,0.024322446143155,"TF:M04149_1","TF","Factor: TFAP2B; motif: NGCCCNNRGGCA; match class: 1",20092,8797
"888","yellow",TRUE,0.00994323505069546,2129,277,47,0.169675090252708,0.0220760920620009,"TF:M12172","TF","Factor: LKLF; motif: NRCCACRCCCN",20092,4922
"889","yellow",TRUE,0.00996420044255085,10409,277,170,0.613718411552347,0.0163320203669901,"TF:M01835_1","TF","Factor: GKLF; motif: CCTCCYN; match class: 1",20092,3293
"890","yellow",TRUE,0.0101720995040238,4111,277,79,0.285198555956679,0.0192167355874483,"TF:M08443_1","TF","Factor: AP-4:ER81; motif: RSCGGAAGCAGSTGNN; match class: 1",20092,8851
"891","yellow",TRUE,0.0102311655152062,9900,277,163,0.588447653429603,0.0164646464646465,"TF:M00915","TF","Factor: AP-2; motif: SNNNCCNCAGGCN",20092,160
"892","yellow",TRUE,0.0103365529033822,7195,277,125,0.451263537906137,0.0173731758165393,"TF:M00075","TF","Factor: GATA-1; motif: SNNGATNNNN",20092,3006
"893","yellow",TRUE,0.0105772375163654,10940,277,177,0.63898916967509,0.0161791590493601,"TF:M09729","TF","Factor: LUMAN; motif: CYCAGCYYCY",20092,4982
"894","yellow",TRUE,0.0106547527533633,5497,277,100,0.36101083032491,0.0181917409496089,"TF:M02036_1","TF","Factor: WT1; motif: CGCCCCCNCN; match class: 1",20092,9225
"895","yellow",TRUE,0.0106547527533633,8966,277,150,0.541516245487365,0.016729868391702,"TF:M10112","TF","Factor: Miz-1; motif: NNRGGWGGGGGAGGGGMRR",20092,5362
"896","yellow",TRUE,0.0108450644143485,9330,277,155,0.55956678700361,0.0166130760986066,"TF:M01721","TF","Factor: PUR1; motif: GGGNCAGNN",20092,7234
"897","yellow",TRUE,0.0108915359686227,4641,277,87,0.314079422382672,0.0187459599224305,"TF:M03845","TF","Factor: Smad1; motif: NGGCAGACN",20092,7790
"898","yellow",TRUE,0.0109307774410565,5770,277,104,0.375451263537906,0.0180242634315425,"TF:M08226_1","TF","Factor: Elk-1:Pax-9; motif: ACCGGAACYACGCWYSANTG; match class: 1",20092,1871
"899","yellow",TRUE,0.0109713469090463,1016,277,27,0.0974729241877256,0.0265748031496063,"TF:M09641_1","TF","Factor: NRF-1; motif: SYGCGCMTGCGCRNNGSN; match class: 1",20092,6221
"900","yellow",TRUE,0.0111223280959556,7279,277,126,0.454873646209386,0.0173100700645693,"TF:M07290","TF","Factor: GLI; motif: NGACCMCCCAN",20092,3298
"901","yellow",TRUE,0.0111223280959556,4776,277,89,0.32129963898917,0.0186348408710218,"TF:M07602_1","TF","Factor: CP2; motif: NNNNCCAGNCNN; match class: 1",20092,961
"902","yellow",TRUE,0.011234169352041,2502,277,53,0.191335740072202,0.0211830535571543,"TF:M01078_1","TF","Factor: c-Ets-1; motif: NNNRCCGGAWRYNNNN; match class: 1",20092,837
"903","yellow",TRUE,0.011234169352041,2502,277,53,0.191335740072202,0.0211830535571543,"TF:M09671_1","TF","Factor: VDR; motif: RRGGTCANNGRGKTCA; match class: 1",20092,9169
"904","yellow",TRUE,0.0114555362415509,7774,277,133,0.48014440433213,0.0171083097504502,"TF:M03967","TF","Factor: ELF3; motif: WACCCGGAAGTAN",20092,1794
"905","yellow",TRUE,0.0115445266341301,2385,277,51,0.184115523465704,0.0213836477987421,"TF:M04149","TF","Factor: TFAP2B; motif: NGCCCNNRGGCA",20092,8796
"906","yellow",TRUE,0.0117150603994751,2873,277,59,0.212996389891697,0.0205360250609119,"TF:M00698","TF","Factor: HEB; motif: RCCWGCTG",20092,3448
"907","yellow",TRUE,0.0117150603994751,5314,277,97,0.350180505415162,0.0182536695521265,"TF:M00469","TF","Factor: AP-2alpha; motif: GCCNNNRGS",20092,130
"908","yellow",TRUE,0.0117490568226321,13018,277,204,0.736462093862816,0.0156706099247196,"TF:M00646","TF","Factor: LF-A1; motif: GGGSTCWR",20092,4826
"909","yellow",TRUE,0.0118904749458861,12249,277,194,0.700361010830325,0.0158380275940893,"TF:M00426","TF","Factor: E2F; motif: TTTSGCGS",20092,1596
"910","yellow",TRUE,0.0120288336278604,9861,277,162,0.584837545126354,0.0164283541223,"TF:M09984","TF","Factor: MAZ; motif: GGGGGAGGGGGNGRGRRRGNRG",20092,5148
"911","yellow",TRUE,0.0122769309904843,7368,277,127,0.458483754512635,0.0172366992399566,"TF:M02023","TF","Factor: MAZ; motif: NKGGGAGGGGRGGR",20092,5158
"912","yellow",TRUE,0.0123601951247574,8639,277,145,0.523465703971119,0.0167843500405139,"TF:M04106_1","TF","Factor: RUNX2; motif: NRACCGCAAACCGCAN; match class: 1",20092,7561
"913","yellow",TRUE,0.0123685278659064,6678,277,117,0.422382671480144,0.0175202156334232,"TF:M02281","TF","Factor: SP1; motif: CCCCKCCCCC",20092,8042
"914","yellow",TRUE,0.0123685278659064,5726,277,103,0.371841155234657,0.0179881243450926,"TF:M08457_1","TF","Factor: ER71:SREBP-2; motif: NTSACGTGACGGAARY; match class: 1",20092,2317
"915","yellow",TRUE,0.0123860289730561,10677,277,173,0.624548736462094,0.0162030532921233,"TF:M03989","TF","Factor: FLI1; motif: ACCGGAAATCCGGT",20092,2524
"916","yellow",TRUE,0.0125676670539523,2638,277,55,0.1985559566787,0.0208491281273692,"TF:M08451_1","TF","Factor: Elk-1:HOXA1; motif: ACCGGAAGTAATTA; match class: 1",20092,1857
"917","yellow",TRUE,0.0126131778126717,478,277,16,0.0577617328519856,0.0334728033472803,"TF:M11753","TF","Factor: EAR2; motif: NRGGTCAAAGGTCAN",20092,6180
"918","yellow",TRUE,0.0126131778126717,5195,277,95,0.342960288808664,0.0182868142444658,"TF:M13368","TF","Factor: ZBTB24; motif: CCCAGGACCC",20092,9350
"919","yellow",TRUE,0.0127127209967229,10757,277,174,0.628158844765343,0.0161755136190388,"TF:M08205_1","TF","Factor: E2F-1:Elk-1; motif: SGCGCSNNAMCGGAAGT; match class: 1",20092,1465
"920","yellow",TRUE,0.0127379117387388,14702,277,225,0.812274368231047,0.0153040402666304,"TF:M04756","TF","Factor: sin3A; motif: TGTCCNNGGTGCTG",20092,7710
"921","yellow",TRUE,0.0127628429678519,7030,277,122,0.44043321299639,0.0173541963015647,"TF:M01219","TF","Factor: SP1:SP3; motif: CCSCCCCCYCC",20092,8036
"922","yellow",TRUE,0.0128913862087548,14141,277,218,0.787003610108303,0.0154161657591401,"TF:M04106","TF","Factor: RUNX2; motif: NRACCGCAAACCGCAN",20092,7560
"923","yellow",TRUE,0.0131498314439384,4283,277,81,0.292418772563177,0.0189119775858043,"TF:M00649_1","TF","Factor: MAZ; motif: GGGGAGGG; match class: 1",20092,5157
"924","yellow",TRUE,0.0131988239632916,3076,277,62,0.223826714801444,0.0201560468140442,"TF:M07397_1","TF","Factor: ZBP89; motif: CCCCKCCCCCNN; match class: 1",20092,9315
"925","yellow",TRUE,0.0132961937773032,4091,277,78,0.28158844765343,0.0190662429723784,"TF:M08911_1","TF","Factor: CTCF; motif: NCCRSTAGGGGGCGC; match class: 1",20092,1163
"926","yellow",TRUE,0.0133623821912985,4,277,2,0.0072202166064982,0.5,"TF:M06944","TF","Factor: PRDM15; motif: WTGGAANTCCMA",20092,7114
"927","yellow",TRUE,0.0133623821912985,4,277,2,0.0072202166064982,0.5,"TF:M06379_1","TF","Factor: ZNF770; motif: NWGGGGCGAG; match class: 1",20092,11595
"928","yellow",TRUE,0.0134155547809439,8302,277,140,0.505415162454874,0.0168634064080944,"TF:M09671","TF","Factor: VDR; motif: RRGGTCANNGRGKTCA",20092,9168
"929","yellow",TRUE,0.0134360838637912,1195,277,30,0.108303249097473,0.0251046025104603,"TF:M07339","TF","Factor: Staf; motif: AMNTCCCAGAATGCCT",20092,8300
"930","yellow",TRUE,0.0135726437260383,7740,277,132,0.476534296028881,0.0170542635658915,"TF:M01078","TF","Factor: c-Ets-1; motif: NNNRCCGGAWRYNNNN",20092,836
"931","yellow",TRUE,0.0137429279776422,437,277,15,0.0541516245487365,0.034324942791762,"TF:M01258_1","TF","Factor: GABP; motif: CACTTCCGGNNN; match class: 1",20092,3003
"932","yellow",TRUE,0.0138888903211299,1475,277,35,0.126353790613718,0.023728813559322,"TF:M12159","TF","Factor: KLF15; motif: GCCACGCCCMCN",20092,4702
"933","yellow",TRUE,0.0139771239984046,8953,277,149,0.537906137184116,0.0166424662124428,"TF:M04953","TF","Factor: Sp1; motif: GGNDGGRGGCGGGG",20092,8046
"934","yellow",TRUE,0.0139913824585675,393,277,14,0.0505415162454874,0.0356234096692112,"TF:M08917_1","TF","Factor: GABP-ALPHA; motif: RCCGGAARTNN; match class: 1",20092,2983
"935","yellow",TRUE,0.0140010695893429,34,277,4,0.0144404332129964,0.117647058823529,"TF:M09917_1","TF","Factor: EVX2; motif: NNTTTATKRCYNN; match class: 1",20092,2433
"936","yellow",TRUE,0.0140655386034498,1145,277,29,0.104693140794224,0.0253275109170306,"TF:M07209","TF","Factor: ELK4; motif: NCRCTTCCGGN",20092,1928
"937","yellow",TRUE,0.0140889428371009,5350,277,97,0.350180505415162,0.0181308411214953,"TF:M09900","TF","Factor: Elf-1; motif: NNANCCGGAAGTGS",20092,1744
"938","yellow",TRUE,0.0140889428371009,17454,277,257,0.927797833935018,0.0147244184714106,"TF:M08207","TF","Factor: E2F-3:TBR2; motif: ANGTGYKANGGCGCSTTNNCRNNT",20092,1514
"939","yellow",TRUE,0.0141042636391582,2173,277,47,0.169675090252708,0.0216290842153705,"TF:M07052","TF","Factor: NRF-1; motif: GCGCMTGCGCN",20092,6224
"940","yellow",TRUE,0.0141464455574753,6433,277,113,0.407942238267148,0.0175656769780818,"TF:M11022_1","TF","Factor: IRX2a; motif: ACRYGNNNNACRYGT; match class: 1",20092,4539
"941","yellow",TRUE,0.0141464455574753,2353,277,50,0.180505415162455,0.0212494687632809,"TF:M00977","TF","Factor: EBF; motif: KTCCCYWGRGA",20092,1636
"942","yellow",TRUE,0.0142099882885699,580,277,18,0.0649819494584837,0.0310344827586207,"TF:M02060","TF","Factor: Net; motif: ACCGGAARTN",20092,5662
"943","yellow",TRUE,0.0142287963131686,2657,277,55,0.1985559566787,0.0207000376364321,"TF:M02281_1","TF","Factor: SP1; motif: CCCCKCCCCC; match class: 1",20092,8043
"944","yellow",TRUE,0.0144074191357077,9903,277,162,0.584837545126354,0.0163586791881248,"TF:M08955","TF","Factor: FXR:RXR-ALPHA; motif: NRGGTCANRGGKN",20092,2962
"945","yellow",TRUE,0.0144083603312195,5556,277,100,0.36101083032491,0.0179985601151908,"TF:M12140","TF","Factor: Egr-1; motif: NNCRCCCMCGCNN",20092,1668
"946","yellow",TRUE,0.0146699641295454,14010,277,216,0.779783393501805,0.0154175588865096,"TF:M09746","TF","Factor: HNRPUL1; motif: NCNCAGN",20092,3782
"947","yellow",TRUE,0.0147829825329003,4697,277,87,0.314079422382672,0.018522461145412,"TF:M09896_1","TF","Factor: E2F-7; motif: GRGGCGGGAANNN; match class: 1",20092,1571
"948","yellow",TRUE,0.0149484051847721,6581,277,115,0.415162454873646,0.0174745479410424,"TF:M00051","TF","Factor: NF-kappaB; motif: GGGGATYCCC",20092,5874
"949","yellow",TRUE,0.0150185558818424,12073,277,191,0.689530685920578,0.0158204257433944,"TF:M11401_1","TF","Factor: Fli-1; motif: NACCGGATATCCGGTN; match class: 1",20092,2541
"950","yellow",TRUE,0.0150911006650228,9332,277,154,0.555956678700361,0.0165023574796399,"TF:M11391_1","TF","Factor: Erg; motif: NACCGGATATCCGGTN; match class: 1",20092,2085
"951","yellow",TRUE,0.0150911006650228,2422,277,51,0.184115523465704,0.0210569777043765,"TF:M09832","TF","Factor: RFX1; motif: NGTTGCCATGG",20092,7394
"952","yellow",TRUE,0.015107050290279,13779,277,213,0.768953068592058,0.0154583061180057,"TF:M11883","TF","Factor: pax-6; motif: NYACGCNTSRNYGCNYN",20092,6598
"953","yellow",TRUE,0.0151338311298225,2064,277,45,0.162454873646209,0.0218023255813953,"TF:M01037","TF","Factor: GLI; motif: NBTGGGTGGTCN",20092,3350
"954","yellow",TRUE,0.0151338311298225,12381,277,195,0.703971119133574,0.0157499394233099,"TF:M08457","TF","Factor: ER71:SREBP-2; motif: NTSACGTGACGGAARY",20092,2316
"955","yellow",TRUE,0.0152820537022334,8760,277,146,0.527075812274368,0.0166666666666667,"TF:M12230","TF","Factor: LRF; motif: RCGACCACCNN",20092,9442
"956","yellow",TRUE,0.0154532748411692,7280,277,125,0.451263537906137,0.0171703296703297,"TF:M10098","TF","Factor: DP-1; motif: NRNNGGCGGGAANN",20092,8892
"957","yellow",TRUE,0.0154875166974849,7700,277,131,0.472924187725632,0.017012987012987,"TF:M00004","TF","Factor: c-Myb; motif: NCNRNNGRCNGTTGGKGG",20092,922
"958","yellow",TRUE,0.0155201842791728,538,277,17,0.0613718411552347,0.0315985130111524,"TF:M11394_1","TF","Factor: Erg; motif: NACMGGAARTN; match class: 1",20092,2091
"959","yellow",TRUE,0.0155201842791728,11552,277,184,0.664259927797834,0.0159279778393352,"TF:M08377","TF","Factor: meis1:Elf-1; motif: NTGCCGGAAGTN",20092,5248
"960","yellow",TRUE,0.0155201842791728,6180,277,109,0.393501805054152,0.0176375404530744,"TF:M11492_1","TF","Factor: LBP9; motif: ACYRGTNNNNACYRGT; match class: 1",20092,4779
"961","yellow",TRUE,0.0156364553957854,191,277,9,0.0324909747292419,0.0471204188481675,"TF:M01167_1","TF","Factor: SAP-1a; motif: NACCGGAAGTV; match class: 1",20092,7645
"962","yellow",TRUE,0.0156417520175402,7914,277,134,0.483754512635379,0.0169320192064695,"TF:M04152","TF","Factor: TFAP2C; motif: NGCCCNNRGGCA",20092,8826
"963","yellow",TRUE,0.0156753220420039,8767,277,146,0.527075812274368,0.0166533591878636,"TF:M00749","TF","Factor: SREBP-1; motif: CACSCCA",20092,8228
"964","yellow",TRUE,0.0156753220420039,6593,277,115,0.415162454873646,0.017442742302442,"TF:M02090_1","TF","Factor: E2F-4; motif: GCGGGAAANA; match class: 1",20092,1559
"965","yellow",TRUE,0.0157612375940531,400,277,14,0.0505415162454874,0.035,"TF:M08330","TF","Factor: GCMb:FIGLA; motif: ATGCGGGTNCASSTG",20092,3212
"966","yellow",TRUE,0.015824904230479,8698,277,145,0.523465703971119,0.0166704989652794,"TF:M01047_1","TF","Factor: AP-2alphaA; motif: ANMGCCTNAGGCKNT; match class: 1",20092,135
"967","yellow",TRUE,0.015824904230479,8698,277,145,0.523465703971119,0.0166704989652794,"TF:M01047","TF","Factor: AP-2alphaA; motif: ANMGCCTNAGGCKNT",20092,134
"968","yellow",TRUE,0.0158517192609176,3107,277,62,0.223826714801444,0.0199549404570325,"TF:M01009","TF","Factor: HES-1; motif: ANSBCKYGTGSCNNG",20092,3470
"969","yellow",TRUE,0.0159319231685938,12318,277,194,0.700361010830325,0.0157493099529144,"TF:M08226","TF","Factor: Elk-1:Pax-9; motif: ACCGGAACYACGCWYSANTG",20092,1870
"970","yellow",TRUE,0.0159319231685938,4126,277,78,0.28158844765343,0.0189045079980611,"TF:M03893_1","TF","Factor: WT1; motif: GNGGGGGCGGGG; match class: 1",20092,9227
"971","yellow",TRUE,0.0164826977592312,36,277,4,0.0144404332129964,0.111111111111111,"TF:M01782_1","TF","Factor: TR4; motif: AGGTCAAAGGTCA; match class: 1",20092,9055
"972","yellow",TRUE,0.0164899385019035,13485,277,209,0.754512635379061,0.0154987022617723,"TF:M11533","TF","Factor: E2F-1; motif: NTTTTGGCGCCAWWWN",20092,1480
"973","yellow",TRUE,0.0164899385019035,3874,277,74,0.267148014440433,0.0191017036654621,"TF:M01703","TF","Factor: Gli2; motif: GACCACCCANG",20092,3302
"974","yellow",TRUE,0.0164899385019035,4984,277,91,0.328519855595668,0.0182584269662921,"TF:M11796_1","TF","Factor: NR1B1; motif: NRGGNCRTGACCTN; match class: 1",20092,7259
"975","yellow",TRUE,0.0164899385019035,5922,277,105,0.379061371841155,0.0177304964539007,"TF:M00007","TF","Factor: Elk-1; motif: NAAACMGGAAGTNCVH",20092,1882
"976","yellow",TRUE,0.0164899385019035,7927,277,134,0.483754512635379,0.0169042512930491,"TF:M01165","TF","Factor: Elk-1; motif: RACCGGAAGTR",20092,1888
"977","yellow",TRUE,0.016524261618736,1162,277,29,0.104693140794224,0.0249569707401033,"TF:M12404","TF","Factor: KLF15; motif: NCCCCGCCCCN",20092,4706
"978","yellow",TRUE,0.0165633485652814,9284,277,153,0.552346570397112,0.0164799655320982,"TF:M10086","TF","Factor: TAFII250; motif: RARRWGGCGGMGGNGR",20092,8392
"979","yellow",TRUE,0.0169111261289479,17,277,3,0.0108303249097473,0.176470588235294,"TF:M06167","TF","Factor: ZNF93; motif: NGGGGAAGAAKA",20092,11908
"980","yellow",TRUE,0.0169184533789327,10604,277,171,0.617328519855596,0.0161259901923802,"TF:M04748_1","TF","Factor: GABP-alpha; motif: AACCGGAAR; match class: 1",20092,2981
"981","yellow",TRUE,0.0169184533789327,7024,277,121,0.436823104693141,0.0172266514806378,"TF:M00327_1","TF","Factor: Pax-3; motif: NNNNNNCGTCACGSTYNNNNN; match class: 1",20092,6541
"982","yellow",TRUE,0.0171475730158037,13967,277,215,0.776173285198556,0.015393427364502,"TF:M11393_1","TF","Factor: Erg; motif: NACCGGATATCCGGTN; match class: 1",20092,2089
"983","yellow",TRUE,0.0173286534892734,451,277,15,0.0541516245487365,0.0332594235033259,"TF:M11414_1","TF","Factor: GABP-alpha; motif: NACCGGAAGTN; match class: 1",20092,2987
"984","yellow",TRUE,0.0177271019595004,6208,277,109,0.393501805054152,0.0175579896907216,"TF:M11419","TF","Factor: ER81; motif: NNCCGGAWGYN",20092,2012
"985","yellow",TRUE,0.0177961358946691,7943,277,134,0.483754512635379,0.0168702001762558,"TF:M00665","TF","Factor: Sp3; motif: ASMCTTGGGSRGGG",20092,8104
"986","yellow",TRUE,0.0177961358946691,91,277,6,0.0216606498194946,0.0659340659340659,"TF:M00262_1","TF","Factor: Staf; motif: NTTWCCCANMATGCAYYRCGNY; match class: 1",20092,8291
"987","yellow",TRUE,0.0177961358946691,4932,277,90,0.324909747292419,0.0182481751824818,"TF:M10056","TF","Factor: DRRS; motif: GNNGGGWGGG",20092,1426
"988","yellow",TRUE,0.0177961358946691,91,277,6,0.0216606498194946,0.0659340659340659,"TF:M12265","TF","Factor: ZNF385D; motif: NCGTCGCGACGN",20092,10414
"989","yellow",TRUE,0.0183622507399934,1564,277,36,0.129963898916967,0.0230179028132992,"TF:M11432_1","TF","Factor: Elk-1; motif: NACMGGAAGTN; match class: 1",20092,1899
"990","yellow",TRUE,0.0186151328354192,9381,277,154,0.555956678700361,0.0164161603240593,"TF:M00800","TF","Factor: AP-2; motif: GSCCSCRGGCNRNRNN",20092,154
"991","yellow",TRUE,0.018652773821935,1914,277,42,0.151624548736462,0.0219435736677116,"TF:M00762","TF","Factor: PPAR,; motif: RGGNCAAAGGTCA",20092,1400
"992","yellow",TRUE,0.018987101210253,9386,277,154,0.555956678700361,0.0164074152993821,"TF:M08911","TF","Factor: CTCF; motif: NCCRSTAGGGGGCGC",20092,1162
"993","yellow",TRUE,0.018987101210253,1012,277,26,0.0938628158844765,0.0256916996047431,"TF:M10056_1","TF","Factor: DRRS; motif: GNNGGGWGGG; match class: 1",20092,1427
"994","yellow",TRUE,0.018987101210253,503,277,16,0.0577617328519856,0.0318091451292246,"TF:M11420_1","TF","Factor: ER81; motif: NACCGGAAGTN; match class: 1",20092,2015
"995","yellow",TRUE,0.018987101210253,4286,277,80,0.288808664259928,0.0186654223051797,"TF:M05467","TF","Factor: Sall1; motif: NGGTCCKRGKRA",20092,7630
"996","yellow",TRUE,0.0190014167139072,63,277,5,0.0180505415162455,0.0793650793650794,"TF:M08016_1","TF","Factor: COUP-TF1; motif: NARAGGTCANNNG; match class: 1",20092,6145
"997","yellow",TRUE,0.0190014167139072,4287,277,80,0.288808664259928,0.0186610683461628,"TF:M01593","TF","Factor: Zfx; motif: SNSCAGGCCKCGSCSS",20092,9596
"998","yellow",TRUE,0.0190937334189499,7959,277,134,0.483754512635379,0.0168362859655736,"TF:M08952","TF","Factor: NF-KAPPAB1; motif: NGGKRNTTYCCCN",20092,5884
"999","yellow",TRUE,0.0191939150518291,751,277,21,0.075812274368231,0.0279627163781625,"TF:M07052_1","TF","Factor: NRF-1; motif: GCGCMTGCGCN; match class: 1",20092,6225
"1000","yellow",TRUE,0.0194885335654323,3967,277,75,0.270758122743682,0.018905974287875,"TF:M03921","TF","Factor: SP3; motif: NCCACGCCCMC",20092,8098
"1001","yellow",TRUE,0.0196324566403563,2705,277,55,0.1985559566787,0.0203327171903882,"TF:M04932","TF","Factor: Sp2; motif: AAGGGGCGG",20092,8076
"1002","yellow",TRUE,0.0197247179856512,4885,277,89,0.32129963898917,0.0182190378710338,"TF:M09738_1","TF","Factor: ZNF511; motif: GGRRGRGGCWGNG; match class: 1",20092,10755
"1003","yellow",TRUE,0.0201773248455751,7759,277,131,0.472924187725632,0.01688361902307,"TF:M09746_1","TF","Factor: HNRPUL1; motif: NCNCAGN; match class: 1",20092,3783
"1004","yellow",TRUE,0.0207482398195587,2898,277,58,0.209386281588448,0.0200138026224983,"TF:M09591_1","TF","Factor: AP-2gamma; motif: NTGSCCTGRGGSNN; match class: 1",20092,8835
"1005","yellow",TRUE,0.0210569848078426,2047,277,44,0.15884476534296,0.021494870542257,"TF:M12693","TF","Factor: ZBTB5; motif: NNNGNNNYCNCYNNGGTCCGN",20092,9434
"1006","yellow",TRUE,0.0211305838482814,3088,277,61,0.220216606498195,0.0197538860103627,"TF:M00518_1","TF","Factor: PPARalpha:RXRalpha; motif: NNRGGTCATWGGGGTSANG; match class: 1",20092,7067
"1007","yellow",TRUE,0.0211441284309326,11397,277,181,0.653429602888087,0.0158813722909538,"TF:M12227","TF","Factor: ZIC4; motif: NNCCNCCCRYNGYGN",20092,9632
"1008","yellow",TRUE,0.021150698844505,326,277,12,0.0433212996389892,0.0368098159509202,"TF:M02072_1","TF","Factor: Pet-1; motif: ACCGGAWRTN; match class: 1",20092,6723
"1009","yellow",TRUE,0.0212085986997298,968,277,25,0.0902527075812274,0.0258264462809917,"TF:M00763_1","TF","Factor: PPAR; motif: TGACCTTTGNCCY; match class: 1",20092,7071
"1010","yellow",TRUE,0.0212085986997298,1076,277,27,0.0974729241877256,0.025092936802974,"TF:M11410","TF","Factor: etv3; motif: NNCGGAARTGSCAYTTCCGNT",20092,2338
"1011","yellow",TRUE,0.0212085986997298,5298,277,95,0.342960288808664,0.0179312948282371,"TF:M09732","TF","Factor: RFX3; motif: NYNCCMTGGCAACM",20092,7430
"1012","yellow",TRUE,0.0215444807877684,2351,277,49,0.176895306859206,0.0208421948107188,"TF:M01001","TF","Factor: DEAF1; motif: NCGNNYTCGGGNRTTTCCGDARNNN",20092,1242
"1013","yellow",TRUE,0.0218557388870697,464,277,15,0.0541516245487365,0.0323275862068966,"TF:M11437_1","TF","Factor: SAP-1; motif: NRCCGGAWGYN; match class: 1",20092,1937
"1014","yellow",TRUE,0.021957992089931,1079,277,27,0.0974729241877256,0.0250231696014829,"TF:M13368_1","TF","Factor: ZBTB24; motif: CCCAGGACCC; match class: 1",20092,9351
"1015","yellow",TRUE,0.0221249858490065,5777,277,102,0.368231046931408,0.0176562229530898,"TF:M04918","TF","Factor: Egr-1; motif: ACCGCCC",20092,1652
"1016","yellow",TRUE,0.0221556246439719,3096,277,61,0.220216606498195,0.019702842377261,"TF:M11739","TF","Factor: COUP-TF1; motif: RRGGTCRNTGACCTN",20092,6150
"1017","yellow",TRUE,0.0221556246439719,610,277,18,0.0649819494584837,0.0295081967213115,"TF:M08965_1","TF","Factor: NR1B1:RXR-GAMMA; motif: RRGGTCANNNNNRGGTCA; match class: 1",20092,6095
"1018","yellow",TRUE,0.0224106044224377,1081,277,27,0.0974729241877256,0.0249768732654949,"TF:M09935_1","TF","Factor: GABP-alpha; motif: NNNRCCGGAAGTGN; match class: 1",20092,2985
"1019","yellow",TRUE,0.0224876317564075,6945,277,119,0.429602888086643,0.0171346292296616,"TF:M01873","TF","Factor: Egr-1; motif: GCGGGGGCGG",20092,1674
"1020","yellow",TRUE,0.0225393105606245,286,277,11,0.0397111913357401,0.0384615384615385,"TF:M00765_1","TF","Factor: COUP; motif: TGACCTTTGACCC; match class: 1",20092,945
"1021","yellow",TRUE,0.0225393105606245,3670,277,70,0.252707581227437,0.0190735694822888,"TF:M01303_1","TF","Factor: SP1; motif: GGGGYGGGGNS; match class: 1",20092,8041
"1022","yellow",TRUE,0.0227561135630694,1248,277,30,0.108303249097473,0.0240384615384615,"TF:M11740","TF","Factor: COUP-TF1; motif: NRGGTCAAAGGTCAN",20092,6152
"1023","yellow",TRUE,0.0230786748984266,14667,277,223,0.805054151624549,0.0152041999045476,"TF:M11417","TF","Factor: c-Ets-2; motif: NACCGGAAGYRCTTCCGGTN",20092,2238
"1024","yellow",TRUE,0.0231893071335685,1362,277,32,0.115523465703971,0.0234948604992658,"TF:M07597_1","TF","Factor: Egr-1; motif: GCGTGGGCGT; match class: 1",20092,1659
"1025","yellow",TRUE,0.0233487981729797,4389,277,81,0.292418772563177,0.0184552289815448,"TF:M11449","TF","Factor: Elf-1; motif: NANCCGGAAGTN",20092,1754
"1026","yellow",TRUE,0.0234886859036261,167,277,8,0.0288808664259928,0.0479041916167665,"TF:M04472_1","TF","Factor: COUP-TF1; motif: RRGGTCAAAGGTCAN; match class: 1",20092,6139
"1027","yellow",TRUE,0.0238739070020415,8078,277,135,0.487364620938628,0.0167120574399604,"TF:M11795","TF","Factor: NR1B1; motif: NRGGTCANNRGGTCAN",20092,7256
"1028","yellow",TRUE,0.0242370874715089,7729,277,130,0.469314079422383,0.016819769698538,"TF:M01214","TF","Factor: ESE-1; motif: NSMGGAARTN",20092,2134
"1029","yellow",TRUE,0.0242370874715089,5728,277,101,0.364620938628159,0.0176326815642458,"TF:M05327","TF","Factor: WT1; motif: NGCGGGGGGGTSMMCYN",20092,9216
"1030","yellow",TRUE,0.0242370874715089,7729,277,130,0.469314079422383,0.016819769698538,"TF:M02055","TF","Factor: ESE-1; motif: NSMGGAARTN",20092,2130
"1031","yellow",TRUE,0.0242719273185576,6685,277,115,0.415162454873646,0.0172026925953628,"TF:M04146","TF","Factor: TFAP2A; motif: YGCCCNNRGGCN",20092,8778
"1032","yellow",TRUE,0.0243499681419474,2861,277,57,0.205776173285199,0.0199231038098567,"TF:M00997_1","TF","Factor: DEC; motif: SCCCAMGTGAAGN; match class: 1",20092,1257
"1033","yellow",TRUE,0.0243499681419474,10318,277,166,0.59927797833935,0.0160883892227176,"TF:M12704","TF","Factor: ZNF432; motif: NCAGNRCCNSRGRCAGC",20092,10536
"1034","yellow",TRUE,0.024389085810152,667,277,19,0.0685920577617329,0.0284857571214393,"TF:M02102_1","TF","Factor: NRF-1; motif: YGCGCMTGCGC; match class: 1",20092,6229
"1035","yellow",TRUE,0.0243982404625365,378,277,13,0.0469314079422383,0.0343915343915344,"TF:M06846","TF","Factor: ZFHX2; motif: WGWGGTCCCCC",20092,9490
"1036","yellow",TRUE,0.0247102452789764,3240,277,63,0.227436823104693,0.0194444444444444,"TF:M11803","TF","Factor: NR1B2; motif: RAGGTCATGACCTN",20092,7276
"1037","yellow",TRUE,0.0253375008608219,4339,277,80,0.288808664259928,0.018437427978797,"TF:M01109","TF","Factor: SZF1-1; motif: CCAGGGTAWCAGCNG",20092,8380
"1038","yellow",TRUE,0.0253375008608219,335,277,12,0.0433212996389892,0.0358208955223881,"TF:M03981_1","TF","Factor: ETV3; motif: ACCGGAAGTN; match class: 1",20092,2333
"1039","yellow",TRUE,0.0253375008608219,6557,277,113,0.407942238267148,0.0172334909257282,"TF:M13146","TF","Factor: ZNF232; motif: NCAGCASCNNGGNCAGCGCC",20092,9986
"1040","yellow",TRUE,0.0253375008608219,20,277,3,0.0108303249097473,0.15,"TF:M12265_1","TF","Factor: ZNF385D; motif: NCGTCGCGACGN; match class: 1",20092,10415
"1041","yellow",TRUE,0.0253447048739198,15499,277,233,0.84115523465704,0.0150332279501903,"TF:M04691","TF","Factor: Kaiso; motif: TCTCGCGAG",20092,9366
"1042","yellow",TRUE,0.0257224740834842,522,277,16,0.0577617328519856,0.0306513409961686,"TF:M09744_1","TF","Factor: CTCF; motif: NNYGCCCYCTRSTGGN; match class: 1",20092,1167
"1043","yellow",TRUE,0.0258890477704745,4540,277,83,0.299638989169675,0.0182819383259912,"TF:M12557","TF","Factor: ETV5; motif: NNACTTCCGNN",20092,2380
"1044","yellow",TRUE,0.0261414063106689,4806,277,87,0.314079422382672,0.0181023720349563,"TF:M09603","TF","Factor: Egr-1; motif: NNNNNGYGKGGGNGGGNN",20092,1660
"1045","yellow",TRUE,0.0261570506109965,3123,277,61,0.220216606498195,0.0195325008005123,"TF:M02054","TF","Factor: ELF2; motif: CCCGGAARYN",20092,1772
"1046","yellow",TRUE,0.0263093725879722,6634,277,114,0.411552346570397,0.0171842025927042,"TF:M04107_1","TF","Factor: RUNX2; motif: WRACCGCANWAACCGCAN; match class: 1",20092,7563
"1047","yellow",TRUE,0.026374339478807,42,277,4,0.0144404332129964,0.0952380952380952,"TF:M09612_1","TF","Factor: EVX2; motif: TTTTATKRCNNN; match class: 1",20092,2431
"1048","yellow",TRUE,0.026374339478807,2198,277,46,0.166064981949458,0.0209281164695177,"TF:M09602_1","TF","Factor: ctcf; motif: NNNCCASYAGRKGGCRSYNN; match class: 1",20092,1165
"1049","yellow",TRUE,0.0264126473944574,1606,277,36,0.129963898916967,0.0224159402241594,"TF:M04727_1","TF","Factor: CTCF; motif: ACCAGGKGGC; match class: 1",20092,1159
"1050","yellow",TRUE,0.0266994124008945,2382,277,49,0.176895306859206,0.0205709487825357,"TF:M03981","TF","Factor: ETV3; motif: ACCGGAAGTN",20092,2332
"1051","yellow",TRUE,0.0266994124008945,9610,277,156,0.563176895306859,0.0162330905306972,"TF:M00649","TF","Factor: MAZ; motif: GGGGAGGG",20092,5156
"1052","yellow",TRUE,0.0267824001640208,7753,277,130,0.469314079422383,0.016767702824713,"TF:M04490","TF","Factor: RXRA; motif: RRGGTCATGACCYY",20092,7588
"1053","yellow",TRUE,0.0272939802647764,3320,277,64,0.231046931407942,0.0192771084337349,"TF:M05439_1","TF","Factor: RREB-1; motif: GGGWCSA; match class: 1",20092,7549
"1054","yellow",TRUE,0.0273310611664996,625,277,18,0.0649819494584837,0.0288,"TF:M10137","TF","Factor: ZBP99; motif: NGGNGGGGGAGGGGN",20092,9526
"1055","yellow",TRUE,0.0273974759466974,4158,277,77,0.277978339350181,0.0185185185185185,"TF:M09910_1","TF","Factor: ER-beta; motif: RGGTCASCNTGMCCY; match class: 1",20092,2167
"1056","yellow",TRUE,0.0275585233726702,5284,277,94,0.339350180505415,0.0177895533686601,"TF:M12231_1","TF","Factor: LRF; motif: NCGACCACCGN; match class: 1",20092,9445
"1057","yellow",TRUE,0.0284695609730509,1215,277,29,0.104693140794224,0.0238683127572016,"TF:M07137","TF","Factor: AP-2gamma; motif: NNNNSCCYCAGGSCN",20092,8832
"1058","yellow",TRUE,0.0288000223490781,5968,277,104,0.375451263537906,0.017426273458445,"TF:M11595_1","TF","Factor: GCMa; motif: RTGCGGGTN; match class: 1",20092,3201
"1059","yellow",TRUE,0.0288000223490781,1500,277,34,0.122743682310469,0.0226666666666667,"TF:M04059","TF","Factor: NRF-1; motif: YGCGCATGCGCN",20092,6216
"1060","yellow",TRUE,0.029262872607011,9703,277,157,0.566787003610108,0.0161805627125631,"TF:M13144","TF","Factor: ZNF138; motif: GCAGCRSCNSGSNCMGSGCS",20092,9758
"1061","yellow",TRUE,0.0293765769328981,1052,277,26,0.0938628158844765,0.0247148288973384,"TF:M04059_1","TF","Factor: NRF-1; motif: YGCGCATGCGCN; match class: 1",20092,6217
"1062","yellow",TRUE,0.0294560525345033,6109,277,106,0.382671480144404,0.0173514486822721,"TF:M01860","TF","Factor: AP-4; motif: NCAGCTGYNGNCN",20092,176
"1063","yellow",TRUE,0.0296360190730839,11327,277,179,0.646209386281588,0.0158029487066302,"TF:M07602","TF","Factor: CP2; motif: NNNNCCAGNCNN",20092,960
"1064","yellow",TRUE,0.0297423065868506,9562,277,155,0.55956678700361,0.0162099979083874,"TF:M12591_1","TF","Factor: CREB1; motif: NNNNSSGGCGCSSNNNNRTGACGTCAC; match class: 1",20092,1009
"1065","yellow",TRUE,0.0297656408249295,175,277,8,0.0288808664259928,0.0457142857142857,"TF:M06849","TF","Factor: ZNF528; motif: NSTCCGGAAGA",20092,10798
"1066","yellow",TRUE,0.0298745118009802,7777,277,130,0.469314079422383,0.0167159573100167,"TF:M09977_1","TF","Factor: Lyl-1; motif: NCAKCTGYTNYCNN; match class: 1",20092,5001
"1067","yellow",TRUE,0.0301602844880131,5774,277,101,0.364620938628159,0.0174922064426741,"TF:M09984_1","TF","Factor: MAZ; motif: GGGGGAGGGGGNGRGRRRGNRG; match class: 1",20092,5149
"1068","yellow",TRUE,0.0303982120221432,4373,277,80,0.288808664259928,0.0182940772924766,"TF:M09897","TF","Factor: Egr-1; motif: NNNNGCGKGGGYGGNRN",20092,1664
"1069","yellow",TRUE,0.0304621527211727,44,277,4,0.0144404332129964,0.0909090909090909,"TF:M00233_1","TF","Factor: MEF-2A; motif: NNTGTTACTAAAAATAGAAMNN; match class: 1",20092,5227
"1070","yellow",TRUE,0.0305087117467884,4047,277,75,0.270758122743682,0.0185322461082283,"TF:M11418","TF","Factor: ER81; motif: NRCMGGAWGNN",20092,2010
"1071","yellow",TRUE,0.0305566388657608,3788,277,71,0.256317689530686,0.0187434002111932,"TF:M03924_1","TF","Factor: YY1; motif: NNCGCCATTNN; match class: 1",20092,9257
"1072","yellow",TRUE,0.0305807707545802,1279,277,30,0.108303249097473,0.0234558248631744,"TF:M12728_1","TF","Factor: THAP7; motif: GNCGCCATSTTGRGNGKGGC; match class: 1",20092,8981
"1073","yellow",TRUE,0.0306457424645041,3789,277,71,0.256317689530686,0.0187384534177883,"TF:M07354_1","TF","Factor: Egr-1; motif: GCGGGGGCGG; match class: 1",20092,1673
"1074","yellow",TRUE,0.0306457424645041,3660,277,69,0.249097472924188,0.0188524590163934,"TF:M12724","TF","Factor: ZNF416; motif: GGGRNGCCSAGRN",20092,10476
"1075","yellow",TRUE,0.0313384546666652,8568,277,141,0.509025270758123,0.0164565826330532,"TF:M03582","TF","Factor: TWIST; motif: CACCTGG",20092,9086
"1076","yellow",TRUE,0.0313747794289075,2041,277,43,0.155234657039711,0.0210681038706516,"TF:M08284_1","TF","Factor: Fli-1:FIGLA; motif: NCCGGAARCASSTGN; match class: 1",20092,2509
"1077","yellow",TRUE,0.0314866110440016,3729,277,70,0.252707581227437,0.0187717886832931,"TF:M13125","TF","Factor: ARID4B; motif: NNYCAGCACCNNGGNCAGCGSC",20092,200
"1078","yellow",TRUE,0.0315583921808248,10971,277,174,0.628158844765343,0.0158599945310364,"TF:M12694","TF","Factor: ZFP14; motif: SCNNYCCNGNNSCTSCNC",20092,9498
"1079","yellow",TRUE,0.0316637128199574,8571,277,141,0.509025270758123,0.0164508225411271,"TF:M08472","TF","Factor: Fli-1:E2A; motif: NCCGGAWRCASCTGN",20092,2518
"1080","yellow",TRUE,0.0317964186419314,3410,277,65,0.234657039711191,0.0190615835777126,"TF:M02111_1","TF","Factor: NR1B2; motif: NTGACCY; match class: 1",20092,6101
"1081","yellow",TRUE,0.0317964186419314,844,277,22,0.0794223826714801,0.0260663507109005,"TF:M03839_1","TF","Factor: Pax-2; motif: CAYSCCTSAGT; match class: 1",20092,6521
"1082","yellow",TRUE,0.0317964186419314,5651,277,99,0.357400722021661,0.0175190231817377,"TF:M11541_1","TF","Factor: Foxn2; motif: NNGCGTCNNNNNGACGCNN; match class: 1",20092,2801
"1083","yellow",TRUE,0.0318894583909571,6402,277,110,0.397111913357401,0.0171821305841924,"TF:M07208","TF","Factor: EGR1; motif: NCNCCGCCCCCGCN",20092,1656
"1084","yellow",TRUE,0.0319238336614498,11347,277,179,0.646209386281588,0.0157750947386975,"TF:M08957","TF","Factor: NURR1:RXR-ALPHA; motif: NRGGTCRTTGACCYN",20092,6202
"1085","yellow",TRUE,0.0319314242935742,10679,277,170,0.613718411552347,0.015919093548085,"TF:M11528","TF","Factor: E2F-2; motif: NTTTTGGCGCCAWWWN",20092,1504
"1086","yellow",TRUE,0.0320126653732271,3412,277,65,0.234657039711191,0.0190504103165299,"TF:M00469_1","TF","Factor: AP-2alpha; motif: GCCNNNRGS; match class: 1",20092,131
"1087","yellow",TRUE,0.0320813086916547,1630,277,36,0.129963898916967,0.0220858895705521,"TF:M08575_1","TF","Factor: GCMa:C/EBPbeta; motif: ATGCGGGTNNRTTGCGCAAY; match class: 1",20092,3147
"1088","yellow",TRUE,0.0327260387265897,11055,277,175,0.631768953068592,0.0158299412030755,"TF:M07250","TF","Factor: E2F-1; motif: NNNSSCGCSAANN",20092,1490
"1089","yellow",TRUE,0.032762326049695,6271,277,108,0.389891696750903,0.0172221336309998,"TF:M12489","TF","Factor: KLF4; motif: NNCCCCACCCNN",20092,4742
"1090","yellow",TRUE,0.0327683980341402,14427,277,219,0.790613718411552,0.0151798710750676,"TF:M11393","TF","Factor: Erg; motif: NACCGGATATCCGGTN",20092,2088
"1091","yellow",TRUE,0.0327683980341402,3867,277,72,0.259927797833935,0.0186190845616757,"TF:M04110_1","TF","Factor: RUNX3; motif: NRACCGCANWAACCRCAN; match class: 1",20092,7577
"1092","yellow",TRUE,0.0327683980341402,794,277,21,0.075812274368231,0.026448362720403,"TF:M03925_1","TF","Factor: YY2; motif: NCCGCCATNTY; match class: 1",20092,9287
"1093","yellow",TRUE,0.0328469955685361,141,277,7,0.0252707581227437,0.049645390070922,"TF:M12266_1","TF","Factor: ZNF385D; motif: NYGTCGCGACRK; match class: 1",20092,10417
"1094","yellow",TRUE,0.033025559227008,7242,277,122,0.44043321299639,0.0168461750897542,"TF:M00468","TF","Factor: AP-2rep; motif: CAGTGGG",20092,150
"1095","yellow",TRUE,0.033168178884067,4524,277,82,0.296028880866426,0.0181255526083112,"TF:M10426_1","TF","Factor: ctcf; motif: CCRSCAGGGGGCGCN; match class: 1",20092,1173
"1096","yellow",TRUE,0.0332481548995581,7174,277,121,0.436823104693141,0.0168664622247003,"TF:M09834","TF","Factor: ZNF148; motif: NNNNNNCCNNCCCCTCCCCCACCCN",20092,9776
"1097","yellow",TRUE,0.0332500531626508,4459,277,81,0.292418772563177,0.0181655079614263,"TF:M00056_1","TF","Factor: myogenin; motif: CRSCTGTTBNNTTTGGCACGSNGCCARCH; match class: 1",20092,5635
"1098","yellow",TRUE,0.0332500531626508,3741,277,70,0.252707581227437,0.0187115744453355,"TF:M11486","TF","Factor: CP2; motif: AACCGGTTNNAACCGGTT",20092,8882
"1099","yellow",TRUE,0.033269451495812,13490,277,207,0.747292418772563,0.015344699777613,"TF:M11881","TF","Factor: pax-6; motif: NYACGCNTSANYGCNYN",20092,6594
"1100","yellow",TRUE,0.033269451495812,8301,277,137,0.494584837545126,0.0165040356583544,"TF:M07348","TF","Factor: AP-2alpha; motif: NSCCNCRGGSN",20092,136
"1101","yellow",TRUE,0.0338050510515021,4265,277,78,0.28158844765343,0.0182883939038687,"TF:M07407_1","TF","Factor: THAP1; motif: YTGCCCNNA; match class: 1",20092,8977
"1102","yellow",TRUE,0.0340249270265586,5939,277,103,0.371841155234657,0.0173429870348544,"TF:M04896","TF","Factor: AP-2alpha; motif: NNNGSCCTGRGGSN",20092,8784
"1103","yellow",TRUE,0.0342166180901024,7953,277,132,0.476534296028881,0.016597510373444,"TF:M11883_1","TF","Factor: pax-6; motif: NYACGCNTSRNYGCNYN; match class: 1",20092,6599
"1104","yellow",TRUE,0.0342635078085904,5264,277,93,0.335740072202166,0.0176671732522796,"TF:M12694_1","TF","Factor: ZFP14; motif: SCNNYCCNGNNSCTSCNC; match class: 1",20092,9499
"1105","yellow",TRUE,0.0342995910217908,2482,277,50,0.180505415162455,0.0201450443190975,"TF:M08870_1","TF","Factor: DEC1; motif: NCNCACRTGNSC; match class: 1",20092,1251
"1106","yellow",TRUE,0.0349795787688005,23,277,3,0.0108303249097473,0.130434782608696,"TF:M13208_1","TF","Factor: ZNF213; motif: GCCCAGGCNGSR; match class: 1",20092,9907
"1107","yellow",TRUE,0.0350443389857255,1352,277,31,0.111913357400722,0.0229289940828402,"TF:M11754","TF","Factor: HNF-4alpha; motif: RRGGTCAAAGGTCAN",20092,3722
"1108","yellow",TRUE,0.0354950069877347,5880,277,102,0.368231046931408,0.0173469387755102,"TF:M12345","TF","Factor: Zbtb37; motif: NYACCGCRNTCACCGCR",20092,9382
"1109","yellow",TRUE,0.0354950069877347,7050,277,119,0.429602888086643,0.0168794326241135,"TF:M12963","TF","Factor: CTCF; motif: CTGCANTNCCNNNNNNNNCCASNAGRKGGCRSNN",20092,1176
"1110","yellow",TRUE,0.0356891922258151,11376,277,179,0.646209386281588,0.0157348804500703,"TF:M13147","TF","Factor: ZNF253; motif: SNGNSCGNGGNGCKGNN",20092,10040
"1111","yellow",TRUE,0.0356891922258151,7121,277,120,0.433212996389892,0.0168515657913214,"TF:M10106","TF","Factor: VDR; motif: NRGGTCANNGRGKTCA",20092,9170
"1112","yellow",TRUE,0.0361056479537958,2244,277,46,0.166064981949458,0.0204991087344029,"TF:M08345_1","TF","Factor: HOXB2:PEA3; motif: ACCGGAAATGRN; match class: 1",20092,3971
"1113","yellow",TRUE,0.0370707259227815,76,277,5,0.0180505415162455,0.0657894736842105,"TF:M11754_1","TF","Factor: HNF-4alpha; motif: RRGGTCAAAGGTCAN; match class: 1",20092,3723
"1114","yellow",TRUE,0.0373021452955632,5483,277,96,0.346570397111913,0.0175086631406164,"TF:M00514","TF","Factor: ATF4; motif: CVTGACGYMABG",20092,340
"1115","yellow",TRUE,0.0382505353850804,2374,277,48,0.173285198555957,0.0202190395956192,"TF:M08214_1","TF","Factor: Elk-1:ETV7; motif: ANSCGGACGGATDTCCGGNT; match class: 1",20092,1849
"1116","yellow",TRUE,0.0382505353850804,5691,277,99,0.357400722021661,0.0173958882445967,"TF:M04152_1","TF","Factor: TFAP2C; motif: NGCCCNNRGGCA; match class: 1",20092,8827
"1117","yellow",TRUE,0.0384642884399847,4223,277,77,0.277978339350181,0.0182334833057068,"TF:M04953_1","TF","Factor: Sp1; motif: GGNDGGRGGCGGGG; match class: 1",20092,8047
"1118","yellow",TRUE,0.0385414556897832,4355,277,79,0.285198555956679,0.0181400688863375,"TF:M01865_1","TF","Factor: BTEB3; motif: BNRNGGGAGGNGT; match class: 1",20092,653
"1119","yellow",TRUE,0.0392861505073178,7491,277,125,0.451263537906137,0.0166866906955013,"TF:M10045","TF","Factor: RAR-gamma; motif: RGGTCANNNTGNCCNNNN",20092,7284
"1120","yellow",TRUE,0.0399512247377186,9490,277,153,0.552346570397112,0.0161222339304531,"TF:M03895","TF","Factor: CTCF; motif: WGCGCCMYCTAGYGGYN",20092,1154
"1121","yellow",TRUE,0.0400944369250302,2197,277,45,0.162454873646209,0.0204824761037779,"TF:M01876","TF","Factor: GABP-beta; motif: ASMGGAAGKGN",20092,2998
"1122","yellow",TRUE,0.0400944369250302,10000,277,160,0.577617328519856,0.016,"TF:M04109","TF","Factor: RUNX3; motif: NRACCGCAAACCGCAN",20092,7574
"1123","yellow",TRUE,0.0403922156473235,2943,277,57,0.205776173285199,0.0193679918450561,"TF:M10529_1","TF","Factor: Sp1; motif: RGGGMGGRGSNGGGG; match class: 1",20092,8055
"1124","yellow",TRUE,0.0407766115379659,3907,277,72,0.259927797833935,0.0184284617353468,"TF:M12139","TF","Factor: Egr-1; motif: NMCRCCCMCNCNN",20092,1666
"1125","yellow",TRUE,0.0407766115379659,2078,277,43,0.155234657039711,0.0206929740134745,"TF:M06203_1","TF","Factor: ZXDA; motif: NAGGGTG; match class: 1",20092,11983
"1126","yellow",TRUE,0.0407766115379659,2078,277,43,0.155234657039711,0.0206929740134745,"TF:M06202_1","TF","Factor: ZXDB; motif: NAGGGTG; match class: 1",20092,11987
"1127","yellow",TRUE,0.0413754863546137,6529,277,111,0.40072202166065,0.0170010721396845,"TF:M00237","TF","Factor: AhR:Arnt; motif: GRGKATYGCGTGMCWNSCC",20092,14
"1128","yellow",TRUE,0.0414766900264542,2141,277,44,0.15884476534296,0.0205511443250817,"TF:M09658_1","TF","Factor: Sp2; motif: GGSNNGGGGGCGGGGCCNGNGS; match class: 1",20092,8085
"1129","yellow",TRUE,0.0424508452672094,3141,277,60,0.216606498194946,0.0191021967526266,"TF:M03806","TF","Factor: ZBTB7C; motif: GKCCCGGGCKG",20092,9454
"1130","yellow",TRUE,0.042641926939057,5375,277,94,0.339350180505415,0.0174883720930233,"TF:M00678","TF","Factor: Tel-2; motif: YTACTTCCTG",20092,8776
"1131","yellow",TRUE,0.0429057782908775,507,277,15,0.0541516245487365,0.029585798816568,"TF:M12723_1","TF","Factor: BRCA2; motif: TGMCYCWGN; match class: 1",20092,609
"1132","yellow",TRUE,0.0429948756328641,10751,277,170,0.613718411552347,0.0158124825597619,"TF:M00695","TF","Factor: ETF; motif: GVGGMGG",20092,2220
"1133","yellow",TRUE,0.0430373451986528,2702,277,53,0.191335740072202,0.0196150999259808,"TF:M08227_1","TF","Factor: Elk-1:PDEF; motif: NCMGGAMGGANATCCGGN; match class: 1",20092,1873
"1134","yellow",TRUE,0.0430373451986528,25,277,3,0.0108303249097473,0.12,"TF:M00068_1","TF","Factor: HEN1; motif: NNNGGNCNCAGCTGCGNCCCNN; match class: 1",20092,3457
"1135","yellow",TRUE,0.0430767029568476,608,277,17,0.0613718411552347,0.0279605263157895,"TF:M04175","TF","Factor: MAX; motif: CACGTGNNNNNCACGTG",20092,5120
"1136","yellow",TRUE,0.0432167059441969,7795,277,129,0.465703971119134,0.0165490699166132,"TF:M08222","TF","Factor: Elk-1:HOXB13; motif: ACCGGAAGTNGTAAAN",20092,1862
"1137","yellow",TRUE,0.0436078893760126,5313,277,93,0.335740072202166,0.0175042348955392,"TF:M03814","TF","Factor: BTEB2; motif: GNAGGGGGNGGGSSNN",20092,638
"1138","yellow",TRUE,0.0436296672346303,150,277,7,0.0252707581227437,0.0466666666666667,"TF:M00804_1","TF","Factor: E2A; motif: NCACCTGYYNCNKN; match class: 1",20092,1451
"1139","yellow",TRUE,0.0439227680410787,14256,277,216,0.779783393501805,0.0151515151515152,"TF:M11814","TF","Factor: T3R-beta; motif: NRGGTCAAAGGTCRN",20092,8990
"1140","yellow",TRUE,0.0441005576001205,4846,277,86,0.310469314079422,0.0177465951300041,"TF:M02261","TF","Factor: ESR1; motif: NNNNMAGGTCACCCTGACCY",20092,2138
"1141","yellow",TRUE,0.0442255697822439,2029,277,42,0.151624548736462,0.0206998521439133,"TF:M11489","TF","Factor: LBP-1; motif: AACYRGTTNNAACYRGTT",20092,4768
"1142","yellow",TRUE,0.0443042405846153,2090,277,43,0.155234657039711,0.0205741626794258,"TF:M09609","TF","Factor: ER-alpha; motif: NNAGGTCANNNTGNCCN",20092,2146
"1143","yellow",TRUE,0.0445071620927878,2708,277,53,0.191335740072202,0.0195716395864106,"TF:M12174","TF","Factor: GKLF; motif: NNCCACRCCCN",20092,4740
"1144","yellow",TRUE,0.0446268231431812,10984,277,173,0.624548736462094,0.0157501820830299,"TF:M08443","TF","Factor: AP-4:ER81; motif: RSCGGAAGCAGSTGNN",20092,8850
"1145","yellow",TRUE,0.0446268231431812,8,277,2,0.0072202166064982,0.25,"TF:M08741_1","TF","Factor: Sox-6:T-bet; motif: RGGTGTNRNNNNNNNNATTGT; match class: 1",20092,7981
"1146","yellow",TRUE,0.0446268231431812,13791,277,210,0.75812274368231,0.0152273221666304,"TF:M07260","TF","Factor: Ikaros; motif: TGGGAGN",20092,4380
"1147","yellow",TRUE,0.0446268231431812,2522,277,50,0.180505415162455,0.0198255352894528,"TF:M07129_1","TF","Factor: Sp2; motif: GYCCCGCCYCYNNNN; match class: 1",20092,8083
"1148","yellow",TRUE,0.0446268231431812,1322,277,30,0.108303249097473,0.0226928895612708,"TF:M00262","TF","Factor: Staf; motif: NTTWCCCANMATGCAYYRCGNY",20092,8290
"1149","yellow",TRUE,0.0446268231431812,2772,277,54,0.194945848375451,0.0194805194805195,"TF:M01175_1","TF","Factor: CKROX; motif: SCCCTCCCC; match class: 1",20092,873
"1150","yellow",TRUE,0.0447435415256202,6480,277,110,0.397111913357401,0.0169753086419753,"TF:M00646_1","TF","Factor: LF-A1; motif: GGGSTCWR; match class: 1",20092,4827
"1151","yellow",TRUE,0.0451075894800914,6344,277,108,0.389891696750903,0.0170239596469105,"TF:M10059","TF","Factor: Smad2; motif: TGTCTGNCWCCT",20092,7794
"1152","yellow",TRUE,0.045334630304576,664,277,18,0.0649819494584837,0.0271084337349398,"TF:M08423_1","TF","Factor: TEF-3:ER81; motif: ACCGGAAATRCC; match class: 1",20092,8689
"1153","yellow",TRUE,0.0457253974828308,8093,277,133,0.48014440433213,0.0164339552699864,"TF:M08870","TF","Factor: DEC1; motif: NCNCACRTGNSC",20092,1250
"1154","yellow",TRUE,0.0459837738130462,5326,277,93,0.335740072202166,0.0174615095756665,"TF:M08867_1","TF","Factor: AP2; motif: GCCYGSGGSN; match class: 1",20092,157
"1155","yellow",TRUE,0.0465495298475484,2968,277,57,0.205776173285199,0.0192048517520216,"TF:M03923","TF","Factor: SP8; motif: RCCACGCCCMCY",20092,8126
"1156","yellow",TRUE,0.0466169567853423,19718,277,277,1,0.014048077898367,"TF:M01822","TF","Factor: CPBP; motif: SNCCCNN",20092,972
"1157","yellow",TRUE,0.0469227672861548,4927,277,87,0.314079422382672,0.0176578039374873,"TF:M11792","TF","Factor: NR1B1; motif: NRGGTCANRRGGTCAN",20092,7252
"1158","yellow",TRUE,0.0472238900087144,1679,277,36,0.129963898916967,0.0214413341274568,"TF:M07611_1","TF","Factor: p54NRB; motif: GRNNNMGGATGRMNNCGGA; match class: 1",20092,6483
"1159","yellow",TRUE,0.0474209341886351,4331,277,78,0.28158844765343,0.0180096975294389,"TF:M09763_1","TF","Factor: NF1C; motif: WGCCARR; match class: 1",20092,5727
"1160","yellow",TRUE,0.0477470258317739,827,277,21,0.075812274368231,0.0253929866989117,"TF:M09774","TF","Factor: KLF9; motif: NNCCACACCCACN",20092,4754
"1161","yellow",TRUE,0.0479437947098164,1681,277,36,0.129963898916967,0.0214158239143367,"TF:M01860_1","TF","Factor: AP-4; motif: NCAGCTGYNGNCN; match class: 1",20092,177
"1162","yellow",TRUE,0.0479868586300899,8389,277,137,0.494584837545126,0.0163309095243772,"TF:M09760","TF","Factor: DPF2; motif: NYCACYTCCYCNYYCY",20092,1390
"1163","yellow",TRUE,0.0482339933186344,82,277,5,0.0180505415162455,0.0609756097560976,"TF:M12248_1","TF","Factor: XPA; motif: NCACCTCACAC; match class: 1",20092,9245
"1164","yellow",TRUE,0.0482339933186344,8533,277,139,0.501805054151625,0.01628969881636,"TF:M00981","TF","Factor: CREB,; motif: NTGACGTNA",20092,1078
"1165","yellow",TRUE,0.04827256235467,14045,277,213,0.768953068592058,0.0151655393378426,"TF:M09977","TF","Factor: Lyl-1; motif: NCAKCTGYTNYCNN",20092,5000
"1166","yellow",TRUE,0.0484833162142479,5541,277,96,0.346570397111913,0.0173253925284245,"TF:M01972","TF","Factor: EGR-1; motif: TGCGTGGGCGK",20092,1644
"1167","yellow",TRUE,0.049307642912706,3490,277,65,0.234657039711191,0.0186246418338109,"TF:M01721_1","TF","Factor: PUR1; motif: GGGNCAGNN; match class: 1",20092,7235
"1168","yellow",TRUE,0.0493802106057869,117,277,6,0.0216606498194946,0.0512820512820513,"TF:M11778","TF","Factor: RXR-gamma; motif: NRGGTCAAAGGTCAN",20092,7616
"1169","yellow",TRUE,0.0494065694677442,52,277,4,0.0144404332129964,0.0769230769230769,"TF:M11776_1","TF","Factor: RXR-gamma; motif: NRGGTSAAAGGTCRN; match class: 1",20092,7613
