"Column1","baseMean","log2FoldChange","lfcSE","stat","pvalue","padj","Spalte1","Spalte2","external_gene_name"
"ENSG00000229644",170955099293862,-999772864250975,159106773325955,-628365998097885,841526188339379,259554201701609,"NAMPTP1","nicotinamide phosphoribosyltransferase pseudogene 1 [Source:HGNC Symbol;Acc:HGNC:17633]","NAMPTP1"
"ENSG00000180815",52895176195844,-995277583328078,168947062025836,-589106180003223,168634887362707,456372890239434,"MAP3K15","mitogen-activated protein kinase kinase kinase 15 [Source:HGNC Symbol;Acc:HGNC:31689]","MAP3K15"
"ENSG00000099977",458344833993275,-991859853631098,140818049508441,-704355625641331,238925010235595,912602808083428,"DDT","D-dopachrome tautomerase [Source:HGNC Symbol;Acc:HGNC:2732]","DDT"
"ENSG00000162377",125768628091963,-984004335538249,143407927774348,-686157558239441,369054333971951,132311459733904,"COA7","cytochrome c oxidase assembly factor 7 [Source:HGNC Symbol;Acc:HGNC:25716]","COA7"
"ENSG00000269313",127819522425135,-973882399014137,15446366616185,-630492868137472,107776624723677,319361013195118,"MAGIX","MAGI family member, X-linked [Source:HGNC Symbol;Acc:HGNC:30006]","MAGIX"
"ENSG00000162878",699176687611942,-966936026029874,89329410136798,-108243861069845,8608288.31748322,1077916226.28177,"PKDCC","protein kinase domain containing, cytoplasmic [Source:HGNC Symbol;Acc:HGNC:25123]","PKDCC"
"ENSG00000115919",673984342393397,-966530520410974,141660862347304,-682284792281845,495108687621047,16881248190921,"KYNU","kynureninase [Source:HGNC Symbol;Acc:HGNC:6469]","KYNU"
"ENSG00000175906",109628649298513,-964467895648943,151228401836916,-63775579450282,106564198502529,316286035063653,"ARL4D","ADP ribosylation factor like GTPase 4D [Source:HGNC Symbol;Acc:HGNC:656]","ARL4D"
"ENSG00000143158",994212592782112,-960983918575675,124964939000796,-769002830921682,11261018351117,486588871711154,"MPC2","mitochondrial pyruvate carrier 2 [Source:HGNC Symbol;Acc:HGNC:24515]","MPC2"
"ENSG00000163541",487292726421015,-960737816673907,135284178888444,-710162728981143,329968910385144,120202960211731,"SUCLG1","succinate-CoA ligase GDP/ADP-forming subunit alpha [Source:HGNC Symbol;Acc:HGNC:11449]","SUCLG1"
"ENSG00000167074",146082851192506,-960736484672596,153698775980156,-625077511870777,136031049620139,387849158011435,"TEF","TEF transcription factor, PAR bZIP family member [Source:HGNC Symbol;Acc:HGNC:11722]","TEF"
"ENSG00000151655",783825644444785,-947650666757763,150201910299679,-630917852420807,143970858808576,40537984428138,"ITIH2","inter-alpha-trypsin inhibitor heavy chain 2 [Source:HGNC Symbol;Acc:HGNC:6167]","ITIH2"
"ENSG00000126522",442106151197375,-943676408399238,125772545304447,-750303976209562,209665248892423,823425017613302,"ASL","argininosuccinate lyase [Source:HGNC Symbol;Acc:HGNC:746]","ASL"
"ENSG00000148200",237263328728996,-942834036611717,983657070910115,-958498713112867,336719830.448682,264323664182311,"NR6A1","nuclear receptor subfamily 6 group A member 1 [Source:HGNC Symbol;Acc:HGNC:7985]","NR6A1"
"ENSG00000170522",521003425474674,-940318637017448,989669597552901,-950133902610042,431058265.673145,31596396356325,"ELOVL6","ELOVL fatty acid elongase 6 [Source:HGNC Symbol;Acc:HGNC:15829]","ELOVL6"
"ENSG00000111885",352952484659652,-927320517739743,114771701955366,-807969649261083,9834823849.73201,433234758636005,"MAN1A1","mannosidase alpha class 1A member 1 [Source:HGNC Symbol;Acc:HGNC:6821]","MAN1A1"
"ENSG00000115504",509662292194598,-912658570023749,117895445127565,-774125386299897,232447702357451,893517123393133,"EHBP1","EH domain binding protein 1 [Source:HGNC Symbol;Acc:HGNC:29144]","EHBP1"
"ENSG00000008311",12899996023633,-899893358400465,12978426786962,-693376302977251,103078529999452,307959865617175,"AASS","aminoadipate-semialdehyde synthase [Source:HGNC Symbol;Acc:HGNC:17366]","AASS"
"ENSG00000155545",183074944715568,-898099374689049,10603559850993,-846979115796608,8688081051.98305,38712966969432,"MIER3","MIER family member 3 [Source:HGNC Symbol;Acc:HGNC:26678]","MIER3"
"ENSG00000120053",278624125857666,-897780071860446,845476052536484,-106186339538186,127053798.699878,114957687400366,"GOT1","glutamic-oxaloacetic transaminase 1 [Source:HGNC Symbol;Acc:HGNC:4432]","GOT1"
"ENSG00000153561",408617322593115,-896927662465762,130355640101057,-688062029207504,11635576965485,339230468534793,"RMND5A","required for meiotic nuclear division 5 homolog A [Source:HGNC Symbol;Acc:HGNC:25850]","RMND5A"
"ENSG00000104833",948998997991753,-889149893287883,100421186682064,-885420619558052,5327356781.34645,256756689172372,"TUBB4A","tubulin beta 4A class IVa [Source:HGNC Symbol;Acc:HGNC:20774]","TUBB4A"
"ENSG00000063761",523285991884145,-884347299707669,115523097541333,-765515570937021,438905222912867,152229483924089,"ADCK1","aarF domain containing kinase 1 [Source:HGNC Symbol;Acc:HGNC:19038]","ADCK1"
"ENSG00000137106",493802309954722,-881141637008839,117254332031801,-751478961792097,57590025100768,192729649620962,"GRHPR","glyoxylate and hydroxypyruvate reductase [Source:HGNC Symbol;Acc:HGNC:4570]","GRHPR"
"ENSG00000184110",419737647376572,-865445887858244,651626507317958,-132813180271065,1022144.14718854,179669124.124743,"EIF3C","eukaryotic translation initiation factor 3 subunit C [Source:HGNC Symbol;Acc:HGNC:3279]","EIF3C"
"ENSG00000135744",224392086112197,-862302280841577,114010977271639,-756332680832199,742025851904481,235690842960187,"AGT","angiotensinogen [Source:HGNC Symbol;Acc:HGNC:333]","AGT"
"ENSG00000078070",395533256769507,-849811352648843,112720945115036,-753907227961563,956750219504243,288219013712551,"MCCC1","methylcrotonyl-CoA carboxylase subunit 1 [Source:HGNC Symbol;Acc:HGNC:6936]","MCCC1"
"ENSG00000259332",502525045097413,-847217663785607,110510962394184,-766636762028775,839191933423217,259275937792276,"ST20-MTHFS","ST20-MTHFS readthrough [Source:HGNC Symbol;Acc:HGNC:44655]","ST20-MTHFS"
"ENSG00000141639",363213225958558,-846463035062286,109250278082122,-774792567965833,758848357661999,238938252442965,"MAPK4","mitogen-activated protein kinase 4 [Source:HGNC Symbol;Acc:HGNC:6878]","MAPK4"
"ENSG00000174032",136620969165498,-845970658557299,118471289299879,-71407229849246,174852248796902,470386324586614,"SLC25A30","solute carrier family 25 member 30 [Source:HGNC Symbol;Acc:HGNC:27371]","SLC25A30"
"ENSG00000184347",305785492012219,-844380170199813,11234973594087,-751564000688186,108743598908717,321699813438289,"SLIT3","slit guidance ligand 3 [Source:HGNC Symbol;Acc:HGNC:11087]","SLIT3"
"ENSG00000197312",503038640127515,-801004480936116,912524801358866,-87778927185685,485859334687033,166600061638423,"DDI2","DNA damage inducible 1 homolog 2 [Source:HGNC Symbol;Acc:HGNC:24578]","DDI2"
"ENSG00000092445",805072421848994,-792883142215526,959236464718801,-826577357490219,113171843968814,332120085174261,"TYRO3","TYRO3 protein tyrosine kinase [Source:HGNC Symbol;Acc:HGNC:12446]","TYRO3"
"ENSG00000154229",163890081297467,-748351752398772,81694890823212,-916032501981314,118292515165104,34376982135862,"PRKCA","protein kinase C alpha [Source:HGNC Symbol;Acc:HGNC:9393]","PRKCA"
"ENSG00000114054",256516965153348,-737603604274291,661248333662132,-111547139966204,163284304786582,67494573930618,"PCCB","propionyl-CoA carboxylase subunit beta [Source:HGNC Symbol;Acc:HGNC:8654]","PCCB"
"ENSG00000196312",163742437524057,-722944180574244,156255371487837,-462668370175369,866306735.844245,560160123302145,"MFSD14CP","major facilitator superfamily domain containing 14C, pseudogene [Source:HGNC Symbol;Acc:HGNC:23672]","MFSD14CP"
"ENSG00000182154",159612712874768,-707772851496996,601065284229166,-117753074427627,273372496964402,101630576130195,"MRPL41","mitochondrial ribosomal protein L41 [Source:HGNC Symbol;Acc:HGNC:14492]","MRPL41"
"ENSG00000054938",182751672130548,-560286922315813,145863612610656,-38411699277691,248367352382617,936810607268185,"CHRDL2","chordin like 2 [Source:HGNC Symbol;Acc:HGNC:24168]","CHRDL2"
"ENSG00000116194",116621205716615,-500536876020061,128624608807172,-389145499187052,23959767312501,91324544672175,"ANGPTL1","angiopoietin like 1 [Source:HGNC Symbol;Acc:HGNC:489]","ANGPTL1"
"ENSG00000164107",456794537343656,-474351562597689,118218217706327,-401250815484341,170211246987164,686704237108735,"HAND2","heart and neural crest derivatives expressed 2 [Source:HGNC Symbol;Acc:HGNC:4808]","HAND2"
"ENSG00000214822",206577633066374,-464878267371687,128106334755409,-362884683461805,629907610687174,205486077324167,"KRT16P3","keratin 16 pseudogene 3 [Source:HGNC Symbol;Acc:HGNC:37808]","KRT16P3"
"ENSG00000277209",150988284496837,-436958872447724,132695495403462,-329294427907403,189334273984589,498966088863316,"RPPH1","ribonuclease P RNA component H1 [Source:HGNC Symbol;Acc:HGNC:19273]","RPPH1"
"ENSG00000145692",341044376747158,-429297145125458,25364863358511,-169248751336723,7.37269782184572e-37,6.67413470322584e-33,"BHMT","betaine--homocysteine S-methyltransferase [Source:HGNC Symbol;Acc:HGNC:1047]","BHMT"
"ENSG00000162998",428591003991459,-398616567072991,898750102789645,-443523250607392,527634696.67607,255423159981825,"FRZB","frizzled related protein [Source:HGNC Symbol;Acc:HGNC:3959]","FRZB"
"ENSG00000243694",671982426976033,-388566780730616,480612765296003,-808482022926094,93.0765901370246,35854.2907325709,"LINC02027","long intergenic non-protein coding RNA 2027 [Source:HGNC Symbol;Acc:HGNC:52862]","LINC02027"
"ENSG00000136546",20407917747735,-382381989963965,45690439865287,-836897151989287,17.3658991006006,8733.60008934371,"SCN7A","sodium voltage-gated channel alpha subunit 7 [Source:HGNC Symbol;Acc:HGNC:10594]","SCN7A"
"ENSG00000199352",161020847230209,-378047432350272,110718115168248,-34145038666508,157903974607045,43315931216069,"RNA5S1","RNA, 5S ribosomal 1 [Source:HGNC Symbol;Acc:HGNC:34362]","RNA5S1"
"ENSG00000188869",10641958198326,-376835877780783,522772818591502,-720840610642468,20265.6773712517,5167747.72966918,"TMC3","transmembrane channel like 3 [Source:HGNC Symbol;Acc:HGNC:22995]","TMC3"
"ENSG00000094963",11519945984706,-375324136035023,739688561151451,-507408327973556,546401283.598664,384925884807541,"FMO2","flavin containing dimethylaniline monoxygenase 2 [Source:HGNC Symbol;Acc:HGNC:3770]","FMO2"
"ENSG00000105695",458101542841575,-365559779976856,7520460244526,-486086978842739,1359890817.03096,815259047759783,"MAG","myelin associated glycoprotein [Source:HGNC Symbol;Acc:HGNC:6783]","MAG"
"ENSG00000278570",604225824041744,-361955811503987,713170547684578,-507530509608304,609745200.457238,419212281435019,"NR2E3","nuclear receptor subfamily 2 group E member 3 [Source:HGNC Symbol;Acc:HGNC:7974]","NR2E3"
"ENSG00000108924",729166622159069,-357812600187987,651198310358764,-549467949311566,114025747.075004,10568191926098,"HLF","HLF transcription factor, PAR bZIP family member [Source:HGNC Symbol;Acc:HGNC:4977]","HLF"
"ENSG00000135094",135301302804029,-350352296006362,529194277799555,-662048534355215,690805.889435222,125070406.282247,"SDS","serine dehydratase [Source:HGNC Symbol;Acc:HGNC:10691]","SDS"
"ENSG00000261241",244100398451866,-342055131788885,84659396966922,-404036815809747,282355838542414,104540950037022,"LINC02128","long intergenic non-protein coding RNA 2128 [Source:HGNC Symbol;Acc:HGNC:52986]","LINC02128"
"ENSG00000123119",291463113812632,-333002434648971,719506393013142,-462820675233234,4194723732.84614,210719559617445,"NECAB1","N-terminal EF-hand calcium binding protein 1 [Source:HGNC Symbol;Acc:HGNC:20983]","NECAB1"
"ENSG00000120903",375921329562533,-329312628055375,574139300733071,-573576182008274,57261330.0066885,5791711618.83293,"CHRNA2","cholinergic receptor nicotinic alpha 2 subunit [Source:HGNC Symbol;Acc:HGNC:1956]","CHRNA2"
"ENSG00000091138",580273409533735,-323048324473567,537620008599713,-600885977653584,18988027.8379355,2135268596.30946,"SLC26A3","solute carrier family 26 member 3 [Source:HGNC Symbol;Acc:HGNC:3018]","SLC26A3"
"ENSG00000265107",696118547160459,-320681102219337,605532930784364,-529584909286354,390906361.055845,290055724053937,"GJA5","gap junction protein alpha 5 [Source:HGNC Symbol;Acc:HGNC:4279]","GJA5"
"ENSG00000236039",514622392783027,-319789380474092,398128777488049,-803231011060716,615.886959333628,210389.309410101,"LINC02889","long intergenic non-protein coding RNA 2889 [Source:HGNC Symbol;Acc:HGNC:55071]","LINC02889"
"ENSG00000171759",839778220534873,-315351747113532,221966323296199,-142071888397555,3.07162144342288e-19,1.85372354110571e-15,"PAH","phenylalanine hydroxylase [Source:HGNC Symbol;Acc:HGNC:8582]","PAH"
"ENSG00000105697",13806238478723,-314745060857298,58742826879811,-535801692862472,329013470.996645,261262670719046,"HAMP","hepcidin antimicrobial peptide [Source:HGNC Symbol;Acc:HGNC:15598]","HAMP"
"ENSG00000278233",514725108600278,-310665535235656,798038691288423,-389286307326892,547862487595102,185056909289353,"RNA5-8SN2","RNA, 5.8S ribosomal N2 [Source:HGNC Symbol;Acc:HGNC:53521]","RNA5-8SN2"
"ENSG00000226906",128737644768394,-309935972183968,724427008850836,-427836025434256,1668474726906,682729468461307,"TTTY4","testis-specific transcript, Y-linked 4 [Source:HGNC Symbol;Acc:HGNC:16481]","TTTY4"
"ENSG00000164089",53658152052106,-309682917013573,43655174611569,-709384213369988,135303.354466059,27837127.6432728,"ETNPPL","ethanolamine-phosphate phospho-lyase [Source:HGNC Symbol;Acc:HGNC:14404]","ETNPPL"
"ENSG00000147647",156281351679382,-308647506027037,389466709870088,-792487517431182,15.57087331882,477814.680402094,"DPYS","dihydropyrimidinase [Source:HGNC Symbol;Acc:HGNC:3013]","DPYS"
"ENSG00000007933",368693747613312,-303732150632937,655108876437019,-463636139819787,5375674784.09803,258160721395477,"FMO3","flavin containing dimethylaniline monoxygenase 3 [Source:HGNC Symbol;Acc:HGNC:3771]","FMO3"
"ENSG00000103534",397279260112068,-302372741506812,531240135196897,-569182788485553,101391609.081076,9661553065.33094,"TMC5","transmembrane channel like 5 [Source:HGNC Symbol;Acc:HGNC:22999]","TMC5"
"ENSG00000237767",353978183475916,-297754051588831,544998555718795,-546339157167352,273438581.734659,220161429670722,"LINC01370","long intergenic non-protein coding RNA 1370 [Source:HGNC Symbol;Acc:HGNC:50608]","LINC01370"
"ENSG00000131050",244458439034301,-297748846883214,692306622470971,-430082332334903,172974147735116,695932654387618,"BPIFA2","BPI fold containing family A member 2 [Source:HGNC Symbol;Acc:HGNC:16203]","BPIFA2"
"ENSG00000128052",262700887149929,-295213961329752,728017557655039,-405503903340797,37930420331383,13465299217641,"KDR","kinase insert domain receptor [Source:HGNC Symbol;Acc:HGNC:6307]","KDR"
"ENSG00000007216",711069283358741,-291135645960296,655941000102188,-443844257204445,118476031525491,507094220039954,"SLC13A2","solute carrier family 13 member 2 [Source:HGNC Symbol;Acc:HGNC:10917]","SLC13A2"
"ENSG00000109181",497411446039911,-288612514391451,415963692594371,-693840639290826,483612.178175608,9120623.4227806,"UGT2B10","UDP glucuronosyltransferase family 2 member B10 [Source:HGNC Symbol;Acc:HGNC:12544]","UGT2B10"
"ENSG00000291196",167666872086462,-284842946578569,424725969628555,-670651118479237,1607724.83681176,264616892.458881,"KRT16P3","keratin 16 pseudogene 3 [Source:HGNC Symbol;Acc:HGNC:37808]","KRT16P3"
"ENSG00000278771",192809937048378,-284577346620501,624169589148905,-455929528717572,8560098139.81498,383732480288162,"RN7SL3","RNA component of signal recognition particle 7SL3 [Source:HGNC Symbol;Acc:HGNC:23135]","RN7SL3"
"ENSG00000148965",85271397462588,-284238139828978,272044629389637,-104482172820944,0.000364400407162763,0.366526076204546,"SAA4","serum amyloid A4, constitutive [Source:HGNC Symbol;Acc:HGNC:10516]","SAA4"
"ENSG00000172482",217681351161236,-279942676612363,526863397212986,-531338252179237,637467356.829841,429046338119118,"AGXT","alanine--glyoxylate aminotransferase [Source:HGNC Symbol;Acc:HGNC:341]","AGXT"
"ENSG00000290604",701711732062034,-277887747799755,433889985426277,-640456699010332,751461.20962227,985884434.797912,"FMO9P","flavin containing dimethylaniline monoxygenase 9, pseudogene [Source:HGNC Symbol;Acc:HGNC:32210]","FMO9P"
"ENSG00000148942",769690447416245,-277201335078865,77536308745842,-357511647849409,170562361926983,460213347643522,"SLC5A12","solute carrier family 5 member 12 [Source:HGNC Symbol;Acc:HGNC:28750]","SLC5A12"
"ENSG00000180044",192749247503447,-276601478095562,403472226319929,-685552709831963,97553.702860072,173157822.576628,"C3orf80","chromosome 3 open reading frame 80 [Source:HGNC Symbol;Acc:HGNC:40048]","C3orf80"
"ENSG00000012124",114847710831027,-276424735391118,580678066079001,-476037845303271,4824184687.73388,236698817808731,"CD22","CD22 molecule [Source:HGNC Symbol;Acc:HGNC:1643]","CD22"
"ENSG00000198398",437580611291769,-273877004575666,589653278396293,-464471265758992,7332056272.39014,339506083917196,"TMEM207","transmembrane protein 207 [Source:HGNC Symbol;Acc:HGNC:33705]","TMEM207"
"ENSG00000196542",279689306783555,-270929961829626,565218220153674,-479336921863496,4639328389.36033,229494646145816,"SPTSSB","serine palmitoyltransferase small subunit B [Source:HGNC Symbol;Acc:HGNC:24045]","SPTSSB"
"ENSG00000234224",281557599136729,-270392797492526,519590475985075,-520395984895407,1109380650.88071,685506371474241,"TMEM229A","transmembrane protein 229A [Source:HGNC Symbol;Acc:HGNC:37279]","TMEM229A"
"ENSG00000274588",455671469319811,-266644558644648,329696211998754,-808758332490806,2498.32346121781,74151.059451391,"DGKK","diacylglycerol kinase kappa [Source:HGNC Symbol;Acc:HGNC:32395]","DGKK"
"ENSG00000250799",100354011917445,-265502323254081,57080864265824,-465133677755201,7989614545.42476,364362648223968,"PRODH2","proline dehydrogenase 2 [Source:HGNC Symbol;Acc:HGNC:17325]","PRODH2"
"ENSG00000198099",304720879557395,-264978212694137,480374301524217,-551607802193761,381660738.706289,287915319761557,"ADH4","alcohol dehydrogenase 4 (class II), pi polypeptide [Source:HGNC Symbol;Acc:HGNC:252]","ADH4"
"ENSG00000291300",34336232463131,-264518604430465,716180575237918,-369346242520737,137643582978721,391829727960651,"PRSS30P","serine protease 30, pseudogene [Source:HGNC Symbol;Acc:HGNC:28753]","PRSS30P"
"ENSG00000164588",831583466993581,-260643388317132,512456844833676,-508615293062828,1974417008.85858,110426173463399,"HCN1","hyperpolarization activated cyclic nucleotide gated potassium channel 1 [Source:HGNC Symbol;Acc:HGNC:4845]","HCN1"
"ENSG00000147655",3619201592961,-256871349123761,702400382389269,-365705024604333,161994481435192,44103911073446,"RSPO2","R-spondin 2 [Source:HGNC Symbol;Acc:HGNC:28583]","RSPO2"
"ENSG00000151790",321907940508007,-255085114689492,575712738422893,-443077072409883,183880691575498,735330353527827,"TDO2","tryptophan 2,3-dioxygenase [Source:HGNC Symbol;Acc:HGNC:11708]","TDO2"
"ENSG00000224511",244974881081405,-252571578885192,657001058492135,-384431007561634,102573379590189,306957196277747,"LINC00365","long intergenic non-protein coding RNA 365 [Source:HGNC Symbol;Acc:HGNC:42687]","LINC00365"
"ENSG00000132855",110687417210779,-251724720337432,474392433628276,-530625495883601,1058057810.23941,658286482968539,"ANGPTL3","angiopoietin like 3 [Source:HGNC Symbol;Acc:HGNC:491]","ANGPTL3"
"ENSG00000125551",578440987703639,-249724069634073,382130136742118,-653505299956492,8632855.72001418,1077916226.28177,"PLGLB2","plasminogen like B2 [Source:HGNC Symbol;Acc:HGNC:9073]","PLGLB2"
"ENSG00000182902",893648041808585,-249275397022859,372566621461165,-66907603275148,4428960.26005733,651921345.596243,"SLC25A18","solute carrier family 25 member 18 [Source:HGNC Symbol;Acc:HGNC:10988]","SLC25A18"
"ENSG00000186198",204711889750632,-249055688004905,2377524737833,-104754194159051,0.00282301606250747,2.43384313389037,"SLC51B","solute carrier family 51 subunit beta [Source:HGNC Symbol;Acc:HGNC:29956]","SLC51B"
"ENSG00000171812",924618994387439,-245432813521335,568711908716045,-431559124681313,294839952877072,108497507049581,"COL8A2","collagen type VIII alpha 2 chain [Source:HGNC Symbol;Acc:HGNC:2216]","COL8A2"
"ENSG00000214691",22159660132727,-244374954692609,489013592670189,-499730392683431,3521454206.60137,182681743296613,"LINC01913","long intergenic non-protein coding RNA 1913 [Source:HGNC Symbol;Acc:HGNC:52732]","LINC01913"
"ENSG00000047936",284653729625462,-243221311225952,504846087029327,-481773192810392,6477327439.28451,30542762489511,"ROS1","ROS proto-oncogene 1, receptor tyrosine kinase [Source:HGNC Symbol;Acc:HGNC:10261]","ROS1"
"ENSG00000153086",401382552211629,-243195207714455,479762088952292,-506907930648598,2825949199.62551,1500404992939,"ACMSD","aminocarboxymuconate semialdehyde decarboxylase [Source:HGNC Symbol;Acc:HGNC:19288]","ACMSD"
"ENSG00000198650",149649915256867,-238951223568563,411076138931084,-581282154176852,214821677.848509,183459739502229,"TAT","tyrosine aminotransferase [Source:HGNC Symbol;Acc:HGNC:11573]","TAT"
"ENSG00000260572",153906000663174,-237807045989564,645309251870451,-368516405584256,18092669517834,481009958326557,"PPM1L-DT","PPM1L divergent transcript [Source:HGNC Symbol;Acc:HGNC:55390]","PPM1L-DT"
"ENSG00000038945",2021953642803,-236635178722145,607488065494586,-389530580373606,106346732732497,31615888277863,"MSR1","macrophage scavenger receptor 1 [Source:HGNC Symbol;Acc:HGNC:7376]","MSR1"
"ENSG00000132437",317336085678931,-236126303830764,410002757320706,-575913941100804,281758048.713464,225718118228197,"DDC","dopa decarboxylase [Source:HGNC Symbol;Acc:HGNC:2719]","DDC"
"ENSG00000130173",61383663458857,-232335104641764,622211883388156,-37340190832843,169528764986773,458107207475451,"ANGPTL8","angiopoietin like 8 [Source:HGNC Symbol;Acc:HGNC:24933]","ANGPTL8"
"ENSG00000140093",839874269339364,-231832568581894,343760105736169,-674402191276442,6131914.83191016,828494910.684577,"SERPINA10","serpin family A member 10 [Source:HGNC Symbol;Acc:HGNC:15996]","SERPINA10"
"ENSG00000275011",24989295548085,-231501331277311,60522416998612,-382505099362803,13563831159415,387339374039761,"ALOXE3P1","arachidonate lipoxygenase 3 pseudogene 1 [Source:HGNC Symbol;Acc:HGNC:44238]","ALOXE3P1"
"ENSG00000119630",483454534116161,-228470342361402,351733973053151,-649554378777274,19475425.9319247,2163206052.13188,"PGF","placental growth factor [Source:HGNC Symbol;Acc:HGNC:8893]","PGF"
"ENSG00000175985",26774943905482,-227864924767001,406076715251779,-561137627962042,593174100.701042,413054503584322,"PLEKHD1","pleckstrin homology and coiled-coil domain containing D1 [Source:HGNC Symbol;Acc:HGNC:20148]","PLEKHD1"
"ENSG00000204577",192235482429179,-226944379288975,44185088738614,-513622096883207,3105913882.16836,16346677568796,"LILRB3","leukocyte immunoglobulin like receptor B3 [Source:HGNC Symbol;Acc:HGNC:6607]","LILRB3"
"ENSG00000124713",702118976314359,-226113547214179,488483432171046,-462888876720396,155896613151329,648852455426393,"GNMT","glycine N-methyltransferase [Source:HGNC Symbol;Acc:HGNC:4415]","GNMT"
"ENSG00000079689",146747359202255,-225902005066333,330967678873229,-682550047894134,5339344.14346585,743606351.672686,"SCGN","secretagogin, EF-hand calcium binding protein [Source:HGNC Symbol;Acc:HGNC:16941]","SCGN"
"ENSG00000261701",188874810572027,-225735679034657,35642703030817,-633329292785353,41013645.1792567,42675404.94083,"HPR","haptoglobin-related protein [Source:HGNC Symbol;Acc:HGNC:5156]","HPR"
"ENSG00000135423",869103801192933,-224792402939614,311887053076494,-720749388992694,1045193.05483606,181954040.940451,"GLS2","glutaminase 2 [Source:HGNC Symbol;Acc:HGNC:29570]","GLS2"
"ENSG00000010671",251540884058537,-223323946987787,585290791384003,-381560670824337,153307209960442,423900585056139,"BTK","Bruton tyrosine kinase [Source:HGNC Symbol;Acc:HGNC:1133]","BTK"
"ENSG00000227543",154322029137527,-222114817701962,441990976834343,-502532470895237,4928645158.64738,24052054069356,"SPAG5-AS1","SPAG5 antisense RNA 1 [Source:HGNC Symbol;Acc:HGNC:41140]","SPAG5-AS1"
"ENSG00000164398",200989783239262,-221877628833223,390955026413912,-56752724442099,550424540.557945,386257221193861,"ACSL6","acyl-CoA synthetase long chain family member 6 [Source:HGNC Symbol;Acc:HGNC:16496]","ACSL6"
"ENSG00000100024",393099836816562,-221262311578826,17954214816578,-123236974626439,7.22221650253452e-08,0.000100583253675683,"UPB1","beta-ureidopropionase 1 [Source:HGNC Symbol;Acc:HGNC:16297]","UPB1"
"ENSG00000140795",163653141719035,-221163964119943,421778312632593,-52436068307902,247315662.83758,134061379511209,"MYLK3","myosin light chain kinase 3 [Source:HGNC Symbol;Acc:HGNC:29826]","MYLK3"
"ENSG00000075673",195634214491681,-220829200727984,302132371622025,-730902152399103,783243.956307101,14040229.533604,"ATP12A","ATPase H+/K+ transporting non-gastric alpha2 subunit [Source:HGNC Symbol;Acc:HGNC:13816]","ATP12A"
"ENSG00000086696",803762458950662,-217014605775026,167034633841909,-129921921450387,7.71266940856672e-10,1.39637879642101e-06,"HSD17B2","hydroxysteroid 17-beta dehydrogenase 2 [Source:HGNC Symbol;Acc:HGNC:5211]","HSD17B2"
"ENSG00000010932",199336041175086,-214318792296942,393513877032081,-544628295991374,1485488738.25922,86757334213494,"FMO1","flavin containing dimethylaniline monoxygenase 1 [Source:HGNC Symbol;Acc:HGNC:3769]","FMO1"
"ENSG00000172296",176291743426778,-213278310891442,22081257925263,-965879351680556,7.10081967580203,3781.18647736458,"SPTLC3","serine palmitoyltransferase long chain base subunit 3 [Source:HGNC Symbol;Acc:HGNC:16253]","SPTLC3"
"ENSG00000238755",146102796537478,-211995946412881,518461090130927,-408894612244374,89059246181747,270539874516867,"LINC02006","long intergenic non-protein coding RNA 2006 [Source:HGNC Symbol;Acc:HGNC:52842]","LINC02006"
"ENSG00000186377",976047297700886,-211698245349045,352691714790873,-600235946780236,227329398.770835,192327045081588,"CYP4X1","cytochrome P450 family 4 subfamily X member 1 [Source:HGNC Symbol;Acc:HGNC:20244]","CYP4X1"
"ENSG00000134042",241258249639652,-209505319494036,431581894807755,-485435839673856,109585828048637,475791706671598,"MRO","maestro [Source:HGNC Symbol;Acc:HGNC:24121]","MRO"
"ENSG00000172794",179292472474088,-208858987044305,381827300432345,-546998569268916,1587806267.56278,918441932083838,"RAB37","RAB37, member RAS oncogene family [Source:HGNC Symbol;Acc:HGNC:30268]","RAB37"
"ENSG00000128918",139908756917081,-207692109766137,350522750984862,-592521053719296,341739409.254504,266689310541069,"ALDH1A2","aldehyde dehydrogenase 1 family member A2 [Source:HGNC Symbol;Acc:HGNC:15472]","ALDH1A2"
"ENSG00000105398",600932772481716,-206829455405852,380794281203625,-543152735256684,1906879028.98759,107887640061938,"SULT2A1","sulfotransferase family 2A member 1 [Source:HGNC Symbol;Acc:HGNC:11458]","SULT2A1"
"ENSG00000021826",121992969221404,-206172248333758,160610160469711,-128368122994709,1.1948744984882e-09,1.96665479955717e-05,"CPS1","carbamoyl-phosphate synthase 1 [Source:HGNC Symbol;Acc:HGNC:2323]","CPS1"
"ENSG00000113905",573537202472726,-204905912940352,248027989935081,-826140279546611,21122.1532890324,518653.35900887,"HRG","histidine rich glycoprotein [Source:HGNC Symbol;Acc:HGNC:5181]","HRG"
"ENSG00000197580",538523315907686,-204013794839817,290941328455772,-701219713000762,5995347.93510451,82231647.246263,"BCO2","beta-carotene oxygenase 2 [Source:HGNC Symbol;Acc:HGNC:18503]","BCO2"
"ENSG00000260963",428228925414206,-203937859737117,304118009390178,-670587908115197,20767957.9162382,2265083602.85236,"LINC03064","long intergenic non-protein coding RNA 3064 [Source:HGNC Symbol;Acc:HGNC:56372]","LINC03064"
"ENSG00000169347",725516167631868,-202883265154679,327924629162919,-618688708050296,156464173.513158,139546003027375,"GP2","glycoprotein 2 [Source:HGNC Symbol;Acc:HGNC:4441]","GP2"
"ENSG00000231426",626060624372276,-202334708100152,499230012813213,-405293557893233,113912600662513,333719682037993,"FILNC1","FOXO induced long non-coding RNA 1 [Source:HGNC Symbol;Acc:HGNC:53755]","FILNC1"
"ENSG00000112964",120617104014289,-202202047646173,335722554290009,-602289137450991,289980181.659156,231281550173525,"GHR","growth hormone receptor [Source:HGNC Symbol;Acc:HGNC:4263]","GHR"
"ENSG00000104267",167953721484034,-201471866119147,142513418970965,-1413704530941,1.0968602633566e-13,2.83695072401019e-09,"CA2","carbonic anhydrase 2 [Source:HGNC Symbol;Acc:HGNC:1373]","CA2"
"ENSG00000170099",675910431206898,-199533147814356,306355268156406,-651312931600988,52764649.9568906,5397197669.31923,"SERPINA6","serpin family A member 6 [Source:HGNC Symbol;Acc:HGNC:1540]","SERPINA6"
"ENSG00000163581",699485125349123,-198459838460303,284446930997687,-697704270403663,8982671.37107604,1113912775.15981,"SLC2A2","solute carrier family 2 member 2 [Source:HGNC Symbol;Acc:HGNC:11006]","SLC2A2"
"ENSG00000213759",815603728134319,-198004466458689,350612647033323,-564738517375473,1214433376.44051,745332755269676,"UGT2B11","UDP glucuronosyltransferase family 2 member B11 [Source:HGNC Symbol;Acc:HGNC:12545]","UGT2B11"
"ENSG00000012504",977636965546527,-197560347090629,352022573486073,-561214995771982,1383832066.69229,824153933140261,"NR1H4","nuclear receptor subfamily 1 group H member 4 [Source:HGNC Symbol;Acc:HGNC:7967]","NR1H4"
"ENSG00000197099",160607049307597,-197369707556277,441019826738233,-44753023694199,41654547364078,145871485498381,"HRG-AS1","HRG and FETUB antisense RNA 1 [Source:HGNC Symbol;Acc:HGNC:55915]","HRG-AS1"
"ENSG00000076382",41830940171901,-197254125770031,212205743899877,-929541878296657,197.142496774684,74359.6855022012,"SPAG5","sperm associated antigen 5 [Source:HGNC Symbol;Acc:HGNC:13452]","SPAG5"
"ENSG00000172497",90756331509999,-196216359514984,47958030695707,-409141819771487,114877603032271,336003069935261,"ACOT12","acyl-CoA thioesterase 12 [Source:HGNC Symbol;Acc:HGNC:24436]","ACOT12"
"ENSG00000151224",419819344029513,-195714816719766,358027260862465,-546647806226547,235129942.00015,128611105737544,"MAT1A","methionine adenosyltransferase 1A [Source:HGNC Symbol;Acc:HGNC:6903]","MAT1A"
"ENSG00000080618",713042100009837,-194055268563135,283322219390828,-684927814628778,18429493.3281751,2085412354.41631,"CPB2","carboxypeptidase B2 [Source:HGNC Symbol;Acc:HGNC:2300]","CPB2"
"ENSG00000196421",681595585653937,-193599623996307,484963979405778,-399204131064585,153328028621994,423900585056139,"C20orf204","chromosome 20 open reading frame 204 [Source:HGNC Symbol;Acc:HGNC:27655]","C20orf204"
"ENSG00000123685",109807878709344,-193218146726683,23024673675072,-839178654400967,24825.5866831372,5914042.72234473,"BATF3","basic leucine zipper ATF-like transcription factor 3 [Source:HGNC Symbol;Acc:HGNC:28915]","BATF3"
"ENSG00000215915",849772182253738,-191654551194965,277961386778312,-689500629624572,17327381.3172671,2008957350.23104,"ATAD3C","ATPase family AAA domain containing 3C [Source:HGNC Symbol;Acc:HGNC:32151]","ATAD3C"
"ENSG00000157131",626234159936669,-190165321131174,326155528923115,-583051042424616,863678393.677091,560160123302145,"C8A","complement C8 alpha chain [Source:HGNC Symbol;Acc:HGNC:1352]","C8A"
"ENSG00000123453",131474232684052,-188805208758836,315421816132076,-598580057251899,539705847.225055,383191151529789,"SARDH","sarcosine dehydrogenase [Source:HGNC Symbol;Acc:HGNC:10536]","SARDH"
"ENSG00000133169",26977352400884,-188709645832504,897136541278247,-210346627463896,3.16170419235323e-40,5.72426544025553e-36,"BEX1","brain expressed X-linked 1 [Source:HGNC Symbol;Acc:HGNC:1036]","BEX1"
"ENSG00000117834",621557926065776,-188613481359008,336673959236116,-560225928334213,1917990969.64836,108178275718018,"SLC5A9","solute carrier family 5 member 9 [Source:HGNC Symbol;Acc:HGNC:22146]","SLC5A9"
"ENSG00000171557",130690680024666,-187327613673449,170399294777762,-10993450056103,0.0384084844098095,0.2897440042665,"FGG","fibrinogen gamma chain [Source:HGNC Symbol;Acc:HGNC:3694]","FGG"
"ENSG00000112164",219874050060743,-186809802602924,289635402151968,-644982627175205,115899734.812877,106515974557723,"GLP1R","glucagon like peptide 1 receptor [Source:HGNC Symbol;Acc:HGNC:4324]","GLP1R"
"ENSG00000134323",317423909984577,-186531903051521,27887454051906,-668873905464209,4894878.8809403,503532853.06491,"MYCN","MYCN proto-oncogene, bHLH transcription factor [Source:HGNC Symbol;Acc:HGNC:7559]","MYCN"
"ENSG00000132329",638000725143232,-186442068980404,117768877398851,-158311833396336,2.43828753296079e-17,1.10362989460638e-13,"RAMP1","receptor activity modifying protein 1 [Source:HGNC Symbol;Acc:HGNC:9843]","RAMP1"
"ENSG00000124107",435717192701059,-185400072422987,393664580354596,-470959496167999,291419528322741,10745724155363,"SLPI","secretory leukocyte peptidase inhibitor [Source:HGNC Symbol;Acc:HGNC:11092]","SLPI"
"ENSG00000084110",255967317817744,-185343408570399,384927497950779,-481502125873322,218988821694104,852643573499302,"HAL","histidine ammonia-lyase [Source:HGNC Symbol;Acc:HGNC:4806]","HAL"
"ENSG00000143845",683793739763191,-182731487663669,212733052503048,-858970834638171,21970.3658958349,5303646.32725455,"ETNK2","ethanolamine kinase 2 [Source:HGNC Symbol;Acc:HGNC:25575]","ETNK2"
"ENSG00000144847",889005659690321,-181658096236661,36237856582907,-501293711511479,139983251156594,592148776212648,"IGSF11","immunoglobulin superfamily member 11 [Source:HGNC Symbol;Acc:HGNC:16669]","IGSF11"
"ENSG00000162344",991985204790442,-180503310916747,303278954434406,-595172557401396,842206171.466268,550474466945732,"FGF19","fibroblast growth factor 19 [Source:HGNC Symbol;Acc:HGNC:3675]","FGF19"
"ENSG00000163377",428870291929536,-179887913186235,267099507453535,-673486502843994,5783812.2754638,5817551180.40401,"TAFA4","TAFA chemokine like family member 4 [Source:HGNC Symbol;Acc:HGNC:21591]","TAFA4"
"ENSG00000224093",709755578087413,-177059224729753,425051482751341,-416559480239089,139828552788352,396180899566997,"BCAR3-AS1","BCAR3 antisense RNA 1 [Source:HGNC Symbol;Acc:HGNC:40093]","BCAR3-AS1"
"ENSG00000165471",131067995715011,-175690666662393,349397366869809,-502839126225751,160734317689459,665925588505184,"MBL2","mannose binding lectin 2 [Source:HGNC Symbol;Acc:HGNC:6922]","MBL2"
"ENSG00000185052",15184983826787,-175219305524703,271582838674362,-645178120900333,200636124.070492,174215092839216,"SLC24A3","solute carrier family 24 member 3 [Source:HGNC Symbol;Acc:HGNC:10977]","SLC24A3"
"ENSG00000285219",323287829971768,-175066875715609,408377038074385,-428689322350491,109737378678582,324006176696705,"HULC","hepatocellular carcinoma up-regulated long non-coding RNA [Source:HGNC Symbol;Acc:HGNC:34232]","HULC"
"ENSG00000050438",164359141346167,-174994192014723,2141242248178,-81725546076642,265010.671857644,52725474.8789301,"SLC4A8","solute carrier family 4 member 8 [Source:HGNC Symbol;Acc:HGNC:11034]","SLC4A8"
"ENSG00000113889",182276122340248,-174707491740969,176728874383642,-988562238911313,85.4173655662277,33619.1609473163,"KNG1","kininogen 1 [Source:HGNC Symbol;Acc:HGNC:6383]","KNG1"
"ENSG00000243629",204625923456758,-174574792502671,292045422531367,-59776589199552,996844193.111256,628845439591613,"LINC00880","long intergenic non-protein coding RNA 880 [Source:HGNC Symbol;Acc:HGNC:27948]","LINC00880"
"ENSG00000137571",423518605345605,-174429624341656,173853928053628,-10033113792393,41.1899183767019,16948.7152775043,"SLCO5A1","solute carrier organic anion transporter family member 5A1 [Source:HGNC Symbol;Acc:HGNC:19046]","SLCO5A1"
"ENSG00000157315",509239462551338,-173170974224113,414044757438593,-418242161295318,146582489982471,411453640485681,"TMED6","transmembrane p24 trafficking protein 6 [Source:HGNC Symbol;Acc:HGNC:28331]","TMED6"
"ENSG00000232759",278990415808412,-171575230249673,39249080611357,-437144584222507,975709315357111,292955508367172,"STEAP1B-AS1","STEAP1B antisense RNA 1 [Source:HGNC Symbol;Acc:HGNC:56137]","STEAP1B-AS1"
"ENSG00000188883",368403431985893,-171131038027507,233273622653785,-733606466434883,10365583.3957979,127665909.78294,"KLRG2","killer cell lectin like receptor G2 [Source:HGNC Symbol;Acc:HGNC:24778]","KLRG2"
"ENSG00000138079",113024611562239,-171098048280283,415486248856277,-411801951932876,178071640269353,476216698238794,"SLC3A1","solute carrier family 3 member 1 [Source:HGNC Symbol;Acc:HGNC:11025]","SLC3A1"
"ENSG00000198670",742667986292843,-169665255450595,308817282682955,-549403368802973,5332257118.40994,256756689172372,"LPA","lipoprotein(a) [Source:HGNC Symbol;Acc:HGNC:6667]","LPA"
"ENSG00000206052",723250360404557,-168942535617742,316697604001794,-533450627611269,8642429168.03255,386348592807974,"DOK6","docking protein 6 [Source:HGNC Symbol;Acc:HGNC:28301]","DOK6"
"ENSG00000160282",117494260874134,-168234648064889,291875389450878,-576392029425293,2551481444.52523,136865972786464,"FTCD","formimidoyltransferase cyclodeaminase [Source:HGNC Symbol;Acc:HGNC:3974]","FTCD"
"ENSG00000146147",490382700298474,-167699111630333,33562786401308,-499657893790956,226736240038309,874355880662168,"MLIP","muscular LMNA interacting protein [Source:HGNC Symbol;Acc:HGNC:21355]","MLIP"
"ENSG00000142494",830218127756363,-163571406430402,222883893508859,-733886167615338,17387318.1592483,2008957350.23104,"SLC47A1","solute carrier family 47 member 1 [Source:HGNC Symbol;Acc:HGNC:25588]","SLC47A1"
"ENSG00000064886",259179915588804,-163217233113273,353930870309864,-46115568548846,689881708104226,221852723361048,"CHI3L2","chitinase 3 like 2 [Source:HGNC Symbol;Acc:HGNC:1933]","CHI3L2"
"ENSG00000119535",337520748682421,-162644486481386,313648881706448,-518555926603333,164440576831565,678176911967081,"CSF3R","colony stimulating factor 3 receptor [Source:HGNC Symbol;Acc:HGNC:2439]","CSF3R"
"ENSG00000107611",253710947763474,-161855867870306,235667606425849,-686797266391522,103565015.084817,9816987424.66292,"CUBN","cubilin [Source:HGNC Symbol;Acc:HGNC:2548]","CUBN"
"ENSG00000166451",453294186803494,-161829761501694,110732665769163,-146144554885954,2.78825437474384e-10,6.31016818184216e-07,"CENPN","centromere protein N [Source:HGNC Symbol;Acc:HGNC:30873]","CENPN"
"ENSG00000178803",544754742586922,-159278429062746,170027551278161,-936780115136576,6503.00904733303,1757268.34032783,"ADORA2A-AS1","ADORA2A antisense RNA 1 [Source:HGNC Symbol;Acc:HGNC:37122]","ADORA2A-AS1"
"ENSG00000144908",3857808273297,-158815867851395,318311626742917,-498932035491315,314798882961916,11537315336084,"ALDH1L1","aldehyde dehydrogenase 1 family member L1 [Source:HGNC Symbol;Acc:HGNC:3978]","ALDH1L1"
"ENSG00000173210",266027343752427,-157413337861943,166544972021893,-945170160052927,5610.63647403932,1539099.59640124,"ABLIM3","actin binding LIM protein family member 3 [Source:HGNC Symbol;Acc:HGNC:29132]","ABLIM3"
"ENSG00000283654",479784067658458,-156945493121337,295906892501792,-530388095371542,150661324701633,634354252028619,"CIROP","ciliated left-right organizer metallopeptidase [Source:HGNC Symbol;Acc:HGNC:53647]","CIROP"
"ENSG00000151948",582834947537281,-156211311461782,147684273533241,-105773829348608,31.9755185817531,14119.9210712839,"GLT1D1","glycosyltransferase 1 domain containing 1 [Source:HGNC Symbol;Acc:HGNC:26483]","GLT1D1"
"ENSG00000166823",712902177806944,-156146496676926,312559491668035,-499573683856533,341840138304754,124028370821795,"MESP1","mesoderm posterior bHLH transcription factor 1 [Source:HGNC Symbol;Acc:HGNC:29658]","MESP1"
"ENSG00000244067",462272127770649,-156076277671586,326636994420807,-47782792622232,58206124024255,193500269842356,"GSTA2","glutathione S-transferase alpha 2 [Source:HGNC Symbol;Acc:HGNC:4627]","GSTA2"
"ENSG00000176438",487988897577541,-155948608460156,167365337156881,-931785584215543,12227.9542692494,3208508.87021391,"SYNE3","spectrin repeat containing nuclear envelope family member 3 [Source:HGNC Symbol;Acc:HGNC:19861]","SYNE3"
"ENSG00000070601",107329113261975,-155652690496924,294272054356181,-52894146145636,165144599764192,679532495166069,"FRMPD1","FERM and PDZ domain containing 1 [Source:HGNC Symbol;Acc:HGNC:29159]","FRMPD1"
"ENSG00000242265",10991873760279,-155593346677423,930147356690874,-167278168946228,3.61084226723204e-16,1.30748598496472e-12,"PEG10","paternally expressed 10 [Source:HGNC Symbol;Acc:HGNC:14005]","PEG10"
"ENSG00000256162",667221720703646,-155451998777866,356821616882259,-435657458581498,156175816316913,429720844136431,"SMLR1","small leucine rich protein 1 [Source:HGNC Symbol;Acc:HGNC:44670]","SMLR1"
"ENSG00000256092",594737050652969,-155141439377194,330207795622398,-469829729745698,726026347297023,231420898200926,"SBNO1-AS1","SBNO1 antisense RNA 1 [Source:HGNC Symbol;Acc:HGNC:54355]","SBNO1-AS1"
"ENSG00000070019",107519876667787,-154383418828384,241517501870445,-639222489603251,773170594.262786,510885168216341,"GUCY2C","guanylate cyclase 2C [Source:HGNC Symbol;Acc:HGNC:4688]","GUCY2C"
"ENSG00000023839",107425024264337,-153360535659799,305712615611745,-501649352457755,361151406539978,129992966509072,"ABCC2","ATP binding cassette subfamily C member 2 [Source:HGNC Symbol;Acc:HGNC:53]","ABCC2"
"ENSG00000113494",310736440745688,-152315723239633,283528496311603,-537214866304779,153892822316935,643471027262841,"PRLR","prolactin receptor [Source:HGNC Symbol;Acc:HGNC:9446]","PRLR"
"ENSG00000146233",340471420906974,-151552984237779,259702042393019,-583564853172879,4607832994.01129,229494646145816,"CYP39A1","cytochrome P450 family 39 subfamily A member 1 [Source:HGNC Symbol;Acc:HGNC:17449]","CYP39A1"
"ENSG00000127084",169555193991604,-149138938489555,189497141701167,-787024739005003,8398583.11219219,1063331099.62405,"FGD3","FYVE, RhoGEF and PH domain containing 3 [Source:HGNC Symbol;Acc:HGNC:16027]","FGD3"
"ENSG00000119711",511838635248493,-147942032204616,193391984172968,-764985337098033,20481119.2350931,2247337356.06885,"ALDH6A1","aldehyde dehydrogenase 6 family member A1 [Source:HGNC Symbol;Acc:HGNC:7179]","ALDH6A1"
"ENSG00000203685",201381230513577,-147676291281835,320571158803538,-460666180429345,11558976987092,337540771534357,"STUM","stum, mechanosensory transduction mediator homolog [Source:HGNC Symbol;Acc:HGNC:30491]","STUM"
"ENSG00000138678",637938218343409,-147373347552505,211924541961057,-695404818095993,216667603.136506,18416746266603,"GPAT3","glycerol-3-phosphate acyltransferase 3 [Source:HGNC Symbol;Acc:HGNC:28157]","GPAT3"
"ENSG00000146070",386053423740377,-147360230474239,273326373449485,-539136522445658,183984893757584,735330353527827,"PLA2G7","phospholipase A2 group VII [Source:HGNC Symbol;Acc:HGNC:9040]","PLA2G7"
"ENSG00000153291",356463209637635,-147211680162295,213639046419404,-68906729659005,267876923.358321,217484829479928,"SLC25A27","solute carrier family 25 member 27 [Source:HGNC Symbol;Acc:HGNC:21065]","SLC25A27"
"ENSG00000118271",120760319688839,-147154562922961,135446588087128,-108643979151621,36.7111646902508,15457.1078306277,"TTR","transthyretin [Source:HGNC Symbol;Acc:HGNC:12405]","TTR"
"ENSG00000138111",102223767231085,-146867105836766,129293572637884,-113591961951659,3.39087408412734,1860.35682706441,"MFSD13A","major facilitator superfamily domain containing 13A [Source:HGNC Symbol;Acc:HGNC:26196]","MFSD13A"
"ENSG00000169903",604503394868626,-146674936179408,132555729640877,-110651524892046,15.1390726958809,7831.22603311213,"TM4SF4","transmembrane 4 L six family member 4 [Source:HGNC Symbol;Acc:HGNC:11856]","TM4SF4"
"ENSG00000167701",734068633874177,-146612036980487,233101600526767,-628961948992073,1701798727.67704,971957916864128,"GPT","glutamic--pyruvic transaminase [Source:HGNC Symbol;Acc:HGNC:4552]","GPT"
"ENSG00000182890",188254217900996,-146212681960183,177146603946443,-825376714556652,2798093.18499425,432986983.883085,"GLUD2","glutamate dehydrogenase 2 [Source:HGNC Symbol;Acc:HGNC:4336]","GLUD2"
"ENSG00000119927",420221173901486,-144959552913358,192153528404416,-754394437182903,38690704.1703345,4049105196.55437,"GPAM","glycerol-3-phosphate acyltransferase, mitochondrial [Source:HGNC Symbol;Acc:HGNC:24865]","GPAM"
"ENSG00000178772",122099150327922,-144939453918174,320391922463086,-452381735481715,15221520483829,423900585056139,"CPN2","carboxypeptidase N subunit 2 [Source:HGNC Symbol;Acc:HGNC:2313]","CPN2"
"ENSG00000120054",101760271254883,-144789174087248,248465126445301,-582734390772232,6809448155.83658,316115535542106,"CPN1","carboxypeptidase N subunit 1 [Source:HGNC Symbol;Acc:HGNC:2312]","CPN1"
"ENSG00000184611",260231549327746,-144534175453974,212581792479464,-679899128557474,43547951.632495,31791760657513,"KCNH7","potassium voltage-gated channel subfamily H member 7 [Source:HGNC Symbol;Acc:HGNC:18863]","KCNH7"
"ENSG00000255690",511024671705332,-143594071701626,194781446967672,-737206104262376,77344260.6724663,7488330692.37969,"TRIL","TLR4 interactor with leucine rich repeats [Source:HGNC Symbol;Acc:HGNC:22200]","TRIL"
"ENSG00000151623",220848754599112,-143274358427539,29453007912229,-486450683931848,770399966594325,241734686225134,"NR3C2","nuclear receptor subfamily 3 group C member 2 [Source:HGNC Symbol;Acc:HGNC:7979]","NR3C2"
"ENSG00000165507",111124340303928,-141059117794034,221791192948991,-635999635145457,2016127174.77523,111626857796041,"DEPP1","DEPP autophagy regulator 1 [Source:HGNC Symbol;Acc:HGNC:23355]","DEPP1"
"ENSG00000185361",121156731428083,-141016558442165,1062954403214,-132664729564862,0.000551740150919631,0.525750285915786,"TNFAIP8L1","TNF alpha induced protein 8 like 1 [Source:HGNC Symbol;Acc:HGNC:28279]","TNFAIP8L1"
"ENSG00000127249",357805872184904,-139441903553073,299402353482624,-465734159839078,140704587502657,398040086989939,"ATP13A4","ATPase 13A4 [Source:HGNC Symbol;Acc:HGNC:25422]","ATP13A4"
"ENSG00000102743",397836124478422,-139397260870544,143769312850639,-969589810972829,25159.8233750232,5915826.00265968,"SLC25A15","solute carrier family 25 member 15 [Source:HGNC Symbol;Acc:HGNC:10985]","SLC25A15"
"ENSG00000100079",361323505072807,-139013037772847,277165367045862,-501552698500908,660105447689675,213414448757528,"LGALS2","galectin 2 [Source:HGNC Symbol;Acc:HGNC:6562]","LGALS2"
"ENSG00000166816",473991239639331,-138206571502483,297799129275399,-464093269307958,152849417321027,423900585056139,"LDHD","lactate dehydrogenase D [Source:HGNC Symbol;Acc:HGNC:19708]","LDHD"
"ENSG00000113924",108747064723235,-137649855030515,201096354523211,-684497018142747,654485847.336658,438869120964081,"HGD","homogentisate 1,2-dioxygenase [Source:HGNC Symbol;Acc:HGNC:4892]","HGD"
"ENSG00000164898",542560599039863,-136264414082972,264615338916611,-514952816570899,55707490568418,187121357465901,"FMC1","formation of mitochondrial complex V assembly factor 1 homolog [Source:HGNC Symbol;Acc:HGNC:26946]","FMC1"
"ENSG00000120915",380108504061527,-136022385253096,265244377076711,-51281910950277,591106757453194,195648772279526,"EPHX2","epoxide hydrolase 2 [Source:HGNC Symbol;Acc:HGNC:3402]","EPHX2"
"ENSG00000117643",192227649000333,-135641230024377,207178639410244,-65470663583125,178492343.36688,101304196760419,"MAN1C1","mannosidase alpha class 1C member 1 [Source:HGNC Symbol;Acc:HGNC:19080]","MAN1C1"
"ENSG00000247092",143098746796895,-135287182998352,245345880420692,-551414121021214,254284575762038,955149843189149,"SNHG10","small nucleolar RNA host gene 10 [Source:HGNC Symbol;Acc:HGNC:27510]","SNHG10"
"ENSG00000147642",824547466466138,-135243357419379,174709692357252,-774103345925591,5327389.4304523,5418673350.46848,"SYBU","syntabulin [Source:HGNC Symbol;Acc:HGNC:26011]","SYBU"
"ENSG00000156298",250589862414901,-135163618977694,154724099111056,-873578322667613,1853983.14799272,297047476.941665,"TSPAN7","tetraspanin 7 [Source:HGNC Symbol;Acc:HGNC:11854]","TSPAN7"
"ENSG00000115290",498376569718113,-135071531826304,204894012237269,-6592263500111,1648073741.23959,947250002702942,"GRB14","growth factor receptor bound protein 14 [Source:HGNC Symbol;Acc:HGNC:4565]","GRB14"
"ENSG00000115425",230975509467803,-134699939219415,206108967759729,-653537498554848,1982808955.55011,110426173463399,"PECR","peroxisomal trans-2-enoyl-CoA reductase [Source:HGNC Symbol;Acc:HGNC:18281]","PECR"
"ENSG00000137878",240499488114846,-134489290476767,210460245883956,-639024676189545,2978582327.72862,157222253771215,"GCOM1","GCOM1, MYZAP-POLR2M combined locus [Source:HGNC Symbol;Acc:HGNC:26424]","GCOM1"
"ENSG00000130208",429556625764381,-133973259650109,234104194960865,-572280473968036,167249836127484,682729468461307,"APOC1","apolipoprotein C1 [Source:HGNC Symbol;Acc:HGNC:607]","APOC1"
"ENSG00000137491",31147230919058,-133380296466621,255535673757294,-521963507112139,55127325108182,185850651593918,"SLCO2B1","solute carrier organic anion transporter family member 2B1 [Source:HGNC Symbol;Acc:HGNC:10962]","SLCO2B1"
"ENSG00000188641",24694552372719,-133286169410661,265544325110151,-501935672529898,855085723821475,261951387982873,"DPYD","dihydropyrimidine dehydrogenase [Source:HGNC Symbol;Acc:HGNC:3012]","DPYD"
"ENSG00000166035",766095091561927,-132805577852913,196609579302005,-675478673645474,1267416660.21136,767444101442364,"LIPC","lipase C, hepatic type [Source:HGNC Symbol;Acc:HGNC:6619]","LIPC"
"ENSG00000214575",278380329419244,-132547523665548,265442793369459,-499344969901145,93605553073827,282926300233996,"CPEB1","cytoplasmic polyadenylation element binding protein 1 [Source:HGNC Symbol;Acc:HGNC:21744]","CPEB1"
"ENSG00000135821",362252962250056,-131641017607653,186706161031448,-705070560502175,613594336.262248,419212281435019,"GLUL","glutamate-ammonia ligase [Source:HGNC Symbol;Acc:HGNC:4341]","GLUL"
"ENSG00000105516",101271690689175,-131185036930634,224891997111468,-583324611882973,153124068191105,641738716342583,"DBP","D-box binding PAR bZIP transcription factor [Source:HGNC Symbol;Acc:HGNC:2697]","DBP"
"ENSG00000119986",936616700208438,-129579329547101,227516310269243,-569538638323366,234607628650631,898006578587671,"AVPI1","arginine vasopressin induced 1 [Source:HGNC Symbol;Acc:HGNC:30898]","AVPI1"
"ENSG00000196139",547521373491107,-129287946833656,157680825494827,-819934487455466,24731751.6321612,2665287876.78737,"AKR1C3","aldo-keto reductase family 1 member C3 [Source:HGNC Symbol;Acc:HGNC:386]","AKR1C3"
"ENSG00000226015",448554391289377,-128612436451213,19231574525109,-668756665156538,2178584967.63573,119525093451651,"CCT8P1","chaperonin containing TCP1 subunit 8 pseudogene 1 [Source:HGNC Symbol;Acc:HGNC:35144]","CCT8P1"
"ENSG00000118596",823819029543976,-128520345042299,237027519035062,-542216977866136,461983532416216,159622363633504,"SLC16A7","solute carrier family 16 member 7 [Source:HGNC Symbol;Acc:HGNC:10928]","SLC16A7"
"ENSG00000243955",412284271655467,-128263864228759,197002485455038,-651077390889227,3552606097.38045,183327780975967,"GSTA1","glutathione S-transferase alpha 1 [Source:HGNC Symbol;Acc:HGNC:4626]","GSTA1"
"ENSG00000142484",895350015842058,-127458993798318,202863396323784,-628299614953132,6719175031.97598,312726642555077,"TM4SF5","transmembrane 4 L six family member 5 [Source:HGNC Symbol;Acc:HGNC:11857]","TM4SF5"
"ENSG00000044459",604160192979415,-127392666602186,149896637753994,-849870073878903,12146684.5790168,1456395525.18608,"CNTLN","centlein [Source:HGNC Symbol;Acc:HGNC:23432]","CNTLN"
"ENSG00000073910",990749633933035,-126230260752559,124685433206811,-101238979972252,486.4113840886,10739607.4499074,"FRY","FRY microtubule binding protein [Source:HGNC Symbol;Acc:HGNC:20367]","FRY"
"ENSG00000148672",265895250624671,-126174456470686,15927009030875,-79220433809068,86468612.4988404,8327203347.29524,"GLUD1","glutamate dehydrogenase 1 [Source:HGNC Symbol;Acc:HGNC:4335]","GLUD1"
"ENSG00000047648",162268713746631,-126100424252862,243671291916173,-517502177877577,894854156612167,271379137444946,"ARHGAP6","Rho GTPase activating protein 6 [Source:HGNC Symbol;Acc:HGNC:676]","ARHGAP6"
"ENSG00000106351",172678494910986,-124940662154851,1087296235375,-114909495765669,274.319746388562,101358.347109488,"AGFG2","ArfGAP with FG repeats 2 [Source:HGNC Symbol;Acc:HGNC:5177]","AGFG2"
"ENSG00000103449",222268062022049,-124934009053128,23620813841098,-528914921787133,75599590620542,238743766149429,"SALL1","spalt like transcription factor 1 [Source:HGNC Symbol;Acc:HGNC:10524]","SALL1"
"ENSG00000151090",326781703417193,-123953535232431,11836566211038,-10472085655791,20802.0444564115,518653.35900887,"THRB","thyroid hormone receptor beta [Source:HGNC Symbol;Acc:HGNC:11799]","THRB"
"ENSG00000141505",290722264570467,-123919089522913,243574741635755,-508751805259934,120363562019689,348669166458635,"ASGR1","asialoglycoprotein receptor 1 [Source:HGNC Symbol;Acc:HGNC:742]","ASGR1"
"ENSG00000084674",316684054992463,-123779485437943,135297305707932,-914870290951304,2474434.20391908,389562010.973521,"APOB","apolipoprotein B [Source:HGNC Symbol;Acc:HGNC:603]","APOB"
"ENSG00000245848",102850062158077,-123103189169456,203189660078348,-60585361047402,160471857691099,665925588505184,"CEBPA","CCAAT enhancer binding protein alpha [Source:HGNC Symbol;Acc:HGNC:1833]","CEBPA"
"ENSG00000168234",273516710410698,-122557154405191,2441011351806,-502075315276664,147730216197054,414033369078587,"TTC39C","tetratricopeptide repeat domain 39C [Source:HGNC Symbol;Acc:HGNC:26595]","TTC39C"
"ENSG00000247572",66654679789969,-122415904425509,215439839484242,-568213867586282,387875331577078,137157868714902,"CKMT2-AS1","CKMT2 antisense RNA 1 [Source:HGNC Symbol;Acc:HGNC:48997]","CKMT2-AS1"
"ENSG00000144596",256222981639558,-121368898982899,236616177348731,-51293576095612,127969204664578,366016184905558,"GRIP2","glutamate receptor interacting protein 2 [Source:HGNC Symbol;Acc:HGNC:23841]","GRIP2"
"ENSG00000179914",563930583164242,-121118803927072,219692837757393,-551309752122297,603559458633189,198680799973707,"ITLN1","intelectin 1 [Source:HGNC Symbol;Acc:HGNC:18259]","ITLN1"
"ENSG00000175899",630816892659417,-121095357941943,139145021803145,-870281641216468,16155484.0656518,1911732281.10212,"A2M","alpha-2-macroglobulin [Source:HGNC Symbol;Acc:HGNC:7]","A2M"
"ENSG00000165175",654038146887573,-121057554012273,153885370083857,-786673573623696,194135507.034935,170622492954733,"MID1IP1","MID1 interacting protein 1 [Source:HGNC Symbol;Acc:HGNC:20715]","MID1IP1"
"ENSG00000151689",117857205368216,-120973184829895,14661529800927,-825106155172474,64666473.8773519,6397740489.34129,"INPP1","inositol polyphosphate-1-phosphatase [Source:HGNC Symbol;Acc:HGNC:6071]","INPP1"
"ENSG00000119686",348345416698932,-120302148661156,240878277793653,-499431288545713,175817246648596,472280600975197,"FLVCR2","FLVCR heme transporter 2 [Source:HGNC Symbol;Acc:HGNC:20105]","FLVCR2"
"ENSG00000174567",533185891911679,-119854141834298,193463545146619,-61951796522422,152677959614464,641353702742429,"GOLT1A","golgi transport 1A [Source:HGNC Symbol;Acc:HGNC:24766]","GOLT1A"
"ENSG00000147576",577523170942325,-119643414078712,214125535929951,-558753600121062,572059127931892,191798713170498,"ADHFE1","alcohol dehydrogenase iron containing 1 [Source:HGNC Symbol;Acc:HGNC:16354]","ADHFE1"
"ENSG00000285793",103047133644829,-119162092326635,135634553677515,-878552618751962,17059112.6930871,200555347.60282,"ANAPC1P2","ANAPC1 pseudogene 2 [Source:NCBI gene (formerly Entrezgene);Acc:285074]","ANAPC1P2"
"ENSG00000135838",973658665944831,-118900410977311,218933484359447,-543089200471952,824511566224266,255612703878259,"NPL","N-acetylneuraminate pyruvate lyase [Source:HGNC Symbol;Acc:HGNC:16781]","NPL"
"ENSG00000174992",355072067833856,-118415909633345,156459366266387,-756847688055506,613430772.404622,419212281435019,"ZG16","zymogen granule protein 16 [Source:HGNC Symbol;Acc:HGNC:30961]","ZG16"
"ENSG00000153208",461606764553179,-118291313975439,145180485061836,-81478797873596,127624938.787482,114957687400366,"MERTK","MER proto-oncogene, tyrosine kinase [Source:HGNC Symbol;Acc:HGNC:7027]","MERTK"
"ENSG00000148339",208803373742648,-117923305836076,155550929634142,-758100939116421,630896529.872339,426208271393235,"SLC25A25","solute carrier family 25 member 25 [Source:HGNC Symbol;Acc:HGNC:20663]","SLC25A25"
"ENSG00000114251",258303047339062,-117714854518596,126234667923644,-932508133104908,4065342.42881187,608289460.112719,"WNT5A","Wnt family member 5A [Source:HGNC Symbol;Acc:HGNC:12784]","WNT5A"
"ENSG00000144891",157219086810681,-117694883175497,216091151231765,-544653876406377,866030766173037,264258863213364,"AGTR1","angiotensin II receptor type 1 [Source:HGNC Symbol;Acc:HGNC:336]","AGTR1"
"ENSG00000290323",464176212474529,-117323188174318,193103544928106,-607566206089064,244804651160295,929179918083256,"None","novel transcript","TTTY16"
"ENSG00000065675",130179772273022,-115362144395578,182413125270208,-632422388601109,16970977808573,686704237108735,"PRKCQ","protein kinase C theta [Source:HGNC Symbol;Acc:HGNC:9410]","PRKCQ"
"ENSG00000168671",718690069405139,-115269668533042,193268780036003,-596421566440113,366212204949518,131553015289901,"UGT3A2","UDP glycosyltransferase family 3 member A2 [Source:HGNC Symbol;Acc:HGNC:27266]","UGT3A2"
"ENSG00000163629",416459573651884,-115248621474346,220125104235905,-523559645204465,151754800461492,423346789268923,"PTPN13","protein tyrosine phosphatase non-receptor type 13 [Source:HGNC Symbol;Acc:HGNC:9646]","PTPN13"
"ENSG00000022567",165520287408153,-115104738844304,16655906866688,-691074582522524,4637635707.78949,229494646145816,"SLC45A4","solute carrier family 45 member 4 [Source:HGNC Symbol;Acc:HGNC:29196]","SLC45A4"
"ENSG00000176974",344828405835032,-114214404464552,170077914294195,-671541657472281,7981549231.54488,364362648223968,"SHMT1","serine hydroxymethyltransferase 1 [Source:HGNC Symbol;Acc:HGNC:10850]","SHMT1"
"ENSG00000060762",253986665893308,-114066201128865,182435268955924,-625242047668006,222606431173397,861938273742317,"MPC1","mitochondrial pyruvate carrier 1 [Source:HGNC Symbol;Acc:HGNC:21606]","MPC1"
"ENSG00000161944",235672799364175,-113941694128004,123383382291523,-923476824932462,10954868.5140196,133112680.83646,"ASGR2","asialoglycoprotein receptor 2 [Source:HGNC Symbol;Acc:HGNC:743]","ASGR2"
"ENSG00000064225",571278740972162,-113170196879984,142786117231027,-792585435297436,484195824.598995,346496656299004,"ST3GAL6","ST3 beta-galactoside alpha-2,3-sialyltransferase 6 [Source:HGNC Symbol;Acc:HGNC:18080]","ST3GAL6"
"ENSG00000172345",553066855489801,-112738677991718,166393953550005,-677540713387989,8146358330.94466,368724543954383,"STARD5","StAR related lipid transfer domain containing 5 [Source:HGNC Symbol;Acc:HGNC:18065]","STARD5"
"ENSG00000100239",438982958401665,-112586806962463,117572799173833,-95759229816415,5096793.22685287,736253230.260221,"PPP6R2","protein phosphatase 6 regulatory subunit 2 [Source:HGNC Symbol;Acc:HGNC:19253]","PPP6R2"
"ENSG00000158457",286383328661806,-112396898200654,176013646374653,-638569227532571,19630398060226,774310145708913,"TSPAN33","tetraspanin 33 [Source:HGNC Symbol;Acc:HGNC:28743]","TSPAN33"
"ENSG00000204444",652993080477386,-112086747051653,205076688996796,-546560155617708,123297244109717,355461242771724,"APOM","apolipoprotein M [Source:HGNC Symbol;Acc:HGNC:13916]","APOM"
"ENSG00000125166",104790118162779,-111443192542468,107329273500984,-103832988808451,517968.717418168,96678594.1119168,"GOT2","glutamic-oxaloacetic transaminase 2 [Source:HGNC Symbol;Acc:HGNC:4433]","GOT2"
"ENSG00000112818",350480690810954,-111129959932996,188247172356531,-590340659792336,582478028522972,193500269842356,"MEP1A","meprin A subunit alpha [Source:HGNC Symbol;Acc:HGNC:7015]","MEP1A"
"ENSG00000160972",152659327206647,-110741080515213,141996496892908,-779886003798618,94439863.569493,602054130255518,"PPP1R16A","protein phosphatase 1 regulatory subunit 16A [Source:HGNC Symbol;Acc:HGNC:14941]","PPP1R16A"
"ENSG00000163590",420715149595191,-110542836220291,153890969061907,-718319189840322,4174784201.20722,210541693489852,"PPM1L","protein phosphatase, Mg2+/Mn2+ dependent 1L [Source:HGNC Symbol;Acc:HGNC:16381]","PPM1L"
"ENSG00000112110",420997520050338,-110514179962664,158126727465258,-698896269683092,6487256034.76317,30542762489511,"MRPL18","mitochondrial ribosomal protein L18 [Source:HGNC Symbol;Acc:HGNC:14477]","MRPL18"
"ENSG00000259974",195883287175797,-110503901727862,184014322243845,-60051794001898,504509920584868,171051537681442,"LINC00261","long intergenic non-protein coding RNA 261 [Source:HGNC Symbol;Acc:HGNC:16189]","LINC00261"
"ENSG00000159423",302148678435835,-109276069242482,17650672347346,-619104287315789,392132012430081,138392789182195,"ALDH4A1","aldehyde dehydrogenase 4 family member A1 [Source:HGNC Symbol;Acc:HGNC:406]","ALDH4A1"
"ENSG00000164181",250511487755499,-109088490289027,199898837526701,-545718482602262,155869143122055,429529807644568,"ELOVL7","ELOVL fatty acid elongase 7 [Source:HGNC Symbol;Acc:HGNC:26292]","ELOVL7"
"ENSG00000115884",302527999627716,-108012477601199,107159681189698,-100795818354471,3087678.20264946,473749269.991258,"SDC1","syndecan 1 [Source:HGNC Symbol;Acc:HGNC:10658]","SDC1"
"ENSG00000181392",135606482092127,-107712795718438,163161227556969,-66016171446632,202224515901476,79592931747744,"SYNE4","spectrin repeat containing nuclear envelope family member 4 [Source:HGNC Symbol;Acc:HGNC:26703]","SYNE4"
"ENSG00000158156",152268554030748,-107571511776789,113111389992911,-951022808432734,17921429.0221012,2040675927.32794,"XKR8","XK related 8 [Source:HGNC Symbol;Acc:HGNC:25508]","XKR8"
"ENSG00000143669",589695805257596,-107273438381791,161452752945602,-664426195432756,194540941344971,769031384945569,"LYST","lysosomal trafficking regulator [Source:HGNC Symbol;Acc:HGNC:1968]","LYST"
"ENSG00000096088",677173593397553,-107253782426066,186357006387003,-57552857553064,106221059471763,31615888277863,"PGC","progastricsin [Source:HGNC Symbol;Acc:HGNC:8890]","PGC"
"ENSG00000047644",716237524826525,-107098198941202,150511984858396,-711559275774362,7423994626.45825,342886282428639,"WWC3","WWC family member 3 [Source:HGNC Symbol;Acc:HGNC:29237]","WWC3"
"ENSG00000198585",219050946159032,-105409641511899,129413324667881,-814519229626593,927761072.090456,595642347879351,"NUDT16","nudix hydrolase 16 [Source:HGNC Symbol;Acc:HGNC:26442]","NUDT16"
"ENSG00000138207",106955097556801,-105114764313596,161380391982514,-651347806398846,3186663425629,116346616784175,"RBP4","retinol binding protein 4 [Source:HGNC Symbol;Acc:HGNC:9922]","RBP4"
"ENSG00000169738",211996242476512,-104823069420959,159192199224367,-658468630571652,28676928110559,105958323151361,"DCXR","dicarbonyl and L-xylulose reductase [Source:HGNC Symbol;Acc:HGNC:18985]","DCXR"
"ENSG00000198780",123885622533474,-103917056033761,125452735400625,-828336310897551,86251489.368351,560160123302145,"FAM169A","family with sequence similarity 169 member A [Source:HGNC Symbol;Acc:HGNC:29138]","FAM169A"
"ENSG00000107242",967472880156354,-103566094508975,135324539208193,-765316439390503,3773575930.48991,193419960915932,"PIP5K1B","phosphatidylinositol-4-phosphate 5-kinase type 1 beta [Source:HGNC Symbol;Acc:HGNC:8995]","PIP5K1B"
"ENSG00000179593",500644803410952,-102813981484426,177262326111974,-580010336880493,14439493511188,405942593198849,"ALOX15B","arachidonate 15-lipoxygenase type B [Source:HGNC Symbol;Acc:HGNC:434]","ALOX15B"
"ENSG00000100033",107886288480638,-101739216311944,149748878142171,-679398854763728,275079707526258,102055698868092,"PRODH","proline dehydrogenase 1 [Source:HGNC Symbol;Acc:HGNC:9453]","PRODH"
"ENSG00000162951",36971656475651,-100800766407923,130011459063998,-775322168781328,4664599730.20877,230116016663297,"LRRTM1","leucine rich repeat transmembrane neuronal 1 [Source:HGNC Symbol;Acc:HGNC:19408]","LRRTM1"
"ENSG00000076770",370518390871641,-94403855153896,134741283307483,-70063051825374,491251003399779,167813196538736,"MBNL3","muscleblind like splicing regulator 3 [Source:HGNC Symbol;Acc:HGNC:20564]","MBNL3"
"ENSG00000188647",639774888222187,-84302397315515,101384744019823,-831509692415182,35798641491723,129435588411216,"PTAR1","protein prenyltransferase alpha subunit repeat containing 1 [Source:HGNC Symbol;Acc:HGNC:30449]","PTAR1"
"ENSG00000184012",693330419365361,-77124289761432,794235360428799,-971050819492517,318740248135603,116346616784175,"TMPRSS2","transmembrane serine protease 2 [Source:HGNC Symbol;Acc:HGNC:11876]","TMPRSS2"
"ENSG00000133661",112911823570072,-54031982417313,110083687089428,-490826423477435,425403890.666082,313086887825586,"SFTPD","surfactant protein D [Source:HGNC Symbol;Acc:HGNC:10803]","SFTPD"
"ENSG00000113196",611731047149777,-35967270105646,104021520111179,-345767587968374,149641371361179,418741426351492,"HAND1","heart and neural crest derivatives expressed 1 [Source:HGNC Symbol;Acc:HGNC:4807]","HAND1"
"ENSG00000107317",131073006911693,-34517555814059,933224917072085,-369873919808688,792314000993863,246899225266676,"PTGDS","prostaglandin D2 synthase [Source:HGNC Symbol;Acc:HGNC:9592]","PTGDS"
"ENSG00000198759",657207958957642,-31430670230298,857245161131512,-366647391614452,10346033288005,308591322371221,"EGFL6","EGF like domain multiple 6 [Source:HGNC Symbol;Acc:HGNC:3235]","EGFL6"
"ENSG00000258819",138336180876402,-29656033617757,653334060530213,-453918376667667,8042102659.39109,365834845849939,"LINC02289","long intergenic non-protein coding RNA 2289 [Source:HGNC Symbol;Acc:HGNC:53205]","LINC02289"
"ENSG00000100490",411787280200686,-27967575132149,780755805971271,-358211554986222,164410411059137,446944518352203,"CDKL1","cyclin dependent kinase like 1 [Source:HGNC Symbol;Acc:HGNC:1781]","CDKL1"
"ENSG00000163884",663658191192043,-23783643048437,279421296748384,-85117502943428,894.159704983685,299791.878865363,"KLF15","KLF transcription factor 15 [Source:HGNC Symbol;Acc:HGNC:14536]","KLF15"
"ENSG00000291128",9442962498646,-22390249802026,367958080263459,-608500016795244,114408484.811666,10568191926098,"APOC1P1","apolipoprotein C1 pseudogene 1 [Source:NCBI gene (formerly Entrezgene);Acc:342]","APOC1P1"
"ENSG00000069702",160347804177292,-22296532981415,428598515000702,-520219557489099,2723125724.96669,145006444854476,"TGFBR3","transforming growth factor beta receptor 3 [Source:HGNC Symbol;Acc:HGNC:11774]","TGFBR3"
"ENSG00000225756",169197616548455,-22239273116205,457888756350001,-485691618494465,8329325620.14637,375130448638682,"DBH-AS1","DBH antisense RNA 1 [Source:HGNC Symbol;Acc:HGNC:24155]","DBH-AS1"
"ENSG00000171560",432174149295451,-20371206003964,213728177700269,-953136185558671,31.9381460373509,14119.9210712839,"FGA","fibrinogen alpha chain [Source:HGNC Symbol;Acc:HGNC:3661]","FGA"
"ENSG00000159650",25481315124405,-20336541789199,527167125632363,-385770295611744,181232888360741,481117513749446,"UROC1","urocanate hydratase 1 [Source:HGNC Symbol;Acc:HGNC:26444]","UROC1"
"ENSG00000166840",444513736057528,-20098965583773,258803294249342,-776611659525816,270331.601801388,53199496.2023276,"GLYATL1","glycine-N-acyltransferase like 1 [Source:HGNC Symbol;Acc:HGNC:30519]","GLYATL1"
"ENSG00000047617",977982202866845,-19979034338373,467084168229563,-427739488882734,67085664875284,216503736642962,"ANO2","anoctamin 2 [Source:HGNC Symbol;Acc:HGNC:1183]","ANO2"
"ENSG00000171612",248000325326386,-19184697643947,187889725523442,-102106156100342,0.21849939353943,1276.10694194561,"SLC25A33","solute carrier family 25 member 33 [Source:HGNC Symbol;Acc:HGNC:29681]","SLC25A33"
"ENSG00000143278",165316297523142,-17422994003568,247842149540504,-70298752798384,2686897.0392293,2878477567.76607,"F13B","coagulation factor XIII B chain [Source:HGNC Symbol;Acc:HGNC:3534]","F13B"
"ENSG00000211452",831338344085673,-17200501841442,378772654945088,-454111499784367,638585001538976,207942112461568,"DIO1","iodothyronine deiodinase 1 [Source:HGNC Symbol;Acc:HGNC:2883]","DIO1"
"ENSG00000272502",347423865970146,-16675766891875,253257686913278,-6584505724237,201109938.709728,174215092839216,"None","novel transcript","SNTB1-AS1"
"ENSG00000144644",926317912235785,-16309948564338,254920053317449,-63980641585805,456816729.297753,330826675357433,"GADL1","glutamate decarboxylase like 1 [Source:HGNC Symbol;Acc:HGNC:27949]","GADL1"
"ENSG00000113594",656451663706251,-14930608731076,188467811799696,-792210011274726,6853697.89154017,912398531.811285,"LIFR","LIF receptor subunit alpha [Source:HGNC Symbol;Acc:HGNC:6597]","LIFR"
"ENSG00000116761",26302339635241,-14551537958894,288521398213375,-504348656598859,465625889940777,160269139493874,"CTH","cystathionine gamma-lyase [Source:HGNC Symbol;Acc:HGNC:2501]","CTH"
"ENSG00000140284",17825008009393,-13909259129784,267689275234305,-519604646753569,43703099433923,15187036761059,"SLC27A2","solute carrier family 27 member 2 [Source:HGNC Symbol;Acc:HGNC:10996]","SLC27A2"
"ENSG00000134285",198708739179819,-13879236727723,194621919858043,-713138414102916,252980866.715478,207249710039987,"FKBP11","FKBP prolyl isomerase 11 [Source:HGNC Symbol;Acc:HGNC:18624]","FKBP11"
"ENSG00000234906",344975312838804,-12877265556442,226308781640235,-569013074221443,249996640600467,940995671116728,"APOC2","apolipoprotein C2 [Source:HGNC Symbol;Acc:HGNC:609]","APOC2"
"ENSG00000198208",578547073049583,-12853869711895,187740460701943,-68466166876525,1436125079.97534,846939562636926,"RPS6KL1","ribosomal protein S6 kinase like 1 [Source:HGNC Symbol;Acc:HGNC:20222]","RPS6KL1"
"ENSG00000150893",260586355665605,-12552608930306,216419235620619,-580013550750666,241686716219745,919272688478675,"FREM2","FRAS1 related extracellular matrix 2 [Source:HGNC Symbol;Acc:HGNC:25396]","FREM2"
"ENSG00000070759",120249331209629,-12499169138801,123163056920044,-10148472643802,56875.1792310459,12406326.7467239,"TESK2","testis associated actin remodelling kinase 2 [Source:HGNC Symbol;Acc:HGNC:11732]","TESK2"
"ENSG00000112619",112938530638209,-12336494975696,248586114036427,-496266455731646,158225268019576,433384035929565,"PRPH2","peripherin 2 [Source:HGNC Symbol;Acc:HGNC:9942]","PRPH2"
"ENSG00000157168",124149203514737,-12073783854291,239534107587533,-504052803832074,15727829192753,432097644210612,"NRG1","neuregulin 1 [Source:HGNC Symbol;Acc:HGNC:7997]","NRG1"
"ENSG00000171564",322334519858844,-11805476874286,121895066712005,-96849505010553,1181603.78571006,203742252.764578,"FGB","fibrinogen beta chain [Source:HGNC Symbol;Acc:HGNC:3662]","FGB"
"ENSG00000006747",118184521126993,-11272130560414,21289645538456,-529465393872008,160907081960825,438738361280231,"SCIN","scinderin [Source:HGNC Symbol;Acc:HGNC:21695]","SCIN"
"ENSG00000167612",235369161211834,-11246586302729,212979446921171,-528059700844829,167877554332656,455003461256397,"ANKRD33","ankyrin repeat domain 33 [Source:HGNC Symbol;Acc:HGNC:13788]","ANKRD33"
"ENSG00000131781",412802644894025,-10839188496489,200506583828296,-540590153676508,179436133725673,477748706044605,"FMO5","flavin containing dimethylaniline monoxygenase 5 [Source:HGNC Symbol;Acc:HGNC:3773]","FMO5"
"ENSG00000101400",50082756731261,-10738339280579,137410286445812,-781480015676531,1482992567.83932,86757334213494,"SNTA1","syntrophin alpha 1 [Source:HGNC Symbol;Acc:HGNC:11167]","SNTA1"
"ENSG00000091583",577636196579901,-10549864620318,143774011011678,-733781060017941,5666321566.10493,270682722834643,"APOH","apolipoprotein H [Source:HGNC Symbol;Acc:HGNC:616]","APOH"
"ENSG00000106266",802086984123975,-10482306507631,153965309777612,-680822616651225,18490458558202,736512296953961,"SNX8","sorting nexin 8 [Source:HGNC Symbol;Acc:HGNC:14972]","SNX8"
"ENSG00000103121",174903407121666,-10394159178798,804745324595533,-129160852025106,1021.34065584355,324410.045158728,"CMC2","C-X9-C motif containing 2 [Source:HGNC Symbol;Acc:HGNC:24447]","CMC2"
"ENSG00000172201",488448451876049,-8606004177132,103465347350128,-831776473722085,245858112949613,931226178860405,"ID4","inhibitor of DNA binding 4 [Source:HGNC Symbol;Acc:HGNC:5363]","ID4"
"ENSG00000169507",713627051306397,-1764967111727,433844932095523,-406819806146402,177447560820229,475249717255954,"SLC38A11","solute carrier family 38 member 11 [Source:HGNC Symbol;Acc:HGNC:26836]","SLC38A11"
"ENSG00000233695",20990478179806,-167170057581,281884101492113,-593045356925451,1614564753.70279,930945696362705,"GAS6-AS1","GAS6 antisense RNA 1 [Source:HGNC Symbol;Acc:HGNC:39826]","GAS6-AS1"
"ENSG00000188338",571086200955234,-28939650669,559781592969903,-51698110535328,948889820.887832,602794744111375,"SLC38A3","solute carrier family 38 member 3 [Source:HGNC Symbol;Acc:HGNC:18044]","SLC38A3"
"ENSG00000187498",617012098793586,1150888313408,170235691012159,676055829752998,6579760774.19646,308618053929603,"COL4A1","collagen type IV alpha 1 chain [Source:HGNC Symbol;Acc:HGNC:2202]","COL4A1"
"ENSG00000103187",931649476073936,1259812895722,173732975175219,725143223070583,611484624.807477,419212281435019,"COTL1","coactosin like F-actin binding protein 1 [Source:HGNC Symbol;Acc:HGNC:18304]","COTL1"
"ENSG00000259207",116885641188744,1502384909168,182167018185068,824729374250222,1871581.11926613,297236633.020292,"ITGB3","integrin subunit beta 3 [Source:HGNC Symbol;Acc:HGNC:6156]","ITGB3"
"ENSG00000141526",116124211106138,9134429605938,113130239024771,807425997211756,128804099253367,546135413813165,"SLC16A3","solute carrier family 16 member 3 [Source:HGNC Symbol;Acc:HGNC:10924]","SLC16A3"
"ENSG00000107201",450432886404742,10881715239859,181859259165999,598359153653339,609892897201641,199676508206794,"RIGI","RNA sensor RIG-I [Source:HGNC Symbol;Acc:HGNC:19102]","RIGI"
"ENSG00000198286",101496217699032,10907991980353,154390585111249,706519246137517,6494870786.22576,30542762489511,"CARD11","caspase recruitment domain family member 11 [Source:HGNC Symbol;Acc:HGNC:16393]","CARD11"
"ENSG00000143320",975169920703881,12658710787708,23787557568855,532156811436667,641783193247953,208608343155371,"CRABP2","cellular retinoic acid binding protein 2 [Source:HGNC Symbol;Acc:HGNC:2339]","CRABP2"
"ENSG00000137261",966033313014807,13130936511421,231878676159376,566284779993988,226979985590289,874355880662168,"KIAA0319","KIAA0319 [Source:HGNC Symbol;Acc:HGNC:21580]","KIAA0319"
"ENSG00000185033",184915883205064,13165126833099,936063013227285,140643596072761,0.000135656116665874,0.153503374514728,"SEMA4B","semaphorin 4B [Source:HGNC Symbol;Acc:HGNC:10730]","SEMA4B"
"ENSG00000023902",23331197235461,13602225668599,226835113105939,599652561825662,7463483307.90813,343832990558974,"PLEKHO1","pleckstrin homology domain containing O1 [Source:HGNC Symbol;Acc:HGNC:24310]","PLEKHO1"
"ENSG00000172765",348460382969428,13988915766492,190691124392726,733590292208983,121532869.321815,1105704823654,"TMCC1","transmembrane and coiled-coil domain family 1 [Source:HGNC Symbol;Acc:HGNC:29116]","TMCC1"
"ENSG00000106018",806720292203362,14578311072659,303308730461444,480642645877027,794438327570447,246912015056583,"VIPR2","vasoactive intestinal peptide receptor 2 [Source:HGNC Symbol;Acc:HGNC:12695]","VIPR2"
"ENSG00000124557",358432991802739,15052824939758,282540444469873,532767086425501,186835615230823,741811143367114,"BTN1A1","butyrophilin subfamily 1 member A1 [Source:HGNC Symbol;Acc:HGNC:1135]","BTN1A1"
"ENSG00000164171",251805157818484,17357568389511,211204636322861,821836522706684,244323.463934982,49149736.8282538,"ITGA2","integrin subunit alpha 2 [Source:HGNC Symbol;Acc:HGNC:6137]","ITGA2"
"ENSG00000154764",927377740164363,18562867866886,287691063152287,645236166305934,121220208.333396,1105704823654,"WNT7A","Wnt family member 7A [Source:HGNC Symbol;Acc:HGNC:12786]","WNT7A"
"ENSG00000134198",160271141374866,20746046526229,229265341431795,90489240094761,325.438751110061,117841.371776953,"TSPAN2","tetraspanin 2 [Source:HGNC Symbol;Acc:HGNC:20659]","TSPAN2"
"ENSG00000122254",160209208900829,21582691447817,528410971785944,408445179986914,850134631640163,261318972934553,"HS3ST2","heparan sulfate-glucosamine 3-sulfotransferase 2 [Source:HGNC Symbol;Acc:HGNC:5195]","HS3ST2"
"ENSG00000163121",519821505245276,21823396311567,321305480162508,679210211432725,8206891.36226638,1046378648.68896,"NEURL3","neuralized E3 ubiquitin protein ligase 3 [Source:HGNC Symbol;Acc:HGNC:25162]","NEURL3"
"ENSG00000023445",562690844417513,23708163239223,236384751002,100294808098778,0.124338880411127,86.5829011478251,"BIRC3","baculoviral IAP repeat containing 3 [Source:HGNC Symbol;Acc:HGNC:591]","BIRC3"
"ENSG00000134339",175049782240015,40233659442773,771641547476177,521403488113957,248710280.726237,204677256024932,"SAA2","serum amyloid A2 [Source:HGNC Symbol;Acc:HGNC:10514]","SAA2"
"ENSG00000137831",190152323635504,81533195881633,739529653801601,110250069706477,1004209132.94005,631291887218041,"UACA","uveal autoantigen with coiled-coil domains and ankyrin repeats [Source:HGNC Symbol;Acc:HGNC:15947]","UACA"
"ENSG00000051128",713319657338806,87335536891371,114440129302318,763154825355499,552265399378777,185850651593918,"HOMER3","homer scaffold protein 3 [Source:HGNC Symbol;Acc:HGNC:17514]","HOMER3"
"ENSG00000070404",302047574618967,100281404887608,142939981002317,701563020957608,217686073381321,849397922105349,"FSTL3","follistatin like 3 [Source:HGNC Symbol;Acc:HGNC:3973]","FSTL3"
"ENSG00000181467",114383327142981,100510690524729,12846265087652,782411773686197,4213227317.39934,210719559617445,"RAP2B","RAP2B, member of RAS oncogene family [Source:HGNC Symbol;Acc:HGNC:9862]","RAP2B"
"ENSG00000117298",106601816545052,100902437071433,157355342219378,641239348142112,608486642004135,199577004592117,"ECE1","endothelin converting enzyme 1 [Source:HGNC Symbol;Acc:HGNC:3146]","ECE1"
"ENSG00000168952",515195714910946,101327248992205,122064047851706,830115425266791,1305733837.62616,785392396352881,"STXBP6","syntaxin binding protein 6 [Source:HGNC Symbol;Acc:HGNC:19666]","STXBP6"
"ENSG00000154783",219461962848456,101491376309615,166893436333447,60812083769933,101678702282914,304783593515258,"FGD5","FYVE, RhoGEF and PH domain containing 5 [Source:HGNC Symbol;Acc:HGNC:19117]","FGD5"
"ENSG00000175183",118454595215496,101864957808903,176017475255206,578720707482082,160654629302447,438710718479758,"CSRP2","cysteine and glycine rich protein 2 [Source:HGNC Symbol;Acc:HGNC:2470]","CSRP2"
"ENSG00000104881",298865159956736,102820356326995,108956050865938,943686518645097,62400549.5559496,6207483240.16741,"PPP1R13L","protein phosphatase 1 regulatory subunit 13 like [Source:HGNC Symbol;Acc:HGNC:18838]","PPP1R13L"
"ENSG00000173281",296360443276622,102984835791404,109480971076851,940664252229855,65037652.4488303,6399492921.66344,"PPP1R3B","protein phosphatase 1 regulatory subunit 3B [Source:HGNC Symbol;Acc:HGNC:14942]","PPP1R3B"
"ENSG00000142798",531869534047519,103592696673729,180999822406057,572335902304521,153358123839697,423900585056139,"HSPG2","heparan sulfate proteoglycan 2 [Source:HGNC Symbol;Acc:HGNC:5273]","HSPG2"
"ENSG00000197321",29358570091995,104894380341797,818323861955115,12818198908582,985.546069128596,318630.563956665,"SVIL","supervillin [Source:HGNC Symbol;Acc:HGNC:11480]","SVIL"
"ENSG00000111912",139867911659729,104954068877271,133742491752173,784747371626303,1987344175.52584,110426173463399,"NCOA7","nuclear receptor coactivator 7 [Source:HGNC Symbol;Acc:HGNC:21081]","NCOA7"
"ENSG00000171223",866578879768554,104962073264182,111847284183515,938440964663607,44611904.8620531,4615420214.44269,"JUNB","JunB proto-oncogene, AP-1 transcription factor subunit [Source:HGNC Symbol;Acc:HGNC:6205]","JUNB"
"ENSG00000145247",182587145177134,105027726394051,167237012491127,628017236313785,500218915103472,170234275525345,"OCIAD2","OCIA domain containing 2 [Source:HGNC Symbol;Acc:HGNC:28685]","OCIAD2"
"ENSG00000102007",13870086947781,105099962449661,162861267752597,645334301396441,358173044982155,129435588411216,"PLP2","proteolipid protein 2 [Source:HGNC Symbol;Acc:HGNC:9087]","PLP2"
"ENSG00000206432",506502596091875,105394716649364,18272004311735,576809828036625,121601817404949,351132520592758,"TMEM200C","transmembrane protein 200C [Source:HGNC Symbol;Acc:HGNC:37208]","TMEM200C"
"ENSG00000197093",182202464995101,105655648476177,174743938081439,604631265817852,723812379305816,231122101011143,"GAL3ST4","galactose-3-O-sulfotransferase 4 [Source:HGNC Symbol;Acc:HGNC:24145]","GAL3ST4"
"ENSG00000169242",60092591527903,107127003230538,193682967053953,553104926365034,159138646685724,435227371336109,"EFNA1","ephrin A1 [Source:HGNC Symbol;Acc:HGNC:3221]","EFNA1"
"ENSG00000169855",111327356965468,107204669512127,196767856356877,544828161962033,1823305473582,482409966191122,"ROBO1","roundabout guidance receptor 1 [Source:HGNC Symbol;Acc:HGNC:10249]","ROBO1"
"ENSG00000160991",859868533776801,108867305525582,19679141227927,553211668459835,138871017271505,394703260235573,"ORAI2","ORAI calcium release-activated calcium modulator 2 [Source:HGNC Symbol;Acc:HGNC:21667]","ORAI2"
"ENSG00000165801",226524324613679,109340187008694,129680018663014,843153695812031,237096609.464688,197817240293004,"ARHGEF40","Rho guanine nucleotide exchange factor 40 [Source:HGNC Symbol;Acc:HGNC:25516]","ARHGEF40"
"ENSG00000105650",219412687995168,109482040646901,204624124134543,535039752081798,18251909795135,482409966191122,"PDE4C","phosphodiesterase 4C [Source:HGNC Symbol;Acc:HGNC:8782]","PDE4C"
"ENSG00000156804",359810789008051,109844998760955,198256948969904,554053713283107,12699062644518,363791976549049,"FBXO32","F-box protein 32 [Source:HGNC Symbol;Acc:HGNC:16731]","FBXO32"
"ENSG00000214193",101578502731857,111594783052555,115890904959188,962929602559006,5335982.95010592,743606351.672686,"SH3D21","SH3 domain containing 21 [Source:HGNC Symbol;Acc:HGNC:26236]","SH3D21"
"ENSG00000170542",231410006811424,112210553553429,162075311585375,692335880497883,6192606699.96059,29504511658628,"SERPINB9","serpin family B member 9 [Source:HGNC Symbol;Acc:HGNC:8955]","SERPINB9"
"ENSG00000165617",721031486874009,112541398996121,155424461182623,724090649179635,2861994141.88922,151509953037732,"DACT1","dishevelled binding antagonist of beta catenin 1 [Source:HGNC Symbol;Acc:HGNC:17748]","DACT1"
"ENSG00000213190",447264846404494,112703962837173,198308192303649,568327316829157,783595383150431,245025810223464,"MLLT11","MLLT11 transcription factor 7 cofactor [Source:HGNC Symbol;Acc:HGNC:16997]","MLLT11"
"ENSG00000106211",143073822288185,113228347862206,201038258191114,56321791126228,830177822050068,256929392619085,"HSPB1","heat shock protein family B (small) member 1 [Source:HGNC Symbol;Acc:HGNC:5246]","HSPB1"
"ENSG00000196924",139761512441114,114109943611124,162580156635494,701868825646167,4018699427.64213,203236181948215,"FLNA","filamin A [Source:HGNC Symbol;Acc:HGNC:3754]","FLNA"
"ENSG00000103335",127771659306381,114539485120546,141975375832298,806755991657604,273605753.526166,220161429670722,"PIEZO1","piezo type mechanosensitive ion channel component 1 [Source:HGNC Symbol;Acc:HGNC:28993]","PIEZO1"
"ENSG00000124225",3115013578414,115424005922968,143168012797298,806213648340493,244169186.867055,201857677088038,"PMEPA1","prostate transmembrane protein, androgen induced 1 [Source:HGNC Symbol;Acc:HGNC:14107]","PMEPA1"
"ENSG00000114268",293979792641002,116423829605444,183172365098407,635597130292536,143754597246823,606684611457747,"PFKFB4","6-phosphofructo-2-kinase/fructose-2,6-biphosphatase 4 [Source:HGNC Symbol;Acc:HGNC:8875]","PFKFB4"
"ENSG00000147168",286287386748653,116717241988427,145575225381152,801765834006661,229167268.868364,192980158272638,"IL2RG","interleukin 2 receptor subunit gamma [Source:HGNC Symbol;Acc:HGNC:6010]","IL2RG"
"ENSG00000127863",248001694515222,116839644672911,169989415645591,687334821578001,4212302850.22092,210719559617445,"TNFRSF19","TNF receptor superfamily member 19 [Source:HGNC Symbol;Acc:HGNC:11915]","TNFRSF19"
"ENSG00000147065",839134468798322,116901025806988,172212803304493,678817274696428,5120957748.72472,249233709786723,"MSN","moesin [Source:HGNC Symbol;Acc:HGNC:7373]","MSN"
"ENSG00000111674",487609248304766,117461256611067,126863389281671,925887738583677,5256378.22851314,743490061.150238,"ENO2","enolase 2 [Source:HGNC Symbol;Acc:HGNC:3353]","ENO2"
"ENSG00000196923",254018514409072,118031832383139,153516744649541,768853147925918,467773682.442667,337412052614522,"PDLIM7","PDZ and LIM domain 7 [Source:HGNC Symbol;Acc:HGNC:22958]","PDLIM7"
"ENSG00000186314",283966354875156,118076162937807,182354118555784,647510261204689,9453687057.16278,417460985780322,"PRELID2","PRELI domain containing 2 [Source:HGNC Symbol;Acc:HGNC:28306]","PRELID2"
"ENSG00000090339",235893585014003,118733761043753,12028984918244,987063844960624,551716.905286139,101926883.369444,"ICAM1","intercellular adhesion molecule 1 [Source:HGNC Symbol;Acc:HGNC:5344]","ICAM1"
"ENSG00000075618",796561107751374,118741891893517,1534971766611,773577042108613,376055477.410782,286070773887487,"FSCN1","fascin actin-bundling protein 1 [Source:HGNC Symbol;Acc:HGNC:11148]","FSCN1"
"ENSG00000089327",629231378624994,119071549787865,170419986828696,698694748213739,2528041336.68392,136220798811495,"FXYD5","FXYD domain containing ion transport regulator 5 [Source:HGNC Symbol;Acc:HGNC:4029]","FXYD5"
"ENSG00000167191",453413885878821,119125345491956,220680432149953,53980928137303,86699676746058,264258863213364,"GPRC5B","G protein-coupled receptor class C group 5 member B [Source:HGNC Symbol;Acc:HGNC:13308]","GPRC5B"
"ENSG00000151834",753956337048298,120060892554089,240568406436776,499071737359003,179385223497122,477748706044605,"GABRA2","gamma-aminobutyric acid type A receptor subunit alpha2 [Source:HGNC Symbol;Acc:HGNC:4076]","GABRA2"
"ENSG00000026025",375343584679796,120152619817631,187074133235861,642272759677279,884206806.34631,392366770316175,"VIM","vimentin [Source:HGNC Symbol;Acc:HGNC:12692]","VIM"
"ENSG00000147872",140038133663694,120443842761261,922329486962063,130586568535259,1.10653524451925,690.821400069688,"PLIN2","perilipin 2 [Source:HGNC Symbol;Acc:HGNC:248]","PLIN2"
"ENSG00000118503",108615543207008,121176395209987,205699578240244,589094038240859,269876090936171,100537173382703,"TNFAIP3","TNF alpha induced protein 3 [Source:HGNC Symbol;Acc:HGNC:11896]","TNFAIP3"
"ENSG00000153179",606317245901446,121648852836611,200449216886195,606881157862928,175506441619208,704555238473562,"RASSF3","Ras association domain family member 3 [Source:HGNC Symbol;Acc:HGNC:14271]","RASSF3"
"ENSG00000197930",923553789187731,121774533324937,140867647119479,864460618282718,17420950.2339836,2008957350.23104,"ERO1A","endoplasmic reticulum oxidoreductase 1 alpha [Source:HGNC Symbol;Acc:HGNC:13280]","ERO1A"
"ENSG00000175592",191205556944121,121808175556963,20449510694461,595653252426996,222804259658329,861938273742317,"FOSL1","FOS like 1, AP-1 transcription factor subunit [Source:HGNC Symbol;Acc:HGNC:13718]","FOSL1"
"ENSG00000174469",256995526654577,122708166124776,179949122409289,681904776649476,2667043176.45911,14243898734452,"CNTNAP2","contactin associated protein 2 [Source:HGNC Symbol;Acc:HGNC:13830]","CNTNAP2"
"ENSG00000173262",314587290662213,123642252896705,139022216600401,88937046121266,588097.31747343,812786407.088279,"SLC2A14","solute carrier family 2 member 14 [Source:HGNC Symbol;Acc:HGNC:18301]","SLC2A14"
"ENSG00000161638",175843106874626,123822404126425,185827498182019,666329823830162,3554159134.08254,183327780975967,"ITGA5","integrin subunit alpha 5 [Source:HGNC Symbol;Acc:HGNC:6141]","ITGA5"
"ENSG00000196136",130741644196159,124464589376372,207698762012816,599255326176146,168396657509423,683592261033206,"SERPINA3","serpin family A member 3 [Source:HGNC Symbol;Acc:HGNC:16]","SERPINA3"
"ENSG00000134363",472961814913856,124733068655926,224104945666737,556583293085437,426903063201671,148636153062813,"FST","follistatin [Source:HGNC Symbol;Acc:HGNC:3971]","FST"
"ENSG00000115828",580977089761762,125592540338355,180220916556051,696881043212841,1367746710.49283,817262514636061,"QPCT","glutaminyl-peptide cyclotransferase [Source:HGNC Symbol;Acc:HGNC:9753]","QPCT"
"ENSG00000059728",326922617946894,125797110262581,965369912277523,13030974827649,0.205359979806538,132.787229799906,"MXD1","MAX dimerization protein 1 [Source:HGNC Symbol;Acc:HGNC:6761]","MXD1"
"ENSG00000104856",471644282292463,126019398627717,190609861585649,661137873871711,3328551311.33148,174676584033787,"RELB","RELB proto-oncogene, NF-kB subunit [Source:HGNC Symbol;Acc:HGNC:9956]","RELB"
"ENSG00000149596",115865965948758,126180080138667,202712639987699,622457880013418,8562713175.16805,383732480288162,"JPH2","junctophilin 2 [Source:HGNC Symbol;Acc:HGNC:14202]","JPH2"
"ENSG00000006210",22349394808801,126731448692599,205102674256869,617892717156294,915996393.08384,405479576938458,"CX3CL1","C-X3-C motif chemokine ligand 1 [Source:HGNC Symbol;Acc:HGNC:10647]","CX3CL1"
"ENSG00000101335",164236930248246,127377829370385,182636823161001,697437828614097,1134120480.28723,698409908013613,"MYL9","myosin light chain 9 [Source:HGNC Symbol;Acc:HGNC:15754]","MYL9"
"ENSG00000008441",181501336007646,127670145552761,235035766173845,543194542818346,47554385904328,163372325768095,"NFIX","nuclear factor I X [Source:HGNC Symbol;Acc:HGNC:7788]","NFIX"
"ENSG00000048052",258899468162402,127753160954773,224097582401423,570078264949465,260605577043877,97573030909961,"HDAC9","histone deacetylase 9 [Source:HGNC Symbol;Acc:HGNC:14065]","HDAC9"
"ENSG00000171435",108961015461432,128360055847343,234426963563638,547548174049944,414955392900302,145596267218216,"KSR2","kinase suppressor of ras 2 [Source:HGNC Symbol;Acc:HGNC:18610]","KSR2"
"ENSG00000145623",249288787459561,129245946608372,177208386635632,729344412316793,387625292.237732,289929132822507,"OSMR","oncostatin M receptor [Source:HGNC Symbol;Acc:HGNC:8507]","OSMR"
"ENSG00000167552",192091031797858,129292504377733,27219858301903,47499330431376,178965043388425,477748706044605,"TUBA1A","tubulin alpha 1a [Source:HGNC Symbol;Acc:HGNC:20766]","TUBA1A"
"ENSG00000138448",240189673999205,129549795961941,144213817425933,898317500183204,1733017.14029254,280145315.401753,"ITGAV","integrin subunit alpha V [Source:HGNC Symbol;Acc:HGNC:6150]","ITGAV"
"ENSG00000198796",478495613244307,129988167267903,211426891860924,614813783259929,7739559722.32148,355646519727488,"ALPK2","alpha kinase 2 [Source:HGNC Symbol;Acc:HGNC:20565]","ALPK2"
"ENSG00000079308",977914669618002,130323218953767,219735907747733,593090224941223,128368888792881,545567777369745,"TNS1","tensin 1 [Source:HGNC Symbol;Acc:HGNC:11973]","TNS1"
"ENSG00000258947",836619809643367,130336565469899,209913336614321,620906549207829,6482299266.73638,30542762489511,"TUBB3","tubulin beta 3 class III [Source:HGNC Symbol;Acc:HGNC:20772]","TUBB3"
"ENSG00000130821",600010040793794,130950246170172,214613954902072,610166502126689,8100446482.80946,367565372359061,"SLC6A8","solute carrier family 6 member 8 [Source:HGNC Symbol;Acc:HGNC:11055]","SLC6A8"
"ENSG00000137331",31972710105193,131047055008711,185565221052151,706204827961172,62816009.683035,426208271393235,"IER3","immediate early response 3 [Source:HGNC Symbol;Acc:HGNC:5392]","IER3"
"ENSG00000064999",792526413304852,131774015625439,171787549916469,767075470192771,96708803.4330185,9264089344.73439,"ANKS1A","ankyrin repeat and sterile alpha motif domain containing 1A [Source:HGNC Symbol;Acc:HGNC:20961]","ANKS1A"
"ENSG00000179344",242187898023274,131797824019801,170092416669528,774860082538957,75835109.5348468,7381691710.36775,"HLA-DQB1","major histocompatibility complex, class II, DQ beta 1 [Source:HGNC Symbol;Acc:HGNC:4944]","HLA-DQB1"
"ENSG00000105974",142658074307274,131811333225709,244368294730303,539396214927072,407175711054947,143422495109919,"CAV1","caveolin 1 [Source:HGNC Symbol;Acc:HGNC:1527]","CAV1"
"ENSG00000205420",207862455381724,131928208530959,281724059558572,468288752965134,181815306615047,48195697309889,"KRT6A","keratin 6A [Source:HGNC Symbol;Acc:HGNC:6443]","KRT6A"
"ENSG00000152952",61513788551021,132719068277508,140099154741568,947322405494352,177048.741591646,36016488.3878287,"PLOD2","procollagen-lysine,2-oxoglutarate 5-dioxygenase 2 [Source:HGNC Symbol;Acc:HGNC:9082]","PLOD2"
"ENSG00000170558",216282081839196,132869789181506,149871662143835,886557120144488,1606790.88935469,264616892.458881,"CDH2","cadherin 2 [Source:HGNC Symbol;Acc:HGNC:1759]","CDH2"
"ENSG00000100292",299002339491822,134027363033324,177371411404297,755631146937345,108255950.473586,101553056130791,"HMOX1","heme oxygenase 1 [Source:HGNC Symbol;Acc:HGNC:5013]","HMOX1"
"ENSG00000188483",652098190721598,134101866267189,219322570836033,611436687779135,6287934533.80336,298800668594514,"IER5L","immediate early response 5 like [Source:HGNC Symbol;Acc:HGNC:23679]","IER5L"
"ENSG00000172602",215017973080237,135036553900156,134312680280667,100538946596834,12160.0968293089,3208508.87021391,"RND1","Rho family GTPase 1 [Source:HGNC Symbol;Acc:HGNC:18314]","RND1"
"ENSG00000186918",247458314284701,136197810670835,164341691554832,828747771683936,7812586.05024222,1010334788.85454,"ZNF395","zinc finger protein 395 [Source:HGNC Symbol;Acc:HGNC:18737]","ZNF395"
"ENSG00000187288",346192366017449,136288535631721,199602193165589,682800792267128,769519940.269066,510335476870749,"CIDEC","cell death inducing DFFA like effector c [Source:HGNC Symbol;Acc:HGNC:24229]","CIDEC"
"ENSG00000100385",15414472779752,136777486084219,242240616627048,564634816360298,170301133643646,686704237108735,"IL2RB","interleukin 2 receptor subunit beta [Source:HGNC Symbol;Acc:HGNC:6009]","IL2RB"
"ENSG00000169031",319137638955492,137573295446783,259835688132148,529462663253617,375386146456573,13352389354806,"COL4A3","collagen type IV alpha 3 chain [Source:HGNC Symbol;Acc:HGNC:2204]","COL4A3"
"ENSG00000103647",131028025268961,137789518518085,208198411318997,661818299405595,1239914495.95728,753310468097534,"CORO2B","coronin 2B [Source:HGNC Symbol;Acc:HGNC:2256]","CORO2B"
"ENSG00000285294",284364084556122,137996397114534,22109770771677,624142143035283,3446085025.61592,179285544220621,"LINC00842","long intergenic non-protein coding RNA 842 [Source:HGNC Symbol;Acc:HGNC:44989]","LINC00842"
"ENSG00000109794",459831317260843,138582480679677,173987308689398,796509134623572,17779105.5559741,2037282949.94247,"FAM149A","family with sequence similarity 149 member A [Source:HGNC Symbol;Acc:HGNC:24527]","FAM149A"
"ENSG00000172575",182090125658675,139969699635401,210239355245322,665763550654322,937015093.969007,599457889622222,"RASGRP1","RAS guanyl releasing protein 1 [Source:HGNC Symbol;Acc:HGNC:9878]","RASGRP1"
"ENSG00000267060",699148277539794,140018362191934,25282703022655,553810888283853,185094225415108,736512296953961,"PTGES3L","prostaglandin E synthase 3 like [Source:HGNC Symbol;Acc:HGNC:43943]","PTGES3L"
"ENSG00000169499",754388129258455,140475174211295,162906314606463,862306501443146,1397496.21280211,238694989.931908,"PLEKHA2","pleckstrin homology domain containing A2 [Source:HGNC Symbol;Acc:HGNC:14336]","PLEKHA2"
"ENSG00000158352",259388214548789,140699308878669,177487181926482,792729409253616,16091813.3169649,1911732281.10212,"SHROOM4","shroom family member 4 [Source:HGNC Symbol;Acc:HGNC:29215]","SHROOM4"
"ENSG00000185215",834835278599376,140846294359395,22793575916705,617921009297059,3365355392.89799,176097570486758,"TNFAIP2","TNF alpha induced protein 2 [Source:HGNC Symbol;Acc:HGNC:11895]","TNFAIP2"
"ENSG00000185112",32949947251038,140876692314635,175289915753375,803678247600067,10837597.6469255,1325775036.47018,"FAM43A","family with sequence similarity 43 member A [Source:HGNC Symbol;Acc:HGNC:26888]","FAM43A"
"ENSG00000165434",16443376872921,141228197853682,173866697941068,812278599214848,7728971.36581615,1006712421.42519,"PGM2L1","phosphoglucomutase 2 like 1 [Source:HGNC Symbol;Acc:HGNC:20898]","PGM2L1"
"ENSG00000241852",144965920378562,141330436357587,165071440374222,856177398326365,1575951.79791997,264190808.345751,"C8orf58","chromosome 8 open reading frame 58 [Source:HGNC Symbol;Acc:HGNC:32233]","C8orf58"
"ENSG00000147883",233773491145919,141880375214725,19649932097996,722040027961187,146360545.771316,131181073326221,"CDKN2B","cyclin dependent kinase inhibitor 2B [Source:HGNC Symbol;Acc:HGNC:1788]","CDKN2B"
"ENSG00000124785",909279460204862,142044510351788,308601266080812,460284924153848,142889064483947,402960515962907,"NRN1","neuritin 1 [Source:HGNC Symbol;Acc:HGNC:17972]","NRN1"
"ENSG00000254815",129738858499524,142562045798929,20702407399746,68862544846199,389134378.767573,289929132822507,"LMNTD2-AS1","LMNTD2 antisense RNA 1 [Source:HGNC Symbol;Acc:HGNC:41204]","LMNTD2-AS1"
"ENSG00000089127",135643853988407,142631822617356,212109370364288,672444703279222,629326371.310586,426208271393235,"OAS1","2'-5'-oligoadenylate synthetase 1 [Source:HGNC Symbol;Acc:HGNC:8086]","OAS1"
"ENSG00000008517",200986473718703,143202629557699,143555530868316,997541708713817,422.27359561044,1176194.37669646,"IL32","interleukin 32 [Source:HGNC Symbol;Acc:HGNC:16830]","IL32"
"ENSG00000182578",177408624255905,143458710231648,208144873355591,689225287747374,355982389.175986,275142131344305,"CSF1R","colony stimulating factor 1 receptor [Source:HGNC Symbol;Acc:HGNC:2433]","CSF1R"
"ENSG00000101198",355206935081134,143488750046582,210300703291375,682302758863229,438479877.217082,318822416747601,"NKAIN4","sodium/potassium transporting ATPase interacting 4 [Source:HGNC Symbol;Acc:HGNC:16191]","NKAIN4"
"ENSG00000122694",488834615518902,145205118382731,229547748879595,632570430733762,1680566759.25713,962869024568046,"GLIPR2","GLI pathogenesis related 2 [Source:HGNC Symbol;Acc:HGNC:18007]","GLIPR2"
"ENSG00000135636",322358625339653,145253977742662,20825128893489,697493775359421,239258796.389121,19870552791858,"DYSF","dysferlin [Source:HGNC Symbol;Acc:HGNC:3097]","DYSF"
"ENSG00000117394",712517538429362,146376167108948,132586118802131,110400823578973,18.1148223153128,8864.02318969564,"SLC2A1","solute carrier family 2 member 1 [Source:HGNC Symbol;Acc:HGNC:11005]","SLC2A1"
"ENSG00000151023",119770471379267,147627012629023,258232797239555,571681886294534,7823125651.15759,358576430162552,"ENKUR","enkurin, TRPC channel interacting protein [Source:HGNC Symbol;Acc:HGNC:28388]","ENKUR"
"ENSG00000080031",217364149668246,147645575619079,307495881552473,480154644262719,747871008682588,237131429285433,"PTPRH","protein tyrosine phosphatase receptor type H [Source:HGNC Symbol;Acc:HGNC:9672]","PTPRH"
"ENSG00000014914",282262194575823,148068773156553,217837872757971,679720065578611,336718526.607663,264323664182311,"MTMR11","myotubularin related protein 11 [Source:HGNC Symbol;Acc:HGNC:24307]","MTMR11"
"ENSG00000122861",467400551820285,148826025848815,232535025048791,640015523758571,1069131656.82362,662898241328484,"PLAU","plasminogen activator, urokinase [Source:HGNC Symbol;Acc:HGNC:9052]","PLAU"
"ENSG00000139278",647331381755784,149651930146898,250336183114705,59780383436751,343528146.93187,179238533147017,"GLIPR1","GLI pathogenesis related 1 [Source:HGNC Symbol;Acc:HGNC:17001]","GLIPR1"
"ENSG00000104419",21299002200683,149740764963675,214247596917702,698914560153478,161678405.850326,142789635996105,"NDRG1","N-myc downstream regulated 1 [Source:HGNC Symbol;Acc:HGNC:7679]","NDRG1"
"ENSG00000029153",320474760773177,149765633289719,234089889437428,639778307596453,1013701031.88641,635053881740603,"BMAL2","basic helix-loop-helix ARNT like 2 [Source:HGNC Symbol;Acc:HGNC:18984]","BMAL2"
"ENSG00000182963",423728098601935,150141699444031,300001488624239,500469848108282,421857897050202,147162566976761,"GJC1","gap junction protein gamma 1 [Source:HGNC Symbol;Acc:HGNC:4280]","GJC1"
"ENSG00000163131",541821893504146,151029591825391,317700519444345,475383521844849,736309269204335,234286104023629,"CTSS","cathepsin S [Source:HGNC Symbol;Acc:HGNC:2545]","CTSS"
"ENSG00000106366",16233509442818,151161360101905,237543074331224,636353472007059,1028310712.61317,641985015581427,"SERPINE1","serpin family E member 1 [Source:HGNC Symbol;Acc:HGNC:8583]","SERPINE1"
"ENSG00000172346",223180920677899,151284589139631,192544453181517,785712528405118,7190153.74383348,950202434.540913,"CSDC2","cold shock domain containing C2 [Source:HGNC Symbol;Acc:HGNC:30359]","CSDC2"
"ENSG00000129521",862174541536393,151737578493091,234712236088817,646483460008761,730238329.018623,486064887753021,"EGLN3","egl-9 family hypoxia inducible factor 3 [Source:HGNC Symbol;Acc:HGNC:14661]","EGLN3"
"ENSG00000113657",53445926894949,151763105169475,321470273298811,472090634111009,773943601187288,242426451548371,"DPYSL3","dihydropyrimidinase like 3 [Source:HGNC Symbol;Acc:HGNC:3015]","DPYSL3"
"ENSG00000111145",58313070456159,152074980471619,197552584796805,769794941574858,11895480.3314774,1435784476.00933,"ELK3","ETS transcription factor ELK3 [Source:HGNC Symbol;Acc:HGNC:3325]","ELK3"
"ENSG00000115221",154582356395918,152965494855147,235472200630598,649611692783704,613528991.357711,419212281435019,"ITGB6","integrin subunit beta 6 [Source:HGNC Symbol;Acc:HGNC:6161]","ITGB6"
"ENSG00000171608",419151183526539,153984062097743,216184450243181,712280933825397,75476648.3062401,7381691710.36775,"PIK3CD","phosphatidylinositol-4,5-bisphosphate 3-kinase catalytic subunit delta [Source:HGNC Symbol;Acc:HGNC:8977]","PIK3CD"
"ENSG00000177181",427184325096673,154464113307952,268076682059373,576193767101839,487360849.53711,238477518401875,"RIMKLA","ribosomal modification protein rimK like family member A [Source:HGNC Symbol;Acc:HGNC:28725]","RIMKLA"
"ENSG00000108852",449678348953533,154740417238413,252892023868906,611883344010198,1723667411.84548,981352153819572,"MPP2","MAGUK p55 scaffold protein 2 [Source:HGNC Symbol;Acc:HGNC:7220]","MPP2"
"ENSG00000257335",346317395659673,154916275826781,332093198030095,46648433857035,790900931633613,24688381667632,"MGAM","maltase-glucoamylase [Source:HGNC Symbol;Acc:HGNC:7043]","MGAM"
"ENSG00000123342",574677357440413,155029922356505,324290818309602,478058315571851,600258744175424,197954181480802,"MMP19","matrix metallopeptidase 19 [Source:HGNC Symbol;Acc:HGNC:7165]","MMP19"
"ENSG00000170369",335449197518546,155338289143145,355009237143432,437561260076127,150263777199724,419834210833487,"CST2","cystatin SA [Source:HGNC Symbol;Acc:HGNC:2474]","CST2"
"ENSG00000010319",929287659484055,155553402341596,326231151047975,476819585873088,60706395768431,199471741449627,"SEMA3G","semaphorin 3G [Source:HGNC Symbol;Acc:HGNC:30400]","SEMA3G"
"ENSG00000140682",959381220851263,156532606958855,192546716736987,812959107335355,1575626.00674114,264190808.345751,"TGFB1I1","transforming growth factor beta 1 induced transcript 1 [Source:HGNC Symbol;Acc:HGNC:11767]","TGFB1I1"
"ENSG00000121904",246915830695272,156534890842518,295381517116791,529941386889911,155065225298473,646879240559644,"CSMD2","CUB and Sushi multiple domains 2 [Source:HGNC Symbol;Acc:HGNC:19290]","CSMD2"
"ENSG00000092607",147669319018335,157141784821033,234076982433374,671325233209379,235617150.337052,197492986428349,"TBX15","T-box transcription factor 15 [Source:HGNC Symbol;Acc:HGNC:11594]","TBX15"
"ENSG00000180875",302595537239118,158465901623727,274810812175319,576636342541834,3957985782.63984,200726421833878,"GREM2","gremlin 2, DAN family BMP antagonist [Source:HGNC Symbol;Acc:HGNC:17655]","GREM2"
"ENSG00000040731",905390854047614,158649539281481,340882597157067,46540815108957,718037032869713,229683047351699,"CDH10","cadherin 10 [Source:HGNC Symbol;Acc:HGNC:1749]","CDH10"
"ENSG00000135245",285919292499726,159119750098911,181003003934247,87910005160309,82685.1371390377,17407144.2779335,"HILPDA","hypoxia inducible lipid droplet associated [Source:HGNC Symbol;Acc:HGNC:28859]","HILPDA"
"ENSG00000071282",479358780999197,160457284186321,127579062679852,125770859901185,0.000240167078395919,0.255777938491654,"LMCD1","LIM and cysteine rich domains 1 [Source:HGNC Symbol;Acc:HGNC:6633]","LMCD1"
"ENSG00000101265",705266597694645,161179105317526,243963651146575,660668524019952,259200779.325267,211388743679457,"RASSF2","Ras association domain family member 2 [Source:HGNC Symbol;Acc:HGNC:9883]","RASSF2"
"ENSG00000151651",546603131425303,161419306680401,273859193349644,5894244582628,2365951538.98149,12902274883512,"ADAM8","ADAM metallopeptidase domain 8 [Source:HGNC Symbol;Acc:HGNC:215]","ADAM8"
"ENSG00000117472",105228788323484,162251016166784,332768226171611,487579652761408,371433488103254,132761438210522,"TSPAN1","tetraspanin 1 [Source:HGNC Symbol;Acc:HGNC:20657]","TSPAN1"
"ENSG00000184156",266031524039492,162631121692873,324644422095271,500951535354416,260841463465458,97573030909961,"KCNQ3","potassium voltage-gated channel subfamily Q member 3 [Source:HGNC Symbol;Acc:HGNC:6297]","KCNQ3"
"ENSG00000130822",991592652877928,163077392835541,373859760480963,43619937226126,124484212990334,358312667120825,"PNCK","pregnancy up-regulated nonubiquitous CaM kinase [Source:HGNC Symbol;Acc:HGNC:13415]","PNCK"
"ENSG00000124145",120914835676111,163785133937044,102353662928247,160018830055806,5.19316971312487e-15,1.56703896093543e-11,"SDC4","syndecan 4 [Source:HGNC Symbol;Acc:HGNC:10661]","SDC4"
"ENSG00000154099",114365765605443,163861804643179,303310097932193,540245134468985,8702666421.73921,38712966969432,"DNAAF1","dynein axonemal assembly factor 1 [Source:HGNC Symbol;Acc:HGNC:30539]","DNAAF1"
"ENSG00000042980",135593244526838,164356921494059,281382724400454,584104521143777,2410845697.88151,131076160240675,"ADAM28","ADAM metallopeptidase domain 28 [Source:HGNC Symbol;Acc:HGNC:206]","ADAM28"
"ENSG00000058056",867642922710722,165148469396727,359383573649857,459532603895884,677534285759344,218269719638308,"USP13","ubiquitin specific peptidase 13 [Source:HGNC Symbol;Acc:HGNC:12611]","USP13"
"ENSG00000134013",380223006754048,165646684226671,177683131351254,932258920511765,3792.94571956432,1072988.78519863,"LOXL2","lysyl oxidase like 2 [Source:HGNC Symbol;Acc:HGNC:6666]","LOXL2"
"ENSG00000160326",460390125461498,165672961446644,233984499697578,708051010476226,38343259.9497702,403607396.15732,"SLC2A6","solute carrier family 2 member 6 [Source:HGNC Symbol;Acc:HGNC:11011]","SLC2A6"
"ENSG00000229953",683099361512988,165675902236555,285582436272611,580133373742929,2555133874.72105,136865972786464,"BCAN-AS2","BCAN antisense RNA 2 [Source:HGNC Symbol;Acc:HGNC:56267]","BCAN-AS2"
"ENSG00000101871",240651323811908,167848865417853,213287576809486,786960346817481,1644140.86055983,26817270.522915,"MID1","midline 1 [Source:HGNC Symbol;Acc:HGNC:7095]","MID1"
"ENSG00000011422",687526818472928,168418667884424,147460560160205,114212686905197,0.0485256315007372,35.1422623328339,"PLAUR","plasminogen activator, urokinase receptor [Source:HGNC Symbol;Acc:HGNC:9053]","PLAUR"
"ENSG00000149591",42340669012515,168635211778684,237665630302721,709548164637391,29927305.5679467,3187258042.98632,"TAGLN","transgelin [Source:HGNC Symbol;Acc:HGNC:11553]","TAGLN"
"ENSG00000059804",484965473929819,169330449367712,173925018835685,973583044585935,341.832843953521,1213.506596035,"SLC2A3","solute carrier family 2 member 3 [Source:HGNC Symbol;Acc:HGNC:11007]","SLC2A3"
"ENSG00000054356",40958490487786,170241940649414,324651836441726,524383113046002,106230505659748,463446579510781,"PTPRN","protein tyrosine phosphatase receptor type N [Source:HGNC Symbol;Acc:HGNC:9676]","PTPRN"
"ENSG00000081041",467187591503508,170312349607621,22620560967795,752909487302706,5225092.53154068,743490061.150238,"CXCL2","C-X-C motif chemokine ligand 2 [Source:HGNC Symbol;Acc:HGNC:4603]","CXCL2"
"ENSG00000184661",508911158795177,171307515334225,296499693717238,577766247197527,2144623154.36666,118019459604281,"CDCA2","cell division cycle associated 2 [Source:HGNC Symbol;Acc:HGNC:14623]","CDCA2"
"ENSG00000132481",22379868612293,172713686651217,31024662242882,556698040091775,38209855.25655,194870261808405,"TRIM47","tripartite motif containing 47 [Source:HGNC Symbol;Acc:HGNC:19020]","TRIM47"
"ENSG00000100593",465040764167496,173462937625521,23405470713235,741121337617168,6639227.85837482,89039422.500649,"ISM2","isthmin 2 [Source:HGNC Symbol;Acc:HGNC:23176]","ISM2"
"ENSG00000261175",419608957372631,173734724929688,413767425648685,419884974408787,139290476422422,395274933484006,"LINC02188","long intergenic non-protein coding RNA 2188 [Source:HGNC Symbol;Acc:HGNC:53050]","LINC02188"
"ENSG00000115009",113857013999919,175441642904323,358591715478361,489251801788795,234227339151544,898006578587671,"CCL20","C-C motif chemokine ligand 20 [Source:HGNC Symbol;Acc:HGNC:10619]","CCL20"
"ENSG00000180914",270139209576852,176391165929534,281311477016943,627031530316519,351255946.272346,272939438079864,"OXTR","oxytocin receptor [Source:HGNC Symbol;Acc:HGNC:8529]","OXTR"
"ENSG00000172548",157499579616177,177667363813474,305801945639335,580988336885914,1490989715.54687,867986135047464,"NIPAL4","NIPA like domain containing 4 [Source:HGNC Symbol;Acc:HGNC:28018]","NIPAL4"
"ENSG00000134954",14047280364116,177879382580438,220542509130743,80655372645183,334751.758347807,65168608.4396457,"ETS1","ETS proto-oncogene 1, transcription factor [Source:HGNC Symbol;Acc:HGNC:3488]","ETS1"
"ENSG00000170379",852397718311944,179286468158642,309483967718414,579307773130812,1473749462.87016,866306299521565,"TCAF2","TRPM8 channel associated factor 2 [Source:HGNC Symbol;Acc:HGNC:26878]","TCAF2"
"ENSG00000184922",751261841581407,180303089325252,370141485168084,48711937610391,215481808672437,842612990499886,"FMNL1","formin like 1 [Source:HGNC Symbol;Acc:HGNC:1212]","FMNL1"
"ENSG00000196188",662005719651474,180478085375336,2911617525356,619855059270771,370962467.733104,283387150983453,"CTSE","cathepsin E [Source:HGNC Symbol;Acc:HGNC:2530]","CTSE"
"ENSG00000233056",104015432252299,180598671183997,137486594110798,131357295125411,1.05946244398254e-07,0.000137011196773599,"ERVH48-1","endogenous retrovirus group 48 member 1, envelope [Source:HGNC Symbol;Acc:HGNC:17216]","ERVH48-1"
"ENSG00000224057",817327345316882,181558137163118,358478267245283,506469021283485,121320119268447,518042631923406,"EGFR-AS1","EGFR antisense RNA 1 [Source:HGNC Symbol;Acc:HGNC:40207]","EGFR-AS1"
"ENSG00000047457",164443135174248,183924692121673,439933321144934,418074020042413,116653580297506,339551940721277,"CP","ceruloplasmin [Source:HGNC Symbol;Acc:HGNC:2295]","CP"
"ENSG00000213886",400016117304084,184804280934429,200926628699402,919760024495842,978.943042768339,318630.563956665,"UBD","ubiquitin D [Source:HGNC Symbol;Acc:HGNC:18795]","UBD"
"ENSG00000170345",34586941230178,185094329241132,38788948052523,477183163076506,248095810377568,936810607268185,"FOS","Fos proto-oncogene, AP-1 transcription factor subunit [Source:HGNC Symbol;Acc:HGNC:3796]","FOS"
"ENSG00000179674",103125890419145,185517951383936,377637869121745,491258866107329,166249284450847,68252682425909,"ARL14","ADP ribosylation factor like GTPase 14 [Source:HGNC Symbol;Acc:HGNC:22974]","ARL14"
"ENSG00000153294",515468475137486,185633232264738,219736645611798,8447986986781,33601.6416026831,7604471.51520721,"ADGRF4","adhesion G protein-coupled receptor F4 [Source:HGNC Symbol;Acc:HGNC:19011]","ADGRF4"
"ENSG00000105048",287755804172063,185901670395561,28022726005519,66339609629323,6182577.1059754,6184285000.20357,"TNNT1","troponin T1, slow skeletal type [Source:HGNC Symbol;Acc:HGNC:11948]","TNNT1"
"ENSG00000026508",157999335070183,186362907022395,228224273584622,816577939301861,115078.999816272,23948336.6859036,"CD44","CD44 molecule (Indian blood group) [Source:HGNC Symbol;Acc:HGNC:1681]","CD44"
"ENSG00000166317",546657701385735,187082437821565,459460758574643,407178272203136,142474850526619,402419215098976,"SYNPO2L","synaptopodin 2 like [Source:HGNC Symbol;Acc:HGNC:23532]","SYNPO2L"
"ENSG00000111331",527333622272168,187434244166928,191277054741153,979909714840469,33.5819936832969,14476.2379913355,"OAS3","2'-5'-oligoadenylate synthetase 3 [Source:HGNC Symbol;Acc:HGNC:8088]","OAS3"
"ENSG00000288869",158350678879292,189122690424867,351321605685,53831784713644,3747785908.24034,192766090536055,"SMANTIS","SMARCA4 interacting SWI/SNF chromatin remodeling complex scaffold lncRNA [Source:HGNC Symbol;Acc:HGNC:54417]","SMANTIS"
"ENSG00000238178",103004149942991,189890354178389,340010666038927,558483521680609,1941838555.14629,109183189568086,"MAGEB17-AS1","MAGEB17 antisense RNA 1 [Source:HGNC Symbol;Acc:HGNC:56739]","MAGEB17-AS1"
"ENSG00000138623",117363541063387,189894003259233,183924701963079,103245513643595,1.41302652143968,852.761505688845,"SEMA7A","semaphorin 7A (John Milton Hagen blood group) [Source:HGNC Symbol;Acc:HGNC:10741]","SEMA7A"
"ENSG00000275620",399494497556695,193197113010287,228901718235299,844017749188278,19769.8692598935,5113335.47071959,"FLJ16779","uncharacterized LOC100192386 [Source:NCBI gene (formerly Entrezgene);Acc:100192386]","FLJ16779"
"ENSG00000078401",106605482120326,195135211119117,235233016075849,829540063611636,34177.6915590547,7639346.98366279,"EDN1","endothelin 1 [Source:HGNC Symbol;Acc:HGNC:3176]","EDN1"
"ENSG00000169429",112295931397171,195695166989722,345515976598272,566385291112759,1239287394.53979,753310468097534,"CXCL8","C-X-C motif chemokine ligand 8 [Source:HGNC Symbol;Acc:HGNC:6025]","CXCL8"
"ENSG00000130176",390851022927171,196297594142431,288310783620128,680854152167503,19446063.7547218,2163206052.13188,"CNN1","calponin 1 [Source:HGNC Symbol;Acc:HGNC:2155]","CNN1"
"ENSG00000176383",114352069290617,196633722301184,482504932220898,407526864846975,118694540310374,34438536094861,"B3GNT4","UDP-GlcNAc:betaGal beta-1,3-N-acetylglucosaminyltransferase 4 [Source:HGNC Symbol;Acc:HGNC:15683]","B3GNT4"
"ENSG00000163735",118685378558375,198593942426468,348315639086409,570155112608083,994725230.680318,628845439591613,"CXCL5","C-X-C motif chemokine ligand 5 [Source:HGNC Symbol;Acc:HGNC:10642]","CXCL5"
"ENSG00000171303",13164701960762,200166858764352,278226189470934,719439313549106,3382670.98527716,514649228.474311,"KCNK3","potassium two pore domain channel subfamily K member 3 [Source:HGNC Symbol;Acc:HGNC:6278]","KCNK3"
"ENSG00000174640",412602898459236,201007148327215,209115183632458,961226941227311,25.7573179518581,11957.3395261126,"SLCO2A1","solute carrier organic anion transporter family member 2A1 [Source:HGNC Symbol;Acc:HGNC:10955]","SLCO2A1"
"ENSG00000069482",161904290431361,201340627098452,363261734398931,55425773769318,1548871287.08464,898792136303443,"GAL","galanin and GMAP prepropeptide [Source:HGNC Symbol;Acc:HGNC:4114]","GAL"
"ENSG00000171551",120058437097699,204400153019333,32623488183522,62654291248529,110726712.357036,10333541892908,"ECEL1","endothelin converting enzyme like 1 [Source:HGNC Symbol;Acc:HGNC:3147]","ECEL1"
"ENSG00000162896",208854101302961,204638872454414,506459693814369,404057568556324,113183149711416,332120085174261,"PIGR","polymeric immunoglobulin receptor [Source:HGNC Symbol;Acc:HGNC:8968]","PIGR"
"ENSG00000143369",384567487524391,205092323774728,352603584927748,581651272254516,545034009.593613,384925884807541,"ECM1","extracellular matrix protein 1 [Source:HGNC Symbol;Acc:HGNC:3153]","ECM1"
"ENSG00000228741",244216754640371,205869064698473,466668645373757,441146125284658,418856727790434,146397703796251,"SPATA13","spermatogenesis associated 13 [Source:NCBI gene (formerly Entrezgene);Acc:221178]","SPATA13"
"ENSG00000134668",17465432328635,207681020482212,317278581056185,654569935956172,33511482.2423308,3548101672.49941,"SPOCD1","SPOC domain containing 1 [Source:HGNC Symbol;Acc:HGNC:26338]","SPOCD1"
"ENSG00000248599",15796285019763,207820515856512,532963887041213,389933578821338,153294187027557,423900585056139,"FLJ42969","uncharacterized LOC441374 [Source:NCBI gene (formerly Entrezgene);Acc:441374]","SLEAR"
"ENSG00000180861",105060867141406,209862349437689,445857131465837,470694163279901,168215324865518,683592261033206,"LINC01559","long intergenic non-protein coding RNA 1559 [Source:HGNC Symbol;Acc:HGNC:26598]","LINC01559"
"ENSG00000198729",109121132046616,209901961209755,409392290378186,51271596007793,4694997888.94387,230986241248176,"PPP1R14C","protein phosphatase 1 regulatory inhibitor subunit 14C [Source:HGNC Symbol;Acc:HGNC:14952]","PPP1R14C"
"ENSG00000134297",483421006162738,214853611147127,531802571532788,4040101019592,968239264409253,291195546214776,"PLEKHA8P1","pleckstrin homology domain containing A8 pseudogene 1 [Source:HGNC Symbol;Acc:HGNC:30222]","PLEKHA8P1"
"ENSG00000131746",402621940975407,221197659792022,539546155071712,409969856541044,754628647304435,238743766149429,"TNS4","tensin 4 [Source:HGNC Symbol;Acc:HGNC:24352]","TNS4"
"ENSG00000261272",221733317162872,221247195139535,548915115171844,403062675857034,905444008137881,274131501126026,"MUC22","mucin 22 [Source:HGNC Symbol;Acc:HGNC:39755]","MUC22"
"ENSG00000135925",190120240014617,222749168553621,5371749824468,414667800683889,650411315781135,210656473563819,"WNT10A","Wnt family member 10A [Source:HGNC Symbol;Acc:HGNC:13829]","WNT10A"
"ENSG00000176907",633242029613003,223547720360189,239658867620839,932774666672717,22.1959848909568,10575.2185908098,"TCIM","transcriptional and immune response regulator [Source:HGNC Symbol;Acc:HGNC:1357]","TCIM"
"ENSG00000165794",371363543036558,225355622748506,476647727900655,472792818589656,117108566057174,503622467568914,"SLC39A2","solute carrier family 39 member 2 [Source:HGNC Symbol;Acc:HGNC:17127]","SLC39A2"
"ENSG00000115008",836315471774559,225908987236408,308299288912314,73275870350989,579035.955904658,105893393.754079,"IL1A","interleukin 1 alpha [Source:HGNC Symbol;Acc:HGNC:5991]","IL1A"
"ENSG00000143595",803757584321895,235204778632367,299649906889054,784931926307763,31907.9108385872,731256.61485142,"AQP10","aquaporin 10 [Source:HGNC Symbol;Acc:HGNC:16029]","AQP10"
"ENSG00000101197",11406979746449,241180660918771,646302649774779,3731698469793,155118710457188,428113453174907,"BIRC7","baculoviral IAP repeat containing 7 [Source:HGNC Symbol;Acc:HGNC:13702]","BIRC7"
"ENSG00000105642",111812842084682,243678599376889,420793802291523,579092653099653,208528428.577832,179303365165605,"KCNN1","potassium calcium-activated channel subfamily N member 1 [Source:HGNC Symbol;Acc:HGNC:6290]","KCNN1"
"ENSG00000140519",233274905970804,248125557543658,44262334943148,560579458499781,379977891.960614,28784517715259,"RHCG","Rh family C glycoprotein [Source:HGNC Symbol;Acc:HGNC:18140]","RHCG"
"ENSG00000152463",828560572198404,257722369577279,381174920088325,67612625069236,2525172.61966163,394122847.232532,"OLAH","oleoyl-ACP hydrolase [Source:HGNC Symbol;Acc:HGNC:25625]","OLAH"
"ENSG00000231298",185172574549013,258430209832998,641540725915676,402827442426416,580023193041792,193457164892146,"MANCR","mitotically associated long non coding RNA [Source:HGNC Symbol;Acc:HGNC:44678]","MANCR"
"ENSG00000173432",68918964063263,259824367175327,500797303797942,518821417776959,139599445.92551,828671465075854,"SAA1","serum amyloid A1 [Source:HGNC Symbol;Acc:HGNC:10513]","SAA1"
"ENSG00000188015",591942769523337,260446921273531,322442698975879,807730868463591,3362.94737582278,982034.874826959,"S100A3","S100 calcium binding protein A3 [Source:HGNC Symbol;Acc:HGNC:10493]","S100A3"
"ENSG00000058085",8891280097112,261457209517192,210698175927518,124090874715088,5.29272722557606e-10,1.06472029354505e-06,"LAMC2","laminin subunit gamma 2 [Source:HGNC Symbol;Acc:HGNC:6493]","LAMC2"
"ENSG00000214357",380645765319795,262489547103553,263379492685516,996621052106647,0.0357854141908106,2.8169344518462,"NEURL1B","neuralized E3 ubiquitin protein ligase 1B [Source:HGNC Symbol;Acc:HGNC:35422]","NEURL1B"
"ENSG00000235385",30897164009797,265186106315575,498151366708699,532340417065735,781243888.256205,513621533534992,"LINC02154","long intergenic non-protein coding RNA 2154 [Source:HGNC Symbol;Acc:HGNC:53015]","LINC02154"
"ENSG00000132965",367921196107325,268580258966161,290652891641302,924058444591768,2.73212856582401,1545.78711513262,"ALOX5AP","arachidonate 5-lipoxygenase activating protein [Source:HGNC Symbol;Acc:HGNC:436]","ALOX5AP"
"ENSG00000235947",20317817630247,272793582287332,49802289321933,547753097300274,384642424.779855,288960626582543,"EGOT","eosinophil granule ontogeny transcript [Source:HGNC Symbol;Acc:HGNC:37129]","EGOT"
"ENSG00000212724",255984853800184,273739041685997,486150114586093,563075135586583,208964429.991398,179303365165605,"KRTAP2-3","keratin associated protein 2-3 [Source:HGNC Symbol;Acc:HGNC:18906]","KRTAP2-3"
"ENSG00000163218",224997025961283,273858990507469,509923373656076,537059104672806,566629609.041563,396093786552027,"PGLYRP4","peptidoglycan recognition protein 4 [Source:HGNC Symbol;Acc:HGNC:30015]","PGLYRP4"
"ENSG00000131668",13565405485123,275521482148413,680109084659122,405113662445058,457493141801085,158373103868234,"BARX1","BARX homeobox 1 [Source:HGNC Symbol;Acc:HGNC:955]","BARX1"
"ENSG00000271503",162130896715323,277036025929871,504346911340044,549296564925498,337248088.517613,264323664182311,"CCL5","C-C motif chemokine ligand 5 [Source:HGNC Symbol;Acc:HGNC:10632]","CCL5"
"ENSG00000227507",72929977367475,277662037717961,279227736960234,994392751739791,0.0177100251095586,14.5745456640254,"LTB","lymphotoxin beta [Source:HGNC Symbol;Acc:HGNC:6711]","LTB"
"ENSG00000123999",295821428790187,282595320511883,277582921401363,101805730368862,0.00266195585624244,2.40973553886347,"INHA","inhibin subunit alpha [Source:HGNC Symbol;Acc:HGNC:6065]","INHA"
"ENSG00000108691",944240337434853,288804830818435,337135320297052,856643648502826,70.3540832591317,28305.7928312573,"CCL2","C-C motif chemokine ligand 2 [Source:HGNC Symbol;Acc:HGNC:10618]","CCL2"
"ENSG00000070190",145932911925575,290784166805886,54597772794907,53259345925739,516525614.970517,368177018072489,"DAPP1","dual adaptor of phosphotyrosine and 3-phosphoinositides 1 [Source:HGNC Symbol;Acc:HGNC:16500]","DAPP1"
"ENSG00000248187",861635981918722,291804131470727,399774322259317,729922146629133,73093.1329747081,15568837.3236128,"None","novel transcript","LINC03140"
"ENSG00000197273",249222748906996,291962787857271,371681296737711,7855191811368,3758.70898225685,1072988.78519863,"GUCA2A","guanylate cyclase activator 2A [Source:HGNC Symbol;Acc:HGNC:4682]","GUCA2A"
"ENSG00000175793",186473272405462,294705221237497,371483515318759,793319781591437,2240.34207303713,676023.220538953,"SFN","stratifin [Source:HGNC Symbol;Acc:HGNC:10773]","SFN"
"ENSG00000130720",291739898375526,298617606716792,821920047385352,36331709838048,125492770884773,360642320137907,"FIBCD1","fibrinogen C domain containing 1 [Source:HGNC Symbol;Acc:HGNC:25922]","FIBCD1"
"ENSG00000049249",245383599795696,302634425277678,471753283215251,641509950317807,4272540.95473151,634052081.847655,"TNFRSF9","TNF receptor superfamily member 9 [Source:HGNC Symbol;Acc:HGNC:11924]","TNFRSF9"
"ENSG00000174792",251933534934154,310422695446544,381321509215587,814070772155267,426.120071259447,148363.536349083,"ODAPH","odontogenesis associated phosphoprotein [Source:HGNC Symbol;Acc:HGNC:26300]","ODAPH"
"ENSG00000137673",125114327147655,317596203991459,842951217738319,376767003010667,756912023031053,238743766149429,"MMP7","matrix metallopeptidase 7 [Source:HGNC Symbol;Acc:HGNC:7174]","MMP7"
"ENSG00000173077",395634162443781,319546396645216,431623990287402,740335115368453,21198.7564576948,518653.35900887,"DELEC1","deleted in esophageal cancer 1 [Source:HGNC Symbol;Acc:HGNC:23658]","DELEC1"
"ENSG00000166920",675082928497692,324332784312835,284136214328649,114146936559693,2.34138370551372e-08,3.53256266569383e-05,"C15orf48","chromosome 15 open reading frame 48 [Source:HGNC Symbol;Acc:HGNC:29898]","C15orf48"
"ENSG00000168619",21473312077892,328544467502129,518549598283249,633583496332528,3901915.41842014,588701488.754139,"ADAM18","ADAM metallopeptidase domain 18 [Source:HGNC Symbol;Acc:HGNC:196]","ADAM18"
"ENSG00000167851",32731361627177,330447694089284,526931925479172,627116479588492,5123883.29261463,736253230.260221,"CD300A","CD300a molecule [Source:HGNC Symbol;Acc:HGNC:19319]","CD300A"
"ENSG00000276070",210635500930358,336849353819028,681327788310048,494401314020293,127667667.17906,770474371425626,"CCL4L2","C-C motif chemokine ligand 4 like 2 [Source:HGNC Symbol;Acc:HGNC:24066]","CCL4L2"
"ENSG00000124875",193179055286534,344889965042985,932623979274641,369806023335608,795082600265052,246912015056583,"CXCL6","C-X-C motif chemokine ligand 6 [Source:HGNC Symbol;Acc:HGNC:10643]","CXCL6"
"ENSG00000041982",205080751168001,353012509525447,453217797589355,778902574883653,1148.30585556752,358449.612328448,"TNC","tenascin C [Source:HGNC Symbol;Acc:HGNC:5318]","TNC"
"ENSG00000163739",388004301838252,375062865791246,609486144945341,615375540365863,4819893.55019336,703743328.437506,"CXCL1","C-X-C motif chemokine ligand 1 [Source:HGNC Symbol;Acc:HGNC:4602]","CXCL1"
"ENSG00000232810",123120036466655,424503441726303,804117913895362,527911932305916,160356917.557918,142316764332653,"TNF","tumor necrosis factor [Source:HGNC Symbol;Acc:HGNC:11892]","TNF"
"ENSG00000276203",182452185313116,667614764491145,16315416489481,409192597027219,8216296795.63577,370962726895226,"ANKRD20A3P","ankyrin repeat domain 20 family member A3, pseudogene [Source:HGNC Symbol;Acc:HGNC:31981]","ANKRD20A3P"
"ENSG00000101236",799939267553502,775855364576229,878632105564325,883026422165526,845892368305856,260457165445196,"RNF24","ring finger protein 24 [Source:HGNC Symbol;Acc:HGNC:13779]","RNF24"
"ENSG00000196588",358890995241321,797899922873917,981904759153484,812604191430744,120707878967807,34910801097638,"MRTFA","myocardin related transcription factor A [Source:HGNC Symbol;Acc:HGNC:14334]","MRTFA"
"ENSG00000162434",107498567262708,811539867904859,983605413230438,825066492100255,769239591899621,241734686225134,"JAK1","Janus kinase 1 [Source:HGNC Symbol;Acc:HGNC:6190]","JAK1"
"ENSG00000099337",259570998012712,812791783734411,792444395807023,102567673900535,395391428.67803,200726421833878,"KCNK6","potassium two pore domain channel subfamily K member 6 [Source:HGNC Symbol;Acc:HGNC:6281]","KCNK6"
"ENSG00000174705",414753454895607,834606735880302,101023305477253,826152670354097,462870233578849,15962410626562,"SH3PXD2B","SH3 and PX domains 2B [Source:HGNC Symbol;Acc:HGNC:29242]","SH3PXD2B"
"ENSG00000145901",48100776083458,863117793665241,78729330122454,109631034878966,199185729.254901,174215092839216,"TNIP1","TNFAIP3 interacting protein 1 [Source:HGNC Symbol;Acc:HGNC:16903]","TNIP1"
"ENSG00000143179",166732954718628,880772363618223,117217218284682,751401864424998,580211215335186,193457164892146,"UCK2","uridine-cytidine kinase 2 [Source:HGNC Symbol;Acc:HGNC:12562]","UCK2"
"ENSG00000104341",325068905009363,881130925893848,889651468328683,990422606224838,917618013.554581,591226837558921,"LAPTM4B","lysosomal protein transmembrane 4 beta [Source:HGNC Symbol;Acc:HGNC:13646]","LAPTM4B"
"ENSG00000165868",23019951267931,889680215516172,880085268835601,101090229210775,476094331.134154,342051105761265,"HSPA12A","heat shock protein family A (Hsp70) member 12A [Source:HGNC Symbol;Acc:HGNC:19022]","HSPA12A"
"ENSG00000117525",509084665526518,918091367539788,129888946263281,706827943371595,643557769233133,208810276200105,"F3","coagulation factor III, tissue factor [Source:HGNC Symbol;Acc:HGNC:3541]","F3"
"ENSG00000128591",528750785080128,929704089803354,127091450580096,731523706401816,361031079322707,129992966509072,"FLNC","filamin C [Source:HGNC Symbol;Acc:HGNC:3756]","FLNC"
"ENSG00000196968",883954871069695,932546362340929,116779292830513,798554555125087,106127961205834,463446579510781,"FUT11","fucosyltransferase 11 [Source:HGNC Symbol;Acc:HGNC:19233]","FUT11"
"ENSG00000134333",415473097026298,936556746417132,118706401523949,788969031487472,117711292223683,505014916044974,"LDHA","lactate dehydrogenase A [Source:HGNC Symbol;Acc:HGNC:6535]","LDHA"
"ENSG00000096433",172706252380703,943448352917755,846451584416328,111459222274161,8076396.42410619,1037043668.49959,"ITPR3","inositol 1,4,5-trisphosphate receptor type 3 [Source:HGNC Symbol;Acc:HGNC:6182]","ITPR3"
"ENSG00000175567",821050823837372,950019589446981,117817105994567,806351150308167,6682177919.49329,312307483992049,"UCP2","uncoupling protein 2 [Source:HGNC Symbol;Acc:HGNC:12518]","UCP2"
"ENSG00000112379",523001824668088,951712409291645,123420346528211,771114679275433,126131786857765,537321412014078,"ARFGEF3","ARFGEF family member 3 [Source:HGNC Symbol;Acc:HGNC:21213]","ARFGEF3"
"ENSG00000116985",348505372939861,952488273741302,111612693819168,853387048685074,2516456435.29243,13600132465961,"BMP8B","bone morphogenetic protein 8b [Source:HGNC Symbol;Acc:HGNC:1075]","BMP8B"
"ENSG00000140416",308259273451036,952831335128969,155813668239346,611519737578682,182902555700037,48271877127539,"TPM1","tropomyosin 1 [Source:HGNC Symbol;Acc:HGNC:12010]","TPM1"
"ENSG00000180758",810672137316673,954997273982679,139015705609853,68697077772124,532077695855232,180061059503906,"GPR157","G protein-coupled receptor 157 [Source:HGNC Symbol;Acc:HGNC:23687]","GPR157"
"ENSG00000145779",207450181625191,956181207613026,115260761218303,829580854322161,3781865018.73737,193419960915932,"TNFAIP8","TNF alpha induced protein 8 [Source:HGNC Symbol;Acc:HGNC:17260]","TNFAIP8"
"ENSG00000066697",124395514305462,964797567157971,131817233447064,731920661607134,210883055340362,826415090246159,"MSANTD3","Myb/SANT DNA binding domain containing 3 [Source:HGNC Symbol;Acc:HGNC:23370]","MSANTD3"
"ENSG00000198455",110260084080924,972677521932852,138079321701896,704433878979213,309406442973499,113626848885095,"ZXDB","zinc finger X-linked duplicated B [Source:HGNC Symbol;Acc:HGNC:13199]","ZXDB"
"ENSG00000138119",212215019029634,976518397465591,162143673567654,602255010003916,164708163267457,447082653067063,"MYOF","myoferlin [Source:HGNC Symbol;Acc:HGNC:3656]","MYOF"
"ENSG00000140564",109934026602089,977721674767589,149694651285924,653144027771636,70815208744997,226922009615605,"FURIN","furin, paired basic amino acid cleaving enzyme [Source:HGNC Symbol;Acc:HGNC:8568]","FURIN"
"ENSG00000176720",168378768997031,984135427437932,149347511000505,65895669827039,594156544253604,196299347330502,"BOK","BCL2 family apoptosis regulator BOK [Source:HGNC Symbol;Acc:HGNC:1087]","BOK"
"ENSG00000149212",661280991652109,987373374959889,159161151096434,620360790405224,109881133660192,324006176696705,"SESN3","sestrin 3 [Source:HGNC Symbol;Acc:HGNC:23060]","SESN3"
"ENSG00000163975",652845551606558,997604238194294,114328226492873,872579124855476,673220995.026248,449766277304436,"MELTF","melanotransferrin [Source:HGNC Symbol;Acc:HGNC:7037]","MELTF"
