Name,DrugBank_Accession,Type,PageRank Score,Betweenness Score,Eigen Score,Cluster
"({[(3E)-2'-Oxo-2',7'-dihydro-2,3'-biindol-3(7H)-ylidene]amino}oxy)acetic acid",DB07949,drug,0.151371395,0,9.97E-12,54
(+)-2-(4-biphenyl)propionic acid,DB02047,drug,0.150507503,0,1.76E-12,49
(+)-Rutamarin alcohol,DB02205,drug,0.151930552,0,2.70E-12,10
"(1,10 Phenanthroline)-(Tri-Carbon Monoxide) Rhenium (I)",DB04100,drug,0.150574274,0,2.01E-11,39
"(1,2,6,7-3H)Testosterone",DB14093,drug,0.287633841,68.21460872,0.00123021,52
"(10R)-10-methyl-3-(6-methylpyridin-3-yl)-9,10,11,12-tetrahydro-8H-[1,4]diazepino[5',6':4,5]thieno[3,2-f]quinolin-8-one",DB07430,drug,0.150467318,0,8.50E-11,38
"(11S)-8-CHLORO-11-[1-(METHYLSULFONYL)PIPERIDIN-4-YL]-6-PIPERAZIN-1-YL-11H-BENZO[5,6]CYCLOHEPTA[1,2-B]PYRIDINE",DB07216,drug,0.150825394,0,1.23E-11,45
"(13R,15S)-13-METHYL-16-OXA-8,9,12,22,24-PENTAAZAHEXACYCLO[15.6.2.16,9.1,12,15.0,2,7.0,21,25]HEPTACOSA-1(24),2,4,6,17(25),18,20-HEPTAENE-23,26-DIONE",DB06888,drug,0.150398889,0,1.68E-10,50
"(17beta)-17-(cyanomethyl)-2-methoxyestra-1(10),2,4-trien-3-yl sulfamate",DB07596,drug,0.150737685,0,2.16E-12,41
"(1aR,8S,13S,14S,15aR)-5,13,14-trihydroxy-3-methoxy-8-methyl-8,9,13,14,15,15a-hexahydro-6H-oxireno[k][2]benzoxacyclotetradecine-6,12(1aH)-dione",DB07905,drug,0.150361149,0,2.52E-10,53
(1-Benzyl-5-methoxy-2-methyl-1H-indol-3-yl)acetic acid,DB03121,drug,0.151690709,0,3.05E-12,54
"(1E)-5-(1-piperidin-4-yl-3-pyridin-4-yl-1H-pyrazol-4-yl)-2,3-dihydro-1H-inden-1-one oxime",DB08553,drug,0.150472877,0,1.01E-10,10
(1H-indol-3-yl)-(2-mercapto-ethoxyimino)-acetic acid,DB03455,drug,0.150487281,0,6.61E-11,9
"(1-HYDROXYHEPTANE-1,1-DIYL)BIS(PHOSPHONIC ACID)",DB06830,drug,0.151125846,0,1.05E-11,50
"(1-HYDROXYNONANE-1,1-DIYL)BIS(PHOSPHONIC ACID)",DB06931,drug,0.151125846,0,1.05E-11,57
(1-Methyl-1h-Imidazol-2-Yl)-(3-Methyl-4-{3-[(Pyridin-3-Ylmethyl)-Amino]-Propoxy}-Benzofuran-2-Yl)-Methanone,DB03062,drug,0.151056819,0,1.84E-11,8
(1n)-4-N-Butoxyphenylsulfonyl-(2r)-N-Hydroxycarboxamido-(4s)-Methanesulfonylamino-Pyrrolidine,DB02367,drug,0.150507551,0,9.27E-12,15
"(1R)-1,2,2-trimethylpropyl (R)-methylphosphinate",DB07821,drug,0.151320538,0,2.43E-12,46
"(1R)-1-{[(4'-methoxy-1,1'-biphenyl-4-yl)sulfonyl]amino}-2-methylpropylphosphonic acid",DB07772,drug,0.150972307,0,5.29E-13,24
(1R)-2-[(CYANOMETHYL)AMINO]-1-({[2-(DIFLUOROMETHOXY)BENZYL]SULFONYL}METHYL)-2-OXOETHYL MORPHOLINE-4-CARBOXYLATE,DB08195,drug,0.152559466,0,2.30E-12,40
"(1R)-2-[(Diaminomethylene)amino]-1-{4-[(4R)-4-(hydroxymethyl)-1,3,2-dioxaborolan-2-yl]phenyl}ethyl nicotinate",DB07023,drug,0.150803843,0,3.07E-12,15
(1R)-2-amino-1-[3-(trifluoromethyl)phenyl]ethanol,DB08129,drug,0.151038323,0,5.46E-12,5
(1R)-menthyl hexyl phosphonate group,DB08200,drug,0.151051415,0,9.69E-13,13
"(1R)-N,6-DIHYDROXY-7-METHOXY-2-[(4-METHOXYPHENYL)SULFONYL]-1,2,3,4-TETRAHYDROISOQUINOLINE-1-CARBOXAMIDE",DB08170,drug,0.150834014,0,5.06E-12,21
"(1R,2R)-N-(2-Aminoethyl)-2-{[(4-methoxyphenyl)sulfonyl]methyl}cyclohexanecarboxamide",DB08287,drug,0.151079281,0,1.82E-12,21
"(1R,2R,3R,4S,5R)-4-(BENZYLAMINO)-5-(METHYLTHIO)CYCLOPENTANE-1,2,3-TRIOL",DB06984,drug,0.151911519,0,1.99E-12,32
"(1R,2R,3S,4R,6S)-3,4,6-Trihydroxy-5-{[(S)-hydroxy(3-hydroxy-2-oxopropoxy)phosphoryl]oxy}-1,2-cyclohexanediyl bis[dihydrogen (phosphate)]",DB02028,drug,0.152692008,0,3.46E-12,36
"(1R,2S)-2-Phenylcyclopropanaminium",DB02665,drug,0.151169173,0,2.36E-12,39
"(1'R,2'S)-9-(2-Hydroxy-3'-Keto-Cyclopenten-1-yl)Adenine",DB03216,drug,0.150662187,0,2.63E-11,31
"(1R,3R)-5-[(2E)-3-{(1S,3R)-2,2,3-trimethyl-3-[6,6,6-trifluoro-5-hydroxy-5-(trifluoromethyl)hex-3-yn-1-yl]cyclopentyl}prop-2-en-1-ylidene]cyclohexane-1,3-diol",DB07530,drug,0.150846869,0,2.29E-10,46
"(1S)-1-(1H-INDOL-3-YLMETHYL)-2-(2-PYRIDIN-4-YL-[1,7]NAPHTYRIDIN-5-YLOXY)-EHYLAMINE",DB07204,drug,0.15144982,0,2.44E-10,15
"(1S)-1-(3-chlorophenyl)-2-oxo-2-[(1,3,4-trioxo-1,2,3,4-tetrahydroisoquinolin-5-yl)amino]ethyl acetate",DB08498,drug,0.150390311,0,7.41E-11,9
"(1S)-1,2,3,4-TETRAHYDRO-BENZO[C]PHENANTHRENE-2,3,4-TRIOL",DB07479,drug,0.150846661,0,1.44E-11,50
"(1S)-1-{[(4'-methoxy-1,1'-biphenyl-4-yl)sulfonyl]amino}-2-methylpropylphosphonic acid",DB07713,drug,0.150972307,0,5.29E-13,36
"(1S)-1-CYCLOPROPYL-2-[(2S)-4-(2,5-DIFLUOROPHENYL)-2-PHENYL-2,5-DIHYDRO-1H-PYRROL-1-YL]-2-OXOETHANAMINE",DB08244,drug,0.150800905,0,2.26E-11,22
(1S)-2-(1H-INDOL-3-YL)-1-[({5-[(E)-2-PYRIDIN-4-YLVINYL]PYRIDIN-3-YL}OXY)METHYL]ETHYLAMINE,DB07107,drug,0.15144982,0,2.44E-10,5
"(1S)-2-[(2S,5R)-2-(AMINOMETHYL)-5-ETHYNYLPYRROLIDIN-1-YL]-1-CYCLOPENTYL-2-OXOETHANAMINE",DB07356,drug,0.150646997,0,2.26E-12,9
"(1S)-2-[(2S,5R)-2-(AMINOMETHYL)-5-PROP-1-YN-1-YLPYRROLIDIN-1-YL]-1-CYCLOPENTYL-2-OXOETHANAMINE",DB06880,drug,0.150646997,0,2.26E-12,27
"(1S)-2-oxo-1-phenyl-2-[(1,3,4-trioxo-1,2,3,4-tetrahydroisoquinolin-5-yl)amino]ethyl acetate",DB08497,drug,0.150390311,0,7.41E-11,6
(1S)-menthyl hexyl phosphonate group,DB08201,drug,0.151051415,0,9.69E-13,31
"(1S,2R,5S)-5-[3-(TRIFLUOROMETHYL)-5,6-DIHYDRO[1,2,4]TRIAZOLO[4,3-A]PYRAZIN-7(8H)-YL]-2-(2,4,5-TRIFLUOROPHENYL)CYCLOHEXANAMINE",DB07072,drug,0.150646997,0,2.26E-12,43
"(1S,2S,3R,4S,5S)-2,3,4-TRIHYDROXY-5-(HYDROXYMETHYL)CYCLOHEXYL (1E)-2-PHENYL-N-(SULFOOXY)ETHANIMIDOTHIOATE",DB04659,drug,0.151949978,0,3.08E-12,34
"(1S,2S,3R,6R)-4-(hydroxymethyl)-6-(octylamino)cyclohex-4-ene-1,2,3-triol",DB08321,drug,0.151911519,0,1.99E-12,46
"(1S,2S,5S)2-(4-GLUTARIDYLBENZYL)-5-PHENYL-1-CYCLOHEXANOL",DB07909,drug,0.15120152,0,1.46E-11,11
"(1S,3R,4S,5S,7S)-4-{[2-(4-METHOXYPHENOXY)-2-METHYLPROPANOYL]AMINO}ADAMANTANE-1-CARBOXAMIDE",DB08280,drug,0.152097189,0,1.30E-13,39
"(1S,3R,6S)-4-oxo-6-{4-[(2-phenylquinolin-4-yl)methoxy]phenyl}-5-azaspiro[2.4]heptane-1-carboxylic acid",DB07189,drug,0.150435305,0,7.17E-11,50
"(1S,3S,5S)-2-{(2S)-2-amino-2-[(1R,3S,5R,7S)-3-hydroxytricyclo[3.3.1.1~3,7~]dec-1-yl]acetyl}-2-azabicyclo[3.1.0]hexane-3-carbonitrile",DB07465,drug,0.150646997,0,2.26E-12,46
"(1S,4R,9S)-5-(trifluoromethyl)-1,2,3,4-tetrahydro-1,4-methanonaphthalen-9-amine",DB08128,drug,0.151038323,0,5.46E-12,50
"(1S,5S,7R)-N~7~-(BIPHENYL-4-YLMETHYL)-N~3~-HYDROXY-6,8-DIOXA-3-AZABICYCLO[3.2.1]OCTANE-3,7-DICARBOXAMIDE",DB07026,drug,0.150953031,0,1.33E-12,41
"(1S,7S,8S,8AR)-1,2,3,7,8,8A-HEXAHYDRO-7-METHYL-8-[2-[(2R,4R)-TETRAHYDRO-4-HY DROXY-6-OXO-2H-PYRAN-2-YL]ETHYL]-1-NAPHTHALENOL",DB08224,drug,0.151320538,0,2.43E-12,22
(1Z)-4-(4-FLUOROPHENYL)-2-METHYLIDENEBUTAN-1-IMINE,DB08176,drug,0.151197857,0,8.39E-12,57
"(2,2-DIPHOSPHONOETHYL)(DODECYL)DIMETHYLPHOSPHONIUM",DB07221,drug,0.151125846,0,1.05E-11,9
(2-{[(4-BROMO-2-FLUOROBENZYL)AMINO]CARBONYL}-5-CHLOROPHENOXY)ACETIC ACID,DB07028,drug,0.152372549,0,6.88E-12,47
"(20S)-19,20,21,22-TETRAHYDRO-19-OXO-5H-18,20-ETHANO-12,14-ETHENO-6,10-METHENO-18H-BENZ[D]IMIDAZO[4,3-K][1,6,9,12]OXATRIAZA-CYCLOOCTADECOSINE-9-CARBONITRILE",DB08674,drug,0.150825394,0,1.23E-11,54
"(20S)-19,20,22,23-TETRAHYDRO-19-OXO-5H,21H-18,20-ETHANO-12,14-ETHENO-6,10-METHENOBENZ[D]IMIDAZO[4,3-L][1,6,9,13]OXATRIAZACYCLONOADECOSINE-9-CARBONITRILE",DB08676,drug,0.150825394,0,1.23E-11,54
"(21S)-1AZA-4,4-DIMETHYL-6,19-DIOXA-2,3,7,20-TETRAOXOBICYCLO[19.4.0] PENTACOSANE",DB08520,drug,0.15047917,0,6.38E-11,22
(2-AMINO-3-PHENYL-BICYCLO[2.2.1]HEPT-2-YL)-PHENYL-METHANONE,DB07883,drug,0.150607374,0,7.62E-12,51
(2-BROMOETHYL)(2-'FORMYL-4'-AMINOPHENYL) ACETATE,DB07955,drug,0.151403962,0,4.19E-12,8
(2-CARBAMOYLMETHYL-5-PROPYL-OCTAHYDRO-INDOL-7-YL)ACETIC ACID,DB07958,drug,0.157997492,0,9.42E-13,38
(2E)-1-[2-hydroxy-4-methoxy-5-(3-methylbut-2-en-1-yl)phenyl]-3-(4-hydroxyphenyl)prop-2-en-1-one,DB07500,drug,0.157997492,0,9.42E-13,45
(2E)-3-(2-OCT-1-YN-1-YLPHENYL)ACRYLIC ACID,DB08492,drug,0.156113417,0,6.36E-13,9
"(2E)-3-(3,4-DIHYDROXYPHENYL)-2-IMINOPROPANOIC ACID",DB07979,drug,0.151316315,0,3.07E-12,45
(2E)-N-{4-[(3-bromophenyl)amino]quinazolin-6-yl}-4-(dimethylamino)but-2-enamide,DB08564,drug,0.150381611,0,2.42E-10,5
(2E)-N-hydroxy-3-[1-methyl-4-(phenylacetyl)-1H-pyrrol-2-yl]prop-2-enamide,DB07350,drug,0.150633124,0,1.50E-11,24
"(2E,3S)-3-hydroxy-5'-[(4-hydroxypiperidin-1-yl)sulfonyl]-3-methyl-1,3-dihydro-2,3'-biindol-2'(1'H)-one",DB03583,drug,0.150398889,0,1.68E-10,31
"(2E,4E)-11-METHOXY-3,7,11-TRIMETHYLDODECA-2,4-DIENOIC ACID",DB08175,drug,0.151684596,0,1.72E-10,40
(2R)-({4-[AMINO(IMINO)METHYL]PHENYL}AMINO){5-ETHOXY-2-FLUORO-3-[(3R)-TETRAHYDROFURAN-3-YLOXY]PHENYL}ACETICACID,DB04590,drug,0.153164323,0,4.21E-13,21
"(2R)-1-(2,6-dimethylphenoxy)propan-2-amine",DB07129,drug,0.15066403,0,6.70E-12,13
(2R)-1-(DIMETHYLAMINO)-3-{4-[(6-{[2-FLUORO-5-(TRIFLUOROMETHYL)PHENYL]AMINO}PYRIMIDIN-4-YL)AMINO]PHENOXY}PROPAN-2-OL,DB07054,drug,0.150398889,0,1.68E-10,53
(2R)-1-[(4-tert-butylphenyl)sulfonyl]-2-methyl-4-(4-nitrophenyl)piperazine,DB07049,drug,0.152097189,0,1.30E-13,51
"(2R)-1-[(5,6-DIPHENYL-7H-PYRROLO[2,3-D]PYRIMIDIN-4-YL)AMINO]PROPAN-2-OL",DB07647,drug,0.150468148,0,8.93E-11,9
"(2R)-1-[4-({4-[(2,5-Dichlorophenyl)amino]-2-pyrimidinyl}amino)phenoxy]-3-(dimethylamino)-2-propanol",DB07750,drug,0.150398889,0,1.68E-10,40
"(2R)-1-[4-({6-[(2,6-Difluorophenyl)amino]-4-pyrimidinyl}amino)phenoxy]-3-(dimethylamino)-2-propanol",DB07761,drug,0.150398889,0,1.68E-10,38
(2R)-1-{4-[(4-Anilino-5-bromo-2-pyrimidinyl)amino]phenoxy}-3-(dimethylamino)-2-propanol,DB07504,drug,0.150398889,0,1.68E-10,50
(2R)-2-({6-[benzyl(methyl)amino]-9-isopropyl-9H-purin-2-yl}amino)butan-1-ol,DB04776,drug,0.157594124,0,7.31E-12,38
(2R)-2-({9-(1-methylethyl)-6-[(4-pyridin-2-ylbenzyl)amino]-9H-purin-2-yl}amino)butan-1-ol,DB08463,drug,0.150398889,0,1.68E-10,24
(2R)-2-(3-Biphenylyl)-N-{(2R)-2-hydroxy-3-[(2-pyridinylsulfonyl)amino]propyl}-4-methylpentanamide,DB04244,drug,0.151079281,0,1.82E-12,11
(2R)-2-(4-chlorophenyl)-2-[4-(1H-pyrazol-4-yl)phenyl]ethanamine,DB07857,drug,0.15144982,0,2.44E-10,10
(2R)-2-(4-CHLOROPHENYL)-2-PHENYLETHANAMINE,DB07860,drug,0.15144982,0,2.44E-10,36
(2R)-2-(5-CHLORO-2-THIENYL)-N-{(3S)-1-[(1S)-1-METHYL-2-MORPHOLIN-4-YL-2-OXOETHYL]-2-OXOPYRROLIDIN-3-YL}PROPENE-1-SULFONAMIDE,DB07211,drug,0.15116756,0,1.37E-11,41
"(2R)-2-{[4-(benzylamino)-8-(1-methylethyl)pyrazolo[1,5-a][1,3,5]triazin-2-yl]amino}butan-1-ol",DB08285,drug,0.150398889,0,1.68E-10,53
(2R)-2-Acetamido-3-(octadecyloxy)propyl 2-(methylsulfanyl)ethyl hydrogen phosphate,DB04112,drug,0.151690709,0,3.05E-12,22
"(2R)-2-AMINO-3,3,3-TRIFLUORO-N-HYDROXY-2-{[(4-PHENOXYPHENYL)SULFONYL]METHYL}PROPANAMIDE",DB07246,drug,0.150449542,0,2.12E-11,21
(2R)-2-benzyl-3-nitropropanoic acid,DB06924,drug,0.153878165,0,2.90E-13,43
"(2R)-3-{[(4Z)-5,6-DIPHENYL-6,7-DIHYDRO-4H-PYRROLO[2,3-D]PYRIMIDIN-4-YLIDENE]AMINO}PROPANE-1,2-DIOL",DB07648,drug,0.150468148,0,8.93E-11,47
(2R)-3-{[(BENZYLAMINO)CARBONYL]AMINO}-2-HYDROXYPROPANOIC ACID,DB08007,drug,0.151403962,0,4.19E-12,53
"(2R)-3-{[{[(2S)-2,3-DIHYDROXYPROPYL]OXY}(HYDROXY)PHOSPHORYL]OXY}-2-[(9E)-HEXADEC-9-ENOYLOXY]PROPYL (9E)-OCTADEC-9-ENOATE",DB04683,drug,0.150530985,0,3.71E-11,12
(2R)-3-Methyl-1-phenyl-2-butanyl [(2S)-1-oxo-2-hexanyl]carbamate,DB07592,drug,0.151079281,0,1.82E-12,51
"(2R)-4-(2-BENZOYL-1,2-DIAZEPAN-1-YL)-4-OXO-1-(2,4,5-TRIFLUOROPHENYL)BUTAN-2-AMINE",DB08051,drug,0.150646997,0,2.26E-12,5
"(2R)-4,4-dihydroxy-5-nitro-2-(phenylmethyl)pentanoic acid",DB07484,drug,0.153878165,0,2.90E-13,36
"(2R)-4-[(8R)-8-METHYL-2-(TRIFLUOROMETHYL)-5,6-DIHYDRO[1,2,4]TRIAZOLO[1,5-A]PYRAZIN-7(8H)-YL]-4-OXO-1-(2,4,5-TRIFLUOROPHENYL)BUTAN-2-AMINE",DB07081,drug,0.150646997,0,2.26E-12,15
(2R)-N-[(2R)-2-(DIHYDROXYBORYL)-1-L-PROLYLPYRROLIDIN-2-YL]-N-[(5R)-5-(DIHYDROXYBORYL)-1-L-PROLYLPYRROLIDIN-2-YL]-L-PROLINAMIDE,DB07482,drug,0.150646997,0,2.26E-12,6
"(2R)-N-{4-[Ethyl(phenyl)sulfamoyl]-2-methylphenyl}-3,3,3-trifluoro-2-hydroxy-2-methylpropanamide",DB08609,drug,0.151132531,0,1.43E-11,50
"(2R)-N~4~-hydroxy-2-(3-hydroxybenzyl)-N~1~-[(1S,2R)-2-hydroxy-2,3-dihydro-1H-inden-1-yl]butanediamide",DB06837,drug,0.15365885,0,3.50E-14,31
(2R)-N-HYDROXY-2-[(3S)-3-METHYL-3-{4-[(2-METHYLQUINOLIN-4-YL)METHOXY]PHENYL}-2-OXOPYRROLIDIN-1-YL]PROPANAMIDE,DB07145,drug,0.150435305,0,7.17E-11,27
"(2R,3R)-2,3-Dihydroxy-4-oxo-4-(propylamino)butanoic acid",DB03390,drug,0.159473409,0,2.04E-12,11
"(2R,3R)-7-(methylsulfonyl)-3-(2,4,5-trifluorophenyl)-1,2,3,4-tetrahydropyrido[1,2-a]benzimidazol-2-amine",DB07193,drug,0.150646997,0,2.26E-12,31
"(2R,3R)-N^1^-[(1S)-2,2-DIMETHYL-1-(METHYLCARBAMOYL)PROPYL]-N^4^-HYDROXY-2-(2-METHYLPROPYL)-3-{[(1,3-THIAZOL-2-YLCARBONYL)AMINO]METHYL}BUTANEDIAMIDE",DB08733,drug,0.152784008,0,5.44E-14,57
"(2R,3R,4R,5S)-2-(HYDROXYMETHYL)-1-NONYLPIPERIDINE-3,4,5-TRIOL",DB08283,drug,0.150662688,0,2.48E-11,6
"(2R,3R,4S)-3-(4-HYDROXYPHENYL)-4-METHYL-2-[4-(2-PYRROLIDIN-1-YLETHOXY)PHENYL]CHROMAN-6-OL",DB07567,drug,0.150379934,0,3.14E-10,53
"(2R,3R,4S,5R)-2-[6-amino-8-[(3,4-dichlorophenyl)methylamino]purin-9-yl]-5-(hydroxymethyl)oxolane-3,4-diol",DB07045,drug,0.150968471,0,1.89E-10,6
"(2R,3R,4S,5R)-2-acetamido-3,4-dihydroxy-5-hydroxymethyl-piperidine",DB03861,drug,0.150955795,0,3.27E-12,49
"(2R,3R,4S,5R,6E)-3,4,5-Trihydroxy-N-[(3S,6R)-6-hydroxy-2-oxo-3-azepanyl]-2-methoxy-8,8-dimethyl-6-nonenamide",DB03396,drug,0.150855746,0,1.29E-11,43
"(2R,6S)-6-{[methyl(3,4,5-trimethoxyphenyl)amino]methyl}-1,2,5,6,7,8-hexahydroquinazoline-2,4-diamine",DB08642,drug,0.150741985,0,1.66E-11,5
(2S) N-acetyl-L-alanyl-?L-phenylalanyl-chloroethylketone,DB07899,drug,0.152424093,0,2.58E-13,8
(2S)-1-(1H-INDOL-3-YL)-3-{[5-(3-METHYL-1H-INDAZOL-5-YL)PYRIDIN-3-YL]OXY}PROPAN-2-AMINE,DB08073,drug,0.152321751,0,5.38E-10,41
"(2S)-1-(2,5-dimethylphenoxy)-3-morpholin-4-ylpropan-2-ol",DB07573,drug,0.150690725,0,1.94E-11,8
(2S)-1-(3H-Indol-3-yl)-3-{[5-(6-isoquinolinyl)-3-pyridinyl]oxy}-2-propanamine,DB06959,drug,0.15144982,0,2.44E-10,57
"(2S)-1-(6H-INDOL-3-YL)-3-{[5-(7H-PYRAZOLO[3,4-C]PYRIDIN-5-YL)PYRIDIN-3-YL]OXY}PROPAN-2-AMINE",DB07124,drug,0.150622066,0,2.35E-10,27
"(2S)-1-(Dimethylamino)-3-(4-{[4-(2-methylimidazo[1,2-a]pyridin-3-yl)-2-pyrimidinyl]amino}phenoxy)-2-propanol",DB07889,drug,0.150398889,0,1.68E-10,12
"(2S)-1,3-benzothiazol-2-yl{2-[(2-pyridin-3-ylethyl)amino]pyrimidin-4-yl}ethanenitrile",DB08022,drug,0.150455891,0,6.96E-11,24
"(2S)-1-[4-({4-[(2,5-Dichlorophenyl)amino]-2-pyrimidinyl}amino)phenoxy]-3-(dimethylamino)-2-propanol",DB07755,drug,0.150398889,0,1.68E-10,6
"(2S)-1-[4-({6-[(2,6-Difluorophenyl)amino]-4-pyrimidinyl}amino)phenoxy]-3-(dimethylamino)-2-propanol",DB07751,drug,0.150398889,0,1.68E-10,11
(2S)-1-{[5-(1H-Indazol-5-yl)-3-pyridinyl]oxy}-3-(7aH-indol-3-yl)-2-propanamine,DB06977,drug,0.150622066,0,2.35E-10,50
(2S)-1-{4-[(4-Anilino-5-bromo-2-pyrimidinyl)amino]phenoxy}-3-(dimethylamino)-2-propanol,DB07501,drug,0.150398889,0,1.68E-10,57
(2S)-1-AMINO-3-[(5-NITROQUINOLIN-8-YL)AMINO]PROPAN-2-OL,DB07037,drug,0.150468148,0,8.93E-11,41
(2S)-2-({6-[(3-Amino-5-chlorophenyl)amino]-9-isopropyl-9H-purin-2-yl}amino)-3-methyl-1-butanol,DB07379,drug,0.150442432,0,8.88E-11,24
(2S)-2-(1H-indol-3-yl)hexanoic acid,DB06980,drug,0.150565038,0,6.36E-11,8
(2S)-2-(1H-indol-3-yl)pentanoic acid,DB06981,drug,0.150565038,0,6.36E-11,41
"(2S)-2-(3-bromophenyl)-3-(5-chloro-2-hydroxyphenyl)-1,3-thiazolidin-4-one",DB08236,drug,0.15049883,0,4.83E-11,54
(2S)-2-(4-chlorophenoxy)-3-phenylpropanoic acid,DB08760,drug,0.150346583,0,1.45E-10,53
(2S)-2-(4-chlorophenyl)-2-[4-(1H-pyrazol-4-yl)phenyl]ethanamine,DB07858,drug,0.15144982,0,2.44E-10,43
(2S)-2-(4-ethylphenoxy)-3-phenylpropanoic acid,DB07842,drug,0.150346583,0,1.45E-10,34
(2S)-2-(biphenyl-4-yloxy)-3-phenylpropanoic acid,DB08121,drug,0.150346583,0,1.45E-10,31
(2S)-2-(BUTYRYLOXY)-3-HYDROXYPROPYL NONANOATE,DB07416,drug,0.150594146,0,6.94E-12,45
"(2S)-2-{[3-(3-aminophenyl)imidazo[1,2-b]pyridazin-6-yl]amino}-3-methylbutan-1-ol",DB08004,drug,0.155462837,0,2.25E-11,32
(2S)-2-{[HYDROXY(4-IODOBENZYL)PHOSPHORYL]METHYL}PENTANEDIOIC ACID,DB06928,drug,0.151003001,0,5.15E-12,24
(2S)-2-{3-[({[2-fluoro-4-(trifluoromethyl)phenyl]carbonyl}amino)methyl]-4-methoxybenzyl}butanoic acid,DB07070,drug,0.150435126,0,9.13E-11,5
(2S)-2-amino-5-oxo-5-[(4-phenylmethoxyphenyl)amino]pentanoic acid,DB07102,drug,0.150779115,0,1.42E-11,31
"(2S)-2-Ammonio-3-[5-(2-methyl-2-propanyl)-3-oxido-1,2-oxazol-4-yl]propanoate",DB03319,drug,0.150598902,0,4.25E-11,31
(2S)-2-ETHOXY-3-{4-[2-(10H-PHENOXAZIN-10-YL)ETHOXY]PHENYL}PROPANOIC ACID,DB07675,drug,0.150346583,0,1.45E-10,45
(2S)-2-hydroxy-2-methyl-N-[4-nitro-3-(trifluoromethyl)phenyl]-3-(pentafluorophenoxy)propanamide,DB07422,drug,0.150367355,0,3.66E-10,54
(2S)-2-HYDROXYOCTANOIC ACID,DB07907,drug,0.158586554,0,3.54E-13,24
"(2S)-2-methyl-2,3-dihydrothieno[2,3-f][1,4]oxazepin-5-amine",DB07003,drug,0.150386779,0,7.19E-11,32
"(2S)-3-(1-{[2-(2-CHLOROPHENYL)-5-METHYL-1,3-OXAZOL-4-YL]METHYL}-1H-INDOL-5-YL)-2-ETHOXYPROPANOIC ACID",DB06908,drug,0.150769976,0,2.66E-10,12
(2S)-3-[(9H-fluoren-9-ylideneamino)oxy]-2-methylpropanoic acid,DB07201,drug,0.150550616,0,1.84E-11,34
(2S)-3-[(R)-[(1S)-1-amino-3-phenylpropyl](hydroxy)phosphoryl]-2-benzylpropanoic acid,DB07448,drug,0.150945265,0,1.40E-11,19
"(2S)-4-(2,5-DIFLUOROPHENYL)-N,N-DIMETHYL-2-PHENYL-2,5-DIHYDRO-1H-PYRROLE-1-CARBOXAMIDE",DB08246,drug,0.150800905,0,2.26E-11,10
"(2S)-4-(2,5-DIFLUOROPHENYL)-N-METHYL-2-PHENYL-N-PIPERIDIN-4-YL-2,5-DIHYDRO-1H-PYRROLE-1-CARBOXAMIDE",DB08239,drug,0.150800905,0,2.26E-11,6
(2S)-4-(4-fluorobenzyl)-N-(2-sulfanylethyl)piperazine-2-carboxamide,DB07736,drug,0.150690725,0,1.94E-11,22
(2S)-4-(4-fluorobenzyl)-N-(3-sulfanylpropyl)piperazine-2-carboxamide,DB07737,drug,0.150690725,0,1.94E-11,57
(2S)-4-METHYL-2-(3-PHENYLTHIOUREIDO)-N-((3S)-TETRAHYDRO-2-HYDROXY-3-FURANYL)PENTANAMIDE,DB07627,drug,0.15061366,0,3.03E-11,21
"(2S)-6-(2,4-DIAMINO-6-ETHYLPYRIMIDIN-5-YL)-2-(3,5-DIFLUOROPHENYL)-4-(3-METHOXYPROPYL)-2H-1,4-BENZOXAZIN-3(4H)-ONE",DB07113,drug,0.1513182,0,3.93E-13,43
(2S)-8-[(tert-butoxycarbonyl)amino]-2-(1H-indol-3-yl)octanoic acid,DB06982,drug,0.150565038,0,6.36E-11,55
(2S)-N-(4-cyano-3-iodophenyl)-3-(4-cyanophenoxy)-2-hydroxy-2-methylpropanamide,DB07039,drug,0.150367355,0,3.66E-10,22
(2S)-N-[(3E)-5-Cyclopropyl-3H-pyrazol-3-ylidene]-2-[4-(2-oxo-1-imidazolidinyl)phenyl]propanamide,DB07137,drug,0.150398889,0,1.68E-10,43
"(2S)-N-[(3S)-1-(2-AMINO-2-OXOETHYL)-2-OXO-1,2,3,4-TETRAHYDROQUINOLIN-3-YL]-2-CHLORO-2H-THIENO[2,3-B]PYRROLE-5-CARBOXAMIDE",DB07793,drug,0.151371395,0,9.97E-12,6
(2s)-Pyrrolidin-2-Ylmethylamine,DB03253,drug,0.150646997,0,2.26E-12,47
"(2S,3R)-2-[[4-(Tert-butylcarbamoyl)piperazine-1-carbonyl]amino]-6-(diaminomethylideneamino)-3-formylhexanoic acid",DB03417,drug,0.151169173,0,2.36E-12,9
"(2S,3R)-3-(6-amino-9H-purin-9-yl)nonan-2-ol",DB07711,drug,0.150722404,0,2.72E-11,31
"(2s,3r)-3-Amino-2-Hydroxy-5-(Ethylsulfanyl)Pentanoyl-((S)-(-)-(1-Naphthyl)Ethyl)Amide",DB04108,drug,0.150855746,0,1.29E-11,27
"(2S,3R,4S,5S)-3,4-Dihydroxy-2-[(methylsulfanyl)methyl]-5-(4-oxo-4,5-dihydro-1H-pyrrolo[3,2-d]pyrimidin-7-yl)pyrrolidinium",DB03881,drug,0.150792162,0,1.80E-11,43
"(2S,3S)-3-{3-[2-chloro-4-(methylsulfonyl)phenyl]-1,2,4-oxadiazol-5-yl}-1-cyclopentylidene-4-cyclopropyl-1-fluorobutan-2-amine",DB06994,drug,0.150646997,0,2.26E-12,12
"(2S,3S)-3-{3-[4-(METHYLSULFONYL)PHENYL]-1,2,4-OXADIAZOL-5-YL}-1-OXO-1-PYRROLIDIN-1-YLBUTAN-2-AMINE",DB07067,drug,0.150646997,0,2.26E-12,50
"(2S,3S)-3-AMINO-4-(3,3-DIFLUOROPYRROLIDIN-1-YL)-N,N-DIMETHYL-4-OXO-2-(TRANS-4-[1,2,4]TRIAZOLO[1,5-A]PYRIDIN-6-YLCYCLOHEXYL)BUTANAMIDE",DB07092,drug,0.150646997,0,2.26E-12,10
"(2S,3S)-3-AMINO-4-[(3S)-3-FLUOROPYRROLIDIN-1-YL]-N,N-DIMETHYL-4-OXO-2-(TRANS-4-[1,2,4]TRIAZOLO[1,5-A]PYRIDIN-5-YLCYCLOHEXYL)BUTANAMIDE",DB07135,drug,0.150646997,0,2.26E-12,51
"(2S,3S)-3-FORMYL-2-({[(4-METHYLPHENYL)SULFONYL]AMINO}METHYL)PENTANOIC ACID",DB08640,drug,0.151403962,0,4.19E-12,57
"(2S,3S)-3-FORMYL-2-({[(4-NITROPHENYL)SULFONYL]AMINO}METHYL)PENTANOIC ACID",DB08641,drug,0.151403962,0,4.19E-12,27
"(2S,3S)-4-cyclopropyl-3-{(3R,5R)-3-[2-fluoro-4-(methylsulfonyl)phenyl]-1,2,4-oxadiazolidin-5-yl}-1-[(3S)-3-fluoropyrrolidin-1-yl]-1-oxobutan-2-amine",DB06993,drug,0.150646997,0,2.26E-12,43
"(2S,3S,4E,6E,8S,9S)-3-amino-9-methoxy-2,6,8-trimethyl-10-phenyldeca-4,6-dienoic acid",DB06905,drug,0.150953486,0,2.40E-10,19
"(2S,3S,4R,5S)-2-(4-Amino-4,5-dihydro-1H-pyrrolo[3,2-d]pyrimidin-7-yl)-5-[(methylsulfanyl)methyl]-3,4-pyrrolidinediol",DB02158,drug,0.150887855,0,1.24E-11,43
"(2Z)-2-cyano-N-(2,2'-dichlorobiphenyl-4-yl)-3-hydroxybut-2-enamide",DB07559,drug,0.151682742,0,1.73E-12,53
(2Z)-2-cyano-N-(3'-ethoxybiphenyl-4-yl)-3-hydroxybut-2-enamide,DB07561,drug,0.151682742,0,1.73E-12,12
(2Z)-N-(3-chloro-2'-methoxybiphenyl-4-yl)-2-cyano-3-hydroxybut-2-enamide,DB08172,drug,0.151682742,0,1.73E-12,15
(2Z)-N-biphenyl-4-yl-2-cyano-3-cyclopropyl-3-hydroxyprop-2-enamide,DB08169,drug,0.151682742,0,1.73E-12,53
(2Z)-N-biphenyl-4-yl-2-cyano-3-hydroxybut-2-enamide,DB07443,drug,0.151682742,0,1.73E-12,36
"(2Z,3E)-2,3'-biindole-2',3(1H,1'H)-dione 3-{O-[(3R)-3,4-dihydroxybutyl]oxime}",DB07766,drug,0.151060838,0,8.51E-11,5
"(3,3-dimethylpiperidin-1-yl)(6-(3-fluoro-4-methylphenyl)pyridin-2-yl)methanone",DB06992,drug,0.152097189,0,1.30E-13,21
"(3,4,5-Trihydroxy-6-Hydroxymethyl-Tetrahydro-Pyran-2-Yl)-Phosphoramidic Acid Dimethyl Ester",DB03392,drug,0.151371395,0,9.97E-12,11
"(3,4,8b-Trimethyl-3-oxido-2,3a-dihydro-1H-pyrrolo[2,3-b]indol-3-ium-7-yl) N-(2-ethylphenyl)carbamate",DB07846,drug,0.150619892,0,6.53E-12,13
"(3,4-DIHYDROXY-2-NITROPHENYL)(PHENYL)METHANONE",DB07462,drug,0.150663632,0,3.55E-11,40
"(3AALPHA,4ALPHA,7ALPHA,7AALPHA)- 3A,4,7,7A-TETRAHYDRO-2-(4-NITRO-1-NAPHTHALENYL)-4,7-ETHANO-1H-ISOINDOLE-1,3(2H)-DIONE",DB04709,drug,0.150367355,0,3.66E-10,50
"(3AR,6R,6AS)-6-((S)-((S)-CYCLOHEX-2-ENYL)(HYDROXY)METHYL)-6A-METHYL-4-OXO-HEXAHYDRO-2H-FURO[3,2-C]PYRROLE-6-CARBALDEHYDE",DB08515,drug,0.160524102,0,4.98E-10,5
"(3aS)-3a-hydroxy-1-phenyl-1,2,3,3a-tetrahydro-4H-pyrrolo[2,3-b]quinolin-4-one",DB07470,drug,0.15095802,0,1.38E-11,8
"(3aS)-3a-hydroxy-5-methyl-1-phenyl-1,2,3,3a-tetrahydro-4H-pyrrolo[2,3-b]quinolin-4-one",DB07468,drug,0.15095802,0,1.38E-11,46
"(3aS)-3a-hydroxy-7-methyl-1-phenyl-1,2,3,3a-tetrahydro-4H-pyrrolo[2,3-b]quinolin-4-one",DB07469,drug,0.15095802,0,1.38E-11,22
"(3AS,4R,9BR)-2,2-DIFLUORO-4-(4-HYDROXYPHENYL)-1,2,3,3A,4,9B-HEXAHYDROCYCLOPENTA[C]CHROMEN-8-OL",DB07638,drug,0.150810097,0,4.43E-10,49
"(3aS,4R,9bR)-2,2-difluoro-4-(4-hydroxyphenyl)-6-(methoxymethyl)-1,2,3,3a,4,9b-hexahydrocyclopenta[c]chromen-8-ol",DB07036,drug,0.150430163,0,1.30E-10,12
"(3AS,4R,9BR)-4-(4-HYDROXYPHENYL)-1,2,3,3A,4,9B-HEXAHYDROCYCLOPENTA[C]CHROMEN-9-OL",DB08737,drug,0.150379934,0,3.14E-10,5
"(3AS,4R,9BR)-4-(4-HYDROXYPHENYL)-6-(METHOXYMETHYL)-1,2,3,3A,4,9B-HEXAHYDROCYCLOPENTA[C]CHROMEN-8-OL",DB08020,drug,0.150810097,0,4.43E-10,38
"(3ASR,4RS,8ASR,8BRS)-4-(2-(4-FLUOROBENZYL)-1,3-DIOXODEACAHYDROPYRROLO[3,4-A] PYRROLIZIN-4-YL)BENZAMIDINE",DB07796,drug,0.150459983,0,9.12E-12,9
(3-Carboxy-2-(R)-Hydroxy-Propyl)-Trimethyl-Ammonium,DB02648,drug,0.153568913,0,3.28E-12,55
(3-Chloro-4-Propoxy-Phenyl)-Acetic Acid,DB02773,drug,0.150507503,0,1.76E-12,6
(3e)-3-[(4-Hydroxyphenyl)Imino]-1h-Indol-2(3h)-One,DB03650,drug,0.150455891,0,6.96E-11,55
(3E)-3-[(phenylamino)methylidene]dihydrofuran-2(3H)-one,DB07317,drug,0.150401349,0,1.85E-10,45
(3E)-4-(1-METHYL-1H-INDOL-3-YL)BUT-3-EN-2-ONE,DB08186,drug,0.150477644,0,9.68E-11,55
"(3E)-5-fluoro-1-[(6-fluoro-4H-1,3-benzodioxin-8-yl)methyl]-1H-indole-2,3-dione 3-oxime",DB08011,drug,0.150467819,0,8.45E-11,57
"(3-ENDO)-8-METHYL-8-AZABICYCLO[3.2.1]OCT-3-YL 1H-PYRROLO[2,3-B]PYRIDINE-3-CARBOXYLATE",DB07243,drug,0.150468148,0,8.93E-11,43
"(3-EXO)-3-(10,11-DIHYDRO-5H-DIBENZO[A,D][7]ANNULEN-5-YLOXY)-8,8-DIMETHYL-8-AZONIABICYCLO[3.2.1]OCTANE",DB07494,drug,0.15107316,0,2.98E-12,46
(3r)-1-Acetyl-3-Methylpiperidine,DB01742,drug,0.150447052,0,4.07E-11,45
"(3R)-3-(aminomethyl)-9-methoxy-1,2,3,4-tetrahydro-5H-[1]benzothieno[3,2-e][1,4]diazepin-5-one",DB07431,drug,0.150866207,0,2.53E-10,27
"(3R)-3-(FLUOROMETHYL)-7-(THIOMORPHOLIN-4-YLSULFONYL)-1,2,3,4-TETRAHYDROISOQUINOLINE",DB07739,drug,0.151038323,0,5.46E-12,36
"(3R)-3-(FLUOROMETHYL)-N-(3,3,3-TRIFLUOROPROPYL)-1,2,3,4-TETRAHYDROISOQUINOLINE-7-SULFONAMIDE",DB07798,drug,0.151038323,0,5.46E-12,41
"(3R)-3-[(1,2,3,4-tetrahydroisoquinolin-7-yloxy)methyl]-2,3-dihydrothieno[2,3-f][1,4]oxazepin-5-amine",DB07007,drug,0.150386779,0,7.19E-11,49
"(3R)-3-cyclopentyl-6-methyl-7-[(4-methylpiperazin-1-yl)sulfonyl]-3,4-dihydro-2H-1,2-benzothiazine 1,1-dioxide",DB08305,drug,0.150598902,0,4.25E-11,8
"(3R)-3-cyclopentyl-7-[(4-methylpiperazin-1-yl)sulfonyl]-3,4-dihydro-2H-1,2-benzothiazine 1,1-dioxide",DB08304,drug,0.150598902,0,4.25E-11,39
(3R)-3-ethyl-N-[(4-methylphenyl)sulfonyl]-L-aspartic acid,DB06951,drug,0.151403962,0,4.19E-12,40
(3R)-3-HYDROXYDODECANOIC ACID,DB07930,drug,0.151236681,0,9.63E-12,27
"(3r)-4-(P-Toluenesulfonyl)-1,4-Thiazane-3-Carboxylicacid-L-Leucine",DB04012,drug,0.15047917,0,6.38E-11,43
"(3R)-4-(p-toluenesulfonyl)-1,4-thiazane-3-carboxylicacid-L-phenylalanine ethyl ester",DB01712,drug,0.15047917,0,6.38E-11,21
"(3R)-4,4-DIFLUORO-3-[(4-METHOXYPHENYL)SULFONYL]BUTANOIC ACID",DB07285,drug,0.150449542,0,2.12E-11,43
"(3R)-4-[(3R)-3-AMINO-4-(2,4,5-TRIFLUOROPHENYL)BUTANOYL]-3-METHYL-1,4-DIAZEPAN-2-ONE",DB07154,drug,0.150646997,0,2.26E-12,57
"(3R)-8-(dioxidosulfanyl)-3-methyl-1,2,3,4-tetrahydroquinoline",DB07016,drug,0.150459983,0,9.12E-12,19
"(3R)-METHYLCARBAMOYL-7-SULFOAMINO-3,4-DIHYDRO-1H-ISOQUINOLINE-2-CARBOXYLIC ACID BENZYL ESTER",DB08549,drug,0.150357788,0,1.04E-10,32
"(3R)-N-(4-CHLOROPHENYL)-3-(HYDROXYMETHYL)-1,2,3,4-TETRAHYDROISOQUINOLINE-7-SULFONAMIDE",DB07747,drug,0.151038323,0,5.46E-12,54
"(3R,4R)-1-{6-[3-(METHYLSULFONYL)PHENYL]PYRIMIDIN-4-YL}-4-(2,4,5-TRIFLUOROPHENYL)PIPERIDIN-3-AMINE",DB08164,drug,0.150646997,0,2.26E-12,34
"(3R,4R)-3-Hydroxy-4-(hydroxymethyl)-1-[(4-oxo-4,4a,5,7a-tetrahydro-3H-pyrrolo[3,2-d]pyrimidin-7-yl)methyl]pyrrolidinium",DB03551,drug,0.150792162,0,1.80E-11,22
"(3R,4R)-4-(pyrrolidin-1-ylcarbonyl)-1-(quinoxalin-2-ylcarbonyl)pyrrolidin-3-amine",DB07015,drug,0.150646997,0,2.26E-12,15
"(3R,4R,5R)-5-(HYDROXYMETHYL)-1-(3-PHENYLPROPYL)PIPERIDINE-3,4-DIOL",DB07807,drug,0.151371395,0,9.97E-12,9
"(3R,4S)-1-(3,4-DIMETHOXYPHENYL)-3-(3-METHYLPHENYL)PIPERIDIN-4-AMINE",DB07851,drug,0.150646997,0,2.26E-12,55
"(3R,4S)-1-[6-(6-METHOXYPYRIDIN-3-YL)PYRIMIDIN-4-YL]-4-(2,4,5-TRIFLUOROPHENYL)PYRROLIDIN-3-AMINE",DB08445,drug,0.150646997,0,2.26E-12,27
"(3R,4S)-1-{6-[3-(METHYLSULFONYL)PHENYL]PYRIMIDIN-4-YL}-4-(2,4,5-TRIFLUOROPHENYL)PYRROLIDIN-3-AMINE",DB07666,drug,0.150646997,0,2.26E-12,9
"(3R,5Z,8S,9S,11E)-8,9,16-TRIHYDROXY-14-METHOXY-3-METHYL-3,4,9,10-TETRAHYDRO-1H-2-BENZOXACYCLOTETRADECINE-1,7(8H)-DIONE",DB07788,drug,0.150361149,0,2.52E-10,39
"(3S)-1-(1,3-BENZODIOXOL-5-YLMETHYL)-3-[4-(1H-IMIDAZOL-1-YL)PHENOXY]PIPERIDINE",DB07011,drug,0.150386779,0,7.19E-11,40
(3S)-1-{[4-(but-2-yn-1-yloxy)phenyl]sulfonyl}pyrrolidine-3-thiol,DB06943,drug,0.150435305,0,7.17E-11,9
"(3S)-3-cyclopentyl-6-methyl-7-[(4-methylpiperazin-1-yl)sulfonyl]-3,4-dihydro-2H-1,2,4-benzothiadiazine 1,1-dioxide",DB08303,drug,0.150598902,0,4.25E-11,41
"(3S)-3-hydroxy-1-methyl-2,3-dihydro-1H-indole-5,6-dione",DB07339,drug,0.150983286,0,1.71E-11,50
"(3S)-4-{[4-(BUT-2-YNYLOXY)PHENYL]SULFONYL}-N-HYDROXY-2,2-DIMETHYLTHIOMORPHOLINE-3-CARBOXAMIDE",DB07964,drug,0.150435305,0,7.17E-11,10
"(3S,5E)-3-propyl-3,4-dihydrothieno[2,3-f][1,4]oxazepin-5(2H)-imine",DB07001,drug,0.150376225,0,7.61E-11,22
"(3S,5R,7R,8S,9S,10R)-7-(hydroxymethyl)-3-(2-naphthyl)-1,6-dioxa-2-azaspiro[4.5]decane-8,9,10-triol",DB08500,drug,0.151371395,0,9.97E-12,50
"(3S,5R,7R,8S,9S,10R)-7-(hydroxymethyl)-3-(4-methylphenyl)-1,6-dioxa-2-azaspiro[4.5]decane-8,9,10-triol",DB08503,drug,0.151371395,0,9.97E-12,39
"(3Z)-1-[(6-fluoro-4H-1,3-benzodioxin-8-yl)methyl]-4-[(E)-2-phenylethenyl]-1H-indole-2,3-dione 3-oxime",DB08010,drug,0.150467819,0,8.45E-11,53
"(3Z)-1-[(6-fluoro-4H-1,3-benzodioxin-8-yl)methyl]-4-phenyl-1H-indole-2,3-dione 3-oxime",DB08015,drug,0.150467819,0,8.45E-11,54
"(3Z)-6-(4-HYDROXY-3-METHOXYPHENYL)-3-(1H-PYRROL-2-YLMETHYLENE)-1,3-DIHYDRO-2H-INDOL-2-ONE",DB07078,drug,0.150468148,0,8.93E-11,27
"(3Z)-N,N-DIMETHYL-2-OXO-3-(4,5,6,7-TETRAHYDRO-1H-INDOL-2-YLMETHYLIDENE)-2,3-DIHYDRO-1H-INDOLE-5-SULFONAMIDE",DB08039,drug,0.150945405,0,9.08E-11,21
"(3Z,6S)-6-Chloro-1-(2-{[(5-chloro-1-benzothiophen-3-yl)methyl]amino}ethyl)-3-({2-[(2R)-2-piperidinyl]ethyl}imino)-2-piperazinol",DB07521,drug,0.150459983,0,9.12E-12,39
(4-{(2S)-2-[(tert-butoxycarbonyl)amino]-3-methoxy-3-oxopropyl}phenyl)methaneseleninic acid,DB08783,drug,0.154835357,67.97825614,1.07E-05,34
"(4-{4-[(TERT-BUTOXYCARBONYL)AMINO]-2,2-BIS(ETHOXYCARBONYL)BUTYL}PHENYL)SULFAMIC ACID",DB07068,drug,0.150581581,0,2.19E-11,43
"(4aS)-5-[(2,4-diaminopteridin-6-yl)methyl]-4a,5-dihydro-2H-dibenzo[b,f]azepin-8-ol",DB08448,drug,0.150741985,0,1.66E-11,24
"(4aS,4bR,10bS,12aS)-12a-methyl-1,3-dioxo-2-(pyridin-3-ylmethyl)-1,2,3,4,4a,4b,5,6,10b,11,12,12a-dodecahydronaphtho[2,1-f]isoquinolin-8-yl sulfamate",DB08418,drug,0.150737685,0,2.16E-12,39
"(4aS,6R,8aS)-11-[8-(1,3-Dioxo-1,3-dihydro-2H-isoindol-2-yl)octyl]-6-hydroxy-3-methoxy-5,6,9,10-tetrahydro-4aH-[1]benzofuro[3a,3,2-ef][2]benzazepin-11-ium",DB02673,drug,0.150619892,0,6.53E-12,9
(4e)-4-Aminohex-4-Enoic Acid,DB01699,drug,0.15760803,0,1.83E-12,50
(4E)-N-(4-fluorophenyl)-4-[(phenylcarbonyl)imino]-4H-pyrazole-3-carboxamide,DB08137,drug,0.150398889,0,1.68E-10,9
(4-ETHYLPHENYL)SULFAMIC ACID,DB08678,drug,0.150581581,0,2.19E-11,39
(4-fluorophenyl)(pyridin-4-yl)methanone,DB06917,drug,0.150779115,0,1.42E-11,47
(4R)-4-(3-butoxy-4-methoxybenzyl)imidazolidin-2-one,DB06842,drug,0.151286371,0,7.10E-11,39
"(4R)-4-(3-HYDROXYPHENYL)-N,N,7,8-TETRAMETHYL-3,4-DIHYDROISOQUINOLINE-2(1H)-CARBOXAMIDE",DB07064,drug,0.150800905,0,2.26E-11,12
"(4R)-7,8-dichloro-1',9-dimethyl-1-oxo-1,2,4,9-tetrahydrospiro[beta-carboline-3,4'-piperidine]-4-carbonitrile",DB07242,drug,0.150933875,0,1.52E-10,45
"(4R)-7-chloro-9-methyl-1-oxo-1,2,4,9-tetrahydrospiro[beta-carboline-3,4'-piperidine]-4-carbonitrile",DB08166,drug,0.150455891,0,6.96E-11,54
"(4R)-limonene 1?,2?-epoxide",DB02924,drug,0.171477555,0,3.93E-14,22
"(4R)-N-[4-({[2-(DIMETHYLAMINO)ETHYL]AMINO}CARBONYL)-1,3-THIAZOL-2-YL]-4-METHYL-1-OXO-2,3,4,9-TETRAHYDRO-1H-BETA-CARBOLINE-6-CARBOXAMIDE",DB07406,drug,0.150467318,0,8.50E-11,50
"(4R,2S)-5'-(4-(4-CHLOROBENZYLOXY)PYRROLIDIN-2-YLMETHANESULFONYL)ISOQUINOLINE",DB07583,drug,0.15144982,0,2.44E-10,24
"(4R,5R)-5-AMINO-1-[2-(1,3-BENZODIOXOL-5-YL)ETHYL]-4-(2,4,5-TRIFLUOROPHENYL)PIPERIDIN-2-ONE",DB07830,drug,0.150646997,0,2.26E-12,12
(4S)-5-[[(2S)-1-[[(2S)-1-Amino-3-[4-[difluoro(phosphono)methyl]phenyl]-1-oxopropan-2-yl]amino]-3-[4-[difluoro(phosphono)methyl]phenyl]-1-oxopropan-2-yl]amino]-4-benzamido-5-oxopentanoic acid,DB03483,drug,0.150357788,0,1.04E-10,54
(4s)-5-Fluoro-L-Leucine,DB02542,drug,0.150534195,0,1.36E-10,5
"(4S,5E,7Z,10Z,13Z,16Z,19Z)-4-hydroxydocosa-5,7,10,13,16,19-hexaenoic acid",DB07111,drug,0.150346583,0,1.45E-10,43
"(4s-Trans)-4-(Methylamino)-5,6-Dihydro-6-Methyl-4h-Thieno(2,3-B)Thiopyran-2-Sulfonamide-7,7-Dioxide",DB04081,drug,0.150737685,0,2.16E-12,36
(4-sulfamoyl-phenyl)-thiocarbamic acid O-(2-thiophen-3-yl-ethyl) ester,DB03333,drug,0.150737685,0,2.16E-12,31
"(4Z)-2,8:7,12:11,15:14,18:17,22-PENTAANHYDRO-4,5,6,9,10,13,19,20,21-NONADEOXY-D-ARABINO-D-ALLO-D-ALLO-DOCOSA-4,9,20-TRIENITOL",DB07716,drug,0.150594146,0,6.94E-12,13
"(4Z)-6-bromo-4-({[4-(pyrrolidin-1-ylmethyl)phenyl]amino}methylidene)isoquinoline-1,3(2H,4H)-dione",DB07156,drug,0.150408192,0,1.16E-10,57
(5-(PYRIDIN-3-YL)FURAN-2-YL)METHANAMINE,DB07621,drug,0.151064885,0,2.64E-12,5
"(5,6-DIPHENYL-FURO[2,3-D]PYRIMIDIN-4-YLAMINO)-ACETIC",DB07654,drug,0.150468148,0,8.93E-11,12
"(5-{3-[5-(PIPERIDIN-1-YLMETHYL)-1H-INDOL-2-YL]-1H-INDAZOL-6-YL}-2H-1,2,3-TRIAZOL-4-YL)METHANOL",DB07213,drug,0.150468148,0,8.93E-11,13
(5-CHLORO-2-{[(3-NITROBENZYL)AMINO]CARBONYL}PHENOXY)ACETIC ACID,DB07030,drug,0.152372549,0,6.88E-12,34
"(5-Chloropyrazolo[1,5-a]Pyrimidin-7-Yl)-(4-Methanesulfonylphenyl)Amine",DB02963,drug,0.150398889,0,1.68E-10,55
"(5E)-12-CHLORO-13,15-DIHYDROXY-4,7,8,9-TETRAHYDRO-2-BENZOXACYCLOTRIDECINE-1,10(3H,11H)-DIONE",DB08293,drug,0.150449526,0,2.07E-10,51
"(5E)-14-CHLORO-15,17-DIHYDROXY-4,7,8,9,10,11-HEXAHYDRO-2-BENZOXACYCLOPENTADECINE-1,12(3H,13H)-DIONE",DB08153,drug,0.150449526,0,2.07E-10,11
"(5E)-2-Amino-5-(2-pyridinylmethylene)-1,3-thiazol-4(5H)-one",DB07529,drug,0.150398889,0,1.68E-10,13
"(5E)-5-[(2,2-DIFLUORO-1,3-BENZODIOXOL-5-YL)METHYLENE]-1,3-THIAZOLIDINE-2,4-DIONE",DB07503,drug,0.150489498,0,6.38E-11,46
"(5E,13E)-11-HYDROXY-9,15-DIOXOPROSTA-5,13-DIEN-1-OIC ACID",DB07177,drug,0.156324717,0,1.06E-11,27
"(5E,14E)-11-oxoprosta-5,9,12,14-tetraen-1-oic acid",DB08435,drug,0.150346583,0,1.45E-10,47
"(5E,7S)-2-amino-7-(4-fluoro-2-pyridin-3-ylphenyl)-4-methyl-7,8-dihydroquinazolin-5(6H)-one oxime",DB08197,drug,0.150401349,0,1.85E-10,10
"(5-hydroxyindolo[1,2-a]quinazolin-7-yl)acetic acid",DB01765,drug,0.15041342,0,2.01E-10,43
"(5-phenyl-7-(pyridin-3-ylmethylamino)pyrazolo[1,5-a]pyrimidin-3-yl)methanol",DB06983,drug,0.150398889,0,1.68E-10,49
"(5R)-2-[(2-Fluorophenyl)amino]-5-isopropyl-1,3-thiazol-4(5H)-one",DB08771,drug,0.152097189,0,1.30E-13,39
"(5R)-2-sulfanyl-5-[4-(trifluoromethyl)benzyl]-1,3-thiazol-4(5H)-one",DB08574,drug,0.1534698,0,3.39E-11,53
"(5R)-5-(4-{[(2R)-6-HYDROXY-2,5,7,8-TETRAMETHYL-3,4-DIHYDRO-2H-CHROMEN-2-YL]METHOXY}BENZYL)-1,3-THIAZOLIDINE-2,4-DIONE",DB08607,drug,0.151501298,0,6.67E-12,6
(5R)-5-{[(2-Amino-3H-purin-6-yl)oxy]methyl}-2-pyrrolidinone,DB02898,drug,0.150398889,0,1.68E-10,8
"(5R)-N,N-DIETHYL-5-METHYL-2-[(THIOPHEN-2-YLCARBONYL)AMINO]-4,5,6,7-TETRAHYDRO-1-BENZOTHIOPHENE-3-CARBOXAMIDE",DB08033,drug,0.150800905,0,2.26E-11,9
"(5R,6E,8Z,11Z,14Z,17Z)-5-hydroxyicosa-6,8,11,14,17-pentaenoic acid",DB07172,drug,0.150346583,0,1.45E-10,19
"(5R,7R,8S,9S,10R)-7-(hydroxymethyl)-3-phenyl-1,6-dioxa-2-azaspiro[4.5]dec-2-ene-8,9,10-triol",DB08151,drug,0.151371395,0,9.97E-12,45
"(5S)-2-(Cyclooctylamino)-5-methyl-5-propyl-1,3-thiazol-4(5H)-one",DB07866,drug,0.152097189,0,1.30E-13,24
"(5S)-2-{[(1S)-1-(2-fluorophenyl)ethyl]amino}-5-methyl-5-(trifluoromethyl)-1,3-thiazol-4(5H)-one",DB07310,drug,0.152097189,0,1.30E-13,46
"(5S)-2-{[(1S)-1-(4-Fluorophenyl)ethyl]amino}-5-(2-hydroxy-2-propanyl)-5-methyl-1,3-thiazol-4(5H)-one",DB07017,drug,0.152097189,0,1.30E-13,46
"(5S)-3-ANILINO-5-(2,4-DIFLUOROPHENYL)-5-METHYL-1,3-OXAZOLIDINE-2,4-DIONE",DB07763,drug,0.157333796,0,5.95E-11,34
"(5S)-4,5-difluoro-6-[(2-fluoro-4-iodophenyl)imino]-N-(2-hydroxyethoxy)cyclohexa-1,3-diene-1-carboxamide",DB06892,drug,0.150433465,0,1.16E-10,43
"(5S)-5-(2-amino-2-oxoethyl)-4-oxo-N-[(3-oxo-3,4-dihydro-2H-1,4-benzoxazin-6-yl)methyl]-3,4,5,6,7,8-hexahydro[1]benzothieno[2,3-d]pyrimidine-2-carboxamide",DB07397,drug,0.150972307,0,5.29E-13,11
"(5S)-5-(3-AMINOPROPYL)-3-(2,5-DIFLUOROPHENYL)-N-ETHYL-5-PHENYL-4,5-DIHYDRO-1H-PYRAZOLE-1-CARBOXAMIDE",DB08250,drug,0.150800905,0,2.26E-11,31
"(5S)-5-Iododihydro-2,4(1H,3H)-pyrimidinedione",DB02303,drug,0.152668932,0,6.38E-12,15
"(5S,7R,8S,9S,10R)-3-Amino-8,9,10-trihydroxy-7-(hydroxymethyl)-6-oxa-1,3-diazaspiro[4.5]decane-2,4-dione",DB01843,drug,0.151371395,0,9.97E-12,21
"(5S,8R,9S,10S,13R,14S,17S)-13-{2-[(3,5-DIFLUOROBENZYL)OXY]ETHYL}-17-HYDROXY-10-METHYLHEXADECAHYDRO-3H-CYCLOPENTA[A]PHENANTHREN-3-ONE",DB07717,drug,0.150367355,0,3.66E-10,57
"(5Z)-12-CHLORO-13,15-DIHYDROXY-4,7,8,9-TETRAHYDRO-2-BENZOXACYCLOTRIDECINE-1,10(3H,11H)-DIONE",DB08292,drug,0.150449526,0,2.07E-10,47
"(5Z)-13-CHLORO-14,16-DIHYDROXY-3,4,7,8,9,10-HEXAHYDRO-1H-2-BENZOXACYCLOTETRADECINE-1,11(12H)-DIONE",DB08346,drug,0.150449526,0,2.07E-10,22
"(5Z)-5-(3-BROMOCYCLOHEXA-2,5-DIEN-1-YLIDENE)-N-(PYRIDIN-4-YLMETHYL)-1,5-DIHYDROPYRAZOLO[1,5-A]PYRIMIDIN-7-AMINE",DB07595,drug,0.150398889,0,1.68E-10,54
"(5Z)-7-{(1R,4S,5R,6R)-6-[(1E)-1-Octen-1-yl]-2,3-diazabicyclo[2.2.1]hept-2-en-5-yl}-5-heptenoic acid",DB08675,drug,0.151036667,0,1.97E-12,5
"(6AR,11AS,11BR)-10-ACETYL-9-HYDROXY-7,7-DIMETHYL-2,6,6A,7,11A,11B-HEXAHYDRO-11H-PYRROLO[1',2':2,3]ISOINDOLO[4,5,6-CD]INDOL-11-ONE",DB07604,drug,0.151418077,0,9.78E-12,36
"(6E,11E)-HEPTADECA-6,11-DIENE-9,9-DIYLBIS(PHOSPHONIC ACID)",DB08529,drug,0.151125846,0,1.05E-11,51
"(6R)-2-amino-6-[2-(3'-methoxybiphenyl-3-yl)ethyl]-3,6-dimethyl-5,6-dihydropyrimidin-4(3H)-one",DB07519,drug,0.150690725,0,1.94E-11,45
(6R)-Folinic acid,DB03256,drug,0.19749096,1191.979476,0.00029779,2
"(6S)-1-chloro-3-[(4-fluorobenzyl)oxy]-6-(pyrrolidin-1-ylcarbonyl)pyrrolo[1,2-a]pyrazin-4(6H)-one",DB07148,drug,0.151059707,0,1.15E-11,24
"(6S)-2-amino-6-(3'-methoxybiphenyl-3-yl)-3,6-dimethyl-5,6-dihydropyrimidin-4(3H)-one",DB07874,drug,0.150690725,0,1.94E-11,21
"(6S)-5,6,7,8-tetrahydrofolic acid",DB02031,drug,0.34519076,449.5619119,0.00042586,2
"(7R,12R,13R)-13-formyl-12,14-dihydroxy-3,5,7-trimethyltetradeca-2,4-dienoic acid",DB07740,drug,0.150913972,0,1.74E-11,15
"(7R,8R)-8-(2,4,5-trifluorophenyl)-6,7,8,9-tetrahydroimidazo[1,2-a:4,5-c']dipyridin-7-amine",DB07021,drug,0.150646997,0,2.26E-12,21
"(7S)-2-(2-aminopyrimidin-4-yl)-7-(2-fluoroethyl)-1,5,6,7-tetrahydro-4H-pyrrolo[3,2-c]pyridin-4-one",DB07149,drug,0.150410568,0,1.98E-10,22
"(8alpha,10alpha,13alpha,17beta)-17-[(4-hydroxyphenyl)carbonyl]androsta-3,5-diene-3-carboxylic acid",DB08220,drug,0.150922245,0,1.49E-10,54
"(8E,10S,12Z)-10-hydroxy-6-oxooctadeca-8,12-dienoic acid",DB07208,drug,0.150346583,0,1.45E-10,8
"(8R,9Z,12Z)-8-hydroxy-6-oxooctadeca-9,12-dienoic acid",DB07209,drug,0.150346583,0,1.45E-10,50
"(9ALPHA,13BETA,17BETA)-2-[(1Z)-BUT-1-EN-1-YL]ESTRA-1,3,5(10)-TRIENE-3,17-DIOL",DB07678,drug,0.150806545,0,4.04E-10,49
"(9aS)-4-bromo-9a-butyl-7-hydroxy-1,2,9,9a-tetrahydro-3H-fluoren-3-one",DB07757,drug,0.150430163,0,1.30E-10,53
"(9BETA,11ALPHA,13ALPHA,14BETA,17ALPHA)-11-(METHOXYMETHYL)ESTRA-1(10),2,4-TRIENE-3,17-DIOL",DB07707,drug,0.150806545,0,4.04E-10,57
"(9BETA,13ALPHA,14BETA,17ALPHA)-2-METHOXYESTRA-1,3,5(10)-TRIENE-3,17-DIYL DISULFAMATE",DB08416,drug,0.150737685,0,2.16E-12,9
"(9R,10R)-9-(S-glutathionyl)-10-hydroxy-9,10-dihydrophenanthrene",DB01834,drug,0.152597144,0,3.42E-11,34
"(9S)-9-[(8-AMMONIOOCTYL)AMINO]-1,2,3,4,9,10-HEXAHYDROACRIDINIUM",DB04617,drug,0.150619892,0,6.53E-12,21
"(9S,10S)-9-(S-glutathionyl)-10-hydroxy-9,10-dihydrophenanthrene",DB04187,drug,0.152108127,0,9.33E-13,46
"(9Z,11E,13S)-13-hydroxyoctadeca-9,11-dienoic acid",DB06926,drug,0.150346583,0,1.45E-10,50
(Diaminomethyl-Methyl-Amino)-Acetic Acid,DB02490,drug,0.151336509,0,1.17E-11,12
"(E)-[4-(3,5-Difluorophenyl)-3H-pyrrolo[2,3-b]pyridin-3-ylidene](3-methoxyphenyl)methanol",DB07840,drug,0.15043996,0,1.06E-10,41
(Hydroxyethyloxy)Tri(Ethyloxy)Octane,DB04233,drug,0.16131145,0,1.77E-11,31
"(R)-1-(4-(4-(hydroxymethyl)-1,3,2-dioxaborolan-2-yl)benzyl)guanidine",DB07887,drug,0.150803843,0,3.07E-12,53
"(R)-1-(4-(4-(Hydroxymethyl)-1,3,2-dioxaborolan-2-YL)phenethyl)guanidine",DB07071,drug,0.150803843,0,3.07E-12,34
"(R)-1-(4-(4-(Hydroxymethyl)-1,3,2-dioxaborolan-2-YL)phenyl)guanidine",DB07077,drug,0.150803843,0,3.07E-12,21
(R)-1-Para-Nitro-Phenyl-2-Azido-Ethanol,DB04472,drug,0.150700953,0,1.01E-11,36
(R)-3-BROMO-2-HYDROXY-2-METHYL-N-[4-NITRO-3-(TRIFLUOROMETHYL)PHENYL]PROPANAMIDE,DB07454,drug,0.150367355,0,3.66E-10,8
(R)-3-hydroxydecanoyl-CoA,DB03192,drug,0.150639865,0,1.59E-11,43
(R)-3-hydroxytetradecanoic acid,DB02767,drug,0.151400718,0,8.73E-11,51
(R)-Atenolol,DB06987,drug,0.159111081,0,1.04E-11,32
(R)-Bicalutamide,DB02932,drug,0.150367355,0,3.66E-10,51
(R)-minalrestat,DB07450,drug,0.152372549,0,6.88E-12,34
(R)-N-(1-Methyl-Hexyl)-Formamide,DB03061,drug,0.154220762,0,2.33E-14,8
(R)-N-(3-Indol-1-Yl-2-Methyl-Propyl)-4-Sulfamoyl-Benzamide,DB02479,drug,0.150737685,0,2.16E-12,49
(R)-N-methyl-N-2-propynyl-1-indanamine,DB02211,drug,0.152395715,0,1.68E-11,19
(R)-Propylene glycol,DB02159,drug,0.150888588,0,1.24E-11,19
(R)-pyridin-4-yl[4-(2-pyrrolidin-1-ylethoxy)phenyl]methanol,DB07258,drug,0.150779115,0,1.42E-11,31
(R)-Rolipram,DB04149,drug,0.151302115,0,6.23E-11,22
(R)-tacrine(10)-hupyridone,DB04614,drug,0.150619892,0,6.53E-12,43
(R)-warfarin,DB08496,drug,3.178268202,133755.6064,0.02570012,25
"(R,R)-2,3-Butanediol",DB02418,drug,0.150546344,0,6.69E-11,53
(Rp)-cAMPS,DB01790,drug,0.150484105,0,5.13E-11,9
(S)-(+)-2-[4-(FLUOROBENZYLOXY-BENZYLAMINO)PROPIONAMIDE],DB08516,drug,0.151197857,0,8.39E-12,13
(S)-1-PHENYL-1-[4-(9H-PURIN-6-YL)PHENYL]METHANAMINE,DB07855,drug,0.15144982,0,2.44E-10,39
"(S)-2-((S)-3-isobutyl-2,5-dioxo-4-quinolin-3-ylmethyl-[1,4]diazepan-1yl)-N-methyl-3-naphtalen-2-yl-propionamide",DB04724,drug,0.151193001,0,7.25E-12,54
"(S)-2-[(R)-3-amino-4-(2-fluorophenyl)butyryl]-1,2,3,4-tetrahydroisoquinoline-3-carboxamide",DB04578,drug,0.150646997,0,2.26E-12,13
"(S)-2-Amino-3-(1,3,5,7-Pentahydro-2,4-Dioxo-Cyclopenta[E]Pyrimidin-1-Yl) Proionic Acid",DB03240,drug,0.150598902,0,4.25E-11,51
"(S)-2-Amino-3-(4h-Selenolo[3,2-B]-Pyrrol-6-Yl)-Propionic Acid",DB03513,drug,0.154477569,0,1.07E-05,0
"(S)-2-Amino-3-(6h-Selenolo[2,3-B]-Pyrrol-4-Yl)-Propionic Acid",DB03043,drug,0.154477569,0,1.07E-05,3
"(S)-2-CHLORO-N-(1-(2-(2-HYDROXYETHYLAMINO)-2-OXOETHYL)-2-OXO-1,2,3,4-TETRAHYDROQUINOLIN-3-YL)-6H-THIENO[2,3-B]PYRROLE-5-CARBOXAMIDE",DB07792,drug,0.151371395,0,9.97E-12,41
(S)-2-METHYL-1-[(4-METHYL-5-ISOQUINOLINE)SULFONYL]-HOMOPIPERAZINE,DB07876,drug,0.151940957,0,3.15E-10,11
(S)-3-(4-(2-Carbazol-9-Yl-Ethoxy)-Phenyl)-2-Ethoxy-Propionic Acid,DB04270,drug,0.150346583,0,1.45E-10,54
(S)-3-phenyllactic acid,DB02494,drug,0.158901817,0,3.84E-10,9
(S)-alpha-methyl-4-carboxyphenylglycine,DB04256,drug,0.150518599,0,2.92E-11,21
(S)-AMPA,DB02057,drug,0.150598902,0,4.25E-11,54
(S)-Aspartimide,DB03487,drug,0.150888588,0,1.24E-11,57
(S)-blebbistatin,DB01944,drug,0.15095802,0,1.38E-11,38
(S)-camphor,DB11345,drug,0.158509301,0,2.19E-11,49
(S)-carazolol,DB07543,drug,0.150389553,0,1.10E-10,50
(S)-DES-ME-AMPA,DB01664,drug,0.150598902,0,4.25E-11,11
(S)-econazole,DB07705,drug,0.151047723,0,1.36E-11,45
(S)-famoxadone,DB07778,drug,0.157333796,0,5.95E-11,12
(S)-Hmg-Coa,DB03169,drug,0.151192124,0,1.14E-11,41
(S)-Indapamide,DB07467,drug,0.150737685,0,2.16E-12,38
(S)-N-(1-(3-CHLORO-4-FLUOROPHENYL)-2-HYDROXYETHYL)-4-(4-(3-CHLOROPHENYL)-1H-PYRAZOL-3-YL)-1H-PYRROLE-2-CARBOXAMIDE,DB07264,drug,0.150361149,0,2.52E-10,5
(S)-N-(3-Indol-1-Yl-2-Methyl-Propyl)-4-Sulfamoyl-Benzamide,DB03950,drug,0.150737685,0,2.16E-12,5
(S)-N-(4-carbamimidoylbenzyl)-1-(2-(cyclohexylamino)ethanoyl)pyrrolidine-2-carboxamide,DB06850,drug,0.151629156,0,1.15E-11,21
(S)-N-(4-carbamimidoylbenzyl)-1-(2-(cyclohexyloxy)ethanoyl)pyrrolidine-2-carboxamide,DB07091,drug,0.151629156,0,1.15E-11,5
(S)-N-(4-carbamimidoylbenzyl)-1-(2-(cyclopentylamino)ethanoyl)pyrrolidine-2-carboxamide,DB06845,drug,0.151629156,0,1.15E-11,19
(S)-N-(4-carbamimidoylbenzyl)-1-(2-(cyclopentyloxy)ethanoyl)pyrrolidine-2-carboxamide,DB07088,drug,0.151629156,0,1.15E-11,12
(S)-N-(4-carbamimidoylbenzyl)-1-(3-cyclohexylpropanoyl)pyrrolidine-2-carboxamide,DB07131,drug,0.151629156,0,1.15E-11,39
(S)-N-(4-carbamimidoylbenzyl)-1-(3-cyclopentylpropanoyl)pyrrolidine-2-carboxamide,DB07095,drug,0.151629156,0,1.15E-11,31
(S)-Rolipram,DB03606,drug,0.151302115,0,6.23E-11,19
(S)-tacrine(10)-hupyridone,DB04615,drug,0.150619892,0,6.53E-12,22
(S)-Warfarin,DB14055,drug,3.064356524,115002.009,0.024476491,17
(S)-wiskostatin,DB01731,drug,0.15057109,0,4.36E-11,49
"(S,R)-fidarestat",DB02101,drug,0.152372549,0,6.88E-12,31
(TERT-BUTYLOXYCARBONYL)-ALANYL-AMINO ETHYL-FORMAMIDE,DB07433,drug,0.151403962,0,4.19E-12,9
(Z)-2-[2-(4-methylpiperazin-1-yl)benzyl]diazenecarbothioamide,DB06941,drug,0.150709662,0,1.08E-11,19
(Z)-3-BENZYL-5-(2-HYDROXY-3-NITROBENZYLIDENE)-2-THIOXOTHIAZOLIDIN-4-ONE,DB07838,drug,0.150572222,0,9.97E-12,27
"(Z,Z)-4-Hydroxy-N,N,N-Trimethyl-10-Oxo-7-[(1-Oxo-9-Octadecenyl)Oxy]-3,5,9-Trioxa-4-Phosphaheptacos-18-En-1-Aminium-4-Oxide",DB03690,drug,0.151604941,0,1.23E-11,8
[(1-{2[(4-Carbamimidoyl-Phenylamino)-Methyl]-1-Methyl-1h-Benzoimidazol-5-Yl}-Cyclopropyl)-Pyridin-2-Yl-Methyleneaminooxy]-Acetic Acid Ethyl Ester,DB04107,drug,0.151169173,0,2.36E-12,54
[(1S)-1-(5-CHLORO-1-BENZOTHIEN-3-YL)-2-(2-NAPHTHYLAMINO)-2-OXOETHYL]PHOSPHONIC ACID,DB07680,drug,0.150966389,0,2.94E-12,54
[(1S)-4-(1-Aminobutylideneamino)-1-carboxybutyl]azanium,DB03710,drug,0.150763672,0,1.87E-11,36
"[(2R)-1-[(2S)-2-[[(2S,3S)-1-Chloro-6-(diaminomethylideneamino)-2-hydroxyhexan-3-yl]carbamoyl]pyrrolidin-1-yl]-1-oxo-3-phenylpropan-2-yl]azanium",DB06841,drug,0.150459983,0,9.12E-12,46
"[(3,7,11-TRIMETHYL-DODECA-2,6,10-TRIENYLOXYCARBAMOYL)-METHYL]-PHOSPHONIC ACID",DB07771,drug,0.151272827,0,5.50E-11,21
"[(3R)-3-(Methylcarbamoyl)-2-{[(2-methyl-2-propanyl)oxy]carbonyl}-1,2,3,4-tetrahydro-7-isoquinolinyl]sulfamic acid",DB07719,drug,0.150357788,0,1.04E-10,45
"[(3R)-7-NITRO-1,2,3,4-TETRAHYDROISOQUINOLIN-3-YL]METHANOL",DB07906,drug,0.151038323,0,5.46E-12,46
"[(3S)-3-(Methylcarbamoyl)-2-{[(2-methyl-2-propanyl)oxy]carbonyl}-1,2,3,4-tetrahydro-7-isoquinolinyl]sulfamic acid",DB06887,drug,0.150357788,0,1.04E-10,51
[(4-{4-[4-(Difluoro-Phosphono-Methyl)-Phenyl]-Butyl}-Phenyl)-Difluoro-Methyl]-Phosphonic Acid,DB04204,drug,0.150357788,0,1.04E-10,9
"[(4R)-4-(3-HYDROXYPHENYL)-1,6-DIMETHYL-2-THIOXO-1,2,3,4-TETRAHYDROPYRIMIDIN-5-YL](PHENYL)METHANONE",DB08198,drug,0.150800905,0,2.26E-11,41
[[1-[N-HYDROXY-ACETAMIDYL]-3-METHYL-BUTYL]-CARBONYL-LEUCINYL]-ALANINE ETHYL ESTER,DB08482,drug,0.150655244,0,1.18E-11,31
"[[4-(Aminomethyl)Phenyl]Amino]Oxo-Acetic Acid,",DB02420,drug,0.150357788,0,1.04E-10,19
[[CYCLOHEXANESULFONYL-GLYCYL]-3[PYRIDIN-4-YL-AMINOMETHYL]ALANYL]PIPERIDINE,DB07934,drug,0.150459983,0,9.12E-12,32
"[{2-bromo-4-[(2R)-3-oxo-2,3-diphenylpropyl]phenyl}(difluoro)methyl]phosphonic acid",DB07263,drug,0.150357788,0,1.04E-10,6
[1-(1-Benzyl-3-Hydroxy-2-Oxo-Propylcarbamoyl)-2-Phenyl-Ethyl]-Carbamic Acid Benzyl Ester,DB01871,drug,0.153846608,0,1.17E-12,21
"[1-(1-Methyl-4,5-Dioxo-Pent-2-Enylcarbamoyl)-2-Phenyl-Ethyl]-Carbamic Acid Benzyl Ester",DB01810,drug,0.153846608,0,1.17E-12,15
[1-(3-CHLORO-2-FORMYL-PHENYLCARBAMOYL)-2-METHYL-PROPYL]-CARBAMIC ACID TERT-BUTYL ESTER,DB07956,drug,0.151403962,0,4.19E-12,40
[1-(4-Fluorobenzyl)Cyclobutyl]Methyl (1s)-1-[Oxo(1h-Pyrazol-5-Ylamino)Acetyl]Pentylcarbamate,DB01858,drug,0.151079281,0,1.82E-12,21
[1-(6-{6-[(1-methylethyl)amino]-1H-indazol-1-yl}pyrazin-2-yl)-1H-pyrrol-3-yl]acetic acid,DB07546,drug,0.150507105,0,1.01E-10,8
[2-(3-DIBENZOFURAN-4-YL-PHENYL)-1-HYDROXY-1-PHOSPHONO-ETHYL]-PHOSPHONIC ACID,DB07410,drug,0.151125846,0,1.05E-11,54
"[2-(5-Mercapto-[1,3,4]thiadiazol-2-ylcarbamoyl)-1-phenyl-ethyl]-carbamic acid benzyl ester",DB07987,drug,0.150507551,0,9.27E-12,12
[2(Formyl-Hydroxy-Amino)-Ethyl]-Phosphonic Acid,DB03135,drug,0.150496371,0,2.45E-11,15
"[2(R,S)-2-Sulfanylheptanoyl]-Phe-Ala",DB02597,drug,0.150875541,0,4.11E-12,31
"[2,4,6-Triisopropyl-Phenylsulfonyl-L-[3-Amidino-Phenylalanine]]-Piperazine-N'-Beta-Alanine",DB04172,drug,0.15066403,0,6.70E-12,9
"[2-Amino-6-(2,6-Difluoro-Benzoyl)-Imidazo[1,2-a]Pyridin-3-Yl]-Phenyl-Methanone",DB04006,drug,0.150398889,0,1.68E-10,46
"[2'-HYDROXY-3'-(1H-PYRROLO[3,2-C]PYRIDIN-2-YL)-BIPHENYL-3-YLMETHYL]-UREA",DB07247,drug,0.154414709,0,1.14E-11,53
[3-(1-Benzyl-3-Carbamoylmethyl-2-Methyl-1h-Indol-5-Yloxy)-Propyl-]-Phosphonic Acid,DB02504,drug,0.151690709,0,3.05E-12,53
[3-(Dodecanoylamino)Propyl](Hydroxy)Dimethylammonium,DB01736,drug,0.150722015,0,2.12E-11,11
"[3,5-Dibromo-4-(4-Hydroxy-3-Phenethylcarbamoyl-Phenoxy)-Phenyl]-Acetic Acid",DB02106,drug,0.15053768,0,4.07E-11,31
[4-({[5-Benzyloxy-1-(3-Carbamimidoyl-Benzyl)-1h-Indole-2-Carbonyl]-Amino}-Methyl)-Phenyl]-Trimethyl-Ammonium,DB02269,drug,0.151169173,0,2.36E-12,5
[4-({4-[(5-cyclopropyl-1H-pyrazol-3-yl)amino]-6-(methylamino)pyrimidin-2-yl}amino)phenyl]acetonitrile,DB07168,drug,0.150650198,0,3.42E-11,8
[4-({4-[(5-cyclopropyl-1H-pyrazol-3-yl)amino]quinazolin-2-yl}amino)phenyl]acetonitrile,DB07966,drug,0.150381611,0,2.42E-10,38
[4-({5-(AMINOCARBONYL)-4-[(3-METHYLPHENYL)AMINO]PYRIMIDIN-2-YL}AMINO)PHENYL]ACETIC ACID,DB08513,drug,0.151118124,0,4.70E-10,39
"[4-(1,3,2-Dioxaborolan-2-Yloxy)Methyl]Benzamidine",DB04109,drug,0.150983421,0,2.14E-12,46
[4-(2-Amino-4-Methyl-Thiazol-5-Yl)-Pyrimidin-2-Yl]-(3-Nitro-Phenyl)-Amine,DB02833,drug,0.150398889,0,1.68E-10,41
[4-(3-AMINOMETHYL-PHENYL)-PIPERIDIN-1-YL]-(5-PHENETHYL- PYRIDIN-3-YL)-METHANONE,DB04764,drug,0.152091012,0,2.32E-12,24
"[4-(4-ACETYLAMINO-PHENYL)-3,5-DIOXO-4-AZA-TRICYCLO[5.2.2.0 2,6]UNDEC-1-YLCARBAMOYLOXY]-ACETIC ACID",DB07784,drug,0.150594146,0,6.94E-12,46
[4-(4-PHENYL-PIPERIDIN-1-YL)-BENZENESULFONYLAMINO]-ACETIC ACID,DB07986,drug,0.150507551,0,9.27E-12,49
"[4-(5-naphthalen-2-yl-1H-pyrrolo[2,3-b]pyridin-3-yl)phenyl]acetic acid",DB07837,drug,0.15044426,0,9.53E-11,45
"[4-(6-Chloro-Naphthalene-2-Sulfonyl)-Piperazin-1-Yl]-(3,4,5,6-Tetrahydro-2h-[1,4']Bipyridinyl-4-Yl)-Methanone",DB01836,drug,0.151169173,0,2.36E-12,55
"[4-amino-2-(tert-butylamino)-1,3-thiazol-5-yl](phenyl)methanone",DB08778,drug,0.150468148,0,8.93E-11,24
"[5-(5-Amino-1H-pyrrolo[3,2-b]pyridin-2-yl)-6-hydroxy-3'-nitro-3-biphenylyl]acetic acid",DB08232,drug,0.154414709,0,1.14E-11,12
"[5-AMINO-1-(4-FLUOROPHENYL)-1H-PYRAZOL-4-YL](3-{[(2R)-2,3-DIHYDROXYPROPYL]OXY}PHENYL)METHANONE",DB08424,drug,0.150382517,0,1.90E-10,5
[5-AMINO-1-(4-FLUOROPHENYL)-1H-PYRAZOL-4-YL][3-(PIPERIDIN-4-YLOXY)PHENYL]METHANONE,DB08423,drug,0.150382517,0,1.90E-10,55
[5-HYDROXY-2-(4-HYDROXYPHENYL)-1-BENZOFURAN-7-YL]ACETONITRILE,DB06927,drug,0.15123349,0,5.64E-10,32
[Methylseleno]Acetate,DB03098,drug,0.154477569,0,1.07E-05,2
"[N-(2,4-DIAMINOPTERIDIN-6-YL)-METHYL]-DIBENZ[B,F]AZEPINE",DB08406,drug,0.150741985,0,1.66E-11,54
[N-(3-dibenzylcarbamoyl-oxiranecarbonyl)-hydrazino]-acetic acid,DB08229,drug,0.150390311,0,7.41E-11,12
[N-(BENZYLOXYCARBONYL)AMINO](4-AMIDINOPHENYL)METHANE-PHOSPHONATE,DB08763,drug,0.151169173,0,2.36E-12,12
"[N-[N-(4-Methoxy-2,3,6-trimethylphenylsulfonyl)-L-aspartyl]-D-(4-amidino-phenylalanyl)]-piperidine",DB03081,drug,0.151169173,0,2.36E-12,32
[PHENYLALANINYL-PROLINYL]-[2-(PYRIDIN-4-YLAMINO)-ETHYL]-AMINE,DB08422,drug,0.150459983,0,9.12E-12,32
{(2S)-1-[N-(tert-butoxycarbonyl)glycyl]pyrrolidin-2-yl}methyl (3-chlorophenyl)acetate,DB08152,drug,0.150459983,0,9.12E-12,6
"{[(2,6-difluorophenyl)carbonyl]amino}-N-(4-fluorophenyl)-1H-pyrazole-3-carboxamide",DB08138,drug,0.150398889,0,1.68E-10,40
"{[2-(1h-1,2,3-Benzotriazol-1-Yl)-2-(3,4-Difluorophenyl)Propane-1,3-Diyl]Bis[4,1-Phenylene(Difluoromethylene)]}Bis(Phosphonic Acid)",DB02651,drug,0.150357788,0,1.04E-10,39
"{[2-Amino-4-oxo-6,7-di(sulfanyl-?S)-3,5,5a,8,9a,10-hexahydro-4H-pyrano[3,2-g]pteridin-8-yl]methyl dihydrogenato(2-) phosphate}(dioxo)sulfanylmolybdenum",DB03983,drug,0.15071965,0,8.12E-12,31
"{[5-(5-nitro-2-furyl)-1,3,4-oxadiazol-2-yl]thio}acetic acid",DB08098,drug,0.152372549,0,6.88E-12,6
{[7-(Difluoro-Phosphono-Methyl)-Naphthalen-2-Yl]-Difluoro-Methyl}-Phosphonic Acid,DB03154,drug,0.150357788,0,1.04E-10,9
"{3-[(5-CHLORO-1,3-BENZOTHIAZOL-2-YL)METHYL]-2,4-DIOXO-3,4-DIHYDROPYRIMIDIN-1(2H)-YL}ACETIC ACID",DB07093,drug,0.152372549,0,6.88E-12,19
"{3-[3-(3,4-Dimethoxy-Phenyl)-1-(1-{1-[2-(3,4,5-Trimethoxy-Phenyl)-Butyryl]-Piperidin-2yl}-Vinyloxy)-Propyl]-Phenoxy}-Acetic Acid",DB01723,drug,0.15047917,0,6.38E-11,21
{4-[(2R)-pyrrolidin-2-ylmethoxy]phenyl}(4-thiophen-3-ylphenyl)methanone,DB07237,drug,0.150779115,0,1.42E-11,32
{4-[(2S)-2-({[(1S)-1-Carboxy-2-phenylethyl]carbamoyl}amino)-3-oxo-3-(pentylamino)propyl]phenoxy}malonic acid,DB02436,drug,0.150357788,0,1.04E-10,39
{4-[(2S)-2-Acetamido-3-({(1S)-1-[3-carbamoyl-4-(cyclohexylmethoxy)phenyl]ethyl}amino)-3-oxopropyl]-2-phosphonophenoxy}acetic acid,DB04003,drug,0.150405063,0,1.37E-10,54
"{4-[(2s,4e)-2-(1,3-Benzothiazol-2-Yl)-2-(1h-1,2,3-Benzotriazol-1-Yl)-5-Phenylpent-4-Enyl]Phenyl}(Difluoro)Methylphosphonic Acid",DB04285,drug,0.150357788,0,1.04E-10,9
"{4-[(CARBOXYMETHOXY)CARBONYL]-3,3-DIOXIDO-1-OXONAPHTHO[1,2-D]ISOTHIAZOL-2(1H)-YL}ACETIC ACID",DB07999,drug,0.152372549,0,6.88E-12,43
"{4-[2,2-BIS(5-METHYL-1,2,4-OXADIAZOL-3-YL)-3-PHENYLPROPYL]PHENYL}SULFAMIC ACID",DB07127,drug,0.150581581,0,2.19E-11,41
{4-[2-BENZYL-3-METHOXY-2-(METHOXYCARBONYL)-3-OXOPROPYL]PHENYL}SULFAMIC ACID,DB06989,drug,0.150581581,0,2.19E-11,5
{4-[3-(4-acetyl-3-hydroxy-2-propylphenoxy)propoxy]phenoxy}acetic acid,DB08078,drug,0.150435126,0,9.13E-11,53
"{4-[3-(6,7-Diethoxy-Quinazolin-4-Ylamino)-Phenyl]-Thiazol-2-Yl}-Methanol",DB02848,drug,0.150692977,0,2.15E-11,9
"{4-Amino-2-[(4-methoxyphenyl)amino]-1,3-thiazol-5-yl}(4-methoxyphenyl)methanone",DB07488,drug,0.150841018,0,2.56E-11,8
+/-METHYL 4-(AMINOIMINOMETHYL)-BETA-[3- INH (AMINOIMINO)PHENYL]BENZENE PENTANOATE,DB07985,drug,0.151169173,0,2.36E-12,13
1-((1R)-1-(HYDROXYMETHYL)-3-{6-[(3-PHENYLPROPANOYL)AMINO]-1H-INDOL-1-YL}PROPYL)-1H-IMIDAZOLE-4-CARBOXAMIDE,DB07783,drug,0.150722404,0,2.72E-11,41
"1-((1R,2S)-1-{2-[2-(4-CHLOROPHENYL)-1,3-BENZOXAZOL-7-YL]ETHYL}-2-HYDROXYPROPYL)-1H-IMIDAZOLE-4-CARBOXAMIDE",DB07786,drug,0.150722404,0,2.72E-11,45
"1-({2-[2-(4-CHLOROPHENYL)ETHYL]-1,3-DIOXOLAN-2-YL}METHYL)-1H-IMIDAZOLE",DB06914,drug,0.150594669,0,1.75E-11,9
"1-(1'-{[3-(methylsulfanyl)-2-benzothiophen-1-yl]carbonyl}spiro[1-benzofuran-3,4'-piperidin]-5-yl)methanamine",DB06848,drug,0.150921766,0,5.92E-12,12
"1-(1-methylethyl)-3-quinolin-6-yl-1H-pyrazolo[3,4-d]pyrimidin-4-amine",DB08054,drug,0.150381611,0,2.42E-10,53
1-(1-phenylcyclopentyl)methylamine,DB04577,drug,0.150646997,0,2.26E-12,45
"1-(2,2'-bithiophen-5-yl)methanamine",DB07094,drug,0.150779115,0,1.42E-11,8
"1-(2,3-dihydro-1,4-benzodioxin-6-ylsulfonyl)-4-[(4-methoxyphenyl)sulfonyl]piperazine",DB07697,drug,0.150462592,0,7.42E-11,6
"1-(2,5-dideoxy-5-pyrrolidin-1-yl-beta-L-erythro-pentofuranosyl)-5-methylpyrimidine-2,4(1H,3H)-dione",DB08661,drug,0.15112218,0,2.20E-12,46
"1-(2,6-Dichlorophenyl)-5-(2,4-Difluorophenyl)-7-Piperazin-1-Yl-3,4-Dihydroquinazolin-2(1h)-One",DB02873,drug,0.150382517,0,1.90E-10,5
"1-(2,6-Dichlorophenyl)-5-(2,4-Difluorophenyl)-7-Piperidin-4-Yl-3,4-Dihydroquinolin-2(1h)-One",DB01948,drug,0.150382517,0,1.90E-10,43
"1-(2-{[(6-amino-2-methylpyridin-3-yl)methyl]amino}ethyl)-6-chloro-3-[(2,2-difluoro-2-pyridin-2-ylethyl)amino]-1,4-dihydropyrazin-2-ol",DB07515,drug,0.150459983,0,9.12E-12,8
1-(2-Amidinophenyl)-3-(Phenoxyphenyl)Urea,DB03337,drug,0.151169173,0,2.36E-12,9
"1-(2-Chlorophenyl)-3,5-Dimethyl-1h-Pyrazole-4-Carboxylic Acid Ethyl Ester",DB03807,drug,0.150831539,0,1.15E-11,24
1-(2-DEOXY-5-O-PHOSPHONO-BETA-D-ERYTHRO-PENTOFURANOSYL)-4-METHYL-1H-INDOLE,DB07116,drug,0.15058659,0,1.94E-11,10
1-(2-Fluorobenzyl)-3-Butyl-8-(N-Acetyl-4-Aminobenzyl)-Xanthine,DB02008,drug,0.150831716,0,1.25E-11,50
1-(2-Phenylethyl)-4-phenyl-4-acetoxypiperidine,DB01562,drug,0.447912224,0.461963899,0.00600328,16
"1-(3-(2,4-DIMETHYLTHIAZOL-5-YL)-4-OXO-2,4-DIHYDROINDENO[1,2-C]PYRAZOL-5-YL)-3-(4-METHYLPIPERAZIN-1-YL)UREA",DB07622,drug,0.150398889,0,1.68E-10,51
"1-(3,5-DICHLOROPHENYL)-5-METHYL-1H-1,2,4-TRIAZOLE-3-CARBOXYLIC ACID",DB07852,drug,0.150398889,0,1.68E-10,55
"1-(3-bromophenyl)-7-chloro-6-methoxy-3,4-dihydroisoquinoline",DB08555,drug,0.150467819,0,8.45E-11,38
1-(3-HYDROXYPROPYL)-2-[(3-NITROBENZOYL)AMINO]-1H-BENZIMIDAZOL-5-YL PIVALATE,DB08590,drug,0.151062455,0,1.30E-11,24
1-(4-Amidinophenyl)-3-(4-Chlorophenyl)Urea,DB04336,drug,0.151169173,0,2.36E-12,53
"1-(4-Aminophenyl)-3,5-Dimethyl-1h-Pyrazole-4-Carboxylic Acid Ethyl Ester",DB03183,drug,0.150470576,0,5.08E-11,55
"1-(4-fluorophenyl)-N-[3-fluoro-4-(1H-pyrrolo[2,3-b]pyridin-4-yloxy)phenyl]-2-oxo-1,2-dihydropyridine-3-carboxamide",DB06896,drug,0.15041813,0,1.38E-10,55
1-(4-HEXYLPHENYL)PROP-2-EN-1-ONE,DB08085,drug,0.15053768,0,4.07E-11,8
1-(4-IODOBENZOYL)-5-METHOXY-2-METHYL INDOLE-3-ACETIC ACID,DB07983,drug,0.150507503,0,1.76E-12,15
"1-(4-Methoxyphenyl)-3,5-Dimethyl-1h-Pyrazole-4-Carboxylic Acid Ethyl Ester",DB04469,drug,0.150470576,0,5.08E-11,5
1-(4-thiophen-2-ylphenyl)methanamine,DB07259,drug,0.150779115,0,1.42E-11,49
"1-(5-{2-[(1-methyl-1H-pyrazolo[4,3-d]pyrimidin-7-yl)amino]ethyl}-1,3-thiazol-2-yl)-3-[3-(trifluoromethyl)phenyl]urea",DB07362,drug,0.150451316,0,1.13E-10,54
"1-(5-CHLORO-2,4-DIMETHOXYPHENYL)-3-(5-CYANOPYRAZIN-2-YL)UREA",DB07314,drug,0.150468148,0,8.93E-11,12
1-(5-CHLORO-2-METHOXYPHENYL)-3-{6-[2-(DIMETHYLAMINO)-1-METHYLETHOXY]PYRAZIN-2-YL}UREA,DB07228,drug,0.150468148,0,8.93E-11,51
"1-(5-OXO-2,3,5,9B-TETRAHYDRO-1H-PYRROLO[2,1-A]ISOINDOL-9-YL)-3-(5-PYRROLIDIN-2-YL-1H-PYRAZOL-3-YL)-UREA",DB06976,drug,0.150398889,0,1.68E-10,50
1-(5-Tert-Butyl-2-Methyl-2h-Pyrazol-3-Yl)-3-(4-Chloro-Phenyl)-Urea,DB02277,drug,0.150382517,0,1.90E-10,21
"1-(6-CYANO-3-PYRIDYLCARBONYL)-5',8'-DIFLUOROSPIRO[PIPERIDINE-4,2'(1'H)-QUINAZOLINE]-4'-AMINE",DB07405,drug,0.150386779,0,7.19E-11,32
1-(9-ethyl-9H-carbazol-3-yl)-N-methylmethanamine,DB08363,drug,0.150410041,0,3.28E-10,53
1-(adamantan-1-yl)-2-(1H-imidazol-1-yl)ethanone,DB07342,drug,0.150594669,0,1.75E-11,49
1-(biphenyl-4-ylmethyl)-1H-imidazole,DB08369,drug,0.150671256,0,2.20E-13,39
"1-(CYCLOHEXYLAMINO)-3-(6-METHYL-3,4-DIHYDRO-1H-CARBAZOL-9(2H)-YL)PROPAN-2-OL",DB07061,drug,0.150572222,0,9.97E-12,27
1-(HYDROXYMETHYLENEAMINO)-8-HYDROXY-OCTANE,DB07897,drug,0.150459983,0,9.12E-12,27
1-(PHENYLMETHYL)CYCLOPENTYL[(1S)-1-FORMYLPENTYL]CARBAMATE,DB07593,drug,0.151079281,0,1.82E-12,24
"1,1,1,3,3,3-HEXAFLUORO-2-{4-[(2,2,2-TRIFLUOROETHYL)AMINO]PHENYL}PROPAN-2-OL",DB07082,drug,0.150499627,0,4.12E-11,21
"1,1,1-TRIFLUORO-3-((N-ACETYL)-L-LEUCYLAMIDO)-4-PHENYL-BUTAN-2-ONE(N-ACETYL-L-LEUCYL-L-PHENYLALANYL TRIFLUOROMETHYL KETONE)",DB08119,drug,0.152424093,0,2.58E-13,49
"1,1,1-TRIFLUORO-3-ACETAMIDO-4-PHENYL BUTAN-2-ONE(N-ACETYL-L-PHENYLALANYL TRIFLUOROMETHYL KETONE)",DB07380,drug,0.152424093,0,2.58E-13,57
"1,10-Phenanthroline",DB02365,drug,0.506704766,273.141035,0.0057812,16
"1,2,3,4-Tetrahydro-Isoquinoline-7-Sulfonic Acid Amide",DB03468,drug,0.151038323,0,5.46E-12,22
"1,2,3-TRIHYDROXY-1,2,3,4-TETRAHYDROBENZO[A]PYRENE",DB07435,drug,0.150710157,0,1.62E-11,8
"1,2,4-Triazole",DB03594,drug,0.150737685,0,2.16E-12,50
"1,2,4-Triazole-Carboxamidine",DB02048,drug,0.150376225,0,7.61E-11,57
"1,2,5-THIADIAZOLIDIN-3-ONE-1,1-DIOXIDE",DB08593,drug,0.150357788,0,1.04E-10,53
"1,2-diacyl-sn-glycero-3-phosphoinositol",DB02144,drug,0.151604941,0,1.23E-11,11
"1,2-dichlorobenzene",DB13963,drug,0.150550841,0,1.05E-11,45
"1,2-dihexadecanoyl-sn-glycero-3-phosphoethanolamine",DB01728,drug,0.150973963,0,1.47E-11,53
"1,3,2-Dioxaborolan-2-Ol",DB04369,drug,0.150983421,0,2.14E-12,11
"1,3,3-trimethyl-2-[(1E,3E)-3-methylpenta-1,3-dien-1-yl]cyclohexene",DB08127,drug,0.152415079,0,1.44E-11,39
"1,3-CYCLOHEXANEDIOL, 4-METHYLENE-5-[(2E)-[(1S,3AS,7AS)-OCTAHYDRO-1-(5-HYDROXY-5-METHYL-1,3-HEXADIYNYL)-7A-METHYL-4H-INDEN-4-YLIDENE]ETHYLIDENE]-, (1R,3S,5Z)",DB08742,drug,0.150846869,0,2.29E-10,55
"1,3-Propanediol",DB02774,drug,0.150743268,0,1.75E-11,11
"1,4:3,6-Dianhydro-2-O-(3-carbamimidoylphenyl)-5-O-(4-carbamimidoylphenyl)-D-glucitol",DB04793,drug,0.151169173,0,2.36E-12,47
"1,4-Butanediol",DB01955,drug,0.161072717,0,1.55E-11,6
"1,4-Dideoxy-5-Dehydro-O2-Sulfo-Glucuronic Acid",DB03981,drug,0.151065094,0,1.20E-10,24
"1,4-Dideoxy-O2-Sulfo-Glucuronic Acid",DB03935,drug,0.151065094,0,1.20E-10,47
"1,4-Dioxane",DB03316,drug,0.152080302,0,1.27E-10,39
"1,4-dithio-alpha-D-glucopyranose",DB01870,drug,0.151253408,0,1.47E-12,34
"1,4-Dithiothreitol",DB04447,drug,0.155117775,0,1.48E-10,50
"1,6-DI-O-PHOSPHONO-D-MANNITOL",DB04733,drug,0.150521653,0,3.71E-11,15
"1,6-Fructose Diphosphate (Linear Form)",DB02512,drug,0.150521653,0,3.71E-11,11
"1,8-Di-Hydroxy-4-Nitro-Anthraquinone",DB03035,drug,0.15041342,0,2.01E-10,27
"1,8-Di-Hydroxy-4-Nitro-Xanthen-9-One",DB02170,drug,0.15041342,0,2.01E-10,6
"1-[(2,6-difluorophenyl)sulfonyl]-4-(2,3-dihydro-1,4-benzodioxin-6-ylsulfonyl)piperazine",DB07692,drug,0.150462592,0,7.42E-11,12
"1-[(2-Amino-6,9-Dihydro-1h-Purin-6-Yl)Oxy]-3-Methyl-2-Butanol",DB03663,drug,0.150398889,0,1.68E-10,55
"1-[(2-NITROPHENYL)SULFONYL]-1H-PYRROLO[3,2-B]PYRIDINE-6-CARBOXAMIDE",DB08791,drug,0.15041813,0,1.38E-10,54
1-[(2R)-2-aminobutanoyl]-N-(3-chlorobenzyl)-L-prolinamide,DB06878,drug,0.150459983,0,9.12E-12,6
1-[(2R)-2-aminobutanoyl]-N-(4-carbamimidoylbenzyl)-L-prolinamide,DB06947,drug,0.150459983,0,9.12E-12,38
"1-[(2S)-4-(5-BROMO-1H-PYRAZOLO[3,4-B]PYRIDIN-4-YL)MORPHOLIN-2-YL]METHANAMINE",DB08781,drug,0.150468148,0,8.93E-11,6
"1-[(2S)-4-(5-phenyl-1H-pyrazolo[3,4-b]pyridin-4-yl)morpholin-2-yl]methanamine",DB08774,drug,0.150468148,0,8.93E-11,54
"1-[(4S)-4-amino-5-(1,3-benzothiazol-2-yl)-5-oxopentyl]guanidine",DB08624,drug,0.150906804,0,5.41E-11,46
1-[[(1E)-2-(4-CHLOROPHENYL)ETHENYL]SULFONYL]-4-[[1-(4-PYRIDINYL)-4-PIPERIDINYL]METHYL]PIPERAZINE,DB08746,drug,0.150707581,0,4.60E-12,38
1-[1-(3-aminophenyl)-3-tert-butyl-1H-pyrazol-5-yl]-3-naphthalen-1-ylurea,DB06882,drug,0.150764127,0,4.32E-10,53
1-[1-(3-aminophenyl)-3-tert-butyl-1H-pyrazol-5-yl]-3-phenylurea,DB06883,drug,0.150381611,0,2.42E-10,46
"1-[1'-(3-phenylacryloyl)spiro[1-benzofuran-3,4'-piperidin]-5-yl]methanamine",DB06849,drug,0.150921766,0,5.92E-12,54
1-[2-(S)-AMINO-3-BIPHENYL-4-YL-PROPIONYL]-PYRROLIDINE-2-(S)-CARBONITRILE,DB08024,drug,0.150646997,0,2.26E-12,57
1-[2-AMINO-2-CYCLOHEXYL-ACETYL]-PYRROLIDINE-3-CARBOXYLIC ACID 5-CHLORO-2-(2-ETHYLCARBAMOYL-ETHOXY)-BENZYLAMIDE,DB06869,drug,0.150459983,0,9.12E-12,46
"1-[2-DEOXYRIBOFURANOSYL]-2,4-DIFLUORO-5-METHYL-BENZENE-5'MONOPHOSPHATE",DB07652,drug,0.150710157,0,1.62E-11,27
"1-[3-({[(4-AMINO-5-FLUORO-2-METHYLQUINOLIN-3-YL)METHYL]THIO}METHYL)PHENYL]-2,2,2-TRIFLUOROETHANE-1,1-DIOL",DB07756,drug,0.150619892,0,6.53E-12,12
"1-[3,3-Dimethyl-2-(2-Methylamino-Propionylamino)-Butyryl]-Pyrrolidine-2-Carboxylic Acid(1,2,3,4-Tetrahydro-Naphthalen-1-Yl)-Amide",DB02628,drug,0.150447336,0,7.07E-11,5
1-[4-(2-oxo-2-phenylethyl)phenyl]guanidine,DB07122,drug,0.15066403,0,6.70E-12,54
"1-[4-(4-chlorobenzyl)-1-(7H-pyrrolo[2,3-d]pyrimidin-4-yl)piperidin-4-yl]methanamine",DB08149,drug,0.15144982,0,2.44E-10,24
"1-[4-(4-chlorophenyl)-1-(7H-pyrrolo[2,3-d]pyrimidin-4-yl)piperidin-4-yl]methanamine",DB08148,drug,0.15144982,0,2.44E-10,36
"1-[4-(AMINOMETHYL)BENZOYL]-5'-FLUORO-1'H-SPIRO[PIPERIDINE-4,2'-QUINAZOLIN]-4'-AMINE",DB08750,drug,0.150386779,0,7.19E-11,27
"1-[4-(AMINOSULFONYL)PHENYL]-1,6-DIHYDROPYRAZOLO[3,4-E]INDAZOLE-3-CARBOXAMIDE",DB08527,drug,0.150398889,0,1.68E-10,9
"1-[4-(Octahydro-Pyrido[1,2-a]Pyrazin-2-Yl)-Phenyl]-2-Phenyl-1,2,3,4-Tetrahydro-Isoquinolin-6-Ol",DB03802,drug,0.150379934,0,3.14E-10,21
1-[4-(PYRIDIN-4-YLOXY)PHENYL]-3-[3-(TRIFLUOROMETHYL)PHENYL]UREA,DB08043,drug,0.150405239,0,2.02E-10,22
"1-[5-Methyl-2-(trifluoromethyl)furan-3-yl]-3-[5-[2-[[6-(1H-1,2,4-triazol-5-ylamino)pyrimidin-4-yl]amino]ethyl]-1,3-thiazol-2-yl]urea",DB07789,drug,0.1504725,0,9.92E-11,34
1-[N-4'-NITROBENZYL-N-4'-CARBOXYBUTYLAMINO]METHYLPHOSPHONIC ACID,DB07329,drug,0.152109299,0,2.78E-12,11
"1-{(1R,2S)-2-HYDROXY-1-[2-(2-NAPHTHYLOXY)ETHYL]PROPYL}-1H-IMIDAZONE-4-CARBOXAMIDE",DB07785,drug,0.150722404,0,2.72E-11,46
"1-{(2S,5S)-4-FLUORO-5-[(TRITYLOXY)METHYL]TETRAHYDROFURAN-2-YL}PYRIMIDINE-2,4(1H,3H)-DIONE",DB04685,drug,0.150796457,0,1.40E-11,55
"1-{[(3R)-3-methyl-4-({4-[(1S)-2,2,2-trifluoro-1-hydroxy-1-methylethyl]phenyl}sulfonyl)piperazin-1-yl]methyl}cyclopropanecarboxamide",DB07624,drug,0.152097189,0,1.30E-13,6
1-{[1-(2-AMINO-3-PHENYL-PROPIONYL)-PYRROLIDINE-2-CARBONYL]-AMINO}-2-(3-CYANO-PHENYL)-ETHANEBORONIC ACID,DB08420,drug,0.151169173,0,2.36E-12,6
1-{2-[(4-CHLOROPHENYL)AMINO]-2-OXOETHYL}-N-(1-ISOPROPYLPIPERIDIN-4-YL)-1H-INDOLE-2-CARBOXAMIDE,DB07974,drug,0.150707581,0,4.60E-12,46
"1-{2-[2-(2-Methoxyethoxy)Ethoxy]Ethoxy}-4-(1,1,3,3-Tetramethylbutyl)Benzene",DB02080,drug,0.152767608,0,5.39E-12,8
1-{2-OXO-3-[(1R)-1-(1H-PYRROL-2-YL)ETHYL]-2H-INDOL-5-YL}UREA,DB07132,drug,0.150469767,0,1.04E-10,13
1-{3-oxo-3-[(2S)-2-(pyrrolidin-1-ylcarbonyl)pyrrolidin-1-yl]propyl}-3-phenylquinoxalin-2(1H)-one,DB08738,drug,0.151059707,0,1.15E-11,31
"1-{4-[4-Amino-6-(4-methoxyphenyl)furo[2,3-d]pyrimidin-5-yl]phenyl}-3-[2-fluoro-5-(trifluoromethyl)phenyl]urea",DB04727,drug,0.150391527,0,7.86E-11,46
"1-{5-[2-(thieno[3,2-d]pyrimidin-4-ylamino)ethyl]-1,3-thiazol-2-yl}-3-[3-(trifluoromethyl)phenyl]urea",DB07360,drug,0.150451316,0,1.13E-10,40
"1-{7-cyclohexyl-6-[4-(4-methylpiperazin-1-yl)benzyl]-7H-pyrrolo[2,3-d]pyrimidin-2-yl}methanamine",DB07563,drug,0.151079281,0,1.82E-12,32
"10,11-dimethoxy-4-methyldibenzo[c,f]-2,7-naphthyridine-3,6-diamine",DB06932,drug,0.150469767,0,1.04E-10,32
10-hydroxycamptothecin,DB12385,drug,0.191246377,0.019387545,2.71E-05,52
"10-Propargyl-5,8-Dideazafolic Acid",DB03541,drug,0.154252728,0,3.48E-11,47
"12-(2-hydroxyethyl)-2-(1-methylethoxy)-13,14-dihydronaphtho[2,1-a]pyrrolo[3,4-c]carbazol-5(12H)-one",DB08703,drug,0.150643449,0,5.06E-11,8
12-Bromododecanoic Acid,DB02405,drug,0.151939617,0,6.24E-12,45
12-Hydroxydodecanoic Acid,DB03704,drug,0.150916348,0,1.05E-11,46
12-Phenylheme,DB02468,drug,0.150594669,0,1.75E-11,46
1-3 Sugar Ring of Pentamannosyl 6-Phosphate,DB02755,drug,0.151762921,0,9.60E-12,22
13-Acetylphorbol,DB04376,drug,0.150432735,0,1.20E-10,32
13-deoxydoxorubicin,DB05706,drug,0.150427338,0,8.45E-11,49
"16,17-Androstene-3-Ol",DB01889,drug,0.150591673,0,6.15E-11,12
16-Bromoepiandrosterone,DB05107,drug,0.225065151,483.5492267,0.00085718,3
17alpha-Estriol,DB07702,drug,0.151300279,0,1.46E-10,36
17-METHYL-17-ALPHA-DIHYDROEQUILENIN,DB06871,drug,0.150806545,0,4.04E-10,34
"18-CHLORO-11,12,13,14-TETRAHYDRO-1H,10H-8,4-(AZENO)-9,15,1,3,6-BENZODIOXATRIAZACYCLOHEPTADECIN-2-ONE",DB07311,drug,0.150468148,0,8.93E-11,36
18-methyl-19-nortestosterone,DB01543,drug,0.287633841,68.21460872,0.00123021,59
"19-(cyclopropylamino)-4,6,7,15-tetrahydro-5H-16,1-(azenometheno)-10,14-(metheno)pyrazolo[4,3-o][1,3,9]triazacyclohexadecin-8(9H)-one",DB08338,drug,0.15041342,0,2.01E-10,32
19-norandrostenedione,DB01434,drug,0.22382692,1.247069418,0.00085718,17
1-ACETYL-2-CARBOXYPIPERIDINE,DB07384,drug,0.157853152,0,1.15E-10,36
1-Acetyl-4-(4-{4-[(2-Ethoxyphenyl)Thio]-3-Nitrophenyl}Pyridin-2-Yl)Piperazine,DB02177,drug,0.151193001,0,7.25E-12,43
1-Allyl-3-Butyl-8-(N-Acetyl-4-Aminobenzyl)-Xanthine,DB03267,drug,0.150831716,0,1.25E-11,5
"1alpha,24S-Dihydroxyvitamin D2",DB06117,drug,0.376380099,201.6394673,0.00184061,17
1alpha-Hydroxyvitamin D5,DB13097,drug,0.376380099,201.6394673,0.00184061,17
1-Amino-6-Cyclohex-3-Enylmethyloxypurine,DB02603,drug,0.150398889,0,1.68E-10,22
"1-Azepan-1-Yl-2-Phenyl-2-(4-Thioxo-1,4-Dihydro-Pyrazolo[3,4-D]Pyrimidin-5-Yl)Ethanone Adduct",DB02820,drug,0.150576635,0,5.91E-11,57
1-Benzyl-3-(4-Methoxy-Benzenesulfonyl)-6-Oxo-Hexahydro-Pyrimidine-4-Carboxylic Acid Hydroxyamide,DB04140,drug,0.150507551,0,9.27E-12,22
"1-BENZYL-3-(4-METHOXYPHENYLAMINO)-4-PHENYLPYRROLE-2,5-DIONE",DB08063,drug,0.151077044,0,1.83E-10,57
"1-BENZYL-4-[(5,6-DIMETHOXY-1-INDANON-2-YL)METHYL]PIPERIDINE",DB07701,drug,0.150619892,0,6.53E-12,19
1-benzylimidazole,DB04581,drug,0.793209364,4578.796915,0.01224451,16
"1-Beta-Ribofuranosyl-1,3-Diazepinone",DB03185,drug,0.156218579,0,6.89E-12,13
1-biphenyl-2-ylmethanamine,DB07412,drug,0.150646997,0,2.26E-12,12
1-butanoyl-N-(4-carbamimidoylbenzyl)-L-prolinamide,DB06929,drug,0.150459983,0,9.12E-12,32
1-CHLORO-6-(4-HYDROXYPHENYL)-2-NAPHTHOL,DB07119,drug,0.150853556,0,2.51E-10,5
"1-cyclobutyl-3-(3,4-dimethoxyphenyl)-1H-pyrazolo[3,4-d]pyrimidin-4-amine",DB08053,drug,0.150381611,0,2.42E-10,19
1-CYCLOHEXYL-N-{[1-(4-METHYLPHENYL)-1H-INDOL-3-YL]METHYL}METHANAMINE,DB06833,drug,0.150639141,0,4.10E-11,22
1D09C3,DB05121,drug,0.151666165,0,3.01E-11,54
1-Deaza-Adenosine,DB04218,drug,0.150722404,0,2.72E-11,41
1-DECYL-3-TRIFLUORO ETHYL-SN-GLYCERO-2-PHOSPHOMETHANOL,DB07836,drug,0.153700167,0,2.66E-13,51
1-Deoxy-1-acetylamino-beta-D-gluco-2-heptulopyranosonamide,DB04544,drug,0.151371395,0,9.97E-12,32
1-Deoxy-1-methoxycarbamido-beta-D-gluco-2-heptulopyranosonamide,DB04013,drug,0.151371395,0,9.97E-12,40
1-deoxy-1-methoxycarbamido-beta-D-glucopyranose,DB03657,drug,0.151371395,0,9.97E-12,40
1-Deoxy-1-Thio-Heptaethylene Glycol,DB02404,drug,0.150619892,0,6.53E-12,10
1-deoxymannojirimycin,DB03955,drug,0.151911519,0,1.99E-12,32
"1D-myo-inositol 1,4,5-trisphosphate",DB03401,drug,0.155116538,0,2.18E-10,50
1-Dodecanol,DB06894,drug,0.155824215,0,1.85E-13,10
1-ETHOXYCARBONYL-D-PHE-PRO-2(4-AMINOBUTYL)HYDRAZINE,DB07400,drug,0.150459983,0,9.12E-12,39
"1-ethyl-N-(phenylmethyl)-4-(tetrahydro-2H-pyran-4-ylamino)-1H-pyrazolo[3,4-b]pyridine-5-carboxamide",DB06909,drug,0.150831539,0,1.15E-11,49
"1-Ethyl-Pyrrolidine-2,5-Dione",DB01902,drug,0.152413596,0,1.93E-11,47
1-Guanidinium-7-Aminoheptane,DB03639,drug,0.150850014,0,1.58E-11,27
1-GUANIDINO-4-(N-NITRO-BENZOYLAMINO-L-LEUCYL-L-PROLYLAMINO)BUTANE,DB04771,drug,0.150459983,0,9.12E-12,12
1-GUANIDINO-4-(N-PHENYLMETHANESULFONYL-L-LEUCYL-L-PROLYLAMINO)BUTANE,DB04772,drug,0.150459983,0,9.12E-12,45
1h-Benoximidazole-2-Carboxylic Acid,DB03028,drug,0.150640419,0,1.38E-11,9
1-Hexadecanosulfonic Acid,DB02776,drug,0.151143193,0,5.13E-12,45
1-Hydroxy-1-Thio-Glycerol,DB01684,drug,0.151059707,0,1.15E-11,43
1-Hydroxy-2-Amino-3-Cyclohexylpropane,DB04387,drug,0.1513182,0,3.93E-13,46
1-hydroxy-2-isopropylguanidine,DB02143,drug,0.150763672,0,1.87E-11,46
1-Hydroxy-2-S-glutathionyl-3-para-nitrophenoxy-propane,DB03706,drug,0.1510506,0,1.14E-11,38
1-Hydroxyamine-2-Isobutylmalonic Acid,DB02326,drug,0.150972307,0,5.29E-13,41
"1-Methyl-2-Oxy-5,5-Dimethyl Pyrrolidine",DB03968,drug,0.1513182,0,3.93E-13,46
"1-methyl-3-naphthalen-2-yl-1H-pyrazolo[3,4-d]pyrimidin-4-amine",DB08300,drug,0.150489498,0,6.38E-11,36
"1-Methyl-3-Oxo-1,3-Dihydro-Benzo[C]Isothiazole-5-Sulfonic Acid Amide",DB03294,drug,0.150737685,0,2.16E-12,38
1-METHYL-3-PHENYL-1H-PYRAZOL-5-YLSULFAMIC ACID,DB04800,drug,0.150357788,0,1.04E-10,32
"1-METHYL-3-TRIFLUOROMETHYL-1H-THIENO[2,3-C]PYRAZOLE-5-CARBOXYLIC ACID (2-MERCAPTO-ETHYL)-AMIDE",DB07733,drug,0.150417968,0,3.70E-11,13
"1-METHYL-5-(2-PHENOXYMETHYL-PYRROLIDINE-1-SULFONYL)-1H-INDOLE-2,3-DIONE",DB08213,drug,0.150390311,0,7.41E-11,11
"1-methyl-8-(phenylamino)-4,5-dihydro-1H-pyrazolo[4,3-h]quinazoline-3-carboxylic acid",DB08355,drug,0.150398889,0,1.68E-10,9
1-Methylhistidine,DB04151,drug,0.150433626,0,7.89E-11,6
1-Methylimidazole,DB02671,drug,0.153688769,0,2.52E-12,34
"1-N-(4-SULFAMOYLPHENYL-ETHYL)-2,4,6-TRIMETHYLPYRIDINIUM",DB04763,drug,0.150737685,0,2.16E-12,38
1-naphthaleneacetic acid,DB01750,drug,0.150565038,0,6.36E-11,10
1-Naphthylamine-5-sulfonic acid,DB07176,drug,0.150550616,0,1.84E-11,27
1-O-Octyl-2-Heptylphosphonyl-Sn-Glycero-3-Phosphoethanolamine,DB03565,drug,0.153700167,0,2.66E-13,34
1-PHENYL-1H-PYRAZOLE-4-CARBOXYLIC ACID,DB08790,drug,0.152888312,0,1.14E-12,43
1-Phenylsulfonamide-3-Trifluoromethyl-5-Parabromophenylpyrazole,DB03477,drug,0.150355894,0,4.10E-11,32
"1-Ter-Butyl-3-P-Tolyl-1h-Pyrazolo[3,4-D]Pyrimidin-4-Ylamine",DB01809,drug,0.150462075,0,9.53E-11,34
"1-TERT-BUTYL-3-(2,5-DIMETHYLBENZYL)-1H-PYRAZOLO[3,4-D]PYRIMIDIN-4-AMINE",DB08035,drug,0.150367355,0,3.66E-10,38
"1-tert-butyl-3-(3-methylbenzyl)-1H-pyrazolo[3,4-d]pyrimidin-4-amine",DB08699,drug,0.150530594,0,4.42E-11,39
"1-Tert-Butyl-3-(4-Chloro-Phenyl)-1h-Pyrazolo[3,4-D]Pyrimidin-4-Ylamine",DB03023,drug,0.151204173,0,4.81E-10,39
1-Testosterone,DB01481,drug,0.361828117,1720.893548,0.00208739,2
2-((9H-PURIN-6-YLTHIO)METHYL)-5-CHLORO-3-(2-METHOXYPHENYL)QUINAZOLIN-4(3H)-ONE,DB06831,drug,0.151071452,0,8.28E-11,54
"2-({[2,3,5,6-TETRAFLUORO-3'-(TRIFLUOROMETHOXY)BIPHENYL-4-YL]AMINO}CARBONYL)CYCLOPENTA-1,3-DIENE-1-CARBOXYLIC ACID",DB07978,drug,0.151682742,0,1.73E-12,8
"2-({[3-(3,4-dihydroisoquinolin-2(1H)-ylsulfonyl)phenyl]carbonyl}amino)benzoic acid",DB07691,drug,0.150435126,0,9.13E-11,50
"2-({[3,5-DIFLUORO-3'-(TRIFLUOROMETHOXY)BIPHENYL-4-YL]AMINO}CARBONYL)CYCLOPENT-1-ENE-1-CARBOXYLIC ACID",DB07975,drug,0.151682742,0,1.73E-12,45
2-({2-[(3-HYDROXYPHENYL)AMINO]PYRIMIDIN-4-YL}AMINO)BENZAMIDE,DB07268,drug,0.150396466,0,1.81E-10,53
2-({2-[(3R)-3-AMINOPIPERIDIN-1-YL]-4-OXOQUINAZOLIN-3(4H)-YL}METHYL)BENZONITRILE,DB08588,drug,0.150646997,0,2.26E-12,38
"2-({4-[(5-CHLORO-1H-INDOL-2-YL)SULFONYL]PIPERAZIN-1-YL}CARBONYL)THIENO[3,2-B]PYRIDINE 4-OXIDE",DB07605,drug,0.150707581,0,4.60E-12,50
2-({4-[4-(pyridin-4-ylmethyl)-1H-pyrazol-3-yl]phenoxy}methyl)quinoline,DB08384,drug,0.156401436,0,1.85E-12,40
2-({5-CHLORO-2-[(2-METHOXY-4-MORPHOLIN-4-YLPHENYL)AMINO]PYRIMIDIN-4-YL}AMINO)-N-METHYLBENZAMIDE,DB07460,drug,0.150421025,0,1.39E-10,9
2-({6-[(3-Chlorophenyl)amino]-9-isopropyl-9H-purin-2-yl}amino)ethanol,DB08325,drug,0.150542878,0,6.38E-11,54
"2-({8-[(3R)-3-AMINOPIPERIDIN-1-YL]-1,3-DIMETHYL-2,6-DIOXO-1,2,3,6-TETRAHYDRO-7H-PURIN-7-YL}METHYL)BENZONITRILE",DB08743,drug,0.150646997,0,2.26E-12,21
"2-(1,3-benzodioxol-5-yl)-5-[(3-fluoro-4-methoxybenzyl)sulfanyl]-1,3,4-oxadiazole",DB07014,drug,0.150410568,0,1.98E-10,41
"2-(1,3-thiazol-4-yl)-1H-benzimidazole-5-sulfonamide",DB08083,drug,0.150737685,0,2.16E-12,50
"2-(1H-imidazol-1-yl)-9-methoxy-8-(2-methoxyethoxy)benzo[c][2,7]naphthyridin-4-amine",DB07300,drug,0.150469767,0,1.04E-10,19
2-(1H-pyrazol-3-yl)-1H-benzimidazole,DB08065,drug,0.150451316,0,1.13E-10,31
"2-(1H-pyrrol-1-ylcarbonyl)benzene-1,3,5-triol",DB08443,drug,0.150401349,0,1.85E-10,22
"2-(2,6-DICHLOROPHENYL)-1,3-BENZOXAZOLE-6-CARBOXYLIC ACID",DB06907,drug,0.150550616,0,1.84E-11,11
"2-(2,6-DIFLUOROPHENOXY)-N-(2-FLUOROPHENYL)-9-ISOPROPYL-9H-PURIN-8-AMINE",DB08097,drug,0.150382517,0,1.90E-10,57
2-(2-{2-[(BIPHENYL-4-YLMETHYL)-AMINO]-3-MERCAPTO-PENTANOYLAMINO}-ACETYLAMINO)-3-METHYL-BUTYRIC ACID METHYL ESTER,DB08643,drug,0.150507551,0,9.27E-12,34
"2-(2-{2-[2-(2-{2-[2-(2-Ethoxy-Ethoxy)-Ethoxy]-Ethoxy}-Ethoxy)-Ethoxy]-Ethoxy}-Ethoxy)-Ethanol, Polyethyleneglycol Peg400",DB03556,drug,0.150710535,0,1.30E-11,41
"2-(2-CHLORO-4-FLUOROPHENOXY)-2-METHYL-N-[(1R,2S,3S,5S,7S)-5-(METHYLSULFONYL)-2-ADAMANTYL]PROPANAMIDE",DB08277,drug,0.152097189,0,1.30E-13,38
2-(2f-Benzothiazolyl)-5-Styryl-3-(4f-Phthalhydrazidyl)Tetrazolium Chloride,DB01897,drug,0.152888312,0,1.14E-12,47
"2-(2-Hydroxy-1,1-Dihydroxymethyl-Ethylamino)-Ethanesulfonic Acid",DB02371,drug,0.150766339,0,5.76E-12,24
2-(2-Hydroxy-5-Methoxy-Phenyl)-1h-Benzoimidazole-5-Carboxamidine,DB01905,drug,0.151833203,0,9.06E-12,27
2-(2-Hydroxy-Phenyl)-1h-Indole-5-Carboxamidine,DB02463,drug,0.151169173,0,2.36E-12,55
2-(2-hydroxy-phenyl)-3H-benzoimidazole-5-carboxamidine,DB02287,drug,0.152293186,0,1.82E-11,51
2-(2-METHYLPHENYL)-1H-INDOLE-5-CARBOXIMIDAMIDE,DB08184,drug,0.151169173,0,2.36E-12,41
2-(2-METHYLPHENYL)-1H-INDOLE-6-CARBOXIMIDAMIDE,DB06918,drug,0.151169173,0,2.36E-12,55
"2-(2-PHENYL-3-PYRIDIN-2-YL-4,5,6,7-TETRAHYDRO-2H-ISOPHOSPHINDOL-1-YL)PYRIDINE",DB07393,drug,0.151530745,0,9.52E-12,22
"2-(2-QUINOLIN-3-YLPYRIDIN-4-YL)-1,5,6,7-TETRAHYDRO-4H-PYRROLO[3,2-C]PYRIDIN-4-ONE",DB08358,drug,0.150978188,0,1.64E-10,38
"2-(3-((4,5,7-trifluorobenzo[d]thiazol-2-yl)methyl)-1H-pyrrolo[2,3-b]pyridin-1-yl)acetic acid",DB08449,drug,0.152372549,0,6.88E-12,19
"2-(3,4-DIHYDROXYPHENYL)-8-(1,1-DIOXIDOISOTHIAZOLIDIN-2-YL)-3-HYDROXY-6-METHYL-4H-CHROMEN-4-ONE",DB07024,drug,0.150398889,0,1.68E-10,24
"2-(3,5-DIMETHYLPHENYL)-1,3-BENZOXAZOLE",DB08207,drug,0.150550616,0,1.84E-11,43
"2-(3-AMINO-2,5,6-TRIMETHOXYPHENYL)ETHYL 5-CHLORO-2,4-DIHYDROXYBENZOATE",DB08465,drug,0.150914362,0,2.55E-10,19
2-(3'-Methoxyphenyl) Benzimidazole-4-Carboxamide,DB04010,drug,0.150440173,0,9.92E-11,53
2-(3-METHYLPHENYL)-1H-INDOLE-5-CARBOXIMIDAMIDE,DB06923,drug,0.151169173,0,2.36E-12,10
"2-(4-(AMINOMETHYL)PIPERIDIN-1-YL)-N-(3_CYCLOHEXYL-4-OXO-2,4-DIHYDROINDENO[1,2-C]PYRAZOL-5-YL)ACETAMIDE",DB07618,drug,0.150398889,0,1.68E-10,41
2-(4-CARCOXY-5-ISOPROPYLTHIAZOLYL)BENZOPIPERIDINE,DB08192,drug,0.150381611,0,2.42E-10,45
"2-(4-CHLOROBENZYLAMINO)-4-(PHENYLAMINO)PYRAZOLO[1,5-A][1,3,5]TRIAZINE-8-CARBONITRILE",DB08354,drug,0.15041342,0,2.01E-10,40
2-(4-Chlorophenyl)-5-Quinoxalinecarboxamide,DB03509,drug,0.19168655,395.5351229,2.71E-05,12
2-(4-CHLORO-PHENYLAMINO)-NICOTINIC ACID,DB08784,drug,0.151688939,0,1.22E-11,45
"2-(4-ETHYLPIPERAZIN-1-YL)-4-(PHENYLAMINO)PYRAZOLO[1,5-A][1,3,5]TRIAZINE-8-CARBONITRILE",DB08360,drug,0.15041342,0,2.01E-10,45
"2-(4-fluorophenyl)-N-{[3-fluoro-4-(1H-pyrrolo[2,3-b]pyridin-4-yloxy)phenyl]carbamoyl}acetamide",DB06997,drug,0.15041813,0,1.38E-10,22
2-(4-HYDROXY-3-NITROPHENYL)ACETIC ACID,DB08294,drug,0.161290593,0,7.67E-12,31
2-(4-HYDROXY-5-PHENYL-1H-PYRAZOL-3-YL)-1H-BENZOIMIDAZOLE-5-CARBOXAMIDINE,DB07207,drug,0.154414709,0,1.14E-11,24
2-(4-hydroxyphenyl)benzo[b]thiophen-6-ol,DB08773,drug,0.150806545,0,4.04E-10,53
2-(4-HYDROXY-PHENYL)BENZOFURAN-5-OL,DB07032,drug,0.150430163,0,1.30E-10,31
2-(5-CHLORO-2-THIENYL)-N-{(3S)-1-[(1S)-1-METHYL-2-MORPHOLIN-4-YL-2-OXOETHYL]-2-OXOPYRROLIDIN-3-YL}ETHANESULFONAMIDE,DB07277,drug,0.15116756,0,1.37E-11,22
"2-(5-HYDROXY-NAPHTHALEN-1-YL)-1,3-BENZOOXAZOL-6-OL",DB07009,drug,0.150853556,0,2.51E-10,19
"2-(6-{[(3-chloro-2-methylphenyl)sulfonyl]amino}pyridin-2-yl)-N,N-diethylacetamide",DB07056,drug,0.152097189,0,1.30E-13,45
"2-(6-CHLORO-3-{[2,2-DIFLUORO-2-(1-OXIDO-2-PYRIDINYL)ETHYL]AMINO}-2-OXO-1(2H)-PYRAZINYL)-N-[(2-FLUOROPHENYL)METHYL]ACETAMIDE",DB07550,drug,0.150459983,0,9.12E-12,12
"2-(6-CHLORO-3-{[2,2-DIFLUORO-2-(2-PYRIDINYL)ETHYL]AMINO}-2-OXO-1(2H)-PYRAZINYL)-N-[(2-FLUORO-3-METHYL-6-PYRIDINYL)METHYL]ACETAMIDE",DB07549,drug,0.150459983,0,9.12E-12,21
"2-(6-CHLORO-3-{[2,2-DIFLUORO-2-(2-PYRIDINYL)ETHYL]AMINO}-2-OXO-1(2H)-PYRAZINYL)-N-[(2-FLUORO-6-PYRIDINYL)METHYL]ACETAMIDE",DB07548,drug,0.150459983,0,9.12E-12,39
"2-(6-HYDROXY-1,3-BENZOTHIAZOL-2-YL)-1,3-THIAZOL-4(5H)-ONE",DB08326,drug,0.152213627,0,2.05E-12,57
2-(6-methylpyridin-2-yl)-N-pyridin-4-ylquinazolin-4-amine,DB07267,drug,0.150408329,0,1.07E-10,13
2-(Acetylamino)-2-Deoxy-6-O-Methyl-Alpha-D-Allopyranose,DB03539,drug,0.154873169,0,1.35E-12,22
"2-(Beta-D-Glucopyranosyl)-5-Methyl-1,2,3-Benzimidazole",DB03133,drug,0.151371395,0,9.97E-12,34
"2-(Beta-D-Glucopyranosyl)-5-Methyl-1,3,4-Benzothiazole",DB03250,drug,0.151371395,0,9.97E-12,5
"2-(Beta-D-Glucopyranosyl)-5-Methyl-1,3,4-Oxadiazole",DB03354,drug,0.151371395,0,9.97E-12,13
"2-(Biphenyl-4-Sulfonyl)-1,2,3,4-Tetrahydro-Isoquinoline-3-Carboxylic Acid",DB03207,drug,0.150972307,0,5.29E-13,41
"2-(CARBOXYMETHYL)-1-OXO-1,2-DIHYDRONAPHTHO[1,2-D]ISOTHIAZOLE-4-CARBOXYLIC ACID 3,3-DIOXIDE",DB08000,drug,0.152372549,0,6.88E-12,45
"2-(cycloheptylmethyl)-1,1-dioxido-1-benzothiophen-6-yl sulfamate",DB06954,drug,0.150737685,0,2.16E-12,34
2-(cyclohexylamino)benzoic acid,DB07038,drug,0.150468148,0,8.93E-11,53
"2-(CYCLOHEXYLMETHYLAMINO)-4-(PHENYLAMINO)PYRAZOLO[1,5-A][1,3,5]TRIAZINE-8-CARBONITRILE",DB08353,drug,0.15041342,0,2.01E-10,53
2-(ETHOXYMETHYL)-4-(4-FLUOROPHENYL)-3-[2-(2-HYDROXYPHENOXY)PYRIMIDIN-4-YL]ISOXAZOL-5(2H)-ONE,DB08395,drug,0.150382517,0,1.90E-10,34
2-(hydrazinocarbonyl)-3-phenyl-1H-indole-5-sulfonamide,DB08659,drug,0.150737685,0,2.16E-12,9
"2-(methylamino)-N-(4-methyl-1,3-thiazol-2-yl)-5-[(4-methyl-4H-1,2,4-triazol-3-yl)sulfanyl]benzamide",DB08118,drug,0.152365357,0,1.10E-12,53
2-(methylsulfanyl)-5-(thiophen-2-ylmethyl)-1H-imidazol-4-ol,DB08779,drug,0.150468148,0,8.93E-11,53
2-(N-morpholino)ethanesulfonic acid,DB03814,drug,0.159539334,0,9.18E-11,43
"2-(Oxalyl-Amino)-4,5,6,7-Tetrahydro-Thieno[2,3-C]Pyridine-3-Carboxylic Acid",DB03670,drug,0.150357788,0,1.04E-10,10
"2-(Oxalyl-Amino)-4,7-Dihydro-5h-Thieno[2,3-C]Pyran-3-Carboxylic Acid",DB03102,drug,0.150357788,0,1.04E-10,9
"2-(Oxalyl-Amino)-4,7-Dihydro-5h-Thieno[2,3-C]Thiopyran-3-Carboxylic Acid",DB02072,drug,0.150357788,0,1.04E-10,10
2-(Oxalyl-Amino)-Benzoic Acid,DB02622,drug,0.150357788,0,1.04E-10,21
2(S)-Amino-6-Boronohexanoic Acid,DB01983,drug,0.150752385,0,1.31E-11,39
2-(Sec-Butyl)Thiazole,DB03087,drug,0.171477555,0,3.93E-14,54
2-(Thiomethylene)-4-Methylpentanoic Acid,DB02996,drug,0.152784008,0,5.44E-14,45
"2,2,2-TRIFLUORO-1-{5-[(3-PHENYL-5,6-DIHYDROIMIDAZO[1,2-A]PYRAZIN-7(8H)-YL)CARBONYL]THIOPHEN-2-YL}ETHANE-1,1-DIOL",DB08613,drug,0.150431737,0,8.00E-11,10
"2,2'-{[9-(HYDROXYIMINO)-9H-FLUORENE-2,7-DIYL]BIS(OXY)}DIACETIC ACID",DB07034,drug,0.150468148,0,8.93E-11,24
"2,3,4,5,6-Pentafluorobenzyl Alcohol",DB01711,drug,0.154220762,0,2.33E-14,36
"2,3,5,6-Tetrafluoro-4-Methoxy-Benzamide",DB01827,drug,0.150448714,0,3.57E-11,39
"2,3,6A,7,8,9-HEXAHYDRO-11H-[1,4]DIOXINO[2,3-G]PYRROLO[2,1-B][1,3]BENZOXAZIN-11-ONE",DB07598,drug,0.150598902,0,4.25E-11,57
"2,3,-Dihydroxybenzoylserine",DB02710,drug,0.150536805,0,1.54E-11,55
"2',3'-Dehydro-2',3'-Deoxy-Thymidine 5'-Diphosphate",DB02569,drug,0.150477512,0,2.86E-11,32
"2,3-Dicarboxy-4-(2-Chloro-Phenyl)-1-Ethyl-5-Isopropoxycarbonyl-6-Methyl-Pyridinium",DB04055,drug,0.151371395,0,9.97E-12,46
"2',3'-dideoxy-3'-fluoro-urididine-5'-diphosphate",DB04068,drug,0.150477512,0,2.86E-11,43
"2',3'-Dideoxyadenosine triphosphate",DB02189,drug,0.151143278,0,1.56E-11,6
"2',3'-Dideoxythymidine-5'-Monophosphate",DB03150,drug,0.16286588,0,8.05E-13,32
"2,3-Difluorobenzyl Alcohol",DB04312,drug,0.154220762,0,2.33E-14,50
"2,3-Dihydroxy-Benzoic Acid",DB01672,drug,0.150536805,0,1.54E-11,51
"2,3-DIMETHOXY-12H-[1,3]DIOXOLO[5,6]INDENO[1,2-C]ISOQUINOLIN-6-IUM",DB07354,drug,0.150531861,0,5.07E-11,53
"2,3-diphenyl-1H-indole-7-carboxylic acid",DB08709,drug,0.150455891,0,6.96E-11,43
"2,3-DIPHENYL-N-(2-PIPERAZIN-1-YLETHYL)FURO[2,3-B]PYRIDIN-4-AMINE",DB07146,drug,0.150405063,0,1.37E-10,10
"2,4,6-Triaminoquinazoline",DB02532,drug,0.152264773,0,3.25E-12,22
"2,4,6-Tribromophenol",DB02417,drug,0.150550616,0,1.84E-11,47
"2,4-Diamino-5-(3,4,5-Trimethoxy-Benzyl)-Pyrimidin-1-Ium",DB03125,drug,0.150741985,0,1.66E-11,24
"2,4-Diamino-5-Methyl-6-[(3,4,5-Trimethoxy-N-Methylanilino)Methyl]Pyrido[2,3-D]Pyrimidine",DB02104,drug,0.150741985,0,1.66E-11,53
"2,4-Diamino-5-phenyl-6-ethylpyrimidine",DB07577,drug,0.151004668,0,1.45E-11,34
"2,4-Diamino-6-[N-(2',5'-Dimethoxybenzyl)-N-Methylamino]Quinazoline",DB02427,drug,0.150741985,0,1.66E-11,41
"2,4-Diamino-6-[N-(3',4',5'-Trimethoxybenzyl)-N-Methylamino]Pyrido[2,3-D]Pyrimidine",DB02919,drug,0.150741985,0,1.66E-11,49
"2,4-Diamino-6-[N-(3',5'-Dimethoxybenzyl)-N-Methylamino]Pyrido[2,3-D]Pyrimidine",DB03987,drug,0.150741985,0,1.66E-11,13
"2,4-Diamino-6-Phenyl-5,6,7,8,-Tetrahydropteridine",DB02911,drug,0.150376225,0,7.61E-11,31
"2',4'-DICHLORO-4-HYDROXY-1,1'-BIPHENYL-3-CARBOXYLIC ACID",DB07047,drug,0.150550616,0,1.84E-11,6
"2,4-Difluorobenzyl Alcohol 2,4-Difluoro-1-(Hydroxymethyl)Benzene",DB04448,drug,0.154220762,0,2.33E-14,13
"2,4-Dihydroxy-Trans Cinnamic Acid",DB01704,drug,0.152424093,0,2.58E-13,39
"2,4-thiazolidinedione",DB11898,drug,0.929386005,1399.329136,0.010335244,58
"2,5-Anhydroglucitol-1,6-Biphosphate",DB02778,drug,0.150692977,0,2.15E-11,53
"2,5-bis-O-{3-[amino(imino)methyl]phenyl}-1,4:3,6-dianhydro-D-glucitol",DB04790,drug,0.151169173,0,2.36E-12,6
"2,5-dichloro-N-(3,5-dibromo-4-hydroxyphenyl)benzamide",DB07694,drug,0.150550616,0,1.84E-11,38
"2,5-DICHLORO-N-(5-CHLORO-1,3-BENZOXAZOL-2-YL)BENZENESULFONAMIDE",DB07312,drug,0.150692977,0,2.15E-11,55
"2,5-DICHLORO-N-[5-METHOXY-7-(6-METHOXYPYRIDIN-3-YL)-1,3-BENZOXAZOL-2-YL]BENZENESULFONAMIDE",DB07321,drug,0.150692977,0,2.15E-11,13
"2',5'-DIDEOXY-ADENOSINE 3'-MONOPHOSPHATE",DB06843,drug,0.15112451,0,2.11E-12,49
"2,5-Dimethoxy-4-ethylamphetamine",DB01467,drug,1.467645015,7687.343079,0.020165944,28
"2,5-Dimethoxy-4-ethylthioamphetamine",DB13940,drug,1.816362301,13828.45256,0.02562206,28
"2,5-di-tert-butylhydroquinone",DB04638,drug,0.151418077,0,9.78E-12,54
"2,5-O,O-BIS-{4',4''-AMIDINOPHENYL}-1,4:3,6-DIANHYDRO-D-SORBITOL",DB04792,drug,0.151169173,0,2.36E-12,36
"2,6,8-Trimethyl-3-Amino-9-Benzyl-9-Methoxynonanoic Acid",DB02506,drug,0.151716427,0,3.68E-10,49
"2,6-Diamino-(S)-9-[2-(Phosphonomethoxy)Propyl]Purine",DB02222,drug,0.150792162,0,1.80E-11,49
"2,6-Diamino-Hexanoic Acid Amide",DB03988,drug,0.151277936,0,5.59E-12,50
"2,6-dibromo-4-[(E)-2-phenylethenyl]phenol",DB08101,drug,0.150550616,0,1.84E-11,49
"2,6-dibromo-4-phenoxyphenol",DB08103,drug,0.150550616,0,1.84E-11,38
"2,6-dicarboxynaphthalene",DB08262,drug,0.15149262,0,1.90E-11,6
"2,6-Difluorobenzenesulfonamide",DB03270,drug,0.150737685,0,2.16E-12,47
"2',6'-DIFLUOROBIPHENYL-4-CARBOXYLIC ACID",DB06935,drug,0.150550616,0,1.84E-11,54
"2,6-dimethyl-4-[(E)-2-phenylethenyl]phenol",DB08100,drug,0.150550616,0,1.84E-11,27
"2,8-bis[oxido(oxo)vanadio]-1,1,1,3,5,5,7,7,9,9,9-undecaoxopentavanadoxane-2,8-diium",DB02681,drug,0.150608983,0,3.37E-11,50
"2-[({2-[(1Z)-3-(DIMETHYLAMINO)PROP-1-ENYL]-4-FLUOROPHENYL}SULFONYL)AMINO]-5,6,7,8-TETRAHYDRONAPHTHALENE-1-CARBOXYLIC ACID",DB07323,drug,0.150855746,0,1.29E-11,8
2-[({4-[2-(trifluoromethyl)phenyl]piperidin-1-yl}carbonyl)amino]benzoic acid,DB06985,drug,0.151673363,0,3.94E-12,53
"2-[(1S)-1-BENZYL-2-SULFANYLETHYL]-1H-IMIDAZO[4,5-C]PYRIDIN-5-IUM",DB08575,drug,0.150875541,0,4.11E-12,6
"2-[(2',3',4'-TRIFLUOROBIPHENYL-2-YL)OXY]ETHANOL",DB08611,drug,0.152559466,0,2.30E-12,10
"2-[(2,4-DICHLOROBENZOYL)AMINO]-5-(PYRIMIDIN-2-YLOXY)BENZOIC ACID",DB08402,drug,0.151226182,0,3.80E-10,27
"2-[(2-chloro-4-iodophenyl)amino]-N-{[(2R)-2,3-dihydroxypropyl]oxy}-3,4-difluorobenzamide",DB07046,drug,0.150433465,0,1.16E-10,13
2-[(2-methoxy-5-methylphenoxy)methyl]pyridine,DB07427,drug,0.15149262,0,1.90E-11,39
"2-[(2-methoxyethyl)amino]-4-(4-oxo-1,2,3,4-tetrahydro-9H-carbazol-9-yl)benzamide",DB08557,drug,0.150401349,0,1.85E-10,8
"2-[(3,5-Dichloro-4-trioxidanylphenyl)amino]benzoic acid",DB04756,drug,0.150550616,0,1.84E-11,19
2-[(3-Hydroxy-2-Methyl-5-Phosphonooxymethyl-Pyridin-4-Ylmethyl)-Imino]-5-Phosphono-Pent-3-Enoic Acid,DB02328,drug,0.152634638,0,8.66E-12,46
"2-[(4-ETHYNYL-2-FLUOROPHENYL)AMINO]-3,4-DIFLUORO-N-(2-HYDROXYETHOXY)BENZAMIDE",DB08208,drug,0.150433465,0,1.16E-10,32
2-[(4-fluorophenyl)sulfonylamino]-N-oxo-ethanamide,DB07921,drug,0.150953031,0,1.33E-12,46
"2-[(5,6-DIPHENYLFURO[2,3-D]PYRIMIDIN-4-YL)AMINO]ETHANOL",DB08393,drug,0.150468148,0,8.93E-11,27
2-[(5-hex-1-yn-1-ylfuran-2-yl)carbonyl]-N-methylhydrazinecarbothioamide,DB07004,drug,0.150709662,0,1.08E-11,36
2-[(7-HYDROXY-NAPHTHALEN-1-YL)-OXALYL-AMINO]-BENZOIC ACID,DB07295,drug,0.150357788,0,1.04E-10,36
2-[(Formyl-Hydroxy-Amino)-Methyl]-Heptanoic Acid [1-(2-Hydroxymethyl-Pyrrolidine-1-Carbonyl)-2-Methyl-Propyl]-Amide,DB04310,drug,0.150851302,0,5.05E-12,36
"2-[(PHENYLSULFONYL)AMINO]-5,6,7,8-TETRAHYDRONAPHTHALENE-1-CARBOXYLIC ACID",DB07322,drug,0.150855746,0,1.29E-11,57
2-[{4-[(2S)-2-{[(Allyloxy)carbonyl]amino}-3-({4-[3-hydroxy-2-(methoxycarbonyl)phenoxy]butyl}amino)-3-oxopropyl]phenyl}(carboxycarbonyl)amino]benzoic acid,DB04088,drug,0.150357788,0,1.04E-10,38
2-[1-(4-chlorobenzoyl)-5-methoxy-2-methyl-1H-indol-3-yl]-n-[(1R)-1-(hydroxymethyl)propyl]acetamide,DB07981,drug,0.150507503,0,1.76E-12,13
2-[1-(4-chlorobenzoyl)-5-methoxy-2-methyl-1H-indol-3-yl]-n-[(1S)-1-(hydroxymethyl)propyl]acetamide,DB07984,drug,0.150507503,0,1.76E-12,34
"2-[2-(1,3-Dioxo-1,3-Dihydro-2h-Isoindol-2-Yl)Ethyl]-4-(4'-Ethoxy-1,1'-Biphenyl-4-Yl)-4-Oxobutanoic Acid",DB04405,drug,0.150953031,0,1.33E-12,55
2-[2-(2-Cyclohexyl-2-guanidino-acetylamino)-acetylamino]-N-(3-mercapto-propyl)-propionamide,DB04278,drug,0.150487281,0,6.61E-11,38
"2-[2-(2-FLUOROPHENYL)PYRIDIN-4-YL]-1,5,6,7-TETRAHYDRO-4H-PYRROLO[3,2-C]PYRIDIN-4-ONE",DB07728,drug,0.150978188,0,1.64E-10,6
2-[2-(4-Chloro-Phenylsulfanyl)-Acetylamino]-3-(4-Guanidino-Phenyl)-Propionamide,DB07105,drug,0.150459983,0,9.12E-12,43
2-[2-ETHANESULFONYLAMINO-3-(1H-INDOL-3-YL)-PROPIONYLAMINO]-PENTANEDIOIC ACID 5-AMIDE 1-(4-CARBAMIM IDOYL-BENZYLAMIDE),DB04758,drug,0.153164323,0,4.21E-13,54
2-[2-ETHANESULFONYLAMINO-3-(5-PROPOXY-1H-INDOL-3-YL)-PROPIONYLAMINO]-PENTANEDIOIC ACID 5-AMIDE 1-(4-CARBAMIMIDOYL-BENZYLAMIDE),DB04606,drug,0.153164323,0,4.21E-13,11
2-[3-({Methyl[1-(2-Naphthoyl)Piperidin-4-Yl]Amino}Carbonyl)-2-Naphthyl]-1-(1-Naphthyl)-2-Oxoethylphosphonic Acid,DB04016,drug,0.151964502,0,9.37E-12,21
"2-[3-(2-Hydroxy-1,1-Dihydroxymethyl-Ethylamino)-Propylamino]-2-Hydroxymethyl-Propane-1,3-Diol",DB02676,drug,0.150470576,0,5.08E-11,38
"2-[3-(5-Mercapto-[1,3,4]thiadiazol-2yl)-ureido]-N-methyl-3-pentafluorophenyl-propionamide",DB07988,drug,0.150507551,0,9.27E-12,39
"2-[3-(5-Mercapto-[1,3,4]thiadiazol-2-yl)-ureido]-N-methyl-3-phenyl-propionamide",DB07390,drug,0.150507551,0,9.27E-12,6
"2-[3,4-Dihydroxy-2-Hydroxymethyl-5-(2-Hydroxy-Nonyl)-Tetrahydro-Furan-2-Yloxy]-6-Hydroxymethyl-Tetra Hydro-Pyran-3,4,5-Triol",DB01998,drug,0.150584783,0,2.55E-11,49
"2-[3-chloro-6-[2,2-difluoro-2-(1-oxidopyridin-1-ium-2-yl)ethyl]imino-1-hydroxypyridin-2-yl]-N-[(1R)-1-(3-chlorophenyl)ethyl]acetamide",DB04722,drug,0.150459983,0,9.12E-12,27
"2-[4-({[(3,5-DICHLOROPHENYL)AMINO]CARBONYL}AMINO)PHENOXY]-2-METHYLPROPANOIC ACID",DB08077,drug,0.15149262,0,1.90E-11,11
"2-[4-(2,4-Dichlorophenoxy)Phenoxy]Propanoic Acid",DB03781,drug,0.151405983,0,2.11E-12,54
2-[4-(3-METHYL-1H-PYRAZOL-4-YL)PHENYL]ETHANAMINE,DB08070,drug,0.15144982,0,2.44E-10,57
"2-[4-(4-Chlorophenyl)Cyclohexylidene]-3,4-Dihydroxy-1(2h)-Naphthalenone",DB04281,drug,0.151682742,0,1.73E-12,50
"2-[4-(4-Hydroxy-3-Isopropyl-Phenoxy)-3,5-Dimethyl-Phenyl]-2h-[1,2,4]Triazine-3,5-Dione",DB03181,drug,0.15053768,0,4.07E-11,11
"2-[4-(DIMETHYLAMINO)PHENYL]-6-HYDROXY-3-METHYL-1,3-BENZOTHIAZOL-3-IUM",DB08615,drug,0.150619892,0,6.53E-12,46
2-[4-[(Z)-2-Acetamido-3-oxo-3-[[(3S)-2-oxo-1-[(4-phenylphenyl)methyl]azepan-3-yl]amino]prop-1-enyl]-2-formylphenyl]acetic acid,DB03104,drug,0.150381611,0,2.42E-10,45
"2-[4-[4-[(5-cyclopropyl-1H-pyrazol-3-yl)amino]quinazolin-2-yl]iminocyclohexa-2,5-dien-1-yl]acetonitrile",DB07853,drug,0.151340186,0,7.82E-11,31
"2-[5,6-BIS-(4-METHOXY-PHENYL)-FURO[2,3-D]PYRIMIDIN-4-YLAMINO]-ETHANOL",DB08392,drug,0.150468148,0,8.93E-11,22
"2-[5-Methanesulfonylamino-2-(4-Aminophenyl)-6-Oxo-1,6-Dihydro-1-Pyrimidinyl]-N-(3,3,3-Trifluoro-1-Isopropyl-2-Oxopropyl)Acetamide",DB03202,drug,0.151403962,0,4.19E-12,21
2-[METHYL-(5-GERANYL-4-METHYL-PENT-3-ENYL)-AMINO]-ETHYL-DIPHOSPHATE,DB08180,drug,0.150825394,0,1.23E-11,9
2-[N'-(4-AMINO-BUTYL)-HYDRAZINOCARBONYL]-PYRROLIDINE-1-CARBOXYLIC ACID BENZYL ESTER,DB07366,drug,0.150459983,0,9.12E-12,49
2-[Trans-(4-Aminocyclohexyl)Amino]-6-(Benzyl-Amino)-9-Cyclopentylpurine,DB04288,drug,0.150398889,0,1.68E-10,21
"2-{[(1R,2S)-2-aminocyclohexyl]amino}-4-[(3-methylphenyl)amino]pyrimidine-5-carboxamide",DB08361,drug,0.150426431,0,1.31E-10,38
"2-{[(6-OXO-1,6-DIHYDROPYRIDIN-3-YL)METHYL]AMINO}-N-[4-PROPYL-3-(TRIFLUOROMETHYL)PHENYL]BENZAMIDE",DB07831,drug,0.150405239,0,2.02E-10,13
2-{[2-Oxo-2-(1-piperidinyl)ethyl]sulfanyl}-6-(trifluoromethyl)-4(1H)-pyrimidinone,DB03009,drug,0.151143193,0,5.13E-12,38
2-{[4-(2-Acetylamino-2-pentylcarbamoyl-ethyl)-naphthalen-1-YL]-oxalyl-amino}-benzoic acid,DB01820,drug,0.150357788,0,1.04E-10,27
2-{[4-(4-pyridin-4-yl-1H-pyrazol-3-yl)phenoxy]methyl}quinoline,DB08386,drug,0.156401436,0,1.85E-12,38
2-{[Formyl(Hydroxy)Amino]Methyl}-4-Methylpentanoic Acid,DB03683,drug,0.150449542,0,2.12E-11,36
"2-{2-[(3,5-dimethylphenyl)amino]pyrimidin-4-yl}-N-[(1S)-2-hydroxy-1-methylethyl]-4-methyl-1,3-thiazole-5-carboxamide",DB07194,drug,0.150426431,0,1.31E-10,50
"2-{2-hydroxy-[1,1'-biphenyl]-3-yl}-1H-1,3-benzodiazole-5-carboximidamide",DB01725,drug,0.152293186,0,1.82E-11,13
"2-{3-[(2S)-4,4-difluoro-2-(pyrrolidin-1-ylcarbonyl)pyrrolidin-1-yl]-3-oxopropyl}-isoindole-1,3(2H)-dione",DB08739,drug,0.151059707,0,1.15E-11,50
"2-{3-[4-(4-Fluorophenyl)-3,6-Dihydro-1(2h)-Pyridinyl]Propyl}-8-Methyl-4(3h)-Quinazolinone",DB03072,drug,0.150440173,0,9.92E-11,53
"2-{4-[(4-imidazo[1,2-a]pyridin-3-ylpyrimidin-2-yl)amino]piperidin-1-yl}-N-methylacetamide",DB08026,drug,0.150467819,0,8.45E-11,41
2-{4-[4-({4-[2-methyl-1-(1-methylethyl)-1H-imidazol-5-yl]pyrimidin-2-yl}amino)phenyl]piperazin-1-yl}-2-oxoethanol,DB07982,drug,0.150398889,0,1.68E-10,12
2-{4-[4-(4-Chloro-Phenoxy)-Benzenesulfonyl]-Tetrahydro-Pyran-4-Yl}-N-Hydroxy-Acetamide,DB02049,drug,0.150756794,0,6.91E-12,9
2-{5-[3-(6-BENZOYL-1-PROPYLNAPHTHALEN-2-YLOXY)PROPOXY]INDOL-1-YL}ETHANOIC ACID,DB04689,drug,0.150346583,0,1.45E-10,40
2-{5-[3-(7-PROPYL-3-TRIFLUOROMETHYLBENZO[D]ISOXAZOL-6-YLOXY)PROPOXY]INDOL-1-YL}ETHANOIC ACID,DB07053,drug,0.150346583,0,1.45E-10,49
25-desacetylrifapentine,DB15213,drug,0.232405333,17.60593669,0.00132792,59
"2-ACETAMIDO-2-DEOXY-BETA-D-GLUCOPYRANOSE(BETA1-4)-2-ACETAMIDO-1,6-ANHYDRO-3-O-[(R)-1-CARBOXYETHYL]-2-DEOXY-BETA-D-GLUCOPYRANOSE-L-ALANYL-GAMMA-D-GLUTAMYL-MESO-DIAMINOPIMELYL-D-ALANINE",DB04736,drug,0.16023517,0,3.73E-13,21
"2-Acetamido-2-Deoxy-D-Glucono-1,5-Lactone",DB02813,drug,0.150955795,0,3.27E-12,55
2-acetylamino-2-deoxy-b-D-allopyranose,DB03109,drug,0.154873169,0,1.35E-12,31
2-ACETYLAMINO-4-METHYL-PENTANOIC ACID (1-FORMYL-2-PHENYL-ETHYL)-AMIDE,DB07749,drug,0.152424093,0,2.58E-13,51
2-Amino-1H-benzimidazol-5-ol,DB03729,drug,0.15066403,0,6.70E-12,46
"2-Amino-1-methyl-6-phenylimidazo(4,5-b)pyridine",DB08398,drug,0.150806545,0,4.04E-10,49
"2-Amino-3-(3-Hydroxy-7,8-Dihydro-6h-Cyclohepta[D]-4-Isoxazolyl)Propionic Acid",DB04152,drug,0.150598902,0,4.25E-11,36
2-Amino-3-(5-Tert-Butyl-3-(Phosphonomethoxy)-4-Isoxazolyl)Propionic Acid,DB02347,drug,0.150598902,0,4.25E-11,21
2-Amino-3-Hydroxy-3-Phosphonooxy-Propionic Acid,DB03821,drug,0.152515409,0,2.40E-12,27
2-Amino-3-Methyl-1-Pyrrolidin-1-Yl-Butan-1-One,DB01884,drug,0.150646997,0,2.26E-12,49
2-Amino-3-Oxo-4-Sulfo-Butyric Acid,DB02735,drug,0.152668095,0,2.59E-12,6
"2-AMINO-4-(2,4-DICHLOROPHENYL)-N-ETHYLTHIENO[2,3-D]PYRIMIDINE-6-CARBOXAMIDE",DB08789,drug,0.150401349,0,1.85E-10,50
"2-amino-4-[2,4-dichloro-5-(2-pyrrolidin-1-ylethoxy)phenyl]-N-ethylthieno[2,3-d]pyrimidine-6-carboxamide",DB06969,drug,0.150401349,0,1.85E-10,11
"2-AMINO-4-FLUORO-5-[(1-METHYL-1H-IMIDAZOL-2-YL)SULFANYL]-N-(1,3-THIAZOL-2-YL)BENZAMIDE",DB08210,drug,0.152365357,0,1.10E-12,9
"2-amino-5-[3-(1-ethyl-1H-pyrazol-5-yl)-1H-pyrrolo[2,3-b]pyridin-5-yl]-N,N-dimethylbenzamide",DB08583,drug,0.150405239,0,2.02E-10,27
2-amino-6-[2-(1H-indol-6-yl)ethyl]pyrimidin-4(3H)-one,DB07535,drug,0.150690725,0,1.94E-11,49
2-Amino-6-Chloropyrazine,DB02297,drug,0.150398889,0,1.68E-10,46
"2-Amino-7-[2-(2-Hydroxy-1-Hydroxymethyl-Ethylamino)-Ethyl]-1,7-Dihydro-Purin-6-One",DB02391,drug,0.150792162,0,1.80E-11,10
2-Aminobenzyl alcohol,DB03058,drug,0.155937367,0,5.62E-13,39
2-Aminoethanimidic Acid,DB02108,drug,0.150638328,0,1.69E-11,6
2-aminoisobutyric acid,DB02952,drug,0.15591967,0,5.94E-12,32
"2-amino-N-(4-methyl-1,3-thiazol-2-yl)-5-[(4-methyl-4H-1,2,4-triazol-3-yl)sulfanyl]benzamide",DB07358,drug,0.152365357,0,1.10E-12,5
"2-Amino-N,3,3-Trimethylbutanamide",DB01949,drug,0.150449542,0,2.12E-11,22
2-Aminothiazoline,DB02335,drug,0.150376225,0,7.61E-11,34
2-ANILINO-6-CYCLOHEXYLMETHOXYPURINE,DB06948,drug,0.150398889,0,1.68E-10,49
2-Benzyl-3-Iodopropanoic Acid,DB03441,drug,0.153878165,0,2.90E-13,53
2-Bromoacetyl Group,DB02198,drug,0.150507503,0,1.76E-12,9
2-butyl-1-hydroxyguanidine,DB02727,drug,0.150763672,0,1.87E-11,39
2-Carboxyethylphosphonic Acid,DB03379,drug,0.150496371,0,2.45E-11,8
"2-chloro-4-{[(1R,3Z,7S,7aS)-7-hydroxy-1-(trifluoromethyl)tetrahydro-1H-pyrrolo[1,2-c][1,3]oxazol-3-ylidene]amino}-3-methylbenzonitrile",DB08088,drug,0.150367355,0,3.66E-10,6
2-CHLORO-5-(3-CHLORO-PHENYL)-6-[(4-CYANO-PHENYL)-(3-METHYL-3H-IMIDAZOL-4-YL)- METHOXYMETHYL]-NICOTINONITRILE,DB06953,drug,0.150825394,0,1.23E-11,40
2-chloro-5-[(1S)-1-hydroxy-3-oxo-2H-isoindol-1-yl]benzenesulfonamide,DB08046,drug,0.150737685,0,2.16E-12,47
2-chloro-5-nitro-N-phenylbenzamide,DB07863,drug,0.151226182,0,3.80E-10,27
2-Chlorodideoxyadenosine,DB02103,drug,0.150464836,0,4.81E-11,21
2-chloroethyl-3-sarcosinamide-1-nitrosourea,DB11688,drug,0.191246377,0.019387545,2.71E-05,18
"2-CHLORO-N-[(1R,2R)-1-HYDROXY-2,3-DIHYDRO-1H-INDEN-2-YL]-6H-THIENO[2,3-B]PYRROLE-5-CARBOXAMIDE",DB06986,drug,0.151371395,0,9.97E-12,38
"2-CHLORO-N-[(3R)-2-OXO-1,2,3,4-TETRAHYDROQUINOLIN-3-YL]-6H-THIENO[2,3-B]PYRROLE-5-CARBOXAMIDE",DB07066,drug,0.151371395,0,9.97E-12,41
2-Chlorophenol,DB03110,drug,0.150382517,0,1.90E-10,53
2-Cyclopropylmethylenepropanal,DB03736,drug,0.1513182,0,3.93E-13,31
2'-cytidylic acid,DB03765,drug,0.15112218,0,2.20E-12,31
"2-deoxy-2,3-dehydro-N-acetylneuraminic acid",DB03991,drug,0.159043172,0,1.71E-12,9
"2'-Deoxy-2'-[(3,5-dimethoxybenzoyl)amino]-N-[(1R)-1,2,3,4-tetrahydro-1-naphthalenyl]adenosine",DB04477,drug,0.151930552,0,2.70E-12,36
2-Deoxy-2-Amino Glucitol-6-Phosphate,DB02445,drug,0.150802486,0,9.23E-12,54
2-deoxy-2-fluoro-alpha-D-mannosyl fluoride,DB02318,drug,0.151911519,0,1.99E-12,32
2-deoxy-2-fluoro-?-D-glucose,DB04282,drug,0.151949978,0,3.08E-12,8
"2-DEOXY-3,4-BIS-O-[3-(4-HYDROXYPHENYL)PROPANOYL]-L-THREO-PENTARIC ACID",DB08322,drug,0.151371395,0,9.97E-12,46
2'-Deoxycytidine,DB02594,drug,0.159059944,0,2.02E-11,50
"2'-deoxycytidine-2'-deoxyadenosine-3',5'-monophosphate",DB02573,drug,0.15112218,0,2.20E-12,22
2-Deoxy-D-Glucitol 6-(E)-Vinylhomophosphonate,DB01840,drug,0.153198332,0,9.69E-12,39
2-Deoxy-Glucitol-6-Phosphate,DB04516,drug,0.153198332,0,9.69E-12,51
2-deoxyglucose,DB08831,drug,0.150733431,0,2.29E-11,31
2-Deoxy-Glucose-6-Phosphate,DB02604,drug,0.151371395,0,9.97E-12,51
2'-Deoxyguanosine-5'-Diphosphate,DB03491,drug,0.150477512,0,2.86E-11,22
2'-Deoxyguanosine-5'-Triphosphate,DB02181,drug,0.150477512,0,2.86E-11,8
2'-deoxy-N-(naphthalen-1-ylmethyl)guanosine 5'-(dihydrogen phosphate),DB08237,drug,0.150710157,0,1.62E-11,43
2'-Deoxyuridine 3'-Monophosphate,DB03448,drug,0.152237147,0,1.61E-11,21
2-Ethoxyethanol,DB02249,drug,0.154220762,0,2.33E-14,47
2'-fluoro-2'-deoxyuridine 3'-monophosphate,DB03155,drug,0.15112218,0,2.20E-12,11
2-fluoro-4-[4-(4-fluorophenyl)-1H-pyrazol-3-yl]pyridine,DB07942,drug,0.150382517,0,1.90E-10,24
"2-fluoro-6-{[2-({2-methoxy-4-[(methylsulfonyl)methyl]phenyl}amino)-7H-pyrrolo[2,3-d]pyrimidin-4-yl]amino}benzamide",DB07845,drug,0.150396466,0,1.81E-10,46
2H-Benzimidazol-2-amine,DB01665,drug,0.151169173,0,2.36E-12,45
"2-Hexyloxy-6-Hydroxymethyl-Tetrahydro-Pyran-3,4,5-Triol",DB04141,drug,0.15953388,0,1.21E-10,32
"2-HYDROXY-3,5-DIIODOBENZOIC ACID",DB04674,drug,0.152381717,0,3.39E-11,55
2-HYDROXY-5-(2-MERCAPTO-ETHYLSULFAMOYL)-BENZOIC ACID,DB06862,drug,0.150390311,0,7.41E-11,51
2-Hydroxyestradiol,DB07706,drug,0.160830249,0.227881302,7.48E-05,18
2-Hydroxyethyl Disulfide,DB02486,drug,0.156691333,0,5.58E-12,21
"2-HYDROXYMETHYL-6-OCTYLSULFANYL-TETRAHYDRO-PYRAN-3,4,5-TRIOL",DB08558,drug,0.152568008,0,1.96E-11,47
2-Isobutyl-3-methoxypyrazine,DB04512,drug,0.171477555,0,3.93E-14,15
"2-MERCAPTO-N-[1,2,3,10-TETRAMETHOXY-9-OXO-5,6,7,9-TETRAHYDRO-BENZO[A]HEPTALEN-7-YL]ACETAMIDE",DB07574,drug,0.151669679,0,1.41E-10,47
2-Methoxy-3-Isopropylpyrazine,DB01760,drug,0.171477555,0,3.93E-14,11
2-Methoxy-6-{(E)-[(4-methylphenyl)imino]methyl}phenol,DB13869,drug,0.150810097,0,4.43E-10,57
2-Methoxyestradiol,DB02342,drug,0.195762165,1863.322455,2.71E-05,49
2-Methoxyethanol,DB02806,drug,0.616249187,31.05432196,0.00371322,44
2-Methyl-3-(2-Aminothiazolo)Propanal,DB03024,drug,0.1513182,0,3.93E-13,5
"2-methyl-3,5,7,8-tetrahydro-4H-thiopyrano[4,3-d]pyrimidin-4-one",DB07677,drug,0.15184078,0,4.49E-12,11
2'-Monophosphoadenosine-5'-Diphosphate,DB02363,drug,0.15112218,0,2.20E-12,5
2-Morpholinoethylamine,DB03096,drug,0.150640419,0,1.38E-11,11
2-Naphthalenesulfonic acid,DB08254,drug,0.151629156,0,1.15E-11,39
2-Nonyl-4-quinolinol 1-oxide,DB08453,drug,0.157333796,0,5.95E-11,50
"2-O-(4'-AMIDINOPHENYL)-5-O-(3''-AMIDINOPHENYL)-1,4:3,6-DIANHYDRO-D-SORBITOL",DB04791,drug,0.151169173,0,2.36E-12,54
2'-O-Acetyl Adenosine-5-Diphosphoribose,DB03478,drug,0.150794734,0,4.29E-12,8
2-OXOHEPTYLPHOSPHONIC ACID,DB07912,drug,0.151153963,0,5.50E-12,21
"2-Phenyl-1-[4-(2-Piperidin-1-Yl-Ethoxy)-Phenyl]-1,2,3,4-Tetrahydro-Isoquinolin-6-Ol",DB04471,drug,0.150379934,0,3.14E-10,36
2-Phenylheme,DB03906,drug,0.150594669,0,1.75E-11,21
2-phospho-D-glyceric acid,DB01709,drug,0.150589488,0,1.68E-11,38
2-Phosphoglycolic Acid,DB02726,drug,0.152465618,0,1.31E-10,5
2-Pyridinethiol,DB03329,drug,0.150638328,0,1.69E-11,10
"2s,4r-4-Methylglutamate",DB03425,drug,0.150636629,0,1.38E-11,53
"2-tert-butyl-9-fluoro-1,6-dihydrobenzo[h]imidazo[4,5-f]isoquinolin-7-one",DB04716,drug,0.15231195,0,4.16E-10,5
2-Thiomethyl-3-Phenylpropanoic Acid,DB02953,drug,0.150972307,0,5.29E-13,49
2-Undecanone,DB08688,drug,0.153149105,0,3.74E-12,12
"3-((3-bromo-5-o-tolylpyrazolo[1,5-a]pyrimidin-7-ylamino)methyl)pyridine 1-oxide",DB07179,drug,0.150398889,0,1.68E-10,34
3-({[(1Z)-(2-methoxyphenyl)methylidene]amino}oxy)propanoic acid,DB07282,drug,0.150550616,0,1.84E-11,22
"3-({[(3S)-3,4-dihydroxybutyl]oxy}amino)-1H,2'H-2,3'-biindol-2'-one",DB07676,drug,0.150960972,0,2.34E-10,11
"3-({[3,5-DIFLUORO-3'-(TRIFLUOROMETHOXY)BIPHENYL-4-YL]AMINO}CARBONYL)THIOPHENE-2-CARBOXYLIC ACID",DB07977,drug,0.151682742,0,1.73E-12,36
3-({1-[3-CARBAMIMIDOYL-1-(4-CARBAMIMIDOYL-BENZYLCARBAMOYL)-PROPYLCARBAMOYL]-2-METHYL-BUTYLSULFAMOYL}-METHYL)-BENZOIC ACID,DB04593,drug,0.153164323,0,4.21E-13,32
"3-({2-[(2-AMINO-6-METHYLPYRIMIDIN-4-YL)ETHYNYL]BENZYL}AMINO)-1,3-OXAZOL-2(3H)-ONE",DB07324,drug,0.150401349,0,1.85E-10,32
3-({2-[(4-{[6-(CYCLOHEXYLMETHOXY)-9H-PURIN-2-YL]AMINO}PHENYL)SULFONYL]ETHYL}AMINO)PROPAN-1-OL,DB08309,drug,0.150398889,0,1.68E-10,46
"3-({4-[(1E)-3-morpholin-4-yl-3-oxoprop-1-en-1-yl]-2,3-bis(trifluoromethyl)phenyl}sulfanyl)aniline",DB07486,drug,0.151193001,0,7.25E-12,53
"3-({4-[(5-CHLORO-1,3-BENZODIOXOL-4-YL)AMINO]PYRIMIDIN-2-YL}AMINO)BENZAMIDE",DB07256,drug,0.150683817,0,4.63E-11,38
"3-({4-[(5-chloro-1,3-benzodioxol-4-yl)amino]pyrimidin-2-yl}amino)benzenesulfonamide",DB07252,drug,0.150683817,0,4.63E-11,10
3-({4-[(6-CHLORO-1-BENZOTHIEN-2-YL)SULFONYL]-2-OXOPIPERAZIN-1-YL}METHYL)BENZENECARBOXIMIDAMIDE,DB08487,drug,0.150707581,0,4.60E-12,50
3-(10-methyl-9-anthryl)propanoic acid,DB07371,drug,0.150607374,0,7.62E-12,27
3-(1H-BENZIMIDAZOL-2-YL)-1H-INDAZOLE,DB07959,drug,0.150468148,0,8.93E-11,11
3-(1h-Indol-3-Yl)-2-[4-(4-Phenyl-Piperidin-1-Yl)-Benzenesulfonylamino]-Propionic Acid,DB02449,drug,0.150507551,0,9.27E-12,45
"3-(1H-indol-3-yl)-4-(1-{2-[(2S)-1-methylpyrrolidinyl]ethyl}-1H-indol-3-yl)-1H-pyrrole-2,5-dione",DB07456,drug,0.150469767,0,1.04E-10,19
"3-(1H-indol-3-yl)-4-{1-[2-(1-methylpyrrolidin-2-yl)ethyl]-1H-indol-3-yl}-1H-pyrrole-2,5-dione",DB07458,drug,0.150622066,0,2.35E-10,31
3-(1-NAPHTHYLMETHOXY)PYRIDIN-2-AMINE,DB08093,drug,0.150382517,0,1.90E-10,6
"3-(2,6-difluorophenyl)-2-(methylthio)quinazolin-4(3H)-one",DB08602,drug,0.161652592,0,2.66E-13,53
3-(2-AMINO-6-BENZOYLQUINAZOLIN-3(4H)-YL)-N-CYCLOHEXYL-N-METHYLPROPANAMIDE,DB08749,drug,0.150690725,0,1.94E-11,34
3-(2-Aminoethyl)-4-(Aminomethyl)Heptanedioic Acid,DB02878,drug,0.15349413,0,7.77E-12,51
"3-(2-aminoquinazolin-6-yl)-1-(3,3-dimethylindolin-6-yl)-4-methylpyridin-2(1H)-one",DB07514,drug,0.150391527,0,7.86E-11,22
3-(2-aminoquinazolin-6-yl)-4-methyl-1-[3-(trifluoromethyl)phenyl]pyridin-2(1H)-one,DB07528,drug,0.150391527,0,7.86E-11,11
3-(2-AMINOQUINAZOLIN-6-YL)-4-METHYL-N-[3-(TRIFLUOROMETHYL)PHENYL]BENZAMIDE,DB06925,drug,0.150405063,0,1.37E-10,15
3-(2-Benzothiazolylthio)-1-Propanesulfonic Acid,DB03132,drug,0.150496371,0,2.45E-11,8
"3-(2-CHLOROPHENYL)-1-(2-{[(1S)-2-HYDROXY-1,2-DIMETHYLPROPYL]AMINO}PYRIMIDIN-4-YL)-1-(4-METHOXYPHENYL)UREA",DB08095,drug,0.150382517,0,1.90E-10,41
"3-(3,5-Dibromo-4-Hydroxy-Benzoyl)-2-Ethyl-Benzofuran-6-Sulfonic Acid (4-Sulfamoyl-Phenyl)-Amide",DB02259,drug,0.150357788,0,1.04E-10,9
"3-(3,5-Dibromo-4-Hydroxy-Benzoyl)-2-Ethyl-Benzofuran-6-Sulfonic Acid [4-(Thiazol-2-Ylsulfamoyl)-Phenyl]-Amide",DB03311,drug,0.150357788,0,1.04E-10,38
"3-(3,5-Dibromo-4-Hydroxy-Benzoyl)-2-Ethyl-Benzofuran-6-Sulfonic Acid Dimethylamide",DB04142,drug,0.150357788,0,1.04E-10,10
"3-(3-aminophenyl)-N-(3-chlorophenyl)pyrazolo[1,5-a]pyrimidin-5-amine",DB07698,drug,0.155462837,0,2.25E-11,22
"3-(3-methoxybenzyl)-1H-pyrrolo[2,3-b]pyridine",DB07525,drug,0.15043996,0,1.06E-10,54
3-(4-{2-[2-(2-bromo-acetylamino)-ethyldisulfanyl]-ethylcarbamoyl}-cyclohexylcarbamoyl)-pyrazine-2-carboxylic acid,DB02620,drug,0.150357788,0,1.04E-10,41
"3-(4-Amino-1-Tert-Butyl-1h-Pyrazolo[3,4-D]Pyrimidin-3-Yl)Phenol",DB04463,drug,0.151421071,0,2.60E-11,10
"3-(4-CHLOROPHENYL)-5-(METHYLTHIO)-4H-1,2,4-TRIAZOLE",DB08062,drug,0.150459983,0,9.12E-12,54
3-(4-DIETHYLAMINO-2-HYDROXY-PHENYL)-2-METHYL-PROPIONIC ACID,DB07668,drug,0.152424093,0,2.58E-13,19
"3-(4-Fluorophenyl)-1-Hydroxy-2-(Pyridin-4-Yl)-1h-Pyrrolo[3,2-B]Pyridine",DB02195,drug,0.150382517,0,1.90E-10,41
"3-(4-Fluorophenyl)-2-(6-Methylpyridin-2-Yl)-5,6-Dihydro-4h-Pyrrolo[1,2-B]Pyrazole",DB04480,drug,0.150408329,0,1.07E-10,55
"3-(4-HYDROXYPHENYL)-4,5-DIHYDRO-5-ISOXAZOLE-ACETIC ACID METHYL ESTER",DB07888,drug,0.150805627,0,1.51E-11,36
3-(4-nitrophenyl)-1H-pyrazole,DB08695,drug,0.152888312,0,1.14E-12,53
3-(5-{[4-(AMINOMETHYL)PIPERIDIN-1-YL]METHYL}-1H-INDOL-2-YL)-1H-INDAZOLE-6-CARBONITRILE,DB07075,drug,0.150468148,0,8.93E-11,12
3-(5-{[4-(AMINOMETHYL)PIPERIDIN-1-YL]METHYL}-1H-INDOL-2-YL)QUINOLIN-2(1H)-ONE,DB07025,drug,0.150468148,0,8.93E-11,12
3-(5-methoxy-1H-indol-3-yl)propanoic acid,DB07723,drug,0.150346583,0,1.45E-10,21
3-(6-CYCLOHEXYLMETHOXY-9H-PURIN-2-YLAMINO)-BENZENESULFONAMIDE,DB08248,drug,0.150398889,0,1.68E-10,6
3-(6-HYDROXY-NAPHTHALEN-2-YL)-BENZO[D]ISOOXAZOL-6-OL,DB07236,drug,0.150853556,0,2.51E-10,15
3-(7-DIAMINOMETHYL-NAPHTHALEN-2-YL)-PROPIONIC ACID ETHYL ESTER,DB07639,drug,0.150459983,0,9.12E-12,11
"3-(9-HYDROXY-1,3-DIOXO-4-PHENYL-2,3-DIHYDROPYRROLO[3,4-C]CARBAZOL-6(1H)-YL)PROPANOIC ACID",DB07265,drug,0.150490926,0,8.08E-11,8
3-(Benzyloxy)Pyridin-2-Amine,DB02352,drug,0.151161632,0,2.04E-10,9
3-(BUTYLSULPHONYL)-PROPANOIC ACID,DB07387,drug,0.150496371,0,2.45E-11,13
"3-(CARBOXYMETHOXY)THIENO[2,3-B]PYRIDINE-2-CARBOXYLIC ACID",DB07298,drug,0.150357788,0,1.04E-10,41
"3-(HYDROXYMETHYL)-1-METHYL-5-(2-METHYLAZIRIDIN-1-YL)-2-PHENYL-1H-INDOLE-4,7-DIONE",DB07385,drug,0.150590428,0,1.90E-11,34
3-(HYDROXY-PHENYL-PHOSPHINOYLOXY)-8-METHYL-8-AZA-BICYCLO[3.2.1]OCTANE-2-CARBOXYLIC ACID METHYL ESTER,DB08618,drug,0.152109299,0,2.78E-12,15
3-(INDOL-3-YL) LACTATE,DB07060,drug,0.158586554,0,3.54E-13,46
3-(N-morpholino)propanesulfonic acid,DB03434,drug,0.152664239,0,4.80E-13,43
3-(Oxalyl-Amino)-Naphthalene-2-Carboxylic Acid,DB01734,drug,0.150357788,0,1.04E-10,34
3-(Prop-2-Ene-1-Sulfinyl)-Propene-1-Thiol,DB02895,drug,0.151530745,0,9.52E-12,41
"3,20-Pregnanedione",DB07557,drug,0.152372379,0,3.28E-10,45
"3,3',5,5'-tetrachlorobiphenyl-4,4'-diol",DB03346,drug,0.15162633,0,2.42E-11,49
"3,4-Dichloroisocoumarin",DB04459,drug,0.155937367,0,5.62E-13,54
"3,4-Dihydro-2h-Pyrrolium-5-Carboxylate",DB02838,drug,0.151316315,0,3.07E-12,22
"3,4-Dihydro-5-Methyl-Isoquinolinone",DB03722,drug,0.150440173,0,9.92E-11,32
"3,4-Dihydroxy-1-Methylquinolin-2(1h)-One",DB01754,drug,0.150455891,0,6.96E-11,21
"3,4-Dihydroxybenzoic Acid",DB03946,drug,0.191246377,0.019387545,2.71E-05,52
"3,4-Dihydroxycinnamic Acid",DB01880,drug,0.150805627,0,1.51E-11,22
"3,5,6,8-Tetramethyl-N-Methyl Phenanthrolinium",DB02310,drug,0.150855746,0,1.29E-11,36
"3',5'-DIBROMO-2',4,4',6'-TETRAHYDROXY AURONE",DB07775,drug,0.150550616,0,1.84E-11,47
"3,5-dibromobiphenyl-4-ol",DB08102,drug,0.150550616,0,1.84E-11,22
"3,5-Difluorobenzenesulfonamide",DB02087,drug,0.150737685,0,2.16E-12,24
"3',5'-DIFLUOROBIPHENYL-4-CARBOXYLIC ACID",DB07753,drug,0.150550616,0,1.84E-11,47
"3,5-diiodothyropropionic acid",DB12629,drug,0.48458433,1553.971168,0.00354697,2
"3,5-Diiodotyrosine",DB03374,drug,0.688462925,27435.99693,0.00519185,2
"3,5-Dimethyl-1-(3-Nitrophenyl)-1h-Pyrazole-4-Carboxylic Acid Ethyl Ester",DB01959,drug,0.151302115,0,6.23E-11,38
"3,5-Dimethyl-1h-Pyrazole-4-Carboxylic Acid Ethyl Ester",DB04271,drug,0.150470576,0,5.08E-11,46
"3,5-DIMETHYL-1-PHENYL-1H-PYRAZOLE-4-CARBOXYLIC ACID ETHYL ESTER",DB07051,drug,0.150470576,0,5.08E-11,43
"3,5-Dinitrocatechol",DB02105,drug,0.281026528,471.0689279,0.00161516,48
"3',5'-Dinitro-N-Acetyl-L-Thyronine",DB03239,drug,0.150550616,0,1.84E-11,10
"3,6,9,12,15,18-HEXAOXAICOSANE",DB06867,drug,0.15044952,0,1.34E-10,49
"3,6,9,12,15-PENTAOXAHEPTADECAN-1-OL",DB07344,drug,0.150931001,0,7.71E-12,19
"3,6,9,12,15-Pentaoxaheptadecane",DB02343,drug,0.150619892,0,6.53E-12,38
"3,6,9,12,15-PENTAOXATRICOSAN-1-OL",DB08249,drug,0.151682742,0,1.73E-12,24
"3,6-DIAMINO-5-CYANO-4-(4-ETHOXYPHENYL)THIENO[2,3-B]PYRIDINE-2-CARBOXAMIDE",DB08788,drug,0.150401349,0,1.85E-10,50
"3,6-dihydroxy-xanthene-9-propionic acid",DB01644,drug,0.151530745,0,9.52E-12,15
"3,8,9,10-tetrahydroxy-7-hydroxymethyl-6-oxa-1,3-diaza-spiro[4.5]decane-2,4-dione",DB02447,drug,0.151371395,0,9.97E-12,27
"3,8-Diamino-6-Phenyl-5-[6-[1-[2-[(1,2,3,4-Tetrahydro-9-Acridinyl)Amino]Ethyl]-1h-1,2,3-Triazol-4-Yl]Hexyl]-Phenanthridinium",DB02226,drug,0.150619892,0,6.53E-12,39
"3,8-Diamino-6-Phenyl-5-[6-[1-[2-[(1,2,3,4-Tetrahydro-9-Acridinyl)Amino]Ethyl]-1h-1,2,3-Triazol-5-Yl]Hexyl]-Phenanthridinium",DB03005,drug,0.150619892,0,6.53E-12,19
"3,8-DIBROMO-7-HYDROXY-4-METHYL-2H-CHROMEN-2-ONE",DB07802,drug,0.15041342,0,2.01E-10,39
3-[({(1E)-[2-(trifluoromethyl)phenyl]methylidene}amino)oxy]propanoic acid,DB06885,drug,0.150550616,0,1.84E-11,13
"3-[(1E,7E)-8-(2,6-dioxo-1,2,3,6-tetrahydropyrimidin-4-yl)-3,6-dioxa-2,7-diazaocta-1,7-dien-1-yl]benzoic acid",DB07760,drug,0.15058659,0,1.94E-11,11
"3-[(2,2-DIMETHYLPROPANOYL)AMINO]-N-1,3-THIAZOL-2-YLPYRIDINE-2-CARBOXAMIDE",DB07903,drug,0.152581495,0,1.52E-11,36
3-[(3-(2-CARBOXYETHYL)-4-METHYLPYRROL-2-YL)METHYLENE]-2-INDOLINONE,DB08577,drug,0.15043996,0,1.06E-10,10
3-[(3-sec-butyl-4-hydroxybenzoyl)amino]azepan-4-yl 4-(2-hydroxy-5-methoxybenzoyl)benzoate,DB02155,drug,0.150622066,0,2.35E-10,51
"3-[(4-AMINO-1-TERT-BUTYL-1H-PYRAZOLO[3,4-D]PYRIMIDIN-3-YL)METHYL]PHENOL",DB08461,drug,0.150367355,0,3.66E-10,27
3-[(4'-cyanobiphenyl-4-yl)oxy]-N-hydroxypropanamide,DB08030,drug,0.150507551,0,9.27E-12,21
"3-[(4-fluorophenyl)sulfanyl]-N-(4-methyl-1,3-thiazol-2-yl)-6-[(4-methyl-4H-1,2,4-triazol-3-yl)sulfanyl]pyridine-2-carboxamide",DB07359,drug,0.152365357,0,1.10E-12,10
"3-[(5s)-1-Acetyl-3-(2-Chlorophenyl)-4,5-Dihydro-1h-Pyrazol-5-Yl]Phenol",DB03996,drug,0.150800905,0,2.26E-11,31
3-[(9H-fluoren-9-ylideneamino)oxy]propanoic acid,DB07240,drug,0.150550616,0,1.84E-11,12
"3-[[(METHYLAMINO)SULFONYL]AMINO]-2-OXO-6-PHENYL-N-[3,3,3-TRIFLUORO-1-(1-METHYLETHYL)-2-OXOPHENYL]-1(2H)-PYRIDINE ACETAMIDE",DB08614,drug,0.151403962,0,4.19E-12,53
"3-[1-(3-AMINOPROPYL)-1H-INDOL-3-YL]-4-(1H-INDOL-3-YL)-1H-PYRROLE-2,5-DIONE",DB07457,drug,0.150469767,0,1.04E-10,21
"3-[3-(2,3-Dihydroxy-Propylamino)-Phenyl]-4-(5-Fluoro-1-Methyl-1h-Indol-3-Yl)-Pyrrole-2,5-Dione",DB01772,drug,0.150410568,0,1.98E-10,50
"3-[3-(3-methyl-6-{[(1S)-1-phenylethyl]amino}-1H-pyrazolo[4,3-c]pyridin-1-yl)phenyl]propanamide",DB06963,drug,0.1504725,0,9.92E-11,34
3-[3-(4-methylpiperazin-1-yl)-7-(trifluoromethyl)quinoxalin-5-yl]phenol,DB07969,drug,0.15041813,0,1.38E-10,43
"3-[3-chloro-5-(5-{[(1S)-1-phenylethyl]amino}isoxazolo[5,4-c]pyridin-3-yl)phenyl]propan-1-ol",DB06897,drug,0.1504725,0,9.92E-11,57
3-[4-(1-formylpiperazin-4-yl)-benzylidenyl]-2-indolinone,DB02058,drug,0.19663124,138.133941,0.00025323,48
"3-[4-(2,4-Dimethyl-Thiazol-5-Yl)-Pyrimidin-2-Ylamino]-Phenol",DB04518,drug,0.150398889,0,1.68E-10,40
3-[4-(AMINOSULFONYL)PHENYL]PROPANOIC ACID,DB08156,drug,0.152093393,0,4.78E-12,32
"3-[4-AMINO-1-(1-METHYLETHYL)-1H-PYRAZOLO[3,4-D]PYRIMIDIN-3-YL]PHENOL",DB07335,drug,0.150871109,0,3.06E-10,41
3-[5-(1H-IMIDAZOL-1-YL)-7-METHYL-1H-BENZIMIDAZOL-2-YL]-4-[(PYRIDIN-2-YLMETHYL)AMINO]PYRIDIN-2(1H)-ONE,DB07474,drug,0.150408192,0,1.16E-10,32
3-[5-(2-nitropent-1-en-1-yl)furan-2-yl]benzoic acid,DB08302,drug,0.150346583,0,1.45E-10,19
3-[5-(3-nitrophenyl)thiophen-2-yl]propanoic acid,DB07139,drug,0.152372549,0,6.88E-12,9
"3-{[(1R)-1-phenylethyl]amino}-4-(pyridin-4-ylamino)cyclobut-3-ene-1,2-dione",DB07234,drug,0.150467318,0,8.50E-11,49
"3-{[(2,2-dioxido-1,3-dihydro-2-benzothien-5-yl)amino]methylene}-5-(1,3-oxazol-5-yl)-1,3-dihydro-2H-indol-2-one",DB08124,drug,0.150398889,0,1.68E-10,54
3-{[(3-FLUORO-3'-METHOXYBIPHENYL-4-YL)AMINO]CARBONYL}THIOPHENE-2-CARBOXYLIC ACID,DB07976,drug,0.151682742,0,1.73E-12,10
"3-{[(9-CYANO-9,10-DIHYDRO-10-METHYLACRIDIN-9-YL)CARBONYL]AMINO}PROPANOIC ACID",DB07441,drug,0.15120152,0,1.46E-11,46
"3-{[4-([amino(imino)methyl]aminosulfonyl)anilino]methylene}-2-oxo-2,3-dihydro-1H-indole",DB08126,drug,0.150398889,0,1.68E-10,22
3-{[4-(but-2-yn-1-yloxy)phenyl]sulfonyl}propane-1-thiol,DB07079,drug,0.150435305,0,7.17E-11,51
3-{3-[(DIMETHYLAMINO)METHYL]-1H-INDOL-7-YL}PROPAN-1-OL,DB08447,drug,0.157997492,0,9.42E-13,34
"3-{5-[AMINO(IMINIO)METHYL]-1H-INDOL-2-YL}-5-METHOXY-1,1'-BIPHENYL-2-OLATE",DB07229,drug,0.151169173,0,2.36E-12,36
3-{6-[(8-HYDROXY-QUINOLINE-2-CARBONYL)-AMINO]-2-THIOPHEN-2-YL-HEXANOYLAMINO}-4-OXO-BUTYRI ACID,DB07916,drug,0.150417968,0,3.70E-11,11
"3-AMINO-3-BENZYL-[4.3.0]BICYCLO-1,6-DIAZANONAN-2-ONE",DB07655,drug,0.150468148,0,8.93E-11,57
"3-AMINO-3-BENZYL-9-CARBOXAMIDE[4.3.0]BICYCLO-1,6-DIAZANONAN-2-ONE",DB07461,drug,0.150459983,0,9.12E-12,32
3-Amino-4-Oxybenzyl-2-Butanone,DB02148,drug,0.150638328,0,1.69E-11,11
3-amino-5-phenylpentane,DB02869,drug,0.151744062,0,9.99E-12,22
3-AMINO-AZACYCLOTRIDECAN-2-ONE,DB08476,drug,0.150972307,0,5.29E-13,50
"3-Aza-2,3-Dihydrogeranyl Diphosphate",DB02369,drug,0.281828446,63.30447025,0.00034878,3
"3-bromo-5-phenyl-N-(pyridin-3-ylmethyl)pyrazolo[1,5-a]pyrimidin-7-amine",DB08535,drug,0.150398889,0,1.68E-10,46
"3-bromo-5-phenyl-N-(pyridin-4-ylmethyl)pyrazolo[1,5-a]pyrimidin-7-amine",DB07210,drug,0.150398889,0,1.68E-10,21
"3-bromo-5-phenyl-N-(pyrimidin-5-ylmethyl)pyrazolo[1,5-a]pyridin-7-amine",DB08536,drug,0.150398889,0,1.68E-10,27
3-BROMO-6-HYDROXY-2-(4-HYDROXYPHENYL)-1H-INDEN-1-ONE,DB07230,drug,0.150853556,0,2.51E-10,12
"3-bromo-6-phenyl-N-(pyrimidin-5-ylmethyl)imidazo[1,2-a]pyridin-8-amine",DB08537,drug,0.150398889,0,1.68E-10,45
3-Bromo-7-Nitroindazole,DB01997,drug,0.151526677,0,1.67E-10,27
3-Butylthiolane 1-Oxide,DB02871,drug,0.154220762,0,2.33E-14,38
"3-Carbamimidamido-1,1-diphenylurea",DB07120,drug,0.150459983,0,9.12E-12,53
"3-carboxamido-1,3,5(10)-estratrien-17(R)-spiro-2'(5',5'-dimethyl-6'oxo)tetrahydropyran",DB07700,drug,0.152073685,0,1.87E-12,5
3-CARBOXY-4-METHYL-5-PROPYL-2-FURANPROPIONIC,DB07517,drug,0.150216928,0,1.72E-11,11
"3-Carboxy-N,N,N-Trimethyl-2-(Octanoyloxy)Propan-1-Aminium",DB03832,drug,0.152436593,0,4.70E-13,46
3-CHLORO-2-(4-HYDROXYPHENYL)-2H-INDAZOL-5-OL,DB07708,drug,0.150806545,0,4.04E-10,31
"3-Chloro-9-Ethyl-6,7,8,9,10,11-Hexahydro-7,11-Methanocycloocta[B]Quinolin-12-Amine",DB04114,drug,0.150619892,0,6.53E-12,22
3-cyclohexyl-D-alanyl-N-(3-chlorobenzyl)-L-prolinamide,DB07190,drug,0.150459983,0,9.12E-12,41
3-Cyclohexyl-L-alanine,DB02884,drug,0.182379959,0,2.55E-13,22
"3-cyclopropyl-5-phenyl-N-(pyridin-3-ylmethyl)pyrazolo[1,5-a]pyrimidin-7-amine",DB08539,drug,0.150398889,0,1.68E-10,45
"3-Decyl-2,5-Dioxo-4-Hydroxy-3-Pyrroline",DB03064,drug,0.158586554,0,3.54E-13,6
3'-Deoxy 3'-Amino Adenosine-5'-Diphosphate,DB04366,drug,0.150477512,0,2.86E-11,9
3'-deoxy-3'-aminothymidine monophosphate,DB03233,drug,0.16286588,0,8.05E-13,10
3'-deoxyguanosine,DB03609,drug,0.150792162,0,1.80E-11,49
3-ETHYL-2-(4-HYDROXYPHENYL)-2H-INDAZOL-5-OL,DB07712,drug,0.150806545,0,4.04E-10,50
3-ETHYL-6-{[(4-FLUOROPHENYL)SULFONYL]AMINO}-2-METHYLBENZOIC ACID,DB07746,drug,0.150855746,0,1.29E-11,8
3'-Fluoro-3'-deoxythymidine 5'-monophosphate,DB03195,drug,0.16286588,0,8.05E-13,19
"3-fluoro-4-[2-hydroxy-2-(5,5,8,8-tetramethyl-5,6,7,8,-tetrahydro-naphtalen-2-yl)-acetylamino]-benzoic acid",DB07294,drug,0.150573576,0,6.41E-11,9
"3-Fluoro-4-{[(2R)-2-hydroxy-2-(5,5,8,8-tetramethyl-5,6,7,8-tetrahydro-2-naphthalenyl)acetyl]amino}benzoic acid",DB07031,drug,0.150573576,0,6.41E-11,22
3-FLUORO-4-HYDROXYBENZALDEHYDE O-(CYCLOHEXYLCARBONYL)OXIME,DB08334,drug,0.150805627,0,1.51E-11,53
3-FLUORO-5-MORPHOLIN-4-YL-N-[1-(2-PYRIDIN-4-YLETHYL)-1H-INDOL-6-YL]BENZAMIDE,DB08730,drug,0.150382517,0,1.90E-10,39
3-FLUORO-5-MORPHOLIN-4-YL-N-[3-(2-PYRIDIN-4-YLETHYL)-1H-INDOL-5-YL]BENZAMIDE,DB08091,drug,0.150382517,0,1.90E-10,49
3-Fluoro-L-tyrosine,DB04436,drug,0.150502263,0,2.42E-11,57
3-FLUORO-N-[1-(4-FLUOROPHENYL)-3-(2-THIENYL)-1H-PYRAZOL-5-YL]BENZENESULFONAMIDE,DB08560,drug,0.150346583,0,1.45E-10,43
3-fluoro-N-1H-indol-5-yl-5-morpholin-4-ylbenzamide,DB08092,drug,0.150382517,0,1.90E-10,13
3-FORMYL-2-HYDROXY-5-METHYL-HEXANOIC ACID HYDROXYAMIDE,DB07900,drug,0.150972307,0,5.29E-13,39
"3h-Indole-5,6-Diol",DB01811,drug,0.151113589,0,9.43E-12,5
"3H-pyrazolo[4,3-d]pyrimidin-7-ol",DB03153,drug,0.151534437,0,9.36E-12,32
3-Hydroxybutyryl-Coenzyme A,DB03612,drug,0.151055695,0,8.95E-12,22
3-hydroxyglutaric acid,DB04594,drug,0.15267988,0,1.77E-12,27
"3-Hydroxymethyl-5-Aziridinyl-1methyl-2-[1h-Indole-4,7-Dione]-Propanol",DB02395,drug,0.150590428,0,1.90E-11,34
3-Hydroxypropyl 3-[(7-carbamimidoyl-1-naphthyl)carbamoyl]benzenesulfonate,DB07022,drug,0.150803843,0,3.07E-12,51
3-Indolebutyric Acid,DB02740,drug,0.151833966,0,5.89E-11,5
3-isobutyl-1-methyl-7H-xanthine,DB07954,drug,0.627191927,7041.009546,0.00608606,59
"3-Mercapto-1-(1,3,4,9-Tetrahydro-B-Carbolin-2-Yl)-Propan-1-One",DB03372,drug,0.150487281,0,6.61E-11,39
3-Mercuri-4-Aminobenzenesulfonamide,DB04203,drug,0.150737685,0,2.16E-12,9
3-Methoxybenzamide,DB03073,drug,0.150440173,0,9.92E-11,9
3-Methylfentanyl,DB01571,drug,0.152705329,0,4.51E-11,43
"3-methyl-N-(pyridin-4-ylmethyl)imidazo[1,2-a]pyrazin-8-amine",DB08533,drug,0.150398889,0,1.68E-10,31
3-Methylphenylalanine,DB02685,drug,0.150638328,0,1.69E-11,55
3-Methylpyridine,DB01996,drug,0.151264344,0,1.62E-11,49
3-Methylthiofentanyl,DB01439,drug,0.152705329,0,4.51E-11,21
3-Nitro-4-(2-Oxo-Pyrrolidin-1-Yl)-Benzenesulfonamide,DB04394,drug,0.150737685,0,2.16E-12,24
3-nitro-L-tyrosine,DB03867,drug,0.151530745,0,9.52E-12,38
3-Oxiran-2ylalanine,DB03191,drug,0.155661833,0,7.04E-12,36
3'-Oxo-Adenosine,DB03273,drug,0.150662187,0,2.63E-11,54
3-OXO-N-[(3S)-2-OXOPYRROLIDIN-3-YL]DODECANAMIDE,DB08323,drug,0.152109299,0,2.78E-12,47
"3-Phenyl-1,2-Propandiol",DB02803,drug,0.1513182,0,3.93E-13,41
3-phenyl-5-(1H-pyrazol-3-yl)isoxazole,DB07613,drug,0.152888312,0,1.14E-12,31
3-Phenylpropylamine,DB04410,drug,0.152333038,0,5.36E-12,6
3'-Phosphate-Adenosine-5'-Diphosphate,DB01842,drug,0.15112218,0,2.20E-12,32
3'-phospho-5'-adenylyl sulfate,DB02902,drug,0.151075714,0,5.84E-12,55
3-phospho-D-glyceric acid,DB04510,drug,0.157550601,0,6.24E-11,13
3-Phosphono-D-alanine,DB03292,drug,0.168384455,0,6.90E-12,53
3-pyridin-4-yl-1H-indazole,DB08113,drug,0.15144982,0,2.44E-10,15
"3-PYRIDIN-4-YL-2,4-DIHYDRO-INDENO[1,2-.C.] PYRAZOLE",DB08569,drug,0.15144982,0,2.44E-10,6
"3-Pyridin-4-Yl-2,4-Dihydro-Indeno[1,2-.C.]Pyrazole",DB03490,drug,0.150398889,0,1.68E-10,53
3-sulfino-L-alanine,DB02153,drug,0.155070719,0,5.77E-11,45
3-thiaoctanoyl-CoA,DB03415,drug,0.154575333,0,9.86E-14,39
3'-THIO-THYMIDINE-5'-PHOSPHATE,DB08651,drug,0.150607206,0,3.74E-11,9
3-Tyrosine,DB03552,drug,0.150600293,0,2.06E-11,12
3'-Uridinemonophosphate,DB02714,drug,0.15112218,0,2.20E-12,53
"4-((3r,4s,5r)-4-Amino-3,5-Dihydroxy-Hex-1-Ynyl)-5-Fluoro-3-[1-(3-Methoxy-1h-Pyrrol-2-Yl)-Meth-(Z)-Ylidene]-1,3-Dihydro-Indol-2-One",DB03737,drug,0.150398889,0,1.68E-10,36
"4-({(2R,5S)-2,5-DIMETHYL-4-[(2R)-3,3,3-TRIFLUORO-2-HYDROXY-2-METHYLPROPANOYL]PIPERAZIN-1-YL}CARBONYL)BENZONITRILE",DB08608,drug,0.151132531,0,1.43E-11,51
4-({[(4-METHYLPIPERAZIN-1-YL)AMINO]CARBONOTHIOYL}AMINO)BENZENESULFONAMIDE,DB08202,drug,0.150737685,0,2.16E-12,5
4-({[4-(3-METHYLBENZOYL)PYRIDIN-2-YL]AMINO}METHYL)BENZENECARBOXIMIDAMIDE,DB07809,drug,0.150459983,0,9.12E-12,47
"4-({4-[(4-AMINOBUT-2-YNYL)OXY]PHENYL}SULFONYL)-N-HYDROXY-2,2-DIMETHYLTHIOMORPHOLINE-3-CARBOXAMIDE",DB07121,drug,0.150435305,0,7.17E-11,15
4-({4-[(4-methoxypyridin-2-yl)amino]piperidin-1-yl}carbonyl)benzonitrile,DB07002,drug,0.150386779,0,7.19E-11,21
4-({4-[(6-CHLORO-1-BENZOTHIEN-2-YL)SULFONYL]-2-OXOPIPERAZIN-1-YL}METHYL)BENZENECARBOXIMIDAMIDE,DB08495,drug,0.150707581,0,4.60E-12,39
"4-({5-[(4-AMINOCYCLOHEXYL)AMINO][1,2,4]TRIAZOLO[1,5-A]PYRIMIDIN-7-YL}AMINO)BENZENESULFONAMIDE",DB07687,drug,0.150398889,0,1.68E-10,40
"4-(1,3,2-Dioxaborolan-2-Yloxy)Butan-1-Aminium",DB02308,drug,0.150983421,0,2.14E-12,50
"4-(1,3-Benzodioxol-5-Yl)-5-(5-Ethyl-2,4-Dihydroxyphenyl)-2h-Pyrazole-3-Carboxylic Acid",DB02840,drug,0.150401349,0,1.85E-10,32
"4-(1,3-BENZODIOXOL-5-YLOXY)-2-[4-(1H-IMIDAZOL-1-YL)PHENOXY]-6-METHYLPYRIMIDINE",DB07029,drug,0.150386779,0,7.19E-11,11
"4-(1,3-BENZODIOXOL-5-YLOXY)-2-[4-(1H-IMIDAZOL-1-YL)PHENOXY]PYRIMIDINE",DB07008,drug,0.150386779,0,7.19E-11,53
"4-(1,3-BENZOXAZOL-2-YL)-2,6-DIBROMOPHENOL",DB08206,drug,0.150550616,0,1.84E-11,57
"4-(1,3-BENZOXAZOL-2-YL)-2,6-DIMETHYLPHENOL",DB08205,drug,0.150550616,0,1.84E-11,12
4-(1-Benzyl-3-Carbamoylmethyl-2-Methyl-1h-Indol-5-Yloxy)-Butyric Acid,DB02936,drug,0.151690709,0,3.05E-12,49
4-(1H-IMIDAZOL-1-YL)PHENOL,DB08214,drug,0.150386779,0,7.19E-11,39
"4-(1h-Imidazol-4-Yl)-3-(5-Ethyl-2,4-Dihydroxy-Phenyl)-1h-Pyrazole",DB03749,drug,0.150401349,0,1.85E-10,6
"4-(1R,3AS,4R,8AS,8BR)-[1-DIFLUOROMETHYL-2-(4-FLUOROBENZYL)-3-OXODECAHYDROPYRROLO[3,4-A]PYRROLIZIN-4-YL]BENZAMIDINE",DB07741,drug,0.150459983,0,9.12E-12,53
"4-(2-(1H-IMIDAZOL-4-YL)ETHYLAMINO)-2-(PHENYLAMINO)PYRAZOLO[1,5-A][1,3,5]TRIAZINE-8-CARBONITRILE",DB08345,drug,0.15041342,0,2.01E-10,24
"4-(2,2,2-TRIFLUOROETHYL)-L-PHENYLALANINE",DB08617,drug,0.157477383,0,1.38E-11,15
"4-(2,4-dichlorophenyl)-5-phenyldiazenyl-pyrimidin-2-amine",DB08787,drug,0.150401349,0,1.85E-10,39
"4-(2,4-Dimethyl-1,3-thiazol-5-yl)-N-[4-(trifluoromethyl)phenyl]-2-pyrimidinamine",DB02915,drug,0.150398889,0,1.68E-10,22
"4-(2,4-Dimethyl-Thiazol-5-Yl)-Pyrimidin-2-Ylamine",DB02091,drug,0.150398889,0,1.68E-10,49
"4-(2,5-DIAMINO-5-HYDROXY-PENTYL)-PHENOL",DB07353,drug,0.150459983,0,9.12E-12,49
"4-(2,5-Dichloro-Thiophen-3-Yl)-Pyrimidin-2-Ylamine",DB03019,drug,0.150398889,0,1.68E-10,38
"4-(2-{[4-{[3-(4-Chlorophenyl)Propyl]Sulfanyl}-6-(1-Piperazinyl)-1,3,5-Triazin-2-Yl]Amino}Ethyl)Phenol",DB04020,drug,0.150430163,0,1.30E-10,32
"4-(2-amino-1,3-thiazol-4-yl)phenol",DB07292,drug,0.150779115,0,1.42E-11,12
"4-(2-amino-1-methyl-1H-imidazo[4,5-b]pyridin-6-yl)phenol",DB06898,drug,0.150806545,0,4.04E-10,10
"4-(2-AMINOETHOXY)-3,5-DICHLORO-N-[3-(1-METHYLETHOXY)PHENYL]BENZAMIDE",DB08072,drug,0.15066403,0,6.70E-12,46
"4-(2-aminoethoxy)-N-(2,5-diethoxyphenyl)-3,5-dimethylbenzamide",DB07625,drug,0.15066403,0,6.70E-12,21
"4-(2-aminoethoxy)-N-(3-chloro-2-ethoxy-5-piperidin-1-ylphenyl)-3,5-dimethylbenzamide",DB07626,drug,0.15066403,0,6.70E-12,51
"4-(2-aminoethoxy)-N-(3-chloro-5-piperidin-1-ylphenyl)-3,5-dimethylbenzamide",DB08697,drug,0.15066403,0,6.70E-12,6
4-(2-aminoethyl)-2-cyclohexylphenol,DB07345,drug,0.150690725,0,1.94E-11,53
4-(2-aminoethyl)-2-ethylphenol,DB07346,drug,0.150690725,0,1.94E-11,40
4-(2-AMINOETHYL)BENZENESULFONAMIDE,DB08782,drug,0.150737685,0,2.16E-12,24
4-(2-Aminoethyl)Benzenesulfonyl Fluoride,DB07347,drug,0.150453503,0,9.60E-11,24
4-(2-AMINOPHENYL)-4-OXOBUTANOIC ACID,DB08060,drug,0.152052595,0,6.21E-12,43
"4-(2-chlorophenyl)-8-(2-hydroxyethyl)-6-methylpyrrolo[3,4-e]indole-1,3(2H,6H)-dione",DB07257,drug,0.150490926,0,8.08E-11,13
4-(2-HYDROXYBENZYLAMINO)-N-(3-(4-FLUOROPHENOXY)PHENYL)PIPERIDINE-1-SULFONAMIDE,DB04632,drug,0.150382517,0,1.90E-10,11
4-(2-methoxyethoxy)-6-methylpyrimidin-2-amine,DB08786,drug,0.150401349,0,1.85E-10,43
4-(3-{[5-(trifluoromethyl)pyridin-2-yl]oxy}benzyl)piperidine-1-carboxylic acid,DB08400,drug,0.155824215,0,1.85E-13,36
4-(3-amino-1H-indazol-5-yl)-N-tert-butylbenzenesulfonamide,DB07162,drug,0.150411736,0,1.30E-10,13
4-(3-Pyridin-2-Yl-1h-Pyrazol-4-Yl)Quinoline,DB03921,drug,0.150408329,0,1.07E-10,34
"4-(4-chlorobenzyl)-1-(7H-pyrrolo[2,3-d]pyrimidin-4-yl)piperidin-4-aminium",DB08150,drug,0.15144982,0,2.44E-10,38
4-(4-CHLOROPHENYL)-4-[4-(1H-PYRAZOL-4-YL)PHENYL]PIPERIDINE,DB07859,drug,0.152321751,0,5.38E-10,54
4-(4-Chlorophenyl)Imidazole,DB02974,drug,0.150671256,0,2.20E-13,45
4-(4-FLUOROBENZYL)PIPERIDINE,DB07110,drug,0.150690725,0,1.94E-11,36
4-(4-FLUOROPHENYL)-1-CYCLOROPROPYLMETHYL-5-(4-PYRIDYL)-IMIDAZOLE,DB08522,drug,0.150382517,0,1.90E-10,12
4-(4-hydroxy-3-methylphenyl)-6-phenylpyrimidin-2(5H)-one,DB07151,drug,0.150455891,0,6.96E-11,50
4-(4-HYDROXYPHENYL)-1-NAPHTHALDEHYDE OXIME,DB07150,drug,0.150853556,0,2.51E-10,6
"4-(4-methoxy-1H-pyrrolo[2,3-b]pyridin-3-yl)pyrimidin-2-amine",DB08178,drug,0.150398889,0,1.68E-10,53
"4-(4-METHYLPIPERAZIN-1-YL)-N-[5-(2-THIENYLACETYL)-1,5-DIHYDROPYRROLO[3,4-C]PYRAZOL-3-YL]BENZAMIDE",DB07186,drug,0.150923816,0,2.12E-10,27
"4-(4-propoxy-1H-pyrrolo[2,3-b]pyridin-3-yl)pyrimidin-2-amine",DB08182,drug,0.150398889,0,1.68E-10,15
4-(4-STYRYL-PHENYLCARBAMOYL)-BUTYRIC ACID,DB08562,drug,0.15120152,0,1.46E-11,27
"4-(5,11-DIOXO-5H-INDENO[1,2-C]ISOQUINOLIN-6(11H)-YL)BUTANOATE",DB08159,drug,0.150531861,0,5.07E-11,51
4-(5-BENZENESULFONYLAMINO-1-METHYL-1H-BENZOIMIDAZOL-2-YLMETHYL)-BENZAMIDINE,DB07508,drug,0.150459983,0,9.12E-12,22
4-(5-Bromo-2-Oxo-2h-Indol-3-Ylazo)-Benzenesulfonamide,DB02973,drug,0.150398889,0,1.68E-10,46
"4-(5-phenyl-1H-pyrrolo[2,3-b]pyridin-3-yl)benzoic acid",DB08191,drug,0.15044426,0,9.53E-11,57
"4-(6-{[(1R)-1-(hydroxymethyl)propyl]amino}imidazo[1,2-b]pyridazin-3-yl)benzoic acid",DB07125,drug,0.150477984,0,8.28E-11,10
"4-(6-{[(4-METHYLCYCLOHEXYL)AMINO]METHYL}-1,4-DIHYDROINDENO[1,2-C]PYRAZOL-3-YL)BENZOIC ACID",DB07320,drug,0.150468148,0,8.93E-11,43
4-(6-CYCLOHEXYLMETHOXY-9H-PURIN-2-YLAMINO)--BENZAMIDE,DB08241,drug,0.150398889,0,1.68E-10,43
"4-(6-HYDROXY-1H-INDAZOL-3-YL)BENZENE-1,3-DIOL",DB08048,drug,0.150806545,0,4.04E-10,32
"4-(6-HYDROXY-BENZO[D]ISOXAZOL-3-YL)BENZENE-1,3-DIOL",DB06937,drug,0.150430163,0,1.30E-10,41
4-(acetylamino)-N-(4-fluorophenyl)-1H-pyrazole-3-carboxamide,DB08136,drug,0.150398889,0,1.68E-10,22
"4-(Aminosulfonyl)-N-[(2,3,4-Trifluorophenyl)Methyl]-Benzamide",DB04549,drug,0.150737685,0,2.16E-12,32
"4-(Aminosulfonyl)-N-[(2,4,6-Trifluorophenyl)Methyl]-Benzamide",DB02221,drug,0.150737685,0,2.16E-12,24
"4-(Aminosulfonyl)-N-[(2,4-Difluorophenyl)Methyl]-Benzamide",DB04180,drug,0.150737685,0,2.16E-12,6
"4-(Aminosulfonyl)-N-[(2,5-Difluorophenyl)Methyl]-Benzamide",DB03039,drug,0.150737685,0,2.16E-12,34
"4-(Aminosulfonyl)-N-[(3,4,5-Trifluorophenyl)Methyl]-Benzamide",DB02861,drug,0.150737685,0,2.16E-12,15
4-(Aminosulfonyl)-N-[(4-Fluorophenyl)Methyl]-Benzamide,DB02429,drug,0.150737685,0,2.16E-12,57
4-(BENZHYDRYLOXY)-1-[3-(1H-TETRAAZOL-5-YL)PROPYL]PIPERIDINE,DB07917,drug,0.152888312,0,1.14E-12,19
4-(dimethylamino)-N-[7-(hydroxyamino)-7-oxoheptyl]benzamide,DB02565,drug,0.150633124,0,1.50E-11,27
4-(Fluorophenyl)-1-Cyclopropylmethyl-5-(2-Amino-4-Pyrimidinyl)Imidazole,DB03980,drug,0.150382517,0,1.90E-10,31
4-(Hydrogen sulfate)-beta-D-galactopyranose,DB02837,drug,0.151014201,0,8.04E-12,21
4-(Hydroxymethyl)Benzamidine,DB02585,drug,0.150983421,0,2.14E-12,38
4-(METHYLSULFONYL)BENZENECARBOXIMIDAMIDE,DB07368,drug,0.151169173,0,2.36E-12,41
"4-(N,N-Dimethylamino)cinnamoyl-CoA",DB04117,drug,0.150712225,0,1.78E-11,11
4-(quinolin-3-ylmethyl)piperidine-1-carboxylic acid,DB08385,drug,0.155824215,0,1.85E-13,8
"4,4'-BIS([H]METHYLSULFONYL)-2,2',5,5'-TETRACHLOROBIPHENYL",DB08373,drug,0.151631644,0,3.36E-12,24
"4,4'-DIPYRIDYL DISULFIDE",DB07623,drug,0.151064885,0,2.64E-12,57
"4,5-bis(4-methoxyphenyl)-2-thiophen-2-yl-1H-imidazole",DB08383,drug,0.156401436,0,1.85E-12,27
"4,6-Dideoxy-4-{[4,5,6-Trihydroxy-3-(Hydroxymethyl)Cyclohex-2-En-1-Yl]Amino}-Alpha-D-Lyxo-Hexopyranosyl-(1->4)-Alpha-D-Threo-Hexopyranosyl-(1->6)-Alpha-L-Threo-Hexopyranose",DB03495,drug,0.152083918,0,9.07E-13,8
"4,6-DIDEOXY-4-{[4-[(4-O-HEXOPYRANOSYLHEXOPYRANOSYL)OXY]-5,6-DIHYDROXY-3-(HYDROXYMETHYL)CYCLOHEX-2-EN-1-YL]AMINO}HEXOPYRANOSYL-(1->4)HEXOPYRANOSYL-(1->4)HEXOPYRANOSE",DB04618,drug,0.152083918,0,9.07E-13,8
"4,6-dideoxy-4-amino-alpha-D-glucose",DB03439,drug,0.156965151,0,3.90E-12,13
"4,7-Dioxosebacic Acid",DB04560,drug,0.15349413,0,7.77E-12,46
"4-[(10s,14s,18s)-18-(2-Amino-2-Oxoethyl)-14-(1-Naphthylmethyl)-8,17,20-Trioxo-7,16,19-Triazaspiro[5.14]Icos-11-En-10-Yl]Benzylphosphonic Acid",DB03276,drug,0.150554776,0,2.09E-10,47
"4-[(1E,7E)-8-(2,6-DIOXO-1,2,3,6-TETRAHYDROPYRIMIDIN-4-YL)-3,6-DIOXA-2,7-DIAZAOCTA-1,7-DIEN-1-YL]BENZOIC ACID",DB06990,drug,0.15058659,0,1.94E-11,34
"4'-[(1R)-1-amino-2-(2,5-difluorophenyl)ethyl]biphenyl-3-carboxamide",DB07181,drug,0.150646997,0,2.26E-12,5
4-[(1S)-1-(3-fluoro-4-methoxyphenyl)-2-(2-methoxy-5-nitrophenyl)ethyl]-1H-imidazol-2-amine,DB07415,drug,0.150690725,0,1.94E-11,46
"4-[(1S,2R,5S)-4,4,8-TRIMETHYL-3-OXABICYCLO[3.3.1]NON-7-EN-2-YL]PHENOL",DB08595,drug,0.150806545,0,4.04E-10,10
"4-[(1S,2S,5S)-5-(HYDROXYMETHYL)-6,8,9-TRIMETHYL-3-OXABICYCLO[3.3.1]NON-7-EN-2-YL]PHENOL",DB07195,drug,0.150806545,0,4.04E-10,13
"4-[(1S,2S,5S)-5-(HYDROXYMETHYL)-8-METHYL-3-OXABICYCLO[3.3.1]NON-7-EN-2-YL]PHENOL",DB07086,drug,0.150806545,0,4.04E-10,45
"4-[(1S,2S,5S,9R)-5-(HYDROXYMETHYL)-8,9-DIMETHYL-3-OXABICYCLO[3.3.1]NON-7-EN-2-YL]PHENOL",DB07087,drug,0.150806545,0,4.04E-10,13
4-[(2-{4-[(CYCLOPROPYLCARBAMOYL)AMINO]-1H-PYRAZOL-3-YL}-1H-BENZIMIDAZOL-6-YL)METHYL]MORPHOLIN-4-IUM,DB08067,drug,0.150411736,0,1.30E-10,46
"4-[(3AS,4R,7R,8AS,8BR)-2-(1,3-BENZODIOXOL-5-YLMETHYL)-7-HYDROXY-1,3-DIOXODECAHYDROPYRROLO[3,4-A]PYRROLIZIN-4-YL]BENZENECARBOXIMIDAMIDE",DB08546,drug,0.150459983,0,9.12E-12,27
"4-[(3-BROMO-4-O-SULFAMOYLBENZYL)(4-CYANOPHENYL)AMINO]-4H-[1,2,4]-TRIAZOLE",DB04600,drug,0.150737685,0,2.16E-12,31
"4-[(3-CHLORO-4-{[(2R)-3,3,3-TRIFLUORO-2-HYDROXY-2-METHYLPROPANOYL]AMINO}PHENYL)SULFONYL]-N,N-DIMETHYLBENZAMIDE",DB07403,drug,0.15053366,0,6.99E-11,46
4-[(3R)-3-{[2-(4-FLUOROPHENYL)-2-OXOETHYL]AMINO}BUTYL]BENZAMIDE,DB08672,drug,0.150646997,0,2.26E-12,54
"4-[(3R)-3-Amino-4-(2,4,5-trifluorophenyl)butanoyl]-3-(2,2,2-trifluoroethyl)-1,4-diazepan-2-one",DB07271,drug,0.150646997,0,2.26E-12,47
"4-[(4-Imidazo[1,2-a]Pyridin-3-Ylpyrimidin-2-Yl)Amino]Benzenesulfonamide",DB02197,drug,0.150398889,0,1.68E-10,6
4-[(4-METHYL-1-PIPERAZINYL)METHYL]-N-[3-[[4-(3-PYRIDINYL)-2-PYRIMIDINYL]AMINO]PHENYL]-BENZAMIDE,DB04739,drug,0.150381611,0,2.42E-10,49
"4-[(4-O-SULFAMOYLBENZYL)(4-CYANOPHENYL)AMINO]-4H-[1,2,4]-TRIAZOLE",DB04601,drug,0.150737685,0,2.16E-12,21
4-[(5-CHLOROINDOL-2-YL)SULFONYL]-2-(2-METHYLPROPYL)-1-[[5-(PYRIDIN-4-YL)PYRIMIDIN-2-YL]CARBONYL]PIPERAZINE,DB04673,drug,0.150707581,0,4.60E-12,57
"4-[(5-ISOPROPYL-1,3-THIAZOL-2-YL)AMINO]BENZENESULFONAMIDE",DB08673,drug,0.150398889,0,1.68E-10,12
4-[(5-methoxy-2-methylphenoxy)methyl]pyridine,DB07428,drug,0.15149262,0,1.90E-11,46
4-[(6-Amino-4-Pyrimidinyl)Amino]Benzenesulfonamide,DB03307,drug,0.150398889,0,1.68E-10,22
4-[(6-chloropyrazin-2-yl)amino]benzenesulfonamide,DB08134,drug,0.150398889,0,1.68E-10,13
"4-[(7-OXO-7H-THIAZOLO[5,4-E]INDOL-8-YLMETHYL)-AMINO]-N-PYRIDIN-2-YL-BENZENESULFONAMIDE",DB06844,drug,0.150398889,0,1.68E-10,53
"4-[(7R,7AS)-7-HYDROXY-1,3-DIOXOTETRAHYDRO-1H-PYRROLO[1,2-C]IMIDAZOL-2(3H)-YL]-1-NAPHTHONITRILE",DB08087,drug,0.150367355,0,3.66E-10,54
4-[[(1E)-2-(4-CHLOROPHENYL)ETHENYL]SULFONYL]-1-[[1-(4-PYRIDINYL)-4-PIPERIDINYL]METHYL]PIPERAZINONE,DB08745,drug,0.150707581,0,4.60E-12,15
4-[[(2S)-1-[[6-[(1-Amino-1-oxo-3-sulfanylpropan-2-yl)amino]-6-oxohexyl]amino]-3-[4-[difluoro(phosphono)methyl]phenyl]-1-oxopropan-2-yl]amino]-3-[[2-[4-[difluoro(phosphono)methyl]phenyl]acetyl]amino]-4-oxobutanoic acid,DB03557,drug,0.150357788,0,1.04E-10,12
4-[[(2S)-2-[[(2S)-3-Carboxy-2-hydroxypropanoyl]amino]-4-methylpentanoyl]amino]butyl-(diaminomethylidene)azanium,DB04276,drug,0.15061366,0,3.03E-11,45
4-[[2-[[4-chloro-3-(trifluoromethyl)phenyl]amino]-3H-benzimidazol-5-yl]oxy]-N-methyl-pyridine-2-carboxamide,DB06938,drug,0.150391527,0,7.86E-11,31
"4-[1-allyl-7-(trifluoromethyl)-1H-indazol-3-yl]benzene-1,3-diol",DB08047,drug,0.150806545,0,4.04E-10,54
"4-[3-(1,4-diazepan-1-ylcarbonyl)-4-fluorobenzyl]phthalazin-1(2H)-one",DB08058,drug,0.15184078,0,4.49E-12,51
4-[3-(1H-BENZIMIDAZOL-2-YL)-1H-INDAZOL-6-YL]-2-METHOXYPHENOL,DB07336,drug,0.150468148,0,8.93E-11,39
"4-[3-(3-NITROPHENYL)-1,2,4-OXADIAZOL-5-YL]BUTANOIC ACID",DB07498,drug,0.152372549,0,6.88E-12,13
4-[3-(4-CHLOROPHENYL)-1H-PYRAZOL-5-YL]PIPERIDINE,DB08061,drug,0.150459983,0,9.12E-12,45
"4-[3-(4-chlorophenyl)-2,1-benzisoxazol-5-yl]pyrimidin-2-amine",DB08707,drug,0.150455891,0,6.96E-11,19
4-[3-(4-FLUOROPHENYL)-1H-PYRAZOL-4-YL]PYRIDINE,DB07829,drug,0.150382517,0,1.90E-10,36
"4-[3-(dibenzylamino)phenyl]-2,4-dioxobutanoic acid",DB08147,drug,0.150357788,0,1.04E-10,46
"4-[3-Hydroxyanilino]-6,7-Dimethoxyquinazoline",DB03365,drug,0.150398889,0,1.68E-10,32
"4-[3-Methylsulfanylanilino]-6,7-Dimethoxyquinazoline",DB02984,drug,0.150382517,0,1.90E-10,15
4-[4-(1-Amino-1-Methylethyl)Phenyl]-5-Chloro-N-[4-(2-Morpholin-4-Ylethyl)Phenyl]Pyrimidin-2-Amine,DB02491,drug,0.150438949,0,9.02E-11,40
"4-[4-(2,5-DIOXO-PYRROLIDIN-1-YL)-PHENYLAMINO]-4-HYDROXY-BUTYRIC ACID",DB08378,drug,0.154342192,0,5.03E-11,36
4-[4-(4-Fluorophenyl)-2-[4-[(R)-methylsulfinyl]phenyl]-1H-imidazol-5-yl]pyridine,DB08521,drug,0.150743666,0,4.41E-10,15
"4-[4-(4-methoxyphenyl)-5-methyl-1H-pyrazol-3-yl]benzene-1,3-diol",DB08356,drug,0.153023088,0,1.00E-11,34
4-[4-(4-Methyl-2-Methylamino-Thiazol-5-Yl)-Pyrimidin-2-Ylamino]-Phenol,DB04407,drug,0.150398889,0,1.68E-10,40
4-[5-(2-CARBOXY-1-FORMYL-ETHYLCARBAMOYL)-PYRIDIN-3-YL]-BENZOIC ACID,DB08251,drug,0.150390311,0,7.41E-11,46
4-[5-(3-IODO-PHENYL)-2-(4-METHANESULFINYL-PHENYL)-1H-IMIDAZOL-4-YL]-PYRIDINE,DB07607,drug,0.150382517,0,1.90E-10,8
"4-[5-(Trans-4-Aminocyclohexylamino)-3-Isopropylpyrazolo[1,5-a]Pyrimidin-7-Ylamino]-N,N-Dimethylbenzenesulfonamide",DB01888,drug,0.150398889,0,1.68E-10,57
4-[5-[2-(1-phenyl-ethylamino)-pyrimidin-4-yl]-1-methyl-4-(3-trifluoromethylphenyl)-1H-imidazol-2-yl]-piperidine,DB01761,drug,0.150382517,0,1.90E-10,19
"4-[8-(3-nitrophenyl)-1,7-naphthyridin-6-yl]benzoic acid",DB08299,drug,0.152117911,0,8.25E-11,31
4-[Hydroxy-[Methyl-Phosphinoyl]]-3-Oxo-Butanoic Acid,DB01832,drug,0.150876522,0,4.98E-12,40
"4-{[(1R,2S)-1,2-dihydroxy-2-methyl-3-(4-nitrophenoxy)propyl]amino}-2-(trifluoromethyl)benzonitrile",DB07421,drug,0.150367355,0,3.66E-10,6
"4-{[(2,6-difluorophenyl)carbonyl]amino}-N-[(3S)-piperidin-3-yl]-1H-pyrazole-3-carboxamide",DB08141,drug,0.150398889,0,1.68E-10,34
"4-{[(2-Oxo-1,2-dihydro-3H-indol-3-ylidene)methyl]amino}-N-(1,3-thiazol-2-yl)benzenesulfonamide",DB08125,drug,0.150398889,0,1.68E-10,55
"4-{[(2R)-2-(2-methylphenyl)pyrrolidin-1-yl]carbonyl}benzene-1,3-diol",DB08442,drug,0.150401349,0,1.85E-10,31
4-{[(2S)-3-(tert-butylamino)-2-hydroxypropyl]oxy}-3H-indole-2-carbonitrile,DB08347,drug,0.15061803,0,1.65E-11,13
4-{[(CYCLOHEXYLAMINO)CARBONYL]AMINO}BUTANOIC ACID,DB08257,drug,0.15645,0,1.58E-12,49
"4-{[(E)-2-(5-CHLOROTHIEN-2-YL)VINYL]SULFONYL}-1-(1H-PYRROLO[3,2-C]PYRIDIN-2-YLMETHYL)PIPERAZIN-2-ONE",DB08488,drug,0.150707581,0,4.60E-12,9
"4-{[1-METHYL-2,4-DIOXO-6-(3-PHENYLPROP-1-YN-1-YL)-1,4-DIHYDROQUINAZOLIN-3(2H)-YL]METHYL}BENZOIC ACID",DB07827,drug,0.150756794,0,6.91E-12,46
4-{[1-Methyl-5-(2-Methyl-Benzoimidazol-1-Ylmethyl)-1h-Benzoimidazol-2-Ylmethyl]-Amino}-Benzamidine,DB02354,drug,0.151169173,0,2.36E-12,57
4-{[4-(1-CYCLOPROPYL-2-METHYL-1H-IMIDAZOL-5-YL)PYRIMIDIN-2-YL]AMINO}-N-METHYLBENZENESULFONAMIDE,DB07791,drug,0.150398889,0,1.68E-10,15
"4-{[4-(4-fluoro-3-methylphenyl)-1,3-thiazol-2-yl]amino}-2-hydroxybenzoic acid",DB07616,drug,0.152888312,0,1.14E-12,13
"4-{[4-{[(1R,2R)-2-(dimethylamino)cyclopentyl]amino}-5-(trifluoromethyl)pyrimidin-2-yl]amino}-N-methylbenzenesulfonamide",DB08341,drug,0.150419832,0,1.28E-10,46
4-{[4-AMINO-6-(CYCLOHEXYLMETHOXY)-5-NITROSOPYRIMIDIN-2-YL]AMINO}BENZAMIDE,DB08572,drug,0.150398889,0,1.68E-10,34
"4-{[5-(CYCLOHEXYLAMINO)[1,2,4]TRIAZOLO[1,5-A]PYRIMIDIN-7-YL]AMINO}BENZENESULFONAMIDE",DB07686,drug,0.150398889,0,1.68E-10,21
"4-{[5-(CYCLOHEXYLMETHOXY)[1,2,4]TRIAZOLO[1,5-A]PYRIMIDIN-7-YL]AMINO}BENZENESULFONAMIDE",DB07685,drug,0.150398889,0,1.68E-10,9
"4-{[5-(CYCLOHEXYLOXY)[1,2,4]TRIAZOLO[1,5-A]PYRIMIDIN-7-YL]AMINO}BENZENESULFONAMIDE",DB07688,drug,0.150398889,0,1.68E-10,43
4-{[5-chloro-4-(1H-indol-3-yl)pyrimidin-2-yl]amino}-N-ethylpiperidine-1-carboxamide,DB08005,drug,0.150467819,0,8.45E-11,31
"4-{2,4-Bis[(3-Nitrobenzoyl)Amino]Phenoxy}Phthalic Acid",DB03067,drug,0.151371395,0,9.97E-12,34
4-{2-[(3-Nitrobenzoyl)Amino]Phenoxy}Phthalic Acid,DB04044,drug,0.151371395,0,9.97E-12,43
"4-{2-[(7-amino-2-furan-2-yl[1,2,4]triazolo[1,5-a][1,3,5]triazin-5-yl)amino]ethyl}phenol",DB08770,drug,0.151161945,0,3.51E-12,50
"4-{3-CHLORO-4-[3-(2,4-DICHLORO-BENZOYL)-UREIDO]-PHENOXY}-BUTYRIC ACID",DB04643,drug,0.151371395,0,9.97E-12,11
"4-{4-[(5-hydroxy-2-methylphenyl)amino]quinolin-7-yl}-1,3-thiazole-2-carbaldehyde",DB07832,drug,0.150382517,0,1.90E-10,55
"4-{4-[2-(1A,7A-DIMETHYL-4-OXY-OCTAHYDRO-1-OXA-4-AZA-CYCLOPROPA[A]NAPHTHALEN-4-YL) -ACETYLAMINO]-PHENYLCARBAMOYL}-BUTYRIC ACID",DB07882,drug,0.150594146,0,6.94E-12,40
"4-{4-[3-(2,4-DICHLORO-BENZOYL)-UREIDO]-2,3-DIMETHYL-PHENOXY}-BUTYRIC ACID",DB04644,drug,0.151371395,0,9.97E-12,32
"4-{4-[4-(3-AMINOPROPOXY)PHENYL]-1H-PYRAZOL-5-YL}-6-CHLOROBENZENE-1,3-DIOL",DB08045,drug,0.150449526,0,2.07E-10,51
"4-{5-[(1Z)-1-(2-IMINO-4-OXO-1,3-THIAZOLIDIN-5-YLIDENE)ETHYL]-2-FURYL}BENZENESULFONAMIDE",DB07540,drug,0.150398889,0,1.68E-10,8
"4-{5-[(Z)-(2,4-DIOXO-1,3-THIAZOLIDIN-5-YLIDENE)METHYL]FURAN-2-YL}BENZENESULFONAMIDE",DB07531,drug,0.150398889,0,1.68E-10,10
"4-{5-[(Z)-(2-IMINO-4-OXO-1,3-THIAZOLIDIN-5-YLIDENE)METHYL]-2-FURYL}-N-METHYLBENZENESULFONAMIDE",DB07533,drug,0.150398889,0,1.68E-10,19
"4-{5-[(Z)-(2-IMINO-4-OXO-1,3-THIAZOLIDIN-5-YLIDENE)METHYL]FURAN-2-YL}-2-(TRIFLUOROMETHYL)BENZENESULFONAMIDE",DB07538,drug,0.150398889,0,1.68E-10,10
"4-{5-[(Z)-(2-IMINO-4-OXO-1,3-THIAZOLIDIN-5-YLIDENE)METHYL]FURAN-2-YL}BENZENESULFONAMIDE",DB07534,drug,0.150398889,0,1.68E-10,22
"4-{5-[(Z)-(2-IMINO-4-OXO-1,3-THIAZOLIDIN-5-YLIDENE)METHYL]FURAN-2-YL}BENZOIC ACID",DB07539,drug,0.150398889,0,1.68E-10,54
4-Amino Hexanoic Acid,DB04235,drug,0.15760803,0,1.83E-12,57
"4-Amino-2-[(3-chlorophenyl)amino]-5-(4-fluorobenzoyl)-1,3-thiazol-3-ium",DB07489,drug,0.150841018,0,2.56E-11,51
4-AMINO-N-[(2-SULFANYLETHYL)CARBAMOYL]BENZENESULFONAMIDE,DB08484,drug,0.150692977,0,2.15E-11,55
4-amino-N-[4-(benzyloxy)phenyl]butanamide,DB07104,drug,0.150779115,0,1.42E-11,27
"4-Bromo-2,5-dimethoxyamphetamine",DB01484,drug,1.815253937,12726.8098,0.025622063,25
"4-Bromo-2,5-dimethoxyphenethylamine",DB01537,drug,0.335798907,115.9261912,0.00367908,48
4-BROMO-3-(CARBOXYMETHOXY)-5-(4-HYDROXYPHENYL)THIOPHENE-2-CARBOXYLIC ACID,DB07197,drug,0.150357788,0,1.04E-10,6
4-BROMO-3-(CARBOXYMETHOXY)-5-[3-(CYCLOHEXYLAMINO)PHENYL]THIOPHENE-2-CARBOXYLIC ACID,DB06829,drug,0.150357788,0,1.04E-10,32
4-BROMO-3-(CARBOXYMETHOXY)-5-PHENYLTHIOPHENE-2-CARBOXYLIC ACID,DB07130,drug,0.150357788,0,1.04E-10,15
"4-bromo-6-(6-hydroxy-1,2-benzisoxazol-3-yl)benzene-1,3-diol",DB07502,drug,0.150401349,0,1.85E-10,5
"4-butyl-5-propyl-1,3-selenazol-2-amine",DB01740,drug,0.154477569,0,1.07E-05,0
4-Carbamoyl-4-{[6-(Difluoro-Phosphono-Methyl)-Naphthalene-2-Carbonyl]-Amino}-Butyric Acid,DB03714,drug,0.150357788,0,1.04E-10,49
"4-Carboxy-5-(1-Pentyl)Hexylsulfanyl-1,2,3-Triazole",DB04374,drug,0.158586554,0,3.54E-13,50
4-Carboxycinnamic Acid,DB02126,drug,0.15149262,0,1.90E-11,21
"4-CHLORO-6-(4-{4-[4-(METHYLSULFONYL)BENZYL]PIPERAZIN-1-YL}-1H-PYRAZOL-5-YL)BENZENE-1,3-DIOL",DB06957,drug,0.150401349,0,1.85E-10,22
"4-CHLORO-6-(4-PIPERAZIN-1-YL-1H-PYRAZOL-5-YL)BENZENE-1,3-DIOL",DB07100,drug,0.150401349,0,1.85E-10,36
"4-chloro-6-{5-[(2-morpholin-4-ylethyl)amino]-1,2-benzisoxazol-3-yl}benzene-1,3-diol",DB07601,drug,0.150401349,0,1.85E-10,53
4'-Deoxy-4'-Acetylyamino-Pyridoxal-5'-Phosphate,DB02783,drug,0.151809031,0,1.17E-11,45
4-Deoxy-Alpha-D-Glucose,DB02670,drug,0.150531328,0,4.90E-11,57
4-Flourobenzenesulfonamide,DB01784,drug,0.150737685,0,2.16E-12,40
"4'-FLUORO-1,1'-BIPHENYL-4-CARBOXYLIC ACID",DB07108,drug,0.150451223,0,6.00E-11,55
4-Fluorobenzylamine,DB03243,drug,0.151169173,0,2.36E-12,6
4-guanidinobenzoic acid,DB02459,drug,0.150804533,0,6.45E-12,47
"4-Hydroxy-1,2,5-oxadiazole-3-carboxylic acid",DB02401,drug,0.150557138,0,2.53E-11,15
4-HYDROXY-3-NITROPHENYLACETYL-EPSILON-AMINOCAPROIC ACID ANION,DB08295,drug,0.203416093,0,1.06E-13,13
4-HYDROXY-5-IODO-3-NITROPHENYLACETYL-EPSILON-AMINOCAPROIC ACID ANION,DB08273,drug,0.203416093,0,1.06E-13,38
4-Hydroxy-Aconitate Ion,DB03964,drug,0.150640902,0,1.46E-11,36
"4-HYDROXYBENZALDEHYDE O-(3,3-DIMETHYLBUTANOYL)OXIME",DB08335,drug,0.150805627,0,1.51E-11,41
4-HYDROXYBENZALDEHYDE O-(CYCLOHEXYLCARBONYL)OXIME,DB08333,drug,0.150805627,0,1.51E-11,13
4-Hydroxybutan-1-Aminium,DB02541,drug,0.150983421,0,2.14E-12,6
4-hydroxybutan-2-one,DB04094,drug,0.15047917,0,6.38E-11,8
4-hydroxycoumarin,DB03410,drug,2.589056498,66351.67528,0.018849936,44
4'-Hydroxyflavanone,DB04429,drug,0.150673695,0,1.14E-11,36
4-HYDROXY-N'-(4-ISOPROPYLBENZYL)BENZOHYDRAZIDE,DB06884,drug,0.151116235,0,9.95E-11,54
4-HYDROXY-N-PROPARGYL-1(R)-AMINOINDAN,DB08480,drug,0.151197857,0,8.39E-12,54
4-Hydroxyphenylpyruvic acid,DB07718,drug,0.15126561,0,2.42E-11,53
4-Hydroxytestosterone,DB01485,drug,0.361460761,157.5211916,0.00208739,52
4-Iodobenzo[B]Thiophene-2-Carboxamidine,DB03136,drug,0.152293186,0,1.82E-11,36
4-Iodo-L-phenylalanine,DB03660,drug,0.150646997,0,2.26E-12,19
4-Iodopyrazole,DB02721,drug,0.168064348,0,3.85E-12,45
4-Methoxyamphetamine,DB01472,drug,1.688555238,6594.754105,0.02655596,28
4-methoxybenzenesulfinate,DB03033,drug,0.151264344,0,1.62E-11,47
"4-Methyl-5-[(2Z)-2-{[4-(4-morpholinyl)phenyl]imino}-2,5-dihydro-4-pyrimidinyl]-1,3-thiazol-2-amine",DB08219,drug,0.150398889,0,1.68E-10,24
"4-methyl-7,8-dihydro-5H-thiopyrano[4,3-d]pyrimidin-2-amine",DB08194,drug,0.150401349,0,1.85E-10,54
4-Methylimidazole,DB03385,drug,0.157021534,0,6.83E-12,41
4-METHYL-PENTANOIC ACID {1-[4-GUANIDINO-1-(THIAZOLE-2-CARBONYL)-BUTYLCARBAMOYL]-2-METHYL-PROPYL}-AMIDE,DB07299,drug,0.150803843,0,3.07E-12,38
4-Methylpiperazin-1-Yl Carbonyl Group,DB04451,drug,0.150664781,0,8.17E-12,39
4-Methylthio-Alpha-D-Mannose,DB02730,drug,0.151253408,0,1.47E-12,13
4-methylumbelliferyl beta-D-glucoside,DB13177,drug,0.168410327,0.06517644,0.00027621,0
4-methyl-umbelliferyl-N-acetyl-chitobiose,DB02759,drug,0.150888588,0,1.24E-11,53
4-Morpholin-4-Yl-Piperidine-1-Carboxylic Acid [1-(3-Benzenesulfonyl-1-Propyl-Allylcarbamoyl)-2-Phenylethyl]-Amide,DB02243,drug,0.153846608,0,1.17E-12,11
4-NITRO-BENZYLPHOSPHONOBUTANOYL-GLYCINE,DB08409,drug,0.152716673,0,1.04E-11,49
4-Nitrocatechol sulfate,DB01800,drug,0.152515409,0,2.40E-12,47
4-Nitrophenyl Phosphate,DB04214,drug,0.15068972,0,2.73E-11,47
"4-O-(4,6-Dideoxy-4-{[4,5,6-Trihydroxy-3-(Hydroxymethyl)Cyclohex-2-En-1-Yl]Amino}-Beta-D-Lyxo-Hexopyranosyl)-Alpha-D-Erythro-Hexopyranose",DB02889,drug,0.152083918,0,9.07E-13,50
"4-O-(4,6-Dideoxy-4-{[4-[(4-O-Hexopyranosylhexopyranosyl)Oxy]-5,6-Dihydroxy-3-(Hydroxymethyl)Cyclohex-2-En-1-Yl]Amino}Hexopyranosyl)Hexopyranose",DB04453,drug,0.154167837,0,1.81E-12,5
"4-Oxo-2-Phenylmethanesulfonyl-Octahydro-Pyrrolo[1,2-a]Pyrazine-6-Carboxylic Acid [1-(N-Hydroxycarbamimidoyl)-Piperidin-4-Ylmethyl]-Amide",DB02723,drug,0.150459983,0,9.12E-12,15
4-Oxoretinol,DB02699,drug,0.221379433,2.75989905,0.00050936,59
4-Oxosebacic Acid,DB02260,drug,0.15349413,0,7.77E-12,15
4-PHENOXY-N-(PYRIDIN-2-YLMETHYL)BENZAMIDE,DB07459,drug,0.150382517,0,1.90E-10,49
4-Phenylbutylamine,DB04311,drug,0.151169173,0,2.36E-12,19
4-phospho-L-threonic acid,DB01756,drug,0.151197118,0,1.44E-11,13
4-PHOSPHONOOXY-PHENYL-METHYL-[4-PHOSPHONOOXY]BENZEN,DB07480,drug,0.150357788,0,1.04E-10,54
4-PIPERIDIN-4-YLBUTANAL,DB04654,drug,0.153260185,0,4.68E-12,53
4-Piperidino-Piperidine,DB03056,drug,0.151320538,0,2.43E-12,54
4R-Fluoro-N6-ethanimidoyl-L-lysine,DB01835,drug,0.150386779,0,7.19E-11,22
4-S-Glutathionyl-5-pentyl-tetrahydro-furan-2-ol,DB04521,drug,0.152109061,0,1.55E-12,27
4-Sulfonamide-[1-(4-Aminobutane)]Benzamide,DB03697,drug,0.150737685,0,2.16E-12,40
4-Sulfonamide-[4-(Thiomethylaminobutane)]Benzamide,DB04002,drug,0.150737685,0,2.16E-12,55
4-TERT-BUTYLBENZENESULFONIC ACID,DB07440,drug,0.150459983,0,9.12E-12,41
"5-(2,3-dichlorophenyl)-N-(pyridin-4-ylmethyl)-3-thiocyanatopyrazolo[1,5-a]pyrimidin-7-amine",DB07065,drug,0.150398889,0,1.68E-10,8
"5-(2,3-dichlorophenyl)-N-(pyridin-4-ylmethyl)pyrazolo[1,5-a]pyrimidin-7-amine",DB08531,drug,0.150398889,0,1.68E-10,21
"5-(2-chlorophenyl)-1,3,4-thiadiazole-2-sulfonamide",DB07632,drug,0.150737685,0,2.16E-12,24
"5-(2-ETHOXYETHYL)-5-[4-(4-FLUOROPHENOXY)PHENOXY]PYRIMIDINE-2,4,6(1H,3H,5H)-TRIONE",DB08388,drug,0.150756794,0,6.91E-12,47
"5-(2-Fluoro-5-{(1E)-3-[3-hydroxy-2-(methoxycarbonyl)phenoxy]-1-propen-1-yl}phenyl)-1,2-oxazole-3-carboxylic acid",DB02014,drug,0.150357788,0,1.04E-10,55
"5-(2-fluorophenyl)-N-(pyridin-4-ylmethyl)pyrazolo[1,5-a]pyrimidin-7-amine",DB08534,drug,0.150398889,0,1.68E-10,49
"5-(2-hydroxyethyl)nonane-1,9-diol",DB07171,drug,0.150864279,0,1.07E-11,15
5-(2-methylpiperazine-1-sulfonyl)isoquinoline,DB07996,drug,0.29770818,5168.40819,0.00167559,26
"5-(2-PHENYLPYRAZOLO[1,5-A]PYRIDIN-3-YL)-1H-PYRAZOLO[3,4-C]PYRIDAZIN-3-AMINE",DB07794,drug,0.150361149,0,2.52E-10,6
5-(3-{3-[3-HYDROXY-2-(METHOXYCARBONYL)PHENOXY]PROPENYL}PHENYL)-4-(HYDROXYMETHYL)ISOXAZOLE-3-CARBOXYLIC ACID,DB08001,drug,0.150357788,0,1.04E-10,19
"5-(3-carbamoylbenzyl)-5,6,7,8,9,10-hexahydrocyclohepta[b]indole-4-carboxylic acid",DB07945,drug,0.151143193,0,5.13E-12,53
"5-(3-HYDROXYPHENYL)ISOTHIAZOL-3(2H)-ONE 1,1-DIOXIDE",DB07730,drug,0.150357788,0,1.04E-10,10
"5-(4'-AMINO-1'-ETHYL-5',8'-DIFLUORO-1'H-SPIRO[PIPERIDINE-4,2'-QUINAZOLINE]-1-YLCARBONYL)PICOLINONITRILE",DB06879,drug,0.150386779,0,7.19E-11,22
"5-(4-CHLORO-5-PHENYL-3-THIENYL)-1,2,5-THIADIAZOLIDIN-3-ONE 1,1-DIOXIDE",DB07134,drug,0.150357788,0,1.04E-10,10
"5-(4-METHOXYBIPHENYL-3-YL)-1,2,5-THIADIAZOLIDIN-3-ONE 1,1-DIOXIDE",DB08591,drug,0.150357788,0,1.04E-10,31
"5-(4-Methoxyphenoxy)-2,4-Quinazolinediamine",DB02402,drug,0.157483123,0,2.71E-12,27
"5-(4-METHYL-BENZOYLAMINO)-BIPHENYL-3,4'-DICARBOXYLIC ACID 3-DIMETHYLAMIDE-4'-HYDROXYAMIDE",DB07586,drug,0.150633124,0,1.50E-11,27
"5-(4-Morpholin-4-Yl-Phenylsulfanyl)-2,4-Quinazolinediamine",DB02001,drug,0.157483123,0,2.71E-12,53
"5-(4-PHENOXYPHENYL)-5-(4-PYRIMIDIN-2-YLPIPERAZIN-1-YL)PYRIMIDINE-2,4,6(2H,3H)-TRIONE",DB07117,drug,0.150449542,0,2.12E-11,31
"5-(5-CHLORO-2,4-DIHYDROXYPHENYL)-N-ETHYL-4-(4-METHOXYPHENYL)-1H-PYRAZOLE-3-CARBOXAMIDE",DB07495,drug,0.150401349,0,1.85E-10,49
"5-(5-CHLORO-2,4-DIHYDROXYPHENYL)-N-ETHYL-4-(4-METHOXYPHENYL)ISOXAZOLE-3-CARBOXAMIDE",DB06964,drug,0.150401349,0,1.85E-10,51
"5-(5-chloro-2,4-dihydroxyphenyl)-N-ethyl-4-[4-(morpholin-4-ylmethyl)phenyl]isoxazole-3-carboxamide",DB06961,drug,0.150401349,0,1.85E-10,32
"5-(5-CHLORO-2,4-DIHYDROXYPHENYL)-N-ETHYL-4-PIPERAZIN-1-YL-1H-PYRAZOLE-3-CARBOXAMIDE",DB06958,drug,0.150401349,0,1.85E-10,55
"5-(5-CHLORO-2-THIENYL)-N-{(3S)-1-[(1S)-1-METHYL-2-MORPHOLIN-4-YL-2-OXOETHYL]-2-OXOPYRROLIDIN-3-YL}-1H-1,2,4-TRIAZOLE-3-SULFONAMIDE",DB07804,drug,0.150707581,0,4.60E-12,39
"5-(5-chloro-7H-pyrrolo[2,3-d]pyrimidin-4-yl)-4,5,6,7-tetrahydro-1H-imidazo[4,5-c]pyridine",DB07585,drug,0.150789695,0,4.37E-10,49
"5-(Aminomethyl)-6-(2,4-Dichlorophenyl)-2-(3,5-Dimethoxyphenyl)Pyrimidin-4-Amine",DB02004,drug,0.150646997,0,2.26E-12,36
5-(DIMETHYLAMINO)-1-NAPHTHALENESULFONIC ACID(DANSYL ACID),DB07376,drug,0.153624306,0,9.54E-12,55
5-(DIMETHYLAMINO)-2-NAPHTHALENESULFONIC ACID,DB07684,drug,0.15072556,0,4.59E-12,10
"5-(dodecylthio)-1H-1,2,3-triazole-4-carboxylic acid",DB06979,drug,0.158586554,0,3.54E-13,51
"5-(HEXAHYDRO-2-OXO-1H-THIENO[3,4-D]IMIDAZOL-6-YL)PENTANAL",DB07497,drug,0.150896357,0,1.46E-11,15
5-(PARA-NITROPHENYL PHOSPHONATE)-PENTANOIC ACID,DB08296,drug,0.150607374,0,7.62E-12,32
"5,5-dimethyl-2-morpholin-4-yl-5,6-dihydro-1,3-benzothiazol-7(4H)-one",DB07073,drug,0.150489498,0,6.38E-11,6
"5,6,7,8-TETRAHYDRO[1]BENZOTHIENO[2,3-D]PYRIMIDIN-4(3H)-ONE",DB08777,drug,0.150468148,0,8.93E-11,31
"5,6-Cyclic-Tetrahydropteridine",DB03332,drug,0.150376225,0,7.61E-11,6
"5,6-Dihydro-Benzo[H]Cinnolin-3-Ylamine",DB04069,drug,0.150456274,0,1.15E-10,19
"5,6-DIPHENYL-N-(2-PIPERAZIN-1-YLETHYL)FURO[2,3-D]PYRIMIDIN-4-AMINE",DB07297,drug,0.150405063,0,1.37E-10,45
"5,7,2?-trihydroxy-6,8-dimethoxyflavone",DB13983,drug,0.153141384,0,1.07E-11,21
"5,7-Dichlorokynurenic acid",DB01931,drug,0.150542923,0,1.51E-11,22
"5,8-Di-Amino-1,4-Dihydroxy-Anthraquinone",DB03924,drug,0.15041342,0,2.01E-10,10
"5,8-dimethoxy-1,4-dimethylquinolin-2(1H)-one",DB08228,drug,0.150983286,0,1.71E-11,39
"5-[(1S)-1-(3-chlorophenyl)ethoxy]quinazoline-2,4-diamine",DB07644,drug,0.153554959,0,1.41E-11,57
5-[(2-AMINOETHYL)AMINO]-6-FLUORO-3-(1H-PYRROL-2-YL)BENZO[CD]INDOL-2(1H)-ONE,DB07163,drug,0.150398889,0,1.68E-10,10
5-[(2-methyl-5-{[3-(trifluoromethyl)phenyl]carbamoyl}phenyl)amino]pyridine-3-carboxamide,DB07970,drug,0.150770045,0,4.49E-11,46
"5-[(3R)-3-(5-methoxy-2',6'-dimethylbiphenyl-3-yl)but-1-yn-1-yl]-6-methylpyrimidine-2,4-diamine",DB07144,drug,0.150741985,0,1.66E-11,53
"5-[(3R)-3-(5-methoxy-3',5'-dimethylbiphenyl-3-yl)but-1-yn-1-yl]-6-methylpyrimidine-2,4-diamine",DB07142,drug,0.150741985,0,1.66E-11,19
"5-[(3R)-3-(5-methoxy-4'-methylbiphenyl-3-yl)but-1-yn-1-yl]-6-methylpyrimidine-2,4-diamine",DB07141,drug,0.150741985,0,1.66E-11,57
"5-[(3R)-3-(5-methoxybiphenyl-3-yl)but-1-yn-1-yl]-6-methylpyrimidine-2,4-diamine",DB07140,drug,0.150741985,0,1.66E-11,46
"5-[(4-AMINOCYCLOHEXYL)AMINO]-7-(PROPAN-2-YLAMINO)PYRAZOLO[1,5-A]PYRIMIDINE-3-CARBONITRILE",DB08140,drug,0.150398889,0,1.68E-10,46
"5-[(4-Methylphenyl)Sulfanyl]-2,4-Quinazolinediamine",DB04306,drug,0.157483123,0,2.71E-12,32
"5-[(phenylsulfonyl)amino]-1,3,4-thiadiazole-2-sulfonamide",DB07050,drug,0.150737685,0,2.16E-12,57
"5-[(Z)-(5-Chloro-2-oxo-1,2-dihydro-3H-indol-3-ylidene)methyl]-N,2,4-trimethyl-1H-pyrrole-3-carboxamide",DB07180,drug,0.150582666,0,4.63E-11,57
"5-[1-(3,4-Dimethoxy-Benzoyl)-1,2,3,4-Tetrahydro-Quinolin-6-Yl]-6-Methyl-3,6-Dihydro-[1,3,4]Thiadiazin-2-One",DB03944,drug,0.152142948,0,9.67E-12,53
"5-[1-(4-methoxyphenyl)-1H-benzimidazol-6-yl]-1,3,4-oxadiazole-2(3H)-thione",DB07058,drug,0.150410568,0,1.98E-10,22
5-[2-(1H-pyrrol-1-yl)ethoxy]-1H-indole,DB06828,drug,0.150779115,0,1.42E-11,32
"5-[2-(4-hydroxyphenyl)ethyl]benzene-1,3-diol",DB08466,drug,0.150779115,0,1.42E-11,38
"5-[3-(2,5-dimethoxyphenyl)prop-1-yn-1-yl]-6-ethylpyrimidine-2,4-diamine",DB08234,drug,0.150741985,0,1.66E-11,15
"5-[3-(2-METHOXYPHENYL)-1H-PYRROLO[2,3-B]PYRIDIN-5-YL]-N,N-DIMETHYLPYRIDINE-3-CARBOXAMIDE",DB08350,drug,0.150405239,0,2.02E-10,47
5-[3-(BENZYLAMINO)PHENYL]-4-BROMO-3-(CARBOXYMETHOXY)THIOPHENE-2-CARBOXYLIC ACID,DB07289,drug,0.150357788,0,1.04E-10,6
5-[4-(1-Carboxymethyl-2-Oxo-Propylcarbamoyl)-Benzylsulfamoyl]-2-Hydroxy-Benzoic Acid,DB03124,drug,0.150390311,0,7.41E-11,50
"5-[4-(2-Hydroxyethyl)-1-piperidinyl]-5-phenyl-2,4,6(1H,3H,5H)-pyrimidinetrione",DB03622,drug,0.150972307,0,5.29E-13,9
5-[4-(DIMETHYLAMINO)PHENYL]-6-[(6-MORPHOLIN-4-YLPYRIDIN-3-YL)ETHYNYL]PYRIMIDIN-4-AMINE,DB07280,drug,0.150882008,0,1.29E-11,8
"5-[4-Tert-Butylphenylsulfanyl]-2,4-Quinazolinediamine",DB01958,drug,0.157483123,0,2.71E-12,41
"5-[5,6-BIS(METHYLOXY)-1H-BENZIMIDAZOL-1-YL]-3-{[1-(2-CHLOROPHENYL)ETHYL]OXY}-2-THIOPHENECARBOXAMIDE",DB07471,drug,0.150398889,0,1.68E-10,55
"5-{[(4-AMINO-3-CHLORO-5-FLUOROPHENYL)SULFONYL]AMINO}-1,3,4-THIADIAZOLE-2-SULFONAMIDE",DB06891,drug,0.150737685,0,2.16E-12,54
"5-{[1-(2,3-dichlorobenzyl)piperidin-4-yl]methoxy}quinazoline-2,4-diamine",DB07643,drug,0.153554959,0,1.41E-11,5
"5-{[1-(2-fluorobenzyl)piperidin-4-yl]methoxy}quinazoline-2,4-diamine",DB07642,drug,0.153554959,0,1.41E-11,24
5'-{[4-(aminooxy)butyl](methyl)amino}-5'-deoxy-8-ethenyladenosine,DB08163,drug,0.150996301,0,6.76E-12,39
"5-{3-[3-(2,4-DICHLORO-BENZOYL)-UREIDO]-2-METHYL-PHENOXY}-PENTANOIC ACID",DB04645,drug,0.151371395,0,9.97E-12,45
"5-{4-[(3,5-DIFLUOROBENZYL)AMINO]PHENYL}-6-ETHYLPYRIMIDINE-2,4-DIAMINE",DB07244,drug,0.151694426,0,7.65E-11,31
"5-ACETAMIDO-5,6-DIHYDRO-4-HYDROXY-6-ISOBUTOXY-4H-PYRAN-2-CARBOXYLIC ACID",DB07960,drug,0.159043172,0,1.71E-12,31
"5alpha-androstane-3beta,17alpha-diol",DB03926,drug,0.150673695,0,1.14E-11,24
"5-Alpha-Androstane-3-Beta,17beta-Diol",DB03882,drug,0.151103858,0,1.41E-10,5
5-ALPHA-PREGNANE-3-BETA-OL-HEMISUCCINATE,DB08510,drug,0.152109299,0,2.78E-12,21
5-Amidino-Benzimidazole,DB01939,drug,0.151169173,0,2.36E-12,54
"5-amino-2,4,6-tribromobenzene-1,3-dicarboxylic acid",DB07491,drug,0.151169173,0,2.36E-12,49
5-AMINO-6-CYCLOHEXYL-4-HYDROXY-2-ISOBUTYL-HEXANOIC ACID,DB07542,drug,0.150640419,0,1.38E-11,47
5-aminonaphthalene-2-sulfonic acid,DB08238,drug,0.150561027,0,5.93E-11,6
5-Aminouracil,DB03792,drug,0.15112218,0,2.20E-12,54
5-androstenedione,DB01456,drug,0.234114449,2.545220076,0.00100208,59
"5-benzyl-1,3-thiazol-2-amine",DB08114,drug,0.15144982,0,2.44E-10,34
5-Benzylacyclouridine,DB07437,drug,0.150889508,0,6.83E-12,9
5beta-dihydrotestosterone,DB07447,drug,0.288538166,172.440279,0.00123021,2
5-beta-D-ribofuranosylnicotinamide adenine dinucleotide,DB03020,drug,0.154220762,0,2.33E-14,43
5-BROMO-2-{[(4-CHLOROPHENYL)SULFONYL]AMINO}BENZOIC ACID,DB07309,drug,0.150855746,0,1.29E-11,51
5-Bromoindirubin,DB07493,drug,0.150398889,0,1.68E-10,24
5-bromo-N-(3-chloro-2-(4-(prop-2-ynyl)piperazin-1-yl)phenyl)furan-2-carboxamide,DB08021,drug,0.150467819,0,8.45E-11,9
"5-Bromo-N-[(2S)-2,3-dihydroxypropoxy]-3,4-difluoro-2-[(2-fluoro-4-iodophenyl)amino]benzamide",DB03115,drug,0.150433465,0,1.16E-10,45
"5-Carbamoyl-1,1':4',1''-terphenyl-3-carboxylic acid",DB04583,drug,0.151682742,0,1.73E-12,57
5-CHLORO-6-METHYL-N-(2-PHENYLETHYL)-2-PYRIDIN-2-YLPYRIMIDIN-4-AMINE,DB07901,drug,0.152581495,0,1.52E-11,39
"5-chloro-7-[(1-methylethyl)amino]pyrazolo[1,5-a]pyrimidine-3-carbonitrile",DB08139,drug,0.150398889,0,1.68E-10,19
"5-CHLORO-N-((1R,2S)-2-(4-(2-OXOPYRIDIN-1(2H)-YL)BENZAMIDO) CYCLOPENTYL)THIOPHENE-2-CARBOXAMIDE",DB08174,drug,0.150707581,0,4.60E-12,5
5-CHLORO-N-(2-(4-(2-OXOPYRIDIN-1(2H)-YL)BENZAMIDO)ETHYL)THIOPHENE-2-CARBOXAMIDE,DB08173,drug,0.150707581,0,4.60E-12,40
5-chloro-N-[(3R)-1-(2-{[2-fluoro-4-(2-oxopyridin-1(2H)-yl)phenyl]amino}-2-oxoethyl)pyrrolidin-3-yl]thiophene-2-carboxamide,DB07872,drug,0.150707581,0,4.60E-12,15
5-CHLORO-N-{(3S)-1-[(1S)-1-METHYL-2-MORPHOLIN-4-YL-2-OXOETHYL]-2-OXOPYRROLIDIN-3-YL}-1-BENZOTHIOPHENE-2-SULFONAMIDE,DB07843,drug,0.150707581,0,4.60E-12,11
5-Chloro-N-{(3S)-1-[(2S)-1-(4-morpholinyl)-1-oxo-2-propanyl]-2-oxo-3-pyrrolidinyl}-1H-indole-2-sulfonamide,DB07848,drug,0.150707581,0,4.60E-12,19
"5-Chloro-thiophene-2-carboxylic acid ((3S,4S)-1-{[2-fluoro-4-(2-oxo-2H-pyridin-1-yl)-phenylcarbamoyl]-methyl}-4-hydroxy-pyrrolidin-3-yl)-amide",DB07875,drug,0.150707581,0,4.60E-12,38
"5-CHLORO-THIOPHENE-2-CARBOXYLIC ACID ((3S,4S)-4-FLUORO- 1-{[2-FLUORO-4-(2-OXO-2H-PYRIDIN-1-YL)-PHENYLCARBAMOYL]-METHYL}-PYRROLIDIN-3-YL)-AMIDE",DB08143,drug,0.150707581,0,4.60E-12,39
"5-Chloryl-2,4,6-Quinazolinetriamine",DB01929,drug,0.157483123,0,2.71E-12,45
5-CYANO-FURAN-2-CARBOXYLIC ACID [5-HYDROXYMETHYL-2-(4-METHYL-PIPERIDIN-1-YL)-PHENYL]-AMIDE,DB07167,drug,0.150556012,0,6.89E-11,54
"5-CYANO-N-(2,5-DIMETHOXYBENZYL)-6-ETHOXYPYRIDINE-2-CARBOXAMIDE",DB07276,drug,0.150907755,0,2.42E-10,13
5'-Deoxy-5'-(Methylthio)-Tubercidin,DB02933,drug,0.150887855,0,1.24E-11,15
5'-deoxy-5'-piperidin-1-ylthymidine,DB08596,drug,0.15112218,0,2.20E-12,45
"5-ethoxy-4-(1-methyl-7-oxo-3-propyl-6,7-dihydro-1H-pyrazolo[4,3-d]pyrimidin-5-yl)thiophene-2-sulfonamide",DB08729,drug,0.153489222,0,2.34E-12,36
"5-ETHYL-3-METHYL-1,5-DIHYDRO-4H-PYRAZOLO[4,3-C]QUINOLIN-4-ONE",DB07158,drug,0.150468148,0,8.93E-11,19
"5-FLUORO-1-[4-(4-PHENYL-3,6-DIHYDROPYRIDIN-1(2H)-YL)BUTYL]QUINAZOLINE-2,4(1H,3H)-DIONE",DB07787,drug,0.150440173,0,9.92E-11,19
5-fluoro-beta-L-gulosyl fluoride,DB03008,drug,0.151911519,0,1.99E-12,8
5-fluorotryptophan,DB03314,drug,0.152604499,0,2.55E-11,10
5-fluorouridine,DB01629,drug,0.278052091,2585.987169,0.00080856,18
5'-Guanosine-Diphosphate-Monothiophosphate,DB01864,drug,0.151265113,0,1.41E-10,54
5'-Guanylylmethylenebisphosphonate,DB03725,drug,0.150831716,0,1.25E-11,49
"5-Heptyl-6-hydroxy-1,3-benzothiazole-4,7-dione",DB07636,drug,0.155585065,0,2.49E-11,55
5-HYDROXY-2-(4-HYDROXYPHENYL)-1-BENZOFURAN-7-CARBONITRILE,DB07198,drug,0.150853556,0,2.51E-10,22
5-HYDROXY-3-[(1R)-1-(1H-PYRROL-2-YL)ETHYL]-2H-INDOL-2-ONE,DB07033,drug,0.150469767,0,1.04E-10,12
"5-hydroxymethyl-5,6-dihydrofolic acid",DB02800,drug,0.15161831,0,1.57E-11,8
5-Hydroxymethyl-Chonduritol,DB03092,drug,0.158218559,0,5.37E-12,36
5-hydroxynaphthalene-1-sulfonamide,DB08132,drug,0.150398889,0,1.68E-10,27
5-Hydroxy-N-Propargyl-1(R)-Aminoindan,DB04307,drug,0.152395715,0,1.68E-11,55
5-hydroxyvaleric acid,DB04781,drug,0.15349413,0,7.77E-12,10
5-iodotubercidin,DB04604,drug,0.156508571,0,2.35E-10,11
5-Iodouracil,DB03554,drug,0.152668932,0,6.38E-12,19
5-Mercapto-2-Nitro-Benzoic Acid,DB02763,drug,0.153314119,0,2.01E-11,45
"5-Methoxy-1,2-Dimethyl-3-(Phenoxymethyl)Indole-4,7-Dione",DB03626,drug,0.150590428,0,1.90E-11,9
"5-methoxy-N,N-dimethyltryptamine",DB14010,drug,1.693006543,3735.54116,0.026850839,28
5-METHYL-2-[(PHENYLSULFONYL)AMINO]BENZOIC ACID,DB07313,drug,0.150855746,0,1.29E-11,49
"5-METHYL-3-(9-OXO-1,8-DIAZA-TRICYCLO[10.6.1.013,18]NONADECA-12(19),13,15,17-TETRAEN-10-YLCARBAMOYL)-HEXANOIC ACID",DB08493,drug,0.150834014,0,5.06E-12,9
"5-Methyl-5-(4-Phenoxy-Phenyl)-Pyrimidine-2,4,6-Trione",DB03368,drug,0.150507551,0,9.27E-12,21
"5-methyl-N-[4-(trifluoromethyl)phenyl][1,2,4]triazolo[1,5-a]pyrimidin-7-amine",DB08008,drug,0.151682742,0,1.73E-12,32
5-methyltetrahydrofolic acid,DB04789,drug,0.345765031,910.7609709,0.00042586,16
5-monophosphate-9-beta-D-ribofuranosyl xanthine,DB02309,drug,0.152283924,0,2.82E-11,53
5-N-Allyl-arginine,DB03892,drug,0.150763672,0,1.87E-11,12
5-Nitroindazole,DB04534,drug,0.150763005,0,1.48E-10,36
5'-O-(L-Cysteinylsulfamoyl)adenosine,DB02684,drug,0.153304295,0,3.48E-11,34
5'-O-(L-Prolylsulfamoyl)adenosine,DB02510,drug,0.153304295,0,3.48E-11,34
5'-O-(N-(Alanyl)sulfamoyl)adenosine,DB03376,drug,0.153304295,0,3.48E-11,38
5'-O-(N-Ethyl-Sulfamoyl)Adenosine,DB02162,drug,0.15059237,0,2.10E-11,57
5-O-phosphono-alpha-D-ribofuranosyl diphosphate,DB01632,drug,0.15299953,0,4.97E-11,34
5-phenyl-1H-indazol-3-amine,DB07161,drug,0.150411736,0,1.30E-10,43
"5-Phenylsulfanyl-2,4-Quinazolinediamine",DB04163,drug,0.157483123,0,2.71E-12,12
5-Phosphoarabinonic Acid,DB03042,drug,0.151117182,0,1.02E-11,15
5-phospho-D-arabinohydroxamic acid,DB02093,drug,0.151117182,0,1.02E-11,36
"5-QUINOXALIN-6-YLMETHYLENE-THIAZOLIDINE-2,4-DIONE",DB04769,drug,0.150489498,0,6.38E-11,11
5'-S-methyl-5'-thioadenosine,DB02282,drug,0.150887855,0,1.24E-11,22
5-Thio-a/B-D-Mannopyranosylamine,DB03414,drug,0.151911519,0,1.99E-12,12
6((S)-3-Benzylpiperazin-1-Yl)-3-(Naphthalen-2-Yl)-4-(Pyridin-4-Yl)Pyrazine,DB01988,drug,0.150382517,0,1.90E-10,43
"6-(2,3,4,5,6,7-HEXAHYDRO-2,4,4-TRIMETHYL-1-METYLENEINDEN-2-YL)-3-METHYLHEXA-2,4-DIENOIC ACID",DB08467,drug,0.152415079,0,1.44E-11,43
"6-(2,4-DIAMINO-6-ETHYLPYRIMIDIN-5-YL)-4-(3-METHOXYPROPYL)-2,2-DIMETHYL-2H-1,4-BENZOXAZIN-3(4H)-ONE",DB07174,drug,0.1513182,0,3.93E-13,49
"6-(2-fluorobenzyl)-2,4-dimethyl-4,6-dihydro-5H-thieno[2',3':4,5]pyrrolo[2,3-d]pyridazin-5-one",DB07628,drug,0.150462592,0,7.42E-11,34
"6-(2-fluorophenyl)-N-(pyridin-3-ylmethyl)imidazo[1,2-a]pyrazin-8-amine",DB08532,drug,0.150398889,0,1.68E-10,6
6-(2-HYDROXY-CYCLOPENTYL)-7-OXO-HEPTANAMIDINE,DB06861,drug,0.150459983,0,9.12E-12,49
"6-(3,4-DIHYDROXYBENZYL)-3-ETHYL-1-(2,4,6-TRICHLOROPHENYL)-1H-PYRAZOLO[3,4-D]PYRIMIDIN-4(5H)-ONE",DB07606,drug,0.150398889,0,1.68E-10,54
6-(3-AMINOPHENYL)-N-(TERT-BUTYL)-2-(TRIFLUOROMETHYL)QUINAZOLIN-4-AMINE,DB07612,drug,0.150398889,0,1.68E-10,21
"6-(3-AMINOPROPYL)-4,9-DIMETHYLPYRROLO[3,4-C]CARBAZOLE-1,3(2H,6H)-DIONE",DB07444,drug,0.150456274,0,1.15E-10,6
"6-(3-BROMO-2-NAPHTHYL)-1,3,5-TRIAZINE-2,4-DIAMINE",DB07319,drug,0.150401349,0,1.85E-10,24
"6-(3-METHYL-1,4-DIOXO-1,4-DIHYDRONAPHTHALEN-2-YL)HEXANOIC ACID",DB07714,drug,0.151530745,0,9.52E-12,8
"6-(4-{(1S,2S)-2-AMINO-1-[(DIMETHYLAMINO)CARBONYL]-3-[(3S)-3-FLUOROPYRROLIDIN-1-YL]-3-OXOPROPYL}PHENYL)-1H-[1,2,4]TRIAZOLO[1,5-A]PYRIDIN-4-IUM",DB08504,drug,0.150646997,0,2.26E-12,47
"6-(4-{[2-(3-iodobenzyl)-3-oxocyclohex-1-en-1-yl]amino}phenyl)-5-methyl-4,5-dihydropyridazin-3(2H)-one",DB01640,drug,0.150608119,0,4.85E-11,8
"6-(5-BROMO-2-HYDROXYPHENYL)-2-OXO-4-PHENYL-1,2-DIHYDROPYRIDINE-3-CARBONITRILE",DB08705,drug,0.150455891,0,6.96E-11,51
6-(cyclohexylamino)-9-[2-(4-methylpiperazin-1-yl)-ethyl]-9H-purine-2-carbonitrile,DB07965,drug,0.151079281,0,1.82E-12,21
6-(CYCLOHEXYLMETHOXY)-8-ISOPROPYL-9H-PURIN-2-AMINE,DB08247,drug,0.150398889,0,1.68E-10,49
6-(DIFLUORO-PHOSPHONO-METHYL)-NAPHTHALENE-2-CARBOXYLIC ACID,DB08397,drug,0.150357788,0,1.04E-10,36
6-(Hydroxyethyldithio)-8-(Aminomethylthio)Octanoic Acid,DB03187,drug,0.151849878,0,2.51E-12,50
6-(N-Phenylcarbamyl)-2-Naphthalenecarboxamidine,DB01977,drug,0.15066403,0,6.70E-12,11
"6-(Octahydro-1h-Indol-1-Ylmethyl)Decahydroquinazoline-2,4-Diamine",DB02559,drug,0.150741985,0,1.66E-11,11
6-(Oxalyl-Amino)-1h-Indole-5-Carboxylic Acid,DB04001,drug,0.150357788,0,1.04E-10,13
"6,4'-Dihydroxy-3-Methyl-3',5'-Dibromoflavone",DB01838,drug,0.150550616,0,1.84E-11,41
"6,6-DIMETHYL-1-[3-(2,4,5-TRICHLOROPHENOXY)PROPOXY]-1,6-DIHYDRO-1,3,5-TRIAZINE-2,4-DIAMINE",DB08734,drug,0.151004668,0,1.45E-11,11
"6,7-DIMETHOXY-4-[(3R)-3-(2-NAPHTHYLOXY)PYRROLIDIN-1-YL]QUINAZOLINE",DB08389,drug,0.156401436,0,1.85E-12,19
6-[(Z)-AMINO(IMINO)METHYL]-N-[3-(CYCLOPENTYLOXY)PHENYL]-2-NAPHTHAMIDE,DB07076,drug,0.15066403,0,6.70E-12,8
6-[(Z)-Amino(Imino)Methyl]-N-[4-(Aminomethyl)Phenyl]-4-(Pyrimidin-2-Ylamino)-2-Naphthamide,DB03082,drug,0.15066403,0,6.70E-12,24
6-[2-(1H-INDOL-6-YL)ETHYL]PYRIDIN-2-AMINE,DB07206,drug,0.150690725,0,1.94E-11,49
6-[2-(3'-METHOXYBIPHENYL-3-YL)ETHYL]PYRIDIN-2-AMINE,DB07245,drug,0.150690725,0,1.94E-11,27
"6-[3-(4-Morpholinyl)Propyl]-2-(3-Nitrophenyl)-5-Thioxo-5,6,-Dihydro-7h-Thienol[2',3':4,5]Pyrrolo[1,2-C]Imidazol-7-One",DB03507,drug,0.150379409,0,7.27E-11,39
"6-[4-(2-fluorophenyl)-1,3-oxazol-5-yl]-N-(1-methylethyl)-1,3-benzothiazol-2-amine",DB08352,drug,0.150382517,0,1.90E-10,54
"6-[N-(1-Isopropyl-1,2,3,4-Tetrahydro-7-Isoquinolinyl)Carbamyl]-2-Naphthalenecarboxamidine",DB02705,drug,0.15066403,0,6.70E-12,6
"6-[N-(1-Isopropyl-3,4-Dihydro-7-Isoquinolinyl)Carbamyl]-2-Naphthalenecarboxamidine",DB02473,drug,0.15066403,0,6.70E-12,51
6-[N-(4-(Aminomethyl)Phenyl)Carbamyl]-2-Naphthalenecarboxamidine,DB02398,drug,0.15066403,0,6.70E-12,8
"6-[N-(4-Ethyl-1,2,3,4-Tetrahydro-6-Isoquinolinyl)Carbamyl]-2-Naphthalenecarboxamidine",DB02551,drug,0.15066403,0,6.70E-12,54
6-{[(CYCLOHEXYLAMINO)CARBONYL]AMINO}HEXANOIC ACID,DB08258,drug,0.15645,0,1.58E-12,57
6-{4-[4-(4-CHLOROPHENYL)PIPERIDIN-4-YL]PHENYL}-9H-PURINE,DB07856,drug,0.15144982,0,2.44E-10,46
6-{4-[HYDROXY-(4-NITRO-PHENOXY)-PHOSPHORYL]-BUTYRYLAMINO}-HEXANOIC ACID,DB08412,drug,0.150607374,0,7.62E-12,39
"6-AMINO-BENZO[DE]ISOQUINOLINE-1,3-DIONE",DB07096,drug,0.150440173,0,9.92E-11,22
"6-Aminohexyl-uridine-C1,5'-diphosphate",DB02696,drug,0.150615821,0,1.04E-11,41
"6-BROMO-13-THIA-2,4,8,12,19-PENTAAZATRICYCLO[12.3.1.1~3,7~]NONADECA-1(18),3(19),4,6,14,16-HEXAENE 13,13-DIOXIDE",DB08441,drug,0.150398889,0,1.68E-10,46
6-bromoindirubin-3'-oxime,DB03444,drug,0.150410568,0,1.98E-10,8
6-CARBAMIMIDOYL-2-[2-HYDROXY-5-(3-METHOXY-PHENYL)-INDAN-1-YL]-HEXANOIC ACID,DB06866,drug,0.150459983,0,9.12E-12,10
6-CARBAMIMIDOYL-2-[2-HYDROXY-6-(4-HYDROXY-PHENYL)-INDAN-1-YL]-HEXANOIC ACID,DB06865,drug,0.150459983,0,9.12E-12,51
6-CARBAMIMIDOYL-4-(3-HYDROXY-2-METHYL-BENZOYLAMINO)-NAPHTHALENE-2-CARBOXYLIC ACID METHYL ESTER,DB07074,drug,0.150803843,0,3.07E-12,32
6-Carboxymethyluracil,DB03048,drug,0.152668932,0,6.38E-12,57
6-Chloro-2-(2-Hydroxy-Biphenyl-3-Yl)-1h-Indole-5-Carboxamidine,DB03865,drug,0.156302825,0,1.96E-11,11
6-CHLORO-3-(3-METHYLISOXAZOL-5-YL)-4-PHENYLQUINOLIN-2(1H)-ONE,DB07202,drug,0.150556012,0,6.89E-11,53
"6-CHLORO-3-(DICHLOROMETHYL)-3,4-DIHYDRO-2H-1,2,4-BENZOTHIADIAZINE-7-SULFONAMIDE 1,1-DIOXIDE",DB08645,drug,0.150737685,0,2.16E-12,11
"6-CHLORO-9-HYDROXY-1,3-DIMETHYL-1,9-DIHYDRO-4H-PYRAZOLO[3,4-B]QUINOLIN-4-ONE",DB07218,drug,0.150907755,0,2.42E-10,19
6-CHLORO-N-{(3S)-1-[(1S)-1-METHYL-2-(4-MORPHOLINYL)-2-OXO ETHYL]-2-OXO-3-PYRROLIDINYL}-2-NAPHTHALENESULFONAMIDE,DB07847,drug,0.150707581,0,4.60E-12,50
6-CHLORO-N-{(3S)-1-[(1S)-1-METHYL-2-MORPHOLIN-4-YL-2-OXOETHYL]-2-OXOPYRROLIDIN-3-YL}-1-BENZOTHIOPHENE-2-SULFONAMIDE,DB07844,drug,0.150707581,0,4.60E-12,49
"6-chloro-N-pyrimidin-5-yl-3-{[3-(trifluoromethyl)phenyl]amino}-1,2-benzisoxazole-7-carboxamide",DB07326,drug,0.150391527,0,7.86E-11,12
"6-Chloropurine Riboside, 5'-Monophosphate",DB03948,drug,0.151828965,0,3.86E-11,51
6-CYCLOHEXYLMETHOXY-2-(3'-CHLOROANILINO) PURINE,DB07203,drug,0.150398889,0,1.68E-10,12
6-CYCLOHEXYLMETHYLOXY-2-(4'-HYDROXYANILINO)PURINE,DB08233,drug,0.150398889,0,1.68E-10,36
"6-CYCLOHEXYLMETHYLOXY-5-NITROSO-PYRIMIDINE-2,4-DIAMINE",DB08312,drug,0.150398889,0,1.68E-10,24
6-Deoxyerythronolide B,DB04070,drug,0.531509069,283.107659,0.0049801,2
"6-ethyl-5-[(2S)-1-(3-methoxypropyl)-2-phenyl-1,2,3,4-tetrahydroquinolin-7-yl]pyrimidine-2,4-diamine",DB08099,drug,0.1513182,0,3.93E-13,45
"6-ETHYL-5-[9-(3-METHOXYPROPYL)-9H-CARBAZOL-2-YL]PYRIMIDINE-2,4-DIAMINE",DB06967,drug,0.1513182,0,3.93E-13,8
6-fluoro-2-(2-hydroxy-3-isobutoxy-phenyl)-1H-benzoimidazole-5-carboxamidine,DB06855,drug,0.151833203,0,9.06E-12,41
6-FLUORO-2-[2-HYDROXY-3-(2-METHYL-CYCLOHEXYLOXY)-PHENYL]-1H-INDOLE-5-CARBOXAMIDINE,DB06856,drug,0.15066403,0,6.70E-12,57
"6-HYDROXY-1,3-BENZOTHIAZOLE-2-SULFONAMIDE",DB08765,drug,0.151543312,0,1.72E-11,27
"6-hydroxy-1,6-dihydro purine nucleoside",DB03015,drug,0.150722404,0,2.72E-11,45
"6-Hydroxy-5-undecyl-4,7-benzothiazoledione",DB04799,drug,0.157333796,0,5.95E-11,45
6-Hydroxy-6-Methyl-Heptan-3-One,DB03711,drug,0.171477555,0,3.93E-14,21
6-hydroxydopa quinone,DB04334,drug,0.154506621,5.297846631,1.54E-05,0
6-hydroxyuridine-5'-phosphate,DB02890,drug,0.150673268,0,1.26E-11,53
"6-METHYL-2(PROPANE-1-SULFONYL)-2H-THIENO[3,2-D][1,2,3]DIAZABORININ-1-OL",DB08605,drug,0.151266217,0,1.01E-11,13
6-MORPHOLIN-4-YL-9H-PURINE,DB08780,drug,0.150468148,0,8.93E-11,53
6-Nitroindazole,DB03100,drug,0.150763005,0,1.48E-10,47
6-O-benzylguanine,DB11919,drug,0.955679249,3590.928532,0.010719676,59
6-O-Cyclohexylmethyl Guanine,DB02407,drug,0.150398889,0,1.68E-10,21
6-O-Phosphoryl Inosine Monophosphate,DB03510,drug,0.161750056,0,1.24E-12,8
"6-PHENYL[5H]PYRROLO[2,3-B]PYRAZINE",DB07364,drug,0.150441251,0,1.06E-10,5
6-phenyl-4(R)-(7-phenyl-heptanoylamino)-hexanoic acid,DB03471,drug,0.151690709,0,3.05E-12,5
6-phospho-D-gluconic acid,DB02076,drug,0.151896787,0,2.93E-11,27
"6S-5,6,7,8-Tetrahydrobiopterin",DB03918,drug,0.150376225,0,7.61E-11,9
"7-(1,1-Dioxo-1h-Benzo[D]Isothiazol-3-Yloxymethyl)-2-(Oxalyl-Amino)-4,7-Dihydro-5h-Thieno[2,3-C]Pyran-3-Carboxylic Acid",DB02827,drug,0.150357788,0,1.04E-10,36
"7-(1-ETHYL-PROPYL)-7H-PYRROLO-[3,2-F]QUINAZOLINE-1,3-DIAMINE",DB07862,drug,0.157483123,0,2.71E-12,8
"7-(5-DEOXY-BETA-D-RIBOFURANOSYL)-5-IODO-7H-PYRROLO[2,3-D]PYRIMIDIN-4-AMINE",DB07173,drug,0.150882008,0,1.29E-11,34
7-(aminomethyl)-6-(2-chlorophenyl)-1-methyl-1H-benzimidazole-5-carbonitrile,DB07239,drug,0.150646997,0,2.26E-12,54
"7,8-Dichloro-1,2,3,4-tetrahydroisoquinoline",DB08550,drug,1.632865228,8940.9136,0.023884808,25
"7,8-dihydroinosine",DB02472,drug,0.150722404,0,2.72E-11,8
"7,8-dihydroxy-4-phenyl-2H-chromen-2-one",DB08049,drug,0.150663632,0,3.55E-11,55
"7,9-Dimethylguanine",DB01978,drug,0.60688293,741.9235254,0.00608606,58
7-[(3-CHLOROBENZYL)OXY]-2-OXO-2H-CHROMENE-4-CARBALDEHYDE,DB07512,drug,0.151197857,0,8.39E-12,21
7-[(3-CHLOROBENZYL)OXY]-4-[(METHYLAMINO)METHYL]-2H-CHROMEN-2-ONE,DB07513,drug,0.151197857,0,8.39E-12,36
"7-[2-METHOXY-1-(METHOXYMETHYL)ETHYL]-7H-PYRROLO[3,2-F] QUINAZOLINE-1,3-DIAMINE",DB08203,drug,0.157483123,0,2.71E-12,8
7-{[(CYCLOHEXYLAMINO)CARBONYL]AMINO}HEPTANOIC ACID,DB08259,drug,0.15645,0,1.58E-12,32
"7-{2,6-DICHLORO-4-[3-(2-CHLORO-BENZOYL)-UREIDO]-PHENOXY}-HEPTANOIC ACID",DB04642,drug,0.151371395,0,9.97E-12,24
"7A-[(4-cyanophenyl)methyl]-6-(3,5-dichlorophenyl)-5-oxo-2,3,5,7A-tetrahydro-1H-pyrrolo[1,2-A]pyrrole-7-carbonitrile",DB06972,drug,0.151193001,0,7.25E-12,51
"7-BENZYL-1,3-DIMETHYL-8-PIPERAZIN-1-YL-3,7-DIHYDRO-PURINE-2,6-DIONE",DB08530,drug,0.150646997,0,2.26E-12,31
7-Deazaguanine,DB02245,drug,0.60688293,741.9235254,0.00608606,58
7-ethyl-10-hydroxycamptothecin,DB05482,drug,0.432332569,766.5114633,0.00363599,18
7-Hydroxy-2-Oxo-Chromene-3-Carboxylic Acid Ethyl Ester,DB02728,drug,0.150805627,0,1.51E-11,11
7-HYDROXY-4-METHYL-3-(2-HYDROXY-ETHYL)COUMARIN,DB07908,drug,0.150573779,0,3.24E-11,50
7-Hydroxystaurosporine,DB01933,drug,0.191716144,430.1931915,2.71E-05,32
"7-Iodo-1,2,3,4-Tetrahydro-Isoquinoline",DB03824,drug,0.151038323,0,5.46E-12,6
7-Methoxy-8-[1-(Methylsulfonyl)-1h-Pyrazol-4-Yl]Naphthalene-2-Carboximidamide,DB03046,drug,0.15066403,0,6.70E-12,53
7-methyl-5'-guanylic acid,DB03593,drug,0.153554959,0,1.41E-11,39
"7-methyl-7,8-dihydroguanosine-5'-diphosphate",DB01960,drug,0.154084966,0,9.11E-11,36
7-methyl-GpppA,DB01649,drug,0.154084966,0,9.11E-11,24
7-methyl-guanosine-5'-triphosphate,DB02716,drug,0.150530007,0,7.70E-11,27
7-methyl-guanosine-5'-triphosphate-5'-guanosine,DB03958,drug,0.153554959,0,1.41E-11,19
7-Nitroindazole,DB02207,drug,1.188996228,6072.817722,0.01724369,7
7-Nitroindazole-2-Carboxamidine,DB03065,drug,0.150376225,0,7.61E-11,51
"7-PYRIDIN-2-YL-N-(3,4,5-TRIMETHOXYPHENYL)-7H-PYRROLO[2,3-D]PYRIMIDIN-2-AMINE",DB07248,drug,0.150421025,0,1.39E-10,51
7-thionicotinamide-adenine-dinucleotide phosphate,DB01763,drug,0.151080885,0,3.75E-12,8
"8-(2,5-Dimethoxy-Benzyl)-2-Fluoro-9h-Purin-6-Ylamine",DB03093,drug,0.150401349,0,1.85E-10,54
"8-(2,5-Dimethoxy-Benzyl)-2-Fluoro-9-Pent-9h-Purin-6-Ylamine",DB03137,drug,0.150401349,0,1.85E-10,12
"8-(2-Chloro-3,4,5-Trimethoxy-Benzyl)-2-Fluoro-9-Pent-4-Ylnyl-9h-Purin-6-Ylamine",DB02550,drug,0.150401349,0,1.85E-10,39
"8-(2-Chloro-3,4,5-Trimethoxy-Benzyl)-9-Pent-4-Ylnyl-9h-Purin-6-Ylamine",DB04505,drug,0.150401349,0,1.85E-10,5
"8-(2-CHLOROPHENYLAMINO)-2-(2,6-DIFLUOROPHENYLAMINO)-9-ETHYL-9H-PURINE-1,7-DIIUM",DB08096,drug,0.150382517,0,1.90E-10,22
"8-(6-BROMO-BENZO[1,3]DIOXOL-5-YLSULFANYL)-9-(3-ISOPROPYLAMINO-PROPYL)-ADENINE",DB07877,drug,0.150850875,0,3.92E-10,54
8-(Pyrimidin-2-Ylamino)Naphthalene-2-Carboximidamide,DB04059,drug,0.15066403,0,6.70E-12,32
"8,9,10-Trihydroxy-7-hydroxymethyl-2-thioxo-6-oxa-1,3-diaza-spiro[4.5]decan-4-one",DB02964,drug,0.151371395,0,9.97E-12,10
"8,9,10-trihydroxy-7-hydroxymethyl-3-methyl-6-oxa-1,3-diaza-spiro[4.5]decane-2,4-dione",DB03479,drug,0.151371395,0,9.97E-12,12
"8,9-Dichloro-2,3,4,5-Tetrahydro-1h-Benzo[C]Azepine",DB04273,drug,0.151038323,0,5.46E-12,38
8-anilinonaphthalene-1-sulfonic acid,DB04474,drug,0.151693808,0,2.35E-11,12
8-azaguanine,DB01667,drug,0.953632267,4621.499322,0.010691805,59
"8-Benzo[1,3]Dioxol-,5-Ylmethyl-9-Butyl-2-Fluoro-9h-Purin-6-Ylamine",DB04254,drug,0.150401349,0,1.85E-10,54
"8-BENZO[1,3]DIOXOL-,5-YLMETHYL-9-BUTYL-9H-",DB08436,drug,0.150401349,0,1.85E-10,39
"8-bromo-4-(2-chlorophenyl)-N-(2-hydroxyethyl)-6-methyl-1,3-dioxo-1,2,3,6-tetrahydropyrrolo[3,4-e]indole-7-carboxamide",DB08365,drug,0.150490926,0,8.08E-11,55
8-Bromo-Adenosine-5'-Monophosphate,DB03349,drug,0.15142391,0,3.26E-11,36
8-chlorotheophylline,DB14132,drug,0.912805862,1972.940821,0.010664706,59
9-(2-carboxyethyl)-10-methylanthracene endoperoxide,DB08332,drug,0.150607374,0,7.62E-12,5
"9-(3-IODOBENZYLAMINO)-1,2,3,4-TETRAHYDROACRIDINE",DB07940,drug,0.151051415,0,9.69E-13,49
"9-(4-Hydroxyphenyl)-2,7-Phenanthroline",DB03623,drug,0.150467819,0,8.45E-11,9
"9-(5,5-Difluoro-5-Phosphonopentyl)Guanine",DB04260,drug,0.150792162,0,1.80E-11,32
9-(N-methyl-L-isoleucine)-cyclosporin A,DB13068,drug,0.616249187,31.05432196,0.00371322,44
9(S)-HODE,DB07302,drug,0.150346583,0,1.45E-10,11
"9,10-Deepithio-9,10-Didehydroacanthifolicin",DB02169,drug,0.150501221,0,1.23E-10,46
99mTc-14 F7 Mab,DB05867,drug,0.151964321,0,2.57E-12,11
"9-ACETYL-2,3,4,9-TETRAHYDRO-1H-CARBAZOL-1-ONE",DB08655,drug,0.150429734,0,2.55E-10,36
9-aminocamptothecin,DB12515,drug,0.852435207,1352.792858,0.00876155,48
"9-benzyl-2,3,4,9-tetrahydro-1H-carbazole-8-carboxylic acid",DB07283,drug,0.151143193,0,5.13E-12,38
"9-Butyl-8-(2,5-Dimethoxy-Benzyl)-2-Fluoro-9h-Purin-6-Ylamine",DB04054,drug,0.150401349,0,1.85E-10,46
"9-Butyl-8-(2,5-Dimethoxy-Benzyl)-9h-Purin-6-Ylamine",DB02359,drug,0.150401349,0,1.85E-10,32
"9-Butyl-8-(2-Chloro-3,4,5-Trimethoxy-Benzyl)-9h-Purin-6-Ylamine",DB03504,drug,0.150401349,0,1.85E-10,41
"9-Butyl-8-(3,4,5-Trimethoxybenzyl)-9h-Purin-6-Amine",DB02754,drug,0.150850875,0,3.92E-10,6
9-Butyl-8-(3-Methoxybenzyl)-9h-Purin-6-Amine,DB03809,drug,0.150401349,0,1.85E-10,24
9-Butyl-8-(4-Methoxybenzyl)-9h-Purin-6-Amine,DB03899,drug,0.150401349,0,1.85E-10,54
9-CYCLOPENTYL-6-[2-(3-IMIDAZOL-1-YL-PROPOXY)-PHENYLAMINO]-9H-PURINE-2-CARBONITRILE,DB07967,drug,0.151079281,0,1.82E-12,38
9-Deazaadenine,DB03506,drug,0.15056171,0,1.82E-11,32
9-Deazaguanine,DB04356,drug,0.91317781,2609.940555,0.010664706,2
9-deazainosine,DB02796,drug,0.150792162,0,1.80E-11,31
"9-DEAZAINOSINE-2',3'-O-ETHYLIDENEPHOSPHONATE",DB04753,drug,0.150792162,0,1.80E-11,45
"9-HYDROXY-4-PHENYL-6H-PYRROLO[3,4-C]CARBAZOLE-1,3-DIONE",DB04608,drug,0.150490926,0,8.08E-11,12
"9-HYDROXY-6-(3-HYDROXYPROPYL)-4-(2-METHOXYPHENYL)PYRROLO[3,4-C]CARBAZOLE-1,3(2H,6H)-DIONE",DB07006,drug,0.150490926,0,8.08E-11,24
"9-Hydroxy-8-Methoxy-6-Nitro-Phenanthrol[3,4-D][1,3]Dioxole-5-Carboxylic Acid",DB02636,drug,0.157997492,0,9.42E-13,46
9-Methylguanine,DB02489,drug,0.91164561,1642.252267,0.010664706,18
9-N-Phenylmethylamino-Tacrine,DB03672,drug,0.151051415,0,9.69E-13,13
A Disubstituted Succinyl Caprolactam Hydroxymate Mmp3inhibitor,DB02090,drug,0.150507551,0,9.27E-12,38
A2M,2,gene/protein,0.198101205,68836.72238,3.38E-09,30
A-620223,DB07330,drug,0.150440173,0,9.92E-11,45
A-674563,DB08568,drug,0.15144982,0,2.44E-10,5
AANAT,15,gene/protein,0.152810852,16175.19584,5.06E-10,56
AARSD1,80755,gene/protein,0.20721965,14846.83546,4.04E-09,57
AASDHPPT,60496,gene/protein,0.15653989,364.1556594,1.39E-09,43
AATK,9625,gene/protein,0.158103993,274.781737,1.02E-09,55
AB192,DB06111,drug,0.150752945,0,6.20E-12,57
Abacavir,DB01048,drug,1.115943067,10797.71571,0.016914741,2
Abafungin,DB06395,drug,0.319465718,97.08879491,0.00234616,52
Abaloparatide,DB05084,drug,0.450498454,3145.891642,0.00275036,17
Abametapir,DB11932,drug,1.547736011,15342.5323,0.015316,0
Abarelix,DB00106,drug,0.154950173,0,3.44E-13,49
ABAT,18,gene/protein,0.152160679,11829.79822,2.32E-10,11
Abatacept,DB01281,drug,1.45703206,10708.38871,0.017234319,34
ABC-294640,DB12764,drug,0.150699405,0,1.31E-11,46
ABCA1,19,gene/protein,0.171068351,12443.27913,4.70E-09,9
ABCA2,20,gene/protein,0.160557457,2586.399273,8.58E-10,14
ABCA5,23461,gene/protein,0.151543631,152.4129078,2.66E-10,4
ABCB1,5243,gene/protein,0.15870469,289286.4282,1.96E-09,56
ABCB11,8647,gene/protein,0.157922687,45419.85647,1.71E-09,30
ABCB4,5244,gene/protein,0.161238829,18999.60004,1.10E-11,24
ABCB5,340273,gene/protein,0.155463071,6498.319343,1.09E-09,19
ABCB8,11194,gene/protein,0.163339422,2884.099996,6.63E-10,29
ABCC1,4363,gene/protein,0.165922377,46551.79141,1.88E-09,1
ABCC2,1244,gene/protein,0.204711722,170206.324,2.51E-09,11
ABCC3,8714,gene/protein,0.153644581,13688.64559,1.44E-09,4
ABCC5,10057,gene/protein,0.158709488,13848.21966,1.93E-09,4
ABCC6,368,gene/protein,0.153261403,3952.871119,2.68E-10,56
ABCC8,6833,gene/protein,0.153687563,2311.196707,1.95E-10,29
ABCC9,10060,gene/protein,0.15541138,362.8048036,1.19E-10,57
ABCF1,23,gene/protein,0.157757313,214.6438158,2.11E-09,24
ABCF2,10061,gene/protein,0.156347733,249.8704727,5.73E-10,54
ABCG2,9429,gene/protein,0.156706625,64491.64454,1.25E-09,20
Abciximab,DB00054,drug,1.663688462,102970.621,0.010505292,25
Abediterol,DB12100,drug,1.02941249,611.3387777,0.016149609,58
Abemaciclib,DB12001,drug,1.086797117,12577.97874,0.010686158,59
Abetimus,DB06662,drug,0.616249187,31.05432196,0.00371322,44
Abexinostat,DB12565,drug,0.644230704,4797.289753,0.00725559,2
ABHD11,83451,gene/protein,0.160966907,1232.89795,1.04E-09,40
ABHD16A,7920,gene/protein,0.186307317,9057.651949,5.48E-10,11
ABHD4,63874,gene/protein,0.160342446,1028.893223,1.54E-09,46
ABHD5,51099,gene/protein,0.16513325,722.0994387,3.33E-10,45
ABI1,10006,gene/protein,0.188223835,6695.002469,5.61E-09,43
ABI2,10152,gene/protein,0.227421778,27203.2123,6.34E-09,40
Abicipar Pegol,DB12258,drug,0.345419741,0.177865573,0.00017532,52
Abiraterone,DB05812,drug,0.916112021,3555.157582,0.012083486,0
Abituzumab,DB12775,drug,0.777907291,9.850502048,0.00104514,25
Abivertinib,DB15327,drug,0.150822083,0,3.63E-10,5
ABL1,25,gene/protein,0.2960629,246818.6274,2.57E-08,4
ABL2,27,gene/protein,0.21229217,26723.06048,1.26E-08,55
ABLIM2,84448,gene/protein,0.15259246,70.54053979,5.15E-10,27
Abrilumab,DB15076,drug,0.775447143,2.711075215,0.00104473,25
absence epilepsy,11876_10826,disease,0.546858212,0,0.00027155,32
ABT1,29777,gene/protein,0.164637734,2088.466213,2.10E-09,6
ABT-288,DB15192,drug,0.190011642,7.645509307,0.0004969,0
ABT-341,DB08044,drug,0.150646997,0,2.26E-12,53
ABT-510,DB05434,drug,0.151863403,0,2.02E-10,24
ABT-869,DB06080,drug,0.153070418,0,4.07E-10,9
ABX-PTH,DB05883,drug,0.155828642,0,5.70E-13,40
AC-(D)PHE-PRO-BOROHOMOLYS-OH,DB07659,drug,0.150459983,0,9.12E-12,31
AC-(D)PHE-PRO-BOROHOMOORNITHINE-OH,DB07660,drug,0.150459983,0,9.12E-12,6
AC-(D)Phe-pro-borolys-OH,DB07658,drug,0.150459983,0,9.12E-12,53
ACAA1,30,gene/protein,0.162681877,2108.190488,4.12E-10,20
ACACA,31,gene/protein,0.173252026,4235.186374,2.66E-09,14
ACACB,32,gene/protein,0.153831227,16386.48114,2.64E-10,30
ACAD8,27034,gene/protein,0.152953182,5668.583397,8.24E-10,56
ACADM,34,gene/protein,0.150716885,5440.274552,1.22E-11,19
ACADSB,36,gene/protein,0.151921732,753.2042324,4.73E-12,30
Acalabrutinib,DB11703,drug,0.988053224,5130.712219,0.01092038,0
Acamprosate,DB00659,drug,0.161335002,0.607679977,9.24E-11,11
ACAN,176,gene/protein,0.157392963,6273.407476,8.90E-11,4
ACAP1,9744,gene/protein,0.158710971,690.3031988,2.18E-09,38
ACAP2,23527,gene/protein,0.156005602,179.5969168,9.60E-10,27
ACAP3,116983,gene/protein,0.152851345,45.96524452,4.41E-10,50
Acarbose,DB00284,drug,1.665993566,20742.10935,0.02284589,32
Acarbose Derived Hexasaccharide,DB03971,drug,0.154167837,0,1.81E-12,8
ACAT1,38,gene/protein,0.17017085,18688.84064,2.32E-09,53
ACAT2,39,gene/protein,0.155434675,1526.6142,1.58E-09,45
ACBD6,84320,gene/protein,0.153890431,410.8138816,1.21E-09,22
ACCS,84680,gene/protein,0.154160202,2195.543385,2.25E-10,11
ACD,65057,gene/protein,0.183832013,9368.536598,2.76E-09,14
ACE,1636,gene/protein,0.154140482,8235.672891,9.13E-10,50
ACE2,59272,gene/protein,0.150511406,6408.380574,1.76E-11,30
Acebutolol,DB01193,drug,2.061298531,23377.68193,0.026062632,58
Aceclidine,DB13262,drug,0.15,0,3.99E-71,49
Aceclofenac,DB06736,drug,1.951598627,8564.74232,0.027600572,7
Acefylline,DB13573,drug,0.911654721,1896.262754,0.010664706,59
Acemetacin,DB13783,drug,1.983534159,15613.11757,0.02761718,7
Acenocoumarol,DB01418,drug,3.296685286,153826.8127,0.025667753,7
Acepromazine,DB01614,drug,1.695548306,7569.506674,0.02570025,7
Aceprometazine,DB01615,drug,1.520568646,5110.109565,0.021522155,7
Acetaminophen,DB00316,drug,2.071799,56211.07236,0.026297626,16
Acetarsol,DB13268,drug,0.15,0,3.99E-71,38
Acetazolamide,DB00819,drug,2.265149307,85194.54645,0.02915333,28
Acetic acid,DB03166,drug,0.18501925,35.67011478,0.00033501,18
Acetic Acid Salicyloyl-Amino-Ester,DB03667,drug,0.150507503,0,1.76E-12,50
Acetoacetic acid,DB01762,drug,0.154098937,0,4.05E-11,39
Acetoacetyl-CoA,DB03059,drug,0.15176792,0,2.68E-11,19
Acetohexamide,DB00414,drug,1.598663179,15471.97089,0.017904746,17
Acetohydroxamic acid,DB00551,drug,0.152259287,17.7465096,2.68E-05,39
Acetophenazine,DB01063,drug,1.212408017,28235.6044,0.01790904,16
Acetophenone,DB04619,drug,0.198626563,0,1.77E-05,3
Acetrizoic acid,DB09347,drug,0.150216928,0,1.72E-11,32
Acetyl sulfisoxazole,DB14033,drug,0.556880305,282.9671284,0.00612639,16
Acetylcarnitine,DB08842,drug,0.150775039,0,5.54E-12,51
Acetylcholine,DB03128,drug,0.372285047,486.0251409,0.00304102,16
Acetylcysteine,DB06151,drug,0.240349238,3946.92881,0.00072937,48
Acetylcysteine zinc,DB14479,drug,0.240986713,20.94354275,0.00083003,2
Acetyldigitoxin,DB00511,drug,0.874348198,5526.800198,0.00755244,2
Acetyldigoxin,DB13691,drug,1.535081073,15202.51342,0.01659145,44
Acetylglycinamide chloral hydrate,DB13402,drug,0.99594897,8.481282091,0.015775779,58
acetylleucyl-leucyl-norleucinal,DB07558,drug,0.150708841,0,3.77E-11,49
Acetylsalicylic acid,DB00945,drug,2.876974633,939692.984,0.03213301,7
ACHE,43,gene/protein,0.153879019,151829.339,8.22E-10,26
Acid yellow 54 free acid,DB03442,drug,0.150749487,0,1.89E-11,57
ACIN1,22985,gene/protein,0.18536021,9201.995088,4.31E-09,13
Acipimox,DB09055,drug,0.291691339,281.757312,0.00159439,9
Acitretin,DB00459,drug,0.230389035,2739.505504,0.00054542,48
ACKR1,2532,gene/protein,0.154115327,661.4107705,4.23E-10,8
ACKR2,1238,gene/protein,0.16102919,577.9707574,1.08E-10,36
ACKR4,51554,gene/protein,0.157598194,1175.756846,5.33E-10,41
Aclarubicin,DB11617,drug,0.196582693,5.083652454,3.24E-05,52
Aclidinium,DB08897,drug,2.012708642,12762.73761,0.030581479,58
ACLY,47,gene/protein,0.159048041,1440.776717,1.83E-09,14
acne (disease),11438,disease,3.945092125,81.36939207,0.00037322,15
ACO1,48,gene/protein,0.154097611,718.893541,1.55E-09,14
ACO2,50,gene/protein,0.167388546,28318.99646,1.84E-09,43
Aconitate Ion,DB04351,drug,0.150640902,0,1.46E-11,36
ACOT1,641371,gene/protein,0.151138086,1.45042607,1.63E-10,14
ACOT13,55856,gene/protein,0.185241517,8601.267985,4.69E-10,20
ACOT7,11332,gene/protein,0.206293926,17128.14213,1.70E-09,56
Acotiamide,DB12482,drug,0.504190757,243.9519662,0.00576599,16
ACOX1,51,gene/protein,0.162951005,7948.688888,1.21E-09,54
ACP1,52,gene/protein,0.162287174,7283.31868,3.45E-09,40
ACP-104,DB05766,drug,0.152169711,0,1.62E-11,8
ACP2,53,gene/protein,0.173968659,8413.55648,1.05E-09,24
ACP3,55,gene/protein,0.156032739,11360.34353,2.58E-10,6
acquired hemophilia,19139,disease,1.70180955,1.001039501,1.16E-06,9
acquired polycythemia vera,9891,disease,4.645834629,0,8.64E-05,15
acquired purpura fulminans,18854,disease,1.497495182,24.48448236,6.47E-05,32
Acridine Carboxamide,DB11880,drug,0.191246377,0.019387545,2.71E-05,2
Acrivastine,DB09488,drug,1.451003847,2866.683656,0.022016593,52
acrodermatitis enteropathica,8713,disease,0.186300676,0,2.29E-06,45
ACSBG1,23205,gene/protein,0.151047571,5389.03186,2.59E-10,56
ACSBG2,81616,gene/protein,0.150615768,0,3.61E-10,14
ACSL3,2181,gene/protein,0.159636644,607.2020739,1.97E-09,4
ACSS1,84532,gene/protein,0.15418381,219.9518987,6.85E-10,53
ACSS2,55902,gene/protein,0.154702639,1780.797517,1.57E-09,30
ACTA1,58,gene/protein,0.2030392,84700.94624,9.98E-09,23
ACTA2,59,gene/protein,0.199953488,24085.99537,6.78E-09,29
ACTB,60,gene/protein,0.272549694,132375.5741,1.61E-08,56
Actelion-1,DB05367,drug,0.151005063,0,1.29E-11,54
Acteoside,DB12996,drug,0.659919754,472.3806803,0.00375551,44
ACTG1,71,gene/protein,0.213836655,22474.41752,1.16E-08,46
actinic cheilitis,43300,disease,0.228124427,0,6.66E-05,31
actinic keratosis (disease),5173,disease,0.5379806,0,0.00018384,53
Activated charcoal,DB09278,drug,0.157945182,0.05721763,0.00010434,48
ACTL6A,86,gene/protein,0.186469854,6505.611906,7.06E-09,14
ACTL8,81569,gene/protein,0.170102644,1994.673696,4.97E-09,10
ACTN1,87,gene/protein,0.211649033,24601.78602,5.93E-09,12
ACTN2,88,gene/protein,0.209859123,22543.2049,3.67E-09,43
ACTN4,81,gene/protein,0.189119759,10074.63688,5.85E-09,34
ACTR3,10096,gene/protein,0.175470806,15656.78215,6.12E-09,49
acute coronary syndrome,5542,disease,1.161356042,0,0.00027537,27
acute intermittent porphyria,8294,disease,1.054724229,53.7468343,6.97E-05,32
acute lung injury,15796,disease,2.446499715,0,1.17E-07,10
acute lymphoblastic leukemia (disease),4967,disease,26.01182911,492.4941217,0.00030461,6
acute lymphoblastic/lymphocytic leukemia,4948_872_4963_20511_4947_814,disease,22.27002132,2283.602795,0.00045904,6
acute respiratory distress syndrome,6502,disease,1.102571694,0,0.00014293,13
acute urate nephropathy,3652,disease,0.44619545,0,3.98E-05,39
ACVR1,90,gene/protein,0.186309077,9411.545949,8.87E-09,32
ACVR2A,92,gene/protein,0.168671683,4733.795657,1.18E-09,4
ACVRL1,94,gene/protein,0.172461715,3547.965341,8.06E-09,45
Acyclovir,DB00787,drug,1.637355274,67787.02862,0.021244877,52
ADA,100,gene/protein,0.163178306,130694.1657,3.45E-09,59
Adalimumab,DB00051,drug,2.007792195,62458.51098,0.017721275,42
ADAM10,102,gene/protein,0.162604541,10532.22028,3.34E-09,27
ADAM11,4185,gene/protein,0.151571214,0,4.67E-12,56
ADAM17,6868,gene/protein,0.172073461,48781.12778,9.19E-09,38
ADAM28,10863,gene/protein,0.15066403,22205.29968,6.70E-12,56
ADAM9,8754,gene/protein,0.158527285,7518.814943,1.94E-09,27
ADAMTS5,11096,gene/protein,0.150658586,10803.28554,4.39E-12,51
ADAMTSL4,54507,gene/protein,0.229701167,20327.43745,2.61E-09,27
ADAP1,11033,gene/protein,0.15657403,177.7167099,1.12E-09,51
ADAP2,55803,gene/protein,0.15472899,147.0524184,8.02E-10,39
Adapalene,DB00210,drug,0.157534235,453.4995703,4.33E-05,47
ADAR,103,gene/protein,0.167233337,1467.666206,3.46E-09,39
ADCY5,111,gene/protein,0.152139638,5620.788796,2.66E-10,12
ADCYAP1,116,gene/protein,0.162373062,14028.92849,7.08E-10,39
ADD1,118,gene/protein,0.174053619,4700.449927,3.61E-09,56
ADD2,119,gene/protein,0.156952826,575.3808708,1.50E-09,41
Addison disease,9410,disease,2.77822922,123.4536934,0.0001556,55
Adecatumumab,DB05006,drug,0.775447143,2.711075215,0.00104473,25
Adefovir,DB13868,drug,1.017389257,379.2696884,0.015371561,7
Adefovir dipivoxil,DB00718,drug,1.120475089,5843.415899,0.01594468,16
Ademetionine,DB00118,drug,0.196958362,15566.78731,0.00059172,21
Adenine,DB00173,drug,0.280350855,12959.58718,0.00151428,0
adenocarcinoma of liver and intrahepatic biliary tract,18532,disease,15.66454372,5.692090731,4.69E-05,45
Adenosine,DB00640,drug,0.999200039,6818.832364,0.01280815,52
"Adenosine 3',5'-diphosphate",DB01812,drug,0.177118568,0,3.78E-11,21
Adenosine 5'-[gamma-thio]triphosphate,DB02930,drug,0.160820605,0,5.69E-11,9
Adenosine 5'-phosphosulfate,DB03708,drug,0.151125294,0,1.29E-11,40
Adenosine monotungstate,DB02373,drug,0.150755952,0,9.06E-12,50
Adenosine phosphate,DB00131,drug,0.157325529,0.971706697,4.39E-10,21
Adenosine Phosphonoacetic Acid,DB02607,drug,0.150477512,0,2.86E-11,11
Adenosine-2'-5'-Diphosphate,DB02098,drug,0.166570598,0,9.34E-12,49
"Adenosine-5'-[Beta, Gamma-Methylene]Triphosphate",DB03909,drug,0.15996512,0,1.51E-10,10
"Adenosine-5'-diphosphate-2',3'-vanadate",DB02661,drug,0.151125294,0,1.29E-11,12
Adenosine-5-Diphosphoribose,DB02059,drug,0.152613463,0,1.74E-10,9
Adenosine-5'-ditungstate,DB02183,drug,0.15059237,0,2.10E-11,21
Adenovirus type 7 vaccine live,DB14685,drug,0.803685825,10169.27518,0.00443484,44
Adenylate-3'-phosphate-[[2'-deoxy-uridine-5'-phosphate]-3'-phosphate],DB03186,drug,0.15112218,0,2.20E-12,31
Adenylosuccinic acid,DB04418,drug,0.161750056,0,1.24E-12,51
ADGRD1,283383,gene/protein,0.150615768,267.1947652,3.61E-10,43
ADGRG6,57211,gene/protein,0.153553097,43.1982613,3.80E-10,6
ADH1A,124,gene/protein,0.1515628,6740.98366,1.10E-10,9
ADH1B,125,gene/protein,0.157348676,94631.03544,3.70E-10,6
ADH1C,126,gene/protein,0.153933714,59245.40334,2.96E-12,35
ADH4,127,gene/protein,0.15332902,6616.18525,1.02E-09,6
ADH5,128,gene/protein,0.154162079,14943.51716,1.32E-09,1
Adinazolam,DB00546,drug,1.1085472,1294.874197,0.016730982,28
Adipiplon,DB06579,drug,0.996671392,130.4225658,0.015735013,28
ADIPOQ,9370,gene/protein,0.236740147,68525.11257,1.47E-09,54
ADIPOR2,79602,gene/protein,0.152318818,7.773572187,1.07E-09,15
ADK,132,gene/protein,0.153573249,13053.23839,1.62E-09,20
ADL 10-0101,DB05443,drug,0.15155506,0,9.92E-12,15
ADL5859,DB05050,drug,0.150637456,0,1.80E-11,22
Adomiparin,DB06005,drug,0.15,0,3.99E-71,57
Ado-P-Ch2-P-Ps-Ado,DB04389,drug,0.150755952,0,9.06E-12,15
ADORA1,134,gene/protein,0.156982392,20998.05542,2.49E-10,29
ADORA2A,135,gene/protein,0.165406344,34396.1857,4.36E-10,54
ADORA2B,136,gene/protein,0.153128089,6347.998193,8.65E-11,36
ADORA3,140,gene/protein,0.152836539,6034.93324,1.18E-10,8
ADRA1A,148,gene/protein,0.159467761,32714.56034,9.27E-10,33
ADRA1B,147,gene/protein,0.153102684,8571.200248,9.55E-10,1
ADRA1D,146,gene/protein,0.155725225,15311.62874,3.98E-10,29
ADRA2A,150,gene/protein,0.247250953,296776.2045,1.61E-08,1
ADRA2B,151,gene/protein,0.150988006,4885.53161,3.95E-10,30
ADRA2C,152,gene/protein,0.155898377,27257.52866,7.47E-10,1
Adrafinil,DB08925,drug,0.941184527,405.5635582,0.015003306,7
ADRB1,153,gene/protein,0.157779477,31996.41485,2.10E-09,23
ADRB2,154,gene/protein,0.287811022,506031.6164,1.40E-08,35
ADRB3,155,gene/protein,0.151175391,1741.044911,2.68E-10,39
Adrenalone,DB13394,drug,0.165476454,2.516240617,0.00011378,48
adrenocortical insufficiency,4,disease,2.589786479,0,0.00015556,32
ADRM1,11047,gene/protein,0.178795201,2726.442411,3.32E-09,11
ADSS1,122622,gene/protein,0.152059601,12969.85294,1.56E-10,13
Aducanumab,DB12274,drug,0.777907291,9.850502048,0.00104514,25
adult-onset myasthenia gravis,18324,disease,3.030536765,0,7.67E-05,46
ADX10059,DB05070,drug,0.150803065,0,1.41E-11,21
ADX-10061,DB05419,drug,0.154033948,0,1.32E-13,12
AE-941,DB05387,drug,0.15193841,0,3.51E-11,53
AEBP2,121536,gene/protein,0.157557037,277.9253247,1.24E-09,24
AEG35156,DB06184,drug,0.150447336,0,7.07E-11,19
AER001,DB05078,drug,0.151075657,0,5.33E-11,9
Aeruginosin 98-B,DB04391,drug,0.151169173,0,2.36E-12,21
Aetiocholanolone,DB02854,drug,0.154487638,0,1.76E-11,21
Afamelanotide,DB04931,drug,0.151210768,0,2.09E-12,49
AFAP1,60312,gene/protein,0.162838164,788.1819811,1.84E-09,6
Afatinib,DB08916,drug,0.658668498,5559.462283,0.00520652,48
AFDN,4301,gene/protein,0.17553111,11419.30831,4.29E-09,57
Afelimomab,DB04956,drug,1.992253918,59446.62423,0.0176544,25
Afimoxifene,DB04468,drug,0.218063999,3235.623573,3.83E-05,55
Aflibercept,DB08885,drug,0.15199917,0,8.38E-11,47
AFP,174,gene/protein,0.158927356,1199.463062,1.01E-09,33
Agalsidase beta,DB00103,drug,0.155494235,268.140894,6.94E-05,26
AGBL5,60509,gene/protein,0.156073646,407.169898,9.08E-10,53
Agkistrodon piscivorus antivenin,DB13894,drug,0.150869837,0,1.11E-11,27
Agmatine,DB08838,drug,1.424228113,16325.79758,0.017887973,16
AGN-201904,DB13135,drug,0.151754739,0,2.39E-05,0
AGO2,27161,gene/protein,0.176648514,4528.960895,4.01E-09,56
Agomelatine,DB06594,drug,1.479413533,4314.599509,0.021975917,7
AGPAT3,56894,gene/protein,0.168041204,3568.069809,7.94E-10,46
AGPS,8540,gene/protein,0.155561946,344.8351404,1.30E-09,19
AGR2,10551,gene/protein,0.19206489,13783.15738,1.91E-09,20
AGR3,155465,gene/protein,0.165852534,2886.669682,1.38E-09,11
AGRN,375790,gene/protein,0.159890899,1298.800402,1.18E-09,10
AGRO100,DB04998,drug,0.150667931,0,1.38E-10,43
Agrostis gigantea pollen,DB10403,drug,0.230677681,1.572961101,0.00134362,59
Agrostis stolonifera pollen,DB10962,drug,0.230677681,1.572961101,0.00134362,59
AGT,183,gene/protein,0.166056768,52167.98799,2.22E-09,35
AGTPBP1,23287,gene/protein,0.157188737,1307.186564,6.72E-10,8
AGTR1,185,gene/protein,0.180976256,36957.81194,2.62E-09,23
AGXT,189,gene/protein,0.169037246,14991.17669,7.75E-10,40
AGXT2,64902,gene/protein,0.151042612,374.8377897,2.03E-10,31
AHCY,191,gene/protein,0.172168548,23054.54765,3.32E-09,31
AHCYL1,10768,gene/protein,0.200187867,11417.47974,4.44E-09,40
AHNAK,79026,gene/protein,0.201578594,15267.21447,4.68E-09,57
AHR,196,gene/protein,0.180305543,63265.37255,5.69E-09,40
AHSG,197,gene/protein,0.166589085,6222.40701,2.38E-09,22
AICA ribonucleotide,DB01700,drug,0.93013439,2380.676602,0.010335244,18
AICDA,57379,gene/protein,0.15818629,304.7267365,1.66E-09,53
AIFM1,9131,gene/protein,0.195946709,19455.71687,4.12E-09,8
AIMP2,7965,gene/protein,0.197419934,9909.981451,4.56E-09,4
AIP,9049,gene/protein,0.169526283,8480.17689,2.98E-09,41
Ajmaline,DB01426,drug,0.695882247,369.4256021,0.00836035,2
AJUBA,84962,gene/protein,0.196205909,14789.70256,4.90E-09,47
Ajulemic acid,DB12193,drug,1.10886025,290.6689364,0.017414999,7
AK2,204,gene/protein,0.168262488,14753.44833,2.80E-09,36
AKAP1,8165,gene/protein,0.169165471,4701.381876,1.77E-09,29
AKAP12,9590,gene/protein,0.165763598,2100.352312,3.07E-09,12
AKAP13,11214,gene/protein,0.168598864,2238.427173,3.77E-09,20
AKAP14,158798,gene/protein,0.158001774,94.84520957,4.02E-10,56
AKAP5,9495,gene/protein,0.174766175,3055.844807,2.55E-09,11
AKAP8,10270,gene/protein,0.169694986,3330.960042,2.83E-09,36
AKAP8L,26993,gene/protein,0.181746118,3738.061013,3.19E-09,34
AKAP9,10142,gene/protein,0.193020401,7844.85905,4.87E-09,33
AKI-001,DB07266,drug,0.150451316,0,1.13E-10,41
AKIP1,56672,gene/protein,0.155274758,101.8244113,9.57E-10,10
AKR1A1,10327,gene/protein,0.157636016,10869.4904,1.52E-09,14
AKR1B1,231,gene/protein,0.16747419,140139.2121,8.70E-10,1
AKR1B10,57016,gene/protein,0.16346895,8205.995798,5.38E-10,30
AKR1C1,1645,gene/protein,0.154517933,1689.624247,3.25E-10,1
AKR1C2,1646,gene/protein,0.156888595,2452.463996,7.65E-10,46
AKR1C3,8644,gene/protein,0.156136342,8799.49332,2.32E-10,1
AKR1D1,6718,gene/protein,0.155331107,483.0330255,1.16E-10,35
AKT1,207,gene/protein,0.361731897,363091.1805,3.02E-08,1
AKT1S1,84335,gene/protein,0.166112633,1142.340427,4.41E-09,54
AKT2,208,gene/protein,0.198113069,22126.49788,1.22E-08,33
AKT3,10000,gene/protein,0.166356322,1616.810901,4.88E-09,53
AKTIP,64400,gene/protein,0.1716662,4868.85621,2.47E-09,57
AL-4623,DB03877,drug,0.150737685,0,2.16E-12,21
AL5300,DB04089,drug,0.150737685,0,2.16E-12,54
AL5424,DB01964,drug,0.150737685,0,2.16E-12,49
AL5927,DB03526,drug,0.150737685,0,2.16E-12,41
AL6528,DB04371,drug,0.150737685,0,2.16E-12,51
"Al-6619, [2h-Thieno[3,2-E]-1,2-Thiazine-6-Sulfonamide,2-(3-Hydroxyphenyl)-3-(4-Morpholinyl)-, 1,1-Dioxide]",DB03262,drug,0.150737685,0,2.16E-12,36
"Al-6629, [2h-Thieno[3,2-E]-1,2-Thiazine-6-Sulfonamide,2-(3-Methoxyphenyl)-3-(4-Morpholinyl)-, 1,1-Dioxide]",DB03598,drug,0.150737685,0,2.16E-12,24
AL7089A,DB02220,drug,0.150737685,0,2.16E-12,41
AL7099A,DB03221,drug,0.150737685,0,2.16E-12,21
AL7182,DB02602,drug,0.150737685,0,2.16E-12,55
ALAD,210,gene/protein,0.152097532,39058.48474,9.83E-10,1
Ala-geninthiocin,DB15657,drug,0.183010588,1.635162339,0.00033501,2
Alanine,DB00160,drug,0.173662659,0,6.06E-11,57
Alanosine,DB05540,drug,0.20629525,290.0116639,4.23E-05,21
Alaproclate,DB13233,drug,1.547294663,4531.438782,0.023193684,28
Alatrofloxacin,DB09335,drug,0.15,0,3.99E-71,15
ALB,213,gene/protein,0.174052914,511188.6351,2.16E-09,20
Albaconazole,DB12073,drug,0.319465718,97.08879491,0.00234616,52
Albendazole,DB00518,drug,1.216381914,18254.72345,0.013089246,18
Albendazole oxide,DB13871,drug,0.151754739,0,2.39E-05,0
Albiglutide,DB09043,drug,0.933138805,4158.883939,0.010336492,59
Albinterferon Alfa-2B,DB05396,drug,0.39205136,30.00940534,0.00385955,18
Albusomatropin,DB12950,drug,0.152853535,0,2.71E-05,1
Albutrepenonacog alfa,DB13884,drug,1.183478208,11844.80232,0.017284958,16
Alcaftadine,DB06766,drug,0.15918949,0.176405372,0.00019128,15
Alclofenac,DB13167,drug,1.908767809,6910.567096,0.027426997,7
Alclometasone,DB00240,drug,0.322085931,636.7874606,0.00211931,29
Alcuronium,DB13648,drug,1.507056947,6563.268623,0.020399324,58
Aldesleukin,DB00041,drug,2.316745386,63962.98467,0.025923753,58
ALDH1A1,216,gene/protein,0.15594253,5207.394719,1.04E-09,19
ALDH1A2,8854,gene/protein,0.153095406,1304.381075,8.84E-10,30
ALDH1B1,219,gene/protein,0.199989562,26521.94728,1.57E-09,6
ALDH2,217,gene/protein,0.189225619,46666.1844,1.53E-09,49
ALDH3B1,221,gene/protein,0.174083376,11078.49382,2.30E-09,4
ALDH4A1,8659,gene/protein,0.157596948,2220.5125,1.53E-09,36
ALDH5A1,7915,gene/protein,0.156211661,7369.202278,5.34E-10,54
ALDH6A1,4329,gene/protein,0.154432911,307.7294063,1.80E-10,14
ALDH7A1,501,gene/protein,0.155354401,566.5263402,2.54E-10,47
ALDOA,226,gene/protein,0.18288548,31436.8672,4.67E-09,4
Aldosterone,DB04630,drug,1.503372061,18539.38925,0.013037143,44
Aldoxorubicin,DB06013,drug,0.27922252,300.3384221,0.00075775,18
Alectinib,DB11363,drug,0.920882859,2981.088943,0.00899724,18
Alefacept,DB00092,drug,0.618289302,3273.37057,0.00371322,52
Aleglitazar,DB08915,drug,0.15120702,0,3.50E-10,32
Alemtuzumab,DB00087,drug,1.403294852,20792.48915,0.00645927,42
Alendronic acid,DB00630,drug,0.90706025,16648.75047,0.0067057,16
Alfacalcidol,DB01436,drug,0.377266178,6852.296413,0.00184062,59
Alfaxalone,DB11371,drug,1.013612369,283.207121,0.015752977,7
Alfentanil,DB00802,drug,2.025978516,15802.09642,0.029351738,7
Alferminogene tadenovec,DB05306,drug,0.155031785,0,3.81E-05,0
Alfimeprase,DB04919,drug,0.151303468,0,3.15E-11,31
Alfuzosin,DB00346,drug,1.215697268,3267.923047,0.01537776,2
ALG3,10195,gene/protein,0.160990188,1646.939337,2.15E-09,12
ALG9,79796,gene/protein,0.17462309,14842.6373,9.65E-10,11
Alglucerase,DB00088,drug,0.15,0,3.99E-71,27
Alglucosidase alfa,DB01272,drug,0.151762921,0.166666667,9.60E-12,47
Alimemazine,DB01246,drug,1.517262987,5475.430749,0.02162208,28
Alipogene tiparvovec,DB13521,drug,0.15,0,3.99E-71,38
Alirocumab,DB09302,drug,0.779025953,2215.047234,0.00104514,42
Alisertib,DB05220,drug,0.150451316,0,1.13E-10,9
Aliskiren,DB09026,drug,1.052443907,1800.593519,0.01600987,16
Alitretinoin,DB00523,drug,0.275094417,4506.281149,0.00054188,26
Alizapride,DB01425,drug,0.183103029,2.593343842,0.00050941,2
ALK,238,gene/protein,0.170587954,5375.516954,7.75E-09,1
ALK-positive large B-cell lymphoma,18225,disease,9.139052036,0,0.00017439,27
ALKS 27,DB05752,drug,0.153767782,0,3.52E-11,55
Allantoin,DB11100,drug,0.270039991,176.5661249,0.0011526,27
allergic asthma,4784,disease,10.50214071,0.285539428,0.00070311,8
allergic rhinitis,11786_5324_24332,disease,6.849028453,208.4751659,0.00133181,39
Allicin,DB11780,drug,0.929386005,1399.329136,0.010335244,44
Allobarbital,DB13577,drug,0.99594897,8.481282091,0.015775779,28
Alloin,DB15477,drug,0.62823371,114.63381,0.00799899,7
Allopurinol,DB00437,drug,1.63671235,34240.89956,0.01965359,7
Allosamizoline,DB04404,drug,0.154873169,0,1.35E-12,11
Allylestrenol,DB01431,drug,1.715144768,20312.27648,0.023129034,16
Almasilate,DB13595,drug,1.392505271,6867.614299,0.019306344,41
Alminoprofen,DB13314,drug,1.882766518,6180.823484,0.027066228,44
Almitrine,DB01430,drug,0.150449564,0.043478261,2.92E-11,9
Almotriptan,DB00918,drug,2.381904174,16127.4195,0.03570424,28
Alogliptin,DB06203,drug,1.950108811,13883.31807,0.026846231,7
Aloglutamol,DB13650,drug,0.578598968,1881.238729,0.00388763,44
alopecia areata,7082_12551_5340,disease,0.356978035,0,3.48E-05,47
Alosetron,DB00969,drug,1.560585782,5120.116738,0.022948574,16
ALOX15,246,gene/protein,0.151037481,5546.513261,7.90E-11,30
ALOX5,240,gene/protein,0.168678944,65631.81967,1.85E-09,35
ALOX5AP,241,gene/protein,0.158033222,17485.4403,6.91E-10,51
Aloxiprin,DB13509,drug,0.675947837,932.039777,0.00591412,58
Alpelisib,DB12015,drug,1.251979166,7369.27717,0.01424404,48
ALPG,251,gene/protein,0.152886577,9853.258773,8.50E-10,26
"alpha,beta-Methyleneadenosine 5'-triphosphate",DB02596,drug,0.158525826,0,1.15E-12,49
Alpha-1-proteinase inhibitor,DB00058,drug,0.282514297,958.827006,0.00013381,0
Alpha-Aminobutyric Acid,DB04454,drug,0.152230591,0,1.97E-12,45
Alpha-Benzyl-Aminobenzyl-Phosphonic Acid,DB03577,drug,0.159473409,0,2.04E-12,10
Alphacetylmethadol,DB01555,drug,1.225406675,1588.433793,0.018327319,28
alpha-D-Fucopyranose,DB03485,drug,0.151113589,0,9.43E-12,46
alpha-D-glucopyranosyl-2-carboxylic acid amide,DB02720,drug,0.151371395,0,9.97E-12,45
"Alpha-D-Glucose 1,6-Bisphosphate",DB02835,drug,0.151075465,0,1.13E-11,6
alpha-D-glucose 6-phosphate,DB02007,drug,0.15554018,0,5.07E-11,55
alpha-D-glucose-1-phosphate,DB02843,drug,0.151371395,0,9.97E-12,9
Alpha-D-Glucose-1-Phosphate-6-Vanadate,DB04397,drug,0.151075465,0,1.13E-11,50
alpha-D-mannose 6-phosphate,DB02900,drug,0.152365776,0,7.27E-11,34
alpha-D-quinovopyranose,DB03773,drug,0.152998884,0,1.42E-11,5
alpha-D-Xylopyranose,DB03389,drug,0.151949978,0,3.08E-12,46
alpha-Fluoro-carboxymethyldethia coenzyme A complex,DB03182,drug,0.151572189,0,1.03E-11,21
ALPHA-HYDROXYFARNESYLPHOSPHONIC ACID,DB07895,drug,0.150825394,0,1.23E-11,40
alpha-Ketoisovalerate,DB04074,drug,0.152708407,0,4.40E-11,6
alpha-L-fucose,DB04473,drug,0.150607374,0,7.62E-12,50
alpha-Linolenic acid,DB00132,drug,0.159966928,38.03616318,1.55E-05,41
alpha-L-methyl-fucose,DB03879,drug,0.151014201,0,8.04E-12,46
alpha-maltotriose,DB03277,drug,0.151253408,0,1.47E-12,9
Alpha-Methylisocitric Acid,DB04072,drug,0.150640902,0,1.46E-11,45
Alpha-Methyl-N-Acetyl-D-Glucosamine,DB04426,drug,0.151014201,0,8.04E-12,43
alpha-Naphthoflavone,DB07453,drug,0.150347377,0,1.25E-12,47
Alphaprodine,DB13160,drug,1.225406675,1588.433793,0.018327319,28
alpha-Tocopherol acetate,DB14003,drug,0.161480402,102.6723452,5.40E-06,6
alpha-Tocopherol succinate,DB14001,drug,0.296300526,5372.171844,5.40E-06,43
ALPL,249,gene/protein,0.151993251,1608.073327,4.43E-10,39
Alprazolam,DB00404,drug,2.232637887,17440.32817,0.03271064,7
Alprenolol,DB00866,drug,2.326406755,31499.53771,0.031220694,16
Alprostadil,DB00770,drug,0.40900291,1033.278527,0.0027926,26
Alrestatin,DB02020,drug,0.152372549,0,6.88E-12,39
Alsterpaullone,DB04014,drug,0.151311839,0,4.56E-10,47
ALT-2074,DB05631,drug,0.154477569,0,1.07E-05,3
Alteplase,DB00009,drug,1.162523354,12794.78542,0.01069206,16
Altrenogest,DB11372,drug,0.312899617,89.021994,0.00130856,2
Altretamine,DB00488,drug,0.911376245,3682.805619,0.00734751,46
Altropane,DB04947,drug,0.150690054,0,1.21E-11,6
Aluminium,DB01370,drug,0.279580535,5830.92443,0.00136402,18
Aluminium acetoacetate,DB13280,drug,0.656764678,3003.674985,0.00439638,17
Aluminium clofibrate,DB13780,drug,0.364684256,115.6421679,0.00220981,17
Aluminium glycinate,DB13626,drug,0.656764678,3003.674985,0.00439638,44
Aluminium monostearate,DB01375,drug,0.153381861,0,8.98E-11,34
Aluminium phosphate,DB14517,drug,0.618594991,23529.23108,0.0043603,2
Aluminum acetate,DB14518,drug,0.151748122,0.240171455,2.07E-10,45
Aluminum cation,DB14519,drug,0.151934865,0,5.72E-06,48
Aluminum chloride,DB11081,drug,0.210883184,500.719856,0.00025657,59
Aluminum hydroxide,DB06723,drug,0.70144928,4596.064389,0.00447946,32
Aluminum oxide,DB11342,drug,0.154477569,0,1.07E-05,3
Aluminum sulfate,DB11239,drug,0.209440978,44.25238284,0.00025657,59
Alverine,DB01616,drug,1.017401232,203.4040519,0.016020052,7
Alvespimycin,DB12442,drug,0.150401349,0,1.85E-10,43
Alvimopan,DB06274,drug,0.215992701,21.8570237,0.00107962,2
Alvocidib,DB03496,drug,0.37659027,25186.01623,0.00213613,48
Alzheimer disease,11913_7088_11743_12153_7089_11194_12321_15140_4975_11561_11647_11777_12344_12609_12630_12631_14265_10422_14036_14316_100088,disease,19.88054071,197.0493766,6.23E-05,8
Alzheimer disease without neurofibrillary tangles,11401,disease,18.74275137,0,6.22E-05,6
AM103,DB05225,drug,0.151101051,0,5.46E-12,21
Amantadine,DB00915,drug,1.968976466,23768.88422,0.028215984,7
Amatuximab,DB12845,drug,0.777972612,4485.375347,0.00104473,42
Ambenonium,DB01122,drug,0.505862064,879.6043586,0.00576599,29
AMBP,259,gene/protein,0.160931569,7012.84104,1.75E-09,46
AMBRA1,55626,gene/protein,0.168299556,1695.840411,4.85E-09,36
Ambrisentan,DB06403,drug,1.449981788,8588.651486,0.019711241,52
Ambroxol,DB06742,drug,0.160287529,0.044583283,0.0001449,11
Ambroxol acefyllinate,DB13141,drug,0.152113142,0,1.92E-11,34
Amcinonide,DB00288,drug,0.32407212,906.5588651,0.00212139,26
AMD-070,DB05501,drug,0.1510809,0,1.16E-10,21
AMD1,262,gene/protein,0.15940822,6924.840602,8.48E-10,50
Amdinocillin,DB01163,drug,0.373732545,75.48733461,0.00232483,16
AME-527,DB05879,drug,0.150419108,0,6.90E-11,12
amebiasis,5644,disease,0.632672704,0,3.96E-08,5
Amediplase,DB06679,drug,1.160070884,4118.629034,0.010692062,44
Amelubant,DB06248,drug,0.150727295,0,9.40E-12,24
AMFR,267,gene/protein,0.200209295,12103.68482,2.79E-09,19
AMG 108,DB05545,drug,0.775447143,2.711075215,0.00104473,25
AMG-131,DB05490,drug,0.150346583,0,1.45E-10,32
AMG-208,DB08079,drug,0.15041813,0,1.38E-10,50
AMG-222,DB06011,drug,0.997223205,2457.59238,0.01106779,28
AMG-510,DB15569,drug,0.150447433,0,4.27E-11,40
AMGN-0007,DB06511,drug,0.151041095,0,5.98E-12,19
Amibegron,DB05395,drug,0.93506011,269.8732805,0.015008717,7
Amido Phenyl Pyruvic Acid,DB02018,drug,0.152091012,0,2.32E-12,40
Amifampridine,DB11640,drug,0.78100336,2152.075559,0.00943763,52
Amifostine,DB01143,drug,0.539708797,3873.586857,0.00670064,13
AMIGO1,57463,gene/protein,0.178693401,2419.512133,1.70E-10,11
Amikacin,DB00479,drug,1.154886506,5002.670203,0.016137488,46
Amiloride,DB00594,drug,1.463049279,14990.34756,0.02173815,16
Amineptine,DB04836,drug,1.723103336,5985.176188,0.026128512,25
Aminobenzoic acid,DB02362,drug,0.15,0,3.99E-71,54
Aminocaproic acid,DB00513,drug,0.28659778,434.8839152,0.00013381,0
Aminodi(Ethyloxy)Ethylaminocarbonylbenzenesulfonamide,DB02535,drug,0.150737685,0,2.16E-12,8
Aminoglutethimide,DB00357,drug,0.613586719,1596.631148,0.00513641,59
Aminohippuric acid,DB00345,drug,0.513349297,1056.340752,0.00388479,26
Aminolevulinic acid,DB00855,drug,0.245493344,2238.402295,4.48E-05,14
Aminomethylbenzoic acid,DB13244,drug,0.281879467,107.0676794,0.00013381,52
Aminomethylcyclohexane,DB02435,drug,0.151169173,0,2.36E-12,40
Aminooxyacetic acid,DB02079,drug,0.152052595,0,6.21E-12,11
Aminophenazone,DB01424,drug,2.459295225,21414.53271,0.03296312,16
Aminophosphonic acid-guanylate ester,DB02623,drug,0.150450311,0,1.13E-10,50
Aminophylline,DB01223,drug,1.346064179,15580.00776,0.01576402,52
Aminopterin,DB08878,drug,0.210185005,26.99777678,4.68E-05,16
Aminosalicylic acid,DB00233,drug,0.722843135,5517.368164,0.00611616,52
Amiodarone,DB01118,drug,2.485724482,64530.21625,0.02911164,16
Amisulpride,DB06288,drug,1.434966871,3611.859985,0.020826917,16
Amithiozone,DB12829,drug,0.184875411,11.55512746,0.00034918,8
Amitifadine,DB05964,drug,0.151740125,0,2.81E-11,40
Amitraz,DB11373,drug,0.943120356,421.6640812,0.015006206,58
Amitriptyline,DB00321,drug,3.19850859,82347.97891,0.0406408,28
Amitriptylinoxide,DB13114,drug,1.721829747,5335.81673,0.026128512,25
Amlexanox,DB01025,drug,0.156605171,0,8.66E-11,31
Amlodipine,DB00381,drug,1.623013693,11366.68991,0.021533104,7
AMMECR1L,83607,gene/protein,0.153858215,241.0408065,4.86E-10,54
Ammonia,DB11118,drug,0.15651172,6.15119846,3.20E-11,54
Ammonia N-13,DB09326,drug,0.156835955,0,1.28E-13,53
Ammonium chloride,DB06767,drug,1.262754186,1045.530574,0.01940563,7
Ammonium lactate,DB06768,drug,0.15,0,3.99E-71,6
amnestic disorder,1152,disease,2.848305602,793.2440758,3.32E-08,41
Amobarbital,DB01351,drug,1.7788311,10381.79843,0.024442813,7
Amodiaquine,DB00613,drug,1.068374948,3017.3942,0.01410437,52
Amonafide,DB05022,drug,0.192280922,268.9189522,2.71E-05,13
Amorolfine,DB09056,drug,0.151647374,0,2.36E-05,0
AMOTL2,51421,gene/protein,0.186145279,6776.294741,4.11E-09,12
Amoxapine,DB00543,drug,2.362877705,32223.18915,0.03225144,28
Amoxicillin,DB01060,drug,1.239471594,3681.829086,0.01782737,58
AMPD2,271,gene/protein,0.156952672,611.9005795,1.53E-09,40
Amperozide,DB08927,drug,1.078583456,535.7384782,0.016666692,2
Amphetamine,DB00182,drug,2.818460097,84190.0579,0.03714762,58
Amphotericin B,DB00681,drug,1.767514622,20651.12824,0.02552418,16
Ampicillin,DB00415,drug,1.214073565,9905.813978,0.01773436,52
Amprenavir,DB00701,drug,1.340913199,5014.584746,0.016938293,3
Amrinone,DB01427,drug,1.06809389,14467.85871,0.01636315,52
Amrubicin,DB06263,drug,0.194003315,347.9158479,2.71E-05,5
Amsacrine,DB00276,drug,0.886585485,4034.20563,0.00597671,17
Amuvatinib,DB12742,drug,0.152817429,0,5.51E-10,32
AMY1A,276,gene/protein,0.156275376,61.95029403,1.71E-10,31
AMY1B,277,gene/protein,0.156275376,61.95029403,1.71E-10,33
AMY1C,278,gene/protein,0.177711746,18096.05793,2.60E-10,45
AMY2A,279,gene/protein,0.156906831,43931.81072,1.16E-10,19
AMY2B,280,gene/protein,0.150408973,28065.01071,1.85E-10,35
Amyl Nitrite,DB01612,drug,0.619706263,1687.707357,0.00818912,59
Amylamine,DB02045,drug,0.151169173,0,2.36E-12,51
Amylmetacresol,DB13908,drug,0.152978803,0,8.76E-13,13
Amylocaine,DB09088,drug,0.173444181,0,3.20E-11,34
AMZ2,51321,gene/protein,0.1561774,424.4084718,5.69E-10,53
AMZ2P1,201283,gene/protein,0.152997519,98.73230083,6.94E-10,45
ANA971,DB05127,drug,0.151897073,0,2.14E-12,38
Anagliptin,DB12417,drug,0.9965814,2122.506872,0.01106779,8
Anagrelide,DB00261,drug,1.674699096,18879.78366,0.021111715,58
Anakinra,DB00026,drug,1.455429219,10633.09379,0.01723432,17
ANAPC10,10393,gene/protein,0.158302077,1061.311875,1.97E-09,8
anaplastic astrocytoma,16684,disease,9.885145901,72.0155416,0.00011853,51
anaplastic ependymoma,16700,disease,1.384839424,0,4.74E-05,9
anaplastic oligoastrocytoma,16703,disease,7.184569615,0,4.75E-05,12
anaplastic oligodendroglioma,16696,disease,6.52715811,0,4.75E-05,41
Anastrozole,DB01217,drug,0.625997136,3161.739852,0.00542813,0
Anatibant,DB05038,drug,0.150749031,0,7.18E-12,46
Ancestim,DB09103,drug,1.057791511,1382.523859,0.016429057,16
Ancrod,DB05099,drug,1.088633338,3912.120261,0.00983615,16
Andarine,DB07423,drug,0.150367355,0,3.66E-10,43
Andexanet alfa,DB14562,drug,0.305788707,402.6197095,0.00120876,2
Andrographolide,DB05767,drug,0.700689756,11015.82328,0.00750624,16
Androstanedione,DB01561,drug,0.151938532,0,1.16E-13,57
Androstenediol,DB01524,drug,0.22382692,1.247069418,0.00085718,17
Androstenedione,DB01536,drug,0.238126667,1046.787836,0.00100208,59
Anecortave,DB12081,drug,0.20745307,32.39863117,0.00010186,3
Anecortave acetate,DB05288,drug,0.166206693,19.7118225,7.47E-05,39
Anetumab ravtansine,DB14809,drug,0.775447143,2.711075215,0.00104473,25
ANG,283,gene/protein,0.168548905,2930.789333,2.02E-09,10
angiocentric glioma,16705,disease,1.301431688,0,4.74E-05,45
angioedema,10481,disease,8.096916869,853.5845535,0.00067542,53
Angiotensin 1-7,DB11720,drug,0.89467656,326.721528,0.013808905,25
Angiotensin II,DB11842,drug,0.164520773,46.80558508,9.84E-05,59
Angiotensinamide,DB13517,drug,0.16402294,1.239002177,9.84E-05,3
angle-closure glaucoma,1868_1744_1742_1864,disease,3.608028668,32.06041356,0.00010473,47
ANGPT2,285,gene/protein,0.163894002,2021.121356,6.73E-09,1
ANGPTL4,51129,gene/protein,0.166821576,2578.644267,2.25E-09,53
Anidulafungin,DB00362,drug,0.173128295,0,0.00028569,18
Anifrolumab,DB11976,drug,0.775447143,2.711075215,0.00104473,42
Anileridine,DB00913,drug,0.20523531,43.20373604,0.00080403,59
Aniline,DB06728,drug,0.289961632,137.7229438,0.00202249,26
Aniracetam,DB04599,drug,1.017065348,770.7735922,0.016003342,25
Anisindione,DB01125,drug,0.151402533,0,8.69E-12,24
Anisodamine,DB11785,drug,2.02926989,14824.02916,0.026248216,58
Anisomycin,DB07374,drug,0.188034239,3158.748312,0.00033501,59
Anisotropine methylbromide,DB00517,drug,1.29258663,2545.66538,0.01898649,57
Anistreplase,DB00029,drug,1.160644995,7804.937941,0.010677836,16
ANK3,288,gene/protein,0.179212906,7810.022081,2.15E-09,56
ANKAR,150709,gene/protein,0.288611711,43060.04209,2.90E-08,56
ANKRD1,27063,gene/protein,0.165464355,2143.661112,2.01E-09,27
ANKRD11,29123,gene/protein,0.187045453,3793.709007,2.33E-09,34
ANKRD22,118932,gene/protein,0.151641515,71.6150106,1.19E-10,21
ANKRD30BL,554226,gene/protein,0.202729582,9046.32488,9.90E-09,46
ANKRD40,91369,gene/protein,0.159326855,414.7304329,3.83E-10,23
ANKS1A,23294,gene/protein,0.191594224,12165.29962,3.85E-09,9
ankylosing spondylitis,5306_20655,disease,10.94054619,14.15423999,0.00068623,13
ANLN,54443,gene/protein,0.182651024,2701.805135,2.96E-09,43
Annamycin,DB06420,drug,0.197211073,174.0785183,3.24E-05,51
anorexia nervosa,5351_33926,disease,6.156315001,10,1.73E-06,22
ANP32B,10541,gene/protein,0.171140899,3395.146698,4.98E-09,54
Antazoline,DB08799,drug,0.64556882,290.6287412,0.00787376,2
Anthoxanthum odoratum pollen,DB10404,drug,0.230677681,1.572961101,0.00134362,59
Anthralin,DB11157,drug,0.194392932,2.511065616,7.97E-11,46
Anthranilic acid,DB04166,drug,0.152748643,0,6.98E-12,31
Anthrax immune globulin human,DB09057,drug,1.094934298,7193.426144,0.00424785,44
Anthrax vaccine,DB11003,drug,0.805374013,10187.06795,0.0044385,44
"Antihemophilic Factor (Recombinant), PEGylated",DB09329,drug,1.375741715,25711.94025,0.017371358,25
Antihemophilic factor human,DB13192,drug,0.307653702,718.1177493,0.00120876,18
"Antihemophilic factor, human recombinant",DB00025,drug,0.312085337,6390.02146,0.00120876,18
Anti-inhibitor coagulant complex,DB13151,drug,0.322048871,4969.991896,0.00120876,18
Antilymphocyte immunoglobulin (horse),DB09312,drug,1.168019445,6841.059668,0.0043686,44
Antipyrine,DB01435,drug,2.504296145,23148.49132,0.03313036,58
antisocial personality disorder,1164,disease,0.158484554,0,1.51E-05,50
Antithrombin Alfa,DB11166,drug,1.087575877,4232.0915,0.00983006,52
Antithrombin III human,DB11598,drug,1.69134008,15511.37303,0.020545288,16
Antithymocyte immunoglobulin (rabbit),DB00098,drug,1.17304264,33502.25134,0.0043686,42
Antrafenine,DB01419,drug,1.894000436,6872.441558,0.027107241,7
ANTXR1,84168,gene/protein,0.169157374,7104.548906,2.13E-09,14
ANTXR2,118429,gene/protein,0.153248619,1844.211814,1.03E-09,56
ANX-510,DB05308,drug,0.151004668,0,1.45E-11,12
ANXA1,301,gene/protein,0.184362537,38550.32883,7.61E-09,45
ANXA2,302,gene/protein,0.196673253,59339.10221,7.70E-09,4
ANXA3,306,gene/protein,0.155453583,7509.781168,8.31E-10,6
ANXA5,308,gene/protein,0.173433397,35981.0159,7.15E-09,8
ANXA6,309,gene/protein,0.159516016,4167.627784,1.64E-09,5
ANXA7,310,gene/protein,0.195519857,13392.77667,4.79E-09,39
anxiety,11918,disease,6.057169199,0.554373123,0.00055357,34
anxiety disorder,8187_2050_5618_5451_5371_100081_5383_1942_1098_3265_11924_12384,disease,62.11147389,18101.03757,0.00188104,43
ANZ-100,DB05967,drug,0.151582561,0,5.08E-12,45
AOC3,8639,gene/protein,0.165227121,11311.73656,2.45E-10,13
AOX1,316,gene/protein,0.153267378,4211.095503,2.50E-10,26
AP1081,DB05233,drug,0.150379934,0,3.14E-10,45
AP1M1,8907,gene/protein,0.190877679,14617.75694,4.37E-09,34
AP1M2,10053,gene/protein,0.164777002,4152.542966,2.14E-09,43
AP-22408,DB01830,drug,0.150405063,0,1.37E-10,13
AP2B1,163,gene/protein,0.1842335,6438.637366,5.66E-09,57
AP2S1,1175,gene/protein,0.166251487,2523.41203,2.97E-09,34
AP3D1,8943,gene/protein,0.162983513,24509.9878,1.91E-09,6
AP4B1,10717,gene/protein,0.159062322,541.5707749,1.15E-09,53
AP4E1,23431,gene/protein,0.157260424,370.0700822,4.92E-10,29
AP4S1,11154,gene/protein,0.167147825,3419.310636,1.75E-09,30
Apadenoson,DB05009,drug,0.151161945,0,3.51E-12,40
APAF1,317,gene/protein,0.161017523,632.129567,3.44E-09,5
Apalutamide,DB11901,drug,1.857188361,33143.06472,0.024248036,16
Apatorsen,DB06094,drug,0.150474218,0,9.90E-11,50
Apaziquone,DB12593,drug,0.191246377,0.019387545,2.71E-05,17
APC,324,gene/protein,0.23984284,75630.18519,1.58E-08,9
APC2,10297,gene/protein,0.165779591,2199.164544,3.95E-09,36
APCS,325,gene/protein,0.16056659,18045.97619,6.11E-10,8
APD791,DB05227,drug,1.01729202,227.4289398,0.016020052,16
APEX1,328,gene/protein,0.179787574,10803.04732,6.04E-09,43
APEX2,27301,gene/protein,0.160473689,810.9720048,1.71E-09,9
APH1A,51107,gene/protein,0.166290029,8363.625467,9.89E-10,38
API5,8539,gene/protein,0.19093693,3355.64495,1.54E-09,50
Apixaban,DB06605,drug,1.828342547,21016.14831,0.019568516,52
Aplaviroc,DB06497,drug,0.150640696,0,1.92E-11,12
APLF,200558,gene/protein,0.169041061,2055.305297,1.07E-09,19
APLP2,334,gene/protein,0.163887321,7925.129301,3.46E-09,29
Aplyronine A,DB04629,drug,0.150433626,0,7.89E-11,11
APOA1,335,gene/protein,0.183499241,20144.6912,2.21E-09,4
APOA2,336,gene/protein,0.168507005,4588.810136,1.35E-09,57
APOA4,337,gene/protein,0.153934152,283.8540139,5.53E-10,12
APOA5,116519,gene/protein,0.154430829,229.0820514,1.10E-10,46
APOB,338,gene/protein,0.234261618,74815.5676,4.77E-09,6
APOBEC3C,27350,gene/protein,0.162327807,1423.344183,1.45E-09,4
APOBEC3G,60489,gene/protein,0.153939406,91.83248646,1.39E-09,30
APOC3,345,gene/protein,0.160040386,6384.785214,1.21E-09,40
APOE,348,gene/protein,0.178158098,22728.48974,2.90E-09,29
APOH,350,gene/protein,0.160815626,12748.51782,1.96E-09,38
APOL2,23780,gene/protein,0.18182098,14664.51544,1.81E-09,22
APOL3,80833,gene/protein,0.171798388,1625.087175,2.30E-10,9
Apolizumab,DB06467,drug,0.777907291,9.850502048,0.00104514,42
APOM,55937,gene/protein,0.156659188,343.5763989,1.15E-09,53
Apomab,DB15022,drug,0.775447143,2.711075215,0.00104473,42
Apomorphine,DB00714,drug,2.05773719,38465.63517,0.02811951,7
Apoptone,DB06307,drug,0.150379485,0,7.00E-11,13
APP,351,gene/protein,0.417737935,903728.0604,1.71E-08,35
APPBP2,10513,gene/protein,0.212695002,50037.82964,3.22E-09,49
APPL1,26060,gene/protein,0.194860667,14611.992,1.03E-08,10
Apraclonidine,DB00964,drug,0.214081448,68.23446073,0.00127766,48
Apramycin,DB04626,drug,1.234375265,3336.344532,0.016800341,7
Apremilast,DB05676,drug,2.189453011,13427.88454,0.0284643,16
Aprepitant,DB00673,drug,0.922207092,1149.452873,0.011602887,48
Aprindine,DB01429,drug,0.736846638,1127.868729,0.010097323,2
Aprinocarsen,DB06451,drug,0.150475897,0,1.85E-10,32
Aprobarbital,DB01352,drug,1.427134211,5063.945837,0.02017676,28
Apronalide,DB13221,drug,0.99594897,8.481282091,0.015775779,28
Aprotinin,DB06692,drug,0.718929059,20697.82785,0.00664048,59
APRT,353,gene/protein,0.15992213,9943.964027,2.29E-09,53
Aptazapine,DB09305,drug,0.188012661,0.396571169,0.00088357,18
AQP1,358,gene/protein,0.208918488,49105.18857,2.77E-09,9
AQP2,359,gene/protein,0.17138417,4394.821607,1.58E-09,10
AQP3,360,gene/protein,0.163363441,2326.483322,5.34E-10,49
AQP4,361,gene/protein,0.153841033,301.815389,4.91E-10,20
AQP5,362,gene/protein,0.155932705,348.8375529,5.30E-10,4
AQP6,363,gene/protein,0.250811447,24050.70284,1.07E-09,30
AQP9,366,gene/protein,0.159650884,519.3149453,1.76E-10,22
AR,367,gene/protein,0.51948371,1524044.997,4.61E-08,35
AR-9281,DB06345,drug,0.15645,0,1.58E-12,53
Arabinouridine 3'-phosphate,DB02805,drug,0.15112218,0,2.20E-12,41
Arachidonic Acid,DB04557,drug,0.576377424,8302.69965,0.00696946,29
arachnoiditis,8450_15304,disease,0.864711952,0,3.13E-05,13
ARAF,369,gene/protein,0.205901087,11466.71621,1.25E-08,31
Aramchol,DB11860,drug,0.23656018,102.1535303,0.00035755,18
Aranidipine,DB09229,drug,1.328088959,6455.848168,0.01658989,16
AR-AO-14418,DB01950,drug,0.150410568,0,1.98E-10,12
Arbaclofen,DB08891,drug,0.152449106,0,1.80E-11,53
Arbaclofen Placarbil,DB08892,drug,1.002788776,2480.16695,0.015781145,7
Arbekacin,DB06696,drug,1.234375265,3336.344532,0.016800341,58
Arbutamine,DB01102,drug,1.031928915,1823.463598,0.01614961,7
Arbutin,DB11217,drug,0.151066471,0,2.87E-11,49
Archexin,DB05971,drug,0.150379127,0,2.40E-10,39
Ardeparin,DB00407,drug,1.366465871,12523.56449,0.013962087,17
Arecoline,DB04365,drug,0.305404456,103.8543689,0.00204027,2
ARF1,375,gene/protein,0.174012103,19988.52904,2.20E-09,53
ARF5,381,gene/protein,0.163264326,1533.700021,1.27E-09,19
ARF6,382,gene/protein,0.187203496,15151.42271,7.97E-09,10
ARFGAP1,55738,gene/protein,0.174681908,4273.272083,2.18E-09,5
ARFGAP3,26286,gene/protein,0.156237814,467.6465384,1.08E-09,4
ARFGEF1,10565,gene/protein,0.159232554,989.0688751,1.85E-09,34
ARFGEF2,10564,gene/protein,0.165253789,2660.909208,2.22E-09,19
Arformoterol,DB01274,drug,2.250917443,16611.03491,0.03290244,7
ARG1,383,gene/protein,0.159328679,48395.46872,1.65E-09,56
Argadin,DB04350,drug,0.154873169,0,1.35E-12,54
Argatroban,DB00278,drug,1.089876624,4772.697475,0.00983615,17
Argifin,DB03632,drug,0.154873169,0,1.35E-12,54
Arginine,DB00125,drug,0.18341138,0,1.89E-10,27
Arginineamide,DB02299,drug,0.150839147,0,7.64E-12,6
Argininosuccinate,DB02267,drug,0.151633791,0,7.63E-12,57
argininosuccinic aciduria,8815,disease,0.157994569,0,2.75E-05,40
ARGLU1,55082,gene/protein,0.154835743,93.91471927,7.98E-10,13
Arhalofenate,DB11811,drug,0.150346583,0,1.45E-10,22
ARHGAP1,392,gene/protein,0.161277289,1001.839512,2.52E-09,33
ARHGAP17,55114,gene/protein,0.160920311,702.9015304,2.13E-09,47
ARHGAP24,83478,gene/protein,0.154703305,183.8110785,1.22E-09,32
ARHGAP35,2909,gene/protein,0.156797521,332.7497827,2.09E-09,51
ARHGAP39,80728,gene/protein,0.15710417,910.5359307,1.45E-09,41
ARHGDIA,396,gene/protein,0.172882383,3200.943431,4.69E-09,21
ARHGDIB,397,gene/protein,0.156906808,352.0126272,2.26E-09,13
ARHGEF1,9138,gene/protein,0.161178774,1061.916672,2.06E-09,46
ARHGEF2,9181,gene/protein,0.16356366,1319.551323,3.63E-09,6
ARHGEF28,64283,gene/protein,0.159105448,741.3267391,9.00E-10,24
ARHGEF40,55701,gene/protein,0.155378443,819.108386,1.06E-09,45
ARHGEF6,9459,gene/protein,0.169362573,1644.399573,2.09E-09,55
ARID3A,1820,gene/protein,0.172503552,6566.023679,3.63E-09,32
Arimoclomol,DB05025,drug,0.150454364,0,8.90E-11,21
Aripiprazole,DB01238,drug,2.725189982,65900.7431,0.034835648,28
Aripiprazole lauroxil,DB14185,drug,2.391252429,28442.78408,0.03283577,7
ARL11,115761,gene/protein,0.154019343,70.00421138,3.79E-10,14
ARL13B,200894,gene/protein,0.215589943,7820.722301,6.37E-10,53
ARL2,402,gene/protein,0.16193341,4421.795293,1.81E-09,34
ARL6IP4,51329,gene/protein,0.160388808,432.3392718,1.92E-09,56
ARL6IP6,151188,gene/protein,0.167707773,2872.28696,2.92E-10,14
ARMC1,55156,gene/protein,0.29603274,57853.32525,2.94E-08,29
ARMC3,219681,gene/protein,0.293315818,50068.30033,2.96E-08,51
ARMC6,93436,gene/protein,0.32605637,136764.558,3.15E-08,55
ARMC7,79637,gene/protein,0.30037671,77850.56087,2.88E-08,31
ARMC8,25852,gene/protein,0.306974357,89014.58205,3.11E-08,20
Armodafinil,DB06413,drug,0.987221415,2006.914742,0.012892096,59
ARNT,405,gene/protein,0.191776227,13716.01217,8.56E-09,1
ARNTL,406,gene/protein,0.171283843,1657.855506,3.69E-09,32
ARNTL2,56938,gene/protein,0.158157527,673.9828392,8.20E-10,10
aromatase excess syndrome,7690,disease,0.738923608,0,7.92E-05,21
Arotinoid acid,DB02877,drug,0.150631351,0,2.49E-11,31
Arotinolol,DB09204,drug,2.239829498,27659.74602,0.030222699,7
ARPC1A,10552,gene/protein,0.160840295,554.1980156,2.84E-09,10
ARPP19,10776,gene/protein,0.152755706,75.78162337,6.00E-10,10
ARR3,407,gene/protein,0.161590105,736.4602246,1.67E-09,27
ARRB1,408,gene/protein,0.213660354,36371.15999,1.44E-08,4
ARRB2,409,gene/protein,0.221118846,39194.96908,8.68E-09,49
ARRDC3,57561,gene/protein,0.183970297,24746.72297,3.33E-09,43
Arrhenatherum elatius pollen,DB10879,drug,0.230677681,1.572961101,0.00134362,3
ARSA,410,gene/protein,0.16276184,12158.00985,2.99E-10,6
Arsanilic acid,DB03006,drug,0.150888588,0,1.24E-11,13
ARSB,411,gene/protein,0.157431355,1563.726922,9.08E-10,50
Arsenic trioxide,DB01169,drug,2.304805669,251146.7807,0.028813645,58
Artefenomel,DB11809,drug,0.190267151,0.09240698,0.00073082,59
Artemether,DB06697,drug,1.25350664,3849.764449,0.01628652,2
Artemisinin,DB13132,drug,0.392944725,141.9755291,0.00415186,22
Artemotil,DB13851,drug,0.190267151,0.09240698,0.00073082,59
Artenimol,DB11638,drug,0.611793405,229445.438,0.00779354,18
Artesunate,DB09274,drug,0.26672605,736.6298157,0.00112018,48
arthritic joint disease,5578,disease,26.00386759,54.3393963,0.00010777,8
arthropathy,6816,disease,12.7380286,398.1491022,0.00136584,9
Articaine,DB09009,drug,0.295471247,294.5157444,0.0014263,2
Arundic acid,DB05343,drug,0.150709662,0,1.08E-11,36
ARVCF,421,gene/protein,0.31831794,113863.1568,3.26E-08,12
ARX,170302,gene/protein,0.154947299,82.22503267,3.67E-10,24
Arzoxifene,DB06249,drug,0.150810097,0,4.43E-10,34
AS-8112,DB09207,drug,0.18410741,4.246453565,0.00050941,18
ASAH1,427,gene/protein,0.15906409,2164.731561,4.24E-10,8
ASAP1,50807,gene/protein,0.167249377,1613.065555,3.25E-09,14
ASAP2,8853,gene/protein,0.17106404,2022.95319,4.49E-09,36
ASAP3,55616,gene/protein,0.182312468,6726.865529,4.07E-09,38
ASB16,92591,gene/protein,0.157153058,740.8048994,2.15E-09,57
ASB3,51130,gene/protein,0.163031875,820.2698263,8.72E-10,49
ASB7,140460,gene/protein,0.171743677,821.906839,4.69E-10,32
ASCC1,51008,gene/protein,0.173255634,13840.95078,3.74E-09,13
Ascorbic acid,DB00126,drug,0.26393157,13071.47333,0.00098173,29
Ascorbyl phosphate,DB11352,drug,0.156919032,0.029505407,7.02E-05,59
Ascrinvacumab,DB12261,drug,0.775447143,2.711075215,0.00104473,42
Asenapine,DB06216,drug,2.30845838,35885.54221,0.03156583,28
Asfotase alfa,DB09105,drug,0.77597512,2862.341655,0.00104473,42
ASGR1,432,gene/protein,0.183023168,9507.677072,1.19E-09,34
ASGR2,433,gene/protein,0.17684919,5087.411136,5.72E-10,20
ASIC1,41,gene/protein,0.161356602,3714.972511,2.03E-09,14
ASIC3,9311,gene/protein,0.151933784,393.385029,2.97E-10,4
Asimadoline,DB05104,drug,0.15155506,0,9.92E-12,57
ASL,435,gene/protein,0.153768583,6378.367765,9.64E-10,30
ASMTL-AS1,80161,gene/protein,0.150615768,0,3.61E-10,22
ASNS,440,gene/protein,0.172692264,4728.242646,1.99E-09,22
ASNSD1,54529,gene/protein,0.156969637,589.7168283,5.85E-10,47
Asoprisnil,DB06680,drug,0.15040193,0,9.05E-11,53
Asparaginase Erwinia chrysanthemi,DB08886,drug,0.22258819,115.4355839,0.00044296,50
Asparaginase Escherichia coli,DB00023,drug,0.22258819,115.4355839,0.00044296,20
Asparagine,DB00174,drug,0.163262319,0,3.65E-11,5
Aspartame,DB00168,drug,0.269395228,3811.901081,0.00111065,48
Aspartate Beryllium Trifluoride,DB04156,drug,0.150533773,0,7.06E-11,55
Aspartic acid,DB00128,drug,0.174252306,1.791226551,1.56E-10,49
aspiration pneumonia (disease),265,disease,3.08636874,43.01615528,0.00013806,19
Aspoxicillin,DB13816,drug,0.373732545,75.48733461,0.00232483,52
ASPSCR1,79058,gene/protein,0.183964696,4373.298671,2.06E-09,5
ASS1,445,gene/protein,0.163852112,4889.984634,1.45E-09,21
Astaxanthin,DB06543,drug,1.08839991,8838.227592,0.00983615,16
Astemizole,DB00637,drug,1.493881687,8338.58115,0.018875778,59
asthma,4979,disease,20.89571815,289.2531311,0.00068586,5
astroblastoma,16707,disease,1.276189252,0,4.74E-05,12
astrocytoma (excluding glioblastoma),19781,disease,9.551662717,0,9.70E-05,34
Asunaprevir,DB11586,drug,1.47519581,7629.853446,0.017715324,2
Asunercept,DB15160,drug,0.775447143,2.711075215,0.00104473,25
AT1391,DB05120,drug,0.150377669,0,1.04E-10,47
AT2220,DB05200,drug,0.151236282,0,9.07E-12,8
AT-7519,DB08142,drug,0.150858909,0,3.20E-10,12
AT9283,DB05169,drug,0.15101277,0,1.90E-10,19
ATAD2,29028,gene/protein,0.157736583,455.7644703,2.74E-09,54
Ataluren,DB05016,drug,0.317894489,498.771101,0.00151889,18
Atamestane,DB12194,drug,0.22382692,1.247069418,0.00085718,2
Atazanavir,DB01072,drug,2.333707018,25300.42821,0.028671149,58
Atenolol,DB00335,drug,1.893799494,23187.855,0.024252042,16
Atezolizumab,DB11595,drug,0.819682154,3573.179106,0.00107224,19
ATF1,466,gene/protein,0.168844236,4403.394708,5.16E-09,4
ATF2,1386,gene/protein,0.209328058,43185.9537,1.01E-08,46
ATF3,467,gene/protein,0.289383641,94690.08697,1.15E-08,33
ATF4,468,gene/protein,0.262804707,116661.3593,6.77E-09,41
ATF5,22809,gene/protein,0.162224578,5322.729463,1.86E-09,21
ATF6,22926,gene/protein,0.173520879,14040.697,2.29E-09,32
ATF6B,1388,gene/protein,0.161247552,812.7755527,6.11E-10,4
ATF7,11016,gene/protein,0.17311076,9968.402792,2.90E-09,21
ATG003,DB05069,drug,0.152254708,0,2.19E-12,45
ATG16L1,55054,gene/protein,0.167234439,2415.249975,4.16E-09,12
ATG5,9474,gene/protein,0.161379598,623.192435,1.11E-09,38
ATG7,10533,gene/protein,0.161649895,859.9731011,1.13E-09,24
ATIC,471,gene/protein,0.159596672,24654.1426,2.38E-09,23
Atipamezole,DB11481,drug,0.785677235,42.29317114,0.01227742,7
Atiprimod,DB05513,drug,0.150848667,0,1.01E-10,53
ATL1101,DB05023,drug,0.150408192,0,1.16E-10,27
ATL1102,DB04997,drug,0.150692731,0,2.56E-11,36
Atl146e,DB05191,drug,0.151161945,0,3.51E-12,13
ATL2,64225,gene/protein,0.162640523,4084.389285,1.13E-09,33
ATL3,25923,gene/protein,0.17334973,5199.540476,2.13E-09,38
ATM,472,gene/protein,0.23622462,50919.04377,1.22E-08,55
Atomoxetine,DB00289,drug,2.401474242,28478.18544,0.0358089,28
atopic eczema,4980,disease,8.908645872,119.1749817,0.00055671,38
Atorvastatin,DB01076,drug,1.18057974,20091.28024,0.012062145,2
Atosiban,DB09059,drug,0.196533056,229.3103587,0.00068656,18
Atovaquone,DB01117,drug,0.465830727,989.4371333,0.00560713,48
ATOX1,475,gene/protein,0.154612296,3318.84635,8.32E-10,10
ATP,DB00171,drug,0.184988369,0,1.70E-09,8
ATP11C,286410,gene/protein,0.162769901,652.1303563,2.16E-10,41
ATP13A2,23400,gene/protein,0.179999601,14496.80126,1.87E-09,4
ATP1A1,476,gene/protein,0.172421067,57911.05806,3.69E-09,56
ATP2A1,487,gene/protein,0.156822734,15964.70595,1.23E-09,20
ATP2A2,488,gene/protein,0.190115241,25109.28921,5.48E-09,29
ATP2B2,491,gene/protein,0.186634427,32609.59725,1.54E-09,56
ATP5F1A,498,gene/protein,0.19669105,22536.39657,4.84E-09,24
ATP5F1B,506,gene/protein,0.218537701,44078.85367,6.35E-09,26
ATP5F1C,509,gene/protein,0.183996486,16727.6219,3.25E-09,56
ATP6AP1,537,gene/protein,0.161737461,2776.270696,1.45E-09,33
ATP6V0B,533,gene/protein,0.163844782,4225.935334,7.64E-10,4
ATP6V0D1,9114,gene/protein,0.192633535,25295.71852,3.06E-09,34
ATP6V0D2,245972,gene/protein,0.165643724,3036.967589,5.09E-10,41
ATP6V1A,523,gene/protein,0.187020649,17311.64077,2.33E-09,53
ATP6V1B1,525,gene/protein,0.171286755,2710.18125,1.53E-09,23
ATP6V1C1,528,gene/protein,0.168416364,11961.65247,1.76E-09,51
ATP6V1E1,529,gene/protein,0.166833326,2586.496798,1.64E-09,34
ATP7B,540,gene/protein,0.166579954,11588.56464,1.20E-09,6
ATPAF2,91647,gene/protein,0.18543964,4186.837926,1.62E-09,50
ATR,545,gene/protein,0.202202442,17695.44768,7.68E-09,56
Atracurium,DB13295,drug,1.507056947,6563.268623,0.020399324,25
Atracurium besylate,DB00732,drug,1.508560689,6725.101155,0.020399324,25
Atrasentan,DB06199,drug,0.369489894,940.746331,0.00193276,17
ATRIP,84126,gene/protein,0.164202864,1044.254676,1.33E-09,53
Atropine,DB00572,drug,1.999899181,11775.0327,0.028596502,7
"attention deficit hyperactivity disorder, inattentive type",5302,disease,4.998484052,0,0.00043546,15
attention deficit-hyperactivity disorder,7743,disease,5.293710333,115.7869114,0.00043549,19
ATXN1,6310,gene/protein,0.30958681,97536.46005,8.08E-09,33
ATXN10,25814,gene/protein,0.167921881,3644.381424,2.44E-09,53
ATXN1L,342371,gene/protein,0.174404006,3351.55067,1.04E-09,46
atypical juvenile parkinsonism,18321,disease,10.34646873,0.288690476,0.00049781,19
AUP1,550,gene/protein,0.175040144,2495.166106,1.67E-09,20
Auranofin,DB00995,drug,1.041933518,9670.792735,0.01632595,16
AURKA,6790,gene/protein,0.254329793,149480.2885,1.42E-08,21
AURKB,9212,gene/protein,0.221278971,30075.62136,9.75E-09,14
Aurodox,DB04124,drug,0.183010588,1.635162339,0.00033501,59
Aurothioglucose,DB09121,drug,1.041731239,4369.244157,0.01632595,2
AUROVERTIN B,DB07394,drug,0.157853152,0,1.15E-10,12
AV-412,DB06021,drug,0.192041509,1000.379483,2.71E-05,11
AV608,DB05072,drug,0.150916897,0,7.71E-12,15
Avanafil,DB06237,drug,0.608436974,819.27096,0.00734022,59
Avapritinib,DB15233,drug,0.572782174,235.3176908,0.00705651,29
Avasimibe,DB06442,drug,0.846348176,740.7336924,0.010577462,18
Avatrombopag,DB11995,drug,0.845202727,2626.569486,0.00937567,48
AVE-1625,DB05750,drug,0.151665113,0,8.61E-13,46
AVE9633,DB06318,drug,1.15793383,19004.70254,0.00599457,42
Avelumab,DB11945,drug,0.819682154,7862.871965,0.00107224,50
AVI-4557,DB05447,drug,0.150647584,0,9.74E-11,13
Avibactam,DB09060,drug,0.285908054,179.9829272,0.00139549,54
Avilamycin,DB11375,drug,0.183010588,1.635162339,0.00033501,18
AVPI1,60370,gene/protein,0.166191045,1663.090967,1.82E-09,4
AVPR1A,552,gene/protein,0.151855598,5099.13728,3.82E-10,30
AVPR1B,553,gene/protein,0.150475897,7155.043623,1.85E-10,31
AVPR2,554,gene/protein,0.160321278,20508.71729,2.69E-09,8
Axelopran,DB12013,drug,0.213287372,0.02209265,0.00107962,0
Axicabtagene ciloleucel,DB13915,drug,0.150692161,0,2.41E-11,39
AXIN2,8313,gene/protein,0.181800878,6850.028873,4.65E-09,30
Axitinib,DB06626,drug,1.475890104,12390.69521,0.01566598,48
Azacitidine,DB00928,drug,1.636737887,10781.60331,0.02016256,58
Azaperone,DB11376,drug,1.089922272,651.1227006,0.01655258,28
Azapropazone,DB07402,drug,1.889978412,7812.290693,0.02708529,17
Azatadine,DB00719,drug,0.74248828,529.027707,0.00958263,2
Azathioprine,DB00993,drug,1.87629275,54556.05547,0.02301815,25
AZD 3355,DB05404,drug,0.150410041,0,3.28E-10,22
AZD-3043,DB12576,drug,0.99594897,8.481282091,0.01577578,28
AZD3409,DB04893,drug,0.150825394,0,1.23E-11,51
AZD-5991,DB14792,drug,0.191246377,0.019387545,2.71E-05,17
AZD-7325,DB13994,drug,0.151611148,0,4.68E-12,38
AZD-8330,DB06061,drug,0.150497554,0,6.40E-11,55
AZD-9684,DB05712,drug,0.151410151,0,1.41E-12,5
Azelaic acid,DB00548,drug,1.044361091,5311.119578,0.01629494,52
Azelastine,DB00972,drug,1.936476907,11880.28401,0.027066185,16
Azelnidipine,DB09230,drug,1.035345076,2033.586271,0.012515647,16
Azficel-T,DB11051,drug,0.395341052,0.482976863,0.00383501,52
Azidamfenicol,DB13294,drug,0.183010588,1.635162339,0.00033501,2
Azidocillin,DB08795,drug,0.376633859,357.2436824,0.00232483,2
Azilsartan medoxomil,DB08822,drug,0.846940138,2182.895564,0.011740092,16
Azimilide,DB04957,drug,0.949399492,1977.959762,0.011805174,2
AZIN1,51582,gene/protein,0.168781133,3463.665495,1.24E-09,14
Azithromycin,DB00207,drug,1.344731836,6916.975641,0.015822954,52
Azlocillin,DB01061,drug,0.478965099,874.278972,0.00431099,10
Azosemide,DB08961,drug,1.362265644,4583.039136,0.019001364,49
Azoxystrobin,DB07401,drug,0.157333796,0,5.95E-11,38
Aztreonam,DB00355,drug,1.068774634,399.4018507,0.01660105,47
B2M,567,gene/protein,0.18151064,34018.86484,3.13E-09,22
B-2-Octylglucoside,DB03152,drug,0.150973963,0,1.47E-11,36
B3GALT1,8708,gene/protein,0.154195288,1090.110613,6.88E-10,46
B3GAT1,27087,gene/protein,0.154617857,421.386396,2.90E-11,13
B3GAT3,26229,gene/protein,0.163035273,6675.881016,9.17E-10,56
B3GNT2,10678,gene/protein,0.160744832,514.560955,6.92E-10,49
B3GNTL1,146712,gene/protein,0.152437265,86.5526136,4.11E-10,53
B4GALT1,2683,gene/protein,0.16663392,20028.95876,1.31E-09,24
B4GALT5,9334,gene/protein,0.159780828,1275.356016,1.36E-10,21
B4GALT7,11285,gene/protein,0.159221935,1373.569336,9.19E-10,27
Bacampicillin,DB01602,drug,0.373732545,254.19648,0.00232483,45
BACE1,23621,gene/protein,0.169837091,154023.4039,2.43E-09,11
BACH1,571,gene/protein,0.167936868,2459.917245,2.77E-09,31
BACH2,60468,gene/protein,0.168495778,1803.773734,2.18E-09,31
Bacillus calmette-guerin substrain connaught live antigen,DB10804,drug,0.805374013,10187.06795,0.0044385,44
Bacillus calmette-guerin substrain danish 1331 live antigen,DB12386,drug,0.805374013,10187.06795,0.0044385,44
Bacillus calmette-guerin substrain tice live antigen,DB10343,drug,0.805374013,10187.06795,0.0044385,58
Bacitracin,DB00626,drug,1.023680531,6415.995688,0.01559495,16
Baclofen,DB00181,drug,2.083562522,17055.01332,0.03188902,7
bacterial arthritis,4471,disease,0.299051576,0,0.00038862,8
BAD,572,gene/protein,0.180667807,5127.809606,5.88E-09,36
Bafilomycin A1,DB06733,drug,0.173896254,246.9658592,0.00028569,59
Bafilomycin B1,DB06734,drug,0.150767959,0,1.86E-11,45
BAG1,573,gene/protein,0.188788968,25121.14795,5.52E-09,49
BAG2,9532,gene/protein,0.210481067,17184.30797,6.08E-09,32
BAG3,9531,gene/protein,0.22094887,23148.98252,5.51E-09,43
BAG6,7917,gene/protein,0.229196422,82801.40885,6.25E-09,6
BAGE2,85319,gene/protein,0.153922644,29.74227983,1.06E-09,36
BAHCC1,57597,gene/protein,0.156369645,363.9610047,9.82E-10,6
Balaglitazone,DB12781,drug,1.177375245,3324.868466,0.01379779,52
balanitis xerotica obliterans,1725,disease,0.26858528,0,3.17E-06,54
Balanol,DB04098,drug,0.150622066,0,2.35E-10,39
Balanol Analog 1,DB02611,drug,0.150622066,0,2.35E-10,45
Balanol Analog 2,DB01940,drug,0.150622066,0,2.35E-10,9
Balo concentric sclerosis,16430,disease,0.295598517,0,0.00023412,50
Baloxavir marboxil,DB13997,drug,0.185871001,111.9994515,0.00012905,2
Balsalazide,DB01014,drug,2.047091007,14847.49008,0.02822278,44
Balugrastim,DB12699,drug,0.166737965,1.12584794,0.0001032,2
Bambermycins,DB11377,drug,0.183010588,1.635162339,0.00033501,59
BAMBI,25805,gene/protein,0.158932132,436.7417704,2.06E-09,46
Bambuterol,DB01408,drug,1.182081198,3749.957635,0.017646055,16
Bamethan,DB13206,drug,0.155031785,0,3.81E-05,18
Bamet-UD2,DB08857,drug,0.430823586,673.3702653,0.00217566,2
Bamifylline,DB13203,drug,0.916674643,1775.442514,0.01070275,59
Bamipine,DB13489,drug,0.15,0,3.99E-71,49
BANF1,8815,gene/protein,0.162540207,819.4765217,1.69E-09,8
Banoxantrone,DB04975,drug,0.404027205,751.8367233,0.00361686,0
Bapineuzumab,DB11715,drug,0.777907291,9.850502048,0.00104514,25
Barbexaclone,DB09001,drug,1.615567538,5496.997328,0.02331218,28
Barbital,DB01483,drug,1.898772597,12661.74117,0.02587234,28
BARD1,580,gene/protein,0.213334255,14522.42042,6.51E-09,4
Bardoxolone,DB12651,drug,0.150368215,0,1.31E-10,43
Bardoxolone methyl,DB05983,drug,0.150415448,0,1.62E-10,43
Baricitinib,DB11817,drug,2.12405449,49115.2135,0.02452197,17
Barnidipine,DB09227,drug,1.446709188,5583.241397,0.018624383,52
BARX1,56033,gene/protein,0.153099627,74.37174493,2.84E-10,56
basal ganglia disease,3996,disease,4.602533083,12.9430274,0.0001128,21
Basifungin,DB14058,drug,0.173128295,0,0.00028569,59
Basiliximab,DB00074,drug,1.171624248,9760.202712,0.00436901,25
BASP1,10409,gene/protein,0.165657517,1128.111026,2.15E-09,38
Batefenterol,DB12526,drug,1.383032492,3039.543882,0.020225677,58
BATF,10538,gene/protein,0.246073931,43706.67664,5.64E-09,51
BATF2,116071,gene/protein,0.166696749,1360.585599,1.40E-09,14
BATF3,55509,gene/protein,0.183894751,6132.318119,2.11E-09,9
Batimastat,DB03880,drug,0.199614573,9176.14766,2.71E-05,40
Bavituximab,DB05136,drug,0.816612509,1418.211261,0.00107183,25
BAX,581,gene/protein,0.186786569,7276.184945,5.89E-09,56
BAZ2A,11176,gene/protein,0.161331897,1427.299053,2.35E-09,14
Bazedoxifene,DB06401,drug,0.243388039,714.5836583,0.00091748,0
Bb-3497,DB04368,drug,0.150851302,0,5.05E-12,47
BCAM,4059,gene/protein,0.163913376,2307.443058,1.32E-09,19
BCAN,63827,gene/protein,0.159212239,1294.968892,7.54E-11,9
BCAS1,8537,gene/protein,0.153620126,52.20156802,6.89E-10,38
BCAS3,54828,gene/protein,0.172187142,3608.323019,5.90E-09,54
BCAS4,55653,gene/protein,0.156451843,321.6607081,1.13E-09,50
BCAT1,586,gene/protein,0.163096134,17281.94035,1.55E-09,34
BCAT2,587,gene/protein,0.157693205,14358.02349,1.22E-09,38
B-cell neoplasm,4095,disease,14.2963872,452.3368584,0.00040826,51
BCG vaccine,DB12768,drug,1.685218296,47188.88514,0.0071454,44
BCHE,590,gene/protein,0.160804828,82246.72704,1.20E-10,18
BCKDK,10295,gene/protein,0.157506872,1579.974032,8.09E-10,14
BCL10,8915,gene/protein,0.183701761,45754.48789,6.48E-09,20
BCL11A,53335,gene/protein,0.19163388,9135.407499,4.87E-09,4
BCL11B,64919,gene/protein,0.155300382,81.08828068,1.07E-09,45
BCL2,596,gene/protein,0.195099794,74099.69508,8.81E-09,1
BCL2A1,597,gene/protein,0.163636936,1464.384405,2.03E-09,12
BCL2L1,598,gene/protein,0.201192535,60931.3079,7.56E-09,30
BCL2L11,10018,gene/protein,0.17803127,6351.96385,4.28E-09,54
BCL2L13,23786,gene/protein,0.173031481,3396.400046,6.88E-10,32
BCL3,602,gene/protein,0.319052403,89786.1809,1.59E-08,39
BCL6,604,gene/protein,0.207665302,34385.58905,8.04E-09,23
BCLAF1,9774,gene/protein,0.240731397,28530.92796,9.08E-09,47
BCR,613,gene/protein,0.212082254,39033.52689,1.25E-08,23
BDH1,622,gene/protein,0.157336312,1210.125089,4.15E-10,22
BDKRB2,624,gene/protein,0.159499596,13546.90124,9.06E-10,56
BDP1,55814,gene/protein,0.197150375,6926.716183,4.76E-09,11
Becaplermin,DB00102,drug,0.151274446,0,1.53E-10,22
Becatecarin,DB06362,drug,0.151034545,0,1.22E-10,53
Becker muscular dystrophy,10311,disease,0.889014833,0,5.39E-05,27
Beclabuvir,DB12225,drug,0.173328693,5.622468973,5.44E-05,46
Beclamide,DB09011,drug,1.18707699,1607.58235,0.01722659,25
Beclomethasone dipropionate,DB00394,drug,1.755056171,22335.46234,0.01731102,17
Becocalcidiol,DB04891,drug,0.377279861,2331.197525,0.00184062,59
Bectumomab,DB04962,drug,0.775447143,2.711075215,0.00104473,16
Bedaquiline,DB08903,drug,0.668757077,349.615334,0.00795106,2
Bedoradrine,DB05590,drug,0.150389553,0,1.10E-10,46
Befunolol,DB09013,drug,0.166760359,40.5330676,0.00029134,41
Begelomab,DB13241,drug,0.616249187,31.05432196,0.00371322,17
Bekanamycin,DB13673,drug,0.15554206,0.06473931,4.71E-05,0
Belatacept,DB06681,drug,0.61829495,1072.703822,0.00371322,17
Belimumab,DB08879,drug,1.171440921,13454.92178,0.00436901,42
Belinostat,DB05015,drug,1.288214058,51030.39701,0.01167405,52
Beloranib,DB12671,drug,0.20745307,32.39863117,0.00010186,3
Belotecan,DB12459,drug,0.191246377,183.0533054,2.71E-05,36
Bemiparin,DB09258,drug,1.367158613,9857.54175,0.013962087,16
Bempedoic acid,DB11936,drug,0.329771381,8220.098339,0.0015991,48
Benactyzine,DB09023,drug,1.318095929,1835.674925,0.019353129,28
Benazepril,DB00542,drug,1.304342618,8392.960797,0.01769054,16
Benazeprilat,DB14125,drug,1.193958845,4069.71625,0.01635665,28
Bencyclane,DB13488,drug,1.321326108,3862.0998,0.01658989,16
Bendamustine,DB06769,drug,1.381586117,7058.950643,0.012764827,16
Bendazac,DB13501,drug,0.298588351,25.64300264,0.00279538,59
Bendroflumethiazide,DB00436,drug,2.370585235,33100.55371,0.03082484,7
Benfluorex,DB09022,drug,0.929386005,1399.329136,0.010335244,58
Benidipine,DB09231,drug,1.69251984,10986.86755,0.021166036,16
Benmoxin,DB09246,drug,1.815199711,6212.883102,0.027339627,25
Benorilate,DB13657,drug,1.882766518,6180.823484,0.027066228,58
Benoxaprofen,DB04812,drug,1.882767362,6219.97938,0.027066228,53
Benperidol,DB12867,drug,1.063953442,4706.68332,0.01644379,41
Benralizumab,DB12023,drug,0.77993535,3464.216258,0.00104514,42
Benserazide,DB12783,drug,1.128219066,3474.113516,0.01719876,58
Bentazepam,DB14719,drug,1.071955488,856.2490849,0.016314223,7
Bentiromide,DB00522,drug,0.154009639,0,1.37E-12,15
Bentonite,DB11306,drug,0.209440978,44.25238284,0.00025657,59
Bentoquatam,DB00516,drug,0.209440978,44.25238284,0.00025657,59
Benzamidine,DB03127,drug,0.157013652,0,2.30E-10,54
Benzatropine,DB00245,drug,2.474086416,35953.82754,0.03511861,28
Benzbromarone,DB12319,drug,0.635260365,912.2038499,0.00754384,26
Benzene Hexacarboxylic Acid,DB01681,drug,0.156478981,0,8.46E-12,15
Benzenesulfinic acid,DB03848,drug,0.150499627,0,4.12E-11,49
Benzhydrocodone,DB15465,drug,0.75397562,659.2281577,0.00982791,7
Benzilone,DB13369,drug,1.290244426,1486.705824,0.018986486,28
Benziodarone,DB13277,drug,0.173001625,6.156317565,0.00035751,0
Benznidazole,DB11989,drug,1.040599918,23.20628909,0.01632595,7
Benzo[B]Thiophene-2-Carboxamidine,DB04446,drug,0.151169173,0,2.36E-12,38
Benzocaine,DB01086,drug,0.223595969,263.384579,0.00068045,18
Benzoctamine,DB09021,drug,0.993533662,5.146994375,0.015735013,25
Benzodiazepine,DB12537,drug,1.07732923,983.5588819,0.01636553,16
Benzoic acid,DB03793,drug,0.355098803,16866.02929,0.00214579,2
Benzoin,DB14020,drug,0.15,0,3.99E-71,40
Benzonatate,DB00868,drug,0.151931605,0,1.44E-11,13
Benzophenone,DB01878,drug,0.152676134,43.9819301,1.74E-05,9
Benzoyl peroxide,DB09096,drug,0.151473509,1.219671774,1.11E-05,24
Benzoylformic Acid,DB02279,drug,0.158586554,0,3.54E-13,31
Benzoyl-tyrosine-alanine-fluoro-methyl ketone,DB08775,drug,0.153846608,0,1.17E-12,5
Benzphetamine,DB00865,drug,1.950414642,23153.76824,0.02727822,28
Benzquinamide,DB00767,drug,1.310200393,2947.993675,0.019042208,28
Benzthiazide,DB00562,drug,2.085478135,28545.22227,0.0256734,7
Benzydamine,DB09084,drug,1.908411301,6375.732629,0.027426997,44
"BENZYL 6-BENZYL-5,7-DIOXO-6,7-DIHYDRO-5H-[1,3]THIAZOLO[3,2-C]PYRIMIDINE-2-CARBOXYLATE",DB08561,drug,0.150756794,0,6.91E-12,39
Benzyl alcohol,DB06770,drug,1.723178797,15090.45675,0.02424227,7
"BENZYL N-({(2S,3S)-3-[(PROPYLAMINO)CARBONYL]OXIRAN-2-YL}CARBONYL)-L-ISOLEUCYL-L-PROLINATE",DB07219,drug,0.150638328,0,1.69E-11,41
Benzyl N-[(2S)-5-(diaminomethylamino)-1-[[(2S)-4-fluoro-3-oxobutan-2-yl]amino]-1-oxopentan-2-yl]carbamate,DB03536,drug,0.153846608,0,1.17E-12,12
Benzylamine,DB02464,drug,0.152333038,0,5.36E-12,47
Benzylpenicillin,DB01053,drug,1.101029812,29831.63194,0.00649674,17
Benzylpenicilloyl polylysine,DB00895,drug,0.687399689,14269.66284,0.00620249,16
Benzylsulfonic acid,DB03297,drug,0.155478291,0,2.85E-11,6
Benzylthiouracil,DB13804,drug,0.685843929,3420.577349,0.00519185,58
Bepotastine,DB04890,drug,1.069186571,411.7195329,0.01674728,16
Bepridil,DB01244,drug,1.899045802,20990.64554,0.025606284,16
Beractant,DB06761,drug,0.320811872,152.3098918,0.00302781,47
Beraprost,DB05229,drug,1.345030166,9459.490584,0.013268375,52
Berberine,DB04115,drug,0.150508657,0,4.93E-11,13
Bergapten,DB12216,drug,0.21703689,35.95890953,0.00029388,3
beriberi,6676_24182_24183,disease,0.2277955,0,3.63E-05,31
Bermekimab,DB14947,drug,0.819072901,1434.947837,0.00107224,25
Beroctocog alfa,DB14473,drug,0.30504197,168.6433361,0.00120876,2
Besifloxacin,DB06771,drug,0.163411038,0.921607113,0.00021205,59
Besilesomab,DB13979,drug,0.777907291,9.850502048,0.00104514,25
BEST1,7439,gene/protein,0.154052326,165.021698,7.68E-10,5
Beta carotene,DB06755,drug,0.16735428,100.4074503,5.40E-06,21
beta thalassemia,19402_16486,disease,9.687085663,154.9042614,2.95E-05,5
Beta-(2-Naphthyl)-Alanine,DB01766,drug,0.158386886,0,1.57E-10,31
beta-2-Thienyl-L-alanine,DB03673,drug,0.155169889,0,2.60E-12,8
beta-Alanine,DB03107,drug,0.15219389,0,2.16E-12,57
"beta-D-fructofuranose 1,6-bisphosphate",DB04551,drug,0.155672735,0,1.77E-11,40
beta-D-Galactosamine,DB02678,drug,0.15129743,0,3.87E-12,43
Beta-D-Glucopyranose Spirohydantoin,DB01823,drug,0.151371395,0,9.97E-12,39
Beta-D-Glucose,DB02379,drug,0.190849993,0,1.18E-10,11
beta-D-Ribose-5-phosphate,DB04352,drug,0.152441957,0,3.09E-12,46
Betahistine,DB06698,drug,0.454454428,2135.280598,0.00407644,59
beta-Hydroxyasparagine,DB04527,drug,0.153360344,0,3.01E-13,57
beta-L-fucose,DB03283,drug,0.150619892,0,6.53E-12,53
Betamethasone,DB00443,drug,1.959960631,48594.75152,0.01930132,37
Betamethasone phosphate,DB14669,drug,1.343289377,14085.44447,0.013992845,17
beta-Naphthoflavone,DB06732,drug,0.379704484,5780.338033,0.00376482,0
beta-phenyl-D-phenylalanyl-N-propyl-L-prolinamide,DB07083,drug,0.150459983,0,9.12E-12,51
beta-thalassemia and related diseases,17145,disease,6.79749535,48.58285772,2.97E-05,53
beta-thalassemia HBB/LCRB,13517,disease,6.768695004,18,2.94E-05,8
beta-thalassemia intermedia,16487,disease,3.73011688,0,2.94E-05,39
Betaxolol,DB00195,drug,2.150826946,25176.36254,0.027241043,16
Betazole,DB00272,drug,0.150798784,0,1.58E-12,5
Bethanechol,DB01019,drug,0.307021955,175.9947805,0.00204027,2
Bethanidine,DB00217,drug,1.059783148,3624.102407,0.016457305,16
Betrixaban,DB12364,drug,1.310658829,9676.97152,0.01233205,16
Betulinic Acid,DB12480,drug,0.296493444,0.23118973,0.00277791,52
Bevacizumab,DB00112,drug,1.266371797,36643.46668,0.00462492,42
Bevacizumab zirconium Zr-89,DB14907,drug,0.777907291,9.850502048,0.00104514,25
Bevantolol,DB01295,drug,1.796873582,15000.84555,0.023567765,7
Bevasiranib,DB06642,drug,0.150417824,0,3.97E-11,10
Bevonium,DB13542,drug,1.290244426,1486.705824,0.018986486,28
BEX1,55859,gene/protein,0.163275712,864.609143,1.42E-09,15
Bexarotene,DB00307,drug,1.459141176,20363.86191,0.01446489,58
Bezafibrate,DB01393,drug,0.612394371,9186.865044,0.00591657,18
Bezitramide,DB01459,drug,0.90143001,910.0935631,0.012976503,7
Bezlotoxumab,DB13140,drug,0.775453198,336.4508983,0.00104473,13
BFAR,51283,gene/protein,0.160234261,619.206615,2.31E-09,34
BFSP2,8419,gene/protein,0.172633565,1644.159702,8.75E-10,33
BGN,633,gene/protein,0.158951213,1714.273085,5.10E-10,31
BHLHA9,727857,gene/protein,0.15516531,111.5422137,1.41E-10,9
BHLHE40,8553,gene/protein,0.21538994,22159.40987,7.81E-09,31
BHLHE41,79365,gene/protein,0.172545988,1339.658261,3.01E-09,50
BHMT,635,gene/protein,0.152335842,5409.299957,2.94E-11,56
BIA,DB03336,drug,0.150663632,0,3.55E-11,5
Biapenem,DB13028,drug,0.184292466,1.802153857,0.00036334,18
Bicalutamide,DB01128,drug,1.235992555,13140.57268,0.015631859,18
Bicifadine,DB04889,drug,0.88761013,1150.6436,0.011812314,26
Bicine,DB03709,drug,0.15055196,0,1.97E-11,22
Bicisate,DB11164,drug,1.040599918,23.20628909,0.01632595,58
Bictegravir,DB11799,drug,0.27513372,983.631433,0.0014105,18
BID,637,gene/protein,0.176965861,5449.818776,3.61E-09,19
Bietaserpine,DB13575,drug,0.892050864,315.0892767,0.013790916,17
Bifemelane,DB13550,drug,1.043073205,503.2848168,0.01640277,46
Bifeprunox,DB04888,drug,1.083397461,781.6240313,0.016477276,16
Bifonazole,DB04794,drug,0.567999565,570.145927,0.00610258,59
BIIB015,DB06304,drug,0.775447143,2.711075215,0.00104473,28
BIK,638,gene/protein,0.188459677,11593.32114,1.92E-09,49
Bilastine,DB11591,drug,0.648793884,443.7040552,0.00787376,0
biliary tract disease,4868,disease,0.171236136,0,1.94E-05,51
Biliverdine IX Alpha,DB02073,drug,0.155647954,0,2.43E-11,15
Bimagrumab,DB12584,drug,0.775447143,2.711075215,0.00104473,25
Bimatoprost,DB00905,drug,0.505632743,3338.34422,0.00638637,2
Bimekizumab,DB12917,drug,0.777907291,9.850502048,0.00104514,58
Bimoclomol,DB06258,drug,0.150507201,0,8.00E-11,27
BIN1,274,gene/protein,0.180696982,8669.75335,3.36E-09,53
Binetrakin,DB12182,drug,0.191246377,0.019387545,2.71E-05,52
Binimetinib,DB11967,drug,0.863362113,13350.63115,0.00881216,26
Binodenoson,DB04853,drug,0.151161945,0,3.51E-12,49
Bioallethrin,DB13746,drug,0.398975006,818.5147997,0.00317504,2
Biochanin A,DB15334,drug,1.054788939,10604.31301,0.00393027,44
Biopterin,DB03886,drug,0.15657323,0,3.54E-11,34
Biotin,DB00121,drug,0.168241099,0,9.70E-11,31
Biperiden,DB00810,drug,1.439003361,5040.739117,0.021341532,8
Biphenylalanine,DB04639,drug,0.150607374,0,7.62E-12,22
BIRC2,329,gene/protein,0.224813341,25189.76131,1.34E-08,57
BIRC3,330,gene/protein,0.209935715,13458.72832,9.58E-09,55
BIRC5,332,gene/protein,0.177730985,21036.52622,6.23E-09,36
Biricodar,DB04851,drug,0.351701708,81.37016159,0.00230235,48
Bis(5-Amidino-2-Benzimidazolyl)Methane Ketone,DB03213,drug,0.151169173,0,2.36E-12,27
Bis(5-Amidino-2-Benzimidazolyl)Methane Ketone Hydrate,DB04301,drug,0.151169173,0,2.36E-12,22
Bis(5-Amidino-2-Benzimidazolyl)Methanone,DB01876,drug,0.151169173,0,2.36E-12,49
Bis(5-Amidino-Benzimidazolyl)Methane,DB01705,drug,0.151169173,0,2.36E-12,10
bis(5-amidino-benzimidazolyl)methanone zinc,DB03443,drug,0.151169173,0,2.36E-12,43
Bis(Adenosine)-5'-Pentaphosphate,DB01717,drug,0.150529715,0,2.23E-11,6
"Bis-1,2-{[(Z)-2-carboxy-2-methyl-1,3-dioxane]-5-yloxycarbamoyl}-ethane",DB07579,drug,0.151351303,0,4.83E-12,32
"BIS-1,2-{[(Z)-2CARBOXY-2-METHYL-1,3-DIOXANE]-5-YLOXYCARBONYL}-PIPERAZINE",DB07580,drug,0.151351303,0,4.83E-12,40
Bisacodyl,DB09020,drug,0.686831044,1139.469531,0.00822889,10
Bis-Benzamidine,DB02081,drug,0.151169173,0,2.36E-12,15
Bisegliptin,DB06127,drug,0.997223205,2457.59238,0.01106779,44
"Bishydroxy[2h-1-Benzopyran-2-One,1,2-Benzopyrone]",DB04392,drug,0.150590428,0,1.90E-11,24
Bisindolylmaleimide I,DB03777,drug,0.151422057,0,2.79E-10,34
Bisindolylmaleimide VIII,DB01946,drug,0.151172998,0,1.34E-10,46
Bismuth subcarbonate,DB11281,drug,0.316464433,0.04587091,0.00299699,2
Bismuth subcitrate potassium,DB09275,drug,0.342359101,65.55184939,0.00307245,52
Bismuth subgallate,DB13909,drug,1.185318993,1459.03137,0.018638968,7
Bismuth subnitrate,DB13209,drug,0.509075471,691.7500991,0.00503632,52
Bismuth subsalicylate,DB01294,drug,0.853892402,6916.850441,0.00896955,17
Bis-Napthyl Beta-Ketophosphonic Acid,DB02360,drug,0.150998113,0,6.43E-12,50
Bisoprolol,DB00612,drug,2.324943459,31306.87086,0.030135815,58
Bisoxatin,DB09219,drug,1.386513044,2754.26824,0.021400688,7
Bisphenol A,DB06973,drug,0.150542758,0,6.24E-11,47
Bisphenol Z,DB07485,drug,0.150542758,0,6.24E-11,55
Bitolterol,DB00901,drug,1.029808031,1912.10252,0.01614961,52
Bivalirudin,DB00006,drug,1.087623451,4690.623499,0.00983006,52
Bivatuzumab,DB06550,drug,0.778326511,5724.290159,0.00104514,42
Bizelesin,DB12352,drug,0.191246377,0.019387545,2.71E-05,2
BL-1020,DB05687,drug,1.202251557,2110.027377,0.01782981,7
Black cohosh,DB13975,drug,0.919868055,549.5622113,0.012902066,48
bladder calculus,6678,disease,1.635539872,0,5.78E-09,21
Bleomycin,DB00290,drug,1.571862026,27450.5235,0.019102964,58
blepharospasm,11728,disease,0.160683381,0,0.00011258,54
Bleselumab,DB15253,drug,1.168019445,6841.059668,0.0043686,25
Blinatumomab,DB09052,drug,1.403809303,21912.41032,0.00645927,44
BLK,640,gene/protein,0.178573878,11075.33875,4.99E-09,39
Blonanserin,DB09223,drug,1.871926908,10062.20014,0.029329028,17
Blosozumab,DB12560,drug,0.777907291,9.850502048,0.00104514,25
BLVRA,644,gene/protein,0.160381712,2231.955406,2.25E-09,53
BLVRB,645,gene/protein,0.157320827,16890.83678,5.47E-10,30
BMI1,648,gene/protein,0.23879405,31332.33386,8.31E-09,14
BMP2,650,gene/protein,0.173512686,5804.037765,5.36E-09,23
BMP4,652,gene/protein,0.170019892,13414.56581,2.57E-09,47
BMP7,655,gene/protein,0.17181077,6557.264639,2.51E-09,49
BMPR1A,657,gene/protein,0.263259049,60979.94178,7.57E-09,29
BMPR1B,658,gene/protein,0.179255092,4302.4824,8.35E-09,50
BMPR2,659,gene/protein,0.180971975,8727.233719,8.07E-09,4
BMS-181156,DB02466,drug,0.150573576,0,6.41E-11,51
BMS184394,DB03466,drug,0.150573576,0,6.41E-11,36
BMS-564929,DB07286,drug,0.150367355,0,3.66E-10,9
BMX,660,gene/protein,0.199692315,12840.37563,1.19E-08,14
BNC1,646,gene/protein,0.152096039,12.02710716,6.82E-10,8
BNIP3L,665,gene/protein,0.162428493,1269.774309,8.90E-10,21
B-nonylglucoside,DB02451,drug,0.16351944,0,4.33E-11,34
Boceprevir,DB08873,drug,0.884332008,1293.43835,0.010124714,59
Bococizumab,DB12456,drug,0.777907291,9.850502048,0.00104514,25
Bolandiol,DB01554,drug,0.22382692,1.247069418,0.00085718,35
Bolasterone,DB01471,drug,0.22382692,1.247069418,0.00085718,3
Boldenone,DB01541,drug,0.361828117,1720.893548,0.00208739,59
Boldenone undecylenate,DB14639,drug,0.150367355,0,3.66E-10,41
bone osteosarcoma,2629,disease,3.490439783,0,8.98E-05,24
Bopindolol,DB08807,drug,1.563715423,11734.23317,0.019829284,52
Borage oil,DB11238,drug,0.254013095,1.672787878,0.00196961,2
borderline epithelial tumor of ovary,16093,disease,2.82380136,0,0.00034516,27
Bornaprine,DB13619,drug,1.291386937,1489.792186,0.019010736,28
Bortezomib,DB00188,drug,2.246355458,62678.84764,0.023893481,16
BOS172722,DB15498,drug,0.150569799,0,2.83E-11,43
Bosentan,DB00559,drug,1.660066695,13638.92803,0.022495642,16
Bosutinib,DB06616,drug,1.688249243,87821.81372,0.015613369,44
Botulinum toxin type A,DB00083,drug,1.100557242,5358.715212,0.016671469,7
Botulinum Toxin Type B,DB00042,drug,1.102185469,13118.71908,0.016657315,28
Bouteloua gracilis pollen,DB10715,drug,0.230677681,1.572961101,0.00134362,0
BPHL,670,gene/protein,0.153024755,2213.97429,1.49E-10,45
BPIFB2,80341,gene/protein,0.157091675,915.6812577,1.16E-09,57
BPTF,2186,gene/protein,0.170058324,2655.399663,2.41E-09,27
BQ-123,DB12054,drug,0.892050864,315.0892767,0.013790916,7
Bradykinin,DB12126,drug,0.155031785,0,3.81E-05,3
BRAF,673,gene/protein,0.197495886,50640.44563,1.29E-08,1
brain cancer,1657,disease,1.298136189,0,5.28E-05,15
Brasofensine,DB04857,drug,0.15046831,0,9.62E-12,43
BRCA1,672,gene/protein,0.420947683,341890.5966,3.14E-08,30
BRCA2,675,gene/protein,0.180513458,5650.362667,6.18E-09,1
BRD1,23774,gene/protein,0.165303229,1345.844351,1.20E-09,50
BRD2,6046,gene/protein,0.164134251,1027.357988,3.09E-09,50
BRD3,8019,gene/protein,0.163022326,2539.973787,1.41E-09,46
BRD4,23476,gene/protein,0.172987297,4280.822085,4.18E-09,23
BRD7,29117,gene/protein,0.164878632,885.3447229,2.41E-09,8
BRD9,65980,gene/protein,0.155083836,74.69091075,1.25E-09,43
breast cancer,7254,disease,35.94451362,0,5.68E-06,13
breast neoplasm,21100,disease,35.95099461,74.95347399,0.0001501,51
Brefeldin A,DB07348,drug,0.660230385,8524.554946,0.00630182,2
Bremelanotide,DB11653,drug,0.164868628,657.6538481,1.36E-05,26
Brentuximab vedotin,DB08870,drug,1.880064387,66137.1483,0.01271809,42
Brequinar,DB03523,drug,0.659085243,1385.507734,0.00374032,44
Brequinar Analog,DB03480,drug,0.151682742,0,1.73E-12,54
Bretylium,DB01158,drug,1.349193493,3521.035163,0.019665105,7
Brexanolone,DB11859,drug,1.195978419,3499.83258,0.017226591,7
Brexpiprazole,DB09128,drug,2.032283022,14437.26339,0.02940386,7
Briakinumab,DB05459,drug,1.171996421,10943.23315,0.0043686,42
Brigatinib,DB12267,drug,1.221592795,30665.98372,0.01246762,48
Brilaroxazine,DB09226,drug,1.10673826,839.0059251,0.016779414,28
Brimonidine,DB00484,drug,1.115816651,2778.188563,0.017269036,7
Brinase,DB13199,drug,1.087985014,3007.931712,0.00983615,58
Brincidofovir,DB12151,drug,1.055327167,94.99307504,0.016376974,7
BRINP1,1620,gene/protein,0.15311639,10.31339748,9.64E-10,15
Brinzolamide,DB01194,drug,0.175155566,57.61744699,0.00023555,18
BRIP1,83990,gene/protein,0.167226445,6203.428616,2.22E-09,4
Brivaracetam,DB05541,drug,2.197245,22395.03073,0.032254212,7
Brivudine,DB03312,drug,0.181017603,4045.708645,7.63E-05,29
BRIX1,55299,gene/protein,0.173735377,1754.734025,3.88E-09,15
BRMS1,25855,gene/protein,0.174309351,3484.379501,4.38E-09,27
Brodalumab,DB11776,drug,1.17047914,6914.369016,0.00436901,44
Brodimoprim,DB13795,drug,0.200246147,4.163183611,4.68E-05,2
Brofaromine,DB13876,drug,1.637570617,5609.930811,0.023921777,25
Brolucizumab,DB14864,drug,0.794549135,4464.042654,0.00111981,31
Bromazepam,DB01558,drug,2.054430217,11057.38697,0.03120343,7
Bromfenac,DB00963,drug,0.308154991,63.86585457,0.00280977,2
Bromisoval,DB13370,drug,0.99594897,8.481282091,0.015775779,28
Bromocriptine,DB01200,drug,2.388670104,48329.69378,0.031518872,28
Bromodiphenhydramine,DB01237,drug,0.1512489,0,8.14E-12,53
Bromopride,DB09018,drug,0.184722603,2.593343842,0.00053066,59
Bromotheophylline,DB14018,drug,1.543986524,8412.771572,0.020560913,52
Bromo-Willardiine,DB04000,drug,0.150598902,0,4.25E-11,5
Bromperidol,DB12401,drug,1.053667776,284.1628083,0.016364555,7
Brompheniramine,DB00835,drug,1.710638081,8146.324774,0.02393549,28
Bromus secalinus pollen,DB10836,drug,0.230677681,1.572961101,0.00134362,59
bronchitis,3781_5607_18597,disease,6.22086786,18.66738087,0.0005497,50
Brotizolam,DB09017,drug,1.072608452,747.9693226,0.016429813,16
Broxuridine,DB12028,drug,0.191246377,0.019387545,2.71E-05,17
BRS3,680,gene/protein,0.151488505,8.308772296,2.46E-10,23
BRSK2,9024,gene/protein,0.15841343,275.4183916,2.66E-09,46
brucellosis,5683,disease,0.177798309,0,0.00016523,9
Bryostatin 1,DB11752,drug,0.576775447,29919.15959,0.00500723,52
BSG,682,gene/protein,0.183243401,8829.80423,2.33E-09,9
BSND,7809,gene/protein,0.162863648,493.2415627,2.58E-10,53
BST1,683,gene/protein,0.151156086,5513.265915,5.92E-12,13
BTD,686,gene/protein,0.153738678,439.9210899,1.52E-10,51
BTG1,694,gene/protein,0.16119025,1382.503393,1.85E-09,15
BTG2,7832,gene/protein,0.156153637,210.7401839,2.21E-09,27
BTK,695,gene/protein,0.241359564,86009.37379,1.56E-08,40
BTNL3,10917,gene/protein,0.152790443,17.94561063,4.71E-11,56
BTNL8,79908,gene/protein,0.160409851,357.0999517,1.66E-10,8
BTNL9,153579,gene/protein,0.156982701,125.6434381,9.83E-11,47
BTRC,8945,gene/protein,0.243394441,37063.9023,1.79E-08,12
BUB1,699,gene/protein,0.201556444,15565.33568,6.02E-09,33
Bucindolol,DB12752,drug,1.628679671,10533.7172,0.02039255,58
Buclizine,DB00354,drug,1.59234988,4107.552674,0.022589691,28
BUD13,84811,gene/protein,0.158031961,274.5740212,6.57E-10,46
BUD31,8896,gene/protein,0.168161657,14198.02453,2.55E-09,24
Budesonide,DB01222,drug,2.385412138,52063.40281,0.026445242,58
Budipine,DB13502,drug,0.204650553,0,0.00120138,59
Bufexamac,DB13346,drug,0.309506203,1011.258586,0.00282724,59
Buflomedil,DB13510,drug,1.176463084,2440.700959,0.01612983,25
Buformin,DB04830,drug,0.976635,1811.086073,0.011094403,45
Bufotenine,DB01445,drug,1.003857433,202.782414,0.015863393,7
Bufuralol,DB06726,drug,1.562048737,11311.14708,0.019829284,16
Bufylline,DB13812,drug,0.916674643,1775.442514,0.01070275,18
bullous pemphigoid,19082,disease,0.452790893,0,0.00013748,22
Bumadizone,DB13286,drug,1.882766518,6180.823484,0.027066228,28
Bumetanide,DB00887,drug,1.899869593,31171.42155,0.025428453,25
Bunaftine,DB13652,drug,0.694337209,191.6584602,0.00836035,7
Bunazosin,DB12230,drug,0.494120492,956.1717789,0.00615946,24
Bupivacaine,DB00297,drug,0.99612559,3793.160975,0.0145325,18
Bupranolol,DB08808,drug,2.016002149,23414.75042,0.025768186,7
Buprenorphine,DB00921,drug,2.066544259,21909.80211,0.028584501,7
Bupropion,DB01156,drug,2.274640386,26628.70337,0.03298243,28
Burkitt lymphoma,7243,disease,8.30194808,266.6771788,0.00012647,9
Burosumab,DB14012,drug,0.777913329,667.8140987,0.00104514,55
Buserelin,DB06719,drug,0.770222977,2872.652651,0.00852021,2
Buspirone,DB00490,drug,2.007714405,10803.49573,0.029832068,7
Busulfan,DB01008,drug,1.376938183,25801.1416,0.012263222,17
"BUT-3-ENYL-[5-(4-CHLORO-PHENYL)-3,6-DIHYDRO-[1,3,4]THIADIAZIN-2-YLIDENE]-AMINE",DB08028,drug,0.150972307,0,5.29E-13,19
Butabarbital,DB00237,drug,2.160918731,32096.77701,0.032052063,7
Butacaine,DB11502,drug,0.173126322,43.7480076,8.97E-06,22
Butalamine,DB13681,drug,0.155031785,0,3.81E-05,18
Butalbital,DB00241,drug,1.805671493,12225.10334,0.02465734,16
Butamben,DB11148,drug,0.187989905,243.415981,8.75E-06,36
Butanilicaine,DB13328,drug,0.173126322,3.189951264,8.97E-06,3
Butaperazine,DB13213,drug,1.201284568,1840.972784,0.01782981,58
Butenafine,DB01091,drug,0.15117742,0,1.05E-11,15
Butenoic Acid,DB02074,drug,0.150879,0,1.36E-11,27
Buthionine Sulfoximine,DB12870,drug,0.191246377,0.019387545,2.71E-05,3
Butobarbital,DB01353,drug,1.18196908,1986.926188,0.017377972,16
Butorphanol,DB00611,drug,1.228112024,2734.047818,0.018327319,40
Butriptyline,DB09016,drug,2.003783605,10038.43902,0.029074832,28
Butylphthalide,DB12749,drug,0.698629751,592.7233831,0.00750624,34
Butylscopolamine,DB09300,drug,1.291884281,1788.016729,0.01898649,25
Butyrfentanyl,DB09173,drug,0.600382258,410.6795842,0.00830638,18
Butyric Acid,DB03568,drug,0.152102831,0,1.94E-12,34
Butyrylthiocholine,DB04250,drug,0.251507897,31.18516006,0.00104469,2
C-(1-Azido-Alpha-D-Glucopyranosyl) Formamide,DB03286,drug,0.151371395,0,9.97E-12,36
C-(1-hydrogyl-beta-D-glucopyranosyl) formamide,DB02719,drug,0.151371395,0,9.97E-12,6
C10orf67,256815,gene/protein,0.153060508,141.3156935,2.00E-10,19
C11orf54,28970,gene/protein,0.155543946,166.9449812,1.70E-09,12
C14orf119,55017,gene/protein,0.17484759,2495.331104,1.01E-09,56
C14orf180,400258,gene/protein,0.177240309,2088.129577,3.09E-10,40
C14orf28,122525,gene/protein,0.150941697,0,1.02E-10,46
C17orf64,124773,gene/protein,0.151334585,0,5.07E-10,21
C17orf75,64149,gene/protein,0.161672833,689.8764692,2.32E-10,23
C17orf80,55028,gene/protein,0.161190956,877.1073487,4.25E-10,34
C18orf32,497661,gene/protein,0.151387422,52.17297856,1.54E-10,12
C19orf12,83636,gene/protein,0.150667931,0,1.38E-10,35
C19orf48,84798,gene/protein,0.153833198,10.53808122,1.11E-09,46
C1D,10438,gene/protein,0.171344735,837.2090063,7.90E-10,29
C1orf109,54955,gene/protein,0.205786867,12652.97792,2.89E-09,38
C1orf159,54991,gene/protein,0.154039499,88.79823213,8.98E-10,24
C1orf43,25912,gene/protein,0.16306885,4493.979722,1.47E-09,27
C1orf50,79078,gene/protein,0.157205983,362.8340619,4.47E-10,40
C1QA,712,gene/protein,0.1646916,8979.66896,9.43E-10,43
C1QBP,708,gene/protein,0.206142736,43861.87093,5.09E-09,40
C1QTNF9,338872,gene/protein,0.186802515,3026.229382,2.79E-10,20
C1QTNF9B,387911,gene/protein,0.153569565,0,1.39E-11,23
C1S,716,gene/protein,0.159578858,9749.193958,7.26E-10,35
C2,717,gene/protein,0.164806446,2835.885032,3.91E-10,14
C21orf58,54058,gene/protein,0.156650682,198.5689888,1.23E-09,21
C22orf39,128977,gene/protein,0.167931317,1267.733134,7.71E-10,21
C2CD2,25966,gene/protein,0.152281712,75.43351899,3.83E-10,49
C2orf76,130355,gene/protein,0.151806726,35.4660951,2.85E-10,40
C3,718,gene/protein,0.181288665,30596.52631,1.99E-09,12
C31G,DB05398,drug,0.150702114,0,8.50E-12,22
C4BPA,722,gene/protein,0.164743292,3605.457526,8.35E-10,21
C4BPB,725,gene/protein,0.157140506,1281.227406,6.58E-10,30
C4orf33,132321,gene/protein,0.15279637,76.8425442,3.21E-10,14
C4orf46,201725,gene/protein,0.154603865,104.42956,5.39E-10,55
C4orf48,401115,gene/protein,0.150501878,0,5.61E-11,49
C5,727,gene/protein,0.170329356,10412.13766,2.89E-10,19
C5AR1,728,gene/protein,0.158393135,827.0469739,1.38E-09,55
C5orf51,285636,gene/protein,0.153466574,85.45015618,3.84E-10,34
C6orf52,347744,gene/protein,0.151217995,0,4.83E-10,55
C6orf89,221477,gene/protein,0.157694642,616.0097215,6.49E-10,34
C7orf50,84310,gene/protein,0.154006929,142.9243414,2.72E-10,13
C8B,732,gene/protein,0.154455018,182.8630727,2.11E-10,41
C8orf34,116328,gene/protein,0.161313984,174.1071858,1.87E-10,1
C9orf43,257169,gene/protein,0.152524314,58.7437092,7.73E-10,54
CA1,759,gene/protein,0.151520353,13126.61045,3.32E-10,50
CA13,377677,gene/protein,0.150736478,5799.8061,5.87E-11,20
CA2,760,gene/protein,0.15361219,367617.6129,2.69E-10,29
CA3,761,gene/protein,0.151945088,6217.518598,2.53E-10,57
CA4,762,gene/protein,0.154020515,10114.35389,6.19E-10,23
CA4P,DB05284,drug,0.15047674,0,8.75E-11,9
CA5A,763,gene/protein,0.152651837,3823.272668,2.69E-10,30
CA6,765,gene/protein,0.153413333,2777.091661,1.01E-10,14
CA8,767,gene/protein,0.173197571,14788.32523,5.67E-10,21
CA9,768,gene/protein,0.153101583,3187.21396,9.59E-10,20
CAAP1,79886,gene/protein,0.15293728,84.30220023,3.56E-10,4
Cabazitaxel,DB06772,drug,1.775673593,26876.00869,0.016623214,17
Cabergoline,DB00248,drug,2.25242838,39736.9172,0.030382802,28
CABLES2,81928,gene/protein,0.156630176,140.3012864,1.99E-09,46
Cabotegravir,DB11751,drug,0.267651808,22.77909624,0.00111065,59
Cabozantinib,DB08875,drug,0.77290208,6459.798458,0.00866342,0
CACNA1A,773,gene/protein,0.180925939,48056.00147,1.18E-09,20
CACNA1B,774,gene/protein,0.154385271,10902.22861,1.11E-09,4
CACNA1C,775,gene/protein,0.157128306,12034.44594,1.66E-09,4
CACNA1G,8913,gene/protein,0.151186259,1971.231963,9.85E-11,43
CACNA1H,8912,gene/protein,0.156158896,4725.274207,3.33E-10,23
CACNA1I,8911,gene/protein,0.153064964,641.2987763,1.82E-11,36
CACNA2D1,781,gene/protein,0.165697073,17318.4513,3.84E-10,4
CACNB2,783,gene/protein,0.153861393,6402.344022,1.24E-09,33
Cacodylic acid,DB02994,drug,0.152748775,0,8.30E-11,11
CACYBP,27101,gene/protein,0.189563589,12137.85971,4.53E-09,6
CAD,790,gene/protein,0.175914493,8285.252536,5.00E-09,57
CAD106,DB05150,drug,0.150403039,0,1.37E-10,21
Cadralazine,DB13452,drug,0.89467656,326.721528,0.013808905,7
Cafedrine,DB12926,drug,0.916327772,1761.098856,0.010702752,58
Caffeine,DB00201,drug,1.069003094,58679.43746,0.01163498,48
CAGE1,285782,gene/protein,0.157020224,261.8479609,5.99E-10,57
Calanolide A,DB04886,drug,0.191865414,15.22822771,0.00033058,48
Calaspargase pegol,DB14730,drug,0.184288217,0.8064413,0.00030298,18
CALB1,793,gene/protein,0.15391784,476.3169781,3.79E-10,20
CALCB,797,gene/protein,0.151189161,921.2878659,9.10E-12,11
Calcifediol,DB00146,drug,0.37814391,1118.098992,0.00184061,3
Calcipotriol,DB02300,drug,0.182781669,184.9913318,0.00011751,26
Calcitonin gene-related peptide,DB06379,drug,0.155031785,0,3.81E-05,59
Calcitonin porcine,DB13189,drug,0.169754196,0.06655525,0.00014471,59
Calcitriol,DB00136,drug,0.677771413,7931.750925,0.0059084,59
Calcium,DB01373,drug,0.683001949,31251.41222,0.00503717,52
Calcium acetate,DB00258,drug,0.69989275,4899.01987,0.00515715,54
Calcium ascorbate,DB14483,drug,0.253794378,226.2064107,0.00096445,52
Calcium carbimide,DB09116,drug,0.928398909,3357.213562,5.68E-05,58
Calcium carbonate,DB06724,drug,0.87069823,10779.65516,0.00655951,38
Calcium cation,DB14577,drug,0.579243307,2273.985739,0.00449638,16
Calcium chloride,DB01164,drug,0.666958773,6219.561056,0.00500254,52
Calcium citrate,DB11093,drug,0.619689967,47148.10293,0.0035125,52
Calcium glubionate anhydrous,DB13142,drug,0.420162819,484.5831297,0.00327924,16
Calcium glucoheptonate,DB00326,drug,0.517506671,1493.227716,0.00384677,12
Calcium gluconate,DB11126,drug,0.671726339,4230.99809,0.0050654,55
Calcium glycerophosphate,DB11264,drug,0.15,0,3.99E-71,50
Calcium lactate,DB13231,drug,0.426467761,1088.773258,0.00226905,57
Calcium lactate gluconate,DB13365,drug,0.429282607,898.1457572,0.00228517,11
Calcium levulinate,DB13800,drug,0.422112365,2015.71857,0.00327924,59
Calcium pangamate,DB13590,drug,0.517506671,1161.359412,0.00384677,58
Calcium Phosphate,DB11348,drug,0.752202481,65163.1987,0.00378022,52
Calcium phosphate dihydrate,DB14481,drug,0.341867712,10935.54639,0.00038859,0
Calcium polycarbophil,DB14684,drug,0.890977182,4621.400906,0.00990323,16
Calcium silicate,DB13829,drug,0.512135005,974.470663,0.00353906,17
Calcium threonate,DB11168,drug,0.303606232,168.0148037,0.00119905,52
CALCOCO2,10241,gene/protein,0.25056489,19955.75988,4.09E-09,6
CALCR,799,gene/protein,0.155204645,598.0516624,2.53E-10,9
CALCRL,10203,gene/protein,0.151269097,15673.68788,8.17E-11,54
CALD1,800,gene/protein,0.166870593,3008.106917,2.50E-09,43
Caldaret,DB06231,drug,0.151853884,0,1.53E-12,47
Calfactant,DB06415,drug,0.320811872,152.3098918,0.00302781,57
CALM1,801,gene/protein,0.199624456,103616.0096,5.27E-09,30
CALM2,805,gene/protein,0.201486451,25907.29137,5.16E-09,4
CALM3,808,gene/protein,0.264910343,100568.2462,6.69E-09,30
CALML5,51806,gene/protein,0.165835661,2738.684399,1.53E-09,6
CALR,811,gene/protein,0.196944933,59203.7137,4.32E-09,22
Calusterone,DB01564,drug,0.361828117,1720.893548,0.00208739,59
CALY,50632,gene/protein,0.151866321,11395.74552,1.63E-11,57
Calyculin A,DB02860,drug,0.164524163,342.8451037,9.84E-05,59
Camazepam,DB01489,drug,1.06954017,850.2832835,0.016273457,7
Cambendazole,DB11380,drug,0.151754739,0,2.39E-05,18
Cambinol,DB15493,drug,0.151741766,0,1.45E-10,54
CAMK1D,57118,gene/protein,0.18939329,37777.66886,3.11E-09,27
CAMK1G,57172,gene/protein,0.154786381,5659.924127,1.76E-09,56
CAMK2A,815,gene/protein,0.214706317,39914.40434,6.90E-09,4
CAMK2B,816,gene/protein,0.178995748,12729.30303,4.33E-09,14
CAMK2D,817,gene/protein,0.190076227,21512.26552,6.19E-09,46
CAMK2G,818,gene/protein,0.17852935,12388.059,5.59E-09,10
CAMK4,814,gene/protein,0.179366993,7926.783475,4.60E-09,20
CAMKK1,84254,gene/protein,0.190885523,4822.677908,5.80E-09,33
CAMKK2,10645,gene/protein,0.167412237,3486.219482,4.48E-09,14
CAMKMT,79823,gene/protein,0.155977046,540.3144271,7.99E-10,24
CAMLG,819,gene/protein,0.160761626,5087.098852,1.14E-09,34
Camostat,DB13729,drug,0.284501569,1468.86323,0.00013381,18
Camphor,DB01744,drug,0.158509301,0,2.19E-11,54
Camptothecin,DB04690,drug,0.329292372,796.0084509,0.00149319,36
Camrelizumab,DB14776,drug,0.77892431,1289.867432,0.00104514,42
Camylofin,DB13738,drug,1.290244426,1486.705824,0.018986486,28
CAN-508,DB07731,drug,0.150398889,0,1.68E-10,49
Canagliflozin,DB08907,drug,2.219049237,25130.67894,0.02861322,7
Canakinumab,DB06168,drug,1.992255798,50414.46315,0.0176544,42
Canaline,DB02821,drug,0.151368375,0,1.13E-11,24
Canavanine,DB01833,drug,0.150376225,0,7.61E-11,22
Candesartan,DB13919,drug,1.482125312,7856.789765,0.021209622,16
Candesartan cilexetil,DB00796,drug,1.439317477,6927.544946,0.02109266,16
Candicidin,DB01152,drug,0.531509069,742.2052311,0.0049801,52
candidiasis,2026,disease,1.740224917,0,8.45E-05,27
Candoxatril,DB00616,drug,0.89358269,2381.47476,0.013790916,2
Candoxatrilat,DB11623,drug,0.150875541,0,4.11E-12,11
Canertinib,DB05424,drug,0.237379596,969.5328965,0.00028035,0
Canfosfamide,DB04972,drug,0.150489017,0,3.33E-11,21
Cangrelor,DB06441,drug,1.093772173,3926.934148,0.00988672,16
Cannabidiol,DB09061,drug,2.276127863,112074.3782,0.031658258,7
Cannabidivarin,DB14050,drug,1.192086312,2423.197164,0.017226591,16
Cannabinol,DB14737,drug,1.036244047,146.075729,0.01631763,28
Canrenoic acid,DB09015,drug,1.251608071,2354.99214,0.018520242,7
Canrenone,DB12221,drug,1.251608071,2354.99214,0.018520242,25
CANT1,124583,gene/protein,0.160343713,5910.999264,2.33E-10,29
Cantharidin,DB12328,drug,0.150446821,0,4.50E-11,11
CANX,821,gene/protein,0.240065396,95254.6009,4.26E-09,30
Capecitabine,DB01101,drug,2.007084463,40410.49884,0.02381292,58
Caplacizumab,DB06081,drug,1.310357489,29842.91188,0.00844473,10
Capmatinib,DB11791,drug,0.87733068,8413.956127,0.00846618,59
CAPN1,823,gene/protein,0.199259122,35042.5635,3.81E-09,14
CAPN2,824,gene/protein,0.163057179,2980.210059,2.96E-09,9
CAPN3,825,gene/protein,0.16102546,5774.970862,3.42E-10,10
CAPNS1,826,gene/protein,0.161225441,6745.348963,1.93E-09,11
Capravirine,DB08502,drug,0.49025176,133.3740563,0.00475372,2
Capreomycin,DB00314,drug,1.290180143,3762.432474,0.017787794,27
Capric acid,DB03600,drug,0.173691805,67.13519824,0.00028569,59
Capric dimethyl amine oxide,DB02613,drug,0.196732228,0,2.00E-12,57
Capromab pendetide,DB00089,drug,0.847054947,6005.228606,0.00126729,25
Caprylic acid,DB04519,drug,0.26808885,329.5440385,0.00111065,18
Capsaicin,DB06774,drug,1.100867965,14473.22014,0.01370942,16
Capsicum oleoresin,DB11131,drug,0.150695953,0,1.02E-11,10
Captodiame,DB09014,drug,1.023219621,673.8609336,0.01603715,7
Captopril,DB01197,drug,1.562815568,50009.04127,0.019484637,16
Carbamazepine,DB00564,drug,3.28315984,159458.6718,0.03715231,25
carbamoyl phosphate synthetase I deficiency disease,9376,disease,0.18534017,0,2.98E-05,41
Carbamoylcholine,DB00411,drug,0.309595371,384.53629,0.00204027,59
Carba-nicotinamide-adenine-dinucleotide,DB02498,drug,0.150440173,0,9.92E-11,5
Carbaspirin calcium,DB13612,drug,2.045360643,9233.33704,0.028222775,25
Carbazole Butanoic Acid,DB03851,drug,0.151143193,0,5.13E-12,41
Carbenicillin,DB00578,drug,0.42822608,519.6526685,0.00276279,59
Carbenoxolone,DB02329,drug,0.153345998,1.741444046,2.39E-05,40
Carbetocin,DB01282,drug,0.548593295,4349.771948,0.00670548,54
Carbidopa,DB00190,drug,1.368368361,11288.03279,0.019903533,12
Carbimazole,DB00389,drug,0.825672558,6569.232355,0.00669803,52
Carbinoxamine,DB00748,drug,1.348222167,2171.805722,0.02021624,28
CARBOBENZYLOXY-(L)-LEUCINYL-(L)LEUCINYL METHOXYMETHYLKETONE,DB08526,drug,0.152416206,0,2.92E-12,8
Carbocisteine,DB04339,drug,0.175170979,84.06772805,0.00032543,20
Carbocromen,DB13279,drug,0.173442112,1.433218212,0.00031429,18
Carbomycin,DB11383,drug,0.531509069,283.107659,0.0049801,2
Carbon monoxide,DB11588,drug,0.153688769,0,2.52E-12,10
Carboplatin,DB00958,drug,1.661948036,56635.05775,0.020269195,17
Carboprost tromethamine,DB00429,drug,0.243081555,14395.6224,8.52E-05,59
Carboquone,DB13677,drug,0.191246377,0.019387545,2.71E-05,52
Carboxin,DB04657,drug,0.150624627,0,5.10E-11,24
Carboxyamidotriazole,DB11960,drug,1.073918211,4697.540781,0.012524756,52
Carboxyatractyloside,DB02426,drug,0.150722015,0,2.12E-11,32
Carboxymethylcellulose,DB11059,drug,0.629206942,1014.573371,0.00798231,16
"Carboxymethylthio-3-(3-Chlorophenyl)-1,2,4-Oxadiazol",DB03928,drug,0.152634638,0,8.66E-12,13
Carboxymycobactin S,DB01926,drug,0.150536805,0,1.54E-11,13
Carboxymycobactin T,DB04043,drug,0.150536805,0,1.54E-11,32
Carbromal,DB13817,drug,0.995950548,32.5994194,0.015775779,13
Carbutamide,DB13406,drug,1.596299261,12687.807,0.017904746,54
CARD10,29775,gene/protein,0.182892536,5661.480982,2.39E-09,57
CARD11,84433,gene/protein,0.165109468,29170.74465,4.40E-09,23
CARD8,22900,gene/protein,0.16447679,1355.783278,2.43E-09,22
CARD9,64170,gene/protein,0.21214816,11198.79771,3.57E-09,13
Cardarine,DB05416,drug,0.150872168,0,1.75E-10,12
cardiac arrest,745,disease,0.34730007,0,5.29E-05,53
Carfecillin,DB13506,drug,0.373732545,75.48733461,0.00232483,52
Carfentanil,DB01535,drug,1.229528604,2556.376958,0.01834944,28
"Carfentanil, C-11",DB15360,drug,1.218953882,1557.352907,0.01824816,28
Carfilzomib,DB08889,drug,1.093714179,35118.27125,0.00846853,17
Carglumic acid,DB06775,drug,0.151372303,0,1.56E-11,57
CARHSP1,23589,gene/protein,0.165350347,2073.170287,2.04E-09,47
Carindacillin,DB09319,drug,0.373732545,75.48733461,0.00232483,16
Cariporide,DB06468,drug,0.694182372,1444.465454,0.0083524,7
Cariprazine,DB06016,drug,1.768257594,6575.996119,0.027240621,28
Carisbamate,DB12338,drug,1.18707699,1607.58235,0.01722659,25
Carisoprodol,DB00395,drug,1.169196699,1405.890927,0.017978932,7
Carlumab,DB12718,drug,0.775447143,2.711075215,0.00104473,25
CARM1,10498,gene/protein,0.185235027,7700.234544,6.27E-09,5
Carmegliptin,DB12268,drug,0.996577086,2061.041565,0.01106779,17
Carmofur,DB09010,drug,0.191246377,156.1102036,2.71E-05,11
Carmustine,DB00262,drug,1.930245224,82337.00025,0.0234632,57
Carotuximab,DB06322,drug,0.776237546,4535.699624,0.00104473,42
Caroverine,DB13835,drug,1.035341318,2004.079558,0.012515647,16
Caroxazone,DB09254,drug,1.815202185,6440.866232,0.027339627,10
Carphenazine,DB01038,drug,0.186007858,5.35054693,0.00050941,2
Carprofen,DB00821,drug,2.001955576,12983.00195,0.027306893,7
Carteolol,DB00521,drug,0.537854508,921.3464353,0.00601682,2
Carvedilol,DB01136,drug,2.4456393,170033.0635,0.029288584,7
Casimiroin,DB08744,drug,0.150983286,0,1.71E-11,27
Casopitant,DB06634,drug,0.151043292,0,2.19E-11,9
CASP1,834,gene/protein,0.172596083,41517.16335,4.68E-09,11
CASP10,843,gene/protein,0.165182225,978.9741482,1.59E-09,29
CASP3,836,gene/protein,0.209390185,105725.5572,9.34E-09,14
CASP6,839,gene/protein,0.168360134,2966.142574,2.99E-09,31
CASP7,840,gene/protein,0.172751369,13442.8823,4.48E-09,20
CASP8,841,gene/protein,0.234791134,58970.50053,1.66E-08,20
CASP8AP2,9994,gene/protein,0.160535366,398.3489883,2.41E-09,53
CASP9,842,gene/protein,0.173399106,6142.44426,5.34E-09,30
Caspofungin,DB00520,drug,0.458313644,423.7646181,0.00309694,59
CASQ1,844,gene/protein,0.150615768,543.2957301,3.61E-10,31
CASR,846,gene/protein,0.155288561,18594.17648,1.83E-09,55
CASS4,57091,gene/protein,0.153585404,60.68552,9.69E-10,1
Castanospermine,DB01816,drug,0.616249187,31.05432196,0.00371322,58
Castor oil,DB11113,drug,0.631690719,2960.372485,0.00801359,2
CAT,847,gene/protein,0.169258953,25545.47161,2.61E-09,51
CAT-213,DB05429,drug,0.150602709,0,8.04E-12,22
Cathinone,DB01560,drug,0.992376657,3.844875753,0.015717914,28
Catridecacog,DB09310,drug,0.31495787,5382.135265,0.00120987,43
CATSPER1,117144,gene/protein,0.201464173,21619.41214,1.45E-09,24
CATSPERD,257062,gene/protein,0.153731724,48.2100022,8.28E-10,34
Catumaxomab,DB06607,drug,0.823422291,5984.094915,0.00107224,42
cauda equina syndrome,5693,disease,0.178491657,0,4.57E-05,46
CAV1,857,gene/protein,0.222019288,105912.1829,1.04E-08,30
CBFA2T2,9139,gene/protein,0.166537316,2287.553731,1.55E-09,15
CBFA2T3,863,gene/protein,0.164677491,1360.003973,1.90E-09,14
CBL,867,gene/protein,0.262881083,67777.44588,2.15E-08,4
CBLC,23624,gene/protein,0.193301605,6630.263636,1.02E-08,24
CBR1,873,gene/protein,0.160497463,33773.25709,1.64E-09,18
CBR3,874,gene/protein,0.15325731,843.9565844,9.40E-10,29
CBS,875,gene/protein,0.161669457,2960.910783,2.32E-09,30
CBX3,11335,gene/protein,0.181473322,4822.613338,4.16E-09,56
CBX4,8535,gene/protein,0.179886683,3339.268349,3.28E-09,30
CBX5,23468,gene/protein,0.209375771,18609.77999,6.69E-09,31
CBX8,57332,gene/protein,0.19871631,6336.161813,2.79E-09,45
CCAR1,55749,gene/protein,0.160073366,364.6297919,2.29E-09,32
CCAR2,57805,gene/protein,0.177097916,38516.07642,3.69E-09,9
CCDC102B,79839,gene/protein,0.208491723,9028.45927,2.29E-09,43
CCDC106,29903,gene/protein,0.163373029,895.8587,1.33E-09,15
CCDC107,203260,gene/protein,0.164833481,2306.046387,9.88E-10,20
CCDC116,164592,gene/protein,0.194061401,10043.14933,6.37E-09,36
CCDC124,115098,gene/protein,0.161299396,561.6240144,1.75E-09,20
CCDC153,283152,gene/protein,0.159447564,89.75185134,4.34E-10,12
CCDC159,126075,gene/protein,0.150941697,0,1.02E-10,19
CCDC179,100500938,gene/protein,0.151463098,18.87618161,1.03E-10,19
CCDC180,100499483,gene/protein,0.160595749,588.7343267,1.49E-09,24
CCDC183,84960,gene/protein,0.165320474,1386.731853,8.36E-10,20
CCDC186,55088,gene/protein,0.153624855,59.74190694,7.05E-10,6
CCDC33,80125,gene/protein,0.21241155,9548.38081,3.73E-09,36
CCDC40,55036,gene/protein,0.156807334,282.2078583,5.61E-10,14
CCDC47,57003,gene/protein,0.160891457,1674.934846,1.99E-09,19
CCDC51,79714,gene/protein,0.176018292,9344.897609,6.43E-10,23
CCDC82,79780,gene/protein,0.158826069,1049.538416,5.73E-10,31
CCDC86,79080,gene/protein,0.159314333,326.0226536,1.24E-09,29
CCDC88A,55704,gene/protein,0.177737971,5183.161522,2.97E-09,47
CCDC9,26093,gene/protein,0.167946709,1553.030523,1.38E-09,24
CCHCR1,54535,gene/protein,0.213901455,9303.46225,3.45E-09,21
CCKAR,886,gene/protein,0.150682534,10771.60297,1.86E-11,45
CCKBR,887,gene/protein,0.167823223,33012.91928,2.36E-09,15
CCL1,6346,gene/protein,0.152686516,93.78269889,2.58E-10,14
CCL11,6356,gene/protein,0.162376887,14195.6832,1.01E-09,29
CCL13,6357,gene/protein,0.162810566,5083.588129,5.52E-10,55
CCL16,6360,gene/protein,0.15791597,1344.95585,9.57E-10,11
CCL2,6347,gene/protein,0.181758033,49610.92851,2.05E-09,13
CCL20,6364,gene/protein,0.165907525,7326.734623,2.49E-09,38
CCL3,6348,gene/protein,0.167146623,8195.797099,1.22E-09,14
CCL4,6351,gene/protein,0.177055263,4689.711447,6.54E-10,54
CCL5,6352,gene/protein,0.189150442,46682.37152,2.22E-09,36
CCL7,6354,gene/protein,0.163717977,5735.162261,8.83E-10,33
CCL8,6355,gene/protein,0.159345428,792.87301,2.04E-10,56
CCNB1,891,gene/protein,0.194218912,6822.261085,8.18E-09,33
CCND1,595,gene/protein,0.211927757,63814.3741,1.16E-08,23
CCND2,894,gene/protein,0.187448353,7101.440134,8.09E-09,29
CCND3,896,gene/protein,0.188156029,6767.792309,6.38E-09,20
CCNE1,898,gene/protein,0.186410724,3908.055628,8.05E-09,33
CCNE2,9134,gene/protein,0.159406516,325.3338954,2.73E-09,57
CCNF,899,gene/protein,0.158101927,580.1018271,2.34E-09,54
CCNG2,901,gene/protein,0.162964492,1146.679947,4.07E-09,27
CCNH,902,gene/protein,0.190558616,10284.29744,6.43E-09,30
CCNI,10983,gene/protein,0.158068144,153.9783954,2.79E-09,34
CCNJ,54619,gene/protein,0.152889807,16.45337041,1.13E-09,50
CCNJL,79616,gene/protein,0.164452149,1612.612958,1.53E-09,15
CCNK,8812,gene/protein,0.180974465,6260.238326,4.15E-09,57
CCNT1,904,gene/protein,0.217789557,9552.036698,5.16E-09,39
CCNT2,905,gene/protein,0.202518447,6866.514197,5.77E-09,47
CCNYL1,151195,gene/protein,0.168752035,8598.697557,2.46E-09,10
CCNYL3,102724928,gene/protein,0.152367659,28.33049125,5.12E-10,20
CCR1,1230,gene/protein,0.169068557,3900.093953,9.44E-10,56
CCR10,2826,gene/protein,0.158456242,1445.132334,1.67E-09,9
CCR2,729230,gene/protein,0.168377222,17920.71472,1.43E-09,1
CCR3,1232,gene/protein,0.156132073,470.0293731,8.15E-10,8
CCR4,1233,gene/protein,0.164387086,9733.19812,5.90E-10,4
CCR5,1234,gene/protein,0.180902512,34782.21625,2.43E-09,56
CCR5 mAb,DB05906,drug,0.150640696,0,1.92E-11,50
CCR9,10803,gene/protein,0.15871233,5822.206946,4.09E-10,27
CCS,9973,gene/protein,0.153365075,289.7779095,1.26E-09,6
CCT-018159,DB07594,drug,0.150850875,0,3.92E-10,43
CCT2,10576,gene/protein,0.206514005,26147.36879,7.20E-09,57
CCT3,7203,gene/protein,0.239155602,25507.1965,7.09E-09,34
CCT5,22948,gene/protein,0.207618103,9664.727445,6.86E-09,4
CCT7,10574,gene/protein,0.206616966,12823.2846,6.58E-09,4
CCT8,10694,gene/protein,0.197156845,6396.475297,5.74E-09,19
CCX915,DB05159,drug,0.15050752,0,1.14E-11,41
CD109,135228,gene/protein,0.169537054,2167.220644,9.92E-10,27
CD14,929,gene/protein,0.179073995,5916.447516,1.13E-09,43
CD163,9332,gene/protein,0.151124453,351.2126997,1.79E-10,9
CD19,930,gene/protein,0.172633183,21795.03111,3.06E-09,20
CD1D,912,gene/protein,0.157014981,5974.548878,1.32E-10,41
CD2,914,gene/protein,0.162904422,6216.123308,3.15E-09,54
CD200R1,131450,gene/protein,0.153872445,43.3379854,8.40E-11,20
CD22,933,gene/protein,0.15844513,2787.9533,1.15E-09,4
CD226,10666,gene/protein,0.152145869,78.24124262,4.41E-10,4
CD274,29126,gene/protein,0.161457492,5459.640668,1.04E-09,56
CD276,80381,gene/protein,0.153611307,107.5209308,1.15E-10,4
CD300C,10871,gene/protein,0.154162726,596.2880853,3.74E-10,24
CD302,9936,gene/protein,0.158825592,952.7067518,3.69E-10,51
CD320,51293,gene/protein,0.159492018,928.792777,1.67E-09,15
CD33,945,gene/protein,0.164328175,6501.193198,2.22E-09,4
CD36,948,gene/protein,0.168464361,92281.08973,2.11E-09,1
CD38,952,gene/protein,0.153823309,672.2034278,5.28E-10,45
CD3D,915,gene/protein,0.154057415,1888.55375,1.05E-09,14
CD3G,917,gene/protein,0.153666184,1092.335153,1.26E-09,11
CD4,920,gene/protein,0.180774746,22688.24006,4.53E-09,19
CD40,958,gene/protein,0.175052453,8291.590788,3.44E-09,20
CD40LG,959,gene/protein,0.161946587,6763.779042,1.70E-09,51
CD44,960,gene/protein,0.198777104,31378.32625,7.65E-09,38
CD47,961,gene/protein,0.165276539,2156.702843,1.29E-09,31
CD5,921,gene/protein,0.157910276,471.284424,1.59E-09,31
CD53,963,gene/protein,0.178559037,7474.1527,1.79E-09,54
CD55,1604,gene/protein,0.177620946,14512.95444,2.33E-09,5
CD564,DB02741,drug,0.150573576,0,6.41E-11,12
CD6,923,gene/protein,0.171018033,1346.315496,7.19E-10,6
CD7,924,gene/protein,0.178739765,4011.661057,5.17E-09,22
CD79A,973,gene/protein,0.232955167,128574.6263,4.49E-09,13
CD79B,974,gene/protein,0.198943115,29745.02398,3.80E-09,4
CD80,941,gene/protein,0.153868219,258.1187167,1.76E-10,31
CD81,975,gene/protein,0.203777446,36155.81599,3.31E-09,53
CD86,942,gene/protein,0.15616595,4894.836163,1.24E-09,1
CD9,928,gene/protein,0.166029457,8680.126197,1.07E-09,57
CDA,978,gene/protein,0.157293538,9363.900003,4.28E-10,50
CDC25A,993,gene/protein,0.186688173,9843.196261,6.41E-09,32
CDC34,997,gene/protein,0.17857815,3372.861948,4.80E-09,24
CDC37,11140,gene/protein,0.271718632,83158.38025,1.22E-08,8
CDC42,998,gene/protein,0.234161774,43323.0918,1.43E-08,32
CDC42BPA,8476,gene/protein,0.165114783,1519.726601,2.87E-09,9
CDC42SE1,56882,gene/protein,0.152985789,46.78656452,7.46E-10,5
CDC45,8318,gene/protein,0.174327401,3465.285434,4.04E-09,50
CDC6,990,gene/protein,0.190047719,14523.47897,4.36E-09,20
CDC7,8317,gene/protein,0.181714375,8094.57437,5.57E-09,49
CDC73,79577,gene/protein,0.178350687,8158.423068,4.79E-09,43
CDCA7L,55536,gene/protein,0.179432536,4519.771584,2.76E-09,51
CDCP1,64866,gene/protein,0.154983903,155.768547,7.22E-10,19
CDH1,999,gene/protein,0.197208873,23378.58196,8.43E-09,56
CDH5,1003,gene/protein,0.18118696,21305.06832,3.20E-09,29
CDH8,1006,gene/protein,0.156019412,111.5011728,1.46E-09,22
CDIPT,10423,gene/protein,0.191491209,14785.37409,1.87E-09,5
CDK1,983,gene/protein,0.313896379,140198.6196,1.91E-08,15
CDK11B,984,gene/protein,0.166417884,2098.245335,4.52E-09,41
CDK12,51755,gene/protein,0.161451398,589.4646884,2.01E-09,29
CDK13,8621,gene/protein,0.174572996,3421.417508,4.11E-09,49
CDK16,5127,gene/protein,0.178082525,7694.318517,3.86E-09,14
CDK2,1017,gene/protein,0.363223633,887365.2024,2.10E-08,29
CDK3,1018,gene/protein,0.177846085,6971.736309,5.48E-09,46
CDK4,1019,gene/protein,0.255166093,74627.4356,1.60E-08,56
CDK5,1020,gene/protein,0.240351771,90708.1001,1.34E-08,15
CDK5RAP2,55755,gene/protein,0.175231514,2947.818705,2.48E-09,45
CDK6,1021,gene/protein,0.211846665,41168.40138,1.12E-08,8
CDK7,1022,gene/protein,0.201687973,17654.46796,8.39E-09,30
CDK8,1024,gene/protein,0.204001914,15354.59873,1.03E-08,36
CDK9,1025,gene/protein,0.270750024,37081.81277,1.16E-08,57
CDKL1,8814,gene/protein,0.156651463,318.1388648,2.69E-09,11
CDKL5,6792,gene/protein,0.17150336,2590.868231,3.59E-09,53
CDKN1A,1026,gene/protein,0.269291915,106572.6431,1.74E-08,29
CDKN1B,1027,gene/protein,0.196734078,7159.78875,1.06E-08,30
CDKN2A,1029,gene/protein,0.21102133,25603.19954,9.88E-09,1
CDKN2B,1030,gene/protein,0.178203161,2387.130974,4.71E-09,14
CDKN2C,1031,gene/protein,0.181059575,6438.171941,4.25E-09,14
CDKN2D,1032,gene/protein,0.171049544,3585.994765,2.81E-09,50
CDO1,1036,gene/protein,0.153888277,506.0824117,9.56E-10,20
CDP323,DB05092,drug,0.150692731,0,2.56E-11,54
CDR2,1039,gene/protein,0.19016083,11129.54349,2.64E-09,45
CDS2,8760,gene/protein,0.162680525,2814.855005,1.43E-09,38
CDYL,9425,gene/protein,0.165897898,2837.900548,2.21E-09,27
CEACAM1,634,gene/protein,0.156927434,1456.472598,1.11E-09,30
CEACAM5,1048,gene/protein,0.152743484,1233.1738,4.12E-10,20
CEBPA,1050,gene/protein,0.208023494,40810.3801,8.86E-09,56
CEBPB,1051,gene/protein,0.50324245,921880.4218,1.75E-08,39
CEBPD,1052,gene/protein,0.202105802,42869.77971,6.51E-09,41
CEBPE,1053,gene/protein,0.183200346,9471.46622,2.93E-09,21
CEBPG,1054,gene/protein,0.177908239,13452.29757,2.59E-09,8
Cediranib,DB04849,drug,0.237390235,255.983015,0.00028035,2
Cefacetrile,DB01414,drug,1.267888902,2831.359621,0.017219687,17
Cefaclor,DB00833,drug,1.377183907,5564.46821,0.01884283,16
Cefadroxil,DB01140,drug,1.246397943,2794.044305,0.017672176,16
Cefaloridine,DB09008,drug,1.264625081,2802.38604,0.01720539,52
Cefalotin,DB00456,drug,1.266710695,4084.158749,0.018019236,52
Cefamandole,DB01326,drug,1.182780776,2328.540693,0.016652354,16
Cefamandole nafate,DB14725,drug,0.285562323,24.06457453,0.00127894,3
Cefapirin,DB01139,drug,1.116268183,1335.899549,0.016329103,34
Cefatrizine,DB13266,drug,1.116257236,599.5493209,0.016329103,7
Cefazedone,DB13778,drug,1.116257236,599.5493209,0.016329103,58
Cefazolin,DB01327,drug,1.273909095,10568.61327,0.01727529,2
Cefbuperazone,DB13638,drug,1.116257236,599.5493209,0.016329103,25
Cefcapene,DB13461,drug,1.116257236,599.5493209,0.016329103,58
Cefdinir,DB00535,drug,1.356029102,8187.937366,0.018023356,16
Cefditoren,DB01066,drug,1.174682213,1993.889597,0.016576422,25
Cefepime,DB01413,drug,1.117245666,1643.158411,0.01631945,21
Cefetamet,DB13504,drug,1.116257236,599.5493209,0.016329103,25
Cefiderocol,DB14879,drug,0.150216928,0.32538084,1.72E-11,6
Cefixime,DB00671,drug,0.291796946,236.8273123,0.00130929,31
Cefmenoxime,DB00267,drug,1.116257236,599.5493209,0.016329103,28
Cefmetazole,DB00274,drug,1.116686592,1652.928844,0.016319449,52
Cefminox,DB09062,drug,1.116257236,599.5493209,0.016329103,58
Cefodizime,DB13470,drug,1.114342803,578.8854701,0.016319449,7
Cefonicid,DB01328,drug,1.114568898,1246.14019,0.01631945,16
Cefoperazone,DB01329,drug,1.182986906,1731.695681,0.016652354,16
Ceforanide,DB00923,drug,1.116257236,599.5493209,0.016329103,25
Cefotaxime,DB00493,drug,1.271106961,5996.38149,0.018023191,52
Cefotetan,DB01330,drug,1.175894044,1213.77387,0.01738426,16
Cefotiam,DB00229,drug,1.26980342,2864.160188,0.017229341,16
Cefoxitin,DB01331,drug,1.114352206,1196.475687,0.016319449,49
Cefozopran,DB13667,drug,1.116257236,599.5493209,0.016329103,7
Cefpiramide,DB00430,drug,1.116473926,798.3253233,0.016329103,2
Cefpirome,DB13682,drug,1.116257236,599.5493209,0.016329103,7
Cefpodoxime,DB01416,drug,1.160032692,1556.96103,0.016529936,58
Cefprozil,DB01150,drug,1.116261952,824.6144056,0.016329103,22
Cefradine,DB01333,drug,1.4785215,6489.12737,0.020208751,16
Cefroxadine,DB11367,drug,1.176278119,669.9629771,0.017367105,58
Cefsulodin,DB13499,drug,1.116257236,599.5493209,0.016329103,58
Ceftaroline fosamil,DB06590,drug,1.114342803,578.8854701,0.016319449,25
Ceftazidime,DB00438,drug,1.210249631,5517.355008,0.017468598,11
Ceftezole,DB13821,drug,1.114342803,578.8854701,0.016319449,58
Ceftibuten,DB01415,drug,1.37167173,9173.297784,0.018123043,16
Ceftiofur,DB11485,drug,0.183010588,1.635162339,0.00033501,3
Ceftizoxime,DB01332,drug,1.268660148,12852.75247,0.017219687,52
Ceftobiprole,DB04918,drug,1.114342803,578.8854701,0.016319449,58
Ceftobiprole medocaril,DB14733,drug,0.179677278,1.210132389,0.00030467,18
Ceftolozane,DB09050,drug,1.159635982,552.1156389,0.01730643,58
Ceftriaxone,DB01212,drug,1.263509049,6638.525115,0.017698337,16
Cefuroxime,DB01112,drug,1.179609782,3757.108596,0.016577673,34
CELA1,1990,gene/protein,0.158565123,81711.21775,5.24E-10,14
Celecoxib,DB00482,drug,2.49815688,36719.5536,0.03293295,7
Celiprolol,DB04846,drug,2.152286621,29574.26124,0.02695481,7
Cemiplimab,DB14707,drug,0.817635788,3124.793784,0.00107183,42
Cenegermin,DB13926,drug,0.150449847,0,5.61E-11,19
Cenisertib,DB06347,drug,0.150451316,0,1.13E-10,31
Cenobamate,DB06119,drug,1.821102853,27230.19571,0.01831245,18
CENPC,1060,gene/protein,0.162917394,635.2604957,1.31E-09,8
CENPE,1062,gene/protein,0.186069528,12187.86707,3.55E-09,9
CENPF,1063,gene/protein,0.172014874,3590.026703,2.40E-09,39
CENPL,91687,gene/protein,0.155503389,547.5381648,1.68E-09,45
CENPP,401541,gene/protein,0.162290278,1318.023684,9.17E-10,21
CENPT,80152,gene/protein,0.154619325,573.4111097,1.30E-09,38
CENPV,201161,gene/protein,0.158786866,355.6919815,1.30E-09,10
Centella asiatica,DB14256,drug,0.254013095,1.672787878,0.00196961,2
central diabetes insipidus,19846_15790,disease,2.337694235,0,0.00010946,43
central nervous system disease,2602,disease,2.935946475,63.12154772,0.00023414,22
CEP-1347,DB05403,drug,0.150559148,0,6.61E-11,19
CEP170B,283638,gene/protein,0.152521614,98.11506323,5.27E-10,51
CEP350,9857,gene/protein,0.165978946,1334.864963,2.59E-09,19
CEP55,55165,gene/protein,0.19725912,15364.14514,3.53E-09,4
CEP57,9702,gene/protein,0.172589744,5059.889926,2.80E-09,57
CEP70,80321,gene/protein,0.230053542,18627.68915,2.65E-09,23
CEP72,55722,gene/protein,0.183486758,3672.60409,1.94E-09,11
CEP83,51134,gene/protein,0.156363945,146.6604113,5.04E-10,47
CEP95,90799,gene/protein,0.161265969,629.0325547,1.37E-09,10
Cepeginterferon alfa-2B,DB12814,drug,1.206788229,14038.23248,0.0092017,17
Cephalexin,DB00567,drug,1.918141067,24470.68743,0.023709303,16
Cephaloglycin,DB00689,drug,1.117031426,817.694947,0.016329103,58
Cephalosporin analog,DB02136,drug,0.254013095,1.672787878,0.00196961,52
Cephalosporin C,DB03313,drug,0.254013095,1.672787878,0.00196961,52
Cephalothin Group,DB03450,drug,0.994067928,64.52955969,0.015317243,25
cerebellar degeneration,22687_4742,disease,1.891525598,0,6.22E-05,6
cerebrovascular disorder,11057,disease,10.18946889,438.9101946,0.00022706,22
Ceritinib,DB09063,drug,1.68651065,10644.07121,0.01969258,2
Cerivastatin,DB00439,drug,1.409245044,7356.166933,0.01705319,2
CERKL,375298,gene/protein,0.152405531,21.85901225,3.12E-10,45
Cerlapirdine,DB12229,drug,1.016792965,167.9635941,0.016020052,28
Cerliponase alfa,DB13173,drug,0.150602856,0,6.31E-11,38
Certolizumab pegol,DB08904,drug,2.800472772,158138.4559,0.027905,25
Certoparin,DB09261,drug,0.51429417,1.508106205,0.00653916,16
Cerulenin,DB01034,drug,0.173732681,262.4641546,0.00028569,59
Ceruletide,DB00403,drug,0.158005008,0,1.49E-13,38
CES1,1066,gene/protein,0.155357451,37019.10787,3.04E-10,30
Cethromycin,DB06419,drug,0.775389464,609.7225731,0.00861896,59
Cetiedil,DB13753,drug,0.155031785,0,3.81E-05,18
Cetilistat,DB06586,drug,0.158185469,0.333333333,1.34E-12,12
Cetirizine,DB00341,drug,2.076405708,11137.58389,0.031898392,28
CETN3,1070,gene/protein,0.159770097,928.9929219,7.01E-10,38
CETP,1071,gene/protein,0.153343349,5416.39383,4.26E-10,1
Cetrorelix,DB00050,drug,0.15698963,0,8.67E-12,34
Cetuximab,DB00002,drug,0.822354137,14382.682,0.00107224,42
Cetyl alcohol,DB09494,drug,0.15,0,3.99E-71,22
Cevimeline,DB00185,drug,1.46120437,4281.473978,0.022303449,52
CFAP157,286207,gene/protein,0.15167589,103.7020768,1.14E-10,9
CFAP45,25790,gene/protein,0.153143228,139.8997137,4.02E-10,14
CFB,629,gene/protein,0.165639251,22007.97539,8.13E-10,56
CFD,1675,gene/protein,0.153673054,10884.19001,6.96E-11,47
CFH,3075,gene/protein,0.164021634,3853.883541,1.46E-09,20
CFL1,1072,gene/protein,0.183939077,11935.51266,6.17E-09,29
CFLAR,8837,gene/protein,0.175818561,3867.491996,6.87E-09,33
CFTR,1080,gene/protein,0.234552758,101087.6488,8.44E-09,1
CG-200745,DB12259,drug,0.1927301,0.019387545,3.98E-05,3
CGREF1,10669,gene/protein,0.151912028,102.7477501,5.62E-10,38
CGS-27023,DB07556,drug,0.151608275,0,1.31E-11,57
CHAF1A,10036,gene/protein,0.183710228,3957.58154,4.15E-09,36
CHAF1B,8208,gene/protein,0.162606303,673.685031,2.76E-09,19
CHAT,1103,gene/protein,0.154021435,592.3372644,9.12E-10,23
CHCHD2,51142,gene/protein,0.169876015,2735.659018,1.40E-09,40
CHCHD3,54927,gene/protein,0.182068556,5804.952945,3.30E-09,10
CHCHD4,131474,gene/protein,0.161114621,301.612004,8.30E-10,29
CHCHD5,84269,gene/protein,0.15262357,32.9770668,3.45E-10,4
CHD1L,9557,gene/protein,0.165914238,1620.394558,2.80E-09,54
CHD4,1108,gene/protein,0.193210869,11517.38067,5.97E-09,31
CHD9,80205,gene/protein,0.157632312,776.6234731,1.85E-09,9
CHEK1,1111,gene/protein,0.241233877,220026.6773,1.12E-08,4
CHEK2,11200,gene/protein,0.205103114,23176.15658,9.71E-09,4
Chenodeoxycholic acid,DB06777,drug,0.499540961,2343.514858,0.00316776,52
CHF 4227,DB05882,drug,0.150810097,0,4.43E-10,8
CHGB,1114,gene/protein,0.166619541,1709.108104,2.43E-09,31
CHGN111,DB06376,drug,0.150639431,0,3.80E-11,57
CHIC2,26511,gene/protein,0.190922899,10622.04815,2.40E-09,9
CHIR-124,DB06852,drug,0.150468148,0,8.93E-11,46
CHIT1,1118,gene/protein,0.154794871,27028.57623,1.67E-10,49
CHKB,1120,gene/protein,0.150622066,114.1021626,2.35E-10,35
Chloral hydrate,DB01563,drug,1.775890486,5522.939403,0.028670579,27
Chlorambucil,DB00291,drug,0.955744269,6343.53857,0.0078109,16
Chloramphenicol,DB00446,drug,1.266067881,14565.87181,0.012500784,17
Chloramphenicol succinate,DB07565,drug,0.180095248,8.52807298,0.00030467,3
Chlorbenzoxamine,DB13788,drug,0.15,0,3.99E-71,43
Chlorcyclizine,DB08936,drug,0.64431469,142.5134272,0.00785435,2
Chlordiazepoxide,DB00475,drug,1.060169603,1204.459413,0.01625074,7
Chlorhexadol,DB01534,drug,1.05868063,1430.727091,0.015789737,28
Chlorhexidine,DB00878,drug,0.150216928,0,1.72E-11,38
Chloride ion,DB14547,drug,0.325184601,8.992955855,0.00367033,52
Chlormadinone,DB13528,drug,0.846520015,3255.829024,0.00694922,52
Chlormerodrin,DB00534,drug,0.152370374,0,4.98E-12,31
Chlormezanone,DB01178,drug,1.00058717,78.81421846,0.01579824,10
Chlorobutanol,DB11386,drug,0.150523549,0,3.25E-11,55
Chloroform,DB11387,drug,0.204733717,0.00455472,0.00080403,18
Chloroprocaine,DB01161,drug,0.625305418,995.0376321,0.00694842,52
Chloropyramine,DB08800,drug,0.203763381,16.69215131,0.00068294,18
Chloroquine,DB00608,drug,2.220119485,62620.8829,0.02958148,7
Chlorothiazide,DB00880,drug,2.328032696,31808.29011,0.030031677,43
Chlorotrianisene,DB00269,drug,1.056185474,22402.38699,0.00393027,42
Chloroxine,DB01243,drug,0.15,0,3.99E-71,15
Chloroxylenol,DB11121,drug,1.040599918,23.20628909,0.01632595,7
Chlorphenesin,DB00856,drug,0.176504318,26.8926326,0.00033356,40
Chlorpheniramine,DB01114,drug,1.781706925,9089.363221,0.025281595,28
Chlorphenoxamine,DB09007,drug,1.307387102,1922.94076,0.019046652,25
Chlorphentermine,DB01556,drug,1.467647488,7921.001013,0.020165944,34
Chlorproethazine,DB13382,drug,1.203148923,1885.176783,0.01784396,25
Chlorproguanil,DB12314,drug,0.190267151,0.09240698,0.00073082,18
Chlorpromazine,DB00477,drug,3.349346241,97601.72243,0.04126647,58
Chlorpropamide,DB00672,drug,2.230057951,41461.54725,0.026956802,48
Chlorprothixene,DB01239,drug,1.707747072,11842.26755,0.02337949,7
Chlorsulfaquinoxaline,DB12921,drug,0.296258356,25.92691927,0.00167559,2
Chlortetracycline,DB09093,drug,0.159649076,9.039489921,6.68E-05,0
Chlorthalidone,DB00310,drug,1.930101332,14444.64257,0.027936638,7
Chlorzoxazone,DB00356,drug,2.241256707,16436.72681,0.03324139,28
CHMP1A,5119,gene/protein,0.169556607,1564.295493,2.05E-09,31
CHMP4A,29082,gene/protein,0.172246871,3882.383247,7.10E-09,38
CHMP6,79643,gene/protein,0.16261615,810.1373493,1.35E-09,29
CHN2,1124,gene/protein,0.16014875,501.7483354,3.18E-09,31
cholangitis,4789_1929_1930_1931,disease,8.31534519,4.301197991,0.00022275,47
Cholecalciferol,DB00169,drug,0.666841586,3113.492239,0.00780555,52
Cholecystokinin,DB08862,drug,0.39848247,6618.3783,0.0024043,2
Cholesterol,DB04540,drug,0.288728503,2845.039947,0.00150698,26
Cholesterol sulfate,DB01990,drug,0.150618388,0,2.59E-11,40
Cholestyramine,DB01432,drug,0.70880375,4674.69943,0.00618463,46
Cholic Acid,DB02659,drug,0.88836777,27764.30782,0.00662963,16
Choline,DB00122,drug,0.320753101,1745.035624,0.00201853,26
Choline alfoscerate,DB04660,drug,0.151822017,0,2.74E-12,53
Choline C 11,DB09277,drug,1.099601846,6173.246429,0.01639702,7
Choline magnesium trisalicylate,DB01401,drug,1.894003791,7096.843645,0.027107241,7
Choline salicylate,DB14006,drug,1.548313647,22358.62422,0.020394055,58
Chondroitin sulfate,DB09301,drug,1.05419654,29670.1898,0.016379973,52
chordoid glioma of the third ventricle,16706,disease,1.276189252,0,4.74E-05,57
Choriogonadotropin alfa,DB00097,drug,0.153444572,0,2.38E-11,51
Chorionic Gonadotropin (Human),DB09126,drug,0.152039457,0,8.33E-12,10
CHPT1,56994,gene/protein,0.165789099,5015.51992,3.52E-10,49
CHRD,8646,gene/protein,0.186106907,6562.8263,1.51E-09,39
CHRFAM7A,89832,gene/protein,0.15150508,16419.84124,3.77E-10,1
CHRM1,1128,gene/protein,0.154983918,9258.71139,2.61E-10,45
CHRM2,1129,gene/protein,0.154685375,18134.28567,8.85E-10,51
CHRM3,1131,gene/protein,0.194422548,68174.54271,1.76E-09,14
CHRM4,1132,gene/protein,0.181434834,54955.85332,1.11E-09,35
CHRM5,1133,gene/protein,0.158496325,16042.89046,4.18E-10,29
CHRNA2,1135,gene/protein,0.150491771,4104.62005,1.92E-10,33
CHRNA3,1136,gene/protein,0.166044257,9111.131,3.37E-11,56
CHRNA4,1137,gene/protein,0.152555175,8282.56464,2.48E-10,49
CHRNA7,1139,gene/protein,0.151066894,13474.18033,3.06E-10,30
CHRNA9,55584,gene/protein,0.164461086,14915.50837,2.73E-10,9
CHRNB2,1141,gene/protein,0.155851427,5628.941911,1.19E-10,4
CHRNB4,1143,gene/protein,0.153313778,1299.446457,6.49E-11,13
CHRND,1144,gene/protein,0.174435284,1287.274006,2.54E-10,33
Chromic chloride,DB09129,drug,1.029948188,2056.041473,0.01618429,52
Chromic citrate,DB14526,drug,1.04224502,3392.497277,0.01632595,16
Chromic nitrate,DB14527,drug,1.04224502,3392.497277,0.01632595,16
Chromium,DB11136,drug,1.031215433,3353.406239,0.01618403,3
Chromium gluconate,DB14528,drug,1.04224502,3392.497277,0.01632595,16
Chromium nicotinate,DB14529,drug,1.04224502,3392.497277,0.01632595,52
Chromous sulfate,DB14530,drug,1.04224502,3392.497277,0.01632595,2
chronic diarrheal disease,44751,disease,3.576052815,1.044097754,2.02E-05,39
chronic hepatitis B virus infection,5366,disease,0.296191213,0,9.40E-05,9
chronic hepatitis C virus infection,5354,disease,2.60617052,0,0.00023171,21
"chronic myelogenous leukemia, BCR-ABL1 positive",11996,disease,1.341795636,0,0.0001257,38
chronic obstructive pulmonary disease,5002,disease,13.59864805,580.3930698,0.00026763,46
CHTF18,63922,gene/protein,0.155325082,98.4874393,2.12E-09,34
CHTOP,26097,gene/protein,0.169134594,1995.855046,2.28E-09,30
CHUK,1147,gene/protein,0.229879275,51352.42389,1.27E-08,1
chylomicron retention disease,9528,disease,1.359452909,0,1.56E-05,45
Chymopapain,DB06752,drug,0.150692242,0,1.15E-11,54
Cianidanol,DB14086,drug,0.15,0,3.99E-71,40
CIAO1,9391,gene/protein,0.166837389,1758.965512,2.04E-09,46
CIAPIN1,57019,gene/protein,0.164636863,1324.548666,1.70E-09,57
Cibacron Blue,DB02633,drug,0.151079445,0,5.23E-11,40
Cibenzoline,DB13358,drug,0.8314028,524.809293,0.010013797,58
Ciclesonide,DB01410,drug,1.732175199,25574.10674,0.01911329,17
Cicletanine,DB12766,drug,1.871106699,8138.083333,0.027574794,28
Ciclopirox,DB01188,drug,0.150449564,0.255446063,2.92E-11,55
CIDEC,63924,gene/protein,0.154866272,474.611356,4.51E-10,19
Cidofovir,DB00369,drug,1.173418247,3045.865925,0.01689236,25
Ciglitazone,DB09201,drug,1.177721441,4942.959171,0.013797788,2
CIITA,4261,gene/protein,0.17846439,3979.200452,5.26E-09,43
Cilansetron,DB04885,drug,1.017572194,483.1274249,0.01602005,28
Cilastatin,DB01597,drug,0.26788024,685.8633084,0.00114146,0
Cilazapril,DB01340,drug,1.213411204,5673.70445,0.01672358,16
Cilazaprilat,DB15565,drug,0.526268363,1225.078359,0.00477399,2
ciliary body disease,2970,disease,2.158379414,0,0.00016556,12
Cilnidipine,DB09232,drug,1.22724207,5066.117078,0.015789433,16
Cilomilast,DB03849,drug,0.153092555,4.817680118,1.77E-05,47
Cilostazol,DB01166,drug,2.549798513,26357.16931,0.03334292,7
CILP,8483,gene/protein,0.150881812,13.31371556,3.70E-10,34
Cimetidine,DB00501,drug,2.274170655,40900.29352,0.028198048,16
Cimetropium,DB09271,drug,0.314665463,36.90137503,0.00288926,2
Cimicoxib,DB05095,drug,1.915120673,8079.444728,0.02719879,7
Cinacalcet,DB01012,drug,0.786663386,1555.582647,0.010303664,0
Cinalukast,DB00587,drug,0.151962575,0,1.56E-12,54
Cinazepam,DB14715,drug,1.068383164,847.8460595,0.016256359,28
Cinchocaine,DB00527,drug,0.530503341,1815.466852,0.00574184,2
Cinchophen,DB13551,drug,0.163412681,1.272425107,0.00028911,51
Cinepazide,DB12123,drug,0.155031785,0,3.81E-05,3
Cinitapride,DB08810,drug,1.472860341,2129.48993,0.023884352,28
Cinnamaldehyde,DB14184,drug,0.212801152,0,1.40E-05,3
Cinnarizine,DB00568,drug,1.948641109,16749.62777,0.02468094,7
Cinolazepam,DB01594,drug,1.063662436,617.8661159,0.016320638,7
Cinoxacin,DB00827,drug,1.454898023,11012.06399,0.015711689,16
Cintredekin Besudotox,DB05305,drug,0.15052482,0,5.76E-11,10
Ciprofibrate,DB09064,drug,0.365147703,817.9454827,0.00220982,0
Ciprofloxacin,DB00537,drug,2.413042696,53119.99359,0.0282563,16
Cirazoline,DB09202,drug,0.964853776,1300.999022,0.01519523,16
CIRBP,1153,gene/protein,0.177257306,3218.958527,2.80E-09,41
"CIS-(1R,2S)-2-AMINO-1,2,3,4-TETRAHYDRONAPHTHALEN-1-OL",DB07597,drug,0.151038323,0,5.46E-12,8
"Cis-[4,5-Bis-(4-Bromophenyl)-2-(2-Ethoxy-4-Methoxyphenyl)-4,5-Dihydroimidazol-1-Yl]-[4-(2-Hydroxyethyl)Piperazin-1-Yl]Methanone",DB02872,drug,0.150399725,0,2.22E-10,43
"Cis-[4,5-Bis-(4-Chlorophenyl)-2-(2-Isopropoxy-4-Methoxyphenyl)-4,5-Dihyd Roimidazol-1-Yl]-Piperazin-1-Yl-Methanone",DB04144,drug,0.150399725,0,2.22E-10,22
Cisapride,DB00604,drug,2.124221849,18761.05479,0.028641545,28
Cisatracurium,DB00565,drug,1.508560689,6725.101155,0.020399324,44
CISD1,55847,gene/protein,0.153746299,84.88830797,4.57E-10,29
CISD2,493856,gene/protein,0.181235597,9153.97003,1.21E-09,12
cis-Diamminechlorocholylglycinateplatinum(II),DB08858,drug,0.237188935,109.98519,0.00035755,26
CISH,1154,gene/protein,0.16852408,2266.918086,4.83E-09,6
Cisplatin,DB00515,drug,2.298608134,127046.3373,0.02675204,58
cis-tetracosenoyl sulfatide,DB04661,drug,0.152901363,0,1.06E-12,40
cis-Vaccenic acid,DB04801,drug,0.150435126,0,9.13E-11,11
Citalopram,DB00215,drug,2.244574916,15258.52081,0.031091421,58
CITED2,10370,gene/protein,0.157930096,197.8727111,2.81E-09,19
Citric acid,DB04272,drug,0.220341828,14881.88817,0.00065644,48
citrin deficiency,16602,disease,1.606679411,2.271978598,2.76E-05,32
Citrulline,DB00155,drug,0.369945263,13510.73479,0.0024062,26
citrullinemia,8988_16603_15991,disease,0.857656862,25.09256008,2.76E-05,5
Cixutumumab,DB12250,drug,0.775854283,3506.168823,0.00104473,42
CKAP4,10970,gene/protein,0.176636075,8422.860567,1.69E-09,55
CKB,1152,gene/protein,0.163200537,6389.25476,2.05E-09,12
CKLF,51192,gene/protein,0.153042951,21.13382169,3.70E-10,41
CKM,1158,gene/protein,0.158808832,15441.90875,1.48E-09,30
CKS1B,1163,gene/protein,0.1791127,20960.73028,4.23E-09,1
Cladribine,DB00242,drug,1.120045378,31202.59132,0.00829477,16
Clarithromycin,DB01211,drug,1.361367305,5007.049029,0.016134013,52
Clascoterone,DB12499,drug,0.153403291,0,3.96E-10,54
classic Hodgkin lymphoma,9348,disease,9.226547718,158.219664,0.00036388,32
"classic Hodgkin lymphoma, lymphocyte-rich type",20329,disease,4.769092933,0,0.00036351,46
Clavulanic acid,DB00766,drug,0.18574406,1980.349104,0.00035887,46
Clazakizumab,DB12849,drug,0.777907291,9.850502048,0.00104514,25
Clazosentan,DB06677,drug,0.151005063,0,1.29E-11,24
CLC,1178,gene/protein,0.150736478,5467.672438,5.87E-11,47
CLCN2,1181,gene/protein,0.164241768,8557.658483,7.90E-10,38
CLCN6,1185,gene/protein,0.159042774,127.6325202,1.89E-09,21
CLCNKA,1187,gene/protein,0.157738104,3098.926089,5.39E-10,33
CLDN17,26285,gene/protein,0.151571179,6.017549517,2.24E-10,38
CLDN3,1365,gene/protein,0.152220562,59.26912711,4.39E-10,27
CLDN4,1364,gene/protein,0.167757199,1859.160425,3.78E-10,43
CLDN5,7122,gene/protein,0.167961926,4203.376175,1.44E-09,47
CLDN7,1366,gene/protein,0.175863613,2642.596942,4.22E-10,8
CLDN9,9080,gene/protein,0.161493581,1273.554149,5.65E-10,4
clear cell renal carcinoma,5005,disease,16.81057239,11.53139732,0.00018223,57
Clebopride,DB13511,drug,0.182634718,0.631421107,0.00050941,59
CLEC10A,10462,gene/protein,0.155560684,293.7566427,9.98E-11,20
CLEC2D,29121,gene/protein,0.340387202,34446.29992,5.38E-10,22
CLEC3B,7123,gene/protein,0.155607356,937.2094858,8.91E-10,45
Clemastine,DB00283,drug,1.457719863,3055.919386,0.021746459,28
Clenbuterol,DB01407,drug,1.135601688,13872.6522,0.01681719,52
Clenoliximab,DB06241,drug,0.776043495,1600.023858,0.00104473,42
Clevidipine,DB04920,drug,2.333837346,21623.48392,0.0310816,7
Clevudine,DB06683,drug,0.173328693,7.317912143,5.44E-05,36
CLGN,1047,gene/protein,0.155835905,161.5369709,1.72E-10,57
CLIC1,1192,gene/protein,0.177060014,7573.124992,5.61E-09,22
Clidinium,DB00771,drug,1.29451968,3321.459825,0.019052814,46
Climbazole,DB15580,drug,0.15,0,3.99E-71,6
Clinafloxacin,DB14025,drug,0.57102653,347.3853281,0.005983,59
Clindamycin,DB01190,drug,1.099021838,8875.62413,0.012272109,2
Clinofibrate,DB09006,drug,0.15121875,0,3.20E-10,57
CLK1,1195,gene/protein,0.187315848,17921.809,4.80E-09,47
CLK2,1196,gene/protein,0.21279553,21263.83104,6.14E-09,34
CLK3,1198,gene/protein,0.187564473,15937.85363,5.04E-09,49
CLN3,1201,gene/protein,0.166463064,532.5367152,1.79E-09,55
CLN6,54982,gene/protein,0.17047104,6654.915527,9.95E-10,27
CLNS1A,1207,gene/protein,0.1806842,4361.073772,2.74E-09,27
Clobazam,DB00349,drug,2.440662588,29313.28969,0.03425738,25
Clobetasol,DB11750,drug,1.619660226,9686.673264,0.01638525,44
Clobetasol propionate,DB01013,drug,1.648172292,20187.23853,0.016541817,17
Clobetasone,DB13158,drug,0.41965763,1360.543251,0.00234426,16
CLOCK,9575,gene/protein,0.170763271,799.3681669,1.95E-09,29
Clocortolone,DB00838,drug,0.313777498,560.242876,0.00201562,0
Clocortolone acetate,DB14652,drug,1.339168729,6606.456279,0.013992845,58
Clodronic acid,DB00720,drug,0.776330564,8733.135913,0.00528673,52
Clofarabine,DB00631,drug,2.073623644,28934.46372,0.025364558,2
Clofazimine,DB00845,drug,1.111371718,9405.347577,0.01288138,2
Clofedanol,DB04837,drug,0.18100804,6.851644264,0.00049705,0
Clofenamide,DB13663,drug,1.042433263,1964.208468,0.014377965,58
Clofibrate,DB00636,drug,0.73233445,3717.387625,0.00727242,18
Clofibride,DB13849,drug,0.364684256,115.6421679,0.00220981,52
Clomethiazole,DB06470,drug,1.371983582,3759.196212,0.01962421,58
Clometocillin,DB13686,drug,0.373732545,75.48733461,0.00232483,52
Clomifene,DB00882,drug,0.446026435,2382.604071,0.00322208,12
Clomipramine,DB01242,drug,3.04004613,51195.2298,0.04009449,28
Clomocycline,DB00453,drug,0.728569285,4871.915364,0.00306845,17
Clonazepam,DB01068,drug,2.060648132,20524.56332,0.03061729,7
Clonidine,DB00575,drug,2.448304929,29772.24654,0.03321455,58
Clonixin,DB09218,drug,1.882766518,6180.823484,0.027066228,58
Clopamide,DB13792,drug,1.042433263,1964.208468,0.014377965,7
Clopenthixol,DB13841,drug,1.063956404,693.696863,0.01644379,12
Clopidogrel,DB00758,drug,1.679602553,9904.59755,0.02112756,16
Cloprednol,DB13843,drug,1.744012443,12002.3565,0.01686765,44
Cloprostenol,DB11507,drug,0.832168743,1397.452863,0.009104,44
Cloranolol,DB13508,drug,1.795239566,11396.4491,0.02356776,28
Clorazepic acid,DB00628,drug,1.937707606,10665.07469,0.029495708,58
Clorexolone,DB13617,drug,1.042433263,1964.208468,0.014377965,58
Clorgiline,DB04017,drug,1.812042548,6391.235948,0.027297179,28
Cloricromen,DB13367,drug,0.71704374,343.1423452,0.00778219,58
Clorindione,DB13275,drug,2.589056498,66351.67528,0.018849936,44
Clorobiocin,DB03966,drug,0.168410327,0.06517644,0.00027621,0
Clorsulon,DB11389,drug,0.296258356,25.92691927,0.00167559,59
Clortermine,DB01527,drug,0.15,0,3.99E-71,15
closed-angle glaucoma,1966_1817,disease,1.812673365,0,0.00010471,46
Clostebol,DB01521,drug,0.22382692,1.247069418,0.00085718,3
Clostridium difficile colitis,705,disease,0.218615845,0,0.00030844,51
Clostridium tetani toxoid antigen (formaldehyde inactivated),DB10583,drug,0.541703096,129.3863876,0.00358552,44
Clothiapine,DB13256,drug,1.053667776,284.1628083,0.016364555,7
Clotiazepam,DB01559,drug,1.209021731,2053.368515,0.018241922,7
Clotrimazole,DB00257,drug,0.189962895,491.8786993,0.00039332,59
Clove oil,DB11338,drug,1.042894778,25342.98267,0.01632595,52
Cloxacillin,DB01147,drug,0.430120677,868.510167,0.00276279,52
Cloxazolam,DB01553,drug,1.06004085,605.2201688,0.016264715,7
Clozapine,DB00363,drug,3.152759655,78604.43156,0.04050842,25
CLPB,81570,gene/protein,0.159787765,561.9109198,8.40E-10,51
CLPP,8192,gene/protein,0.228347034,18025.66308,5.88E-10,1
CLPS,1208,gene/protein,0.159502565,4449.263944,2.08E-10,30
CLTC,1213,gene/protein,0.23717462,40940.99867,1.64E-08,10
CLU,1191,gene/protein,0.220984405,99368.25285,7.09E-09,1
CLX-0921,DB05854,drug,0.150346583,0,1.45E-10,12
CMA1,1215,gene/protein,0.152348407,7589.330804,3.70E-10,29
CMAS,55907,gene/protein,0.156553811,5812.113325,1.34E-09,31
CMPK1,51727,gene/protein,0.151879817,12304.39023,9.35E-10,35
CMTM7,112616,gene/protein,0.188499496,3471.437871,3.17E-10,50
CNDP1,84735,gene/protein,0.154924225,557.4403474,3.35E-10,20
CNDP2,55748,gene/protein,0.173079344,3782.860925,1.36E-09,11
CNNM3,26505,gene/protein,0.189110394,9009.99286,2.35E-09,9
CNOT7,29883,gene/protein,0.163854526,2592.10322,2.29E-09,34
CNPY3,10695,gene/protein,0.169092974,4363.73813,7.19E-10,50
CNR1,1268,gene/protein,0.152798609,17472.45588,1.08E-10,35
CNR2,1269,gene/protein,0.156710147,4634.846912,1.25E-10,1
CNS-5161,DB05824,drug,0.150542923,0,1.51E-11,50
CNST,163882,gene/protein,0.157666188,661.892746,1.04E-09,46
CNTD1,124817,gene/protein,0.151849154,3.789939531,5.80E-10,38
CNTN2,6900,gene/protein,0.165817509,770.5858722,3.98E-09,8
CNTRL,11064,gene/protein,0.159011894,527.7743938,9.55E-10,57
COA4,51287,gene/protein,0.15115683,0,4.79E-10,54
Coagulation Factor IX (Recombinant),DB00100,drug,0.31333791,2854.953772,0.00120876,59
Coagulation Factor IX Human,DB13152,drug,0.310442829,2831.88864,0.0011907,59
Coagulation factor VII human,DB13150,drug,0.305418867,1953.825884,0.0011907,59
Coagulation factor VIIa Recombinant Human,DB00036,drug,0.31507347,2892.532088,0.00120987,59
Coagulation factor X human,DB13148,drug,0.302146892,167.400404,0.0011907,52
CoA-S-acetyl 5-bromotryptamine,DB03341,drug,0.157216066,0,4.01E-12,10
CoA-s-acetyl tryptamine,DB02931,drug,0.157216066,0,4.01E-12,47
CoA-S-trimethylene-acetyl-tryptamine,DB01777,drug,0.157216066,0,4.01E-12,15
Cobalamin,DB14098,drug,0.15,0,3.99E-71,32
Cobicistat,DB09065,drug,1.147707003,2204.151935,0.013996482,18
Cobimetinib,DB05239,drug,1.087064029,6667.147638,0.010670321,59
Cobiprostone,DB05514,drug,0.153490136,0,6.33E-12,27
Cocaine,DB00907,drug,1.769379392,18663.44397,0.024218706,28
Coccidioides immitis spherule,DB11294,drug,0.15284019,0,8.23E-11,53
COCH,1690,gene/protein,0.153927021,201.0312346,3.89E-11,31
Codeine,DB00318,drug,2.16950819,22439.31099,0.0320082,28
Codrituzumab,DB14843,drug,0.777907291,9.850502048,0.00104514,28
Coenzyme A,DB01992,drug,0.15762362,0,3.98E-10,12
Coenzyme A persulfide,DB04036,drug,0.153156404,0,7.85E-13,47
Coenzyme M,DB09110,drug,0.151530745,1,9.52E-12,48
COG1,9382,gene/protein,0.16006403,1442.260045,1.92E-09,24
COL18A1,80781,gene/protein,0.170680452,4996.098841,8.05E-10,13
COL1A2,1278,gene/protein,0.173574626,29809.86641,1.15E-09,4
COL2A1,1280,gene/protein,0.170438649,6696.414447,8.46E-10,54
COL3A1,1281,gene/protein,0.162564908,2645.603425,5.63E-10,12
COL4A4,1286,gene/protein,0.152126094,5384,3.10E-12,14
COL5A1,1289,gene/protein,0.16630505,3334.182377,1.17E-09,40
COL6A2,1292,gene/protein,0.17126181,4719.180099,8.09E-10,21
COL6A6,131873,gene/protein,0.151666579,0,1.25E-11,31
COL8A1,1295,gene/protein,0.18640781,3913.548388,9.50E-10,51
Colchiceine,DB15534,drug,0.151200436,0,1.75E-10,41
Colchicine,DB01394,drug,2.153075205,29724.18107,0.025573919,58
Colesevelam,DB00930,drug,0.62369244,1677.69224,0.00525991,52
Colestilan chloride,DB11634,drug,0.15,0,3.99E-71,40
Colestipol,DB00375,drug,0.694746698,3211.548584,0.00524156,16
Colforsin,DB02587,drug,0.15693355,86.94514223,3.81E-05,36
Colfosceril palmitate,DB09114,drug,0.15,0,3.99E-71,22
Colistimethate,DB01111,drug,1.072892672,994.9647381,0.0159905,58
Colistin,DB00803,drug,1.234375265,3336.344532,0.016800341,25
Collagenase clostridium histolyticum,DB00048,drug,0.337648991,12211.65922,0.00128907,52
colonic neoplasm,5401,disease,18.27726465,0,5.17E-05,11
colorectal cancer,5575,disease,20.94749657,200.6816856,5.17E-05,55
Coltuximab ravtansine,DB06342,drug,1.157635776,18187.56705,0.00599457,42
Combretastatin,DB12596,drug,0.191246377,0.019387545,2.71E-05,2
Combretastatin A4,DB14680,drug,0.191246377,0.019387545,2.71E-05,17
COMMD1,150684,gene/protein,0.179818973,3856.715446,4.00E-09,10
COMMD7,149951,gene/protein,0.153226408,77.48651842,7.48E-10,56
common wart,1209,disease,0.775388715,0,8.64E-06,10
Compound 18,DB02715,drug,0.150379934,0,3.14E-10,38
Compound 19,DB02615,drug,0.150737722,0,4.17E-10,36
Compound 4-D,DB03742,drug,0.150379934,0,3.14E-10,50
"Compound 5, 2-(Naphthalen-1-Yl-Oxalyl-Amino)-Benzoicacid",DB03982,drug,0.150357788,0,1.04E-10,39
COMT,1312,gene/protein,0.199870335,145339.3957,4.48E-09,30
COMTD1,118881,gene/protein,0.171154846,12334.34501,7.38E-10,36
Conatumumab,DB11646,drug,0.816612509,1418.211261,0.00107183,25
Concanamycin A,DB14062,drug,0.150402083,0,3.11E-11,5
Concizumab,DB12820,drug,0.777907291,9.850502048,0.00104514,42
Conestat alfa,DB09228,drug,0.215679159,583.2423429,0.00033467,18
congenital alveolar capillary dysplasia,9934,disease,0.252244662,0,3.68E-05,54
congenital sucrase-isomaltase deficiency,9114,disease,0.281633352,0,2.03E-10,39
congestive heart failure,5009,disease,12.10308173,8.042326505,0.00050444,19
Conivaptan,DB00872,drug,1.855187853,13787.23524,0.024343446,52
Conjugated estrogens,DB00286,drug,2.508700313,171652.7135,0.02479548,42
constipation disorder,2203,disease,0.877117739,0,0.00026245,40
contact dermatitis,5480,disease,9.77162139,193.5261414,0.00027375,34
Contulakin-G,DB05950,drug,0.15135286,0,8.83E-12,47
COPA,1314,gene/protein,0.170206456,1291.976128,2.86E-09,10
Copanlisib,DB12483,drug,1.113068001,8059.75733,0.011663013,48
COPB1,1315,gene/protein,0.17997711,3709.877453,2.99E-09,9
COPB2,9276,gene/protein,0.162935249,1151.096421,3.69E-09,31
"COPD, severe early onset",11751,disease,8.582022847,225.6520659,0.00026719,49
COPG1,22820,gene/protein,0.166174335,7103.688569,1.91E-09,49
Copper,DB09130,drug,0.299350851,6613.720826,2.54E-06,55
Coproporphyrin I,DB03727,drug,0.150787901,0,1.43E-11,50
Coproporphyrinogen III,DB04461,drug,0.150787901,0,1.43E-11,8
COPS3,8533,gene/protein,0.178032133,7353.299611,4.32E-09,43
COPS5,10987,gene/protein,0.23284966,49715.49207,9.86E-09,15
COPS6,10980,gene/protein,0.221405434,24495.92679,6.46E-09,56
COPS7A,50813,gene/protein,0.178326767,3743.584336,3.33E-09,13
COPS8,10920,gene/protein,0.166392821,828.7129184,2.35E-09,34
COQ10B,80219,gene/protein,0.151250507,5.76235211,1.96E-10,43
COQ4,51117,gene/protein,0.157640145,814.7239828,1.29E-09,41
COQ5,84274,gene/protein,0.155625463,428.6878227,2.90E-10,1
COQ9,57017,gene/protein,0.16933586,1733.080078,6.49E-10,31
Cordycepin,DB12156,drug,0.214374672,21.29180466,0.00031281,3
Cordycepin Triphosphate,DB01860,drug,0.151813975,0,1.04E-11,47
Corifollitropin alfa,DB09066,drug,1.09375368,9628.08203,0.01635091,58
CORO1B,57175,gene/protein,0.163552796,4625.060348,2.71E-09,34
CORO2A,7464,gene/protein,0.167225703,3147.710576,3.32E-09,46
coronary thrombosis,6716,disease,1.954285266,0,0.00027667,51
Corticorelin,DB05394,drug,0.151678485,0,1.05E-11,50
Corticorelin ovine triflutate,DB09067,drug,0.240146726,7.125725563,0.00100886,3
Corticosterone,DB04652,drug,0.162808111,48.22488582,0.0001449,47
Corticotropin,DB01285,drug,1.632952781,25369.76518,0.015032339,44
Cortisone,DB14681,drug,1.46149219,8461.10784,0.01468781,44
Cortisone acetate,DB01380,drug,1.980797651,75673.4763,0.01716429,37
Cortivazol,DB13003,drug,1.75399607,19801.79271,0.0168764,58
Corynebacterium diphtheriae toxoid antigen (formaldehyde inactivated),DB10584,drug,0.541703096,129.3863876,0.00358552,44
Cositecan,DB05806,drug,0.150531861,0,5.07E-11,54
COTL1,23406,gene/protein,0.156168174,806.3177774,1.52E-09,33
Coumaphos,DB11390,drug,0.905542957,1106.383712,0.011562049,17
Coumarin,DB04665,drug,2.790726558,80424.56626,0.02186871,58
Coumarin 120,DB08168,drug,0.150633124,0,1.50E-11,41
Coumermycin A1,DB13912,drug,0.209656704,24.60537563,0.00030333,52
COX17,10063,gene/protein,0.161953369,448.8397088,9.49E-10,36
COX18,285521,gene/protein,0.150562097,0,1.40E-10,46
COX20,116228,gene/protein,0.166856726,4154.051642,1.12E-09,55
COX4I2,84701,gene/protein,0.151405775,5.923600079,4.31E-11,39
COX7B,1349,gene/protein,0.153720406,265.4428399,4.57E-10,15
CP,1356,gene/protein,0.162011781,7764.599578,8.60E-10,20
CP-122721,DB05421,drug,0.150916897,0,7.71E-12,32
"Cp-166572, 2-Hydroxymethyl-4-(4-N,N-Dimethylaminosulfonyl-1-Piperazino)-Pyrimidine",DB04478,drug,0.150916829,0,1.21E-11,11
CP-271485,DB02118,drug,0.150953031,0,1.33E-12,12
CP-320626,DB03383,drug,0.151371395,0,9.97E-12,24
CP-744809,DB07187,drug,0.152372549,0,6.88E-12,10
CPA1,1357,gene/protein,0.150564136,64686.77639,3.57E-11,3
CPA6,57094,gene/protein,0.15118806,154.4772084,1.50E-10,24
Cpad,DB04071,drug,0.154220762,0,2.33E-14,8
CPB2,1361,gene/protein,0.154287184,6446.155007,1.76E-10,31
CPD,1362,gene/protein,0.155632902,6124.623783,1.11E-09,12
CPE,1363,gene/protein,0.155318569,1057.944017,3.25E-10,33
CPG 10101,DB05530,drug,0.15095477,0,1.32E-11,47
CPI-1205,DB14581,drug,0.150423165,0,1.12E-10,41
CPLX4,339302,gene/protein,0.202701179,6650.577348,7.49E-10,55
CPN1,1369,gene/protein,0.153752197,5741.864786,3.45E-10,23
CPNE2,221184,gene/protein,0.18018743,1810.60566,1.58E-09,24
CPNE5,57699,gene/protein,0.157955374,304.8381773,4.91E-10,14
CPNE7,27132,gene/protein,0.168196001,2350.557978,1.12E-09,45
CPOX,1371,gene/protein,0.155411426,241.4251144,1.59E-09,53
CPS1,1373,gene/protein,0.167905411,14738.29928,1.96E-09,45
CPSF4L,642843,gene/protein,0.153453493,92.31825602,3.66E-10,45
CPSF7,79869,gene/protein,0.180487797,20460.77505,3.82E-09,49
CPT1A,1374,gene/protein,0.183201771,17647.25089,2.40E-09,34
CPTP,80772,gene/protein,0.154556495,203.6142802,7.14E-10,43
CR002,DB05139,drug,0.778440403,1671.97933,0.00104473,25
CR2,1380,gene/protein,0.155933966,329.3917372,6.94E-10,57
CR665,DB05155,drug,0.15155506,0,9.92E-12,15
CRA_10433,DB03173,drug,0.151169173,0,2.36E-12,8
CRA_10655,DB02526,drug,0.151833203,0,9.06E-12,43
CRA_10656,DB04470,drug,0.151169173,0,2.36E-12,19
CRA_10762,DB02366,drug,0.151169173,0,2.36E-12,6
CRA_10972,DB02989,drug,0.151169173,0,2.36E-12,22
CRA_10991,DB01771,drug,0.151169173,0,2.36E-12,39
CRA_11092,DB03555,drug,0.151169173,0,2.36E-12,10
CRA_1144,DB03643,drug,0.155178812,0,3.74E-12,24
CRA_16847,DB02063,drug,0.151169173,0,2.36E-12,38
CRA_17312,DB02084,drug,0.151169173,0,2.36E-12,55
CRA_17693,DB01741,drug,0.151169173,0,2.36E-12,5
CRA_1801,DB03016,drug,0.151169173,0,2.36E-12,41
CRA_1802,DB02875,drug,0.151169173,0,2.36E-12,41
CRA_23653,DB04246,drug,0.151169173,0,2.36E-12,19
CRA_8696,DB03159,drug,0.152293186,0,1.82E-11,54
CRA_9076,DB04215,drug,0.151169173,0,2.36E-12,46
CRA_9678,DB04563,drug,0.151169173,0,2.36E-12,31
CRA_9785,DB03595,drug,0.151169173,0,2.36E-12,22
CRA-9334,DB02288,drug,0.151169173,0,2.36E-12,9
CRABP2,1382,gene/protein,0.159111207,17412.92046,1.82E-09,36
CRACR2A,84766,gene/protein,0.165801273,1431.219818,9.36E-10,31
CRAT,1384,gene/protein,0.153196275,4872.776018,3.53E-10,4
Creatine,DB00148,drug,0.153899791,0,3.82E-11,34
CREB1,1385,gene/protein,0.252369167,113535.4218,1.33E-08,30
CREB3,10488,gene/protein,0.265419851,53562.35033,2.26E-09,15
CREB3L1,90993,gene/protein,0.238867001,17633.53117,9.94E-10,29
CREB3L4,148327,gene/protein,0.159217257,728.454475,5.63E-10,33
CREB5,9586,gene/protein,0.219019292,19611.76679,2.94E-09,6
CREBBP,1387,gene/protein,0.373615583,213659.8756,3.23E-08,4
CREBL2,1389,gene/protein,0.153019566,39.33077329,2.39E-10,56
CREBZF,58487,gene/protein,0.163653537,650.0057637,7.69E-10,45
CREM,1390,gene/protein,0.184852664,6802.832755,3.77E-09,30
Crenezumab,DB11959,drug,0.775447143,2.711075215,0.00104473,42
Crenolanib,DB11832,drug,0.236998708,135.680989,0.00028035,2
CRH,1392,gene/protein,0.158410247,4774.110101,2.79E-10,11
CRHR1,1394,gene/protein,0.15422037,312.2997498,3.30E-10,1
CRIP2,1397,gene/protein,0.15822562,513.0961982,9.85E-10,43
Crisaborole,DB05219,drug,0.154211274,1.252099342,9.49E-11,21
Crizanlizumab,DB15271,drug,0.153224275,0,1.35E-12,8
Crizotinib,DB08865,drug,1.553948261,17589.52851,0.01769441,52
CRK,1398,gene/protein,0.317025957,85915.75834,1.59E-08,53
CRKL,1399,gene/protein,0.224357437,27441.37088,1.64E-08,15
CRMP1,1400,gene/protein,0.188034127,10292.29199,2.89E-09,39
CRNN,49860,gene/protein,0.156718773,97.21797207,8.86E-11,29
CROCC,9696,gene/protein,0.163687992,1137.6082,6.71E-10,57
CROCCP2,84809,gene/protein,0.162944156,2803.710344,2.07E-09,45
Crofelemer,DB04941,drug,0.150576213,0,6.72E-11,34
Cromoglicic acid,DB01003,drug,0.151456714,1.75988456,5.15E-12,31
CROT,54677,gene/protein,0.151928785,6594.180606,5.88E-11,56
Crotalus adamanteus antivenin,DB13893,drug,0.153055141,0,2.33E-11,6
Crotalus atrox antivenin,DB13892,drug,0.150869837,0,1.11E-11,36
Crotedumab,DB12815,drug,0.775447143,2.711075215,0.00104473,42
Crotonaldehyde,DB04381,drug,0.151086768,0,1.22E-11,55
CRP,1401,gene/protein,0.171042564,12237.00264,1.82E-09,1
CRx-119,DB05688,drug,0.152158417,0,2.24E-11,39
CRx-139,DB05744,drug,0.151860652,0,1.82E-10,55
CRYAB,1410,gene/protein,0.186371973,18113.68604,3.88E-09,5
CRYL1,51084,gene/protein,0.160033847,284.5445659,2.93E-10,57
Cryptenamine,DB00785,drug,0.895532203,1394.46268,0.013790916,52
CRYZ,1429,gene/protein,0.155376057,4581.537171,1.43E-09,32
CS,1431,gene/protein,0.155369353,24672.33233,1.29E-09,30
CSDC2,27254,gene/protein,0.163224211,586.2321214,2.37E-09,4
CSDE1,7812,gene/protein,0.171577723,3961.387988,4.52E-09,40
CSF1R,1436,gene/protein,0.171382678,18196.0346,8.84E-09,27
CSF2,1437,gene/protein,0.186199603,13368.88236,8.98E-09,38
CSF2RA,1438,gene/protein,0.154334868,1033.612258,6.79E-10,20
CSF2RB,1439,gene/protein,0.171085792,11709.83242,4.23E-09,47
CSF3R,1441,gene/protein,0.165310764,21495.5586,3.48E-09,49
CSH1,1442,gene/protein,0.157989324,202.9115307,7.83E-10,10
CSH2,1443,gene/protein,0.159109983,493.46946,8.88E-10,34
CSK,1445,gene/protein,0.191838628,17114.4485,1.23E-08,14
CSNK1A1,1452,gene/protein,0.20271058,19084.10741,9.61E-09,22
CSNK1A1L,122011,gene/protein,0.152844634,42.51719863,2.59E-10,4
CSNK1G2,1455,gene/protein,0.169523601,13062.09907,3.68E-09,15
CSNK1G3,1456,gene/protein,0.164245913,15037.23845,3.25E-09,20
CSNK2A1,1457,gene/protein,0.351651333,371866.2848,2.54E-08,30
CSNK2A2,1459,gene/protein,0.248779758,56510.19191,1.29E-08,31
CSNK2B,1460,gene/protein,0.28544946,111916.2363,1.70E-08,30
CSRP1,1465,gene/protein,0.155419224,548.8373292,1.42E-09,33
CSRP3,8048,gene/protein,0.176645078,2773.546149,4.59E-09,34
CST2,1470,gene/protein,0.161833978,934.0035045,3.41E-10,14
CST4,1472,gene/protein,0.161847347,455.3778846,2.63E-10,14
CST6,1474,gene/protein,0.164113003,3466.328783,1.23E-09,33
CSTF1,1477,gene/protein,0.169060433,1634.03798,5.02E-09,54
CT-011,DB05916,drug,0.817629555,2827.640604,0.00107183,42
CTA018,DB05024,drug,0.15171609,0,1.12E-10,39
CTAG1A,246100,gene/protein,0.178237715,2736.948189,9.09E-10,57
CTAG1B,1485,gene/protein,0.17537118,1569.999546,8.17E-10,22
CTCE-0214,DB05934,drug,0.151177748,0,2.53E-12,46
CTCF,10664,gene/protein,0.747569745,940533.7113,1.82E-08,29
CTCFL,140690,gene/protein,0.239654174,15876.65484,5.16E-09,9
CTDSP1,58190,gene/protein,0.181482865,11946.07756,9.04E-09,47
CTH,1491,gene/protein,0.16117792,19920.30186,1.09E-09,30
CTLA4,1493,gene/protein,0.156733291,1388.116952,1.01E-09,33
CTNNA3,29119,gene/protein,0.173743738,2323.064212,2.65E-09,34
CTNNB1,1499,gene/protein,0.417790454,427321.0143,4.85E-08,30
CTNND1,1500,gene/protein,0.300539395,66014.05023,3.22E-08,6
CTNND2,1501,gene/protein,0.294729116,67170.3906,3.07E-08,49
CTPS1,1503,gene/protein,0.158551007,790.9213215,2.74E-09,19
CTR9,9646,gene/protein,0.18940294,7342.325005,3.17E-09,8
CTRB1,1504,gene/protein,0.154001342,76607.99991,3.15E-11,30
CTS-1027,DB08490,drug,0.150756794,0,6.91E-12,19
CTS-21166,DB06073,drug,0.150690725,0,1.94E-11,41
CTSB,1508,gene/protein,0.166716199,115888.1509,2.12E-09,35
CTSC,1075,gene/protein,0.159160233,653.5804131,9.48E-10,57
CTSD,1509,gene/protein,0.161988536,27319.9656,1.74E-09,20
CTSE,1510,gene/protein,0.152657567,115.0697577,4.27E-10,56
CTSF,8722,gene/protein,0.153864396,43517.9608,1.48E-10,33
CTSG,1511,gene/protein,0.163220974,12363.71465,8.04E-10,29
CTSH,1512,gene/protein,0.156342779,12491.64162,3.65E-10,29
CTSK,1513,gene/protein,0.157448114,106517.0829,2.30E-10,51
CTSL,1514,gene/protein,0.159539604,5616.461164,4.80E-10,35
CTSS,1520,gene/protein,0.153568086,65048.68566,2.88E-10,30
CTSV,1515,gene/protein,0.165804399,16847.5965,1.03E-09,49
CTTN,2017,gene/protein,0.210429214,18145.63859,1.12E-08,9
CTU2,348180,gene/protein,0.1600742,999.6852582,1.26E-09,56
CUBN,8029,gene/protein,0.15334455,774.8519475,3.08E-10,33
Cu-Cyclam,DB03189,drug,0.150888588,0,1.24E-11,47
CUDC-101,DB12174,drug,0.643760274,691.9590584,0.00725559,58
CUDC-907,DB11891,drug,0.643760274,691.9590584,0.00725559,7
CUEDC1,404093,gene/protein,0.165517887,1895.080022,2.25E-09,53
CUL1,8454,gene/protein,0.258852255,42505.31385,1.50E-08,9
CUL2,8453,gene/protein,0.188611637,8548.215455,5.26E-09,32
CUL3,8452,gene/protein,0.221916436,31352.20466,7.47E-09,19
CUL4A,8451,gene/protein,0.189671773,5270.69973,5.79E-09,47
CUL4B,8450,gene/protein,0.192110582,6004.507732,5.97E-09,51
CUL5,8065,gene/protein,0.188560358,14345.95525,3.52E-09,22
CUL9,23113,gene/protein,0.155712297,423.1690663,1.64E-09,19
Cumidine,DB02114,drug,0.151403962,0,4.19E-12,36
Cupric Chloride,DB09131,drug,0.150590143,0,1.53E-11,8
Cupric oxide,DB11134,drug,0.151276235,0,2.40E-11,32
Cupric sulfate,DB06778,drug,0.157385839,0,3.33E-11,38
Curcumin,DB11672,drug,0.199586834,550.708691,0.00031912,27
Curcumin sulfate,DB14635,drug,1.057859248,9705.771068,0.014403911,18
Custirsen,DB05487,drug,0.15118366,0,5.05E-10,27
CUTA,51596,gene/protein,0.160527285,1125.962071,2.04E-09,38
cutaneous neuroendocrine carcinoma,19210,disease,6.746257904,600.1041751,1.07E-06,32
CUX1,1523,gene/protein,0.163978067,2063.003287,2.97E-09,45
CVT-6883,DB05936,drug,0.152892419,0,6.93E-13,15
CWC15,51503,gene/protein,0.158151032,507.5288682,1.23E-09,14
CWF19L2,143884,gene/protein,0.193320137,6099.286333,2.13E-09,15
CX157,DB05205,drug,0.150963099,0,1.21E-11,15
CX516,DB06247,drug,0.150634124,0,2.36E-11,19
CX717,DB05047,drug,0.15259724,0,6.96E-11,15
CXCL1,2919,gene/protein,0.15838665,3862.459429,9.77E-10,45
CXCL10,3627,gene/protein,0.159399439,16289.31858,1.27E-09,1
CXCL12,6387,gene/protein,0.160727936,10430.35285,3.18E-10,51
CXCL13,10563,gene/protein,0.154509236,98.89478881,2.62E-10,14
CXCL2,2920,gene/protein,0.160489249,19555.72936,1.56E-09,4
CXCL5,6374,gene/protein,0.161701041,7959.204561,3.08E-10,39
CXCL6,6372,gene/protein,0.156908412,583.3325789,9.58E-11,33
CXCL8,3576,gene/protein,0.182792922,85346.76495,4.61E-09,31
CXCR1,3577,gene/protein,0.164592423,6709.674648,5.84E-10,51
CXCR2,3579,gene/protein,0.166489616,3595.628218,9.13E-10,49
CXCR4,7852,gene/protein,0.20249447,46378.73403,1.23E-08,5
Cyamemazine,DB09000,drug,1.251024766,5050.518584,0.017864561,28
Cyanamide,DB02679,drug,0.151816966,0,3.98E-12,55
Cyanocobalamin,DB00115,drug,1.154148385,31329.63361,0.017133993,52
CYB561,1534,gene/protein,0.177054273,7176.390078,2.26E-09,24
CYB5A,1528,gene/protein,0.164060177,38817.9925,1.21E-09,33
CYB5B,80777,gene/protein,0.172828676,8248.626571,1.23E-09,39
CYB5R1,51706,gene/protein,0.163447113,3746.860682,1.02E-09,30
CYB5R3,1727,gene/protein,0.180822165,12144.34218,1.42E-09,39
CYBA,1535,gene/protein,0.161676095,2920.296325,1.77E-09,20
CYC1,1537,gene/protein,0.164657333,13426.72852,9.93E-10,4
CYC116,DB05198,drug,0.150842843,0,1.91E-10,53
Cyclacillin,DB01000,drug,0.376633859,560.8117855,0.00232483,13
Cyclandelate,DB04838,drug,1.037999905,2902.895101,0.012515647,7
"Cyclic 3',5'-thymidine monophosphate",DB04672,drug,0.15673491,0,1.20E-12,21
Cyclic adenosine monophosphate,DB02527,drug,0.365384463,7892.875819,0.00242221,26
Cyclic GMP,DB02315,drug,0.153261798,0,5.29E-11,40
Cyclizine,DB01176,drug,1.535387287,5089.03488,0.022975361,7
Cyclobarbital,DB13737,drug,0.99594897,8.481282091,0.015775779,28
Cyclobenzaprine,DB00924,drug,1.463751398,33328.44854,0.020359614,7
Cyclofenil,DB13472,drug,0.173720345,0,1.12E-05,3
Cycloguanil,DB14763,drug,0.240513298,55.92619766,0.00077765,2
Cyclohexanol,DB03703,drug,0.153933714,0,2.96E-12,49
"Cyclohexyl-{4-[5-(3,4-Dichlorophenyl)-2-Piperidin-4-Yl-3-Propyl-3h-Imidazol-4-Yl]-Pyrimidin-2-Yl}Amine",DB02388,drug,0.150467819,0,8.45E-11,10
Cyclohexylformamide,DB03559,drug,0.160737243,0,8.08E-12,39
"CYCLOHEXYLMETHYL-2,3-DIHYDROXY-5-METHYL-HEXYLAMIDE",DB08740,drug,0.150640419,0,1.38E-11,21
Cyclohexyl-pentyl-maltoside,DB04664,drug,0.150671256,0,2.20E-13,13
Cycloleucine,DB04620,drug,0.150542923,0,1.51E-11,8
Cyclopentamine,DB08999,drug,0.374587592,397.8961261,0.00206964,59
Cyclopenthiazide,DB13532,drug,2.288641377,26722.22522,0.029908321,44
Cyclopentolate,DB00979,drug,0.424568442,383.8688138,0.00442976,32
Cyclophosphamide,DB00531,drug,2.215850535,54015.94382,0.021064497,58
Cyclopropane,DB13984,drug,0.992376657,3.844875753,0.015717914,28
"Cyclopropyl-{4-[5-(3,4-Dichlorophenyl)-2-[(1-Methyl)-Piperidin]-4-Yl-3-Propyl-3h-Imidazol-4-Yl]-Pyrimidin-2-Yl}Amine",DB03084,drug,0.150467819,0,8.45E-11,53
Cycloserine,DB00260,drug,0.358981775,472.084851,0.00337694,26
Cyclosporine,DB00091,drug,3.082597745,104541.6098,0.03547583,58
Cyclotheonamide A,DB04269,drug,0.151169173,0,2.36E-12,31
Cyclothiazide,DB00606,drug,2.198687086,39438.9579,0.02754507,7
Cycrimine,DB00942,drug,1.290950303,2182.27116,0.01898649,19
CYCS,54205,gene/protein,0.196734126,58696.1993,3.89E-09,38
CYFIP2,26999,gene/protein,0.159586425,672.908747,1.58E-09,19
CYLD,1540,gene/protein,0.176719807,2094.619231,4.30E-09,10
Cymarin,DB13240,drug,0.731201104,2220.629034,0.00665151,58
Cynodon dactylon pollen,DB10351,drug,0.194469948,0.00991326,0.0009057,18
CYP17A1,1586,gene/protein,0.165943243,20787.03547,1.26E-09,27
CYP19A1,1588,gene/protein,0.156676148,21123.41988,5.88E-10,45
CYP1A1,1543,gene/protein,0.173023554,71099.95569,1.01E-09,29
CYP1A2,1544,gene/protein,0.158158682,31667.59395,1.56E-10,50
CYP1B1,1545,gene/protein,0.151704903,12292.64941,1.02E-09,6
CYP24A1,1591,gene/protein,0.152072108,3303.843393,5.19E-10,14
CYP26A1,1592,gene/protein,0.151681551,5718.773505,2.94E-10,40
CYP2A6,1548,gene/protein,0.152842367,25427.90915,3.32E-10,1
CYP2B6,1555,gene/protein,0.153994031,27468.4002,2.67E-11,18
CYP2C18,1562,gene/protein,0.155230791,11295.37513,2.12E-10,5
CYP2C19,1557,gene/protein,0.151049779,196.8868736,2.29E-11,57
CYP2C8,1558,gene/protein,0.153774727,13005.0627,1.92E-10,48
CYP2C9,1559,gene/protein,0.157596522,30602.78018,2.64E-10,26
CYP2D6,1565,gene/protein,0.152018189,828.2764493,3.26E-11,0
CYP2E1,1571,gene/protein,0.168492614,111574.7807,1.32E-09,10
CYP2S1,29785,gene/protein,0.161183295,1103.059387,1.25E-09,14
CYP3A4,1576,gene/protein,0.160000739,490860.2079,1.79E-09,4
CYP3A43,64816,gene/protein,0.152702341,19243.89448,5.86E-10,4
CYP3A5,1577,gene/protein,0.156732399,20602.55814,5.10E-11,29
CYP4A11,1579,gene/protein,0.151363122,309.8121653,2.46E-10,29
CYP4F12,66002,gene/protein,0.151838346,260.5953289,1.19E-10,41
CYP51A1,1595,gene/protein,0.162705303,24958.12822,1.72E-09,40
CYP7A1,1581,gene/protein,0.152489154,7.39493291,2.36E-10,50
CYP7B1,9420,gene/protein,0.151702607,22.10514531,1.40E-10,4
Cyproheptadine,DB00434,drug,1.639589973,6992.19439,0.02306252,7
Cyproterone acetate,DB04839,drug,1.339132839,24987.5745,0.013253003,52
CYSLTR1,10800,gene/protein,0.152388246,7516.837787,1.96E-10,30
CYSLTR2,57105,gene/protein,0.16287384,6640.914658,5.08E-10,29
CYSRT1,375791,gene/protein,0.402038294,136228.6664,4.56E-09,50
Cysteamine,DB00847,drug,0.223623453,2515.673583,0.00052122,1
Cysteine,DB00151,drug,0.167594764,8.124373985,1.25E-10,21
"Cysteine-Methylene-Carbamoyl-1,10-Phenanthroline",DB04437,drug,0.151143193,0,5.13E-12,43
Cysteine-S-acetamide,DB02987,drug,0.153063976,0,8.33E-12,9
cystic fibrosis,9061,disease,1.205622616,0,7.03E-05,15
Cystine,DB00138,drug,0.152978693,0,1.72E-11,19
cystinuria,9067_19745_19746,disease,0.232724208,0,7.52E-05,49
CYT006-AngQb,DB05739,drug,0.150497831,0,2.07E-11,32
CYT007-TNFQb,DB05758,drug,0.150419108,0,6.90E-11,13
CYT997,DB05147,drug,0.15568624,0,4.28E-10,36
Cytarabine,DB00987,drug,0.949930531,10972.58215,0.00772514,2
CYTH2,9266,gene/protein,0.183045531,8866.77419,1.96E-09,46
CYTH3,9265,gene/protein,0.174371368,6143.89273,2.92E-10,56
Cytidine,DB02097,drug,0.154862584,0,9.05E-12,8
Cytidine 3'-monophosphate,DB01961,drug,0.15112218,0,2.20E-12,10
Cytidine-5'-Monophosphate,DB03403,drug,0.16479318,0,1.64E-11,10
Cytidine-5'-Monophosphate-5-N-Acetylneuraminic Acid,DB02485,drug,0.151008111,0,1.06E-11,6
Cytidine-5'-Triphosphate,DB02431,drug,0.154862584,0,9.05E-12,19
Cytisine,DB09028,drug,0.157919107,0,5.59E-12,6
CZEN 002,DB05479,drug,0.151210768,0,2.09E-12,54
D-[(N-Hydroxyamino)Carbonyl]Phenylalanine,DB04316,drug,0.153878165,0,2.90E-13,10
D-1-(4-chlorophenyl)-2-(acetamido)ethane boronic acid,DB08692,drug,0.152424093,0,2.58E-13,9
D-1-naphthyl-2-acetamido-ethane boronic acid,DB08566,drug,0.152424093,0,2.58E-13,13
DAB1,1600,gene/protein,0.170946653,2496.670264,3.58E-09,31
DAB2,1601,gene/protein,0.183697065,5988.209036,7.05E-09,6
DAB2IP,153090,gene/protein,0.162430899,432.911978,2.03E-09,14
Dabigatran,DB14726,drug,1.086409868,2983.501777,0.00983006,58
Dabigatran etexilate,DB06695,drug,1.95542136,32627.56631,0.022619461,16
Dabrafenib,DB08912,drug,1.883712982,41165.76885,0.02050872,2
Dacarbazine,DB00851,drug,1.899665228,13659.21981,0.023327276,17
Dacetuzumab,DB12589,drug,0.819699133,4601.625624,0.00107224,16
DACH1,1602,gene/protein,0.1653297,1168.08515,2.38E-09,40
Daclatasvir,DB09102,drug,0.794783225,1048.380349,0.00817263,59
Daclizumab,DB00111,drug,1.175864144,14458.46107,0.00436901,42
Dacomitinib,DB11963,drug,1.58841132,19262.57376,0.018375921,18
DACT1,51339,gene/protein,0.159290014,183.9497354,2.59E-09,21
Dactinomycin,DB00970,drug,1.153273541,10969.62132,0.00911939,17
Dactolisib,DB11651,drug,0.191246377,0.019387545,2.71E-05,3
Dactylis glomerata pollen,DB10379,drug,0.230677681,1.572961101,0.00134362,59
DAD1,1603,gene/protein,0.161532402,5271.047348,1.45E-09,43
DADLE,DB08856,drug,0.150628755,0,6.96E-13,27
DAG1,1605,gene/protein,0.188726627,17192.89006,3.59E-09,4
Daglutril,DB05796,drug,0.150875541,0,4.11E-12,32
Daidzein,DB13182,drug,0.191246377,0.019387545,2.71E-05,52
Daidzin,DB02115,drug,0.287980693,331.1984212,0.00150698,29
D-Alanine,DB01786,drug,0.15219389,0,2.16E-12,10
Dalantercept,DB14988,drug,0.775447143,2.711075215,0.00104473,25
Dalbavancin,DB06219,drug,0.179677278,1.210132389,0.00030467,26
Dalfampridine,DB06637,drug,1.294235419,14964.00272,0.018500233,2
Dalfopristin,DB01764,drug,0.40507826,29.25893245,0.00368827,59
Dalotuzumab,DB11840,drug,0.775447143,2.711075215,0.00104473,28
D-alpha-Tocopherol acetate,DB14002,drug,0.166248576,371.262153,5.40E-06,22
Dalteparin,DB06779,drug,1.37172103,19446.20382,0.013968178,16
Damoctocog alfa pegol,DB14700,drug,0.506524993,3246.141283,0.00138297,59
Danaparoid,DB06754,drug,1.367322391,7588.36487,0.013968178,16
Danazol,DB01406,drug,0.69218083,18207.11721,0.00649011,48
Danoprevir,DB11779,drug,0.484140588,139.9028031,0.00469014,59
Dansylamide,DB02866,drug,0.150737685,0,2.16E-12,13
Dansyllysine,DB04676,drug,0.153999762,0,8.85E-13,41
Dantrolene,DB01219,drug,1.54163582,13591.00327,0.02328732,7
Dantron,DB04816,drug,0.629816986,333.4037088,0.00800632,2
DAO,1610,gene/protein,0.154860666,28631.72543,3.86E-10,20
DAP3,7818,gene/protein,0.16870676,3660.61353,3.54E-09,43
Dapagliflozin,DB06292,drug,2.271715179,25368.8553,0.029258693,7
Dapiprazole,DB00298,drug,0.163422289,1.565772075,0.00023872,18
DAPK1,1612,gene/protein,0.237262407,54628.85627,1.46E-08,56
DAPK2,23604,gene/protein,0.16052385,958.1809203,2.84E-09,32
DAPK3,1613,gene/protein,0.180509407,14528.68127,1.06E-08,56
Daporinad,DB12731,drug,0.150716854,0,1.33E-11,54
Dapoxetine,DB04884,drug,1.986509777,13529.93287,0.02840885,28
DAPP1,27071,gene/protein,0.15889514,589.9556346,1.95E-09,51
Dapsone,DB00250,drug,1.112933159,30255.50264,0.012095955,59
Daptomycin,DB00080,drug,1.177140124,1137.609579,0.01751194,25
Darapladib,DB06311,drug,0.150448607,0,3.77E-11,40
Daratumumab,DB09331,drug,0.822914957,3436.824135,0.00107224,49
Darbepoetin alfa,DB00012,drug,7.371898565,300573.3459,0.0033677,37
Darexaban,DB12289,drug,1.086409868,2983.501777,0.00983006,58
D-arginine,DB04027,drug,0.151336509,0,1.17E-11,31
Darglitazone,DB14034,drug,0.150346583,0,1.45E-10,12
Darifenacin,DB00496,drug,1.574771546,6379.941497,0.02284001,7
Darodipine,DB09234,drug,1.035341318,2004.079558,0.012515647,52
Darolutamide,DB12941,drug,0.662637942,5132.524588,0.00592559,48
DARS2,55157,gene/protein,0.169814727,5188.456647,1.85E-09,24
Darunavir,DB01264,drug,0.956795144,3325.457844,0.00969984,59
Darusentan,DB04883,drug,0.151005063,0,1.29E-11,21
DAS-431 IV,DB05432,drug,0.154033948,0,1.32E-13,57
DAS869,DB02850,drug,0.151341322,0,9.67E-12,5
Dasabuvir,DB09183,drug,1.128246012,3518.557477,0.013714315,59
Dasatinib,DB01254,drug,2.16164422,218401.4218,0.02159809,58
Dasotraline,DB12305,drug,0.151961869,0,3.05E-11,41
dATP,DB03222,drug,0.150846661,0,1.44E-11,24
Daunorubicin,DB00694,drug,1.346562263,13856.66915,0.012116992,52
Daxalipram,DB01647,drug,0.150831539,0,1.15E-11,12
DAXX,1616,gene/protein,0.218177538,25825.9982,1.04E-08,54
Dazoxiben,DB03052,drug,0.15558827,0,9.16E-13,46
DBH,1621,gene/protein,0.157975167,11647.68685,1.33E-09,26
DBI,1622,gene/protein,0.163064903,4919.00858,1.65E-09,56
DBIL5P,100131454,gene/protein,0.151334585,0,5.07E-10,13
DBN1,1627,gene/protein,0.228727341,18561.18638,6.82E-09,20
DBNL,28988,gene/protein,0.163083398,1503.617328,2.81E-09,46
DBP,1628,gene/protein,0.16625946,3141.217811,2.82E-09,9
DCAF11,80344,gene/protein,0.181596294,5558.278536,5.88E-09,50
DCAF13,25879,gene/protein,0.164669283,304.573402,2.27E-09,27
DCAF17,80067,gene/protein,0.151852781,13.54742872,5.58E-10,27
DCAF8,50717,gene/protein,0.202867997,26588.03573,4.16E-09,50
DCFBC,DB07754,drug,0.151003001,0,5.15E-12,31
DCK,1633,gene/protein,0.155983371,18638.10226,1.25E-09,26
DCLK1,9201,gene/protein,0.157747331,481.5888437,2.62E-09,13
DCLRE1B,64858,gene/protein,0.16882693,1930.815559,1.67E-09,38
DCN,1634,gene/protein,0.162157313,4150.486663,1.48E-09,9
DCPS,28960,gene/protein,0.154745357,29165.25297,1.80E-09,30
DCTN4,51164,gene/protein,0.164938426,2662.190781,1.39E-09,6
DCUN1D3,123879,gene/protein,0.155799518,121.5507414,7.29E-10,51
DCXR,51181,gene/protein,0.152577879,5650.210709,1.10E-09,1
D-Cysteine,DB03201,drug,0.153878165,0,2.90E-13,19
DDAH2,23564,gene/protein,0.176881651,6539.384875,4.34E-09,38
DDB1,1642,gene/protein,0.212509192,20825.30796,8.62E-09,41
DDB2,1643,gene/protein,0.17594909,2965.339454,5.09E-09,22
DDC,1644,gene/protein,0.151420685,2538.933095,5.67E-10,48
DDI2,84301,gene/protein,0.15956948,495.9373575,1.25E-09,14
DDIT3,1649,gene/protein,0.242291114,94894.69636,7.10E-09,6
DDIT4L,115265,gene/protein,0.435821689,215719.1409,7.31E-09,20
DDP-225,DB05642,drug,0.151543001,0,8.38E-12,43
DDP733,DB05049,drug,0.150780119,0,5.24E-12,31
DDR1,780,gene/protein,0.170935246,8664.74434,3.68E-09,49
DDR2,4921,gene/protein,0.164362512,380.5541477,8.07E-09,32
DDRGK1,65992,gene/protein,0.160134968,2161.475209,1.06E-09,14
DDX1,1653,gene/protein,0.175338894,4196.260331,4.92E-09,38
DDX19B,11269,gene/protein,0.211802559,43792.25208,2.51E-09,29
DDX20,11218,gene/protein,0.172811466,5021.508569,2.74E-09,19
DDX21,9188,gene/protein,0.184714971,2979.131798,4.79E-09,15
DDX24,57062,gene/protein,0.189787861,10331.87204,4.04E-09,10
DDX27,55661,gene/protein,0.167134261,1162.117862,2.02E-09,21
DDX31,64794,gene/protein,0.200471371,29471.86165,1.58E-09,6
DDX39B,7919,gene/protein,0.178816801,3624.541217,3.42E-09,57
DDX42,11325,gene/protein,0.166722581,868.3121379,2.39E-09,32
DDX5,1655,gene/protein,0.201949643,144569.7217,1.01E-08,51
DDX54,79039,gene/protein,0.170663011,2787.980739,2.59E-09,31
DDX55,57696,gene/protein,0.156252149,325.8219541,1.64E-09,10
DDX58,23586,gene/protein,0.175525049,2235.913269,4.28E-09,51
Deacetoxycephalosporin C,DB03938,drug,0.254013095,1.672787878,0.00196961,59
Deacetoxyvinzolidine,DB02868,drug,0.150388285,0,4.19E-11,49
Deacetylbisacodyl,DB14232,drug,0.63092598,114.7167054,0.00801359,16
Deamido-Nad+,DB04099,drug,0.159311867,0,2.15E-11,21
Deanol,DB13352,drug,1.0155003,165.0530983,0.01600334,25
Debrisoquine,DB04840,drug,1.202069819,1905.984104,0.01866807,2
Debromohymenialdisine,DB04367,drug,0.151109888,0,1.38E-10,10
Decamethonium,DB01245,drug,1.328936115,5123.742832,0.018975861,28
Decamethoxine,DB13705,drug,0.183010588,1.635162339,0.00033501,18
Decitabine,DB01262,drug,0.86704478,15220.75504,0.00584842,58
Declopramide,DB06421,drug,0.152654119,14.4736194,2.12E-05,24
DECR1,1666,gene/protein,0.162373877,6582.503684,1.26E-09,39
Decyl(dimethyl)phosphine oxide,DB07641,drug,0.150963099,0,1.21E-11,19
DEFA1,1667,gene/protein,0.20356593,23789.71146,8.53E-10,47
Deferasirox,DB01609,drug,1.311502119,24266.04595,0.014229676,16
Deferiprone,DB08826,drug,1.235147576,23629.03034,0.016636001,48
Deferoxamine,DB00746,drug,0.17723153,913.7784578,5.35E-05,59
Defibrotide,DB04932,drug,1.099589657,14308.06433,0.00989282,22
deficiency anemia,1639,disease,0.416727359,0,4.86E-05,40
Deflazacort,DB11921,drug,1.789746822,25546.33791,0.017532622,16
Degarelix,DB06699,drug,0.64869898,906.4466413,0.00725559,58
Degraded Cephaloridine,DB04133,drug,0.152218703,0,8.90E-12,10
DEHYDRO-2(S)-AMINO-6-BORONOHEXANOIC ACID,DB04585,drug,0.150752385,0,1.31E-11,36
Dehydroascorbic acid,DB08830,drug,0.38175167,5170.901156,0.00096445,59
Dehydrochloromethyltestosterone,DB01510,drug,0.287633841,68.21460872,0.00123021,18
Dehydrocholic acid,DB11622,drug,0.902568082,8818.6702,0.010048115,19
Delafloxacin,DB11943,drug,2.167403992,33193.62002,0.02672084,16
Delamanid,DB11637,drug,0.643752739,238.619805,0.00770417,3
Delapril,DB13312,drug,1.193961958,4099.775473,0.01635665,13
Delavirdine,DB00705,drug,1.168514542,2771.942662,0.01523424,2
Delorazepam,DB01511,drug,1.211830743,2536.789478,0.017340219,25
Delta-Amino Valeric Acid,DB02068,drug,0.155724721,0,9.74E-12,38
Demcizumab,DB12734,drug,0.777907291,9.850502048,0.00104514,25
Demecarium,DB00944,drug,0.505862064,349.8313987,0.00576599,17
Demeclocycline,DB00618,drug,0.730429021,8032.50726,0.0030907,52
Demecolcine,DB13318,drug,0.191246377,0.019387545,2.71E-05,17
Demegestone,DB13857,drug,0.843600092,3651.313238,0.00693298,2
Demexiptiline,DB08998,drug,0.15,0,3.99E-71,34
Denibulin,DB05932,drug,0.151510951,0,1.45E-10,51
Denileukin diftitox,DB00004,drug,0.19299681,591.1682239,2.71E-05,19
Denosumab,DB06643,drug,1.171524284,9405.117941,0.00436901,8
Denufosol,DB04983,drug,0.150668827,0,1.35E-11,19
Deoxycholic acid,DB03619,drug,0.553710123,7210.676686,0.00340429,16
"Deoxycytidylyl-3',5'-guanosine",DB03326,drug,0.15112218,0,2.20E-12,36
Deoxyepinephrine,DB13917,drug,1.090811322,5948.110258,0.014202317,58
Deoxyspergualin,DB12991,drug,0.65740696,408.8384872,0.00374032,58
Deoxyuridine monophosphate,DB03800,drug,0.151004668,0,1.45E-11,32
Deoxyuridine-5'-Diphosphate,DB03413,drug,0.150796457,0,1.40E-11,32
Depatuxizumab,DB12826,drug,0.777907291,9.850502048,0.00104514,25
Depatuxizumab mafodotin,DB11731,drug,0.778762716,17748.76102,0.00104514,42
Deptropine,DB13466,drug,0.203345277,9.662857327,0.00068294,59
Dequalinium,DB04209,drug,0.151905179,0,7.26E-11,55
Deramciclane,DB06512,drug,1.366157242,3535.18033,0.020048804,7
D-Eritadenine,DB03769,drug,0.150662187,0,2.63E-11,24
DERL1,79139,gene/protein,0.186182286,7674.736666,2.02E-09,14
dermatitis,2406,disease,33.36784223,2491.546673,0.0003458,38
"dermatitis, atopic",11292,disease,5.810899787,185.8552654,0.00044302,34
dermatomyositis,8054_16367_1907,disease,4.44470005,105.4542385,2.37E-06,10
Dersalazine,DB06251,drug,0.675947837,932.039777,0.00591412,17
D-erythrose 4-phosphate,DB03937,drug,0.151117182,0,1.02E-11,54
DES,1674,gene/protein,0.181400522,8434.748191,3.63E-09,15
Descarboxy-nor-N(Omega)-Hydroxy-L-Arginine,DB04197,drug,0.150752385,0,1.31E-11,21
Deserpidine,DB01089,drug,0.899401533,459.3023376,0.01387611,52
Desflurane,DB01189,drug,1.82285655,26232.51295,0.02758523,28
DESI2,51029,gene/protein,0.161096993,447.2914284,3.69E-10,35
Desipramine,DB01151,drug,2.896044057,56963.65407,0.038900749,28
Desirudin,DB11095,drug,1.090282865,7310.652011,0.00983006,58
Deslanoside,DB01078,drug,0.87434214,4924.860467,0.00755244,52
Desloratadine,DB00967,drug,1.513892786,3728.565289,0.02159507,28
Desmethylsertraline,DB14071,drug,0.254214136,10.60169789,0.00196961,0
Desmopressin,DB00035,drug,1.513717414,12153.4653,0.024260201,7
Desmoteplase,DB04925,drug,1.089746679,4172.295833,0.00985038,16
Desogestrel,DB00304,drug,1.274668082,17582.70948,0.012817,59
Desomorphine,DB01531,drug,1.218953882,1557.352907,0.01824816,7
Desonide,DB01260,drug,0.432527671,1702.032608,0.00247653,52
Desoximetasone,DB00547,drug,1.327908076,12251.47637,0.011945552,58
Desoxycorticosterone acetate,DB06780,drug,0.160287529,0.044583283,0.0001449,54
Desoxycorticosterone pivalate,DB01134,drug,0.160287529,0.044583283,0.0001449,41
Desvenlafaxine,DB06700,drug,2.442823488,18336.33075,0.035279298,28
Detomidine,DB11556,drug,1.476695886,1896.696013,0.023886683,25
Deutetrabenazine,DB12161,drug,1.998811475,17641.7288,0.028835825,16
developmental and epileptic encephalopathy,10632_33369_33371_10472_14477_32598_10396_32768_33361_13389_14859_14392_33373_32752_32657_14593_32663_14947_13388_14377_32808_14895_30059_13387_32880_33363_32678_13989_33366_10375_13277_33362_14917_14921_14933_14942_30054_14607_14595_14133_33370_14201_32918_14949_32813_14533_14598_10246_33368_15025_14371_54845_14360_13056_13801_14718_14719_32812_32858_30072_14505_14199_14003_14328_15000_33367_33372_15002_12245_30856_32710_32725_33364_33365_14868_29138_32822_12812_32895_14625_34106_33374_100079_14916_14647_100062_25353,disease,13.2560866,43.87599222,0.00019977,19
Dexamethasone,DB01234,drug,2.239407293,109696.198,0.02114059,17
Dexamethasone acetate,DB14649,drug,0.170617849,2.174255277,5.77E-10,54
Dexamethasone isonicotinate,DB11487,drug,1.646125104,10212.60899,0.01654182,58
Dexanabinol,DB06444,drug,0.150419108,0,6.90E-11,53
Dexbrompheniramine,DB00405,drug,1.344688739,2133.157514,0.02014358,58
Dexchlorpheniramine,DB13679,drug,1.019129131,1317.952004,0.014277058,57
Dexchlorpheniramine maleate,DB09555,drug,1.079177069,1731.148209,0.014817604,2
Dexetimide,DB08997,drug,1.291386937,1489.792186,0.019010736,28
Dexfenfluramine,DB01191,drug,1.04307377,2176.765315,0.014679388,2
Dexfosfoserine,DB04522,drug,0.156944184,0,7.19E-10,24
Dexibuprofen,DB09213,drug,2.185157558,51485.72729,0.030248762,58
Dexketoprofen,DB09214,drug,2.006100526,14258.59995,0.02772492,16
Dexlansoprazole,DB05351,drug,0.538633209,1969.840167,0.00492046,59
Dexloxiglumide,DB04856,drug,0.68963237,3556.939832,0.00859697,29
Dexmedetomidine,DB00633,drug,2.317342527,19623.74096,0.03470697,7
Dexmethylphenidate,DB06701,drug,1.682848876,24102.79245,0.024360568,16
Dexniguldipine,DB14068,drug,1.634605118,10822.98437,0.020860977,16
Dexpanthenol,DB09357,drug,1.033191964,15859.05384,0.016232626,19
Dexpramipexole,DB15130,drug,0.204650553,0,0.00120138,59
Dexpropranolol,DB03322,drug,1.496868778,7301.41352,0.019119546,7
Dexrabeprazole,DB13762,drug,0.527522638,1834.533499,0.00474783,34
Dexrazoxane,DB00380,drug,1.598744006,10341.2493,0.02015271,58
Dextofisopam,DB06582,drug,1.0155003,165.0530983,0.01600334,28
Dextran,DB09255,drug,1.688626053,14061.21999,0.020530246,25
Dextroamphetamine,DB01576,drug,1.707142876,19329.34238,0.02293409,16
Dextromethorphan,DB00514,drug,1.857011239,52986.63919,0.026056169,28
Dextromoramide,DB01529,drug,1.225406675,1588.433793,0.018327319,28
Dextropropoxyphene,DB00647,drug,1.643150268,8304.92613,0.023914179,28
"Dextrose, unspecified form",DB09341,drug,0.202963354,1088.66918,0.00014559,18
Dextrothyroxine,DB00509,drug,0.154103005,1.306623932,1.02E-10,9
Dexverapamil,DB14063,drug,1.321726456,3783.102014,0.016589893,17
Dezocine,DB01209,drug,1.227472595,2355.554663,0.018327319,28
DFFA,1676,gene/protein,0.167775201,891.7829336,7.73E-09,13
DG031,DB04929,drug,0.151101051,0,5.46E-12,22
DG051,DB05177,drug,0.150779115,0,1.42E-11,46
DGAT2,84649,gene/protein,0.153862199,1868.007615,1.36E-09,26
DGCR2,9993,gene/protein,0.154939884,175.2271074,9.23E-10,39
DGCR8,54487,gene/protein,0.205321568,12481.2141,6.57E-09,10
DGKD,8527,gene/protein,0.153117471,140.5619652,2.31E-10,50
DGKZ,8525,gene/protein,0.159839561,880.3717849,1.22E-09,47
D-glucitol 6-phosphate,DB02548,drug,0.151117182,0,1.02E-11,34
"D-Gluco-2,5-Anhydro-1-Deoxy-1-Phosphonohexitol-6-Phosphate",DB02393,drug,0.150785951,0,8.63E-12,55
"D-gluconhydroximo-1,5-lactam",DB02376,drug,0.151949978,0,3.08E-12,8
D-glucose,DB01914,drug,0.158689856,0,6.95E-11,53
DGUOK,1716,gene/protein,0.172578033,7271.782508,1.52E-09,26
DHCR24,1718,gene/protein,0.165136583,2773.603147,2.81E-09,51
DHCR7,1717,gene/protein,0.156099562,167.039578,1.09E-09,47
DHFR,1719,gene/protein,0.157999265,114616.631,2.09E-09,18
DHFR2,200895,gene/protein,0.158466174,43966.14375,3.40E-10,20
DHODH,1723,gene/protein,0.158375706,109148.3365,2.14E-10,29
DHPS,1725,gene/protein,0.164002763,6877.253348,1.99E-09,30
DHRS1,115817,gene/protein,0.1763757,8797.00232,2.68E-09,5
DHRS2,10202,gene/protein,0.183148629,14349.88539,3.57E-09,34
DHRS3,9249,gene/protein,0.15549013,1176.130919,1.24E-09,20
DHRS4,10901,gene/protein,0.215537286,18565.85559,4.99E-10,56
DHRS4L1,728635,gene/protein,0.151873153,17014.75486,4.08E-10,20
DHRS4L2,317749,gene/protein,0.153429306,5388.539931,1.75E-11,20
DHRS7,51635,gene/protein,0.206828665,20820.95399,1.13E-09,22
DHX16,8449,gene/protein,0.163730258,1217.00332,2.18E-09,29
DHX34,9704,gene/protein,0.153558753,60.30430787,8.81E-10,50
DHX40,79665,gene/protein,0.161666639,1056.543545,1.73E-09,14
DHX8,1659,gene/protein,0.161735237,718.5598746,1.52E-09,10
diabetes insipidus,4782,disease,4.708223034,12.86614437,0.00010955,11
diabetes mellitus (disease),5015,disease,27.91431663,159.9176681,0.00080656,55
diabetic cataract,1687,disease,0.619321025,0,2.48E-05,53
diabetic ketoacidosis,12819,disease,15.0781782,8.529247501,9.05E-05,5
diabetic neuropathy,6626,disease,3.976885662,0,3.74E-08,6
diabetic polyneuropathy,1583,disease,3.976885662,0,3.74E-08,45
diabetic retinopathy,5266,disease,0.619321025,0,2.48E-05,40
DIABLO,56616,gene/protein,0.172944695,4656.454227,3.00E-09,39
Diacerein,DB11994,drug,0.777114245,6606.325022,0.010940284,59
"Diamino-N-[3-(1,3,2-dioxaborolan-2-yloxy)propyl]methaniminium",DB03129,drug,0.150983421,0,2.14E-12,47
Diamond-Blackfan anemia,14394_13217_32668_12529_32669_44309_12937_13216_13964_12938_12925_7110_14245_12924_60662_32670_44310_12939_15253_11636,disease,5.951414526,11.74681946,0.00016847,13
Diamorphine,DB01452,drug,1.240152142,3485.217965,0.01840117,7
Dianhydrogalactitol,DB12873,drug,0.191246377,0.019387545,2.71E-05,18
DIAPH1,1729,gene/protein,0.164446093,2276.447977,2.42E-09,22
diarrheal disease,1673,disease,4.02454938,1744.577197,0.00040402,11
Diatrizoate,DB00271,drug,1.040599918,23.20628909,0.01632595,28
Diazepam,DB00829,drug,2.467856856,27544.53406,0.03452451,16
Diazoxide,DB01119,drug,1.652876228,12282.52488,0.024910568,16
Dibekacin,DB13270,drug,0.15554206,0.06473931,4.71E-05,26
Dibenzepin,DB13225,drug,1.721829747,5335.81673,0.026128512,28
"Dibenzofuran-4,6-Dicarboxylic Acid",DB03682,drug,0.150550616,0,1.84E-11,39
"Dibenzyl (carbonylbis{2,1-hydrazinediyl[(2S)-4-methyl-1-oxo-1,2-pentanediyl]})biscarbamate",DB03891,drug,0.151079281,0,1.82E-12,47
Dibotermin alfa,DB11639,drug,0.151064492,0,1.23E-10,31
Dibromotyrosine,DB07637,drug,0.686312045,5075.200109,0.00519185,52
Dichloralphenazone,DB01495,drug,0.99594897,8.481282091,0.015775779,28
Dichloroacetic acid,DB08809,drug,0.15053366,0,6.99E-11,54
Dichlorobenzene,DB14046,drug,0.150550841,0,1.05E-11,57
Dichlorobenzyl alcohol,DB13269,drug,1.064805128,4246.212301,0.01632595,52
Dichloroisoproterenol,DB12803,drug,0.151453512,0,1.54E-05,18
Dichlorophen,DB11396,drug,0.15,0,3.99E-71,43
Dichlororibofuranosylbenzimidazole,DB08473,drug,0.15041342,0,2.01E-10,31
Dichlorvos,DB11397,drug,0.889072744,5411.150148,0.01128609,16
Diclofenac,DB00586,drug,2.538567467,53174.32036,0.03254978,7
Diclofenamide,DB01144,drug,1.379409857,6428.523781,0.019757251,16
Dicloxacillin,DB00485,drug,0.593701061,855.9177521,0.00557139,2
Dicoumarol,DB00266,drug,2.798760602,99277.3821,0.021944269,58
Dicyclomine,DB00804,drug,1.99791958,11406.49446,0.03053794,46
Didanosine,DB00900,drug,1.469525879,18967.56504,0.019659792,16
Didesmethylrocaglamide,DB15496,drug,0.151091374,0,9.41E-11,51
Didox,DB12948,drug,0.191246377,0.019387545,2.71E-05,3
Dienestrol,DB00890,drug,0.822901128,11059.11008,0.00149242,42
Dienogest,DB09123,drug,1.745021381,32478.91638,0.021725021,52
"DIETHYL (1R,2S,3R,4S)-5,6-BIS(4-HYDROXYPHENYL)-7-OXABICYCLO[2.2.1]HEPT-5-ENE-2,3-DICARBOXYLATE",DB08320,drug,0.150806545,0,4.04E-10,36
"diethyl [(1R)-1,5-diaminopentyl]boronate",DB06840,drug,0.151169173,0,2.36E-12,41
Diethyl ether,DB13598,drug,1.499403475,2426.01747,0.023911249,28
Diethyl phosphonate,DB02811,drug,0.151051415,0,9.69E-13,45
Diethylcarbamazine,DB00711,drug,0.506271047,1305.407009,0.00576599,2
Diethylene glycol diethyl ether,DB08357,drug,0.150619892,0,6.53E-12,34
Diethylnorspermine,DB06445,drug,0.9332489,1730.245446,0.013818014,58
Diethylpropion,DB00937,drug,1.792289148,12435.39702,0.025319926,7
Diethylstilbestrol,DB00255,drug,2.03615692,171725.6457,0.016316028,42
Diethyltoluamide,DB11282,drug,0.151497276,0,1.50E-05,0
Difemerine,DB13380,drug,1.290244426,1486.705824,0.018986486,28
Difenoxin,DB01501,drug,0.991245455,103.8131288,0.0156917,50
Difenpiramide,DB13371,drug,1.882766518,6180.823484,0.027066228,25
diffuse astrocytoma,16686,disease,22.51101869,6,4.76E-05,41
diffuse gastric adenocarcinoma,7648_5017,disease,28.66372446,870.8183838,9.71E-05,38
diffuse large B-cell lymphoma,18905_17601_6117_6268_6428,disease,80.86548373,1018.794745,0.00017584,10
diffuse large B-cell lymphoma of the central nervous system,17596,disease,9.139052036,0,0.00017439,45
Diflorasone,DB00223,drug,0.313777498,560.242876,0.00201562,26
Difloxacin,DB11511,drug,1.406470198,10077.1283,0.01536481,16
Diflunisal,DB00861,drug,2.127288155,19066.62376,0.02873649,7
Difluocortolone,DB09095,drug,2.177302565,36165.40988,0.025406999,44
difluoro(5-{2-[(5-octyl-1H-pyrrol-2-yl-kappaN)methylidene]-2H-pyrrol-5-yl-kappaN}pentanoato)boron,DB07509,drug,0.150346583,0,1.45E-10,38
Difluprednate,DB06781,drug,0.41965763,1527.583969,0.00234426,52
Digitoxin,DB01396,drug,1.695434551,19628.21375,0.018354676,16
Diglyme,DB02935,drug,0.150464836,0,4.81E-11,6
Digoxin,DB00390,drug,2.396567674,49326.32375,0.027730963,58
Digoxin Immune Fab (Ovine),DB00076,drug,0.775447143,2.711075215,0.00104473,25
Dihexyverine,DB13678,drug,1.290244426,1486.705824,0.018986486,28
Dihomo-gamma-linolenic acid,DB00154,drug,0.150863397,0,4.27E-11,31
Dihydralazine,DB12945,drug,1.24409965,2062.243756,0.018253389,52
Dihydrexidine,DB12890,drug,0.305014851,85.299887,0.00200706,16
"Dihydro-2-thioxo-5-((5-(2-(trifluoromethyl)phenyl)-2-furanyl)methyl)-4,6(1H,5H)-pyrimidinedione",DB01496,drug,0.596264095,603.0860476,0.00677986,52
Dihydro-alpha-ergocryptine,DB11274,drug,0.164665052,3.940154697,0.0001449,47
Dihydrocodeine,DB01551,drug,1.49958831,4760.871883,0.02237207,7
Dihydroergocornine,DB11273,drug,1.527146015,15898.2196,0.02062518,2
Dihydroergocristine,DB13345,drug,1.482320182,12584.65468,0.020183887,52
Dihydroergocryptine,DB13385,drug,1.518988695,8185.355631,0.02075796,16
Dihydroergotamine,DB00320,drug,2.152283513,19387.58377,0.030297903,7
Dihydroetorphine,DB01450,drug,1.225406675,1588.433793,0.018327319,58
Dihydrogenphosphate,DB02831,drug,0.152198155,0,8.75E-12,19
Dihydrolipoic Acid,DB03760,drug,0.153738775,0,2.67E-11,34
Dihydromorphine,DB01565,drug,1.230589217,12009.40226,0.01832732,16
Dihydroquinidine barbiturate,DB01341,drug,0.150704507,0,4.62E-12,51
Dihydrostreptomycin,DB11512,drug,1.234375265,3336.344532,0.016800341,7
Dihydrotachysterol,DB01070,drug,0.376858533,888.2453267,0.00184061,59
Dihydroxyacetone phosphate,DB04326,drug,0.151018024,0,6.17E-11,8
Diiodohydroxyquinoline,DB09115,drug,0.15,0,3.99E-71,8
Diisopropylphosphono Group,DB04491,drug,0.151451531,0,8.71E-12,31
Dilazep,DB13715,drug,0.155031785,0,3.81E-05,18
Dilmapimod,DB12140,drug,0.151267492,0,1.65E-10,39
Diloxanide furoate,DB14638,drug,0.15,0,3.99E-71,43
Diltiazem,DB00343,drug,2.287709946,18519.90015,0.029693203,16
Dimenhydrinate,DB00985,drug,1.344557418,9313.8661,0.020039595,16
Dimercaprol,DB06782,drug,1.115287041,33049.65558,0.016357935,16
Dimetacrine,DB08996,drug,2.244645482,13068.72413,0.03366943,58
Dimethicone,DB11074,drug,0.15216781,0,4.23E-06,48
"dimethyl (1R,4S)-5,6-bis(4-hydroxyphenyl)-7-oxabicyclo[2.2.1]hepta-2,5-diene-2,3-dicarboxylate",DB07932,drug,0.150806545,0,4.04E-10,8
Dimethyl fumarate,DB08908,drug,0.682153057,15372.53429,0.00371323,52
Dimethyl Propionate Ester Heme,DB04009,drug,0.15096841,0,9.62E-12,13
Dimethyl sulfoxide,DB01093,drug,1.457303961,3677.088961,0.02259899,16
"DIMETHYL-(4,5,6,7-TETRABROMO-1H-BENZOIMIDAZOL-2-YL)-AMINE",DB04719,drug,0.15041342,0,2.01E-10,8
Dimethylallyl Diphosphate,DB01785,drug,0.15201481,0,3.03E-11,27
Dimethylcurcumin,DB06133,drug,0.150367355,0,3.66E-10,41
Dimethylthiambutene,DB01444,drug,0.151150269,0,3.52E-11,46
Dimethyltryptamine,DB01488,drug,1.049609196,711.6981111,0.01641948,28
Dimetindene,DB08801,drug,1.310097274,2159.20131,0.01907495,7
Dimetotiazine,DB08967,drug,0.19133812,8.246432545,0.00052523,3
Diminazene,DB03608,drug,0.151852639,0,2.10E-11,55
Dinitrochlorobenzene,DB11831,drug,0.151141242,0,5.64E-11,19
Dinoprost,DB12789,drug,0.172957646,0.59094518,7.82E-08,41
Dinoprost tromethamine,DB01160,drug,0.306822073,1200.635129,0.00266726,2
Dinoprostone,DB00917,drug,0.65328971,8319.188051,0.00496342,0
Dinor-N(Omega)-Hydroxy-L-Arginine,DB02499,drug,0.150752385,0,1.31E-11,5
Dinutuximab,DB09077,drug,1.727498642,53234.97375,0.01242387,21
Diosmin,DB08995,drug,0.150446821,0,4.50E-11,34
Dioxo(sulfanyl)molybdenum,DB03328,drug,0.152557501,0,8.42E-13,43
Dioxybenzone,DB11221,drug,0.150673695,0,1.14E-11,27
Dioxyselenocysteine,DB02442,drug,0.154477569,0,1.07E-05,3
DIP2A,23181,gene/protein,0.165583931,2529.412922,1.45E-09,46
Diphemanil,DB13720,drug,1.290918355,1727.320528,0.018986486,28
Diphenadione,DB13347,drug,2.58918281,67788.75356,0.018849936,58
Diphenhydramine,DB01075,drug,2.005297139,13921.5011,0.0277674,7
Diphenidol,DB01231,drug,1.292580681,1830.155262,0.01898649,28
Diphenoxylate,DB01081,drug,1.229444559,2557.978219,0.01835295,9
Diphenylacetic acid,DB03588,drug,0.150638328,0,1.69E-11,54
Diphenylpyraline,DB01146,drug,0.19494822,23.36614564,0.00067419,18
Diphthamide,DB03223,drug,0.150544307,0,5.78E-11,34
Dipicolinic acid,DB04267,drug,0.152514009,0,1.52E-05,48
Dipivefrin,DB00449,drug,0.157249078,29.98564252,6.60E-05,12
Dipotassium phosphate,DB09414,drug,0.996469027,4934.863262,0.012737321,36
Dipraglurant,DB12733,drug,0.150803065,0,1.41E-11,21
Diprenorphine,DB01548,drug,0.217583243,127.6588847,0.00107962,59
Dipyridamole,DB00975,drug,1.725382187,42928.24828,0.017876923,7
Dipyrithione,DB11327,drug,0.150742674,0,1.13E-10,40
DIRAS3,9077,gene/protein,0.160120241,916.7098622,1.17E-09,31
Dirithromycin,DB00954,drug,0.531509069,499.522796,0.0049801,2
Diroximel fumarate,DB14783,drug,0.153425483,0.02799029,1.26E-05,0
DIS3,22894,gene/protein,0.16638665,1559.109487,1.40E-09,15
DISC1,27185,gene/protein,0.368056181,175239.3236,1.08E-08,41
Disopyramide,DB00280,drug,2.949706802,57027.13189,0.037888233,28
disseminated intravascular coagulation,1243_1242,disease,1.45056004,0,6.47E-05,36
Di-Stearoyl-3-Sn-Phosphatidylcholine,DB04178,drug,0.150722015,0,2.12E-11,15
Di-Stearoyl-3-Sn-Phosphatidylethanolamine,DB01966,drug,0.150652401,0,1.77E-11,47
Distichlis spicata pollen,DB10494,drug,0.230677681,1.572961101,0.00134362,2
Distigmine,DB13694,drug,0.504190757,772.2972891,0.00576599,10
Disulfiram,DB00822,drug,2.034006771,137251.1155,0.015147799,7
Ditazole,DB08994,drug,1.086409868,2983.501777,0.00983006,58
Dithioerythritol,DB01692,drug,0.150493081,0,4.20E-11,9
Ditiocarb,DB02520,drug,0.65738613,427.4504413,0.00744067,48
Dixyrazine,DB13784,drug,1.201284568,1840.972784,0.01782981,25
DKKL1,27120,gene/protein,0.18835942,5542.243624,1.17E-09,55
D-Lactic acid,DB03066,drug,0.151700593,0,3.43E-11,9
DL-alpha-Tocopherol,DB14476,drug,0.155856417,0,5.40E-06,3
DLAT,1737,gene/protein,0.171139794,6322.850835,1.75E-09,12
DLC1,10395,gene/protein,0.172664318,6225.692005,2.17E-09,21
DLD,1738,gene/protein,0.323925681,92825.36728,1.03E-08,4
D-Leucine,DB01746,drug,0.15302936,0,1.71E-11,43
D-leucyl-N-(3-chlorobenzyl)-L-prolinamide,DB06911,drug,0.150459983,0,9.12E-12,53
D-leucyl-N-(4-carbamimidoylbenzyl)-L-prolinamide,DB06996,drug,0.150459983,0,9.12E-12,34
D-Levofloxacin,DB03034,drug,0.188149189,1.027406734,0.00050947,59
DLG1,1739,gene/protein,0.193859763,17883.8541,3.55E-09,49
DLK2,65989,gene/protein,0.165422956,1239.298283,5.50E-10,14
DLL1,28514,gene/protein,0.156498944,297.4950488,2.30E-09,6
DL-Methylephedrine,DB11278,drug,1.576836059,7856.090996,0.0251457,7
DLST,1743,gene/protein,0.264083122,36920.7392,7.79E-09,39
DLX1,1745,gene/protein,0.152165869,21.44819349,4.63E-10,14
DLX3,1747,gene/protein,0.154695097,282.5128432,4.59E-10,14
D-Malic acid,DB03499,drug,0.169932945,0,1.03E-11,45
DMD,1756,gene/protein,0.167046298,4838.703718,2.31E-09,1
D-Methionine,DB02893,drug,0.150855746,0,1.29E-11,54
DMPK,1760,gene/protein,0.167120896,3896.010896,3.79E-09,10
DMTN,2039,gene/protein,0.15607804,389.0566322,1.39E-09,39
"D-Myo-Inositol-1,4-Bisphosphate",DB03158,drug,0.152631716,0,3.74E-12,9
D-Myo-Inositol-Hexasulphate,DB01666,drug,0.151465345,0,8.77E-12,41
DNAAF5,54919,gene/protein,0.166209055,3996.951132,2.28E-09,57
DNAJA3,9093,gene/protein,0.183064951,5899.18482,5.26E-09,14
DNAJB3,414061,gene/protein,0.153475734,71.9063298,1.14E-09,14
DNAJB4,11080,gene/protein,0.168700843,2712.34942,3.41E-09,22
DNAJB9,4189,gene/protein,0.169436303,4599.344798,1.38E-09,11
DNAJC13,23317,gene/protein,0.165143922,2761.677194,1.80E-09,39
DNAJC2,27000,gene/protein,0.153861228,107.7639455,1.34E-09,47
DNAJC5,80331,gene/protein,0.182831328,9505.401584,2.45E-09,15
DNAJC5B,85479,gene/protein,0.152744717,18.77964694,1.07E-09,46
DNAJC7,7266,gene/protein,0.178158156,2668.673422,3.71E-09,34
DNAJC8,22826,gene/protein,0.160135111,840.4026311,1.78E-09,21
DNLZ,728489,gene/protein,0.161408348,1018.604927,1.03E-09,5
DNM1,1759,gene/protein,0.166621118,2892.238973,3.91E-09,14
DNM1L,10059,gene/protein,0.235743131,25492.88969,8.98E-09,38
DNMT1,1786,gene/protein,0.18212912,26799.39428,7.05E-09,8
DNMT3A,1788,gene/protein,0.181316135,10272.10825,3.38E-09,33
DNMT3B,1789,gene/protein,0.185869852,8053.384059,4.62E-09,14
D-norleucine,DB04419,drug,0.161448327,0,3.81E-11,45
DNTT,1791,gene/protein,0.154678862,5452.223306,1.98E-09,4
Dobutamine,DB00841,drug,1.792751629,37515.26249,0.026634824,16
Docetaxel,DB01248,drug,1.66785046,43147.4048,0.015176974,58
DOCK1,1793,gene/protein,0.156715525,224.6014255,2.41E-09,46
DOCK8,81704,gene/protein,0.166011908,2353.883265,1.53E-09,8
Doconexent,DB03756,drug,0.568824635,19739.99864,0.00698499,26
Docusate,DB11089,drug,0.620385206,2977.066993,0.00793481,51
DODECANESULFONATE ION,DB07681,drug,0.151051415,0,9.69E-13,34
Dodecyl sulfate,DB03967,drug,0.150888588,0,1.24E-11,10
Dodecyl-Alpha-D-Maltoside,DB03279,drug,0.150573576,0,6.41E-11,9
Dodecyldimethylamine N-oxide,DB04147,drug,0.157146946,0,1.22E-10,36
Dodecyltrimethylammonium,DB02779,drug,0.15041167,0,1.27E-10,47
Dofequidar,DB14067,drug,0.192523583,59.81702858,2.71E-05,19
Dofetilide,DB00204,drug,1.265618844,4599.883714,0.01515078,2
DOK5,55816,gene/protein,0.166098263,1581.083481,6.98E-09,57
DOK7,285489,gene/protein,0.157202049,417.5147018,1.31E-09,39
Dolasetron,DB00757,drug,1.561911663,4209.948235,0.02313564,16
Dolastatin 10,DB12730,drug,0.191246377,0.019387545,2.71E-05,52
Dolutegravir,DB08930,drug,1.03572235,26620.13903,0.00622166,2
dominant beta-thalassemia,11381,disease,3.598095811,0,2.94E-05,5
Domoic Acid,DB02852,drug,0.994876784,136.1966971,0.01573207,7
Domperidone,DB01184,drug,1.54758851,5072.866755,0.020673823,52
Donepezil,DB00843,drug,1.776985336,53573.42467,0.02552662,7
Dopamine,DB00988,drug,1.770563866,48237.98362,0.026273071,7
Dopexamine,DB12313,drug,1.046670957,1928.619745,0.01591701,7
Doramapimod,DB03044,drug,0.150382517,0,1.90E-10,9
Doramectin,DB11400,drug,1.457803877,5750.67103,0.02029425,7
Doravirine,DB12301,drug,0.509526597,110.4248322,0.00518088,2
Doripenem,DB06211,drug,1.150925432,6575.850935,0.01701969,52
Dornase alfa,DB00003,drug,0.15,0,3.99E-71,55
Dorsomorphin,DB08597,drug,0.151030957,0,1.33E-10,34
Dorzolamide,DB00869,drug,0.414603961,333.6445622,0.00427651,59
Dostarlimab,DB15627,drug,0.151019643,0,7.48E-12,13
Dosulepin,DB09167,drug,2.475733278,26767.52473,0.03361025,28
DOT1L,84444,gene/protein,0.162778695,1355.991797,2.43E-09,45
Dotarizine,DB06446,drug,1.77050776,11458.68617,0.0253436,7
Dotatate gallium Ga-68,DB13925,drug,0.159752749,0.70812028,3.83E-05,0
Dovitinib,DB05928,drug,0.890420762,3068.5545,0.00993619,59
Doxacurium,DB01135,drug,2.180224504,20881.05113,0.03119952,25
Doxapram,DB00561,drug,0.781320414,1915.821215,0.01226312,52
Doxazosin,DB00590,drug,1.874743245,9469.189586,0.02599364,16
Doxefazepam,DB13837,drug,1.071956982,884.792758,0.016314223,16
Doxepin,DB01142,drug,3.06137694,62135.634,0.03972144,25
Doxercalciferol,DB06410,drug,0.37680114,614.2952889,0.00184061,0
Doxifluridine,DB12947,drug,0.754961637,2138.636664,0.0041592,44
Doxofylline,DB09273,drug,1.747493509,15403.82076,0.02432644,16
Doxorubicin,DB00997,drug,1.819971888,90035.38875,0.018676116,17
Doxycycline,DB00254,drug,1.830661746,34721.82006,0.02123252,16
Doxylamine,DB00366,drug,1.592427603,7884.735864,0.022508937,28
DPAGT1,1798,gene/protein,0.156672907,556.8988227,1.66E-09,33
Dpb-T,DB02217,drug,0.15673491,0,1.20E-12,36
DPDPE,DB08861,drug,1.225406675,1588.433793,0.018327319,28
DPEP1,1800,gene/protein,0.16808721,4269.97225,3.63E-10,26
DPH1,1801,gene/protein,0.159655784,1156.19377,1.63E-09,33
D-Phenylalanine,DB02556,drug,0.16474761,0,2.62E-11,39
D-phenylalanyl-N-(3-chlorobenzyl)-L-prolinamide,DB06919,drug,0.150459983,0,9.12E-12,5
D-phenylalanyl-N-(3-fluorobenzyl)-L-prolinamide,DB07027,drug,0.150459983,0,9.12E-12,8
D-phenylalanyl-N-(3-methylbenzyl)-L-prolinamide,DB07133,drug,0.150459983,0,9.12E-12,43
D-phenylalanyl-N-{4-[amino(iminio)methyl]benzyl}-L-prolinamide,DB07005,drug,0.150459983,0,9.12E-12,32
D-phenylalanyl-N-benzyl-L-prolinamide,DB07143,drug,0.150459983,0,9.12E-12,27
DPI59,DB03217,drug,0.150381611,0,2.42E-10,32
DPM1,8813,gene/protein,0.160985246,856.2061455,2.16E-09,46
DPP4,1803,gene/protein,0.159846548,239444.626,2.84E-10,40
D-Proline,DB02853,drug,0.1511054,0,1.30E-11,43
DPY19L2P1,554236,gene/protein,0.151637573,52.37860052,1.48E-10,36
DPYD,1806,gene/protein,0.150716203,24071.6277,8.08E-10,1
DPYSL4,10570,gene/protein,0.154178594,103.839856,1.37E-09,53
DRAM1,55332,gene/protein,0.156142,522.5950939,4.88E-10,50
DRD1,1812,gene/protein,0.156757208,7803.228011,1.43E-10,56
DRD2,1813,gene/protein,0.182365636,112090.8187,1.21E-09,1
DRD3,1814,gene/protein,0.157156458,21360.75,5.68E-10,30
DRD5,1816,gene/protein,0.153347394,9708.428214,1.21E-10,20
Dronabinol,DB00470,drug,1.537905722,6183.70798,0.02304481,7
Dronedarone,DB04855,drug,2.154804693,37515.527,0.02706149,16
Droperidol,DB00450,drug,1.837610612,6602.61619,0.02750111,28
Drospirenone,DB01395,drug,2.191459249,81033.74635,0.026621211,58
Drostanolone,DB00858,drug,0.152057651,0,3.82E-10,32
Drostanolone propionate,DB14655,drug,0.287633841,3487.25913,0.00123021,45
Drotaverine,DB06751,drug,0.156703728,8.305882829,3.81E-05,54
Drotebanol,DB01547,drug,0.992376657,3.844875753,0.015717914,28
Drotrecogin alfa,DB00055,drug,1.097372521,20899.48093,0.00983615,16
Droxicam,DB09215,drug,1.894000436,6872.441558,0.027107241,7
Droxidopa,DB06262,drug,1.898771778,53448.2035,0.026638137,16
dry eye syndrome,6733,disease,5.445420904,212.1606084,0.00014841,5
D-Serine,DB03929,drug,0.157675352,0,2.45E-11,21
DSP,1832,gene/protein,0.17568055,11485.01195,4.42E-09,5
DSTN,11034,gene/protein,0.180748592,12699.76178,2.58E-09,11
D-tartaric acid,DB01694,drug,0.165911075,0,3.71E-11,51
DTD2,112487,gene/protein,0.154672603,705.0422368,9.52E-10,50
DTL,51514,gene/protein,0.18076083,3274.864684,7.00E-09,33
DTNB,1838,gene/protein,0.175911728,3027.38476,1.44E-09,49
D-Tryptophan,DB03225,drug,0.153510204,0,5.23E-12,31
DTS-201,DB06071,drug,0.155336316,0,5.28E-06,59
DTWD1,56986,gene/protein,0.151031492,0,4.66E-10,47
DTX2,113878,gene/protein,0.193603818,10770.85771,2.77E-09,4
DTX3L,151636,gene/protein,0.168478888,1557.577122,2.41E-09,27
DTYMK,1841,gene/protein,0.151363352,32498.32489,1.00E-10,13
D-Tyrosine,DB03839,drug,0.15219389,0,2.16E-12,47
Duchenne muscular dystrophy,10679,disease,0.889014833,0,5.39E-05,13
Dulaglutide,DB09045,drug,1.553124867,90464.3775,0.011312048,25
Duligotuzumab,DB12142,drug,0.816612509,1418.211261,0.00107183,42
Duloxetine,DB00476,drug,2.963520732,34614.94546,0.039497787,58
duodenal ulcer (disease),5412,disease,4.795601874,311.4762165,0.0001944,54
DUOX1,53905,gene/protein,0.150622066,0,2.35E-10,29
Dupilumab,DB12159,drug,0.801802255,4146.89732,0.00109946,42
Duroquinone,DB01927,drug,0.150590428,0,1.90E-11,9
Durvalumab,DB11714,drug,0.85004307,4838.017378,0.00142913,53
DUS3L,56931,gene/protein,0.160432587,127.0487084,1.63E-09,50
Dusigitumab,DB12363,drug,0.775447143,2.711075215,0.00104473,58
DUSP1,1843,gene/protein,0.173008249,4243.52787,6.76E-09,45
DUSP10,11221,gene/protein,0.174368234,2890.77796,8.71E-09,10
DUSP11,8446,gene/protein,0.156712494,603.0434082,6.90E-10,53
DUSP4,1846,gene/protein,0.16146603,4543.504993,3.25E-09,49
DUSP5,1847,gene/protein,0.15945566,956.4654185,4.02E-09,24
DUSP6,1848,gene/protein,0.163857884,2589.350294,3.51E-09,29
DUT,1854,gene/protein,0.159291564,11966.65214,1.77E-09,5
Dutasteride,DB01126,drug,1.081123124,1827.547379,0.016283128,16
Dutogliptin,DB11723,drug,0.997223205,2457.59238,0.01106779,44
Duvelisib,DB11952,drug,0.985545313,3667.138379,0.010348007,48
Duvoglustat,DB03206,drug,0.151384516,0,1.16E-11,5
DVL1,1855,gene/protein,0.174165854,3514.819155,4.41E-09,21
DVL2,1856,gene/protein,0.215498931,19210.33863,1.19E-08,14
Dyclonine,DB00645,drug,1.018848342,1243.431216,0.015726881,9
Dydrogesterone,DB00378,drug,0.32358908,235.4045432,0.00145346,59
DYNC1LI1,51143,gene/protein,0.186249618,3924.330054,1.01E-09,50
DYNC2LI1,51626,gene/protein,0.159663192,702.0978181,3.94E-10,43
DYNLL1,8655,gene/protein,0.206594883,16605.20791,3.81E-09,39
DYNLRB1,83658,gene/protein,0.166158331,2315.552629,1.59E-09,20
DYNLRB2,83657,gene/protein,0.153259467,124.395149,1.19E-09,50
DYNLT1,6993,gene/protein,0.172777335,7650.15897,1.99E-09,4
Dyphylline,DB00651,drug,1.369662457,10534.78296,0.02045504,52
DYRK1A,1859,gene/protein,0.178716317,10310.83029,9.80E-09,56
DYRK1B,9149,gene/protein,0.17447211,4614.820341,4.19E-09,56
DYRK2,8445,gene/protein,0.192644525,11584.33937,6.22E-09,57
DYRK4,8798,gene/protein,0.185651275,3633.389016,4.56E-09,6
dysthymic disorder,1442,disease,9.205465131,0.03030303,0.00092308,32
DZIP3,9666,gene/protein,0.175124914,3662.853536,2.72E-09,43
E-2012,DB05171,drug,0.151130772,0,7.83E-12,36
E2F1,1869,gene/protein,0.432217711,329977.4912,1.90E-08,33
E2F2,1870,gene/protein,0.164535241,910.543599,1.97E-09,51
E2F4,1874,gene/protein,0.356101929,133626.7131,2.07E-08,14
E2F5,1875,gene/protein,0.156904959,497.3150086,1.51E-09,5
E2F6,1876,gene/protein,0.278873714,52508.57256,6.81E-09,12
E4F1,1877,gene/protein,0.174165546,2254.999144,2.48E-09,31
E5531,DB06447,drug,0.150538957,0,8.10E-11,12
E-6005,DB12776,drug,0.15179044,0,1.77E-05,0
EAPP,55837,gene/protein,0.15840285,591.2373512,5.72E-10,11
early-onset parkinsonism-intellectual disability syndrome,10709,disease,3.046648054,0,0.00049735,49
EARS2,124454,gene/protein,0.154313092,249.3934468,1.61E-09,38
Ebastine,DB11742,drug,1.188775374,2427.03703,0.014453592,2
EBF1,1879,gene/protein,0.272861483,56626.66187,5.03E-09,47
"Ebola Zaire vaccine (live, attenuated)",DB15595,drug,1.066537897,7366.334628,0.00396486,44
Ebselen,DB12610,drug,1.281532722,6903.226444,0.017340278,58
Ecabet,DB05265,drug,0.193072991,459.104835,2.71E-05,19
Ecallantide,DB05311,drug,0.152383048,0,5.70E-13,39
ECE1,1889,gene/protein,0.166755088,9126.38295,1.34E-09,20
ECE2,9718,gene/protein,0.160610225,1009.642531,1.01E-09,4
Ecgonine,DB01525,drug,0.187509136,0,0.00090571,0
Echinacea,DB14240,drug,0.427423314,72.48066521,0.00358066,59
Echinacoside,DB15488,drug,0.161861236,102.7786857,7.48E-05,19
Echothiophate,DB01057,drug,0.161403986,45.6934052,0.00020771,6
ECHS1,1892,gene/protein,0.162554933,22293.75029,2.25E-09,49
Econazole,DB01127,drug,0.196980815,52.42432334,0.00037372,51
Ecopipam,DB12273,drug,1.063951955,354.766961,0.01644379,7
Ecromeximab,DB12797,drug,0.819072901,1434.947837,0.00107224,25
ECSCR,641700,gene/protein,0.151126743,2.586737947,1.23E-10,32
ECSIT,51295,gene/protein,0.184977911,17604.7791,2.87E-09,32
ECT2,1894,gene/protein,0.174397419,5393.518229,4.24E-09,20
Eculizumab,DB01257,drug,1.170351291,9544.923496,0.0043686,42
Edaravone,DB12243,drug,0.363097184,232.4186954,0.00242221,26
Edetate calcium disodium anhydrous,DB14598,drug,1.094026729,6672.358701,0.00984525,52
Edetate disodium anhydrous,DB14600,drug,0.157624736,20.24180211,1.52E-05,11
Edetic acid,DB00974,drug,1.111607824,7481.355045,0.00998757,16
EDF1,8721,gene/protein,0.160386241,710.6240884,2.89E-09,21
EDIL3,10085,gene/protein,0.152494616,28.63982264,1.13E-10,1
Edivoxetine,DB09184,drug,1.017436145,187.3682576,0.016006243,7
EDN1,1906,gene/protein,0.158871992,6966.742133,1.88E-09,1
EDNRA,1909,gene/protein,0.158445253,38043.90913,1.63E-09,1
EDNRB,1910,gene/protein,0.16123454,15549.15511,1.72E-09,5
Edonerpic,DB05938,drug,0.150403039,0,1.37E-10,10
Edotecarin,DB04882,drug,0.150531861,0,5.07E-11,6
Edotreotide gallium Ga-68,DB15494,drug,0.17802064,9.523813609,3.83E-05,2
Edoxaban,DB09075,drug,1.87882719,20598.18438,0.022266639,16
Edoxudine,DB13421,drug,0.150216928,0,1.72E-11,53
Edrecolomab,DB13375,drug,0.819072901,1434.947837,0.00107224,25
Edrophonium,DB01010,drug,1.354135512,3416.310057,0.020619163,58
EEA1,8411,gene/protein,0.165143245,6998.39411,2.51E-09,30
EEF1A1,1915,gene/protein,0.300751246,114640.3202,1.52E-08,53
EEF1A2,1917,gene/protein,0.191916662,26215.5159,3.80E-09,40
EEF1B2,1933,gene/protein,0.175968135,3598.881966,3.32E-09,34
EEF1D,1936,gene/protein,0.212957741,17153.23293,5.54E-09,12
EEF1G,1937,gene/protein,0.226735659,23690.89332,6.73E-09,56
EEF2,1938,gene/protein,0.20043311,28982.89068,7.23E-09,30
EEF2K,29904,gene/protein,0.16231789,709.2474131,2.56E-09,53
Efalizumab,DB00095,drug,1.172543107,12707.87107,0.00436901,42
Efaproxiral,DB08486,drug,0.192739,615.768425,2.71E-05,51
Efatutazone,DB11894,drug,0.191246377,0.019387545,2.71E-05,3
Efavirenz,DB00625,drug,2.219310158,19016.38118,0.02893552,58
EFCAB11,90141,gene/protein,0.153314246,1438.881797,1.09E-10,1
EFEMP2,30008,gene/protein,0.220330222,19261.94706,2.12E-09,29
EFL1,79631,gene/protein,0.153056211,1820.219868,8.70E-10,56
Eflornithine,DB06243,drug,0.15067373,0.166666667,1.71E-11,38
Efmoroctocog alfa,DB11607,drug,0.150971733,0,5.61E-12,11
EFNA1,1942,gene/protein,0.173704036,3243.155073,8.72E-09,11
EFNB1,1947,gene/protein,0.163412265,2926.011373,3.49E-09,27
EFNB2,1948,gene/protein,0.172979535,3296.059838,6.01E-09,23
Efonidipine,DB09235,drug,2.26524467,16126.73184,0.031077978,7
Efrotomycin,DB11401,drug,0.183010588,1.635162339,0.00033501,59
Eftrenonacog alfa,DB11608,drug,0.929117002,6670.001174,0.00224272,54
EFTUD2,9343,gene/protein,0.201725312,6702.369283,5.57E-09,36
Egaptivon pegol,DB05202,drug,0.346971185,952.02783,0.00017532,0
EGFL6,25975,gene/protein,0.154597533,116.0575648,2.43E-10,56
EGFR,1956,gene/protein,0.365652401,537037.2187,3.04E-08,33
EGLN1,54583,gene/protein,0.164759986,10389.51939,1.79E-09,56
EGLN2,112398,gene/protein,0.16111105,3194.745015,2.05E-09,23
EGLN3,112399,gene/protein,0.17203666,7653.55326,3.24E-09,39
EGR1,1958,gene/protein,0.503341805,732939.2066,2.41E-08,35
EGR3,1960,gene/protein,0.155395267,152.2497911,7.45E-10,39
EHHADH,1962,gene/protein,0.195557421,9222.390869,1.79E-09,29
EHMT1,79813,gene/protein,0.164955188,1203.305864,2.70E-09,23
EHMT2,10919,gene/protein,0.192447813,12274.88398,5.42E-09,4
EID1,23741,gene/protein,0.161414142,815.8749623,2.75E-09,8
EIF1,10209,gene/protein,0.155654524,403.0747038,1.85E-09,53
EIF1AX,1964,gene/protein,0.160257861,1527.779568,1.59E-09,15
EIF2A,83939,gene/protein,0.157608892,945.3436,1.83E-09,9
EIF2AK1,27102,gene/protein,0.156037464,310.8093643,1.74E-09,38
EIF2AK2,5610,gene/protein,0.208968441,18278.92594,1.45E-08,4
EIF2AK3,9451,gene/protein,0.182362631,11095.32443,4.23E-09,40
EIF2B3,8891,gene/protein,0.162839056,2926.418719,2.14E-09,20
EIF2B5,8893,gene/protein,0.160625947,1305.185784,2.91E-09,51
EIF2S1,1965,gene/protein,0.175225382,3450.442062,4.72E-09,20
EIF2S2,8894,gene/protein,0.166337374,1250.528167,2.99E-09,53
EIF2S3,1968,gene/protein,0.155700301,229.2675431,2.02E-09,56
EIF3A,8661,gene/protein,0.21390555,7875.265981,5.86E-09,34
EIF3B,8662,gene/protein,0.170363926,1048.628662,3.82E-09,41
EIF3C,8663,gene/protein,0.180580226,2750.282713,3.07E-09,34
EIF3D,8664,gene/protein,0.172253158,1955.961868,3.66E-09,49
EIF3E,3646,gene/protein,0.203125052,6549.35434,5.54E-09,9
EIF3H,8667,gene/protein,0.165528149,747.5406518,2.11E-09,14
EIF3I,8668,gene/protein,0.201378048,17226.9814,5.97E-09,31
EIF4A1,1973,gene/protein,0.184287276,4173.962922,5.74E-09,27
EIF4A3,9775,gene/protein,0.223975053,19668.71256,8.76E-09,47
EIF4B,1975,gene/protein,0.176376292,3012.722162,5.20E-09,4
EIF4E,1977,gene/protein,0.180202406,27462.97,9.85E-09,50
EIF4EBP1,1978,gene/protein,0.17792731,3664.503136,9.09E-09,56
EIF4ENIF1,56478,gene/protein,0.171057156,1838.410354,2.46E-09,11
EIF4G1,1981,gene/protein,0.192018416,10009.39413,5.43E-09,4
EIF4H,7458,gene/protein,0.166758334,1057.084103,3.03E-09,47
EIF5A,1984,gene/protein,0.16298418,660.3353306,2.63E-09,6
EIF6,3692,gene/protein,0.186529936,7123.395739,4.13E-09,27
Elacestrant,DB06374,drug,0.150379934,0,3.14E-10,43
Elacridar,DB04881,drug,0.424972444,76.76139215,0.00324468,26
Elacytarabine,DB05494,drug,0.151312731,0,9.91E-12,12
Elafibranor,DB05187,drug,0.15121875,0,3.20E-10,47
Elafin,DB05161,drug,0.151398567,0,1.16E-11,34
Elagolix,DB11979,drug,1.070424948,3700.329537,0.01329136,2
Elaidamide,DB03784,drug,0.151690709,0,3.05E-12,12
ELANE,1991,gene/protein,0.176216961,21301.82582,6.72E-10,43
Elapegademase,DB14712,drug,0.345419741,0.177865573,0.00017532,3
ELAVL1,1994,gene/protein,0.285378844,102282.973,1.35E-08,21
Elbasvir,DB11574,drug,0.812507218,792.5624959,0.00885924,18
Elcatonin,DB13742,drug,0.495570147,1627.780662,0.00356179,58
Eldecalcitol,DB05295,drug,0.37683022,651.2086421,0.00184061,2
Eldelumab,DB06116,drug,0.778653928,1350.420676,0.00104514,25
Eletriptan,DB00216,drug,1.875190758,6746.52164,0.028875,7
Elexacaftor,DB15444,drug,1.012471566,5324.492985,0.01099768,48
ELF1,1997,gene/protein,0.31666828,72898.7836,7.07E-09,22
ELF3,1999,gene/protein,0.166779659,1180.720883,4.44E-09,39
Eliglustat,DB09039,drug,1.24514799,9609.466661,0.015308883,59
Elinogrel,DB06350,drug,0.151344675,0,2.61E-12,54
ELK1,2002,gene/protein,0.167183482,2201.429926,4.57E-09,47
ELK3,2004,gene/protein,0.158648654,515.3532596,2.78E-09,50
ELK4,2005,gene/protein,0.215057473,17872.95051,1.01E-08,27
ELL2,22936,gene/protein,0.162226438,998.3939865,1.62E-09,32
Ellagic acid,DB08846,drug,0.440699987,25672.09692,0.00315516,29
Elocalcitol,DB06194,drug,0.37680114,614.2952889,0.00184061,48
ELOF1,84337,gene/protein,0.164586974,824.1660596,1.04E-09,40
Elosulfase alfa,DB09051,drug,0.15,0,3.99E-71,12
Elotuzumab,DB06317,drug,0.819935779,5546.6454,0.00107224,15
ELOVL4,6785,gene/protein,0.173257089,2627.629651,4.46E-10,22
ELP2,55250,gene/protein,0.1581958,194.9213521,3.37E-09,13
Elsamitrucin,DB05129,drug,0.19220558,320.328893,2.71E-05,41
Eltanolone,DB12308,drug,0.992376657,3.844875753,0.015717914,7
Eltoprazine,DB12883,drug,1.044364352,233.8365891,0.016419482,7
Eltrombopag,DB06210,drug,3.903386907,293320.376,0.011617224,58
Eluxadoline,DB09272,drug,1.212349017,11602.58217,0.015970412,16
Elvitegravir,DB09101,drug,0.658917019,876.7237454,0.00617228,52
Elymus repens pollen,DB10489,drug,0.230677681,1.572961101,0.00134362,2
EM-1745,DB02323,drug,0.151938532,0,1.16E-13,40
Emactuzumab,DB14905,drug,0.775447143,2.711075215,0.00104473,25
Emapalumab,DB14724,drug,1.994747656,58418.07457,0.017654809,31
embryonal carcinoma,5440,disease,8.50792779,0,4.75E-05,27
embryonal carcinoma of the central nervous system,18843,disease,8.50792779,0,4.75E-05,5
EMC1,23065,gene/protein,0.156334208,435.0118961,1.61E-09,9
EMC9,51016,gene/protein,0.163138245,1340.165507,2.39E-09,4
EMD,2010,gene/protein,0.202795493,23549.18675,5.32E-09,19
Emedastine,DB01084,drug,0.643040799,317.3671547,0.00772494,59
Emepronium,DB13505,drug,1.312055557,2109.327215,0.0191088,28
Emeramide,DB12192,drug,0.152514009,0,1.52E-05,0
Emetine,DB13393,drug,0.291643134,0.09192394,0.00159439,52
Emetonium iodide,DB13769,drug,1.290244426,1486.705824,0.018986486,28
Emibetuzumab,DB11849,drug,0.777907291,9.850502048,0.00104514,42
Emicizumab,DB13923,drug,0.936310779,10256.95593,0.00224424,42
EMID1,129080,gene/protein,0.153192907,137.2070557,4.29E-10,31
Emodin,DB07715,drug,0.631784399,15137.99496,0.00801359,52
Emopamil,DB14064,drug,1.033116965,2173.070827,0.01249766,7
Empagliflozin,DB09038,drug,1.211964472,7281.619096,0.014053232,52
Emricasan,DB05408,drug,0.151338382,0,1.47E-10,51
EMSY,56946,gene/protein,0.156796688,143.3147115,1.13E-09,50
Emtricitabine,DB00879,drug,1.108762325,2038.735789,0.016555172,52
Emylcamate,DB13572,drug,0.993533662,5.146994375,0.015735013,58
EN2,2020,gene/protein,0.154889786,1536.367589,2.58E-10,5
Enalapril,DB00584,drug,1.538951328,16988.21743,0.019484834,16
Enalaprilat,DB09477,drug,1.776652395,12486.49889,0.025852597,7
Enalkiren,DB03395,drug,0.170190817,9.174624005,0.00023257,59
Enasidenib,DB13874,drug,1.910824203,15840.2608,0.02146953,0
ENC1,8507,gene/protein,0.156518621,68.97470204,2.60E-09,43
Encainide,DB01228,drug,0.96913351,1092.108126,0.013022586,7
Encenicline,DB11726,drug,0.151442773,0,2.41E-12,6
Enclomiphene,DB06735,drug,0.619695662,797.1231186,0.00830645,58
Encorafenib,DB11718,drug,0.94861506,6963.89476,0.012389798,18
endogenous depression,12048,disease,10.79116444,3.531043549,0.00077835,55
endolymphatic hydrops,6744,disease,4.113325642,0,2.22E-05,55
endometriosis (disease),5133,disease,20.62918777,0,0.00014954,49
endometriosis of uterus,10888,disease,20.62918777,0,0.00014954,43
Endostar,DB11727,drug,0.20745307,32.39863117,0.00010186,3
Endostatin,DB06423,drug,0.210632865,2906.133162,0.00010186,39
Endralazine,DB13435,drug,0.894680498,342.1160374,0.013808905,57
Enflurane,DB00228,drug,1.199694757,10580.63172,0.017808336,16
Enfortumab vedotin,DB13007,drug,0.46390594,124.1788576,0.00362941,21
Enfuvirtide,DB00109,drug,0.17568899,22.25725963,7.65E-05,2
ENG,2022,gene/protein,0.161285989,3222.627216,1.15E-09,14
Englitazone,DB14035,drug,0.929386005,1399.329136,0.010335244,58
Enibomal,DB13229,drug,0.204733717,0.00455472,0.00080403,59
Eniluracil,DB03516,drug,0.158747438,0,9.22E-12,19
ENKD1,84080,gene/protein,0.230584698,22713.4307,3.46E-09,10
ENMD-1198,DB05959,drug,0.150756988,0,3.94E-10,6
ENO1,2023,gene/protein,0.204542107,53748.56708,7.08E-09,22
ENO3,2027,gene/protein,0.16297612,15662.77527,2.10E-09,29
Enokizumab,DB05555,drug,0.777907291,9.850502048,0.00104514,42
ENOPH1,58478,gene/protein,0.156124461,6129.19319,6.90E-10,59
ENOX2,10495,gene/protein,0.15541397,5477.915519,3.93E-10,49
Enoxacin,DB00467,drug,1.406274546,11678.88088,0.01536481,16
Enoxaparin,DB01225,drug,1.367220616,12382.0164,0.013962087,7
Enoximone,DB04880,drug,0.162515086,9.055502547,0.00013964,31
ENPP1,5167,gene/protein,0.151665688,471.7080223,1.41E-10,22
Enprofylline,DB00824,drug,0.161715124,0,3.88E-11,34
Enprostil,DB13824,drug,0.272188293,0.013680843,0.00266718,2
Enrasentan,DB06460,drug,0.151722598,0,2.65E-11,34
Enrofloxacin,DB11404,drug,1.01280968,6102.928691,0.00941713,52
Ensartinib,DB14860,drug,0.191246377,0.019387545,2.71E-05,3
Ensituximab,DB12342,drug,0.775447143,2.711075215,0.00104473,25
Entacapone,DB00494,drug,1.238953939,10799.07313,0.018695782,7
Entecavir,DB00442,drug,0.59126491,508.8941498,0.00615624,19
enterobiasis,5746,disease,0.341021178,0,0.00020854,10
enterocolitis (disease),9172,disease,6.74124088,11.56458821,0.00010942,9
Entinostat,DB11841,drug,0.643760274,691.9590584,0.00725559,58
Entrectinib,DB11986,drug,1.334136597,23184.74988,0.014596383,2
Enviomycin,DB08993,drug,0.184875411,11.55512746,0.00034918,10
Enzacamene,DB11219,drug,0.151579382,0,9.00E-10,49
Enzalutamide,DB08899,drug,1.941828634,34002.66345,0.025650804,52
Enzastaurin,DB06486,drug,0.15311059,0,9.40E-10,5
eosinophilic pneumonia,19122_5749_44972_15927_4806_17363,disease,4.273889113,25.46222235,0.00016534,31
EP-2104R,DB05675,drug,0.150649188,0,1.17E-11,10
EP300,2033,gene/protein,0.638830599,1210742.01,4.01E-08,14
EP400,57634,gene/protein,0.16710599,2219.911353,3.21E-09,8
Epacadostat,DB11717,drug,0.191246377,0.019387545,2.71E-05,3
Epalrestat,DB15293,drug,0.15,0,3.99E-71,57
Epanolol,DB13757,drug,1.839384588,12836.45881,0.02381536,28
EPAS1,2034,gene/protein,0.184020432,12264.76754,6.34E-09,11
EPC1,80314,gene/protein,0.161611887,808.7960831,1.37E-09,38
EPCAM,4072,gene/protein,0.15254754,17820.14796,2.65E-10,1
EPDR1,54749,gene/protein,0.160923817,650.75775,5.16E-10,36
ependymoblastoma,16715,disease,1.384839424,0,4.74E-05,38
Eperisone,DB08992,drug,1.959554847,9355.604403,0.02749079,7
Epetraborole,DB11744,drug,0.183010588,1.635162339,0.00033501,3
EPHA1,2041,gene/protein,0.192849733,12576.50671,7.43E-09,14
EPHA2,1969,gene/protein,0.204781895,30984.53067,1.37E-08,6
EPHA4,2043,gene/protein,0.189202673,17340.07888,9.10E-09,14
EPHA7,2045,gene/protein,0.176657439,9339.405703,5.79E-09,5
EPHB1,2047,gene/protein,0.163042395,1173.397272,3.20E-09,5
EPHB3,2049,gene/protein,0.163579534,745.1328499,2.53E-09,24
EPHB4,2050,gene/protein,0.172965641,57063.56056,5.98E-09,19
EPHB6,2051,gene/protein,0.164186026,2754.082752,1.15E-09,4
Ephedra sinica root,DB01363,drug,1.16770967,4480.784409,0.01754859,7
Ephedrine,DB01364,drug,1.502627355,23044.64771,0.01858594,28
EPHX2,2053,gene/protein,0.151764781,43251.9204,1.98E-10,12
Epibatidine,DB07720,drug,0.321769911,3914.02638,0.00204027,52
Epicaptopril,DB02032,drug,0.774342023,110.4667018,0.01216953,16
Epicept NP-1,DB05492,drug,0.158022459,0,1.98E-10,22
Epicillin,DB13300,drug,0.373732545,75.48733461,0.00232483,52
Epicriptine,DB11275,drug,0.154377523,4.123809524,1.62E-11,6
epidermolysis bullosa,6541,disease,2.521616452,0,2.83E-07,8
epidermolysis bullosa simplex,7554_7551_7555_7550_14661_9181_18747_15551_19276_15550_17610_11869,disease,2.691417417,112.3866949,3.09E-07,46
Epigallocatechin gallate,DB12116,drug,0.158404821,0,1.04E-10,53
epilepsy,5027,disease,2.444944567,0,0.00069571,39
Epimestrol,DB13386,drug,1.013542562,8362.41869,0.00390314,44
Epinastine,DB00751,drug,1.714477554,13048.4681,0.024042434,28
Epinephrine,DB00668,drug,1.93084054,67630.93166,0.024456879,58
Epirizole,DB08991,drug,1.882766518,6180.823484,0.027066228,58
Epirubicin,DB00445,drug,0.904230029,7934.357464,0.00610517,52
Epitestosterone,DB07768,drug,0.225340357,46.2269908,0.00085718,2
Epitizide,DB13989,drug,1.514213637,6351.60611,0.021234994,21
Eplerenone,DB00700,drug,1.916867544,8532.233328,0.028234162,16
Eplivanserin,DB12177,drug,1.017900791,482.0977863,0.01602005,16
EPN1,29924,gene/protein,0.177240046,8975.147558,8.76E-09,6
Epoetin delta,DB11624,drug,0.166737965,1.12584794,0.0001032,18
Epofolate,DB12266,drug,0.572755446,735.0851757,0.00500723,16
Epoprostenol,DB01240,drug,2.130314563,36294.09902,0.027410502,28
EPOR,2057,gene/protein,0.172927691,103679.9101,1.03E-08,56
Epothilone D,DB01873,drug,0.578055153,18476.34732,0.00500723,52
Epratuzumab,DB04958,drug,0.820165068,2699.056217,0.00107224,25
Eprinomectin,DB11405,drug,0.531509069,283.107659,0.0049801,2
Eprosartan,DB00876,drug,1.225978059,6709.631938,0.017454851,16
Eprotirome,DB05035,drug,0.151072649,0,8.43E-11,5
EPRS1,2058,gene/protein,0.186595537,22607.58976,4.38E-09,4
EPS15,2060,gene/protein,0.186147167,6573.36072,6.39E-09,50
Epstein-Barr virus-positive diffuse large B-cell lymphoma of the elderly,17346,disease,9.139052036,0,0.00017439,47
Eptacog alfa pegol (activated),DB11661,drug,0.345419741,0.177865573,0.00017532,2
Eptifibatide,DB00063,drug,0.699085553,1021.352639,0.00750624,6
Eptinezumab,DB14040,drug,0.803555847,1654.429386,0.00104514,34
Equilenin,DB03515,drug,0.160287529,0.044583283,0.0001449,34
Equilin,DB02187,drug,0.162605995,236.9699349,0.0001449,31
Equol,DB11674,drug,1.01464642,14264.13842,0.00390314,42
ERAL1,26284,gene/protein,0.156939888,809.0018466,6.83E-10,49
Eravacycline,DB12329,drug,0.51482969,2762.596824,0.00220654,59
ERB-196,DB06875,drug,0.150853556,0,2.51E-10,54
ERBB2,2064,gene/protein,0.281685919,202241.4119,2.13E-08,1
ERBB3,2065,gene/protein,0.19588008,15220.04373,1.26E-08,36
ERC1,23085,gene/protein,0.169230971,1938.101018,2.52E-09,9
Erdafitinib,DB12147,drug,1.28545631,22184.38543,0.013744056,18
Erdosteine,DB05057,drug,0.150722404,0,2.72E-11,57
erectile dysfunction (disease),5362,disease,2.033235173,0,0.00015618,27
Erenumab,DB14039,drug,0.873649538,2098.340025,0.00124525,38
ERF,2077,gene/protein,0.163203495,1736.414431,1.69E-09,14
ERGIC3,51614,gene/protein,0.248436001,38312.02175,1.72E-09,34
Ergocalciferol,DB00153,drug,0.382263246,2722.49443,0.00178738,18
Ergoloid mesylate,DB01049,drug,1.666368416,16509.90145,0.02470651,7
Ergometrine,DB01253,drug,1.625182743,9033.675032,0.02484052,7
Ergotamine,DB00696,drug,2.159661801,27708.01842,0.03033709,7
ERI1,90459,gene/protein,0.155047465,268.8160744,1.24E-09,49
Eribaxaban,DB06920,drug,0.150707581,0,4.60E-12,19
Eribulin,DB08871,drug,1.275215493,11573.23496,0.01251663,17
ERICH2,285141,gene/protein,0.15105611,11.0947698,1.30E-10,5
Eritoran,DB04933,drug,0.150538957,0,8.10E-11,15
ERLIN1,10613,gene/protein,0.171005345,2916.499491,2.19E-09,4
ERLIN2,11160,gene/protein,0.182536599,8397.888084,2.38E-09,9
Erlotinib,DB00530,drug,1.879783489,29871.98495,0.02150658,2
ERN1,2081,gene/protein,0.160207798,5847.44984,3.40E-09,56
ERO1B,56605,gene/protein,0.159897662,1307.616993,4.13E-10,45
ERP29,10961,gene/protein,0.169059843,2418.631348,2.32E-09,49
ERP44,23071,gene/protein,0.172370139,3102.384053,9.27E-10,29
Ertapenem,DB00303,drug,1.070056667,163.5346184,0.016629357,40
Erteberel,DB07933,drug,0.150810097,0,4.43E-10,27
Ertiprotafib,DB06521,drug,0.151568038,0,4.42E-10,13
Ertugliflozin,DB11827,drug,1.939834936,21168.20534,0.023788107,16
Erythrityl tetranitrate,DB01613,drug,0.265385865,121.7788744,0.00186373,26
Erythromycin,DB00199,drug,1.54985731,19644.16874,0.01680762,7
Erythropoietin,DB00016,drug,7.408106298,333162.7789,0.00380563,37
ES-936,DB02400,drug,0.150590428,0,1.90E-11,27
Esatenolol,DB13443,drug,1.795239566,11396.4491,0.02356776,25
Escitalopram,DB01175,drug,2.248639944,26484.9751,0.03017716,7
ESCO1,114799,gene/protein,0.159093676,319.9205912,1.60E-09,41
Esculin,DB13155,drug,0.169647123,641.286724,0.00027621,26
ESF1,51575,gene/protein,0.159177737,291.9734216,2.41E-09,43
Esketamine,DB11823,drug,1.837886538,17704.97933,0.02710819,28
Eslicarbazepine,DB14575,drug,1.442466547,5024.413989,0.02031552,7
Eslicarbazepine acetate,DB09119,drug,1.442861549,5043.847408,0.02030128,16
Esmirtazapine,DB06678,drug,1.71237388,6979.732079,0.02682645,7
Esmolol,DB00187,drug,1.944528122,16446.36049,0.025144032,16
Esomeprazole,DB00736,drug,0.64441892,2709.478985,0.00589366,2
esophagitis (disease),1409,disease,4.30493506,198.9975982,0.00036815,49
ESPL1,9700,gene/protein,0.169273988,1296.254712,3.05E-09,55
ESPNP,284729,gene/protein,0.152581492,51.93845972,6.55E-10,12
ESR1,2099,gene/protein,0.465754457,1721033.65,3.95E-08,35
ESR2,2100,gene/protein,0.270749593,347344.969,1.64E-08,4
Esreboxetine,DB12395,drug,1.017436145,187.3682576,0.016006243,28
ESRRA,2101,gene/protein,0.212796515,43308.9787,5.14E-09,29
ESRRB,2103,gene/protein,0.156533107,2396.16527,2.31E-09,32
ESRRG,2104,gene/protein,0.192200436,64902.24942,8.00E-09,50
"essential hypertension, genetic",7781,disease,4.42921556,263.0170301,2.33E-05,53
Estazolam,DB01215,drug,2.004574055,12713.1888,0.029788883,28
Esterified estrogens,DB09381,drug,1.043394293,10312.75087,0.00431975,42
Estradiol,DB00783,drug,2.974704061,207677.1897,0.02880932,42
Estradiol acetate,DB13952,drug,2.762195284,161069.8023,0.028312927,25
Estradiol benzoate,DB13953,drug,2.366426895,131063.0255,0.020329216,42
Estradiol cypionate,DB13954,drug,2.973711247,188909.9416,0.029502503,42
Estradiol dienanthate,DB13955,drug,2.025036382,42053.70175,0.026550401,2
Estradiol valerate,DB13956,drug,2.973208179,189090.2218,0.029459154,42
Estramustine,DB01196,drug,0.69188719,17424.38927,0.003937,17
Estriol,DB04573,drug,1.037477354,26115.56981,0.004197,42
Estriol tripropionate,DB14641,drug,0.152951384,0,4.71E-10,45
Estrone,DB00655,drug,2.026124805,136042.5622,0.017185048,42
Estrone sulfate,DB04574,drug,2.660142813,143668.5826,0.02721456,42
Eszopiclone,DB00402,drug,2.232371608,16430.33262,0.03264503,7
Etacrynic acid,DB00903,drug,1.760939011,17966.59134,0.024454572,7
Etafedrine,DB11587,drug,1.649812884,6579.873218,0.026021085,16
Etafenone,DB13845,drug,0.155031785,0,3.81E-05,18
Etamiphylline,DB13592,drug,0.91164561,1642.252267,0.010664706,59
Etanautine,DB13636,drug,1.291386937,1489.792186,0.019010736,28
Etanercept,DB00005,drug,1.460892071,31523.09521,0.01723432,52
Etanidazole,DB12736,drug,0.191246377,0.019387545,2.71E-05,2
Etaracizumab,DB12213,drug,0.777907291,9.850502048,0.00104514,28
Etelcalcetide,DB12865,drug,0.150977742,0,1.45E-11,19
Eteplirsen,DB06014,drug,0.15,0,3.99E-71,54
ETF1,2107,gene/protein,0.174522842,3751.688849,2.59E-09,11
ETFB,2109,gene/protein,0.167835498,26327.63221,1.53E-09,39
ETFDH,2110,gene/protein,0.155692254,3374.153808,1.30E-09,27
Ethacizine,DB13645,drug,0.343335496,0.048427837,0.00294726,2
Ethadione,DB13799,drug,1.187079724,1777.479987,0.017226591,6
Ethambutol,DB00330,drug,1.074297952,925.4917037,0.016628972,41
Ethanesulfonic acid,DB03635,drug,0.151099203,0,5.69E-12,12
Ethanol,DB00898,drug,2.374313465,142668.677,0.029229315,16
Ethanolamine,DB03994,drug,0.151092029,0,6.55E-12,8
Ethanolamine oleate,DB06689,drug,0.150885092,0,1.37E-11,54
Ethaselen,DB15051,drug,0.154477569,0,1.07E-05,3
Ethchlorvynol,DB00189,drug,1.002479308,368.72568,0.01577578,16
Etheno-NAD,DB02483,drug,0.158618426,0,3.34E-11,54
Etheno-Nadp,DB03732,drug,0.158030165,0,4.74E-14,34
Ethenzamide,DB13544,drug,1.881514826,6175.803851,0.027042089,58
Ethinamate,DB01031,drug,0.152093393,0.583333333,4.78E-12,24
Ethinylestradiol,DB00977,drug,2.358880141,141488.6709,0.019527237,42
Ethiodized oil,DB00965,drug,0.151368474,0,2.38E-05,0
Ethionamide,DB00609,drug,0.232510485,241.6235088,0.00060273,45
Ethosuximide,DB00593,drug,2.22116872,19967.56698,0.029523289,28
Ethotoin,DB00754,drug,1.477446876,8497.567458,0.020264319,7
Ethoxzolamide,DB00311,drug,1.145419612,3860.782234,0.015430381,52
ETHYL (1E)-2-PHENYL-N-(SULFOOXY)ETHANIMIDOTHIOATE,DB04779,drug,0.151949978,0,3.08E-12,36
"ethyl 3-[(E)-2-amino-1-cyanoethenyl]-6,7-dichloro-1-methyl-1H-indole-2-carboxylate",DB08691,drug,0.15118356,0,7.79E-11,11
ETHYL 3-[4-(AMINOSULFONYL)PHENYL]PROPANOATE,DB08157,drug,0.152093393,0,4.78E-12,40
ETHYL 4-[(4-CHLOROPYRIDIN-2-YL)AMINO]PIPERIDINE-1-CARBOXYLATE,DB07306,drug,0.150386779,0,7.19E-11,21
ETHYL 4-[(4-METHYLPYRIDIN-2-YL)AMINO]PIPERIDINE-1-CARBOXYLATE,DB07388,drug,0.150763005,0,1.48E-10,24
Ethyl biscoumacetate,DB08794,drug,2.59015453,74603.27498,0.018849936,58
Ethyl chloride,DB13259,drug,0.15978084,0,0.00022357,26
Ethyl dihydrogen phosphate,DB03822,drug,0.152102831,0,1.94E-12,9
ETHYL HYDROGEN DIETHYLAMIDOPHOSPHATE,DB08658,drug,0.151051415,0,9.69E-13,55
Ethyl Isocyanide,DB03399,drug,0.153688769,0,2.52E-12,10
Ethyl loflazepate,DB01545,drug,1.06954614,1000.465757,0.016273457,28
Ethyl Oxo(Piperidin-1-Yl)Acetate,DB02419,drug,0.150447052,0,4.07E-11,22
Ethyl pyruvate,DB05869,drug,0.150818829,0,1.18E-10,27
Ethylmercurithiosalicylic acid,DB02731,drug,0.151335872,0,5.76E-12,45
Ethylmorphine,DB01466,drug,1.56783004,7505.318503,0.02319658,7
Ethynodiol diacetate,DB00823,drug,0.944031981,10303.15413,0.0080128,2
Eticlopride,DB15492,drug,0.182634718,0.631421107,0.00050941,59
Etidocaine,DB08987,drug,0.173126322,3.189951264,8.97E-06,48
Etidronic acid,DB01077,drug,0.773917905,12020.54724,0.00527848,16
Etifoxine,DB08986,drug,0.993533662,5.146994375,0.015735013,25
Etilefrine,DB08985,drug,1.047540946,1067.886164,0.015701502,16
Etilevodopa,DB06535,drug,0.206104065,0.013729977,0.00121675,2
Etiocholanedione,DB07375,drug,0.153310819,0,1.73E-11,41
Etiprednol dicloacetate,DB05442,drug,0.150418825,0,6.42E-11,34
Etiracetam,DB11868,drug,1.18707699,1607.58235,0.01722659,28
Etirinotecan pegol,DB14951,drug,0.191246377,0.019387545,2.71E-05,52
Etizolam,DB09166,drug,1.252920681,5336.846801,0.01866897,16
Etodolac,DB00749,drug,2.198876665,31646.68162,0.030206948,58
Etofenamate,DB08984,drug,1.95918998,10170.00641,0.02737597,29
Etofibrate,DB08983,drug,0.364684256,115.6421679,0.00220981,52
Etoglucid,DB13339,drug,0.191246377,0.019387545,2.71E-05,3
Etomidate,DB00292,drug,2.070589096,15852.42847,0.03222627,28
Etonogestrel,DB00294,drug,1.605359211,9023.557616,0.021540357,16
Etoperidone,DB09194,drug,1.8126678,12148.63517,0.02898258,7
Etoposide,DB00773,drug,1.919764382,48833.99103,0.01858986,44
Etoricoxib,DB01628,drug,2.455786331,18427.0742,0.03304229,7
Etorphine,DB01497,drug,1.230589217,12009.40226,0.01832732,7
Etravirine,DB06414,drug,0.927258827,6457.256276,0.0111584,18
Etretinate,DB00926,drug,0.225929715,837.4172809,0.00050936,26
Etrolizumab,DB12189,drug,0.777907291,9.850502048,0.00104514,25
ETS1,2113,gene/protein,0.704595113,992875.6962,5.62E-08,5
ETV1,2115,gene/protein,0.157136681,220.3061843,2.03E-09,14
ETV4,2118,gene/protein,0.16340455,1223.200221,3.36E-09,21
ETV5,2119,gene/protein,0.163483763,11318.17822,2.89E-09,56
Etybenzatropine,DB13468,drug,1.291386937,1489.792186,0.019010736,25
Etynodiol,DB13866,drug,0.732355585,1477.558982,0.00663732,2
Eucalyptus oil,DB11114,drug,1.040599918,23.20628909,0.01632595,17
Eugenol,DB09086,drug,0.151177452,0,8.09E-10,46
EVA1C,59271,gene/protein,0.15785381,260.3485605,7.35E-10,24
Evening primrose oil,DB11358,drug,1.12520562,8838.89788,0.0176944,52
Everolimus,DB01590,drug,1.95584212,25562.44359,0.0201261,58
Evinacumab,DB15354,drug,0.775447143,2.711075215,0.00104473,42
Evocalcet,DB12388,drug,0.15,0,3.99E-71,41
Evogliptin,DB12625,drug,0.9965814,2122.506872,0.01106779,10
Evolocumab,DB09303,drug,0.779025953,2215.047234,0.00104514,42
EVT-101,DB05956,drug,0.151133627,0,1.63E-10,27
Ewing sarcoma,12817,disease,1.365297517,0,0.0001941,12
EWSR1,2130,gene/protein,0.221536871,33766.93416,8.03E-09,19
exanthem (disease),6547,disease,2.525663045,60.62515935,0.00025366,55
Exatecan,DB12185,drug,0.191246377,0.019387545,2.71E-05,2
Exemestane,DB00990,drug,0.271444227,225.7009882,0.00086838,59
Exenatide,DB01276,drug,1.003968042,6189.051981,0.010961181,52
Exisulind,DB06246,drug,0.202816162,1890.689458,2.71E-05,41
EXOC1,55763,gene/protein,0.189538285,4295.028059,1.43E-09,14
EXOC6B,23233,gene/protein,0.155733612,811.3995137,1.16E-09,5
exocrine pancreatic insufficiency,1684,disease,0.228713889,0,5.74E-08,57
EXOSC10,5394,gene/protein,0.171965552,2669.77694,2.16E-09,46
EXOSC2,23404,gene/protein,0.174177537,5259.634668,1.46E-09,56
EXOSC4,54512,gene/protein,0.179896111,2379.660225,1.56E-09,13
EXOSC5,56915,gene/protein,0.188221808,9622.04756,3.13E-09,9
EXOSC6,118460,gene/protein,0.169318793,1036.572285,7.66E-10,45
EXOSC9,5393,gene/protein,0.170064933,1566.251969,2.31E-09,22
EXPH5,23086,gene/protein,0.153606093,162.354366,2.82E-10,15
EXTL2,2135,gene/protein,0.161747251,1559.388067,7.62E-11,30
exudative vitreoretinopathy,11592_7589_33123_13218_14652_11151_19516,disease,1.438264169,0,1.14E-06,32
Ezatiostat,DB05460,drug,0.150489017,0,3.33E-11,24
Ezetimibe,DB00973,drug,0.524050629,3240.899101,0.00404415,18
EZH1,2145,gene/protein,0.153699467,281.8410039,4.45E-10,14
EZH2,2146,gene/protein,0.271323497,78786.76386,1.41E-08,14
Ezogabine,DB04953,drug,2.252857718,28143.6242,0.032451425,28
EZR,7430,gene/protein,0.2047388,28375.68292,5.95E-09,56
F10,2159,gene/protein,0.166489776,190645.5046,5.79E-10,4
F11,2160,gene/protein,0.156040229,45039.18942,3.88E-10,35
F11R,50848,gene/protein,0.15965663,807.2570496,1.29E-09,10
F12,2161,gene/protein,0.160358017,12136.85302,1.73E-09,45
F13A1,2162,gene/protein,0.164481266,11508.00739,8.09E-10,56
F13B,2165,gene/protein,0.152113229,51.62835798,2.00E-11,15
F2,2147,gene/protein,0.183452253,486741.6989,1.15E-09,32
F2R,2149,gene/protein,0.172049659,27186.8305,1.85E-09,40
F2RL1,2150,gene/protein,0.171651603,4958.49097,1.77E-09,34
F2RL2,2151,gene/protein,0.153951668,65.64310332,1.16E-09,49
F2RL3,9002,gene/protein,0.1510573,386.1200636,7.13E-11,54
F3,2152,gene/protein,0.157401653,31764.76339,1.39E-09,30
F5,2153,gene/protein,0.153455511,2694.373096,2.71E-10,49
F7,2155,gene/protein,0.152632163,28117.0511,5.21E-11,30
F8,2157,gene/protein,0.15734757,11129.35846,2.62E-10,14
F9,2158,gene/protein,0.16077274,9163.51358,4.96E-10,35
FAAH,2166,gene/protein,0.150744416,21969.06559,2.29E-11,46
FAAP20,199990,gene/protein,0.162462562,1286.848313,1.67E-09,38
Fabomotizole,DB13623,drug,0.993533662,5.146994375,0.015735013,28
FABP1,2168,gene/protein,0.157185963,7791.69467,1.72E-09,23
FABP2,2169,gene/protein,0.153361868,3944.85681,6.02E-11,30
FABP4,2167,gene/protein,0.156012211,41998.12862,6.49E-10,12
Fabry disease,10526,disease,1.324327202,0,1.56E-05,46
Factor IX Complex (Human),DB11330,drug,0.306905821,168.6433361,0.00121084,2
Factor XIII (human),DB12909,drug,0.30504197,168.6433361,0.00120876,2
"factor XIII, A subunit, deficiency",13187_13190,disease,0.168728532,0,1.11E-06,39
FADD,8772,gene/protein,0.189835085,8627.224541,6.16E-09,10
FADS1,3992,gene/protein,0.162300263,10484.85218,1.48E-09,30
FADS2,9415,gene/protein,0.162643823,6198.12967,1.08E-09,4
FAF1,11124,gene/protein,0.19304431,9135.998874,1.21E-08,11
FAF2,23197,gene/protein,0.194380876,6830.474608,3.50E-09,14
FAH,2184,gene/protein,0.166023636,11968.81462,6.29E-10,29
FAIM2,23017,gene/protein,0.150971274,3.354658385,1.36E-10,57
Fallypride,DB15167,drug,0.182634718,0.631421107,0.00050941,59
FAM102A,399665,gene/protein,0.15496776,254.8444461,4.44E-10,34
FAM118B,79607,gene/protein,0.179423188,3759.465276,1.49E-09,15
FAM161A,84140,gene/protein,0.201913584,5386.960746,2.51E-09,38
FAM174A,345757,gene/protein,0.179760807,2568.639419,4.61E-10,13
FAM189B,10712,gene/protein,0.18349656,4364.756899,1.03E-09,29
FAM209A,200232,gene/protein,0.259255803,19279.61795,8.02E-10,14
FAM210B,116151,gene/protein,0.169875923,2373.035323,2.72E-10,13
FAM216A,29902,gene/protein,0.151217995,0,4.83E-10,34
FAM217B,63939,gene/protein,0.169755151,1731.993091,9.99E-10,14
FAM227B,196951,gene/protein,0.151031492,0,4.66E-10,14
FAM234B,57613,gene/protein,0.165687376,2282.484877,2.73E-10,31
FAM43A,131583,gene/protein,0.157248947,1109.317279,3.90E-10,24
FAM50B,26240,gene/protein,0.174883375,4849.982259,1.51E-09,5
FAM78A,286336,gene/protein,0.161573602,265.1942897,2.91E-09,5
FAM90A1,55138,gene/protein,0.225279742,14074.0655,3.60E-09,57
FAM91A1,157769,gene/protein,0.157748234,1386.601725,1.13E-09,49
FAM99B,100132464,gene/protein,0.153365374,7.942635702,6.87E-10,45
FAM9B,171483,gene/protein,0.19622555,12403.0301,1.63E-09,21
Famciclovir,DB00426,drug,0.837959039,889.2543466,0.00878877,44
familial apolipoprotein C-II deficiency,8810,disease,3.602155424,19.39663153,1.45E-07,40
familial chylomicronemia syndrome,18637,disease,5.111030869,40.17399213,4.99E-08,19
familial dermatographia,7448,disease,0.216840402,0,0.00031576,19
familial hyperlipidemia,1336,disease,11.53622949,10335.71119,0.00015598,6
familial lipoprotein lipase deficiency,9387,disease,5.447947835,22.59985139,1.93E-07,6
familial male-limited precocious puberty,8303,disease,4.938889597,0.452892985,7.93E-05,11
familial ovarian cancer,16248,disease,49.01999218,20.59721491,0.00034612,8
familial prostate carcinoma,23122,disease,22.26524325,54.88274973,6.01E-05,45
familial thrombocytosis,19111,disease,12.65099859,0,3.02E-05,11
familial visceral myopathy,16829,disease,0.168953712,0,1.49E-05,39
Famotidine,DB00927,drug,1.143186983,8763.849913,0.012682125,2
Famphur,DB11408,drug,0.602594038,0.121556919,0.00722849,7
FANCA,2175,gene/protein,0.185875359,7816.954643,5.44E-09,46
FANCC,2176,gene/protein,0.179275543,4612.697123,4.98E-09,20
FANCD2,2177,gene/protein,0.174735364,1858.86996,4.17E-09,14
FANCG,2189,gene/protein,0.175642121,6089.681202,2.53E-09,14
FANK1,92565,gene/protein,0.173611715,1974.746405,5.24E-09,13
Fanolesomab,DB14211,drug,0.775447143,2.711075215,0.00104473,42
FAP,2191,gene/protein,0.158527526,5471.190095,3.81E-10,4
Faricimab,DB15303,drug,0.151023519,0,9.19E-11,27
Farletuzumab,DB05595,drug,0.821709983,2152.244342,0.00107224,58
Farnesol,DB02509,drug,0.152894566,0,4.46E-11,45
Farnesyl diphosphate,DB07780,drug,0.607890371,11764.20542,0.00722849,59
Farnesyl thiopyrophosphate,DB04695,drug,0.605213384,4970.724018,0.00722849,59
FARSB,10056,gene/protein,0.159815408,844.8848556,1.83E-09,55
FAS,355,gene/protein,0.221739139,30263.98714,5.32E-09,6
Fasinumab,DB12157,drug,0.777907291,9.850502048,0.00104514,25
FASLG,356,gene/protein,0.181939464,11323.98237,5.44E-09,33
FASN,2194,gene/protein,0.175627573,20005.82931,4.70E-09,30
Fasudil,DB08162,drug,0.794467017,42859.13471,0.00834223,52
FavId,DB05249,drug,0.150578247,0,2.74E-11,40
Favipiravir,DB12466,drug,0.611213591,2952.3794,0.00563706,0
Fazadinium bromide,DB13745,drug,0.99756436,11.74591312,0.015766991,7
FBF1,85302,gene/protein,0.172702582,2405.69457,1.58E-09,34
FBLN1,2192,gene/protein,0.191598248,15299.45496,2.11E-09,38
FBLN2,2199,gene/protein,0.20760691,26245.11557,3.89E-10,20
FBLN5,10516,gene/protein,0.162469859,713.9677591,3.24E-10,20
FBN1,2200,gene/protein,0.184050104,8905.639987,7.09E-10,51
FBP1,2203,gene/protein,0.17039091,61741.80408,2.72E-09,14
FBXL12,54850,gene/protein,0.162982851,1030.117132,2.09E-09,54
FBXL18,80028,gene/protein,0.168778088,1893.816185,2.71E-09,8
FBXO21,23014,gene/protein,0.159027751,401.6520692,1.42E-09,53
FBXO31,79791,gene/protein,0.16716634,1389.018768,3.41E-09,27
FBXO32,114907,gene/protein,0.158293368,432.642254,1.57E-09,12
FBXO33,254170,gene/protein,0.159115529,212.5330721,1.91E-09,46
FBXO6,26270,gene/protein,0.178221539,10145.61985,2.49E-09,57
FBXO7,25793,gene/protein,0.185012627,3082.222446,3.28E-09,51
FBXO8,26269,gene/protein,0.154622391,108.0826441,1.47E-09,5
FBXW11,23291,gene/protein,0.223881761,24675.20044,9.55E-09,22
FBXW7,55294,gene/protein,0.212418096,24677.20005,9.38E-09,19
FBXW8,26259,gene/protein,0.172273891,1521.341415,4.88E-09,36
FCER1A,2205,gene/protein,0.153493496,1668.659564,8.77E-10,19
FCER1G,2207,gene/protein,0.183071334,10161.70304,1.36E-09,34
FCER2,2208,gene/protein,0.161926746,2686.620864,1.08E-09,11
FCF1,51077,gene/protein,0.19716035,5872.919116,1.06E-09,57
FCGR1A,2209,gene/protein,0.18492377,39502.23287,5.90E-09,39
FCGR2B,2213,gene/protein,0.166279552,9450.52575,6.72E-09,46
FCGR2C,9103,gene/protein,0.162746178,6791.375529,1.83E-09,30
FCGR3A,2214,gene/protein,0.161961423,3981.131174,7.21E-10,14
FCGRT,2217,gene/protein,0.173734298,8604.10987,1.14E-09,9
FCHO1,23149,gene/protein,0.166620182,1969.265154,1.81E-09,40
FCHO2,115548,gene/protein,0.159842583,768.9469137,1.60E-09,14
FCMR,9214,gene/protein,0.15231784,31.73566941,5.90E-10,12
FCN1,2219,gene/protein,0.157860196,1117.566512,1.79E-10,38
FDFT1,2222,gene/protein,0.168505834,7034.172744,2.13E-09,30
FDPS,2224,gene/protein,0.16554912,29852.06001,2.12E-09,30
FDX1,2230,gene/protein,0.156103274,644.5533475,7.61E-10,36
Febarbamate,DB13303,drug,0.99756436,11.74591312,0.015766991,7
Febuxostat,DB04854,drug,0.225497169,61.34747902,0.00075407,47
FECH,2235,gene/protein,0.160952659,6050.16328,1.56E-09,14
Fedratinib,DB12500,drug,1.057291273,14972.30542,0.012268768,59
Felbamate,DB00949,drug,1.866832875,10754.90749,0.02572922,28
Felbinac,DB07477,drug,0.299331778,716.991313,0.00279538,22
Felodipine,DB01023,drug,2.196113237,27190.24845,0.02864064,7
Felypressin,DB00093,drug,0.165107625,11.61969969,9.84E-05,59
FEM1B,10116,gene/protein,0.166442442,1788.522407,1.62E-09,45
FEN1,2237,gene/protein,0.173459393,10802.27247,5.32E-09,27
Fenbendazole,DB11410,drug,0.151754739,0,2.39E-05,3
Fenbufen,DB08981,drug,1.882766518,6180.823484,0.027066228,58
Fencamfamin,DB01463,drug,0.993065907,121.0538738,0.015717914,7
Fendiline,DB08980,drug,1.321324749,3531.300393,0.01658989,16
Fenethylline,DB01482,drug,0.91164561,1642.252267,0.010664706,59
Fenfluramine,DB00574,drug,1.217452408,2677.225327,0.018973883,7
Fenofibrate,DB01039,drug,1.910240781,28120.85608,0.025282383,52
Fenofibric acid,DB13873,drug,1.216761296,13045.93504,0.017723077,52
Fenoldopam,DB00800,drug,1.637648572,13013.57473,0.02490937,16
Fenoprofen,DB00573,drug,1.895006235,17024.64957,0.027107241,16
Fenoterol,DB01288,drug,1.38503368,6256.91318,0.019707486,17
Fenoxaprop-ethyl,DB05252,drug,0.150386779,0,7.19E-11,50
Fenozolone,DB13341,drug,1.012338634,685.501512,0.015386801,7
Fenpiverinium,DB13759,drug,1.290244426,1486.705824,0.018986486,7
Fenproporex,DB01550,drug,1.040603171,380.3138948,0.01632595,31
Fenprostalene,DB11411,drug,0.272188293,0.013680843,0.00266718,2
Fenquizone,DB13708,drug,1.042433263,1964.208468,0.014377965,7
Fenretinide,DB05076,drug,0.264299172,570.9287658,0.00053648,26
Fentanyl,DB00813,drug,2.606976083,33502.24784,0.036772128,28
Fenthion,DB11412,drug,0.887128634,1046.051541,0.011286093,58
Fentiazac,DB13217,drug,1.882766518,6180.823484,0.027066228,58
Fenticonazole,DB13434,drug,0.15,0,3.99E-71,31
Fenyramidol,DB13414,drug,0.99756436,11.74591312,0.015766991,28
Feprazone,DB13364,drug,0.297731128,0.394323758,0.00279538,2
Ferric ammonium citrate,DB09501,drug,0.382253428,969.5535026,0.0013772,16
Ferric carboxymaltose,DB08917,drug,0.249400264,65.07252541,0.00067309,2
Ferric cation,DB13949,drug,0.386413325,3684.156939,0.00137986,0
Ferric derisomaltose,DB15617,drug,0.210967083,558.7077303,2.83E-05,2
Ferric hydroxide,DB13423,drug,0.382253428,969.5535026,0.0013772,52
Ferric maltol,DB15598,drug,0.394870822,3486.357174,0.00148524,29
Ferric oxide,DB11576,drug,0.33185502,983.4992388,0.00114676,32
Ferric oxyhydroxide,DB14695,drug,0.382253428,969.5535026,0.0013772,52
Ferric pyrophosphate,DB09147,drug,0.461820178,3964.816736,0.00136964,18
Ferric pyrophosphate citrate,DB13995,drug,0.285886576,1977.685249,0.00066591,59
Ferric sulfate,DB11171,drug,0.382253428,969.5535026,0.0013772,52
Ferroheme C,DB03317,drug,0.15097742,0,3.30E-11,53
Ferrous ascorbate,DB14490,drug,0.19194666,2937.769181,0.00055302,0
Ferrous bisglycinate,DB11210,drug,0.37929121,958.0230266,0.00135985,52
Ferrous chloride,DB13569,drug,0.273067608,182.5214477,0.00074787,2
Ferrous fumarate,DB14491,drug,0.384388955,8668.477592,0.00135638,59
Ferrous gluconate,DB14488,drug,0.389911248,8606.58534,0.00137383,59
Ferrous glycine sulfate,DB14501,drug,0.157173629,0,2.02E-10,57
Ferrous succinate,DB14489,drug,0.389427057,8258.104152,0.0013772,18
Ferrous sulfate anhydrous,DB13257,drug,0.39813714,8756.682742,0.00140516,0
Ferulic acid,DB07767,drug,1.626324793,15624.70866,0.01927108,25
Feruloyl Coenzyme A,DB03923,drug,0.152597884,0,5.94E-12,41
Ferumoxides,DB09508,drug,0.382253428,969.5535026,0.0013772,52
Ferumoxsil,DB09507,drug,0.382253428,969.5535026,0.0013772,2
Ferumoxytol,DB06215,drug,0.25157022,1635.577016,0.00067309,26
Fesoterodine,DB06702,drug,2.252631484,18023.13704,0.03347529,58
Festuca pratensis pollen,DB10370,drug,0.230677681,1.572961101,0.00134362,2
Fexaramine,DB02545,drug,0.150498851,0,2.79E-11,13
Fexofenadine,DB00950,drug,0.712459862,2812.684595,0.0060362,0
Fezakinumab,DB12344,drug,0.775447143,2.711075215,0.00104473,25
FFAR2,2867,gene/protein,0.174240532,3299.68936,4.46E-10,57
FG-2216,DB08687,drug,0.151272828,0,2.08E-10,34
FG-9041,DB03759,drug,0.150598902,0,4.25E-11,47
FGA,2243,gene/protein,0.171080127,28663.95308,1.47E-09,29
FGB,2244,gene/protein,0.20859998,45431.23622,2.47E-09,1
FGD4,121512,gene/protein,0.151419642,12.26249704,3.47E-10,53
FGF1,2246,gene/protein,0.173588287,32263.73002,7.61E-09,4
FGF10,2255,gene/protein,0.155243742,132.1452237,7.78E-10,34
FGF2,2247,gene/protein,0.176637815,25643.90225,8.32E-09,38
FGF21,26291,gene/protein,0.157361647,368.6144601,2.64E-10,10
FGF4,2249,gene/protein,0.151841601,5435.877234,4.72E-10,1
FGF7,2252,gene/protein,0.155065297,348.6759959,7.38E-10,32
FGF9,2254,gene/protein,0.168554109,1427.577068,6.43E-09,5
FGFR1,2260,gene/protein,0.212733459,105428.6465,1.36E-08,35
FGFR2,2263,gene/protein,0.198301608,65074.49497,1.15E-08,1
FGFR3,2261,gene/protein,0.172414866,26963.15953,3.31E-09,1
FGFR4,2264,gene/protein,0.20032817,33604.36065,7.52E-09,49
FGG,2266,gene/protein,0.181142594,31771.624,1.71E-09,4
FGL1,2267,gene/protein,0.183092847,6361.462309,1.22E-09,51
FGR,2268,gene/protein,0.189842988,12222.7587,9.55E-09,39
FHIT,2272,gene/protein,0.157415928,11334.13944,1.15E-09,14
FHL2,2274,gene/protein,0.234247008,46636.0132,9.30E-09,19
FHL5,9457,gene/protein,0.180523738,1553.802879,1.15E-09,6
Fiacitabine,DB12901,drug,0.21457507,48.59861906,8.15E-05,2
Fiboflapon,DB06346,drug,0.151101051,0,5.46E-12,46
fibrillary astrocytoma,16688,disease,8.139148743,0.267063492,4.75E-05,11
Fibrinogen human,DB09222,drug,0.30504197,168.6433361,0.00120876,2
Fibrinolysin,DB05254,drug,1.089232888,6794.617558,0.00983615,16
fibrolamellar hepatocellular carcinoma,6210_891,disease,15.6372808,4.926959152,4.69E-05,54
Fica,DB03384,drug,0.150530103,0,3.55E-11,21
Ficlatuzumab,DB11680,drug,0.775447143,2.711075215,0.00104473,42
Fidarestat,DB02021,drug,0.15441591,0,1.12E-11,32
Fidaxomicin,DB08874,drug,0.183338024,46.41518365,0.00033501,59
Figitumumab,DB11685,drug,0.775447143,2.711075215,0.00104473,25
Filaminast,DB02660,drug,0.150831539,0,1.15E-11,46
Filanesib,DB06040,drug,0.192047283,686.9064727,2.71E-05,2
Filgotinib,DB14845,drug,0.44486883,12945.41025,0.00188122,59
Filgrastim,DB00099,drug,0.170477686,767.4958886,0.00014387,18
Fimasartan,DB09279,drug,1.037689609,4981.104556,0.013574463,52
Finafloxacin,DB09047,drug,0.154719613,12.55100354,2.08E-05,3
Finasteride,DB01216,drug,1.081610798,2112.765716,0.016359082,52
Fingolimod,DB08868,drug,0.92743304,17704.23732,0.00864994,17
FIP1L1,81608,gene/protein,0.170764874,4162.955333,2.39E-09,9
Firocoxib,DB09217,drug,1.914764995,7577.698382,0.02719879,16
Fisetin,DB07795,drug,0.150442432,0,8.88E-11,40
Fish oil,DB13961,drug,1.059647427,68449.21331,0.012412592,7
FKB-001,DB02888,drug,0.15047917,0,6.38E-11,54
FKBP10,60681,gene/protein,0.151480047,90.09688477,3.71E-10,5
FKBP15,23307,gene/protein,0.156631621,568.0119745,1.08E-09,33
FKBP1A,2280,gene/protein,0.177011281,66670.83878,8.18E-09,50
FKBP4,2288,gene/protein,0.189242432,20001.86172,3.44E-09,29
FKBP5,2289,gene/protein,0.195634849,9272.713912,6.25E-09,20
FKBP7,51661,gene/protein,0.174520243,2579.236971,4.14E-10,4
FKBPL,63943,gene/protein,0.176414786,3465.642064,3.74E-09,30
Flavin adenine dinucleotide,DB03147,drug,0.186777056,0,3.34E-10,13
Flavin mononucleotide,DB03247,drug,0.16975983,0,1.89E-10,13
Flavin-adenine dinucleotide-N5-isobutyl ketone,DB03531,drug,0.151316315,0,3.07E-12,19
Flavone,DB07776,drug,0.152473268,0,6.73E-11,21
Flavoxate,DB01148,drug,2.015056775,11048.38059,0.03058822,25
Flecainide,DB01195,drug,1.499515309,18301.24659,0.01785537,2
Fleroxacin,DB04576,drug,1.325330352,14730.94861,0.013469456,16
FLG,2312,gene/protein,0.161456412,734.7448608,4.53E-10,33
FLI1,2313,gene/protein,0.160628525,726.4461753,2.24E-09,9
Flibanserin,DB04908,drug,1.771613047,5919.890267,0.026885158,28
FLNA,2316,gene/protein,0.252626835,86845.75879,1.60E-08,56
FLNC,2318,gene/protein,0.190347341,14792.03862,3.97E-09,41
Floctafenine,DB08976,drug,1.882766518,6180.823484,0.027066228,44
Flomoxef,DB11935,drug,1.116257236,599.5493209,0.016329103,7
Florbetaben (18F),DB09148,drug,1.041002492,26810.84144,0.01632595,2
Florbetapir (18F),DB09149,drug,1.041002492,26810.84144,0.01632595,52
Florfenicol,DB11413,drug,0.183010588,1.635162339,0.00033501,59
Flortaucipir F-18,DB14914,drug,0.152574714,0,1.06E-10,36
Flosequinan,DB13228,drug,0.155031785,0,3.81E-05,59
FLOT1,10211,gene/protein,0.220520442,55617.87185,7.55E-09,34
FLOT2,2319,gene/protein,0.187298173,10354.24864,3.54E-09,57
Flovagatran,DB05714,drug,0.150459983,0,9.12E-12,57
Floxuridine,DB00322,drug,1.795654355,13204.75532,0.0224933,7
FLT1,2321,gene/protein,0.176840954,33421.74826,9.90E-09,33
FLT3,2322,gene/protein,0.173501859,19044.40221,8.70E-09,33
FLT4,2324,gene/protein,0.163670431,17438.8884,3.63E-09,23
Fluanisone,DB13665,drug,1.054824769,285.9815176,0.016381653,7
Fluasterone,DB06250,drug,0.22382692,1.247069418,0.00085718,3
Flubendazole,DB08974,drug,0.151754739,0,2.39E-05,48
Fluciclovine (18F),DB13146,drug,0.16360993,0,1.19E-10,34
Fluclorolone,DB13856,drug,1.336911634,6823.458718,0.011954295,44
Flucloxacillin,DB00301,drug,0.694175678,665.7113709,0.00688221,2
Fluconazole,DB00196,drug,2.102457604,18689.36919,0.028619754,16
Flucytosine,DB01099,drug,1.668822896,11452.95127,0.020229311,7
Fludarabine,DB01073,drug,0.890521867,4556.05306,0.00600422,16
Fludeoxyglucose (18F),DB09502,drug,1.045722838,8917.640566,0.01632595,52
Fludiazepam,DB01567,drug,1.068072136,821.9299153,0.01627346,7
Fludrocortisone,DB00687,drug,1.4978552,17123.88569,0.0130284,17
Flufenamic acid,DB02266,drug,0.156755189,5.170920558,2.95E-05,50
Fluindione,DB13136,drug,2.802212939,80786.6297,0.022025229,44
Flumatinib,DB11904,drug,0.195752331,6.425673676,0.00025323,48
Flumazenil,DB01205,drug,1.059953687,815.5364813,0.016520818,52
Flumedroxone,DB13610,drug,0.15131809,0,2.15E-05,0
Flumequine,DB08972,drug,1.447060785,14555.48848,0.015391911,16
Flumethasone,DB00663,drug,0.424966734,1640.903213,0.00239116,3
Flunarizine,DB04841,drug,2.414317807,28236.3584,0.03170119,7
Flunisolide,DB00180,drug,1.599983651,17138.6524,0.014872026,58
Flunitrazepam,DB01544,drug,1.570033551,9847.80085,0.02250222,28
Flunixin,DB11518,drug,1.882766518,6180.823484,0.027066228,58
Flunoxaprofen,DB13317,drug,0.15,0,3.99E-71,55
Fluocinolone acetonide,DB00591,drug,2.089713032,58075.23607,0.02421363,58
Fluocinonide,DB01047,drug,1.635632042,17799.25054,0.016403948,58
Fluocortin,DB13223,drug,1.336911634,6823.458718,0.011954295,44
Fluocortolone,DB08971,drug,1.620578993,9403.74276,0.01628724,58
Fluorescein,DB00693,drug,0.484813474,517.0568797,0.00395727,26
Fluorescin,DB07764,drug,0.150607374,0,7.62E-12,39
Fluorodopa (18F),DB13848,drug,0.154555947,0,5.80E-05,59
Fluoroestradiol F-18,DB15690,drug,0.313212687,2168.952614,6.91E-05,2
Fluorometholone,DB00324,drug,1.265135661,12267.79269,0.011279044,17
Fluorouracil,DB00544,drug,1.945743941,64182.18759,0.019839779,17
Fluoro-Willardiine,DB02966,drug,0.150598902,0,4.25E-11,38
Fluoxetine,DB00472,drug,2.585512295,58166.4997,0.03227272,25
Fluoxymesterone,DB01185,drug,0.372435936,4520.014939,0.00254572,48
Flupentixol,DB00875,drug,2.024906607,11702.23198,0.028963254,7
Fluperolone,DB13491,drug,1.336911634,6823.458718,0.011954295,58
Fluphenazine,DB00623,drug,1.36643445,34948.26757,0.01984265,7
Flupirtine,DB06623,drug,1.040949786,987.0017506,0.01632595,52
Fluprednidene,DB08970,drug,1.630080275,9975.742481,0.016295982,44
Fluprednidene acetate,DB14634,drug,0.307561386,25.74769986,0.00194118,18
Fluprednisolone,DB09378,drug,1.499779596,9659.173669,0.01303714,58
Fluprednisolone acetate,DB14637,drug,0.150126395,0,1.42E-11,15
Fluprostenol,DB11519,drug,0.272188293,0.013680843,0.00266718,2
Flurandrenolide,DB00846,drug,0.322085931,756.297802,0.00211931,26
Flurazepam,DB00690,drug,1.913778729,9818.19006,0.029806955,7
Flurbiprofen,DB00712,drug,2.254421982,18102.79758,0.030575817,16
Flurbiprofen axetil,DB14938,drug,0.975820305,1396.854555,0.011501732,17
Flurbiprofen Methyl Ester,DB03753,drug,0.150507503,0,1.76E-12,9
Flurithromycin,DB13338,drug,0.531509069,283.107659,0.0049801,52
Fluspirilene,DB04842,drug,2.047748293,12348.78219,0.028408337,7
Flutamide,DB00499,drug,1.625230037,28088.40486,0.02275593,52
Flutemetamol (18F),DB09151,drug,0.150403039,0,1.37E-10,47
Fluticasone,DB13867,drug,1.748442813,22323.82563,0.017821032,17
Fluticasone furoate,DB08906,drug,1.792947711,22847.29137,0.018165689,58
Fluticasone propionate,DB00588,drug,2.476606123,96223.00343,0.030330197,25
Fluvastatin,DB01095,drug,1.420171797,16197.62219,0.01762812,52
Fluvoxamine,DB00176,drug,2.722748034,28415.1947,0.03727214,28
FLX475,DB15570,drug,0.150998064,0,4.76E-12,32
FMN1,342184,gene/protein,0.153281145,232.1164259,5.18E-10,21
FMNL2,114793,gene/protein,0.158049339,743.7106005,7.04E-10,27
FMO3,2328,gene/protein,0.15332088,5627.720124,1.77E-10,23
FMOD,2331,gene/protein,0.151319111,10.68938385,8.69E-11,6
FM-VP4,DB05449,drug,0.150201042,0,1.55E-11,57
FN1,2335,gene/protein,0.401206024,301858.3833,1.66E-08,56
FNBP4,23360,gene/protein,0.159354177,731.6644094,1.69E-09,34
FNDC9,408263,gene/protein,0.178552368,2057.93985,2.99E-10,40
FNTA,2339,gene/protein,0.162165728,47843.3705,1.55E-09,46
focal hand dystonia,482,disease,0.248111528,0,0.00011259,43
FOLH1,2346,gene/protein,0.152220341,12367.35289,6.52E-10,1
Folic acid,DB00158,drug,1.378344409,40502.38114,0.01743244,16
follicular lymphoma,18906,disease,7.622303638,161.1231352,0.0002634,50
Follitropin,DB00066,drug,0.477221067,2454.380547,0.00341708,58
FOLR1,2348,gene/protein,0.155517331,1920.631423,1.59E-10,24
FOLR2,2350,gene/protein,0.15,0,3.99E-71,33
Fomepizole,DB01213,drug,1.122013416,7696.45354,0.017225822,52
Fondaparinux,DB00569,drug,1.693628695,18219.29304,0.020551379,16
Fontolizumab,DB05111,drug,0.778357013,1041.100297,0.00104514,28
Forasartan,DB01342,drug,0.613095549,1119.893409,0.00749883,2
Foreskin fibroblast (neonatal),DB10770,drug,0.155596885,0,6.96E-10,12
Foreskin keratinocyte (neonatal),DB10772,drug,0.155912951,0,9.16E-10,24
Foretinib,DB12307,drug,0.198780245,193.8672367,0.00025323,18
Formaldehyde,DB03843,drug,0.212801152,22.44923141,1.40E-05,34
Formebolone,DB01569,drug,0.291534189,185.6723819,0.00123021,52
Formestane,DB08905,drug,1.380484292,1994.166507,0.01979661,52
Formic acid,DB01942,drug,0.313155075,9510.600469,0.00120876,59
Formocortal,DB13664,drug,0.411753368,252.826724,0.00224057,2
Formononetin,DB15335,drug,1.013542562,8362.41869,0.00390314,58
Formoterol,DB00983,drug,1.961327695,18466.87615,0.026825788,16
Formycin,DB02281,drug,0.150887855,0,1.24E-11,27
Forodesine,DB06185,drug,0.150792162,0.839285714,1.80E-11,13
FOS,2353,gene/protein,0.377217469,436877.0161,2.32E-08,35
Fosamprenavir,DB01319,drug,0.437497473,573.3000496,0.00277835,59
Fosaprepitant,DB06717,drug,0.91623935,826.7904292,0.00985413,59
FOSB,2354,gene/protein,0.167149884,1334.143293,2.30E-09,19
Fosbretabulin,DB12577,drug,0.191246377,0.019387545,2.71E-05,2
Foscarnet,DB00529,drug,1.427107614,4099.754743,0.020728734,16
Fosfomycin,DB00828,drug,1.070687429,122.2133997,0.016610705,7
Fosfructose,DB13863,drug,0.343335496,0.048427837,0.00294726,2
Fosinopril,DB00492,drug,1.780201739,12796.95304,0.025823015,7
Fosinoprilat,DB14207,drug,1.258701597,4962.348072,0.016899951,7
FOSL1,8061,gene/protein,0.219383574,17642.41912,8.35E-09,15
FOSL2,2355,gene/protein,0.233756687,32298.0782,6.47E-09,47
Fosmidomycin,DB02948,drug,0.183010588,1.635162339,0.00033501,0
Fosnetupitant,DB14019,drug,0.421974718,194.2824188,0.00388634,3
Fosphenytoin,DB01320,drug,2.525438918,56973.06401,0.028856349,7
Fospropofol,DB06716,drug,1.029296398,1929.949103,0.015853289,7
Fostamatinib,DB12010,drug,1.132817731,799712.375,0.011958586,2
Fostemsavir,DB11796,drug,1.00945942,2875.368967,0.011077554,2
Fotemustine,DB04106,drug,0.191859892,159.3543642,2.71E-05,52
FOXA1,3169,gene/protein,0.89295006,1104589.339,1.27E-08,9
FOXA2,3170,gene/protein,0.435279958,182811.3712,6.19E-09,57
FOXA3,3171,gene/protein,0.152762446,75.63907335,5.27E-10,56
FOXJ1,2302,gene/protein,0.161049246,718.3858916,5.19E-10,8
FOXK2,3607,gene/protein,0.164316806,1289.155511,2.04E-09,45
FOXL1,2300,gene/protein,0.152515297,33.49716685,5.84E-10,53
FOXN2,3344,gene/protein,0.156539835,98.91033751,1.70E-09,36
FOXO1,2308,gene/protein,0.182881541,7474.870255,8.83E-09,30
FOXO3,2309,gene/protein,0.192519575,13812.3926,1.02E-08,31
FOXO4,4303,gene/protein,0.164252167,465.651771,5.79E-09,21
FOXO6,100132074,gene/protein,0.151263352,0,4.58E-10,11
FOXP1,27086,gene/protein,0.157938841,470.4601831,1.03E-09,12
FOXP2,93986,gene/protein,0.159411063,606.3752938,1.34E-09,13
FOXP3,50943,gene/protein,0.38674575,211870.9206,2.86E-08,56
FOXQ1,94234,gene/protein,0.151369318,7.616601655,1.69E-10,4
FOXR1,283150,gene/protein,0.162047647,1184.338351,8.25E-10,22
FR117016,DB02616,drug,0.150722404,0,2.72E-11,40
FR221647,DB02096,drug,0.150722404,0,2.72E-11,54
FR230513,DB03572,drug,0.150722404,0,2.72E-11,47
FR-234938,DB03220,drug,0.150722404,0,2.72E-11,5
FR236913,DB02830,drug,0.150722404,0,2.72E-11,45
FR239087,DB03370,drug,0.150722404,0,2.72E-11,10
Fradafiban,DB06472,drug,0.151144149,0,8.62E-11,51
Framycetin,DB00452,drug,1.212917359,6682.591991,0.01668819,16
Frangula purshiana bark,DB15478,drug,0.624345866,114.5626886,0.00795813,16
FRAT1,10023,gene/protein,0.173894057,4077.067238,7.35E-09,47
FRAT2,23401,gene/protein,0.158525634,623.9923498,1.17E-09,40
Fremanezumab,DB14041,drug,0.801095536,1645.540061,0.00104473,9
Freselestat,DB03925,drug,0.152049584,0,9.61E-12,19
Fresolimumab,DB12396,drug,0.775447143,2.711075215,0.00104473,42
FRG1,2483,gene/protein,0.154884704,261.6114333,3.00E-10,14
FRG1BP,284802,gene/protein,0.156644578,152.4417862,1.36E-09,50
FRK,2444,gene/protein,0.160997855,1321.81042,3.17E-09,10
FRMD1,79981,gene/protein,0.22797374,28554.73345,5.38E-10,29
FRMD8,83786,gene/protein,0.153494409,162.8732155,1.05E-09,23
Frovatriptan,DB00998,drug,1.778556118,5478.706445,0.027267355,28
Frovocimab,DB15089,drug,0.775447143,2.711075215,0.00104473,25
Fructose-6-phosphate,DB04493,drug,0.15259611,0,4.04E-11,39
FSCN1,6624,gene/protein,0.163761094,1742.867113,2.73E-09,40
FSCN2,25794,gene/protein,0.150615768,0,3.61E-10,45
FSD2,123722,gene/protein,0.193219802,3695.377315,1.31E-09,22
FSHR,2492,gene/protein,0.165307795,17170.27909,1.94E-09,47
FST,10468,gene/protein,0.163773927,6796.909743,1.10E-09,33
FSTL1,11167,gene/protein,0.16685773,2043.101057,6.53E-10,39
FTCD,10841,gene/protein,0.153121146,565.9290167,3.16E-10,30
FTH1,2495,gene/protein,0.220630241,65470.8603,4.18E-09,23
FTL,2512,gene/protein,0.173579405,20841.63975,2.96E-09,30
FTSJ3,117246,gene/protein,0.17652648,2217.364298,2.85E-09,40
FUBP1,8880,gene/protein,0.172366075,12424.90375,3.97E-09,15
FUBP3,8939,gene/protein,0.161760609,727.1821886,2.26E-09,21
Fulranumab,DB12102,drug,0.775447143,2.711075215,0.00104473,42
Fulvestrant,DB00947,drug,0.281680062,2148.469182,0.00091811,48
Fumagillin,DB02640,drug,0.208308816,887.1971739,0.00010186,52
Fumaric Acid,DB01677,drug,0.169237278,3.640794574,5.03E-12,12
FUNDC2P2,388965,gene/protein,0.15271779,7.942635702,5.90E-10,40
Furafylline,DB14029,drug,0.819658071,1308.788532,0.0093951,0
Furazolidone,DB00614,drug,1.820970441,6790.286818,0.027352498,25
Furosemide,DB00695,drug,2.239324744,55630.97493,0.028645357,16
Furoyl-Leucine,DB02215,drug,0.152784008,0,5.44E-14,55
Fusafungine,DB08965,drug,0.177684179,0.9471421,0.00029887,59
Fusicoccin,DB01780,drug,0.150523407,0,1.48E-10,21
Fusidic acid,DB02703,drug,1.116895992,17207.73554,0.01377143,59
FUT8,2530,gene/protein,0.160989055,1978.159906,2.64E-10,56
FX06,DB05685,drug,0.150608731,0,2.52E-11,24
Fx-1006A,DB05352,drug,0.150550616,0,1.84E-11,12
FXR1,8087,gene/protein,0.186174582,4770.51584,3.18E-09,22
FXYD1,5348,gene/protein,0.15399054,236.9925464,6.22E-10,40
FYN,2534,gene/protein,0.318697114,207843.1936,2.23E-08,22
FZR1,51343,gene/protein,0.210497158,16234.36791,9.91E-09,56
G17DT,DB04914,drug,0.541703096,129.3863876,0.00358552,17
G2E3,55632,gene/protein,0.154367985,188.974697,5.39E-10,36
G3BP1,10146,gene/protein,0.18150762,5313.064583,5.47E-09,50
G6PC3,92579,gene/protein,0.156572798,1330.113746,6.60E-10,22
G6PD,2539,gene/protein,0.154414745,8085.363672,1.48E-09,30
G6PD deficiency,5775,disease,0.21981927,0,7.52E-05,49
GAA,2548,gene/protein,0.167261801,12665.2614,1.14E-09,46
GAB2,9846,gene/protein,0.170266419,1529.008855,5.73E-09,56
Gabaculine,DB02054,drug,0.151368375,0,1.13E-11,22
Gabapentin,DB00996,drug,1.234060385,14855.11943,0.01737068,7
Gabapentin enacarbil,DB08872,drug,1.771093133,11259.69536,0.028442231,7
GABBR1,2550,gene/protein,0.160867015,25162.83163,2.09E-09,29
GABBR2,9568,gene/protein,0.156114871,2511.91482,1.84E-10,33
Gabexate,DB12831,drug,1.091733267,10639.43007,0.00983006,16
Gaboxadol,DB06554,drug,1.188181291,2744.193571,0.017226591,7
GABPA,2551,gene/protein,0.301462971,68570.26515,7.56E-09,12
GABPB1,2553,gene/protein,0.172414289,2826.158864,2.12E-09,50
GABRA1,2554,gene/protein,0.15582034,25982.69485,5.80E-10,33
GABRA2,2555,gene/protein,0.150965796,9283.527497,2.69E-10,30
GABRA3,2556,gene/protein,0.15814261,21001.74915,3.22E-10,29
GABRB3,2562,gene/protein,0.160591039,77320.96387,2.38E-09,4
GABRG2,2566,gene/protein,0.156402958,7677.007415,1.73E-10,33
GABRQ,55879,gene/protein,0.152150869,2635.653455,7.17E-12,1
GAD1,2571,gene/protein,0.161953512,1453.336992,1.68E-09,36
GAD2,2572,gene/protein,0.165155138,1598.513129,5.92E-10,14
GADD45A,1647,gene/protein,0.186364765,8804.45236,5.50E-09,4
GADD45B,4616,gene/protein,0.1629352,1277.687499,2.55E-09,47
GADD45G,10912,gene/protein,0.17996814,7970.09782,4.40E-09,10
GADD45GIP1,90480,gene/protein,0.181594893,4578.3788,3.49E-09,51
Gadobenic acid,DB00743,drug,1.413097293,2502.85014,0.02148154,2
Gadodiamide,DB00225,drug,1.040599918,23.20628909,0.01632595,7
Gadofosveset trisodium,DB06705,drug,1.040816596,198.1001947,0.01632595,16
Gadopentetic acid,DB00789,drug,1.041378624,405.1205926,0.01632595,52
Gadoteric acid,DB09132,drug,1.040599918,23.20628909,0.01632595,7
Gadoteridol,DB00597,drug,1.040599918,23.20628909,0.01632595,7
Gadoxetic acid,DB08884,drug,0.346388284,205.0875452,0.00198679,18
GAK,2580,gene/protein,0.175509566,4775.268123,4.15E-09,14
galactosemia,30105_18116,disease,0.232724208,0,7.52E-05,55
Galactose-uridine-5'-diphosphate,DB03501,drug,0.152819684,0,2.03E-11,27
Galantamine,DB00674,drug,1.207396872,9629.174502,0.016279059,17
Galcanezumab,DB14042,drug,0.803555847,1654.429386,0.00104514,49
GALE,2582,gene/protein,0.15297408,21506.54117,1.25E-09,30
Galiximab,DB04901,drug,0.817616008,1972.381188,0.00107183,58
GALK2,2585,gene/protein,0.153130541,29.13034536,1.39E-09,27
Gallamine,DB13584,drug,1.53229874,7104.427041,0.02058324,58
Gallamine triethiodide,DB00483,drug,1.709528936,11289.06564,0.02297044,25
Gallium citrate Ga-67,DB06784,drug,0.153175434,0,9.76E-11,11
Gallium maltolate,DB05420,drug,0.151220253,0,1.67E-11,13
Gallium nitrate,DB05260,drug,0.661026273,12517.21866,0.00374032,52
Gallopamil,DB12923,drug,1.3215256,3657.201203,0.016589893,7
GALNS,2588,gene/protein,0.184674631,5105.074171,5.75E-10,38
GALR1,2587,gene/protein,0.156260013,2093.32877,4.01E-10,56
GALR3,8484,gene/protein,0.150615768,0,3.61E-10,30
Galsulfase,DB01279,drug,0.150868998,0.576028139,1.58E-11,46
GALT,2592,gene/protein,0.15763768,153.8548355,2.55E-10,54
Gamithromycin,DB11416,drug,0.183010588,1.635162339,0.00033501,2
gamma-Aminobutyric acid,DB02530,drug,0.155785099,0,3.29E-11,55
gamma-carboxy-L-glutamic acid,DB03847,drug,0.15116756,0,1.37E-11,38
gamma-Glutamyl[S-(2-iodobenzyl)cysteinyl]glycine,DB03597,drug,0.155769944,0,2.15E-11,11
gamma-Glutamylcysteine,DB03408,drug,0.153833862,0,9.69E-12,47
gamma-Hydroxybutyric acid,DB01440,drug,1.014145503,4503.136118,0.015738552,7
gamma-Tocopherol,DB15394,drug,0.155856417,0,5.40E-06,3
Gamolenic acid,DB13854,drug,0.254013095,1.672787878,0.00196961,2
GAMT,2593,gene/protein,0.154603693,6975.575503,5.91E-10,51
GANAB,23193,gene/protein,0.170424643,4901.78699,2.77E-09,43
Ganaxolone,DB05087,drug,0.152315654,0,9.30E-12,46
Ganciclovir,DB01004,drug,1.42141483,7774.27438,0.019602426,52
Gancotamab,DB14784,drug,0.777907291,9.850502048,0.00104514,58
Ganirelix,DB06785,drug,0.154950173,0,3.44E-13,43
Ganitumab,DB12205,drug,0.775447143,2.711075215,0.00104473,25
Ganstigmine,DB06525,drug,0.150619892,0,6.53E-12,31
Gantacurium,DB05710,drug,1.173871144,1340.690235,0.017320108,28
Gantenerumab,DB12034,drug,0.775447143,2.711075215,0.00104473,25
GAP43,2596,gene/protein,0.161153143,1359.433992,1.81E-09,4
GAPDH,2597,gene/protein,0.239556159,64465.83781,1.21E-08,30
GAPDHS,26330,gene/protein,0.165800427,19492.02194,3.37E-10,33
GAPT,202309,gene/protein,0.150615768,0,3.61E-10,19
GAR1,54433,gene/protein,0.177271782,6360.229814,2.41E-09,24
Garenoxacin,DB06160,drug,1.447062324,14897.05742,0.015391911,16
Garlic,DB10532,drug,0.168888477,0.80172238,0.00017834,48
GART,2618,gene/protein,0.172338974,14635.37641,2.52E-09,34
GAS2,2620,gene/protein,0.151555357,48.50479119,1.33E-10,39
GAS5,60674,gene/protein,0.155841508,38.90078298,1.68E-09,46
GAS7,8522,gene/protein,0.15791649,480.5161607,1.87E-09,41
GAST,2520,gene/protein,0.164143659,1110.513565,1.99E-10,23
gastric adenocarcinoma,5036,disease,24.79972863,24.91845808,1.26E-06,31
gastric cancer,1056,disease,30.16648829,188.8844356,9.72E-05,46
gastric carcinoma,4950,disease,27.03910731,647.277566,9.71E-05,32
Gastric inhibitory polypeptide,DB15217,drug,0.929386005,1399.329136,0.010335244,44
gastric linitis plastica,18184,disease,15.84734456,0,9.71E-05,6
gastric neoplasm,21085,disease,16.48687805,0,9.71E-05,34
gastric ulcer (disease),1126,disease,6.722486195,1244.555887,0.00024219,32
gastroenteritis,2269,disease,0.223963484,0,0.00011091,19
gastroesophageal reflux disease,7186,disease,0.961381663,0,0.00036781,39
gastroparesis (disease),6769,disease,0.391767421,0,5.67E-05,8
GATA1,2623,gene/protein,0.399661469,303483.86,2.48E-08,1
GATA2,2624,gene/protein,0.713876162,1119573.487,4.45E-08,1
GATA3,2625,gene/protein,0.270043985,79045.25249,1.58E-08,29
GATA4,2626,gene/protein,0.167547299,5454.759335,2.64E-09,8
GATA6,2627,gene/protein,0.161705321,2584.242363,1.99E-09,43
Gatifloxacin,DB01044,drug,1.425983663,11376.0685,0.015671679,52
GATM,2628,gene/protein,0.152205153,10940.33217,2.47E-10,1
Gaucher disease,9266_9265_9267_18150,disease,1.726171039,0,2.37E-05,41
Gavestinel,DB06741,drug,0.236526051,75.14786697,0.00102455,18
GBA,2629,gene/protein,0.16840086,19131.21684,3.13E-09,13
GC-24,DB03788,drug,0.15053768,0,4.07E-11,21
GCC1,79571,gene/protein,0.179310997,3100.90188,2.38E-09,43
GCDH,2639,gene/protein,0.157033028,6157.607157,9.40E-10,30
GCHFR,2644,gene/protein,0.157851099,894.163584,7.50E-10,6
GCK,2645,gene/protein,0.15305255,21902.73282,1.37E-10,20
GCLC,2729,gene/protein,0.1563125,2114.624536,1.67E-09,56
GCLM,2730,gene/protein,0.157019733,940.3715554,7.76E-10,4
GCN1,10985,gene/protein,0.173922564,4743.443291,3.27E-09,31
GCSH,2653,gene/protein,0.152342978,6119.498931,3.14E-10,45
GDF15,9518,gene/protein,0.160219225,957.4965509,1.53E-09,32
GDF2,2658,gene/protein,0.153642969,267.9201685,5.04E-10,29
GDF5,8200,gene/protein,0.173666522,4931.138797,5.65E-09,54
GDF9,2661,gene/protein,0.167282238,731.3182058,1.16E-09,14
GDI1,2664,gene/protein,0.171157564,1701.99613,1.78E-09,34
GDI2,2665,gene/protein,0.168789232,4120.798915,2.51E-09,32
GDPD1,284161,gene/protein,0.170506092,2707.825,2.41E-10,6
GE-2270A,DB02975,drug,0.183010588,1.635162339,0.00033501,59
Gedivumab,DB15277,drug,0.775447143,2.711075215,0.00104473,25
Gedocarnil,DB13534,drug,0.997242352,12.1886518,0.01578516,7
Gefitinib,DB00317,drug,1.333896476,14638.42036,0.01635789,48
Geldanamycin,DB02424,drug,0.238314419,4449.342405,0.00028035,2
GEM-231,DB05798,drug,0.151353813,0,7.95E-11,24
Gemcitabine,DB00441,drug,1.865892465,29722.30016,0.02206363,58
Gemeprost,DB08964,drug,0.150766363,0,1.29E-11,50
Gemfibrozil,DB01241,drug,1.725892315,17651.33001,0.02299747,16
Gemifloxacin,DB01155,drug,1.40584912,9616.85237,0.015364812,16
Gemigliptin,DB12412,drug,0.9965814,2122.506872,0.01106779,54
GEMIN2,8487,gene/protein,0.175629782,2597.914293,1.83E-09,9
GEMIN4,50628,gene/protein,0.176711865,4947.124195,2.46E-09,8
GEMIN7,79760,gene/protein,0.163847922,865.9273655,1.72E-09,15
gemistocytic astrocytoma,16689,disease,8.139148743,0.267063492,4.75E-05,32
Gemtuzumab ozogamicin,DB00056,drug,1.40451455,22445.88082,0.00646848,42
Geneticin,DB04263,drug,1.235048314,8400.196279,0.016800341,7
Genistein,DB01645,drug,1.210014416,50273.64751,0.013308733,48
Gentamicin,DB00798,drug,1.307703672,12271.01121,0.016886345,16
Gentamicin C1a,DB04729,drug,1.234375265,3336.344532,0.016800341,7
Gepefrine,DB13703,drug,1.467645015,7687.343079,0.020165944,7
Gepirone,DB12184,drug,1.045527353,387.2502467,0.01643658,50
Geranyl Diphosphate,DB02552,drug,0.283874009,434.2467118,0.00034878,59
Geranylgeranyl diphosphate,DB07841,drug,0.73921683,10772.08368,0.00757695,52
gestational trophoblastic neoplasm,18944,disease,0.255075431,0,5.44E-05,55
Gestodene,DB06730,drug,1.050872545,5730.161502,0.010228713,18
Gestonorone,DB13230,drug,0.312899617,89.021994,0.00130856,2
Gestrinone,DB11619,drug,0.852522636,20747.89818,0.00693416,2
GET4,51608,gene/protein,0.183858232,10394.35651,4.28E-09,45
Gevokizumab,DB12119,drug,0.77832504,1707.497088,0.00104514,42
GFAP,2670,gene/protein,0.191747005,12378.87503,4.75E-09,14
GFI1,2672,gene/protein,0.168491805,3169.268792,3.18E-09,45
GFI1B,8328,gene/protein,0.179553772,5814.82973,2.14E-09,14
GFPT1,2673,gene/protein,0.154637307,67.11158102,1.90E-09,27
GGCX,2677,gene/protein,0.158403791,15757.90651,1.10E-09,20
GGPS1,9453,gene/protein,0.172188277,49281.43776,1.33E-09,4
GGT7,2686,gene/protein,0.162332375,3480.696049,6.50E-10,22
GGTLC1,92086,gene/protein,0.154023804,26.78505723,1.76E-11,1
GH1,2688,gene/protein,0.167647366,1954.293409,6.12E-09,56
Ghavamiol,DB02492,drug,0.151911519,0,1.99E-12,8
GHITM,27069,gene/protein,0.193819113,7208.696527,4.67E-10,14
GHR,2690,gene/protein,0.174120677,8149.359593,9.07E-09,6
GI-5005,DB05942,drug,0.541703096,129.3863876,0.00358552,44
giant cell glioblastoma,16682,disease,2.654825217,0,4.74E-05,34
GIGYF2,26058,gene/protein,0.163032083,881.8070381,2.13E-09,21
Gilteritinib,DB12141,drug,1.567823752,16995.48048,0.018199347,52
GIMAP6,474344,gene/protein,0.150643586,0,5.64E-11,50
Gimatecan,DB06721,drug,0.327867208,62.00863668,0.00190564,16
Gimeracil,DB09257,drug,1.056928088,3584.372227,0.016327085,8
Ginkgo biloba,DB01381,drug,0.886726099,3505.107469,0.0112943,52
GINM1,116254,gene/protein,0.20145794,22466.57553,1.15E-09,27
GINS4,84296,gene/protein,0.167086144,971.9412445,8.96E-10,53
Ginseng,DB01404,drug,0.161833921,72.42888298,0.00013595,9
Ginsenoside C,DB06748,drug,0.191246377,0.019387545,2.71E-05,2
Ginsenoside Rb1,DB06749,drug,0.20938287,5.067407333,0.00050222,16
GIPC1,10755,gene/protein,0.167422152,6106.181147,3.07E-09,22
Girentuximab,DB05304,drug,0.776749526,3145.555947,0.00104473,42
GIT1,28964,gene/protein,0.182009597,6367.508808,4.43E-09,54
GIT2,9815,gene/protein,0.180417375,3526.018258,2.12E-09,13
Gitoformate,DB13537,drug,0.797106289,3509.398638,0.00679315,58
Givinostat,DB12645,drug,0.643760274,691.9590584,0.00725559,7
Givosiran,DB15066,drug,1.346565284,7221.09636,0.020415811,54
GJA1,2697,gene/protein,0.176278125,17776.04386,3.88E-09,47
GJA8,2703,gene/protein,0.200782241,4594.257116,4.52E-10,45
GJB1,2705,gene/protein,0.169393326,3031.483519,8.63E-10,4
GJB2,2706,gene/protein,0.189940927,5587.605811,5.14E-10,4
GK,2710,gene/protein,0.178084002,5127.595384,4.62E-10,56
GLA,2717,gene/protein,0.15285735,441.1707486,1.04E-09,45
Glasdegib,DB11978,drug,1.178364586,4717.453395,0.013464803,59
Glatiramer,DB05259,drug,0.617099117,7251.166113,0.00371322,58
glaucoma,11129_9277_5041,disease,4.207047847,178.6261454,2.42E-05,8
Glecaprevir,DB13879,drug,0.865187679,2368.18447,0.00808331,59
Glembatumumab vedotin,DB05996,drug,0.821052371,5886.19854,0.00107183,25
Gleptoferron,DB11417,drug,0.382253428,969.5535026,0.0013772,52
Glesatinib,DB06302,drug,0.195752331,6.425673676,0.00025323,0
GLI1,2735,gene/protein,0.228394681,39097.84153,1.01E-08,56
GLI3,2737,gene/protein,0.209802038,24328.83938,3.90E-09,43
Glibornuride,DB08962,drug,1.596299261,12687.807,0.017904746,27
Gliclazide,DB01120,drug,1.598915149,17026.4527,0.017904746,17
Glimepiride,DB00222,drug,1.726895906,19727.66054,0.018996919,17
glioblastoma (disease),18177,disease,3.929998064,0,5.17E-05,15
glioma,21042,disease,13.08993212,108.2717895,2.17E-05,57
gliosarcoma,16681,disease,2.05831728,0,2.17E-05,24
Glipizide,DB01067,drug,2.232770597,38614.00533,0.027347412,7
Gliquidone,DB01251,drug,1.600521616,14788.13264,0.017904746,31
GLIS1,148979,gene/protein,0.155994138,37.79990947,1.03E-09,10
GLIS2,84662,gene/protein,0.180586343,3791.01311,5.79E-09,53
GLIS3,169792,gene/protein,0.154204279,28.04018851,3.58E-10,1
Glisoxepide,DB01289,drug,1.598929863,14387.4541,0.017904746,38
GLMP,112770,gene/protein,0.176418245,3115.331335,7.44E-10,47
GLO1,2739,gene/protein,0.158193819,27027.03958,1.58E-09,24
GLP1R,2740,gene/protein,0.203903851,78421.6375,1.79E-09,30
GLPG-0492,DB12461,drug,0.366632173,26.6760004,0.00254572,17
GLRA1,2741,gene/protein,0.152129676,9000.689003,2.80E-10,13
GLRA2,2742,gene/protein,0.158214863,4553.176919,2.88E-10,38
GLRX,2745,gene/protein,0.162516682,889.5199632,1.08E-09,10
GLS,2744,gene/protein,0.174911081,11181.30563,1.27E-09,38
GLT6D1,360203,gene/protein,0.150634786,550.5832444,7.48E-11,30
Glucagon,DB00040,drug,0.379089518,2063.890052,0.00417958,52
Glucarpidase,DB08898,drug,0.240987183,22.7595693,9.00E-05,52
Gluconic Acid,DB13180,drug,0.37628207,46.33730564,0.00394647,2
Gluconolactone,DB04564,drug,0.151949978,1,3.08E-12,19
Glucosamine,DB01296,drug,0.220562294,1175.325577,0.00081609,18
Glucose-6-Phosphate,DB03581,drug,0.15587275,0,1.21E-11,22
GLUD1,2746,gene/protein,0.157794409,5514.669332,1.46E-09,1
GLUD2,2747,gene/protein,0.152495146,169.7122891,4.52E-10,29
GLUL,2752,gene/protein,0.169305812,23865.39693,1.97E-09,1
Glutamic acid,DB00142,drug,0.270427264,33152.47481,0.00047872,59
Glutamine t-butyl ester,DB04636,drug,0.158714464,0,4.14E-13,27
Glutaral,DB03266,drug,0.212801152,0,1.40E-05,2
Glutaric Acid,DB03553,drug,0.415092134,164.7224395,0.00292524,26
Glutathione,DB00143,drug,0.202017837,0,2.85E-10,22
Glutathione disulfide,DB03310,drug,0.16760703,0,6.95E-11,50
GLUTATHIONE SULFINATE,DB04700,drug,0.150803975,0,1.46E-11,57
Glutathione sulfonic acid,DB03003,drug,0.154885284,0,4.75E-11,5
Glutathionylspermidine disulfide,DB02553,drug,0.151530745,0,9.52E-12,39
Glutethimide,DB01437,drug,1.025603077,606.7722789,0.016061206,7
Glyburide,DB01016,drug,2.083594981,73242.7528,0.02308744,7
Glyceraldehyde-3-Phosphate,DB02263,drug,0.154755568,0,1.88E-12,32
Glycerin,DB09462,drug,0.70019708,29502.34992,0.00844515,52
Glycerol phenylbutyrate,DB08909,drug,1.542400541,29080.33458,0.023082444,52
Glycinamide,DB03636,drug,0.150972307,0,5.29E-13,49
Glycinamide Ribonucleotide,DB02236,drug,0.151093195,0,2.01E-11,12
Glycine,DB00145,drug,0.314667085,11256.07513,9.51E-05,0
Glycine betaine,DB06756,drug,0.505621657,1468.751523,0.00576599,52
Glycochenodeoxycholic Acid,DB02123,drug,0.557498102,1467.233932,0.00382378,52
Glycocholic acid,DB02691,drug,0.432090137,692.1052373,0.00217566,2
Glycocyamine,DB02751,drug,0.150995554,0,4.70E-12,47
glycogen storage disease,9294_13291_10598_13091_10362_9868_9295_9293_9290_9291_2413_2412,disease,1.117461452,0,7.52E-05,31
Glycol salicylate,DB11323,drug,0.150863397,0,4.27E-11,34
Glycolic acid,DB03085,drug,0.151238231,0,1.17E-11,53
GlycoPEG-GCSF,DB06022,drug,0.345419741,0.177865573,0.00017532,18
Glycopyrronium,DB00986,drug,1.296778699,1880.749593,0.019036862,28
GLYCTK,132158,gene/protein,0.177697757,1377.058043,1.09E-09,9
Glycyrrhizic acid,DB13751,drug,0.283013855,3391.137694,0.00174521,45
Glymidine,DB01382,drug,0.956329379,2122.111755,0.010593276,52
Glyoxylic acid,DB04343,drug,0.150785628,0,2.09E-11,8
Glyphosate,DB04539,drug,0.151233529,0,2.18E-11,31
GM2A,2760,gene/protein,0.156479117,10826.92036,3.42E-10,35
GMA-161,DB15397,drug,0.777907291,9.850502048,0.00104514,42
GMCL1,64395,gene/protein,0.19782434,9352.146169,2.15E-09,20
GMDS,2762,gene/protein,0.15658987,5909.552951,7.44E-10,20
GMFB,2764,gene/protein,0.155744507,86.36462207,3.25E-09,10
GMPR2,51292,gene/protein,0.161112474,667.2009712,1.86E-09,29
GMPS,8833,gene/protein,0.158919435,2185.61581,2.29E-09,9
GMX1777,DB05217,drug,0.150716854,0,1.33E-11,40
GNA12,2768,gene/protein,0.181550314,6512.779586,3.27E-09,12
GNA13,10672,gene/protein,0.172181903,9020.670804,3.82E-09,51
GNA15,2769,gene/protein,0.158994604,717.2987085,6.66E-10,49
GNAI2,2771,gene/protein,0.190452875,35584.66723,3.71E-09,30
GNAQ,2776,gene/protein,0.181644389,9570.294459,3.88E-09,45
GNAS,2778,gene/protein,0.181439052,19524.36107,3.03E-09,56
GNAZ,2781,gene/protein,0.18350894,20596.19391,5.14E-09,14
GNB1,2782,gene/protein,0.206508512,67241.3158,7.28E-09,19
GNB1L,54584,gene/protein,0.171609431,3170.177898,4.18E-09,6
GNGT1,2792,gene/protein,0.15115417,11.18934696,1.96E-10,39
GNL2,29889,gene/protein,0.1656127,948.8845342,2.42E-09,15
GNL3,26354,gene/protein,0.175275681,1337.81087,4.10E-09,49
GNLY,10578,gene/protein,0.150451223,5384,6.00E-11,30
GNMT,27232,gene/protein,0.182191373,21746.73808,8.99E-10,32
GNPDA1,10007,gene/protein,0.158608975,12429.87124,1.17E-09,35
GNRHR,2798,gene/protein,0.151417165,22789.80101,4.27E-11,22
GOLGA1,2800,gene/protein,0.158101242,185.6762411,8.02E-10,57
GOLGA5,9950,gene/protein,0.168755586,2872.857789,3.67E-10,12
GOLGA8DP,100132979,gene/protein,0.16021062,612.4037612,9.27E-10,57
GOLGA8EP,390535,gene/protein,0.155664105,195.8567852,4.87E-10,32
GOLGA8F,100132565,gene/protein,0.157515616,304.2135666,6.50E-10,22
GOLGA8G,283768,gene/protein,0.154990417,178.2279001,5.15E-10,22
GOLGB1,2804,gene/protein,0.183980292,9351.124471,1.53E-09,10
Golimumab,DB06674,drug,1.99471806,60526.08979,0.01765481,42
GOLM1,51280,gene/protein,0.194336869,10401.17472,8.77E-10,45
Golodirsen,DB15593,drug,1.041379798,8508.467041,0.01632595,8
Golotimod,DB05475,drug,0.153871797,0,1.37E-10,57
GOLT1A,127845,gene/protein,0.159380212,830.419194,5.22E-10,41
Gonadorelin,DB00644,drug,0.159526669,3.96884902,3.13E-05,53
Goserelin,DB00014,drug,1.551635773,9025.316737,0.022336349,5
Gosogliptin,DB08382,drug,0.997223205,2457.59238,0.01106779,17
Gossypol,DB13044,drug,0.715208679,4712.691847,0.00655273,48
GOT1,2805,gene/protein,0.158014892,8537.549338,1.88E-09,50
GOT2,2806,gene/protein,0.161748742,11507.48643,1.48E-09,57
gout,5393,disease,0.312072684,0,0.00048011,12
GP1BA,2811,gene/protein,0.171850996,26190.69702,6.38E-09,13
GP1BB,2812,gene/protein,0.185276086,19488.73667,5.28E-09,23
GPANK1,7918,gene/protein,0.180926107,4899.668255,3.17E-09,15
GPATCH11,253635,gene/protein,0.156548847,119.7498622,5.15E-10,50
GPATCH2L,55668,gene/protein,0.175832866,1912.51575,1.42E-09,8
GPBP1L1,60313,gene/protein,0.167793793,1364.95722,1.01E-09,51
GPC1,2817,gene/protein,0.164374183,557.521314,4.44E-10,45
GPD1,2819,gene/protein,0.155232083,1561.452272,5.27E-11,30
GPD1L,23171,gene/protein,0.17117033,4768.29215,1.09E-09,8
GPER1,2852,gene/protein,0.151903674,8312.237691,9.10E-10,50
GPHN,10243,gene/protein,0.158193402,3221.654278,2.28E-10,56
GPI,2821,gene/protein,0.156405536,30963.07871,1.28E-09,19
Gpi-1046,DB01951,drug,0.15047917,0,6.38E-11,39
GPI-1485,DB05814,drug,0.407296843,358.2132699,0.0037131,59
GPKOW,27238,gene/protein,0.183418636,7046.846084,3.15E-09,56
GPM6A,2823,gene/protein,0.154217336,218.4018891,5.42E-10,1
GPN3,51184,gene/protein,0.177111825,7875.450135,2.22E-09,31
GPNMB,10457,gene/protein,0.151864357,421.5286149,1.80E-10,4
GPR15,2838,gene/protein,0.153192311,58.57625279,7.92E-10,9
GPR153,387509,gene/protein,0.150562097,0,1.40E-10,31
GPR161,23432,gene/protein,0.162616934,1144.754514,6.93E-10,49
GPR35,2859,gene/protein,0.172766745,8493.572434,4.01E-10,8
GPR42,2866,gene/protein,0.192370018,3996.628795,2.66E-10,54
GPR75-ASB3,100302652,gene/protein,0.154528384,28.43612299,2.33E-10,54
GPRASP1,9737,gene/protein,0.184293586,15715.94628,8.03E-10,4
GPRC5C,55890,gene/protein,0.167368685,6000.81076,6.91E-10,24
GPS2,2874,gene/protein,0.191311195,9918.32227,4.20E-09,49
GPSM2,29899,gene/protein,0.158246084,385.4252505,1.34E-09,47
GPSM3,63940,gene/protein,0.219482837,7445.793083,6.02E-10,53
GPT,2875,gene/protein,0.156638259,4174.377502,2.35E-10,40
GPT2,84706,gene/protein,0.155438407,3324.957218,8.33E-10,32
GPX1,2876,gene/protein,0.154508374,2214.853646,5.50E-10,11
GPX-150,DB13103,drug,0.155336316,0,5.28E-06,3
GPX2,2877,gene/protein,0.15239477,248.9280323,8.36E-10,38
GPX4,2879,gene/protein,0.167311702,2989.654176,1.17E-09,36
GPX8,493869,gene/protein,0.21159506,26547.5267,1.36E-09,39
GRAMD1A,57655,gene/protein,0.171950691,9591.13423,6.69E-10,46
Gramicidin D,DB00027,drug,0.17788522,2.43751908,0.00029887,18
Granisetron,DB00889,drug,1.37309905,2954.267355,0.02052299,7
granulomatous slack skin disease,18031,disease,2.242299892,0,0.00033043,32
Grapiprant,DB12836,drug,0.420687973,51.27156277,0.00321092,22
Graves disease,5364,disease,6.36422229,0,0.00018572,9
Grazoprevir,DB11575,drug,0.575551705,791.018216,0.00439326,18
GRB10,2887,gene/protein,0.178590668,4636.438502,5.57E-09,54
GRB2,2885,gene/protein,0.481023634,604830.9592,2.65E-08,1
GRB7,2886,gene/protein,0.173304988,3433.526577,3.75E-09,1
GREB1,9687,gene/protein,0.15662819,489.8900913,1.14E-09,11
Gremubamab,DB15014,drug,0.775447143,2.711075215,0.00104473,25
Grepafloxacin,DB00365,drug,1.657199853,20546.93176,0.017874745,16
GRIA1,2890,gene/protein,0.161142252,22502.19708,3.00E-09,4
GRIA2,2891,gene/protein,0.16910169,119154.5689,5.49E-09,30
GRIA4,2893,gene/protein,0.155680898,3880.133276,4.35E-10,36
GRIK2,2898,gene/protein,0.156535963,13301.95557,1.76E-09,4
GRIN1,2902,gene/protein,0.161599394,36992.8004,1.92E-09,1
GRIN2B,2904,gene/protein,0.161752181,30091.13956,2.37E-09,21
GRIN3A,116443,gene/protein,0.150978439,6687.3568,8.56E-11,1
Griseofulvin,DB00400,drug,0.815302005,4791.263647,0.00903188,2
GRK1,6011,gene/protein,0.155652685,405.3660335,5.53E-10,43
GRK4,2868,gene/protein,0.159932061,2052.514015,2.95E-09,22
GRK5,2869,gene/protein,0.175267415,7894.194985,4.04E-09,5
GRK6,2870,gene/protein,0.164365022,1499.954557,3.87E-09,20
GRM1,2911,gene/protein,0.168392255,9843.572336,3.70E-09,34
GRM2,2912,gene/protein,0.166322133,5088.155253,5.47E-10,56
GRM3,2913,gene/protein,0.152223529,2252.954455,4.95E-10,20
GRM5,2915,gene/protein,0.154944279,12331.40929,1.79E-09,15
GRM7,2917,gene/protein,0.153140971,97.45070045,4.01E-10,23
GRN,2896,gene/protein,0.224632732,18449.52522,2.11E-09,38
Grn163l,DB05036,drug,0.151043333,0,9.67E-11,32
GRPR,2925,gene/protein,0.16651405,999.5372959,3.84E-10,56
GRWD1,83743,gene/protein,0.15863359,202.0841655,3.59E-09,22
GS 0573,DB08843,drug,0.150830797,0,8.77E-13,21
GS-5745,DB12296,drug,0.775447143,2.711075215,0.00104473,25
GSDMD,79792,gene/protein,0.153937941,110.8461619,1.77E-09,22
GSE1,23199,gene/protein,0.172394467,3511.958206,3.15E-09,39
GSK-1004723,DB12806,drug,0.19133812,8.246432545,0.00052523,59
GSK-239512,DB15120,drug,0.190011642,7.645509307,0.0004969,3
GSK-256066,DB12137,drug,0.15179044,0,1.77E-05,0
GSK-2636771,DB11795,drug,0.191246377,0.019387545,2.71E-05,17
GSK3A,2931,gene/protein,0.189193317,12207.0043,7.36E-09,39
GSK3B,2932,gene/protein,0.318794195,355822.0769,2.51E-08,1
GSK-923295,DB06097,drug,0.150739061,0,2.83E-11,5
GSPT1,2935,gene/protein,0.163124691,867.2263542,2.67E-09,34
GSR,2936,gene/protein,0.154875447,42364.25657,1.20E-09,26
GSS,2937,gene/protein,0.153354516,6485.097188,1.22E-09,30
GSTA1,2938,gene/protein,0.184995726,32150.61379,3.50E-10,53
GSTA3,2940,gene/protein,0.153837437,5725.485401,1.95E-10,23
GSTA4,2941,gene/protein,0.15863706,2079.981633,1.31E-09,24
GSTK1,373156,gene/protein,0.16457857,13471.71419,1.84E-09,1
GSTM1,2944,gene/protein,0.158729662,15299.38737,1.16E-10,13
GSTM2,2946,gene/protein,0.155570664,9045.277903,1.87E-10,20
GSTM3,2947,gene/protein,0.163412151,7333.129167,9.11E-10,33
GSTM4,2948,gene/protein,0.159444078,19643.15309,1.44E-09,1
GSTO1,9446,gene/protein,0.15914376,2932.621068,1.70E-09,54
GSTO2,119391,gene/protein,0.157860386,89.6567882,2.70E-10,41
GSTP1,2950,gene/protein,0.191004308,152946.7304,4.19E-09,11
GSTT1,2952,gene/protein,0.162551746,10207.69269,2.16E-10,11
GTF2A1,2957,gene/protein,0.162064321,476.2434369,1.18E-09,56
GTF2A1L,11036,gene/protein,0.156684004,126.8160426,3.18E-10,24
GTF2B,2959,gene/protein,0.352089593,157395.6217,1.19E-08,10
GTF2E1,2960,gene/protein,0.167263017,2908.097038,2.14E-09,19
GTF2F1,2962,gene/protein,0.226984272,16686.24019,7.61E-09,31
GTF2F2,2963,gene/protein,0.179850862,4946.34554,3.35E-09,41
GTF2H1,2965,gene/protein,0.175169053,6923.572071,3.87E-09,55
GTF2H2C,728340,gene/protein,0.161485804,49.03377717,1.26E-10,53
GTF2I,2969,gene/protein,0.185668636,10396.26757,6.14E-09,36
GTF3A,2971,gene/protein,0.155093423,437.1000435,1.13E-09,36
GTF3C2,2976,gene/protein,0.172772687,4832.731555,4.15E-09,9
GTF3C3,9330,gene/protein,0.162110631,677.707147,2.81E-09,10
GTF3C4,9329,gene/protein,0.163950357,838.6241219,2.54E-09,27
GTI 2040,DB05801,drug,0.150847439,0,2.29E-11,49
GTPBP4,23560,gene/protein,0.176298685,2453.506225,3.79E-09,4
GTS-21,DB05708,drug,0.71098462,897.7158278,0.00788722,2
Guacetisal,DB13538,drug,2.054862793,10299.19517,0.028231518,44
Guadecitabine,DB11918,drug,0.191246377,0.019387545,2.71E-05,2
Guaiacol,DB11359,drug,0.150216928,0.111111111,1.72E-11,46
Guaifenesin,DB00874,drug,0.15289021,4.501785714,3.46E-11,15
Guanabenz,DB00629,drug,1.385712179,4201.934355,0.02063713,52
Guanadrel,DB00226,drug,0.9024916,438.4181234,0.013839831,16
Guanazodine,DB13604,drug,0.892050864,315.0892767,0.013790916,7
Guanethidine,DB01170,drug,1.537121086,3130.497452,0.024177568,16
Guanfacine,DB01018,drug,2.240383022,17481.05796,0.03388912,7
Guanidine,DB00536,drug,0.39045686,4251.871478,0.0022312,18
Guanidine-3-propanol,DB03637,drug,0.150983421,0,2.14E-12,47
Guanidinoethylmercaptosuccinic acid,DB04489,drug,0.150994646,0,8.76E-12,32
Guanine,DB02377,drug,0.607675094,1310.690503,0.00608606,2
Guanoclor,DB13779,drug,0.892050864,315.0892767,0.013790916,16
Guanosine,DB02857,drug,0.150792162,0,1.80E-11,32
"GUANOSINE-2',3'-O-ETHYLIDENEPHOSPHONATE",DB04754,drug,0.150792162,0,1.80E-11,57
"GUANOSINE-2',3'-O-METHYLIDENEPHOSPHONATE",DB04757,drug,0.150792162,0,1.80E-11,13
Guanosine-3'-monophosphate-5'-diphosphate,DB04121,drug,0.150743268,0,1.75E-11,40
Guanosine-5'-Diphosphate,DB04315,drug,0.197265899,0,1.07E-09,57
Guanosine-5'-Diphosphate-Rhamnose,DB02547,drug,0.150837115,0,5.93E-12,32
Guanosine-5'-Monophosphate,DB01972,drug,0.154831079,0,4.22E-11,39
Guanosine-5'-Triphosphate,DB04137,drug,0.167126977,0,2.08E-10,43
Guanoxabenz,DB13410,drug,0.892050864,315.0892767,0.013790916,58
Guanoxan,DB13211,drug,0.892050864,315.0892767,0.013790916,7
Guar gum,DB13446,drug,0.929386005,1399.329136,0.010335244,17
GUCA2A,2980,gene/protein,0.168134963,2809.774136,5.16E-10,46
GUCY1A2,2977,gene/protein,0.155343744,6181.441512,1.28E-09,41
GUCY2C,2984,gene/protein,0.156468859,731.4588886,2.38E-10,31
GUF1,60558,gene/protein,0.155019109,197.4004329,1.33E-10,14
GUSB,2990,gene/protein,0.154478526,6362.059532,3.46E-10,27
Guselkumab,DB11834,drug,1.168687006,8678.536295,0.0043686,42
Gusperimus,DB12692,drug,0.65740696,408.8384872,0.00374032,17
Guvacine,DB08848,drug,0.2068453,0,4.83E-12,10
GW 468816,DB05417,drug,0.154171295,0,2.23E-12,15
GW 597599,DB05418,drug,0.150916897,0,7.71E-12,53
GW-3965,DB03791,drug,0.150499627,0,4.12E-11,21
GW-590735,DB07215,drug,0.150860435,0,2.05E-10,53
GW-813893,DB07278,drug,0.15116756,0,1.37E-11,41
GW842166,DB11903,drug,1.10886025,290.6689364,0.017414999,28
GYG1,2992,gene/protein,0.156136673,1041.716593,1.77E-10,12
GYG2,8908,gene/protein,0.171226869,1925.820042,3.27E-10,8
GZF1,64412,gene/protein,0.159136593,349.6738681,1.03E-09,10
GZMB,3002,gene/protein,0.169119028,2966.994486,2.01E-09,27
H3B-8800,DB14017,drug,0.150587903,0,4.86E-11,13
H-89,DB07995,drug,0.15691266,0,2.67E-10,57
HABP4,22927,gene/protein,0.16105785,747.5860819,2.19E-09,31
Hachimycin,DB13302,drug,0.15,0,3.99E-71,22
HACL1,26061,gene/protein,0.158346639,2000.585475,1.00E-09,29
Hadacidin,DB02109,drug,0.202996433,107.9334078,2.71E-05,48
HADH,3033,gene/protein,0.161459327,11468.67103,1.13E-09,14
HADHA,3030,gene/protein,0.194954661,24834.45657,3.33E-09,46
HADHB,3032,gene/protein,0.19588706,16781.7255,3.35E-09,46
Haemophilus influenzae type B capsular polysaccharide meningococcal outer membrane protein conjugate antigen,DB10342,drug,0.565519226,229.5307571,0.00389136,17
Haemophilus influenzae type B strain 1482 capsular polysaccharide tetanus toxoid conjugate antigen,DB10076,drug,0.565519226,229.5307571,0.00389136,44
Haemophilus influenzae type B strain 20752 capsular polysaccharide tetanus toxoid conjugate antigen,DB10990,drug,0.565519226,229.5307571,0.00389136,44
HAGH,3029,gene/protein,0.154671344,5802.3045,1.21E-09,9
hairy cell leukemia,18935,disease,8.172007438,78.15817908,3.52E-05,57
hairy cell leukemia variant,17600,disease,3.736611446,0,3.48E-05,15
HAL,3034,gene/protein,0.16024775,3964.161616,5.68E-10,55
Halazepam,DB00801,drug,1.069541668,896.700988,0.016273457,7
Halcinonide,DB06786,drug,0.320716897,163.6455223,0.00211931,26
Halicin,DB15624,drug,0.151288831,0,3.91E-10,43
Halofantrine,DB01218,drug,1.384033132,11807.86364,0.0172398,16
Halofuginone,DB04866,drug,0.207988904,686.0530043,0.00010186,40
Halometasone,DB13728,drug,0.315840024,49.05175973,0.0020177,18
Haloperidol,DB00502,drug,3.583632105,162055.4548,0.03879236,7
Haloprogin,DB00793,drug,0.173128295,0,0.00028569,0
Halothane,DB01159,drug,1.930826244,36625.67159,0.028824654,7
Haloxon,DB11419,drug,0.168410327,0.06517644,0.00027621,18
Haloxyfop-P,DB07870,drug,0.151405983,0,2.11E-12,11
HAND1,9421,gene/protein,0.155393921,294.5257254,8.51E-10,12
HAND2,9464,gene/protein,0.160653299,949.333769,1.67E-09,30
HAO1,54363,gene/protein,0.151527535,37759.20195,4.33E-11,19
Harmaline,DB13875,drug,1.816236384,9175.86725,0.027339627,28
Harmine,DB07919,drug,0.150963099,0,1.21E-11,53
HAS1,3036,gene/protein,0.161637815,761.3651784,3.03E-10,22
HAS2,3037,gene/protein,0.159928017,2706.025423,8.69E-10,55
HAS3,3038,gene/protein,0.165564096,236.5907659,6.16E-11,51
HASPIN,83903,gene/protein,0.160671703,12168.48151,2.85E-09,40
HAT1,8520,gene/protein,0.160265204,1935.048206,1.36E-09,22
HAUS7,55559,gene/protein,0.171099082,4442.887649,1.13E-09,45
HAVCR2,84868,gene/protein,0.180870515,3459.77122,2.60E-09,12
HAX1,10456,gene/protein,0.195310946,19253.42122,3.69E-09,6
HBA1,3039,gene/protein,0.160565591,1441.009249,7.34E-10,1
HBA2,3040,gene/protein,0.174210115,42118.82967,1.36E-09,45
HBB,3043,gene/protein,0.168811871,27656.06897,1.01E-09,20
HBP1,26959,gene/protein,0.166886453,2041.724591,3.43E-09,40
HBZ,3050,gene/protein,0.163349698,1747.596566,1.24E-09,13
HCAR2,338442,gene/protein,0.150359448,216.7995551,2.01E-10,35
HCFC1,3054,gene/protein,0.179006132,3983.601642,4.10E-09,24
HCFC2,29915,gene/protein,0.164860692,772.1919926,1.17E-09,11
HCLS1,3059,gene/protein,0.185312785,5980.196286,6.15E-09,36
HDAC1,3065,gene/protein,0.352254715,246943.7625,2.14E-08,32
HDAC11,79885,gene/protein,0.156671969,1602.565564,6.38E-10,11
HDAC2,3066,gene/protein,0.281248631,191164.6599,1.63E-08,1
HDAC3,8841,gene/protein,0.268820265,94013.24883,1.49E-08,31
HDAC4,9759,gene/protein,0.208249724,46440.73846,1.01E-08,22
HDAC5,10014,gene/protein,0.198053624,13312.24604,6.92E-09,13
HDAC6,10013,gene/protein,0.222224843,51345.09104,9.93E-09,31
HDAC7,51564,gene/protein,0.191493642,20693.91293,6.92E-09,23
HDAC8,55869,gene/protein,0.160888108,31648.3766,1.89E-09,4
HDAC9,9734,gene/protein,0.167403926,7060.11814,3.66E-09,29
HDDC2,51020,gene/protein,0.153412349,242.5011586,2.83E-10,19
HDGF,3068,gene/protein,0.160603276,1425.698664,1.78E-09,27
HDHD2,84064,gene/protein,0.164681971,1700.15072,3.50E-10,46
HDLBP,3069,gene/protein,0.179759812,8254.235294,3.58E-09,10
HE3286,DB05212,drug,0.161091255,74.21933058,0.0001449,32
head and neck cancer,5627,disease,1.26365724,0,0.00021063,31
heart failure,5252,disease,12.09222854,0,8.24E-05,51
HEATR1,55127,gene/protein,0.165541418,1907.967114,2.05E-09,57
HEATR5B,54497,gene/protein,0.154418274,161.1939838,4.47E-10,32
HEATR6,63897,gene/protein,0.158567376,1493.925684,1.82E-09,24
HECTD1,25831,gene/protein,0.163192387,2374.110802,2.56E-09,9
HECW1,23072,gene/protein,0.158028933,901.8517003,1.95E-09,12
HELLS,3070,gene/protein,0.15964438,1718.101007,1.99E-09,54
HELZ,9931,gene/protein,0.16141617,4794.750337,1.50E-09,23
HELZ2,85441,gene/protein,0.152587223,33.27508044,2.07E-10,13
Hematin,DB13387,drug,0.15,0,3.99E-71,54
Hemi-Babim,DB01767,drug,0.151629156,0,1.15E-11,39
Hemin,DB03404,drug,0.274438474,171.1487703,0.00119736,51
hemiparkinsonism-hemiatrophy syndrome,17636,disease,3.045176467,0,0.00049735,12
hemoglobinopathy,19050_4781_44348_44349,disease,21.91278214,2316.493038,0.0003173,19
hemophagocytic lymphohistiocytosis,11337_11336_13135_9974_12146_15541_15542_33557,disease,2.910723452,155.0496128,1.63E-05,21
hemophagocytic syndrome,15540,disease,2.726923696,0,1.63E-05,15
hemophilia,10604_10602_15720_15719_18660_15721_15715_15716_15717,disease,3.515570998,371.8799964,5.01E-05,39
hemorrhoid,4872_4873,disease,0.343866703,0,8.62E-05,43
hemosiderosis,1436,disease,5.802326277,32.63466617,1.53E-05,50
Heparin,DB01109,drug,1.454421582,52021.66876,0.014485705,52
Heparin Disaccharide Iii-S,DB02353,drug,0.15053062,0,1.76E-11,49
Heparin Disaccharide I-S,DB02322,drug,0.15053062,0,1.76E-11,46
"Heparin, bovine",DB15404,drug,0.15,0,3.99E-71,38
hepatic coma,1548,disease,2.989736812,0,3.37E-05,9
hepatic encephalopathy,1711,disease,2.989736812,0,3.37E-05,39
hepatic porphyria,2520_19800,disease,1.053296977,159.7839402,1.88E-05,36
hepatic veno-occlusive disease,19514,disease,4.382199987,24.57349315,9.16E-06,13
hepatic veno-occlusive disease-immunodeficiency syndrome,9338,disease,4.320192941,1.183924389,9.15E-06,21
hepatitis,2251,disease,22.70618658,4249.399491,7.93E-05,37
Hepatitis A Vaccine,DB10989,drug,0.541703096,129.3863876,0.00358552,44
Hepatitis B Vaccine (Recombinant),DB11627,drug,0.541703096,129.3863876,0.00358552,44
hepatitis C virus infection,5231,disease,2.739301363,302.9453424,0.00023173,57
hepatocellular carcinoma,7256_18902_16216_3243,disease,52.39761302,727.665253,8.50E-05,5
Heptabarbital,DB01354,drug,1.181967737,1947.96201,0.017377972,7
Heptaethylene glycol,DB03394,drug,0.346113887,501.6049149,0.00017532,2
"Heptane-1,2,3-Triol",DB04079,drug,0.150973963,0,1.47E-11,54
Heptanoic acid,DB02938,drug,0.153700167,0,2.66E-13,43
Heptulose-2-Phosphate,DB04195,drug,0.151371395,0,9.97E-12,19
Heptyl 1-Thiohexopyranoside,DB04450,drug,0.150973963,0,1.47E-11,10
Heptyl glucoside,DB03338,drug,0.150914297,0,1.55E-10,46
HERC5,51191,gene/protein,0.180478541,4153.042992,3.95E-09,40
hereditary angioedema,12526_15053_19623_15054,disease,6.357777139,140.5754627,0.00022685,39
hereditary angioedema with C1Inh deficiency,33946,disease,3.025906012,0,1.95E-05,22
hereditary breast carcinoma,16419,disease,22.97646012,0.08333333,5.88E-06,53
hereditary breast ovarian cancer syndrome,3582,disease,39.6421198,429.7499944,0.00035091,10
hereditary hemochromatosis,6507,disease,3.144930868,80.60669689,2.38E-05,32
hereditary hypophosphatemic rickets,10619_10358_20720,disease,0.218925605,0,8.07E-06,19
hereditary late onset Parkinson disease,18466,disease,12.52608564,564.902397,0.00049792,39
hereditary persistence of fetal hemoglobin,20989,disease,4.453894151,7.054731848,5.43E-05,55
hereditary site-specific ovarian cancer syndrome,16249,disease,16.71279915,0,0.00034548,27
HERPUD1,9709,gene/protein,0.165791204,3587.585144,2.68E-09,5
HES1,3280,gene/protein,0.176905186,10714.89017,4.51E-09,43
HES2,54626,gene/protein,0.150767955,0,4.21E-10,36
HES5,388585,gene/protein,0.150771184,0,3.31E-10,29
HES6,55502,gene/protein,0.154941744,129.3262798,1.01E-09,15
Hesperetin,DB01094,drug,0.682146806,2322.139874,0.00717477,48
Hesperidin,DB04703,drug,0.150561454,0,7.74E-11,49
Hetacillin,DB00739,drug,0.373732545,75.48733461,0.00232483,2
Hexachlorophene,DB00756,drug,0.15182214,0,3.25E-10,46
Hexadecanal,DB03381,drug,0.152294011,0,2.78E-11,51
Hexadecanesulfonyl fluoride,DB02035,drug,0.151358489,0,1.40E-11,24
Hexafluronium,DB00941,drug,1.329893703,3136.763134,0.01918602,58
Hexamethonium,DB08960,drug,1.858302121,14367.19686,0.026716692,28
Hexaminolevulinate,DB06261,drug,0.200754996,8.619451579,2.43E-05,0
"Hexane-1,6-Diol",DB02210,drug,0.154653061,0,2.98E-10,40
Hexanoyl-CoA,DB02563,drug,0.150712225,0,1.78E-11,9
Hexapropymate,DB13662,drug,0.99594897,8.481282091,0.015775779,28
Hexatantalum Dodecabromide,DB04119,drug,0.15095578,0,1.06E-10,39
HEXB,3074,gene/protein,0.155176145,17084.37608,4.09E-10,39
Hexestrol,DB07931,drug,1.078001578,27276.06963,0.00422412,42
Hexetidine,DB08958,drug,0.173128295,0,0.00028569,59
HEXIM1,10614,gene/protein,0.209030628,4633.750609,3.86E-09,38
Hexobarbital,DB01355,drug,1.949156463,14551.99907,0.026704775,7
Hexobendine,DB13265,drug,0.155031785,0,3.81E-05,0
Hexocyclium,DB06787,drug,1.293230819,2174.503272,0.018986486,25
Hexoprenaline,DB08957,drug,1.02941249,611.3387777,0.016149609,58
Hexylcaine,DB00473,drug,0.154248325,0,1.42E-11,34
Hexylresorcinol,DB11254,drug,0.151849989,0,1.11E-10,41
HEY2,23493,gene/protein,0.169446727,1359.28479,1.46E-09,14
HFE,3077,gene/protein,0.15362792,396.0762394,8.98E-10,30
HFM1,164045,gene/protein,0.153380965,143.3151017,3.11E-10,38
"Hg9a-9, Nonanoyl-N-Hydroxyethylglucamide",DB01970,drug,0.150608119,0,4.85E-11,41
HGF,3082,gene/protein,0.182212507,39190.36835,7.82E-09,4
HGS,9146,gene/protein,0.306077726,82842.22011,1.28E-08,56
HGS-TR2J,DB05895,drug,0.150536603,0,4.11E-11,41
HHEX,3087,gene/protein,0.19019702,21772.28541,1.51E-09,31
HIBADH,11112,gene/protein,0.178843426,9460.577171,1.92E-09,12
HIC1,3090,gene/protein,0.159415939,305.1268531,1.83E-09,50
HIF1A,3091,gene/protein,0.290905986,194678.174,2.45E-08,1
HIF1AN,55662,gene/protein,0.178871816,15045.68856,2.80E-09,36
HIGD2A,192286,gene/protein,0.152564975,13.82824433,5.82E-10,4
Higenamine,DB12779,drug,0.93355029,239.7048095,0.015008717,7
HINT1,3094,gene/protein,0.159591513,17785.46932,2.66E-09,30
HIPK1,204851,gene/protein,0.173909953,6640.881149,6.00E-09,34
HIPK2,28996,gene/protein,0.182250263,7479.159055,7.14E-09,41
HIPK3,10114,gene/protein,0.163771461,1367.769014,2.70E-09,54
HIPK4,147746,gene/protein,0.159479148,386.9242173,1.69E-09,10
HIRA,7290,gene/protein,0.172192182,1703.686795,4.89E-09,19
Histamine,DB05381,drug,0.296874101,425.5149254,0.00197749,48
Histapyrrodine,DB13479,drug,0.162007157,0.01159737,0.00015771,59
Histidine,DB00117,drug,0.160009012,0,9.22E-12,34
Histrelin,DB06788,drug,0.726000169,1534.650332,0.00849311,50
HIV infectious disease,5109,disease,2.197945557,0,0.00042447,8
HIVEP1,3096,gene/protein,0.183690974,9270.97785,4.49E-09,20
HK1,3098,gene/protein,0.1741563,30136.79798,3.00E-09,29
HK2,3099,gene/protein,0.160460878,1517.5775,1.99E-09,31
HK3,3101,gene/protein,0.165170468,1281.112132,2.44E-10,33
HLA-A,3105,gene/protein,0.197649252,58362.58288,3.83E-09,29
HLA-B,3106,gene/protein,0.182738345,20211.86236,2.76E-09,39
HLA-C,3107,gene/protein,0.170252821,7224.704456,1.87E-09,1
HLA-DMA,3108,gene/protein,0.1661655,1696.618369,3.51E-10,8
HLA-DQA1,3117,gene/protein,0.166604698,8145.53946,1.46E-09,35
HLA-DQB1,3119,gene/protein,0.15241286,171.1118909,9.36E-11,4
HLA-DRA,3122,gene/protein,0.173323103,14836.51789,1.97E-09,30
HLA-DRB1,3123,gene/protein,0.169440837,18607.92883,1.81E-09,30
HLCS,3141,gene/protein,0.196975051,16432.43446,5.94E-09,33
HLF,3131,gene/protein,0.159776581,298.2308073,8.97E-10,4
HM13,81502,gene/protein,0.158110535,1670.225952,1.32E-09,53
HM-30181,DB14070,drug,0.150201042,0,1.55E-11,21
HMGA1,3159,gene/protein,0.206099739,32933.39689,8.36E-09,1
HMGA2,8091,gene/protein,0.158850973,332.6182765,1.29E-09,20
HMGB1,3146,gene/protein,0.185282463,26449.29815,6.14E-09,49
HMGB3,3149,gene/protein,0.157128414,12639.53921,1.33E-09,54
HMGCL,3155,gene/protein,0.154487309,5508.499232,2.21E-10,40
HMGCR,3156,gene/protein,0.161287487,23093.39881,1.44E-09,33
HMGCS1,3157,gene/protein,0.173117147,8207.309117,2.19E-09,39
HMGN1,3150,gene/protein,0.168705482,3105.55702,2.68E-09,12
HMGN2,3151,gene/protein,0.171712272,4014.96957,2.51E-09,15
HMGN3,9324,gene/protein,0.192539643,4170.31687,4.99E-09,24
HMOX1,3162,gene/protein,0.178400595,48883.60822,2.19E-09,1
HMOX2,3163,gene/protein,0.19706205,22718.76815,2.83E-09,24
HNF1A,6927,gene/protein,0.178860241,15463.23618,4.41E-09,33
HNF4A,3172,gene/protein,0.428167436,352092.3013,1.22E-08,4
HNF4G,3174,gene/protein,0.261442272,37893.1849,4.67E-09,5
HNMT,3176,gene/protein,0.158648771,11659.89227,1.42E-09,20
HNRNPA0,10949,gene/protein,0.179488121,1513.614608,4.52E-09,4
HNRNPA1,3178,gene/protein,0.26828179,55392.75802,1.31E-08,46
HNRNPA1L2,144983,gene/protein,0.165719801,2112.731316,2.16E-09,36
HNRNPA1P10,664709,gene/protein,0.160648523,111.7629116,2.70E-09,22
HNRNPA2B1,3181,gene/protein,0.195975043,11363.988,7.80E-09,24
HNRNPAB,3182,gene/protein,0.173857584,2180.038481,3.57E-09,50
HNRNPC,3183,gene/protein,0.228478236,69122.80378,8.79E-09,41
HNRNPD,3184,gene/protein,0.248115273,60913.58257,9.97E-09,53
HNRNPDL,9987,gene/protein,0.190503586,5856.336661,4.04E-09,11
HNRNPF,3185,gene/protein,0.208716977,15542.8511,6.57E-09,34
HNRNPH1,3187,gene/protein,0.200744237,9834.637766,5.35E-09,27
HNRNPH3,3189,gene/protein,0.181649158,11354.56354,4.83E-09,57
HNRNPK,3190,gene/protein,0.254622581,52240.89831,1.44E-08,8
HNRNPL,3191,gene/protein,0.180355767,5118.167353,4.77E-09,43
HNRNPR,10236,gene/protein,0.204591717,9506.592145,5.93E-09,46
HNRNPU,3192,gene/protein,0.315780469,97275.06174,1.26E-08,8
Hodgkins lymphoma,4952,disease,12.74915882,389.544247,0.00036417,53
Hodgkin's paragranuloma,4626,disease,4.460071846,0,0.00036351,47
Holcus lanatus pollen,DB10395,drug,0.230677681,1.572961101,0.00134362,2
Homatropine,DB11181,drug,0.427942572,2637.682235,0.00442976,52
Homatropine methylbromide,DB00725,drug,1.290187979,2798.814767,0.01894996,38
HOMER3,9454,gene/protein,0.183280013,5369.886236,2.39E-09,15
HOMEZ,57594,gene/protein,0.191852907,7128.207797,3.71E-09,9
HOMOPHENYLALANINYLMETHANE,DB07913,drug,0.153846608,0,1.17E-12,54
Homosalate,DB11064,drug,0.151149219,0,7.70E-10,50
Homoserine Lactone,DB02624,drug,0.150523208,0,4.06E-11,22
HOXA1,3198,gene/protein,0.360057764,47478.2256,4.14E-09,38
HOXA5,3202,gene/protein,0.166873147,2305.407574,1.16E-09,10
HOXB5,3215,gene/protein,0.184604253,5910.59758,2.84E-09,24
HOXC6,3223,gene/protein,0.154202034,104.9144567,8.30E-10,39
HOXC8,3224,gene/protein,0.195868447,10338.63625,3.42E-09,39
HP,3240,gene/protein,0.16511365,2768.443199,1.34E-09,14
HPCA,3208,gene/protein,0.157997254,828.1778715,5.83E-10,5
HPCAL1,3241,gene/protein,0.171062886,5976.645457,1.37E-09,1
HPD,3242,gene/protein,0.156224637,10984.72447,1.22E-09,41
HPGDS,27306,gene/protein,0.152910712,39011.01879,1.44E-10,1
HPN,3249,gene/protein,0.155668428,9055.628178,1.72E-10,15
HPRT1,3251,gene/protein,0.157054232,11360.5707,1.18E-09,46
HRAS,3265,gene/protein,0.213645789,37702.70833,1.19E-08,35
HRH1,3269,gene/protein,0.16133873,62049.09403,9.18E-10,33
HRH2,3274,gene/protein,0.150359448,11710.5607,2.01E-10,35
HRNR,388697,gene/protein,0.154752315,982.2843914,7.04E-10,53
HS3ST1,9957,gene/protein,0.151121856,623.4772586,2.83E-10,4
HSCB,150274,gene/protein,0.171409089,1217.783839,9.33E-10,27
HSD11B1,3290,gene/protein,0.150504206,70567.1273,1.66E-11,30
HSD11B2,3291,gene/protein,0.151425353,910.5473405,3.70E-10,55
HSD17B1,3292,gene/protein,0.150521371,10798.22389,1.47E-11,35
HSD17B10,3028,gene/protein,0.261860145,51684.09714,7.35E-09,29
HSD17B11,51170,gene/protein,0.172642045,7906.960659,1.21E-09,30
HSD17B12,51144,gene/protein,0.156821774,226.692613,1.53E-09,21
HSD17B13,345275,gene/protein,0.189117421,2927.572447,4.89E-10,11
HSD17B14,51171,gene/protein,0.172163534,2736.809348,5.94E-10,9
HSD17B2,3294,gene/protein,0.152081052,2678.670688,3.92E-10,20
HSD17B4,3295,gene/protein,0.165612215,8227.61416,2.00E-09,36
HSD3B2,3284,gene/protein,0.159156046,6983.74498,3.85E-10,29
HSF1,3297,gene/protein,0.231522313,39839.7134,1.00E-08,24
HSF2BP,11077,gene/protein,0.24041402,26592.1352,3.91E-09,46
HSFY1,86614,gene/protein,0.160004853,297.8078671,9.11E-10,10
HSP90AA1,3320,gene/protein,0.330522598,381972.7468,2.32E-08,14
HSP90AB1,3326,gene/protein,0.368082751,248240.4617,2.60E-08,38
HSP90AB3P,3327,gene/protein,0.163488275,608.0879385,1.90E-09,38
HSP90B1,7184,gene/protein,0.207262135,49504.50621,6.04E-09,8
HSPA12A,259217,gene/protein,0.159802423,459.8916207,2.03E-10,14
HSPA13,6782,gene/protein,0.15892492,1048.087465,4.38E-10,53
HSPA14,51182,gene/protein,0.161442685,1906.59051,1.39E-09,55
HSPA1A,3303,gene/protein,0.1983785,17853.18586,7.71E-09,14
HSPA1B,3304,gene/protein,0.23403563,45945.59569,1.38E-08,20
HSPA4,3308,gene/protein,0.235165622,31376.39392,1.27E-08,21
HSPA5,3309,gene/protein,0.308824775,234833.6957,1.43E-08,1
HSPA6,3310,gene/protein,0.173335027,7149.965067,3.75E-09,46
HSPA8,3312,gene/protein,0.313687811,208587.3814,1.82E-08,29
HSPA9,3313,gene/protein,0.188803936,16466.6084,5.63E-09,1
HSPB1,3315,gene/protein,0.267235558,87642.4134,1.24E-08,56
HSPB2,3316,gene/protein,0.206969117,24772.96884,3.38E-09,20
HSPB6,126393,gene/protein,0.155620505,67.59040326,8.70E-10,39
HSPB8,26353,gene/protein,0.16975185,3637.359445,1.33E-09,56
HSPD1,3329,gene/protein,0.263182449,221319.9395,1.02E-08,30
HSPE1,3336,gene/protein,0.172661735,9271.33739,3.65E-09,12
HSPG2,3339,gene/protein,0.174432613,7909.366957,1.57E-09,33
HTATIP2,10553,gene/protein,0.167451853,3870.941665,1.08E-09,23
HTR1A,3350,gene/protein,0.15833018,37874.73071,3.20E-10,30
HTR1B,3351,gene/protein,0.155742345,16850.26987,3.98E-10,33
HTR1D,3352,gene/protein,0.152197347,156.6816474,3.93E-11,30
HTR2A,3356,gene/protein,0.162231729,41185.75421,1.34E-09,35
HTR2B,3357,gene/protein,0.160767973,17797.3697,2.32E-10,30
HTR2C,3358,gene/protein,0.186424473,74113.31534,1.02E-09,35
HTR3A,3359,gene/protein,0.1899821,63645.71379,6.56E-10,35
HTR4,3360,gene/protein,0.15525233,21048.7748,1.51E-10,33
HTR6,3362,gene/protein,0.165543215,37776.42325,6.31E-10,15
HTR7,3363,gene/protein,0.152742186,11347.14891,1.40E-10,29
HTRA1,5654,gene/protein,0.161659692,1204.971436,5.90E-10,56
HTRA2,27429,gene/protein,0.16789873,2745.719384,3.35E-09,14
HTT,3064,gene/protein,0.258898288,60167.23814,1.24E-08,9
Human adenovirus e serotype 4 strain cl-68578 antigen,DB14409,drug,0.803685825,10169.27518,0.00443484,44
Human C1-esterase inhibitor,DB06404,drug,0.215679159,569.8537799,0.00033467,18
Human calcitonin,DB06773,drug,0.175848605,5046.450979,0.00015888,0
Human cytomegalovirus immune globulin,DB13886,drug,0.775447143,2.711075215,0.00104473,42
Human immunoglobulin G,DB00028,drug,0.784386983,7220.709468,0.00104514,42
Human interferon beta,DB14999,drug,0.203702026,64.62446082,0.00044115,59
Human interleukin-2,DB14865,drug,0.191246377,0.019387545,2.71E-05,17
Human rabies virus immune globulin,DB11603,drug,0.542895201,132.4464885,0.0036127,44
Human thrombin,DB11571,drug,0.163876611,0,5.91E-11,38
Human Varicella-Zoster Immune Globulin,DB11621,drug,0.775447143,2.711075215,0.00104473,25
humanized SMART Anti-IL-12 Antibody,DB05848,drug,0.153314119,0,2.01E-11,50
humoral hypercalcemia of malignancy,43455,disease,4.345733413,3.875139582,0.00018356,21
Huperzine A,DB04864,drug,0.504810649,294.7943528,0.00576599,17
Huperzine B,DB03348,drug,0.150619892,0,6.53E-12,57
Hurler syndrome,11758,disease,1.669138909,0,3.23E-10,31
Hurler-Scheie syndrome,11759,disease,1.669138909,0,3.23E-10,43
HUS1,3364,gene/protein,0.164567039,2987.254824,2.61E-09,31
HUWE1,10075,gene/protein,0.200480492,13243.81176,6.76E-09,19
HVCN1,84329,gene/protein,0.152187131,71.79071749,1.42E-10,39
HY10275,DB05079,drug,0.15091773,0,1.78E-11,22
Hyaluronic acid,DB08818,drug,0.154116695,0,1.49E-10,34
Hyaluronidase,DB14740,drug,0.760345265,42179.50645,0.00317522,2
Hyaluronidase (human recombinant),DB06205,drug,0.760345265,42179.50645,0.00317522,52
Hyaluronidase (ovine),DB00070,drug,0.760562193,44995.59122,0.00317522,16
Hycanthone,DB14061,drug,0.150402083,0,3.11E-11,43
Hydracarbazine,DB09243,drug,1.815199711,6212.883102,0.027339627,28
Hydralazine,DB01275,drug,1.692255258,22711.17107,0.02606666,16
Hydrochlorothiazide,DB00999,drug,2.696482099,50296.59017,0.03347421,28
Hydrocodone,DB00956,drug,1.502053891,6726.56885,0.02185973,16
Hydrocortamate,DB00769,drug,0.444666221,1056.978597,0.00399159,2
Hydrocortisone,DB00741,drug,1.809090672,48573.70364,0.018500879,17
Hydrocortisone aceponate,DB14538,drug,0.3433872,1076.472787,0.00225158,26
Hydrocortisone acetate,DB14539,drug,1.690882776,32855.45717,0.017527484,17
Hydrocortisone butyrate,DB14540,drug,1.735311099,22096.3366,0.01782072,44
Hydrocortisone cypionate,DB14541,drug,1.290895756,13715.22201,0.01337554,17
Hydrocortisone phosphate,DB14542,drug,0.613942014,2774.229756,0.00689,56
Hydrocortisone probutate,DB14543,drug,0.3433872,1076.472787,0.00225158,48
Hydrocortisone succinate,DB14545,drug,1.561513183,9367.039438,0.015452032,44
Hydrocortisone valerate,DB14544,drug,0.3433872,1076.472787,0.00225158,0
Hydroflumethiazide,DB00774,drug,2.297663629,33999.50122,0.029908321,7
Hydrogen peroxide,DB11091,drug,0.299802058,1165.99406,0.00013381,48
Hydrolyzed Cephalothin,DB02247,drug,0.994067928,64.52955969,0.015317243,7
Hydromorphone,DB00327,drug,2.130813516,18445.82344,0.031980893,28
Hydroquinidine,DB15300,drug,0.344768087,1.056834342,0.00295521,16
Hydroquinine,DB13718,drug,0.343335496,0.048427837,0.00294726,16
Hydroquinone,DB09526,drug,0.151066471,0,2.87E-11,46
Hydrotalcite,DB13322,drug,0.779822437,4351.480873,0.00592988,17
Hydroxocobalamin,DB00200,drug,1.043132008,8495.9761,0.01632595,2
"Hydroxy(oxo)(2-{(1S)-2,2,2-trifluoro-1-[2-(trimethylarsonio)ethoxy]ethyl}phenyl)ammonium",DB07555,drug,0.150619892,0,6.53E-12,31
"HYDROXY(OXO)(3-{[(2Z)-4-[3-(1H-1,2,4-TRIAZOL-1-YLMETHYL)PHENYL]PYRIMIDIN-2(5H)-YLIDENE]AMINO}PHENYL)AMMONIUM",DB08218,drug,0.150398889,0,1.68E-10,11
Hydroxyaminovaline,DB02697,drug,0.151264344,0,1.62E-11,11
Hydroxyamphetamine,DB09352,drug,0.213297324,4.723476407,0.00067736,18
Hydroxychloroquine,DB01611,drug,1.716783766,25424.75504,0.019961708,17
Hydroxyethyl Starch,DB09106,drug,1.040599918,23.20628909,0.01632595,7
Hydroxyethylpromethazine,DB13840,drug,0.162007157,0.01159737,0.00015771,18
Hydroxyfasudil,DB04707,drug,0.298199313,6169.018899,0.00167559,48
Hydroxy-Phenyl-Acetic Acid 8-Methyl-8-Aza-Bicyclo[3.2.1]Oct-3-Yl Ester,DB02161,drug,0.151320538,0,2.43E-12,49
Hydroxyprogesterone,DB14570,drug,0.323187145,122.3036069,0.00145346,2
Hydroxyprogesterone caproate,DB06789,drug,1.141414176,7763.88355,0.01110419,2
Hydroxyproline,DB08847,drug,0.1511054,0,1.30E-11,22
Hydroxytyrosol,DB12771,drug,0.698622802,291.6408429,0.00750624,17
Hydroxyurea,DB01005,drug,1.135651466,17557.89407,0.01159047,54
Hydroxyzine,DB00557,drug,1.728002972,11246.63787,0.02410011,28
Hygromycin B,DB11520,drug,1.234375265,3336.344532,0.016800341,58
Hymecromone,DB07118,drug,0.168410327,0.06517644,0.00027621,18
Hymenialdisine,DB02950,drug,0.15130016,0,4.26E-10,50
Hyodeoxycholic Acid,DB11789,drug,0.430194831,655.823222,0.00217566,52
Hyoscyamine,DB00424,drug,1.68108838,11156.30016,0.023374458,34
hypercalcemia disease,1566,disease,4.859010245,2627.449636,0.00023993,11
Hyperforin,DB01892,drug,0.233170544,152.414522,0.00072937,18
Hypericin,DB13014,drug,1.519115739,30656.38338,0.019531242,7
hyperinsulinism (disease),2177,disease,2.891803301,0,0.00020312,12
hyperlipidemia,21187_11237_11470,disease,4.452682019,319.9603435,0.00015438,50
"hyperlipidemia, familial combined, LPL related",7759,disease,2.369534587,37.02814368,0.00017926,57
hyperlipoproteinemia,14412_7761_7762_18473_37748,disease,6.50703041,10658.65947,5.22E-05,11
hyperparathyroidism,24570_7767_6964_1530_1741_10837_16166_12406_21132,disease,0.612986246,0,1.72E-06,5
hyperphosphatemia (disease),328,disease,2.021103815,2.688682309,1.53E-06,11
hypertension,1200_1134_15512_5080_100078,disease,8.911841218,603.5060933,0.00232647,9
hypertensive disorder,5044,disease,11.53815048,6499.621746,0.00232683,41
hyperthyroidism,4425,disease,0.5652415,0,0.00018554,51
hypoalphalipoproteinemia,11393_17773_32766,disease,0.211981458,0,0.00010752,36
hypochromic anemia,1357_387,disease,7.502676565,171.2274433,4.87E-05,27
hypophosphatemia (disease),313,disease,2.51730507,161.223376,4.65E-05,27
hypotensive disorder,5468,disease,6.918592263,546.1248692,0.00017046,6
Hypoxanthine,DB04076,drug,0.912436619,2584.847433,0.010664706,59
Hypromellose,DB11075,drug,0.152357551,0,2.11E-12,8
HZT-501,DB05369,drug,0.150798784,0,1.58E-12,43
IARS1,3376,gene/protein,0.180250514,5100.811553,3.18E-09,30
IARS2,55699,gene/protein,0.165923561,2176.949374,1.87E-09,29
Ibalizumab,DB12698,drug,0.800468597,8884.019544,0.00109905,42
Ibandronate,DB00710,drug,1.330181743,33692.37395,0.013342427,16
Ibipinabant,DB12649,drug,1.10886025,290.6689364,0.017414999,7
Ibopamine,DB13316,drug,0.156128436,4.663865534,0.00011095,39
Ibritumomab tiuxetan,DB00078,drug,1.357322156,16384.93946,0.00643176,19
Ibrutinib,DB09053,drug,1.876935341,46094.3522,0.016904471,17
Ibudilast,DB05266,drug,1.080178381,7404.0349,0.013544398,52
Ibuprofen,DB01050,drug,2.264189809,48386.14263,0.030681773,7
Ibuproxam,DB08955,drug,1.882766518,6180.823484,0.027066228,44
Ibutilide,DB00308,drug,1.49652562,8242.215623,0.02231589,52
IC261,DB03083,drug,0.150679694,0,2.90E-11,8
ICA1,3382,gene/protein,0.152053919,14.53619834,4.30E-10,47
ICA-105665,DB06089,drug,0.181988507,0,2.39E-11,10
ICAM1,3383,gene/protein,0.187807794,17906.19926,3.03E-09,1
ICAM2,3384,gene/protein,0.156414141,423.694898,9.60E-10,55
ICAM3,3385,gene/protein,0.160121132,1584.774152,6.91E-10,9
ICAM4,3386,gene/protein,0.156143341,403.3583563,9.03E-10,34
Icaridin,DB14074,drug,0.151497276,0,1.50E-05,59
Icatibant,DB06196,drug,1.114835414,8498.180405,0.017028242,52
ICI-164384,DB03860,drug,0.150430163,0,1.30E-10,41
Iclaprim,DB06358,drug,0.200988132,22.22104879,4.68E-05,2
iCo-007,DB05268,drug,0.150415377,0,1.18E-10,53
Icodextrin,DB00702,drug,0.152083918,0,9.07E-13,34
Icosapent,DB00159,drug,1.89309937,27723.40138,0.027028461,7
Icosapent ethyl,DB08887,drug,0.697047764,273.3929291,0.00750104,58
Icotinib,DB11737,drug,0.578312634,3166.546409,0.00543699,48
Icrucumab,DB14824,drug,0.775447143,2.711075215,0.00104473,25
ID1,3397,gene/protein,0.186397709,8658.110812,5.98E-09,24
ID2,3398,gene/protein,0.18732367,8275.006912,5.05E-09,24
ID3,3399,gene/protein,0.1729262,4540.551308,3.06E-09,51
Idalopirdine,DB11957,drug,1.016792965,167.9635941,0.016020052,28
Idarubicin,DB01177,drug,1.489940557,9946.082582,0.016675068,58
Idarucizumab,DB09264,drug,1.654545774,42583.35231,0.017105393,25
Idazoxan,DB12551,drug,0.785677235,42.29317114,0.01227742,7
IDD552,DB02834,drug,0.152372549,0,6.88E-12,55
IDD594,DB08084,drug,0.152372549,0,6.88E-12,49
IDDM 1,9100,disease,14.05882514,0,4.62E-05,46
IDE,3416,gene/protein,0.164582892,10311.70644,3.28E-09,6
Idebenone,DB09081,drug,1.040601547,4273.21468,0.01632595,41
Idelalisib,DB09054,drug,1.446779027,10818.22414,0.01309536,16
IDH3A,3419,gene/protein,0.158065905,1578.334514,1.22E-09,14
IDI1,3422,gene/protein,0.157178206,3066.37308,1.70E-09,21
Idraparinux,DB06406,drug,1.087116506,3338.937249,0.00983006,16
Idronoxil,DB04915,drug,0.152401852,0,3.13E-12,5
Idursulfase,DB01271,drug,0.150868998,0.576028139,1.58E-11,49
IER3,8870,gene/protein,0.167813373,3080.887356,3.34E-09,34
Ifenprodil,DB08954,drug,1.642628043,12451.2458,0.024927801,7
Iferanserin,DB11686,drug,1.016792965,167.9635941,0.016020052,28
Ifetroban,DB12321,drug,0.698622802,291.6408429,0.00750624,58
IFNA2,3440,gene/protein,0.154725275,1079.328674,9.95E-10,40
IFNAR1,3454,gene/protein,0.164782702,13301.48568,4.22E-09,35
IFNAR2,3455,gene/protein,0.167268914,7944.077333,6.89E-09,19
IFNG,3458,gene/protein,0.168151956,12376.98608,7.62E-09,35
IFNGR1,3459,gene/protein,0.16641461,4918.863945,3.51E-09,10
IFNGR2,3460,gene/protein,0.170617984,6450.378838,2.32E-09,19
Ifosfamide,DB01181,drug,2.416592834,29227.46456,0.02819783,58
IFT122,55764,gene/protein,0.160781961,1470.456407,2.75E-09,19
IFT20,90410,gene/protein,0.18209539,6089.143291,1.69E-09,13
IFT74,80173,gene/protein,0.168785834,1037.982646,4.22E-10,21
IFT81,28981,gene/protein,0.16893264,415.5933935,2.49E-10,21
IGF1,3479,gene/protein,0.173769029,8652.243045,3.06E-09,29
IGF1R,3480,gene/protein,0.213220186,145892.6791,1.47E-08,4
IGF2,3481,gene/protein,0.177531602,5208.006435,7.02E-09,34
IGF2BP2,10644,gene/protein,0.155107353,368.1173143,1.88E-09,14
IGF2R,3482,gene/protein,0.171636603,14397.8792,8.11E-09,15
IGFBP1,3484,gene/protein,0.17640307,12051.34112,7.89E-09,47
IGFBP3,3486,gene/protein,0.1680913,18928.37171,2.91E-09,10
IGFBP5,3488,gene/protein,0.213136561,39441.03632,7.65E-10,4
IGFBP6,3489,gene/protein,0.16984877,5450.887464,5.84E-10,30
IGFBP7,3490,gene/protein,0.155936985,595.5399956,4.68E-10,33
IgG4-related pachymeningitis,18673,disease,0.184464434,0,3.13E-05,54
IgG4-related sclerosing cholangitis,18645,disease,4.80360611,0,0.00022254,47
IGHA1,3493,gene/protein,0.163593316,2634.636053,5.21E-10,57
IGHA2,3494,gene/protein,0.159990611,5782.799679,1.09E-10,8
IGHG1,3500,gene/protein,0.175066758,112316.9228,9.58E-10,49
IGHG2,3501,gene/protein,0.166262448,33956.21428,3.44E-10,19
IGHG3,3502,gene/protein,0.153191641,9.341305136,3.62E-11,14
IGHG4,3503,gene/protein,0.153956103,206.8531889,2.15E-10,34
IGHV1-2,28474,gene/protein,0.150821943,5442.890907,6.61E-12,20
IGKC,3514,gene/protein,0.164962876,63301.01622,8.72E-10,20
IGLV7-43,28776,gene/protein,0.150821943,5383,6.61E-12,56
IGN311,DB04988,drug,0.776240226,13417.35014,0.00104473,42
IGSF21,84966,gene/protein,0.164534537,1217.618501,7.96E-10,51
Iguratimod,DB12233,drug,0.15,0,3.99E-71,49
IKBKB,3551,gene/protein,0.241420008,176826.5878,1.39E-08,23
IKBKE,9641,gene/protein,0.186363677,6400.533652,7.79E-09,15
IKBKG,8517,gene/protein,0.52805841,376946.0763,1.74E-08,55
IL10,3586,gene/protein,0.17285377,8819.932041,8.58E-09,20
IL11RA,3590,gene/protein,0.151992051,5418.155189,8.74E-10,4
IL12B,3593,gene/protein,0.163756489,19043.3533,2.53E-09,1
IL12RB1,3594,gene/protein,0.169590512,1650.792567,3.02E-09,32
IL12RB2,3595,gene/protein,0.154153031,11.24621597,2.15E-10,43
IL13,3596,gene/protein,0.168559877,9300.010641,7.39E-09,9
IL13RA1,3597,gene/protein,0.154534619,82.32001323,1.82E-09,34
IL13RA2,3598,gene/protein,0.182719511,12422.77319,2.51E-09,8
IL16,3603,gene/protein,0.195528208,9557.611595,3.11E-09,45
IL17A,3605,gene/protein,0.153688443,567.3072116,6.24E-10,14
IL17REL,400935,gene/protein,0.150615768,0,3.61E-10,8
IL18BP,10068,gene/protein,0.151436366,2.642419633,4.13E-10,50
IL1A,3552,gene/protein,0.168434302,2715.992534,6.69E-09,22
IL1B,3553,gene/protein,0.173935726,38248.38545,8.24E-09,23
IL1R1,3554,gene/protein,0.175052111,11173.72649,7.29E-09,33
IL1R2,7850,gene/protein,0.168378277,2070.89717,7.48E-10,33
IL1RAP,3556,gene/protein,0.173201759,5165.76312,7.82E-09,56
IL1RN,3557,gene/protein,0.157506506,1879.721191,7.35E-10,14
IL2,3558,gene/protein,0.186886516,63311.59425,8.45E-09,33
IL20RB,53833,gene/protein,0.155601902,1186.675952,8.21E-10,21
IL21,59067,gene/protein,0.154984112,109.4360461,1.16E-09,19
IL23A,51561,gene/protein,0.168307103,7383.330482,5.30E-09,1
IL23R,149233,gene/protein,0.158731216,194.0160014,8.47E-10,33
IL24,11009,gene/protein,0.164417239,2051.553718,4.37E-09,11
IL2RA,3559,gene/protein,0.159119732,6014.052852,1.54E-09,4
IL2RB,3560,gene/protein,0.164103336,7561.024394,4.07E-09,57
IL2RG,3561,gene/protein,0.173297481,14973.13978,7.82E-09,9
IL3,3562,gene/protein,0.156535711,1637.677073,1.64E-09,19
IL31RA,133396,gene/protein,0.182674576,3513.217997,1.11E-09,19
IL32,9235,gene/protein,0.158950126,471.882419,1.92E-09,54
IL3RA,3563,gene/protein,0.177815805,4190.817733,1.64E-09,15
IL4,3565,gene/protein,0.176555239,13627.54392,8.95E-09,10
IL4I1,259307,gene/protein,0.153343382,6532.266147,4.91E-10,20
IL4R,3566,gene/protein,0.171447016,9191.797341,4.23E-09,49
IL5,3567,gene/protein,0.158290351,3749.670637,1.98E-09,35
IL5RA,3568,gene/protein,0.162264594,1661.607785,5.73E-09,29
IL6,3569,gene/protein,0.162727099,14484.39761,4.04E-09,29
IL6R,3570,gene/protein,0.158664045,2988.063889,2.58E-09,30
IL6ST,3572,gene/protein,0.175387624,5080.219043,9.16E-09,56
IL7R,3575,gene/protein,0.226575853,49483.52813,1.29E-08,40
Ilaprazole,DB11964,drug,0.188525171,21.64981957,0.00036803,36
ILF2,3608,gene/protein,0.225675304,16370.04386,8.07E-09,4
ILF3,3609,gene/protein,0.27136381,98855.40805,1.07E-08,55
ILK,3611,gene/protein,0.205973163,13791.50345,6.40E-09,39
Ilomastat,DB02255,drug,0.154082881,0,7.75E-13,46
Iloperidone,DB04946,drug,2.406416718,20650.5485,0.03299424,28
Iloprost,DB01088,drug,1.513352488,26437.05461,0.0161624,16
Ilorasertib,DB11694,drug,0.191246377,0.019387545,2.71E-05,3
Imagabalin,DB12105,drug,0.993533662,5.146994375,0.015735013,28
Imatinib,DB00619,drug,2.235850652,66218.31323,0.02408634,16
IMC-1C11,DB06101,drug,0.77692797,5283.595839,0.00104473,42
Imexon,DB05003,drug,0.152067692,0,3.96E-11,46
Imidacloprid,DB11421,drug,0.15107316,0,2.98E-12,50
Imidafenacin,DB09262,drug,2.01762613,12466.99058,0.030691471,7
Imidapril,DB11783,drug,1.21162887,4206.914988,0.016754295,39
Imidazole,DB03366,drug,0.158151661,0,2.13E-10,38
Imidazole salicylate,DB13860,drug,1.882766518,6180.823484,0.027066228,58
IMIDAZOPYRIDAZIN 1,DB04715,drug,0.150455891,0,6.96E-11,19
Imiglucerase,DB00053,drug,0.15,0,3.99E-71,11
"Imino[2-(2-oxo-1,2-dihydro-3-pyridinyl)-1H-benzimidazol-5-yl]methanaminium",DB04442,drug,0.151169173,0,2.36E-12,32
Imino-Tryptophan,DB02988,drug,0.151316315,0,3.07E-12,47
Imipenem,DB01598,drug,0.457230787,3244.386431,0.00533047,26
Imipramine,DB00458,drug,3.14231218,67971.83727,0.040277942,28
Imipramine oxide,DB13782,drug,1.721829747,5335.81673,0.026128512,28
Imiquimod,DB00724,drug,0.168443339,2317.689513,0.00018021,3
Imlifidase,DB15258,drug,0.437085612,0.00518135,0.00043769,16
immature ovarian teratoma,18369,disease,18.82534189,0,0.00034548,50
IMMT,10989,gene/protein,0.201723978,13403.50536,4.69E-09,47
Immucillin-G,DB02230,drug,0.150792162,0,1.80E-11,53
IMO-2055,DB06181,drug,0.191246377,0.019387545,2.71E-05,0
Imolamine,DB09284,drug,0.155031785,0,3.81E-05,3
IMP3,55272,gene/protein,0.160723733,966.4320764,1.95E-09,9
IMPA1,3612,gene/protein,0.151425865,6684.024231,8.19E-10,35
IMPDH1,3614,gene/protein,0.167688929,24357.93262,1.78E-09,24
IMPDH2,3615,gene/protein,0.170276815,27294.14984,3.08E-09,22
Implitapide,DB04852,drug,0.157204333,0,1.39E-12,43
Imrecoxib,DB12354,drug,0.15,0,3.99E-71,38
INCA1,388324,gene/protein,0.251449975,34307.43676,2.96E-09,38
Incadronic acid,DB06255,drug,0.775383106,12994.38797,0.0052831,52
INCB13739,DB05064,drug,0.152097189,0,1.30E-13,27
INCB3284,DB05130,drug,0.15050752,0,1.14E-11,45
INCB7839,DB05033,drug,0.150842176,0,1.53E-11,10
INCB-9471,DB12960,drug,0.150640696,0,1.92E-11,39
Inclacumab,DB12246,drug,0.775447143,2.711075215,0.00104473,25
Inclisiran,DB14901,drug,0.151121544,0,1.61E-11,9
Indacaterol,DB05039,drug,1.629294708,8365.566987,0.02282853,7
Indalpine,DB08953,drug,1.749082688,6862.679455,0.025503356,28
indane-5-sulfonamide,DB08165,drug,0.150737685,0,2.16E-12,49
Indapamide,DB00808,drug,2.321963014,18744.86112,0.03252827,28
Indecainide,DB00192,drug,0.150880189,0,1.35E-11,50
Indeglitazar,DB07724,drug,0.151642144,0,4.41E-10,6
Indenolol,DB08952,drug,2.013481785,15105.63326,0.025768185,28
Indigotindisulfonic acid,DB11577,drug,1.046067263,3377.260223,0.01632595,16
Indinavir,DB00224,drug,1.084188213,6351.9574,0.010624347,59
Indiplon,DB12590,drug,0.997242352,12.1886518,0.015785157,28
Indirubin,DB12379,drug,0.192316376,410.1147609,2.71E-05,49
Indirubin-3'-monoxime,DB02052,drug,0.152157549,0,6.68E-10,49
Indirubin-5-sulphonate,DB02519,drug,0.151371395,0,9.97E-12,6
Indisulam,DB06370,drug,1.651005262,7749.370047,0.022847526,52
Indium In-111 satumomab pendetide,DB00057,drug,0.775447143,2.711075215,0.00104473,7
Indobufen,DB12545,drug,2.053825875,10570.01538,0.028263964,58
Indocyanine green acid form,DB09374,drug,0.277166061,3472.776122,0.00174521,53
Indole-3-carbinol,DB12881,drug,0.191246377,0.019387545,2.71E-05,52
Indoleacetic acid,DB07950,drug,0.16867782,0,7.14E-11,22
Indolepropionic acid,DB02758,drug,0.157997492,0,9.42E-13,49
Indomethacin,DB00328,drug,2.803875274,95527.0221,0.03305307,25
Indoprofen,DB08951,drug,1.882766518,6180.823484,0.027066228,58
Indoramin,DB08950,drug,0.988020202,622.794441,0.015294634,28
Indoxyl sulfate,DB07992,drug,0.150216928,0,1.72E-11,40
Indusatumab vedotin,DB12413,drug,0.775447143,2.711075215,0.00104473,42
Inebilizumab,DB12530,drug,1.118038919,11483.45258,0.00413213,44
Inecalcitol,DB04796,drug,0.37680114,614.2952889,0.00184061,3
infantile neuronal ceroid lipofuscinosis,8956_15674_19261,disease,7.188494947,0,1.03E-07,39
infectious meningitis,4796,disease,2.400873593,18.66207341,3.14E-05,15
Infigratinib,DB11886,drug,0.191246377,0.019387545,2.71E-05,2
Infliximab,DB00065,drug,2.071383954,73753.19417,0.018246704,42
influenza,5812,disease,0.94806319,0,3.73E-05,55
Influenza A virus A/Brisbane/59/2007(H1N1) antigen (propiolactone inactivated),DB14620,drug,0.565519226,229.5307571,0.00389136,17
Influenza A virus A/Brisbane/59/2007(H1N1) hemagglutinin antigen (propiolactone inactivated),DB11038,drug,0.565519226,229.5307571,0.00389136,44
Influenza A virus A/California/7/2009 (H1N1) live (attenuated) antigen,DB14394,drug,0.565519226,229.5307571,0.00389136,17
Influenza A virus A/California/7/2009 X-181 (H1N1) antigen (propiolactone inactivated),DB10600,drug,0.565519226,229.5307571,0.00389136,44
Influenza A virus A/California/7/2009 X-181 (H1N1) hemagglutinin antigen (propiolactone inactivated),DB11041,drug,0.565519226,229.5307571,0.00389136,44
Influenza A virus A/Perth/16/2009 (H3N2) live (attenuated) antigen,DB14449,drug,0.565519226,229.5307571,0.00389136,44
Influenza A virus A/Uruguay/716/2007(H3N2) antigen (propiolactone inactivated),DB14619,drug,0.565519226,229.5307571,0.00389136,44
Influenza A virus A/Victoria/210/2009 X-187 (H3N2) antigen (formaldehyde inactivated),DB14445,drug,0.565519226,229.5307571,0.00389136,58
Influenza A virus A/Victoria/210/2009 X-187 (H3N2) hemagglutinin antigen (formaldehyde inactivated),DB14384,drug,0.565519226,229.5307571,0.00389136,44
Influenza B virus B/Brisbane/60/2008 antigen (formaldehyde inactivated),DB10794,drug,0.565519226,229.5307571,0.00389136,58
Influenza B virus B/Brisbane/60/2008 antigen (propiolactone inactivated),DB11044,drug,0.565519226,229.5307571,0.00389136,44
Influenza B virus B/Brisbane/60/2008 hemagglutinin antigen (formaldehyde inactivated),DB14385,drug,0.565519226,229.5307571,0.00389136,44
Influenza B virus B/Brisbane/60/2008 hemagglutinin antigen (propiolactone inactivated),DB11040,drug,0.565519226,229.5307571,0.00389136,44
"influenza, severe, susceptibility to",13855,disease,0.94806319,0,3.73E-05,15
ING1,3621,gene/protein,0.171568208,2760.411662,5.51E-09,34
ING-1,DB05831,drug,0.152357551,0,2.11E-12,22
ING3,54556,gene/protein,0.164381137,1028.02841,2.28E-09,15
ING5,84289,gene/protein,0.172907276,4683.575751,2.51E-09,40
Ingenol mebutate,DB05013,drug,0.150908632,17.42803184,3.05E-10,12
INGN 225,DB05325,drug,0.541703096,129.3863876,0.00358552,58
INHA,3623,gene/protein,0.155482115,452.321958,5.22E-10,21
INHBE,83729,gene/protein,0.157679635,926.406301,1.21E-09,47
inherited aplastic anemia,1713,disease,5.893826772,0,0.00016846,9
Inhibitor Idd 384,DB01689,drug,0.152372549,0,6.88E-12,12
Inhibitor of P38 Kinase,DB01953,drug,0.150382517,0,1.90E-10,27
Iniparib,DB13877,drug,0.19168655,395.5351229,2.71E-05,8
INO80B,83444,gene/protein,0.212400501,13412.88337,1.88E-09,5
INO80E,283899,gene/protein,0.162641109,617.703217,1.52E-09,6
Inosine,DB04335,drug,0.153349663,0,1.89E-11,45
Inosine pranobex,DB13156,drug,1.06392139,346.8504231,0.01638027,58
Inosinic Acid,DB04566,drug,0.163689041,0,3.57E-11,19
Inositol,DB13178,drug,1.033094615,10796.24415,0.01618832,32
"Inositol 1,3,4,5-Tetrakisphosphate",DB01863,drug,0.155634338,0,5.05E-10,19
"Inositol 1,3-Bisphosphate",DB02942,drug,0.150738799,0,1.99E-11,6
"Inositol 2,4,5-trisphosphate",DB03956,drug,0.151074169,0,4.67E-12,8
Inositol nicotinate,DB08949,drug,0.163255939,221.451308,3.81E-05,0
"Inositol-(1,3,4,5,6)-Pentakisphosphate",DB03344,drug,0.151576762,0,2.33E-12,21
Inotersen,DB14713,drug,1.367158839,2280.596957,0.020514396,7
Inotuzumab ozogamicin,DB05889,drug,1.101313697,18674.41438,0.00436121,42
INPP1,3628,gene/protein,0.154717036,154.6612532,5.78E-10,46
INPP5B,3633,gene/protein,0.154806874,5516.099496,4.70E-10,14
INPP5D,3635,gene/protein,0.174449743,3688.502352,5.53E-09,12
INPP5K,51763,gene/protein,0.164209463,1409.341167,1.01E-09,56
INS,3630,gene/protein,0.19405772,41817.1102,5.95E-09,53
INS 316,DB05390,drug,0.150668827,0,1.35E-11,24
INSIG1,3638,gene/protein,0.16961627,2828.907597,1.86E-09,55
INSIG2,51141,gene/protein,0.188441608,17223.12017,2.09E-09,12
insomnia (disease),13600,disease,11.24983521,24.55353408,0.00086378,9
INSR,3643,gene/protein,0.202164158,67318.89624,1.33E-08,30
Insulin argine,DB11564,drug,0.237512998,3.974007234,0.00135893,59
Insulin aspart,DB01306,drug,0.940182892,4572.775249,0.010458425,16
Insulin beef,DB09456,drug,1.12716347,2994.078981,0.013260391,2
Insulin degludec,DB09564,drug,1.125429317,7159.938441,0.013241311,2
Insulin detemir,DB01307,drug,0.941712162,4885.764036,0.010470583,2
Insulin glargine,DB00047,drug,1.12675535,9140.99007,0.013239224,16
Insulin glulisine,DB01309,drug,1.12795201,6820.440808,0.01326039,2
Insulin human,DB00030,drug,1.129861277,23994.93507,0.013260392,52
Insulin lispro,DB00046,drug,1.127957364,9148.143444,0.01326039,16
Insulin peglispro,DB11567,drug,1.327631061,27027.18917,0.013411857,52
Insulin pork,DB00071,drug,1.141223547,51448.88378,0.013260392,52
Insulin tregopil,DB11568,drug,1.12716347,2994.078981,0.013260391,52
Interferon alfa,DB05258,drug,1.055746502,3634.124648,0.00923081,44
"Interferon alfa-2a, Recombinant",DB00034,drug,1.0253538,3932.003586,0.00911973,17
Interferon alfa-2b,DB00105,drug,1.069334707,14145.14263,0.00918356,17
Interferon alfa-2c,DB15131,drug,0.39205136,30.00940534,0.00385955,59
Interferon alfacon-1,DB00069,drug,1.0253538,3932.003586,0.00911973,16
Interferon alfa-n1,DB00011,drug,1.015801107,3136.885559,0.00906993,16
Interferon alfa-n3,DB00018,drug,1.0253538,3932.003586,0.00911973,58
Interferon beta-1a,DB00060,drug,0.415222327,529.4020048,0.00389797,18
Interferon beta-1b,DB00068,drug,1.015801107,3136.885559,0.00906993,16
Interferon gamma-1b,DB00033,drug,1.015856769,13184.36786,0.00906993,17
intestinal obstruction,4565_2803_2801,disease,0.274177016,0,1.49E-05,22
Intetumumab,DB12701,drug,0.816612509,1418.211261,0.00107183,25
intracranial hypertension,6810,disease,4.87166356,58.22934976,0.00010906,53
intracranial vasospasm,6812,disease,3.143615868,19.30297517,7.88E-06,12
intravascular large B-cell lymphoma,20324,disease,9.153586924,0,0.00017439,45
intrinsic asthma,4765,disease,10.50214071,0.285539428,0.00070311,54
INTS1,26173,gene/protein,0.161806175,2033.078113,1.60E-09,11
INTS2,57508,gene/protein,0.16354273,1962.663691,1.47E-09,4
INTS5,80789,gene/protein,0.170433817,1616.805525,9.17E-10,38
Invert sugar,DB09344,drug,1.046674616,5998.758608,0.01632595,16
inverted follicular keratosis,6563,disease,2.445510263,0,4.87E-05,39
Iobenguane,DB06704,drug,0.312117958,10.95377819,0.00316454,59
Iobenguane sulfate I-123,DB09546,drug,1.04136192,79.025243,0.01632595,16
Iodide I-131,DB09293,drug,0.165414143,0.223463367,0.00011962,18
Iodine,DB05382,drug,0.150216928,1.962759124,1.72E-11,21
Iodipamide,DB04711,drug,0.152929965,0.635425463,4.57E-05,36
Iodixanol,DB01249,drug,1.040599918,23.20628909,0.01632595,28
Iodohippuric acid,DB15445,drug,0.151619574,0,2.12E-05,59
Iodo-Willardiine,DB02818,drug,0.150598902,0,4.25E-11,8
Iofetamine I-123,DB09480,drug,1.467645015,7687.343079,0.020165944,25
Ioflupane I-123,DB08824,drug,1.086984331,366.8843039,0.017192138,52
Iohexol,DB01362,drug,0.256726132,4.313102316,0.0020153,2
Iopamidol,DB08947,drug,0.152713037,0,4.57E-05,48
Iopodic acid,DB09333,drug,0.150216928,0,1.72E-11,50
Iopromide,DB09156,drug,1.040599918,23.20628909,0.01632595,7
Iothalamic acid,DB09133,drug,1.040599918,23.20628909,0.01632595,7
Ioversol,DB09134,drug,1.040599918,23.20628909,0.01632595,7
Ioxilan,DB09135,drug,1.040599918,23.20628909,0.01632595,7
Ipafricept,DB15045,drug,0.775447143,2.711075215,0.00104473,42
Ipecac,DB13293,drug,1.473159832,3171.791495,0.02243515,16
IPH 2101,DB06049,drug,0.775447143,2.711075215,0.00104473,42
Ipidacrine,DB13668,drug,0.504190757,1371.689713,0.00576599,46
Ipilimumab,DB06186,drug,1.692088444,47977.61395,0.017135693,42
IPO4,79711,gene/protein,0.17187432,2375.981002,3.31E-09,45
IPO5,3843,gene/protein,0.166949492,701.6258239,2.61E-09,21
IPO7,10527,gene/protein,0.166079947,3270.708308,2.35E-09,47
IPO9,55705,gene/protein,0.168288228,7700.90383,1.77E-09,8
Ipragliflozin,DB11698,drug,0.92939074,1451.475651,0.010335244,49
Ipratropium,DB00332,drug,1.294571441,4169.228795,0.018941487,7
Iprazochrome,DB13541,drug,1.016792965,167.9635941,0.016020052,28
Ipriflavone,DB13618,drug,0.15,0,3.99E-71,9
Iprindole,DB13496,drug,1.721829747,5335.81673,0.026128512,28
Iproclozide,DB09247,drug,1.015504967,254.8488197,0.01600334,13
Iproniazid,DB04818,drug,1.995899116,9546.693802,0.029504039,26
IQGAP1,8826,gene/protein,0.215101243,27735.01824,9.76E-09,4
IQGAP2,10788,gene/protein,0.159168839,615.9591468,2.19E-09,14
IRAK1,3654,gene/protein,0.194505612,14719.92916,7.04E-09,6
IRAK2,3656,gene/protein,0.181708169,6626.307464,7.95E-09,29
IRAK3,11213,gene/protein,0.172562806,8753.280687,2.31E-09,40
IRAK4,51135,gene/protein,0.159993258,6764.336566,1.65E-09,4
Iratumumab,DB05550,drug,0.775447143,2.711075215,0.00104473,58
Irbesartan,DB01029,drug,1.618435886,38857.02183,0.023146363,16
IRF1,3659,gene/protein,0.232476244,54078.8597,1.08E-08,34
IRF2,3660,gene/protein,0.177619756,16372.68174,4.53E-09,29
IRF2BP2,359948,gene/protein,0.163997011,1435.938481,2.61E-09,32
IRF2BPL,64207,gene/protein,0.159786919,1013.766612,9.83E-10,22
IRF3,3661,gene/protein,0.258056387,44693.59218,1.13E-08,11
IRF4,3662,gene/protein,0.189363607,9468.663433,4.61E-09,36
IRF5,3663,gene/protein,0.177484955,4179.531576,5.64E-09,9
IRF8,3394,gene/protein,0.175821568,4699.232918,4.22E-09,43
IRF9,10379,gene/protein,0.171794221,3924.294412,4.05E-09,54
Irinotecan,DB00762,drug,1.724698734,25495.54212,0.016675505,17
iris disease,2289,disease,2.158379414,0,0.00016556,38
IRL-1620,DB06138,drug,0.150717536,0,1.36E-11,10
Irofulven,DB05786,drug,0.191864568,422.1407995,2.71E-05,22
Iron,DB01592,drug,0.391021093,9340.323768,0.00157044,59
iron deficiency anemia,1356,disease,3.605364899,0,4.87E-05,19
Iron Dextran,DB00893,drug,0.392654142,5920.23923,0.00158972,59
Iron isomaltoside 1000,DB12208,drug,0.273067608,182.5214477,0.00074787,2
iron metabolism disease,2279,disease,3.144930868,80.60669689,2.38E-05,9
Iron sucrose,DB09146,drug,0.38478564,5090.18412,0.00142851,53
Irosustat,DB02292,drug,0.153405781,0,4.76E-12,55
irritable bowel syndrome,5052,disease,0.20970523,0,0.00027478,55
IRS1,3667,gene/protein,0.193668845,8853.038267,1.46E-08,19
IRS2,8660,gene/protein,0.170802221,1484.922705,6.03E-09,30
IRS4,8471,gene/protein,0.183005002,5966.285689,6.14E-09,14
IRX6,79190,gene/protein,0.153486847,8.61685077,2.12E-10,47
Isatin,DB02095,drug,0.152395715,0,1.68E-11,21
Isatoic anhydride,DB11593,drug,0.183010588,1.635162339,0.00033501,59
Isatoribine,DB04860,drug,0.151897073,0,2.14E-12,6
Isatuximab,DB14811,drug,0.822914957,3436.824135,0.00107224,8
Isavuconazole,DB11633,drug,1.623800577,17432.22824,0.01966206,0
Isavuconazonium,DB06636,drug,0.803904407,1265.718464,0.00844595,18
Isepamicin,DB13540,drug,1.234375265,3336.344532,0.016800341,58
ISG15,9636,gene/protein,0.244850943,28560.85276,9.08E-09,14
ISG20,3669,gene/protein,0.155538148,1236.266409,1.01E-09,10
ISIS 113715,DB05506,drug,0.150357788,0,1.04E-10,41
ISLR,3671,gene/protein,0.1649904,744.9203334,2.24E-10,22
ISO24,DB03628,drug,0.150381611,0,2.42E-10,54
Isoamyl alcohol,DB02296,drug,0.1513182,0,3.93E-13,15
Isobromindione,DB13545,drug,0.163412681,0.00490936,0.00028911,0
Isocarboxazid,DB01247,drug,1.842930426,8323.343653,0.027513496,22
Isocitric Acid,DB01727,drug,0.150640902,0,1.46E-11,10
Isocyanomethane,DB04337,drug,0.153688769,0,2.52E-12,15
Isoetharine,DB00221,drug,1.030418908,1783.446243,0.01614961,16
Isoflavone,DB12007,drug,1.041382638,3699.451826,0.01632595,52
Isoflupredone acetate,DB14640,drug,0.15,0,3.99E-71,36
Isoflurane,DB00753,drug,2.128554675,21756.41694,0.03019473,58
Isoflurophate,DB00677,drug,0.507808999,2142.743983,0.00576599,59
isolated congenital growth hormone deficiency,50,disease,1.138828958,0,2.66E-05,49
Isoleucine,DB00167,drug,0.203788043,0,6.44E-11,11
Isometheptene,DB06706,drug,0.979904797,891.0989161,0.015595971,16
Isoniazid,DB00951,drug,2.009713817,17691.64825,0.028242735,16
ISOPENTENYL PYROPHOSPHATE,DB04714,drug,0.152045563,0,2.74E-11,40
Isopentyl Pyrophosphate,DB02508,drug,0.150919717,0,1.68E-11,8
Isoprenaline,DB01064,drug,1.13628138,48103.48824,0.016812641,7
Isopropamide,DB01625,drug,1.290419099,2151.16594,0.01896006,57
ISOQUINOLINE-5-SULFONIC ACID (2-(2-(4-CHLOROBENZYLOXY)ETHYLAMINO)ETHYL)AMIDE,DB07947,drug,0.152321751,0,5.38E-10,43
Isosorbide,DB09401,drug,1.481297038,22161.84633,0.019112255,52
Isosorbide dinitrate,DB00883,drug,0.636846641,870.1209203,0.0084309,59
Isosorbide mononitrate,DB01020,drug,3.00133852,177682.3558,0.021861239,16
Isosulfan blue,DB09136,drug,1.040599918,23.20628909,0.01632595,58
ISOTHIAZOLIDINONE ANALOG,DB08003,drug,0.150357788,0,1.04E-10,38
Isothipendyl,DB08802,drug,0.194258166,4.67565492,0.00067419,0
Isotretinoin,DB00982,drug,1.220141269,9549.824581,0.01755695,2
isovaleric acidemia,9475,disease,0.15683127,0,6.33E-06,53
Isoxicam,DB08942,drug,1.882766518,6180.823484,0.027066228,58
Isoxsuprine,DB08941,drug,1.136976265,3298.402601,0.0172394,21
Isradipine,DB00270,drug,2.389295185,22489.6109,0.032058945,58
ISS-1018,DB05463,drug,0.15095477,0,1.32E-11,8
IST1,9798,gene/protein,0.170473064,1720.297248,2.12E-09,34
Istaroxime,DB06157,drug,0.150885138,0,7.27E-11,6
Istiratumab,DB15363,drug,0.775447143,2.711075215,0.00104473,25
Istradefylline,DB11757,drug,1.521974683,17003.0313,0.018808506,2
ISYNA1,51477,gene/protein,0.154272516,11288.79819,1.22E-09,54
ITCH,83737,gene/protein,0.219996039,14514.29233,1.49E-08,40
ITGA1,3672,gene/protein,0.160186829,523.9720428,1.40E-09,29
ITGA2,3673,gene/protein,0.170434572,4998.890379,2.16E-09,20
ITGA2B,3674,gene/protein,0.160121445,12228.64941,1.83E-09,5
ITGA4,3676,gene/protein,0.166255377,26511.77987,3.25E-09,32
ITGA6,3655,gene/protein,0.180569839,13072.38199,2.64E-09,47
ITGAL,3683,gene/protein,0.157195496,33915.30802,9.16E-10,20
ITGAM,3684,gene/protein,0.18583764,8838.678229,1.76E-09,31
ITGAV,3685,gene/protein,0.196238355,37142.60102,3.42E-09,55
ITGAX,3687,gene/protein,0.158329225,1826.140771,1.69E-09,11
ITGB1,3688,gene/protein,0.23074027,86339.76432,1.26E-08,49
ITGB2,3689,gene/protein,0.188559076,18269.2677,9.53E-09,31
ITGB3,3690,gene/protein,0.185168283,40007.22886,9.21E-09,35
ITGB3BP,23421,gene/protein,0.184763462,8274.902914,3.43E-09,40
ITGB4,3691,gene/protein,0.201316091,19931.91447,1.02E-08,57
ITGB5,3693,gene/protein,0.18639714,16934.92599,4.05E-09,27
ITGB6,3694,gene/protein,0.15584155,134.0617555,2.06E-09,33
ITGB7,3695,gene/protein,0.161068786,3674.453472,2.82E-09,9
ITGB8,3696,gene/protein,0.157479251,1281.555523,1.49E-09,24
ITIH2,3698,gene/protein,0.166846867,5316.34817,7.99E-10,55
ITK,3702,gene/protein,0.178745869,9210.576712,9.76E-09,24
ITM2A,9452,gene/protein,0.159831103,1136.263494,4.13E-10,9
Itopride,DB04924,drug,0.151088202,0,1.61E-11,39
ITPKA,3706,gene/protein,0.153738466,462.8590925,7.19E-10,19
ITPR1,3708,gene/protein,0.172253279,10716.28448,5.11E-09,38
Itraconazole,DB01167,drug,1.504557372,14452.60356,0.01928719,17
ITSN2,50618,gene/protein,0.188456485,9044.05663,3.02E-09,56
Ivabradine,DB09083,drug,0.753007558,284.7571359,0.00965496,0
Ivacaftor,DB08820,drug,0.795819381,2254.07253,0.00914989,26
IVD,3712,gene/protein,0.152250116,5418.357674,9.89E-11,33
Ivermectin,DB00602,drug,0.806474671,5835.111563,0.00658227,2
IVNS1ABP,10625,gene/protein,0.160787951,547.6434588,1.11E-09,41
Ivosidenib,DB14568,drug,1.470497137,7232.357808,0.016198156,18
Ixabepilone,DB04845,drug,1.42927834,15790.8823,0.012982582,52
Ixazomib,DB09570,drug,1.562983467,5229.045516,0.021610189,16
Ixekizumab,DB11569,drug,1.179181369,8044.57984,0.00436901,53
JADE1,79960,gene/protein,0.162178434,729.2319376,2.93E-09,31
JAG2,3714,gene/protein,0.158766865,797.571793,9.56E-10,36
JAK1,3716,gene/protein,0.195778477,29757.03095,8.60E-09,1
JAK2,3717,gene/protein,0.234447583,115522.5032,1.66E-08,31
JAK3,3718,gene/protein,0.195202917,30680.78599,1.03E-08,56
Japanese encephalitis virus strain sa 14-14-2 antigen (formaldehyde inactivated),DB10769,drug,0.541703096,129.3863876,0.00358552,44
Jaspisamide A,DB03850,drug,0.150433626,0,7.89E-11,36
JDP2,122953,gene/protein,0.16598701,1252.543457,2.74E-09,23
JNJ-26489112,DB15203,drug,1.18707699,1607.58235,0.017226591,25
JNJ-27390467,DB06962,drug,0.152091012,0,2.32E-12,39
JNJ-37822681,DB12579,drug,0.183103029,2.593343842,0.00050941,18
Josamycin,DB01321,drug,0.340779397,119.0116714,0.00218387,17
JPH1,56704,gene/protein,0.16995448,3705.167417,9.38E-10,4
JPH2,57158,gene/protein,0.152796594,32.74625205,1.01E-09,49
JPH4,84502,gene/protein,0.177924379,3002.723506,1.57E-09,34
JUN,3725,gene/protein,0.401624911,526164.3513,2.61E-08,4
JUNB,3726,gene/protein,0.199364837,13914.9674,8.27E-09,49
JUND,3727,gene/protein,0.378971307,197677.6496,1.59E-08,14
JUP,3728,gene/protein,0.228027227,44299.77603,1.12E-08,45
juvenile arthritis due to defect in LACC1,32920,disease,3.48823802,0,0.00072431,57
juvenile idiopathic arthritis,11429_19433,disease,9.041725577,839.9572597,0.00074065,22
juvenile onset Parkinson disease 19A,14231,disease,17.17061744,19.02941176,0.00049833,27
juvenile pilocytic astrocytoma,16691_4000_3999,disease,10.62560037,47.7225487,4.75E-05,53
K-00546,DB07664,drug,0.152406695,0,2.00E-10,57
K201 free base,DB02929,drug,0.150594429,0,5.57E-11,13
K-252a,DB02152,drug,0.150851595,0,2.54E-10,39
Kabiramide C,DB03616,drug,0.150433626,0,7.89E-11,43
KAI-1455,DB06064,drug,0.150436845,0,7.48E-11,39
Kallidinogenase,DB13197,drug,0.30504197,168.6433361,0.00120876,2
Kanamycin,DB01172,drug,1.279688285,16448.61106,0.016804157,11
KANK2,25959,gene/protein,0.225909726,18983.32261,4.35E-09,51
KANSL2,54934,gene/protein,0.160588088,356.6050186,6.31E-10,24
Kaolin,DB01575,drug,0.236984258,160.9428215,0.00048418,52
Kappadione,DB09332,drug,0.159136805,0,7.31E-11,43
KARS1,3735,gene/protein,0.177341024,3567.781366,2.75E-09,30
KAT2A,2648,gene/protein,0.220166741,20074.98332,1.31E-08,15
KAT2B,8850,gene/protein,0.23095477,40713.62121,1.22E-08,29
KAT5,10524,gene/protein,0.26812931,75859.32366,1.88E-08,20
KAT6B,23522,gene/protein,0.166127346,1623.784695,1.53E-09,21
KAT8,84148,gene/protein,0.163453803,408.3673129,1.51E-09,45
KB002,DB05194,drug,0.151502164,0,7.56E-11,6
KB-141,DB03176,drug,0.151072649,0,8.43E-11,51
KBTBD7,84078,gene/protein,0.202000696,16768.39599,2.43E-09,15
KC706,DB05157,drug,0.152038619,0,3.68E-10,15
KCNA1,3736,gene/protein,0.157012358,4900.422971,4.61E-10,23
KCNA4,3739,gene/protein,0.161906146,7072.511326,9.66E-10,51
KCNA5,3741,gene/protein,0.172949817,7080.246719,2.44E-09,34
KCNAB2,8514,gene/protein,0.182120133,27613.21633,1.75E-09,10
KCNC4,3749,gene/protein,0.158119016,990.6277029,7.57E-10,19
KCND2,3751,gene/protein,0.162524825,8638.799218,8.22E-10,23
KCNE3,10008,gene/protein,0.153413262,96.69481166,5.18E-10,34
KCNH2,3757,gene/protein,0.167535741,58746.6742,4.12E-09,23
KCNIP2,30819,gene/protein,0.15480196,133.6919763,4.20E-10,53
KCNJ1,3758,gene/protein,0.153999687,3913.611423,1.39E-09,29
KCNJ11,3767,gene/protein,0.171187042,7169.017417,4.91E-10,4
KCNJ13,3769,gene/protein,0.151097963,7.53531369,4.20E-10,53
KCNJ2,3759,gene/protein,0.155169135,2132.767556,5.40E-10,14
KCNJ3,3760,gene/protein,0.154069838,864.3398396,4.24E-10,43
KCNJ4,3761,gene/protein,0.15460995,889.0990279,7.69E-10,23
KCNJ5,3762,gene/protein,0.157135283,2277.734636,7.61E-10,33
KCNJ6,3763,gene/protein,0.172656703,19087.71208,6.70E-10,39
KCNJ8,3764,gene/protein,0.16726221,10703.89929,1.02E-10,1
KCNK1,3775,gene/protein,0.185078366,14938.20816,2.24E-09,29
KCNK3,3777,gene/protein,0.155298089,1134.3462,1.08E-09,29
KCNK5,8645,gene/protein,0.162333025,1178.962346,6.78E-10,39
KCNK9,51305,gene/protein,0.152851807,620.9086478,6.37E-10,29
KCNMA1,3778,gene/protein,0.152644806,1081.29505,2.33E-10,32
KCNN2,3781,gene/protein,0.153452796,396.6854738,5.21E-10,23
KCNN4,3783,gene/protein,0.156772188,5572.765049,1.47E-09,20
KCNQ1,3784,gene/protein,0.164880231,8980.079527,2.12E-09,56
KCNQ2,3785,gene/protein,0.164902602,950.8582767,1.18E-10,4
KCNQ3,3786,gene/protein,0.165721837,119.5236478,5.52E-11,4
KCNQ4,9132,gene/protein,0.152857155,855.4409851,5.87E-10,20
KCNQ5,56479,gene/protein,0.16572366,1466.557128,1.42E-10,45
KCTD3,51133,gene/protein,0.158835463,791.207736,1.37E-09,14
KCTD5,54442,gene/protein,0.181384161,6044.13419,2.58E-09,38
KCTD7,154881,gene/protein,0.165675545,683.230419,1.07E-09,54
KCTD9,54793,gene/protein,0.192285971,8857.62151,3.42E-09,54
KD3010,DB05188,drug,0.150435126,0,9.13E-11,10
KD7040,DB05214,drug,0.150386779,0,7.19E-11,57
KDELR1,10945,gene/protein,0.16933192,3020.151702,1.70E-09,57
KDELR2,11014,gene/protein,0.16087193,243.0691223,2.96E-09,24
KDM1A,23028,gene/protein,0.252468923,45970.10131,9.51E-09,14
KDM3A,55818,gene/protein,0.161205258,671.92667,1.83E-09,46
KDM3B,51780,gene/protein,0.162932538,2615.343624,1.66E-09,45
KDM4C,23081,gene/protein,0.153442175,83.6243727,1.02E-09,53
KDM5B,10765,gene/protein,0.197434188,26531.36266,3.85E-09,20
KDR,3791,gene/protein,0.187011763,119333.4713,1.01E-08,35
KEAP1,9817,gene/protein,0.20865355,24503.22845,6.15E-09,33
Kebuzone,DB08940,drug,1.882766518,6180.823484,0.027066228,58
KEL,3792,gene/protein,0.15723561,2760.961569,4.35E-10,29
Kelatorphan,DB08040,drug,0.150779115,0,1.42E-11,19
keratitis,4903_3085_1465_33821,disease,2.288921828,0,0.00012492,5
keratoconjunctivitis,15599_4768_25431,disease,4.751145053,163.9862724,0.00012508,27
Ketamine,DB01221,drug,2.50141257,38506.47353,0.0357596,28
Ketanserin,DB12465,drug,1.88177499,11622.97632,0.027653362,7
Ketazolam,DB01587,drug,1.975371685,9833.973557,0.030625964,28
Ketobemidone,DB06738,drug,1.700891586,11230.67524,0.024471068,16
Ketoconazole,DB01026,drug,2.001946895,64254.5035,0.02335635,16
Ketodarolutamide,DB15647,drug,0.150367355,0,3.66E-10,51
Ketoprofen,DB01009,drug,2.193337694,30111.42609,0.029313788,7
Ketorolac,DB00465,drug,2.212456173,12565.18975,0.03080343,7
Ketotifen,DB00920,drug,0.646329426,475.0568529,0.00787376,52
keyhole limpet hemocyanin,DB05299,drug,0.150487281,0,6.61E-11,45
KH064,DB04287,drug,0.151690709,0,3.05E-12,22
KHDRBS2,202559,gene/protein,0.185499391,6724.486849,3.08E-09,8
KHSRP,8570,gene/protein,0.174219497,6302.311115,5.30E-09,19
KIAA0895L,653319,gene/protein,0.150990121,19.76449224,2.16E-10,41
KIAA1109,84162,gene/protein,0.151810147,5.365537534,6.38E-10,38
KIAA1549,57670,gene/protein,0.155226268,313.3986562,2.19E-10,34
KIDINS220,57498,gene/protein,0.172198628,6732.112884,3.96E-09,11
KIF11,3832,gene/protein,0.191275094,68639.0107,2.83E-09,4
KIF22,3835,gene/protein,0.17096428,4140.919923,2.67E-09,43
KIF23,9493,gene/protein,0.174976024,2209.180537,3.05E-09,24
KIF5B,3799,gene/protein,0.178474696,6100.274431,3.21E-09,8
KIF9,64147,gene/protein,0.167325479,1002.983315,1.05E-09,39
Kifunensine,DB02742,drug,0.153296035,0,1.35E-11,8
KIR3DL1,3811,gene/protein,0.157929763,1029.798993,1.40E-09,20
KIR3DX1,90011,gene/protein,0.15248372,20.20658971,1.49E-10,1
KISS1,3814,gene/protein,0.151776099,55.15656127,5.30E-10,23
KISS1R,84634,gene/protein,0.152670678,5402.165454,6.38E-10,6
KIT,3815,gene/protein,0.184679897,24881.54184,1.10E-08,33
Kitasamycin,DB09309,drug,0.531509069,283.107659,0.0049801,2
KIZ,55857,gene/protein,0.155614768,404.7812099,5.49E-10,20
KLB,152831,gene/protein,0.154537761,87.83748711,2.06E-10,46
KLC2,64837,gene/protein,0.167613047,2505.55789,1.30E-09,34
KLC3,147700,gene/protein,0.231908449,12243.03906,2.08E-09,55
KLF10,7071,gene/protein,0.163539291,1513.10095,2.88E-09,50
KLF11,8462,gene/protein,0.161184714,906.3991368,2.03E-09,6
KLF13,51621,gene/protein,0.157945066,385.2282048,2.11E-09,49
KLF4,9314,gene/protein,0.168916196,1827.817061,4.47E-09,45
KLF5,688,gene/protein,0.175169286,3089.948224,7.00E-09,33
KLF6,1316,gene/protein,0.163024584,1801.259764,2.93E-09,53
KLF9,687,gene/protein,0.155146515,159.7440778,1.43E-09,38
KLHDC2,23588,gene/protein,0.167602934,1336.449255,8.84E-10,36
KLHL12,59349,gene/protein,0.180412424,5207.360943,2.86E-09,40
KLHL15,80311,gene/protein,0.157433539,407.3685427,7.34E-10,13
KLHL18,23276,gene/protein,0.157836416,470.0961083,7.11E-10,54
KLHL20,27252,gene/protein,0.190232492,5044.26965,1.80E-09,5
KLHL3,26249,gene/protein,0.159231554,429.116403,2.18E-09,24
KLHL30,377007,gene/protein,0.150562097,0,1.40E-10,11
KLHL38,340359,gene/protein,0.194972645,8243.522834,1.84E-09,29
KLHL42,57542,gene/protein,0.173600462,5677.040754,1.92E-09,54
KLHL5,51088,gene/protein,0.153391138,73.76538595,5.77E-10,34
KLK3,354,gene/protein,0.160541703,3043.011986,1.97E-09,34
KLK5,25818,gene/protein,0.163987366,1987.161759,1.34E-09,54
KLK7,5650,gene/protein,0.158952079,6186.96677,7.90E-10,11
KLK9,284366,gene/protein,0.153690318,66.96528399,9.13E-10,53
KLKB1,3818,gene/protein,0.154197238,5995.802708,7.25E-11,56
KMT2A,4297,gene/protein,0.185943221,7345.051468,4.92E-09,1
KMT2B,9757,gene/protein,0.167032357,2148.929346,2.56E-09,56
KNG1,3827,gene/protein,0.16744882,10950.22736,4.21E-10,46
Koeleria macrantha pollen,DB10949,drug,0.230677681,1.572961101,0.00134362,0
Konjac mannan,DB14963,drug,0.63092598,114.7167054,0.00801359,16
KOS-1584,DB05903,drug,0.572755446,735.0851757,0.00500723,52
KPNA1,3836,gene/protein,0.324894383,103809.3097,3.31E-08,12
KPNA2,3838,gene/protein,0.219773626,32576.22873,9.31E-09,19
KPNA3,3839,gene/protein,0.185416178,3875.326476,3.97E-09,39
KPNA5,3841,gene/protein,0.302922986,68203.85764,3.13E-08,9
KPNA6,23633,gene/protein,0.31993735,88478.26259,3.20E-08,22
KPNA7,402569,gene/protein,0.153348828,32.94449436,7.31E-10,30
KPNB1,3837,gene/protein,0.225818714,27515.69338,1.12E-08,24
KRAS,3845,gene/protein,0.185816418,30326.5093,5.41E-09,20
KRI1,65095,gene/protein,0.15627814,275.7399473,1.56E-09,12
KRIT1,889,gene/protein,0.161092212,399.7332974,4.80E-10,19
KRN-5500,DB15215,drug,0.191246377,0.019387545,2.71E-05,52
KRN-7000,DB12232,drug,0.191246377,0.019387545,2.71E-05,2
KRT1,3848,gene/protein,0.168863271,7531.602501,2.39E-09,57
KRT12,3859,gene/protein,0.150716203,1184.27279,8.08E-10,56
KRT17,3872,gene/protein,0.296894126,60958.4616,3.04E-08,54
KRT18,3875,gene/protein,0.19356343,11803.58093,8.18E-09,47
KRT19,3880,gene/protein,0.182155029,7016.066683,4.61E-09,38
KRT2,3849,gene/protein,0.158089372,3621.295687,1.60E-09,30
KRT20,54474,gene/protein,0.16427427,959.0469831,8.27E-10,39
KRT31,3881,gene/protein,0.30497819,51990.0172,4.85E-09,14
KRT33B,3884,gene/protein,0.171070255,803.0455133,8.28E-10,8
KRT34,3885,gene/protein,0.231466413,27525.7066,2.16E-09,10
KRT39,390792,gene/protein,0.166803533,1427.122025,9.87E-10,5
KRT4,3851,gene/protein,0.158710595,709.4566352,3.17E-10,22
KRT40,125115,gene/protein,0.290349986,36778.21679,4.39E-09,14
KRT8,3856,gene/protein,0.188740343,25203.48984,7.02E-09,39
KRT83,3889,gene/protein,0.168704131,1389.965328,7.16E-10,29
KRTAP10-11,386678,gene/protein,0.235182453,14010.17842,2.41E-09,5
KRTAP1-1,81851,gene/protein,0.257998702,20919.53202,1.38E-09,57
KRTAP11-1,337880,gene/protein,0.184468812,2746.745406,9.97E-10,6
KRTAP1-3,81850,gene/protein,0.221357745,9736.559186,1.55E-09,41
KRTAP2-4,85294,gene/protein,0.193563245,2023.561814,7.65E-10,6
KRTAP3-1,83896,gene/protein,0.18585203,5860.153586,1.77E-09,41
KRTAP3-2,83897,gene/protein,0.176705951,1149.104809,7.29E-10,22
KRTAP3-3,85293,gene/protein,0.176194572,1089.993973,6.73E-10,45
KRTAP4-12,83755,gene/protein,0.213767883,5353.177036,1.26E-09,53
KRTAP5-2,440021,gene/protein,0.206401024,4308.091786,3.79E-10,32
KRTAP5-7,440050,gene/protein,0.175895159,506.9097281,3.36E-10,27
KRTAP5-8,57830,gene/protein,0.151430685,0,1.20E-11,23
KRTAP5-9,3846,gene/protein,0.241660416,15134.20891,1.68E-09,55
KSR1,8844,gene/protein,0.16599486,1087.7337,3.97E-09,54
KSR2,283455,gene/protein,0.158156857,332.4862946,2.51E-09,12
KTN1,3895,gene/protein,0.222231491,16063.98627,3.41E-09,11
KX-01,DB06137,drug,0.157577954,0,3.56E-10,54
KYAT1,883,gene/protein,0.154704482,4895.16032,8.62E-10,15
KYNU,8942,gene/protein,0.155620972,5740.227636,1.64E-09,27
Kynurenic Acid,DB11937,drug,0.151388178,0,4.83E-11,6
L-[(N-Hydroxyamino)Carbonyl]Phenylalanine,DB02652,drug,0.153878165,0,2.90E-13,51
L-1-(4-chlorophenyl)-2-(acetamido)ethane boronic acid,DB08693,drug,0.152424093,0,2.58E-13,11
L1CAM,3897,gene/protein,0.159276934,1888.719541,2.22E-09,29
L-1-naphthyl-2-acetamido-ethane boronic acid,DB08565,drug,0.152424093,0,2.58E-13,53
L-2-amino-3-butynoic acid,DB04217,drug,0.152634638,0,8.66E-12,9
L-2-amino-4-methoxy-cis-but-3-enoic acid,DB03611,drug,0.155661833,0,7.04E-12,49
"L-709,587",DB03621,drug,0.15047917,0,6.38E-11,50
L-778123,DB07227,drug,0.150825394,0,1.23E-11,5
Labetalol,DB00598,drug,2.522371095,40554.42104,0.033339158,7
Labetuzumab,DB05097,drug,0.820436084,5350.737879,0.00107224,25
Labetuzumab govitecan,DB12331,drug,0.777907291,9.850502048,0.00104514,25
Labradimil,DB06549,drug,0.150749031,0,7.18E-12,36
LACC1,144811,gene/protein,0.168177821,811.0518295,7.84E-10,56
Lacidipine,DB09236,drug,1.703708566,9845.17646,0.022790457,7
Lacosamide,DB06218,drug,1.99619299,12881.46592,0.026857768,7
Lactic acid,DB04398,drug,0.159743748,0,4.03E-11,53
Lactitol,DB12942,drug,0.652660006,218.5001384,0.00808545,52
Lactose,DB04465,drug,0.162088672,0,3.63E-11,55
Lactulose,DB00581,drug,1.552239255,44459.56519,0.01052704,6
Ladiratuzumab vedotin,DB15409,drug,0.775447143,2.711075215,0.00104473,42
Laevulinic Acid,DB02239,drug,0.15349413,0,7.77E-12,57
Lafutidine,DB12770,drug,0.342127793,447.3027084,0.00142849,52
"L-alanyl-N-[(1S,2R)-1-benzyl-2-hydroxypropyl]-L-alaninamide",DB08038,drug,0.1506623,0,6.29E-12,55
L-Alpha-Glycerophosphorylserine,DB02497,drug,0.150594429,0,5.57E-11,5
LAMA1,284217,gene/protein,0.182959359,10037.74093,1.77E-09,9
LAMB1,3912,gene/protein,0.180510495,5854.19039,2.24E-09,53
LAMB3,3914,gene/protein,0.162255712,1273.516021,1.59E-09,15
LAMC1,3915,gene/protein,0.172867798,3850.542077,1.45E-09,4
LAMC3,10319,gene/protein,0.168053935,4825.897533,2.49E-09,40
L-aminocarnityl-succinyl-leucyl-argininal-diethylacetal,DB06124,drug,0.151520795,0,2.76E-12,39
Lamivudine,DB00709,drug,1.411177507,15685.01314,0.018940084,2
Lamotrigine,DB00555,drug,2.94534107,74550.824,0.03748221,25
LAMP2,3920,gene/protein,0.189151744,9018.1534,2.11E-09,15
Lampalizumab,DB11826,drug,0.775447143,2.711075215,0.00104473,42
LAMTOR2,28956,gene/protein,0.158282433,654.7686628,1.36E-09,31
LAMTOR5,10542,gene/protein,0.187377221,25107.47188,2.72E-09,29
Lanadelumab,DB14597,drug,0.780296292,1426.698917,0.00104514,39
Lanatoside C,DB13467,drug,0.797106289,3509.398638,0.00679315,44
Lancovutide,DB05029,drug,0.150448607,0,3.77E-11,53
Landiolol,DB12212,drug,1.760332862,11269.33429,0.023114601,58
Landogrozumab,DB11862,drug,0.777907291,9.850502048,0.00104514,42
Langerhans cell histiocytosis,15531_17025_18310_17036_17029,disease,19.85196812,5365.063074,0.00030941,24
Lanicemine,DB11889,drug,1.0155003,165.0530983,0.01600334,28
Laninamivir octanoate,DB11888,drug,0.173328693,37.76934486,5.44E-05,32
Laniquidar,DB12799,drug,0.349616712,6.052258703,0.00230235,26
Lanopepden,DB11912,drug,0.183010588,1.635162339,0.00033501,59
Lanosterol,DB03696,drug,0.150707466,0,1.07E-11,51
Lanoteplase,DB06245,drug,0.244622284,14267.40087,0.00104254,18
Lanreotide,DB06791,drug,0.82136259,10887.09158,0.00822725,18
Lansoprazole,DB00448,drug,1.38281393,13696.78078,0.016584509,0
Lanthanum carbonate,DB06792,drug,0.275089355,55.20392853,0.00123354,52
Lanthanum III cation,DB14579,drug,0.195520472,0.114384331,0.00051811,2
LAP3,51056,gene/protein,0.15791501,16402.33503,1.77E-09,38
Lapachone,DB11948,drug,0.17844822,438.8814415,5.44E-05,27
Lapatinib,DB01259,drug,1.360079555,17282.03406,0.0162178,59
Laquinimod,DB06685,drug,0.160287529,0.044583283,0.0001449,47
Laronidase,DB00090,drug,0.15,0,3.99E-71,43
Larotrectinib,DB14723,drug,0.514920039,1602.882115,0.00357037,0
LARP1,23367,gene/protein,0.172869166,2028.27308,4.53E-09,41
Lasalocid,DB11423,drug,0.183010588,1.635162339,0.00033501,0
Lasmiditan,DB11732,drug,1.544811733,10102.95287,0.021289221,28
Lasofoxifene,DB06202,drug,0.17667889,8.321045898,1.12E-05,9
LASP1,3927,gene/protein,0.206003163,20178.82069,4.83E-09,43
Latamoxef,DB04570,drug,1.116257236,599.5493209,0.016329103,58
Latanoprost,DB00654,drug,0.424567445,9641.465219,0.00267304,59
Latanoprostene bunod,DB11660,drug,0.277912271,410.4292084,0.00267304,27
Latrunculin A,DB02621,drug,0.150929255,0,1.13E-10,13
Latrunculin B,DB08080,drug,0.151545783,0,8.96E-11,40
LATS1,9113,gene/protein,0.181281272,8240.61929,5.77E-09,19
LATS2,26524,gene/protein,0.191707439,9044.305738,9.77E-09,49
Lauric acid,DB03017,drug,0.159419476,0,3.20E-10,39
Lauryl alcohol diphosphonic acid,DB07873,drug,0.151125846,0,1.05E-11,54
Lavoltidine,DB12884,drug,0.342127793,447.3027084,0.00142849,3
Lawsone,DB04744,drug,0.173128295,0,0.00028569,18
LAX-101,DB05301,drug,0.150900382,0,7.55E-11,9
L-BENZYLSUCCINIC ACID,DB07506,drug,0.153878165,0,2.90E-13,24
LBP,3929,gene/protein,0.167292447,21155.56213,7.42E-10,49
LCB01-0371,DB13077,drug,0.183010588,1.635162339,0.00033501,59
LCE1A,353131,gene/protein,0.186241331,793.7015567,5.02E-10,12
LCE1C,353133,gene/protein,0.176718492,548.7075868,4.40E-10,6
LCE1D,353134,gene/protein,0.175263629,691.8842737,6.74E-10,39
LCE2B,26239,gene/protein,0.185013508,710.7398686,4.95E-10,30
LCE2C,353140,gene/protein,0.186202711,1217.761708,6.86E-10,36
LCE3A,353142,gene/protein,0.184520222,1438.438297,5.12E-10,13
LCE3D,84648,gene/protein,0.185976046,1388.137621,5.45E-10,57
LCK,3932,gene/protein,0.242084823,106221.5975,1.74E-08,29
LCL-161,DB12085,drug,0.191246377,0.019387545,2.71E-05,3
LCMT1,51451,gene/protein,0.152623687,706.9931085,6.44E-10,55
LCN2,3934,gene/protein,0.200196854,58866.62393,1.92E-09,4
LCN9,392399,gene/protein,0.151606315,26920,4.97E-12,39
LCP1,3936,gene/protein,0.162797144,5687.81474,2.33E-09,27
LCT,3938,gene/protein,0.151410152,34158.82508,3.89E-10,53
L-cysteic acid,DB03661,drug,0.151916508,0,1.07E-10,21
LDHA,3939,gene/protein,0.180630746,26266.07154,4.20E-09,24
LDHAL6A,160287,gene/protein,0.152953253,11.38315158,3.06E-10,12
LDHB,3945,gene/protein,0.162553125,9743.436645,3.19E-09,20
L-Dilinoleoyllecithin,DB04372,drug,0.17614978,0,2.70E-13,45
LDLR,3949,gene/protein,0.19168185,39261.22017,2.85E-09,49
LDLRAP1,26119,gene/protein,0.155983625,315.564133,1.49E-09,57
LDOC1,23641,gene/protein,0.191828467,5708.001453,2.40E-09,9
Leber hereditary optic neuropathy,10788,disease,1.057577866,0,1.51E-05,13
Lebrikizumab,DB11914,drug,0.77597061,3662.963935,0.00104473,42
Lecanemab,DB14580,drug,0.777907291,9.850502048,0.00104514,25
Ledipasvir,DB09027,drug,1.361922254,4532.165476,0.01894911,17
Lefamulin,DB12825,drug,1.373671923,8053.723514,0.014904897,59
L-Eflornithine,DB03856,drug,0.15067373,0,1.71E-11,5
Leflunomide,DB01097,drug,1.395822861,18166.85106,0.014026137,17
Lefradafiban,DB04863,drug,0.156175934,48.79264421,3.81E-05,21
leishmaniasis,11989_5446,disease,8.55506182,334.9344504,7.77E-05,27
Lemborexant,DB11951,drug,1.610707038,9922.299328,0.02217136,7
Lenalidomide,DB00480,drug,1.684267538,23270.90813,0.02034187,58
LENG1,79165,gene/protein,0.183094928,3288.922464,2.14E-09,8
LENG8,114823,gene/protein,0.169098734,1422.71056,1.48E-09,49
Lenograstim,DB13144,drug,0.168576347,187.1963474,0.00012632,3
Lentinan,DB13480,drug,0.191246377,0.019387545,2.71E-05,2
Lenvatinib,DB09078,drug,1.716393662,37805.48555,0.020128084,52
LEP,3952,gene/protein,0.158699149,1016.572535,1.57E-09,45
Lepirudin,DB00001,drug,1.086869238,3876.656029,0.00983006,16
LEPR,3953,gene/protein,0.166750818,12695.29807,3.04E-09,32
leprosy,5124,disease,0.329545295,0,6.94E-05,21
LEPROT,54741,gene/protein,0.168215667,6194.172151,5.62E-10,19
Leptin,DB05098,drug,0.150590576,0,2.40E-11,5
LErafAON,DB04973,drug,0.150415377,0,1.18E-10,57
Lercanidipine,DB00528,drug,1.877331735,10706.93635,0.02515422,16
Lerdelimumab,DB06557,drug,0.775447143,2.711075215,0.00104473,42
Leridistim,DB15095,drug,0.166737965,1.12584794,0.0001032,2
Leronlimab,DB05941,drug,0.801887386,2680.102518,0.00109946,42
"L-erythro-7,8-dihydrobiopterin",DB04400,drug,0.156156961,0,9.51E-11,32
Lesinurad,DB11560,drug,1.510145161,4631.730303,0.022226737,52
Lesopitron,DB04970,drug,0.150608962,0,2.53E-12,22
Lestaurtinib,DB06469,drug,0.428055643,228.5606438,0.00375282,18
Letaxaban,DB11984,drug,1.086409868,2983.501777,0.00983006,58
Letermovir,DB12070,drug,1.286946472,5900.415239,0.015688007,59
Letrozole,DB01006,drug,0.5295451,2385.065205,0.00489995,26
Leucine,DB00149,drug,0.156678565,0,3.03E-11,31
Leucine Phosphonic Acid,DB02386,drug,0.150945265,0,1.40E-11,53
Leucovorin,DB00650,drug,0.53227313,4180.04151,0.00228785,52
"leukemia, lymphocytic, susceptibility to",13108_7190_12318_12934_12935_12936_13109,disease,8.239709915,1.76609987,0.00030361,40
Leukotriene B4,DB12961,drug,0.151164337,0,9.32E-11,15
Leukotriene C4,DB08855,drug,0.155156213,0,2.13E-11,46
Leukotriene D4,DB11858,drug,0.153859051,0,5.63E-12,41
Leuprolide,DB00007,drug,1.646373082,16366.62966,0.023065224,43
Levacetylmethadol,DB01227,drug,2.060271506,22699.23737,0.027105051,7
Levallorphan,DB00504,drug,0.213800185,12.02273458,0.00107962,59
Levamisole,DB00848,drug,0.171957305,16.61582517,1.81E-05,48
Levamlodipine,DB09237,drug,1.473827783,18293.31286,0.019646672,52
Levetiracetam,DB01202,drug,1.190383722,2284.450504,0.017250429,7
Levmetamfetamine,DB09571,drug,0.151038323,0,5.46E-12,55
Levobetaxolol,DB09351,drug,1.56015125,8980.404095,0.019829284,16
Levobunolol,DB01210,drug,0.179434563,52.15671975,0.00044328,24
Levobupivacaine,DB01002,drug,1.619319989,6709.76185,0.023853376,16
Levocabastine,DB01106,drug,0.769895174,383.1502381,0.010224701,2
Levocarnitine,DB00583,drug,1.300425409,17347.77508,0.018083571,16
Levocetirizine,DB06282,drug,2.07310104,11017.6058,0.031949369,7
Levodopa,DB01235,drug,1.567499364,33301.4729,0.02036213,58
Levofloxacin,DB01137,drug,2.10472024,31929.46415,0.025470691,16
Levoketoconazole,DB05667,drug,0.151047723,0,1.36E-11,53
Levoleucovorin,DB11596,drug,0.34519076,449.5619119,0.00042586,59
Levomefolic acid,DB11256,drug,0.208187683,209.8419658,0.00032249,52
Levomenol,DB13153,drug,0.153888566,0.06070527,1.73E-06,0
Levomenthol,DB00825,drug,0.97849144,3813.182483,0.01290322,2
Levomethadone,DB13515,drug,0.15,0,3.99E-71,53
Levomilnacipran,DB08918,drug,2.577439289,22543.16862,0.036521663,58
Levonordefrin,DB06707,drug,1.237378108,9541.453135,0.01671234,7
Levonorgestrel,DB00367,drug,1.148658193,29206.98637,0.011059585,2
Levopropoxyphene,DB06793,drug,0.252879002,1.66637762,0.00193898,2
Levorphanol,DB00854,drug,1.228109449,2543.857698,0.018327319,25
Levosalbutamol,DB13139,drug,1.912739491,13115.44085,0.02878052,7
Levosimendan,DB00922,drug,0.980180527,4891.592,0.013113395,16
Levothyroxine,DB00451,drug,1.511244361,65727.43089,0.01187404,52
Lewy body dementia,7488,disease,2.136993212,0,4.56E-05,24
Lexacalcitol,DB03451,drug,0.150423476,0,1.08E-10,27
Lexaptepid Pegol,DB12578,drug,0.345419741,0.177865573,0.00017532,2
Lexatumumab,DB06599,drug,0.775982363,5296.361786,0.00104473,42
LFA703,DB03932,drug,0.151193001,0,7.25E-12,45
LG-100268,DB01941,drug,0.150633928,0,4.31E-11,10
LGALS1,3956,gene/protein,0.18517086,21109.36845,3.33E-09,8
LGALS2,3957,gene/protein,0.154549204,347.3988841,4.86E-10,45
LGALS3,3958,gene/protein,0.212743247,46600.27655,4.49E-09,33
LGALS3BP,3959,gene/protein,0.219530719,22708.93444,2.79E-09,32
LGALS7B,653499,gene/protein,0.16027077,6113.730288,4.82E-10,53
LGALS8,3964,gene/protein,0.20276523,29515.6702,2.14E-09,43
LGALS9,3965,gene/protein,0.187195585,12973.93272,1.26E-09,22
LGD-1550,DB05785,drug,0.152105393,0,4.00E-10,49
LGD-2226,DB08089,drug,0.150367355,0,3.66E-10,55
LGD2941,DB05234,drug,0.150367355,0,3.66E-10,12
L-Glutamine,DB00130,drug,0.188124936,2777.717519,9.66E-06,38
LGMN,5641,gene/protein,0.157309995,815.9311969,1.42E-09,4
LGR5,8549,gene/protein,0.15271779,7.942635702,5.90E-10,6
LHCGR,3973,gene/protein,0.15355915,19304.72805,1.06E-09,10
LHFPL5,222662,gene/protein,0.21038666,10305.34653,7.70E-10,39
L-homoarginine,DB03974,drug,0.150376225,0,7.61E-11,57
LI-301,DB05509,drug,0.151121775,0,1.98E-11,40
Liarozole,DB13066,drug,0.191246377,0.019387545,2.71E-05,17
LIAS,11019,gene/protein,0.152052852,646.2081022,8.07E-10,22
Licofelone,DB04725,drug,1.402452306,6411.962332,0.01751666,16
Lidocaine,DB00281,drug,1.478876462,38253.33166,0.01753731,52
Lidoflazine,DB13766,drug,1.321324749,3531.300393,0.01658989,16
Lidorestat,DB07063,drug,0.152372549,0,6.88E-12,47
LIF,3976,gene/protein,0.157192794,4585.507824,1.25E-09,19
Lifitegrast,DB11611,drug,0.155256371,7.551880245,1.25E-05,51
LIFR,3977,gene/protein,0.158730058,1134.254677,1.86E-09,54
LIG3,3980,gene/protein,0.166636778,5879.534155,3.21E-09,36
LIG4,3981,gene/protein,0.2011265,23955.86481,3.02E-09,47
Ligandrol,DB13934,drug,0.150367355,0,3.66E-10,8
Ligelizumab,DB11856,drug,0.777907291,9.850502048,0.00104514,25
LILRB1,10859,gene/protein,0.155612099,142.662055,5.70E-10,53
LILRB2,10288,gene/protein,0.15770701,710.1145774,5.74E-10,19
LIMA1,51474,gene/protein,0.217879411,15811.73004,6.54E-09,24
Limaprost,DB09211,drug,0.437694358,1664.710035,0.00426852,2
LIMK1,3984,gene/protein,0.177787572,6680.408139,8.79E-09,51
LIMK2,3985,gene/protein,0.162062097,1048.168922,1.50E-09,14
LIN37,55957,gene/protein,0.165255672,1779.625138,1.63E-09,55
LIN52,91750,gene/protein,0.15479225,228.9269244,3.52E-10,55
LIN54,132660,gene/protein,0.162347778,1191.220552,9.43E-10,39
Linaclotide,DB08890,drug,0.63725587,4660.961853,0.00801359,57
Linagliptin,DB08882,drug,1.745178063,16810.86823,0.01920778,52
LINC00261,140828,gene/protein,0.15344968,20.72390533,4.71E-10,21
LINC00304,283860,gene/protein,0.150615768,0,3.61E-10,31
Lincomycin,DB01627,drug,0.51917689,1466.544424,0.00463208,50
Lindane,DB00431,drug,0.1599418,23.61416233,4.73E-05,41
Linezolid,DB00601,drug,2.278323322,32275.33179,0.03068182,0
Linsidomine,DB13400,drug,1.255868788,3067.836263,0.017287221,58
Linsitinib,DB06075,drug,0.150408192,0,1.16E-10,22
Lintitript,DB04867,drug,0.158005008,0,1.49E-13,21
Lintuzumab,DB14877,drug,0.819072901,1434.947837,0.00107224,25
Liothyronine,DB00279,drug,2.052022228,82019.81219,0.02330574,7
Liothyronine I-131,DB12425,drug,0.267405481,87.94097032,0.00110026,2
Liotrix,DB01583,drug,1.409600606,37714.30789,0.011849389,16
LIPC,3990,gene/protein,0.152648338,61.10521762,7.19E-11,33
LIPE,3991,gene/protein,0.156997633,1199.919009,5.36E-10,4
Lipegfilgrastim,DB13200,drug,0.515952883,6302.279738,0.00188414,3
LIPF,8513,gene/protein,0.153931701,6015.620297,3.43E-10,14
Lipoic acid,DB00166,drug,0.364503811,4362.107282,0.00210156,0
liposomal prostaglandin E1,DB05391,drug,0.150616343,0,4.96E-11,40
Liraglutide,DB06655,drug,0.933563049,6861.980158,0.010324334,52
Lisdexamfetamine,DB01255,drug,1.689122045,16299.43672,0.022934672,26
Lisinopril,DB00722,drug,1.782952838,24076.1277,0.02583523,7
Lisofylline,DB12406,drug,0.91164561,1642.252267,0.010664706,18
Lisuride,DB00589,drug,1.848837093,13645.37175,0.027261468,28
LITAF,9516,gene/protein,0.178188414,3472.280651,2.00E-09,22
Lithium carbonate,DB14509,drug,2.044175961,54973.96212,0.030797525,7
Lithium cation,DB01356,drug,2.121885085,47295.32811,0.032211923,25
Lithium citrate,DB14507,drug,1.540406873,30261.22381,0.022882113,58
Lithium hydroxide,DB14506,drug,1.499597581,8435.184324,0.02254813,28
Lithium succinate,DB14508,drug,0.15314912,0,2.04E-10,5
liver cancer,2691,disease,4.555319168,0,8.46E-05,39
Lixisenatide,DB09265,drug,1.673795541,16376.03178,0.02306473,16
LJP 1082,DB05446,drug,0.150641752,0,1.55E-11,43
LLGL1,3996,gene/protein,0.161760487,905.8597936,1.45E-09,8
LLGL2,3993,gene/protein,0.195279014,8306.601162,4.48E-09,21
LLL-3348,DB05771,drug,0.150483308,0,6.69E-11,32
L-Lysine,DB00123,drug,0.1860313,0,4.64E-11,57
LM-609,DB05787,drug,0.150460213,0,7.18E-11,54
LMBR1,64327,gene/protein,0.178491099,6270.130472,6.59E-10,4
LMCD1,29995,gene/protein,0.155545324,165.1817417,5.06E-10,8
L-methionine (R)-S-oxide,DB02235,drug,0.150403039,0,1.37E-10,8
L-methionine (S)-S-oxide,DB02467,drug,0.15054882,0,2.19E-11,32
LMF1,64788,gene/protein,0.165513934,2634.37731,3.79E-10,32
LMNA,4000,gene/protein,0.365616023,244361.7506,1.12E-08,1
LMNB1,4001,gene/protein,0.17850305,8955.892794,4.76E-09,15
LMNB2,84823,gene/protein,0.167116733,2109.645713,2.38E-09,53
LMO2,4005,gene/protein,0.235130087,24727.27258,5.09E-09,33
LMO3,55885,gene/protein,0.183060664,3472.16639,1.54E-09,8
L-Myo-Inositol-1-Phosphate,DB03542,drug,0.152738552,0,6.46E-12,8
L-N(omega)-nitroarginine-(4R)-amino-L-proline amide,DB02077,drug,0.151139898,0,9.48E-11,57
"L-N(omega)-Nitroarginine-2,4-L-diaminobutyric amide",DB01821,drug,0.151139898,0,9.48E-11,15
LNPEP,4012,gene/protein,0.186247727,11961.97309,8.55E-10,36
LNX1,84708,gene/protein,0.320210658,154665.8192,9.17E-09,29
Lobeglitazone,DB09198,drug,1.47635983,8638.092298,0.017928985,16
Lobeline,DB05137,drug,0.307730393,310.0285818,0.00204027,2
Lobucavir,DB12531,drug,0.934620988,2183.227874,0.01071902,25
localized scleroderma,19562,disease,9.354360823,0,7.61E-05,21
Lofentanil,DB09174,drug,1.225406675,1588.433793,0.018327319,28
Lofepramine,DB13411,drug,1.848754308,7129.116088,0.027772761,43
Lofexidine,DB04948,drug,2.632250648,27468.81735,0.03751335,28
Lolium perenne pollen,DB10389,drug,0.230677681,1.572961101,0.00134362,59
Lolium perenne subsp. multiflorum pollen,DB10964,drug,0.230677681,1.572961101,0.00134362,59
Lomefloxacin,DB00978,drug,1.525524088,16736.77462,0.016703359,16
Lomerizine,DB14065,drug,1.033116965,2173.070827,0.01249766,16
Lometrexol,DB12769,drug,0.256123862,238.8249069,7.40E-05,2
Lomitapide,DB08827,drug,0.967533253,3848.734329,0.010230511,18
Lomustine,DB01206,drug,0.85036405,2130.893974,0.00584842,17
Lonafarnib,DB06448,drug,1.177007167,18592.07912,0.013619825,26
Lonazolac,DB13432,drug,1.882766518,6180.823484,0.027066228,28
Lonidamine,DB06266,drug,0.757259097,10339.323,0.00657985,18
Lonoctocog alfa,DB13998,drug,0.157043367,2.658606851,2.56E-10,19
LONP1,9361,gene/protein,0.164742596,4624.431562,2.95E-09,9
Loperamide,DB00836,drug,1.975268433,39895.34333,0.024636645,17
Lopinavir,DB01601,drug,2.330835328,29856.22413,0.0278636,16
Loprazolam,DB13643,drug,1.073163268,892.9163408,0.01632938,7
Loracarbef,DB00447,drug,1.118387473,2273.247325,0.016329103,10
Lorajmine,DB13651,drug,0.694337209,191.6584602,0.00836035,28
Loratadine,DB00455,drug,0.670920638,1799.945628,0.00837209,18
Lorazepam,DB00186,drug,2.368252342,22123.57591,0.033362383,7
Lorcainide,DB13653,drug,0.692908736,186.8650119,0.0083524,7
Lorcaserin,DB04871,drug,2.290453272,16218.81704,0.034016713,28
Lorlatinib,DB12130,drug,0.87379431,2499.99978,0.01033481,48
Lormetazepam,DB13872,drug,1.062456155,610.4650583,0.01630548,7
Lornoxicam,DB06725,drug,2.106492799,9736.83852,0.02975482,7
Lorpiprazole,DB09195,drug,1.515902846,6637.130511,0.023815585,52
Lortalamine,DB09187,drug,1.017436145,187.3682576,0.016006243,28
Lorukafusp alfa,DB15443,drug,0.775447143,2.711075215,0.00104473,42
Lorvotuzumab mertansine,DB12089,drug,1.195684773,17309.19043,0.00602126,42
Losartan,DB00678,drug,1.971725532,20830.89747,0.026448894,16
Loteprednol,DB00873,drug,0.403474729,225.0922402,0.00216405,2
Loteprednol etabonate,DB14596,drug,0.151868024,3.060698552,2.19E-10,36
Lovastatin,DB00227,drug,1.522181638,25259.7639,0.017516936,59
LOX,4015,gene/protein,0.165832183,2317.349269,8.42E-10,38
Loxapine,DB00408,drug,1.358763392,10988.67546,0.01922948,16
LOXHD1,125336,gene/protein,0.151194218,0,4.03E-10,55
Loxicodegol,DB14146,drug,0.152906371,0,6.07E-11,47
Loxoprofen,DB09212,drug,1.88708524,9323.52643,0.027066228,7
Lpc-Ether,DB03633,drug,0.155522183,0,3.01E-12,51
L-Phospholactate,DB01733,drug,0.150462592,0,7.42E-11,38
LPIN1,23175,gene/protein,0.153260675,82.44920235,6.79E-10,45
LPL,4023,gene/protein,0.164538645,13199.8724,6.46E-10,14
LPP,4026,gene/protein,0.159616622,329.0563573,1.07E-09,14
LPXN,9404,gene/protein,0.183657649,7847.417449,3.94E-09,36
LRG1,116844,gene/protein,0.152428909,98.46647822,2.53E-10,46
LRIF1,55791,gene/protein,0.226810733,32991.91307,5.03E-09,34
LRIG1,26018,gene/protein,0.169415223,4911.496389,3.38E-09,33
LRP1,4035,gene/protein,0.214136971,63658.9504,3.89E-09,20
LRP10,26020,gene/protein,0.173780221,6207.570428,7.60E-10,49
LRP2,4036,gene/protein,0.191161487,47014.90369,3.21E-09,51
LRP2BP,55805,gene/protein,0.16599262,983.4616513,6.57E-10,21
LRP6,4040,gene/protein,0.19369833,17908.21484,9.63E-09,49
LRP8,7804,gene/protein,0.167774339,2631.943619,7.62E-10,14
LRPAP1,4043,gene/protein,0.161011036,674.6641126,7.92E-10,57
LRPPRC,10128,gene/protein,0.17320624,3386.089504,4.07E-09,21
LRRC23,10233,gene/protein,0.151127513,14.43136964,8.42E-11,34
LRRC25,126364,gene/protein,0.161776053,986.8498123,2.60E-10,57
LRRC31,79782,gene/protein,0.152677599,90.27355188,3.20E-10,11
LRRC32,2615,gene/protein,0.159914118,2013.596388,4.25E-10,14
LRRC36,55282,gene/protein,0.155563967,57.52726348,1.34E-10,32
LRRC41,10489,gene/protein,0.165446696,1243.103551,2.06E-09,39
LRRC46,90506,gene/protein,0.159900687,380.9048384,6.78E-10,1
LRRC4C,57689,gene/protein,0.169255477,1991.883234,8.29E-10,45
LRRC59,55379,gene/protein,0.163500597,2154.171476,2.88E-09,56
LRRC69,100130742,gene/protein,0.150941697,0,1.02E-10,56
LRRC8A,56262,gene/protein,0.161077017,2048.309575,9.90E-10,20
LRRFIP1,9208,gene/protein,0.162470412,1382.672532,1.59E-09,21
LRRK2,120892,gene/protein,0.251805352,56845.47348,1.12E-08,29
LRRTM2,26045,gene/protein,0.153520686,146.5783919,9.66E-11,27
LRSAM1,90678,gene/protein,0.173544245,5346.17809,4.00E-09,57
LSM3,27258,gene/protein,0.17069652,2706.998773,2.07E-09,55
LSM7,51690,gene/protein,0.161214697,7950.548198,1.51E-09,43
LSR,51599,gene/protein,0.17024948,6505.441798,2.27E-09,51
LSS,4047,gene/protein,0.155642498,12394.37937,1.35E-09,54
LTA,4049,gene/protein,0.162680379,3224.383252,5.02E-10,20
LTA4H,4048,gene/protein,0.157656339,101199.8226,1.79E-09,20
L-tartaric acid,DB09459,drug,0.219114298,6056.731162,0.0006058,18
LTB4R2,56413,gene/protein,0.167705867,10856.3981,1.18E-09,51
LTBP1,4052,gene/protein,0.176973448,6808.711516,4.34E-10,20
LTBP4,8425,gene/protein,0.173321667,1989.582527,8.59E-10,56
LTBR,4055,gene/protein,0.180793146,8284.802123,3.43E-09,47
LTF,4057,gene/protein,0.162453008,30161.48263,1.19E-09,23
L-thioproline,DB02846,drug,0.150594429,0,5.57E-11,50
LTV1,84946,gene/protein,0.155431464,163.2120869,9.15E-10,27
L-tyrosinamide,DB03380,drug,0.160794221,0,2.73E-12,8
Lubiprostone,DB01046,drug,1.390710221,10426.99909,0.021400688,7
LUC7L2,51631,gene/protein,0.199820594,18086.513,5.56E-09,8
Lucanthone,DB04967,drug,0.151422288,0,1.83E-10,12
Lucatumumab,DB06360,drug,0.778533503,2692.476399,0.00104514,25
Lucinactant,DB04897,drug,0.320811872,152.3098918,0.00302781,43
Luliconazole,DB08933,drug,0.268995884,16.52336202,0.00194357,29
Lulizumab pegol,DB15441,drug,0.775447143,2.711075215,0.00104473,25
Lumacaftor,DB09280,drug,0.95016228,3701.597172,0.011396713,0
Lumateperone,DB06077,drug,1.410686695,20718.59498,0.01954812,7
Lumefantrine,DB06708,drug,1.072744672,3035.739883,0.01366498,2
Lumichrome,DB04345,drug,0.151364517,0,4.33E-12,34
Lumiliximab,DB06162,drug,0.77628937,3618.641964,0.00104473,42
Lumiracoxib,DB01283,drug,2.131766515,11334.94997,0.029791519,7
Lumretuzumab,DB12683,drug,0.777907291,9.850502048,0.00104514,25
lung cancer,8903,disease,16.89917458,132.9257207,0.00038116,43
lung neoplasm,21117,disease,26.68293962,376.2068804,6.93E-05,50
Luprostiol,DB11425,drug,0.272188293,0.013680843,0.00266718,2
LURAP1,541468,gene/protein,0.159302914,602.1442534,5.77E-10,32
Lurasidone,DB08815,drug,1.967010549,10120.4268,0.028827975,7
Lurbinectedin,DB12674,drug,0.302925668,135.5269036,0.00188036,12
Lurtotecan,DB12222,drug,0.191246377,0.019387545,2.71E-05,17
Luseogliflozin,DB12214,drug,0.15,0,3.99E-71,11
Luspatercept,DB12281,drug,0.775488776,2526.442032,0.00104473,6
Lusutrombopag,DB13125,drug,0.500120769,846.550793,0.00404881,40
Lutein,DB00137,drug,0.150216928,0.49258392,1.72E-11,50
Lutetium Lu 177 dotatate,DB13985,drug,0.17802064,3794.43339,3.83E-05,8
Lutropin alfa,DB00044,drug,0.152039457,0,8.33E-12,38
LUZP1,7798,gene/protein,0.165185267,1115.533011,2.20E-09,6
LX1031,DB05199,drug,0.151054992,0,4.61E-12,9
LY2140023,DB05096,drug,0.16195087,0,8.28E-12,50
LY2181308,DB05141,drug,0.150508657,0,4.93E-11,12
LY2275796,DB05165,drug,0.150530007,0,7.70E-11,5
LY-2456302,DB12341,drug,0.213287372,0.02209265,0.00107962,59
LY249543,DB04322,drug,0.15064385,0,2.18E-11,32
LY-294002,DB02656,drug,0.150945389,0,1.33E-10,10
LY374571,DB02358,drug,0.15064385,0,2.18E-11,27
LY-517717,DB05713,drug,0.150707581,0,4.60E-12,50
LY86,9450,gene/protein,0.154948894,155.2473773,4.10E-10,10
LY96,23643,gene/protein,0.164241681,7735.942999,7.90E-10,56
Lyme disease vaccine (recombinant OspA),DB00045,drug,0.150480993,0,4.03E-11,57
Lymecycline,DB00256,drug,0.748853454,5095.528351,0.00351763,7
lymphoma,5062,disease,16.35886111,526.792421,0.0003221,36
"lymphoma, non-Hodgkin, familial",11508,disease,6.121707115,29.20123152,0.00030202,47
lymphosarcoma,4638,disease,5.67933604,13.97942116,0.00043472,46
LYN,4067,gene/protein,0.233799538,83100.1689,1.30E-08,9
Lynestrenol,DB12474,drug,1.166214848,6517.586011,0.012180019,2
Lypressin,DB14642,drug,0.168361494,74.83646748,9.84E-05,59
LYRM1,57149,gene/protein,0.152260366,146.4118509,5.61E-10,39
Lysergic acid diethylamide,DB04829,drug,1.77729384,6211.267382,0.02725155,28
Lysine Nz-Carboxylic Acid,DB03801,drug,0.150398889,0,1.68E-10,57
LYSMD2,256586,gene/protein,0.179529362,46182.08864,6.27E-10,41
Lysophosphotidylserine,DB04136,drug,0.150459983,0,9.12E-12,8
lysosomal acid lipase deficiency,10204,disease,8.43002644,4251.011765,1.61E-08,50
lysosomal lipid storage disorder,19245,disease,9.50392663,17552.3613,1.55E-05,22
LYZ,4069,gene/protein,0.157855115,65524.4062,1.57E-09,51
LYZL1,84569,gene/protein,0.165668058,818.5935198,2.61E-10,36
LZIC,84328,gene/protein,0.155577957,112.2645026,5.90E-10,39
LZTFL1,54585,gene/protein,0.15783216,515.5437377,1.00E-09,49
LZTR1,8216,gene/protein,0.182363772,6597.360954,4.09E-09,36
"M-(N,N,N-Trimethylammonio)-2,2,2-Trifluoro-1,1-Dihydroxyethylbenzene",DB03359,drug,0.150619892,0,6.53E-12,10
M0002,DB05091,drug,0.15061662,0,2.12E-11,46
M6PR,4074,gene/protein,0.161773971,16604.52665,1.21E-09,27
Macimorelin,DB13074,drug,1.06103848,12266.48933,0.012286159,16
Macitentan,DB08932,drug,1.529190768,6783.777294,0.02409954,16
MACROD1,28992,gene/protein,0.161740607,1396.841108,2.51E-09,29
macular degeneration,11285_13406_12767_12540_7932_14189_3004_5150_5417_14207_12659_14266_13420_13409_12419_13416_12674_100114,disease,1.426888046,0,1.74E-05,40
Maduramicin,DB11525,drug,0.183010588,1.635162339,0.00033501,59
MAEA,10296,gene/protein,0.161299071,7041.622673,1.28E-09,14
MAF,4094,gene/protein,0.163908475,588.6728044,2.81E-09,43
MAFB,9935,gene/protein,0.161823222,1028.020977,1.30E-09,49
Mafenide,DB06795,drug,0.175577052,12.76285977,3.19E-05,26
MAFF,23764,gene/protein,0.307373937,61989.25856,4.39E-09,30
MAFG,4097,gene/protein,0.173646851,4027.757048,3.04E-09,13
MAFIP,727764,gene/protein,0.151410169,7.433910617,1.74E-10,49
MAFK,7975,gene/protein,0.319019273,94591.19945,8.51E-09,4
Mafosfamide,DB12083,drug,0.191246377,0.019387545,2.71E-05,17
MAG,4099,gene/protein,0.153881063,425.9299357,5.88E-10,41
Magaldrate,DB08938,drug,0.778479678,4348.795633,0.00591855,58
MAGEB6,158809,gene/protein,0.161553033,255.9256327,3.88E-10,32
MAGED1,9500,gene/protein,0.197277549,13826.47749,4.50E-09,6
MAGI2,9863,gene/protein,0.167155381,1297.25616,6.26E-09,15
MAGI3,260425,gene/protein,0.157075165,571.2570479,8.74E-10,12
Magnesium,DB14513,drug,2.244370297,125078.1781,0.015418253,58
Magnesium acetate,DB13996,drug,0.497199741,460.1730314,0.0052942,52
Magnesium acetate tetrahydrate,DB09409,drug,0.49963289,497.4300114,0.0052942,2
Magnesium Aluminum Silicate,DB11230,drug,0.274307721,0.7519201,0.00141495,59
Magnesium ascorbate,DB14484,drug,0.179452615,0.08039028,0.00052936,18
Magnesium aspartate,DB13359,drug,0.520272412,996.6855748,0.00379259,16
Magnesium carbonate,DB09481,drug,1.841596713,25115.02627,0.024393886,7
Magnesium cation,DB01378,drug,0.747763404,1251.246859,0.0089154,52
Magnesium chloride,DB09407,drug,1.335673629,7632.75203,0.01878785,7
Magnesium citrate,DB11110,drug,0.885636927,3806.723498,0.00965326,50
Magnesium gluconate,DB13749,drug,0.527953737,11214.70534,0.00380154,2
Magnesium glycinate,DB11189,drug,0.739124772,640.262208,0.00887249,16
Magnesium hydroxide,DB09104,drug,1.844787541,25807.65356,0.0244321,55
Magnesium lactate,DB14515,drug,0.413747653,841.290813,0.00248935,18
Magnesium levulinate,DB14514,drug,0.413747653,810.1327197,0.00248935,18
Magnesium orotate,DB13786,drug,0.521658455,1002.86711,0.00380154,16
Magnesium oxide,DB01377,drug,1.153193142,8479.872369,0.012335382,51
Magnesium peroxide,DB13486,drug,1.108229475,7268.660556,0.011821515,44
Magnesium phosphate,DB13862,drug,0.274307721,0.7519201,0.00141495,59
Magnesium salicylate,DB01397,drug,2.001916601,23895.06884,0.02730241,7
Magnesium silicate,DB13249,drug,0.834484395,4281.260934,0.0069839,17
Magnesium stearate,DB14077,drug,0.274307721,0.7519201,0.00141495,18
Magnesium sulfate,DB00653,drug,2.200627302,42746.69902,0.028317379,28
Magnesium trisilicate,DB09281,drug,1.840039177,21602.00405,0.02440112,10
major depressive disorder,2009_12050_12100,disease,18.09732596,23.69605999,0.00072454,6
MAL,4118,gene/protein,0.196018978,15259.4126,1.57E-09,53
Malacidin A,DB14051,drug,0.183010588,1.635162339,0.00033501,59
Malacidin B,DB14052,drug,0.183010588,1.635162339,0.00033501,18
malaria,5136,disease,6.13847865,898.7477831,0.00031349,31
Malathion,DB00772,drug,0.163740785,4.973284417,0.00022178,5
Maleic Acid,DB04299,drug,0.150621818,0,1.49E-11,31
maligant granulosa cell tumor of ovary,20541,disease,13.05902086,0,0.00034548,24
malignant colon neoplasm,21063,disease,36.22337639,3.759259259,5.18E-05,54
malignant dysgerminomatous germ cell tumor of ovary,20538,disease,14.50060114,0,0.00034548,40
malignant germ cell tumor of ovary,18171,disease,27.47482301,2,0.0003458,8
malignant glioma,100342,disease,18.70729062,140.9479724,2.18E-05,6
malignant hypertension,6846_1785_1133,disease,5.165224796,7.593351299,7.37E-05,12
malignant non-dysgerminomatous germ cell tumor of ovary,16096,disease,18.82534189,0,0.00034548,54
malignant Sertoli-Leydig cell tumor of ovary,20542,disease,13.05902086,0,0.00034548,5
malignant sex cord stromal tumor of ovary,18172,disease,36.12430411,6,0.00034611,41
Malonaldehyde,DB03057,drug,0.212801152,0,1.40E-05,2
Malonate Ion,DB02201,drug,0.15267821,0,3.06E-12,43
Malonic acid,DB02175,drug,0.150381611,0,2.42E-10,27
MALT1,10892,gene/protein,0.178272828,1412.58579,9.39E-09,20
Maltose,DB03323,drug,0.151253408,0,1.47E-12,38
"Maltosyl-Alpha (1,4)-D-Gluconhydroximo-1,5-Lactam",DB01922,drug,0.152083918,0,9.07E-13,19
Maltotetraose,DB02237,drug,0.183010588,1.635162339,0.00033501,18
MAML3,55534,gene/protein,0.157965847,401.5593887,1.72E-09,40
MAN1B1,11253,gene/protein,0.154740057,19810.53385,1.46E-09,4
MAN2A1,4124,gene/protein,0.157419307,44251.4184,2.49E-10,10
Managlinat dialanetil,DB05518,drug,0.150692977,0,2.15E-11,34
Mangafodipir,DB06796,drug,1.04332054,15178.66042,0.01632595,2
Manganese,DB06757,drug,0.154349423,0,1.48E-10,27
Manidipine,DB09238,drug,1.867163396,12950.8171,0.02534995,16
Manitimus,DB06481,drug,0.151682742,0,1.73E-12,13
Mannitol,DB00742,drug,1.754302501,11576.43498,0.024939723,10
Mannitol busulfan,DB12097,drug,0.51429417,1.508106205,0.00653916,16
Mannosulfan,DB13334,drug,0.191246377,0.019387545,2.71E-05,52
MANSC1,54682,gene/protein,0.176978821,3125.842503,1.24E-09,39
Mant-Adp,DB03126,drug,0.15095802,0,1.38E-11,11
mantle cell lymphoma,18876_6430,disease,2.630443438,0,0.00040746,36
MAOA,4128,gene/protein,0.156362019,45332.933,1.52E-09,26
MAOB,4129,gene/protein,0.155016861,83535.97953,1.06E-09,29
MAP1LC3A,84557,gene/protein,0.200423436,12140.61292,3.64E-09,47
MAP1LC3B,81631,gene/protein,0.198836026,14347.83769,4.45E-09,8
MAP1S,55201,gene/protein,0.158834697,697.060999,1.60E-09,15
MAP2,4133,gene/protein,0.164296514,3797.860541,2.45E-09,1
MAP2K1,5604,gene/protein,0.202453709,63658.19377,1.48E-08,4
MAP2K2,5605,gene/protein,0.168715646,6290.876726,5.21E-09,50
MAP2K3,5606,gene/protein,0.183543384,3603.430849,8.37E-09,15
MAP2K4,6416,gene/protein,0.183157229,2265.039718,1.06E-08,4
MAP2K5,5607,gene/protein,0.178323414,2742.218951,7.48E-09,53
MAP2K6,5608,gene/protein,0.173159443,1932.362817,6.20E-09,21
MAP2K7,5609,gene/protein,0.194187335,11872.54192,1.04E-08,23
MAP3K1,4214,gene/protein,0.183802381,13766.20706,8.09E-09,6
MAP3K13,9175,gene/protein,0.157420081,1160.495126,1.78E-09,23
MAP3K14,9020,gene/protein,0.189457772,5610.577481,8.23E-09,15
MAP3K2,10746,gene/protein,0.172619195,2784.900595,4.82E-09,32
MAP3K3,4215,gene/protein,0.178878673,5460.012923,6.60E-09,19
MAP3K5,4217,gene/protein,0.216774478,35915.49976,1.18E-08,27
MAP3K7,6885,gene/protein,0.245810188,31121.30261,1.92E-08,33
MAP3K8,1326,gene/protein,0.177842992,2702.368484,6.78E-09,9
MAP3K9,4293,gene/protein,0.161997754,5823.393289,6.53E-09,4
MAP4,4134,gene/protein,0.164068556,3266.120982,3.28E-09,13
MAP4K1,11184,gene/protein,0.165782486,1302.740504,4.57E-09,41
MAP4K4,9448,gene/protein,0.166494769,1486.863325,5.04E-09,47
MAP4K5,11183,gene/protein,0.168578794,2744.652545,4.67E-09,34
MAP7D1,55700,gene/protein,0.157749395,1014.608919,1.59E-09,34
MAPK1,5594,gene/protein,0.33863038,339835.8586,3.18E-08,1
MAPK10,5602,gene/protein,0.195383132,89414.11036,1.08E-08,9
MAPK11,5600,gene/protein,0.185548338,9721.322268,9.67E-09,8
MAPK12,6300,gene/protein,0.181558885,11626.95227,8.48E-09,31
MAPK13,5603,gene/protein,0.16944758,6304.42115,4.68E-09,46
MAPK14,1432,gene/protein,0.29116269,413807.5197,2.41E-08,4
MAPK3,5595,gene/protein,0.292401823,222865.7676,2.32E-08,1
MAPK6,5597,gene/protein,0.247385518,104239.3163,6.82E-09,21
MAPK7,5598,gene/protein,0.18892364,20977.89142,6.64E-09,54
MAPK8,5599,gene/protein,0.265865432,122467.9307,2.30E-08,23
MAPK8IP1,9479,gene/protein,0.17263549,8192.049969,7.78E-09,30
MAPK9,5601,gene/protein,0.221263413,41456.45333,1.60E-08,13
MAPKAP1,79109,gene/protein,0.164043187,1361.991889,2.22E-09,51
MAPKAPK2,9261,gene/protein,0.187476972,27992.78015,1.09E-08,35
MAPKAPK3,7867,gene/protein,0.17730204,8864.664513,1.01E-08,38
MAPKAPK5,8550,gene/protein,0.199285805,8033.931783,7.02E-09,47
MAPRE1,22919,gene/protein,0.207514023,19028.32762,6.83E-09,33
Maprotiline,DB00934,drug,2.609638495,32156.93836,0.03647907,25
MAPT,4137,gene/protein,0.20444489,31211.58131,1.08E-08,56
Maraviroc,DB04835,drug,0.245207767,608.1164532,0.00107818,2
Marbofloxacin,DB11426,drug,0.183010588,1.635162339,0.00033501,18
MARCKS,4082,gene/protein,0.159198627,733.8873419,2.70E-09,29
MARCKSL1,65108,gene/protein,0.165017613,3913.975432,1.74E-09,55
MARCO,8685,gene/protein,0.15087403,5405.828298,4.89E-12,47
Mardepodect,DB08387,drug,0.156401436,0,1.85E-12,46
Margetuximab,DB14967,drug,1.240664119,22155.03957,0.00109829,42
Marimastat,DB00786,drug,0.159240659,0,7.37E-11,40
MARK2,2011,gene/protein,0.179404233,8637.893904,6.27E-09,54
MARK3,4140,gene/protein,0.178945364,10188.29031,5.86E-09,49
Masitinib,DB11526,drug,0.191246377,0.019387545,2.71E-05,52
Masoprocol,DB00179,drug,0.192962815,782.137428,2.71E-05,5
MASP2,10747,gene/protein,0.158133881,5726.818604,3.73E-11,50
MAST2,23139,gene/protein,0.16619777,1450.132963,3.75E-09,55
MAST3,23031,gene/protein,0.157069414,295.2877702,1.82E-09,54
mastocytosis,7950,disease,2.506258316,96.5487366,0.00021188,11
MAT1A,4143,gene/protein,0.159863557,11305.4622,8.88E-10,10
MAT2A,4144,gene/protein,0.173356761,3708.09939,3.60E-09,10
MAT2B,27430,gene/protein,0.160418535,1148.100721,8.87E-10,23
Matairesinol,DB04200,drug,0.193471603,0,1.45E-13,41
MATN3,4148,gene/protein,0.152782967,131.2560694,1.89E-10,29
MATR3,9782,gene/protein,0.213807942,24539.34283,6.85E-09,47
mature T-cell and NK-cell non-Hodgkin lymphoma,430,disease,4.712593234,29.16016655,3.48E-05,9
Matuzumab,DB05101,drug,0.7782872,8393.863169,0.00104514,42
Mavrilimumab,DB12534,drug,0.775447143,2.711075215,0.00104473,42
MAVS,57506,gene/protein,0.189298053,6254.263577,6.12E-09,13
MAX,4149,gene/protein,0.447064869,221686.683,1.53E-08,36
Maxacalcitol,DB06272,drug,0.417468297,4893.084914,0.00186771,41
Maxy-G34,DB05718,drug,0.166737965,1.12584794,0.0001032,3
MAZ,4150,gene/protein,0.158245964,901.6270189,1.61E-09,29
Mazaticol,DB13448,drug,1.291386937,1489.792186,0.019010736,28
Mazindol,DB00579,drug,1.356040949,28668.78381,0.01676055,7
MB,4151,gene/protein,0.151890579,57117.97355,3.17E-10,29
MB-07803,DB05053,drug,0.150692977,0,2.15E-11,57
MB07811,DB05192,drug,0.15053768,0,4.07E-11,10
MB21D2,151963,gene/protein,0.156726732,390.5255993,2.68E-10,29
MBD4,8930,gene/protein,0.163852184,1865.287951,1.89E-09,14
MBL2,4153,gene/protein,0.164658519,41443.96796,1.01E-09,21
MBNL3,55796,gene/protein,0.17438746,1173.060271,2.75E-09,10
MBOAT7,79143,gene/protein,0.179593944,10841.88984,1.55E-09,33
MBP,4155,gene/protein,0.188769632,10471.78049,3.92E-09,23
MBTPS1,8720,gene/protein,0.157063833,497.3342988,1.96E-09,29
MC1R,4157,gene/protein,0.152414457,11595.39996,2.61E-10,4
MC2R,4158,gene/protein,0.150716203,9704.07263,8.08E-10,35
MC4R,4160,gene/protein,0.154947335,6550.151436,3.78E-10,10
MCAT,27349,gene/protein,0.166484951,6904.031402,9.66E-10,14
MCC,DB05282,drug,0.15065832,0,3.27E-11,5
MCC,4163,gene/protein,0.18523594,6554.254397,2.74E-09,31
MCF2,4168,gene/protein,0.156814404,227.675154,1.80E-09,40
m-Chlorophenylpiperazine,DB12110,drug,1.044973141,495.9808951,0.016419482,25
MCM10,55388,gene/protein,0.171100907,2727.927411,2.42E-09,39
MCM2,4171,gene/protein,0.191772075,6606.493675,5.31E-09,30
MCM3,4172,gene/protein,0.191480407,8444.23319,4.79E-09,11
MCM3AP,8888,gene/protein,0.160140535,590.8256615,2.16E-09,50
MCM3AP-AS1,114044,gene/protein,0.15108559,4.57621303,2.73E-10,11
MCM4,4173,gene/protein,0.175458785,2329.703174,3.62E-09,21
MCM5,4174,gene/protein,0.177368987,2431.432974,4.42E-09,56
MCM6,4175,gene/protein,0.175074025,2614.74257,3.32E-09,10
MCM7,4176,gene/protein,0.220144954,22382.7877,8.06E-09,36
MCMBP,79892,gene/protein,0.168670339,2297.032617,1.99E-09,20
MCOLN1,57192,gene/protein,0.157375807,1097.265429,6.51E-10,29
MCOLN3,55283,gene/protein,0.175888231,865.6022141,9.33E-11,4
MCPH1,79648,gene/protein,0.186376421,7956.347179,3.66E-09,47
M-Cresol,DB01776,drug,0.15057274,0,4.62E-11,27
MCRS1,10445,gene/protein,0.224541118,19544.45059,4.10E-09,43
MCTS2P,100101490,gene/protein,0.150615768,0,3.61E-10,9
MCU,90550,gene/protein,0.16045046,3463.937721,9.37E-10,32
MDFI,4188,gene/protein,0.341069639,84936.50642,7.09E-09,4
MDH1,4190,gene/protein,0.162160367,2967.713591,1.98E-09,14
MDH2,4191,gene/protein,0.181259487,6277.590448,2.84E-09,27
MDK,4192,gene/protein,0.1715624,3071.106456,1.81E-09,56
"Mdl 101,146",DB02341,drug,0.152049584,0,9.61E-12,39
Mdl-29951,DB04175,drug,0.150692977,0,2.15E-11,31
MDL72527,DB04188,drug,0.152193718,0,3.70E-12,13
MDM2,4193,gene/protein,0.316958279,186671.9627,2.80E-08,30
MDM4,4194,gene/protein,0.199127337,10454.61515,1.04E-08,14
MDN1,23195,gene/protein,0.162322152,2052.619715,2.25E-09,32
MDP1,145553,gene/protein,0.157257019,487.9476975,9.93E-10,11
MDX-018,DB05484,drug,0.150451668,0,3.66E-11,51
MDX-1303,DB05945,drug,0.158711946,0,2.51E-11,39
ME2,4200,gene/protein,0.151206266,5935.642376,5.48E-12,31
ME3,10873,gene/protein,0.150415724,4992.837828,1.05E-10,1
Mebanazine,DB09248,drug,1.815202185,6440.866232,0.027339627,49
Mebendazole,DB00643,drug,0.160625868,93.6552952,0.0001218,10
Mebeverine,DB12554,drug,1.415995183,5189.089905,0.020231204,24
Mebhydrolin,DB13808,drug,0.162007157,0.300050026,0.00015771,49
Mebicar,DB13522,drug,0.993538391,167.6571274,0.015735013,39
Mebutamate,DB06797,drug,0.993533662,5.146994375,0.015735013,28
Mebutizide,DB13430,drug,1.715938913,15637.20114,0.020173437,58
Mecamylamine,DB00657,drug,2.029042678,24218.72664,0.028187853,41
Mecasermin,DB01277,drug,0.934064168,40872.44341,0.010335245,52
Mecasermin rinfabate,DB14751,drug,0.151388717,0,2.83E-10,9
Mechlorethamine,DB00888,drug,1.17709285,14854.52004,0.01095893,20
Meclizine,DB00737,drug,1.300674219,3691.609216,0.0202457,16
Meclocycline,DB13092,drug,0.159432148,72.42530388,6.68E-05,43
Meclofenamic acid,DB00939,drug,2.041501924,16137.43922,0.02782719,7
Mecobalamin,DB03614,drug,0.151016135,0,9.21E-12,27
MECOM,2122,gene/protein,0.173008924,1847.28379,3.79E-09,56
MECP2,4204,gene/protein,0.20467571,11227.42925,4.78E-09,30
MECR,51102,gene/protein,0.153440362,45.59183279,6.68E-10,13
MED1,5469,gene/protein,0.192029059,13596.50918,7.11E-09,46
MED12,9968,gene/protein,0.180693401,5123.308578,3.86E-09,49
MED13,9969,gene/protein,0.165108386,427.601295,1.55E-09,41
MED13L,23389,gene/protein,0.160611503,646.2056879,8.88E-10,19
MED14,9282,gene/protein,0.178130938,4247.436539,4.87E-09,45
MED15,51586,gene/protein,0.182205261,3779.362238,4.24E-09,40
MED17,9440,gene/protein,0.17404544,2001.861793,3.62E-09,50
MED21,9412,gene/protein,0.192679701,6192.42306,4.04E-09,46
MED23,9439,gene/protein,0.173910539,3448.113123,3.62E-09,19
MED24,9862,gene/protein,0.172222643,3924.210823,3.77E-09,32
MED25,81857,gene/protein,0.178030406,4368.695641,3.34E-09,12
MED26,9441,gene/protein,0.171827127,594.0209442,1.05E-09,4
MED28,80306,gene/protein,0.182587874,4359.224146,3.34E-09,51
MED6,10001,gene/protein,0.166740846,1065.519251,2.60E-09,5
MED7,9443,gene/protein,0.167028758,885.8727097,1.20E-09,56
Medazepam,DB13437,drug,1.208973707,2247.875322,0.01741865,25
Medetomidine,DB11428,drug,1.476695886,1896.696013,0.023886683,28
Medical Cannabis,DB14009,drug,1.734213328,80720.57548,0.021944231,2
Medifoxamine,DB13219,drug,1.0155003,165.0530983,0.01600334,28
Medrogestone,DB09124,drug,0.344352449,530.242774,0.00186894,18
Medroxyprogesterone acetate,DB00603,drug,2.077477508,49564.17228,0.02558232,16
Medrysone,DB00253,drug,0.427024002,1735.300056,0.0023485,2
MEF2C,4208,gene/protein,0.179683578,4186.4559,5.33E-09,6
MEF2D,4209,gene/protein,0.172979857,4441.25017,6.04E-09,46
Mefenamic acid,DB00784,drug,2.184109311,13763.6529,0.030354552,7
Mefenorex,DB13852,drug,1.012341996,838.995527,0.015386801,12
Mefloquine,DB00358,drug,1.388327167,6447.44907,0.01828017,16
Mefruside,DB13405,drug,1.042433263,1964.208468,0.014377965,28
MEFV,4210,gene/protein,0.156141179,236.1778125,8.09E-10,4
Megestrol acetate,DB00351,drug,1.747937212,34841.74142,0.021765992,16
Meglutol,DB04377,drug,0.151192124,0,1.14E-11,43
MEIS1,4211,gene/protein,0.160202111,389.2678372,1.10E-09,29
Meladrazine,DB13272,drug,0.164680733,0,3.31E-07,2
Melagatran,DB13616,drug,1.086409868,2983.501777,0.00983006,25
melanoacanthoma,6579,disease,2.445510263,0,4.87E-05,31
melanoma,5105_5012,disease,19.86637627,362.0412966,3.07E-05,34
Melarsoprol,DB12864,drug,0.15,0,3.99E-71,41
Melatonin,DB01065,drug,1.693903286,59182.75379,0.024313472,7
Melengestrol,DB11529,drug,1.499779596,9659.173669,0.01303714,17
Melengestrol acetate,DB14659,drug,1.339168729,6606.456279,0.013992845,17
Melevodopa,DB13313,drug,0.206104065,12.27567298,0.00121675,40
melioidosis,17775,disease,0.183732859,0,3.72E-05,6
Melitracen,DB13384,drug,1.848751885,6871.42478,0.027772761,28
Meloxicam,DB00814,drug,2.195433194,19672.00261,0.030120365,7
Melperone,DB09224,drug,2.238705376,13941.19727,0.03335819,28
Melphalan,DB01042,drug,0.854054225,4809.941374,0.00586424,32
Memantine,DB01043,drug,1.778347417,31394.73393,0.023701234,7
MEN1,4221,gene/protein,0.176505521,3584.226859,4.99E-09,12
Menadione,DB00170,drug,0.563448865,13968.6563,0.00436418,48
Menaquinone,DB15381,drug,0.155856417,0,5.40E-06,2
Menaquinone 6,DB14936,drug,0.155856417,0,5.40E-06,2
Menaquinone 7,DB13075,drug,0.155856417,0,5.40E-06,0
Menatetrenone,DB12148,drug,0.155856417,0,5.40E-06,0
Meniere disease,7972,disease,4.53207441,276.1897317,2.23E-05,8
meningitis (disease),21108,disease,0.864711952,0,3.13E-05,53
meningococcal infection,18059_5373,disease,0.184325618,0,0.00012898,55
Menotropins,DB00032,drug,0.153444572,0,2.38E-11,34
mental disorder,5084,disease,11.60658767,183.1924663,0.00024542,34
Menthyl salicylate,DB11201,drug,0.150863397,0,4.27E-11,50
MEOX1,4222,gene/protein,0.189446886,7428.657268,2.26E-09,4
MEOX2,4223,gene/protein,0.40809285,224670.0095,8.05E-09,9
MEP1A,4224,gene/protein,0.160806144,965.3914349,1.74E-10,1
Mepartricin,DB13633,drug,0.531509069,283.107659,0.0049801,2
Mepenzolate,DB04843,drug,1.291620699,2484.481801,0.01898649,5
Meperidine,DB00454,drug,2.628088495,40009.61484,0.03604949,7
Mephedrone,DB13108,drug,1.467645015,7687.343079,0.020165944,7
Mephenesin,DB13583,drug,0.161645664,0.144895937,0.00023773,18
Mephenoxalone,DB13754,drug,0.998721359,13.04803175,0.015784089,28
Mephentermine,DB01365,drug,1.491437051,14877.33468,0.02023729,7
Mephenytoin,DB00532,drug,2.127867411,33178.9554,0.026932197,7
Mepindolol,DB13530,drug,1.559531401,8307.664514,0.01982928,28
Mepivacaine,DB00961,drug,1.101024027,2537.002473,0.016963214,58
Mepolizumab,DB06612,drug,1.171180808,8878.141378,0.00436901,15
Meprednisone,DB09383,drug,1.771997166,13773.04497,0.01703504,44
Meprobamate,DB00371,drug,1.006538189,396.6556343,0.015795503,16
Meptazinol,DB13478,drug,1.225406675,1588.433793,0.018327319,28
Mepyramine,DB06691,drug,1.441587244,3076.860806,0.021583477,28
Mequitazine,DB01071,drug,1.161889961,2020.128673,0.016015015,59
Mercaptoethanol,DB03345,drug,0.15262269,0,7.92E-11,45
Mercaptopurine,DB01033,drug,1.477489869,30308.63788,0.013319817,17
Mercuribenzoic Acid,DB03975,drug,0.150737685,0,2.16E-12,10
Mercuric iodide,DB04445,drug,0.150800429,0,5.21E-12,46
Merestinib,DB12381,drug,0.191246377,0.019387545,2.71E-05,2
Meropenem,DB00760,drug,1.068865491,3536.112562,0.016614392,22
Mersalyl,DB09338,drug,1.187931082,12462.8156,0.01777019,52
MERTK,10461,gene/protein,0.165418203,5983.973488,8.20E-09,45
Mesalazine,DB00244,drug,2.107904272,39280.66947,0.0284508,7
Mesobiliverdin IV alpha,DB04363,drug,0.151364517,0,4.33E-12,32
Mesoridazine,DB00933,drug,1.716550711,7764.699512,0.023999918,7
Mesoxalic acid,DB03589,drug,0.168360756,0,4.47E-14,38
Mesterolone,DB13587,drug,0.370509839,26.75222451,0.00259279,2
Mestranol,DB01357,drug,1.876864236,72062.62652,0.014667497,42
MET,4233,gene/protein,0.236612136,114290.0522,1.76E-08,23
Metabutethamine,DB13578,drug,0.173126322,3.189951264,8.97E-06,2
Metacycline,DB00931,drug,0.728785618,5371.847463,0.00306845,52
Metahexamide,DB13675,drug,1.596296561,12551.05824,0.017904746,44
Metamfetamine,DB01577,drug,2.53874561,49167.15783,0.035224833,28
Metamizole,DB04817,drug,2.168781211,11930.02476,0.029978268,7
Metampicillin,DB13836,drug,0.373732545,75.48733461,0.00232483,52
METAP1,23173,gene/protein,0.160963944,20931.63108,1.92E-09,56
METAP1D,254042,gene/protein,0.154134304,75.89575185,1.06E-09,5
METAP2,10988,gene/protein,0.175176426,80812.8168,1.62E-09,33
Metaraminol,DB00610,drug,1.050934193,1298.437428,0.015780946,50
metastatic melanoma,5191,disease,18.13281811,24.86519575,0.00014853,40
Metaxalone,DB00660,drug,1.777262032,5464.714921,0.0287123,7
Metenkefalin,DB12668,drug,0.165429137,0,3.64E-11,15
Metenolone,DB13710,drug,0.22382692,1.247069418,0.00085718,35
Metergoline,DB13520,drug,1.6151652,5841.688431,0.024378042,28
Metformin,DB00331,drug,1.991536034,38827.96624,0.023796718,7
Methacholine,DB06709,drug,0.304707439,96.71235548,0.00204027,59
Methacrylyl-Coenzyme A,DB01675,drug,0.151733469,0,6.46E-12,55
Methadone,DB00333,drug,2.847501516,54008.63363,0.03768339,28
Methadyl acetate,DB01433,drug,1.225922855,3359.997046,0.018327319,57
Methallenestril,DB13143,drug,1.013542562,8362.41869,0.00390314,44
Methanesulfonyl Fluoride,DB13058,drug,0.504190757,243.9519662,0.00576599,16
Methantheline,DB00940,drug,1.455322922,12385.60772,0.019839462,48
Methapyrilene,DB04819,drug,1.038629627,593.0915025,0.0162238,13
Methaqualone,DB04833,drug,1.010082589,132.5862115,0.01593403,7
Metharbital,DB00463,drug,1.374813858,5440.061926,0.01879808,7
Methazolamide,DB00703,drug,1.419716967,7465.68485,0.019983473,52
Methdilazine,DB00902,drug,0.307776475,173.8242617,0.00265255,0
methemoglobinemia,1117,disease,3.951580999,3.428404791,4.41E-05,36
Methenamine,DB06799,drug,0.309235719,253.2346317,0.0016885,59
Methimazole,DB00763,drug,2.442358483,50766.56718,0.029225461,58
Methionine,DB00134,drug,0.173973873,2536.187116,1.87E-05,55
Methocarbamol,DB00423,drug,0.999286431,161.2225696,0.015743,28
Methohexital,DB00474,drug,1.758661189,8474.530127,0.02478703,16
Methoserpidine,DB13631,drug,0.892050864,315.0892767,0.013790916,58
Methotrexate,DB00563,drug,3.52392795,229716.3395,0.02595689,58
Methotrimeprazine,DB01403,drug,2.36753672,28914.36103,0.03191293,25
Methoxamine,DB00723,drug,1.05273405,1579.810568,0.01578095,45
Methoxsalen,DB00553,drug,1.272806277,10301.2967,0.018732782,52
Methoxy arachidonyl fluorophosphonate,DB02465,drug,0.155824215,0,1.85E-13,45
Methoxy polyethylene glycol-epoetin beta,DB09107,drug,7.560180053,323145.6396,0.00352747,37
Methoxyflurane,DB01028,drug,2.013050293,22976.60667,0.02923815,28
Methoxyphenamine,DB13624,drug,1.472284355,7867.053624,0.020208612,25
METHOXYUNDECYLPHOSPHINIC ACID,DB08222,drug,0.160337487,0,3.00E-12,21
Methscopolamine,DB11315,drug,1.290253898,2186.462875,0.018986486,12
Methscopolamine bromide,DB00462,drug,1.292580681,1830.155262,0.01898649,25
Methsuximide,DB05246,drug,2.24627702,17724.66438,0.029955856,26
Methyclothiazide,DB00232,drug,2.122069307,27992.81992,0.027009735,7
"methyl (1R,2S)-2-(hydroxycarbamoyl)-1-{4-[(2-methylquinolin-4-yl)methoxy]benzyl}cyclopropanecarboxylate",DB07147,drug,0.150435305,0,7.17E-11,32
Methyl (2S)-2-[[2-[(3R)-1-carbamimidoylpiperidin-3-yl]acetyl]amino]-3-[4-(2-phenylethynyl)phenyl]propanoate,DB03453,drug,0.150487281,0,6.61E-11,15
METHYL (2Z)-3-METHOXY-2-{2-[(E)-2-PHENYLVINYL]PHENYL}ACRYLATE,DB08330,drug,0.157333796,0,5.95E-11,40
methyl (3S)-3-[(tert-butoxycarbonyl)amino]-4-oxopentanoate,DB07696,drug,0.150390311,0,7.41E-11,9
"METHYL 1-(4-{[(2,4-DIAMINOPTERIDIN-6-YL)METHYL](METHYL)AMINO}BENZOYL)PIPERIDINE-4-CARBOXYLATE",DB07765,drug,0.152264773,0,3.25E-12,32
"METHYL 1-(4-{[(2,4-DIAMINOPTERIDIN-6-YL)METHYL]AMINO}BENZOYL)PIPERIDINE-4-CARBOXYLATE",DB07689,drug,0.152264773,0,3.25E-12,5
"METHYL 3-CHLORO-2-{3-[(2,5-DIHYDROXY-4-METHOXYPHENYL)AMINO]-3-OXOPROPYL}-4,6-DIHYDROXYBENZOATE",DB08464,drug,0.150914362,0,2.55E-10,41
"methyl 4-(2,3-dihydroxy-5-methylphenoxy)-2-hydroxy-6-methylbenzoate",DB08179,drug,0.150649588,0,1.25E-11,12
"Methyl 4,6-O-[(1R)-1-carboxyethylidene]-beta-D-galactopyranoside",DB01651,drug,0.151351303,0,4.83E-12,13
"METHYL 4-{[({[(2R,5S)-5-{[(2S)-2-(AMINOMETHYL)PYRROLIDIN-1-YL]CARBONYL}PYRROLIDIN-2-YL]METHYL}AMINO)CARBONYL]AMINO}BENZOATE",DB07328,drug,0.150646997,0,2.26E-12,39
Methyl alpha-D-mannoside,DB01979,drug,0.151014201,0,8.04E-12,54
Methyl aminolevulinate,DB00992,drug,0.151866037,0,1.74E-05,26
Methyl beta-L-fucopyranoside,DB03194,drug,0.151014201,0,8.04E-12,9
methyl L-phenylalaninate,DB06838,drug,0.150459983,0,9.12E-12,32
Methyl Methylsulfinylmethyl Sulfide,DB02311,drug,0.15047917,0,6.38E-11,21
"METHYL N-({(2S,3S)-3-[(PROPYLAMINO)CARBONYL]OXIRAN-2-YL}CARBONYL)-L-ISOLEUCYL-L-PROLINATE",DB07223,drug,0.150638328,0,1.69E-11,21
"METHYL N-[(2',4'-DIFLUORO-4-HYDROXY-5-IODOBIPHENYL-3-YL)CARBONYL]-BETA-ALANINATE",DB07962,drug,0.150550616,0,1.84E-11,9
Methyl nonanoate,DB01631,drug,0.15114418,0,2.30E-11,40
Methyl salicylate,DB09543,drug,0.666452019,676.463603,0.00590538,44
METHYL(2-ACETOXY-2-(2-CARBOXY-4-AMINO-PHENYL))ACETATE,DB07957,drug,0.151403962,0,4.19E-12,38
Methyl-1-testosterone,DB01572,drug,0.287633841,68.21460872,0.00123021,16
Methyl-2-S-(Alpha-D-Mannopyranosyl)-2-Thio-Alpha-D-Mannopyranoside,DB02422,drug,0.151384516,0,1.16E-11,39
METHYLAMINO-PHENYLALANYL-LEUCYL-HYDROXAMIC ACID,DB08403,drug,0.151627551,0,1.23E-11,22
Methylcellulose,DB11228,drug,0.63092598,114.7167054,0.00801359,16
Methyldopa,DB00968,drug,1.918757774,44823.13679,0.026008906,7
Methylecgonine,DB04688,drug,0.190212581,2412.041429,0.00090571,48
Methylene blue,DB09241,drug,2.898305812,61012.20124,0.038617373,28
Methylenedioxyethamphetamine,DB01566,drug,0.926948892,3767.723216,0.010091689,7
Methylergometrine,DB00353,drug,1.117032569,5377.445799,0.015833383,16
Methylestrenolone,DB13533,drug,0.312899617,89.021994,0.00130856,2
Methylethylamine,DB02396,drug,0.153688769,0,2.52E-12,10
methylmalonic acidemia,2012,disease,0.320619674,0,3.07E-05,36
Methylnaltrexone,DB06800,drug,1.123753619,3931.862557,0.017174377,7
Methylpentynol,DB13733,drug,0.995950548,32.5994194,0.015775779,45
Methylphenidate,DB00422,drug,1.718870996,9622.813155,0.02643966,7
Methylphenobarbital,DB00849,drug,2.113103692,34668.37888,0.02692018,28
Methylphosphinate,DB02825,drug,0.150619892,0,6.53E-12,11
Methylphosphinic Acid,DB02845,drug,0.50691348,404.8684446,0.00576599,17
METHYL-PHOSPHONIC ACID MONO-(4-NITRO-PHENYL) ESTER,DB08413,drug,0.150594146,0,6.94E-12,54
Methylprednisolone,DB00959,drug,1.693443718,43180.51249,0.015216006,37
Methylprednisolone aceponate,DB14643,drug,0.307900917,14.20264846,0.00196185,52
Methylprednisolone hemisuccinate,DB14644,drug,1.353950136,9544.74642,0.013863257,17
Methylprednisone,DB12952,drug,0.811247632,538.8357103,0.00873446,48
Methylpropylpropanediol dinitrate,DB13408,drug,0.263860955,21.89393829,0.00186373,2
Methylselenocysteine,DB12697,drug,0.195723946,48.5386846,3.78E-05,2
Methyltestosterone,DB06710,drug,1.496224731,32062.74283,0.0208437,52
Methylthioninium,DB08167,drug,0.430847586,52.79331924,0.00598133,16
Methylthiouracil,DB13644,drug,0.685843929,3420.577349,0.00519185,58
Methylumbelliferyl chitotriose,DB04268,drug,0.150888588,0,1.24E-11,21
Methyprylon,DB01107,drug,1.002479308,368.72568,0.01577578,16
Methysergide,DB00247,drug,2.016090784,11187.91982,0.029455613,28
Metiamide,DB08805,drug,0.34292658,471.8924971,0.00142849,52
Meticillin,DB01603,drug,0.373732545,313.1376455,0.00232483,55
Meticrane,DB13284,drug,1.042433263,2008.186319,0.014377965,39
Metildigoxin,DB13401,drug,1.245525475,10734.26489,0.012151551,44
Metipranolol,DB01214,drug,0.53161473,1174.431793,0.00590824,59
Metixene,DB00340,drug,1.29515377,2585.241491,0.01901074,54
Metoclopramide,DB01233,drug,2.739142846,49376.47578,0.03600244,28
Metocurine,DB01336,drug,1.630909685,8493.984302,0.022109418,28
Metocurine iodide,DB00416,drug,1.508560689,6725.101155,0.020399324,28
Metolazone,DB00524,drug,2.053029076,12810.55367,0.029589604,39
Metoprine,DB04655,drug,0.242529842,466.5687766,7.40E-05,59
Metoprolol,DB00264,drug,2.677048196,55665.74578,0.03389027,25
Metreleptin,DB09046,drug,1.396162983,16304.05279,0.014024782,26
Metribolone,DB02998,drug,0.151195896,0,5.46E-10,36
Metrifonate,DB11473,drug,0.504190757,243.9519662,0.00576599,52
Metronidazole,DB00916,drug,1.38236785,7397.3501,0.017820648,2
METTL1,4234,gene/protein,0.155270119,47.16158694,1.71E-09,22
METTL13,51603,gene/protein,0.157035582,1036.787044,1.20E-09,57
METTL14,57721,gene/protein,0.15213895,28.99123908,1.12E-10,11
METTL3,56339,gene/protein,0.156978329,1749.417653,9.49E-10,22
Metyrapone,DB01011,drug,1.351421466,2414.56487,0.020072986,52
Metyrosine,DB00765,drug,1.438423666,6489.179404,0.022990938,28
Mevastatin,DB06693,drug,0.336132707,235.8946877,0.00200741,59
Mexazolam,DB15489,drug,0.156662725,0,4.49E-11,54
Mexiletine,DB00379,drug,1.104907458,3981.238597,0.014551785,2
Mezlocillin,DB00948,drug,0.370399235,385.3687854,0.00229448,11
MF101,DB05052,drug,0.150430163,0,1.30E-10,53
MF268,DB04021,drug,0.150619892,0,6.53E-12,43
MFAP2,4237,gene/protein,0.159538762,1644.967337,5.26E-10,50
MFF,56947,gene/protein,0.185796877,4887.073182,6.79E-10,20
MFSD14A,64645,gene/protein,0.152349637,64.26153155,2.63E-10,53
MFSD14B,84641,gene/protein,0.175146418,1488.099653,2.19E-10,14
MFSD3,113655,gene/protein,0.16152422,1292.460231,1.05E-09,39
MFSD6,54842,gene/protein,0.1689127,613.6793654,1.26E-10,5
MGAM,8972,gene/protein,0.154337022,866.576346,5.52E-11,40
MGAT1,4245,gene/protein,0.15442051,862.3879623,3.95E-10,1
MGAT4C,25834,gene/protein,0.16290272,943.6662545,1.48E-10,53
MGME1,92667,gene/protein,0.164961237,4381.493021,1.94E-09,34
MGMT,4255,gene/protein,0.156534219,11428.69284,2.92E-09,56
MGP,4256,gene/protein,0.15782648,675.6244633,4.14E-10,56
MGST2,4258,gene/protein,0.168132459,11842.25825,7.24E-10,41
m-Hydroxyhippuric acid,DB07069,drug,0.152246483,503.9265262,2.12E-05,6
Mianserin,DB06148,drug,2.035225938,18279.7879,0.02965667,28
MIB2,142678,gene/protein,0.162770224,3246.289651,2.75E-09,34
Mibefradil,DB01388,drug,2.181381467,16132.95691,0.02820722,7
Mibolerone,DB11429,drug,0.361828117,1720.893548,0.00208739,59
MICA,100507436,gene/protein,0.17166377,9851.14196,1.38E-09,43
Micafungin,DB01141,drug,0.18970999,3168.608582,0.00039648,0
Miconazole,DB01110,drug,1.076157616,15216.04052,0.014606471,2
microcytic anemia,1245,disease,4.086759072,2.551633,4.87E-05,41
Micronomicin,DB13274,drug,0.15554206,0.06473931,4.71E-05,0
MICU2,221154,gene/protein,0.159436992,2304.533989,1.31E-09,5
MID1,4281,gene/protein,0.178495551,4768.164333,3.16E-09,11
MID1IP1,58526,gene/protein,0.155579286,244.7089104,1.56E-09,43
Midazolam,DB00683,drug,2.314989823,18093.54288,0.03345421,7
Midecamycin,DB13456,drug,0.540329495,290.8264741,0.00508938,59
Midodrine,DB00211,drug,1.144757682,4043.467356,0.01697761,29
Midomafetamine,DB01454,drug,2.011974476,22073.57534,0.02806523,28
Midostaurin,DB06595,drug,1.587710508,52415.8426,0.01874412,59
MIF,4282,gene/protein,0.15828215,41172.55719,1.90E-09,1
MIF4GD,57409,gene/protein,0.167236735,2111.720659,1.39E-09,43
Mifamurtide,DB13615,drug,0.307632554,4925.661821,0.00308909,2
Mifepristone,DB00834,drug,2.242397788,62942.121,0.025167502,16
Migalastat,DB05018,drug,1.094218597,34720.19045,0.01688483,13
Miglitol,DB00491,drug,0.945125032,11289.84639,0.010387089,2
Miglustat,DB00419,drug,0.153445309,1.25,1.00E-12,22
migraine disorder,5277,disease,0.734962928,0,0.00054485,8
"migraine with or without aura, susceptibility to",11845_12441_11851_11847_8000_12440_11850_12715_100246_13344_12210_12303_12331,disease,0.384417515,0,0.00054481,38
MIIP,60672,gene/protein,0.161294582,559.8398546,1.16E-09,54
Milataxel,DB12334,drug,0.151187388,0,1.06E-10,41
Milatuzumab,DB12943,drug,0.777907291,9.850502048,0.00104514,42
Milnacipran,DB04896,drug,2.496864944,21013.1257,0.03556735,28
Milrinone,DB00235,drug,1.360696574,4992.912462,0.020468584,16
Miltefosine,DB09031,drug,0.215058128,712.1478723,0.00031281,59
Mimosine,DB01055,drug,0.153066668,0,4.35E-11,38
Minaprine,DB00805,drug,2.128902629,16323.38987,0.03068779,58
Mineral oil,DB11057,drug,0.66322182,566.1547227,0.00803669,16
Minocycline,DB01017,drug,1.663604525,239742.324,0.018346683,7
Minodronic acid,DB06548,drug,0.152045563,0.206565657,2.74E-11,8
Minoxidil,DB00350,drug,0.974239137,2073.810836,0.014920024,16
Miocamycin,DB13287,drug,0.504631882,253.1076315,0.00454509,52
Mipomersen,DB05528,drug,0.187802652,6.539235368,0.0002797,2
MIR10B,406903,gene/protein,0.15,0,3.99E-71,12
MIR148B,442892,gene/protein,0.15,0,3.99E-71,33
MIR150,406942,gene/protein,0.15,0,3.99E-71,30
MIR154,406946,gene/protein,0.150443277,0,2.07E-10,50
MIR17,406952,gene/protein,0.15,0,3.99E-71,1
MIR183,406959,gene/protein,0.150491771,0,1.92E-10,30
MIR3142HG,107075116,gene/protein,0.153484642,31.57377658,5.39E-10,57
MIR34A,407040,gene/protein,0.15,0,3.99E-71,1
MIR384,494333,gene/protein,0.15,0,3.99E-71,30
MIR410,574434,gene/protein,0.15,0,3.99E-71,35
Mirabegron,DB08893,drug,2.245539009,18323.7346,0.03177251,7
MIRLET7A3,406883,gene/protein,0.164476784,380.3111786,1.60E-09,43
MIRLET7B,406884,gene/protein,0.165386509,443.9654195,1.89E-09,22
MIRLET7C,406885,gene/protein,0.165391282,469.9890271,1.84E-09,32
MIRLET7D,406886,gene/protein,0.164921525,810.9488437,1.58E-09,55
MIRLET7I,406891,gene/protein,0.154701087,146.7043865,7.99E-10,39
Mirococept,DB06492,drug,0.150790233,0,1.59E-11,5
Mirodenafil,DB11792,drug,0.563857017,644.8811392,0.00671046,18
Mirtazapine,DB00370,drug,2.210188421,16116.8317,0.03161532,28
Mirvetuximab Soravtansine,DB12489,drug,1.156944576,15601.98369,0.00599457,42
MIS12,79003,gene/protein,0.179406979,3667.315168,1.36E-09,27
Misonidazole,DB11716,drug,0.199998141,10.46105801,0.00022083,52
Misoprostol,DB00929,drug,0.206423669,558.4044538,0.00022601,59
MISP,126353,gene/protein,0.182407296,5014.98909,2.48E-09,13
Mitazalimab,DB15225,drug,0.775447143,2.711075215,0.00104473,28
Mitemcinal,DB06587,drug,0.531509069,283.107659,0.0049801,2
Mitiglinide,DB01252,drug,0.947974889,3573.110878,0.010461766,2
Mito-4509,DB05846,drug,0.150403039,0,1.37E-10,38
Mitobronitol,DB13543,drug,0.191246377,0.019387545,2.71E-05,59
Mitoguazone,DB12967,drug,0.191246377,0.019387545,2.71E-05,17
Mitolactol,DB12916,drug,0.191246377,0.019387545,2.71E-05,17
Mitomycin,DB00305,drug,0.894780873,2799.952536,0.00599908,44
Mitotane,DB00648,drug,0.63757453,13915.58734,0.0055705,20
Mitoxantrone,DB01204,drug,1.169169747,7031.407344,0.00977832,16
MIV-701,DB05736,drug,0.151079281,0,1.82E-12,31
MIV-711,DB15599,drug,0.151079281,0,1.82E-12,6
Mivacurium,DB01226,drug,1.632634392,9631.071526,0.022109418,25
Mizolastine,DB12523,drug,0.819647658,329.0588935,0.01111766,31
Mizoribine,DB12617,drug,0.697744971,973.5641382,0.00447046,58
MK-0354,DB05939,drug,0.156148477,0,7.19E-12,49
MK-0731,DB08037,drug,0.150800905,0,2.26E-11,53
MK-0873,DB13029,drug,0.15179044,0,1.77E-05,59
MK-1775,DB11740,drug,0.150490926,0,8.08E-11,6
MK-212,DB12111,drug,1.044364352,233.8365891,0.016419482,28
MKRN3,7681,gene/protein,0.215096018,11283.71213,3.15E-09,56
MLF1,4291,gene/protein,0.200509889,12726.08252,3.52E-09,30
MLH1,4292,gene/protein,0.225851115,42618.89311,5.13E-09,4
MLH3,27030,gene/protein,0.163919086,1487.578661,1.39E-09,49
MLKL,197259,gene/protein,0.157170707,154.9177465,6.10E-10,47
MLLT10,8028,gene/protein,0.161057867,1637.140178,1.63E-09,11
MLLT11,10962,gene/protein,0.15362657,598.8250492,1.37E-09,54
MLLT6,4302,gene/protein,0.177844763,3465.4314,2.08E-09,20
MLN0415,DB05183,drug,0.150426626,0,1.10E-10,24
MLN2222,DB06503,drug,0.150804533,0,6.45E-12,50
MLN8054,DB13061,drug,0.150451316,0,1.13E-10,57
MLN-977,DB05431,drug,0.150521371,0,1.47E-11,47
MLXIPL,51085,gene/protein,0.151600886,28.45322827,5.33E-10,56
MMAB,326625,gene/protein,0.157946323,1626.692789,3.98E-10,38
MMDA,DB01442,drug,1.824613714,14888.46838,0.02563493,7
MME,4311,gene/protein,0.164807767,47779.75225,5.16E-10,1
MMGT1,93380,gene/protein,0.196739365,6899.372368,1.37E-09,51
MMI-175,DB02378,drug,0.150690725,0,1.94E-11,53
MMP1,4312,gene/protein,0.171905247,41293.72288,1.49E-09,8
MMP10,4319,gene/protein,0.160713749,5814.85214,4.42E-10,56
MMP12,4321,gene/protein,0.159212313,59603.84339,1.65E-10,1
MMP13,4322,gene/protein,0.154920175,61929.78263,8.71E-10,56
MMP19,4327,gene/protein,0.151298575,222.5539111,1.98E-10,54
MMP2,4313,gene/protein,0.173988766,43960.20508,1.58E-09,33
MMP3,4314,gene/protein,0.16599899,116056.5595,1.17E-09,4
MMP7,4316,gene/protein,0.156991002,17533.48823,6.43E-10,34
MMP8,4317,gene/protein,0.155569184,65640.47104,6.59E-11,4
MMP9,4318,gene/protein,0.176643419,79642.04884,2.67E-09,30
MMS19,64210,gene/protein,0.163267418,1129.891178,2.41E-09,46
MN-305,DB05339,drug,0.150608962,0,2.53E-12,31
MNT,4335,gene/protein,0.15568787,120.6363116,1.61E-09,41
MOB1B,92597,gene/protein,0.167292792,626.0098365,1.96E-09,22
Mocetinostat,DB11830,drug,0.64513553,9995.88232,0.00725559,59
Moclobemide,DB01171,drug,2.151987399,12783.39729,0.0312661,26
Modafinil,DB00745,drug,1.003320005,2156.512923,0.01299549,18
Modified vaccinia ankara,DB15483,drug,0.541703096,129.3863876,0.00358552,44
Moexipril,DB00691,drug,1.518931386,9816.137079,0.020631316,16
Moexiprilat,DB14210,drug,0.5752812,1275.574529,0.00534068,16
Mofebutazone,DB13629,drug,1.882766518,6180.823484,0.027066228,58
Mogamulizumab,DB12498,drug,0.82011713,8424.4491,0.00107224,15
Molgramostim,DB12525,drug,0.207984343,1.145235485,0.00013033,17
Molindone,DB01618,drug,1.09103822,960.9086349,0.016535486,25
Molsidomine,DB09282,drug,0.40221795,222.8335591,0.00376149,18
Mometasone,DB00764,drug,1.673887465,18787.28438,0.017022654,44
Mometasone furoate,DB14512,drug,1.675875115,20035.87422,0.016964028,17
MON1A,84315,gene/protein,0.153179493,76.74429515,3.21E-10,46
Monastrol,DB04331,drug,0.192047283,686.9064727,2.71E-05,17
Monensin,DB11430,drug,0.150201042,0,1.55E-11,32
Monobenzone,DB00600,drug,0.150849543,0,1.16E-11,10
Monofluorophosphate ion,DB02348,drug,0.151371395,0,9.97E-12,10
monogenic obesity,19182,disease,29.30316093,0,0.00041592,50
Monoisopropylphosphorylserine,DB01805,drug,0.15295293,0,1.19E-11,22
Monomethyl fumarate,DB14219,drug,0.616249187,31.05432196,0.00371322,44
Monopotassium phosphate,DB09413,drug,1.007870078,5303.040165,0.012808861,34
Monothioglycerol,DB03864,drug,0.151059707,0,1.15E-11,53
Montelukast,DB00471,drug,0.835139573,2394.676734,0.00986815,26
Monteplase,DB12726,drug,1.087985014,3007.931712,0.00983615,58
Montmorillonite,DB13654,drug,0.209440978,44.25238284,0.00025657,59
Moperone,DB13554,drug,1.053667776,284.1628083,0.016364555,28
Moricizine,DB00680,drug,1.565288339,5744.865781,0.022098545,28
Morniflumate,DB09285,drug,1.886518945,15694.34826,0.027066228,7
Moroctocog alfa,DB13999,drug,0.312085337,6390.02146,0.00120876,59
Moroxydine,DB13597,drug,0.173328693,37.76934486,5.44E-05,21
Morphine,DB00295,drug,2.051536333,42136.48493,0.026571116,28
morphine dependence,5531,disease,13.54420717,271.4610092,8.71E-05,54
Morphine glucuronide,DB06409,drug,0.152705329,0,4.51E-11,5
Morpholine-4-Carboxylic Acid (1-(3-Benzenesulfonyl-1-Phenethylallylcarbamoyl)-3-Methylbutyl)-Amide,DB03837,drug,0.152559466,0,2.30E-12,39
Morpholine-4-Carboxylic Acid [1-(2-Benzylsulfanyl-1-Formyl-Ethylcarbamoyl)-2-Phenyl-Ethyl]-Amide,DB03984,drug,0.152559466,0,2.30E-12,57
Morpholine-4-Carboxylic Acid [1s-(2-Benzyloxy-1r-Cyano-Ethylcarbamoyl)-3-Methyl-Butyl]Amide,DB03767,drug,0.152559466,0,2.30E-12,54
Mosapramine,DB13676,drug,1.053669271,311.5256992,0.016364555,40
Mosapride,DB11675,drug,1.044364352,233.8365891,0.016419482,7
Motavizumab,DB06310,drug,0.777907291,9.850502048,0.00104514,28
Motesanib,DB05575,drug,0.195752331,6.425673676,0.00025323,26
Motexafin gadolinium,DB05428,drug,0.24216579,1141.436749,4.48E-05,38
Motexafin lutetium,DB05296,drug,0.198626563,0,1.77E-05,3
Motretinide,DB13368,drug,0.22723585,13.5033254,0.00051476,13
Motuporin,DB04738,drug,0.150501221,0,1.23E-10,12
Moxestrol,DB13418,drug,1.013542562,8362.41869,0.00390314,44
Moxetumomab Pasudotox,DB12688,drug,0.19288563,747.045727,2.71E-05,15
Moxifloxacin,DB00218,drug,1.396142841,12327.15672,0.015350097,52
Moxisylyte,DB09205,drug,1.541290359,8686.279923,0.023830373,16
Moxonidine,DB09242,drug,1.061641796,6440.92609,0.016809971,16
MPHOSPH8,54737,gene/protein,0.168425842,848.7335861,1.11E-09,47
MPI-674,DB05749,drug,0.151016601,0,4.67E-12,47
MPL,4352,gene/protein,0.153193291,9349.043823,1.04E-09,1
MPO,4353,gene/protein,0.16121878,31269.93376,7.76E-10,35
MPRIP,23164,gene/protein,0.170368421,3338.451561,3.03E-09,13
MPZL1,9019,gene/protein,0.181625057,13316.74125,5.13E-09,40
MPZL2,10205,gene/protein,0.150586309,0,5.40E-11,29
MRC1,4360,gene/protein,0.151636487,2765.061993,9.99E-10,56
MRK-409,DB13993,drug,0.993533662,5.146994375,0.015735013,28
MRM1,79922,gene/protein,0.179171883,3402.496462,6.94E-10,41
mRNA-1273,DB15654,drug,0.541703096,129.3863876,0.00358552,17
MRPL10,124995,gene/protein,0.175548625,3043.462023,1.25E-09,41
MRPL12,6182,gene/protein,0.204133512,9319.843931,1.96E-09,51
MRPL15,29088,gene/protein,0.16995045,1451.068432,1.85E-09,46
MRPL20,55052,gene/protein,0.167293183,1253.708764,1.90E-09,29
MRPL23,6150,gene/protein,0.17265486,1701.438502,1.26E-09,27
MRPL24,79590,gene/protein,0.168690149,1636.605164,1.69E-09,46
MRPL3,11222,gene/protein,0.16574337,788.798843,1.07E-09,6
MRPL37,51253,gene/protein,0.168072909,2161.629708,1.62E-09,12
MRPL4,51073,gene/protein,0.185898642,3452.455001,1.67E-09,57
MRPL40,64976,gene/protein,0.19017703,6233.502827,5.62E-09,6
MRPL43,84545,gene/protein,0.164860915,1740.83284,1.31E-09,15
MRPL48,51642,gene/protein,0.168170173,861.9183797,1.41E-09,43
MRPL57,78988,gene/protein,0.161182348,389.4757092,6.84E-10,54
MRPS15,64960,gene/protein,0.170766567,1855.778417,1.04E-09,15
MRPS16,51021,gene/protein,0.16328791,363.6099967,4.03E-10,14
MRPS18B,28973,gene/protein,0.179517502,5372.229021,2.77E-09,46
MRPS23,51649,gene/protein,0.158301588,555.4438292,1.11E-09,40
MRPS26,64949,gene/protein,0.170373279,1199.354345,7.67E-10,55
MRPS28,28957,gene/protein,0.166943853,609.705367,7.36E-10,56
MRPS30,10884,gene/protein,0.170946393,2894.543349,1.60E-09,27
MRPS33,51650,gene/protein,0.156896703,351.9645278,7.84E-10,57
MRPS35,60488,gene/protein,0.175179944,2483.995858,1.61E-09,46
MRPS7,51081,gene/protein,0.163953237,3172.603617,2.08E-09,47
MRRF,92399,gene/protein,0.167876836,1717.337222,8.38E-10,27
MRTO4,51154,gene/protein,0.166548225,1193.29488,2.80E-09,43
MRTX849,DB15568,drug,0.150447433,0,4.27E-11,27
MS4A1,931,gene/protein,0.171853196,23238.39993,1.09E-09,1
MS4A2,2206,gene/protein,0.154357735,855.0163689,1.26E-09,1
MS4A3,932,gene/protein,0.15754087,973.336948,2.58E-10,41
MS4A7,58475,gene/protein,0.161028099,2031.536288,6.50E-10,30
MSH2,4436,gene/protein,0.187467792,11957.13436,5.72E-09,56
MSH3,4437,gene/protein,0.165226245,1213.616686,1.36E-09,47
MSH5,4439,gene/protein,0.16380507,574.4023262,3.24E-09,4
MSH6,2956,gene/protein,0.169406724,2015.348464,3.33E-09,20
MSLN,10232,gene/protein,0.154898479,1054.137771,2.78E-10,32
MSLNL,401827,gene/protein,0.150615768,0,3.61E-10,53
MSMO1,6307,gene/protein,0.171971197,6643.374787,2.02E-09,45
MSN,4478,gene/protein,0.183359162,10643.38716,3.84E-09,46
MST1,4485,gene/protein,0.156088283,437.311904,1.31E-09,12
MST1P2,11209,gene/protein,0.163433488,504.6236994,3.88E-09,45
MSTN,2660,gene/protein,0.153289987,805.19716,1.37E-10,54
MSTO1,55154,gene/protein,0.161012614,1799.400506,1.29E-09,53
MTA1,9112,gene/protein,0.224125518,27780.11685,1.13E-08,47
MTA3,57504,gene/protein,0.167476434,1442.017425,3.43E-09,39
MTAP,4507,gene/protein,0.156680302,23272.80376,1.57E-09,29
MTDH,92140,gene/protein,0.160071894,922.2174883,2.52E-09,14
MTERF4,130916,gene/protein,0.156936401,342.104436,7.12E-10,27
MTFR2,113115,gene/protein,0.15690062,406.641408,1.21E-09,39
MTHFD1,4522,gene/protein,0.167400957,13801.18466,2.74E-09,53
MTHFD2,10797,gene/protein,0.157914868,1835.626034,1.75E-09,8
MTHFR,4524,gene/protein,0.164569099,13143.76007,2.07E-09,33
MTIF3,219402,gene/protein,0.172781051,1816.669041,8.31E-10,54
MT-ND5,4540,gene/protein,0.1766454,3867.362919,6.04E-10,27
MTOR,2475,gene/protein,0.220003869,80024.903,1.12E-08,13
MTPN,136319,gene/protein,0.153958938,103.3010711,8.77E-10,31
MTR,4548,gene/protein,0.15540899,9104.169369,1.16E-09,1
MTRNR2L1,100462977,gene/protein,0.170308715,2140.364705,4.67E-09,38
MTRR,4552,gene/protein,0.154599747,599.4116194,4.82E-10,21
MTSS1,9788,gene/protein,0.15637209,53.51128799,2.99E-09,4
MTTP,4547,gene/protein,0.152562422,10921.40431,1.72E-10,13
MTUS1,57509,gene/protein,0.157727958,716.6105711,5.87E-10,33
MTUS2,23281,gene/protein,0.273788197,33271.73121,4.15E-09,5
MTX3,345778,gene/protein,0.160079936,1027.936519,1.20E-10,4
MUC1,4582,gene/protein,0.206538678,40210.25091,4.27E-09,50
MUC13,56667,gene/protein,0.158148739,248.047587,4.02E-10,12
MUC16,94025,gene/protein,0.152117899,707.6215869,3.98E-10,6
MUC7,4589,gene/protein,0.162452293,346.5485485,1.65E-10,23
mucopolysaccharidosis,10674_9659_9660_9661_11093_9662_16316_16315_18937_18938_1586_19249_19302_17171_17172,disease,5.244362009,12032.58791,2.76E-08,49
multiple endocrine neoplasia,12552_8234_8082_7540_19003_17169,disease,1.030399159,0,0.00019123,57
multiple system atrophy,7803,disease,4.338804006,5.6697324,5.59E-05,11
Mupirocin,DB00410,drug,0.175555745,8518.046614,0.00029229,12
Muplestim,DB12431,drug,0.166737965,1.12584794,0.0001032,3
Muraglitazar,DB06510,drug,0.501374978,1261.705543,0.00505729,26
Murepavadin,DB14777,drug,0.183010588,1.635162339,0.00033501,3
Muromonab,DB00075,drug,1.175362398,13171.87998,0.00436901,42
Muscimol,DB12458,drug,0.152136913,0,2.47E-11,15
muscular dystrophy,11486_12279_19950_20121_23595_18281,disease,1.019115149,0,5.39E-05,31
Muzolimine,DB13801,drug,1.518766165,4132.911075,0.023588761,28
MVD,4597,gene/protein,0.158246407,141.2695651,2.10E-09,43
MVK,4598,gene/protein,0.160550854,889.1331431,1.35E-09,33
MVP,9961,gene/protein,0.193104468,24307.0537,4.55E-09,19
MXD1,4084,gene/protein,0.162170558,411.3251658,2.50E-09,21
MXI1,4601,gene/protein,0.204642325,10287.36556,3.78E-09,4
MYADM,91663,gene/protein,0.168405276,4435.123639,1.51E-09,47
myasthenia gravis,9688_18325,disease,3.191073123,106.9491557,7.67E-05,9
MYB,4602,gene/protein,0.191502561,12013.10952,6.45E-09,47
MYBBP1A,10514,gene/protein,0.195039116,7011.77494,6.81E-09,34
MYBPC3,4607,gene/protein,0.164186832,1765.076445,1.88E-09,14
MYC,4609,gene/protein,1.059845529,3695142.808,4.49E-08,5
MYCBP,26292,gene/protein,0.167304082,1721.647746,1.54E-09,45
MYCBP2,23077,gene/protein,0.171770519,4090.930753,3.23E-09,39
MYCN,4613,gene/protein,0.170787154,3395.285598,4.10E-09,10
Mycophenolate mofetil,DB00688,drug,2.214078736,46421.97653,0.024744788,58
Mycophenolic acid,DB01024,drug,1.760289295,19154.89169,0.020785137,58
MYD88,4615,gene/protein,0.19530175,17532.24932,6.58E-09,43
myelodysplastic syndrome,18881,disease,0.72296314,0,8.24E-05,38
MYH11,4629,gene/protein,0.166883031,3581.218771,2.79E-09,49
MYH14,79784,gene/protein,0.156664489,34140.09897,1.74E-09,56
MYH3,4621,gene/protein,0.16087683,266.2109448,6.67E-10,34
MYH7,4625,gene/protein,0.160573455,2637.793954,1.35E-09,20
MYH9,4627,gene/protein,0.27366384,81497.00309,1.04E-08,12
MYL12A,10627,gene/protein,0.168691427,4661.717921,3.70E-09,1
MYL5,4636,gene/protein,0.15107097,4.680864401,2.75E-10,39
MYL6B,140465,gene/protein,0.154734691,1190.877644,1.30E-09,56
MYL9,10398,gene/protein,0.15545067,246.9743635,1.54E-09,32
MYLIP,29116,gene/protein,0.17851154,4584.472114,2.74E-09,12
MYLK,4638,gene/protein,0.16471631,1487.640938,3.89E-09,53
MYLK2,85366,gene/protein,0.160931888,3463.701909,1.99E-09,15
MYO-029,DB05915,drug,0.782287178,4769.802434,0.00104473,25
MYO19,80179,gene/protein,0.195463656,6082.635709,3.42E-09,5
MYO5C,55930,gene/protein,0.179271569,5220.313854,2.63E-09,27
MYOC,4653,gene/protein,0.189878622,16969.22865,1.85E-09,34
myocardial infarction,6652_3678_1090_3672_3673_3676_3677_3679_6803,disease,10.86780717,0,0.00027722,50
myocardial infarction (disease),5068,disease,12.20787999,377.6701453,0.00027726,51
MYOM2,9172,gene/protein,0.159252514,369.5145214,6.24E-10,30
Myricetin,DB02375,drug,0.151586801,0,1.47E-10,49
Myristic acid,DB08231,drug,0.166356052,0,1.10E-09,55
Myristoyl-Coa,DB02180,drug,0.150572222,0,9.97E-12,10
Myrrh,DB11605,drug,0.15348062,0,2.16E-10,32
Myxothiazol,DB04741,drug,0.173938373,1391.176927,0.00028569,59
MZF1,7593,gene/protein,0.154846962,135.4363312,5.77E-10,22
MZT1,440145,gene/protein,0.166370772,2422.800624,1.29E-09,13
MZT2A,653784,gene/protein,0.157440448,178.4369672,4.60E-10,41
"N-((1R,2R)-2-(5-CHLORO-1H-INDOLE-2-CARBOXAMIDO)CYCLOHEXYL)-5-METHYL-4,5,6,7-TETRAHYDROTHIAZOLO[5,4-C]PYRIDINE-2-CARBOXAMIDE",DB07630,drug,0.150707581,0,4.60E-12,27
"N-((1R,2S)-2-(5-CHLORO-1H-INDOLE-2-CARBOXAMIDO)CYCLOHEXYL)-5-METHYL-4,5,6,7-TETRAHYDROTHIAZOLO[5,4-C]PYRIDINE-2-CARBOXAMIDE",DB07629,drug,0.150707581,0,4.60E-12,21
"N-((2-aminopyrimidin-5-yl)methyl)-5-(2,6-difluorophenyl)-3-ethylpyrazolo[1,5-a]pyrimidin-7-amine",DB08538,drug,0.150398889,0,1.68E-10,55
"N'-((2S,3R)-3-AMINO-2-HYDROXY-5-(ISOPROPYLSULFANYL)PENTANOYL)-N-3-CHLOROBENZOYL HYDRAZIDE",DB07377,drug,0.150855746,0,1.29E-11,36
N-({(2S)-1-[(3R)-3-AMINO-4-(2-FLUOROPHENYL)BUTANOYL]PYRROLIDIN-2-YL}METHYL)BENZAMIDE,DB07779,drug,0.150646997,0,2.26E-12,10
N-({(2S)-1-[(3R)-3-amino-4-(3-chlorophenyl)butanoyl]pyrrolidin-2-yl}methyl)-3-(methylsulfonyl)benzamide,DB08429,drug,0.150646997,0,2.26E-12,9
"N-({(2S,3S)-3-[(BENZYLAMINO)CARBONYL]OXIRAN-2-YL}CARBONYL)-L-ISOLEUCYL-L-PROLINE",DB07231,drug,0.150638328,0,1.69E-11,22
N-({[4-(AMINOSULFONYL)PHENYL]AMINO}CARBONYL)-4-METHYLBENZENESULFONAMIDE,DB08301,drug,0.150737685,0,2.16E-12,6
"N-({4-[(1R)-4-[(2R,4S,5S)-2,4-diamino-6-oxohexahydropyrimidin-5-yl]-1-(2,2,2-trifluoro-1,1-dihydroxyethyl)butyl]phenyl}carbonyl)-L-glutamic acid",DB03546,drug,0.151093195,0,2.01E-11,19
N-({4-[(2-aminopyridin-4-yl)oxy]-3-fluorophenyl}carbamoyl)-2-(4-fluorophenyl)acetamide,DB06995,drug,0.15041813,0,1.38E-10,41
N-(1-adamantyl)-N'-(4-guanidinobenzyl)urea,DB03782,drug,0.15066403,0,6.70E-12,5
"N-(1-BENZYL-3,3,3-TRIFLUORO-2,2-DIHYDROXY-PROPYL)-ACETAMIDE",DB07383,drug,0.152424093,0,2.58E-13,54
N-(1-benzylpiperidin-4-yl)-4-sulfanylbutanamide,DB07734,drug,0.150690725,0,1.94E-11,19
"N-(1-CYANOCYCLOPROPYL)-3-({[(2S)-5-OXOPYRROLIDIN-2-YL]METHYL}SULFONYL)-N~2~-[(1S)-2,2,2-TRIFLUORO-1-(4-FLUOROPHENYL)ETHYL]-L-ALANINAMIDE",DB07587,drug,0.152559466,0,2.30E-12,21
N-(1-ISOPROPYLPIPERIDIN-4-YL)-1-(3-METHOXYBENZYL)-1H-INDOLE-2-CARBOXAMIDE,DB07973,drug,0.150707581,0,4.60E-12,49
N-(2-(((5-CHLORO-2-PYRIDINYL)AMINO)SULFONYL)PHENYL)-4-(2-OXO-1(2H)-PYRIDINYL)BENZAMIDE,DB07800,drug,0.150707581,0,4.60E-12,6
"N(2)-carbamimidoyl-N-{2-[4-(3-{4-[(5-carboxyfuran-2-yl)methoxy]-2,3-dichlorophenyl}-1-methyl-1H-pyrazol-5-yl)piperidin-1-yl]-2-oxoethyl}-D-leucinamide",DB02581,drug,0.150487281,0,6.61E-11,47
"N-(2,3,4,5,6-Pentaflouro-Benzyl)-4-Sulfamoyl-Benzamide",DB02610,drug,0.150737685,0,2.16E-12,57
"N-(2,3-DIFLUORO-BENZYL)-4-SULFAMOYL-BENZAMIDE",DB07742,drug,0.150737685,0,2.16E-12,53
"N-(2,6-Diflouro-Benzyl)-4-Sulfamoyl-Benzamide",DB03844,drug,0.150737685,0,2.16E-12,51
"N-(2,6-dimethylphenyl)-5-phenylimidazo[1,5-a]pyrazin-8-amine",DB08056,drug,0.150405063,0,1.37E-10,36
N-(2-Aminoethyl)-1-aziridineethanamine,DB15643,drug,0.152030709,0,1.41E-13,22
N-(2-AMINOETHYL)-2-{3-CHLORO-4-[(4-ISOPROPYLBENZYL)OXY]PHENYL} ACETAMIDE,DB08610,drug,0.151132531,0,1.43E-11,6
N-(2-Aminoethyl)-5-Chloroisoquinoline-8-Sulfonamide,DB03693,drug,0.150679694,0,2.90E-11,11
"N-(2-AMINOETHYL)-N~2~-{(1S)-1-[4'-(AMINOSULFONYL)BIPHENYL-4-YL]-2,2,2-TRIFLUOROETHYL}-L-LEUCINAMIDE",DB08270,drug,0.151079281,0,1.82E-12,49
N-(2-AMINOETHYL)-P-CHLOROBENZAMIDE,DB08082,drug,0.151197857,0,8.39E-12,50
"N-(2-chloro-6-methylphenyl)-8-[(3S)-3-methylpiperazin-1-yl]imidazo[1,5-a]quinoxalin-4-amine",DB08057,drug,0.150405063,0,1.37E-10,31
"N-(2-chlorophenyl)-5-phenylimidazo[1,5-a]pyrazin-8-amine",DB08055,drug,0.150405063,0,1.37E-10,19
N-(2-Flouro-Benzyl)-4-Sulfamoyl-Benzamide,DB02069,drug,0.150737685,0,2.16E-12,5
"N-(2-hydroxy-1,1-dimethylethyl)-1-methyl-3-(1H-pyrrolo[2,3-b]pyridin-2-yl)-1H-indole-5-carboxamide",DB06834,drug,0.150426431,0,1.31E-10,40
"N-(2-hydroxybenzyl)-2,5-dimethoxy-4-cyanophenylethylamine",DB13948,drug,1.044863425,295.2417275,0.01641948,7
N-(2-METHOXYETHYL)-4-({4-[2-METHYL-1-(1-METHYLETHYL)-1H-IMIDAZOL-5-YL]PYRIMIDIN-2-YL}AMINO)BENZENESULFONAMIDE,DB07790,drug,0.150398889,0,1.68E-10,41
"N'-(2s,3r)-3-Amino-4-Cyclohexyl-2-Hydroxy-Butano-N-(4-Methylphenyl)Hydrazide",DB03086,drug,0.150855746,0,1.29E-11,15
"N-(2-Thienylmethyl)-2,5-Thiophenedisulfonamide",DB02986,drug,0.150737685,0,2.16E-12,13
"N-(3-(8-CYANO-4-(PHENYLAMINO)PYRAZOLO[1,5-A][1,3,5]TRIAZIN-2-YLAMINO)PHENYL)ACETAMIDE",DB08362,drug,0.15041342,0,2.01E-10,57
"N-(3,5-dibromo-4-hydroxyphenyl)-2,6-dimethylbenzamide",DB07693,drug,0.150550616,0,1.84E-11,11
"N-(3,5-dibromo-4-hydroxyphenyl)-4-hydroxy-3,5-dimethylbenzamide",DB07695,drug,0.150550616,0,1.84E-11,34
"N-(3,5-dibromo-4-hydroxyphenyl)benzamide",DB08104,drug,0.150550616,0,1.84E-11,55
"N-(3,5-dimethoxyphenyl)imidodicarbonimidic diamide",DB08479,drug,0.151004668,0,1.45E-11,51
N-(3-AMINOPROPYL)-2-NITROBENZENAMINE,DB08291,drug,0.150477644,0,9.68E-11,12
N-(3-Carboxypropanoyl)-L-phenylalanyl-3-carboxy-O-(carboxymethyl)-N-pentyl-L-tyrosinamide,DB04525,drug,0.150357788,0,1.04E-10,22
"N'-(3-CHLORO-4-METHOXY-PHENYL)-N-(3,4,5-TRIMETHOXYPHENYL)-1,3,5-TRIAZINE-2,4-DIAMINE",DB07251,drug,0.150683817,0,4.63E-11,6
N-(3-chlorobenzyl)-1-(4-methylpentanoyl)-L-prolinamide,DB06868,drug,0.150459983,0,9.12E-12,45
"N-(3-chlorophenyl)-N-methyl-2-oxo-3-[(3,4,5-trimethyl-1H-pyrrol-2-yl)methyl]-2H-indole-5-sulfonamide",DB07369,drug,0.15041813,0,1.38E-10,8
"N-(3-cyano-4,5,6,7-tetrahydro-1-benzothien-2-yl)-2-fluorobenzamide",DB07217,drug,0.150467819,0,8.45E-11,57
"N-(3-cyanophenyl)-2'-methyl-5'-(5-methyl-1,3,4-oxadiazol-2-yl)-4-biphenylcarboxamide",DB07833,drug,0.150382517,0,1.90E-10,19
N-(3-cyclopropyl-1H-pyrazol-5-yl)-2-(2-naphthyl)acetamide,DB06944,drug,0.150398889,0,1.68E-10,50
N-(3-Phenyl-2-Sulfanylpropanoyl)Phenylalanylalanine,DB02558,drug,0.150875541,0,4.11E-12,21
N-(3-Propylcarbamoyloxirane-2-Carbonyl)-Isoleucyl-Proline,DB02855,drug,0.150638328,0,1.69E-11,11
N-(3-TERT-BUTYL-1H-PYRAZOL-5-YL)-N'-{4-CHLORO-3-[(PYRIDIN-3-YLOXY)METHYL]PHENYL}UREA,DB08064,drug,0.150382517,0,1.90E-10,46
N-(4-{[(3S)-3-(dimethylamino)pyrrolidin-1-yl]carbonyl}phenyl)-5-fluoro-4-[2-methyl-1-(1-methylethyl)-1H-imidazol-5-yl]pyrimidin-2-amine,DB07936,drug,0.150398889,0,1.68E-10,46
N-(4-{2-[(3-chlorobenzyl)amino]ethyl}phenyl)thiophene-2-carboximidamide,DB03449,drug,0.151150451,0,9.06E-11,43
"N-(4-ACETYLPHENYL)-5-(5-CHLORO-2,4-DIHYDROXYPHENYL)-1H-PYRAZOLE-4-CARBOXAMIDE",DB06956,drug,0.150401349,0,1.85E-10,19
"N-(4-AMINO-5-CYANO-6-ETHOXYPYRIDIN-2-YL)-2-(4-BROMO-2,5-DIMETHOXYPHENYL)ACETAMIDE",DB07272,drug,0.150907755,0,2.42E-10,36
N-(4-Aminobutanoyl)-S-(4-methoxybenzyl)-L-cysteinylglycine,DB02943,drug,0.156691333,0,5.58E-12,40
N-(4-CARBAMIMIDOYL-3-CHORO-PHENYL)-2-HYDROXY-3-IODO-5-METHYL-BENZAMIDE,DB06857,drug,0.15066403,0,6.70E-12,11
N-(4-carbamimidoylbenzyl)-1-(3-phenylpropanoyl)-L-prolinamide,DB06942,drug,0.150459983,0,9.12E-12,38
N-(4-carbamimidoylbenzyl)-1-(4-methylpentanoyl)-L-prolinamide,DB06936,drug,0.150459983,0,9.12E-12,54
"N-(4-chlorobenzyl)-N-methylbenzene-1,4-disulfonamide",DB07115,drug,0.171354329,0,4.68E-13,54
"N-(4-CHLOROPHENYL)-1,2,3,4-TETRAHYDROISOQUINOLINE-7-SULFONAMIDE",DB08631,drug,0.151038323,0,5.46E-12,45
N-(4-chlorophenyl)-2-[(pyridin-4-ylmethyl)amino]benzamide,DB07288,drug,0.15042105,0,7.71E-11,22
N-(4-CHLOROPHENYL)-3-(PHOSPHONOOXY)NAPHTHALENE-2-CARBOXAMIDE,DB08240,drug,0.150521653,0,3.71E-11,45
"N-(4-OXO-5,6,7,8-TETRAHYDRO-4H-[1,3]THIAZOLO[5,4-C]AZEPIN-2-YL)ACETAMIDE",DB08776,drug,0.150468148,0,8.93E-11,21
N-(4-phenoxyphenyl)-2-[(pyridin-4-ylmethyl)amino]nicotinamide,DB07183,drug,0.150391527,0,7.86E-11,9
N-(4-PHENYLAMINO-QUINAZOLIN-6-YL)-ACRYLAMIDE,DB08462,drug,0.150381611,0,2.42E-10,6
N-(4-sulfamoylphenyl)-1H-indazole-3-carboxamide,DB08133,drug,0.150398889,0,1.68E-10,22
N(5)-[(hydroxyamino)(imino)methyl]-L-ornithine,DB03144,drug,0.152279062,0,1.80E-10,49
"N-(5,6-DIPHENYLFURO[2,3-D]PYRIMIDIN-4-YL)GLYCINE",DB07653,drug,0.150468148,0,8.93E-11,21
N-(5-{[(2S)-4-amino-2-(3-chlorophenyl)butanoyl]amino}-1H-indazol-3-yl)benzamide,DB07608,drug,0.150503009,0,7.65E-11,38
"N-(5-{3,4-difluoro-2-[(2-fluoro-4-iodophenyl)amino]phenyl}-1,3,4-oxadiazol-2-yl)ethane-1,2-diamine",DB08130,drug,0.150433465,0,1.16E-10,10
"N-(5-{4-Chloro-3-[(2-hydroxyethyl)sulfamoyl]phenyl}-4-methyl-1,3-thiazol-2-yl)acetamide",DB06836,drug,0.151849029,0,7.62E-11,22
"N-(5-chloro-1,3-benzodioxol-4-yl)-6-methoxy-7-(3-piperidin-1-ylpropoxy)quinazolin-4-amine",DB07249,drug,0.150683817,0,4.63E-11,8
"N'-(5-CHLORO-1,3-BENZODIOXOL-4-YL)-N-(3,4,5- TRIMETHOXYPHENYL)PYRIMIDINE-2,4-DIAMINE",DB07250,drug,0.150683817,0,4.63E-11,39
"N'-(5-chloro-1,3-benzodioxol-4-yl)-N-(3-methylsulfonylphenyl)pyrimidine-2,4-diamine",DB07253,drug,0.150683817,0,4.63E-11,31
"N'-(5-CHLORO-1,3-BENZODIOXOL-4-YL)-N-(3-MORPHOLIN-4-YLPHENYL)PYRIMIDINE-2,4-DIAMINE",DB07255,drug,0.150683817,0,4.63E-11,11
N-(5-CHLORO-BENZO[B]THIOPHEN-3-YLMETHYL)-2-[6-CHLORO-OXO-3-(2-PYRIDIN-2-YL-ETHYLAMINO)-2H-PYRAZIN-1-YL]-ACETAMIDE,DB07165,drug,0.150459983,0,9.12E-12,31
N'-(5-CHLOROBENZOFURAN-2-CARBONYL)-2-(TRIFLUOROMETHYL)BENZENESULFONOHYDRAZIDE,DB07544,drug,0.151091588,0,1.23E-11,54
N-(5-Cyclopropyl-1h-Pyrazol-3-Yl)Benzamide,DB02647,drug,0.150398889,0,1.68E-10,47
N-(5-Isopropyl-thiazol-2-YL)-2-pyridin-3-YL-acetamide,DB08677,drug,0.150398889,0,1.68E-10,13
N-(5-METHYL-1H-PYRAZOL-3-YL)-2-PHENYLQUINAZOLIN-4-AMINE,DB08454,drug,0.150741863,0,2.44E-11,39
N(6)-(pyridoxal phosphate)-L-lysine,DB04083,drug,0.164213009,0,4.01E-11,11
N(6)-dimethylallyladenine,DB08768,drug,0.150398889,0,1.68E-10,34
N-(6-Aminohexyl)-5-Chloro-1-Naphthalenesulfonamide,DB04513,drug,0.158626763,300.677181,3.81E-05,46
"N'-(6-aminopyridin-3-yl)-N-(2-cyclopentylethyl)-4-methyl-benzene-1,3-dicarboxamide",DB07537,drug,0.150391527,0,7.86E-11,15
N-(7-CARBAMIMIDOYL-NAPHTHALEN-1-YL)-3-HYDROXY-2-METHYL-BENZAMIDE,DB07212,drug,0.150803843,0,3.07E-12,36
N-(Benzoylcarbamoyl)-beta-D-glucopyranosylamine,DB04295,drug,0.151371395,0,9.97E-12,45
N-(biphenyl-4-ylsulfonyl)-D-leucine,DB07446,drug,0.150953031,0,1.33E-12,12
N-(Bromoacetyl)-beta-alanyl-N-(2-{4-[(carboxycarbonyl)amino]phenyl}ethyl)-L-serinamide,DB02784,drug,0.150357788,0,1.04E-10,15
N-(carboxycarbonyl)-D-phenylalanine,DB08263,drug,0.150775719,0,2.23E-11,43
N-(Chlorophenyl)-N'-hydroxyguanidine,DB04559,drug,0.150376225,0,7.61E-11,24
"N-(cyclopropylmethyl)-2'-methyl-5'-(5-methyl-1,3,4-oxadiazol-2-yl)biphenyl-4-carboxamide",DB07834,drug,0.150382517,0,1.90E-10,46
"N-(CYCLOPROPYLMETHYL)-4-(METHYLOXY)-3-({5-[3-(3-PYRIDINYL)PHENYL]-1,3-OXAZOL-2-YL}AMINO)BENZENESULFONAMIDE",DB07333,drug,0.150391527,0,7.86E-11,57
"N-(dibenzo[b,d]thiophen-3-ylsulfonyl)-L-valine",DB07683,drug,0.150953031,0,1.33E-12,22
N(G)-Iminoethylornithine,DB03305,drug,0.150376225,0,7.61E-11,49
"N-(M-Trifluoromethylphenyl) Phenoxazine-4,6-Dicarboxylic Acid",DB02698,drug,0.150550616,0,1.84E-11,9
N-(PARA-GLUTARAMIDOPHENYL-ETHYL)-PIPERIDINIUM-N-OXIDE,DB08289,drug,0.150594146,0,6.94E-12,6
N-(P-CYANOPHENYL)-N'-DIPHENYLMETHYL-GUANIDINE-ACETIC ACID,DB07816,drug,0.150607374,0,7.62E-12,51
N-(Phosphonoacetyl)-L-Ornithine,DB02011,drug,0.154792374,0,4.97E-13,15
N-(pyridin-3-ylmethyl)aniline,DB06851,drug,0.150779115,0,1.42E-11,57
"N'-(Pyrrolidino[2,1-B]Isoindolin-4-On-8-Yl)-N-(Pyridin-2-Yl)Urea",DB04186,drug,0.150398889,0,1.68E-10,6
"N-(TERT-BUTYL)-3,5-DIMETHYL-N'-[(5-METHYL-2,3-DIHYDRO-1,4-BENZODIOXIN-6-YL)CARBONYL]BENZOHYDRAZIDE",DB07929,drug,0.151257984,0,8.17E-11,22
N-(tert-butyl)-4-[5-(pyridin-2-ylamino)quinolin-3-yl]benzenesulfonamide,DB06933,drug,0.150467819,0,8.45E-11,39
"N-(TRANS-4-{(1S,2S)-2-AMINO-3-[(3S)-3-FLUOROPYRROLIDIN-1-YL]-1-METHYL-3-OXOPROPYL}CYCLOHEXYL)-N-METHYLACETAMIDE",DB06939,drug,0.150646997,0,2.26E-12,9
"N,4-dimethyl-3-[(1-phenyl-1H-pyrazolo[3,4-d]pyrimidin-4-yl)amino]benzamide",DB08242,drug,0.150382517,0,1.90E-10,36
"N,4-Dimethyl-N-(1-phenyl-1H-pyrazol-5-yl)benzenesulfonamide",DB07670,drug,0.150814482,0,1.70E-12,24
"N,N,N-Trimethyl-2-(phosphonooxy)ethanaminium",DB03945,drug,0.150528677,0,1.45E-11,43
"N,N'-[biphenyl-4,4'-diyldi(2R)propane-2,1-diyl]dimethanesulfonamide",DB07455,drug,0.150598902,0,4.25E-11,19
"N,N-Bis(3-(D-gluconamido)propyl)deoxycholamide",DB01890,drug,0.151047387,0,1.08E-10,21
"N,N-DIETHYL-2-[(2-THIENYLCARBONYL)AMINO]-4,5,6,7-TETRAHYDRO-1-BENZOTHIOPHENE-3-CARBOXAMIDE",DB08032,drug,0.150800905,0,2.26E-11,46
"N,N-DIMETHYL(5-(PYRIDIN-3-YL)FURAN-2-YL)METHANAMINE",DB07609,drug,0.151064885,0,2.64E-12,31
"N,N-DIMETHYL-4-(4-PHENYL-1H-PYRAZOL-3-YL)-1H-PYRROLE-2-CARBOXAMIDE",DB06877,drug,0.150361149,0,2.52E-10,47
"N,N-dimethylarginine",DB01686,drug,0.150763005,0,1.48E-10,54
"N,N-dimethylformamide",DB01844,drug,0.153273003,0,1.51E-11,49
"N,N'-DIMETHYL-N-(ACETYL)-N'-(7-NITROBENZ-2-OXA-1,3-DIAZOL-4-YL)ETHYLENEDIAMINE",DB08751,drug,0.150470463,0,9.33E-11,41
"N,N'-DIPHENYLPYRAZOLO[1,5-A][1,3,5]TRIAZINE-2,4-DIAMINE",DB08340,drug,0.15041342,0,2.01E-10,53
"N,O6-Disulfo-Glucosamine",DB03959,drug,0.152149365,0,2.41E-10,47
N-[(1R)-3-(4-HYDROXYPHENYL)-1-METHYLPROPYL]-2-(2-PHENYL-1H-INDOL-3-YL)ACETAMIDE,DB07991,drug,0.150379934,0,3.14E-10,53
N-[(1S)-1-(aminocarbonyl)-4-(ethanimidoylamino)butyl]benzamide,DB07449,drug,0.150689773,0,1.17E-11,36
"N-[(1S)-1-{1-[(1R,3E)-1-ACETYLPENT-3-EN-1-YL]-1H-1,2,3-TRIAZOL-4-YL}-1,2-DIMETHYLPROPYL]BENZAMIDE",DB07878,drug,0.152559466,0,2.30E-12,22
N-[(1S)-2-[(4-cyano-1-methylpiperidin-4-yl)amino]-1-(cyclohexylmethyl)-2-oxoethyl]morpholine-4-carboxamide,DB08752,drug,0.152559466,0,2.30E-12,43
N-[(1S)-2-{[(1R)-2-(benzyloxy)-1-cyano-1-methylethyl]amino}-1-(cyclohexylmethyl)-2-oxoethyl]morpholine-4-carboxamide,DB08755,drug,0.152559466,0,2.30E-12,36
"N-[(1S)-2-AMINO-1-(2,4-DICHLOROBENZYL)ETHYL]-5-[2-(METHYLAMINO)PYRIMIDIN-4-YL]THIOPHENE-2-CARBOXAMIDE",DB07235,drug,0.150622066,0,2.35E-10,9
"N-[(1S)-2-amino-1-phenylethyl]-5-(1H-pyrrolo[2,3-b]pyridin-4-yl)thiophene-2-carboxamide",DB07812,drug,0.150871927,0,2.93E-10,46
"N-[(2',4'-DIFLUORO-4-HYDROXY-5-IODOBIPHENYL-3-YL)CARBONYL]-BETA-ALANINE",DB07963,drug,0.150550616,0,1.84E-11,13
N-[(2-AMINO-6-METHYLPYRIMIDIN-4-YL)METHYL]-3-{[(E)-(2-OXODIHYDROFURAN-3(2H)-YLIDENE)METHYL]AMINO}BENZENESULFONAMIDE,DB07325,drug,0.150401349,0,1.85E-10,27
"N-[(2R)-5-(aminosulfonyl)-2,3-dihydro-1H-inden-2-yl]-2-propylpentanamide",DB07048,drug,0.150737685,0,2.16E-12,9
"N-[(2R,3S)-3-AMINO-2-HYDROXY-4-PHENYLBUTYL]-4-METHOXY-2,3,6-TRIMETHYLBENZENESULFONAMIDE",DB07527,drug,0.150459983,0,9.12E-12,34
"N-[(2R,3S)-3-AMINO-2-HYDROXY-4-PHENYLBUTYL]NAPHTHALENE-2-SULFONAMIDE",DB07522,drug,0.150459983,0,9.12E-12,31
N-[(2S)-4-Methyl-1-oxo-1-{[(4S)-3-oxo-1-(2-pyridinylsulfonyl)-4-azepanyl]amino}-2-pentanyl]-1-benzofuran-2-carboxamide,DB03642,drug,0.151079281,0,1.82E-12,31
"N-[(3Z)-5-Tert-butyl-2-phenyl-1,2-dihydro-3H-pyrazol-3-ylidene]-N'-(4-chlorophenyl)urea",DB01807,drug,0.150382517,0,1.90E-10,47
N-[(4-HYDROXY-8-IODOISOQUINOLIN-3-YL)CARBONYL]GLYCINE,DB07112,drug,0.150875287,0,1.42E-11,39
N-[(4-methoxyphenyl)sulfonyl]-D-alanine,DB08599,drug,0.150953031,0,1.33E-12,41
"N-[(5R,14R)-5-AMINO-5,14-DIMETHYL-4-OXO-3-OXA-18-AZATRICYCLO[15.3.1.1~7,11~]DOCOSA-1(21),7(22),8,10,17,19-HEXAEN-19-YL]-N-METHYLMETHANESULFONAMIDE",DB07019,drug,0.150690725,0,1.94E-11,47
"N-[(5S,7R,8S,9S,10R)-8,9,10-Trihydroxy-7-(hydroxymethyl)-2,4-dioxo-6-oxa-1,3-diazaspiro[4.5]dec-3-yl]acetamide",DB03835,drug,0.151371395,0,9.97E-12,51
N-[(benzyloxy)carbonyl]-L-leucyl-N-[(1S)-3-fluoro-1-(4-hydroxybenzyl)-2-oxopropyl]-L-leucinamide,DB04653,drug,0.15061366,0,3.03E-11,46
N-[(CYCLOHEXYLAMINO)CARBONYL]GLYCINE,DB08256,drug,0.15645,0,1.58E-12,38
"N-[(E)-3-[(2R,3S,4R,5R)-5-(6-Aminopurin-9-yl)-3,4-dihydroxyoxolan-2-yl]prop-2-enyl]-2,3-dihydroxy-5-nitrobenzamide",DB03907,drug,0.150663632,0,3.55E-11,49
N-[(Furan-2-Yl)Carbonyl]-(S)-Leucyl-(R)-[1-Amino-2(1h-Indol-3-Yl)Ethyl]-Phosphonic Acid,DB02046,drug,0.152784008,0,5.44E-14,19
N-[[2-METHYL-4-HYDROXYCARBAMOYL]BUT-4-YL-N]-BENZYL-P-[PHENYL]-P-[METHYL]PHOSPHINAMID,DB08507,drug,0.150507551,0,9.27E-12,53
"N-[1-(2,6-dimethoxybenzyl)piperidin-4-yl]-4-sulfanylbutanamide",DB07735,drug,0.150690725,0,1.94E-11,40
N-[1-(4-CARBAMIMIDOYL-BENZYLCARBAMOYL)-3-METHYLSULFANYL-PROPYL]-3-HYDROXY-2-PROPOXYAMINO-BUTYRAMID,DB04767,drug,0.153164323,0,4.21E-13,24
"N-[1-(5-bromo-2,3-dimethoxybenzyl)piperidin-4-yl]-4-sulfanylbutanamide",DB07738,drug,0.150690725,0,1.94E-11,41
"N-[1-(AMINOMETHYL)CYCLOPROPYL]-3-(BENZYLSULFONYL)-N~2~-[(1S)-2,2,2-TRIFLUORO-1-(4-HYDROXYPHENYL)ETHYL]-L-ALANINAMIDE",DB07589,drug,0.152559466,0,2.30E-12,41
"N-[1-(AMINOMETHYL)CYCLOPROPYL]-3-(MORPHOLIN-4-YLSULFONYL)-N~2~-[(1S)-2,2,2-TRIFLUORO-1-(4-FLUOROPHENYL)ETHYL]-L-ALANINAMIDE",DB07520,drug,0.152559466,0,2.30E-12,38
N-[1-Hydroxycarboxyethyl-Carbonyl]Leucylamino-2-Methyl-Butane,DB04126,drug,0.153054534,0,1.98E-11,31
"N-[2-({[amino(imino)methyl]amino}oxy)ethyl]-2-{6-chloro-3-[(2,2-difluoro-2-phenylethyl)amino]-2-fluorophenyl}acetamide",DB07946,drug,0.150459983,0,9.12E-12,31
"N-[2-(1,3-BENZODIOXOL-5-YL)ETHYL]-1-[2-(1H-IMIDAZOL-1-YL)-6-METHYLPYRIMIDIN-4-YL]-D-PROLINAMIDE",DB06916,drug,0.150386779,0,7.19E-11,19
N-[2-(1-Formyl-2-Methyl-Propyl)-1-(4-Piperidin-1-Yl-but-2-Enoyl)-Pyrrolidin-3-Yl]-Methanesulfonamide,DB03890,drug,0.151403962,0,4.19E-12,51
N-[2-(1h-Indol-5-Yl)-Butyl]-4-Sulfamoyl-Benzamide,DB03596,drug,0.150737685,0,2.16E-12,8
N-[2-(2-iodo-5-methoxy-1H-indol-3-yl)ethyl]acetamide,DB08190,drug,0.150983286,0,1.71E-11,39
N-[2-(2-methyl-1H-indol-3-yl)ethyl]thiophene-2-carboxamide,DB08235,drug,0.15049883,0,4.83E-11,34
"N-[2-(4-AMINO-5,8-DIFLUORO-1,2-DIHYDROQUINAZOLIN-2-YL)ETHYL]-3-FURAMIDE",DB07318,drug,0.150386779,0,7.19E-11,45
"N-[2-(5-methyl-4H-1,2,4-triazol-3-yl)phenyl]-7H-pyrrolo[2,3-d]pyrimidin-4-amine",DB07584,drug,0.150789695,0,4.37E-10,10
N-[2-(6-AMINO-4-METHYLPYRIDIN-2-YL)ETHYL]-4-CYANOBENZAMIDE,DB07389,drug,0.150386779,0,7.19E-11,51
"N-[2-(carbamimidamidooxy)ethyl]-2-{6-cyano-3-[(2,2-difluoro-2-pyridin-2-ylethyl)amino]-2-fluorophenyl}acetamide",DB07665,drug,0.150459983,0,9.12E-12,43
N-[2-(METHYLAMINO)ETHYL]-5-ISOQUINOLINESULFONAMIDE,DB07997,drug,0.15144982,0,2.44E-10,55
N-[2-Chloro-5-(trifluoromethyl)phenyl]imidodicarbonimidic diamide,DB08478,drug,0.151004668,0,1.45E-11,31
"N-[2-methyl-5-(methylcarbamoyl)phenyl]-2-{[(1R)-1-methylpropyl]amino}-1,3-thiazole-5-carboxamide",DB06991,drug,0.150382517,0,1.90E-10,21
N-[3-(1H-BENZIMIDAZOL-2-YL)-1H-PYRAZOL-4-YL]BENZAMIDE,DB08066,drug,0.150850205,0,2.81E-10,8
"N-[3-(2-fluoroethoxy)phenyl]-N'-(1,3,4-trioxo-1,2,3,4-tetrahydroisoquinolin-6-yl)butanediamide",DB08499,drug,0.150390311,0,7.41E-11,11
N-[3-(aminomethyl)benzyl]acetamidine,DB02044,drug,0.151526677,0,1.67E-10,55
N-[3-(N'-HYDROXYCARBOXAMIDO)-2-(2-METHYLPROPYL)-PROPANOYL]-O-TYROSINE-N-METHYLAMIDE,DB07926,drug,0.150655244,0,1.18E-11,21
"N-[3-[(1-Aminoethyl)(Hydroxy)Phosphoryl]-2-(1,1'-Biphenyl-4-Ylmethyl)Propanoyl]Alanine",DB02062,drug,0.151654656,0,1.83E-11,12
"N-[3-[[4-[(5-CHLORO-1,3-BENZODIOXOL-4-YL)AMINO]PYRIMIDIN-2-YL]AMINO]PHENYL]METHANESULFONAMIDE",DB07254,drug,0.150683817,0,4.63E-11,55
"N-[4-([(2-Amino-4-oxo-1,4-dihydropyrido[3,2-d]pyrimidin-6-yl)methyl]{(2E)-3-[4-carbamoyl-1-(5-O-phosphono-beta-D-ribofuranosyl)-1H-imidazol-5-yl]-2-propenoyl}amino)benzoyl]-L-glutamic acid",DB04057,drug,0.150749487,0,1.89E-11,54
"N'-[4-(2,4-Dimethyl-1,3-thiazol-5-yl)-2-pyrimidinyl]-N-hydroxyimidoformamide",DB04101,drug,0.150398889,0,1.68E-10,49
"N-[4-(2,4-DIMETHYL-THIAZOL-5-YL)-PYRIMIDIN-2-YL]-N',N'-DIMETHYL-BENZENE-1,4-DIAMINE",DB07562,drug,0.150398889,0,1.68E-10,49
"N-[4-(2-CHLOROPHENYL)-1,3-DIOXO-1,2,3,6-TETRAHYDROPYRROLO[3,4-C]CARBAZOL-9-YL]FORMAMIDE",DB07226,drug,0.150490926,0,8.08E-11,19
"N-[4-(2-Methylimidazo[1,2-a]Pyridin-3-Yl)-2-Pyrimidinyl]Acetamide",DB02538,drug,0.150398889,0,1.68E-10,57
N-[4-(4-nitrophenylphospho)butanoyl]-D-alanine,DB08377,drug,0.150607374,0,7.62E-12,43
N-[4-(4-nitrophenylphospho)butanoyl]-L-alanine,DB08411,drug,0.150607374,0,7.62E-12,8
N-[4-(5-fluoro-6-methylpyridin-2-yl)-5-quinoxalin-6-yl-1H-imidazol-2-yl]acetamide,DB07152,drug,0.150408329,0,1.07E-10,53
"N-[4-(AMINOSULFONYL)BENZYL]-5-(5-CHLORO-2,4-DIHYDROXYPHENYL)-1H-PYRAZOLE-4-CARBOXAMIDE",DB04588,drug,0.150401349,0,1.85E-10,49
N-[4-(AMINOSULFONYL)PHENYL]-2-MERCAPTOBENZAMIDE,DB07476,drug,0.150737685,0,2.16E-12,27
N-[4-(benzyloxy)phenyl]glycinamide,DB07099,drug,0.150779115,0,1.42E-11,19
N-[4-CHLORO-3-(PYRIDIN-3-YLOXYMETHYL)-PHENYL]-3-FLUORO-,DB08068,drug,0.150382517,0,1.90E-10,53
"N-[4-hydroxymethyl-cyclohexan-6-yl-1,2,3-triol]-4,6-dideoxy-4-aminoglucopyranoside",DB02218,drug,0.153337326,0,2.38E-12,22
N-[4-Methyl-3-[[4-(3-Pyridinyl)-2-Pyrimidinyl]Amino]Phenyl]-3-Pyridinecarboxamide,DB03878,drug,0.150405239,0,2.02E-10,54
"N-[5-(1,1-DIOXIDOISOTHIAZOLIDIN-2-YL)-1H-INDAZOL-3-YL]-2-(4-PIPERIDIN-1-YLPHENYL)ACETAMIDE",DB07220,drug,0.150398889,0,1.68E-10,53
"N-[5-(ETHYLSULFONYL)-2-METHOXYPHENYL]-5-[3-(2-PYRIDINYL)PHENYL]-1,3-OXAZOL-2-AMINE",DB07334,drug,0.150391527,0,7.86E-11,27
"N-[7-(3-AMINOPHENYL)-5-METHOXY-1,3-BENZOXAZOL-2-YL]-2,5-DICHLOROBENZENESULFONAMIDE",DB07270,drug,0.150692977,0,2.15E-11,50
"N-[amino(imino)methyl]-2-(2,5-diphenyl-1H-pyrrol-1-yl)acetamide",DB06930,drug,0.150690725,0,1.94E-11,43
N-[amino(imino)methyl]-2-[2-(2-chlorophenyl)-4-(4-propoxyphenyl)-3-thienyl]acetamide,DB07089,drug,0.150690725,0,1.94E-11,21
N-[O-Phosphono-Pyridoxyl]-Isoleucine,DB02635,drug,0.151007813,0,9.71E-12,55
"N-{(3R,4S)-4-[(6-amino-4-methylpyridin-2-yl)methyl]pyrrolidin-3-yl}-N'-(3-chlorobenzyl)ethane-1,2-diamine",DB08019,drug,0.151139898,0,9.48E-11,19
"N-{(3S,4S)-4-[(6-AMINO-4-METHYLPYRIDIN-2-YL)METHYL]PYRROLIDIN-3-YL}-N'-(4-CHLOROBENZYL)ETHANE-1,2-DIAMINE",DB08018,drug,0.151139898,0,9.48E-11,39
N-{(4S)-4-Amino-5-[(2-aminoethyl)amino]pentyl}-N'-nitroguanidine,DB02027,drug,0.151139898,0,9.48E-11,38
N-{[(2-Methyl-2-propanyl)oxy]carbonyl}-L-alanyl-L-alaninamide,DB03757,drug,0.151403962,0,4.19E-12,38
"N-{[(2S,3S)-3-(Ethoxycarbonyl)-2-oxiranyl]carbonyl}-L-threonyl-L-isoleucine",DB04579,drug,0.150638328,0,1.69E-11,51
"N-{[(2S,3S)-3-(ETHOXYCARBONYL)OXIRAN-2-YL]CARBONYL}-L-ISOLEUCINE",DB07160,drug,0.150638328,0,1.69E-11,53
"N-{[(2S,3S)-3-(ETHOXYCARBONYL)OXIRAN-2-YL]CARBONYL}-L-ISOLEUCYL-L-ALANINE",DB07224,drug,0.150638328,0,1.69E-11,5
"N-{[(2S,3S)-3-(ETHOXYCARBONYL)OXIRAN-2-YL]CARBONYL}-L-ISOLEUCYL-L-ISOLEUCINE",DB07225,drug,0.150638328,0,1.69E-11,19
N-{[2-({[1-(4-CARBOXYBUTANOYL)AMINO]-2-PHENYLETHYL}-HYDROXYPHOSPHINYL)OXY]ACETYL}-2-PHENYLETHYLAMINE,DB07881,drug,0.150607374,0,7.62E-12,53
N-{[4-(but-2-yn-1-yloxy)phenyl]sulfonyl}-5-methyl-D-tryptophan,DB07233,drug,0.150435305,0,7.17E-11,47
"N-{1-[(1-carbamoylcyclopropyl)methyl]piperidin-4-yl}-N-cyclopropyl-4-[(1S)-2,2,2-trifluoro-1-hydroxy-1-methylethyl]benzamide",DB07316,drug,0.152097189,0,1.30E-13,36
"N-{2,2-DIFLUORO-2-[(2R)-PIPERIDIN-2-YL]ETHYL}-2-[2-(1H-1,2,4-TRIAZOL-1-YL)BENZYL][1,3]OXAZOLO[4,5-C]PYRIDIN-4-AMINE",DB04591,drug,0.150459983,0,9.12E-12,27
"N-{2,4-difluoro-3-[(5-pyridin-3-yl-1H-pyrrolo[2,3-b]pyridin-3-yl)carbonyl]phenyl}ethanesulfonamide",DB07000,drug,0.150472877,0,1.01E-10,6
"N-{2-[(4'-CYANO-1,1'-BIPHENYL-4-YL)OXY]ETHYL}-N'-HYDROXY-N-METHYLUREA",DB06971,drug,0.150972307,0,5.29E-13,12
"N-{2'-[(4-FLUOROPHENYL)AMINO]-4,4'-BIPYRIDIN-2-YL}-4-METHOXYCYCLOHEXANECARBOXAMIDE",DB08025,drug,0.150467819,0,8.45E-11,39
N-{2-[4-(AMINOSULFONYL)PHENYL]ETHYL}ACETAMIDE,DB08155,drug,0.152093393,0,4.78E-12,10
"N-{2-[6-(2,4-DIAMINO-6-ETHYLPYRIMIDIN-5-YL)-2,2-DIMETHYL-3-OXO-2,3-DIHYDRO-4H-1,4-BENZOTHIAZIN-4-YL]ETHYL}ACETAMIDE",DB06899,drug,0.1513182,0,3.93E-13,27
"N-{2-[6-(2,4-DIAMINO-6-ETHYLPYRIMIDIN-5-YL)-2,2-DIMETHYL-3-OXO-2,3-DIHYDRO-4H-1,4-BENZOXAZIN-4-YL]ETHYL}ACETAMIDE",DB07059,drug,0.1513182,0,3.93E-13,46
N-{2-methyl-5-[(6-phenylpyrimidin-4-yl)amino]phenyl}methanesulfonamide,DB07175,drug,0.150690725,0,1.94E-11,15
N-{3-[(4-{[3-(TRIFLUOROMETHYL)PHENYL]AMINO}PYRIMIDIN-2-YL)AMINO]PHENYL}CYCLOPROPANECARBOXAMIDE,DB07545,drug,0.150451316,0,1.13E-10,21
"N-{3-[5-(1H-1,2,4-triazol-3-yl)-1H-indazol-3-yl]phenyl}furan-2-carboxamide",DB07020,drug,0.150424546,0,1.25E-10,6
N-{3-METHYL-5-[2-(PYRIDIN-4-YLAMINO)-ETHOXY]-PHENYL}-BENZENESULFONAMIDE,DB07944,drug,0.150459983,0,9.12E-12,9
"N-{4-[(Carboxymethyl)carbamoyl]benzoyl}-L-valyl-N-[(3S)-1,1,1-trifluoro-4-methyl-2-oxo-3-pentanyl]-L-prolinamide",DB03702,drug,0.151403962,0,4.19E-12,6
N-{4-METHYL-3-[(3-PYRIMIDIN-4-YLPYRIDIN-2-YL)AMINO]PHENYL}-3-(TRIFLUOROMETHYL)BENZAMIDE,DB08221,drug,0.150657158,0,5.62E-11,40
"N-{5-[4-(4-METHYLPIPERAZIN-1-YL)PHENYL]-1H-PYRROLO[2,3-B]PYRIDIN-3-YL}NICOTINAMIDE",DB06876,drug,0.150468148,0,8.93E-11,57
N~2~-(biphenyl-4-ylsulfonyl)-N-hydroxy-N~2~-(2-hydroxyethyl)glycinamide,DB08029,drug,0.150507551,0,9.27E-12,19
"N~2~,N~2~-DIMETHYL-N~1~-(6-OXO-5,6-DIHYDROPHENANTHRIDIN-2-YL)GLYCINAMIDE",DB08348,drug,0.152385087,0,6.23E-11,40
"N~2~-1,3-BENZOXAZOL-2-YL-3-CYCLOHEXYL-N-{2-[(4-METHOXYPHENYL)AMINO]ETHYL}-L-ALANINAMIDE",DB07839,drug,0.152559466,0,2.30E-12,31
"N~2~-1H-benzimidazol-5-yl-N~4~-(3-cyclopropyl-1H-pyrazol-5-yl)pyrimidine-2,4-diamine",DB07382,drug,0.150744134,0,2.68E-11,54
"N~3~-(3-PYRIDIN-3-YLBENZYL)PYRIDINE-2,3-DIAMINE",DB07284,drug,0.150690725,0,1.94E-11,21
"N~3~-[3-(1H-INDOL-6-YL)BENZYL]PYRIDINE-2,3-DIAMINE",DB07993,drug,0.150690725,0,1.94E-11,19
"N~3~-[3-(5-METHOXYPYRIDIN-3-YL)BENZYL]PYRIDINE-2,3-DIAMINE",DB07303,drug,0.150690725,0,1.94E-11,27
"N~3~-[5-(1H-INDOL-6-YL)-2-(PYRIDIN-2-YLMETHOXY)BENZYL]PYRIDINE-2,3-DIAMINE",DB07994,drug,0.150690725,0,1.94E-11,36
"N~3~-BENZYLPYRIDINE-2,3-DIAMINE",DB07281,drug,0.150690725,0,1.94E-11,50
"N~3~-cyclopropyl-N~4~'-(cyclopropylmethyl)-6-methylbiphenyl-3,4'-dicarboxamide",DB07835,drug,0.150382517,0,1.90E-10,38
"N~4~-(3-methyl-1H-indazol-6-yl)-N~2~-(3,4,5-trimethoxyphenyl)pyrimidine-2,4-diamine",DB08519,drug,0.150391527,0,7.86E-11,43
"N~4~-methyl-N~4~-(3-methyl-1H-indazol-6-yl)-N~2~-(3,4,5-trimethoxyphenyl)pyrimidine-2,4-diamine",DB08042,drug,0.150391527,0,7.86E-11,27
N1-(1-Dimethylcarbamoyl-2-Phenyl-Ethyl)-2-Oxo-N4-(2-Pyridin-2-Yl-Ethyl)-Succinamide,DB02140,drug,0.152416206,0,2.92E-12,50
"N1-(2-AMINO-4-METHYLPENTYL)OCTAHYDRO-PYRROLO[1,2-A] PYRIMIDINE",DB08629,drug,0.157853152,0,1.15E-10,57
"N1,N14-Bis((S-Methyl)Isothioureido)Tetradecane",DB02979,drug,0.150376225,0,7.61E-11,12
"N1,N2-ETHYLENE-2-METHYLAMINO-4,5,6,7-TETRABROMO-BENZIMIDAZOLE",DB04721,drug,0.15041342,0,2.01E-10,38
N-1H-indazol-5-yl-2-(6-methylpyridin-2-yl)quinazolin-4-amine,DB08450,drug,0.150408329,0,1.07E-10,39
N-1-methylheptylformamide,DB02131,drug,0.154220762,0,2.33E-14,8
N2-({[(4-Bromophenyl)Methyl]Oxy}Carbonyl)-N1-[(1s)-1-Formylpentyl]-L-Leucinamide,DB04234,drug,0.151079281,0,1.82E-12,13
N2-[(Benzyloxy)carbonyl]-N-[(3R)-1-{N-[(benzyloxy)carbonyl]-L-leucyl}-4-oxo-3-pyrrolidinyl]-L-leucinamide,DB03405,drug,0.151079281,0,1.82E-12,24
N2-[(benzyloxy)carbonyl]-n1-[(3S)-1-cyanopyrrolidin-3-yl]-l-leucinamide,DB03456,drug,0.151079281,0,1.82E-12,45
"N4-HYDROXY-2-ISOBUTYL-N1-(9-OXO-1,8-DIAZA-TRICYCLO[10.6.1.013,18]NONADECA-12(19),13,15,17-TETRAEN-10-YL)-SUCCINAMIDE",DB08489,drug,0.150834014,0,5.06E-12,45
"N6-(2,5-Dimethoxy-Benzyl)-N6-Methyl-Pyrido[2,3-D]Pyrimidine-2,4,6-Triamine",DB02583,drug,0.150741985,0,1.66E-11,57
N6-Benzyl Adenosine-5'-Diphosphate,DB01893,drug,0.150381611,0,2.42E-10,38
N6-ISOPENTENYL-ADENOSINE-5'-MONOPHOSPHATE,DB07205,drug,0.157477383,0,1.38E-11,39
"N7-BUTYL-N2-(5-CHLORO-2-METHYLPHENYL)-5-METHYL[1,2,4]TRIAZOLO[1,5-A]PYRIMIDINE-2,7-DIAMINE",DB07128,drug,0.150459983,0,9.12E-12,34
NAA10,8260,gene/protein,0.175243588,4101.601383,2.57E-09,57
NAA20,51126,gene/protein,0.153449117,189.3285243,1.20E-09,34
NAALADL2,254827,gene/protein,0.202304008,8172.331014,5.69E-10,30
Nabilone,DB00486,drug,1.619914726,6206.889339,0.024947576,7
Nabiximols,DB14011,drug,1.902999331,77412.61526,0.026832368,28
NABP2,79035,gene/protein,0.166558853,1918.484238,2.54E-09,12
Nabumetone,DB00461,drug,2.288558594,20525.39061,0.03108317,7
NACA,4666,gene/protein,0.168222703,2303.309209,3.44E-09,43
NACA2,342538,gene/protein,0.155461828,45.29867659,1.83E-09,41
N-Acetylalanine,DB02518,drug,0.152372549,0,6.88E-12,41
N-acetyl-alpha-D-glucosamine,DB03740,drug,0.154226086,0,5.02E-11,53
N-acetyl-alpha-neuraminic acid,DB03721,drug,0.155559013,0,1.18E-11,24
N-acetyl-beta-D-glucosaminyl-(1->4)-N-acetyl-beta-D-glucosamine,DB03013,drug,0.151504409,0,2.28E-11,8
N-acetyl-D-glucosamine-6-phosphate,DB03951,drug,0.150802486,0,9.23E-12,54
N-Acetylglucosamine,DB00141,drug,0.153224785,0,1.24E-11,34
N-Acetyl-glucosamine thiazoline,DB03747,drug,0.150955795,0,3.27E-12,45
N-acetylhistamine,DB04622,drug,0.158714464,0,4.14E-13,21
N-ACETYL-L-PHENYLALANYL-4-[DIFLUORO(PHOSPHONO)METHYL]-L-PHENYLALANINAMIDE,DB07651,drug,0.150357788,0,1.04E-10,13
N-Acetylmethionine,DB01646,drug,0.150973963,0,1.47E-11,50
N-acetyl-N'-beta-D-glucopyranosyl urea,DB03218,drug,0.151371395,0,9.97E-12,27
N-Acetyl-Serine,DB02340,drug,0.15148733,0,6.44E-12,51
N-acetylserotonin,DB04275,drug,0.15123481,0,1.04E-11,19
N-acetyltyrosine,DB11102,drug,1.038186689,23.09694767,0.016289825,25
NADH,DB00157,drug,0.338938945,0,1.15E-09,15
Nadifloxacin,DB12447,drug,0.15,0,3.99E-71,53
NADK2,133686,gene/protein,0.158203553,433.7175015,6.83E-10,27
Nadolol,DB01203,drug,2.331901156,61634.21153,0.0310488,7
NADPH,DB02338,drug,0.153282446,0,3.04E-11,51
Nadroparin,DB08813,drug,1.369992191,218488.014,0.013962087,16
NAF1,92345,gene/protein,0.170849603,5421.49014,1.44E-09,21
Nafamostat,DB12598,drug,1.201276652,19486.22788,0.011302876,17
Nafarelin,DB00666,drug,0.301277603,449.9940934,0.00162561,55
Nafcillin,DB00607,drug,0.915148118,1876.052578,0.010324432,18
Naftidrofuryl,DB13588,drug,1.021823691,556.0633828,0.016058098,27
Naftifine,DB00735,drug,0.15117742,0,1.05E-11,43
Naftopidil,DB12092,drug,1.793862023,12294.02107,0.022758671,7
NAGLU,4669,gene/protein,0.159607248,2703.326243,2.51E-10,30
NAIF1,203245,gene/protein,0.155314464,146.8011284,8.20E-10,10
Nalbuphine,DB00844,drug,1.228109449,2543.857698,0.018327319,28
Naldemedine,DB11691,drug,1.110721771,2348.346244,0.017219968,52
Nalidixic acid,DB00779,drug,1.541880054,16394.00858,0.017228693,16
N-ALLYL-5-AMIDINOAMINOOXY-PROPYLOXY-3-CHLORO-N-CYCLOPENTYLBENZAMIDE,DB06859,drug,0.150459983,0,9.12E-12,34
Nalmefene,DB06230,drug,1.112849267,2479.945789,0.017271881,52
Nalorphine,DB11490,drug,0.213287372,0.02209265,0.00107962,18
Naloxegol,DB09049,drug,0.72803973,1599.620218,0.00946717,59
Naloxone,DB01183,drug,1.407623362,60701.47292,0.020652113,52
N-Alpha-(2-Naphthylsulfonyl)-N(3-Amidino-L-Phenylalaninyl)-4-Acetyl-Piperazine,DB04125,drug,0.151169173,0,2.36E-12,50
N-Alpha-(2-Naphthylsulfonyl)-N-(3-Amidino-L-Phenylalaninyl)-D-Pipecolinic Acid,DB04238,drug,0.151169173,0,2.36E-12,24
N-Alpha-(2-Naphthylsulfonyl)-N(3-Amidino-L-Phenylalaninyl)Isopipecolinic Acid Methyl Ester,DB01745,drug,0.151169173,0,2.36E-12,32
"Nalpha-(2-Naphthylsulfonylglycyl)-3-Amidino-D,L-Phenylalanine-Isopropylester",DB01737,drug,0.151169173,0,2.36E-12,12
"N-alpha-Acetyl-3,5-diiodotyrosyl-D-threonine",DB04150,drug,0.150631906,0,2.31E-11,53
"N-Alpha-Acetyl-3,5-Diiodotyrosylglycine",DB02598,drug,0.150631906,0,2.31E-11,34
Naltrexone,DB00704,drug,1.221318604,17111.91779,0.014769213,48
Naluzotan,DB05562,drug,1.459152482,1656.173226,0.02374703,28
Namilumab,DB13037,drug,0.775447143,2.711075215,0.00104473,25
Namitecan,DB12124,drug,0.191246377,0.019387545,2.71E-05,2
NAMPT,10135,gene/protein,0.158551387,12388.44881,1.68E-09,14
Nanatinostat,DB15419,drug,0.1927301,0.019387545,3.98E-05,3
Nandrolone,DB13169,drug,0.43879542,1499.337745,0.0029703,11
Nandrolone decanoate,DB08804,drug,0.456170816,4527.680001,0.00321643,59
Nandrolone phenpropionate,DB00984,drug,0.439162775,3999.851003,0.0029703,26
NANOG,79923,gene/protein,0.162247884,508.3710886,2.45E-09,36
NANP,140838,gene/protein,0.154764094,209.9558541,9.26E-10,8
"N-anthracen-2-yl-5-methyl[1,2,4]triazolo[1,5-a]pyrimidin-7-amine",DB08006,drug,0.151682742,0,1.73E-12,55
NAP1L1,4673,gene/protein,0.192810385,10114.86867,5.96E-09,54
NAP1L4,4676,gene/protein,0.16023639,616.8364162,2.53E-09,43
NAP1L5,266812,gene/protein,0.162065632,591.315583,9.15E-10,38
NAP-226-90,DB04556,drug,0.150619892,0,6.53E-12,19
Naphazoline,DB06711,drug,1.174458965,1938.091181,0.0186531,7
Naphthalene Trisulfonate,DB04409,drug,0.150561027,0,5.93E-11,43
Naphthyridine Inhibitor,DB04434,drug,0.150408329,0,1.07E-10,43
Naproxen,DB00788,drug,2.449171797,25247.2162,0.031979204,17
Naptumomab Estafenatox,DB12807,drug,0.775447143,2.711075215,0.00104473,42
Naquotinib,DB12036,drug,0.191246377,0.019387545,2.71E-05,52
Narasin,DB11432,drug,0.183010588,1.635162339,0.00033501,18
Naratriptan,DB00952,drug,1.495805631,2626.515487,0.02404656,20
Naratuximab emtansine,DB15453,drug,0.777907291,9.850502048,0.00104514,25
narcolepsy,13652_12179_8062_21107,disease,2.175242774,0.278787704,0.00039228,46
narcolepsy-cataplexy syndrome,16158,disease,2.181178221,4.323491371,0.00029147,46
Naringenin,DB03467,drug,0.293324644,1096.530466,0.00150698,26
Naronapride,DB05542,drug,1.018461495,352.1579113,0.016020052,25
NARS2,79731,gene/protein,0.167568631,1641.129165,1.70E-10,1
NASP,4678,gene/protein,0.165334535,950.4823457,2.66E-09,36
NAT10,55226,gene/protein,0.171576314,1448.561136,4.13E-09,31
NAT2,10,gene/protein,0.162453841,20342.89564,1.24E-09,3
NAT9,26151,gene/protein,0.15793213,481.7304722,8.98E-10,10
Natalizumab,DB00108,drug,1.173614846,14807.36795,0.00438601,42
Natamycin,DB00826,drug,0.156568164,0.467896864,7.12E-05,3
Nateglinide,DB00731,drug,2.149507316,24176.32698,0.02888324,16
NAV 1800,DB05437,drug,0.775447143,2.711075215,0.00104473,25
Naveglitazar,DB12662,drug,0.150346583,0,1.45E-10,21
Navitoclax,DB12340,drug,0.192122844,691.9598554,2.71E-05,13
Naxifylline,DB06471,drug,0.151533735,0,1.99E-12,54
N-benzyl-4-[(2R)-pyrrolidin-2-ylmethoxy]aniline,DB07260,drug,0.150779115,0,1.42E-11,49
N-BENZYL-4-[4-(3-CHLOROPHENYL)-1H-PYRAZOL-3-YL]-1H-PYRROLE-2-CARBOXAMIDE,DB07010,drug,0.150828968,0,3.36E-10,55
N-Benzyl-4-Sulfamoyl-Benzamide,DB01748,drug,0.150737685,0,2.16E-12,45
N-Benzylformamide,DB02481,drug,0.153933714,0,2.96E-12,22
N-beta-D-glucopyranosylacetamide,DB02320,drug,0.151371395,0,9.97E-12,50
NBI-6024,DB05819,drug,0.929386005,1399.329136,0.010335244,44
NBN,4683,gene/protein,0.175050255,2587.469432,4.24E-09,20
NBPF1,55672,gene/protein,0.182905983,3122.000084,6.46E-09,39
NBPF19,101060226,gene/protein,0.321412559,104564.9977,2.85E-09,30
NBR1,4077,gene/protein,0.167791012,3071.566611,2.07E-09,56
NBR2,10230,gene/protein,0.151733063,7.239407016,3.12E-10,10
N-Butyl Isocyanide,DB01826,drug,0.153688769,0,2.52E-12,39
N-butyl-3-{[6-(9H-purin-6-ylamino)hexanoyl]amino}benzamide,DB07801,drug,0.150451316,0,1.13E-10,40
NCALD,83988,gene/protein,0.163118737,1221.171469,3.37E-10,6
N-Carbamoyl-Alanine,DB04048,drug,0.150582806,0,3.27E-11,10
N-Carbamoylphenylalanine,DB04058,drug,0.153878165,0,2.90E-13,46
NCBP1,4686,gene/protein,0.187848313,4845.172198,3.93E-09,12
NCBP2,22916,gene/protein,0.172401016,2967.91905,2.81E-09,4
NCCRP1,342897,gene/protein,0.161779438,349.1346768,2.81E-10,50
NCEH1,57552,gene/protein,0.168586061,1192.674947,2.98E-10,11
NCF1,653361,gene/protein,0.181765411,12354.43756,3.82E-09,21
NCF2,4688,gene/protein,0.162990202,1901.187535,2.07E-09,55
NCF4,4689,gene/protein,0.157579357,1120.651196,9.30E-10,31
NCK1,4690,gene/protein,0.252005388,42265.52466,1.32E-08,5
NCKAP5L,57701,gene/protein,0.154131486,84.34349103,4.86E-10,49
NCL,4691,gene/protein,0.237548469,70127.66969,1.18E-08,6
NCOA1,8648,gene/protein,0.221160859,74391.59181,1.54E-08,51
NCOA2,10499,gene/protein,0.195739389,50522.33808,1.15E-08,11
NCOA3,8202,gene/protein,0.200898369,11869.28376,1.13E-08,50
NCOA4,8031,gene/protein,0.167253963,5101.54801,4.04E-09,12
NCOA5,57727,gene/protein,0.168904907,2723.201451,2.00E-09,6
NCOA6,23054,gene/protein,0.176067017,3173.071611,5.57E-09,46
NCOA7,135112,gene/protein,0.153658107,182.7169638,7.29E-10,14
NCOR1,9611,gene/protein,0.222802805,27947.19023,1.10E-08,14
NCOR2,9612,gene/protein,0.221912603,21963.97784,1.67E-08,8
NCX 950,DB05849,drug,0.150389553,0,1.10E-10,39
N-cycloheptylglycyl-N-(4-carbamimidoylbenzyl)-L-prolinamide,DB06853,drug,0.151629156,0,1.15E-11,53
"N-cyclohexyl-3-[3-(trifluoromethyl)phenyl][1,2,4]triazolo[4,3-b]pyridazin-6-amine",DB08708,drug,0.150455891,0,6.96E-11,19
"N-cyclohexyl-4-imidazo[1,2-a]pyridin-3-yl-N-methylpyrimidin-2-amine",DB08023,drug,0.150467819,0,8.45E-11,8
N-Cyclohexyl-N'-(4-Iodophenyl)Urea,DB02029,drug,0.15645,0,1.58E-12,24
N-Cyclohexyl-N'-(Propyl)Phenyl Urea,DB04213,drug,0.15645,0,1.58E-12,43
N-Cyclohexyl-N'-Decylurea,DB03677,drug,0.15645,0,1.58E-12,46
N-cyclohexyltaurine,DB03309,drug,0.157955709,0,8.33E-12,31
N-cyclooctylglycyl-N-(4-carbamimidoylbenzyl)-L-prolinamide,DB06858,drug,0.151629156,0,1.15E-11,13
N-Cyclopentyl-N-Cyclobutylformamide,DB04065,drug,0.159909873,0,8.74E-13,5
"N-cyclopropyl-2',6-dimethyl-4'-(5-methyl-1,3,4-oxadiazol-2-yl)biphenyl-3-carboxamide",DB07811,drug,0.150382517,0,1.90E-10,50
"N-cyclopropyl-3-{[1-(2,4-difluorophenyl)-7-methyl-6-oxo-6,7-dihydro-1H-pyrazolo[3,4-b]pyridin-4-yl]amino}-4-methylbenzamide",DB08349,drug,0.150382517,0,1.90E-10,40
N-cyclopropyl-4-methyl-3-[1-(2-methylphenyl)phthalazin-6-yl]benzamide,DB07307,drug,0.150382517,0,1.90E-10,13
N-cyclopropyl-4-methyl-3-{2-[(2-morpholin-4-ylethyl)amino]quinazolin-6-yl}benzamide,DB08351,drug,0.150382517,0,1.90E-10,51
"N-cyclopropyl-4-pyrazolo[1,5-b]pyridazin-3-ylpyrimidin-2-amine",DB07164,drug,0.150398889,0,1.68E-10,19
"N-cyclopropyl-6-[(6,7-dimethoxyquinolin-4-yl)oxy]naphthalene-1-carboxamide",DB07274,drug,0.150391527,0,7.86E-11,55
"N-cyclopropyl-N-(trans-4-pyridin-3-ylcyclohexyl)-4-[(1S)-2,2,2-trifluoro-1-hydroxy-1-methylethyl]benzamide",DB07619,drug,0.152097189,0,1.30E-13,31
ND7001,DB05142,drug,0.151946896,0,7.92E-13,9
NDC80,10403,gene/protein,0.185513675,6669.286753,3.44E-09,56
NDE1,54820,gene/protein,0.170017524,2836.770948,2.07E-09,5
NDFIP1,80762,gene/protein,0.16955624,3822.143227,2.43E-09,46
NDFIP2,54602,gene/protein,0.160435709,442.1498277,2.13E-09,31
NDN,4692,gene/protein,0.166218668,1565.866974,2.31E-09,47
"N-Dodecyl-N,N-Dimethyl-3-Ammonio-1-Propanesulfonate",DB02643,drug,0.151808203,0,3.25E-11,57
NDOR1,27158,gene/protein,0.166352775,1278.973797,6.24E-10,11
NDRG1,10397,gene/protein,0.164568791,2757.526889,2.36E-09,19
NDST1,3340,gene/protein,0.156061486,1544.161757,1.01E-09,30
NDUFA10,4705,gene/protein,0.166590647,1362.081014,5.08E-10,19
NDUFA2,4695,gene/protein,0.184738994,3326.719279,1.52E-09,29
NDUFA4L2,56901,gene/protein,0.15810168,673.8957398,8.15E-10,36
NDUFA7,4701,gene/protein,0.187270883,5970.056198,2.08E-09,56
NDUFA9,4704,gene/protein,0.175907499,5568.621178,2.46E-09,10
NDUFAF1,51103,gene/protein,0.162924579,946.5625855,8.55E-10,46
NDUFAF5,79133,gene/protein,0.163970908,2595.669122,7.95E-10,49
NDUFB2,4708,gene/protein,0.154503606,383.5082343,3.29E-10,31
NDUFB6,4712,gene/protein,0.162934785,3296.641182,1.15E-09,56
NDUFB9,4715,gene/protein,0.173931697,2362.309979,1.49E-09,43
NDUFS1,4719,gene/protein,0.188683041,6745.314003,2.55E-09,22
NDUFS2,4720,gene/protein,0.167497077,3048.806091,1.07E-09,36
NDUFS4,4724,gene/protein,0.176208772,4667.871203,8.89E-10,21
NDUFS7,374291,gene/protein,0.190525101,16807.9836,2.27E-09,19
NDUFS8,4728,gene/protein,0.171327577,2737.415002,5.45E-10,49
NDUFV1,4723,gene/protein,0.173401606,3141.399819,9.38E-10,8
Neamine,DB04808,drug,1.234375265,3336.344532,0.016800341,58
Nebacumab,DB13535,drug,0.775447143,2.711075215,0.00104473,25
Nebivolol,DB04861,drug,1.937137949,20083.27084,0.02500467,16
Nebularine,DB04440,drug,0.191968781,99.2835435,2.71E-05,2
NECAB3,63941,gene/protein,0.152735023,112.0601602,2.79E-10,47
Necitumumab,DB09559,drug,0.819465204,10587.56232,0.00107224,42
necrotizing enterocolitis,5313,disease,7.700515434,1114.566897,4.40E-05,53
Nedaplatin,DB13145,drug,1.082607445,121.169436,0.01644171,7
NEDD4,4734,gene/protein,0.235889578,39451.7319,1.45E-08,19
NEDD4L,23327,gene/protein,0.21090463,13817.20671,1.12E-08,47
NEDD8,4738,gene/protein,0.241505219,25028.5057,9.89E-09,34
Nedocromil,DB00716,drug,1.044860296,15058.6369,0.01632595,59
Nefazodone,DB01149,drug,2.796762963,38389.77003,0.03855271,28
Nefiracetam,DB13082,drug,0.992376657,3.844875753,0.015717914,28
NEFL,4747,gene/protein,0.174864424,3184.294957,2.93E-09,45
Neflamapimod,DB07138,drug,0.150382517,0,1.90E-10,12
NEFM,4741,gene/protein,0.166032952,1633.500894,2.99E-09,1
Nefopam,DB12293,drug,0.151244687,0,2.44E-05,0
NEIL1,79661,gene/protein,0.154643888,809.5575289,4.82E-10,40
NEK10,152110,gene/protein,0.158217138,1115.497025,2.24E-09,12
NEK11,79858,gene/protein,0.158043551,1329.900523,2.90E-09,4
NEK2,4751,gene/protein,0.19330807,17472.31845,5.85E-09,56
NEK3,4752,gene/protein,0.176387728,4649.159527,4.50E-09,54
NEK6,10783,gene/protein,0.214212523,30773.46898,7.60E-09,22
NEK7,140609,gene/protein,0.16302398,3113.76538,3.59E-09,1
NEK8,284086,gene/protein,0.166511105,2376.816505,4.48E-09,39
Nelarabine,DB01280,drug,0.85257927,13093.6308,0.00582091,0
Nelfinavir,DB00220,drug,1.546220567,9788.312684,0.01820704,2
Nelipepimut-S,DB06226,drug,0.15050451,0,3.03E-11,31
Nelotanserin,DB12555,drug,0.150499626,0,1.05E-11,22
Neltenexine,DB13239,drug,0.15,0,3.99E-71,12
NEMF,9147,gene/protein,0.158577337,556.3195608,9.88E-10,34
Nemolizumab,DB15252,drug,0.777907291,9.850502048,0.00104514,25
Nemonoxacin,DB06600,drug,1.405847616,9540.771426,0.015364812,16
NEMP1,23306,gene/protein,0.16786406,3101.616251,9.32E-10,47
NEO1,4756,gene/protein,0.152411385,95.5960156,3.72E-10,22
Neocitrullamon,DB13396,drug,1.287319163,4353.963687,0.017951548,29
Neomycin,DB00994,drug,1.382972579,8495.10467,0.01903929,16
neonatal intrahepatic cholestasis due to citrin deficiency,11601,disease,0.84351898,0,2.76E-05,19
neoplasm of mature B-cells,4949,disease,36.30843092,819.3594418,0.0002646,13
Neosaxitoxin,DB12989,drug,1.201690977,2312.009087,0.01762922,25
Neostigmine,DB01400,drug,0.505862064,879.6043586,0.00576599,57
Nepafenac,DB06802,drug,0.307801519,35.6388118,0.00280977,59
nephrocalcinosis,1567,disease,0.40348684,0,0.00023971,15
nephrogenic diabetes insipidus,16383,disease,3.091929928,1763.512409,0.00010883,49
nephrogenic syndrome of inappropriate antidiuresis,10356,disease,0.169936687,0,2.53E-05,38
Neramexane,DB04926,drug,0.151666644,0,6.84E-13,53
Neratinib,DB11828,drug,0.985770128,7674.68752,0.00955938,0
Neridronic Acid,DB11620,drug,0.15,0,3.99E-71,27
NES,10763,gene/protein,0.173412697,2941.18153,1.90E-09,10
Nesiritide,DB04899,drug,0.517868348,348.7718708,0.00670064,59
Netarsudil,DB13931,drug,0.15180393,1.5647653,1.09E-10,21
"N-ethyl-4-{[5-(methoxycarbamoyl)-2-methylphenyl]amino}-5-methylpyrrolo[2,1-f][1,2,4]triazine-6-carboxamide",DB06940,drug,0.150382517,0,1.90E-10,8
N-Ethyl-5'-Carboxamido Adenosine,DB03719,drug,0.150464836,0,4.81E-11,36
N-Ethylmaleimide,DB02967,drug,0.182031494,0,4.68E-13,46
"N-ethyl-N-[3-(propylamino)propyl]propane-1,3-diamine",DB04633,drug,0.150640707,0,1.96E-11,55
N-ETHYL-N-ISOPROPYL-3-METHYL-5-{[(2S)-2-(PYRIDIN-4-YLAMINO)PROPYL]OXY}BENZAMIDE,DB07279,drug,0.150459983,0,9.12E-12,50
N-Ethylretinamide,DB03917,drug,0.151673363,0,3.94E-12,21
Netilmicin,DB00955,drug,1.232460762,3313.925627,0.016790687,25
Netoglitazone,DB09199,drug,1.177375245,3324.868466,0.01379779,52
Netupitant,DB09048,drug,1.359344655,3902.830039,0.017190677,18
NEU1,4758,gene/protein,0.171759589,6329.672594,1.68E-09,39
NEU2,4759,gene/protein,0.159585435,13939.6944,2.11E-10,40
neuroblastoma,5072,disease,3.281967856,0,0.00012712,19
neurocirculatory asthenia,1315,disease,6.075788876,1.008564589,0.00027651,12
NEUROD1,4760,gene/protein,0.184006768,3280.072183,4.38E-09,56
neuroendocrine carcinoma,2120,disease,6.46520137,27.03853504,8.27E-08,5
neuroepithelial neoplasm,21193_17046,disease,6.839410343,38.52993779,4.74E-05,43
neurohypophyseal diabetes insipidus,7450,disease,4.439108091,358.2144809,0.00010956,21
neuromuscular junction disease,20124,disease,0.318124684,0,7.66E-05,11
neuronal ceroid lipofuscinosis,8768_9745_8769_14147_12588_9744_10830_12188_13866_11144_12414_8767_8083_19260_19262_16295,disease,12.84373541,4865.984311,1.38E-07,46
neurotic disorder,5379,disease,9.275482041,0.245408101,0.00096851,15
Nevirapine,DB00238,drug,1.237628612,2944.744461,0.016477518,59
newborn respiratory distress syndrome,9971,disease,1.826281927,0,0.00014297,34
NF1,4763,gene/protein,0.169797711,4846.151899,3.43E-09,8
NF2,4771,gene/protein,0.194714956,8677.27137,8.34E-09,55
NFAM1,150372,gene/protein,0.154594358,159.6725004,3.90E-10,32
NFAT5,10725,gene/protein,0.165803552,10400.71888,2.26E-09,55
NFATC1,4772,gene/protein,0.182915137,31300.54637,5.74E-09,43
NFATC2,4773,gene/protein,0.166911899,1741.225606,4.23E-09,14
NFATC3,4775,gene/protein,0.161592857,1320.530876,1.83E-09,32
NFATC4,4776,gene/protein,0.18466671,8706.458076,6.47E-09,57
NFE2,4778,gene/protein,0.217098198,20382.41407,5.13E-09,12
NFE2L1,4779,gene/protein,0.169604696,3774.653715,2.49E-09,49
NFE2L2,4780,gene/protein,0.199494208,16837.08419,8.41E-09,49
NFE2L3,9603,gene/protein,0.158626224,197.7092033,6.59E-10,56
NFIC,4782,gene/protein,0.164726067,1531.968365,3.07E-09,33
NFIL3,4783,gene/protein,0.178796365,2678.085665,2.17E-09,15
NFIX,4784,gene/protein,0.15519773,97.5260642,1.33E-09,5
NF-kappaB Decoy,DB05559,drug,0.150803726,0,1.91E-10,50
NFKB1,4790,gene/protein,0.297930734,288138.1024,1.79E-08,1
NFKB2,4791,gene/protein,0.180084117,26438.70222,6.14E-09,49
NFKBIA,4792,gene/protein,0.244870142,78920.49001,2.06E-08,20
NFKBIB,4793,gene/protein,0.174343232,3343.209126,4.52E-09,32
NFKBID,84807,gene/protein,0.190282216,5732.827742,2.32E-09,34
NFKBIE,4794,gene/protein,0.16618324,1123.106578,3.10E-09,4
N-Formylmethionine,DB04464,drug,0.160684116,0,9.11E-10,11
N-Formylpiperidine,DB04113,drug,0.154220762,0,2.33E-14,41
NFS1,9054,gene/protein,0.159259135,2203.070555,1.14E-09,32
NFX1,4799,gene/protein,0.161182062,720.0204547,2.46E-09,15
NFYA,4800,gene/protein,0.268563627,57881.98013,9.27E-09,31
NFYB,4801,gene/protein,0.275445897,63272.30352,9.36E-09,53
NFYC,4802,gene/protein,0.188615279,26423.8563,3.54E-09,20
NGDN,25983,gene/protein,0.159510256,498.149678,1.35E-09,38
NGEF,25791,gene/protein,0.161767157,604.4436,1.68E-09,54
NGF,4803,gene/protein,0.152909258,748.9554069,8.32E-10,30
NGX267,DB05152,drug,0.304729929,61.36990691,0.00204027,2
N-Heptylformamide,DB04105,drug,0.153933714,0,2.96E-12,43
NHLH2,4808,gene/protein,0.152323354,41.69459454,3.07E-10,19
NHP2,55651,gene/protein,0.160210825,13425.60395,2.40E-09,32
"N-Hydroxy 1n(4-Methoxyphenyl)Sulfonyl-4-(Z,E-N-Methoxyimino)Pyrrolidine-2r-Carboxamide",DB01877,drug,0.150507551,0,9.27E-12,22
N-Hydroxy-1-(4-Methoxyphenyl)Sulfonyl-4-Benzyloxycarbonyl-Piperazine-2-Carboxamide,DB04232,drug,0.150507551,0,9.27E-12,22
N-HYDROXY-2-[4-(4-PHENOXY-BENZENESULFONYL)-TETRAHYDRO-PYRAN-4-YL]-ACETAMIDE,DB08491,drug,0.150655244,0,1.18E-11,24
N-hydroxy-4-({4-[4-(trifluoromethyl)phenoxy]phenyl}sulfonyl)tetrahydro-2H-pyran-4-carboxamide,DB06945,drug,0.15365885,0,3.50E-14,12
N-Hydroxy-4-(Methyl{[5-(2-Pyridinyl)-2-Thienyl]Sulfonyl}Amino)Benzamide,DB02917,drug,0.150633124,0,1.50E-11,19
"N-Hydroxy-4-[(4-Methoxylphenyl)Sulfonyl]-2,2-Dimethyl-Hexahydro-1,4-Thiazepine-3(S)-Carboxamide",DB02350,drug,0.150507551,0,9.27E-12,11
N-Hydroxy-4-Phosphono-Butanamide,DB01695,drug,0.150496371,0,2.45E-11,12
"N-hydroxy-5-[(3-phenyl-5,6-dihydroimidazo[1,2-a]pyrazin-7(8H)-yl)carbonyl]thiophene-2-carboxamide",DB07879,drug,0.150431737,0,8.00E-11,49
Niacin,DB00627,drug,0.895897116,11394.29246,0.011186889,18
Niacinamide ascorbate,DB14486,drug,0.253794378,226.2064107,0.00096445,52
Nialamide,DB04820,drug,1.826541735,11131.06313,0.027367777,7
Niaprazine,DB13687,drug,0.99594897,8.481282091,0.015775779,28
Nicardipine,DB00622,drug,2.733830157,44069.46171,0.03527796,25
Nicergoline,DB00699,drug,1.247359698,2263.074768,0.01870996,28
Niclosamide,DB06803,drug,0.708491987,195.8073939,0.00906862,26
Nicofuranose,DB13422,drug,0.155031785,0,3.81E-05,0
Nicomorphine,DB13454,drug,1.225406675,1588.433793,0.018327319,7
Nicorandil,DB09220,drug,1.755449669,7352.204177,0.026348486,25
Nicotinamide,DB02701,drug,0.23681988,9030.14071,0.00135192,24
Nicotinamide 8-bromo-adenine dinucleotide phosphate,DB03962,drug,0.150779605,0,1.92E-11,22
Nicotinamide adenine dinucleotide phosphate,DB03461,drug,0.188827364,0,2.13E-10,53
Nicotinamide Mononucleotide,DB03227,drug,0.167342032,0,2.15E-11,50
Nicotine,DB00184,drug,1.758374288,31806.76878,0.021857118,16
Nicotinyl alcohol,DB04145,drug,0.155031785,86.52763097,3.81E-05,55
Niemann-Pick disease,11871_11873_9757_9756_18982_1982_20384,disease,8.681754363,5.810329229,2.88E-07,45
NIF3L1,60491,gene/protein,0.193687536,8542.598437,1.90E-09,29
Nifedipine,DB01115,drug,2.695320688,43889.6678,0.033915501,7
Nifenazone,DB13407,drug,1.882766518,6180.823484,0.027066228,17
Niflumic acid,DB04552,drug,0.308363284,495.250295,0.00279538,18
Nifuratel,DB13724,drug,0.173128295,0,0.00028569,59
Nifurtimox,DB11820,drug,0.150758394,0,2.71E-11,50
Nigericin,DB14056,drug,0.183010588,1.635162339,0.00033501,0
Niguldipine,DB09239,drug,1.876445394,14174.90496,0.023915313,16
Nikkomycin Z,DB12939,drug,0.173128295,0,0.00028569,18
Nilotinib,DB04868,drug,2.306050447,42199.69947,0.02406403,44
Niludipine,DB09240,drug,1.035341318,2004.079558,0.012515647,16
Nilutamide,DB00665,drug,1.358889712,15028.37736,0.020247724,2
Nilvadipine,DB06712,drug,2.048160014,16597.30291,0.026708783,16
Nimesulide,DB04743,drug,2.461095773,36000.39041,0.03124671,17
Nimodipine,DB00393,drug,1.702372155,11795.51065,0.022790457,17
Nimotuzumab,DB06192,drug,0.8190729,1434.947837,0.00107224,25
Nimustine,DB13069,drug,0.191246377,0.019387545,2.71E-05,52
NIN,51199,gene/protein,0.15586141,258.7908,8.56E-10,34
Nintedanib,DB09079,drug,1.178282875,29875.714,0.011538201,18
Nipecotic acid,DB08849,drug,0.1511054,0,1.30E-11,43
Niperotidine,DB13760,drug,0.342127793,447.3027084,0.00142849,17
Niraparib,DB11793,drug,0.193738218,613.3289954,2.71E-05,6
Niraxostat,DB03841,drug,0.152557501,0,8.42E-13,6
NISCH,11188,gene/protein,0.162060051,8671.42608,2.27E-09,53
N-ISOBUTYL-N-[4-METHOXYPHENYLSULFONYL]GLYCYL HYDROXAMIC ACID,DB08271,drug,0.152241191,0,1.41E-11,55
Nisoldipine,DB00401,drug,2.1978356,16583.77063,0.03045502,7
Nisoxetine,DB09186,drug,1.017944498,354.335911,0.016006243,7
Nitazoxanide,DB00507,drug,0.151161282,0,1.35E-11,34
Nitisinone,DB00348,drug,0.151341322,0,9.67E-12,9
Nitrate,DB14049,drug,0.263860955,21.89393829,0.00186373,2
Nitrazepam,DB01595,drug,1.232206766,2931.111664,0.01769982,28
Nitrendipine,DB01054,drug,1.95242636,13066.00425,0.02565792,17
Nitric Oxide,DB00435,drug,1.65441854,15610.98369,0.024793509,16
Nitrilotriacetic acid,DB03040,drug,0.153627598,10.60075402,1.52E-05,54
Nitroarginine,DB04223,drug,0.151139898,0,9.48E-11,10
Nitroaspirin,DB12445,drug,2.213126688,15279.69898,0.029370395,58
Nitrofural,DB00336,drug,0.152557501,0,8.42E-13,6
Nitrofurantoin,DB00698,drug,1.611622201,10719.87759,0.022072709,52
Nitrogen,DB09152,drug,0.15,0,3.99E-71,19
Nitroglycerin,DB00727,drug,1.010522262,4805.152904,0.015511406,52
Nitromethyldethia coenzyme A,DB04230,drug,0.151572189,0,1.03E-11,22
Nitroprusside,DB00325,drug,1.712264298,26701.28066,0.02570434,16
Nitrosoethane,DB02646,drug,0.153688769,0,2.52E-12,6
Nitrous acid,DB09112,drug,0.521514599,5960.80508,0.00670064,59
Nitrous oxide,DB06690,drug,1.501395455,2687.880472,0.02402401,58
Nitroxoline,DB01422,drug,0.173984041,1412.576405,0.00028569,59
Nivolumab,DB09035,drug,0.820108488,3127.300112,0.00107224,42
Nizatidine,DB00585,drug,0.825017191,6775.730455,0.00856707,16
Nizofenone,DB13546,drug,0.692908736,186.8650119,0.0083524,58
NKAIN4,128414,gene/protein,0.151420677,100.5395827,3.73E-10,4
NKX2-1,7080,gene/protein,0.159651944,564.5283802,2.62E-09,21
NKX3-1,4824,gene/protein,0.16858721,2112.248436,1.69E-09,39
NLE1,54475,gene/protein,0.182270698,8068.489771,6.78E-09,46
NLGN3,54413,gene/protein,0.198317835,7492.818243,1.41E-09,56
NLGN4X,57502,gene/protein,0.151353866,32.25814446,1.96E-10,22
NLK,51701,gene/protein,0.17314132,3918.42091,5.17E-09,47
NLRP2,55655,gene/protein,0.158829469,503.7752414,7.49E-10,19
NLRP3,114548,gene/protein,0.170573504,6636.064301,1.82E-09,34
NLRX1,79671,gene/protein,0.16462728,2205.410834,1.08E-09,19
NM-702,DB05505,drug,0.15558827,0,9.16E-13,53
NME1,4830,gene/protein,0.169657265,69364.8682,3.60E-09,14
NME1-NME2,654364,gene/protein,0.175085419,5701.549128,3.50E-09,49
NME2,4831,gene/protein,0.163823379,11337.59974,1.58E-09,33
NME2P1,283458,gene/protein,0.166894581,1676.816852,6.38E-10,43
N-METHYL(5-(PYRIDIN-3-YL)FURAN-2-YL)METHANAMINE,DB07617,drug,0.151064885,0,2.64E-12,46
"N-methyl-{4-[2-(7-oxo-6,7-dihydro-8H-[1,3]thiazolo[5,4-e]indol-8-ylidene)hydrazino]phenyl}methanesulfonamide",DB08123,drug,0.150398889,0,1.68E-10,32
N-methyl-1-(2-thiophen-2-ylphenyl)methanamine,DB07196,drug,0.150779115,0,1.42E-11,12
N-METHYL-1-[4-(9H-PURIN-6-YL)PHENYL]METHANAMINE,DB07854,drug,0.15144982,0,2.44E-10,12
"N-Methyl-4-{[(2-oxo-1,2-dihydro-3H-indol-3-ylidene)methyl]amino}benzenesulfonamide",DB08122,drug,0.150398889,0,1.68E-10,45
"N-METHYLALANYL-3-METHYLVALYL-4-PHENOXY-N-(1,2,3,4-TETRAHYDRONAPHTHALEN-1-YL)PROLINAMIDE",DB04612,drug,0.150447336,0,7.07E-11,27
N-Methylleucine,DB04487,drug,0.150748561,0,1.01E-11,19
N-Methyl-N-(Methylbenzyl)Formamide,DB04379,drug,0.151869041,0,1.09E-11,32
N-METHYL-N-[(1R)-1-METHYL-2-PHENYLETHYL]PROP-2-EN-1-AMINE,DB04677,drug,0.151197857,0,8.39E-12,38
N-methylnicotinamide,DB08840,drug,1.096282114,1264.909975,0.016550918,58
N-Methylphenylalanyl-N-[(trans-4-aminocyclohexyl)methyl]-L-prolinamide,DB08187,drug,0.150459983,0,9.12E-12,55
NMI,9111,gene/protein,0.178592487,8962.035937,4.08E-09,41
NMNAT1,64802,gene/protein,0.16645588,20143.02149,2.58E-09,15
NMNAT3,349565,gene/protein,0.150455786,5843.301896,1.45E-10,15
NMRAL1,57407,gene/protein,0.156971998,6036.174562,1.54E-09,9
NMT1,4836,gene/protein,0.164117876,7104.822088,2.31E-09,49
NMT2,9397,gene/protein,0.1615686,22299.7019,1.25E-09,27
NN344,DB05115,drug,1.1275407,4348.390652,0.013260391,16
"N-naphthalen-1-ylmethyl-2'-[3,5-dimethoxybenzamido]-2'-deoxy-adenosine",DB03331,drug,0.151930552,0,2.70E-12,43
NNT,23530,gene/protein,0.161496981,6051.699937,4.69E-10,21
Nocodazole,DB08313,drug,0.195889428,117.9955379,5.10E-05,8
NOD1,10392,gene/protein,0.168942145,2061.650205,3.61E-09,11
NOD2,64127,gene/protein,0.178460623,7116.998241,4.35E-09,24
Nojirimycine Tetrazole,DB02471,drug,0.153321373,0,1.31E-11,43
NOL10,79954,gene/protein,0.157408263,360.4659193,1.73E-09,47
NOL11,25926,gene/protein,0.15886239,611.425527,1.71E-09,32
NOL12,79159,gene/protein,0.177199017,1329.074591,9.72E-10,51
NOL3,8996,gene/protein,0.159296362,452.1833743,1.05E-09,8
NOL7,51406,gene/protein,0.163913762,1195.372065,2.60E-09,8
NOL8,55035,gene/protein,0.159712571,256.5094784,1.20E-09,43
Nolatrexed,DB12912,drug,0.241492524,162.6376752,7.40E-05,52
NOLC1,9221,gene/protein,0.185784461,13561.73994,5.35E-09,4
NOM1,64434,gene/protein,0.16961271,1382.849586,3.41E-09,33
N-omega-propyl-L-arginine,DB02644,drug,0.151150451,0,9.06E-11,15
Nomegestrol,DB11636,drug,0.732355585,1477.558982,0.00663732,18
Nomegestrol acetate,DB13981,drug,0.84319816,3142.016433,0.00693298,52
Nomifensine,DB04821,drug,1.022166253,1773.401923,0.016003342,7
Nonacog beta pegol,DB13933,drug,0.510371936,5259.842758,0.00138297,2
non-alcoholic steatohepatitis,7027,disease,25.10876495,396.7528632,2.06E-07,37
non-Hodgkin lymphoma,15760_18908_15759,disease,39.239855,1353.721116,0.00030435,39
Nonivamide,DB11324,drug,0.150695953,0,1.02E-11,15
NONO,4841,gene/protein,0.201197699,87125.28002,5.60E-09,55
Nonoxynol-9,DB06804,drug,0.277099053,87.7552965,0.00227794,0
nonpapillary renal cell carcinoma,7763,disease,18.01195564,110.804669,0.00018225,55
non-small cell lung carcinoma (disease),5233,disease,4.06213194,0,0.00031259,34
Noonan syndrome,14143_11531_14693_13186_8104_12371_14691_13379_12690_32786_12547_32839_33669_18997,disease,1.406063701,0,5.42E-05,36
NOP10,55505,gene/protein,0.164947848,8315.104708,1.29E-09,27
NOP14,8602,gene/protein,0.161625708,1229.472308,2.60E-09,54
NOP16,51491,gene/protein,0.157320204,169.5281078,1.02E-09,40
NOP56,10528,gene/protein,0.217020448,11126.72282,5.61E-09,47
NOP58,51602,gene/protein,0.17823415,1742.323978,4.44E-09,5
NOP9,161424,gene/protein,0.173773887,8799.742255,3.15E-09,47
Nordazepam,DB14028,drug,1.06954017,850.2832835,0.016273457,7
Norelgestromin,DB06713,drug,0.736009893,12505.17721,0.00663732,48
Norepinephrine,DB00368,drug,1.563479413,31569.58774,0.019517645,16
Norethindrone enanthate,DB14678,drug,0.748504522,1576.788087,0.00678456,2
Norethisterone,DB00717,drug,1.442606482,35925.34989,0.01441486,52
Norethynodrel,DB09371,drug,0.844619147,15016.96547,0.00693298,59
Norfenefrine,DB13378,drug,0.941184527,405.5635582,0.015003306,7
Norfloxacin,DB01059,drug,1.723388321,25091.81382,0.01885338,52
Norgestimate,DB00957,drug,1.552795755,36890.0507,0.01624467,0
Norgestrel,DB09389,drug,0.846326212,10342.11516,0.00693298,2
Norgestrienone,DB13563,drug,0.837137596,2992.145047,0.00685538,44
Normethadone,DB11609,drug,1.225406675,1588.433793,0.018327319,28
nor-NOHA,DB02381,drug,0.150752385,0,1.31E-11,54
Nortriptyline,DB00540,drug,2.763158903,58580.74236,0.03525373,28
Norvaline,DB04185,drug,0.157022965,0,2.47E-12,46
NOS1,4842,gene/protein,0.159023578,58655.33204,2.37E-09,4
NOS2,4843,gene/protein,0.175643419,158069.9936,9.20E-09,35
NOS3,4846,gene/protein,0.187670217,170833.6738,9.74E-09,1
Noscapine,DB06174,drug,0.614457936,208.5426469,0.0076575,26
NOTCH1,4851,gene/protein,0.204494645,13416.36146,1.31E-08,13
NOTCH4,4855,gene/protein,0.156286493,61.12334144,3.48E-09,4
Novo Nordisk a/S Compound,DB02662,drug,0.150357788,0,1.04E-10,24
Novobiocin,DB01051,drug,0.50403656,564.1317102,0.00354706,18
NOX4,50507,gene/protein,0.152946007,12.73813645,1.66E-09,56
NOX5,79400,gene/protein,0.164656738,2155.010421,3.23E-09,49
NOX-700,DB05464,drug,0.150803726,0,1.91E-10,39
NOXA1,10811,gene/protein,0.173638292,4702.989888,3.10E-09,34
NOXO1,124056,gene/protein,0.152576107,1531.486995,4.27E-10,38
N-oxo-2-(phenylsulfonylamino)ethanamide,DB07922,drug,0.150953031,0,1.33E-12,27
N-oxo-2-[(4-phenylphenyl)sulfonylamino]ethanamide,DB07920,drug,0.150953031,0,1.33E-12,40
NP-50301,DB05662,drug,0.150379934,0,3.14E-10,43
NPC1L1,29881,gene/protein,0.151620236,191.0687314,1.71E-10,50
NPDC1,56654,gene/protein,0.17267633,5574.589252,2.04E-09,51
N-phenyl-1H-pyrazole-3-carboxamide,DB08135,drug,0.150398889,0,1.68E-10,45
"N-phenyl-1H-pyrrolo[2,3-b]pyridin-3-amine",DB07524,drug,0.150455891,0,6.96E-11,22
NPHS1,4868,gene/protein,0.154836855,342.2042834,2.00E-09,31
NPI 32101,DB05264,drug,0.15059115,0,3.33E-11,24
NPLOC4,55666,gene/protein,0.174815833,3292.196716,2.30E-09,55
NPM1,4869,gene/protein,0.296100586,84079.43147,1.61E-08,57
NPPA,4878,gene/protein,0.177912005,5750.93484,8.67E-10,20
NPR1,4881,gene/protein,0.156079034,4392.59149,1.40E-09,14
N-Propargyl-1(S)-Aminoindan,DB03894,drug,0.152395715,0,1.68E-11,12
N-Propyl Isocyanide,DB04050,drug,0.153688769,0,2.52E-12,38
NPS-2143,DB05695,drug,0.150977742,0,1.45E-11,53
NPY,4852,gene/protein,0.159836106,16704.52876,1.92E-10,39
NPY1R,4886,gene/protein,0.154267859,287.8586453,2.84E-11,47
NPY2R,4887,gene/protein,0.165426701,10269.91241,6.79E-10,12
NPY5R,4889,gene/protein,0.152097293,1697.922704,3.28E-10,6
N-Pyridoxyl-Glycine-5-Monophosphate,DB02824,drug,0.15229204,0,3.28E-11,8
NQO1,1728,gene/protein,0.161152156,56098.16088,2.40E-09,12
NQO2,4835,gene/protein,0.159639471,35968.96744,2.15E-09,38
NR0B1,190,gene/protein,0.158446532,1037.776006,2.42E-09,29
NR0B2,8431,gene/protein,0.202758343,20247.21589,8.08E-09,57
NR1D1,9572,gene/protein,0.207648307,27706.88719,1.08E-08,53
NR1D2,9975,gene/protein,0.181529878,5548.823691,2.10E-09,20
NR1H2,7376,gene/protein,0.184568175,27349.88847,5.21E-09,14
NR1H3,10062,gene/protein,0.194558804,16306.90613,4.85E-09,36
NR1H4,9971,gene/protein,0.166675115,14404.26953,3.52E-09,41
NR1I2,8856,gene/protein,0.201575619,146975.4708,1.09E-08,22
NR1I3,9970,gene/protein,0.17610976,20797.21723,7.88E-09,20
NR2E1,7101,gene/protein,0.159887426,287.4078659,1.46E-09,53
NR2E3,10002,gene/protein,0.159235292,247.3303648,1.75E-09,38
NR2F1,7025,gene/protein,0.162511877,1067.490819,2.12E-09,10
NR2F2,7026,gene/protein,0.17513728,7852.303983,4.32E-09,8
NR2F6,2063,gene/protein,0.160610121,735.8643911,2.30E-09,57
NR3C1,2908,gene/protein,0.43078274,938290.4939,2.58E-08,35
NR4A1,3164,gene/protein,0.210686162,32696.50364,1.32E-08,34
NR5A1,2516,gene/protein,0.169915375,16392.47677,4.71E-09,56
NR5A2,2494,gene/protein,0.182094542,15271.19566,7.92E-09,47
NRARP,441478,gene/protein,0.152026434,8.573405145,2.30E-10,33
NRAS,4893,gene/protein,0.179554356,8531.118754,4.08E-09,20
NRBF2,29982,gene/protein,0.162484871,1725.187389,1.33E-09,14
NRBP1,29959,gene/protein,0.162832071,1093.097324,3.43E-09,12
NREP,9315,gene/protein,0.154996273,87.86371806,5.01E-10,45
NRF1,4899,gene/protein,0.361304101,115111.6231,9.83E-09,4
NRG1,3084,gene/protein,0.166921385,2843.803697,2.43E-09,9
NRIP1,8204,gene/protein,0.178115101,6081.35864,4.68E-09,55
NRIP2,83714,gene/protein,0.155306166,70.58757623,9.72E-10,53
NRP1,8829,gene/protein,0.173991625,9085.045286,2.58E-09,43
NRP409,DB05235,drug,0.151085585,0,6.19E-11,6
NRROS,375387,gene/protein,0.159383997,949.622391,5.18E-10,24
NS-398,DB14060,drug,1.882766518,6180.823484,0.027066228,58
NSD1,64324,gene/protein,0.201133926,15724.42966,2.10E-09,24
NSF,4905,gene/protein,0.171255999,8878.680617,2.01E-09,20
NSFL1C,55968,gene/protein,0.171253195,2463.619849,2.24E-09,5
N-sulfo-flavin mononucleotide,DB02164,drug,0.158586554,0,3.54E-13,12
NSUN2,54888,gene/protein,0.166143984,1983.341089,2.95E-09,36
NT5C2,22978,gene/protein,0.154420942,2885.567558,9.00E-10,38
NT5DC3,51559,gene/protein,0.153658675,168.4295584,3.01E-10,8
NT5M,56953,gene/protein,0.150545082,10768,1.52E-10,30
NTMT1,28989,gene/protein,0.160390972,626.5896449,1.94E-09,53
NTN5,126147,gene/protein,0.150615768,0,3.61E-10,10
N-Tridecanoic Acid,DB02448,drug,0.163388368,0,4.26E-12,55
NTRK1,4914,gene/protein,0.177821967,19462.54647,7.12E-09,35
NTRK3,4916,gene/protein,0.172408166,4946.24952,7.64E-09,1
NU1025,DB02690,drug,0.150440173,0,9.92E-11,13
NUAK1,9891,gene/protein,0.167403202,1857.528573,5.37E-09,31
NUBP2,10101,gene/protein,0.179183928,9481.389849,1.84E-09,51
NUC-1031,DB15057,drug,0.191246377,0.019387545,2.71E-05,2
NUCB1,4924,gene/protein,0.164463204,6575.043208,1.34E-09,53
NUCB2,4925,gene/protein,0.16288703,2611.389005,8.54E-10,4
NUDCD2,134492,gene/protein,0.17759021,2563.191217,2.48E-09,27
NUDT18,79873,gene/protein,0.180459732,1398.294831,9.27E-10,45
NUDT21,11051,gene/protein,0.188314341,7208.817313,3.84E-09,9
NUDT9,53343,gene/protein,0.152263335,5492.81266,3.90E-10,31
NUMA1,4926,gene/protein,0.186090766,11411.61178,4.39E-09,32
NUP133,55746,gene/protein,0.166667558,1928.813354,3.78E-09,9
NUP205,23165,gene/protein,0.164123828,782.4144446,2.75E-09,47
NUP214,8021,gene/protein,0.210835218,18680.84274,1.40E-08,31
NUP35,129401,gene/protein,0.165817673,2912.699449,2.54E-09,4
NUP62,23636,gene/protein,0.193691389,9470.3566,4.49E-09,39
NUP93,9688,gene/protein,0.166406312,1329.593123,3.11E-09,39
NUP98,4928,gene/protein,0.181748973,4839.518115,4.77E-09,14
NUPR1,26471,gene/protein,0.163392732,574.4515368,1.06E-09,30
Nusinersen,DB13161,drug,0.15,0,3.99E-71,19
NXN-188,DB06096,drug,0.153782836,0,2.22E-11,47
Nylidrin,DB06152,drug,1.588987316,15073.11257,0.021226045,58
Nystatin,DB00646,drug,0.244906604,196.1990496,0.00085277,31
O-(((1R)-((N-(PHENYL-METHOXY-CARBONYL)-ALANYL)-AMINO)METHYL)HYDROXYPHOSPHINYL)3-L-PHENYLLACTATE,DB07351,drug,0.153878165,0,2.90E-13,41
O-(((1R)-((N-PHENYLMETHOXYCARBONYL-L-ALANYL)AMINO)ETHYL)HYDROXYPHOSPHONO)-L-BENZYLACETIC ACID,DB08762,drug,0.153878165,0,2.90E-13,9
O2-Sulfo-Glucuronic Acid,DB02264,drug,0.151084272,0,1.20E-10,8
O3-Sulfonylgalactose,DB01818,drug,0.151014201,0,8.04E-12,51
"O6-(R)-ROSCOVITINE, R-2-(6-BENZYLOXY-9-ISOPROPYL-9H-PURIN-2-YLAMINO)-BUTAN-1-OL",DB04770,drug,0.157594124,0,7.31E-12,53
O6-CYCLOHEXYLMETHOXY-2-(4'-SULPHAMOYLANILINO) PURINE,DB07126,drug,0.150398889,0,1.68E-10,55
O-acetyl-L-serine,DB01837,drug,0.150507503,0,1.76E-12,57
OAS1,4938,gene/protein,0.15762822,3995.277743,7.70E-10,51
OAT,4942,gene/protein,0.156155768,13481.04804,1.43E-09,30
OAZ3,51686,gene/protein,0.159547251,1061.692121,6.01E-10,53
Obatoclax,DB12191,drug,0.150379485,0,7.00E-11,41
OBE101,DB05080,drug,0.150418103,0,7.26E-12,34
O-Benzylsulfonyl-Serine,DB01973,drug,0.151163866,0,2.99E-12,41
obesity disorder,11122,disease,29.30316093,0,0.00041592,21
Obeticholic acid,DB05990,drug,0.678264919,2704.699981,0.006151,52
Obiltoxaximab,DB05336,drug,0.775447143,2.711075215,0.00104473,28
Obinepitide,DB05045,drug,0.150895622,0,5.47E-12,24
Obinutuzumab,DB08935,drug,1.7285577,56878.92873,0.012423869,55
Oblimersen,DB13811,drug,0.191246377,0.019387545,2.71E-05,3
OBP-801,DB12279,drug,0.1927301,0.019387545,3.98E-05,3
OBSL1,23363,gene/protein,0.162855028,1938.134863,1.21E-09,19
obsolete familial combined hyperlipidemia,1807,disease,0.624172769,0,0.00017913,15
obsolete Hodgkin's granuloma,4632,disease,0.847810202,0,0.00036317,8
obsolete hyperuricemia (disease),2144,disease,0.210755141,0,0.00010385,21
obsolete neurogenic bladder (disease),1445,disease,0.178491657,0,4.57E-05,24
obsolete susceptibility to ischemic stroke,20671,disease,2.283291809,0,0.00017098,10
obstructive jaundice,6874,disease,0.171236136,0,1.94E-05,55
OCA2,4948,gene/protein,0.155037069,527.7755014,3.83E-10,55
Ocaperidone,DB06229,drug,0.157977956,0,1.91E-10,38
occupational dermatitis,6589,disease,5.823326096,0,0.00027344,10
Ocinaplon,DB06529,drug,0.997242352,12.1886518,0.015785157,7
OCLN,100506658,gene/protein,0.175810293,4656.111678,3.38E-09,29
Ocrelizumab,DB11988,drug,1.172793458,8733.254152,0.00438601,44
Ocriplasmin,DB08888,drug,0.152536814,0,1.69E-10,15
Octamoxin,DB09249,drug,1.815199711,6212.883102,0.027339627,25
"OCTANE-1,3,5,7-TETRACARBOXYLIC ACID",DB08368,drug,0.153878165,0,2.90E-13,10
Octanoyl-Coenzyme A,DB02910,drug,0.155287557,0,1.79E-11,19
Octinoxate,DB09496,drug,1.039102739,23.19812583,0.016310985,7
Octocrylene,DB09535,drug,0.150810097,0,4.43E-10,43
Octopamine,DB13251,drug,0.955204047,492.89597,0.01510163,28
Octreotide,DB00104,drug,1.245159738,21728.89927,0.013303566,52
Octylphenoxy polyethoxyethanol,DB04682,drug,0.724018103,2097.449378,0.00655273,58
ocular hypertension,6875,disease,3.199436703,57.23163764,0.00022574,49
ODAM,54959,gene/protein,0.159206045,278.1813977,4.99E-10,34
Odanacatib,DB06670,drug,0.680657938,4605.77997,0.007052,48
ODC1,4953,gene/protein,0.158524811,24771.86524,2.16E-09,23
Ofatumumab,DB06650,drug,0.820141122,2952.171366,0.00107224,9
Ofloxacin,DB01165,drug,1.614351839,23870.23999,0.01710876,7
OGG1,4968,gene/protein,0.15271621,74.84936777,5.86E-10,57
Oglufanide,DB05779,drug,0.191246377,0.019387545,2.71E-05,52
OIP5,11339,gene/protein,0.208350198,13021.24585,3.46E-09,39
Olanzapine,DB00334,drug,2.521357453,55546.92329,0.0319519,58
Olaparib,DB09074,drug,1.580522696,20522.74279,0.015626885,17
Olaptesed Pegol,DB11707,drug,0.345419741,0.177865573,0.00017532,18
Olaratumab,DB06043,drug,0.81949478,5522.037176,0.00107224,42
Olcegepant,DB04869,drug,0.151890863,0,6.61E-13,8
Oleandomycin,DB11442,drug,0.531509069,378.7058333,0.0049801,2
Oleandrin,DB12843,drug,0.65440802,1629.650412,0.00589138,7
Oleic Acid,DB04224,drug,0.153910858,0,5.01E-10,53
Oliceridine,DB14881,drug,1.854989846,22099.70945,0.024274675,28
oligoastrocytoma,16701_16702,disease,13.89069064,184.4976507,4.75E-05,22
oligodendroglial tumor,2544_16695_18744_2543_2540,disease,12.19343258,41.3973345,4.75E-05,24
OLMALINC,90271,gene/protein,0.154085629,67.35311271,7.50E-10,14
Olmesartan,DB00275,drug,1.161138008,5226.596533,0.016931097,16
Olmutinib,DB13164,drug,0.191627265,627.4670565,2.71E-05,57
Olodaterol,DB09080,drug,1.76497176,9025.339708,0.025302468,16
Olokizumab,DB13127,drug,0.777907291,9.850502048,0.00104514,25
Olomoucine,DB02116,drug,0.151661309,0,6.77E-10,43
OLOMOUCINE II,DB04662,drug,0.150398889,0,1.68E-10,43
Olopatadine,DB00768,drug,0.162687,5.508516226,8.26E-11,47
Olorofim,DB15245,drug,0.173128295,0,0.00028569,59
Olsalazine,DB01250,drug,2.04726297,12984.42598,0.02822277,7
Oltipraz,DB12539,drug,0.191246377,0.019387545,2.71E-05,52
Omacetaxine mepesuccinate,DB04865,drug,0.437336368,1921.982453,0.00386213,45
Omadacycline,DB12455,drug,0.888712294,9752.826373,0.00499117,2
Omalizumab,DB00043,drug,0.782233944,4387.305388,0.00106277,29
Omapatrilat,DB00886,drug,1.197833662,7488.166545,0.016409381,16
Omarigliptin,DB11992,drug,0.9965814,2122.506872,0.01106779,39
Ombitasvir,DB09296,drug,0.831647159,1835.151538,0.00810036,2
omega interferon,DB05472,drug,0.809915059,1427.213197,0.00582132,58
Omega-3 fatty acids,DB11133,drug,0.32132513,6418.184177,0.00172806,2
Omega-3-acid ethyl esters,DB09539,drug,0.31966424,5368.279138,0.00172806,18
Omega-3-carboxylic acids,DB09568,drug,0.312795894,17398.09837,0.0012129,18
Omega-6 fatty acids,DB13168,drug,0.15459999,0,7.60E-11,6
Omeprazole,DB00338,drug,1.408327643,15989.29305,0.0170832,52
Omidenepag isopropyl,DB15071,drug,0.15,0,3.99E-71,24
Omoconazole,DB13684,drug,0.15,0,3.99E-71,51
OMS-103HP,DB05303,drug,0.15087,0,1.26E-10,22
Onapristone,DB12637,drug,0.193349357,2730.580277,2.71E-05,54
Onartuzumab,DB11746,drug,0.775447143,2.711075215,0.00104473,42
Onasemnogene abeparvovec,DB15528,drug,0.17492506,1.389890812,6.36E-05,48
ONC-201,DB14844,drug,0.191246377,0.019387545,2.71E-05,17
Ondansetron,DB00904,drug,1.935741696,11100.57696,0.0275802,28
Ondelopran,DB12585,drug,0.213287372,0.02209265,0.00107962,59
ONECUT1,3175,gene/protein,0.154789416,56.22006515,9.83E-10,47
Onercept,DB06495,drug,0.150419108,0,6.90E-11,47
ONT-093,DB14069,drug,0.349817753,6.557990052,0.00230235,59
OPA1,4976,gene/protein,0.168187155,4461.366167,2.50E-09,24
OPC-14523,DB05422,drug,0.150508933,0,1.53E-11,32
OPC-28326,DB05461,drug,0.153204354,0,1.08E-11,38
OPC-51803,DB05838,drug,0.15061662,0,2.12E-11,21
open-angle glaucoma,5338,disease,2.587080602,102.9706065,0.00027442,6
opiate dependence,5530,disease,26.28737841,4.60254978,8.72E-05,15
Opicapone,DB11632,drug,0.460734248,2057.378559,0.00448536,18
Opicinumab,DB14959,drug,0.775447143,2.711075215,0.00104473,25
Opipramol,DB12930,drug,1.9308953,7991.998398,0.028852541,19
Opium,DB11130,drug,2.111354783,29486.84475,0.03207282,28
Oportuzumab monatox,DB05319,drug,0.152357551,0,2.11E-12,50
OPRD1,4985,gene/protein,0.161988938,39609.94293,2.28E-09,1
Oprelvekin,DB00038,drug,0.150878865,0,6.90E-12,8
OPRK1,4986,gene/protein,0.157335517,41888.53623,1.25E-09,1
OPRM1,4988,gene/protein,0.185216022,122370.3737,2.16E-09,56
OPTN,10133,gene/protein,0.194761073,11366.59696,4.54E-09,27
oral candidiasis,5886,disease,1.740224917,0,8.45E-05,6
Orbifloxacin,DB11443,drug,1.405847616,9540.771426,0.015364812,16
ORC1,4998,gene/protein,0.164189634,761.4658431,2.72E-09,14
ORC2,4999,gene/protein,0.166513408,955.9466657,1.85E-09,45
ORC4,5000,gene/protein,0.170077392,2903.260764,2.13E-09,51
Orciprenaline,DB00816,drug,1.132971564,2861.390706,0.016832541,16
ORE-1001,DB12271,drug,0.152970211,0,2.74E-12,8
Oregovomab,DB04964,drug,0.817795728,5462.491538,0.00107183,25
ORG-34517,DB05423,drug,0.150482431,0,2.04E-10,32
Oritavancin,DB04911,drug,0.919840731,763.5282453,0.012455683,59
Orlistat,DB01083,drug,2.356346917,165030.5307,0.00587901,17
ORM1,5004,gene/protein,0.161080744,23787.80195,3.09E-10,1
ORM-12741,DB12057,drug,0.294790884,8.660350059,0.00228742,52
ORMDL3,94103,gene/protein,0.177129685,11442.63795,2.71E-09,4
Ormeloxifene,DB13310,drug,0.80183437,3066.06671,0.00678932,58
Ornidazole,DB13026,drug,0.173408437,0,0.00040884,18
Ornipressin,DB13464,drug,0.16402294,1.239002177,9.84E-05,59
Ornithine,DB00129,drug,0.161983637,0,4.78E-11,9
Orotic acid,DB02262,drug,0.151682742,0,1.73E-12,5
orotic aciduria,9797,disease,0.284213156,0,1.61E-09,54
Orphenadrine,DB01173,drug,1.967278253,12122.0598,0.027064376,28
Ortataxel,DB11669,drug,0.191246377,0.019387545,2.71E-05,2
orthostatic hypotension,20751_5469_15914_21272,disease,24.41156759,2264.099886,5.73E-05,41
Orvepitant,DB12427,drug,1.0155003,165.0530983,0.01600334,7
OS9,10956,gene/protein,0.184601626,18151.16703,2.23E-09,8
Osanetant,DB04872,drug,1.058436826,4538.099047,0.016364555,28
OSBP,5007,gene/protein,0.163647126,3268.116266,1.83E-09,49
OSBPL10,114884,gene/protein,0.1520573,16.3658261,9.76E-10,21
OSBPL5,114879,gene/protein,0.157489614,820.8894582,8.53E-10,49
OSBPL6,114880,gene/protein,0.156110097,449.0995615,4.12E-10,8
Oseltamivir,DB00198,drug,1.156623686,14336.75388,0.016798907,52
OSGEP,55644,gene/protein,0.175052835,3889.285552,2.58E-09,54
OSGIN1,29948,gene/protein,0.176317596,6937.939411,2.97E-09,54
OSI-461,DB05415,drug,0.153489222,0,2.34E-12,38
OSI-7904L,DB05457,drug,0.151004668,0,1.45E-11,34
OSI-930,DB05913,drug,0.150881395,0,1.63E-10,9
Osilodrostat,DB11837,drug,1.056853541,2679.841816,0.01399969,48
Osimertinib,DB09330,drug,1.297392598,11524.42876,0.013671869,0
Ospemifene,DB04938,drug,1.047061702,31906.84975,0.012084859,2
osteoarthritis,5178_6629_5416_6630_6631_6632,disease,17.2025117,596.5901975,0.00091526,54
osteoarthritis susceptibility,8143_7704_11923_12893_12894_12568,disease,10.26365265,0,0.00091516,6
osteoporosis,5298,disease,14.42974652,123.56252,0.00032356,21
OSTF1,26578,gene/protein,0.173465108,3311.7268,2.75E-09,14
Otamixaban,DB06635,drug,1.087116506,3338.937249,0.00983006,52
OTC,5009,gene/protein,0.157866488,7040.800272,6.07E-11,4
Otelixizumab,DB05496,drug,0.777907291,9.850502048,0.00104514,28
Otenabant,DB11745,drug,0.151665113,0,8.61E-13,45
Oteracil,DB03209,drug,0.151359927,2.101200556,1.81E-05,54
Otilonium,DB13500,drug,2.133269601,12044.57038,0.029379274,58
O-Trifluoromethylphenyl Anthranilic Acid,DB02179,drug,0.150550616,0,1.84E-11,38
OTUD3,23252,gene/protein,0.15301861,328.772782,9.74E-10,9
OTUD7B,56957,gene/protein,0.179777186,4012.672417,6.62E-09,31
OTULIN,90268,gene/protein,0.158828463,738.9912507,1.55E-09,46
Ouabain,DB01092,drug,0.950072303,6182.982173,0.00856036,16
Ovalicin,DB04324,drug,0.153437242,0,2.81E-11,55
ovarian adenocarcinoma,2752,disease,36.57335276,7.343720822,0.00034611,13
ovarian cancer,8170,disease,17.81460112,76.9977989,0.00034549,22
ovarian carcinosarcoma,3792,disease,2.82380136,0,0.00034516,22
ovarian clear cell adenocarcinoma,6045,disease,13.19948793,0.510770879,0.00034548,9
ovarian endometrioid adenocarcinoma,6335,disease,13.20059056,0.839460478,0.00034548,22
ovarian mucinous adenocarcinoma,5601,disease,13.28482901,5.709468444,0.00034548,9
ovarian small cell carcinoma,3795,disease,2.82380136,0,0.00034516,54
overactive bladder (disease),6624,disease,0.428239462,0,0.00019423,19
Ox bile extract,DB14016,drug,0.23656018,102.1535303,0.00035755,18
OXA1L,5018,gene/protein,0.159898044,367.9702896,1.21E-09,53
Oxabolone cipionate,DB13185,drug,1.040599918,23.20628909,0.01632595,58
Oxaceprol,DB13363,drug,0.15,0,3.99E-71,43
Oxacillin,DB00713,drug,1.206937932,3921.13819,0.01772032,9
Oxaflozane,DB13457,drug,1.01550186,220.891298,0.01600334,43
Oxalic Acid,DB03902,drug,0.286809087,1779.860214,0.00139549,46
Oxaliplatin,DB00526,drug,1.444936211,53685.44917,0.0139562,17
Oxaloacetate Ion,DB02637,drug,0.152807,0,2.07E-11,9
Oxamic Acid,DB03940,drug,0.151931027,0,7.96E-11,41
Oxamniquine,DB01096,drug,0.447912224,1469.988374,0.00600328,41
Oxandrolone,DB00621,drug,0.615302127,3571.12713,0.00692646,0
Oxaprotiline,DB09307,drug,1.721829747,5335.81673,0.026128512,28
Oxaprozin,DB00991,drug,1.919652622,7836.645323,0.02746801,7
Oxatomide,DB12877,drug,0.64513429,97.89944566,0.00787376,7
Oxazepam,DB00842,drug,1.83333906,8873.880318,0.02892998,28
Oxazepam acetate,DB14672,drug,1.068383164,847.8460595,0.016256359,7
Oxcarbazepine,DB00776,drug,1.56239466,15873.95607,0.02176718,7
OXCT1,5019,gene/protein,0.168162826,6986.718342,7.19E-10,19
Oxetacaine,DB12532,drug,0.397406807,4545.992547,0.00349982,2
Oxetorone,DB13463,drug,0.15,0,3.99E-71,53
Oxfendazole,DB11446,drug,0.151754739,0,2.39E-05,26
OXI-4503,DB05143,drug,0.281828446,63.30447025,0.00034878,2
Oxibendazole,DB04910,drug,0.150532478,0,4.63E-11,9
Oxiconazole,DB00239,drug,0.163818271,6.602669325,0.00013227,15
Oxiracetam,DB13601,drug,0.992376657,3.844875753,0.015717914,28
Oxitriptan,DB02959,drug,1.014345432,165.0164623,0.015981046,7
Oxitropium,DB12086,drug,1.290246809,1940.85904,0.018986486,47
OXNAD1,92106,gene/protein,0.167354506,1461.802595,6.04E-10,53
Oxolinic acid,DB13627,drug,1.447060785,14555.48848,0.015391911,16
Oxomemazine,DB13820,drug,0.162007157,0.01159737,0.00015771,3
Oxprenolol,DB01580,drug,2.469285089,34727.33399,0.03243289,25
OXT,5020,gene/protein,0.155610007,639.788829,4.60E-10,30
OXTR,5021,gene/protein,0.162926697,4910.14017,1.77E-09,4
Oxtriphylline,DB01303,drug,0.915122344,8019.641483,0.010637896,18
Oxybenzone,DB01428,drug,1.298226494,49404.95333,0.016311013,7
Oxybuprocaine,DB00892,drug,0.276824071,180.6130343,0.00105366,59
Oxybutynin,DB01062,drug,1.874558792,17150.67639,0.02635982,7
Oxycodone,DB00497,drug,1.682836313,9373.439297,0.024503462,7
Oxyfedrine,DB13398,drug,0.938579246,280.4335742,0.015046763,7
Oxygen,DB09140,drug,0.15149262,0,1.90E-11,50
Oxymetazoline,DB00935,drug,1.056782745,2060.071229,0.015786466,7
Oxymetholone,DB06412,drug,0.97330622,8711.971463,0.012559037,59
Oxymorphone,DB01192,drug,1.501986329,5475.619449,0.022396207,7
Oxypertine,DB13403,drug,1.053669271,311.5256992,0.016364555,39
Oxyphenbutazone,DB03585,drug,1.918688159,8875.485293,0.027115661,7
Oxyphencyclimine,DB00383,drug,1.292581875,1911.373665,0.01898649,5
Oxyphenisatin,DB04823,drug,0.630929317,152.2092884,0.00801359,49
Oxyphenisatin acetate,DB14627,drug,0.630929317,152.2092884,0.00801359,39
Oxyphenonium,DB00219,drug,1.290940825,1528.844358,0.01898649,28
Oxypurinol,DB05262,drug,0.155111656,0.135260973,3.92E-05,29
Oxyquinoline,DB11145,drug,1.040599918,23.20628909,0.01632595,7
Oxytetracycline,DB00595,drug,0.919998007,11843.70204,0.00490569,16
Oxytocin,DB00107,drug,0.64022615,12600.46745,0.00726898,25
Ozagrel,DB12017,drug,0.15,0,3.99E-71,8
Ozanezumab,DB12891,drug,0.777907291,9.850502048,0.00104514,25
Ozanimod,DB12612,drug,0.952114558,6632.555195,0.008185,2
Ozenoxacin,DB12924,drug,0.15,0,3.99E-71,55
P-(2'-Iodo-5'-Thenoyl)Hydrotropic Acid,DB03752,drug,0.150507503,0,1.76E-12,27
P1-(5'-Adenosyl)P5-(5'-(3'azido-3'-Deoxythymidyl))Pentaphosphate,DB03845,drug,0.16286588,0,8.05E-13,53
p1-(5'-adenosyl)p5-(5'-thymidyl)pentaphosphate,DB03280,drug,0.16286588,0,8.05E-13,34
P1-(adenosine-5'-P5-(uridine-5')pentaphosphate,DB03664,drug,0.159930596,0,7.39E-12,31
P2RY11,5032,gene/protein,0.153477154,112.8375844,6.47E-10,20
P2RY12,64805,gene/protein,0.169270861,20762.74116,3.24E-10,23
P2RY2,5029,gene/protein,0.15737124,12122.28595,1.71E-09,50
P2RY6,5031,gene/protein,0.160673535,559.7921072,2.37E-10,56
P3H1,64175,gene/protein,0.17677765,2485.532764,7.05E-10,46
P4HB,5034,gene/protein,0.208658322,34060.0591,4.54E-09,14
P54,DB05451,drug,0.150803726,0,1.91E-10,43
PA2G4,5036,gene/protein,0.178708829,5814.298362,5.13E-09,14
PABPC1,26986,gene/protein,0.195320242,5796.012871,6.70E-09,43
PABPC4,8761,gene/protein,0.169000072,1141.291614,3.39E-09,51
PABPN1,8106,gene/protein,0.166609784,879.7629405,3.53E-09,15
Paclitaxel,DB01229,drug,2.202392447,72853.4978,0.022940985,58
Paclitaxel docosahexaenoic acid,DB05297,drug,0.150379485,0,7.00E-11,9
Paclitaxel poliglumex,DB13809,drug,0.275721863,38.13808001,0.00075673,52
Paclitaxel trevatide,DB06171,drug,0.275721863,38.13808001,0.00075673,52
Pacritinib,DB11697,drug,0.195752331,6.425673676,0.00025323,18
PACS2,23241,gene/protein,0.159518544,722.653417,1.68E-09,40
PACSIN1,29993,gene/protein,0.169401308,1563.928435,1.71E-09,43
Padeliporfin,DB15575,drug,0.15,0,3.99E-71,12
PADI4,23569,gene/protein,0.155807547,6803.278117,1.47E-09,23
PAEP,5047,gene/protein,0.164297037,7567.813151,7.79E-10,39
PAFAH1B1,5048,gene/protein,0.171663609,1955.819944,3.20E-09,43
PAFAH2,5051,gene/protein,0.154309254,48.1255998,1.34E-09,47
PAGE1,8712,gene/protein,0.15483862,168.3898745,1.28E-10,6
PAGE4,9506,gene/protein,0.152063313,33.54344812,3.50E-10,13
Pagoclone,DB04903,drug,0.998851634,73.59979999,0.01578516,28
PAH,5053,gene/protein,0.152055657,12897.07997,3.29E-10,1
PAICS,10606,gene/protein,0.168259934,3106.521779,2.96E-09,40
PAK1,5058,gene/protein,0.232626831,32905.12504,1.75E-08,14
PAK1IP1,55003,gene/protein,0.164585029,958.8091428,2.80E-09,11
PAK2,5062,gene/protein,0.17776998,4353.267404,7.35E-09,47
Palbociclib,DB09073,drug,1.650699057,32423.70502,0.014966028,58
Palifermin,DB00039,drug,0.327687195,3315.304622,0.00186411,26
Palifosfamide,DB05668,drug,0.191721253,166.9504419,2.71E-05,32
Paliperidone,DB01267,drug,2.840736841,37805.26269,0.03906809,7
Palivizumab,DB00110,drug,0.80476868,2685.232859,0.00109946,42
Palmidrol,DB14043,drug,1.10886025,290.6689364,0.017414999,28
Palmitic Acid,DB03796,drug,0.161414859,0,1.81E-10,50
Palmitoyl-Linoleoyl Phosphatidylcholine,DB02306,drug,0.17614978,0,2.70E-13,11
Palonosetron,DB00377,drug,2.023382424,9486.948208,0.031841408,28
PAM,5066,gene/protein,0.162808813,14823.61801,2.93E-09,10
Pamidronic acid,DB00282,drug,1.457378879,49027.91398,0.016629063,17
Pamrevlumab,DB14952,drug,0.775447143,2.711075215,0.00104473,28
pancreatitis,11986_4982_5003_6515_3232,disease,1.593575597,0,7.62E-08,8
Pancrelipase,DB00085,drug,0.210654145,4251.94464,5.02E-05,57
Pancuronium,DB01337,drug,1.825565675,15195.78276,0.02404271,58
P-Anisic Acid,DB02795,drug,0.161697659,0,1.21E-12,10
Panitumumab,DB01269,drug,0.819452822,10434.03803,0.00107224,42
PANK3,79646,gene/protein,0.153208211,38.97615018,1.05E-09,21
Panobinostat,DB06603,drug,1.749058514,73160.5764,0.01881454,52
Pantoprazole,DB00213,drug,1.528051943,11345.53831,0.020548366,16
Pantothenic acid,DB01783,drug,0.303606232,477.127659,0.00119905,36
Pantothenoylaminoethenethiol,DB03738,drug,0.151937093,0,5.70E-12,12
panuveitis (disease),17255,disease,3.44753311,0,0.00016556,40
PANX1,24145,gene/protein,0.167129419,6373.396387,5.44E-10,27
Papain,DB11193,drug,0.150538957,0,8.10E-11,8
Papaverine,DB01113,drug,0.91681448,1718.25779,0.012503338,52
PAPOLA,10914,gene/protein,0.155788504,12165.4017,1.31E-09,1
PAPSS1,9061,gene/protein,0.174751598,15188.52023,1.63E-09,32
Para-Bromobenzyl Alcohol,DB02822,drug,0.154220762,0,2.33E-14,57
Parachlorophenol,DB13154,drug,0.151376741,0,1.56E-12,54
Paraldehyde,DB09117,drug,1.193028371,4767.29196,0.017293833,28
paralytic ileus (disease),4568,disease,0.153167761,0,1.49E-05,46
Para-Mercury-Benzenesulfonic Acid,DB02983,drug,0.182461657,0,1.30E-10,51
Paramethadione,DB00617,drug,1.612435672,6866.58209,0.022833075,7
Paramethasone,DB01384,drug,1.78058589,20825.91429,0.017224834,58
PARA-NITROBENZYL GLUTARYL GLYCINIC ACID,DB08410,drug,0.150607374,0,7.62E-12,49
PARA-NITROPHENYLPHOSPHONOBUTANOYL-GLYCINE,DB08394,drug,0.150607374,0,7.62E-12,50
Paraoxon,DB13495,drug,0.504190757,243.9519662,0.00576599,52
parapsoriasis,6592,disease,4.79594366,0,0.00020424,21
Parathyroid hormone,DB05829,drug,0.491090444,8880.127557,0.00295045,16
Paratoulene phosphate,DB04495,drug,0.150381611,0,2.42E-10,46
PARD6A,50855,gene/protein,0.17098941,3035.692385,2.83E-09,11
PARD6B,84612,gene/protein,0.181127713,11211.04265,3.52E-09,43
Pardoprunox,DB12061,drug,0.152081655,0,1.66E-11,19
Parecoxib,DB08439,drug,2.120984857,14836.57497,0.029803587,7
Pargyline,DB01626,drug,1.853463947,8402.7566,0.027600259,15
Paricalcitol,DB00910,drug,0.39762099,1134.496086,0.00204352,59
Paritaprevir,DB09297,drug,0.962521288,3047.10116,0.0092974,59
PARK7,11315,gene/protein,0.208949479,16947.10506,8.45E-09,14
Parkinson disease,11764_11658_13625_8199_14604_11613_14233_11562_8200_14796_17279_5180_6966_828_10796_10360_11737_13167,disease,31.35848651,1112.304681,0.00056705,21
parkinsonian disorder,21095,disease,10.05291349,238.0319687,0.00021829,55
parkinsonian-pyramidal syndrome,9830,disease,8.385058048,0.215538892,0.00049787,46
Parnaparin,DB09260,drug,1.364411414,10214.90819,0.013962087,11
Paromomycin,DB01421,drug,1.234378229,7034.663642,0.016800341,55
Paroxetine,DB00715,drug,2.448532008,43065.15319,0.032543141,28
PARP1,142,gene/protein,0.229925833,139021.5535,1.25E-08,1
PARP10,84875,gene/protein,0.158220754,1172.596409,2.09E-09,47
PARP14,54625,gene/protein,0.15660264,442.2466249,1.38E-09,13
PARP3,10039,gene/protein,0.153759304,12043.45912,5.64E-10,20
Parsatuzumab,DB14897,drug,0.775447143,2.711075215,0.00104473,25
PAS219,DB03114,drug,0.150381611,0,2.42E-10,15
PASBN,DB03078,drug,0.150381611,0,2.42E-10,13
Pascolizumab,DB06560,drug,0.150458935,0,6.98E-11,55
Pascopyrum smithii pollen,DB10719,drug,0.230677681,1.572961101,0.00134362,48
Pasireotide,DB06663,drug,1.100782991,21024.34396,0.012651401,2
Paspalum notatum pollen,DB10349,drug,0.194469948,0.00991326,0.0009057,59
Pateclizumab,DB14997,drug,0.777907291,9.850502048,0.00104514,25
Patent Blue,DB13967,drug,2.992053681,170013.3948,0.01960815,7
Patiromer,DB09263,drug,0.154294652,0,5.87E-05,48
Patisiran,DB14582,drug,0.150884824,0,1.96E-11,47
Patritumab,DB12090,drug,0.775447143,2.711075215,0.00104473,25
Patupilone,DB03010,drug,0.578055153,18476.34732,0.00500723,59
Pavinetant,DB11692,drug,0.154774294,0,1.81E-13,39
PAWR,5074,gene/protein,0.162547756,2308.423538,2.20E-09,56
PAX5,5079,gene/protein,0.230737352,36384.70442,6.91E-09,4
PAX6,5080,gene/protein,0.193703578,11023.39066,4.43E-09,32
PAXBP1,94104,gene/protein,0.174909972,3473.059968,2.90E-09,54
Pazopanib,DB06589,drug,2.199818673,58078.85687,0.022629677,16
Pazufloxacin,DB11774,drug,1.405847616,9540.771426,0.015364812,16
p-Benzoyl-L-phenylalanine,DB08371,drug,0.157835171,0,1.17E-10,51
PBK,55872,gene/protein,0.169888537,2792.355668,4.36E-09,20
PBRM1,55193,gene/protein,0.161122438,582.6173046,2.68E-09,34
PBX2,5089,gene/protein,0.168404672,970.6369288,6.84E-10,14
PBX3,5090,gene/protein,0.276967635,49886.98799,5.11E-09,9
PC,5091,gene/protein,0.169780726,11097.95047,1.83E-09,57
PCBD2,84105,gene/protein,0.166806735,2079.976469,1.27E-09,22
PCBP1,5093,gene/protein,0.181837347,5474.957807,5.24E-09,11
PCCB,5096,gene/protein,0.152817993,376.677773,3.59E-10,36
PCDHA3,56145,gene/protein,0.21180692,460.8662645,2.13E-10,29
PCDHAC2,56134,gene/protein,0.158849323,502.3347322,2.29E-10,56
PCDHGA5,56110,gene/protein,0.168339379,1168.702374,3.86E-10,33
PCDHGB1,56104,gene/protein,0.160477253,513.0282497,4.90E-10,11
PCDHGB4,8641,gene/protein,0.163422953,887.4537868,4.96E-10,12
PCF11,51585,gene/protein,0.154524072,71.94855535,7.30E-10,19
PCK1,5105,gene/protein,0.158515324,19916.67524,1.58E-09,23
PCK2,5106,gene/protein,0.178844431,20611.37965,3.65E-09,49
PCL-016,DB05483,drug,0.18307279,0,2.09E-11,27
PCM1,5108,gene/protein,0.196176425,11826.29551,3.77E-09,40
PCMT1,5110,gene/protein,0.207859022,34374.15633,2.19E-09,8
PCMTD1,115294,gene/protein,0.151719737,21.7457847,1.30E-10,9
PCNA,5111,gene/protein,0.248084862,228119.8879,1.17E-08,56
PCOLCE,5118,gene/protein,0.160704043,3513.285238,3.54E-10,6
p-Coumaric acid,DB04066,drug,0.719950509,5164.540712,0.00655273,58
PCS-499,DB15122,drug,0.60688293,741.9235254,0.00608606,25
PCSK5,5125,gene/protein,0.190651293,31871.86956,1.75E-09,6
PCSK6,5046,gene/protein,0.160140544,814.8485445,1.82E-09,43
PCSK9,255738,gene/protein,0.16229413,13355.97368,2.05E-09,23
PCTP,58488,gene/protein,0.153822271,11000.83644,3.33E-11,46
p-Cumylphenol,DB06902,drug,0.150542758,0,6.24E-11,51
PD-0325901,DB07101,drug,0.150433465,0,1.16E-10,36
PD150606,DB02570,drug,0.150550368,0,1.53E-11,53
PD-166326,DB08339,drug,0.150405239,0,2.02E-10,38
PD-168393,DB07662,drug,0.150762499,0,4.82E-10,53
PD173955,DB02567,drug,0.195752331,6.425673676,0.00025323,59
PDAP1,11333,gene/protein,0.15613366,588.8540341,1.81E-09,21
PDC,5132,gene/protein,0.152875313,26.34168193,7.16E-10,31
PDCD1,5133,gene/protein,0.164342488,31878.70985,9.44E-10,50
PDCD6,10016,gene/protein,0.174946451,10160.44151,1.89E-09,4
PDCD6IP,10015,gene/protein,0.181438466,6284.075406,4.30E-09,55
PDCL,5082,gene/protein,0.170413413,1097.702966,2.56E-09,22
PDE10A,10846,gene/protein,0.150622066,32460.18973,2.35E-10,35
PDE11A,50940,gene/protein,0.150622066,52.33303566,2.35E-10,1
PDE2A,5138,gene/protein,0.151170794,5647.776993,9.95E-11,57
PDE3A,5139,gene/protein,0.157371287,7723.484847,1.11E-09,1
PDE3B,5140,gene/protein,0.174566007,29712.03334,6.26E-09,34
PDE4A,5141,gene/protein,0.158360458,23543.6776,2.55E-09,20
PDE4B,5142,gene/protein,0.153590265,36229.33824,1.46E-09,51
PDE4C,5143,gene/protein,0.155200642,3941.920321,1.08E-09,46
PDE4D,5144,gene/protein,0.18656946,107325.3831,6.45E-09,15
PDE4DIP,9659,gene/protein,0.277913625,171163.8769,9.48E-09,12
PDE5A,8654,gene/protein,0.151883859,13058.78003,2.97E-10,1
PDE7A,5150,gene/protein,0.150798323,5486.733222,3.29E-11,43
PDE8A,5151,gene/protein,0.15441362,384.4048517,7.44E-10,56
PDE9A,5152,gene/protein,0.166428356,8057.023119,9.71E-10,14
PDF,64146,gene/protein,0.166254404,12457.34586,6.32E-10,20
PDGFA,5154,gene/protein,0.161888217,2532.152918,1.15E-09,32
PDGFB,5155,gene/protein,0.182895451,9316.339117,2.03E-09,27
PDGFD,80310,gene/protein,0.155345661,1520.374016,2.26E-10,22
PDGFRA,5156,gene/protein,0.192565808,46106.06873,8.58E-09,27
PDGFRB,5159,gene/protein,0.195896751,50454.9331,7.40E-09,46
PDGFRL,5157,gene/protein,0.159080491,1035.825369,7.26E-10,4
PDHA1,5160,gene/protein,0.26641942,40748.4265,7.61E-09,32
PDHA2,5161,gene/protein,0.159760128,319.4413199,3.05E-10,8
PDIA2,64714,gene/protein,0.171631362,3102.344449,1.80E-09,11
PDIA3,2923,gene/protein,0.186356172,16001.78392,3.85E-09,29
PDIA4,9601,gene/protein,0.169364906,3981.436856,1.80E-09,38
PDIA6,10130,gene/protein,0.178602419,14412.80217,2.67E-09,54
PDIK1L,149420,gene/protein,0.16215484,592.3267332,3.95E-09,21
PDK1,5163,gene/protein,0.183328005,17352.75327,8.97E-09,32
PDK2,5164,gene/protein,0.166548834,17246.4796,1.82E-09,31
PDK3,5165,gene/protein,0.174089421,3591.516008,1.30E-09,22
PDK4,5166,gene/protein,0.167159043,11937.70081,1.26E-09,50
PDLIM2,64236,gene/protein,0.156759009,368.7112239,1.07E-09,34
PDLIM5,10611,gene/protein,0.173601004,2762.429761,2.49E-09,14
PDLIM7,9260,gene/protein,0.204914652,9191.23771,4.95E-09,56
PDP1,54704,gene/protein,0.159245176,519.8780959,8.41E-10,30
PDP2,57546,gene/protein,0.155197294,211.3167889,2.95E-10,57
PDPK1,5170,gene/protein,0.21111882,64216.01215,1.33E-08,29
PDS5B,23047,gene/protein,0.164423138,6679.98663,2.42E-09,38
PDX1,3651,gene/protein,0.156632795,365.7257382,2.06E-09,45
PDXDC1,23042,gene/protein,0.161730095,4280.262363,1.04E-09,4
PDXK,8566,gene/protein,0.151882608,17117.01289,9.25E-10,56
PDZD3,79849,gene/protein,0.169281048,1162.280235,1.53E-10,1
PDZK1,5174,gene/protein,0.19734476,12904.20491,1.02E-09,35
PEBP1,5037,gene/protein,0.175490293,3936.645666,7.73E-09,43
PECAM1,5175,gene/protein,0.163599743,1749.615187,3.53E-09,5
Pecilocin,DB13459,drug,0.173128295,0,0.00028569,3
pediatric hepatocellular carcinoma,18055,disease,16.07118006,0,4.69E-05,39
PEF1,553115,gene/protein,0.167723808,4347.991587,1.61E-09,34
Peficitinib,DB11708,drug,0.616249187,31.05432196,0.00371322,44
Pefloxacin,DB00487,drug,1.406274546,11678.88088,0.01536481,52
Pegademase,DB00061,drug,0.347405862,8005.898765,0.00019396,3
Pegamotecan,DB12842,drug,0.345419741,0.177865573,0.00017532,3
Pegaptanib,DB04895,drug,1.233226897,19530.94688,0.01641235,15
Pegaspargase,DB00059,drug,0.859549421,6574.465703,0.00414179,20
Pegdinetanib,DB05931,drug,0.150391527,0,7.86E-11,36
Pegfilgrastim,DB00019,drug,0.365886268,3494.195206,0.00030152,59
Peginesatide,DB08894,drug,8.387552071,1275036.524,0.018789946,37
Peginterferon alfa-2a,DB00008,drug,1.276130423,20320.63224,0.00938621,17
Peginterferon alfa-2b,DB00022,drug,1.561327113,30233.04781,0.015620392,58
Peginterferon alfacon-1,DB05860,drug,0.345419741,0.177865573,0.00017532,3
Peginterferon beta-1a,DB09122,drug,1.205623499,14026.07482,0.00917418,17
Pegloticase,DB09208,drug,0.383516876,485.0083187,0.00059563,19
Pegnivacogin,DB06293,drug,0.345419741,0.177865573,0.00017532,59
Pegpleranib,DB06325,drug,0.34597606,2037.258917,0.00017532,59
Pegsunercept,DB06611,drug,0.345419741,0.177865573,0.00017532,59
Pegteograstim,DB15290,drug,0.166737965,1.12584794,0.0001032,2
PEG-uricase,DB05321,drug,0.345419741,0.177865573,0.00017532,2
Pegvaliase,DB12839,drug,0.345419741,0.177865573,0.00017532,3
Pegvisomant,DB00082,drug,1.212382733,31280.92966,0.01257487,52
Peldesine,DB02568,drug,0.91208975,2571.324494,0.010664706,2
Pelitinib,DB05524,drug,0.191627265,615.0969129,2.71E-05,34
pellagra,19975,disease,2.385756637,33.03207733,3.64E-05,6
Pembrolizumab,DB09037,drug,0.820108488,3127.300112,0.00107224,42
Pemetrexed,DB00642,drug,2.033838705,30875.99239,0.023644788,58
Pemigatinib,DB15102,drug,0.345852487,2416.247814,0.00190511,41
Pemirolast,DB00885,drug,0.15,0,3.99E-71,10
Pemoline,DB01230,drug,0.15,0,3.99E-71,43
pemphigus,6594,disease,0.212804935,0,0.00017678,11
PEMT,10400,gene/protein,0.154327484,151.4635724,2.13E-10,50
Penamecillin,DB13739,drug,0.373732545,75.48733461,0.00232483,52
Penbutolol,DB01359,drug,2.740321455,45736.90561,0.03724513,28
Penciclovir,DB00299,drug,0.587589174,194.9377754,0.00610685,58
Penclomedine,DB12987,drug,0.191246377,0.019387545,2.71E-05,3
Penfluridol,DB13791,drug,2.0160588,10755.17123,0.028019899,25
Penicillamine,DB00859,drug,1.146930388,23719.40777,0.00849422,6
Penicillin G Acyl-Serine,DB02968,drug,0.51429417,1.508106205,0.00653916,16
penile fibromatosis,6361,disease,0.26858528,0,3.17E-06,57
Penimepicycline,DB13264,drug,0.728569285,4871.915364,0.00306845,16
Pentabromophenol,DB03167,drug,0.150550616,0,1.84E-11,36
Pentaerithrityl,DB13526,drug,0.652660006,218.5001384,0.00808545,16
Pentaerythritol tetranitrate,DB06154,drug,1.138711417,11197.01875,0.01771659,52
Pentagastrin,DB00183,drug,0.15173395,0,1.95E-11,41
Pentaglyme,DB02580,drug,0.151400881,0,1.57E-11,8
Pentamidine,DB00738,drug,2.260529961,29653.42762,0.029960937,59
Pentamycin,DB13571,drug,0.173128295,0,0.00028569,59
Pentanal,DB01919,drug,0.150622066,0,2.35E-10,21
Pentastarch,DB09111,drug,1.040599918,23.20628909,0.01632595,7
Pentazocine,DB00652,drug,1.234258093,2754.74091,0.01835081,28
Pentetic acid,DB14007,drug,1.041184027,3372.601833,0.01632595,16
Penthienate,DB13695,drug,1.290245619,1567.531113,0.018986486,50
Pentifylline,DB13634,drug,0.91164561,1642.252267,0.010664706,59
Pentobarbital,DB00312,drug,2.53159012,35690.19097,0.03513468,58
Pentolinium,DB01090,drug,1.43791283,9351.16364,0.019739061,7
Pentosan polysulfate,DB00686,drug,1.089092662,8015.492323,0.00983006,16
Pentostatin,DB00552,drug,1.676380326,13947.08337,0.020293084,45
Pentoxifylline,DB00806,drug,2.209849804,21971.1814,0.029156302,7
Pentoxyverine,DB11186,drug,0.179695852,14.50526149,9.81E-11,50
Peppermint oil,DB11198,drug,0.577284605,138.1514142,0.00665836,59
peptic esophagitis,6896,disease,7.867184465,70.36082391,0.00036854,13
peptic ulcer disease,4247,disease,13.62970168,80.39786743,0.00047749,27
Peptide YY (3-36),DB05004,drug,0.157569586,0,8.31E-12,10
Peramivir,DB06614,drug,0.173328693,37.76934486,5.44E-05,8
Perampanel,DB08883,drug,1.856859849,9754.855406,0.025139532,16
Perazine,DB12710,drug,1.211573161,2446.99938,0.017909041,22
Perflubutane,DB12821,drug,0.382253428,969.5535026,0.0013772,52
Perflutren,DB00556,drug,0.602594038,0.121556919,0.00722849,7
Pergolide,DB01186,drug,1.659619667,10997.27934,0.024748159,7
Perhexiline,DB01074,drug,1.626663919,11988.07821,0.02133655,7
Periciazine,DB01608,drug,1.69424537,42658.19038,0.025489809,28
Perifosine,DB06641,drug,0.151216173,0,6.76E-10,12
Perillyl alcohol,DB15289,drug,0.191246377,0.019387545,2.71E-05,52
Perindopril,DB00790,drug,1.780731996,17275.96148,0.025804132,16
Perindoprilat,DB14213,drug,1.193958845,4069.71625,0.01635665,7
peripheral primitive neuroectodermal tumor,18271,disease,2.376504936,0,4.74E-05,9
"peripheral T-cell lymphoma, not otherwise specified",4964,disease,4.019616622,30.15841709,3.48E-05,31
peritonitis,4522,disease,0.361252778,0,0.00016389,36
Permethrin,DB04930,drug,1.204734253,9388.109031,0.01868098,52
Perospirone,DB08922,drug,1.551089826,6720.864208,0.022821689,7
Perphenazine,DB00850,drug,1.735302665,12873.17974,0.02365586,7
Perphenazine enanthate,DB14651,drug,1.244557779,2701.060122,0.018027299,28
persistent fetal circulation syndrome,22430,disease,0.238988464,0,3.68E-05,53
Pertussis vaccine,DB15274,drug,0.541703096,129.3863876,0.00358552,44
Pertuzumab,DB06366,drug,0.899807437,10574.68574,0.00178743,42
Peruvoside,DB13756,drug,0.65440802,1629.650412,0.00589138,58
PEV3A,DB05144,drug,0.541703096,129.3863876,0.00358552,58
PEX1,5189,gene/protein,0.155485786,575.5732291,1.13E-09,12
PEX12,5193,gene/protein,0.158338274,366.7399351,5.98E-11,56
PEX14,5195,gene/protein,0.178438345,7321.468917,1.51E-09,27
PEX5,5830,gene/protein,0.20233992,13901.76025,2.14E-09,14
Pexelizumab,DB04949,drug,0.777907291,9.850502048,0.00104514,42
Pexidartinib,DB12978,drug,1.14938411,25348.64965,0.010028874,2
Peyronie disease,8231,disease,0.330187278,0,3.18E-06,46
PF-00356231,DB03367,drug,0.150953031,0,1.33E-12,39
PF-00610355,DB11871,drug,1.02941249,611.3387777,0.016149609,58
PF4,5196,gene/protein,0.166460612,6858.39814,2.09E-10,1
PFAS,5198,gene/protein,0.157280898,716.5486986,1.65E-09,57
PFDN2,5202,gene/protein,0.174486878,1657.80515,2.49E-09,8
PFDN4,5203,gene/protein,0.163018837,1419.426447,2.80E-09,32
PFDN5,5204,gene/protein,0.22687703,21283.68995,4.95E-09,10
PFKFB1,5207,gene/protein,0.158114843,16169.52217,1.09E-09,23
PFKFB2,5208,gene/protein,0.164085716,6185.578373,2.37E-09,14
PFKFB3,5209,gene/protein,0.159398071,6304.943869,2.06E-09,27
PFN1,5216,gene/protein,0.174833959,10300.93401,4.09E-09,32
PFN2,5217,gene/protein,0.168105742,10284.53862,1.98E-09,1
PG-530742,DB05495,drug,0.150449542,0,2.12E-11,47
PGAM2,5224,gene/protein,0.152446639,6355.350234,1.07E-09,14
PGAM5,192111,gene/protein,0.164537825,1012.104772,2.69E-09,54
PGAP2,27315,gene/protein,0.179899174,4216.376059,5.52E-10,46
PGC,5225,gene/protein,0.15582204,232.8764319,1.73E-09,43
PGD,5226,gene/protein,0.156838374,15256.84883,2.42E-09,9
PGF,5228,gene/protein,0.15130987,15.61778767,1.37E-10,33
PGK1,5230,gene/protein,0.167160678,9065.63822,3.71E-09,47
PGLYRP3,114771,gene/protein,0.168579374,5610.663925,4.58E-11,40
PGM1,5236,gene/protein,0.158156655,12405.50332,1.43E-09,20
PGP,283871,gene/protein,0.155220269,110.8577235,1.65E-09,51
PGR,5241,gene/protein,0.189143345,72412.27736,1.15E-08,35
PGRMC1,10857,gene/protein,0.180697244,20331.61823,1.67E-09,20
PGRMC2,10424,gene/protein,0.164285726,2771.673035,1.06E-09,53
PH-284,DB05452,drug,0.153147658,0,4.46E-12,45
PH-797804,DB07941,drug,0.150382517,0,1.90E-10,32
Phalaris arundinacea pollen,DB10714,drug,0.230677681,1.572961101,0.00134362,59
Phalaris minor pollen,DB10963,drug,0.230677681,1.572961101,0.00134362,59
PHAX,51808,gene/protein,0.169837452,1858.781902,2.39E-09,4
PHB,5245,gene/protein,0.193410133,24484.02517,6.53E-09,1
PHB2,11331,gene/protein,0.1884022,15328.03457,5.29E-09,8
PHC2,1912,gene/protein,0.182573787,5808.99364,3.17E-09,12
Phenacemide,DB01121,drug,1.188695,1739.896729,0.017226591,10
Phenacetin,DB03783,drug,1.143859931,2303.711384,0.01510052,0
Phenazocine,DB13606,drug,1.225406675,1588.433793,0.018327319,28
Phenazopyridine,DB01438,drug,1.087850874,647.5845154,0.01667291,7
Phencyclidine,DB03575,drug,1.05001177,536.9908796,0.016421647,28
Phendimetrazine,DB01579,drug,0.939609996,465.2265162,0.015114972,16
Phenelzine,DB00780,drug,2.674590587,50288.72703,0.03758109,28
Phenethyl Isothiocyanate,DB12695,drug,0.210549529,27742.74439,2.71E-05,34
Phenethylamine,DB04325,drug,0.994706978,5028.403136,0.015717914,28
Pheneticillin,DB13337,drug,0.373732545,75.48733461,0.00232483,2
Pheneturide,DB13362,drug,1.18707699,1607.58235,0.017226591,25
Phenformin,DB00914,drug,1.307458323,13399.58394,0.016189736,52
Phenglutarimide,DB13413,drug,1.291386937,1489.792186,0.019010736,7
Phenibut,DB13455,drug,1.190649283,1620.259264,0.017284455,25
Phenindamine,DB01619,drug,0.203763381,33.53706751,0.00068294,59
Phenindione,DB00498,drug,2.579646535,71099.29272,0.018705169,58
Pheniprazine,DB09250,drug,1.815199711,6212.883102,0.027339627,28
Pheniramine,DB01620,drug,0.652126913,866.8978854,0.00782012,2
Phenmetrazine,DB00830,drug,1.013793209,976.6802039,0.015386801,16
Phenobarbital,DB01174,drug,2.558479751,74799.44446,0.030046479,7
Phenol,DB03255,drug,0.203849677,138.0880726,0.00049713,59
Phenolphthalein,DB04824,drug,0.626311031,11421.19075,0.00796927,16
Phenoperidine,DB13605,drug,1.246645233,2144.461663,0.018362382,25
Phenothiazine,DB11447,drug,0.25438045,950.1989569,0.00196961,48
Phenoxybenzamine,DB00925,drug,1.051138262,4624.206994,0.015793918,16
Phenoxymethylpenicillin,DB00417,drug,0.374490173,225.9213844,0.00232483,45
Phenoxypropazine,DB09251,drug,1.815199711,6212.883102,0.027339627,28
Phenprobamate,DB13354,drug,0.99756436,11.74591312,0.015766991,28
Phenprocoumon,DB00946,drug,3.032566508,121047.4083,0.024468497,58
Phenserine,DB04892,drug,0.506265103,17037.47908,0.00576599,16
Phensuximide,DB00832,drug,1.187079724,1777.479987,0.017226591,50
Phentermine,DB00191,drug,2.136168286,46463.64968,0.02748523,7
Phentolamine,DB00692,drug,1.606523602,6451.052971,0.0252403,16
Phenyl aminosalicylate,DB06807,drug,0.675947837,932.039777,0.00591412,16
Phenyl salicylate,DB11071,drug,0.150863397,0,4.27E-11,12
PHENYL[1-(N-SUCCINYLAMINO)PENTYL]PHOSPHONATE,DB07893,drug,0.150594146,0,6.94E-12,50
"PHENYL-5-(1H-PYRAZOL-3-YL)-1,3-THIAZOLE",DB07614,drug,0.152888312,0,1.14E-12,24
Phenylacetaldehyde,DB02178,drug,0.212801152,0,1.40E-05,3
Phenylacetic acid,DB09269,drug,0.227770044,13.9180816,0.00092114,0
Phenylalanine,DB00120,drug,0.823265491,15516.19012,0.00582132,17
Phenylalanine-N-Sulfonamide,DB03012,drug,0.153878165,0,2.90E-13,15
PHENYLALANYLAMINODI(ETHYLOXY)ETHYL BENZENESULFONAMIDEAMINOCARBONYLBENZENESULFONAMIDE,DB07710,drug,0.150737685,0,2.16E-12,53
Phenylalanylmethylchloride,DB08374,drug,0.152424093,0,2.58E-13,21
"PHENYLAMINOIMIDAZO(1,2-ALPHA)PYRIDINE",DB04607,drug,0.150398889,0,1.68E-10,39
Phenylbutazone,DB00812,drug,2.321537223,18428.87762,0.03133563,16
Phenylbutyric acid,DB06819,drug,0.52296761,8949.001092,0.00689361,9
Phenylephrine,DB00388,drug,1.414971727,8014.872823,0.020272398,7
Phenylethane Boronic Acid,DB01963,drug,0.152424093,0,2.58E-13,15
Phenylmercuric nitrate,DB13388,drug,0.15,0,3.99E-71,32
Phenylphosphate,DB03298,drug,0.150381611,0,2.42E-10,45
Phenylpropanolamine,DB00397,drug,1.238888829,5201.517546,0.018635814,16
Phenylpyruvic acid,DB03884,drug,0.159372183,0,2.13E-11,31
Phenyltoloxamine,DB11160,drug,0.15,0,3.99E-71,53
Phenytoin,DB00252,drug,2.879457194,131204.6457,0.031754439,7
PHF19,26147,gene/protein,0.179739874,4154.428384,5.15E-09,47
PHF21A,51317,gene/protein,0.162081813,473.1504163,9.56E-10,47
PHF7,51533,gene/protein,0.15903948,286.8832924,9.04E-10,39
PHKA1,5255,gene/protein,0.156671478,282.9251417,1.62E-10,34
PHLDB2,90102,gene/protein,0.161082857,698.5928526,1.66E-09,34
Phleum pratense pollen,DB10394,drug,0.230677681,1.572961101,0.00134362,59
Pholcodine,DB09209,drug,1.07283796,1292.158071,0.016997204,7
Phosmet,DB11448,drug,0.602594038,0.121556919,0.00722849,7
Phosphate ion,DB14523,drug,0.281828446,63.30447025,0.00034878,59
Phosphatidyl ethanol,DB04752,drug,0.150530985,0,3.71E-11,32
Phosphatidyl serine,DB00144,drug,0.154548909,0,2.03E-10,54
Phosphatidylethanolamine,DB04327,drug,0.151485989,0,9.12E-11,50
Phosphoaminophosphonic acid guanylate ester,DB02082,drug,0.150837113,0,2.02E-11,6
Phosphoaminophosphonic Acid-Adenylate Ester,DB04395,drug,0.176185454,0,1.67E-09,45
Phosphocreatine,DB13191,drug,1.043721065,6538.149943,0.01632595,52
Phosphoenolpyruvate,DB01819,drug,0.156176772,0,3.12E-11,11
Phosphoglycolohydroxamic Acid,DB03026,drug,0.150496371,0,2.45E-11,41
Phosphomethylphosphonic acid guanosyl ester,DB03486,drug,0.158017184,0,1.86E-12,38
PHOSPHONIC ACID 2-DODECANOYLAMINO-HEXYL ESTER PROPYL ESTER,DB07657,drug,0.153700167,0,2.66E-13,19
Phosphonoacetaldehyde,DB03174,drug,0.212801152,0,1.40E-05,2
Phosphonoacetohydroxamic Acid,DB03645,drug,0.150589488,0,1.68E-11,12
Phosphonothreonine,DB02482,drug,0.155306092,0,9.02E-10,19
Phosphonotyrosine,DB01962,drug,0.150841956,0,3.28E-10,8
Phosphoramidon,DB02557,drug,0.152394294,0,7.56E-12,13
Phosphoric acid,DB09394,drug,1.037037914,23.09129759,0.01627475,7
phosphorus metabolism disease,2319,disease,4.261134129,2527.179916,0.00023975,34
Phosphorylcolamine,DB01738,drug,0.150411095,0,1.08E-10,21
Phosphorylisopropane,DB03976,drug,0.155808547,0,6.58E-12,49
PHOX2A,401,gene/protein,0.154469012,114.5379789,9.38E-10,11
Phthalic Acid,DB02746,drug,0.155403728,0,1.06E-09,39
Phthalylsulfathiazole,DB13248,drug,0.296258356,25.92691927,0.00167559,59
P-Hydroxybenzaldehyde,DB03560,drug,0.212801152,0,1.40E-05,3
p-Hydroxymercuribenzoic acid,DB01671,drug,0.150737685,0,2.16E-12,51
Phylloquinone,DB01022,drug,1.063406054,3865.386879,0.01650353,52
Physostigmine,DB00981,drug,0.508624009,902.0025252,0.00576599,41
PI4K2A,55361,gene/protein,0.155823404,1063.163207,1.54E-09,38
PI4KA,5297,gene/protein,0.203254501,26591.28961,7.27E-09,55
PIAS1,8554,gene/protein,0.20652785,17781.61062,9.74E-09,38
PIAS2,9063,gene/protein,0.20849517,19371.00348,8.01E-09,12
PIAS4,51588,gene/protein,0.188778408,7732.933083,6.59E-09,10
Piboserod,DB04873,drug,0.151670436,0,1.20E-12,53
Pibrentasvir,DB13878,drug,0.715615115,1345.142467,0.00620255,0
PICALM,8301,gene/protein,0.178515066,3465.828978,3.47E-09,53
Piceatannol,DB08399,drug,0.203605484,828.3705025,0.00025323,48
Pick disease,8243,disease,3.906702129,0,6.22E-05,57
PICK1,9463,gene/protein,0.30195435,81994.50115,6.23E-09,6
Piclamilast,DB01791,drug,0.154666514,7.391012063,1.77E-05,8
Piclidenoson,DB05511,drug,0.15447969,0,9.40E-13,41
Piclozotan,DB12361,drug,1.458543985,1602.088473,0.02374703,28
Picosulfuric acid,DB09268,drug,2.030751792,67387.13715,0.022528624,58
Picotamide,DB13327,drug,0.698622802,291.6408429,0.00750624,58
Picrotoxin,DB00466,drug,0.157982384,0,3.29E-11,36
PIDD1,55367,gene/protein,0.16712969,1819.864985,5.71E-09,46
Pidilizumab,DB15383,drug,0.816612509,1418.211261,0.00107183,25
Pidolic acid,DB03088,drug,0.16871936,0,4.77E-11,54
Pidotimod,DB11364,drug,1.040599918,23.20628909,0.01632595,58
PIGR,5284,gene/protein,0.167551036,4167.903935,4.60E-10,11
PIGW,284098,gene/protein,0.155494138,703.4954887,4.56E-10,27
PIGY,84992,gene/protein,0.155482116,0,8.74E-14,56
PIK3C3,5289,gene/protein,0.159944883,3168.216699,1.56E-09,1
PIK3CA,5290,gene/protein,0.19380574,43170.41643,7.25E-09,30
PIK3CB,5291,gene/protein,0.168244204,3282.694655,3.39E-09,8
PIK3CD,5293,gene/protein,0.159523961,6625.588351,2.41E-09,1
PIK3CG,5294,gene/protein,0.172188154,38781.27519,8.20E-09,40
PIK3R1,5295,gene/protein,0.353847078,246895.3935,3.00E-08,1
PIK3R3,8503,gene/protein,0.226592608,38754.46204,7.14E-09,31
PIK3R4,30849,gene/protein,0.165565903,1634.30464,3.50E-09,55
PIKFYVE,200576,gene/protein,0.154148846,23.47783278,1.87E-09,24
Pilaralisib,DB11772,drug,0.150464042,0,5.71E-11,49
Pilocarpine,DB01085,drug,0.586508096,1090.274098,0.00631588,2
pilomyxoid astrocytoma,16692,disease,10.37700691,1.503979669,4.75E-05,39
Pilsicainide,DB12712,drug,0.781957725,625.7252393,0.00937961,52
PIM1,5292,gene/protein,0.19522875,99166.17767,8.79E-09,23
PIM2,11040,gene/protein,0.1679034,1310.089985,3.81E-09,45
Pimagedine,DB05383,drug,0.192807774,3063.566739,0.00050947,48
Pimavanserin,DB05316,drug,1.117851816,1761.885123,0.016911312,7
Pimecrolimus,DB00337,drug,0.530813006,1922.465245,0.00364147,3
Pimethixene,DB13292,drug,0.162007157,0.01159737,0.00015771,18
Pimobendan,DB11450,drug,0.150347377,0,1.25E-12,54
Pimozide,DB01100,drug,2.172441602,19970.84217,0.02839194,7
PIN1,5300,gene/protein,0.259663687,81745.5011,1.70E-08,8
Pinacidil,DB06762,drug,0.90496773,417.5070735,0.013953672,16
Pinatuzumab vedotin,DB15432,drug,0.777907291,9.850502048,0.00104514,42
Pinaverium,DB09090,drug,1.321324749,3531.300393,0.01658989,7
Pinazepam,DB13335,drug,1.06954017,850.2832835,0.016273457,7
Pindolol,DB00960,drug,2.746755513,46203.9403,0.03726688,28
Pinometostat,DB12920,drug,0.191246377,0.019387545,2.71E-05,58
PINX1,54984,gene/protein,0.168056192,1458.891691,2.61E-09,8
Pioglitazone,DB01132,drug,1.180588649,6246.77108,0.013763761,52
PIP5K1A,8394,gene/protein,0.172404787,4179.962069,3.36E-09,27
Pipamperone,DB09286,drug,1.374718943,4831.561119,0.02103244,7
Pipecuronium,DB01338,drug,1.709159484,11460.74116,0.022970443,25
Pipemidic acid,DB13823,drug,1.405847616,9540.771426,0.015364812,16
Pipenzolate,DB13844,drug,1.290244426,1486.705824,0.018986486,28
Piperacillin,DB00319,drug,1.344506536,3715.388409,0.01850005,16
Piperaquine,DB13941,drug,0.855320851,600.9510988,0.011394573,59
Piperazine,DB00592,drug,0.71091222,514.3997362,0.00951998,0
Piperidolate,DB13351,drug,1.290244426,1486.705824,0.018986486,28
Piperine,DB12582,drug,0.167890363,11.41150361,0.0001572,39
Pipobroman,DB00236,drug,0.191246377,0.019387545,2.71E-05,3
Pipotiazine,DB01621,drug,1.534372539,6318.139623,0.02199828,16
Pipradrol,DB11584,drug,0.15290483,0,2.10E-12,57
Piracetam,DB09210,drug,1.049272621,94.83658075,0.016368794,7
Pirarubicin,DB11616,drug,0.66046102,433.2687415,0.00374134,44
Pirbuterol,DB01291,drug,1.031618711,1982.73989,0.016167233,52
Pirenzepine,DB00670,drug,1.290942018,1609.782779,0.01898649,11
Piretanide,DB02925,drug,1.363925964,3952.711222,0.019001364,9
Pirfenidone,DB04951,drug,1.014919708,3319.342047,0.00906187,16
Piribedil,DB12478,drug,0.313569859,149.6205948,0.00215482,0
Piritramide,DB12492,drug,1.225406675,1588.433793,0.018327319,28
Piritrexim,DB03695,drug,0.242234509,234.7033579,7.40E-05,2
Pirlimycin,DB11537,drug,0.37559832,129.2059389,0.0036819,52
Pirlindole,DB09244,drug,2.320229341,17800.16868,0.03440888,7
Piromidic acid,DB13744,drug,0.637901255,153.9681736,0.00760909,7
Piroxicam,DB00554,drug,2.274150189,16096.40109,0.030963413,7
Pirprofen,DB13722,drug,1.882766518,6180.823484,0.027066228,44
Pitavastatin,DB08860,drug,1.042361398,6456.428203,0.011054221,2
Pitolisant,DB11642,drug,2.670121822,70000.36888,0.030833138,16
PITPNA,5306,gene/protein,0.154829661,11181.32627,1.55E-09,23
PITPNB,23760,gene/protein,0.154089885,62.29257748,1.27E-09,21
PITPNM3,83394,gene/protein,0.1533113,36.3748324,2.40E-10,1
pituicytoma,6372,disease,2.374734807,0,4.74E-05,6
pituitary dwarfism,6909,disease,0.265317093,0,2.19E-06,38
PITX1,5307,gene/protein,0.179401718,3918.343199,1.82E-09,43
PITX2,5308,gene/protein,0.176866623,3021.041126,7.58E-09,43
PITX3,5309,gene/protein,0.272691762,112525.5602,8.21E-10,1
Pivagabine,DB12951,drug,1.0155003,165.0530983,0.01600334,28
Pivampicillin,DB01604,drug,0.373732545,75.48733461,0.00232483,52
Pivhydrazine,DB09252,drug,1.815199711,6212.883102,0.027339627,28
Pivmecillinam,DB01605,drug,0.373732545,75.48733461,0.00232483,16
PIWIL4,143689,gene/protein,0.155171385,87.65858684,9.73E-10,55
Pixantrone,DB06193,drug,0.191246377,0.019387545,2.71E-05,3
Pizotifen,DB06153,drug,1.73698857,10698.70599,0.02612862,28
PJA2,9867,gene/protein,0.1598317,448.6969412,1.60E-09,20
PKD1,5310,gene/protein,0.162096758,1518.76833,3.77E-09,8
PKD1L1,168507,gene/protein,0.151392663,11.84106022,3.10E-10,27
PKD2,5311,gene/protein,0.169956781,4534.571265,1.85E-09,34
PKD2L1,9033,gene/protein,0.15168581,170.0269477,2.52E-10,33
PKDCC,91461,gene/protein,0.151906389,8.792546189,7.13E-10,55
PKIA,5569,gene/protein,0.154839377,4613.64885,1.15E-09,1
PKIB,5570,gene/protein,0.154028204,139.4437066,5.77E-10,9
PKLR,5313,gene/protein,0.15861594,8451.686891,2.01E-09,40
PKM,5315,gene/protein,0.214969351,73734.95496,9.35E-09,45
PKN1,5585,gene/protein,0.191978174,14181.10715,5.01E-09,36
PKNOX2,63876,gene/protein,0.163634163,727.2935385,7.67E-10,22
PKP1,5317,gene/protein,0.201177233,9880.845188,3.63E-09,36
PKP2,5318,gene/protein,0.310838016,98171.01793,3.03E-08,14
PKP3,11187,gene/protein,0.305200671,80634.33775,2.95E-08,29
PKP4,8502,gene/protein,0.308660809,85015.29186,3.17E-08,39
PLA2G10,8399,gene/protein,0.190340768,28927.79951,1.38E-09,54
PLA2G1B,5319,gene/protein,0.152359904,24907.77071,3.31E-11,50
PLA2G2A,5320,gene/protein,0.159125613,53348.00749,3.84E-10,4
PLA2G2E,30814,gene/protein,0.150541062,33713.813,1.18E-10,1
PLA2G4A,5321,gene/protein,0.16994289,34727.99026,4.75E-09,19
PLA2G6,8398,gene/protein,0.161519839,682.470874,5.08E-10,56
Plantago ovata seed,DB14585,drug,0.63092598,114.7167054,0.00801359,7
Plantago seed,DB11097,drug,0.629580716,114.6695227,0.00800628,52
plasma cell myeloma,9693,disease,2.768782613,0,0.00038121,55
plasmablastic lymphoma,17347,disease,9.139052036,0,0.00017439,13
plasmacytoma,5615,disease,0.362402227,0,8.63E-05,32
Plasmodium falciparum malaria,5920,disease,5.489055824,0,0.00014454,21
PLAT,5327,gene/protein,0.170720103,21004.57351,5.73E-10,1
Platelet Activating Factor,DB02261,drug,0.308034644,4267.076254,0.00120876,18
Platinum,DB12257,drug,0.199080218,3.951304453,0.00015624,52
PLAU,5328,gene/protein,0.164835738,191238.7301,8.46E-10,1
PLAUR,5329,gene/protein,0.197910015,37586.9158,1.89E-09,30
Plazomicin,DB12615,drug,1.300019379,4314.738209,0.01781783,7
PLCB1,23236,gene/protein,0.161895321,2184.993422,3.40E-09,30
PLCB3,5331,gene/protein,0.158890479,1105.345291,1.65E-09,24
PLCD1,5333,gene/protein,0.15922975,6047.374301,5.87E-10,4
PLCG1,5335,gene/protein,0.22736494,35912.50128,1.09E-08,24
PLCG2,5336,gene/protein,0.173754878,3146.666931,5.88E-09,31
PLD1,5337,gene/protein,0.171399051,12417.79196,4.87E-09,30
PLD2,5338,gene/protein,0.168561814,7775.827761,3.50E-09,14
PLD6,201164,gene/protein,0.155788764,2035.826283,8.89E-10,21
PLEC,5339,gene/protein,0.207882579,19657.6944,5.70E-09,38
Plecanatide,DB13170,drug,0.634801338,358.909032,0.00801359,16
PLEK,5341,gene/protein,0.15614342,706.8942586,4.22E-10,14
PLEKHF2,79666,gene/protein,0.196057238,8066.45594,2.04E-09,46
PLEKHH2,130271,gene/protein,0.154052143,117.9106925,3.91E-10,1
PLEKHH3,79990,gene/protein,0.155540461,563.8500199,1.28E-09,39
PLEKHJ1,55111,gene/protein,0.154767473,513.8366612,6.38E-10,10
PLEKHM3,389072,gene/protein,0.1516758,0,1.52E-10,8
PLEKHO1,51177,gene/protein,0.17148082,3085.505633,2.72E-09,56
pleomorphic xanthoastrocytoma,16690,disease,1.276189252,0,4.74E-05,53
Plerixafor,DB06809,drug,1.041041245,2504.45233,0.01632595,16
Plevitrexed,DB06163,drug,0.191246377,0.019387545,2.71E-05,52
PLG,5340,gene/protein,0.181172665,36876.37433,2.47E-09,36
Plicamycin,DB06810,drug,0.196582693,176.5758784,3.24E-05,57
PLIN2,123,gene/protein,0.165503202,1742.722012,9.74E-10,39
PLIN3,10226,gene/protein,0.218783199,29849.50898,1.99E-09,20
Plinabulin,DB05992,drug,0.150419108,0,6.90E-11,27
Plitidepsin,DB04977,drug,0.30388539,273.5692334,0.0018096,26
PLK1,5347,gene/protein,0.255705828,87153.26432,1.25E-08,56
PLK2,10769,gene/protein,0.170694411,9382.666015,3.64E-09,9
PLK3,1263,gene/protein,0.171203931,2706.268586,6.01E-09,51
PLN,5350,gene/protein,0.189020727,6805.756197,6.70E-10,29
PLOD1,5351,gene/protein,0.161195773,2398.757281,1.44E-09,32
Plozalizumab,DB12520,drug,0.77595335,4309.580641,0.00104473,42
PLP1,5354,gene/protein,0.207213481,18703.19856,1.07E-09,45
PLS3,5358,gene/protein,0.157657771,165.1820733,1.43E-09,20
PLSCR1,5359,gene/protein,0.197818866,14122.68506,4.57E-09,54
PLX-4720,DB06999,drug,0.150472877,0,1.01E-10,38
PLXDC2,84898,gene/protein,0.171766397,709.3661663,1.87E-10,4
PLXNA2,5362,gene/protein,0.158533747,707.5847611,5.17E-10,24
PLXNB1,5364,gene/protein,0.164480848,4188.857175,1.93E-09,32
PM20D2,135293,gene/protein,0.161870276,1748.898941,1.13E-09,13
PMAIP1,5366,gene/protein,0.160589097,1261.812972,2.30E-09,47
PMEPA1,56937,gene/protein,0.156473019,262.1358659,9.10E-10,46
PMF1,11243,gene/protein,0.199080033,14848.31117,7.64E-09,24
PML,5371,gene/protein,0.237303084,82022.82611,1.58E-08,23
PMM2,5373,gene/protein,0.155145759,205.4304324,1.73E-09,31
PMS2,5395,gene/protein,0.171557252,11578.67537,2.81E-09,14
PN0621,DB05218,drug,0.150419108,0,6.90E-11,45
pneumonia,5249,disease,10.97970969,1973.92309,0.00027538,43
pneumonitis,43905_2572_1255_3479_43919,disease,3.638453572,3.972718739,0.00013807,8
P-Nitrophenol,DB04417,drug,0.152423383,0,8.65E-12,8
PNLIP,5406,gene/protein,0.202229259,16388.75072,1.69E-10,38
PNLIPRP2,5408,gene/protein,0.158998232,942.619899,3.29E-11,4
PNMT,5409,gene/protein,0.152694644,70470.58297,6.88E-10,38
PNN,5411,gene/protein,0.189775992,6545.489461,6.06E-09,47
PNO1,56902,gene/protein,0.172278406,3358.129405,2.62E-09,24
PNP,4860,gene/protein,0.15936444,89545.19694,2.28E-09,23
PNPLA3,80339,gene/protein,0.156216177,37.86007202,1.68E-10,50
PNPLA7,375775,gene/protein,0.151657899,34.06324003,9.10E-10,4
PNPO,55163,gene/protein,0.159987626,7200.095317,1.86E-09,50
PNRC1,10957,gene/protein,0.159394641,621.3102441,1.45E-09,21
PNRC2,55629,gene/protein,0.159059755,413.444367,1.59E-09,21
PNU177836,DB02977,drug,0.150357788,0,1.04E-10,6
Poa annua pollen,DB10353,drug,0.230677681,1.572961101,0.00134362,2
Poa compressa pollen,DB10713,drug,0.230677681,1.572961101,0.00134362,2
Poa pratensis pollen,DB10366,drug,0.230677681,1.572961101,0.00134362,18
POC1A,25886,gene/protein,0.165672643,808.4002079,3.40E-09,10
Podofilox,DB01179,drug,0.15141778,0.281977997,2.17E-10,36
POGZ,23126,gene/protein,0.181826332,3126.394593,1.86E-09,45
POLA1,5422,gene/protein,0.160793269,5009.610785,2.39E-09,20
Polaprezinc,DB09221,drug,0.258800351,8564.469871,0.00084877,48
Polatuzumab vedotin,DB12240,drug,0.848018934,14368.41319,0.00207429,42
POLB,5423,gene/protein,0.16136363,16038.73884,1.81E-09,34
POLD3,10714,gene/protein,0.156670279,265.0161457,1.82E-09,43
Poldine,DB13507,drug,1.290245619,1567.531113,0.018986486,31
POLDIP3,84271,gene/protein,0.168974226,2267.090163,3.21E-09,40
POLE,5426,gene/protein,0.164970928,4022.733838,2.17E-09,14
POLE3,54107,gene/protein,0.15428949,437.5812135,1.46E-09,19
POLG2,11232,gene/protein,0.166566112,1793.310345,1.03E-09,6
POLH,5429,gene/protein,0.168008447,1394.370975,2.87E-09,50
Polidocanol,DB06811,drug,0.345635216,4244.732947,0.00017532,22
Poliglusam,DB11234,drug,0.152514009,0,1.52E-05,48
POLK,51426,gene/protein,0.16709569,17359.28578,2.02E-09,39
Polmacoxib,DB12399,drug,1.017952213,1940.333368,0.011824006,6
POLR1A,25885,gene/protein,0.174531183,3468.750684,2.25E-09,46
POLR1C,9533,gene/protein,0.225183971,19032.88819,4.50E-09,9
POLR1D,51082,gene/protein,0.164654802,756.675497,1.41E-09,47
POLR1E,64425,gene/protein,0.163882383,611.0185782,1.35E-09,32
POLR2A,5430,gene/protein,0.242534908,37397.77806,1.05E-08,41
POLR2B,5431,gene/protein,0.180642347,3604.552574,2.86E-09,38
POLR2C,5432,gene/protein,0.176775405,3632.741418,2.84E-09,10
POLR2D,5433,gene/protein,0.169252315,1228.025738,2.13E-09,55
POLR2E,5434,gene/protein,0.190607971,6005.594645,4.89E-09,47
POLR2F,5435,gene/protein,0.217679579,24990.66969,3.18E-09,29
POLR2J,5439,gene/protein,0.174955971,3337.174267,2.06E-09,5
POLR3A,11128,gene/protein,0.195729514,12237.84258,4.32E-09,13
POLR3D,661,gene/protein,0.168067698,1595.19595,1.62E-09,36
POLR3E,55718,gene/protein,0.17670955,4962.216,2.94E-09,46
POLR3F,10621,gene/protein,0.16714046,901.7378365,9.50E-10,6
Polycarbophil,DB09311,drug,0.63092598,114.7167054,0.00801359,58
polycythemia (disease),5571,disease,4.654942917,1.970615117,8.64E-05,47
Polyestradiol phosphate,DB09369,drug,1.013922496,18260.27719,0.00390314,42
Polyethylene glycol,DB09287,drug,0.846771325,15892.41202,0.00827391,16
Polyethylene glycol 300,DB11161,drug,0.15,0,3.99E-71,39
Polyethylene glycol 3500,DB11236,drug,0.15,0,3.99E-71,11
Polyethylene glycol 400,DB11077,drug,1.23838378,28526.33031,0.016393504,16
Polymyxin B,DB00781,drug,0.594734704,650.178874,0.00768398,52
Polysorbate 80,DB11063,drug,0.15,0,3.99E-71,34
Polythiazide,DB01324,drug,2.372430259,34493.04988,0.030336253,7
Polyvinyl alcohol,DB11060,drug,0.15,0,3.99E-71,53
Pomalidomide,DB08910,drug,2.932097808,75049.9771,0.03674787,58
POMC,5443,gene/protein,0.174118697,32958.79295,6.63E-10,36
POMGNT1,55624,gene/protein,0.161149548,2109.92551,4.27E-10,15
POMP,51371,gene/protein,0.185113996,7632.98044,1.90E-09,9
PON1,5444,gene/protein,0.158510964,4186.44493,1.36E-10,43
PON2,5445,gene/protein,0.177829441,11591.31356,1.60E-09,15
PON3,5446,gene/protein,0.151880605,206.1123358,2.93E-11,4
Ponatinib,DB08901,drug,1.92017018,85775.17941,0.0201535,17
Ponezumab,DB15135,drug,0.777907291,9.850502048,0.00104514,42
POP1,10940,gene/protein,0.165347369,1219.510188,2.43E-09,4
POR,5447,gene/protein,0.163667184,46059.19587,2.63E-09,53
Poractant alfa,DB09113,drug,0.320811872,152.3098918,0.00302781,39
Porfimer sodium,DB00707,drug,0.664406489,5459.916265,0.00014135,52
Porfiromycin,DB06478,drug,0.193803878,18.7114277,2.71E-05,52
Porphobilinogen,DB02272,drug,0.15349413,0,7.77E-12,6
Porphyrin Fe(III),DB01710,drug,0.153688769,0,2.52E-12,43
Posaconazole,DB01263,drug,1.132567343,4325.352982,0.013159978,3
Posiphen,DB15317,drug,0.504190757,243.9519662,0.00576599,17
Posizolid,DB04850,drug,0.23209891,22.35026161,0.00072937,16
postmenopausal osteoporosis,8159,disease,13.77855791,0,0.00032352,54
postural orthostatic tachycardia syndrome,11479,disease,4.32210867,7.608195588,0.00022446,13
POT1,25913,gene/protein,0.228730283,18350.1091,3.71E-09,50
Potassium,DB14500,drug,1.198608327,3394.529777,0.01808954,52
Potassium acetate,DB14498,drug,1.233571654,2090.376722,0.018965076,52
Potassium alum,DB09087,drug,0.558523662,897.2558234,0.00665034,2
Potassium bicarbonate,DB11098,drug,1.238028922,3856.180045,0.018986198,40
Potassium bitartrate,DB11107,drug,0.49886576,5.46385465,0.00639377,52
Potassium carbonate,DB13977,drug,0.49886576,5.46385465,0.00639377,16
Potassium cation,DB01345,drug,1.36983007,3387.276488,0.020404132,16
Potassium chloride,DB00761,drug,1.335265543,21825.42851,0.02058885,13
Potassium citrate,DB09125,drug,1.961931906,41205.80483,0.023675032,19
potassium deficiency disease,3019,disease,1.705734839,0,0.00011005,45
Potassium gluconate,DB13620,drug,0.50816037,843.466994,0.00639377,59
Potassium Guaiacolsulfonate,DB13735,drug,0.49886576,5.46385465,0.00639377,16
Potassium hydroxide,DB11153,drug,0.496503014,5.369984808,0.00634888,16
Potassium Iodide,DB06715,drug,1.000868186,7254.046837,0.01114078,41
Potassium lactate,DB09483,drug,0.622170709,164.814423,0.00854442,16
Potassium nitrate,DB11090,drug,1.219263618,11756.47394,0.018913622,52
Potassium perchlorate,DB09418,drug,1.67905303,17782.83217,0.022602902,16
Potassium permanganate,DB13831,drug,0.49886576,5.46385465,0.00639377,16
Potassium sulfate,DB14499,drug,1.512312223,4978.456189,0.022823119,16
Potassium triiodide,DB14492,drug,0.49886576,5.46385465,0.00639377,16
POTEI,653269,gene/protein,0.170354961,3022.66478,3.62E-09,54
POTEKP,440915,gene/protein,0.155287892,109.3301227,6.59E-10,57
POU1F1,5449,gene/protein,0.162389509,1945.681271,2.46E-09,29
POU2F1,5451,gene/protein,0.189880492,15829.50991,5.96E-09,27
POU2F2,5452,gene/protein,0.199848627,41047.09991,5.60E-09,43
POU3F2,5454,gene/protein,0.155143249,172.9891814,1.37E-09,27
POU4F2,5458,gene/protein,0.200171338,4589.297147,9.13E-10,20
POU5F1,5460,gene/protein,0.17135847,9012.775512,3.58E-09,55
Povidone,DB11061,drug,0.15,0,3.99E-71,19
Povidone K30,DB14478,drug,0.15,0,3.99E-71,43
Pozanicline,DB05458,drug,0.15381336,0,2.90E-12,40
PP-121,DB08052,drug,0.150381611,0,2.42E-10,40
PPA1,5464,gene/protein,0.160978201,401.2262658,2.67E-09,22
PPAN,56342,gene/protein,0.179677526,2650.447739,2.46E-09,13
PPAN-P2RY11,692312,gene/protein,0.166970894,1188.486894,2.71E-09,12
PPARA,5465,gene/protein,0.222634055,188367.0348,1.07E-08,9
PPARD,5467,gene/protein,0.210396298,100234.6253,1.16E-08,10
PPARG,5468,gene/protein,0.228336906,313637.1477,1.84E-08,4
PPARGC1A,10891,gene/protein,0.207585383,19410.43967,8.20E-09,30
PPARGC1B,133522,gene/protein,0.157781954,1896.44997,1.32E-09,4
PPAT,5471,gene/protein,0.155529037,2023.126723,1.46E-09,43
PPBP,5473,gene/protein,0.16423391,8531.611796,7.15E-10,21
PPCDC,60490,gene/protein,0.159525392,5982.694803,7.12E-10,32
PPFIA1,8500,gene/protein,0.306507664,21579.0857,2.74E-09,22
PPI-2458,DB05864,drug,0.150855746,0,1.29E-11,49
PPIA,5478,gene/protein,0.186183971,38595.24549,5.11E-09,15
PPIB,5479,gene/protein,0.186903321,10621.64839,2.83E-09,31
PPIL2,23759,gene/protein,0.184501866,4676.71657,5.95E-09,47
PPL-100,DB05961,drug,0.153163122,0,3.40E-11,43
PPM1A,5494,gene/protein,0.184229208,5960.744228,4.93E-09,11
PPM1B,5495,gene/protein,0.168655676,5602.61556,3.99E-09,40
PPM1D,8493,gene/protein,0.158854636,1130.575222,2.07E-09,14
PPP1CA,5499,gene/protein,0.420066021,87298.97396,1.63E-08,46
PPP1CC,5501,gene/protein,0.252969186,67243.43928,1.56E-08,56
PPP1R10,5514,gene/protein,0.166689931,1702.196018,4.14E-09,21
PPP1R12A,4659,gene/protein,0.173682147,2266.671501,2.77E-09,24
PPP1R13L,10848,gene/protein,0.178542801,2034.15456,5.76E-09,53
PPP1R14A,94274,gene/protein,0.159747863,518.4599417,1.68E-09,20
PPP1R14B,26472,gene/protein,0.154660838,155.6284933,8.20E-10,4
PPP1R14C,81706,gene/protein,0.154350408,120.7081752,7.61E-10,47
PPP1R14D,54866,gene/protein,0.150475897,0,1.85E-10,27
PPP1R15A,23645,gene/protein,0.168338408,2741.805609,4.10E-09,22
PPP1R16B,26051,gene/protein,0.163655705,530.0517198,1.09E-09,43
PPP1R17,10842,gene/protein,0.151091316,0,4.85E-10,34
PPP1R1A,5502,gene/protein,0.154071961,235.5306793,6.12E-10,15
PPP1R1B,84152,gene/protein,0.153903445,93.77628624,1.51E-09,49
PPP1R1C,151242,gene/protein,0.150622066,0,2.35E-10,23
PPP1R2,5504,gene/protein,0.161520105,741.1372262,2.97E-09,13
PPP1R26,9858,gene/protein,0.152829314,6.594628012,6.09E-10,31
PPP1R32,220004,gene/protein,0.177672657,1568.8847,1.72E-09,12
PPP1R3E,90673,gene/protein,0.156546545,157.6183513,1.62E-09,53
PPP1R7,5510,gene/protein,0.157131143,597.1505858,1.42E-09,24
PPP1R8,5511,gene/protein,0.17122249,3141.851199,2.72E-09,27
PPP1R9A,55607,gene/protein,0.164336905,864.4391629,1.04E-09,9
PPP2CA,5515,gene/protein,0.268832607,80257.79092,1.68E-08,11
PPP2CB,5516,gene/protein,0.202733031,21997.31617,4.44E-09,36
PPP2R1A,5518,gene/protein,0.241460523,38257.33985,1.36E-08,10
PPP2R1B,5519,gene/protein,0.189153065,5434.077511,3.04E-09,41
PPP2R3C,55012,gene/protein,0.159956593,588.990726,2.18E-09,34
PPP2R5A,5525,gene/protein,0.172638815,3493.869256,3.98E-09,32
PPP2R5D,5528,gene/protein,0.192382316,7443.104052,4.07E-09,46
PPP3R2,5535,gene/protein,0.158456449,3516.511148,8.49E-10,8
PPP4C,5531,gene/protein,0.175194286,3143.487406,4.33E-09,57
PPP4R3A,55671,gene/protein,0.162935053,1626.316857,2.25E-09,6
PPP6R2,9701,gene/protein,0.162321618,705.411919,1.05E-09,46
PPRC1,23082,gene/protein,0.155910332,199.5116593,1.12E-09,10
PPT1,5538,gene/protein,0.172608075,8211.310288,1.75E-09,56
PQ-10,DB08391,drug,0.156401436,0,1.85E-12,51
PQBP1,10084,gene/protein,0.171420748,2152.34558,1.97E-09,14
PR-104,DB05968,drug,0.150419108,0,6.90E-11,8
Pracinostat,DB05223,drug,0.645605492,11937.61979,0.00725559,59
Practolol,DB01297,drug,1.834383064,12356.49637,0.0238021,16
Pradefovir mesylate,DB05478,drug,0.150126395,0,1.42E-11,45
Prader-Willi syndrome,8300,disease,1.369462537,0,5.42E-05,54
Pradigastat,DB12866,drug,0.255351996,13.99718711,0.00099766,48
Prajmaline,DB13555,drug,0.694337209,191.6584602,0.00836035,7
Pralatrexate,DB06813,drug,1.679239005,29377.86653,0.0198973,58
Pralidoxime,DB00733,drug,1.042269297,634.7601136,0.01632595,7
Pralnacasan,DB04875,drug,0.150417968,0,3.70E-11,10
PRAME,23532,gene/protein,0.187439026,9186.71897,6.83E-09,10
Pramipexole,DB00413,drug,1.982921908,20746.81558,0.029988127,28
Pramiracetam,DB13247,drug,0.15,0,3.99E-71,27
Pramlintide,DB01278,drug,1.048502234,4600.806507,0.012443495,52
Pramocaine,DB09345,drug,0.187065288,44.3345294,2.24E-07,26
Pranlukast,DB01411,drug,0.987153857,20565.9994,0.011763676,26
Pranoprofen,DB13514,drug,0.310001533,5.558567279,0.00306675,2
Prasterone,DB01708,drug,0.2858372,11808.77211,0.00067584,59
Prasterone sulfate,DB05804,drug,0.477941494,4562.856777,0.00472134,48
Prasugrel,DB06209,drug,1.980440895,23824.45307,0.024430206,16
Pravastatin,DB00175,drug,0.966631541,12287.63989,0.0085266,3
Prazepam,DB01588,drug,1.068989835,809.684484,0.01637389,7
Praziquantel,DB01058,drug,0.91122674,4364.37213,0.01102831,48
Prazosin,DB00457,drug,1.213983015,5321.697785,0.01739265,16
PRCC,5546,gene/protein,0.16264393,3194.772266,1.73E-09,13
PRDM1,639,gene/protein,0.206209241,12370.61641,4.47E-09,38
PRDM14,63978,gene/protein,0.311998776,96393.64285,1.48E-08,45
PRDM2,7799,gene/protein,0.154711281,123.4046629,1.79E-09,9
PRDX1,5052,gene/protein,0.186023734,13197.32813,6.20E-09,56
PRDX2,7001,gene/protein,0.180327018,13843.78967,4.11E-09,5
PRDX4,10549,gene/protein,0.167137854,3340.280843,2.44E-09,30
PRDX5,25824,gene/protein,0.180113615,11287.50309,2.34E-09,20
PRDX6,9588,gene/protein,0.176766694,4997.23014,3.57E-09,14
precocious puberty,19165_88_15791_15714,disease,4.936087124,0,7.93E-05,32
precursor T-cell acute lymphoblastic leukemia,20512,disease,7.967537653,42.09579495,0.00030896,9
Prednicarbate,DB01130,drug,0.338294303,823.280383,0.00228774,48
Prednimustine,DB12832,drug,0.191246377,0.019387545,2.71E-05,3
Prednisolone,DB00860,drug,1.73562257,50971.37336,0.015248474,37
Prednisolone acetate,DB15566,drug,1.17068666,10980.1578,0.011725473,17
Prednisolone hemisuccinate,DB14633,drug,1.312703758,6238.573195,0.013836133,58
Prednisolone phosphate,DB14631,drug,1.697915737,27964.59768,0.017739521,17
Prednisone,DB00635,drug,2.235779225,82767.53555,0.023814184,58
Prednisone acetate,DB14646,drug,1.3940889,10408.15979,0.01413679,16
Prednylidene,DB13208,drug,1.758107522,12688.87266,0.016918333,58
Pregabalin,DB00230,drug,2.425166484,32605.07235,0.0342954,28
Pregnenolone,DB02789,drug,0.162814744,442.0899381,0.0001449,15
premature ejaculation (disease),1780,disease,2.058964215,0,0.000199,45
Prenalterol,DB13777,drug,1.034067042,779.4308385,0.01565867,7
Prenylamine,DB04825,drug,1.322402894,7690.726897,0.01658989,16
PREP,5550,gene/protein,0.158332757,34220.75919,1.45E-09,18
PREPL,9581,gene/protein,0.168775006,3537.889177,2.02E-09,46
Pretomanid,DB05154,drug,0.271572068,68.40852783,0.00147542,49
PREX1,57580,gene/protein,0.155126187,146.8161003,1.49E-09,51
PRF1,5551,gene/protein,0.155607843,268.4354246,2.14E-10,22
PRG2,5553,gene/protein,0.16450936,7855.364318,1.46E-09,21
PRG3,10394,gene/protein,0.162618365,978.2217588,5.73E-10,49
PRICKLE2,166336,gene/protein,0.151737624,15.54736949,6.43E-10,39
Pridinol,DB13642,drug,0.99756436,11.74591312,0.015766991,28
Prifinium,DB13254,drug,1.290244426,1486.705824,0.018986486,28
Prilocaine,DB00750,drug,0.268950264,533.1873891,0.00068061,39
Primaquine,DB01087,drug,1.285133157,8879.748166,0.016518034,52
primary central nervous system lymphoma,2571,disease,7.415136285,134.4543825,0.00019384,31
primary cutaneous aggressive epidermotropic CD8+ T-cell lymphoma,15811,disease,0.543358647,0,3.45E-05,31
primary cutaneous CD4+ small/medium-sized pleomorphic T-cell lymphoma,15810,disease,0.543358647,0,3.45E-05,32
"primary cutaneous diffuse large B-cell lymphoma, Leg type",6383,disease,9.139052036,0,0.00017439,55
primary cutaneous gamma/delta-positive T-cell lymphoma,15812,disease,0.543358647,0,3.45E-05,22
primary cutaneous peripheral T-cell lymphoma not otherwise specified,19476,disease,0.543358647,0,3.45E-05,49
primary cutaneous T-cell lymphoma,15758,disease,6.010760081,43.27036987,0.00056182,34
primary cutaneous T-cell non-Hodgkin lymphoma,607,disease,1.457685831,0,0.00040149,19
primary hyperoxaluria,9824_13327_9823_2474,disease,0.821118283,0,4.88E-08,38
primary mediastinal large B-cell lymphoma,20323,disease,9.180128204,1.452539467,0.00017439,12
primary non-gestational choriocarcinoma of ovary,17327,disease,14.50060114,0,0.00034548,12
Primidone,DB00794,drug,2.338814147,35098.08282,0.029301661,28
Prinaberel,DB06832,drug,0.150853556,0,2.51E-10,55
Pristinamycin,DB13704,drug,0.183010588,1.635162339,0.00033501,52
PRKAA1,5562,gene/protein,0.228592743,101641.1493,1.14E-08,4
PRKAA2,5563,gene/protein,0.22232069,67956.5847,7.25E-09,33
PRKAB2,5565,gene/protein,0.226924674,73703.28728,4.74E-09,23
PRKACA,5566,gene/protein,0.675490712,1201982.839,2.97E-08,46
PRKACB,5567,gene/protein,0.206263569,17198.08691,6.57E-09,41
PRKACG,5568,gene/protein,0.175069566,3222.089937,2.15E-09,57
PRKAR1A,5573,gene/protein,0.195920272,25618.20036,6.47E-09,14
PRKAR1B,5575,gene/protein,0.200548364,13429.42514,3.73E-09,34
PRKAR2A,5576,gene/protein,0.192358885,6524.320135,3.55E-09,15
PRKAR2B,5577,gene/protein,0.197880929,13042.27392,2.21E-09,24
PRKCA,5578,gene/protein,0.46469932,851723.0413,2.34E-08,38
PRKCB,5579,gene/protein,0.217155054,40650.7604,1.37E-08,30
PRKCD,5580,gene/protein,0.286114241,158910.0649,1.52E-08,51
PRKCE,5581,gene/protein,0.211227708,64847.19609,9.48E-09,53
PRKCG,5582,gene/protein,0.183535238,13441.93088,8.88E-09,41
PRKCH,5583,gene/protein,0.16389332,1092.678706,4.09E-09,34
PRKCI,5584,gene/protein,0.224255451,51203.39803,1.35E-08,36
PRKCQ,5588,gene/protein,0.189888304,13324.87762,1.14E-08,57
PRKCSH,5589,gene/protein,0.172502214,2521.13918,3.73E-09,53
PRKCZ,5590,gene/protein,0.241738173,61416.99953,1.41E-08,23
PRKD1,5587,gene/protein,0.182917941,8732.352068,6.14E-09,40
PRKD2,25865,gene/protein,0.177425709,7525.3989,4.12E-09,4
PRKD3,23683,gene/protein,0.159725115,744.243052,2.17E-09,13
PRKDC,5591,gene/protein,0.244053049,59587.82374,1.27E-08,5
PRKG1,5592,gene/protein,0.192113231,11399.20001,4.32E-09,23
PRLR,5618,gene/protein,0.17011806,2780.096542,7.77E-09,41
PRLX 93936,DB06098,drug,0.150691061,0,2.54E-11,5
PRM1,5619,gene/protein,0.154832625,83.33321542,1.03E-09,36
PRM2,5620,gene/protein,0.154237078,40.41131852,9.77E-10,57
PRMT1,3276,gene/protein,0.198991092,18480.29598,8.20E-09,9
PRMT2,3275,gene/protein,0.176097332,5819.50143,2.32E-09,55
PRMT3,10196,gene/protein,0.157202598,703.9539482,1.31E-09,4
PRMT5,10419,gene/protein,0.225197883,24226.19671,7.98E-09,38
PRMT6,55170,gene/protein,0.18944601,7850.059488,2.14E-09,15
PRMT8,56341,gene/protein,0.168851602,2950.43316,2.31E-09,5
PRO-542,DB05793,drug,0.775447143,2.711075215,0.00104473,28
Probenecid,DB01032,drug,1.919724605,30931.8093,0.0243666,52
Probucol,DB01599,drug,0.604508968,1448.479362,0.00722849,59
PROC,5624,gene/protein,0.171488496,29651.41463,1.93E-09,33
Procainamide,DB01035,drug,2.145681717,25940.7583,0.02891035,7
Procaine,DB00721,drug,1.955050726,40656.98717,0.026217725,58
Procaine benzylpenicillin,DB09320,drug,1.202683976,1493.244426,0.01772032,15
Procarbazine,DB01168,drug,2.225289977,109009.1041,0.02805586,29
Procaterol,DB01366,drug,1.1303188,2594.307296,0.01679956,52
Prochlorperazine,DB00433,drug,2.08417863,23671.88735,0.027087035,28
PROCR,10544,gene/protein,0.158328333,2951.007972,7.23E-10,34
Procyclidine,DB00387,drug,1.294387499,4348.039505,0.019010736,13
Profenamine,DB00392,drug,1.455637996,4254.188941,0.02079894,58
Proflavine,DB01123,drug,0.150459983,0,9.12E-12,50
Progabide,DB00837,drug,1.211695073,3407.882802,0.017512018,7
Progesterone,DB00396,drug,1.797117586,70277.5441,0.02084857,16
PROGESTERONE-11-ALPHA-OL-HEMISUCCINATE,DB08547,drug,0.152109299,0,2.78E-12,49
Proglumetacin,DB13527,drug,1.882770727,7309.439107,0.027066228,55
Proguanil,DB01131,drug,0.91343315,2350.289893,0.01234791,29
Proline,DB00172,drug,0.158956151,0,1.24E-10,39
Promazine,DB00420,drug,2.514075889,33806.8567,0.033434923,28
Promegestone,DB13602,drug,0.323187145,122.3036069,0.00145346,18
Promestriene,DB12487,drug,0.821847499,1897.506788,0.00149242,58
Promethazine,DB01069,drug,2.755869025,60470.26444,0.03680067,7
Propacetamol,DB09288,drug,2.768310585,84147.5084,0.03417261,7
Propafenone,DB01182,drug,2.194267386,29539.09208,0.027274297,7
Propanidid,DB13234,drug,1.013612369,283.207121,0.015752977,7
Propanoic acid,DB03766,drug,0.152783002,0,6.97E-12,45
Propantheline,DB00782,drug,2.002182607,11508.89243,0.030614276,27
Proparacaine,DB00807,drug,0.162873351,1.30084273,8.75E-06,59
Propatyl nitrate,DB13255,drug,0.263860955,21.89393829,0.00186373,52
Propenidazole,DB13319,drug,0.173408437,0,0.00040884,18
Propentofylline,DB06479,drug,0.912460218,2096.342967,0.010664706,48
Propicillin,DB13660,drug,0.373732545,75.48733461,0.00232483,2
Propidium,DB02166,drug,0.150619892,0,6.53E-12,13
Propiolactone,DB09348,drug,0.150216928,0,1.72E-11,39
Propiomazine,DB00777,drug,1.742738277,8538.400816,0.026132506,28
Propiopromazine,DB11540,drug,1.201284568,1840.972784,0.01782981,7
Propiverine,DB12278,drug,2.261439915,19447.12437,0.03363037,28
Propofol,DB00818,drug,2.43696261,27146.49219,0.033239156,7
Propoxycaine,DB09342,drug,0.197891041,66.38943189,8.97E-06,59
Propranolol,DB00571,drug,2.809410727,66451.84102,0.03494197,28
Propyl alcohol,DB03175,drug,0.150888588,0,1.24E-11,54
Propyl Gallate,DB12450,drug,0.150379934,0,3.14E-10,57
Propylene glycol,DB01839,drug,0.34447875,155.6204295,0.00016774,41
Propylhexedrine,DB06714,drug,0.167140737,0,2.30E-12,49
Propylthiouracil,DB00550,drug,1.316198107,21709.41615,0.010632357,59
Propyphenazone,DB13524,drug,1.881514826,6175.803851,0.027042089,44
Proquazone,DB13649,drug,1.882766518,6180.823484,0.027066228,44
Proscillaridin,DB13307,drug,0.65440802,1629.650412,0.00589138,58
Prostaglandin B2,DB02304,drug,0.272188293,0.013680843,0.00266718,2
Prostaglandin D2,DB02056,drug,0.279017546,95.46265945,0.00266718,59
Prostaglandin G2,DB03866,drug,0.272544187,13.72559255,0.00266718,2
Prostalene,DB11454,drug,0.272188293,0.013680843,0.00266718,59
prostate adenocarcinoma,5082,disease,19.09073038,3.274242424,1.84E-07,31
prostate cancer,8315,disease,21.55934834,0,8.46E-05,11
prostate carcinoma,5159,disease,58.47067914,4498.769341,8.46E-05,54
Protamine sulfate,DB09141,drug,0.15205902,0,6.37E-12,36
Protein C,DB11312,drug,1.077875325,5048.939351,0.00982275,16
Protein S human,DB13149,drug,1.07640392,7838.759708,0.00981665,17
Prothipendyl,DB12958,drug,1.053667776,284.1628083,0.016364555,7
Prothrombin,DB11311,drug,0.307055422,5934.53858,0.0011907,59
Protionamide,DB12667,drug,0.184875411,2.11202149,0.00034918,59
Protirelin,DB09421,drug,0.45267267,4652.65496,0.00275036,16
Protocatechualdehyde,DB11268,drug,0.359439837,608.5681262,0.00161357,17
Protokylol,DB06814,drug,1.017230411,8440.38773,0.012022645,16
protoplasmic astrocytoma,16687,disease,8.139148743,0.267063492,4.75E-05,54
Protoporphyrin,DB02285,drug,0.199537319,165.0802008,1.77E-05,0
Protoporphyrin Ix Containing Co,DB02110,drug,0.151179085,0,3.27E-11,21
Protoporphyrin Ix Containing Zn,DB03934,drug,0.150671582,0,3.09E-11,36
Protriptyline,DB00344,drug,2.143844637,11857.58183,0.030904161,7
PROX1,5629,gene/protein,0.161966941,1099.306155,1.51E-09,56
Proxibarbal,DB13253,drug,0.99594897,8.481282091,0.015775779,28
Proxyphylline,DB13449,drug,0.91164561,1642.252267,0.010664706,0
PROZ,8858,gene/protein,0.161124606,4308.450536,7.80E-10,43
PRPF18,8559,gene/protein,0.18575236,3091.88773,1.87E-09,27
PRPF38A,84950,gene/protein,0.161071325,309.0701571,1.31E-09,21
PRPF4B,8899,gene/protein,0.173597018,3895.397974,3.90E-09,43
PRPF6,24148,gene/protein,0.176426689,2295.023463,4.45E-09,21
PRPF8,10594,gene/protein,0.19527561,8515.145683,4.74E-09,54
PRPH,5630,gene/protein,0.16911965,2481.699257,2.09E-09,27
PRR12,57479,gene/protein,0.152322707,34.42459993,2.21E-10,40
PRR15L,79170,gene/protein,0.151424128,11.51072128,3.07E-10,39
PRR19,284338,gene/protein,0.154559214,124.5741147,5.52E-10,14
PRR3,80742,gene/protein,0.163774861,830.5730151,1.10E-09,9
PRSS1,5644,gene/protein,0.152680279,398274.3462,2.98E-10,36
PRSS2,5645,gene/protein,0.158833451,17151.83442,3.74E-10,1
PRSS3,5646,gene/protein,0.156190428,38259.82037,2.67E-10,1
PRSS50,29122,gene/protein,0.15655632,427.5341682,8.74E-10,15
Prucalopride,DB06480,drug,1.965732681,13356.74147,0.027038739,16
Prulifloxacin,DB11892,drug,1.405847616,9540.771426,0.015364812,52
Prussian blue,DB06783,drug,0.382253428,969.5535026,0.0013772,52
PRX-07034,DB05993,drug,0.151090788,0,5.06E-12,15
PRX-08066,DB05607,drug,1.017747488,318.9621515,0.016020052,28
PSAP,5660,gene/protein,0.169624356,11075.38905,2.23E-09,8
PSEN1,5663,gene/protein,0.206550766,49022.3063,1.05E-08,30
PSEN2,5664,gene/protein,0.175723148,7825.967537,5.29E-09,27
Pseudoephedrine,DB00852,drug,1.579300402,251887.5067,0.021168182,58
pseudotumor cerebri,9468,disease,5.328753341,615.9313929,0.00010716,12
PSG1,5669,gene/protein,0.162649073,1472.010984,6.93E-10,11
PSG9,5678,gene/protein,0.160495247,1008.848551,1.36E-09,54
Psilocybin,DB11664,drug,0.992376657,3.844875753,0.015717914,7
PSMA1,5682,gene/protein,0.261947423,46116.0695,6.41E-09,29
PSMA2,5683,gene/protein,0.196963909,2788.220411,4.11E-09,23
PSMA3,5684,gene/protein,0.219122925,18447.23633,5.81E-09,39
PSMA4,5685,gene/protein,0.191336404,2185.16204,4.51E-09,41
PSMA5,5686,gene/protein,0.210961458,7125.492753,4.03E-09,10
PSMA6,5687,gene/protein,0.209343957,8931.99802,5.54E-09,5
PSMA7,5688,gene/protein,0.202645358,15446.39923,4.71E-09,19
PSMA8,143471,gene/protein,0.177037918,941.2177066,2.35E-09,54
PSMB1,5689,gene/protein,0.228643443,43126.91738,4.78E-09,40
PSMB2,5690,gene/protein,0.20551394,12480.52152,3.69E-09,19
PSMB3,5691,gene/protein,0.19779941,5430.643569,4.26E-09,46
PSMB4,5692,gene/protein,0.217552319,7805.381309,4.25E-09,12
PSMB5,5693,gene/protein,0.201975345,25428.60455,4.21E-09,22
PSMB6,5694,gene/protein,0.185564986,1347.542352,2.89E-09,54
PSMB7,5695,gene/protein,0.19584193,6929.044157,2.89E-09,50
PSMB8,5696,gene/protein,0.181878032,6141.424282,2.81E-09,15
PSMB9,5698,gene/protein,0.19285551,6114.558,3.56E-09,39
PSMC1,5700,gene/protein,0.206132838,8991.590816,5.13E-09,24
PSMC2,5701,gene/protein,0.207014073,5429.36207,5.11E-09,51
PSMC3,5702,gene/protein,0.216014434,13160.46444,6.76E-09,49
PSMC3IP,29893,gene/protein,0.156072431,162.3162925,1.41E-09,47
PSMC4,5704,gene/protein,0.193400283,2265.452584,3.90E-09,49
PSMC5,5705,gene/protein,0.231104817,33175.03249,8.55E-09,23
PSMC6,5706,gene/protein,0.192135418,2365.46213,4.36E-09,22
PSMD1,5707,gene/protein,0.195574476,10067.53158,5.09E-09,9
PSMD11,5717,gene/protein,0.226885285,16045.33291,5.74E-09,39
PSMD12,5718,gene/protein,0.184996202,840.449129,3.10E-09,34
PSMD13,5719,gene/protein,0.19833316,1010.965097,3.13E-09,49
PSMD14,10213,gene/protein,0.190618237,1659.645116,3.17E-09,22
PSMD2,5708,gene/protein,0.26126297,55988.98335,7.69E-09,40
PSMD3,5709,gene/protein,0.189557268,2696.630287,3.93E-09,38
PSMD4,5710,gene/protein,0.219490328,11541.40719,6.16E-09,6
PSMD6,9861,gene/protein,0.194574017,4421.93939,3.29E-09,36
PSMD7,5713,gene/protein,0.193451157,3762.022025,3.45E-09,9
PSMD8,5714,gene/protein,0.185852295,2043.99307,3.22E-09,51
PSMD9,5715,gene/protein,0.176139683,7356.278818,3.75E-09,5
PSME2,5721,gene/protein,0.187675679,6737.943488,3.64E-09,6
PSME3,10197,gene/protein,0.208734256,12752.80021,5.06E-09,19
PSME4,23198,gene/protein,0.163760914,172.6209097,1.45E-09,36
PSMG1,8624,gene/protein,0.164731341,398.728229,1.86E-09,27
PSMG2,56984,gene/protein,0.16728839,1362.887415,1.61E-09,22
PSN9301,DB05001,drug,0.150646997,0,2.26E-12,15
psoriasis,5083,disease,11.66499822,3492.669925,0.00020456,53
psoriatic arthritis,11849,disease,5.80920145,1.245610462,0.00042139,15
PSPC1,55269,gene/protein,0.189171824,10665.9607,7.72E-09,41
PSPH,5723,gene/protein,0.151401486,5499.16491,8.72E-10,4
PSRC1,84722,gene/protein,0.156703688,336.2588958,4.75E-10,47
PSTPIP1,9051,gene/protein,0.188511026,8441.749987,6.90E-09,13
psychologic dyspareunia,1196,disease,0.38922574,0,0.00023344,22
PT2977,DB15463,drug,0.150479808,0,5.02E-11,43
PTAFR,5724,gene/protein,0.161982864,4728.053357,1.80E-09,23
PTBP1,5725,gene/protein,0.184183963,6069.46378,5.88E-09,19
PTCD3,55037,gene/protein,0.16542794,1757.362056,2.49E-09,57
PTEN,5728,gene/protein,0.223208742,59979.39135,1.08E-08,38
PTGER1,5731,gene/protein,0.151555719,3901.171593,3.18E-10,1
PTGER3,5733,gene/protein,0.178517594,17447.44066,1.63E-09,22
PTGES3,10728,gene/protein,0.181874321,12854.7165,5.03E-09,14
PTGFR,5737,gene/protein,0.162703129,948.016886,1.68E-10,12
PTGIR,5739,gene/protein,0.189042669,24613.80272,1.70E-09,30
PTGIS,5740,gene/protein,0.152451063,6105.078633,2.46E-10,30
PTGR1,22949,gene/protein,0.152736967,4665.166495,9.06E-10,31
PTGR2,145482,gene/protein,0.157101676,4271.584057,4.24E-10,6
PTGS1,5742,gene/protein,0.152250894,57792.7252,2.20E-10,32
PTGS2,5743,gene/protein,0.170829336,169298.8117,5.17E-09,4
PTH,5741,gene/protein,0.157716239,5901.763251,7.04E-11,10
PTH1R,5745,gene/protein,0.183024566,19770.81801,2.40E-09,43
PTH2R,5746,gene/protein,0.15736328,939.060527,4.18E-11,36
PTK2,5747,gene/protein,0.232306548,54464.01974,1.77E-08,27
PTK2B,2185,gene/protein,0.229178876,53470.99115,1.63E-08,14
PTK7,5754,gene/protein,0.158958085,825.6922752,2.10E-09,31
PTMA,5757,gene/protein,0.186164248,6458.164246,6.29E-09,51
PTMS,5763,gene/protein,0.160297482,678.6973004,2.17E-09,24
PTN,5764,gene/protein,0.207847929,17221.53714,3.16E-09,14
p-Toluenesulfonic acid,DB03120,drug,0.153304794,0,1.53E-11,12
PTP4A1,7803,gene/protein,0.161248846,1230.59957,2.71E-09,57
PTPN1,5770,gene/protein,0.209621761,318833.256,1.32E-08,30
PTPN11,5781,gene/protein,0.232472434,54147.19985,1.62E-08,15
PTPN12,5782,gene/protein,0.183165617,16721.95892,4.47E-09,57
PTPN13,5783,gene/protein,0.162756589,1578.970047,2.19E-09,43
PTPN14,5784,gene/protein,0.164083846,1614.182006,2.96E-09,4
PTPN22,26191,gene/protein,0.156900078,76.82297867,2.68E-09,11
PTPN6,5777,gene/protein,0.229283968,60972.16325,1.55E-08,30
PTPN7,5778,gene/protein,0.158615801,867.0400135,1.98E-09,51
PTPRA,5786,gene/protein,0.162770151,2905.077302,2.85E-09,24
PTPRB,5787,gene/protein,0.15942168,22194.45186,2.79E-09,30
PTPRJ,5795,gene/protein,0.180429033,10109.76006,1.01E-08,39
PTPRK,5796,gene/protein,0.191703608,31739.45584,2.89E-09,21
PTPRN2,5799,gene/protein,0.153272418,120.5261076,1.07E-09,46
PTPRS,5802,gene/protein,0.17033648,10572.79069,1.96E-09,50
PTPRZ1,5803,gene/protein,0.164267301,1586.160571,5.12E-09,32
PTRH2,51651,gene/protein,0.166205527,3834.192735,2.35E-09,39
PTS,5805,gene/protein,0.156819589,6674.278862,1.07E-09,32
Puerarin,DB12290,drug,0.155031785,0,3.81E-05,18
PU-H71,DB12638,drug,0.191246377,0.019387545,2.71E-05,3
pulmonary embolism (disease),5279,disease,1.008138308,0,0.00020228,31
pulmonary eosinophilia,4802,disease,2.030866941,0,0.00016509,50
pulmonary tuberculosis,6052,disease,0.416012611,0,0.00025111,13
PUM3,9933,gene/protein,0.18232967,2122.623192,3.49E-09,51
Purine Riboside-5'-Monophosphate,DB03726,drug,0.15112218,0,2.20E-12,39
Puromycin,DB08437,drug,1.27483146,76701.00079,0.016810191,16
PUROMYCIN AMINONUCLEOSIDE-5'-MONOPHOSPHATE,DB04602,drug,0.150696982,0,2.38E-11,40
purpura fulminans,809,disease,2.776425738,2,6.48E-05,32
Purvalanol,DB02733,drug,0.152080241,0,7.83E-10,54
Purvalanol A,DB04751,drug,0.151682798,0,3.38E-10,47
PUS1,80324,gene/protein,0.157674237,730.873567,1.53E-09,31
PUS10,150962,gene/protein,0.15367231,372.6806274,5.62E-10,55
PUSL1,126789,gene/protein,0.157779646,549.2656196,4.99E-10,13
pustular psoriasis,22205,disease,3.466092026,0.108517013,1.91E-06,49
Putrescine,DB01917,drug,0.155312039,0,1.51E-10,36
PVALB,5816,gene/protein,0.152518101,760.5726705,4.64E-10,5
PVR,5817,gene/protein,0.185796981,8113.274599,8.39E-10,4
PWP1,11137,gene/protein,0.162353061,695.8866801,3.44E-09,15
PX-12,DB05448,drug,0.150613515,0,2.40E-11,9
PX-478,DB06082,drug,0.15039754,0,1.93E-10,34
PXK,54899,gene/protein,0.162301054,955.490655,2.77E-09,4
PXN,5829,gene/protein,0.210593044,18050.0144,1.38E-08,13
PYCARD,29108,gene/protein,0.168759402,2203.70072,3.06E-09,47
PYCR1,5831,gene/protein,0.158279043,1148.981159,2.33E-09,23
pyelonephritis,6939_1110,disease,0.334779173,0,9.02E-05,8
PYGL,5836,gene/protein,0.155947622,786.168938,1.11E-09,23
PYGM,5837,gene/protein,0.159727296,236758.6362,1.25E-09,45
pyoderma gangrenosum,18824,disease,0.242439758,0,2.88E-05,54
Pyrantel,DB11156,drug,1.904899319,17205.17264,0.029379427,28
Pyrazinamide,DB00339,drug,1.079046856,702.1860435,0.016608157,26
Pyrazolam,DB14718,drug,0.99594897,8.481282091,0.015775779,28
Pyrazolanthrone,DB01782,drug,0.151945373,0,3.54E-10,54
Pyrazole,DB02757,drug,0.15503086,0,4.44E-10,50
Pyrazoloacridine,DB12549,drug,0.191246377,0.019387545,2.71E-05,17
Pyrethrum extract,DB11087,drug,0.150431585,0,8.55E-11,38
Pyridostigmine,DB00545,drug,0.514241295,1092.03473,0.00584242,52
Pyridoxal,DB00147,drug,0.157594124,0,7.31E-12,32
Pyridoxal phosphate,DB00114,drug,0.259052792,0,2.70E-10,32
Pyridoxamine-5'-Phosphate,DB02142,drug,0.161123103,0,1.65E-11,5
Pyridoxine,DB00165,drug,1.067510043,6673.547093,0.016361592,52
Pyridoxine phosphate,DB02209,drug,0.15149791,0,3.19E-11,24
Pyrimethamine,DB00205,drug,0.443540249,1951.848857,0.00387387,59
"PYRIMIDINE-4,6-DICARBOXYLIC ACID BIS-(3-METHYL-BENZYLAMIDE)",DB04759,drug,0.150756794,0,6.91E-12,41
"PYRIMIDINE-4,6-DICARBOXYLIC ACID BIS-(4-FLUORO-3-METHYL-BENZYLAMIDE)",DB04760,drug,0.150756794,0,6.91E-12,53
"PYRIMIDINE-4,6-DICARBOXYLIC ACID BIS-[(PYRIDIN-3-YLMETHYL)-AMIDE]",DB04761,drug,0.150756794,0,6.91E-12,49
Pyrithiamine Pyrophosphate,DB04768,drug,0.150884754,0,3.76E-12,53
Pyrithione,DB06815,drug,1.062226639,55.0414701,0.01658209,7
Pyrithyldione,DB13331,drug,0.99594897,8.481282091,0.015775779,25
Pyronaridine,DB12975,drug,0.190267151,8.027578354,0.00073082,53
Pyrophosphoric acid,DB04160,drug,0.281828446,63.30447025,0.00034878,59
Pyroquilon,DB02756,drug,0.173128295,0,0.00028569,0
Pyrrobutamine,DB13846,drug,0.162007157,0.01159737,0.00015771,0
Pyrrolnitrin,DB13603,drug,0.173128295,0,0.00028569,0
Pyruvaldehyde,DB03587,drug,0.216501318,5.916163259,1.40E-05,48
Pyruvic acid,DB00119,drug,0.178274057,0,1.88E-10,43
PZP,5858,gene/protein,0.154023278,489.6922956,1.51E-10,30
Q fever,19186,disease,0.54894605,0,0.00011059,19
QPCT,25797,gene/protein,0.153784711,11192.87433,5.10E-11,14
QR-333,DB05533,drug,0.152372549,0,6.88E-12,46
QTRT1,81890,gene/protein,0.161611079,1281.302898,2.09E-09,40
Quazepam,DB01589,drug,1.414849091,3551.965942,0.02136514,7
Quercetin,DB04216,drug,0.57145186,64890.08063,0.00447659,48
Quetiapine,DB01224,drug,2.893078767,45818.47813,0.03932779,25
Quifenadine,DB13713,drug,0.202018799,11.01684417,0.00065461,21
Quinacrine,DB01103,drug,0.563727857,5478.202493,0.00624562,26
Quinagolide,DB09097,drug,0.342443191,169.5994485,0.00256502,59
Quinalizarin,DB08660,drug,0.15041342,0,2.01E-10,38
Quinapril,DB00881,drug,1.389702453,11307.75028,0.018225552,16
Quinaprilat,DB14217,drug,1.193958845,4069.71625,0.01635665,7
Quinestrol,DB04575,drug,1.034905904,19283.76768,0.004197,42
Quinethazone,DB01325,drug,1.527287446,8831.301925,0.02129554,44
Quinfamide,DB12780,drug,0.15,0,3.99E-71,53
Quingestanol,DB13685,drug,0.84319816,3142.016433,0.00693298,59
Quingestanol acetate,DB14679,drug,0.312899617,89.021994,0.00130856,52
Quinidine,DB00908,drug,3.366886652,86012.90248,0.041201349,28
Quinidine barbiturate,DB01346,drug,0.154115479,0,8.06E-11,32
Quinine,DB00468,drug,2.992724798,62159.94676,0.03504185,58
Quinisocaine,DB13683,drug,0.173126322,3.189951264,8.97E-06,0
Quinoline Yellow WS,DB14231,drug,1.021344186,2633.576,0.013879846,7
"Quinonoid 7,8-Tetrahydrobiopterin",DB02562,drug,0.155169889,0,2.60E-12,45
Quinupramine,DB13246,drug,1.721829747,5335.81673,0.026128512,28
Quinupristin,DB01369,drug,0.40507826,29.25893245,0.00368827,2
Quisqualic acid,DB02999,drug,0.151235531,0,5.63E-11,51
Quizartinib,DB12874,drug,0.150569407,0,6.78E-11,27
"R,S-Warfarin alcohol",DB08735,drug,0.69845425,1154.310454,0.00682241,26
R048-8071,DB02016,drug,0.150707466,0,1.07E-11,49
R1295,DB05122,drug,0.151887879,0,1.27E-10,19
R-1487,DB06518,drug,0.150382517,0,1.90E-10,11
"R-2-{[4'-Methoxy-(1,1'-Biphenyl)-4-Yl]-Sulfonyl}-Amino-6-Methoxy-Hex-4-Ynoic Acid",DB04416,drug,0.150507551,0,9.27E-12,31
R-306465,DB12382,drug,0.1927301,0.019387545,3.98E-05,3
R-348,DB06321,drug,0.150499766,0,8.05E-11,57
R411,DB05468,drug,0.150692731,0,2.56E-11,53
R450,DB05469,drug,0.152427826,0,1.80E-11,21
R667,DB05467,drug,0.150573576,0,6.41E-11,49
R673,DB05466,drug,0.150916897,0,7.71E-12,43
RAB11A,8766,gene/protein,0.219291129,24732.5924,1.01E-08,31
RAB11B,9230,gene/protein,0.18414441,8164.446312,2.67E-09,27
RAB11FIP1,80223,gene/protein,0.183454534,1118.321416,1.02E-09,14
RAB11FIP3,9727,gene/protein,0.166647635,227.767909,5.45E-10,5
RAB14,51552,gene/protein,0.170003236,1724.51139,3.44E-09,15
RAB21,23011,gene/protein,0.157572884,483.957681,1.29E-09,14
RAB31,11031,gene/protein,0.161163008,494.0903898,3.66E-10,56
RAB37,326624,gene/protein,0.156591664,552.4199111,1.29E-09,57
RAB3D,9545,gene/protein,0.15729749,812.1576305,1.58E-10,20
RAB43,339122,gene/protein,0.156404158,21.3310627,3.18E-10,4
RAB4A,5867,gene/protein,0.173781252,4361.017081,2.83E-09,47
RAB5A,5868,gene/protein,0.179495579,10310.50083,2.76E-09,53
RAB5B,5869,gene/protein,0.177311223,6602.877624,2.49E-09,29
RAB5C,5878,gene/protein,0.226036266,21278.79538,4.51E-09,46
RAB7A,7879,gene/protein,0.200427373,10972.13506,4.66E-09,14
RAB8B,51762,gene/protein,0.167422656,8450.195609,2.56E-09,19
RAB9A,9367,gene/protein,0.161125213,610.0719852,1.26E-09,10
Rabeprazole,DB01129,drug,1.879753837,16156.19264,0.026124731,16
RABGGTA,5875,gene/protein,0.162936954,3090.192867,1.79E-09,38
RABGGTB,5876,gene/protein,0.173343975,6408.060355,2.37E-09,9
"Rabies virus inactivated antigen, A",DB10283,drug,0.542895201,132.4464885,0.0036127,44
"Rabies virus inactivated antigen, B",DB10062,drug,0.542895201,132.4464885,0.0036127,17
Rabusertib,DB11662,drug,0.191246377,0.019387545,2.71E-05,3
RAC1,5879,gene/protein,0.222064628,60250.65241,1.35E-08,4
Racementhol,DB14123,drug,0.15,0,3.99E-71,9
Racephedrine,DB14752,drug,0.325184601,8.992955855,0.00367033,2
Racepinephrine,DB11124,drug,1.421975504,17099.26082,0.018153249,7
RACGAP1,29127,gene/protein,0.190431849,5040.260528,3.96E-09,53
Raclopride,DB12518,drug,1.064419755,483.888186,0.01644379,7
Racotumomab,DB13045,drug,0.775447143,2.711075215,0.00104473,7
Ractopamine,DB11541,drug,0.933929739,12775.56217,0.015008718,16
RAD1,5810,gene/protein,0.160667296,427.874474,1.75E-09,47
RAD21,5885,gene/protein,0.54617457,549124.2711,1.79E-08,30
RAD23A,5886,gene/protein,0.195905697,9272.125852,5.96E-09,46
RAD23B,5887,gene/protein,0.19644795,5120.366754,4.78E-09,45
RAD50,10111,gene/protein,0.172939404,2324.27607,3.85E-09,22
RAD51,5888,gene/protein,0.201219732,18561.974,1.23E-08,9
RAD51C,5889,gene/protein,0.1561268,584.9150911,8.99E-10,19
Radezolid,DB12339,drug,0.183690998,1771.193566,0.00033501,3
Radicicol,DB03758,drug,0.221683885,5258.805746,0.00053892,2
Radium Ra 223 dichloride,DB08913,drug,0.191246377,145.642179,2.71E-05,31
Radotinib,DB12323,drug,0.19615757,205.8293007,0.00025323,59
RAF1,5894,gene/protein,0.258022496,95401.60922,1.49E-08,20
RAF-265,DB05984,drug,0.150864404,0,1.79E-10,31
RAG1,5896,gene/protein,0.163433679,268.6454647,2.46E-09,24
RAG2,5897,gene/protein,0.155258331,12.53437079,1.36E-09,21
Ragaglitazar,DB06533,drug,0.150783624,0,2.29E-10,15
RAI1,10743,gene/protein,0.160261012,950.7573238,1.38E-09,10
RALA,5898,gene/protein,0.180372968,11098.20224,2.48E-09,10
RALB,5899,gene/protein,0.159955382,840.0927527,1.54E-09,55
RALBP1,10928,gene/protein,0.195602242,63026.38217,5.12E-09,23
RALGAPA1,253959,gene/protein,0.158301045,481.1685152,9.01E-10,54
RALGAPB,57148,gene/protein,0.156845268,343.6890791,1.05E-09,50
RALGDS,5900,gene/protein,0.166168985,1375.159672,2.41E-09,22
Raloxifene,DB00481,drug,0.80613419,9225.128027,0.00838777,18
Raltegravir,DB06817,drug,0.576648362,5075.032344,0.00289029,26
Raltitrexed,DB00293,drug,0.933720209,5073.38218,0.00586835,17
RALY,22913,gene/protein,0.189685294,7446.45131,4.62E-09,14
Ramatroban,DB13036,drug,0.698629751,358.7226759,0.00750624,53
Ramelteon,DB00980,drug,2.208229033,11798.71594,0.03299849,28
Ramipril,DB00178,drug,1.213083508,7384.902396,0.01669729,7
Ramiprilat,DB14208,drug,1.193958845,4069.71625,0.01635665,25
Ramoplanin,DB04952,drug,0.183010588,1.635162339,0.00033501,59
Ramosetron,DB09290,drug,1.345451404,3130.586089,0.019905039,7
Ramucirumab,DB05578,drug,0.819523909,9657.405869,0.00107224,9
RAN,5901,gene/protein,0.201067626,13154.86638,7.34E-09,46
RANBP1,5902,gene/protein,0.178038301,3712.507876,6.07E-09,5
RANBP2,5903,gene/protein,0.199853479,11264.82719,7.16E-09,36
RANBP9,10048,gene/protein,0.204376795,35057.92829,8.39E-09,22
Ranibizumab,DB01270,drug,0.794577853,14322.69449,0.00111981,34
Ranimustine,DB13832,drug,0.191246377,0.019387545,2.71E-05,2
Ranirestat,DB05327,drug,0.152372549,0,6.88E-12,34
Ranitidine,DB00863,drug,1.911392669,21605.83355,0.024851298,7
Ranolazine,DB00243,drug,2.133396849,31678.50686,0.02812276,16
Ranpirnase,DB04950,drug,0.191246377,0.019387545,2.71E-05,17
RAP1A,5906,gene/protein,0.186949039,8929.50286,6.26E-09,41
RAP1B,5908,gene/protein,0.191996602,10884.49875,8.42E-09,57
RAP1GAP,5909,gene/protein,0.174827854,15219.86158,8.32E-09,4
RAP1GDS1,5910,gene/protein,0.296957185,64051.20254,3.10E-08,24
Rapacuronium,DB04834,drug,1.629405844,8315.518253,0.022109418,58
RAPGEF3,10411,gene/protein,0.158580903,633.2934869,1.30E-09,34
RAPGEF5,9771,gene/protein,0.162771261,782.0844105,6.86E-10,20
RAPGEF6,51735,gene/protein,0.153827101,103.8482835,4.06E-10,46
RARA,5914,gene/protein,0.215760088,52047.11449,1.29E-08,19
RARB,5915,gene/protein,0.164894145,12310.70502,3.15E-09,14
RARG,5916,gene/protein,0.180845143,53346.50043,8.22E-09,23
RASA3,22821,gene/protein,0.151847514,1.990846672,1.52E-09,51
RASA4CP,401331,gene/protein,0.150941697,0,1.02E-10,30
Rasagiline,DB01367,drug,2.555577907,30074.93254,0.03657501,28
Rasburicase,DB00049,drug,0.163412681,7.558586362,0.00028911,45
RASGRF1,5923,gene/protein,0.155413379,74.37991094,2.33E-09,57
RASGRP2,10235,gene/protein,0.152611059,81.95246674,3.87E-10,41
RASGRP3,25780,gene/protein,0.158952339,1197.18233,8.32E-10,20
RASSF1,11186,gene/protein,0.203133078,17861.246,8.70E-09,14
Rauwolfia serpentina root,DB09363,drug,0.896099056,669.3686508,0.013790916,16
RAVER1,125950,gene/protein,0.163084512,2597.904191,1.81E-09,13
Ravuconazole,DB06440,drug,0.319465718,97.08879491,0.00234616,52
Ravulizumab,DB11580,drug,1.172810991,9630.997861,0.00436901,42
Raxibacumab,DB08902,drug,0.775447143,2.711075215,0.00104473,25
Raynaud disease,8364,disease,0.181582974,0,0.000157,38
RB1,5925,gene/protein,0.265308633,88957.3481,2.15E-08,14
RBBP4,5928,gene/protein,0.209934901,15232.14751,8.57E-09,45
RBBP6,5930,gene/protein,0.192376025,13954.9848,4.84E-09,40
RBBP7,5931,gene/protein,0.188299614,4513.472774,5.98E-09,49
RBBP8,5932,gene/protein,0.167653691,2396.051846,3.27E-09,45
RBBP8NL,140893,gene/protein,0.151687548,30.3692888,5.21E-10,6
RBCK1,10616,gene/protein,0.18796344,6759.5278,5.15E-09,30
RBFA,79863,gene/protein,0.1643583,789.1939446,2.09E-10,46
RBL1,5933,gene/protein,0.180947706,8350.752881,5.57E-09,50
RBL2,5934,gene/protein,0.182089078,5525.52501,5.08E-09,4
RBM15,64783,gene/protein,0.166280148,840.1057066,3.18E-09,45
RBM18,92400,gene/protein,0.152173097,57.15681016,5.03E-10,46
RBM19,9904,gene/protein,0.155654827,305.7276895,7.06E-10,15
RBM24,221662,gene/protein,0.166478145,1088.921759,3.94E-10,33
RBM25,58517,gene/protein,0.161958878,2103.669608,2.49E-09,22
RBM26,64062,gene/protein,0.162986775,601.6220652,2.89E-09,36
RBM28,55131,gene/protein,0.17148683,1780.118931,2.96E-09,19
RBM3,5935,gene/protein,0.170615714,1251.513351,1.85E-09,29
RBM34,23029,gene/protein,0.188817492,2891.982302,2.22E-09,24
RBM39,9584,gene/protein,0.200930609,14849.2093,8.21E-09,19
RBM4,5936,gene/protein,0.214427772,28693.66838,4.57E-09,22
RBM45,129831,gene/protein,0.161247939,825.367554,1.13E-09,8
RBM46,166863,gene/protein,0.15092529,1.179564955,3.22E-10,13
RBM48,84060,gene/protein,0.187373935,5139.673863,1.98E-09,54
RBM8A,9939,gene/protein,0.185746465,5043.852797,3.05E-09,39
RBMX,27316,gene/protein,0.198071941,8980.96799,4.83E-09,38
RBMY1J,378951,gene/protein,0.168377718,464.3665717,6.79E-10,47
RBP1,5947,gene/protein,0.155243156,1033.002771,4.23E-10,30
RBP3,5949,gene/protein,0.156597299,1866.366532,1.33E-10,56
RBP4,5950,gene/protein,0.157492997,14434.80123,4.95E-10,14
RBP5,83758,gene/protein,0.153319029,745.3089526,5.06E-10,39
RBPJ,3516,gene/protein,0.172983965,3619.26936,4.80E-09,4
RC3H2,54542,gene/protein,0.156468383,936.6907349,1.61E-09,38
RCAN1,1827,gene/protein,0.172231506,8961.897399,2.89E-09,21
RCC1,1104,gene/protein,0.201334816,8645.002512,8.94E-09,22
RCHY1,25898,gene/protein,0.226846749,57398.33588,4.61E-09,49
RCL1,10171,gene/protein,0.154332281,133.9396194,1.58E-09,13
RDH13,112724,gene/protein,0.156718455,1652.507298,2.91E-10,38
RDX,5962,gene/protein,0.175616936,6091.633895,2.23E-09,34
Rebamipide,DB11656,drug,0.15,0,3.99E-71,27
Rebastinib,DB13005,drug,0.191246377,0.019387545,2.71E-05,2
Reboxetine,DB00234,drug,1.187021253,1182.353672,0.018707168,28
Recombinant alpha 1-antitrypsin,DB05481,drug,0.150584783,0,2.55E-11,43
RECQL4,9401,gene/protein,0.16788793,1931.654924,2.87E-09,4
recurrent pneumonia (disease),5936,disease,2.510385209,2.030251518,8.83E-05,22
Refanezumab,DB14908,drug,0.777907291,9.850502048,0.00104514,42
Regadenoson,DB06213,drug,0.203779929,20.91284887,0.00044164,59
Reglitazar,DB04971,drug,0.150783624,0,2.29E-10,31
Regorafenib,DB08896,drug,1.505519165,58820.85999,0.01705713,18
Regramostim,DB05386,drug,0.52298925,1869.053829,0.00586919,52
Regrelor,DB05553,drug,0.151344675,0,2.61E-12,24
Reidispongiolide A,DB04774,drug,0.150433626,0,7.89E-11,57
Reidispongiolide C,DB04775,drug,0.150433626,0,7.89E-11,8
REL,5966,gene/protein,0.278102824,99637.75078,8.97E-09,1
"REL-(9R,12S)-9,10,11,12-TETRAHYDRO-9,12-EPOXY-1H-DIINDOLO[1,2,3-FG:3',2',1'-KL]PYRROLO[3,4-I][1,6]BENZODIAZOCINE-1,3(2H)-DIONE",DB08683,drug,0.150468148,0,8.93E-11,41
RELA,5970,gene/protein,0.314155737,316349.0371,2.30E-08,35
Relacatib,DB06367,drug,0.151079281,0,1.82E-12,6
relapsing fever,19633,disease,0.177798792,0,0.00012048,11
RELB,5971,gene/protein,0.184165137,7824.043721,5.06E-09,4
Relcovaptan,DB13929,drug,0.700523017,2667.817894,0.00750624,2
Relebactam,DB12377,drug,0.344688815,290.6493137,0.00193373,48
RELL2,285613,gene/protein,0.160337911,489.4876579,5.04E-10,36
RELN,5649,gene/protein,0.153323238,118.2521371,5.83E-10,30
Relugolix,DB11853,drug,0.74695619,1583.735573,0.00844275,2
Remacemide,DB06458,drug,1.368228288,3338.502135,0.019490995,7
Remdesivir,DB14761,drug,0.671324621,1134.818872,0.00571789,2
Remifentanil,DB00899,drug,1.780223988,9911.752745,0.02678142,28
Remikiren,DB00212,drug,0.897559363,1000.590561,0.013818362,28
Remimazolam,DB12404,drug,1.074697571,1551.929279,0.01632938,7
Remogliflozin etabonate,DB12935,drug,0.929386005,1399.329136,0.010335244,58
Remoxipride,DB00409,drug,1.341820362,3286.432488,0.02044394,7
REN,5972,gene/protein,0.151980778,70234.02271,4.83E-11,1
renal cell adenocarcinoma,5549,disease,16.67241748,1,0.00018222,9
renal cell carcinoma (disease),5086,disease,17.97075155,124.2025557,0.00018225,39
renal tubular acidosis,8369_11422_9967_8368_15827_17828_1909_18440_17829,disease,0.390030876,0,3.45E-05,51
Renzapride,DB04917,drug,1.019240724,667.3217421,0.016020052,28
REP15,387849,gene/protein,0.15156038,30.8561166,1.31E-10,20
Repaglinide,DB00912,drug,1.368965051,10166.62353,0.014906654,52
REPIN1,29803,gene/protein,0.160742446,467.7051701,1.67E-09,19
Repinotan,DB06506,drug,0.598164619,72.91335137,0.00830638,16
Reposal,DB13805,drug,0.99594897,8.481282091,0.015775779,28
Reproterol,DB12846,drug,0.9350091,375.872375,0.015024072,54
REPS1,85021,gene/protein,0.168690995,2294.671289,2.25E-09,14
Resatorvid,DB05943,drug,0.15119485,0,9.42E-11,11
Rescinnamine,DB01180,drug,1.196959041,4353.633842,0.016409381,52
Reserpine,DB00206,drug,2.507158494,38707.2259,0.03568805,28
Resiniferatoxin,DB06515,drug,0.150695953,0,1.02E-11,19
Resiquimod,DB06530,drug,0.15274287,0,9.40E-12,41
Reslizumab,DB06602,drug,0.778614683,912.3962022,0.00104514,34
Resolvin E1,DB13105,drug,0.151523777,0,1.55E-05,29
Resorcinol,DB11085,drug,1.123324586,3553.004827,0.016437172,12
REST,5978,gene/protein,0.270410431,196995.7204,9.55E-09,35
restless legs syndrome,5391,disease,0.301119879,0,0.00015285,45
Resveratrol,DB02709,drug,1.235268552,145224.485,0.014545438,2
RET,5979,gene/protein,0.18700449,27552.90537,1.22E-08,49
Retapamulin,DB01256,drug,0.655188046,528.5493389,0.00656794,18
Reteplase,DB00015,drug,1.161863517,8199.047947,0.010692062,16
retinal artery occlusion,2303_6948_6951_2089_41093_1630_1633_2088,disease,3.106291714,191.6941352,2.07E-05,24
retinopathy of prematurity,6952,disease,0.659225247,0,1.08E-06,24
retrograde amnesia,3040,disease,2.617372735,0,1.70E-09,31
Revefenacin,DB11855,drug,1.780764507,18957.18701,0.024039024,7
Reversin 121,DB14072,drug,0.150201042,0,1.55E-11,54
Reversine,DB07340,drug,0.150561454,0,7.74E-11,43
Reviparin,DB09259,drug,1.364398882,7089.668486,0.013962087,12
REXO2,25996,gene/protein,0.152269259,86.70446913,9.48E-10,56
Reye syndrome,5942,disease,1.84958406,0,6.22E-05,51
RFC4,5984,gene/protein,0.169745599,1553.147742,4.79E-09,55
RFESD,317671,gene/protein,0.151830969,19.62573033,5.04E-10,10
RFFL,117584,gene/protein,0.15857781,313.5913184,2.45E-09,22
RFX6,222546,gene/protein,0.168470253,878.9440734,7.36E-10,4
RGCC,28984,gene/protein,0.155576971,92.73297747,1.38E-09,6
RGS10,6001,gene/protein,0.17410733,1732.570571,7.21E-09,4
RGS11,8786,gene/protein,0.15556255,168.9889868,1.18E-09,55
RGS13,6003,gene/protein,0.154349258,41.82371846,1.22E-09,36
RGS14,10636,gene/protein,0.159626549,728.4314933,1.58E-09,53
RGS18,64407,gene/protein,0.153003046,76.03805446,4.19E-10,10
RGS19,10287,gene/protein,0.169627673,1690.308913,6.27E-09,54
RGS2,5997,gene/protein,0.180540589,13787.97468,2.71E-09,30
RGS7,6000,gene/protein,0.158073884,195.4615533,2.18E-09,31
RH-1,DB04090,drug,0.150590428,0,1.90E-11,11
RHCG,51458,gene/protein,0.152803726,5404.346435,1.58E-11,9
RHEB,6009,gene/protein,0.170979356,5873.719009,3.95E-09,33
Rhein,DB13174,drug,0.777114245,6606.325022,0.010940284,26
rheumatoid arthritis,8383,disease,18.85440091,2590.478348,0.00151775,46
rhIGFBP-3,DB05897,drug,0.150408192,0,1.16E-10,24
rhinitis,3014_4514,disease,3.471336419,25.1215631,0.0002559,54
RHO,6010,gene/protein,0.15927165,41303.90043,1.86E-09,57
RHOA,387,gene/protein,0.211729111,30185.7906,1.09E-08,23
RHOBTB3,22836,gene/protein,0.169856809,6545.390388,2.53E-09,43
RHOD,29984,gene/protein,0.156498036,660.8452246,6.76E-10,41
Rhodamine 6G,DB03825,drug,0.192115826,59.2565992,2.71E-05,54
RI 624,DB05892,drug,0.778826716,776.9768251,0.00104514,28
Ribavirin,DB00811,drug,1.096976277,11878.70687,0.016443152,52
Ribociclib,DB11730,drug,1.27008446,15965.23284,0.014737381,2
Riboflavin,DB00140,drug,0.258330979,430.4358258,0.00049547,48
Ribose-1-Phosphate,DB03101,drug,0.150792162,0,1.80E-11,12
Ribostamycin,DB03615,drug,1.234893336,10730.46973,0.016800341,16
Richter syndrome,2083,disease,1.841818954,0,0.00017148,38
Ricinoleic Acid,DB02955,drug,0.15450951,0,1.21E-11,21
Ricolinostat,DB12376,drug,0.643760274,691.9590584,0.00725559,58
RICTOR,253260,gene/protein,0.182885917,5306.758605,4.53E-09,19
Ridaforolimus,DB06233,drug,0.573179489,2565.424364,0.00500723,2
Ridogrel,DB01207,drug,0.704779355,2134.32172,0.00750624,59
RIF1,55183,gene/protein,0.214122987,28660.50257,4.69E-09,30
Rifabutin,DB00615,drug,0.74074088,8509.516253,0.00849485,18
Rifalazil,DB04934,drug,0.19516294,5.214468766,0.00049408,2
Rifampicin,DB01045,drug,1.426034919,16663.20827,0.015349794,2
Rifamycin,DB11753,drug,1.307056613,4653.593832,0.01623414,2
Rifapentine,DB01201,drug,0.76666772,749.9087346,0.00914708,59
Rifaximin,DB01220,drug,0.823188743,3882.176043,0.00929874,2
Rigosertib,DB12146,drug,0.191246377,0.019387545,2.71E-05,17
Rilmenidine,DB11738,drug,1.044087587,1492.251803,0.01644856,16
Rilonacept,DB06372,drug,1.457038294,15872.91101,0.01723432,17
Rilotumumab,DB11972,drug,0.816612509,1418.211261,0.00107183,25
Rilpivirine,DB08864,drug,1.205791648,4657.073699,0.014826597,16
Riluzole,DB00740,drug,1.555447042,10116.08851,0.02133084,7
Rimegepant,DB12457,drug,0.781731338,4736.083456,0.00697704,30
Rimexolone,DB00896,drug,0.451551648,1969.136136,0.00258155,3
Rimiducid,DB04974,drug,0.150424044,0,8.88E-11,24
Rimiterol,DB13559,drug,0.93355029,239.7048095,0.015008717,7
Rimonabant,DB06155,drug,1.119472327,786.2462148,0.01752417,16
Rindopepimut,DB05374,drug,0.58333036,4505.799177,0.00361265,2
Riociguat,DB08931,drug,2.076910064,71307.68394,0.019282552,7
RIOK1,83732,gene/protein,0.164187378,1265.428686,2.79E-09,34
Ripasudil,DB13165,drug,0.151041048,0.189668175,1.06E-10,39
RIPK1,8737,gene/protein,0.19712803,13242.91519,6.83E-09,9
RIPK2,8767,gene/protein,0.174060246,2644.634159,5.05E-09,31
RIPK3,11035,gene/protein,0.198205991,12174.56114,3.54E-09,13
RIPK4,54101,gene/protein,0.17224578,6019.622423,4.14E-09,8
Ripretinib,DB14840,drug,0.65340278,4023.19635,0.00582401,0
Risankizumab,DB14762,drug,1.174461663,11488.24364,0.00436901,44
Risdiplam,DB15305,drug,0.34302417,9546.364823,0.0003913,0
Risedronic acid,DB00884,drug,0.925615409,12530.26229,0.00688794,16
Risperidone,DB00734,drug,2.331588058,18888.19796,0.03284466,58
Ritanserin,DB12693,drug,1.688873373,6097.731525,0.02495323,58
Ritobegron,DB12080,drug,1.486953941,8915.569086,0.02020894,28
Ritodrine,DB00867,drug,1.131097579,3206.626981,0.016799562,7
Ritonavir,DB00503,drug,2.472756511,67271.78635,0.024093956,52
Rituximab,DB00073,drug,1.585300226,40947.76857,0.00960957,38
Rivanicline,DB05855,drug,0.152067201,0,3.75E-11,34
Rivaroxaban,DB06228,drug,2.094952847,28033.94551,0.02480137,17
Rivastigmine,DB00989,drug,0.628190468,2779.761665,0.00776243,8
Rivoceranib,DB14765,drug,0.191246377,0.019387545,2.71E-05,52
Rivoglitazone,DB09200,drug,1.177375245,3324.868466,0.01379779,52
Rizatriptan,DB00953,drug,2.04973013,8665.38793,0.03234683,38
RMDN1,51115,gene/protein,0.157087311,1329.888719,2.73E-10,53
RMDN2,151393,gene/protein,0.157251526,489.820725,7.37E-10,40
RMDN3,55177,gene/protein,0.195791326,10793.42898,2.72E-09,53
rNAPc2,DB06552,drug,0.155122291,0,1.60E-11,38
RNASE1,6035,gene/protein,0.153144614,96260.3249,2.75E-10,34
RNASE2,6036,gene/protein,0.150745076,116.5898286,1.71E-11,39
RNASE3,6037,gene/protein,0.159618227,5197.449856,8.79E-10,6
RNASE4,6038,gene/protein,0.161342344,5166.191035,1.75E-09,20
RNASE8,122665,gene/protein,0.152216862,1.13926222,2.70E-10,55
RNF11,26994,gene/protein,0.18490973,2680.308583,4.10E-09,41
RNF115,27246,gene/protein,0.168487468,3532.862615,2.80E-09,15
RNF139,11236,gene/protein,0.16746966,980.7398446,1.60E-09,56
RNF146,81847,gene/protein,0.168929305,517.7147285,2.41E-09,32
RNF149,284996,gene/protein,0.167114407,5428.895979,1.69E-09,22
RNF19A,25897,gene/protein,0.15763791,263.697793,1.92E-09,6
RNF19B,127544,gene/protein,0.175362407,16113.48004,2.29E-09,40
RNF2,6045,gene/protein,0.339329408,89075.04138,1.36E-08,5
RNF216,54476,gene/protein,0.165491375,1857.231623,2.05E-09,39
RNF26,79102,gene/protein,0.161386493,736.0673601,5.51E-10,57
RNF31,55072,gene/protein,0.18070902,7061.827352,4.63E-09,34
RNF4,6047,gene/protein,0.2132744,22714.11828,6.99E-09,11
RNF41,10193,gene/protein,0.171392463,3072.334821,1.96E-09,11
RNF7,9616,gene/protein,0.170664452,2294.011423,3.17E-09,36
RNF8,9025,gene/protein,0.187225136,6370.16649,3.87E-09,24
RNFT1,51136,gene/protein,0.153192731,115.1190067,7.43E-10,47
RNH1,6050,gene/protein,0.179694892,32344.35636,2.15E-09,4
RNPS1,10921,gene/protein,0.197644372,6531.972357,4.35E-09,36
Ro 12-7310,DB08455,drug,0.223794512,195.5854471,0.00050936,18
RO-4584820,DB08094,drug,0.150398889,0,1.68E-10,10
Robalzotan,DB06538,drug,0.150608962,0,2.53E-12,22
Robatumumab,DB12976,drug,0.775447143,2.711075215,0.00104473,42
Robenacoxib,DB11455,drug,1.914409318,7075.95204,0.02719879,58
ROBO3,64221,gene/protein,0.153684987,46.77116496,4.11E-10,5
Rocaglamide,DB15495,drug,0.151091374,0,9.41E-11,31
Rociletinib,DB11907,drug,0.191246377,0.019387545,2.71E-05,2
Rociverine,DB13581,drug,1.294008868,2320.705805,0.01898649,28
ROCK1,6093,gene/protein,0.190675268,17913.1648,9.02E-09,29
ROCK1P1,727758,gene/protein,0.208326489,11344.93642,1.05E-08,9
ROCK2,9475,gene/protein,0.169503404,16814.48097,4.54E-09,36
Rocuronium,DB00728,drug,1.69996247,11946.91409,0.022781977,25
Rofecoxib,DB00533,drug,2.468328427,20342.62509,0.03271483,7
Roflumilast,DB01656,drug,1.775120534,15796.08176,0.023239939,16
Rokitamycin,DB13409,drug,0.531509069,283.107659,0.0049801,52
Rolapitant,DB09291,drug,0.703296387,690.6275201,0.00874152,0
Rolicyclidine,DB01549,drug,0.152134954,0,1.03E-11,21
Rolipram,DB01954,drug,1.018590886,4483.71867,0.016021037,28
Rolitetracycline,DB01301,drug,0.594947738,2659.873486,0.00278554,16
Rolofylline,DB12670,drug,0.925690358,1499.422301,0.013236202,7
Romidepsin,DB06176,drug,1.438374095,45690.79181,0.016479329,52
Romifidine,DB11543,drug,1.476695886,1896.696013,0.023886683,25
Romiplostim,DB05332,drug,0.167911067,23.94785545,0.0001032,55
Romosozumab,DB11866,drug,0.776312217,5079.32152,0.00104473,42
Ronacaleret,DB05255,drug,0.150977742,0,1.45E-11,12
Ronifibrate,DB13460,drug,0.364684256,115.6421679,0.00220981,17
Rontalizumab,DB12844,drug,0.777907291,9.850502048,0.00104514,42
Ropeginterferon alfa-2b,DB15119,drug,0.390725397,530.8181748,0.0038436,0
Ropinirole,DB00268,drug,1.605690185,15558.02623,0.022773103,7
Ropivacaine,DB00296,drug,1.619990759,6781.66474,0.02385338,52
Roquinimex,DB11366,drug,0.20745307,32.39863117,0.00010186,52
ROR2,4920,gene/protein,0.175269103,2463.451419,7.95E-09,4
RORA,6095,gene/protein,0.171693583,11025.38676,3.27E-09,11
ROS1,6098,gene/protein,0.154400755,307.0309681,1.75E-09,53
Rose bengal,DB11182,drug,0.152897696,0,6.33E-11,9
Rosiglitazone,DB00412,drug,2.229833894,60378.2179,0.029197682,16
Rosoxacin,DB00817,drug,1.405847616,9540.771426,0.015364812,16
Rostaporfin,DB06659,drug,0.198626563,0,1.77E-05,0
Rosuvastatin,DB01098,drug,1.611485097,20982.45631,0.017084978,3
Rotavirus vaccine,DB10276,drug,0.541703096,129.3863876,0.00358552,44
Rotigotine,DB05271,drug,1.828779632,11840.37926,0.027722667,58
Rovalpituzumab Tesirine,DB13017,drug,0.777907291,9.850502048,0.00104514,25
ROX-888,DB05364,drug,0.150776364,0,9.71E-12,12
Roxadustat,DB04847,drug,0.152233807,0,5.62E-11,21
Roxarsone,DB11458,drug,0.183010588,1.635162339,0.00033501,18
Roxatidine acetate,DB08806,drug,0.34292658,583.382865,0.00142849,6
Roxithromycin,DB00778,drug,0.99353513,1392.051741,0.01224733,2
Rozanolixizumab,DB14919,drug,1.17047914,6914.369016,0.00436901,25
Rozrolimupab,DB05209,drug,0.775447143,2.711075215,0.00104473,42
RPA3,6119,gene/protein,0.169017213,776.93561,2.32E-09,27
RPAIN,84268,gene/protein,0.154871587,46.11443145,3.41E-11,46
RPAP3,79657,gene/protein,0.170197812,1022.719214,2.20E-09,12
RPE65,6121,gene/protein,0.152261309,5384.895723,8.90E-10,56
RPGRIP1,57096,gene/protein,0.163419978,422.1647302,5.12E-10,45
RPH3AL,9501,gene/protein,0.163127095,1330.77762,7.06E-10,13
RPI-78M,DB05740,drug,0.159015759,0,9.03E-12,27
RPIA,22934,gene/protein,0.166188161,8305.8836,1.82E-09,43
RPL10,6134,gene/protein,0.189780469,3565.3274,5.71E-09,53
RPL10A,4736,gene/protein,0.20300892,10007.47837,6.87E-09,22
RPL11,6135,gene/protein,0.205464825,26447.56997,6.76E-09,4
RPL12,6136,gene/protein,0.201079418,5777.537773,6.46E-09,31
RPL13,6137,gene/protein,0.192722192,5809.138396,5.93E-09,51
RPL13A,23521,gene/protein,0.178257928,7705.15526,4.49E-09,32
RPL13AP5,728658,gene/protein,0.155823568,37.76170469,1.71E-09,34
RPL14,9045,gene/protein,0.21592833,10715.64902,5.80E-09,14
RPL15,6138,gene/protein,0.268917548,49435.6468,8.52E-09,47
RPL18,6141,gene/protein,0.232091444,16225.80932,6.53E-09,29
RPL21,6144,gene/protein,0.192418667,2296.85829,5.97E-09,13
RPL21P28,100131205,gene/protein,0.151217995,0,4.83E-10,50
RPL22,6146,gene/protein,0.186121238,4369.69712,4.92E-09,32
RPL23,9349,gene/protein,0.21818318,35395.92149,6.28E-09,38
RPL23A,6147,gene/protein,0.202983554,14175.55174,7.06E-09,45
RPL27,6155,gene/protein,0.181221385,3397.938194,4.31E-09,12
RPL3,6122,gene/protein,0.18767541,9185.57418,5.44E-09,9
RPL30,6156,gene/protein,0.214333976,9265.054241,5.67E-09,32
RPL32,6161,gene/protein,0.183741111,1589.47284,4.30E-09,41
RPL35,11224,gene/protein,0.238671797,23325.03001,6.65E-09,49
RPL37,6167,gene/protein,0.163175875,14028.40681,2.99E-09,53
RPL37A,6168,gene/protein,0.217850246,6485.164273,5.02E-09,51
RPL41,6171,gene/protein,0.156588808,340.350076,1.54E-09,38
RPL5,6125,gene/protein,0.209792479,5629.078761,7.41E-09,14
RPL6,6128,gene/protein,0.225279019,11269.80883,7.50E-09,47
RPL7L1,285855,gene/protein,0.15875526,335.5478519,1.88E-09,31
RPL8,6132,gene/protein,0.197398398,9329.083947,6.29E-09,55
RPL9,6133,gene/protein,0.231701909,15045.49019,5.38E-09,46
RPLP0,6175,gene/protein,0.192584286,4283.709867,6.04E-09,8
RPLP2,6181,gene/protein,0.173201136,1740.048327,3.51E-09,51
RPN2,6185,gene/protein,0.180058437,5568.484334,2.51E-09,47
RPP30,10556,gene/protein,0.15287269,14.06966402,1.33E-09,54
RPR128515,DB04424,drug,0.151169173,0,2.36E-12,46
RPR131247,DB02744,drug,0.151169173,0,2.36E-12,54
RPS11,6205,gene/protein,0.19433648,5384.660243,7.22E-09,36
RPS12,6206,gene/protein,0.184437279,2282.447911,4.97E-09,40
RPS15A,6210,gene/protein,0.194430062,1336.790706,5.57E-09,21
RPS18,6222,gene/protein,0.17950401,5951.108149,4.85E-09,38
RPS19,6223,gene/protein,0.19448642,10619.48293,5.82E-09,20
RPS19BP1,91582,gene/protein,0.161260014,651.8551862,6.41E-10,34
RPS2,6187,gene/protein,0.22995789,18431.91229,9.05E-09,40
RPS24,6229,gene/protein,0.198325502,5935.928998,5.49E-09,8
RPS25,6230,gene/protein,0.185501309,1844.698343,4.70E-09,5
RPS27A,6233,gene/protein,0.211450986,11045.45277,7.21E-09,20
RPS28,6234,gene/protein,0.18756782,6144.100364,3.97E-09,14
RPS3,6188,gene/protein,0.224428337,20857.62901,1.02E-08,46
RPS3A,6189,gene/protein,0.21434128,11817.14615,7.56E-09,46
RPS5,6193,gene/protein,0.186890544,3069.293472,4.84E-09,15
RPS6,6194,gene/protein,0.217153457,10173.42352,8.98E-09,1
RPS6KA1,6195,gene/protein,0.198685018,15498.19251,8.90E-09,1
RPS6KA2,6196,gene/protein,0.202740544,9878.952331,9.52E-09,56
RPS6KA3,6197,gene/protein,0.191411907,25600.27481,8.63E-09,15
RPS6KA5,9252,gene/protein,0.19836754,9768.104849,1.29E-08,21
RPS6KB1,6198,gene/protein,0.206144099,17490.78093,9.25E-09,34
RPS6KB2,6199,gene/protein,0.172790497,1997.506262,5.01E-09,54
RPS8,6202,gene/protein,0.221317535,11291.21926,6.88E-09,56
RPSA,3921,gene/protein,0.220061309,22960.35257,7.87E-09,27
RPTOR,57521,gene/protein,0.191961672,8526.019185,8.54E-09,10
RPUSD1,113000,gene/protein,0.153998877,538.1661523,1.19E-09,50
RRAD,6236,gene/protein,0.158531262,636.0361172,2.52E-09,45
RRAS2,22800,gene/protein,0.171573816,2978.757485,4.99E-09,1
RRBP1,6238,gene/protein,0.238543765,23455.26839,6.43E-09,46
RRM1,6240,gene/protein,0.16652867,22291.12415,2.09E-09,30
RRM2,6241,gene/protein,0.167493814,14015.28375,2.88E-09,4
RRM2B,50484,gene/protein,0.159983423,1377.959447,2.49E-09,34
RRP1,8568,gene/protein,0.159087258,2985.077864,2.10E-09,19
RRP1B,23076,gene/protein,0.17274155,1427.672007,3.90E-09,36
RRP8,23378,gene/protein,0.188801123,2099.271428,1.94E-09,34
RSBN1,54665,gene/protein,0.15991886,457.8074858,1.32E-09,15
RSC1A1,6248,gene/protein,0.15470562,344.1559815,1.03E-09,20
RSL1D1,26156,gene/protein,0.195489879,23028.95098,3.17E-09,9
RSPH14,27156,gene/protein,0.184010683,4501.272232,5.57E-09,5
RSPRY1,89970,gene/protein,0.166963591,4590.258828,1.29E-09,9
RSRP1,57035,gene/protein,0.156847483,240.9634198,6.72E-10,27
RTA 744,DB05920,drug,0.150427338,0,8.45E-11,15
RTP5,285093,gene/protein,0.168074634,1292.727719,1.23E-09,6
RU78191,DB04080,drug,0.150381611,0,2.42E-10,40
RU78262,DB01947,drug,0.150381611,0,2.42E-10,43
RU78299,DB03828,drug,0.150381611,0,2.42E-10,45
RU78300,DB03306,drug,0.150381611,0,2.42E-10,46
RU78783,DB02908,drug,0.150381611,0,2.42E-10,21
RU79072,DB02762,drug,0.150381611,0,2.42E-10,41
RU79073,DB03525,drug,0.150381611,0,2.42E-10,6
RU79256,DB01866,drug,0.150381611,0,2.42E-10,8
RU82197,DB03268,drug,0.150381611,0,2.42E-10,39
RU82209,DB03591,drug,0.150381611,0,2.42E-10,5
RU83876,DB02336,drug,0.150381611,0,2.42E-10,21
RU84687,DB01678,drug,0.150381611,0,2.42E-10,39
RU85053,DB03712,drug,0.150381611,0,2.42E-10,45
RU85493,DB01908,drug,0.150381611,0,2.42E-10,57
RU90395,DB02432,drug,0.150381611,0,2.42E-10,34
Rubella virus vaccine,DB10317,drug,0.805374013,10187.06795,0.0044385,44
Rubidium Rb-82,DB09479,drug,0.157634293,0,3.08E-11,57
Rubitecan,DB06159,drug,0.191778238,181.8425093,2.71E-05,41
Rucaparib,DB12332,drug,1.662592491,26306.70681,0.01942065,2
Rufinamide,DB06201,drug,1.739190507,14550.08052,0.02320905,7
Rufloxacin,DB13772,drug,1.405847616,9540.771426,0.015364812,16
RUFY1,80230,gene/protein,0.16966543,2278.87219,1.81E-09,38
RUNX1,861,gene/protein,0.205075927,19795.19496,9.42E-09,11
RUNX1T1,862,gene/protein,0.194107195,13420.85384,4.77E-09,50
RUNX2,860,gene/protein,0.174804046,1971.790983,6.90E-09,20
Rupatadine,DB11614,drug,1.164474332,4479.923184,0.016204371,59
Ruplizumab,DB06475,drug,0.150976273,0,1.35E-11,54
Rusalatide acetate,DB11668,drug,0.30504197,168.6433361,0.00120876,52
RUSC1,23623,gene/protein,0.194250761,9289.783009,2.82E-09,32
Rutin,DB01698,drug,0.525833797,1344.275054,0.00571311,59
RUVBL1,8607,gene/protein,0.214404931,12435.91244,8.50E-09,41
RUVBL2,10856,gene/protein,0.215813984,17816.55362,1.01E-08,13
Ruxolitinib,DB08877,drug,2.1699358,35731.64418,0.026093854,7
RWJ-51084,DB03251,drug,0.151169173,0,2.36E-12,43
RWJ-56423,DB02812,drug,0.151169173,0,2.36E-12,11
RXFP1,59350,gene/protein,0.152234091,7.085169447,3.75E-10,10
RXFP4,339403,gene/protein,0.156790291,354.8084257,2.95E-10,36
RXRA,6256,gene/protein,0.286714523,225529.3215,1.83E-08,4
RXRB,6257,gene/protein,0.185703674,36800.35628,5.45E-09,14
RXRG,6258,gene/protein,0.168721721,5057.288017,2.41E-09,56
RYR1,6261,gene/protein,0.161203135,4854.587923,1.31E-09,15
RYR2,6262,gene/protein,0.15899475,1611.650803,8.57E-10,19
"S-(2,4-dinitrophenyl)glutathione",DB02458,drug,0.154024577,0,2.43E-12,55
S-(2-oxo)pentadecylcoa,DB02271,drug,0.150572222,0,9.97E-12,10
S-(4-BROMOBENZYL)CYSTEINE,DB08370,drug,0.150489017,0,3.33E-11,41
S-(4-nitrobenzyl)glutathione,DB03686,drug,0.150489017,0,3.33E-11,13
S-(D-Carboxybutyl)-L-Homocysteine,DB02337,drug,0.154795755,0,2.38E-13,55
S-(Dimethylarsenic)Cysteine,DB03963,drug,0.15226643,0,1.72E-10,53
S-(Methylmercury)-L-Cysteine,DB02750,drug,0.174437724,0,2.71E-11,43
S-(N-hydroxy-N-bromophenylcarbamoyl)glutathione,DB03889,drug,0.150973856,0,9.56E-12,47
S-(N-hydroxy-N-iodophenylcarbamoyl)glutathione,DB03330,drug,0.150649588,0,1.25E-11,47
"S,R-Warfarin alcohol",DB08736,drug,0.69845425,1154.310454,0.00682241,26
"S,S'-(1,3-Phenylene-Bis(1,2-Ethanediyl))Bis-Isothiourea",DB03910,drug,0.150376225,0,7.61E-11,15
"S,S'-(1,4-Phenylene-Bis(1,2-Ethanediyl))Bis-Isothiourea",DB02141,drug,0.150376225,0,7.61E-11,49
"S,S-(2-Hydroxyethyl)Thiocysteine",DB04530,drug,0.155017861,0,3.79E-10,39
"S-[(1-Hydroxy-2,2,5,5-tetramethyl-2,5-dihydro-1H-pyrrol-3-yl)methyl] methanesulfonothioate",DB08217,drug,0.151896658,0,8.03E-11,40
S-{2-[Amino(Dihydroxy)-Lambda~4~-Sulfanyl]Ethyl}-D-Cysteine,DB02689,drug,0.150752385,0,1.31E-11,55
S-{3-[(4-ANILINOQUINAZOLIN-6-YL)AMINO]-3-OXOPROPYL}-L-CYSTEINE,DB07602,drug,0.150380888,0,2.40E-10,43
S100A10,6281,gene/protein,0.186683198,13056.08783,4.08E-09,47
S100A11,6282,gene/protein,0.158868963,841.3750754,1.82E-09,45
S100A13,6284,gene/protein,0.161141294,8381.261036,1.82E-09,23
S100A9,6280,gene/protein,0.17745208,9174.47742,2.67E-09,33
S100B,6285,gene/protein,0.166144505,20374.76698,1.36E-09,30
S100P,6286,gene/protein,0.15766791,6019.4248,6.45E-10,21
S100PBP,64766,gene/protein,0.154110261,60.9701931,9.04E-10,41
S1PR1,1901,gene/protein,0.171879115,35591.31356,4.26E-09,33
S-2-(Boronoethyl)-L-Cysteine,DB03731,drug,0.150752385,0,1.31E-11,34
S-23,DB07419,drug,0.150367355,0,3.66E-10,51
S-3-(4-FLUOROPHENOXY)-2-HYDROXY-2-METHYL-N-[4-NITRO-3-(TRIFLUOROMETHYL)PHENYL]PROPANAMIDE,DB07769,drug,0.150367355,0,3.66E-10,39
S-4-Nitrobutyryl-CoA,DB03245,drug,0.150804084,0,7.43E-12,5
Sabarubicin,DB12410,drug,0.155336316,0,5.28E-06,18
Saccharin,DB12418,drug,0.152189039,0,1.99E-12,19
S-Acetyl-Cysteine,DB02039,drug,0.150452202,0,1.48E-10,38
Sacituzumab govitecan,DB12893,drug,0.844975123,19503.3893,0.0019062,42
SACM1L,22908,gene/protein,0.188113392,19001.7719,2.26E-09,34
Sacrosidase,DB06760,drug,0.15,0,3.99E-71,41
SACS,26278,gene/protein,0.158881964,409.4344952,1.62E-09,57
Sacubitril,DB09292,drug,1.406497581,7542.851759,0.021128948,58
S-adenosyl-L-homocysteine,DB01752,drug,0.166404251,0,1.64E-10,15
S-Adenosyl-L-Homoselenocysteine,DB03423,drug,0.154477569,0,1.07E-05,3
SAE1,10055,gene/protein,0.167458631,2275.598906,3.35E-09,27
SAFB,6294,gene/protein,0.183021149,4541.64218,4.23E-09,40
SAFB2,9667,gene/protein,0.176082812,4019.286559,4.82E-09,41
Safinamide,DB06654,drug,2.259368994,18765.43317,0.03187676,28
Safrazine,DB09253,drug,1.823718898,6559.26822,0.027367777,28
SAG,6295,gene/protein,0.152987855,120.5725085,6.71E-10,9
Sage oil,DB11199,drug,0.254013095,1.672787878,0.00196961,2
Sagopilone,DB12391,drug,0.572755446,735.0851757,0.00500723,52
Salbutamol,DB01001,drug,1.941640923,11466.48316,0.029353054,7
Salicylamide,DB08797,drug,1.880229061,6175.419288,0.02701259,44
Salicylhydroxamic Acid,DB03819,drug,0.173128295,0,0.00028569,18
Salicylic acid,DB00936,drug,2.35376863,28781.64129,0.030722801,7
Salinomycin,DB11544,drug,0.183211629,3.848947208,0.00033501,2
Salirasib,DB12681,drug,0.191246377,0.019387545,2.71E-05,2
Salmeterol,DB00938,drug,1.764408128,11883.1986,0.0247068,16
Salmon calcitonin,DB00017,drug,1.347263722,13580.24707,0.0189055,16
Salsalate,DB01399,drug,1.894003791,7096.843645,0.027107241,7
Salvia miltiorrhiza root,DB14337,drug,0.361381427,0.114410638,0.00356274,2
Salvianolic acid A,DB15246,drug,0.27426441,134.6745951,0.00069427,48
Salvinorin A,DB12327,drug,0.992376657,3.844875753,0.015717914,28
SAMD11,148398,gene/protein,0.161298312,521.1480721,6.99E-10,50
Samidorphan,DB12543,drug,0.213287372,0.02209265,0.00107962,2
Sanglifehrin A,DB03393,drug,0.150447052,0,4.07E-11,6
Sapacitabine,DB06365,drug,0.191246377,0.019387545,2.71E-05,2
SAPCD2,89958,gene/protein,0.157521481,142.8381398,3.16E-10,39
Saprisartan,DB01347,drug,1.094209981,3269.986013,0.016040054,16
Sapropterin,DB00360,drug,0.177661956,299.9443677,0.00025157,55
Saquinavir,DB01232,drug,1.725004876,13869.06924,0.019560519,18
"Sar9, Met (O2)11-Substance P",DB05875,drug,0.25182523,222.8514463,0.00104469,48
Saracatinib,DB11805,drug,0.468732613,405.0994719,0.00377994,0
Sarafloxacin,DB11491,drug,1.405847616,9540.771426,0.015364812,52
Saralasin,DB06763,drug,0.960793503,1084.848819,0.014452669,58
Sarecycline,DB12035,drug,0.817429745,7532.310898,0.00409588,52
Saredutant,DB06660,drug,1.020865243,4412.783475,0.01600334,28
Sargramostim,DB00020,drug,0.171899253,2987.63265,0.00012076,18
Sarilumab,DB11767,drug,1.415420416,23098.47536,0.00762282,42
Sarizotan,DB06454,drug,0.152081655,0,1.66E-11,38
SARM1,23098,gene/protein,0.17026741,3857.619785,9.16E-10,23
Sarpogrelate,DB12163,drug,1.478643429,7881.242713,0.021618835,7
SARS1,6301,gene/protein,0.166025148,1793.321703,2.23E-09,39
Saruplase,DB13646,drug,1.160070884,4118.629034,0.010692062,58
SASH1,23328,gene/protein,0.156550025,175.1629555,1.33E-09,54
SASS6,163786,gene/protein,0.159020802,258.1477206,3.29E-10,40
SAT1,6303,gene/protein,0.179397993,11641.42194,2.46E-09,32
SATB1,6304,gene/protein,0.164358164,794.3944678,2.33E-09,24
Satraplatin,DB04996,drug,0.199080218,3.951304453,0.00015624,2
Savolitinib,DB12048,drug,0.195752331,6.425673676,0.00025323,3
Saxagliptin,DB06335,drug,1.97178262,16833.40883,0.02599773,16
SAXO1,158297,gene/protein,0.194396304,1878.216545,1.38E-09,55
SAXO2,283726,gene/protein,0.15214429,11.28369325,2.26E-10,23
SB220025,DB04338,drug,0.150743666,0,4.41E-10,10
SB-269970,DB13988,drug,0.152318407,0,1.13E-12,31
SB-409513,DB01793,drug,0.150410568,0,1.98E-10,49
SB-559448,DB05930,drug,0.151173101,0,8.17E-12,55
SBDS,51119,gene/protein,0.193378499,4398.316932,1.44E-09,51
S-Benzylcysteine,DB04531,drug,0.150652225,0,2.31E-11,40
S-benzylglutathione,DB03602,drug,0.157340921,0,1.81E-11,22
SBK2,646643,gene/protein,0.152677293,54.96571343,1.37E-09,54
SBNO2,22904,gene/protein,0.153246727,39.14386079,9.67E-10,34
SC12267,DB05125,drug,0.151682742,0,1.73E-12,41
SC-236,DB14059,drug,1.883949361,47919.83195,0.027066228,7
SC5D,6309,gene/protein,0.158219508,1694.550956,1.04E-09,22
SC-74020,DB01630,drug,0.150535835,0,1.25E-11,38
SCAF1,58506,gene/protein,0.159416238,411.0144129,1.89E-09,23
SCAF11,9169,gene/protein,0.171139778,2886.751901,2.63E-09,8
SCAND1,51282,gene/protein,0.174745973,9497.622856,1.72E-09,27
SCAP,22937,gene/protein,0.164608376,2721.008557,2.22E-09,56
SCARB1,949,gene/protein,0.175728334,18059.09718,1.09E-09,32
SCARNA16,677781,gene/protein,0.151334585,0,5.07E-10,13
SCARNA2,677766,gene/protein,0.153604508,43.19807444,8.57E-10,20
SCARNA20,677681,gene/protein,0.151334585,0,5.07E-10,54
SCD,6319,gene/protein,0.172399995,7397.960944,2.09E-09,43
SCFD1,23256,gene/protein,0.169915309,1847.142832,2.41E-09,24
SCFD2,152579,gene/protein,0.152974723,25.46875369,6.83E-10,53
SCG2,7857,gene/protein,0.154541701,247.3397482,5.62E-10,57
SCGB1A1,7356,gene/protein,0.155486091,5679.710889,4.22E-10,33
SCGB1D1,10648,gene/protein,0.17199556,7309.825753,6.19E-10,56
SCGB1D4,404552,gene/protein,0.158565447,1916.984606,4.23E-10,39
SCGB3A1,92304,gene/protein,0.158353618,20437.04474,6.17E-10,34
Scheie syndrome,11760,disease,1.669138909,0,3.23E-10,11
schistosomiasis,15254,disease,0.488059672,0,1.57E-05,22
schizoaffective disorder,5487,disease,0.9593241,0,0.0002429,13
schizophrenia,5090_13498_8414_10897_33312_10943_11552_14092_12054_11960_11280_11294_11295_11298_11307_11498_12879_13089_13506,disease,6.530069885,0,0.00089187,32
schizophreniform disorder,1265,disease,0.9593241,0,0.0002429,13
SCIMP,388325,gene/protein,0.156249493,306.332952,5.77E-10,38
scleroderma (disease),19340,disease,18.87851962,77.79196719,7.62E-05,40
sclerosing cholangitis,13433_18646_18647,disease,9.896870156,623.3995991,0.00022283,12
SCLT1,132320,gene/protein,0.158649599,625.7508491,8.02E-10,8
SCLY,51540,gene/protein,0.153344749,381.0900265,1.49E-10,35
SCN10A,6336,gene/protein,0.150575507,3855.057301,8.95E-11,29
SCN11A,11280,gene/protein,0.155633851,8432.008241,1.46E-09,23
SCN1A,6323,gene/protein,0.150401758,478.285054,8.24E-11,33
SCN2A,6326,gene/protein,0.154196873,8588.795792,1.09E-10,5
SCN3A,6328,gene/protein,0.152854547,4120.20904,2.37E-10,4
SCN3B,55800,gene/protein,0.194925526,45676.69705,8.35E-10,27
SCN4A,6329,gene/protein,0.152251485,8899.335989,1.93E-10,30
SCN5A,6331,gene/protein,0.163611745,55671.30397,1.70E-09,30
SCN8A,6334,gene/protein,0.15101579,1100.346469,1.65E-10,1
SCNM1,79005,gene/protein,0.209934821,10374.88116,3.18E-09,15
Scopolamine,DB00747,drug,1.303010769,7969.836346,0.019003852,7
SCRIB,23513,gene/protein,0.206868417,27664.30093,5.18E-09,40
SCRN1,9805,gene/protein,0.154646845,194.0096236,1.24E-09,14
SCTR,6344,gene/protein,0.151721684,593.473612,8.13E-10,1
scyllo-inositol,DB03106,drug,0.151755088,0,3.97E-11,5
SD-0006,DB07943,drug,0.150382517,0,1.90E-10,38
SD118,DB05207,drug,0.15087,0,1.26E-10,39
SDC1,6382,gene/protein,0.174704183,7243.199858,2.96E-09,50
SDC2,6383,gene/protein,0.186619154,20533.04767,3.09E-09,47
SDC4,6385,gene/protein,0.167507426,3007.484416,2.26E-09,32
SDCBP,6386,gene/protein,0.321498916,118464.945,7.63E-09,1
SDCCAG8,10806,gene/protein,0.172169291,339.8033858,5.91E-10,56
SDF2,6388,gene/protein,0.154390989,5489.801699,3.82E-10,14
SDF2L1,23753,gene/protein,0.19004895,9124.83049,6.46E-09,45
SDF4,51150,gene/protein,0.170329458,4994.294477,3.01E-09,6
SDHA,6389,gene/protein,0.240297629,74094.88118,6.36E-09,29
SDS,10993,gene/protein,0.150557101,52.04099073,1.01E-10,38
Sebacic acid,DB07645,drug,0.15149262,0,1.90E-11,19
Sebelipase alfa,DB11563,drug,0.15,0,3.99E-71,55
seborrheic dermatitis,6608_6609,disease,4.032987444,107.8055259,0.00033193,6
seborrheic keratosis,8420,disease,5.09514204,287.4922384,0.00037116,40
SEC14L1,6397,gene/protein,0.156597886,1162.178468,1.75E-09,24
SEC14L2,23541,gene/protein,0.157869317,3177.439769,1.62E-09,12
SEC16A,9919,gene/protein,0.193611472,7096.930409,3.33E-09,22
SEC23A,10484,gene/protein,0.183494967,7400.397083,2.78E-09,33
SEC24C,9632,gene/protein,0.174794803,1918.170547,3.40E-09,56
SEC61A1,29927,gene/protein,0.161572319,966.7500128,1.99E-09,8
SEC61B,10952,gene/protein,0.171267382,2317.106034,2.79E-09,14
Secale cereale pollen,DB10717,drug,0.230677681,1.572961101,0.00134362,59
SECISBP2,79048,gene/protein,0.153463147,117.7196553,8.54E-10,5
Secobarbital,DB00418,drug,2.495197067,26486.05642,0.03500927,7
Secretin human,DB09532,drug,0.339453011,2719.406139,0.00370527,2
Secretin porcine,DB09527,drug,0.338421304,0.06364629,0.00370527,2
Secukinumab,DB09029,drug,2.000538186,50215.81136,0.0176544,25
Se-Ethyl-Isoselenourea,DB02589,drug,0.154853795,25.13068397,1.07E-05,49
Segesterone acetate,DB14583,drug,0.617188621,19423.2385,0.00460202,0
Selamectin,DB11459,drug,0.531509069,283.107659,0.0049801,52
Selegiline,DB01037,drug,2.43915106,23304.42562,0.033578636,28
Selenazole-4-carboxyamide-adenine dinucleotide,DB03070,drug,0.155045158,12.61890431,1.07E-05,8
SELENBP1,8991,gene/protein,0.171127651,4221.695288,1.08E-09,4
Selenic acid,DB11068,drug,0.154477569,0,1.07E-05,3
Selenious acid,DB11127,drug,1.036084037,2722.086636,0.01619498,52
Selenium,DB11135,drug,1.042853096,6730.643887,0.0161881,7
Selenium (75Se) norcholesterol,DB13622,drug,0.154477569,0,1.07E-05,3
Selenium Sulfide,DB00971,drug,0.15,0,3.99E-71,24
Selenocysteine,DB02345,drug,0.15495508,11.06115161,1.07E-05,57
Selenoinosine,DB02753,drug,0.154477569,0,1.07E-05,0
Selenomethionine,DB11142,drug,0.154477569,0,1.07E-05,0
Selenomethionine Se-75,DB09400,drug,0.154477569,0,1.07E-05,2
Selenomethionine Selenoxide,DB02958,drug,0.154477569,0,1.07E-05,0
Seletracetam,DB05885,drug,1.040858607,2618.691567,0.012515647,16
Selexipag,DB11362,drug,1.419800638,7316.185456,0.019336311,52
Seliciclib,DB06195,drug,0.194234415,6461.012704,2.71E-05,40
Selinexor,DB11942,drug,0.261385158,2300.27466,0.00067424,59
Selisistat,DB13978,drug,0.150388021,0,1.07E-10,31
SELL,6402,gene/protein,0.160981174,2417.641005,1.07E-09,45
SELP,6403,gene/protein,0.155523927,7802.699302,1.69E-10,30
Selpercatinib,DB15685,drug,1.347947261,24484.60873,0.01759977,16
Selumetinib,DB11689,drug,1.425417345,12035.94412,0.01637402,59
Semaglutide,DB13928,drug,0.938324582,22283.64281,0.010336492,52
Semaxanib,DB06436,drug,0.208200491,211.930119,0.00010186,15
SEMG1,6406,gene/protein,0.156709711,1516.857198,1.18E-09,33
seminoma,3001,disease,2.328904858,0,0.0001161,38
Semuloparin,DB06294,drug,1.183163068,4326.50773,0.010878442,25
Semustine,DB13647,drug,0.191246377,0.019387545,2.71E-05,2
Sennosides,DB11365,drug,0.624922938,4144.430108,0.00797684,16
SENP2,59343,gene/protein,0.162953105,770.1965567,1.91E-09,51
Seocalcitol,DB04258,drug,0.417874028,2093.579368,0.00186771,18
SEP-363856,DB15665,drug,0.166619785,0,2.68E-12,24
SEPHS2,22928,gene/protein,0.155604316,392.1979121,5.77E-10,50
Seproxetine,DB06731,drug,1.805930223,7337.075101,0.026549052,58
Sequifenadine,DB13566,drug,0.162007157,0.01159737,0.00015771,3
Seractide acetate,DB09334,drug,0.160675727,0,6.38E-12,45
Seratrodast,DB06739,drug,1.009890583,3343.717102,0.012572498,48
SERBP1,26135,gene/protein,0.175320544,1731.364621,5.03E-09,5
Seribantumab,DB11857,drug,0.775447143,2.711075215,0.00104473,7
SERINC1,57515,gene/protein,0.165659496,4539.44187,1.20E-09,47
Serine,DB00133,drug,0.208386714,22.97099116,8.41E-11,40
Sermorelin,DB00010,drug,0.15,0,3.99E-71,43
Serotonin,DB08839,drug,1.048519005,1037.378913,0.01641948,16
SERPINA1,5265,gene/protein,0.185754638,121853.1244,3.21E-09,1
SERPINA11,256394,gene/protein,0.153291105,40.4656566,6.50E-10,45
SERPINA3,12,gene/protein,0.167462845,17454.8651,4.86E-10,31
SERPINA5,5104,gene/protein,0.164655396,15023.56604,7.87E-10,46
SERPINA6,866,gene/protein,0.161674647,19322.81022,4.92E-10,46
SERPINB2,5055,gene/protein,0.209568849,32247.69591,2.15E-09,6
SERPINB3,6317,gene/protein,0.167891316,6650.975738,6.25E-10,4
SERPINB4,6318,gene/protein,0.168744765,5930.867845,7.27E-10,50
SERPINB5,5268,gene/protein,0.181751045,7530.010351,2.54E-09,24
SERPINB6,5269,gene/protein,0.153818105,8717.509429,8.70E-10,14
SERPINC1,462,gene/protein,0.162172705,10063.32124,2.20E-10,56
SERPIND1,3053,gene/protein,0.160085506,11962.26738,1.83E-09,38
SERPINE1,5054,gene/protein,0.177029556,42956.57886,3.04E-09,21
SERPINE2,5270,gene/protein,0.152946887,377.0716626,3.35E-11,27
SERPINF1,5176,gene/protein,0.1559013,341.4870818,1.15E-09,46
SERPINF2,5345,gene/protein,0.163188445,41088.23805,1.10E-09,14
SERPING1,710,gene/protein,0.162798864,4401.818673,2.81E-10,57
SERPINH1,871,gene/protein,0.187666092,7350.31468,3.18E-09,53
SERTAD1,29950,gene/protein,0.17186377,3220.389019,3.19E-09,43
Sertindole,DB06144,drug,1.404779796,5068.690211,0.021002162,28
Sertraline,DB01104,drug,1.995757402,21380.63784,0.028274647,7
SESN2,83667,gene/protein,0.160904179,458.992689,9.37E-10,14
SET,6418,gene/protein,0.20303036,19473.2276,7.51E-09,14
SETD3,84193,gene/protein,0.164087347,1106.723847,6.07E-10,32
SETD6,79918,gene/protein,0.152999328,37.1018367,1.54E-09,32
SETD7,80854,gene/protein,0.164051198,1099.286723,2.71E-09,47
SETDB1,9869,gene/protein,0.321127011,116600.398,9.33E-09,1
S-Ethylisothiourea,DB02234,drug,1.010730444,3636.593298,0.0158741,58
S-Ethyl-N-[4-(Trifluoromethyl)Phenyl]Isothiourea,DB02991,drug,0.150763672,0,1.87E-11,43
S-Ethyl-N-Phenyl-Isothiourea,DB03707,drug,0.151139898,0,9.48E-11,21
Setiptiline,DB09304,drug,0.202164255,91.97308384,0.00088357,48
Setmelanotide,DB11700,drug,0.15158681,0,2.99E-12,40
Setrobuvir,DB12051,drug,0.296258356,25.92691927,0.00167559,2
Setrusumab,DB14778,drug,0.775447143,2.711075215,0.00104473,25
Sevelamer,DB00658,drug,0.668780192,1863.319122,0.00577019,7
Sevoflurane,DB01236,drug,2.308699266,38014.4608,0.031796126,28
SEZ6L2,26470,gene/protein,0.157153086,1152.117592,3.97E-10,19
SF1126,DB05210,drug,0.151812825,0,4.82E-10,50
SF3A1,10291,gene/protein,0.185339377,7337.508888,3.34E-09,12
SF3B1,23451,gene/protein,0.19573706,12667.07422,6.10E-09,57
SFRP4,6424,gene/protein,0.162398499,5209.941969,1.09E-09,9
SFT2D2,375035,gene/protein,0.168675377,2443.929308,1.30E-09,31
SFTPA1,653509,gene/protein,0.157157246,360.1202538,1.84E-10,15
SFTPA2,729238,gene/protein,0.156521134,430.3572583,8.55E-10,24
SFTPC,6440,gene/protein,0.18263376,6538.050388,9.96E-10,54
SFTPD,6441,gene/protein,0.155810002,413.5317832,1.74E-10,6
SFXN5,94097,gene/protein,0.183947427,10215.86379,2.91E-09,11
SGCB,6443,gene/protein,0.166866666,2043.467836,1.93E-10,14
SGK1,6446,gene/protein,0.18815706,18271.64144,1.22E-08,1
SGK2,10110,gene/protein,0.161174819,945.0363696,3.53E-09,40
SGN-30,DB05471,drug,0.150803726,0,1.91E-10,53
SGS518,DB05042,drug,0.151090788,0,5.06E-12,6
SGS-742,DB05010,drug,0.152449106,0,1.80E-11,45
SGSH,6448,gene/protein,0.157015477,533.4523598,5.05E-10,29
SGTA,6449,gene/protein,0.271005092,70275.87064,4.64E-09,20
SGTB,54557,gene/protein,0.249272881,30715.12227,2.41E-09,32
SGX-523,DB06314,drug,0.15041813,0,1.38E-10,19
SH2B1,25970,gene/protein,0.15989024,889.0777709,2.75E-09,14
SH2B2,10603,gene/protein,0.168495541,932.778026,6.52E-09,45
SH2B3,10019,gene/protein,0.167068674,3884.546262,4.14E-09,56
SH2D4A,63898,gene/protein,0.179228922,3464.772266,3.05E-09,45
SH3BGRL,6451,gene/protein,0.153881766,46.35757223,6.12E-10,8
SH3BP2,6452,gene/protein,0.176830018,1977.669251,1.02E-08,43
SH3GL1,6455,gene/protein,0.18054328,14146.52486,2.98E-09,55
SH3GLB1,51100,gene/protein,0.17937007,8232.899938,3.51E-09,21
SH3YL1,26751,gene/protein,0.156688599,123.5737305,6.48E-10,22
SHANK3,85358,gene/protein,0.158636188,321.6264515,2.21E-09,32
SHARPIN,81858,gene/protein,0.175185832,6882.182719,3.38E-09,22
SHBG,6462,gene/protein,0.182293986,64409.54554,1.43E-09,33
SHC1,6464,gene/protein,0.234756105,40362.00173,1.94E-08,29
SHCBP1,79801,gene/protein,0.160687837,848.8910257,1.69E-09,40
S-Hexylglutathione,DB04132,drug,0.158880538,0,6.28E-11,11
SHF,90525,gene/protein,0.15922997,730.9279196,1.23E-09,12
SHISA7,729956,gene/protein,0.151043792,16.62246434,4.37E-10,47
SHMT1,6470,gene/protein,0.158023319,13994.07459,1.98E-09,11
SHMT2,6472,gene/protein,0.166132638,7216.100043,2.18E-09,9
SHOC2,8036,gene/protein,0.169676633,4924.942884,2.93E-09,45
SHTN1,57698,gene/protein,0.158902699,2968.95538,6.39E-10,6
S-Hydroxycysteine,DB01915,drug,0.155625821,0,6.45E-11,51
S-Hydroxymethyl Glutathione,DB04153,drug,0.150916348,0,1.05E-11,49
SI,6476,gene/protein,0.15165439,575.0413172,2.02E-10,5
SIAH1,6477,gene/protein,0.215237344,20528.55173,5.48E-09,34
SIAH2,6478,gene/protein,0.183424379,7195.525463,4.66E-09,36
Sibrotuzumab,DB06474,drug,0.778622196,3082.598845,0.00104514,25
Sibutramine,DB01105,drug,2.101137859,12190.8035,0.03189742,28
sickle cell anemia,11382,disease,1.81972033,0,2.47E-05,11
SIDT2,51092,gene/protein,0.177442318,2633.469945,6.66E-10,4
Sifalimumab,DB12773,drug,0.777405016,3514.466719,0.00104473,42
SIGIRR,59307,gene/protein,0.152483736,1.587108348,4.04E-10,55
SIGLEC11,114132,gene/protein,0.153795108,35.3007261,4.15E-10,10
SIGLEC12,89858,gene/protein,0.154796081,97.85697892,2.26E-10,57
SIGLEC5,8778,gene/protein,0.168122111,1228.252571,6.57E-10,45
SIGLEC6,946,gene/protein,0.159372134,869.2664423,5.48E-10,21
SIGLEC7,27036,gene/protein,0.157905292,452.6414963,5.09E-10,49
SIGLEC9,27180,gene/protein,0.160729626,456.0050478,3.72E-10,34
SIGMAR1,10280,gene/protein,0.150716203,4353.50247,8.08E-10,33
SIK1,150094,gene/protein,0.16998438,7039.458507,4.32E-09,50
SIK2,23235,gene/protein,0.165876244,2977.325134,3.95E-09,31
SIK3,23387,gene/protein,0.1625364,556.0560013,4.13E-09,56
Sildenafil,DB00203,drug,1.673240113,12502.80904,0.020793408,52
Silibinin,DB09298,drug,0.583491302,1905.377808,0.00420971,58
Silicon dioxide,DB11132,drug,0.156106803,6.676375405,3.89E-14,19
Silodosin,DB06207,drug,0.766073022,4713.188813,0.0089716,59
Siltuximab,DB09036,drug,2.092195034,57065.77574,0.01808903,42
Silver,DB12965,drug,0.184475565,0,5.11E-11,47
Silver sulfadiazine,DB05245,drug,0.153899335,0.02078091,2.01E-05,48
Simendan,DB12286,drug,0.697936969,245.7667118,0.00839045,28
Simeprevir,DB06290,drug,1.166140959,5774.616016,0.012158032,3
Simfibrate,DB13433,drug,0.364684256,115.6421679,0.00220981,17
Simoctocog alfa,DB09108,drug,0.150971733,0,5.61E-12,6
Simtuzumab,DB12152,drug,0.777907291,9.850502048,0.00104514,25
Simvastatin,DB00641,drug,1.429288511,20594.58633,0.01730074,59
SIN3A,25942,gene/protein,0.360756382,141155.871,1.68E-08,40
SIN3B,23309,gene/protein,0.167923935,1882.620638,3.65E-09,46
Sinapoyl coenzyme A,DB03179,drug,0.152597884,0,5.94E-12,34
Sincalide,DB09142,drug,0.237014731,17.20576449,0.00077115,16
Sinefungin,DB01910,drug,0.173128295,0,0.00028569,59
sinusitis,5961,disease,0.386213503,0,0.00023212,38
Siplizumab,DB06371,drug,0.778574503,2514.396679,0.00104514,42
Siponimod,DB12371,drug,1.855673379,15804.69875,0.023320997,16
Sipuleucel-T,DB06688,drug,0.520909723,3459.559592,0.00342569,58
Sirolimus,DB00877,drug,1.881492884,31762.74742,0.018442626,17
SIRPA,140885,gene/protein,0.161285077,940.2227585,2.62E-09,54
SIRT1,23411,gene/protein,0.252898707,155880.7717,1.35E-08,27
SIRT2,22933,gene/protein,0.188090771,10817.91956,4.30E-09,39
SIRT3,23410,gene/protein,0.170944498,5478.14259,2.05E-09,19
SIRT5,23408,gene/protein,0.160816771,7647.617334,5.37E-10,21
SIRT6,51548,gene/protein,0.20342582,8785.258059,5.83E-09,20
SIRT7,51547,gene/protein,0.163105795,542.6359511,1.21E-09,10
Sirukumab,DB11803,drug,1.168019445,6841.059668,0.0043686,44
Sisomicin,DB12604,drug,1.234375265,3336.344532,0.016800341,28
S-Isopropyl-Isothiourea,DB04018,drug,0.150376225,0,7.61E-11,47
Sitafloxacin,DB13261,drug,1.405847616,9540.771426,0.015364812,17
Sitagliptin,DB01261,drug,2.101175111,19217.39651,0.02678585,16
Sitaxentan,DB06268,drug,1.384691981,5045.231539,0.020793631,16
Sitimagene ceradenovec,DB04907,drug,0.191246377,0.019387545,2.71E-05,2
Sivelestat,DB12863,drug,0.15,0,3.99E-71,15
SIX5,147912,gene/protein,0.27988156,36260.55657,4.11E-09,13
Sizofiran,DB13128,drug,0.191246377,0.019387545,2.71E-05,2
Sjogren syndrome,10030,disease,0.736709663,0,9.74E-05,22
SKF-91488,DB07106,drug,0.151037318,0,1.13E-11,41
SKI,6497,gene/protein,0.182436313,3242.300342,1.14E-08,47
SKIDA1,387640,gene/protein,0.150615768,0,3.61E-10,53
skin disease,5093,disease,7.616333503,322.1201508,0.0001844,57
SKP1,6500,gene/protein,0.216708729,42513.68219,7.99E-09,57
SKP2,6502,gene/protein,0.215725174,13562.81674,9.77E-09,56
SLA,6503,gene/protein,0.161361775,434.0076535,3.82E-09,27
SLAMF7,57823,gene/protein,0.153581637,684.0139104,6.94E-10,14
SLC10A2,6555,gene/protein,0.157744275,13127.95507,8.09E-10,21
SLC10A6,345274,gene/protein,0.192162952,7692.062521,6.50E-10,49
SLC10A7,84068,gene/protein,0.154722281,338.9998897,1.04E-10,47
SLC11A2,4891,gene/protein,0.152999821,2383.728639,1.15E-09,30
SLC12A1,6557,gene/protein,0.150405645,830.8788326,8.99E-11,56
SLC12A2,6558,gene/protein,0.160066609,6880.664302,2.47E-09,35
SLC12A3,6559,gene/protein,0.156825933,6181.862347,2.21E-09,14
SLC12A4,6560,gene/protein,0.168050732,10382.44131,1.21E-09,10
SLC12A5,57468,gene/protein,0.153968237,1256.936504,2.53E-10,30
SLC12A6,9990,gene/protein,0.158037892,1208.690606,1.07E-09,14
SLC12A7,10723,gene/protein,0.160802042,2077.640038,9.50E-10,4
SLC13A5,284111,gene/protein,0.166381948,6058.98531,4.79E-10,31
SLC14A2,8170,gene/protein,0.158700635,486.7049894,3.81E-10,40
SLC15A1,6564,gene/protein,0.176482857,44754.4239,5.95E-10,19
SLC15A2,6565,gene/protein,0.161017256,20512.65183,2.15E-10,4
SLC15A3,51296,gene/protein,0.157540844,321.7757336,3.54E-10,23
SLC16A1,6566,gene/protein,0.156082345,30694.02608,1.68E-09,4
SLC16A10,117247,gene/protein,0.157443939,33496.21545,2.78E-10,50
SLC16A2,6567,gene/protein,0.162909896,8704.779648,1.20E-10,49
SLC16A3,9123,gene/protein,0.16636839,33810.57647,2.64E-09,10
SLC16A5,9121,gene/protein,0.15309465,201.8952385,1.66E-10,14
SLC16A6,9120,gene/protein,0.153291359,304.5550134,6.35E-10,20
SLC17A2,10246,gene/protein,0.183851626,9230.278237,8.46E-10,4
SLC17A9,63910,gene/protein,0.156313339,665.0467042,6.37E-10,14
SLC18A2,6571,gene/protein,0.152870711,10261.10717,2.72E-10,29
SLC19A1,6573,gene/protein,0.157114738,9281.857785,1.70E-09,56
SLC1A1,6505,gene/protein,0.16685761,6981.549348,7.81E-10,30
SLC1A5,6510,gene/protein,0.171726955,9264.561296,1.84E-09,10
SLC20A1,6574,gene/protein,0.16505635,6526.049757,1.11E-09,56
SLC20A2,6575,gene/protein,0.158988558,4737.374004,1.14E-09,56
SLC22A12,116085,gene/protein,0.153386851,1151.596066,4.19E-10,12
SLC22A2,6582,gene/protein,0.151799801,11895.58389,3.34E-10,21
SLC22A23,63027,gene/protein,0.170504768,1955.442994,3.42E-10,11
SLC22A3,6581,gene/protein,0.153714525,2221.06528,3.07E-10,30
SLC22A4,6583,gene/protein,0.15496624,1929.388259,6.85E-11,41
SLC22A5,6584,gene/protein,0.161390593,35541.84574,6.97E-10,30
SLC22A6,9356,gene/protein,0.164204622,35642.41251,1.08E-10,29
SLC22A8,9376,gene/protein,0.151414365,8468.458895,3.13E-10,46
SLC22A9,114571,gene/protein,0.193002389,19311.01761,3.29E-10,1
SLC25A1,6576,gene/protein,0.169659954,4271.51321,4.10E-09,56
SLC25A25,114789,gene/protein,0.162184337,2960.30586,1.30E-09,10
SLC25A3,5250,gene/protein,0.174210296,5508.279234,3.08E-09,57
SLC25A32,81034,gene/protein,0.156994298,1697.456647,7.51E-10,51
SLC25A4,291,gene/protein,0.16478923,28552.24954,2.67E-09,43
SLC25A41,284427,gene/protein,0.176184488,3235.298395,1.60E-09,12
SLC26A2,1836,gene/protein,0.159956551,3105.514444,5.12E-10,22
SLC26A6,65010,gene/protein,0.164372006,25464.79385,1.10E-09,4
SLC27A2,11001,gene/protein,0.161899703,2233.584703,1.43E-09,50
SLC27A4,10999,gene/protein,0.157193247,185.5517248,1.93E-09,51
SLC29A1,2030,gene/protein,0.159248768,13315.4852,1.26E-09,4
SLC2A1,6513,gene/protein,0.169983344,32894.98187,2.89E-09,30
SLC2A2,6514,gene/protein,0.153026509,1769.201218,1.51E-10,24
SLC2A4RG,56731,gene/protein,0.155048099,117.7532067,7.73E-10,46
SLC30A1,7779,gene/protein,0.163808316,3465.661181,1.20E-09,34
SLC30A4,7782,gene/protein,0.155003361,245.0234529,1.64E-10,29
SLC30A5,64924,gene/protein,0.172496759,2962.29421,5.56E-10,43
SLC34A1,6569,gene/protein,0.155778844,1027.839725,6.24E-10,56
SLC34A2,10568,gene/protein,0.160577545,6255.746942,3.44E-10,20
SLC34A3,142680,gene/protein,0.152092265,217.7644769,1.90E-11,4
SLC35C2,51006,gene/protein,0.17811785,4956.665173,1.13E-09,6
SLC35D1,23169,gene/protein,0.150562097,0,1.40E-10,56
SLC35E3,55508,gene/protein,0.156778017,228.1492838,8.22E-11,41
SLC35F6,54978,gene/protein,0.168747658,2662.86681,1.05E-09,49
SLC36A1,206358,gene/protein,0.156056755,31413.06725,1.64E-09,29
SLC36A4,120103,gene/protein,0.150562097,0,1.40E-10,4
SLC37A3,84255,gene/protein,0.162044576,1540.125766,3.13E-10,29
SLC38A6,145389,gene/protein,0.150678591,0,2.43E-11,33
SLC39A1,27173,gene/protein,0.169027845,5803.81974,6.58E-10,4
SLC39A10,57181,gene/protein,0.158403416,1305.720652,1.84E-09,56
SLC3A2,6520,gene/protein,0.172909355,4825.823085,4.62E-09,39
SLC45A4,57210,gene/protein,0.156607674,797.1167532,1.20E-09,56
SLC46A1,113235,gene/protein,0.151477946,330.9168232,2.65E-12,30
SLC47A1,55244,gene/protein,0.165183923,28677.49209,9.90E-11,4
SLC47A2,146802,gene/protein,0.150379934,437.9569491,3.14E-10,1
SLC4A4,8671,gene/protein,0.15371523,547.6333077,4.25E-10,23
SLC50A1,55974,gene/protein,0.155413958,216.8275196,1.09E-09,24
SLC51B,123264,gene/protein,0.154648274,1742.009325,1.48E-10,14
SLC5A1,6523,gene/protein,0.151991785,801.038686,4.29E-10,4
SLC5A3,6526,gene/protein,0.15378972,1427.489992,4.03E-11,12
SLC5A8,160728,gene/protein,0.159343752,1676.111076,1.55E-10,22
SLC6A1,6529,gene/protein,0.153677707,2100.99981,8.23E-11,30
SLC6A12,6539,gene/protein,0.152659949,3991.199854,4.58E-10,29
SLC6A13,6540,gene/protein,0.150685283,599.0105748,6.44E-11,30
SLC6A18,348932,gene/protein,0.150615768,0,3.61E-10,53
SLC6A2,6530,gene/protein,0.152576329,16750.13432,3.96E-10,30
SLC6A3,6531,gene/protein,0.156682911,39643.61617,1.53E-09,33
SLC6A4,6532,gene/protein,0.164056139,55672.48956,1.93E-09,43
SLC7A1,6541,gene/protein,0.191492436,17074.18151,1.57E-09,32
SLC7A11,23657,gene/protein,0.156037471,14505.66853,1.89E-09,20
SLC7A2,6542,gene/protein,0.160256716,5714.90738,1.06E-09,4
SLC7A3,84889,gene/protein,0.155297042,239.2692786,3.97E-11,20
SLC7A4,6545,gene/protein,0.150634786,118.5296027,7.48E-11,4
SLC7A5,8140,gene/protein,0.156282151,18814.2623,1.88E-09,30
SLC7A5P2,387254,gene/protein,0.162738484,503.6026532,2.78E-09,43
SLC7A8,23428,gene/protein,0.160318548,4549.241844,6.69E-10,56
SLC8A1,6546,gene/protein,0.150491771,6287.837157,1.92E-10,56
SLC8B1,80024,gene/protein,0.150622066,0,2.35E-10,1
SLC9A1,6548,gene/protein,0.175428762,68269.73106,5.15E-09,29
SLC9A3R1,9368,gene/protein,0.197997021,45487.6007,5.65E-09,47
SLC9A3R2,9351,gene/protein,0.197714209,15584.73776,1.83E-09,22
SLCO1A2,6579,gene/protein,0.15496624,5250.042038,6.85E-11,33
SLCO1B1,10599,gene/protein,0.152380614,16121.22791,8.60E-11,30
SLCO2A1,6578,gene/protein,0.151059286,8039.031186,2.39E-10,30
SLCO2B1,11309,gene/protein,0.151830918,12071.82994,2.53E-10,38
SLCO4C1,353189,gene/protein,0.15108559,1505.557483,2.73E-10,56
SLTM,79811,gene/protein,0.162896461,3244.923378,1.97E-09,33
SLU7,10569,gene/protein,0.163260579,981.2974468,1.93E-09,1
SLV319,DB05077,drug,1.110523649,489.1530161,0.017415,28
SLx-4090,DB05678,drug,0.157204333,0,1.39E-12,41
SMAD2,4087,gene/protein,0.278268901,64606.8911,1.49E-08,13
SMAD3,4088,gene/protein,0.330111217,187305.1051,2.62E-08,47
SMAD4,4089,gene/protein,0.255992749,98293.1367,1.88E-08,9
SMAD6,4091,gene/protein,0.171882066,5037.191182,4.76E-09,14
SMAD7,4092,gene/protein,0.190701653,6725.812751,9.01E-09,45
SMAD9,4093,gene/protein,0.20020424,9409.492613,3.08E-09,29
SMARCA1,6594,gene/protein,0.186527876,4511.560681,1.77E-09,19
SMARCA2,6595,gene/protein,0.175659331,2534.61388,5.41E-09,49
SMARCA4,6597,gene/protein,0.31071354,103159.0944,1.86E-08,19
SMARCA5,8467,gene/protein,0.185027296,11091.10179,6.15E-09,39
SMARCB1,6598,gene/protein,0.295693523,71141.88107,1.36E-08,19
SMARCC1,6599,gene/protein,0.199077594,18783.33973,6.58E-09,11
SMARCC2,6601,gene/protein,0.193958528,8555.548541,6.20E-09,56
SMARCD2,6603,gene/protein,0.16800684,2347.347884,3.43E-09,21
SMARCE1,6605,gene/protein,0.197819173,13041.42442,5.24E-09,8
SMC2,10592,gene/protein,0.163966864,2146.784989,2.34E-09,33
SMC3,9126,gene/protein,0.241448251,38772.47532,8.96E-09,55
SMC4,10051,gene/protein,0.159343486,505.6466734,2.36E-09,41
S-Mercaptocysteine,DB02761,drug,0.156028432,0,1.81E-12,50
S-Methyl glutathione,DB04701,drug,0.15191645,0,1.50E-12,50
"S-METHYL-4,5,6,7-TETRABROMO-BENZIMIDAZOLE",DB04720,drug,0.15041342,0,2.01E-10,49
S-Methylcysteine,DB02216,drug,0.152171645,0,5.05E-11,9
SMIM12,113444,gene/protein,0.152626551,42.13823092,6.59E-10,45
SMIM14,201895,gene/protein,0.152404656,18.88676471,1.18E-09,41
SMN1,6606,gene/protein,0.236136681,25065.00631,4.53E-09,31
SMN2,6607,gene/protein,0.21747078,15240.26618,5.46E-09,36
SMOX,54498,gene/protein,0.15743156,5795.079322,4.59E-10,35
SMPD1,6609,gene/protein,0.153931063,1464.616756,7.00E-10,11
SMPD3,55512,gene/protein,0.16154771,2691.167371,9.89E-10,43
SMPX,23676,gene/protein,0.157723237,115.647558,1.22E-09,12
SMURF1,57154,gene/protein,0.188873979,3852.945429,7.82E-09,40
SMURF2,64750,gene/protein,0.198082794,9318.13201,1.10E-08,32
SNAI1,6615,gene/protein,0.185134537,7888.695949,7.45E-09,21
SNAP23,8773,gene/protein,0.172886617,4801.463082,2.10E-09,13
SNAP25,6616,gene/protein,0.160682397,2299.966531,1.65E-09,51
SNAP29,9342,gene/protein,0.208640444,15201.78729,7.24E-09,15
SNAPC5,10302,gene/protein,0.163101334,652.827446,6.90E-10,43
SNAPIN,23557,gene/protein,0.188282469,13719.75537,3.51E-09,56
SNCA,6622,gene/protein,0.231825599,54926.32671,1.62E-08,29
SND1,27044,gene/protein,0.175088393,1459.18418,4.33E-09,27
sn-glycero-3-phosphoethanolamine,DB03484,drug,0.150594429,0,5.57E-11,38
sn-glycerol 3-phosphate,DB02515,drug,0.150785951,0,8.63E-12,46
SNHG1,23642,gene/protein,0.161225089,278.5740229,2.47E-09,24
SNHG15,285958,gene/protein,0.152789382,10.64699988,8.21E-10,31
SNHG7,84973,gene/protein,0.15368541,29.25674055,8.47E-10,24
SNHG9,735301,gene/protein,0.154126347,43.55218532,1.82E-09,4
SNIP1,79753,gene/protein,0.192217866,5416.854129,4.99E-09,4
S-NONYL-CYSTEINE,DB07849,drug,0.150489017,0,3.33E-11,45
SNORD104,692227,gene/protein,0.153920885,35.39019573,8.78E-10,10
SNORD105,692229,gene/protein,0.152768058,26.72816214,6.27E-10,9
SNORD12,692057,gene/protein,0.157336455,63.7994558,1.20E-09,27
SNORD12B,100113393,gene/protein,0.157336455,63.7994558,1.20E-09,8
SNORD12C,26765,gene/protein,0.161634316,224.7155853,2.57E-09,54
SNORD17,692086,gene/protein,0.156837549,108.2168515,1.23E-09,41
SNORD26,9302,gene/protein,0.156848591,60.69522774,1.84E-09,39
SNORD42B,26808,gene/protein,0.152614495,10.38852385,1.18E-09,40
SNORD48,26801,gene/protein,0.157840351,80.10329836,1.98E-09,11
SNORD55,26811,gene/protein,0.152264824,0.995456569,7.07E-10,11
SNORD60,26788,gene/protein,0.152042532,0.252451109,7.40E-10,43
SNORD74,619498,gene/protein,0.155287356,27.33496906,1.60E-09,22
SNORD88C,692204,gene/protein,0.151709932,2.69789567,5.53E-10,4
SNRK,54861,gene/protein,0.162715985,2554.121499,2.74E-09,6
SNRNP200,23020,gene/protein,0.191333014,6881.365275,5.53E-09,41
SNRNP70,6625,gene/protein,0.226758265,23086.33129,7.66E-09,56
SNRPA1,6627,gene/protein,0.188980469,3331.113975,3.41E-09,39
SNRPB,6628,gene/protein,0.1886212,4958.998162,3.30E-09,14
SNRPC,6631,gene/protein,0.185239169,5172.804626,2.19E-09,10
SNRPD1,6632,gene/protein,0.176917858,1667.249326,3.59E-09,27
SNRPE,6635,gene/protein,0.190973954,7746.6589,3.43E-09,54
SNS-032,DB05969,drug,0.1509133,0,1.06E-10,49
SNS-314,DB06134,drug,0.150451316,0,1.13E-10,34
SNTB1,6641,gene/protein,0.165631717,2572.707249,6.44E-10,30
SNUPN,10073,gene/protein,0.186872262,6262.950643,2.62E-09,15
SNW1,22938,gene/protein,0.249813526,42993.40686,1.05E-08,21
SNX1,6642,gene/protein,0.181693876,37539.69823,2.02E-09,50
SNX17,9784,gene/protein,0.174282258,10936.76842,3.32E-09,19
SNX2,6643,gene/protein,0.172817531,7411.515243,1.86E-09,6
SNX27,81609,gene/protein,0.201462004,34648.44311,1.50E-09,31
SNX4,8723,gene/protein,0.161367233,536.7319639,1.59E-09,57
SNX5,27131,gene/protein,0.172055506,3113.596446,3.86E-09,36
SNX-5422,DB06070,drug,0.150850875,0,3.92E-10,34
SNX7,51375,gene/protein,0.156137428,112.9531733,9.46E-10,21
SNX8,29886,gene/protein,0.161876516,1990.983706,2.50E-09,19
SO-101,DB05345,drug,0.150418103,0,7.26E-12,38
Sobetirome,DB07425,drug,0.15053768,0,4.07E-11,45
Soblidotin,DB12677,drug,0.191246377,0.019387545,2.71E-05,52
SOCS1,8651,gene/protein,0.182671655,7791.385556,7.41E-09,13
SOCS2,8835,gene/protein,0.170054219,37513.06587,3.81E-09,14
SOCS3,9021,gene/protein,0.189967529,15324.73699,8.15E-09,57
SOCS4,122809,gene/protein,0.158562729,888.3195244,2.33E-09,6
S-octylglutathione,DB03032,drug,0.1510506,0,1.14E-11,19
SOD1,6647,gene/protein,0.327141771,401222.9506,1.11E-08,9
SOD2,6648,gene/protein,0.173724068,29669.9834,3.04E-09,49
Sodium acetate,DB09395,drug,1.037201431,3752.878543,0.016257492,16
Sodium ascorbate,DB14482,drug,0.746321377,2373.977411,0.0089419,7
Sodium aurothiomalate,DB09276,drug,1.161755312,1806.055632,0.017384066,48
Sodium bicarbonate,DB01390,drug,0.508856721,4804.121676,0.00349328,52
Sodium bisulfite,DB14015,drug,0.151293062,0,2.46E-05,0
Sodium carbonate,DB09460,drug,0.153796437,0,1.72E-11,43
Sodium cation,DB14516,drug,0.652660006,218.5001384,0.00808545,17
Sodium chloride,DB09153,drug,0.154755591,0,9.24E-05,18
Sodium citrate,DB09154,drug,1.303604783,36628.66372,0.013155167,16
Sodium feredetate,DB13381,drug,0.382253428,969.5535026,0.0013772,52
Sodium ferric gluconate complex,DB09517,drug,0.19664373,308.3220868,0.00050227,45
Sodium fluoride,DB09325,drug,1.033110563,4559.881476,0.016217167,58
Sodium fluorophosphate,DB09484,drug,0.651272272,218.3948673,0.0080777,16
Sodium lauryl sulfate,DB00815,drug,0.150216928,0,1.72E-11,27
Sodium oxybate,DB09072,drug,1.014448264,2195.728998,0.01574794,7
Sodium phosphate P 32,DB09370,drug,0.15,0,3.99E-71,6
"Sodium phosphate, dibasic",DB14502,drug,0.687958647,5060.359929,0.00850188,43
"Sodium phosphate, dibasic, unspecified form",DB14504,drug,0.648703261,218.1737951,0.00805238,16
"Sodium phosphate, monobasic",DB09449,drug,1.16912861,20035.30133,0.015190741,24
"Sodium phosphate, monobasic, unspecified form",DB14503,drug,0.666950365,4700.562489,0.00807027,16
Sodium stibogluconate,DB05630,drug,0.150531861,0.02173913,5.07E-11,51
Sodium sulfate,DB09472,drug,1.396892074,3365.394063,0.02132967,7
Sodium tartrate,DB13707,drug,0.652660006,218.5001384,0.00808545,16
Sodium tetradecyl sulfate,DB00464,drug,0.150590143,0.134803922,1.53E-11,49
Sodium tripolyphosphate,DB11493,drug,0.281828446,63.30447025,0.00034878,18
Sodium zirconium cyclosilicate,DB14048,drug,0.27426441,134.6745951,0.00069427,59
Sofalcone,DB05197,drug,0.150710535,0.125,1.30E-11,20
Sofituzumab vedotin,DB15349,drug,0.775447143,2.711075215,0.00104473,25
Sofosbuvir,DB08934,drug,1.367758794,10961.13133,0.019185557,16
Solabegron,DB06190,drug,0.949723901,707.3506492,0.015009048,7
Solanezumab,DB11756,drug,0.777907291,9.850502048,0.00104514,42
Solifenacin,DB01591,drug,2.05468387,12776.06384,0.02969956,7
Solithromycin,DB09308,drug,0.531509069,283.107659,0.0049801,59
Solriamfetol,DB14754,drug,2.154791696,17773.36725,0.0327909,7
Somapacitan,DB15093,drug,0.375649253,775.958196,0.00226038,0
Somatostatin,DB09099,drug,0.505791707,7027.385936,0.0039168,3
Somatotropin,DB00052,drug,0.3775075,8411.555114,0.00234718,48
Somatrem,DB09098,drug,0.153773846,55.8679332,2.71E-05,45
Somatropin pegol,DB15112,drug,0.152853535,0,2.71E-05,35
Sonepcizumab,DB06305,drug,0.775447143,2.711075215,0.00104473,42
Sonidegib,DB09143,drug,0.794631165,1334.225142,0.00798527,0
Sorafenib,DB00398,drug,2.867072932,129129.5164,0.032622543,58
Soraphen A,DB02859,drug,0.151405983,0,2.11E-12,45
Sorbinil,DB02712,drug,0.152372549,0,6.88E-12,6
Sorbitol,DB01638,drug,1.399435517,3050.06868,0.02136908,25
SORBS1,10580,gene/protein,0.175456319,1649.51382,8.49E-09,32
SORBS2,8470,gene/protein,0.178210491,3600.386558,4.95E-09,39
SORBS3,10174,gene/protein,0.228196385,26856.74717,9.83E-09,11
SOR-C13,DB15366,drug,0.384408103,534.5739314,0.00297436,52
SORD,6652,gene/protein,0.160714857,7253.668267,1.52E-09,54
Sorghum bicolor subsp. drummondii pollen,DB10966,drug,0.230677681,1.572961101,0.00134362,59
Sorghum halepense pollen,DB10365,drug,0.230677681,1.572961101,0.00134362,59
SORL1,6653,gene/protein,0.17379669,8463.919502,1.15E-09,33
SORT1,6272,gene/protein,0.204355708,9722.710035,2.08E-09,4
SOS1,6654,gene/protein,0.180538342,1946.69682,1.22E-08,14
SOST,50964,gene/protein,0.160976969,3237.78774,7.04E-10,34
Sotagliflozin,DB12713,drug,0.929393101,3421.224138,0.010335244,46
Sotalol,DB00489,drug,1.965651131,19715.99237,0.02488573,7
Sotatercept,DB12118,drug,0.776638821,5931.284533,0.00104473,28
SOX10,6663,gene/protein,0.17278444,2414.169376,3.38E-09,31
SOX11,6664,gene/protein,0.153031754,41.8286158,8.36E-10,23
SOX12,6666,gene/protein,0.154701779,187.635404,8.76E-10,43
SOX3,6658,gene/protein,0.159232295,286.6008661,1.52E-09,54
SOX4,6659,gene/protein,0.169604085,2112.95906,3.12E-09,41
SOX8,30812,gene/protein,0.156178113,319.2123392,6.82E-10,31
SOX9,6662,gene/protein,0.167200129,9505.152533,3.33E-09,53
S-oxy-L-cysteine,DB03382,drug,0.15151407,0,1.01E-10,40
Soybean oil,DB09422,drug,0.150437041,0,8.38E-11,49
SP1,6667,gene/protein,0.423050815,491547.8439,2.71E-08,15
SP1049C,DB04978,drug,0.155763654,16.26870831,5.28E-06,8
SP2,6668,gene/protein,0.234857582,29818.31266,5.86E-09,29
SP2456,DB03957,drug,0.150487281,0,6.61E-11,53
SP3,6670,gene/protein,0.175190337,4683.52569,4.76E-09,9
SP4160,DB02555,drug,0.150487281,0,6.61E-11,54
SP5,389058,gene/protein,0.157300785,277.0004516,1.11E-09,8
SPAG1,6674,gene/protein,0.153186686,138.4484374,3.64E-10,10
SPAG6,9576,gene/protein,0.290031403,45474.4747,2.95E-08,30
SPAG8,26206,gene/protein,0.188709113,3002.870606,1.02E-09,56
SPAG9,9043,gene/protein,0.173686722,9309.310316,4.85E-09,49
Spaglumic Acid,DB08835,drug,0.152108403,0,1.81E-11,54
S-palmitoyl-L-cysteine,DB08342,drug,0.152559616,0,4.50E-11,10
SPARC,6678,gene/protein,0.165259405,11377.78737,1.15E-09,1
SPARCL1,8404,gene/protein,0.153271243,264.4534233,4.73E-10,56
Sparfloxacin,DB01208,drug,1.407826438,14042.44103,0.015364812,16
Sparfosic acid,DB03459,drug,0.191819279,357.9829292,2.71E-05,24
Sparsentan,DB12548,drug,0.151516469,0,3.05E-11,11
Sparsomycin,DB04222,drug,0.191246377,0.019387545,2.71E-05,3
Spartalizumab,DB14892,drug,0.151019643,0,7.48E-12,21
Sparteine,DB06727,drug,0.737494034,386.4228664,0.010125312,28
SPAST,6683,gene/protein,0.169777984,1456.214669,9.66E-10,11
SPATA2,9825,gene/protein,0.166034894,2320.041502,1.21E-09,40
SPATA3,130560,gene/protein,0.163179685,1170.687218,5.33E-10,47
SPATA5L1,79029,gene/protein,0.162419367,1532.327969,1.42E-09,55
SPDEF,25803,gene/protein,0.160728668,845.7576947,7.89E-10,36
SPDL1,54908,gene/protein,0.166218167,1865.459036,7.37E-10,12
Spectinomycin,DB00919,drug,0.179677278,1.210132389,0.00030467,0
SPEN,23013,gene/protein,0.167702095,1268.10494,3.41E-09,1
spermatocytic seminoma,20513,disease,2.236857529,0,0.00011609,55
Spermidine,DB03566,drug,0.216421535,244.2140519,0.00103135,59
Spermine,DB00127,drug,0.222851418,6839.790376,0.00103135,18
SPG21,51324,gene/protein,0.220907024,28854.3336,3.44E-09,32
Sphingosine,DB03203,drug,0.15093219,0,2.23E-11,8
Sphinxolide B,DB04783,drug,0.150433626,0,7.89E-11,8
SPHK1,8877,gene/protein,0.164963271,3078.372714,4.13E-09,12
SPHK2,56848,gene/protein,0.15633759,5653.461246,1.65E-09,50
SPI1,6688,gene/protein,0.37673534,293910.6805,1.19E-08,29
SPICE1,152185,gene/protein,0.156437706,209.0861965,5.43E-10,49
SPIN1,10927,gene/protein,0.155306175,125.2742242,4.84E-10,5
spinal muscular atrophy,8455_9673_10056_9672_11585_11436_9669_19079_1516_16224_14753_18218,disease,2.595960604,0,1.20E-07,32
SPINK1,6690,gene/protein,0.154640955,5784.27404,2.70E-10,4
SPINT1,6692,gene/protein,0.159922171,740.3356756,2.02E-10,15
SPINT2,10653,gene/protein,0.170962018,1898.946911,2.61E-10,34
Spiradoline,DB12704,drug,1.090190049,2291.462614,0.01546471,58
Spiramycin,DB06145,drug,0.218484917,3.422238728,0.00076541,3
Spirapril,DB01348,drug,1.196743695,5313.229474,0.01635665,52
SPIRE2,84501,gene/protein,0.167477845,4367.437185,1.34E-09,56
Spironolactone,DB00421,drug,1.748054714,67708.81356,0.024877435,16
SPN,6693,gene/protein,0.16016121,816.195874,1.32E-09,24
S-P-Nitrobenzyloxycarbonylglutathione,DB03130,drug,0.150649588,0,1.25E-11,12
SPOCK1,6695,gene/protein,0.153063111,79.32074265,2.01E-10,36
spondyloarthropathy,5095_43377,disease,12.27553447,574.575917,0.00072617,55
"spondyloarthropathy, susceptibility to",7126_8468_24512_13192,disease,0.42175891,0,0.00068417,50
SPOP,8405,gene/protein,0.18299931,6684.723087,6.83E-09,22
sporotrichosis,5968,disease,0.22543336,0,0.00013675,50
SPP 301,DB05290,drug,0.151005063,0,1.29E-11,41
SPP1,6696,gene/protein,0.177355387,15830.01261,1.66E-09,20
SPP1148,DB05203,drug,0.153348909,0,5.34E-13,38
SPPL2B,56928,gene/protein,0.185464302,7675.674577,8.90E-10,46
SPR,6697,gene/protein,0.159799071,10627.32757,1.32E-09,30
SPRED2,200734,gene/protein,0.184166107,10649.94698,2.63E-09,38
S-propylamine-L-cysteine,DB04648,drug,0.150752385,0,1.31E-11,6
SPRTN,83932,gene/protein,0.162936299,2034.383209,1.72E-09,1
SPRY2,10253,gene/protein,0.203595827,20995.14724,5.75E-09,45
SPRY4,81848,gene/protein,0.166620055,1967.512171,2.61E-09,43
SPRYD4,283377,gene/protein,0.15430858,283.2438222,7.92E-10,50
SPTAN1,6709,gene/protein,0.207124692,18373.98172,6.57E-09,57
SPTBN1,6711,gene/protein,0.187308367,13121.93601,8.26E-09,43
SPTLC1,10558,gene/protein,0.186184804,17771.69398,1.99E-09,35
SPTLC2,9517,gene/protein,0.174799313,9678.718988,1.59E-09,4
SQLE,6713,gene/protein,0.174535793,22386.37746,1.32E-09,50
SQSTM1,8878,gene/protein,0.260947316,56114.38489,1.70E-08,39
Squalamine,DB06461,drug,0.240463657,88.04842688,0.00043687,2
squamous cell carcinoma,10150_4958_5096_6082_500_514,disease,45.95639005,146.4341381,1.98E-05,19
squamous cell carcinoma of colon,18513,disease,2.886476571,0,5.17E-05,9
squamous cell carcinoma of liver and intrahepatic biliary tract,18534,disease,24.06151674,62.62438998,4.68E-05,53
squamous cell carcinoma of the corpus uteri,16266,disease,24.91763405,91.09158062,5.56E-06,10
SR 121463,DB05455,drug,0.152062976,0,1.45E-12,5
SR 140333,DB05790,drug,0.150916897,0,7.71E-12,5
SR11254,DB02258,drug,0.150573576,0,6.41E-11,36
SR-123781A,DB05361,drug,0.152019211,0,1.64E-11,38
SR12813,DB04466,drug,0.150431585,0,8.55E-11,5
SR-9009,DB14013,drug,0.151868288,0,1.02E-10,22
SR-9011,DB14014,drug,0.151868288,0,1.02E-10,40
SRA1,10011,gene/protein,0.173686313,4265.16575,3.91E-09,27
SRC,6714,gene/protein,0.378468079,636720.29,3.07E-08,35
SRD5A1,6715,gene/protein,0.151585765,1483.18922,5.48E-10,20
SRD5A2,6716,gene/protein,0.15287951,1224.994919,4.38E-11,4
SREBF1,6720,gene/protein,0.356993066,238566.6961,1.01E-08,31
SREBF2,6721,gene/protein,0.250997383,37802.42129,6.99E-09,21
SRF,6722,gene/protein,0.289629843,81632.29244,1.06E-08,27
SRGN,5552,gene/protein,0.169324814,6157.37503,5.19E-10,4
Sri-9439,DB03351,drug,0.150741985,0,1.66E-11,43
Sri-9662,DB03060,drug,0.150741985,0,1.66E-11,13
SRM,6723,gene/protein,0.153701423,645.2325812,1.40E-09,57
SRP 299,DB05440,drug,0.541703096,129.3863876,0.00358552,44
SRP19,6728,gene/protein,0.161232845,328.5305383,1.01E-09,57
SRP54,6729,gene/protein,0.165893454,1611.547761,2.61E-09,4
SRP72,6731,gene/protein,0.220088632,11593.92249,4.73E-09,36
SRPK1,6732,gene/protein,0.234228357,36342.6812,1.37E-08,49
SRPK2,6733,gene/protein,0.195531452,13557.8317,6.75E-09,20
SRPRB,58477,gene/protein,0.18729838,6183.922171,2.09E-09,46
SRR,63826,gene/protein,0.156979626,1354.600867,1.33E-09,1
SRRM3,222183,gene/protein,0.152181923,70.0385372,4.54E-10,36
SRRT,51593,gene/protein,0.175280791,4566.839529,3.41E-09,32
SRSF1,6426,gene/protein,0.233112578,23938.00134,7.64E-09,14
SRSF2,6427,gene/protein,0.178775731,3602.635552,4.53E-09,45
SRSF6,6431,gene/protein,0.166158764,1058.490391,3.10E-09,53
SRSF7,6432,gene/protein,0.17749977,3393.597976,3.74E-09,36
SRXN1,140809,gene/protein,0.174216088,2024.2121,3.14E-09,40
SS18L1,26039,gene/protein,0.172073096,3557.473937,2.09E-09,36
SSB,6741,gene/protein,0.169229199,2505.978907,3.45E-09,32
SSBP1,6742,gene/protein,0.181051777,22321.86941,2.87E-09,47
S-Selanyl Cysteine,DB03049,drug,0.154477569,0,1.07E-05,0
SSR1,6745,gene/protein,0.172042913,3101.039223,1.72E-09,22
SSR-126517E,DB05362,drug,0.150707581,0,4.60E-12,57
SSR4,6748,gene/protein,0.161756951,891.1882308,1.75E-09,19
SSTR1,6751,gene/protein,0.151602483,1175.137035,3.18E-10,51
SSTR2,6752,gene/protein,0.153854321,7973.256652,1.46E-09,1
SSTR3,6753,gene/protein,0.153586081,1883.612797,5.61E-10,49
SSTR5,6755,gene/protein,0.15269652,2219.943113,1.27E-10,30
SSX2IP,117178,gene/protein,0.218082096,17930.71322,3.46E-09,11
SSX3,10214,gene/protein,0.158072534,225.4963355,3.16E-10,49
St. John's Wort,DB01323,drug,1.961659296,10921.78886,0.026342541,7
ST13,6767,gene/protein,0.160652598,12405.39332,2.48E-09,53
ST14,6768,gene/protein,0.160375183,3280.494939,1.02E-09,53
ST3GAL1,6482,gene/protein,0.15752108,678.5619297,5.14E-10,33
ST3GAL5,8869,gene/protein,0.152523819,5408.092425,3.23E-10,4
ST6GALNAC1,55808,gene/protein,0.153646674,47.44085345,1.44E-10,56
STAC3,246329,gene/protein,0.160933272,430.4562367,7.51E-10,30
STAM,8027,gene/protein,0.176358446,4549.210262,4.14E-09,33
STAM2,10254,gene/protein,0.168908741,2401.130804,2.83E-09,19
Stannsoporfin,DB04912,drug,0.151199371,0,4.00E-11,21
Stanolone,DB02901,drug,0.182487053,1104.536177,0.00035039,29
Stanolone acetate,DB13951,drug,0.2911944,3327.676209,0.00123021,18
Stanozolol,DB06718,drug,0.394038732,2895.66935,0.00289611,18
STAP2,55620,gene/protein,0.178508503,1404.161937,8.41E-09,55
staphylococcal infection,24313,disease,2.155568114,1.245949319,0.00062173,41
staphylococcus aureus infection,5545,disease,2.149680576,0,0.00060308,53
STAR,6770,gene/protein,0.153524718,151.4326922,4.60E-10,53
STARD10,10809,gene/protein,0.153579595,147.3830934,1.11E-09,27
STARD4,134429,gene/protein,0.154386899,264.0470329,1.17E-09,10
STARD7,56910,gene/protein,0.151771771,95.2341239,2.92E-10,9
STARD8,9754,gene/protein,0.151217953,22.34474352,4.01E-10,4
STAT1,6772,gene/protein,0.328480024,150951.15,2.38E-08,1
STAT2,6773,gene/protein,0.209589265,14766.0023,7.40E-09,46
STAT3,6774,gene/protein,0.356064997,535654.5818,2.53E-08,1
STAT5A,6776,gene/protein,0.216633667,38269.98566,1.07E-08,33
STAT5B,6777,gene/protein,0.19472843,24803.12567,7.88E-09,57
STAT6,6778,gene/protein,0.19830751,39747.77985,7.47E-09,30
Staurosporine,DB02010,drug,0.156405402,0,1.33E-09,8
Stavudine,DB00649,drug,0.62971414,1837.03538,0.00625812,59
Stavudine triphosphate,DB02887,drug,0.150477512,0,2.86E-11,49
STC2,8614,gene/protein,0.17745485,19816.964,5.86E-10,40
Stearic acid,DB03193,drug,0.150653969,0,1.01E-10,13
Stepronin,DB01423,drug,0.616249187,31.05432196,0.00371322,44
Stibophen,DB13236,drug,0.15,0,3.99E-71,21
STIM1,6786,gene/protein,0.161137132,1016.774967,1.32E-09,10
STIP1,10963,gene/protein,0.19988366,8376.7091,5.78E-09,32
Stiripentol,DB09118,drug,2.499097194,35694.12878,0.035290399,28
STK10,6793,gene/protein,0.155408382,328.2674816,1.75E-09,6
STK11,6794,gene/protein,0.231816167,77442.3322,1.19E-08,30
STK11IP,114790,gene/protein,0.16048854,2039.3162,1.49E-09,57
STK16,8576,gene/protein,0.209125929,27214.82041,5.06E-09,47
STK24,8428,gene/protein,0.178872914,5204.838312,6.24E-09,51
STK25,10494,gene/protein,0.170892133,3295.632967,3.70E-09,54
STK26,51765,gene/protein,0.166746977,4914.246371,3.71E-09,40
STK3,6788,gene/protein,0.182651879,9013.317184,4.94E-09,46
STK38,11329,gene/protein,0.168152893,2385.890141,4.45E-09,54
STK38L,23012,gene/protein,0.159725998,679.7069253,2.62E-09,53
STK4,6789,gene/protein,0.204786048,12626.57134,1.28E-08,27
STK40,83931,gene/protein,0.16782776,1399.012293,3.81E-09,43
STMN1,3925,gene/protein,0.179227497,8146.91364,6.61E-09,5
STMN2,11075,gene/protein,0.165284819,1927.16462,2.26E-09,49
STOM,2040,gene/protein,0.208115287,24403.80316,3.64E-09,5
stone in bladder diverticulum,1270,disease,1.635539872,0,5.78E-09,39
STPG2,285555,gene/protein,0.151341998,8.080194138,4.33E-11,15
streptococcal pneumonia,5972,disease,0.69136742,0,0.00068467,49
Streptokinase,DB00086,drug,1.415129663,16559.62395,0.015268617,16
Streptolydigin,DB04785,drug,0.183010588,1.635162339,0.00033501,18
Streptomycin,DB01082,drug,1.312249605,9389.614551,0.0169094,16
Streptozocin,DB00428,drug,1.064936663,6176.23634,0.00933445,17
STRN,6801,gene/protein,0.174549958,1939.633803,3.52E-09,12
STRN3,29966,gene/protein,0.187881467,8276.20758,6.66E-09,12
STRN4,29888,gene/protein,0.177335177,4058.214805,2.97E-09,21
stroke disorder,5098,disease,5.744848657,672.4201792,0.00017121,22
Strontium chloride,DB13987,drug,1.040599918,23.20628909,0.01632595,7
Strontium chloride Sr-89,DB09498,drug,0.17910215,0,1.19E-11,5
Strontium ranelate,DB09267,drug,0.238425048,17.88609067,0.00066346,21
STS,412,gene/protein,0.185197267,19427.19554,3.25E-10,12
STUB1,10273,gene/protein,0.262463674,81123.09203,1.39E-08,14
STX11,8676,gene/protein,0.202449246,5686.255882,2.16E-09,55
STX1A,6804,gene/protein,0.216052465,21383.64087,2.09E-09,19
STX5,6811,gene/protein,0.203625609,16846.02535,5.99E-09,33
STX7,8417,gene/protein,0.197827566,8185.301932,1.66E-09,34
STXBP1,6812,gene/protein,0.179194769,5363.309259,3.33E-09,34
STXBP2,6813,gene/protein,0.16170891,1695.570016,1.60E-09,19
Styramate,DB13357,drug,0.99756436,11.74591312,0.015766991,28
SU-11652,DB08009,drug,0.150715045,0,1.38E-11,8
SU9516,DB03428,drug,0.15130016,0,4.26E-10,22
subacute bacterial endocarditis,6981,disease,1.257928115,0,0.0001794,36
substance abuse/dependence,7079_2491_4938_2046_5367_5689_4456_5186,disease,16.74505147,954.7636396,0.00015913,36
Succimer,DB00566,drug,0.152514009,0,1.52E-05,0
Succinic acid,DB00139,drug,0.295877514,8825.750434,0.00139549,50
Succinimide,DB13376,drug,0.15,0,3.99E-71,57
Succinobucol,DB05399,drug,0.150539838,0,1.64E-10,6
Succinylcholine,DB00202,drug,1.649687409,8614.321108,0.024211344,58
Succinylsulfathiazole,DB13580,drug,0.296258356,25.92691927,0.00167559,2
SUCLA2,8803,gene/protein,0.173163995,9753.519927,1.22E-09,30
SUCLG1,8802,gene/protein,0.158623921,2156.108947,1.33E-09,45
Sucralfate,DB00364,drug,1.280929048,29111.89624,0.01761287,16
Sucrose,DB02772,drug,0.153344066,0,9.79E-11,32
Sucrosofate,DB01901,drug,0.150999975,0,1.49E-10,15
Sufentanil,DB00708,drug,1.778974162,10103.65649,0.026734899,7
SUFU,51684,gene/protein,0.179733542,8269.62097,2.94E-09,47
Sufugolix,DB06494,drug,0.154950173,0,3.44E-13,32
Sugammadex,DB06206,drug,0.306036325,0.896457667,0.00144663,52
SUGP2,10147,gene/protein,0.159396718,522.1375345,8.60E-10,11
SUGT1,10910,gene/protein,0.205750542,14279.34586,3.86E-09,46
Sulbactam,DB09324,drug,1.039413823,1189.227906,0.016309677,50
Sulbenicillin,DB13693,drug,0.373732545,75.48733461,0.00232483,2
Sulconazole,DB06820,drug,0.15493145,0.03560197,7.04E-05,38
Sulesomab,DB13976,drug,0.777907291,9.850502048,0.00104514,42
SULF2,55959,gene/protein,0.159299962,1207.928853,1.05E-09,45
Sulfacetamide,DB00634,drug,0.156326786,4257.051947,2.67E-05,15
Sulfachlorpyridazine,DB11461,drug,0.296258356,25.92691927,0.00167559,2
Sulfacytine,DB01298,drug,0.296258356,25.92691927,0.00167559,2
Sulfadiazine,DB00359,drug,1.976052518,17042.40501,0.02656419,16
Sulfadicramide,DB13214,drug,0.296258356,25.92691927,0.00167559,2
Sulfadimethoxine,DB06150,drug,0.534163887,189.8282047,0.00597184,16
Sulfadoxine,DB01299,drug,0.336525508,68.11930324,0.00240641,52
Sulfaethoxypyridazine,DB11462,drug,0.296258356,25.92691927,0.00167559,52
Sulfaguanidine,DB13726,drug,0.296258356,25.92691927,0.00167559,2
Sulfaisodimidine,DB13283,drug,0.296258356,25.92691927,0.00167559,2
Sulfamazone,DB13556,drug,0.296258356,25.92691927,0.00167559,2
Sulfamerazine,DB01581,drug,0.330845731,139.3259995,0.00198775,0
Sulfameter,DB06821,drug,0.331820885,86.07123717,0.00201216,59
Sulfamethazine,DB01582,drug,0.295283202,64.5958296,0.00165119,0
Sulfamethizole,DB00576,drug,0.534380815,250.8463405,0.00597184,18
Sulfamethoxazole,DB01015,drug,2.544034084,37552.01208,0.03112633,58
Sulfamethoxypyridazine,DB13773,drug,0.331820885,86.07123717,0.00201216,2
Sulfametomidine,DB13485,drug,0.296258356,25.92691927,0.00167559,2
Sulfametopyrazine,DB00664,drug,0.296258356,25.92691927,0.00167559,59
"Sulfamic Acid 2,3-O-(1-Methylethylidene)-4,5-O-Sulfonyl-Beta-Fructopyranose Ester",DB02894,drug,0.150737685,0,2.16E-12,54
Sulfamoxole,DB08798,drug,0.534163887,189.8282047,0.00597184,58
Sulfanilamide,DB00259,drug,0.171391639,43.73261044,0.00014943,48
Sulfanitran,DB11463,drug,0.296258356,25.92691927,0.00167559,2
Sulfaperin,DB13320,drug,0.296258356,25.92691927,0.00167559,2
Sulfaphenazole,DB06729,drug,0.839032237,659.8835617,0.01139033,58
Sulfapyridine,DB00891,drug,0.567725492,1387.9305,0.00632914,29
Sulfaquinoxaline,DB11464,drug,0.296258356,25.92691927,0.00167559,52
Sulfasalazine,DB00795,drug,2.664032586,104178.6287,0.03149929,58
Sulfate ion,DB14546,drug,0.652660006,218.5001384,0.00808545,17
Sulfathiazole,DB06147,drug,0.154915936,2.070166754,2.01E-05,45
Sulfathiourea,DB13699,drug,0.296258356,25.92691927,0.00167559,0
Sulfatolamide,DB13547,drug,0.296258356,25.92691927,0.00167559,59
sulfhemoglobinemia,6988,disease,0.226408053,0,4.38E-05,32
Sulfinpyrazone,DB01138,drug,1.28802613,9340.258216,0.015688359,2
Sulfisoxazole,DB00263,drug,1.424969623,7786.403345,0.01755128,22
Sulforaphane,DB12422,drug,0.191246377,0.019387545,2.71E-05,52
Sulindac,DB00605,drug,1.922929498,36589.8354,0.02706931,7
Suloctidil,DB13340,drug,0.155031785,0,3.81E-05,0
Sulodexide,DB06271,drug,1.36802673,9256.520266,0.013968178,16
Sulpiride,DB00391,drug,2.31694353,69707.80257,0.023149529,28
SULT1A1,6817,gene/protein,0.167925976,21630.39914,8.98E-10,24
SULT1B1,27284,gene/protein,0.153525107,799.0621221,1.02E-10,13
SULT1E1,6783,gene/protein,0.159458913,15128.37412,7.32E-10,11
SULT2A1,6822,gene/protein,0.161969148,11379.07118,6.57E-10,35
SULT2B1,6820,gene/protein,0.166362529,8060.88638,7.86E-10,30
Sultamicillin,DB12127,drug,0.373732545,75.48733461,0.00232483,2
Sulthiame,DB08329,drug,1.187813939,1857.479976,0.017226591,28
Sultopride,DB13273,drug,1.40701165,2371.429861,0.020761102,28
Sumanirole,DB06477,drug,0.151472693,0,1.41E-11,21
Sumatriptan,DB00669,drug,2.36379542,20719.09522,0.03475257,28
SUMF1,285362,gene/protein,0.167453069,1911.282189,5.26E-10,55
SUMO1,7341,gene/protein,0.364545746,164048.9286,2.77E-08,54
SUMO1P1,391257,gene/protein,0.173300339,3560.695761,2.28E-09,32
SUMO2,6613,gene/protein,0.485831055,296987.6772,2.69E-08,30
SUMO3,6612,gene/protein,0.249344755,28371.73136,1.15E-08,51
SUMO4,387082,gene/protein,0.170385905,1227.765895,4.19E-09,55
SUN1,23353,gene/protein,0.157093837,940.9840513,1.07E-09,4
SUN2,25777,gene/protein,0.17363866,2587.407724,2.48E-09,6
SUN5,140732,gene/protein,0.15271779,7.942635702,5.90E-10,24
Sunitinib,DB01268,drug,2.16964949,56799.57463,0.02223198,58
SUOX,6821,gene/protein,0.180335814,8913.409311,1.01E-09,36
suppurative cholangitis,1928,disease,4.131457928,0,0.00022254,12
Suprofen,DB00870,drug,0.312617736,193.1185532,0.00282228,18
SUPT3H,8464,gene/protein,0.160153653,249.2979343,8.48E-10,6
SUPT5H,6829,gene/protein,0.192047498,6953.410547,5.62E-09,6
SUPV3L1,6832,gene/protein,0.157697887,681.9351051,8.52E-10,43
Suramin,DB04786,drug,0.200421263,3147.502865,2.71E-05,54
SURF6,6838,gene/protein,0.161471647,440.4439601,1.45E-09,32
Surinabant,DB13070,drug,1.10886025,290.6689364,0.017414999,28
Susoctocog alfa,DB11606,drug,0.306013703,4195.685751,0.00120876,45
SUV39H1,6839,gene/protein,0.213773011,13536.19508,5.40E-09,4
SUVN-502,DB06140,drug,0.151090788,0,5.06E-12,45
Suvorexant,DB09034,drug,1.657987718,6905.065391,0.02286555,7
Suvratoxumab,DB15172,drug,0.775447143,2.711075215,0.00104473,42
Suxibuzone,DB13232,drug,1.882766518,6180.823484,0.027066228,58
SUZ12,23512,gene/protein,0.380388991,206812.8431,1.41E-08,12
SYAP1,94056,gene/protein,0.15987417,1004.506502,1.17E-09,36
SYCP2,10388,gene/protein,0.150941697,0,1.02E-10,30
SYK,6850,gene/protein,0.235791337,57408.41298,1.67E-08,13
symptomatic form of hemophilia in female carriers,15787_15788,disease,1.926027506,0,5.01E-05,55
SYN1,6853,gene/protein,0.172132167,4049.980608,2.47E-09,40
SYN3,8224,gene/protein,0.152894939,58.88081998,5.99E-10,9
SYNC,81493,gene/protein,0.167297065,778.6018269,1.01E-09,45
SYNCRIP,10492,gene/protein,0.237450438,27937.23387,6.50E-09,27
SYNE2,23224,gene/protein,0.172454378,2759.219376,3.04E-09,6
SYNE4,163183,gene/protein,0.185207469,2877.087201,7.24E-10,40
Synephrine,DB09203,drug,1.048103297,1364.038235,0.01568735,13
SYNGR1,9145,gene/protein,0.171244295,8065.518437,1.12E-09,12
SYNGR4,23546,gene/protein,0.152625988,146.3402741,5.72E-10,21
SYNJ2,8871,gene/protein,0.161275644,872.3572232,3.28E-09,31
SYNJ2BP,55333,gene/protein,0.174101774,4967.12698,1.36E-09,43
"Synthetic Conjugated Estrogens, A",DB09317,drug,1.86805405,68233.3226,0.019228417,42
"Synthetic Conjugated Estrogens, B",DB09318,drug,1.86805405,68233.3226,0.019228417,25
systemic mastocytosis,16586,disease,2.394864082,0,0.00021185,21
systemic sclerosis,5100,disease,10.38189313,26.75877797,7.62E-05,21
SYT1,6857,gene/protein,0.17231019,1863.893234,1.89E-09,12
SYT17,51760,gene/protein,0.166137495,1009.864712,6.88E-10,40
SYT2,127833,gene/protein,0.158706711,2378.955786,9.41E-10,4
SYTL4,94121,gene/protein,0.162491311,2134.72497,3.98E-10,19
TAAR1,134864,gene/protein,0.150690157,1686.996527,1.75E-11,46
TAB1,10454,gene/protein,0.219083955,32062.15197,1.13E-08,49
TAB2,23118,gene/protein,0.190277109,7971.717515,7.61E-09,56
TAB3,257397,gene/protein,0.159324625,135.6051819,2.35E-09,41
Tabalumab,DB11657,drug,0.775447143,2.711075215,0.00104473,42
Tacalcitol,DB13689,drug,0.180312636,3.70159777,0.00011751,0
TACR1,6869,gene/protein,0.16396286,41982.80711,9.88E-10,30
TACR2,6865,gene/protein,0.151654119,18.12478851,2.25E-11,27
TACR3,6870,gene/protein,0.151654119,10785.02007,2.25E-11,40
Tacrine,DB00382,drug,1.013921411,8308.987724,0.01229036,2
TACRINE(8)-4-AMINOQUINOLINE,DB04616,drug,0.150619892,0,6.53E-12,24
Tacrolimus,DB00864,drug,2.749254928,50614.6781,0.03119659,58
TACSTD2,4070,gene/protein,0.160276091,2918.693249,5.99E-10,19
TADA2B,93624,gene/protein,0.162651326,914.1064105,1.38E-09,27
TADA3,10474,gene/protein,0.173679729,2441.215056,3.77E-09,53
Tadalafil,DB00820,drug,1.820342409,12113.33268,0.02701915,7
TAF1,6872,gene/protein,0.426786754,224683.9215,1.86E-08,29
TAF10,6881,gene/protein,0.170420619,1251.123093,1.97E-09,46
TAF12,6883,gene/protein,0.179620908,2971.297212,3.30E-09,5
TAF1A,9015,gene/protein,0.167541476,586.8188733,1.64E-09,45
TAF1B,9014,gene/protein,0.16859865,1878.495779,3.33E-09,47
TAF1C,9013,gene/protein,0.16886765,2898.064454,1.84E-09,34
TAF1D,79101,gene/protein,0.177205951,2983.946794,2.42E-09,47
TAF4,6874,gene/protein,0.165750838,849.9956476,1.58E-09,9
TAF4B,6875,gene/protein,0.156292979,131.0112186,1.18E-09,51
TAF5,6877,gene/protein,0.167819803,1236.19403,2.51E-09,8
TAF5L,27097,gene/protein,0.16494061,4097.770054,2.56E-09,57
TAF6,6878,gene/protein,0.168559135,1972.642505,3.26E-09,13
TAF7,6879,gene/protein,0.204938904,11133.04145,5.91E-09,43
TAF9,6880,gene/protein,0.184810979,5495.715868,4.74E-09,49
Tafamidis,DB11644,drug,0.396611041,460.6684613,0.00245291,59
Tafasitamab,DB15044,drug,0.778597674,895.414862,0.00104514,7
Tafenoquine,DB06608,drug,0.69949093,625.9526907,0.00950174,29
Tafluprost,DB08819,drug,0.277174469,413.4721741,0.00267304,2
Tagatose,DB04936,drug,0.152514009,0,1.52E-05,48
TAGLN,6876,gene/protein,0.159821246,799.009125,9.83E-10,30
TAGLN2,8407,gene/protein,0.160509552,1024.424295,2.76E-09,46
Tagraxofusp,DB14731,drug,0.193687784,1403.09081,2.71E-05,13
TAK-475,DB05317,drug,0.15198345,0,2.84E-11,21
TAL1,6886,gene/protein,0.267522199,77877.82508,1.01E-08,56
Talampanel,DB04982,drug,0.15259724,0,6.96E-11,34
Talampicillin,DB13814,drug,0.373732545,75.48733461,0.00232483,52
Talaporfin,DB11812,drug,0.23987294,160.5126641,4.48E-05,5
Talarozole,DB13083,drug,0.15586042,0,2.35E-12,15
Talastine,DB13349,drug,0.162007157,0.01159737,0.00015771,0
Talazoparib,DB11760,drug,0.549169099,2297.006466,0.00416707,19
Talbutal,DB00306,drug,1.186185612,2401.763846,0.01737797,16
Talc,DB09511,drug,0.23634264,33.86283032,0.00059319,2
Taliglucerase alfa,DB08876,drug,0.15,0,3.99E-71,38
Talimogene laherparepvec,DB13896,drug,0.191246377,51.42654387,2.71E-05,54
Talinolol,DB11770,drug,2.15854889,23693.41685,0.02683797,16
Tallimustine,DB15466,drug,0.191246377,0.019387545,2.71E-05,17
Talmapimod,DB05412,drug,0.15122045,0,3.23E-10,46
Talnetant,DB06429,drug,0.154774294,0,1.81E-13,39
Talniflumate,DB09295,drug,1.918077027,14616.36605,0.02719879,7
Talopram,DB09190,drug,1.017436145,187.3682576,0.016006243,28
Tamatinib,DB07159,drug,0.150426431,0,1.31E-10,32
Tamibarotene,DB04942,drug,0.151080851,0,1.27E-10,49
Tamoxifen,DB00675,drug,2.168568332,256584.8432,0.023758418,16
Tamsulosin,DB00706,drug,1.866147196,6926.808453,0.028109881,7
Tanaproget,DB04787,drug,0.15040193,0,9.05E-11,36
Tandospirone,DB12833,drug,1.045521348,235.7089027,0.01643658,28
Tandutinib,DB05465,drug,0.651903562,4302.111342,0.00748148,2
Tanespimycin,DB05134,drug,0.151067803,0,4.09E-10,46
Tanezumab,DB12335,drug,0.777907291,9.850502048,0.00104514,25
TANGO2,128989,gene/protein,0.212274578,15980.93637,3.99E-09,29
TANK,10010,gene/protein,0.178653965,3892.11139,5.86E-09,14
Tapentadol,DB06204,drug,1.736296703,11828.05112,0.025447174,7
Tapinarof,DB06083,drug,0.154682627,0,1.55E-10,19
Taranabant,DB06624,drug,1.036244047,146.075729,0.01631763,7
TARBP2,6895,gene/protein,0.180774642,4297.562339,1.76E-09,10
Tarenflurbil,DB05289,drug,0.150667931,0,1.38E-10,6
Tarextumab,DB12104,drug,0.775447143,2.711075215,0.00104473,42
Taribavirin,DB06408,drug,0.185281092,244.2169099,5.44E-05,47
Tariquidar,DB06240,drug,0.349817753,6.557990052,0.00230235,0
TARS1,6897,gene/protein,0.170662042,5402.481319,3.44E-09,30
TARS2,80222,gene/protein,0.15753085,1409.347597,6.81E-10,46
Tartronate,DB03680,drug,0.175089876,0,8.84E-13,43
TAS-108,DB05966,drug,0.150810097,0,4.43E-10,32
TAS1R3,83756,gene/protein,0.151574592,640.0306402,5.44E-10,57
Taselisib,DB12108,drug,0.191246377,0.019387545,2.71E-05,3
Tasimelteon,DB09071,drug,2.402272602,16633.30458,0.03434185,28
Tasonermin,DB11626,drug,0.150931097,0,9.35E-11,22
Tasosartan,DB01349,drug,0.581781881,1049.160315,0.00723221,2
Taspoglutide,DB14027,drug,0.932309953,1450.943135,0.010336492,17
Taurine,DB01956,drug,0.165552722,0,8.83E-11,40
Taurochenodeoxycholic acid,DB08833,drug,0.442533714,1027.39146,0.00232056,2
Taurocholic acid,DB04348,drug,1.005869165,10581.99981,0.008049,16
Taurolidine,DB12473,drug,0.191246377,0.019387545,2.71E-05,3
Tauroursodeoxycholic acid,DB08834,drug,0.432246185,891.4617778,0.00217566,2
TAX1BP1,8887,gene/protein,0.2062403,23430.25726,3.13E-09,14
Taxifolin,DB02224,drug,1.270614303,2378.006359,0.01732961,58
Tazarotene,DB00799,drug,0.529107162,3311.43234,0.00502946,18
Tazemetostat,DB12887,drug,1.008756385,15389.98092,0.01059138,18
Tazobactam,DB01606,drug,0.564717587,804.6743597,0.00442062,48
TB-402,DB06050,drug,0.776638221,478.9753404,0.00104473,42
TBC1D10B,26000,gene/protein,0.153583823,44.64910868,7.37E-10,22
TBC1D22B,55633,gene/protein,0.229969758,32659.75999,1.93E-09,53
TBC1D25,4943,gene/protein,0.154305371,34.00287808,2.25E-10,31
TBC1D7,51256,gene/protein,0.164869139,1246.525782,1.18E-09,10
TBC1D9,23158,gene/protein,0.155675897,108.8156269,2.66E-10,23
TBC-3711,DB05407,drug,0.150758658,0,1.49E-11,15
TBCA,6902,gene/protein,0.155686636,203.472358,1.61E-09,4
TBCCD1,55171,gene/protein,0.154469466,45.14625473,7.54E-10,11
TBK1,29110,gene/protein,0.204197701,12870.73716,9.63E-09,30
TBL1X,6907,gene/protein,0.182933206,7198.15038,4.28E-09,53
TBL1XR1,79718,gene/protein,0.173431842,2492.701815,5.99E-09,21
TBL2,26608,gene/protein,0.163932924,1768.912677,3.05E-09,23
TBP,6908,gene/protein,0.340875563,129733.6887,1.51E-08,31
TBRG4,9238,gene/protein,0.163821162,3214.840896,1.75E-09,8
TBX2,6909,gene/protein,0.159773218,819.2559759,1.45E-09,19
TBX3,6926,gene/protein,0.159974308,657.0253834,1.63E-09,14
TBX4,9496,gene/protein,0.153573678,11.92235307,7.72E-10,47
TBXA2R,6915,gene/protein,0.173611825,12400.985,2.99E-09,13
TBXAS1,6916,gene/protein,0.15121207,10970.32397,1.15E-10,13
TCAP,8557,gene/protein,0.172445085,3388.966698,2.21E-09,11
TCEAL6,158931,gene/protein,0.151839749,9.02072537,6.79E-10,41
TCEANC,170082,gene/protein,0.213570353,9812.067674,2.50E-09,13
T-cell leukemia,5525_3540,disease,2.784317945,0,5.48E-06,10
T-cell/histiocyte rich large B cell lymphoma,17597,disease,9.139052036,0,0.00017439,55
TCERG1,10915,gene/protein,0.173504227,3151.490916,4.12E-09,24
TCF12,6938,gene/protein,0.304980943,96382.93978,7.77E-09,9
TCF19,6941,gene/protein,0.162460527,609.794672,1.44E-09,30
TCF3,6929,gene/protein,0.189357636,17271.15631,8.00E-09,34
TCF4,6925,gene/protein,0.42712087,552501.1511,1.48E-08,35
TCF7L2,6934,gene/protein,0.166206047,2150.787948,2.92E-09,14
TCIRG1,10312,gene/protein,0.162471782,1979.838582,1.20E-09,53
TCP1,6950,gene/protein,0.19358805,8655.477045,5.42E-09,5
TCP10L,140290,gene/protein,0.168180688,1305.195321,1.20E-09,9
TCP11,6954,gene/protein,0.153411601,104.3448055,5.98E-10,11
TCP11L1,55346,gene/protein,0.163067493,803.1015189,1.31E-09,40
TD-2749,DB05905,drug,0.151670436,0,1.20E-12,13
TD-8954,DB12725,drug,1.044364352,233.8365891,0.016419482,28
TDG,6996,gene/protein,0.169490675,1715.189453,5.01E-09,14
TDO2,6999,gene/protein,0.160502313,6615.660996,8.21E-10,29
TDP1,55775,gene/protein,0.156943353,354.6522302,6.66E-10,51
TDP2,51567,gene/protein,0.174848913,3408.397342,3.83E-09,50
TDRD7,23424,gene/protein,0.159079387,821.3673972,8.80E-10,21
TDRG1,732253,gene/protein,0.150562097,0,1.40E-10,39
TEAD2,8463,gene/protein,0.171168795,2600.537243,3.47E-09,12
TEC,7006,gene/protein,0.163745179,1044.151506,2.87E-09,24
Tecadenoson,DB04954,drug,0.151533735,0,1.99E-12,24
Tecarfarin,DB12823,drug,0.168410327,0.06517644,0.00027621,0
Tecastemizole,DB06457,drug,0.150523549,0,3.25E-11,43
Tecemotide,DB12568,drug,0.541703096,129.3863876,0.00358552,44
Technetium Tc-99m arcitumomab,DB00113,drug,0.776528806,1937.833722,0.00104473,28
Technetium Tc-99m ciprofloxacin,DB05488,drug,1.406454242,12201.75544,0.015364812,16
Technetium Tc-99m exametazime,DB09163,drug,1.040599918,23.20628909,0.01632595,28
Technetium Tc-99m mebrofenin,DB09137,drug,1.202319152,2294.913792,0.01758344,58
Technetium Tc-99m nofetumomab merpentan,DB09336,drug,0.153416067,0,1.07E-11,27
Technetium Tc-99m oxidronate,DB09139,drug,2.42823678,128403.1247,0.01656199,16
Technetium Tc-99m pyrophosphate,DB09165,drug,1.040599918,23.20628909,0.01632595,7
Technetium Tc-99m sestamibi,DB09161,drug,0.421137532,56.0248217,0.00321092,50
Technetium Tc-99m tetrofosmin,DB09160,drug,0.150201042,0,1.55E-11,53
Technetium Tc-99m tilmanocept,DB09266,drug,0.448695822,13482.1734,0.00024395,16
Tecovirimat,DB12020,drug,0.24427179,75.16716044,0.00098169,52
Tedisamil,DB06200,drug,0.694337209,191.6584602,0.00836035,7
Tedizolid,DB14569,drug,0.185171544,28.01653579,0.00033501,59
Tedizolid phosphate,DB09042,drug,0.662237856,704.8029585,0.00700757,58
Teduglutide,DB08900,drug,1.072123639,339.8523945,0.016747153,7
TEF,7008,gene/protein,0.15588176,51.71855088,2.99E-10,57
Tefinostat,DB15321,drug,0.1927301,0.019387545,3.98E-05,3
Tegafur,DB09256,drug,1.82198139,16212.1907,0.024117223,52
Tegafur-uracil,DB09327,drug,0.269947378,301.3586623,0.00180898,29
Tegaserod,DB01079,drug,1.551858043,9108.1967,0.02134738,16
Teicoplanin,DB06149,drug,0.183010588,4.856920052,0.00033501,45
TEK,7010,gene/protein,0.163902942,8405.00287,7.24E-09,30
TEKT3,64518,gene/protein,0.162379028,327.2968625,5.51E-10,50
TEKT4,150483,gene/protein,0.184892384,5841.65204,2.37E-09,22
Telaprevir,DB05521,drug,1.02366978,2492.427094,0.010301136,3
Telapristone acetate,DB05253,drug,0.15040193,0,9.05E-11,5
Telavancin,DB06402,drug,1.457374874,2581.956633,0.02190818,25
Telbivudine,DB01265,drug,0.185697544,9.196773517,0.00016044,36
Telcagepant,DB12228,drug,0.177593015,0,7.36E-13,15
Telisotuzumab vedotin,DB15104,drug,0.775447143,2.711075215,0.00104473,42
Telithromycin,DB00976,drug,1.213308612,2914.968578,0.014700649,52
Telmisartan,DB00966,drug,1.399542158,12536.66478,0.019559419,7
Telotristat ethyl,DB12095,drug,0.152928714,0.66590909,9.31E-12,10
Temafloxacin,DB01405,drug,1.523747624,12438.00817,0.01670336,16
Temazepam,DB00231,drug,1.816149599,7328.027881,0.028841594,7
Temefos,DB12231,drug,0.602594038,0.121556919,0.00722849,7
Temocapril,DB08836,drug,1.346931903,8984.013872,0.01768835,52
Temocillin,DB12343,drug,0.373732545,75.48733461,0.00232483,2
Temoporfin,DB11630,drug,0.23987294,162.6415491,4.48E-05,50
Temozolomide,DB00853,drug,1.641445586,8097.691966,0.020252805,6
Temsirolimus,DB06287,drug,1.988790235,27337.71134,0.020695431,58
Tenamfetamine,DB01509,drug,1.81640559,12739.05622,0.025643913,28
Tenapanor,DB11761,drug,0.150549323,0,1.46E-11,6
Tenecteplase,DB00031,drug,1.166692871,56515.80577,0.010692062,16
Teneligliptin,DB11950,drug,0.9965814,2122.506872,0.01106779,53
Tenidap,DB13481,drug,1.882767362,6219.97938,0.027066228,39
Teniposide,DB00444,drug,1.837797118,20989.54434,0.019221208,58
Tenitramine,DB13637,drug,0.263860955,21.89393829,0.00186373,59
Tenocyclidine,DB01520,drug,0.153649261,0,2.18E-05,40
Tenofovir,DB14126,drug,1.783265115,16083.35942,0.023250843,16
Tenofovir alafenamide,DB09299,drug,1.755667324,17834.82938,0.022229778,16
Tenofovir disoproxil,DB00300,drug,1.41656708,14233.29863,0.019223767,52
Tenoxicam,DB00469,drug,2.156016579,12919.71295,0.0298729,16
TEP1,7011,gene/protein,0.156736023,141.3065061,1.95E-09,53
Teplizumab,DB06606,drug,0.777907291,9.850502048,0.00104514,42
Tepoxalin,DB11466,drug,2.23023807,20594.941,0.02892759,25
Teprotumumab,DB06343,drug,0.901746314,10369.82098,0.00254429,42
Terazosin,DB01162,drug,0.988434553,26743.15336,0.015229981,52
Terbinafine,DB00857,drug,1.366219729,10436.13505,0.017181958,59
Terbutaline,DB00871,drug,2.101713548,20803.81834,0.030467695,16
Terconazole,DB00251,drug,0.15,0,3.99E-71,38
TERF1,7013,gene/protein,0.277767209,63741.43631,8.07E-09,20
TERF2,7014,gene/protein,0.189987539,6295.698278,4.08E-09,27
TERF2IP,54386,gene/protein,0.216522474,28437.2541,4.06E-09,47
Terfenadine,DB00342,drug,2.324824781,26191.39924,0.029551742,28
Terguride,DB13399,drug,0.88140502,654.6623177,0.013000781,16
Teriflunomide,DB08880,drug,1.225034769,8473.95406,0.011100353,17
Teriparatide,DB06285,drug,0.454518541,3317.116931,0.00280225,24
Terlipressin,DB02638,drug,0.620371012,1808.518223,0.00732681,59
Terodiline,DB13725,drug,1.335993126,4768.459527,0.01659022,16
TERT,7015,gene/protein,0.191062102,17404.33907,7.15E-09,23
Tertatolol,DB13775,drug,1.605755376,8971.92825,0.020155643,58
tert-butanol,DB03900,drug,0.152862583,0,8.15E-11,32
"TERT-BUTYL {2-[(1,3-THIAZOL-2-YLAMINO)CARBONYL]PYRIDIN-3-YL}CARBAMATE",DB07902,drug,0.152581495,0,1.52E-11,41
TERT-BUTYL 2-CYANO-2-METHYLHYDRAZINECARBOXYLATE,DB08594,drug,0.151079281,0,1.82E-12,32
TERT-BUTYL 4-({[4-(BUT-2-YN-1-YLAMINO)PHENYL]SULFONYL}METHYL)-4-[(HYDROXYAMINO)CARBONYL]PIPERIDINE-1-CARBOXYLATE,DB07013,drug,0.150756794,0,6.91E-12,19
Tert-Butyl(1s)-1-Cyclohexyl-2-Oxoethylcarbamate,DB04523,drug,0.151079281,0,1.82E-12,47
Tertomotide,DB12747,drug,0.15049513,0,5.68E-11,36
Tesaglitazar,DB06536,drug,0.150783624,0,2.29E-10,41
Tesamorelin,DB08869,drug,0.153912498,0,5.17E-05,35
Tesevatinib,DB11973,drug,0.23809677,1042.264017,0.00028035,0
TESK1,7016,gene/protein,0.161208187,35223.33063,1.39E-09,29
TESK2,10420,gene/protein,0.161059502,607.483945,2.15E-09,49
Tesmilifene,DB04905,drug,1.298487452,3600.138301,0.0169435,2
Tesofensine,DB06156,drug,0.151961869,0,3.05E-11,27
testicular cancer,5447,disease,0.415275436,0,0.00011599,15
testicular germ cell tumor,10274_10108,disease,5.462315414,306.4380368,0.00011615,39
testicular seminoma,3669,disease,4.502657463,125.0449656,0.00011622,39
testicular teratoma,18193_6448,disease,4.966196209,0,0.00011609,21
Testolactone,DB00894,drug,1.077048365,349.284321,0.0163358,16
Testosterone,DB00624,drug,2.03965794,54887.50454,0.026459964,7
Testosterone cypionate,DB13943,drug,2.062749238,46545.40527,0.02676012,16
Testosterone enantate benzilic acid hydrazone,DB13947,drug,0.361460761,157.5211916,0.00208739,17
Testosterone enanthate,DB13944,drug,2.227589485,57747.5226,0.02784874,16
Testosterone propionate,DB01420,drug,1.514905969,29423.29129,0.02008921,16
Testosterone succinate,DB08619,drug,0.387132423,234.8700237,0.00242446,16
Testosterone undecanoate,DB13946,drug,2.328573719,74722.61463,0.03036414,16
Tetanus Immune Globulin,DB11604,drug,0.775447143,2.711075215,0.00104473,58
Tetomilast,DB05298,drug,0.150470576,0,5.08E-11,5
Tetrabenazine,DB04844,drug,1.142308838,4565.558187,0.015593422,52
Tetrabromo-2-Benzotriazole,DB04462,drug,0.15041342,0,2.01E-10,51
Tetrabutylammonium Ion,DB01851,drug,0.150594146,0,6.94E-12,24
Tetracaine,DB09085,drug,0.253025355,571.6742731,0.000813,2
Tetrachlorodecaoxide,DB05389,drug,0.158469118,0,1.15E-11,31
Tetracosactide,DB01284,drug,0.260894681,651.8138227,0.00191368,24
Tetracycline,DB00759,drug,1.832469749,37268.30175,0.020904702,58
Tetradecyl hydrogen sulfate (ester),DB11328,drug,1.041666774,2870.612932,0.01632595,52
Tetraethylammonium,DB08837,drug,0.177355987,10.71942242,3.60E-07,38
Tetraferric tricitrate decahydrate,DB14520,drug,0.385915227,3971.356396,0.0013772,18
Tetrafluoroaluminate Ion,DB04444,drug,0.163057225,0,5.31E-11,31
Tetrahydrocannabivarin,DB11755,drug,1.470770506,4763.144243,0.02374703,28
Tetrahydrofolic acid,DB00116,drug,0.354125796,10266.0891,0.00042586,52
Tetrahydrogestrinone,DB06870,drug,0.150367355,0,3.66E-10,47
Tetrahydropalmatine,DB12093,drug,2.249521311,15649.63158,0.03102865,28
Tetraiodothyroacetic acid,DB01751,drug,0.150550616,0,1.84E-11,45
Tetramethylammonium,DB03095,drug,0.152203863,0,9.91E-12,11
Tetrandrine,DB14066,drug,1.555162035,26145.2421,0.01643919,44
Tetrastearoyl cardiolipin,DB03429,drug,0.150722015,0,2.12E-11,40
Tetrathiomolybdate,DB05088,drug,0.194163425,5397.970406,4.23E-05,47
Tetrazepam,DB13324,drug,0.999428596,34.75214531,0.01578114,28
Tetrazolyl Histidine,DB02528,drug,0.153688769,0,2.52E-12,38
Tetrodotoxin,DB05232,drug,1.025220112,1284.92905,0.015726881,28
Tetryzoline,DB06764,drug,1.050932557,1119.730168,0.015780946,7
Teverelix,DB05624,drug,0.154950173,0,3.44E-13,36
TEX14,56155,gene/protein,0.155737541,342.862882,1.17E-09,20
Tezacaftor,DB11712,drug,0.724260027,1917.807992,0.007896,26
Tezacitabine,DB06433,drug,0.194467978,287.3867926,2.71E-05,0
Tezampanel,DB06354,drug,0.150790387,0,1.65E-11,53
Tezepelumab,DB15090,drug,0.775447143,2.711075215,0.00104473,25
Tezosentan,DB06558,drug,0.156754383,28.42072671,3.81E-05,18
TF,7018,gene/protein,0.23151941,143056.2255,3.06E-09,40
TFAM,7019,gene/protein,0.158961589,1500.112872,2.67E-09,43
TFAP2A,7020,gene/protein,0.273411751,87839.2636,1.03E-08,32
TFAP2C,7022,gene/protein,0.33534089,153569.5813,1.35E-08,49
TFB2M,64216,gene/protein,0.15880291,204.9971061,9.89E-10,51
TFG,10342,gene/protein,0.191055382,18007.80065,4.41E-09,9
TFPI,7035,gene/protein,0.157253944,7957.90591,1.20E-09,30
TFR2,7036,gene/protein,0.156164361,1615.947869,4.92E-10,49
TFRC,7037,gene/protein,0.191100659,50933.8917,4.67E-09,56
TG100-115,DB05552,drug,0.151071452,0,8.28E-11,12
TG-100801,DB05075,drug,0.151953224,0,2.80E-10,36
TG4010,DB06584,drug,0.542686303,4323.843933,0.00358552,18
TGFB1,7040,gene/protein,0.247396293,223796.0538,7.08E-09,9
TGFB1I1,7041,gene/protein,0.173495339,2683.155633,3.22E-09,12
TGFB2,7042,gene/protein,0.163307162,3757.251679,2.30E-09,6
TGFB3,7043,gene/protein,0.169116097,5661.524769,6.93E-09,12
TGFBR1,7046,gene/protein,0.205125107,52533.07585,1.36E-08,9
TGFBR2,7048,gene/protein,0.247280511,50583.9786,1.69E-08,30
TGFBR3,7049,gene/protein,0.165352482,650.2586966,5.67E-10,14
TGFBRAP1,9392,gene/protein,0.15968265,803.0347967,1.05E-09,36
TGIF1,7050,gene/protein,0.164277837,1026.373252,3.76E-09,34
TGIF2,60436,gene/protein,0.152184433,51.29498459,7.52E-10,9
TGM1,7051,gene/protein,0.169723329,2208.048435,7.16E-10,40
TGM2,7052,gene/protein,0.185780188,22372.13021,6.16E-09,4
TGOLN2,10618,gene/protein,0.17011265,2507.030914,2.46E-09,43
TH,7054,gene/protein,0.162432204,13022.37362,2.61E-09,56
Thalidomide,DB01041,drug,2.359364774,97101.30711,0.029510747,25
THAP5,168451,gene/protein,0.154433932,88.6779223,7.60E-10,21
THAP7,80764,gene/protein,0.199966891,10289.52083,5.93E-09,19
THBD,7056,gene/protein,0.162501941,8239.216186,3.93E-10,23
THBS1,7057,gene/protein,0.181951261,27969.95024,2.09E-09,4
THBS2,7058,gene/protein,0.152118397,271.829991,4.11E-10,21
"theca steroid-producing cell malignant tumor of ovary, not further specified",20543,disease,13.05902086,0,0.00034548,8
Thenalidine,DB04826,drug,0.162007157,0.01159737,0.00015771,59
Thenoyltrifluoroacetone,DB04795,drug,0.154459174,56.7481766,1.52E-05,15
Theobromine,DB01412,drug,1.549313163,10742.91893,0.020585052,52
Theodrenaline,DB12927,drug,1.68295198,28613.37968,0.02149609,25
Theophylline,DB00277,drug,1.73844537,46293.09236,0.02008348,16
Thiabendazole,DB00730,drug,1.373471821,3323.631935,0.020160721,16
Thiacloprid,DB08620,drug,0.15107316,0,2.98E-12,53
Thiamine,DB00152,drug,0.241764263,6597.140103,0.00137363,26
Thiamphenicol,DB08621,drug,0.183010588,1.635162339,0.00033501,18
Thiamylal,DB01154,drug,1.869445106,13713.1961,0.0266259,7
Thiazinam,DB13420,drug,1.213292174,1926.611038,0.01798737,28
"Thieno[2,3-B]Pyridine-2-Carboxamidine",DB03876,drug,0.151833203,0,9.06E-12,57
"THIENO[3,2-B]PYRIDINE-2-SULFONIC ACID [1-(1-AMINO-ISOQUINOLIN-7-YLMETHYL)-2-OXO-PYRROLDIN-3-YL]-AMIDE",DB07261,drug,0.150707581,0,4.60E-12,19
"THIENO[3,2-B]PYRIDINE-2-SULFONIC ACID [2-OXO-1-(1H-PYRROLO[2,3-C]PYRIDIN-2-YLMETHYL)-PYRROLIDIN-3-YL]-AMIDE",DB08426,drug,0.150707581,0,4.60E-12,57
Thiethylperazine,DB00372,drug,1.951022188,11689.09052,0.030064866,25
Thimerosal,DB11590,drug,0.166529554,45.5830479,2.46E-06,55
THIO-ATPA,DB04798,drug,0.150598902,0,4.25E-11,39
Thiocitrulline,DB03953,drug,0.150386779,0,7.19E-11,43
Thiocolchicoside,DB11582,drug,1.009299467,2980.408058,0.015766991,16
Thiocoumarin,DB02462,drug,0.150386779,0,7.19E-11,43
Thiodigalactoside,DB04396,drug,0.15056414,0,2.64E-11,6
Thionicotinamide-Adenine-Dinucleotide,DB03893,drug,0.150453503,0,9.60E-11,41
Thiopental,DB00599,drug,2.026985441,21408.23097,0.027139364,28
"THIOPHENE-2,5-DISULFONIC ACID 2-AMIDE-5-(4-METHYL-BENZYLAMIDE)",DB07363,drug,0.150737685,0,2.16E-12,22
Thiopropazate,DB13557,drug,1.053667776,284.1628083,0.016364555,7
Thioproperazine,DB01622,drug,1.720366027,8416.311084,0.025791945,7
Thiopyrophosphate,DB02423,drug,0.281828446,63.30447025,0.00034878,59
Thioridazine,DB00679,drug,2.219822869,17115.35955,0.03130935,28
Thiorphan,DB08626,drug,0.150875541,0,4.11E-12,5
Thiosalicylic acid,DB14026,drug,0.675947837,932.039777,0.00591412,17
Thiostrepton,DB11467,drug,0.183010588,1.635162339,0.00033501,59
Thiosulfuric acid,DB09499,drug,0.160407265,2343.668761,2.94E-05,52
Thiotepa,DB04572,drug,1.635670066,22378.81852,0.01716506,17
Thiothixene,DB01623,drug,1.668749608,7130.028093,0.023442878,16
THOC3,84321,gene/protein,0.163164192,1286.629683,2.99E-09,47
THOC5,8563,gene/protein,0.172014543,1381.1955,1.39E-09,56
Thonzonium,DB09552,drug,0.150818022,0,1.40E-11,38
Thonzylamine,DB11235,drug,1.301043946,2571.478374,0.01902372,7
THRA,7067,gene/protein,0.186295112,32589.39567,5.50E-09,14
THRAP3,9967,gene/protein,0.18254869,4300.824659,6.05E-09,31
THRB,7068,gene/protein,0.184076554,54457.35425,5.15E-09,35
Threonine,DB00156,drug,0.15895819,0,3.50E-11,46
Thrombin,DB11300,drug,0.167397688,0,7.43E-11,47
Thrombin alfa,DB11572,drug,0.154402318,0,4.94E-11,11
thrombocythemia,8554_13794_11173_5029_10301,disease,12.65099859,0,3.02E-05,41
thrombocytopenic purpura,18896_43768,disease,0.212559671,0,7.78E-06,45
Thrombomodulin Alfa,DB05777,drug,0.151738779,0,1.13E-11,10
Thrombopoietin,DB06534,drug,0.167911067,23.94785545,0.0001032,55
THRSP,7069,gene/protein,0.15891996,759.6486142,1.59E-09,13
THTPA,79178,gene/protein,0.157330822,1148.507874,1.73E-09,49
Thymalfasin,DB04900,drug,0.191246377,0.019387545,2.71E-05,2
Thymectacin,DB05116,drug,0.151004668,0,1.45E-11,38
Thymidine,DB04485,drug,0.156434482,0,4.18E-13,12
Thymidine 5'-triphosphate,DB02452,drug,0.156927563,0,4.24E-11,19
Thymidine monophosphate,DB01643,drug,0.163870548,0,1.53E-11,53
Thymidine-5'- Diphosphate,DB03103,drug,0.150477512,0,2.86E-11,46
Thymol,DB02513,drug,0.173128295,0,0.00028569,0
THYN1,29087,gene/protein,0.151403712,8.021768384,2.03E-10,1
"Thyroid, porcine",DB09100,drug,1.003357624,26275.32819,0.00765299,16
thyrotoxicosis,10138,disease,6.82233043,152.8535198,0.00018577,22
Thyrotropin,DB15263,drug,0.475815952,1331.551022,0.00341708,16
Thyrotropin alfa,DB00024,drug,0.987594315,14957.83904,0.00762668,16
TIA1,7072,gene/protein,0.168485464,1392.360993,1.77E-09,49
TIAF1,9220,gene/protein,0.153115835,47.92128148,7.18E-10,21
Tiagabine,DB00906,drug,1.248327233,4534.305489,0.01786764,16
TIAL1,7073,gene/protein,0.179732221,6220.487535,3.30E-09,10
TIAM1,7074,gene/protein,0.160356519,1098.741103,2.10E-09,49
Tiamulin,DB11468,drug,0.183010588,1.635162339,0.00033501,59
Tianeptine,DB09289,drug,2.25305481,19906.32139,0.031233412,28
Tiapride,DB13025,drug,1.829517049,14199.62356,0.028886661,28
Tiaprofenic acid,DB01600,drug,1.94260314,10924.04912,0.0271249,58
Tiazofurine,DB13243,drug,0.191246377,0.019387545,2.71E-05,0
Tibolone,DB09070,drug,1.018748031,29491.19723,0.00390314,42
Ticagrelor,DB08816,drug,1.611067254,17251.99951,0.017184034,7
Ticalopride,DB06422,drug,0.154070129,2.030906772,2.12E-05,18
TICAM1,148022,gene/protein,0.171820952,3586.666855,3.50E-09,39
TICAM2,353376,gene/protein,0.162954782,2220.703155,2.64E-09,31
Ticarcillin,DB01607,drug,0.370399235,414.3453218,0.00229448,39
Ticlopidine,DB00208,drug,2.279870783,19543.9618,0.03003262,16
Tideglusib,DB12129,drug,0.150410568,0,1.98E-10,39
Tiemonium iodide,DB13666,drug,1.290244426,1486.705824,0.018986486,7
Tienilic acid,DB04831,drug,1.667282981,5819.598991,0.025557769,50
TIFA,92610,gene/protein,0.165983052,1897.900379,4.05E-09,51
Tifuvirtide,DB05413,drug,0.151166309,0,6.26E-12,8
Tigapotide,DB04985,drug,0.150593816,0,6.30E-11,22
Tigatuzumab,DB15101,drug,0.777907291,9.850502048,0.00104514,25
TIGD2,166815,gene/protein,0.150562097,0,1.40E-10,49
TIGD5,84948,gene/protein,0.163092675,2023.271403,1.14E-09,31
TIGD7,91151,gene/protein,0.152825766,42.3376052,1.95E-10,11
Tigecycline,DB00560,drug,0.597983604,2764.008434,0.00279808,19
Tildipirosin,DB11470,drug,0.531509069,283.107659,0.0049801,52
Tildrakizumab,DB14004,drug,0.780756248,1798.728286,0.00104473,42
Tiletamine,DB11549,drug,1.208315077,2147.009217,0.01726165,28
Tilidine,DB13787,drug,1.225406675,1588.433793,0.018327319,58
Tilmicosin,DB11471,drug,0.531509069,283.107659,0.0049801,2
Tiludronic acid,DB01133,drug,1.407860296,97482.5452,0.016818496,16
TIMELESS,8914,gene/protein,0.165129925,1454.803463,1.80E-09,56
Timepidium,DB13850,drug,1.290244426,1486.705824,0.018986486,28
TIMM13,26517,gene/protein,0.174530176,5535.39453,2.66E-09,46
TIMM44,10469,gene/protein,0.165581544,1247.703058,1.42E-09,39
TIMM8B,26521,gene/protein,0.155001811,283.2637332,8.76E-10,32
Timolol,DB00373,drug,2.55769098,40496.58737,0.03335923,7
TIMP1,7076,gene/protein,0.157843561,4010.857178,1.55E-09,39
TIMP2,7077,gene/protein,0.156278675,1412.455874,3.98E-10,5
TIMP3,7078,gene/protein,0.161159886,27839.25421,5.52E-10,4
TIMP4,7079,gene/protein,0.151698629,31.14632391,3.36E-11,49
TINF2,26277,gene/protein,0.226625025,34268.6436,5.71E-09,50
Tinidazole,DB00911,drug,1.19773185,1286.522702,0.018095116,52
Tinoridine,DB13001,drug,1.882766518,6180.823484,0.027066228,58
Tinzaparin,DB06822,drug,1.369192598,16314.62333,0.013968178,16
Tiocarlide,DB13608,drug,0.15,0,3.99E-71,55
Tioclomarol,DB13451,drug,2.578892743,65530.33865,0.01870517,58
Tioconazole,DB01007,drug,0.180269911,107.6425253,0.00023897,9
Tioguanine,DB00352,drug,0.871304667,2511.806296,0.00609242,16
Tiopronin,DB06823,drug,1.041358488,2983.892717,0.01632595,39
Tiotropium,DB01409,drug,2.220789013,16766.08873,0.03329918,7
Tipifarnib,DB04960,drug,0.191447419,12.65962372,2.71E-05,24
Tipiracil,DB09343,drug,0.255079688,507.7761054,0.00133795,13
Tipranavir,DB00932,drug,1.533800452,9700.49073,0.017316298,3
Tiracizine,DB13635,drug,0.343335496,0.048427837,0.00294726,52
TIRAP,114609,gene/protein,0.18427328,6580.296328,8.53E-09,41
Tirapazamine,DB04858,drug,0.191797218,60.27966511,2.71E-05,31
Tiratricol,DB03604,drug,0.988864199,12723.301,0.00765299,44
Tirofiban,DB00775,drug,1.407337904,8157.715699,0.01980251,52
Tirzepatide,DB15171,drug,0.929386005,1399.329136,0.010335244,58
Tisagenlecleucel,DB13881,drug,0.150692161,0,2.41E-11,12
Tislelizumab,DB14922,drug,0.151019643,0,7.48E-12,21
Tisopurine,DB13807,drug,0.163412681,0.00490936,0.00028911,18
Titanium dioxide,DB09536,drug,0.204733366,3984.722295,1.77E-05,48
Tivantinib,DB12200,drug,0.15041813,0,1.38E-10,57
Tivozanib,DB11800,drug,0.191246377,81.46693749,2.71E-05,49
Tixocortol,DB09091,drug,1.911071533,44863.65702,0.022380443,25
Tizanidine,DB00697,drug,2.087671876,23004.36799,0.0284312,7
TK1,7083,gene/protein,0.215215439,63966.76204,5.26E-09,56
TK2,7084,gene/protein,0.151399608,5847.265611,5.13E-11,1
TKT,7086,gene/protein,0.171133793,2394.329871,3.18E-09,49
TLCD1,116238,gene/protein,0.158595578,821.3533389,1.82E-09,6
TLE1,7088,gene/protein,0.194796319,13090.94643,1.06E-08,9
TLR1,7096,gene/protein,0.162671477,1032.099086,7.26E-10,8
TLR10,81793,gene/protein,0.161167645,1136.35205,8.95E-10,40
TLR2,7097,gene/protein,0.191831209,30157.61231,5.08E-09,34
TLR3,7098,gene/protein,0.187434868,8419.805653,7.09E-09,39
TLR4,7099,gene/protein,0.223825746,160970.2116,1.04E-08,51
TLR5,7100,gene/protein,0.176202922,2204.99318,1.03E-09,19
TLR7,51284,gene/protein,0.158461451,14277.3802,2.67E-10,29
TLR8,51311,gene/protein,0.160203827,6236.146396,9.18E-10,10
TLR9,54106,gene/protein,0.16624323,22014.31568,1.67E-09,22
TLX3,30012,gene/protein,0.178374078,4481.613833,1.83E-09,47
TM2D3,80213,gene/protein,0.16209257,1700.707081,3.61E-10,19
TM4SF1,4071,gene/protein,0.160717076,554.3668883,2.52E-09,15
TM6SF2,53345,gene/protein,0.15818644,188.7416268,9.35E-11,21
TM9SF1,10548,gene/protein,0.158328243,926.5637962,1.09E-09,53
TMA16,55319,gene/protein,0.157800719,445.8605053,8.55E-10,40
TMC-310911,DB15623,drug,0.261572939,108.7277078,0.0005611,18
TMC7,79905,gene/protein,0.154728654,95.80978059,5.89E-10,53
TMED10,10972,gene/protein,0.187375903,16135.23023,2.66E-09,56
TMED2,10959,gene/protein,0.20522104,11754.81833,2.48E-09,6
TMED7,51014,gene/protein,0.160837493,463.2376652,8.32E-10,38
TMED7-TICAM2,100302736,gene/protein,0.154119764,8.45505887,2.95E-10,4
TMEFF1,8577,gene/protein,0.155697348,118.9405349,5.44E-10,32
TMEM104,54868,gene/protein,0.153186235,18.62942661,1.18E-09,55
TMEM120A,83862,gene/protein,0.168280193,1582.989104,5.05E-10,55
TMEM123,114908,gene/protein,0.154735531,147.932526,3.37E-10,5
TMEM128,85013,gene/protein,0.190057604,6431.766466,7.97E-10,33
TMEM131,23505,gene/protein,0.165715493,3101.68267,6.06E-10,4
TMEM135,65084,gene/protein,0.152027937,33.13467362,1.14E-10,54
TMEM140,55281,gene/protein,0.189276968,8430.313865,8.18E-10,4
TMEM141,85014,gene/protein,0.154373821,204.0801318,3.84E-10,45
TMEM143,55260,gene/protein,0.16057196,3451.038021,5.93E-10,53
TMEM14C,51522,gene/protein,0.176046926,4530.704884,1.13E-09,51
TMEM161A,54929,gene/protein,0.170017187,25680.82126,2.30E-09,43
TMEM167A,153339,gene/protein,0.15179903,36.96157789,1.20E-10,33
TMEM179B,374395,gene/protein,0.178133899,3973.243696,5.17E-10,41
TMEM184A,202915,gene/protein,0.187326147,26353.54505,6.86E-10,46
TMEM186,25880,gene/protein,0.155731271,575.6240192,6.35E-10,29
TMEM205,374882,gene/protein,0.161198043,2729.711001,1.03E-09,49
TMEM212,389177,gene/protein,0.153577729,54.90823095,9.83E-10,38
TMEM214,54867,gene/protein,0.166712836,4099.308888,1.36E-09,56
TMEM223,79064,gene/protein,0.166896991,2324.12993,2.36E-10,1
TMEM237,65062,gene/protein,0.214437329,12676.64819,5.02E-10,54
TMEM248,55069,gene/protein,0.162958999,3628.458075,1.55E-09,20
TMEM30A,55754,gene/protein,0.170266274,3484.96668,1.28E-09,31
TMEM30B,161291,gene/protein,0.177312921,4826.89064,7.57E-10,23
TMEM37,140738,gene/protein,0.157915276,854.017437,1.16E-09,9
TMEM41B,440026,gene/protein,0.151870143,13.62725448,1.91E-10,29
TMEM52B,120939,gene/protein,0.183709857,4677.658552,1.57E-09,51
TMEM9,252839,gene/protein,0.158982337,1136.290867,1.04E-09,5
TMEM97,27346,gene/protein,0.1881076,10621.50995,6.38E-10,21
TMPRSS11B,132724,gene/protein,0.170953031,2518.492759,2.97E-10,24
TMPRSS13,84000,gene/protein,0.150941697,0,1.02E-10,8
TMPRSS2,7113,gene/protein,0.170820541,4096.123236,8.30E-10,27
TMPRSS3,64699,gene/protein,0.162085991,1428.89373,8.20E-10,23
Tmr,DB03903,drug,0.150433626,0,7.89E-11,38
TMTC1,83857,gene/protein,0.151210207,14.71753631,3.94E-10,32
TMX1,81542,gene/protein,0.166752387,6123.842937,1.58E-09,8
TMX2,51075,gene/protein,0.206024809,14098.62825,1.68E-09,39
TNC,3371,gene/protein,0.166325981,19136.12177,6.11E-10,19
TNF,7124,gene/protein,0.246534212,473742.919,8.67E-09,38
TNFAIP1,7126,gene/protein,0.173347712,2923.845817,3.38E-09,24
TNFAIP3,7128,gene/protein,0.198233569,6567.794164,1.29E-08,5
TNFAIP6,7130,gene/protein,0.162508188,7391.896154,4.49E-10,29
TNFRSF10B,8795,gene/protein,0.189389335,24971.14882,5.18E-09,19
TNFRSF1A,7132,gene/protein,0.211576382,41452.40573,9.18E-09,56
TNFRSF1B,7133,gene/protein,0.171996836,7729.656339,2.62E-09,55
TNFRSF8,943,gene/protein,0.168661112,9082.114988,3.74E-09,22
TNFRSF9,3604,gene/protein,0.153436678,568.6296352,3.39E-10,12
TNFSF11,8600,gene/protein,0.160451114,10130.41098,7.50E-10,8
TNFSF12,8742,gene/protein,0.154899957,190.9232456,4.49E-10,4
TNFSF13,8741,gene/protein,0.154724816,198.0534271,4.10E-10,15
TNFSF13B,10673,gene/protein,0.160902102,3891.96118,6.42E-10,12
TNFSF14,8740,gene/protein,0.162300032,669.1413954,5.69E-10,57
TNFSF9,8744,gene/protein,0.168001355,2575.890419,8.08E-10,14
TNIK,23043,gene/protein,0.205965791,25684.78529,9.53E-09,14
TNIP1,10318,gene/protein,0.192642453,12677.55119,4.50E-09,20
TNIP2,79155,gene/protein,0.165463216,1773.677584,4.18E-09,27
TNIP3,79931,gene/protein,0.16825745,1286.407076,1.81E-09,8
TNK2,10188,gene/protein,0.19980569,26155.59456,1.28E-08,57
TNKS,8658,gene/protein,0.169259526,1974.247379,2.29E-09,50
TNKS2,80351,gene/protein,0.16537076,1645.508003,1.91E-09,27
TNN,63923,gene/protein,0.152597976,24.84755159,2.00E-10,57
TNNC1,7134,gene/protein,0.158830334,16217.21506,1.22E-09,19
TNNC2,7125,gene/protein,0.152528341,792.4804796,8.70E-11,55
TNNI2,7136,gene/protein,0.179750794,2249.163075,7.27E-10,40
TNNI3,7137,gene/protein,0.185216724,8650.2152,2.12E-09,6
TNNI3K,51086,gene/protein,0.185863591,4043.983037,2.29E-09,45
TNNT1,7138,gene/protein,0.171725063,1700.81357,1.84E-09,24
TNNT2,7139,gene/protein,0.158513111,431.0615262,1.20E-09,23
TNP1,7141,gene/protein,0.154523005,109.3636732,7.75E-10,21
TNP2,7142,gene/protein,0.160835249,679.3422434,5.42E-10,8
TNP-470,DB08633,drug,0.208308816,887.1971739,0.00010186,2
TNPO1,3842,gene/protein,0.186420463,6453.055682,3.17E-09,15
TNPO2,30000,gene/protein,0.186735058,12674.07763,2.38E-09,36
TNR,7143,gene/protein,0.152097758,53.31364214,2.48E-10,39
TNRC18,84629,gene/protein,0.157471404,424.9388764,1.99E-09,46
TNS2,23371,gene/protein,0.212441142,16617.65065,3.81E-09,43
TNX-901,DB05797,drug,0.779597346,796.2257844,0.00104514,25
TO-901317,DB07080,drug,0.153039201,0,4.20E-10,21
Tobramycin,DB00684,drug,1.234388493,7421.657623,0.016800341,45
Tocainide,DB01056,drug,0.742631163,924.3657493,0.00861844,2
Tocilizumab,DB06273,drug,2.05350863,55236.27596,0.01806798,42
Tocladesine,DB13046,drug,0.191246377,0.019387545,2.71E-05,17
Tocofersolan,DB11635,drug,0.172335545,339.6479336,0.0001503,46
Tocopherol,DB11251,drug,1.053309302,34501.89889,0.016335758,2
Tocopherylquinone,DB14094,drug,1.626324793,15624.70866,0.01927108,25
Tocotrienol,DB12647,drug,0.155856417,0,5.40E-06,59
Tofacitinib,DB08895,drug,1.254840227,21957.24851,0.012019908,58
Tofisopam,DB08811,drug,1.206223422,5895.339825,0.018266607,16
Tofogliflozin,DB11824,drug,0.92939074,1451.475651,0.010335244,45
Tolazamide,DB00839,drug,2.158099662,27457.34735,0.026867312,24
Tolazoline,DB00797,drug,0.992844896,5498.862584,0.0152914,16
Tolbutamide,DB01124,drug,2.275158645,37150.39186,0.027670982,58
Tolcapone,DB00323,drug,2.100779445,23946.54862,0.03211188,25
Tolevamer,DB01344,drug,0.253758556,96.66159324,0.00064751,59
Tolfenamic acid,DB09216,drug,2.253773288,20627.77923,0.02995362,28
TOLLIP,54472,gene/protein,0.183522136,6370.368566,3.93E-09,34
Tolmetin,DB00500,drug,1.924238848,14510.85555,0.027156674,16
Tolonidine,DB13429,drug,0.892050864,315.0892767,0.013790916,7
Toloxatone,DB09245,drug,2.317977979,15059.89294,0.03439217,29
Tolperisone,DB06264,drug,0.999775571,65.01017097,0.01578114,7
Tolrestat,DB02383,drug,0.155797257,0,2.32E-11,21
Tolterodine,DB01036,drug,2.558040887,24698.23569,0.03637983,28
Tolvaptan,DB06212,drug,1.873246134,21829.50516,0.024420793,7
Tomaralimab,DB15415,drug,0.775447143,2.711075215,0.00104473,42
TOMM20,9804,gene/protein,0.184763467,9484.223772,1.89E-09,47
TOMM22,56993,gene/protein,0.169878337,1952.357593,1.89E-09,22
TOMM40,10452,gene/protein,0.177681082,5049.539242,2.26E-09,46
TOMM40L,84134,gene/protein,0.155601907,327.460399,1.19E-09,9
Tonapofylline,DB12569,drug,0.151533735,0,1.99E-12,57
TONSL,4796,gene/protein,0.157408964,236.7540697,1.26E-09,27
TOP1,7150,gene/protein,0.185212942,70485.64977,6.38E-09,50
TOP2A,7153,gene/protein,0.196072823,124854.7783,1.06E-08,14
TOP2B,7155,gene/protein,0.172875301,21766.6582,4.70E-09,56
Topiramate,DB00273,drug,2.137637153,68255.74381,0.031238374,7
Topiroxostat,DB01685,drug,1.579491981,6435.437061,0.022495508,16
Topotecan,DB01030,drug,2.189667924,38184.13421,0.025149328,58
TOR1AIP1,26092,gene/protein,0.182156208,5774.477847,2.81E-09,30
Torasemide,DB00214,drug,2.187649365,18872.62202,0.030247073,16
Torcetrapib,DB06281,drug,0.151104591,0,3.38E-12,5
Toremifene,DB00539,drug,1.016267272,15371.6689,0.01077704,52
Toripalimab,DB15043,drug,0.151019643,0,7.48E-12,46
Tosedostat,DB11781,drug,0.150779115,0,1.42E-11,40
Tositumomab,DB00081,drug,2.170343099,64378.22705,0.02057936,44
Tosylchloramide,DB14708,drug,0.153899335,0.02078091,2.01E-05,0
Tovetumab,DB12609,drug,0.777907291,9.850502048,0.00104514,25
Toyocamycin,DB13916,drug,0.191246377,0.019387545,2.71E-05,16
TP-508,DB05309,drug,0.151654683,0,3.71E-12,10
TP53,7157,gene/protein,0.424995365,507019.984,4.13E-08,1
TP53BP1,7158,gene/protein,0.189534934,6347.380243,6.30E-09,14
TP53BP2,7159,gene/protein,0.193158883,8856.81967,5.17E-09,30
TP53INP1,94241,gene/protein,0.154292005,63.10014734,7.03E-10,8
TP53INP2,58476,gene/protein,0.154086221,89.58619793,4.64E-10,27
TP63,8626,gene/protein,0.183814363,8876.317843,7.29E-09,20
TP73,7161,gene/protein,0.22860611,44378.62142,1.59E-08,4
TPD52,7163,gene/protein,0.161187723,1549.987574,1.42E-09,53
TPD52L2,7165,gene/protein,0.169513371,10127.7252,2.70E-09,24
TPH1,7166,gene/protein,0.15390469,9259.68063,5.81E-10,1
TPH2,121278,gene/protein,0.152102192,2853.204562,5.94E-10,56
TPI1,7167,gene/protein,0.180445639,58095.73753,3.08E-09,22
TPK1,27010,gene/protein,0.151969696,5626.478322,4.75E-10,1
TPM1,7168,gene/protein,0.216157282,30587.5191,5.82E-09,20
TPM2,7169,gene/protein,0.187871139,13613.28677,2.73E-09,5
TPMT,7172,gene/protein,0.150379847,57.52339144,1.83E-10,30
TPPP,11076,gene/protein,0.155208172,174.2783705,1.08E-09,11
TPR,7175,gene/protein,0.191275163,8220.860934,5.07E-09,49
TPRG1L,127262,gene/protein,0.151459145,11.47430293,1.43E-10,49
TPSAB1,7177,gene/protein,0.15398915,11626.91532,7.51E-10,57
TPSB2,64499,gene/protein,0.157440928,19159.91035,2.88E-10,46
TPSD1,23430,gene/protein,0.150615768,0,3.61E-10,8
TPT1,7178,gene/protein,0.16975943,6054.89708,3.94E-09,4
TPTEP1,387590,gene/protein,0.153126821,15.02037369,8.62E-10,46
TPX2,22974,gene/protein,0.178131737,3920.009565,4.08E-09,1
Trabectedin,DB05109,drug,1.85910447,21397.95366,0.020126675,16
TRAC,28755,gene/protein,0.168934184,3413.74922,4.57E-10,45
TRADD,8717,gene/protein,0.167921234,962.9051639,3.44E-09,22
TRAF1,7185,gene/protein,0.252661469,42537.79984,8.46E-09,12
TRAF2,7186,gene/protein,0.348123076,159686.5225,1.89E-08,13
TRAF3,7187,gene/protein,0.240948342,31920.48288,1.37E-08,55
TRAF3IP2,10758,gene/protein,0.178509127,3327.898359,5.80E-09,51
TRAF6,7189,gene/protein,0.300359855,80921.29476,2.01E-08,47
TRAIP,10293,gene/protein,0.169630961,1259.615513,4.20E-09,43
Tralokinumab,DB12169,drug,0.775447143,2.711075215,0.00104473,58
Tramadol,DB00193,drug,2.682366674,60916.3145,0.035878213,7
Tramazoline,DB13064,drug,1.012341996,751.9103297,0.015386801,57
Trametinib,DB08911,drug,1.412946087,8700.430503,0.02028284,16
Tramiprosate,DB06527,drug,1.18707699,1607.58235,0.01722659,28
Trandolapril,DB00519,drug,1.214544489,5826.116413,0.01672281,7
Trandolaprilat,DB14209,drug,0.5752812,1275.574529,0.00534068,52
Tranexamic acid,DB00302,drug,0.356682782,1516.138838,0.00073923,18
Tranilast,DB07615,drug,1.680945452,14058.52535,0.02044834,16
"TRANS-(1S,2S)-2-AMINO-1,2,3,4-TETRAHYDRONAPHTHALEN-1-OL",DB08654,drug,0.151038323,0,5.46E-12,46
TRANS-2-(DIMETHYLPHENYLSILYL)-PIPERIDINE-N-OXIDE,DB07672,drug,0.150607374,0,7.62E-12,22
trans-2-hydroxycinnamic acid,DB01650,drug,0.255351996,13.99718711,0.00099766,0
TRANS-4-(GUANIDINOMETHYL)-CYCLOHEXANE-L-YL-D-3-CYCLOHEXYLALANYL-L-AZETIDINE-2-YL-D-TYROSINYL-L-HOMOARGININAMIDE,DB04697,drug,0.150459983,0,9.12E-12,21
Trans-6-(2-Phenylcyclopropyl)-Naphthalene-2-Carboxamidine,DB03476,drug,0.15066403,0,6.70E-12,41
Transcrocetinate,DB05974,drug,0.191246377,0.019387545,2.71E-05,2
transitional cell carcinoma,6474,disease,1.353482772,0,1.14E-05,45
Trans-O-Hydroxy-Alpha-Methyl Cinnamate,DB01662,drug,0.152424093,0,2.58E-13,27
Tranylcypromine,DB00752,drug,2.23678162,15495.344,0.03184386,28
TRAP1,10131,gene/protein,0.17028888,2755.882791,3.62E-09,50
Trapidil,DB09283,drug,0.743135487,12520.36358,0.00754428,59
TRAPPC10,7109,gene/protein,0.157558738,227.6331883,6.61E-10,15
TRAPPC13,80006,gene/protein,0.154239806,35.97209832,1.20E-09,54
TRAPPC4,51399,gene/protein,0.160190366,3088.04879,2.12E-09,32
TRAPPC6A,79090,gene/protein,0.16960801,2630.380846,1.11E-09,51
TRAPPC6B,122553,gene/protein,0.163655074,3614.31213,2.44E-09,14
Trastuzumab,DB00072,drug,1.745911073,88384.21242,0.00460481,42
Trastuzumab deruxtecan,DB14962,drug,0.786122319,17438.8941,0.00104514,42
Trastuzumab emtansine,DB05773,drug,2.121793078,79726.07531,0.01564417,42
TRAV12-3,28672,gene/protein,0.157294462,46.76343861,7.99E-11,30
Travoprost,DB00287,drug,0.49308841,1394.995273,0.0063622,40
TRAZEOLIDE,DB08647,drug,0.150594146,0,6.94E-12,39
Trazodone,DB00656,drug,2.417317686,28915.4636,0.032728765,28
TRBC2,28638,gene/protein,0.161680432,449.4319588,2.18E-10,21
TRBV12-4,28576,gene/protein,0.154123758,4.344117649,8.08E-11,4
TRC093,DB06356,drug,0.193102378,0,2.53E-14,50
TRDMT1,1787,gene/protein,0.157147635,2332.79427,4.95E-10,57
Trebananib,DB12056,drug,0.20745307,32.39863117,0.00010186,2
Tregalizumab,DB13073,drug,0.777907291,9.850502048,0.00104514,25
Trelagliptin,DB15323,drug,0.15,0,3.99E-71,55
TREM1,54210,gene/protein,0.150538957,68.54215972,8.10E-11,46
Tremelimumab,DB11771,drug,0.81743788,2001.455174,0.00107183,42
TREML2,79865,gene/protein,0.153506344,13.63054759,3.42E-11,23
"Trencam-3,2-Hopo",DB04476,drug,0.150536805,0,1.54E-11,46
Trenonacog alfa,DB13201,drug,0.30504197,168.6433361,0.00120876,2
Treosulfan,DB11678,drug,0.191246377,0.019387545,2.71E-05,17
Trepibutone,DB13311,drug,0.15,0,3.99E-71,45
Treprostinil,DB00374,drug,1.65378727,13507.95148,0.023428931,7
Trestolone,DB05830,drug,0.714757456,1136.876447,0.00655273,58
Trestolone acetate,DB13958,drug,0.361460761,157.5211916,0.00208739,2
Tretamine,DB14031,drug,0.54648855,3283.780789,0.00579311,46
Tretazicar,DB04253,drug,0.192229663,273.3312979,2.71E-05,17
Tretinoin,DB00755,drug,2.487317427,233319.9876,0.018966533,44
Tretoquinol,DB13692,drug,1.034067042,779.4308385,0.01565867,7
TREX2,11219,gene/protein,0.155151416,146.500994,2.33E-10,33
TRHR,7201,gene/protein,0.155281896,320.8884778,1.92E-10,20
Triacetylchitotriose,DB04194,drug,0.150888588,0,1.24E-11,6
Triamcinolone,DB00620,drug,1.98895653,57265.38266,0.019159901,37
Triamterene,DB00384,drug,1.843373241,9506.89347,0.02611752,16
Triaziquone,DB13304,drug,0.191246377,0.019387545,2.71E-05,52
Triazolam,DB00897,drug,2.177952505,14854.84413,0.03204705,28
Triazolopyridine,DB04797,drug,0.150382517,0,1.90E-10,11
TRIAZOLOPYRIMIDINE,DB04669,drug,0.150398889,0,1.68E-10,45
TRIB1,10221,gene/protein,0.170597774,3454.739778,3.91E-09,38
TRIB2,28951,gene/protein,0.167572558,3111.376989,4.08E-09,51
TRIB3,57761,gene/protein,0.27973434,64619.77594,7.13E-09,36
Tributyltin,DB08601,drug,0.150879599,0,2.35E-10,9
Tricaine,DB11552,drug,0.992376657,3.844875753,0.015717914,7
Tricarballylic acid,DB04562,drug,0.150640902,0,1.46E-11,57
Tricetin,DB08230,drug,0.150455891,0,6.96E-11,6
trichinosis,5992,disease,0.32032604,0,0.0001563,51
Trichlormethiazide,DB01021,drug,2.295423683,32049.3164,0.029908321,7
Trichloroacetate,DB11152,drug,0.15,0,3.99E-71,19
Trichloroethylene,DB13323,drug,1.466372262,1953.167566,0.023686745,58
Trichostatin A,DB04297,drug,0.15109293,0,6.98E-11,22
Triclabendazole,DB12245,drug,1.483144917,3885.17132,0.019492964,48
Triclocarban,DB11155,drug,0.15176432,0,1.61E-11,15
Triclofos,DB06753,drug,0.99594897,8.481282091,0.01577578,7
Triclosan,DB08604,drug,0.151737196,0,6.58E-10,47
Tridihexethyl,DB00505,drug,1.29258663,2545.66538,0.01898649,9
Tridolgosir,DB02034,drug,0.151911519,0,1.99E-12,50
Triethyl phosphate,DB03347,drug,0.150410041,0,3.28E-10,13
Triethylenetetramine,DB06824,drug,1.212237165,16809.69018,0.016509099,6
Trifarotene,DB12808,drug,0.153116021,0.762744099,2.09E-10,12
Trifluoperazine,DB00831,drug,2.008488606,22037.27938,0.02882071,7
trifluoro-[hydroxy-[hydroxy-[2-(N-methyl-2-nitro-anilino)ethoxy]phosphoryl]oxy-phosphoryl]oxy-beryllium(1-),DB08276,drug,0.15095802,0,1.38E-11,54
Trifluoroacetonyl coenzyme A,DB01969,drug,0.151572189,0,1.03E-11,9
Trifluoroethanol,DB03226,drug,0.154691225,0,9.33E-11,50
Trifluperidol,DB13552,drug,1.063951955,354.766961,0.01644379,28
Triflupromazine,DB00508,drug,1.626975136,10708.93152,0.02212329,7
Trifluridine,DB00432,drug,1.658274775,31100.64509,0.0198088,16
Triflusal,DB08814,drug,1.100302792,14523.77745,0.00988673,16
Triglu-5-formyl-tetrahydrofolate,DB02067,drug,0.346809068,2161.794772,0.00042586,2
Triglyme,DB02078,drug,0.151817639,0,1.91E-10,39
Triheptanoin,DB11677,drug,0.156073345,4.249583769,5.40E-06,8
Trihexyphenidyl,DB00376,drug,1.295165557,4498.271866,0.01901074,53
TRIL,9865,gene/protein,0.152280434,56.38422723,3.03E-10,41
Trilostane,DB01108,drug,1.557420242,53719.88806,0.01321106,44
TRIM13,10206,gene/protein,0.159054217,4268.611045,1.46E-09,50
TRIM14,9830,gene/protein,0.190630589,6033.771156,2.19E-09,29
TRIM23,373,gene/protein,0.228589575,17372.44789,5.39E-09,22
TRIM24,8805,gene/protein,0.183081593,5726.928006,6.15E-09,29
TRIM26,7726,gene/protein,0.172107173,2485.132534,2.30E-09,49
TRIM28,10155,gene/protein,0.236420242,37164.89928,1.34E-08,31
TRIM29,23650,gene/protein,0.184854587,5775.774086,2.25E-09,53
TRIM31,11074,gene/protein,0.157641385,47.677563,7.66E-10,46
TRIM32,22954,gene/protein,0.19048698,9222.394697,3.95E-09,43
TRIM33,51592,gene/protein,0.17271875,3323.230049,5.24E-09,21
TRIM35,23087,gene/protein,0.177358146,2364.36292,1.46E-09,6
TRIM37,4591,gene/protein,0.197851987,16602.9877,6.64E-09,46
TRIM40,135644,gene/protein,0.153522458,96.62439413,9.11E-10,15
TRIM41,90933,gene/protein,0.211699622,21646.94485,4.48E-09,21
TRIM44,54765,gene/protein,0.170080334,2473.155636,1.54E-09,41
TRIM5,85363,gene/protein,0.183970023,1725.620104,3.45E-09,56
TRIM54,57159,gene/protein,0.218033274,15649.97758,3.65E-09,51
TRIM6,117854,gene/protein,0.15582546,133.7557923,1.50E-09,54
TRIM63,84676,gene/protein,0.209031853,15598.16512,3.02E-09,9
TRIM69,140691,gene/protein,0.174553073,1431.3569,1.06E-09,55
Trimazosin,DB09206,drug,0.968394178,550.1510291,0.014841022,49
Trimebutine,DB09089,drug,2.633660327,42124.1713,0.03617687,28
Trimesic acid,DB08632,drug,0.15149262,0,1.90E-11,11
Trimetazidine,DB09069,drug,0.157464229,1552.55116,7.11E-05,11
Trimethadione,DB00347,drug,2.462441458,26152.7178,0.03185244,28
Trimethaphan,DB01116,drug,1.44321385,9607.333422,0.01979745,28
Trimethobenzamide,DB00662,drug,1.004384096,43.57614607,0.015875478,28
Trimethoprim,DB00440,drug,1.726802649,10028.39009,0.023992276,16
Trimethyllysine,DB03977,drug,0.151059868,0,7.28E-11,21
Trimetrexate,DB01157,drug,1.127870239,3210.169631,0.016349072,16
Trimipramine,DB00726,drug,2.468335952,35390.9372,0.033420071,7
TRIO,7204,gene/protein,0.160704557,706.6030653,2.92E-09,40
TRIOBP,11078,gene/protein,0.162986774,901.8928222,1.74E-09,11
Trioxsalen,DB04571,drug,0.21703689,126.7748955,0.00029388,13
TRIP10,9322,gene/protein,0.194212852,11697.52094,1.13E-08,47
TRIP12,9320,gene/protein,0.164908023,1233.427794,2.21E-09,49
TRIP13,9319,gene/protein,0.258618016,30845.18838,3.49E-09,34
TRIP4,9325,gene/protein,0.163043957,1129.036433,3.27E-09,49
TRIP6,7205,gene/protein,0.27483433,57011.13982,6.30E-09,39
Tripelennamine,DB00792,drug,0.484854909,184.0009803,0.00651485,18
Triphosphoric acid,DB03896,drug,0.151813975,0,1.04E-11,31
Triprolidine,DB00427,drug,1.344688739,2133.157514,0.02014358,7
Triptolide,DB12025,drug,1.141236288,6824.394542,0.00922957,58
Triptorelin,DB06825,drug,0.767172618,1556.120579,0.00852021,25
Tris(Hydroxyethyl)Aminomethane,DB04237,drug,0.152797314,0,2.08E-12,57
Tritoqualine,DB13711,drug,0.202018799,8.993961424,0.00065461,2
TRMO,51531,gene/protein,0.166768377,1390.75658,3.03E-09,38
TRMT2A,27037,gene/protein,0.186859545,8168.533984,5.47E-09,43
TRMT6,51605,gene/protein,0.158394315,1779.45522,1.14E-09,19
TRMT61A,115708,gene/protein,0.155139626,230.1562065,4.96E-10,54
TRO,7216,gene/protein,0.154370025,60.93095591,1.11E-09,22
Trodusquemine,DB06333,drug,0.151810724,0,1.19E-10,24
Trofosfamide,DB12902,drug,0.65740696,408.8384872,0.00374032,44
Troglitazone,DB00197,drug,1.696240953,42427.21831,0.019859675,52
Trolamine salicylate,DB11079,drug,0.58878973,598.624881,0.00555753,17
Troleandomycin,DB13179,drug,0.76022989,1540.98985,0.00814166,52
Trolnitrate,DB13719,drug,0.263860955,21.89393829,0.00186373,59
Tromethamine,DB03754,drug,0.151758983,32.13265735,1.64E-05,13
Tropatepine,DB13252,drug,1.291386937,1489.792186,0.019010736,28
Tropicamide,DB00809,drug,0.424587431,143.8529229,0.00439673,59
Tropisetron,DB11699,drug,1.917532393,8386.185115,0.030315563,28
Trospium,DB00209,drug,1.454537145,3325.088775,0.02133945,58
Trovafloxacin,DB00685,drug,1.40627606,11754.96182,0.01536481,16
Troxacitabine,DB04961,drug,0.192559108,39.2847203,2.71E-05,2
Troxerutin,DB13124,drug,1.086409868,2983.501777,0.00983006,58
Troxipide,DB13419,drug,0.15,0,3.99E-71,43
TRPA1,8989,gene/protein,0.152412094,8637.691363,1.13E-09,33
TRPC3,7222,gene/protein,0.153023482,29.26014315,3.66E-10,13
TRPC4AP,26133,gene/protein,0.175330552,2356.95737,2.76E-09,54
TRPM2,7226,gene/protein,0.151076331,17.7342924,4.12E-10,50
TRPM4,54795,gene/protein,0.159068735,2503.872313,2.46E-10,56
TRPM5,29850,gene/protein,0.151947859,0,6.51E-10,31
TRPM8,79054,gene/protein,0.156247372,4231.832398,3.52E-10,1
TRPV1,7442,gene/protein,0.154747355,27671.04955,1.30E-09,20
TRPV4,59341,gene/protein,0.158016069,1777.560519,2.44E-09,10
TRPV5,56302,gene/protein,0.162314965,2940.107895,1.45E-09,8
TRPV6,55503,gene/protein,0.158139965,2424.67603,1.57E-09,20
TRRAP,8295,gene/protein,0.188140917,6961.480923,5.02E-09,19
TRUB1,142940,gene/protein,0.154807804,353.1197497,1.95E-10,6
TRUB2,26995,gene/protein,0.15954502,500.0046912,1.72E-09,19
trypanosomiasis,940,disease,0.593924503,0,0.00013812,47
Tryptophan,DB00150,drug,1.062076624,21841.69085,0.016376808,7
Tryptophanamide,DB04537,drug,0.155861838,0,1.37E-11,5
Tryptophanyl-5'amp,DB01831,drug,0.155861838,0,1.37E-11,13
TSC1,7248,gene/protein,0.209511146,22626.52052,7.29E-09,1
TSC2,7249,gene/protein,0.18569705,5516.498927,7.98E-09,41
TSC22D4,81628,gene/protein,0.182129119,7553.786506,2.65E-09,11
TSHR,7253,gene/protein,0.17354272,7429.748804,6.63E-09,29
TSLP,85480,gene/protein,0.154146947,100.8644736,1.07E-09,5
TSNAX,7257,gene/protein,0.189021318,12564.08561,2.97E-09,33
TSPAN11,441631,gene/protein,0.152714819,73.9732842,1.36E-10,57
TSPAN17,26262,gene/protein,0.159561518,282.8296025,1.25E-10,4
TSPAN4,7106,gene/protein,0.175066137,8680.691576,1.50E-09,20
TSPAN8,7103,gene/protein,0.1516758,0,1.52E-10,33
TSPYL6,388951,gene/protein,0.161370885,1166.875293,8.78E-10,12
TSSK6,83983,gene/protein,0.155382737,81.43958082,1.50E-09,20
TST,7263,gene/protein,0.156030046,6847.746164,2.24E-10,59
TTC14,151613,gene/protein,0.154493864,67.4549364,4.69E-10,4
TTC23,64927,gene/protein,0.183739338,2875.607914,1.65E-09,50
TTC23L,153657,gene/protein,0.158061716,134.0724667,3.92E-10,21
TTC3,7267,gene/protein,0.165369965,2885.481632,3.18E-09,22
TTC30A,92104,gene/protein,0.160786124,86.90558973,9.27E-11,50
TTC33,23548,gene/protein,0.157599032,275.22171,1.17E-09,5
TTC5,91875,gene/protein,0.170144377,7031.600315,2.40E-09,38
TTF2,8458,gene/protein,0.1645956,1430.445302,2.28E-09,51
TTK,7272,gene/protein,0.169599049,11737.73688,3.57E-09,56
TTL,150465,gene/protein,0.153364865,50.71006566,6.77E-11,4
TTN,7273,gene/protein,0.212583453,41755.59119,6.04E-09,21
TTP889,DB05131,drug,0.151314008,0,3.98E-12,41
TTPA,7274,gene/protein,0.174837768,21234.51778,2.91E-10,56
TTR,7276,gene/protein,0.176844858,223093.9865,2.32E-09,36
TTYH2,94015,gene/protein,0.157316411,326.9231039,1.80E-09,51
TUB,7275,gene/protein,0.152019401,5396.126641,4.40E-10,6
TUBA1A,7846,gene/protein,0.236094186,76496.49966,8.88E-09,27
TUBA1C,84790,gene/protein,0.202528044,20419.4054,6.02E-09,57
TUBA4A,7277,gene/protein,0.218775718,53096.75898,5.67E-09,46
TUBA8,51807,gene/protein,0.167281481,2865.501337,2.04E-09,1
TUBB,203068,gene/protein,0.233883269,94866.02274,1.10E-08,53
TUBB1,81027,gene/protein,0.18226033,39485.97742,2.35E-09,53
TUBB2A,7280,gene/protein,0.175115344,5872.889584,3.35E-09,34
TUBB2B,347733,gene/protein,0.16911623,5677.52269,2.76E-09,4
TUBB3,10381,gene/protein,0.211373458,64914.75627,5.20E-09,30
TUBB4A,10382,gene/protein,0.17363779,7968.29622,2.72E-09,4
TUBB4B,10383,gene/protein,0.185427878,20536.79016,5.82E-09,15
TUBD1,51174,gene/protein,0.155928489,1185.048756,8.64E-10,27
TUBE1,51175,gene/protein,0.164909691,1955.76706,1.03E-09,10
Tubercidin,DB03172,drug,0.191246377,0.019387545,2.71E-05,3
Tuberculin purified protein derivative,DB11601,drug,0.150480993,0,4.03E-11,13
TUBG1,7283,gene/protein,0.224933828,31787.10618,5.99E-09,34
Tubocurarine,DB01199,drug,1.666275454,12678.70241,0.022165442,58
Tucaresol,DB13027,drug,0.212801152,0,1.40E-05,2
Tucatinib,DB11652,drug,1.696086668,38032.74339,0.016323862,1
Tucidinostat,DB06334,drug,0.643760274,691.9590584,0.00725559,58
Tulathromycin A,DB11474,drug,0.183010588,1.635162339,0.00033501,0
Tulobuterol,DB12248,drug,0.935138108,1324.791925,0.015026342,16
TULP3,7289,gene/protein,0.21231137,12845.11304,2.67E-09,36
Tunicamycin,DB13172,drug,0.183010588,1.635162339,0.00033501,2
Turoctocog alfa,DB09109,drug,0.307523543,695.3715782,0.00120876,59
Turoctocog alfa pegol,DB14738,drug,0.309792999,1128.602081,0.00120876,48
Turpentine,DB11120,drug,0.150361149,0,2.52E-10,40
TUT1,64852,gene/protein,0.158565174,349.336126,9.35E-10,24
TWIST1,7291,gene/protein,0.175683288,3333.72231,4.86E-09,46
TWIST2,117581,gene/protein,0.154834513,97.06457784,6.22E-10,6
TXLNA,200081,gene/protein,0.20594139,7253.123846,2.59E-09,45
TXN,7295,gene/protein,0.190474151,9235.559605,1.06E-08,10
TXN2,25828,gene/protein,0.183884287,5438.635683,2.32E-09,24
TXNDC11,51061,gene/protein,0.173750101,3715.085633,2.02E-09,39
TXNDC17,84817,gene/protein,0.164254939,1999.859162,1.37E-09,33
TXNDC2,84203,gene/protein,0.151610095,0,6.18E-10,41
TXNIP,10628,gene/protein,0.171163644,2886.883632,3.78E-09,14
TXNL4A,10907,gene/protein,0.161266997,1515.20748,8.79E-10,31
TXNRD1,7296,gene/protein,0.16456635,24667.04788,3.03E-09,59
TXNRD2,10587,gene/protein,0.164422402,2951.09403,3.10E-09,23
TYK2,7297,gene/protein,0.195103994,21460.83961,6.94E-09,56
Tylosin,DB11475,drug,0.531509069,283.107659,0.0049801,2
Tyloxapol,DB06439,drug,0.150656609,0.184539052,5.16E-12,39
Tylvalosin,DB11554,drug,0.531509069,283.107659,0.0049801,2
TYMP,1890,gene/protein,0.16010787,12269.09291,1.48E-09,18
TYMS,7298,gene/protein,0.161928995,67930.42713,1.83E-09,1
type 1 diabetes mellitus,11123_12919_7454_5147_10861_10862_10863_10864_10950_11016_11033_11068_11167_11168_11302_11572_12422_12920_12921_12961_13078,disease,26.58752443,19.20831045,4.69E-05,55
type 2 diabetes mellitus,5148,disease,28.97340023,134.6918772,0.00076305,24
Typhoid vaccine,DB14022,drug,1.359997464,18923.09326,0.00629185,44
Typhoid Vaccine Live,DB11050,drug,0.805019877,10211.94371,0.00444618,25
Typhoid Vi polysaccharide vaccine,DB10803,drug,0.541703096,129.3863876,0.00358552,44
typhus,1246,disease,0.303102972,0,0.00011057,13
TYR,7299,gene/protein,0.151918287,11794.70324,1.47E-09,1
Tyramine,DB08841,drug,1.014207992,4603.941565,0.015386801,15
TYRO3,7301,gene/protein,0.167250569,2743.864114,3.28E-09,50
Tyropanoic acid,DB09340,drug,0.152051667,0,2.76E-12,34
Tyrosinal,DB03978,drug,0.157477383,0,1.38E-11,6
Tyrosine,DB00135,drug,0.16479355,0,3.94E-11,55
Tyrothricin,DB13503,drug,0.53782124,546.5833986,0.006101,52
TYSND1,219743,gene/protein,0.157401204,441.8347528,4.29E-10,43
TYW3,127253,gene/protein,0.162718242,1027.90705,5.81E-10,21
U2AF2,11338,gene/protein,0.22323898,16550.04082,6.02E-09,50
UAP1,6675,gene/protein,0.156000719,4857.518961,1.20E-09,30
UBA1,7317,gene/protein,0.212968844,16466.23191,6.43E-09,6
UBA52,7311,gene/protein,0.201823333,12570.36098,6.40E-09,54
UBALD1,124402,gene/protein,0.152775103,43.5412324,2.85E-10,45
UBAP2,55833,gene/protein,0.173849161,3561.150709,2.55E-09,53
UBAP2L,9898,gene/protein,0.170618702,3555.928379,2.80E-09,55
UBB,7314,gene/protein,0.351940087,147947.1849,1.71E-08,47
UBC,7316,gene/protein,2.442672803,13443272.94,1.01E-07,37
UBE2B,7320,gene/protein,0.18249609,5167.06466,4.39E-09,55
UBE2C,11065,gene/protein,0.178469265,5043.484043,4.36E-09,40
UBE2D1,7321,gene/protein,0.241332694,32430.06693,9.59E-09,32
UBE2D2,7322,gene/protein,0.235891921,19237.10584,8.43E-09,32
UBE2D3,7323,gene/protein,0.22907291,14427.75983,8.90E-09,38
UBE2D4,51619,gene/protein,0.198034237,3826.164808,2.97E-09,12
UBE2DNL,100131816,gene/protein,0.160195083,222.7189158,4.28E-10,40
UBE2E1,7324,gene/protein,0.192434663,4615.735642,4.28E-09,10
UBE2E2,7325,gene/protein,0.179964765,2948.31222,3.64E-09,15
UBE2E3,10477,gene/protein,0.185073705,2379.686171,5.68E-09,41
UBE2F,140739,gene/protein,0.158916946,604.712525,1.44E-09,57
UBE2G2,7327,gene/protein,0.174020726,2966.692914,3.34E-09,34
UBE2H,7328,gene/protein,0.180091195,2596.439092,5.08E-09,39
UBE2I,7329,gene/protein,0.341131581,148499.6529,1.90E-08,57
UBE2J1,51465,gene/protein,0.192208563,14187.96984,3.69E-09,22
UBE2J2,118424,gene/protein,0.162345651,1974.739192,3.21E-09,39
UBE2K,3093,gene/protein,0.191767908,6581.146974,5.28E-09,6
UBE2L3,7332,gene/protein,0.203492576,11542.1736,9.33E-09,12
UBE2L6,9246,gene/protein,0.167661959,1042.124738,2.59E-09,6
UBE2M,9040,gene/protein,0.187450188,8864.850773,4.55E-09,27
UBE2N,7334,gene/protein,0.209600761,9074.316012,6.06E-09,38
UBE2O,63893,gene/protein,0.180446453,7881.634305,4.64E-09,31
UBE2Q1,55585,gene/protein,0.167989185,1861.113093,1.79E-09,57
UBE2Q2,92912,gene/protein,0.157248297,109.2320614,2.17E-09,38
UBE2QL1,134111,gene/protein,0.153174737,21.18785061,1.57E-09,24
UBE2S,27338,gene/protein,0.176836998,2078.584353,3.58E-09,10
UBE2U,148581,gene/protein,0.176796889,1528.783747,2.22E-09,38
UBE2V1,7335,gene/protein,0.185514939,4687.479971,5.01E-09,40
UBE2V2,7336,gene/protein,0.17660229,2051.908217,4.40E-09,15
UBE2W,55284,gene/protein,0.18718308,4321.42742,3.24E-09,50
UBE2Z,65264,gene/protein,0.169376539,2606.85732,3.37E-09,15
UBE3A,7337,gene/protein,0.236896235,33938.40647,7.85E-09,4
Ubenimex,DB03424,drug,0.185915977,320.5571593,0.00033501,2
UBFD1,56061,gene/protein,0.15961614,1202.052592,1.83E-09,8
Ubidecarenone,DB09270,drug,0.486456954,11049.79503,0.00396858,48
Ubiquinone Q1,DB08689,drug,0.150624627,0,5.10E-11,49
Ubiquinone Q2,DB08690,drug,0.157333796,0,5.95E-11,47
UBL4A,8266,gene/protein,0.275102912,34977.79835,9.73E-09,29
Ublituximab,DB11850,drug,0.775447143,2.711075215,0.00104473,25
UBQLN1,29979,gene/protein,0.267718704,89918.1407,5.87E-09,13
UBQLN2,29978,gene/protein,0.289552873,92420.32704,4.03E-09,24
UBQLN4,56893,gene/protein,0.237057184,35380.43874,4.03E-09,11
UBR1,197131,gene/protein,0.185153483,9064.29926,2.53E-09,13
UBR2,23304,gene/protein,0.172557917,4265.714284,1.27E-09,6
UBR4,23352,gene/protein,0.1768757,16287.69125,2.59E-09,27
UBR5,51366,gene/protein,0.202346967,16746.64279,6.83E-09,39
Ubrogepant,DB15328,drug,0.678814163,3110.272735,0.00600057,47
UBTD2,92181,gene/protein,0.163126487,2122.025153,1.35E-09,34
UBTF,7343,gene/protein,0.183122723,6376.609325,5.51E-09,4
UBXN1,51035,gene/protein,0.178317788,3896.345776,2.98E-09,4
UCHL1,7345,gene/protein,0.173421507,8030.18645,5.26E-09,8
UCHL3,7347,gene/protein,0.164892814,1802.904858,2.42E-09,14
UCHL5,51377,gene/protein,0.201032375,7396.524533,4.93E-09,19
UCK2,7371,gene/protein,0.154458605,19545.26592,1.14E-09,30
UCKL1,54963,gene/protein,0.163671962,10506.5323,2.81E-09,40
UCN3,114131,gene/protein,0.150615768,0,3.61E-10,34
UCP2,7351,gene/protein,0.194498871,4605.705513,7.38E-10,46
Udenafil,DB06267,drug,0.862019422,2129.5657,0.01092685,18
UDP-alpha-D-glucuronic acid,DB03041,drug,0.153230381,0,1.72E-11,46
UFL1,23376,gene/protein,0.182830289,3837.626228,2.20E-09,24
UFSP2,55325,gene/protein,0.167447196,2401.527999,6.84E-10,22
UGCG,7357,gene/protein,0.154025636,5433.002007,1.26E-10,30
UGDH,7358,gene/protein,0.1568008,3688.18209,1.28E-09,14
UGT1A1,54658,gene/protein,0.165006557,32567.87353,1.35E-10,18
UGT1A3,54659,gene/protein,0.160016349,21.89692758,2.72E-12,59
UGT1A4,54657,gene/protein,0.160671091,1485.689328,1.23E-11,59
UGT1A6,54578,gene/protein,0.15853653,5.869161779,2.72E-12,26
UGT1A7,54577,gene/protein,0.160146716,6647.30157,7.69E-11,4
UGT1A9,54600,gene/protein,0.161959109,14655.04113,1.14E-10,59
UGT2B10,7365,gene/protein,0.153747891,2682.177527,8.77E-10,45
UGT2B4,7363,gene/protein,0.151377013,4959.598583,1.87E-10,33
UGT2B7,7364,gene/protein,0.155758883,37042.92816,1.19E-09,30
UHMK1,127933,gene/protein,0.170752337,696.451985,3.73E-09,5
UHRF1,29128,gene/protein,0.172561381,2629.603293,4.74E-09,11
UHRF2,115426,gene/protein,0.174168996,1846.089838,5.92E-09,27
Ulapualide A,DB03021,drug,0.150433626,0,7.89E-11,22
Ularitide,DB05034,drug,0.925681532,2449.459633,0.013236202,18
Ulipristal,DB08867,drug,0.780254284,13122.44638,0.00693681,2
Ulixertinib,DB13930,drug,0.15072719,0,4.35E-10,57
ULK2,9706,gene/protein,0.157721546,431.7115556,1.68E-09,14
Ulobetasol,DB00596,drug,0.3146641,597.86569,0.00201562,48
Umeclidinium,DB09076,drug,1.742071153,8884.46024,0.02443499,7
Umifenovir,DB13609,drug,0.276836286,714.3574609,0.00140685,2
UMPS,7372,gene/protein,0.156039888,6229.039748,1.59E-09,14
UNC119,9094,gene/protein,0.201358519,10466.14722,2.67E-09,19
UNC45B,146862,gene/protein,0.168718692,1419.712194,4.36E-09,41
"UNDECA-3,7-DIENE-1,3,7,11-TETRACARBALDEHYDE",DB06912,drug,0.150888588,0,1.24E-11,45
"UNDECYLAMINE-N,N-DIMETHYL-N-OXIDE",DB07646,drug,0.151682742,0,1.73E-12,54
Undecyl-Phosphinic Acid Butyl Ester,DB02457,drug,0.151127948,0,2.74E-12,32
undifferentiated carcinoma of liver and intrahepatic biliary tract,18533,disease,4.530050966,0,4.68E-05,24
undifferentiated carcinoma of the corpus uteri,16267,disease,5.386168278,0,5.54E-06,45
UNG,7374,gene/protein,0.160795974,17763.50409,2.44E-09,20
unipolar depression,5263,disease,9.584178436,0,0.00072383,55
Unoprostone,DB06826,drug,0.489944332,7.460392295,0.0063622,52
Upadacitinib,DB15091,drug,0.229006338,114.3176513,0.00103085,55
UPK2,7379,gene/protein,0.17182663,4640.225084,4.48E-10,4
UPP1,7378,gene/protein,0.159064984,6741.064759,8.61E-10,11
upper aerodigestive tract neoplasm,5398,disease,1.26365724,0,0.00021063,54
UQCRB,7381,gene/protein,0.177282056,6074.3047,9.29E-10,14
UQCRC1,7384,gene/protein,0.17726425,20298.82514,2.61E-09,47
UQCRFS1,7386,gene/protein,0.164347897,10576.26424,1.20E-09,30
UQCRFS1P1,100128525,gene/protein,0.159732821,284.9099364,2.96E-10,4
UQCRH,7388,gene/protein,0.165644674,12384.49194,1.73E-09,14
Uracil,DB03419,drug,0.256726597,1715.95008,0.00051383,18
Uracil mustard,DB00791,drug,0.191246377,224.8638092,2.71E-05,55
Urapidil,DB12661,drug,1.612555486,4851.441803,0.025520403,38
URB1,9875,gene/protein,0.167559429,1575.916469,2.23E-09,27
URB1-AS1,84996,gene/protein,0.157519036,553.1619604,5.36E-10,12
URB2,9816,gene/protein,0.162704288,1450.516388,1.86E-09,45
Urea,DB03904,drug,0.152841748,11.12042187,4.01E-10,19
Urelumab,DB12077,drug,0.779643433,4416.820147,0.00104473,16
Urethane,DB04827,drug,1.059534827,6637.156652,0.015780076,16
URI1,8725,gene/protein,0.174375117,1672.17419,2.06E-09,1
Uric acid,DB08844,drug,0.608326596,889.9384321,0.00608606,2
Uridine,DB02745,drug,0.15147132,0,9.91E-12,19
Uridine 5'-triphosphate,DB04005,drug,0.154862584,0,9.05E-12,5
Uridine diphosphate glucose,DB01861,drug,0.18043333,0,1.19E-11,19
Uridine monophosphate,DB03685,drug,0.164034708,0,4.12E-11,31
Uridine triacetate,DB09144,drug,0.15,0,3.99E-71,27
"Uridine-2',3'-vanadate",DB03512,drug,0.15112218,0,2.20E-12,5
Uridine-5'-Diphosphate,DB03435,drug,0.203680345,0,1.75E-11,21
Uridine-Diphosphate-N-Acetylgalactosamine,DB02196,drug,0.157117751,0,2.00E-11,51
Uridine-Diphosphate-N-Acetylglucosamine,DB03397,drug,0.158404588,0,2.31E-11,39
Uridylyl-2'-5'-phospho-adenosine,DB03447,drug,0.15112218,0,2.20E-12,39
Uridylyl-2'-5'-phospho-guanosine,DB04514,drug,0.15112218,0,2.20E-12,54
Urochloa mutica pollen,DB10716,drug,0.230677681,1.572961101,0.00134362,2
UROD,7389,gene/protein,0.158507308,12259.94595,1.81E-09,30
Urofollitropin,DB00094,drug,0.151405115,0,1.54E-11,54
Urokinase,DB00013,drug,1.164948525,38813.056,0.01067784,16
Ursodeoxycholic acid,DB01586,drug,0.59109785,2903.93355,0.00434206,52
urticaria (disease),5492,disease,8.37436017,327.50128,0.00052202,12
USF1,7391,gene/protein,0.344878091,113248.4447,9.41E-09,29
USF2,7392,gene/protein,0.252801034,34729.67175,6.92E-09,15
USO1,8615,gene/protein,0.196243845,17602.17863,3.63E-09,43
USP10,9100,gene/protein,0.16837052,2293.115003,3.13E-09,22
USP13,8975,gene/protein,0.160488838,256.7462325,2.02E-09,53
USP18,11274,gene/protein,0.166269866,840.6437601,2.61E-09,4
USP19,10869,gene/protein,0.18152014,14381.56238,2.83E-09,22
USP2,9099,gene/protein,0.204828782,12794.75754,5.94E-09,38
USP20,10868,gene/protein,0.173319697,4209.984837,2.41E-09,51
USP22,23326,gene/protein,0.16893134,2747.896978,2.12E-09,8
USP28,57646,gene/protein,0.163608576,1337.167252,2.14E-09,56
USP32,84669,gene/protein,0.166886077,4077.889137,2.71E-09,40
USP36,57602,gene/protein,0.15817565,204.124384,1.95E-09,11
USP37,57695,gene/protein,0.156824927,246.7413535,2.41E-09,39
USP7,7874,gene/protein,0.226476503,29631.35469,9.73E-09,57
USP9X,8239,gene/protein,0.186695015,3710.213379,3.76E-09,36
USPL1,10208,gene/protein,0.155038789,59.51283823,1.09E-09,47
UST,10090,gene/protein,0.156524377,1018.090514,6.68E-10,39
Ustekinumab,DB05679,drug,0.783085356,1992.128432,0.00107128,42
Utomilumab,DB15113,drug,0.775447143,2.711075215,0.00104473,42
UTP14A,10813,gene/protein,0.182583918,4163.791311,2.26E-09,43
UTP23,84294,gene/protein,0.171564692,2651.590506,1.63E-09,34
UTP3,57050,gene/protein,0.160780077,875.2773261,1.60E-09,6
uveitis,20283_6651,disease,3.675030735,139.9995275,0.0001656,13
V1003,DB05046,drug,0.152067873,0,2.72E-11,19
V24343,DB05201,drug,0.151665113,0,8.61E-13,43
Vabicaserin,DB12071,drug,1.044364352,233.8365891,0.016419482,28
Vaborbactam,DB12107,drug,1.039404224,23.20356801,0.01631071,28
Vaccinia virus strain new york city board of health live antigen,DB14711,drug,0.541703096,129.3863876,0.00358552,44
Vadastuximab Talirine,DB11884,drug,0.777907291,9.850502048,0.00104514,25
Vadimezan,DB06235,drug,0.62262755,928.7450462,0.00627946,0
Valaciclovir,DB00577,drug,1.168442897,3127.575896,0.01684993,2
Valanafusp alfa,DB15336,drug,0.775447143,2.711075215,0.00104473,42
Valbenazine,DB11915,drug,1.553486519,2999.523429,0.0237051,52
Valdecoxib,DB00580,drug,2.139648679,12334.75127,0.029850269,58
Valganciclovir,DB01610,drug,1.16231148,3143.550168,0.01778289,7
Valine,DB00161,drug,0.18696728,0,8.92E-11,40
Valinomycin,DB14057,drug,0.306195092,43.83180757,0.00203545,59
Valnoctamide,DB13099,drug,0.99594897,8.481282091,0.015775779,7
Valomaciclovir,DB06575,drug,0.60688293,741.9235254,0.00608606,28
Valproate bismuth,DB13910,drug,0.540634233,62.65126605,0.00754557,7
Valproic acid,DB00313,drug,2.61653953,159896.9281,0.030856288,7
Valpromide,DB04165,drug,1.18707699,1607.58235,0.01722659,28
Valrubicin,DB00385,drug,0.197010031,159.8387444,3.24E-05,27
Valsartan,DB00177,drug,1.564673084,11847.91232,0.021671601,16
Valspodar,DB11869,drug,0.497580991,151.709697,0.00388027,0
VAMP2,6844,gene/protein,0.187418775,15005.09103,2.65E-09,31
VAMP3,9341,gene/protein,0.194191623,18906.55047,1.95E-09,47
VAMP5,10791,gene/protein,0.186553137,11288.95918,1.50E-09,15
Vancomycin,DB00512,drug,1.17808045,2699.747353,0.01742492,16
Vandetanib,DB05294,drug,1.374499215,19655.49409,0.01526046,2
Vaniprevir,DB11929,drug,0.15,0,3.99E-71,41
Vanoxerine,DB03701,drug,0.162101937,1.415710265,0.00017499,15
Vanucizumab,DB12317,drug,0.775447143,2.711075215,0.00104473,42
VAPA,9218,gene/protein,0.279562043,51426.53571,3.70E-09,15
Vapreotide,DB04894,drug,0.518503662,5619.323694,0.00358411,59
Vardenafil,DB00862,drug,1.464703763,8074.883716,0.01751707,18
Varenicline,DB01273,drug,1.229854943,3590.071675,0.018137806,7
Varespladib methyl,DB05737,drug,0.152560546,0,1.41E-11,31
Varicella Zoster Vaccine (Live/attenuated),DB10318,drug,0.829190143,14399.10384,0.00474434,44
Varicella Zoster Vaccine (Recombinant),DB13924,drug,0.541703096,129.3863876,0.00358552,44
varicose disease,8638,disease,0.652322168,0,1.88E-07,41
Variolin B,DB08694,drug,0.150398889,0,1.68E-10,12
Varlilumab,DB11930,drug,0.775447143,2.711075215,0.00104473,42
Varlitinib,DB05944,drug,0.150795132,0,4.08E-10,49
VARS1,7407,gene/protein,0.168901585,5100.148306,3.57E-09,50
vascular disease,5385,disease,0.176150732,0,4.93E-05,12
VASN,114990,gene/protein,0.198868998,10792.87807,2.19E-09,32
vasomotor rhinitis,6004,disease,3.562282126,0,0.00133156,19
Vasopressin,DB00067,drug,0.190817582,206.9958958,0.00037211,48
VASP,7408,gene/protein,0.175667049,4316.536878,3.38E-09,54
VAT1,10493,gene/protein,0.154486529,350.6062479,1.09E-09,50
Vatalanib,DB04879,drug,0.197236984,79.239923,0.00025323,0
Vatreptacog alfa,DB12409,drug,0.30504197,168.6433361,0.00120876,2
VAV1,7409,gene/protein,0.198466541,12598.71461,1.31E-08,6
Vayarin,DB09328,drug,0.187555564,4812.411341,0.00059172,45
Vazegepant,DB15688,drug,0.151890863,0,6.61E-13,55
VCAM1,7412,gene/protein,0.460449854,356788.7158,2.04E-08,1
VCAN,1462,gene/protein,0.172138903,6825.882187,4.13E-10,1
VCL,7414,gene/protein,0.186786132,7363.447415,4.34E-09,13
VCP,7415,gene/protein,0.309723707,97726.78971,1.87E-08,12
VCPIP1,80124,gene/protein,0.161954714,396.5786024,1.54E-09,54
VDAC1,7416,gene/protein,0.244921806,66576.43251,6.83E-09,24
VDAC2,7417,gene/protein,0.178862892,15283.31113,3.18E-09,47
VDR,7421,gene/protein,0.213730707,77786.9106,1.37E-08,30
Vecuronium,DB01339,drug,1.510428056,7423.38489,0.020403385,7
Vedolizumab,DB09033,drug,1.171909886,13205.87582,0.00436901,42
VEGFA,7422,gene/protein,0.174994756,83864.50492,5.02E-09,35
VEGFB,7423,gene/protein,0.166389888,2134.023199,5.54E-09,35
Veglin,DB05890,drug,0.150417824,0,3.97E-11,5
Velaglucerase alfa,DB06720,drug,0.150662688,0,2.48E-11,50
Veliparib,DB07232,drug,0.19168655,395.5351229,2.71E-05,24
Velpatasvir,DB11613,drug,0.909998827,1808.832602,0.00962792,59
Veltuzumab,DB05656,drug,0.8190729,1434.947837,0.00107224,25
Velusetrag,DB12702,drug,0.151670436,0,1.20E-12,24
Vemurafenib,DB08881,drug,1.955989205,23258.22272,0.0222696,16
Venetoclax,DB11581,drug,1.151163009,5941.929757,0.01167124,59
Venlafaxine,DB00285,drug,2.685645361,24384.56937,0.03764746,28
ventricular tachycardia,5477,disease,0.49146799,0,0.00019403,36
Veralipride,DB13523,drug,1.053667776,284.1628083,0.016364555,28
Verapamil,DB00661,drug,2.733969192,49995.5174,0.03430254,7
Vercirnon,DB15250,drug,0.152753172,0,3.25E-12,36
Verdoheme,DB04803,drug,0.150594669,0,1.75E-11,39
Verinurad,DB11873,drug,0.163412681,0.00490936,0.00028911,48
Vernakalant,DB06217,drug,0.972861003,2826.278335,0.013050576,16
Verpasep caltespen,DB04959,drug,0.151956308,0,3.36E-11,51
Verteporfin,DB00460,drug,0.618624958,374.0698378,0.00011425,27
Verubecestat,DB12285,drug,0.150690725,0,1.94E-11,39
Vesencumab,DB15428,drug,0.775447143,2.711075215,0.00104473,42
Vesnarinone,DB12082,drug,0.191246377,0.019387545,2.71E-05,2
Vestipitant,DB11949,drug,0.150916897,0,7.71E-12,27
Vestronidase alfa,DB12366,drug,0.15,0,3.99E-71,27
VHL,7428,gene/protein,0.230641405,53913.2517,1.10E-08,46
Vibegron,DB14895,drug,0.310886651,14385.28884,0.00036118,52
Vibrio cholerae CVD 103-HgR strain live antigen,DB14443,drug,1.959095823,67066.84847,0.00717107,44
Vicriviroc,DB06652,drug,0.779394879,4895.172649,0.010047247,26
Vidarabine,DB00194,drug,0.152082331,1.17514376,1.81E-05,52
Vigabatrin,DB01080,drug,1.196090077,4914.22747,0.017226591,5
Vilanterol,DB09082,drug,2.274185607,29649.58489,0.031013344,25
Vilazodone,DB06684,drug,1.80293667,5584.94836,0.02797083,7
Vildagliptin,DB04876,drug,0.995882628,2517.525584,0.011045953,54
Viloxazine,DB09185,drug,1.889064515,7735.886178,0.0298072,28
VIM,7431,gene/protein,0.27194037,120258.3146,1.13E-08,1
Vinbarbital,DB13377,drug,0.99594897,8.481282091,0.015775779,25
Vinblastine,DB00570,drug,2.099374865,135147.2516,0.019132579,44
Vinburnine,DB13793,drug,0.155031785,0,3.81E-05,18
Vincamine,DB13374,drug,1.223657788,22047.05792,0.014223519,58
Vincristine,DB00541,drug,1.969265087,80634.85408,0.01684118,17
Vindesine,DB00309,drug,1.585191467,27279.36618,0.012267105,17
Vinflunine,DB11641,drug,1.187066599,20925.4036,0.00973612,2
Vinorelbine,DB00361,drug,1.924361526,40594.37576,0.018559205,58
Vinpocetine,DB12131,drug,1.929483349,11651.63397,0.02639904,7
Vintafolide,DB05168,drug,0.494662436,1505.811724,0.000415,52
Vinyl ether,DB13690,drug,1.013612369,283.207121,0.015752977,28
Vinylbital,DB13770,drug,0.99594897,8.481282091,0.015775779,7
Vinylglycine,DB03214,drug,0.157984132,0,5.70E-12,15
Viomycin,DB06827,drug,0.468223771,315.6651738,0.00461688,52
VIR201,DB05110,drug,0.15045088,0,5.94E-11,10
viral meningitis,7015,disease,0.878116853,115.9198997,0.00013857,43
Virginiamycin M1,DB01669,drug,0.183010588,1.635162339,0.00033501,0
Virginiamycin S1,DB04805,drug,0.150696982,0,2.38E-11,11
visceral leishmaniasis,5445,disease,7.70023563,0,5.14E-05,9
Visilizumab,DB12053,drug,0.777907291,9.850502048,0.00104514,28
Vismodegib,DB08828,drug,0.800149119,1435.064434,0.00928398,0
Vitamin A,DB00162,drug,0.29567808,14511.37439,0.00056958,26
vitamin B12 deficiency,20696,disease,0.22785738,0,3.07E-05,22
Vitamin D,DB11094,drug,0.95216991,4956.546603,0.00973064,18
Vitamin E,DB00163,drug,0.628063077,67204.87487,0.00565798,48
Vitespen,DB06400,drug,0.541703096,129.3863876,0.00358552,44
vitiligo,8661,disease,5.532699293,218.2421242,1.79E-05,49
VKORC1,79001,gene/protein,0.200553303,48894.38354,1.27E-09,15
VLDLR,7436,gene/protein,0.164435849,12072.45396,1.04E-09,24
VMP1,81671,gene/protein,0.158704711,1076.510497,9.15E-10,32
VNN3,55350,gene/protein,0.152597345,76.00314962,4.92E-10,57
Voacamine,DB04877,drug,0.150402083,0,3.11E-11,32
Vobarilizumab,DB14891,drug,0.775447143,2.711075215,0.00104473,25
Voclosporin,DB11693,drug,0.619174258,825.8600798,0.00371606,2
Vofopitant,DB12436,drug,0.150916897,0,7.71E-12,19
Voglibose,DB04878,drug,0.937098637,4214.348258,0.010335244,39
Volanesorsen,DB15067,drug,0.151203843,0,9.59E-12,11
Volasertib,DB12062,drug,0.191246377,0.019387545,2.71E-05,2
Volixibat,DB13914,drug,0.156094662,0,6.38E-12,50
Volociximab,DB06647,drug,0.832833739,3190.441944,0.0011465,25
Von Willebrand Factor Human,DB13133,drug,0.306236126,228.3330751,0.00120876,2
Vonicog Alfa,DB12872,drug,0.151194155,0,2.12E-12,49
Vonoprazan,DB11739,drug,0.15,0,3.99E-71,46
Vorapaxar,DB09030,drug,1.72313115,22033.28736,0.017392,16
Voretigene neparvovec,DB13932,drug,0.166177751,0,7.04E-12,8
Voriconazole,DB00582,drug,1.411874983,5632.684258,0.01788504,2
Vorinostat,DB02546,drug,1.555292003,68613.86316,0.013777726,58
Vorozole,DB13767,drug,0.19240224,0.08800299,6.17E-05,52
Vortioxetine,DB09068,drug,2.558823557,21419.96361,0.03715474,28
Voruciclib,DB15157,drug,0.191246377,0.019387545,2.71E-05,52
Vosaroxin,DB11999,drug,0.191246377,0.019387545,2.71E-05,2
Voxelotor,DB14975,drug,1.059331476,9271.060388,0.011865796,48
Voxilaprevir,DB12026,drug,1.147338268,3924.350121,0.01211734,2
VP025,DB05133,drug,0.150418825,0,6.42E-11,22
VPS11,55823,gene/protein,0.163464497,819.9912142,8.14E-10,56
VPS13A,23230,gene/protein,0.157307155,492.4680635,1.99E-09,51
VPS37C,55048,gene/protein,0.18571465,7503.16329,2.33E-09,4
VPS50,55610,gene/protein,0.166774211,580.3416062,4.75E-10,29
VPS52,6293,gene/protein,0.204917446,13834.90607,3.64E-09,30
VPS54,51542,gene/protein,0.155940105,390.3634223,3.01E-10,4
VRK1,7443,gene/protein,0.168783194,3848.980851,3.75E-09,31
VTN,7448,gene/protein,0.19338793,36994.97551,3.68E-09,51
VTP-27999,DB12416,drug,0.168872617,0,0.00023257,18
vulvovaginal candidiasis,6014,disease,0.581746656,0,4.58E-05,15
VWA3B,200403,gene/protein,0.150767955,0,4.21E-10,43
VWA5A,4013,gene/protein,0.160357212,985.8124906,1.04E-09,36
VWC2L,402117,gene/protein,0.166234194,1475.249797,4.58E-10,11
VWF,7450,gene/protein,0.161193398,15896.80406,7.05E-10,1
VX-148,DB06103,drug,0.151828965,0,3.86E-11,54
VX-702,DB05470,drug,0.151650009,0,3.55E-10,8
VX-765,DB05507,drug,0.150836793,0,1.01E-10,39
WAC,51322,gene/protein,0.165712841,924.4417086,2.46E-09,21
Warfarin,DB00682,drug,3.582599929,235834.9596,0.03189858,58
WARS1,7453,gene/protein,0.158614521,13663.7022,1.73E-09,38
WAS,7454,gene/protein,0.176030737,8122.326191,5.52E-09,38
WASF1,8936,gene/protein,0.167974805,1360.832346,2.19E-09,57
WASF2,10163,gene/protein,0.162389142,664.5692263,3.31E-09,51
WAY-151693,DB02071,drug,0.150756794,0,6.91E-12,39
WBP2,23558,gene/protein,0.171729043,3032.375495,3.38E-09,43
WDPCP,51057,gene/protein,0.151858209,11.28325686,3.08E-10,20
WDR36,134430,gene/protein,0.161556519,1689.526129,3.11E-09,15
WDR4,10785,gene/protein,0.161973363,957.6533486,2.57E-09,40
WDR43,23160,gene/protein,0.163602829,1555.217752,4.31E-09,54
WDR47,22911,gene/protein,0.153872335,51.4141745,1.33E-09,38
WDR48,57599,gene/protein,0.165318833,1372.790931,3.84E-09,6
WDR5,11091,gene/protein,0.21243254,20064.65519,6.96E-09,13
WDR6,11180,gene/protein,0.172445902,8415.080951,2.91E-09,49
WDR74,54663,gene/protein,0.186391791,6740.323448,7.73E-09,14
WDR81,124997,gene/protein,0.163807383,1915.558046,3.64E-09,14
WDR90,197335,gene/protein,0.159628934,307.688296,2.25E-09,9
WEE1,7465,gene/protein,0.197525625,49536.593,1.02E-08,9
West syndrome,18097,disease,12.91549484,0,0.00013835,9
WFIKKN1,117166,gene/protein,0.159803832,300.272604,2.78E-10,23
WFIKKN2,124857,gene/protein,0.151849262,7.088484752,1.18E-10,15
WFS1,7466,gene/protein,0.161656804,2086.107339,1.26E-09,31
Willardiine,DB04129,drug,0.150598902,0,4.25E-11,22
Wilson disease,10200,disease,1.89070017,0,2.39E-05,21
WIN 55212-2,DB13950,drug,2.001563478,10162.70474,0.02834251,7
WNK1,65125,gene/protein,0.191597599,6719.427436,5.90E-09,14
WNT10B,7480,gene/protein,0.154802887,461.2468179,1.31E-09,24
WNT7A,7476,gene/protein,0.163503961,1868.332295,2.35E-09,30
Wolman disease,19148,disease,4.937536138,1977.143812,9.36E-08,12
Wortmannin,DB08059,drug,1.476961625,64803.4043,0.019520853,16
WRAP73,49856,gene/protein,0.169407437,3702.28329,2.81E-09,10
WRN,7486,gene/protein,0.166111649,1243.45418,3.51E-09,27
WRR-112,DB03691,drug,0.153846608,0,1.17E-12,36
WRR-99,DB03573,drug,0.153846608,0,1.17E-12,39
WSB2,55884,gene/protein,0.169941723,1942.047344,2.94E-09,51
WT1,7490,gene/protein,0.182744531,6639.0393,4.00E-09,14
WTAP,9589,gene/protein,0.161269571,3950.907513,1.98E-09,46
WWC1,23286,gene/protein,0.166010489,1704.755585,3.06E-09,41
WWC2,80014,gene/protein,0.156679713,390.5622824,1.08E-09,57
WWC3,55841,gene/protein,0.154510314,46.99488182,5.18E-10,27
WWP1,11059,gene/protein,0.186528489,9820.631468,9.59E-09,19
WWP2,11060,gene/protein,0.188640377,5926.177688,4.31E-09,9
WWTR1,25937,gene/protein,0.1693549,896.899727,3.68E-09,1
WX-UK1,DB05476,drug,0.150654566,0,1.51E-11,45
X-396,DB13104,drug,0.191246377,0.019387545,2.71E-05,52
XAF1,54739,gene/protein,0.160581893,3161.31267,1.96E-09,46
Xaliproden,DB06393,drug,0.150608962,0,2.53E-12,40
Xamoterol,DB13781,drug,0.93416753,292.6662446,0.015008717,7
Xanomeline,DB15357,drug,0.304032912,54.22789352,0.00204027,2
Xanthine,DB02134,drug,0.91164561,1642.252267,0.010664706,0
Xanthinol,DB09092,drug,0.15890233,1212.329639,3.81E-05,46
XBP1,7494,gene/protein,0.18017968,3791.009253,2.24E-09,15
XDH,7498,gene/protein,0.150441251,18054.47289,1.06E-10,20
XEN2174,DB05012,drug,0.150762881,0,3.15E-12,55
Xenon,DB13453,drug,0.843470847,439.310293,0.013048228,7
Xentuzumab,DB14871,drug,0.775447143,2.711075215,0.00104473,25
xerophthalmia,948,disease,2.85876207,0,8.35E-05,15
XIAP,331,gene/protein,0.216300279,37755.31831,8.91E-09,1
Ximelagatran,DB04898,drug,1.377278491,8884.111313,0.014400852,52
Xipamide,DB13803,drug,1.628740257,5471.125144,0.024548258,39
XL019,DB05243,drug,0.150411736,0,1.30E-10,31
XL228,DB05184,drug,0.151666186,0,6.58E-10,8
XL281,DB05190,drug,0.150888255,0,2.19E-10,15
XL418,DB05204,drug,0.150441195,0,1.22E-10,9
XL765,DB05241,drug,0.152584024,0,2.55E-10,41
XL784,DB04991,drug,0.150680856,0,2.62E-11,8
XL820,DB05146,drug,0.151727299,0,2.91E-10,54
XL844,DB05149,drug,0.150912887,0,1.66E-10,54
XL999,DB05014,drug,0.152346816,0,3.37E-10,27
X-linked adrenoleukodystrophy,18544_10247,disease,1.074950816,0,0.00026699,49
X-linked parkinsonism-spasticity syndrome,10482,disease,3.05774524,0,0.00049735,27
XmAb 2513,DB06324,drug,0.778551406,2259.880053,0.00104514,42
XMT-1001,DB06069,drug,0.150531861,0,5.07E-11,31
XPA,7507,gene/protein,0.175301838,3722.971546,3.02E-09,29
XPO1,7514,gene/protein,0.270008643,55575.58127,1.85E-08,5
XPO5,57510,gene/protein,0.16447234,2034.616036,2.75E-09,41
XPOT,11260,gene/protein,0.160854577,1005.958367,2.26E-09,47
XRCC1,7515,gene/protein,0.186365421,7869.728997,4.83E-09,34
XRCC4,7518,gene/protein,0.190203576,11914.7685,5.08E-09,56
XRCC5,7520,gene/protein,0.216233589,17975.96374,8.16E-09,55
XRCC6,2547,gene/protein,0.230590775,33829.45947,1.08E-08,53
XRN1,54464,gene/protein,0.175112847,4056.542532,1.99E-09,40
XRN2,22803,gene/protein,0.174000905,3294.036788,2.83E-09,10
XTL-001,DB05405,drug,0.775447143,2.711075215,0.00104473,42
Xylazine,DB11477,drug,1.486344801,3372.145861,0.023949913,7
Xylometazoline,DB06694,drug,1.372040694,4660.200292,0.01966256,16
Y-27632,DB08756,drug,0.152490872,0,3.50E-10,40
YAF2,10138,gene/protein,0.169847562,2383.48241,2.38E-09,46
YAP1,10413,gene/protein,0.205909804,15085.76165,1.09E-08,20
YARS1,8565,gene/protein,0.158344667,22450.33459,1.74E-09,1
YBEY,54059,gene/protein,0.179551139,1502.668702,4.63E-10,33
YBX1,4904,gene/protein,0.482499021,476152.1342,3.14E-08,30
YDJC,150223,gene/protein,0.179997236,2541.284792,6.12E-09,11
YEATS4,8089,gene/protein,0.177462754,5480.22736,3.05E-09,53
Yellow Fever Vaccine,DB10805,drug,0.805374013,10187.06795,0.0044385,25
Yersinia pestis 195/p antigen (formaldehyde inactivated),DB15461,drug,0.541703096,129.3863876,0.00358552,44
YES1,7525,gene/protein,0.228370143,49373.07056,1.10E-08,31
YIPF3,25844,gene/protein,0.197937643,28169.96016,2.08E-09,30
YIPF4,84272,gene/protein,0.177650554,8679.607292,1.17E-09,50
YKP-1358,DB06109,drug,1.060396069,539.5705522,0.01654183,16
YOD1,55432,gene/protein,0.163634597,1176.007409,1.81E-09,19
Yohimbine,DB01392,drug,1.729290807,13574.37134,0.02694613,28
yolk sac tumor,5744,disease,2.865467608,0,0.00046112,22
YPEL3,83719,gene/protein,0.191058041,4613.913711,1.72E-09,47
YSIL6,DB05017,drug,0.150848667,0,1.01E-10,50
YTHDF1,54915,gene/protein,0.16727225,1829.111276,1.03E-09,27
YWHAB,7529,gene/protein,0.250317138,43844.92758,1.62E-08,29
YWHAE,7531,gene/protein,0.299881439,132984.9547,1.88E-08,43
YWHAG,7532,gene/protein,0.261745054,46862.08946,1.67E-08,15
YWHAH,7533,gene/protein,0.219154641,26924.84683,1.44E-08,24
YWHAQ,10971,gene/protein,0.26826341,50741.98269,1.89E-08,9
YWHAZ,7534,gene/protein,0.329872448,134800.5803,2.52E-08,27
YY1,7528,gene/protein,0.390523206,224038.0323,1.56E-08,14
Zafirlukast,DB00549,drug,1.284911545,4389.060741,0.01552482,26
Zalcitabine,DB00943,drug,0.338395508,344.8569211,0.00196057,52
Zaleplon,DB00962,drug,2.139631969,13408.54337,0.03181406,7
Zaltoprofen,DB06737,drug,2.10545572,9858.26204,0.02975503,7
Zalutumumab,DB12202,drug,0.816992427,10331.86511,0.00107183,42
Zanamivir,DB00558,drug,1.072957545,6504.99759,0.016380268,32
Zanapezil,DB04859,drug,0.150619892,0,6.53E-12,21
Zanubrutinib,DB15035,drug,0.904737906,31674.05462,0.0094348,0
ZAP70,7535,gene/protein,0.195354753,9737.64995,1.23E-08,15
Zardaverine,DB02918,drug,0.150470576,0,5.08E-11,31
ZBP1,81030,gene/protein,0.157891828,373.0452504,4.91E-10,54
ZBTB16,7704,gene/protein,0.223693506,37866.2221,8.68E-09,29
ZBTB17,7709,gene/protein,0.173909153,5496.743417,3.54E-09,14
ZBTB21,49854,gene/protein,0.15819928,446.5889219,6.44E-10,22
ZBTB25,7597,gene/protein,0.163914015,1646.21756,1.45E-09,32
ZBTB3,79842,gene/protein,0.164884072,2114.60014,1.50E-09,12
ZBTB38,253461,gene/protein,0.166706659,671.0021251,7.69E-10,45
ZBTB40,9923,gene/protein,0.154191936,46.46225829,9.62E-10,54
ZBTB42,100128927,gene/protein,0.175900628,3235.285947,1.13E-09,49
ZBTB7A,51341,gene/protein,0.26287931,56562.28317,9.35E-09,49
ZBTB7C,201501,gene/protein,0.151262705,4.45725853,1.09E-10,31
ZC3H10,84872,gene/protein,0.169088157,1976.215272,2.37E-09,11
ZC3H11A,9877,gene/protein,0.170326298,3287.272099,2.49E-09,51
ZC3H12A,80149,gene/protein,0.161523494,951.8711027,2.63E-09,53
ZC3H12C,85463,gene/protein,0.151075226,14.87605371,2.02E-10,32
ZC3H14,79882,gene/protein,0.165143776,975.2307812,1.85E-09,27
ZC3H18,124245,gene/protein,0.192424979,6096.735891,2.22E-09,54
ZC3H4,23211,gene/protein,0.160537952,1024.13613,1.40E-09,5
ZCCHC12,170261,gene/protein,0.159148144,566.5977162,1.24E-09,10
ZCCHC3,85364,gene/protein,0.15309793,73.9761208,1.08E-09,47
ZCCHC7,84186,gene/protein,0.162697458,494.2333373,1.68E-09,24
ZDHHC11,79844,gene/protein,0.153988169,95.21479003,5.49E-10,54
ZDHHC17,23390,gene/protein,0.209801984,13671.47026,4.21E-09,31
ZDHHC6,64429,gene/protein,0.159469185,421.233982,8.86E-11,33
ZEB1,6935,gene/protein,0.200325643,18063.85159,4.57E-09,1
ZEN-012,DB06042,drug,0.153436805,0,2.91E-10,24
Zenarestat,DB02132,drug,0.152372549,0,6.88E-12,13
Zenocutuzumab,DB15559,drug,0.775447143,2.711075215,0.00104473,42
Zeranol,DB11478,drug,1.014596191,18912.6134,0.00390314,42
ZFAND2A,90637,gene/protein,0.156654,404.5991558,4.86E-10,49
ZFAND5,7763,gene/protein,0.15824619,405.3304511,2.04E-09,5
ZFAS1,441951,gene/protein,0.163151277,269.7200609,2.91E-09,55
ZFHX3,463,gene/protein,0.161953327,1062.477631,2.06E-09,40
ZFP36,7538,gene/protein,0.180880748,7188.393482,5.96E-09,30
ZFP36L1,677,gene/protein,0.160299821,499.634762,2.07E-09,4
ZFP36L2,678,gene/protein,0.157855596,592.263018,1.25E-09,20
ZFP41,286128,gene/protein,0.16992471,1157.097144,5.04E-10,27
ZFY,7544,gene/protein,0.152376331,5472.331452,3.17E-11,10
ZFYVE21,79038,gene/protein,0.160062369,1428.306623,1.27E-09,40
ZFYVE27,118813,gene/protein,0.175924769,2256.589264,9.15E-10,31
ZG16B,124220,gene/protein,0.176382302,1820.775939,4.36E-10,50
ZHX1,11244,gene/protein,0.182918866,9329.613535,6.09E-09,39
Ziconotide,DB06283,drug,1.583278885,9730.41418,0.022013511,28
Zidovudine,DB00495,drug,1.720633093,35354.58619,0.01733887,16
Zidovudine diphosphate,DB04542,drug,0.150477512,0,2.86E-11,57
Zidovudine monophosphate,DB03666,drug,0.16286588,0,8.05E-13,55
Zileuton,DB00744,drug,0.84560805,1230.957081,0.0103802,26
Zimelidine,DB04832,drug,1.749102124,7886.842752,0.025449744,7
Zinc,DB01593,drug,0.808589271,321714.7585,0.00868706,16
Zinc acetate,DB14487,drug,0.347372104,34337.13054,0.00083003,26
Zinc ascorbate,DB14485,drug,0.472004952,9317.47204,0.00179448,52
Zinc cation,DB14532,drug,0.240986713,20.94354275,0.00083003,59
Zinc chloride,DB14533,drug,0.331297334,40653.97231,0.00083003,18
Zinc citrate,DB11154,drug,1.163793022,4542.17295,0.010555308,25
Zinc gluconate,DB11248,drug,0.240986713,1776.581336,0.00083003,46
Zinc glycinate,DB14493,drug,0.240986713,20.94354275,0.00083003,2
Zinc oxide,DB09321,drug,0.240986713,98.0357004,0.00083003,10
Zinc picolinate,DB11175,drug,0.240986713,20.94354275,0.00083003,52
Zinc Substituted Heme C,DB04249,drug,0.241658295,532.1146831,0.00083003,48
Zinc sulfate,DB09322,drug,0.257230902,2302.972887,0.00083003,26
"Zinc sulfate, unspecified form",DB14548,drug,0.331297334,38961.08089,0.00083003,0
Zinc trihydroxide,DB02165,drug,0.24309484,117.0179912,0.00083003,0
Zinc;[amino-[2-[[5-[amino(azaniumylidene)methyl]benzimidazol-1-id-2-yl]methyl]benzimidazol-1-id-5-yl]methylidene]azanium,DB04008,drug,0.151169173,0,2.36E-12,55
Ziprasidone,DB00246,drug,2.785047536,57006.33831,0.03466254,28
ZK-805623,DB04432,drug,0.151169173,0,2.36E-12,15
Zk-806450,DB02112,drug,0.151169173,0,2.36E-12,22
ZK-806711,DB03373,drug,0.151169173,0,2.36E-12,53
ZMAT5,55954,gene/protein,0.162506622,691.3308493,6.07E-10,27
ZMYND10,51364,gene/protein,0.155513871,327.5791369,5.80E-10,45
ZMYND8,23613,gene/protein,0.171644404,2538.592297,3.96E-09,54
ZNF121,7675,gene/protein,0.158795705,347.3381255,6.41E-10,55
ZNF131,7690,gene/protein,0.15971957,670.210532,2.95E-09,41
ZNF143,7702,gene/protein,0.169800817,1402.762055,1.85E-09,43
ZNF212,7988,gene/protein,0.16648598,1316.151642,1.08E-09,53
ZNF217,7764,gene/protein,0.157363349,215.8809376,1.92E-09,29
ZNF219,51222,gene/protein,0.162657553,580.7448201,1.91E-09,45
ZNF226,7769,gene/protein,0.151353726,3.654433669,8.71E-11,53
ZNF239,8187,gene/protein,0.161306651,1849.752617,8.99E-10,12
ZNF263,10127,gene/protein,0.319100714,100595.245,8.16E-09,4
ZNF280B,140883,gene/protein,0.166602871,526.9345757,3.94E-09,47
ZNF281,23528,gene/protein,0.167516121,2825.242369,2.50E-09,50
ZNF3,7551,gene/protein,0.166140587,1813.067728,2.14E-09,55
ZNF319,57567,gene/protein,0.168899993,293.0667787,3.44E-10,54
ZNF331,55422,gene/protein,0.172791695,2774.889995,1.60E-09,15
ZNF337,26152,gene/protein,0.161021013,225.974414,2.51E-10,4
ZNF341,84905,gene/protein,0.160306205,1081.463058,1.48E-09,43
ZNF346,23567,gene/protein,0.15912165,422.5105883,9.91E-10,57
ZNF354C,30832,gene/protein,0.156684998,763.0022676,3.04E-10,8
ZNF408,79797,gene/protein,0.21123996,13541.05884,2.06E-09,14
ZNF417,147687,gene/protein,0.217815372,8374.42248,2.47E-09,24
ZNF420,147923,gene/protein,0.158558061,290.6806629,1.32E-09,46
ZNF440,126070,gene/protein,0.169455637,1082.678256,7.38E-10,4
ZNF497,162968,gene/protein,0.166809021,698.8065867,4.67E-10,39
ZNF502,91392,gene/protein,0.151827754,2.569142638,1.99E-10,24
ZNF518A,9849,gene/protein,0.159570831,634.1541488,5.72E-10,21
ZNF550,162972,gene/protein,0.160171654,403.5598626,9.15E-10,38
ZNF580,51157,gene/protein,0.159906944,278.299872,4.01E-10,20
ZNF584,201514,gene/protein,0.151698262,28.65863211,2.50E-10,33
ZNF587,84914,gene/protein,0.211966825,8122.639807,2.30E-09,34
ZNF593,51042,gene/protein,0.163541529,2184.632188,1.48E-09,46
ZNF595,152687,gene/protein,0.177723168,2513.334045,5.89E-09,41
ZNF598,90850,gene/protein,0.163622947,1154.272449,1.68E-09,38
ZNF605,100289635,gene/protein,0.15218269,40.91418406,7.12E-10,24
ZNF655,79027,gene/protein,0.28246738,32076.90432,2.43E-09,24
ZNF669,79862,gene/protein,0.164091082,1102.195332,1.15E-09,54
ZNF692,55657,gene/protein,0.162555854,392.0139027,7.02E-10,43
ZNF707,286075,gene/protein,0.167251296,730.9726167,1.01E-09,19
ZNF718,255403,gene/protein,0.177257619,2472.210937,5.82E-09,24
ZNF775,285971,gene/protein,0.159140574,413.377266,9.25E-10,38
ZNF785,146540,gene/protein,0.174402538,3126.84707,1.59E-09,47
ZNF835,90485,gene/protein,0.1680123,822.1208707,7.33E-10,30
ZNF837,116412,gene/protein,0.189299384,2771.250417,1.30E-09,6
ZNFX1,57169,gene/protein,0.170905989,2090.695577,3.49E-09,45
ZNHIT2,741,gene/protein,0.159195645,705.0089759,1.51E-09,36
ZNRF1,84937,gene/protein,0.16638567,2358.816725,1.70E-09,53
Zoalene,DB11480,drug,0.151619574,0,2.12E-05,18
Zofenopril,DB13166,drug,1.194619655,4360.012727,0.01635665,52
Zofenoprilat,DB08766,drug,0.150945265,0,1.40E-11,39
Zolazepam,DB11555,drug,0.993533662,5.146994375,0.015735013,7
Zolbetuximab,DB15118,drug,0.775447143,2.711075215,0.00104473,42
Zoledronic acid,DB00399,drug,0.747356507,7913.343319,0.00512764,16
Zollinger-Ellison syndrome,19610,disease,2.894948775,0,0.00020312,41
Zolmitriptan,DB00315,drug,1.790523017,6772.56568,0.027290423,7
Zolpidem,DB00425,drug,1.817648696,7575.325893,0.02599016,7
Zomepirac,DB04828,drug,1.890603177,6884.736243,0.027147103,7
Zonisamide,DB00909,drug,3.048777187,82424.41411,0.03867528,28
Zopiclone,DB01198,drug,1.668372295,8163.920603,0.023551095,7
Zopolrestat,DB08772,drug,0.15441591,0,1.12E-11,43
Zoptarelin doxorubicin,DB12755,drug,0.155336316,0,5.28E-06,3
Zorubicin,DB11618,drug,0.196582693,5.083652454,3.24E-05,2
Zosuquidar,DB06191,drug,0.349817753,6.557990052,0.00230235,0
Zotepine,DB09225,drug,1.460812996,5931.93912,0.02084022,7
ZP2,7783,gene/protein,0.157453387,251.1266088,4.70E-10,12
ZP3,7784,gene/protein,0.164162634,268.6546706,2.00E-10,30
ZP4,57829,gene/protein,0.159652359,137.7923205,2.11E-10,10
ZPR1,8882,gene/protein,0.170198375,2301.195446,2.10E-09,57
Z-Pro-Prolinal,DB03535,drug,0.151059707,0,1.15E-11,24
ZSCAN12,9753,gene/protein,0.170561666,1565.51974,4.63E-10,4
ZSCAN23,222696,gene/protein,0.155674967,172.4288505,5.16E-10,9
ZSCAN31,64288,gene/protein,0.15719772,293.4300564,1.44E-09,14
ZSWIM1,90204,gene/protein,0.155653605,79.18460093,8.84E-10,8
Zucapsaicin,DB09120,drug,0.152290259,0,2.43E-11,6
Zuclopenthixol,DB01624,drug,2.37760014,21457.94983,0.03264111,28
Zuretinol acetate,DB12112,drug,0.221379433,2.75989905,0.00050936,59
Z-Val-Ala-Asp fluoromethyl ketone,DB07744,drug,0.150417968,0,3.70E-11,54
ZXDC,79364,gene/protein,0.157323784,178.6778975,4.38E-10,56
ZYX,7791,gene/protein,0.221632402,29983.75,8.57E-09,24
ZZZ3,26009,gene/protein,0.193698937,3178.869208,2.51E-09,32
